period,area,area_name,partner_code,origin,value_mbbl,value_mbbld
1981-01,NUS,U.S.,Z00,,454.0,15.0
1981-01,R10,PADD 1,Z00,,122.0,4.0
1981-01,R30,PADD 3,Z00,,237.0,8.0
1981-01,R50,PADD 5,Z00,,95.0,3.0
1981-02,NUS,U.S.,Z00,,879.0,31.0
1981-02,R10,PADD 1,Z00,,691.0,25.0
1981-02,R30,PADD 3,Z00,,159.0,6.0
1981-02,R50,PADD 5,Z00,,29.0,1.0
1981-03,NUS,U.S.,Z00,,1633.0,53.0
1981-03,R10,PADD 1,Z00,,1499.0,48.0
1981-03,R50,PADD 5,Z00,,134.0,4.0
1981-04,NUS,U.S.,Z00,,1349.0,45.0
1981-04,R10,PADD 1,Z00,,1256.0,42.0
1981-04,R30,PADD 3,Z00,,50.0,2.0
1981-04,R50,PADD 5,Z00,,43.0,1.0
1981-05,NUS,U.S.,Z00,,1020.0,33.0
1981-05,R10,PADD 1,Z00,,540.0,17.0
1981-05,R50,PADD 5,Z00,,480.0,15.0
1981-06,NUS,U.S.,Z00,,1596.0,53.0
1981-06,R10,PADD 1,Z00,,517.0,17.0
1981-06,R50,PADD 5,Z00,,1079.0,36.0
1981-07,NUS,U.S.,Z00,,641.0,21.0
1981-07,R10,PADD 1,Z00,,631.0,20.0
1981-07,R50,PADD 5,Z00,,10.0,0.0
1981-08,NUS,U.S.,Z00,,1359.0,44.0
1981-08,R10,PADD 1,Z00,,449.0,14.0
1981-08,R30,PADD 3,Z00,,218.0,7.0
1981-08,R50,PADD 5,Z00,,692.0,22.0
1981-09,NUS,U.S.,Z00,,1366.0,46.0
1981-09,R10,PADD 1,Z00,,799.0,27.0
1981-09,R50,PADD 5,Z00,,567.0,19.0
1981-10,NUS,U.S.,Z00,,435.0,14.0
1981-10,R10,PADD 1,Z00,,229.0,7.0
1981-10,R50,PADD 5,Z00,,206.0,7.0
1981-11,NUS,U.S.,Z00,,272.0,9.0
1981-11,R10,PADD 1,Z00,,1.0,0.0
1981-11,R50,PADD 5,Z00,,272.0,9.0
1981-12,NUS,U.S.,Z00,,180.0,6.0
1981-12,R10,PADD 1,Z00,,74.0,2.0
1981-12,R50,PADD 5,Z00,,107.0,3.0
1982-01,NUS,U.S.,Z00,,217.0,7.0
1982-01,R10,PADD 1,Z00,,187.0,6.0
1982-01,R50,PADD 5,Z00,,31.0,1.0
1982-02,NUS,U.S.,Z00,,1532.0,55.0
1982-02,R10,PADD 1,Z00,,1506.0,54.0
1982-02,R50,PADD 5,Z00,,26.0,1.0
1982-03,NUS,U.S.,Z00,,1200.0,39.0
1982-03,R10,PADD 1,Z00,,1200.0,39.0
1982-04,NUS,U.S.,Z00,,1242.0,41.0
1982-04,R10,PADD 1,Z00,,1242.0,41.0
1982-05,NUS,U.S.,Z00,,579.0,19.0
1982-05,R10,PADD 1,Z00,,579.0,19.0
1982-06,NUS,U.S.,Z00,,84.0,3.0
1982-06,R10,PADD 1,Z00,,84.0,3.0
1982-07,NUS,U.S.,Z00,,706.0,23.0
1982-07,R50,PADD 5,Z00,,706.0,23.0
1982-08,NUS,U.S.,Z00,,600.0,19.0
1982-08,R10,PADD 1,Z00,,338.0,11.0
1982-08,R50,PADD 5,Z00,,262.0,8.0
1982-09,NUS,U.S.,Z00,,430.0,14.0
1982-09,R10,PADD 1,Z00,,430.0,14.0
1982-10,NUS,U.S.,Z00,,534.0,17.0
1982-10,R10,PADD 1,Z00,,534.0,17.0
1982-11,NUS,U.S.,Z00,,1192.0,40.0
1982-11,R10,PADD 1,Z00,,861.0,29.0
1982-11,R50,PADD 5,Z00,,331.0,11.0
1982-12,NUS,U.S.,Z00,,225.0,7.0
1982-12,R10,PADD 1,Z00,,225.0,7.0
1983-01,NUS,U.S.,Z00,,830.0,27.0
1983-01,R10,PADD 1,Z00,,830.0,27.0
1983-02,NUS,U.S.,Z00,,227.0,8.0
1983-02,R10,PADD 1,Z00,,227.0,8.0
1983-03,NUS,U.S.,Z00,,1097.0,35.0
1983-03,R10,PADD 1,Z00,,997.0,32.0
1983-03,R50,PADD 5,Z00,,100.0,3.0
1983-04,NUS,U.S.,Z00,,461.0,15.0
1983-04,R10,PADD 1,Z00,,314.0,10.0
1983-04,R30,PADD 3,Z00,,30.0,1.0
1983-04,R50,PADD 5,Z00,,116.0,4.0
1983-05,NUS,U.S.,Z00,,907.0,29.0
1983-05,R10,PADD 1,Z00,,604.0,19.0
1983-05,R30,PADD 3,Z00,,28.0,1.0
1983-05,R50,PADD 5,Z00,,274.0,9.0
1983-06,NUS,U.S.,Z00,,746.0,25.0
1983-06,R10,PADD 1,Z00,,596.0,20.0
1983-06,R30,PADD 3,Z00,,28.0,1.0
1983-06,R50,PADD 5,Z00,,122.0,4.0
1983-07,NUS,U.S.,Z00,,933.0,30.0
1983-07,R10,PADD 1,Z00,,673.0,22.0
1983-07,R30,PADD 3,Z00,,116.0,4.0
1983-07,R50,PADD 5,Z00,,144.0,5.0
1983-08,NUS,U.S.,Z00,,1244.0,40.0
1983-08,R10,PADD 1,Z00,,945.0,30.0
1983-08,R30,PADD 3,Z00,,116.0,4.0
1983-08,R50,PADD 5,Z00,,183.0,6.0
1983-09,NUS,U.S.,Z00,,1237.0,41.0
1983-09,R10,PADD 1,Z00,,967.0,32.0
1983-09,R30,PADD 3,Z00,,176.0,6.0
1983-09,R50,PADD 5,Z00,,94.0,3.0
1983-10,NUS,U.S.,Z00,,1533.0,49.0
1983-10,R10,PADD 1,Z00,,1453.0,47.0
1983-10,R30,PADD 3,Z00,,3.0,0.0
1983-10,R50,PADD 5,Z00,,78.0,3.0
1983-11,NUS,U.S.,Z00,,681.0,23.0
1983-11,R10,PADD 1,Z00,,410.0,14.0
1983-11,R30,PADD 3,Z00,,57.0,2.0
1983-11,R50,PADD 5,Z00,,214.0,7.0
1983-12,NUS,U.S.,Z00,,525.0,17.0
1983-12,R10,PADD 1,Z00,,431.0,14.0
1983-12,R30,PADD 3,Z00,,27.0,1.0
1983-12,R50,PADD 5,Z00,,68.0,2.0
1984-01,NUS,U.S.,Z00,,1578.0,51.0
1984-01,R10,PADD 1,Z00,,1318.0,43.0
1984-01,R50,PADD 5,Z00,,260.0,8.0
1984-02,NUS,U.S.,Z00,,3201.0,110.0
1984-02,R10,PADD 1,Z00,,3195.0,110.0
1984-02,R50,PADD 5,Z00,,6.0,0.0
1984-03,NUS,U.S.,Z00,,1166.0,38.0
1984-03,R10,PADD 1,Z00,,1024.0,33.0
1984-03,R50,PADD 5,Z00,,142.0,5.0
1984-04,NUS,U.S.,Z00,,1261.0,42.0
1984-04,R10,PADD 1,Z00,,948.0,32.0
1984-04,R50,PADD 5,Z00,,313.0,10.0
1984-05,NUS,U.S.,Z00,,908.0,29.0
1984-05,R10,PADD 1,Z00,,854.0,28.0
1984-05,R30,PADD 3,Z00,,19.0,1.0
1984-05,R50,PADD 5,Z00,,35.0,1.0
1984-06,NUS,U.S.,Z00,,1076.0,36.0
1984-06,R10,PADD 1,Z00,,986.0,33.0
1984-06,R50,PADD 5,Z00,,90.0,3.0
1984-07,NUS,U.S.,Z00,,1247.0,40.0
1984-07,R10,PADD 1,Z00,,907.0,29.0
1984-07,R50,PADD 5,Z00,,340.0,11.0
1984-08,NUS,U.S.,Z00,,2392.0,77.0
1984-08,R10,PADD 1,Z00,,1914.0,62.0
1984-08,R50,PADD 5,Z00,,478.0,15.0
1984-09,NUS,U.S.,Z00,,1003.0,33.0
1984-09,R10,PADD 1,Z00,,889.0,30.0
1984-09,R50,PADD 5,Z00,,113.0,4.0
1984-10,NUS,U.S.,Z00,,1737.0,56.0
1984-10,R10,PADD 1,Z00,,1372.0,44.0
1984-10,R50,PADD 5,Z00,,365.0,12.0
1984-11,NUS,U.S.,Z00,,656.0,22.0
1984-11,R10,PADD 1,Z00,,473.0,16.0
1984-11,R50,PADD 5,Z00,,183.0,6.0
1984-12,NUS,U.S.,Z00,,1165.0,38.0
1984-12,R10,PADD 1,Z00,,545.0,18.0
1984-12,R50,PADD 5,Z00,,621.0,20.0
1985-01,NUS,U.S.,Z00,,1509.0,49.0
1985-01,R10,PADD 1,Z00,,1056.0,34.0
1985-01,R50,PADD 5,Z00,,452.0,15.0
1985-02,NUS,U.S.,Z00,,810.0,29.0
1985-02,R10,PADD 1,Z00,,661.0,24.0
1985-02,R50,PADD 5,Z00,,148.0,5.0
1985-03,NUS,U.S.,Z00,,931.0,30.0
1985-03,R10,PADD 1,Z00,,773.0,25.0
1985-03,R30,PADD 3,Z00,,0.0,0.0
1985-03,R50,PADD 5,Z00,,158.0,5.0
1985-04,NUS,U.S.,Z00,,413.0,14.0
1985-04,R10,PADD 1,Z00,,172.0,6.0
1985-04,R50,PADD 5,Z00,,240.0,8.0
1985-05,NUS,U.S.,Z00,,745.0,24.0
1985-05,R10,PADD 1,Z00,,536.0,17.0
1985-05,R50,PADD 5,Z00,,210.0,7.0
1985-06,NUS,U.S.,Z00,,602.0,20.0
1985-06,R10,PADD 1,Z00,,291.0,10.0
1985-06,R50,PADD 5,Z00,,311.0,10.0
1985-07,NUS,U.S.,Z00,,1327.0,43.0
1985-07,R10,PADD 1,Z00,,808.0,26.0
1985-07,R30,PADD 3,Z00,,89.0,3.0
1985-07,R50,PADD 5,Z00,,430.0,14.0
1985-08,NUS,U.S.,Z00,,294.0,9.0
1985-08,R10,PADD 1,Z00,,106.0,3.0
1985-08,R20,PADD 2,Z00,,1.0,0.0
1985-08,R50,PADD 5,Z00,,188.0,6.0
1985-09,NUS,U.S.,Z00,,1020.0,34.0
1985-09,R10,PADD 1,Z00,,819.0,27.0
1985-09,R50,PADD 5,Z00,,201.0,7.0
1985-10,NUS,U.S.,Z00,,1291.0,42.0
1985-10,R10,PADD 1,Z00,,1096.0,35.0
1985-10,R50,PADD 5,Z00,,195.0,6.0
1985-11,NUS,U.S.,Z00,,971.0,32.0
1985-11,R10,PADD 1,Z00,,798.0,27.0
1985-11,R50,PADD 5,Z00,,173.0,6.0
1985-12,NUS,U.S.,Z00,,1098.0,35.0
1985-12,R10,PADD 1,Z00,,888.0,29.0
1985-12,R50,PADD 5,Z00,,211.0,7.0
1986-01,NUS,U.S.,Z00,,776.0,25.0
1986-01,R10,PADD 1,Z00,,578.0,19.0
1986-01,R50,PADD 5,Z00,,198.0,6.0
1986-02,NUS,U.S.,Z00,,928.0,33.0
1986-02,R10,PADD 1,Z00,,645.0,23.0
1986-02,R50,PADD 5,Z00,,283.0,10.0
1986-03,NUS,U.S.,Z00,,758.0,24.0
1986-03,R10,PADD 1,Z00,,614.0,20.0
1986-03,R50,PADD 5,Z00,,144.0,5.0
1986-04,NUS,U.S.,Z00,,1167.0,39.0
1986-04,R10,PADD 1,Z00,,679.0,23.0
1986-04,R50,PADD 5,Z00,,488.0,16.0
1986-05,NUS,U.S.,Z00,,1199.0,39.0
1986-05,R10,PADD 1,Z00,,733.0,24.0
1986-05,R50,PADD 5,Z00,,466.0,15.0
1986-06,NUS,U.S.,Z00,,2287.0,76.0
1986-06,R10,PADD 1,Z00,,1417.0,47.0
1986-06,R50,PADD 5,Z00,,870.0,29.0
1986-07,NUS,U.S.,Z00,,3273.0,106.0
1986-07,R10,PADD 1,Z00,,2470.0,80.0
1986-07,R50,PADD 5,Z00,,803.0,26.0
1986-08,NUS,U.S.,Z00,,2377.0,77.0
1986-08,R10,PADD 1,Z00,,2108.0,68.0
1986-08,R50,PADD 5,Z00,,269.0,9.0
1986-09,NUS,U.S.,Z00,,1632.0,54.0
1986-09,R10,PADD 1,Z00,,950.0,32.0
1986-09,R50,PADD 5,Z00,,682.0,23.0
1986-10,NUS,U.S.,Z00,,954.0,31.0
1986-10,R10,PADD 1,Z00,,585.0,19.0
1986-10,R50,PADD 5,Z00,,369.0,12.0
1986-11,NUS,U.S.,Z00,,1425.0,48.0
1986-11,R10,PADD 1,Z00,,754.0,25.0
1986-11,R30,PADD 3,Z00,,228.0,8.0
1986-11,R50,PADD 5,Z00,,443.0,15.0
1986-12,NUS,U.S.,Z00,,854.0,28.0
1986-12,R10,PADD 1,Z00,,696.0,22.0
1986-12,R50,PADD 5,Z00,,158.0,5.0
1987-01,NUS,U.S.,Z00,,1148.0,37.0
1987-01,R10,PADD 1,Z00,,1148.0,37.0
1987-02,NUS,U.S.,Z00,,1790.0,64.0
1987-02,R10,PADD 1,Z00,,1785.0,64.0
1987-02,R50,PADD 5,Z00,,5.0,0.0
1987-03,NUS,U.S.,Z00,,2386.0,77.0
1987-03,R10,PADD 1,Z00,,2052.0,66.0
1987-03,R20,PADD 2,Z00,,218.0,7.0
1987-03,R30,PADD 3,Z00,,0.0,0.0
1987-03,R50,PADD 5,Z00,,115.0,4.0
1987-04,NUS,U.S.,Z00,,1872.0,62.0
1987-04,R10,PADD 1,Z00,,1716.0,57.0
1987-04,R50,PADD 5,Z00,,156.0,5.0
1987-05,NUS,U.S.,Z00,,2002.0,65.0
1987-05,R10,PADD 1,Z00,,1523.0,49.0
1987-05,R50,PADD 5,Z00,,479.0,15.0
1987-06,NUS,U.S.,Z00,,1915.0,64.0
1987-06,R10,PADD 1,Z00,,1418.0,47.0
1987-06,R20,PADD 2,Z00,,382.0,13.0
1987-06,R50,PADD 5,Z00,,115.0,4.0
1987-07,NUS,U.S.,Z00,,2168.0,70.0
1987-07,R10,PADD 1,Z00,,1424.0,46.0
1987-07,R30,PADD 3,Z00,,32.0,1.0
1987-07,R50,PADD 5,Z00,,712.0,23.0
1987-08,NUS,U.S.,Z00,,1597.0,52.0
1987-08,R10,PADD 1,Z00,,1249.0,40.0
1987-08,R20,PADD 2,Z00,,69.0,2.0
1987-08,R30,PADD 3,Z00,,55.0,2.0
1987-08,R50,PADD 5,Z00,,224.0,7.0
1987-09,NUS,U.S.,Z00,,2438.0,81.0
1987-09,R10,PADD 1,Z00,,1534.0,51.0
1987-09,R20,PADD 2,Z00,,72.0,2.0
1987-09,R30,PADD 3,Z00,,78.0,3.0
1987-09,R50,PADD 5,Z00,,753.0,25.0
1987-10,NUS,U.S.,Z00,,2444.0,79.0
1987-10,R10,PADD 1,Z00,,844.0,27.0
1987-10,R20,PADD 2,Z00,,780.0,25.0
1987-10,R30,PADD 3,Z00,,168.0,5.0
1987-10,R50,PADD 5,Z00,,652.0,21.0
1987-11,NUS,U.S.,Z00,,1539.0,51.0
1987-11,R10,PADD 1,Z00,,1272.0,42.0
1987-11,R20,PADD 2,Z00,,150.0,5.0
1987-11,R30,PADD 3,Z00,,109.0,4.0
1987-11,R50,PADD 5,Z00,,7.0,0.0
1987-12,NUS,U.S.,Z00,,2027.0,65.0
1987-12,R10,PADD 1,Z00,,1663.0,54.0
1987-12,R30,PADD 3,Z00,,119.0,4.0
1987-12,R50,PADD 5,Z00,,245.0,8.0
1988-01,NUS,U.S.,Z00,,2549.0,82.0
1988-01,R10,PADD 1,Z00,,1070.0,35.0
1988-01,R20,PADD 2,Z00,,1250.0,40.0
1988-01,R30,PADD 3,Z00,,104.0,3.0
1988-01,R50,PADD 5,Z00,,126.0,4.0
1988-02,NUS,U.S.,Z00,,1960.0,68.0
1988-02,R10,PADD 1,Z00,,1290.0,44.0
1988-02,R20,PADD 2,Z00,,269.0,9.0
1988-02,R30,PADD 3,Z00,,111.0,4.0
1988-02,R50,PADD 5,Z00,,291.0,10.0
1988-03,NUS,U.S.,Z00,,2940.0,95.0
1988-03,R10,PADD 1,Z00,,2058.0,66.0
1988-03,R20,PADD 2,Z00,,148.0,5.0
1988-03,R30,PADD 3,Z00,,141.0,5.0
1988-03,R50,PADD 5,Z00,,594.0,19.0
1988-04,NUS,U.S.,Z00,,2422.0,81.0
1988-04,R10,PADD 1,Z00,,1870.0,62.0
1988-04,R20,PADD 2,Z00,,56.0,2.0
1988-04,R30,PADD 3,Z00,,190.0,6.0
1988-04,R50,PADD 5,Z00,,306.0,10.0
1988-05,NUS,U.S.,Z00,,3357.0,108.0
1988-05,R10,PADD 1,Z00,,1903.0,61.0
1988-05,R20,PADD 2,Z00,,1224.0,39.0
1988-05,R50,PADD 5,Z00,,230.0,7.0
1988-06,NUS,U.S.,Z00,,2240.0,75.0
1988-06,R10,PADD 1,Z00,,1906.0,64.0
1988-06,R20,PADD 2,Z00,,138.0,5.0
1988-06,R30,PADD 3,Z00,,90.0,3.0
1988-06,R50,PADD 5,Z00,,106.0,4.0
1988-07,NUS,U.S.,Z00,,2625.0,85.0
1988-07,R10,PADD 1,Z00,,1553.0,50.0
1988-07,R20,PADD 2,Z00,,363.0,12.0
1988-07,R30,PADD 3,Z00,,90.0,3.0
1988-07,R50,PADD 5,Z00,,619.0,20.0
1988-08,NUS,U.S.,Z00,,3087.0,100.0
1988-08,R10,PADD 1,Z00,,1460.0,47.0
1988-08,R20,PADD 2,Z00,,201.0,6.0
1988-08,R30,PADD 3,Z00,,374.0,12.0
1988-08,R50,PADD 5,Z00,,1052.0,34.0
1988-09,NUS,U.S.,Z00,,1757.0,59.0
1988-09,R10,PADD 1,Z00,,1443.0,48.0
1988-09,R20,PADD 2,Z00,,84.0,3.0
1988-09,R30,PADD 3,Z00,,2.0,0.0
1988-09,R50,PADD 5,Z00,,229.0,8.0
1988-10,NUS,U.S.,Z00,,4434.0,143.0
1988-10,R10,PADD 1,Z00,,2867.0,92.0
1988-10,R20,PADD 2,Z00,,462.0,15.0
1988-10,R30,PADD 3,Z00,,234.0,8.0
1988-10,R50,PADD 5,Z00,,871.0,28.0
1988-11,NUS,U.S.,Z00,,2283.0,76.0
1988-11,R10,PADD 1,Z00,,1722.0,57.0
1988-11,R30,PADD 3,Z00,,265.0,9.0
1988-11,R50,PADD 5,Z00,,296.0,10.0
1988-12,NUS,U.S.,Z00,,2223.0,72.0
1988-12,R10,PADD 1,Z00,,1630.0,53.0
1988-12,R20,PADD 2,Z00,,300.0,10.0
1988-12,R30,PADD 3,Z00,,118.0,4.0
1988-12,R50,PADD 5,Z00,,176.0,6.0
1989-01,NUS,U.S.,Z00,,3034.0,98.0
1989-01,R10,PADD 1,Z00,,2333.0,75.0
1989-01,R30,PADD 3,Z00,,618.0,20.0
1989-01,R50,PADD 5,Z00,,83.0,3.0
1989-02,NUS,U.S.,Z00,,3280.0,117.0
1989-02,R10,PADD 1,Z00,,2486.0,89.0
1989-02,R30,PADD 3,Z00,,772.0,28.0
1989-02,R50,PADD 5,Z00,,22.0,1.0
1989-03,NUS,U.S.,Z00,,2993.0,97.0
1989-03,R10,PADD 1,Z00,,1787.0,58.0
1989-03,R30,PADD 3,Z00,,764.0,25.0
1989-03,R50,PADD 5,Z00,,442.0,14.0
1989-04,NUS,U.S.,Z00,,3742.0,125.0
1989-04,R10,PADD 1,Z00,,2100.0,70.0
1989-04,R30,PADD 3,Z00,,1025.0,34.0
1989-04,R50,PADD 5,Z00,,617.0,21.0
1989-05,NUS,U.S.,Z00,,3409.0,110.0
1989-05,R10,PADD 1,Z00,,1868.0,60.0
1989-05,R30,PADD 3,Z00,,921.0,30.0
1989-05,R50,PADD 5,Z00,,620.0,20.0
1989-06,NUS,U.S.,Z00,,3608.0,120.0
1989-06,R10,PADD 1,Z00,,1812.0,60.0
1989-06,R30,PADD 3,Z00,,995.0,33.0
1989-06,R50,PADD 5,Z00,,801.0,27.0
1989-07,NUS,U.S.,Z00,,3432.0,111.0
1989-07,R10,PADD 1,Z00,,1936.0,62.0
1989-07,R30,PADD 3,Z00,,1496.0,48.0
1989-08,NUS,U.S.,Z00,,2679.0,86.0
1989-08,R10,PADD 1,Z00,,1634.0,53.0
1989-08,R30,PADD 3,Z00,,990.0,32.0
1989-08,R50,PADD 5,Z00,,55.0,2.0
1989-09,NUS,U.S.,Z00,,2747.0,92.0
1989-09,R10,PADD 1,Z00,,1851.0,62.0
1989-09,R30,PADD 3,Z00,,763.0,25.0
1989-09,R50,PADD 5,Z00,,133.0,4.0
1989-10,NUS,U.S.,Z00,,2194.0,71.0
1989-10,R10,PADD 1,Z00,,1128.0,36.0
1989-10,R30,PADD 3,Z00,,943.0,30.0
1989-10,R50,PADD 5,Z00,,123.0,4.0
1989-11,NUS,U.S.,Z00,,2664.0,89.0
1989-11,R10,PADD 1,Z00,,1655.0,55.0
1989-11,R30,PADD 3,Z00,,748.0,25.0
1989-11,R50,PADD 5,Z00,,261.0,9.0
1989-12,NUS,U.S.,Z00,,3520.0,114.0
1989-12,R10,PADD 1,Z00,,2092.0,67.0
1989-12,R30,PADD 3,Z00,,1425.0,46.0
1989-12,R50,PADD 5,Z00,,3.0,0.0
1990-01,NUS,U.S.,Z00,,5005.0,161.0
1990-01,R10,PADD 1,Z00,,3239.0,104.0
1990-01,R30,PADD 3,Z00,,1691.0,55.0
1990-01,R50,PADD 5,Z00,,75.0,2.0
1990-02,NUS,U.S.,Z00,,4400.0,157.0
1990-02,R10,PADD 1,Z00,,3467.0,124.0
1990-02,R30,PADD 3,Z00,,709.0,25.0
1990-02,R50,PADD 5,Z00,,224.0,8.0
1990-03,NUS,U.S.,Z00,,3673.0,118.0
1990-03,R10,PADD 1,Z00,,2998.0,97.0
1990-03,R30,PADD 3,Z00,,575.0,19.0
1990-03,R50,PADD 5,Z00,,100.0,3.0
1990-04,NUS,U.S.,Z00,,3052.0,102.0
1990-04,R10,PADD 1,Z00,,2247.0,75.0
1990-04,R30,PADD 3,Z00,,796.0,27.0
1990-04,R50,PADD 5,Z00,,9.0,0.0
1990-05,NUS,U.S.,Z00,,3615.0,117.0
1990-05,R10,PADD 1,Z00,,1961.0,63.0
1990-05,R20,PADD 2,Z00,,20.0,1.0
1990-05,R30,PADD 3,Z00,,876.0,28.0
1990-05,R50,PADD 5,Z00,,758.0,24.0
1990-06,NUS,U.S.,Z00,,3681.0,123.0
1990-06,R10,PADD 1,Z00,,2739.0,91.0
1990-06,R20,PADD 2,Z00,,10.0,0.0
1990-06,R30,PADD 3,Z00,,468.0,16.0
1990-06,R50,PADD 5,Z00,,464.0,15.0
1990-07,NUS,U.S.,Z00,,3030.0,98.0
1990-07,R10,PADD 1,Z00,,2283.0,74.0
1990-07,R30,PADD 3,Z00,,472.0,15.0
1990-07,R50,PADD 5,Z00,,275.0,9.0
1990-08,NUS,U.S.,Z00,,2513.0,81.0
1990-08,R10,PADD 1,Z00,,1704.0,55.0
1990-08,R30,PADD 3,Z00,,297.0,10.0
1990-08,R50,PADD 5,Z00,,512.0,17.0
1990-09,NUS,U.S.,Z00,,2145.0,72.0
1990-09,R10,PADD 1,Z00,,1363.0,45.0
1990-09,R30,PADD 3,Z00,,254.0,8.0
1990-09,R50,PADD 5,Z00,,528.0,18.0
1990-10,NUS,U.S.,Z00,,1597.0,52.0
1990-10,R10,PADD 1,Z00,,1148.0,37.0
1990-10,R50,PADD 5,Z00,,449.0,14.0
1990-11,NUS,U.S.,Z00,,1774.0,59.0
1990-11,R10,PADD 1,Z00,,1327.0,44.0
1990-11,R50,PADD 5,Z00,,447.0,15.0
1990-12,NUS,U.S.,Z00,,2052.0,66.0
1990-12,R10,PADD 1,Z00,,1531.0,49.0
1990-12,R50,PADD 5,Z00,,521.0,17.0
1991-01,NUS,U.S.,Z00,,1464.0,47.0
1991-01,R10,PADD 1,Z00,,1389.0,45.0
1991-01,R20,PADD 2,Z00,,0.0,0.0
1991-01,R30,PADD 3,Z00,,0.0,0.0
1991-01,R40,PADD 4,Z00,,0.0,0.0
1991-01,R50,PADD 5,Z00,,75.0,2.0
1991-02,NUS,U.S.,Z00,,813.0,29.0
1991-02,R10,PADD 1,Z00,,813.0,29.0
1991-02,R20,PADD 2,Z00,,0.0,0.0
1991-02,R30,PADD 3,Z00,,0.0,0.0
1991-02,R40,PADD 4,Z00,,0.0,0.0
1991-02,R50,PADD 5,Z00,,0.0,0.0
1991-03,NUS,U.S.,Z00,,1624.0,52.0
1991-03,R10,PADD 1,Z00,,1346.0,43.0
1991-03,R20,PADD 2,Z00,,0.0,0.0
1991-03,R30,PADD 3,Z00,,98.0,3.0
1991-03,R40,PADD 4,Z00,,0.0,0.0
1991-03,R50,PADD 5,Z00,,180.0,6.0
1991-04,NUS,U.S.,Z00,,1818.0,61.0
1991-04,R10,PADD 1,Z00,,1403.0,47.0
1991-04,R20,PADD 2,Z00,,0.0,0.0
1991-04,R30,PADD 3,Z00,,0.0,0.0
1991-04,R40,PADD 4,Z00,,0.0,0.0
1991-04,R50,PADD 5,Z00,,415.0,14.0
1991-05,NUS,U.S.,Z00,,2252.0,73.0
1991-05,R10,PADD 1,Z00,,2061.0,66.0
1991-05,R20,PADD 2,Z00,,0.0,0.0
1991-05,R30,PADD 3,Z00,,0.0,0.0
1991-05,R40,PADD 4,Z00,,0.0,0.0
1991-05,R50,PADD 5,Z00,,191.0,6.0
1991-06,NUS,U.S.,Z00,,1701.0,57.0
1991-06,R10,PADD 1,Z00,,1696.0,57.0
1991-06,R20,PADD 2,Z00,,0.0,0.0
1991-06,R30,PADD 3,Z00,,0.0,0.0
1991-06,R40,PADD 4,Z00,,0.0,0.0
1991-06,R50,PADD 5,Z00,,5.0,0.0
1991-07,NUS,U.S.,Z00,,1873.0,60.0
1991-07,R10,PADD 1,Z00,,1860.0,60.0
1991-07,R20,PADD 2,Z00,,0.0,0.0
1991-07,R30,PADD 3,Z00,,0.0,0.0
1991-07,R40,PADD 4,Z00,,0.0,0.0
1991-07,R50,PADD 5,Z00,,13.0,0.0
1991-08,NUS,U.S.,Z00,,2281.0,74.0
1991-08,R10,PADD 1,Z00,,2027.0,65.0
1991-08,R20,PADD 2,Z00,,0.0,0.0
1991-08,R30,PADD 3,Z00,,248.0,8.0
1991-08,R40,PADD 4,Z00,,0.0,0.0
1991-08,R50,PADD 5,Z00,,6.0,0.0
1991-09,NUS,U.S.,Z00,,2560.0,85.0
1991-09,R10,PADD 1,Z00,,2073.0,69.0
1991-09,R20,PADD 2,Z00,,0.0,0.0
1991-09,R30,PADD 3,Z00,,0.0,0.0
1991-09,R40,PADD 4,Z00,,0.0,0.0
1991-09,R50,PADD 5,Z00,,487.0,16.0
1991-10,NUS,U.S.,Z00,,1583.0,51.0
1991-10,R10,PADD 1,Z00,,1570.0,51.0
1991-10,R20,PADD 2,Z00,,0.0,0.0
1991-10,R30,PADD 3,Z00,,0.0,0.0
1991-10,R40,PADD 4,Z00,,0.0,0.0
1991-10,R50,PADD 5,Z00,,13.0,0.0
1991-11,NUS,U.S.,Z00,,1347.0,45.0
1991-11,R10,PADD 1,Z00,,1134.0,38.0
1991-11,R20,PADD 2,Z00,,0.0,0.0
1991-11,R30,PADD 3,Z00,,0.0,0.0
1991-11,R40,PADD 4,Z00,,0.0,0.0
1991-11,R50,PADD 5,Z00,,213.0,7.0
1991-12,NUS,U.S.,Z00,,853.0,28.0
1991-12,R10,PADD 1,Z00,,842.0,27.0
1991-12,R20,PADD 2,Z00,,0.0,0.0
1991-12,R30,PADD 3,Z00,,0.0,0.0
1991-12,R40,PADD 4,Z00,,0.0,0.0
1991-12,R50,PADD 5,Z00,,11.0,0.0
1992-01,NUS,U.S.,Z00,,946.0,31.0
1992-01,R10,PADD 1,Z00,,933.0,30.0
1992-01,R20,PADD 2,Z00,,0.0,0.0
1992-01,R30,PADD 3,Z00,,0.0,0.0
1992-01,R40,PADD 4,Z00,,0.0,0.0
1992-01,R50,PADD 5,Z00,,13.0,0.0
1992-02,NUS,U.S.,Z00,,1349.0,47.0
1992-02,R10,PADD 1,Z00,,1327.0,46.0
1992-02,R20,PADD 2,Z00,,0.0,0.0
1992-02,R30,PADD 3,Z00,,0.0,0.0
1992-02,R40,PADD 4,Z00,,0.0,0.0
1992-02,R50,PADD 5,Z00,,22.0,1.0
1992-03,NUS,U.S.,Z00,,1455.0,47.0
1992-03,R10,PADD 1,Z00,,1451.0,47.0
1992-03,R20,PADD 2,Z00,,0.0,0.0
1992-03,R30,PADD 3,Z00,,0.0,0.0
1992-03,R40,PADD 4,Z00,,0.0,0.0
1992-03,R50,PADD 5,Z00,,4.0,0.0
1992-04,NUS,U.S.,Z00,,2115.0,71.0
1992-04,R10,PADD 1,Z00,,1671.0,56.0
1992-04,R20,PADD 2,Z00,,0.0,0.0
1992-04,R30,PADD 3,Z00,,0.0,0.0
1992-04,R40,PADD 4,Z00,,0.0,0.0
1992-04,R50,PADD 5,Z00,,444.0,15.0
1992-05,NUS,U.S.,Z00,,2632.0,85.0
1992-05,R10,PADD 1,Z00,,2396.0,77.0
1992-05,R20,PADD 2,Z00,,0.0,0.0
1992-05,R30,PADD 3,Z00,,0.0,0.0
1992-05,R40,PADD 4,Z00,,0.0,0.0
1992-05,R50,PADD 5,Z00,,236.0,8.0
1992-06,NUS,U.S.,Z00,,2317.0,77.0
1992-06,R10,PADD 1,Z00,,2008.0,67.0
1992-06,R20,PADD 2,Z00,,0.0,0.0
1992-06,R30,PADD 3,Z00,,284.0,9.0
1992-06,R40,PADD 4,Z00,,0.0,0.0
1992-06,R50,PADD 5,Z00,,25.0,1.0
1992-07,NUS,U.S.,Z00,,2450.0,79.0
1992-07,R10,PADD 1,Z00,,2450.0,79.0
1992-07,R20,PADD 2,Z00,,0.0,0.0
1992-07,R30,PADD 3,Z00,,0.0,0.0
1992-07,R40,PADD 4,Z00,,0.0,0.0
1992-07,R50,PADD 5,Z00,,0.0,0.0
1992-08,NUS,U.S.,Z00,,2981.0,96.0
1992-08,R10,PADD 1,Z00,,2599.0,84.0
1992-08,R20,PADD 2,Z00,,0.0,0.0
1992-08,R30,PADD 3,Z00,,332.0,11.0
1992-08,R40,PADD 4,Z00,,0.0,0.0
1992-08,R50,PADD 5,Z00,,50.0,2.0
1992-09,NUS,U.S.,Z00,,2693.0,90.0
1992-09,R10,PADD 1,Z00,,2204.0,73.0
1992-09,R20,PADD 2,Z00,,0.0,0.0
1992-09,R30,PADD 3,Z00,,0.0,0.0
1992-09,R40,PADD 4,Z00,,0.0,0.0
1992-09,R50,PADD 5,Z00,,489.0,16.0
1992-10,NUS,U.S.,Z00,,2849.0,92.0
1992-10,R10,PADD 1,Z00,,2451.0,79.0
1992-10,R20,PADD 2,Z00,,0.0,0.0
1992-10,R30,PADD 3,Z00,,317.0,10.0
1992-10,R40,PADD 4,Z00,,0.0,0.0
1992-10,R50,PADD 5,Z00,,81.0,3.0
1992-11,NUS,U.S.,Z00,,2509.0,84.0
1992-11,R10,PADD 1,Z00,,2194.0,73.0
1992-11,R20,PADD 2,Z00,,0.0,0.0
1992-11,R30,PADD 3,Z00,,312.0,10.0
1992-11,R40,PADD 4,Z00,,0.0,0.0
1992-11,R50,PADD 5,Z00,,3.0,0.0
1992-12,NUS,U.S.,Z00,,2923.0,94.0
1992-12,R10,PADD 1,Z00,,2453.0,79.0
1992-12,R20,PADD 2,Z00,,0.0,0.0
1992-12,R30,PADD 3,Z00,,467.0,15.0
1992-12,R40,PADD 4,Z00,,0.0,0.0
1992-12,R50,PADD 5,Z00,,3.0,0.0
1993-01,NUS,U.S.,Z00,,2545.0,82.0
1993-01,R10,PADD 1,Z00,,2302.0,74.0
1993-01,R30,PADD 3,Z00,,234.0,8.0
1993-01,R50,PADD 5,Z00,,9.0,0.0
1993-02,NUS,U.S.,Z00,,2814.0,101.0
1993-02,R10,PADD 1,Z00,,2499.0,89.0
1993-02,R30,PADD 3,Z00,,7.0,0.0
1993-02,R50,PADD 5,Z00,,308.0,11.0
1993-03,NUS,U.S.,Z00,,2300.0,74.0
1993-03,R10,PADD 1,Z00,,2054.0,66.0
1993-03,R30,PADD 3,Z00,,242.0,8.0
1993-03,R50,PADD 5,Z00,,4.0,0.0
1993-04,NUS,U.S.,Z00,,2567.0,86.0
1993-04,R10,PADD 1,Z00,,2552.0,85.0
1993-04,R30,PADD 3,Z00,,8.0,0.0
1993-04,R50,PADD 5,Z00,,7.0,0.0
1993-05,NUS,U.S.,Z00,,2084.0,67.0
1993-05,R10,PADD 1,Z00,,2021.0,65.0
1993-05,R20,PADD 2,Z00,,39.0,1.0
1993-05,R30,PADD 3,Z00,,10.0,0.0
1993-05,R50,PADD 5,Z00,,14.0,0.0
1993-06,NUS,U.S.,Z00,,2384.0,79.0
1993-06,R10,PADD 1,Z00,,2365.0,79.0
1993-06,R30,PADD 3,Z00,,7.0,0.0
1993-06,R50,PADD 5,Z00,,12.0,0.0
1993-07,NUS,U.S.,Z00,,2656.0,86.0
1993-07,R10,PADD 1,Z00,,2224.0,72.0
1993-07,R30,PADD 3,Z00,,365.0,12.0
1993-07,R50,PADD 5,Z00,,67.0,2.0
1993-08,NUS,U.S.,Z00,,2833.0,91.0
1993-08,R10,PADD 1,Z00,,2475.0,80.0
1993-08,R30,PADD 3,Z00,,346.0,11.0
1993-08,R50,PADD 5,Z00,,12.0,0.0
1993-09,NUS,U.S.,Z00,,2634.0,88.0
1993-09,R10,PADD 1,Z00,,2019.0,67.0
1993-09,R30,PADD 3,Z00,,5.0,0.0
1993-09,R50,PADD 5,Z00,,610.0,20.0
1993-10,NUS,U.S.,Z00,,4045.0,130.0
1993-10,R10,PADD 1,Z00,,2317.0,75.0
1993-10,R30,PADD 3,Z00,,616.0,20.0
1993-10,R50,PADD 5,Z00,,1112.0,36.0
1993-11,NUS,U.S.,Z00,,2904.0,97.0
1993-11,R10,PADD 1,Z00,,2289.0,76.0
1993-11,R30,PADD 3,Z00,,11.0,0.0
1993-11,R50,PADD 5,Z00,,604.0,20.0
1993-12,NUS,U.S.,Z00,,3027.0,98.0
1993-12,R10,PADD 1,Z00,,2774.0,89.0
1993-12,R30,PADD 3,Z00,,10.0,0.0
1993-12,R50,PADD 5,Z00,,243.0,8.0
1994-01,NUS,U.S.,Z00,,3255.0,105.0
1994-01,R10,PADD 1,Z00,,3219.0,104.0
1994-01,R30,PADD 3,Z00,,10.0,0.0
1994-01,R50,PADD 5,Z00,,26.0,1.0
1994-02,NUS,U.S.,Z00,,3819.0,136.0
1994-02,R10,PADD 1,Z00,,3784.0,135.0
1994-02,R30,PADD 3,Z00,,8.0,0.0
1994-02,R50,PADD 5,Z00,,27.0,1.0
1994-03,NUS,U.S.,Z00,,3581.0,116.0
1994-03,R10,PADD 1,Z00,,2895.0,93.0
1994-03,R30,PADD 3,Z00,,10.0,0.0
1994-03,R50,PADD 5,Z00,,676.0,22.0
1994-04,NUS,U.S.,Z00,,2967.0,99.0
1994-04,R10,PADD 1,Z00,,2451.0,82.0
1994-04,R20,PADD 2,Z00,,25.0,1.0
1994-04,R30,PADD 3,Z00,,9.0,0.0
1994-04,R50,PADD 5,Z00,,482.0,16.0
1994-05,NUS,U.S.,Z00,,3446.0,111.0
1994-05,R10,PADD 1,Z00,,3187.0,103.0
1994-05,R30,PADD 3,Z00,,11.0,0.0
1994-05,R50,PADD 5,Z00,,248.0,8.0
1994-06,NUS,U.S.,Z00,,3887.0,130.0
1994-06,R10,PADD 1,Z00,,3430.0,114.0
1994-06,R30,PADD 3,Z00,,4.0,0.0
1994-06,R50,PADD 5,Z00,,453.0,15.0
1994-07,NUS,U.S.,Z00,,2712.0,87.0
1994-07,R10,PADD 1,Z00,,2659.0,86.0
1994-07,R30,PADD 3,Z00,,13.0,0.0
1994-07,R50,PADD 5,Z00,,40.0,1.0
1994-08,NUS,U.S.,Z00,,2742.0,88.0
1994-08,R10,PADD 1,Z00,,2728.0,88.0
1994-08,R30,PADD 3,Z00,,13.0,0.0
1994-08,R50,PADD 5,Z00,,1.0,0.0
1994-09,NUS,U.S.,Z00,,3498.0,117.0
1994-09,R10,PADD 1,Z00,,3062.0,102.0
1994-09,R30,PADD 3,Z00,,15.0,1.0
1994-09,R50,PADD 5,Z00,,421.0,14.0
1994-10,NUS,U.S.,Z00,,3064.0,99.0
1994-10,R10,PADD 1,Z00,,2506.0,81.0
1994-10,R30,PADD 3,Z00,,56.0,2.0
1994-10,R50,PADD 5,Z00,,502.0,16.0
1994-11,NUS,U.S.,Z00,,2686.0,90.0
1994-11,R10,PADD 1,Z00,,2443.0,81.0
1994-11,R30,PADD 3,Z00,,243.0,8.0
1994-12,NUS,U.S.,Z00,,3373.0,109.0
1994-12,R10,PADD 1,Z00,,2970.0,96.0
1994-12,R30,PADD 3,Z00,,15.0,0.0
1994-12,R50,PADD 5,Z00,,388.0,13.0
1995-01,NUS,U.S.,Z00,,2314.0,75.0
1995-01,R10,PADD 1,Z00,,2230.0,72.0
1995-01,R20,PADD 2,Z00,,0.0,0.0
1995-01,R30,PADD 3,Z00,,15.0,0.0
1995-01,R40,PADD 4,Z00,,0.0,0.0
1995-01,R50,PADD 5,Z00,,69.0,2.0
1995-02,NUS,U.S.,Z00,,3430.0,123.0
1995-02,R10,PADD 1,Z00,,2883.0,103.0
1995-02,R20,PADD 2,Z00,,0.0,0.0
1995-02,R30,PADD 3,Z00,,17.0,1.0
1995-02,R40,PADD 4,Z00,,0.0,0.0
1995-02,R50,PADD 5,Z00,,530.0,19.0
1995-03,NUS,U.S.,Z00,,3079.0,99.0
1995-03,R10,PADD 1,Z00,,3034.0,98.0
1995-03,R20,PADD 2,Z00,,0.0,0.0
1995-03,R30,PADD 3,Z00,,20.0,1.0
1995-03,R40,PADD 4,Z00,,0.0,0.0
1995-03,R50,PADD 5,Z00,,25.0,1.0
1995-04,NUS,U.S.,Z00,,2215.0,74.0
1995-04,R10,PADD 1,Z00,,2143.0,71.0
1995-04,R20,PADD 2,Z00,,0.0,0.0
1995-04,R30,PADD 3,Z00,,14.0,0.0
1995-04,R40,PADD 4,Z00,,0.0,0.0
1995-04,R50,PADD 5,Z00,,58.0,2.0
1995-05,NUS,U.S.,Z00,,2965.0,96.0
1995-05,R10,PADD 1,Z00,,2953.0,95.0
1995-05,R20,PADD 2,Z00,,0.0,0.0
1995-05,R30,PADD 3,Z00,,12.0,0.0
1995-05,R40,PADD 4,Z00,,0.0,0.0
1995-05,R50,PADD 5,Z00,,0.0,0.0
1995-06,NUS,U.S.,Z00,,2315.0,77.0
1995-06,R10,PADD 1,Z00,,2235.0,75.0
1995-06,R20,PADD 2,Z00,,0.0,0.0
1995-06,R30,PADD 3,Z00,,17.0,1.0
1995-06,R40,PADD 4,Z00,,0.0,0.0
1995-06,R50,PADD 5,Z00,,63.0,2.0
1995-07,NUS,U.S.,Z00,,2088.0,67.0
1995-07,R10,PADD 1,Z00,,2065.0,67.0
1995-07,R20,PADD 2,Z00,,0.0,0.0
1995-07,R30,PADD 3,Z00,,21.0,1.0
1995-07,R40,PADD 4,Z00,,0.0,0.0
1995-07,R50,PADD 5,Z00,,2.0,0.0
1995-08,NUS,U.S.,Z00,,2537.0,82.0
1995-08,R10,PADD 1,Z00,,2520.0,81.0
1995-08,R20,PADD 2,Z00,,0.0,0.0
1995-08,R30,PADD 3,Z00,,15.0,0.0
1995-08,R40,PADD 4,Z00,,0.0,0.0
1995-08,R50,PADD 5,Z00,,2.0,0.0
1995-09,NUS,U.S.,Z00,,3252.0,108.0
1995-09,R10,PADD 1,Z00,,2625.0,88.0
1995-09,R20,PADD 2,Z00,,0.0,0.0
1995-09,R30,PADD 3,Z00,,14.0,0.0
1995-09,R40,PADD 4,Z00,,0.0,0.0
1995-09,R50,PADD 5,Z00,,613.0,20.0
1995-10,NUS,U.S.,Z00,,3077.0,99.0
1995-10,R10,PADD 1,Z00,,2593.0,84.0
1995-10,R20,PADD 2,Z00,,0.0,0.0
1995-10,R30,PADD 3,Z00,,0.0,0.0
1995-10,R40,PADD 4,Z00,,0.0,0.0
1995-10,R50,PADD 5,Z00,,484.0,16.0
1995-11,NUS,U.S.,Z00,,4930.0,164.0
1995-11,R10,PADD 1,Z00,,3361.0,112.0
1995-11,R20,PADD 2,Z00,,0.0,0.0
1995-11,R30,PADD 3,Z00,,15.0,1.0
1995-11,R40,PADD 4,Z00,,0.0,0.0
1995-11,R50,PADD 5,Z00,,1554.0,52.0
1995-12,NUS,U.S.,Z00,,2763.0,89.0
1995-12,R10,PADD 1,Z00,,2553.0,82.0
1995-12,R20,PADD 2,Z00,,0.0,0.0
1995-12,R30,PADD 3,Z00,,210.0,7.0
1995-12,R40,PADD 4,Z00,,0.0,0.0
1995-12,R50,PADD 5,Z00,,0.0,0.0
1996-01,NUS,U.S.,Z00,,2763.0,89.0
1996-01,R10,PADD 1,Z00,,2445.0,79.0
1996-01,R20,PADD 2,Z00,,0.0,0.0
1996-01,R30,PADD 3,Z00,,316.0,10.0
1996-01,R40,PADD 4,Z00,,0.0,0.0
1996-01,R50,PADD 5,Z00,,2.0,0.0
1996-02,NUS,U.S.,Z00,,2908.0,100.0
1996-02,R10,PADD 1,Z00,,2611.0,90.0
1996-02,R20,PADD 2,Z00,,0.0,0.0
1996-02,R30,PADD 3,Z00,,296.0,10.0
1996-02,R40,PADD 4,Z00,,0.0,0.0
1996-02,R50,PADD 5,Z00,,1.0,0.0
1996-03,NUS,U.S.,Z00,,3269.0,105.0
1996-03,R10,PADD 1,Z00,,2796.0,90.0
1996-03,R20,PADD 2,Z00,,0.0,0.0
1996-03,R30,PADD 3,Z00,,471.0,15.0
1996-03,R40,PADD 4,Z00,,0.0,0.0
1996-03,R50,PADD 5,Z00,,2.0,0.0
1996-04,NUS,U.S.,Z00,,3357.0,112.0
1996-04,R10,PADD 1,Z00,,3338.0,111.0
1996-04,R20,PADD 2,Z00,,0.0,0.0
1996-04,R30,PADD 3,Z00,,16.0,1.0
1996-04,R40,PADD 4,Z00,,0.0,0.0
1996-04,R50,PADD 5,Z00,,3.0,0.0
1996-05,NUS,U.S.,Z00,,3197.0,103.0
1996-05,R10,PADD 1,Z00,,2777.0,90.0
1996-05,R20,PADD 2,Z00,,0.0,0.0
1996-05,R30,PADD 3,Z00,,10.0,0.0
1996-05,R40,PADD 4,Z00,,0.0,0.0
1996-05,R50,PADD 5,Z00,,410.0,13.0
1996-06,NUS,U.S.,Z00,,3799.0,127.0
1996-06,R10,PADD 1,Z00,,3427.0,114.0
1996-06,R20,PADD 2,Z00,,0.0,0.0
1996-06,R30,PADD 3,Z00,,18.0,1.0
1996-06,R40,PADD 4,Z00,,0.0,0.0
1996-06,R50,PADD 5,Z00,,354.0,12.0
1996-07,NUS,U.S.,Z00,,2753.0,89.0
1996-07,R10,PADD 1,Z00,,2648.0,85.0
1996-07,R20,PADD 2,Z00,,0.0,0.0
1996-07,R30,PADD 3,Z00,,21.0,1.0
1996-07,R40,PADD 4,Z00,,0.0,0.0
1996-07,R50,PADD 5,Z00,,84.0,3.0
1996-08,NUS,U.S.,Z00,,3234.0,104.0
1996-08,R10,PADD 1,Z00,,2832.0,91.0
1996-08,R20,PADD 2,Z00,,0.0,0.0
1996-08,R30,PADD 3,Z00,,0.0,0.0
1996-08,R40,PADD 4,Z00,,0.0,0.0
1996-08,R50,PADD 5,Z00,,402.0,13.0
1996-09,NUS,U.S.,Z00,,4755.0,159.0
1996-09,R10,PADD 1,Z00,,4017.0,134.0
1996-09,R20,PADD 2,Z00,,0.0,0.0
1996-09,R30,PADD 3,Z00,,0.0,0.0
1996-09,R40,PADD 4,Z00,,0.0,0.0
1996-09,R50,PADD 5,Z00,,738.0,25.0
1996-10,NUS,U.S.,Z00,,3898.0,126.0
1996-10,R10,PADD 1,Z00,,3764.0,121.0
1996-10,R20,PADD 2,Z00,,0.0,0.0
1996-10,R30,PADD 3,Z00,,0.0,0.0
1996-10,R40,PADD 4,Z00,,0.0,0.0
1996-10,R50,PADD 5,Z00,,134.0,4.0
1996-11,NUS,U.S.,Z00,,2596.0,87.0
1996-11,R10,PADD 1,Z00,,2594.0,86.0
1996-11,R20,PADD 2,Z00,,0.0,0.0
1996-11,R30,PADD 3,Z00,,0.0,0.0
1996-11,R40,PADD 4,Z00,,0.0,0.0
1996-11,R50,PADD 5,Z00,,2.0,0.0
1996-12,NUS,U.S.,Z00,,3422.0,110.0
1996-12,R10,PADD 1,Z00,,3288.0,106.0
1996-12,R20,PADD 2,Z00,,0.0,0.0
1996-12,R30,PADD 3,Z00,,14.0,0.0
1996-12,R40,PADD 4,Z00,,0.0,0.0
1996-12,R50,PADD 5,Z00,,120.0,4.0
1997-01,NUS,U.S.,Z00,,3113.0,100.0
1997-01,R10,PADD 1,Z00,,3086.0,100.0
1997-01,R20,PADD 2,Z00,,0.0,0.0
1997-01,R30,PADD 3,Z00,,21.0,1.0
1997-01,R40,PADD 4,Z00,,0.0,0.0
1997-01,R50,PADD 5,Z00,,6.0,0.0
1997-02,NUS,U.S.,Z00,,3237.0,116.0
1997-02,R10,PADD 1,Z00,,2599.0,93.0
1997-02,R20,PADD 2,Z00,,0.0,0.0
1997-02,R30,PADD 3,Z00,,17.0,1.0
1997-02,R40,PADD 4,Z00,,0.0,0.0
1997-02,R50,PADD 5,Z00,,621.0,22.0
1997-03,NUS,U.S.,Z00,,3299.0,106.0
1997-03,R10,PADD 1,Z00,,3273.0,106.0
1997-03,R20,PADD 2,Z00,,0.0,0.0
1997-03,R30,PADD 3,Z00,,21.0,1.0
1997-03,R40,PADD 4,Z00,,0.0,0.0
1997-03,R50,PADD 5,Z00,,5.0,0.0
1997-04,NUS,U.S.,Z00,,2944.0,98.0
1997-04,R10,PADD 1,Z00,,2793.0,93.0
1997-04,R20,PADD 2,Z00,,0.0,0.0
1997-04,R30,PADD 3,Z00,,19.0,1.0
1997-04,R40,PADD 4,Z00,,0.0,0.0
1997-04,R50,PADD 5,Z00,,132.0,4.0
1997-05,NUS,U.S.,Z00,,2826.0,91.0
1997-05,R10,PADD 1,Z00,,2760.0,89.0
1997-05,R20,PADD 2,Z00,,0.0,0.0
1997-05,R30,PADD 3,Z00,,22.0,1.0
1997-05,R40,PADD 4,Z00,,0.0,0.0
1997-05,R50,PADD 5,Z00,,44.0,1.0
1997-06,NUS,U.S.,Z00,,3245.0,108.0
1997-06,R10,PADD 1,Z00,,3220.0,107.0
1997-06,R20,PADD 2,Z00,,0.0,0.0
1997-06,R30,PADD 3,Z00,,22.0,1.0
1997-06,R40,PADD 4,Z00,,0.0,0.0
1997-06,R50,PADD 5,Z00,,3.0,0.0
1997-07,NUS,U.S.,Z00,,2658.0,86.0
1997-07,R10,PADD 1,Z00,,2541.0,82.0
1997-07,R20,PADD 2,Z00,,0.0,0.0
1997-07,R30,PADD 3,Z00,,17.0,1.0
1997-07,R40,PADD 4,Z00,,0.0,0.0
1997-07,R50,PADD 5,Z00,,100.0,3.0
1997-08,NUS,U.S.,Z00,,3178.0,103.0
1997-08,R10,PADD 1,Z00,,3024.0,98.0
1997-08,R20,PADD 2,Z00,,0.0,0.0
1997-08,R30,PADD 3,Z00,,11.0,0.0
1997-08,R40,PADD 4,Z00,,0.0,0.0
1997-08,R50,PADD 5,Z00,,143.0,5.0
1997-09,NUS,U.S.,Z00,,2602.0,87.0
1997-09,R10,PADD 1,Z00,,2168.0,72.0
1997-09,R20,PADD 2,Z00,,75.0,3.0
1997-09,R30,PADD 3,Z00,,14.0,0.0
1997-09,R40,PADD 4,Z00,,0.0,0.0
1997-09,R50,PADD 5,Z00,,345.0,12.0
1997-10,NUS,U.S.,Z00,,2402.0,77.0
1997-10,R10,PADD 1,Z00,,2262.0,73.0
1997-10,R20,PADD 2,Z00,,0.0,0.0
1997-10,R30,PADD 3,Z00,,17.0,1.0
1997-10,R40,PADD 4,Z00,,0.0,0.0
1997-10,R50,PADD 5,Z00,,123.0,4.0
1997-11,NUS,U.S.,Z00,,1656.0,55.0
1997-11,R10,PADD 1,Z00,,1438.0,48.0
1997-11,R20,PADD 2,Z00,,0.0,0.0
1997-11,R30,PADD 3,Z00,,16.0,1.0
1997-11,R40,PADD 4,Z00,,0.0,0.0
1997-11,R50,PADD 5,Z00,,202.0,7.0
1997-12,NUS,U.S.,Z00,,1949.0,63.0
1997-12,R10,PADD 1,Z00,,1713.0,55.0
1997-12,R20,PADD 2,Z00,,0.0,0.0
1997-12,R30,PADD 3,Z00,,7.0,0.0
1997-12,R40,PADD 4,Z00,,0.0,0.0
1997-12,R50,PADD 5,Z00,,229.0,7.0
1998-01,NUS,U.S.,Z00,,2643.0,85.0
1998-01,R10,PADD 1,Z00,,2159.0,70.0
1998-01,R20,PADD 2,Z00,,0.0,0.0
1998-01,R30,PADD 3,Z00,,9.0,0.0
1998-01,R40,PADD 4,Z00,,0.0,0.0
1998-01,R50,PADD 5,Z00,,475.0,15.0
1998-02,NUS,U.S.,Z00,,3553.0,127.0
1998-02,R10,PADD 1,Z00,,2472.0,88.0
1998-02,R20,PADD 2,Z00,,0.0,0.0
1998-02,R30,PADD 3,Z00,,126.0,5.0
1998-02,R40,PADD 4,Z00,,0.0,0.0
1998-02,R50,PADD 5,Z00,,955.0,34.0
1998-03,NUS,U.S.,Z00,,4468.0,144.0
1998-03,R10,PADD 1,Z00,,3029.0,98.0
1998-03,R20,PADD 2,Z00,,0.0,0.0
1998-03,R30,PADD 3,Z00,,0.0,0.0
1998-03,R40,PADD 4,Z00,,0.0,0.0
1998-03,R50,PADD 5,Z00,,1439.0,46.0
1998-04,NUS,U.S.,Z00,,3182.0,106.0
1998-04,R10,PADD 1,Z00,,1779.0,59.0
1998-04,R20,PADD 2,Z00,,0.0,0.0
1998-04,R30,PADD 3,Z00,,0.0,0.0
1998-04,R40,PADD 4,Z00,,0.0,0.0
1998-04,R50,PADD 5,Z00,,1403.0,47.0
1998-05,NUS,U.S.,Z00,,4688.0,151.0
1998-05,R10,PADD 1,Z00,,3130.0,101.0
1998-05,R20,PADD 2,Z00,,0.0,0.0
1998-05,R30,PADD 3,Z00,,0.0,0.0
1998-05,R40,PADD 4,Z00,,0.0,0.0
1998-05,R50,PADD 5,Z00,,1558.0,50.0
1998-06,NUS,U.S.,Z00,,3466.0,116.0
1998-06,R10,PADD 1,Z00,,1958.0,65.0
1998-06,R20,PADD 2,Z00,,0.0,0.0
1998-06,R30,PADD 3,Z00,,0.0,0.0
1998-06,R40,PADD 4,Z00,,0.0,0.0
1998-06,R50,PADD 5,Z00,,1508.0,50.0
1998-07,NUS,U.S.,Z00,,3621.0,117.0
1998-07,R10,PADD 1,Z00,,1667.0,54.0
1998-07,R20,PADD 2,Z00,,0.0,0.0
1998-07,R30,PADD 3,Z00,,0.0,0.0
1998-07,R40,PADD 4,Z00,,0.0,0.0
1998-07,R50,PADD 5,Z00,,1954.0,63.0
1998-08,NUS,U.S.,Z00,,4516.0,146.0
1998-08,R10,PADD 1,Z00,,2124.0,69.0
1998-08,R20,PADD 2,Z00,,0.0,0.0
1998-08,R30,PADD 3,Z00,,0.0,0.0
1998-08,R40,PADD 4,Z00,,0.0,0.0
1998-08,R50,PADD 5,Z00,,2392.0,77.0
1998-09,NUS,U.S.,Z00,,2725.0,91.0
1998-09,R10,PADD 1,Z00,,1557.0,52.0
1998-09,R20,PADD 2,Z00,,0.0,0.0
1998-09,R30,PADD 3,Z00,,0.0,0.0
1998-09,R40,PADD 4,Z00,,0.0,0.0
1998-09,R50,PADD 5,Z00,,1168.0,39.0
1998-10,NUS,U.S.,Z00,,4335.0,140.0
1998-10,R10,PADD 1,Z00,,2673.0,86.0
1998-10,R20,PADD 2,Z00,,0.0,0.0
1998-10,R30,PADD 3,Z00,,0.0,0.0
1998-10,R40,PADD 4,Z00,,0.0,0.0
1998-10,R50,PADD 5,Z00,,1662.0,54.0
1998-11,NUS,U.S.,Z00,,3930.0,131.0
1998-11,R10,PADD 1,Z00,,2818.0,94.0
1998-11,R20,PADD 2,Z00,,0.0,0.0
1998-11,R30,PADD 3,Z00,,0.0,0.0
1998-11,R40,PADD 4,Z00,,0.0,0.0
1998-11,R50,PADD 5,Z00,,1112.0,37.0
1998-12,NUS,U.S.,Z00,,4016.0,130.0
1998-12,R10,PADD 1,Z00,,2743.0,88.0
1998-12,R20,PADD 2,Z00,,0.0,0.0
1998-12,R30,PADD 3,Z00,,0.0,0.0
1998-12,R40,PADD 4,Z00,,0.0,0.0
1998-12,R50,PADD 5,Z00,,1273.0,41.0
1999-01,NUS,U.S.,Z00,,4101.0,132.0
1999-01,R10,PADD 1,Z00,,2357.0,76.0
1999-01,R20,PADD 2,Z00,,0.0,0.0
1999-01,R30,PADD 3,Z00,,0.0,0.0
1999-01,R40,PADD 4,Z00,,0.0,0.0
1999-01,R50,PADD 5,Z00,,1744.0,56.0
1999-02,NUS,U.S.,Z00,,4390.0,157.0
1999-02,R10,PADD 1,Z00,,3314.0,118.0
1999-02,R20,PADD 2,Z00,,0.0,0.0
1999-02,R30,PADD 3,Z00,,2.0,0.0
1999-02,R40,PADD 4,Z00,,0.0,0.0
1999-02,R50,PADD 5,Z00,,1074.0,38.0
1999-03,NUS,U.S.,Z00,,2638.0,85.0
1999-03,R10,PADD 1,Z00,,2013.0,65.0
1999-03,R20,PADD 2,Z00,,0.0,0.0
1999-03,R30,PADD 3,Z00,,0.0,0.0
1999-03,R40,PADD 4,Z00,,0.0,0.0
1999-03,R50,PADD 5,Z00,,625.0,20.0
1999-04,NUS,U.S.,Z00,,4850.0,162.0
1999-04,R10,PADD 1,Z00,,2034.0,68.0
1999-04,R20,PADD 2,Z00,,0.0,0.0
1999-04,R30,PADD 3,Z00,,0.0,0.0
1999-04,R40,PADD 4,Z00,,0.0,0.0
1999-04,R50,PADD 5,Z00,,2816.0,94.0
1999-05,NUS,U.S.,Z00,,4589.0,148.0
1999-05,R10,PADD 1,Z00,,2053.0,66.0
1999-05,R20,PADD 2,Z00,,0.0,0.0
1999-05,R30,PADD 3,Z00,,0.0,0.0
1999-05,R40,PADD 4,Z00,,0.0,0.0
1999-05,R50,PADD 5,Z00,,2536.0,82.0
1999-06,NUS,U.S.,Z00,,1944.0,65.0
1999-06,R10,PADD 1,Z00,,734.0,24.0
1999-06,R20,PADD 2,Z00,,0.0,0.0
1999-06,R30,PADD 3,Z00,,0.0,0.0
1999-06,R40,PADD 4,Z00,,0.0,0.0
1999-06,R50,PADD 5,Z00,,1210.0,40.0
1999-07,NUS,U.S.,Z00,,4797.0,155.0
1999-07,R10,PADD 1,Z00,,1472.0,47.0
1999-07,R20,PADD 2,Z00,,0.0,0.0
1999-07,R30,PADD 3,Z00,,0.0,0.0
1999-07,R40,PADD 4,Z00,,0.0,0.0
1999-07,R50,PADD 5,Z00,,3325.0,107.0
1999-08,NUS,U.S.,Z00,,5447.0,176.0
1999-08,R10,PADD 1,Z00,,1717.0,55.0
1999-08,R20,PADD 2,Z00,,0.0,0.0
1999-08,R30,PADD 3,Z00,,0.0,0.0
1999-08,R40,PADD 4,Z00,,0.0,0.0
1999-08,R50,PADD 5,Z00,,3730.0,120.0
1999-09,NUS,U.S.,Z00,,4545.0,152.0
1999-09,R10,PADD 1,Z00,,1714.0,57.0
1999-09,R20,PADD 2,Z00,,0.0,0.0
1999-09,R30,PADD 3,Z00,,0.0,0.0
1999-09,R40,PADD 4,Z00,,0.0,0.0
1999-09,R50,PADD 5,Z00,,2831.0,94.0
1999-10,NUS,U.S.,Z00,,3017.0,97.0
1999-10,R10,PADD 1,Z00,,2256.0,73.0
1999-10,R20,PADD 2,Z00,,0.0,0.0
1999-10,R30,PADD 3,Z00,,0.0,0.0
1999-10,R40,PADD 4,Z00,,0.0,0.0
1999-10,R50,PADD 5,Z00,,761.0,25.0
1999-11,NUS,U.S.,Z00,,2446.0,82.0
1999-11,R10,PADD 1,Z00,,689.0,23.0
1999-11,R20,PADD 2,Z00,,0.0,0.0
1999-11,R30,PADD 3,Z00,,0.0,0.0
1999-11,R40,PADD 4,Z00,,0.0,0.0
1999-11,R50,PADD 5,Z00,,1757.0,59.0
1999-12,NUS,U.S.,Z00,,3968.0,128.0
1999-12,R10,PADD 1,Z00,,1860.0,60.0
1999-12,R20,PADD 2,Z00,,0.0,0.0
1999-12,R30,PADD 3,Z00,,0.0,0.0
1999-12,R40,PADD 4,Z00,,0.0,0.0
1999-12,R50,PADD 5,Z00,,2108.0,68.0
2000-01,NUS,U.S.,Z00,,3769.0,122.0
2000-01,R10,PADD 1,Z00,,2082.0,67.0
2000-01,R20,PADD 2,Z00,,0.0,0.0
2000-01,R30,PADD 3,Z00,,0.0,0.0
2000-01,R40,PADD 4,Z00,,0.0,0.0
2000-01,R50,PADD 5,Z00,,1687.0,54.0
2000-02,NUS,U.S.,Z00,,5020.0,173.0
2000-02,R10,PADD 1,Z00,,3373.0,116.0
2000-02,R20,PADD 2,Z00,,0.0,0.0
2000-02,R30,PADD 3,Z00,,0.0,0.0
2000-02,R40,PADD 4,Z00,,0.0,0.0
2000-02,R50,PADD 5,Z00,,1647.0,57.0
2000-03,NUS,U.S.,Z00,,3711.0,120.0
2000-03,R10,PADD 1,Z00,,1543.0,50.0
2000-03,R20,PADD 2,Z00,,0.0,0.0
2000-03,R30,PADD 3,Z00,,95.0,3.0
2000-03,R40,PADD 4,Z00,,0.0,0.0
2000-03,R50,PADD 5,Z00,,2073.0,67.0
2000-04,NUS,U.S.,Z00,,3810.0,127.0
2000-04,R10,PADD 1,Z00,,1623.0,54.0
2000-04,R20,PADD 2,Z00,,0.0,0.0
2000-04,R30,PADD 3,Z00,,0.0,0.0
2000-04,R40,PADD 4,Z00,,0.0,0.0
2000-04,R50,PADD 5,Z00,,2187.0,73.0
2000-05,NUS,U.S.,Z00,,4451.0,144.0
2000-05,R10,PADD 1,Z00,,2088.0,67.0
2000-05,R20,PADD 2,Z00,,0.0,0.0
2000-05,R30,PADD 3,Z00,,0.0,0.0
2000-05,R40,PADD 4,Z00,,0.0,0.0
2000-05,R50,PADD 5,Z00,,2363.0,76.0
2000-06,NUS,U.S.,Z00,,5810.0,194.0
2000-06,R10,PADD 1,Z00,,2124.0,71.0
2000-06,R20,PADD 2,Z00,,0.0,0.0
2000-06,R30,PADD 3,Z00,,0.0,0.0
2000-06,R40,PADD 4,Z00,,0.0,0.0
2000-06,R50,PADD 5,Z00,,3686.0,123.0
2000-07,NUS,U.S.,Z00,,3872.0,125.0
2000-07,R10,PADD 1,Z00,,918.0,30.0
2000-07,R20,PADD 2,Z00,,0.0,0.0
2000-07,R30,PADD 3,Z00,,0.0,0.0
2000-07,R40,PADD 4,Z00,,0.0,0.0
2000-07,R50,PADD 5,Z00,,2954.0,95.0
2000-08,NUS,U.S.,Z00,,6840.0,221.0
2000-08,R10,PADD 1,Z00,,1521.0,49.0
2000-08,R20,PADD 2,Z00,,0.0,0.0
2000-08,R30,PADD 3,Z00,,0.0,0.0
2000-08,R40,PADD 4,Z00,,0.0,0.0
2000-08,R50,PADD 5,Z00,,5319.0,172.0
2000-09,NUS,U.S.,Z00,,3827.0,128.0
2000-09,R10,PADD 1,Z00,,1409.0,47.0
2000-09,R20,PADD 2,Z00,,0.0,0.0
2000-09,R30,PADD 3,Z00,,0.0,0.0
2000-09,R40,PADD 4,Z00,,0.0,0.0
2000-09,R50,PADD 5,Z00,,2418.0,81.0
2000-10,NUS,U.S.,Z00,,5763.0,186.0
2000-10,R10,PADD 1,Z00,,1124.0,36.0
2000-10,R20,PADD 2,Z00,,0.0,0.0
2000-10,R30,PADD 3,Z00,,0.0,0.0
2000-10,R40,PADD 4,Z00,,0.0,0.0
2000-10,R50,PADD 5,Z00,,4639.0,150.0
2000-11,NUS,U.S.,Z00,,4847.0,162.0
2000-11,R10,PADD 1,Z00,,1655.0,55.0
2000-11,R20,PADD 2,Z00,,0.0,0.0
2000-11,R30,PADD 3,Z00,,0.0,0.0
2000-11,R40,PADD 4,Z00,,0.0,0.0
2000-11,R50,PADD 5,Z00,,3192.0,106.0
2000-12,NUS,U.S.,Z00,,7405.0,239.0
2000-12,R10,PADD 1,Z00,,2953.0,95.0
2000-12,R20,PADD 2,Z00,,0.0,0.0
2000-12,R30,PADD 3,Z00,,0.0,0.0
2000-12,R40,PADD 4,Z00,,0.0,0.0
2000-12,R50,PADD 5,Z00,,4452.0,144.0
2001-01,NUS,U.S.,Z00,,7494.0,242.0
2001-01,R10,PADD 1,Z00,,4203.0,136.0
2001-01,R20,PADD 2,Z00,,0.0,0.0
2001-01,R30,PADD 3,Z00,,211.0,7.0
2001-01,R40,PADD 4,Z00,,1.0,0.0
2001-01,R50,PADD 5,Z00,,3079.0,99.0
2001-02,NUS,U.S.,Z00,,6443.0,230.0
2001-02,R10,PADD 1,Z00,,3885.0,139.0
2001-02,R20,PADD 2,Z00,,0.0,0.0
2001-02,R30,PADD 3,Z00,,0.0,0.0
2001-02,R40,PADD 4,Z00,,0.0,0.0
2001-02,R50,PADD 5,Z00,,2558.0,91.0
2001-03,NUS,U.S.,Z00,,4496.0,145.0
2001-03,R10,PADD 1,Z00,,2187.0,71.0
2001-03,R20,PADD 2,Z00,,0.0,0.0
2001-03,R30,PADD 3,Z00,,0.0,0.0
2001-03,R40,PADD 4,Z00,,0.0,0.0
2001-03,R50,PADD 5,Z00,,2309.0,74.0
2001-04,NUS,U.S.,Z00,,4596.0,153.0
2001-04,R10,PADD 1,Z00,,2543.0,85.0
2001-04,R20,PADD 2,Z00,,0.0,0.0
2001-04,R30,PADD 3,Z00,,0.0,0.0
2001-04,R40,PADD 4,Z00,,0.0,0.0
2001-04,R50,PADD 5,Z00,,2053.0,68.0
2001-05,NUS,U.S.,Z00,,5413.0,175.0
2001-05,R10,PADD 1,Z00,,2229.0,72.0
2001-05,R20,PADD 2,Z00,,0.0,0.0
2001-05,R30,PADD 3,Z00,,0.0,0.0
2001-05,R40,PADD 4,Z00,,0.0,0.0
2001-05,R50,PADD 5,Z00,,3184.0,103.0
2001-06,NUS,U.S.,Z00,,4829.0,161.0
2001-06,R10,PADD 1,Z00,,1897.0,63.0
2001-06,R20,PADD 2,Z00,,0.0,0.0
2001-06,R30,PADD 3,Z00,,0.0,0.0
2001-06,R40,PADD 4,Z00,,1.0,0.0
2001-06,R50,PADD 5,Z00,,2931.0,98.0
2001-07,NUS,U.S.,Z00,,4000.0,129.0
2001-07,R10,PADD 1,Z00,,1718.0,55.0
2001-07,R20,PADD 2,Z00,,0.0,0.0
2001-07,R30,PADD 3,Z00,,0.0,0.0
2001-07,R40,PADD 4,Z00,,1.0,0.0
2001-07,R50,PADD 5,Z00,,2281.0,74.0
2001-08,NUS,U.S.,Z00,,3819.0,123.0
2001-08,R10,PADD 1,Z00,,1797.0,58.0
2001-08,R20,PADD 2,Z00,,0.0,0.0
2001-08,R30,PADD 3,Z00,,0.0,0.0
2001-08,R40,PADD 4,Z00,,1.0,0.0
2001-08,R50,PADD 5,Z00,,2021.0,65.0
2001-09,NUS,U.S.,Z00,,4974.0,166.0
2001-09,R10,PADD 1,Z00,,1989.0,66.0
2001-09,R20,PADD 2,Z00,,0.0,0.0
2001-09,R30,PADD 3,Z00,,0.0,0.0
2001-09,R40,PADD 4,Z00,,0.0,0.0
2001-09,R50,PADD 5,Z00,,2985.0,100.0
2001-10,NUS,U.S.,Z00,,1960.0,63.0
2001-10,R10,PADD 1,Z00,,711.0,23.0
2001-10,R20,PADD 2,Z00,,0.0,0.0
2001-10,R30,PADD 3,Z00,,0.0,0.0
2001-10,R40,PADD 4,Z00,,4.0,0.0
2001-10,R50,PADD 5,Z00,,1245.0,40.0
2001-11,NUS,U.S.,Z00,,3116.0,104.0
2001-11,R10,PADD 1,Z00,,1693.0,56.0
2001-11,R20,PADD 2,Z00,,0.0,0.0
2001-11,R30,PADD 3,Z00,,0.0,0.0
2001-11,R40,PADD 4,Z00,,2.0,0.0
2001-11,R50,PADD 5,Z00,,1421.0,47.0
2001-12,NUS,U.S.,Z00,,2925.0,94.0
2001-12,R10,PADD 1,Z00,,1203.0,39.0
2001-12,R20,PADD 2,Z00,,0.0,0.0
2001-12,R30,PADD 3,Z00,,0.0,0.0
2001-12,R40,PADD 4,Z00,,1.0,0.0
2001-12,R50,PADD 5,Z00,,1721.0,56.0
2002-01,NUS,U.S.,Z00,,3084.0,99.0
2002-01,R10,PADD 1,Z00,,1642.0,53.0
2002-01,R20,PADD 2,Z00,,0.0,0.0
2002-01,R30,PADD 3,Z00,,0.0,0.0
2002-01,R40,PADD 4,Z00,,1.0,0.0
2002-01,R50,PADD 5,Z00,,1441.0,46.0
2002-02,NUS,U.S.,Z00,,2994.0,107.0
2002-02,R10,PADD 1,Z00,,1472.0,53.0
2002-02,R20,PADD 2,Z00,,0.0,0.0
2002-02,R30,PADD 3,Z00,,0.0,0.0
2002-02,R40,PADD 4,Z00,,2.0,0.0
2002-02,R50,PADD 5,Z00,,1520.0,54.0
2002-03,NUS,U.S.,Z00,,3366.0,109.0
2002-03,R10,PADD 1,Z00,,1788.0,58.0
2002-03,R20,PADD 2,Z00,,0.0,0.0
2002-03,R30,PADD 3,Z00,,0.0,0.0
2002-03,R40,PADD 4,Z00,,1.0,0.0
2002-03,R50,PADD 5,Z00,,1577.0,51.0
2002-04,NUS,U.S.,Z00,,4097.0,137.0
2002-04,R10,PADD 1,Z00,,1263.0,42.0
2002-04,R20,PADD 2,Z00,,0.0,0.0
2002-04,R30,PADD 3,Z00,,0.0,0.0
2002-04,R40,PADD 4,Z00,,1.0,0.0
2002-04,R50,PADD 5,Z00,,2833.0,94.0
2002-05,NUS,U.S.,Z00,,2454.0,79.0
2002-05,R10,PADD 1,Z00,,798.0,26.0
2002-05,R20,PADD 2,Z00,,0.0,0.0
2002-05,R30,PADD 3,Z00,,0.0,0.0
2002-05,R40,PADD 4,Z00,,1.0,0.0
2002-05,R50,PADD 5,Z00,,1655.0,53.0
2002-06,NUS,U.S.,Z00,,2416.0,81.0
2002-06,R10,PADD 1,Z00,,1211.0,40.0
2002-06,R20,PADD 2,Z00,,0.0,0.0
2002-06,R30,PADD 3,Z00,,0.0,0.0
2002-06,R40,PADD 4,Z00,,1.0,0.0
2002-06,R50,PADD 5,Z00,,1204.0,40.0
2002-07,NUS,U.S.,Z00,,2865.0,92.0
2002-07,R10,PADD 1,Z00,,966.0,31.0
2002-07,R20,PADD 2,Z00,,0.0,0.0
2002-07,R30,PADD 3,Z00,,0.0,0.0
2002-07,R40,PADD 4,Z00,,1.0,0.0
2002-07,R50,PADD 5,Z00,,1898.0,61.0
2002-08,NUS,U.S.,Z00,,3457.0,112.0
2002-08,R10,PADD 1,Z00,,1135.0,37.0
2002-08,R20,PADD 2,Z00,,0.0,0.0
2002-08,R30,PADD 3,Z00,,0.0,0.0
2002-08,R40,PADD 4,Z00,,1.0,0.0
2002-08,R50,PADD 5,Z00,,2321.0,75.0
2002-09,NUS,U.S.,Z00,,3330.0,111.0
2002-09,R10,PADD 1,Z00,,1070.0,36.0
2002-09,R20,PADD 2,Z00,,0.0,0.0
2002-09,R30,PADD 3,Z00,,0.0,0.0
2002-09,R40,PADD 4,Z00,,0.0,0.0
2002-09,R50,PADD 5,Z00,,2260.0,75.0
2002-10,NUS,U.S.,Z00,,5314.0,171.0
2002-10,R10,PADD 1,Z00,,2555.0,82.0
2002-10,R20,PADD 2,Z00,,0.0,0.0
2002-10,R30,PADD 3,Z00,,0.0,0.0
2002-10,R40,PADD 4,Z00,,2.0,0.0
2002-10,R50,PADD 5,Z00,,2757.0,89.0
2002-11,NUS,U.S.,Z00,,3516.0,117.0
2002-11,R10,PADD 1,Z00,,1699.0,57.0
2002-11,R20,PADD 2,Z00,,0.0,0.0
2002-11,R30,PADD 3,Z00,,159.0,5.0
2002-11,R40,PADD 4,Z00,,1.0,0.0
2002-11,R50,PADD 5,Z00,,1657.0,55.0
2002-12,NUS,U.S.,Z00,,2332.0,75.0
2002-12,R10,PADD 1,Z00,,1525.0,49.0
2002-12,R20,PADD 2,Z00,,0.0,0.0
2002-12,R30,PADD 3,Z00,,0.0,0.0
2002-12,R40,PADD 4,Z00,,2.0,0.0
2002-12,R50,PADD 5,Z00,,805.0,26.0
2003-01,NUS,U.S.,Z00,,2922.0,94.0
2003-01,R10,PADD 1,Z00,,1685.0,54.0
2003-01,R20,PADD 2,Z00,,0.0,0.0
2003-01,R30,PADD 3,Z00,,0.0,0.0
2003-01,R40,PADD 4,Z00,,11.0,0.0
2003-01,R50,PADD 5,Z00,,1226.0,40.0
2003-02,NUS,U.S.,Z00,,3065.0,109.0
2003-02,R10,PADD 1,Z00,,2029.0,72.0
2003-02,R20,PADD 2,Z00,,0.0,0.0
2003-02,R30,PADD 3,Z00,,0.0,0.0
2003-02,R40,PADD 4,Z00,,8.0,0.0
2003-02,R50,PADD 5,Z00,,1028.0,37.0
2003-03,NUS,U.S.,Z00,,3636.0,117.0
2003-03,R10,PADD 1,Z00,,2776.0,90.0
2003-03,R20,PADD 2,Z00,,0.0,0.0
2003-03,R30,PADD 3,Z00,,0.0,0.0
2003-03,R40,PADD 4,Z00,,5.0,0.0
2003-03,R50,PADD 5,Z00,,855.0,28.0
2003-04,NUS,U.S.,Z00,,3179.0,106.0
2003-04,R10,PADD 1,Z00,,1483.0,49.0
2003-04,R20,PADD 2,Z00,,1.0,0.0
2003-04,R30,PADD 3,Z00,,253.0,8.0
2003-04,R40,PADD 4,Z00,,8.0,0.0
2003-04,R50,PADD 5,Z00,,1434.0,48.0
2003-05,NUS,U.S.,Z00,,3767.0,122.0
2003-05,R10,PADD 1,Z00,,2730.0,88.0
2003-05,R20,PADD 2,Z00,,13.0,0.0
2003-05,R30,PADD 3,Z00,,0.0,0.0
2003-05,R40,PADD 4,Z00,,5.0,0.0
2003-05,R50,PADD 5,Z00,,1019.0,33.0
2003-06,NUS,U.S.,Z00,,3561.0,119.0
2003-06,R10,PADD 1,Z00,,2366.0,79.0
2003-06,R20,PADD 2,Z00,,29.0,1.0
2003-06,R30,PADD 3,Z00,,0.0,0.0
2003-06,R40,PADD 4,Z00,,13.0,0.0
2003-06,R50,PADD 5,Z00,,1153.0,38.0
2003-07,NUS,U.S.,Z00,,3902.0,126.0
2003-07,R10,PADD 1,Z00,,2483.0,80.0
2003-07,R20,PADD 2,Z00,,22.0,1.0
2003-07,R30,PADD 3,Z00,,16.0,1.0
2003-07,R40,PADD 4,Z00,,11.0,0.0
2003-07,R50,PADD 5,Z00,,1370.0,44.0
2003-08,NUS,U.S.,Z00,,4008.0,129.0
2003-08,R10,PADD 1,Z00,,2296.0,74.0
2003-08,R20,PADD 2,Z00,,30.0,1.0
2003-08,R30,PADD 3,Z00,,14.0,0.0
2003-08,R40,PADD 4,Z00,,26.0,1.0
2003-08,R50,PADD 5,Z00,,1642.0,53.0
2003-09,NUS,U.S.,Z00,,4070.0,136.0
2003-09,R10,PADD 1,Z00,,1576.0,53.0
2003-09,R20,PADD 2,Z00,,32.0,1.0
2003-09,R30,PADD 3,Z00,,8.0,0.0
2003-09,R40,PADD 4,Z00,,7.0,0.0
2003-09,R50,PADD 5,Z00,,2447.0,82.0
2003-10,NUS,U.S.,Z00,,3202.0,103.0
2003-10,R10,PADD 1,Z00,,1819.0,59.0
2003-10,R20,PADD 2,Z00,,46.0,1.0
2003-10,R30,PADD 3,Z00,,10.0,0.0
2003-10,R40,PADD 4,Z00,,15.0,0.0
2003-10,R50,PADD 5,Z00,,1312.0,42.0
2003-11,NUS,U.S.,Z00,,1367.0,46.0
2003-11,R10,PADD 1,Z00,,1008.0,34.0
2003-11,R20,PADD 2,Z00,,11.0,0.0
2003-11,R30,PADD 3,Z00,,27.0,1.0
2003-11,R40,PADD 4,Z00,,8.0,0.0
2003-11,R50,PADD 5,Z00,,313.0,10.0
2003-12,NUS,U.S.,Z00,,3130.0,101.0
2003-12,R10,PADD 1,Z00,,1668.0,54.0
2003-12,R20,PADD 2,Z00,,56.0,2.0
2003-12,R30,PADD 3,Z00,,15.0,0.0
2003-12,R40,PADD 4,Z00,,17.0,1.0
2003-12,R50,PADD 5,Z00,,1374.0,44.0
2004-01,NUS,U.S.,ME0,OPEC Countries,552.0,18.0
2004-01,NUS,U.S.,MN0,Non-OPEC Countries,1850.0,60.0
2004-01,NUS,U.S.,NCA,Canada,141.0,5.0
2004-01,NUS,U.S.,NJA,Japan,128.0,4.0
2004-01,NUS,U.S.,NMX,Mexico,289.0,9.0
2004-01,NUS,U.S.,NMY,Malaysia,311.0,10.0
2004-01,NUS,U.S.,NVE,Venezuela,552.0,18.0
2004-01,NUS,U.S.,NVQ,Virgin Islands,946.0,31.0
2004-01,NUS,U.S.,Z00,,2402.0,77.0
2004-01,R10,PADD 1,ME0,OPEC Countries,552.0,18.0
2004-01,R10,PADD 1,MN0,Non-OPEC Countries,1118.0,36.0
2004-01,R10,PADD 1,NCA,Canada,137.0,4.0
2004-01,R10,PADD 1,NVE,Venezuela,552.0,18.0
2004-01,R10,PADD 1,NVQ,Virgin Islands,946.0,31.0
2004-01,R10,PADD 1,Z00,,1670.0,54.0
2004-01,R40,PADD 4,MN0,Non-OPEC Countries,1.0,0.0
2004-01,R40,PADD 4,NCA,Canada,1.0,0.0
2004-01,R40,PADD 4,Z00,,1.0,0.0
2004-01,R50,PADD 5,MN0,Non-OPEC Countries,731.0,24.0
2004-01,R50,PADD 5,NCA,Canada,3.0,0.0
2004-01,R50,PADD 5,NJA,Japan,128.0,4.0
2004-01,R50,PADD 5,NMX,Mexico,289.0,9.0
2004-01,R50,PADD 5,NMY,Malaysia,311.0,10.0
2004-01,R50,PADD 5,Z00,,731.0,24.0
2004-02,NUS,U.S.,ME0,OPEC Countries,1189.0,41.0
2004-02,NUS,U.S.,MN0,Non-OPEC Countries,1998.0,69.0
2004-02,NUS,U.S.,MP0,Persian Gulf Countries,637.0,22.0
2004-02,NUS,U.S.,NCA,Canada,149.0,5.0
2004-02,NUS,U.S.,NJA,Japan,251.0,9.0
2004-02,NUS,U.S.,NKU,Kuwait,365.0,13.0
2004-02,NUS,U.S.,NMX,Mexico,402.0,14.0
2004-02,NUS,U.S.,NRS,Russia,70.0,2.0
2004-02,NUS,U.S.,NSA,Saudi Arabia,272.0,9.0
2004-02,NUS,U.S.,NSN,Singapore,308.0,11.0
2004-02,NUS,U.S.,NTW,Taiwan,231.0,8.0
2004-02,NUS,U.S.,NVE,Venezuela,552.0,19.0
2004-02,NUS,U.S.,NVQ,Virgin Islands,552.0,19.0
2004-02,NUS,U.S.,Z00,,3187.0,110.0
2004-02,R10,PADD 1,ME0,OPEC Countries,917.0,32.0
2004-02,R10,PADD 1,MN0,Non-OPEC Countries,740.0,26.0
2004-02,R10,PADD 1,MP0,Persian Gulf Countries,365.0,13.0
2004-02,R10,PADD 1,NCA,Canada,83.0,3.0
2004-02,R10,PADD 1,NKU,Kuwait,365.0,13.0
2004-02,R10,PADD 1,NRS,Russia,70.0,2.0
2004-02,R10,PADD 1,NVE,Venezuela,552.0,19.0
2004-02,R10,PADD 1,NVQ,Virgin Islands,552.0,19.0
2004-02,R10,PADD 1,Z00,,1657.0,57.0
2004-02,R20,PADD 2,MN0,Non-OPEC Countries,54.0,2.0
2004-02,R20,PADD 2,NCA,Canada,54.0,2.0
2004-02,R20,PADD 2,Z00,,54.0,2.0
2004-02,R30,PADD 3,MN0,Non-OPEC Countries,18.0,1.0
2004-02,R30,PADD 3,NMX,Mexico,18.0,1.0
2004-02,R30,PADD 3,Z00,,18.0,1.0
2004-02,R40,PADD 4,MN0,Non-OPEC Countries,9.0,0.0
2004-02,R40,PADD 4,NCA,Canada,9.0,0.0
2004-02,R40,PADD 4,Z00,,9.0,0.0
2004-02,R50,PADD 5,ME0,OPEC Countries,272.0,9.0
2004-02,R50,PADD 5,MN0,Non-OPEC Countries,1177.0,41.0
2004-02,R50,PADD 5,MP0,Persian Gulf Countries,272.0,9.0
2004-02,R50,PADD 5,NCA,Canada,3.0,0.0
2004-02,R50,PADD 5,NJA,Japan,251.0,9.0
2004-02,R50,PADD 5,NMX,Mexico,384.0,13.0
2004-02,R50,PADD 5,NSA,Saudi Arabia,272.0,9.0
2004-02,R50,PADD 5,NSN,Singapore,308.0,11.0
2004-02,R50,PADD 5,NTW,Taiwan,231.0,8.0
2004-02,R50,PADD 5,Z00,,1449.0,50.0
2004-03,NUS,U.S.,ME0,OPEC Countries,307.0,10.0
2004-03,NUS,U.S.,MN0,Non-OPEC Countries,1915.0,62.0
2004-03,NUS,U.S.,NCA,Canada,361.0,12.0
2004-03,NUS,U.S.,NKS,Korea,307.0,10.0
2004-03,NUS,U.S.,NMX,Mexico,459.0,15.0
2004-03,NUS,U.S.,NVE,Venezuela,307.0,10.0
2004-03,NUS,U.S.,NVQ,Virgin Islands,788.0,25.0
2004-03,NUS,U.S.,Z00,,2222.0,72.0
2004-03,R10,PADD 1,ME0,OPEC Countries,53.0,2.0
2004-03,R10,PADD 1,MN0,Non-OPEC Countries,1072.0,35.0
2004-03,R10,PADD 1,NCA,Canada,284.0,9.0
2004-03,R10,PADD 1,NVE,Venezuela,53.0,2.0
2004-03,R10,PADD 1,NVQ,Virgin Islands,788.0,25.0
2004-03,R10,PADD 1,Z00,,1125.0,36.0
2004-03,R20,PADD 2,MN0,Non-OPEC Countries,58.0,2.0
2004-03,R20,PADD 2,NCA,Canada,58.0,2.0
2004-03,R20,PADD 2,Z00,,58.0,2.0
2004-03,R30,PADD 3,MN0,Non-OPEC Countries,20.0,1.0
2004-03,R30,PADD 3,NCA,Canada,2.0,0.0
2004-03,R30,PADD 3,NMX,Mexico,18.0,1.0
2004-03,R30,PADD 3,Z00,,20.0,1.0
2004-03,R40,PADD 4,MN0,Non-OPEC Countries,14.0,0.0
2004-03,R40,PADD 4,NCA,Canada,14.0,0.0
2004-03,R40,PADD 4,Z00,,14.0,0.0
2004-03,R50,PADD 5,ME0,OPEC Countries,254.0,8.0
2004-03,R50,PADD 5,MN0,Non-OPEC Countries,751.0,24.0
2004-03,R50,PADD 5,NCA,Canada,3.0,0.0
2004-03,R50,PADD 5,NKS,Korea,307.0,10.0
2004-03,R50,PADD 5,NMX,Mexico,441.0,14.0
2004-03,R50,PADD 5,NVE,Venezuela,254.0,8.0
2004-03,R50,PADD 5,Z00,,1005.0,32.0
2004-04,NUS,U.S.,ME0,OPEC Countries,421.0,14.0
2004-04,NUS,U.S.,MN0,Non-OPEC Countries,1897.0,63.0
2004-04,NUS,U.S.,NCA,Canada,219.0,7.0
2004-04,NUS,U.S.,NKS,Korea,330.0,11.0
2004-04,NUS,U.S.,NMX,Mexico,17.0,1.0
2004-04,NUS,U.S.,NVE,Venezuela,421.0,14.0
2004-04,NUS,U.S.,NVQ,Virgin Islands,806.0,27.0
2004-04,NUS,U.S.,Z00,,2318.0,77.0
2004-04,R10,PADD 1,ME0,OPEC Countries,421.0,14.0
2004-04,R10,PADD 1,MN0,Non-OPEC Countries,701.0,23.0
2004-04,R10,PADD 1,NCA,Canada,168.0,6.0
2004-04,R10,PADD 1,NVE,Venezuela,421.0,14.0
2004-04,R10,PADD 1,NVQ,Virgin Islands,533.0,18.0
2004-04,R10,PADD 1,Z00,,1122.0,37.0
2004-04,R20,PADD 2,MN0,Non-OPEC Countries,29.0,1.0
2004-04,R20,PADD 2,NCA,Canada,29.0,1.0
2004-04,R20,PADD 2,Z00,,29.0,1.0
2004-04,R30,PADD 3,MN0,Non-OPEC Countries,17.0,1.0
2004-04,R30,PADD 3,NMX,Mexico,17.0,1.0
2004-04,R30,PADD 3,Z00,,17.0,1.0
2004-04,R40,PADD 4,MN0,Non-OPEC Countries,18.0,1.0
2004-04,R40,PADD 4,NCA,Canada,18.0,1.0
2004-04,R40,PADD 4,Z00,,18.0,1.0
2004-04,R50,PADD 5,MN0,Non-OPEC Countries,1132.0,38.0
2004-04,R50,PADD 5,NCA,Canada,4.0,0.0
2004-04,R50,PADD 5,NKS,Korea,330.0,11.0
2004-04,R50,PADD 5,NVQ,Virgin Islands,273.0,9.0
2004-04,R50,PADD 5,Z00,,1132.0,38.0
2004-05,NUS,U.S.,ME0,OPEC Countries,457.0,15.0
2004-05,NUS,U.S.,MN0,Non-OPEC Countries,5018.0,162.0
2004-05,NUS,U.S.,MP0,Persian Gulf Countries,213.0,7.0
2004-05,NUS,U.S.,NBA,Bahrain,213.0,7.0
2004-05,NUS,U.S.,NCA,Canada,599.0,19.0
2004-05,NUS,U.S.,NIN,India,306.0,10.0
2004-05,NUS,U.S.,NKS,Korea,1606.0,52.0
2004-05,NUS,U.S.,NMX,Mexico,15.0,0.0
2004-05,NUS,U.S.,NSN,Singapore,101.0,3.0
2004-05,NUS,U.S.,NTW,Taiwan,834.0,27.0
2004-05,NUS,U.S.,NVE,Venezuela,457.0,15.0
2004-05,NUS,U.S.,NVQ,Virgin Islands,809.0,26.0
2004-05,NUS,U.S.,Z00,,5475.0,177.0
2004-05,R10,PADD 1,ME0,OPEC Countries,217.0,7.0
2004-05,R10,PADD 1,MN0,Non-OPEC Countries,939.0,30.0
2004-05,R10,PADD 1,NCA,Canada,396.0,13.0
2004-05,R10,PADD 1,NVE,Venezuela,217.0,7.0
2004-05,R10,PADD 1,NVQ,Virgin Islands,543.0,18.0
2004-05,R10,PADD 1,Z00,,1156.0,37.0
2004-05,R20,PADD 2,MN0,Non-OPEC Countries,31.0,1.0
2004-05,R20,PADD 2,NCA,Canada,31.0,1.0
2004-05,R20,PADD 2,Z00,,31.0,1.0
2004-05,R30,PADD 3,MN0,Non-OPEC Countries,15.0,0.0
2004-05,R30,PADD 3,NMX,Mexico,15.0,0.0
2004-05,R30,PADD 3,Z00,,15.0,0.0
2004-05,R40,PADD 4,MN0,Non-OPEC Countries,16.0,1.0
2004-05,R40,PADD 4,NCA,Canada,16.0,1.0
2004-05,R40,PADD 4,Z00,,16.0,1.0
2004-05,R50,PADD 5,ME0,OPEC Countries,240.0,8.0
2004-05,R50,PADD 5,MN0,Non-OPEC Countries,4017.0,130.0
2004-05,R50,PADD 5,MP0,Persian Gulf Countries,213.0,7.0
2004-05,R50,PADD 5,NBA,Bahrain,213.0,7.0
2004-05,R50,PADD 5,NCA,Canada,156.0,5.0
2004-05,R50,PADD 5,NIN,India,306.0,10.0
2004-05,R50,PADD 5,NKS,Korea,1606.0,52.0
2004-05,R50,PADD 5,NSN,Singapore,101.0,3.0
2004-05,R50,PADD 5,NTW,Taiwan,834.0,27.0
2004-05,R50,PADD 5,NVE,Venezuela,240.0,8.0
2004-05,R50,PADD 5,NVQ,Virgin Islands,266.0,9.0
2004-05,R50,PADD 5,Z00,,4257.0,137.0
2004-06,NUS,U.S.,ME0,OPEC Countries,1027.0,34.0
2004-06,NUS,U.S.,MN0,Non-OPEC Countries,4576.0,153.0
2004-06,NUS,U.S.,MP0,Persian Gulf Countries,457.0,15.0
2004-06,NUS,U.S.,NCA,Canada,401.0,13.0
2004-06,NUS,U.S.,NJA,Japan,387.0,13.0
2004-06,NUS,U.S.,NKS,Korea,1433.0,48.0
2004-06,NUS,U.S.,NMX,Mexico,335.0,11.0
2004-06,NUS,U.S.,NSN,Singapore,358.0,12.0
2004-06,NUS,U.S.,NTC,United Arab Emirates,457.0,15.0
2004-06,NUS,U.S.,NTW,Taiwan,86.0,3.0
2004-06,NUS,U.S.,NVE,Venezuela,570.0,19.0
2004-06,NUS,U.S.,NVQ,Virgin Islands,1220.0,41.0
2004-06,NUS,U.S.,Z00,,5603.0,187.0
2004-06,R10,PADD 1,ME0,OPEC Countries,570.0,19.0
2004-06,R10,PADD 1,MN0,Non-OPEC Countries,1434.0,48.0
2004-06,R10,PADD 1,NCA,Canada,214.0,7.0
2004-06,R10,PADD 1,NVE,Venezuela,570.0,19.0
2004-06,R10,PADD 1,NVQ,Virgin Islands,1220.0,41.0
2004-06,R10,PADD 1,Z00,,2004.0,67.0
2004-06,R20,PADD 2,MN0,Non-OPEC Countries,42.0,1.0
2004-06,R20,PADD 2,NCA,Canada,42.0,1.0
2004-06,R20,PADD 2,Z00,,42.0,1.0
2004-06,R30,PADD 3,MN0,Non-OPEC Countries,28.0,1.0
2004-06,R30,PADD 3,NMX,Mexico,28.0,1.0
2004-06,R30,PADD 3,Z00,,28.0,1.0
2004-06,R40,PADD 4,MN0,Non-OPEC Countries,13.0,0.0
2004-06,R40,PADD 4,NCA,Canada,13.0,0.0
2004-06,R40,PADD 4,Z00,,13.0,0.0
2004-06,R50,PADD 5,ME0,OPEC Countries,457.0,15.0
2004-06,R50,PADD 5,MN0,Non-OPEC Countries,3059.0,102.0
2004-06,R50,PADD 5,MP0,Persian Gulf Countries,457.0,15.0
2004-06,R50,PADD 5,NCA,Canada,132.0,4.0
2004-06,R50,PADD 5,NJA,Japan,387.0,13.0
2004-06,R50,PADD 5,NKS,Korea,1433.0,48.0
2004-06,R50,PADD 5,NMX,Mexico,307.0,10.0
2004-06,R50,PADD 5,NSN,Singapore,358.0,12.0
2004-06,R50,PADD 5,NTC,United Arab Emirates,457.0,15.0
2004-06,R50,PADD 5,NTW,Taiwan,86.0,3.0
2004-06,R50,PADD 5,Z00,,3516.0,117.0
2004-07,NUS,U.S.,ME0,OPEC Countries,559.0,18.0
2004-07,NUS,U.S.,MN0,Non-OPEC Countries,2723.0,88.0
2004-07,NUS,U.S.,MP0,Persian Gulf Countries,300.0,10.0
2004-07,NUS,U.S.,NCA,Canada,212.0,7.0
2004-07,NUS,U.S.,NJA,Japan,825.0,27.0
2004-07,NUS,U.S.,NKS,Korea,390.0,13.0
2004-07,NUS,U.S.,NKU,Kuwait,300.0,10.0
2004-07,NUS,U.S.,NMX,Mexico,19.0,1.0
2004-07,NUS,U.S.,NSN,Singapore,292.0,9.0
2004-07,NUS,U.S.,NVE,Venezuela,259.0,8.0
2004-07,NUS,U.S.,NVQ,Virgin Islands,985.0,32.0
2004-07,NUS,U.S.,Z00,,3282.0,106.0
2004-07,R10,PADD 1,ME0,OPEC Countries,259.0,8.0
2004-07,R10,PADD 1,MN0,Non-OPEC Countries,1142.0,37.0
2004-07,R10,PADD 1,NCA,Canada,157.0,5.0
2004-07,R10,PADD 1,NVE,Venezuela,259.0,8.0
2004-07,R10,PADD 1,NVQ,Virgin Islands,985.0,32.0
2004-07,R10,PADD 1,Z00,,1401.0,45.0
2004-07,R20,PADD 2,MN0,Non-OPEC Countries,28.0,1.0
2004-07,R20,PADD 2,NCA,Canada,28.0,1.0
2004-07,R20,PADD 2,Z00,,28.0,1.0
2004-07,R30,PADD 3,MN0,Non-OPEC Countries,19.0,1.0
2004-07,R30,PADD 3,NMX,Mexico,19.0,1.0
2004-07,R30,PADD 3,Z00,,19.0,1.0
2004-07,R40,PADD 4,MN0,Non-OPEC Countries,24.0,1.0
2004-07,R40,PADD 4,NCA,Canada,24.0,1.0
2004-07,R40,PADD 4,Z00,,24.0,1.0
2004-07,R50,PADD 5,ME0,OPEC Countries,300.0,10.0
2004-07,R50,PADD 5,MN0,Non-OPEC Countries,1510.0,49.0
2004-07,R50,PADD 5,MP0,Persian Gulf Countries,300.0,10.0
2004-07,R50,PADD 5,NCA,Canada,3.0,0.0
2004-07,R50,PADD 5,NJA,Japan,825.0,27.0
2004-07,R50,PADD 5,NKS,Korea,390.0,13.0
2004-07,R50,PADD 5,NKU,Kuwait,300.0,10.0
2004-07,R50,PADD 5,NSN,Singapore,292.0,9.0
2004-07,R50,PADD 5,Z00,,1810.0,58.0
2004-08,NUS,U.S.,ME0,OPEC Countries,244.0,8.0
2004-08,NUS,U.S.,MN0,Non-OPEC Countries,4844.0,156.0
2004-08,NUS,U.S.,NCA,Canada,239.0,8.0
2004-08,NUS,U.S.,NJA,Japan,630.0,20.0
2004-08,NUS,U.S.,NKS,Korea,1871.0,60.0
2004-08,NUS,U.S.,NMX,Mexico,236.0,8.0
2004-08,NUS,U.S.,NSN,Singapore,418.0,13.0
2004-08,NUS,U.S.,NTW,Taiwan,999.0,32.0
2004-08,NUS,U.S.,NVE,Venezuela,244.0,8.0
2004-08,NUS,U.S.,NVQ,Virgin Islands,254.0,8.0
2004-08,NUS,U.S.,Z00,,5088.0,164.0
2004-08,R10,PADD 1,ME0,OPEC Countries,244.0,8.0
2004-08,R10,PADD 1,MN0,Non-OPEC Countries,436.0,14.0
2004-08,R10,PADD 1,NCA,Canada,182.0,6.0
2004-08,R10,PADD 1,NVE,Venezuela,244.0,8.0
2004-08,R10,PADD 1,NVQ,Virgin Islands,254.0,8.0
2004-08,R10,PADD 1,Z00,,680.0,22.0
2004-08,R20,PADD 2,MN0,Non-OPEC Countries,34.0,1.0
2004-08,R20,PADD 2,NCA,Canada,34.0,1.0
2004-08,R20,PADD 2,Z00,,34.0,1.0
2004-08,R30,PADD 3,MN0,Non-OPEC Countries,15.0,0.0
2004-08,R30,PADD 3,NMX,Mexico,15.0,0.0
2004-08,R30,PADD 3,Z00,,15.0,0.0
2004-08,R40,PADD 4,MN0,Non-OPEC Countries,18.0,1.0
2004-08,R40,PADD 4,NCA,Canada,18.0,1.0
2004-08,R40,PADD 4,Z00,,18.0,1.0
2004-08,R50,PADD 5,MN0,Non-OPEC Countries,4341.0,140.0
2004-08,R50,PADD 5,NCA,Canada,5.0,0.0
2004-08,R50,PADD 5,NJA,Japan,630.0,20.0
2004-08,R50,PADD 5,NKS,Korea,1871.0,60.0
2004-08,R50,PADD 5,NMX,Mexico,221.0,7.0
2004-08,R50,PADD 5,NSN,Singapore,418.0,13.0
2004-08,R50,PADD 5,NTW,Taiwan,999.0,32.0
2004-08,R50,PADD 5,Z00,,4341.0,140.0
2004-09,NUS,U.S.,ME0,OPEC Countries,108.0,4.0
2004-09,NUS,U.S.,MN0,Non-OPEC Countries,3480.0,116.0
2004-09,NUS,U.S.,NCA,Canada,421.0,14.0
2004-09,NUS,U.S.,NJA,Japan,603.0,20.0
2004-09,NUS,U.S.,NKS,Korea,956.0,32.0
2004-09,NUS,U.S.,NMX,Mexico,17.0,1.0
2004-09,NUS,U.S.,NSN,Singapore,465.0,16.0
2004-09,NUS,U.S.,NSZ,Switzerland,288.0,10.0
2004-09,NUS,U.S.,NVE,Venezuela,108.0,4.0
2004-09,NUS,U.S.,NVQ,Virgin Islands,730.0,24.0
2004-09,NUS,U.S.,Z00,,3588.0,120.0
2004-09,R10,PADD 1,ME0,OPEC Countries,108.0,4.0
2004-09,R10,PADD 1,MN0,Non-OPEC Countries,874.0,29.0
2004-09,R10,PADD 1,NCA,Canada,370.0,12.0
2004-09,R10,PADD 1,NVE,Venezuela,108.0,4.0
2004-09,R10,PADD 1,NVQ,Virgin Islands,504.0,17.0
2004-09,R10,PADD 1,Z00,,982.0,33.0
2004-09,R20,PADD 2,MN0,Non-OPEC Countries,37.0,1.0
2004-09,R20,PADD 2,NCA,Canada,37.0,1.0
2004-09,R20,PADD 2,Z00,,37.0,1.0
2004-09,R30,PADD 3,MN0,Non-OPEC Countries,17.0,1.0
2004-09,R30,PADD 3,NMX,Mexico,17.0,1.0
2004-09,R30,PADD 3,Z00,,17.0,1.0
2004-09,R40,PADD 4,MN0,Non-OPEC Countries,14.0,0.0
2004-09,R40,PADD 4,NCA,Canada,14.0,0.0
2004-09,R40,PADD 4,Z00,,14.0,0.0
2004-09,R50,PADD 5,MN0,Non-OPEC Countries,2538.0,85.0
2004-09,R50,PADD 5,NJA,Japan,603.0,20.0
2004-09,R50,PADD 5,NKS,Korea,956.0,32.0
2004-09,R50,PADD 5,NSN,Singapore,465.0,16.0
2004-09,R50,PADD 5,NSZ,Switzerland,288.0,10.0
2004-09,R50,PADD 5,NVQ,Virgin Islands,226.0,8.0
2004-09,R50,PADD 5,Z00,,2538.0,85.0
2004-10,NUS,U.S.,ME0,OPEC Countries,714.0,23.0
2004-10,NUS,U.S.,MN0,Non-OPEC Countries,4265.0,138.0
2004-10,NUS,U.S.,NCA,Canada,421.0,14.0
2004-10,NUS,U.S.,NJA,Japan,300.0,10.0
2004-10,NUS,U.S.,NKS,Korea,1586.0,51.0
2004-10,NUS,U.S.,NMX,Mexico,200.0,6.0
2004-10,NUS,U.S.,NSN,Singapore,295.0,10.0
2004-10,NUS,U.S.,NTW,Taiwan,455.0,15.0
2004-10,NUS,U.S.,NVE,Venezuela,714.0,23.0
2004-10,NUS,U.S.,NVQ,Virgin Islands,1008.0,33.0
2004-10,NUS,U.S.,Z00,,4979.0,161.0
2004-10,R10,PADD 1,ME0,OPEC Countries,714.0,23.0
2004-10,R10,PADD 1,MN0,Non-OPEC Countries,1382.0,45.0
2004-10,R10,PADD 1,NCA,Canada,374.0,12.0
2004-10,R10,PADD 1,NVE,Venezuela,714.0,23.0
2004-10,R10,PADD 1,NVQ,Virgin Islands,1008.0,33.0
2004-10,R10,PADD 1,Z00,,2096.0,68.0
2004-10,R20,PADD 2,MN0,Non-OPEC Countries,29.0,1.0
2004-10,R20,PADD 2,NCA,Canada,29.0,1.0
2004-10,R20,PADD 2,Z00,,29.0,1.0
2004-10,R30,PADD 3,MN0,Non-OPEC Countries,20.0,1.0
2004-10,R30,PADD 3,NMX,Mexico,20.0,1.0
2004-10,R30,PADD 3,Z00,,20.0,1.0
2004-10,R40,PADD 4,MN0,Non-OPEC Countries,15.0,0.0
2004-10,R40,PADD 4,NCA,Canada,15.0,0.0
2004-10,R40,PADD 4,Z00,,15.0,0.0
2004-10,R50,PADD 5,MN0,Non-OPEC Countries,2819.0,91.0
2004-10,R50,PADD 5,NCA,Canada,3.0,0.0
2004-10,R50,PADD 5,NJA,Japan,300.0,10.0
2004-10,R50,PADD 5,NKS,Korea,1586.0,51.0
2004-10,R50,PADD 5,NMX,Mexico,180.0,6.0
2004-10,R50,PADD 5,NSN,Singapore,295.0,10.0
2004-10,R50,PADD 5,NTW,Taiwan,455.0,15.0
2004-10,R50,PADD 5,Z00,,2819.0,91.0
2004-11,NUS,U.S.,ME0,OPEC Countries,594.0,20.0
2004-11,NUS,U.S.,MN0,Non-OPEC Countries,4513.0,150.0
2004-11,NUS,U.S.,MP0,Persian Gulf Countries,77.0,3.0
2004-11,NUS,U.S.,NCA,Canada,117.0,4.0
2004-11,NUS,U.S.,NCO,Colombia,220.0,7.0
2004-11,NUS,U.S.,NJA,Japan,314.0,10.0
2004-11,NUS,U.S.,NKS,Korea,1678.0,56.0
2004-11,NUS,U.S.,NMX,Mexico,16.0,1.0
2004-11,NUS,U.S.,NSN,Singapore,252.0,8.0
2004-11,NUS,U.S.,NTC,United Arab Emirates,77.0,3.0
2004-11,NUS,U.S.,NTH,Thailand,301.0,10.0
2004-11,NUS,U.S.,NTW,Taiwan,490.0,16.0
2004-11,NUS,U.S.,NVE,Venezuela,517.0,17.0
2004-11,NUS,U.S.,NVQ,Virgin Islands,1066.0,36.0
2004-11,NUS,U.S.,Z00,,5107.0,170.0
2004-11,R10,PADD 1,ME0,OPEC Countries,517.0,17.0
2004-11,R10,PADD 1,MN0,Non-OPEC Countries,1413.0,47.0
2004-11,R10,PADD 1,NCA,Canada,68.0,2.0
2004-11,R10,PADD 1,NCO,Colombia,220.0,7.0
2004-11,R10,PADD 1,NVE,Venezuela,517.0,17.0
2004-11,R10,PADD 1,NVQ,Virgin Islands,1066.0,36.0
2004-11,R10,PADD 1,Z00,,1930.0,64.0
2004-11,R20,PADD 2,MN0,Non-OPEC Countries,40.0,1.0
2004-11,R20,PADD 2,NCA,Canada,40.0,1.0
2004-11,R20,PADD 2,Z00,,40.0,1.0
2004-11,R30,PADD 3,MN0,Non-OPEC Countries,16.0,1.0
2004-11,R30,PADD 3,NMX,Mexico,16.0,1.0
2004-11,R30,PADD 3,Z00,,16.0,1.0
2004-11,R40,PADD 4,MN0,Non-OPEC Countries,6.0,0.0
2004-11,R40,PADD 4,NCA,Canada,6.0,0.0
2004-11,R40,PADD 4,Z00,,6.0,0.0
2004-11,R50,PADD 5,ME0,OPEC Countries,77.0,3.0
2004-11,R50,PADD 5,MN0,Non-OPEC Countries,3038.0,101.0
2004-11,R50,PADD 5,MP0,Persian Gulf Countries,77.0,3.0
2004-11,R50,PADD 5,NCA,Canada,3.0,0.0
2004-11,R50,PADD 5,NJA,Japan,314.0,10.0
2004-11,R50,PADD 5,NKS,Korea,1678.0,56.0
2004-11,R50,PADD 5,NSN,Singapore,252.0,8.0
2004-11,R50,PADD 5,NTC,United Arab Emirates,77.0,3.0
2004-11,R50,PADD 5,NTH,Thailand,301.0,10.0
2004-11,R50,PADD 5,NTW,Taiwan,490.0,16.0
2004-11,R50,PADD 5,Z00,,3115.0,104.0
2004-12,NUS,U.S.,ME0,OPEC Countries,914.0,29.0
2004-12,NUS,U.S.,MN0,Non-OPEC Countries,2340.0,75.0
2004-12,NUS,U.S.,MP0,Persian Gulf Countries,255.0,8.0
2004-12,NUS,U.S.,NCA,Canada,366.0,12.0
2004-12,NUS,U.S.,NJA,Japan,320.0,10.0
2004-12,NUS,U.S.,NKS,Korea,589.0,19.0
2004-12,NUS,U.S.,NMX,Mexico,20.0,1.0
2004-12,NUS,U.S.,NSA,Saudi Arabia,115.0,4.0
2004-12,NUS,U.S.,NTC,United Arab Emirates,140.0,5.0
2004-12,NUS,U.S.,NVE,Venezuela,659.0,21.0
2004-12,NUS,U.S.,NVQ,Virgin Islands,1045.0,34.0
2004-12,NUS,U.S.,Z00,,3254.0,105.0
2004-12,R10,PADD 1,ME0,OPEC Countries,659.0,21.0
2004-12,R10,PADD 1,MN0,Non-OPEC Countries,1370.0,44.0
2004-12,R10,PADD 1,NCA,Canada,325.0,10.0
2004-12,R10,PADD 1,NVE,Venezuela,659.0,21.0
2004-12,R10,PADD 1,NVQ,Virgin Islands,1045.0,34.0
2004-12,R10,PADD 1,Z00,,2029.0,65.0
2004-12,R20,PADD 2,MN0,Non-OPEC Countries,29.0,1.0
2004-12,R20,PADD 2,NCA,Canada,29.0,1.0
2004-12,R20,PADD 2,Z00,,29.0,1.0
2004-12,R30,PADD 3,MN0,Non-OPEC Countries,20.0,1.0
2004-12,R30,PADD 3,NMX,Mexico,20.0,1.0
2004-12,R30,PADD 3,Z00,,20.0,1.0
2004-12,R40,PADD 4,MN0,Non-OPEC Countries,9.0,0.0
2004-12,R40,PADD 4,NCA,Canada,9.0,0.0
2004-12,R40,PADD 4,Z00,,9.0,0.0
2004-12,R50,PADD 5,ME0,OPEC Countries,255.0,8.0
2004-12,R50,PADD 5,MN0,Non-OPEC Countries,912.0,29.0
2004-12,R50,PADD 5,MP0,Persian Gulf Countries,255.0,8.0
2004-12,R50,PADD 5,NCA,Canada,3.0,0.0
2004-12,R50,PADD 5,NJA,Japan,320.0,10.0
2004-12,R50,PADD 5,NKS,Korea,589.0,19.0
2004-12,R50,PADD 5,NSA,Saudi Arabia,115.0,4.0
2004-12,R50,PADD 5,NTC,United Arab Emirates,140.0,5.0
2004-12,R50,PADD 5,Z00,,1167.0,38.0
2005-01,NUS,U.S.,ME0,OPEC Countries,712.0,23.0
2005-01,NUS,U.S.,MN0,Non-OPEC Countries,2557.0,82.0
2005-01,NUS,U.S.,MP0,Persian Gulf Countries,260.0,8.0
2005-01,NUS,U.S.,NCA,Canada,239.0,8.0
2005-01,NUS,U.S.,NKS,Korea,1346.0,43.0
2005-01,NUS,U.S.,NMX,Mexico,17.0,1.0
2005-01,NUS,U.S.,NSA,Saudi Arabia,260.0,8.0
2005-01,NUS,U.S.,NVE,Venezuela,452.0,15.0
2005-01,NUS,U.S.,NVQ,Virgin Islands,955.0,31.0
2005-01,NUS,U.S.,Z00,,3269.0,105.0
2005-01,R10,PADD 1,ME0,OPEC Countries,712.0,23.0
2005-01,R10,PADD 1,MN0,Non-OPEC Countries,1148.0,37.0
2005-01,R10,PADD 1,MP0,Persian Gulf Countries,260.0,8.0
2005-01,R10,PADD 1,NCA,Canada,193.0,6.0
2005-01,R10,PADD 1,NSA,Saudi Arabia,260.0,8.0
2005-01,R10,PADD 1,NVE,Venezuela,452.0,15.0
2005-01,R10,PADD 1,NVQ,Virgin Islands,955.0,31.0
2005-01,R10,PADD 1,Z00,,1860.0,60.0
2005-01,R20,PADD 2,MN0,Non-OPEC Countries,31.0,1.0
2005-01,R20,PADD 2,NCA,Canada,31.0,1.0
2005-01,R20,PADD 2,Z00,,31.0,1.0
2005-01,R30,PADD 3,MN0,Non-OPEC Countries,17.0,1.0
2005-01,R30,PADD 3,NMX,Mexico,17.0,1.0
2005-01,R30,PADD 3,Z00,,17.0,1.0
2005-01,R40,PADD 4,MN0,Non-OPEC Countries,10.0,0.0
2005-01,R40,PADD 4,NCA,Canada,10.0,0.0
2005-01,R40,PADD 4,Z00,,10.0,0.0
2005-01,R50,PADD 5,MN0,Non-OPEC Countries,1351.0,44.0
2005-01,R50,PADD 5,NCA,Canada,5.0,0.0
2005-01,R50,PADD 5,NKS,Korea,1346.0,43.0
2005-01,R50,PADD 5,Z00,,1351.0,44.0
2005-02,NUS,U.S.,ME0,OPEC Countries,1503.0,54.0
2005-02,NUS,U.S.,MN0,Non-OPEC Countries,2409.0,86.0
2005-02,NUS,U.S.,MP0,Persian Gulf Countries,210.0,8.0
2005-02,NUS,U.S.,NAA,Aruba,365.0,13.0
2005-02,NUS,U.S.,NCA,Canada,499.0,18.0
2005-02,NUS,U.S.,NMX,Mexico,17.0,1.0
2005-02,NUS,U.S.,NMY,Malaysia,200.0,7.0
2005-02,NUS,U.S.,NQA,Qatar,25.0,1.0
2005-02,NUS,U.S.,NSA,Saudi Arabia,185.0,7.0
2005-02,NUS,U.S.,NTW,Taiwan,600.0,21.0
2005-02,NUS,U.S.,NVE,Venezuela,1293.0,46.0
2005-02,NUS,U.S.,NVQ,Virgin Islands,728.0,26.0
2005-02,NUS,U.S.,Z00,,3912.0,140.0
2005-02,R10,PADD 1,ME0,OPEC Countries,1503.0,54.0
2005-02,R10,PADD 1,MN0,Non-OPEC Countries,1547.0,55.0
2005-02,R10,PADD 1,MP0,Persian Gulf Countries,210.0,8.0
2005-02,R10,PADD 1,NAA,Aruba,365.0,13.0
2005-02,R10,PADD 1,NCA,Canada,454.0,16.0
2005-02,R10,PADD 1,NQA,Qatar,25.0,1.0
2005-02,R10,PADD 1,NSA,Saudi Arabia,185.0,7.0
2005-02,R10,PADD 1,NVE,Venezuela,1293.0,46.0
2005-02,R10,PADD 1,NVQ,Virgin Islands,728.0,26.0
2005-02,R10,PADD 1,Z00,,3050.0,109.0
2005-02,R20,PADD 2,MN0,Non-OPEC Countries,34.0,1.0
2005-02,R20,PADD 2,NCA,Canada,34.0,1.0
2005-02,R20,PADD 2,Z00,,34.0,1.0
2005-02,R30,PADD 3,MN0,Non-OPEC Countries,17.0,1.0
2005-02,R30,PADD 3,NMX,Mexico,17.0,1.0
2005-02,R30,PADD 3,Z00,,17.0,1.0
2005-02,R40,PADD 4,MN0,Non-OPEC Countries,6.0,0.0
2005-02,R40,PADD 4,NCA,Canada,6.0,0.0
2005-02,R40,PADD 4,Z00,,6.0,0.0
2005-02,R50,PADD 5,MN0,Non-OPEC Countries,805.0,29.0
2005-02,R50,PADD 5,NCA,Canada,5.0,0.0
2005-02,R50,PADD 5,NMY,Malaysia,200.0,7.0
2005-02,R50,PADD 5,NTW,Taiwan,600.0,21.0
2005-02,R50,PADD 5,Z00,,805.0,29.0
2005-03,NUS,U.S.,ME0,OPEC Countries,1797.0,58.0
2005-03,NUS,U.S.,MN0,Non-OPEC Countries,3597.0,116.0
2005-03,NUS,U.S.,MP0,Persian Gulf Countries,161.0,5.0
2005-03,NUS,U.S.,NAA,Aruba,500.0,16.0
2005-03,NUS,U.S.,NCA,Canada,306.0,10.0
2005-03,NUS,U.S.,NKS,Korea,328.0,11.0
2005-03,NUS,U.S.,NMX,Mexico,309.0,10.0
2005-03,NUS,U.S.,NSA,Saudi Arabia,161.0,5.0
2005-03,NUS,U.S.,NSN,Singapore,840.0,27.0
2005-03,NUS,U.S.,NTD,Trinidad and Tobago,90.0,3.0
2005-03,NUS,U.S.,NTW,Taiwan,405.0,13.0
2005-03,NUS,U.S.,NVE,Venezuela,1636.0,53.0
2005-03,NUS,U.S.,NVQ,Virgin Islands,819.0,26.0
2005-03,NUS,U.S.,Z00,,5394.0,174.0
2005-03,R10,PADD 1,ME0,OPEC Countries,1508.0,49.0
2005-03,R10,PADD 1,MN0,Non-OPEC Countries,1528.0,49.0
2005-03,R10,PADD 1,MP0,Persian Gulf Countries,161.0,5.0
2005-03,R10,PADD 1,NAA,Aruba,407.0,13.0
2005-03,R10,PADD 1,NCA,Canada,267.0,9.0
2005-03,R10,PADD 1,NMX,Mexico,69.0,2.0
2005-03,R10,PADD 1,NSA,Saudi Arabia,161.0,5.0
2005-03,R10,PADD 1,NVE,Venezuela,1347.0,43.0
2005-03,R10,PADD 1,NVQ,Virgin Islands,785.0,25.0
2005-03,R10,PADD 1,Z00,,3036.0,98.0
2005-03,R20,PADD 2,MN0,Non-OPEC Countries,27.0,1.0
2005-03,R20,PADD 2,NCA,Canada,27.0,1.0
2005-03,R20,PADD 2,Z00,,27.0,1.0
2005-03,R30,PADD 3,MN0,Non-OPEC Countries,54.0,2.0
2005-03,R30,PADD 3,NMX,Mexico,20.0,1.0
2005-03,R30,PADD 3,NVQ,Virgin Islands,34.0,1.0
2005-03,R30,PADD 3,Z00,,54.0,2.0
2005-03,R40,PADD 4,MN0,Non-OPEC Countries,9.0,0.0
2005-03,R40,PADD 4,NCA,Canada,9.0,0.0
2005-03,R40,PADD 4,Z00,,9.0,0.0
2005-03,R50,PADD 5,ME0,OPEC Countries,289.0,9.0
2005-03,R50,PADD 5,MN0,Non-OPEC Countries,1979.0,64.0
2005-03,R50,PADD 5,NAA,Aruba,93.0,3.0
2005-03,R50,PADD 5,NCA,Canada,3.0,0.0
2005-03,R50,PADD 5,NKS,Korea,328.0,11.0
2005-03,R50,PADD 5,NMX,Mexico,220.0,7.0
2005-03,R50,PADD 5,NSN,Singapore,840.0,27.0
2005-03,R50,PADD 5,NTD,Trinidad and Tobago,90.0,3.0
2005-03,R50,PADD 5,NTW,Taiwan,405.0,13.0
2005-03,R50,PADD 5,NVE,Venezuela,289.0,9.0
2005-03,R50,PADD 5,Z00,,2268.0,73.0
2005-04,NUS,U.S.,ME0,OPEC Countries,1194.0,40.0
2005-04,NUS,U.S.,MN0,Non-OPEC Countries,2842.0,95.0
2005-04,NUS,U.S.,MP0,Persian Gulf Countries,607.0,20.0
2005-04,NUS,U.S.,NAA,Aruba,75.0,3.0
2005-04,NUS,U.S.,NCA,Canada,310.0,10.0
2005-04,NUS,U.S.,NIZ,Iraq,203.0,7.0
2005-04,NUS,U.S.,NKS,Korea,815.0,27.0
2005-04,NUS,U.S.,NKU,Kuwait,404.0,13.0
2005-04,NUS,U.S.,NMX,Mexico,237.0,8.0
2005-04,NUS,U.S.,NNL,Netherlands,321.0,11.0
2005-04,NUS,U.S.,NSN,Singapore,27.0,1.0
2005-04,NUS,U.S.,NTW,Taiwan,229.0,8.0
2005-04,NUS,U.S.,NVE,Venezuela,587.0,20.0
2005-04,NUS,U.S.,NVQ,Virgin Islands,828.0,28.0
2005-04,NUS,U.S.,Z00,,4036.0,135.0
2005-04,R10,PADD 1,ME0,OPEC Countries,542.0,18.0
2005-04,R10,PADD 1,MN0,Non-OPEC Countries,1343.0,45.0
2005-04,R10,PADD 1,MP0,Persian Gulf Countries,203.0,7.0
2005-04,R10,PADD 1,NCA,Canada,194.0,6.0
2005-04,R10,PADD 1,NIZ,Iraq,203.0,7.0
2005-04,R10,PADD 1,NNL,Netherlands,321.0,11.0
2005-04,R10,PADD 1,NVE,Venezuela,339.0,11.0
2005-04,R10,PADD 1,NVQ,Virgin Islands,828.0,28.0
2005-04,R10,PADD 1,Z00,,1885.0,63.0
2005-04,R20,PADD 2,MN0,Non-OPEC Countries,4.0,0.0
2005-04,R20,PADD 2,NCA,Canada,4.0,0.0
2005-04,R20,PADD 2,Z00,,4.0,0.0
2005-04,R30,PADD 3,MN0,Non-OPEC Countries,19.0,1.0
2005-04,R30,PADD 3,NMX,Mexico,19.0,1.0
2005-04,R30,PADD 3,Z00,,19.0,1.0
2005-04,R40,PADD 4,MN0,Non-OPEC Countries,9.0,0.0
2005-04,R40,PADD 4,NCA,Canada,9.0,0.0
2005-04,R40,PADD 4,Z00,,9.0,0.0
2005-04,R50,PADD 5,ME0,OPEC Countries,652.0,22.0
2005-04,R50,PADD 5,MN0,Non-OPEC Countries,1467.0,49.0
2005-04,R50,PADD 5,MP0,Persian Gulf Countries,404.0,13.0
2005-04,R50,PADD 5,NAA,Aruba,75.0,3.0
2005-04,R50,PADD 5,NCA,Canada,103.0,3.0
2005-04,R50,PADD 5,NKS,Korea,815.0,27.0
2005-04,R50,PADD 5,NKU,Kuwait,404.0,13.0
2005-04,R50,PADD 5,NMX,Mexico,218.0,7.0
2005-04,R50,PADD 5,NSN,Singapore,27.0,1.0
2005-04,R50,PADD 5,NTW,Taiwan,229.0,8.0
2005-04,R50,PADD 5,NVE,Venezuela,248.0,8.0
2005-04,R50,PADD 5,Z00,,2119.0,71.0
2005-05,NUS,U.S.,ME0,OPEC Countries,1509.0,49.0
2005-05,NUS,U.S.,MN0,Non-OPEC Countries,3151.0,102.0
2005-05,NUS,U.S.,MP0,Persian Gulf Countries,391.0,13.0
2005-05,NUS,U.S.,NAA,Aruba,58.0,2.0
2005-05,NUS,U.S.,NCA,Canada,203.0,7.0
2005-05,NUS,U.S.,NIN,India,496.0,16.0
2005-05,NUS,U.S.,NKS,Korea,582.0,19.0
2005-05,NUS,U.S.,NMX,Mexico,16.0,1.0
2005-05,NUS,U.S.,NRS,Russia,110.0,4.0
2005-05,NUS,U.S.,NSA,Saudi Arabia,391.0,13.0
2005-05,NUS,U.S.,NTD,Trinidad and Tobago,138.0,4.0
2005-05,NUS,U.S.,NTW,Taiwan,324.0,10.0
2005-05,NUS,U.S.,NVE,Venezuela,1118.0,36.0
2005-05,NUS,U.S.,NVQ,Virgin Islands,1224.0,39.0
2005-05,NUS,U.S.,Z00,,4660.0,150.0
2005-05,R10,PADD 1,ME0,OPEC Countries,1509.0,49.0
2005-05,R10,PADD 1,MN0,Non-OPEC Countries,1357.0,44.0
2005-05,R10,PADD 1,MP0,Persian Gulf Countries,391.0,13.0
2005-05,R10,PADD 1,NCA,Canada,192.0,6.0
2005-05,R10,PADD 1,NRS,Russia,110.0,4.0
2005-05,R10,PADD 1,NSA,Saudi Arabia,391.0,13.0
2005-05,R10,PADD 1,NTD,Trinidad and Tobago,138.0,4.0
2005-05,R10,PADD 1,NVE,Venezuela,1118.0,36.0
2005-05,R10,PADD 1,NVQ,Virgin Islands,917.0,30.0
2005-05,R10,PADD 1,Z00,,2866.0,92.0
2005-05,R20,PADD 2,MN0,Non-OPEC Countries,2.0,0.0
2005-05,R20,PADD 2,NCA,Canada,2.0,0.0
2005-05,R20,PADD 2,Z00,,2.0,0.0
2005-05,R30,PADD 3,MN0,Non-OPEC Countries,16.0,1.0
2005-05,R30,PADD 3,NMX,Mexico,16.0,1.0
2005-05,R30,PADD 3,Z00,,16.0,1.0
2005-05,R40,PADD 4,MN0,Non-OPEC Countries,6.0,0.0
2005-05,R40,PADD 4,NCA,Canada,6.0,0.0
2005-05,R40,PADD 4,Z00,,6.0,0.0
2005-05,R50,PADD 5,MN0,Non-OPEC Countries,1770.0,57.0
2005-05,R50,PADD 5,NAA,Aruba,58.0,2.0
2005-05,R50,PADD 5,NCA,Canada,3.0,0.0
2005-05,R50,PADD 5,NIN,India,496.0,16.0
2005-05,R50,PADD 5,NKS,Korea,582.0,19.0
2005-05,R50,PADD 5,NTW,Taiwan,324.0,10.0
2005-05,R50,PADD 5,NVQ,Virgin Islands,307.0,10.0
2005-05,R50,PADD 5,Z00,,1770.0,57.0
2005-06,NUS,U.S.,ME0,OPEC Countries,645.0,22.0
2005-06,NUS,U.S.,MN0,Non-OPEC Countries,2404.0,80.0
2005-06,NUS,U.S.,NAG,Algeria,201.0,7.0
2005-06,NUS,U.S.,NCA,Canada,387.0,13.0
2005-06,NUS,U.S.,NKS,Korea,777.0,26.0
2005-06,NUS,U.S.,NMX,Mexico,53.0,2.0
2005-06,NUS,U.S.,NTD,Trinidad and Tobago,102.0,3.0
2005-06,NUS,U.S.,NTW,Taiwan,278.0,9.0
2005-06,NUS,U.S.,NVE,Venezuela,444.0,15.0
2005-06,NUS,U.S.,NVQ,Virgin Islands,807.0,27.0
2005-06,NUS,U.S.,Z00,,3049.0,102.0
2005-06,R10,PADD 1,ME0,OPEC Countries,645.0,22.0
2005-06,R10,PADD 1,MN0,Non-OPEC Countries,1267.0,42.0
2005-06,R10,PADD 1,NAG,Algeria,201.0,7.0
2005-06,R10,PADD 1,NCA,Canada,323.0,11.0
2005-06,R10,PADD 1,NMX,Mexico,35.0,1.0
2005-06,R10,PADD 1,NTD,Trinidad and Tobago,102.0,3.0
2005-06,R10,PADD 1,NVE,Venezuela,444.0,15.0
2005-06,R10,PADD 1,NVQ,Virgin Islands,807.0,27.0
2005-06,R10,PADD 1,Z00,,1912.0,64.0
2005-06,R20,PADD 2,MN0,Non-OPEC Countries,1.0,0.0
2005-06,R20,PADD 2,NCA,Canada,1.0,0.0
2005-06,R20,PADD 2,Z00,,1.0,0.0
2005-06,R30,PADD 3,MN0,Non-OPEC Countries,18.0,1.0
2005-06,R30,PADD 3,NMX,Mexico,18.0,1.0
2005-06,R30,PADD 3,Z00,,18.0,1.0
2005-06,R40,PADD 4,MN0,Non-OPEC Countries,10.0,0.0
2005-06,R40,PADD 4,NCA,Canada,10.0,0.0
2005-06,R40,PADD 4,Z00,,10.0,0.0
2005-06,R50,PADD 5,MN0,Non-OPEC Countries,1108.0,37.0
2005-06,R50,PADD 5,NCA,Canada,53.0,2.0
2005-06,R50,PADD 5,NKS,Korea,777.0,26.0
2005-06,R50,PADD 5,NTW,Taiwan,278.0,9.0
2005-06,R50,PADD 5,Z00,,1108.0,37.0
2005-07,NUS,U.S.,ME0,OPEC Countries,1734.0,56.0
2005-07,NUS,U.S.,MN0,Non-OPEC Countries,3670.0,118.0
2005-07,NUS,U.S.,MP0,Persian Gulf Countries,431.0,14.0
2005-07,NUS,U.S.,NAG,Algeria,171.0,6.0
2005-07,NUS,U.S.,NCA,Canada,294.0,9.0
2005-07,NUS,U.S.,NIZ,Iraq,342.0,11.0
2005-07,NUS,U.S.,NKS,Korea,1067.0,34.0
2005-07,NUS,U.S.,NMX,Mexico,70.0,2.0
2005-07,NUS,U.S.,NNA,Netherlands Antilles,60.0,2.0
2005-07,NUS,U.S.,NRS,Russia,215.0,7.0
2005-07,NUS,U.S.,NSA,Saudi Arabia,89.0,3.0
2005-07,NUS,U.S.,NSN,Singapore,550.0,18.0
2005-07,NUS,U.S.,NTW,Taiwan,880.0,28.0
2005-07,NUS,U.S.,NVE,Venezuela,1132.0,37.0
2005-07,NUS,U.S.,NVQ,Virgin Islands,534.0,17.0
2005-07,NUS,U.S.,Z00,,5404.0,174.0
2005-07,R10,PADD 1,ME0,OPEC Countries,1734.0,56.0
2005-07,R10,PADD 1,MN0,Non-OPEC Countries,926.0,30.0
2005-07,R10,PADD 1,MP0,Persian Gulf Countries,431.0,14.0
2005-07,R10,PADD 1,NAG,Algeria,171.0,6.0
2005-07,R10,PADD 1,NCA,Canada,282.0,9.0
2005-07,R10,PADD 1,NIZ,Iraq,342.0,11.0
2005-07,R10,PADD 1,NMX,Mexico,50.0,2.0
2005-07,R10,PADD 1,NNA,Netherlands Antilles,60.0,2.0
2005-07,R10,PADD 1,NSA,Saudi Arabia,89.0,3.0
2005-07,R10,PADD 1,NVE,Venezuela,1132.0,37.0
2005-07,R10,PADD 1,NVQ,Virgin Islands,534.0,17.0
2005-07,R10,PADD 1,Z00,,2660.0,86.0
2005-07,R20,PADD 2,MN0,Non-OPEC Countries,2.0,0.0
2005-07,R20,PADD 2,NCA,Canada,2.0,0.0
2005-07,R20,PADD 2,Z00,,2.0,0.0
2005-07,R30,PADD 3,MN0,Non-OPEC Countries,20.0,1.0
2005-07,R30,PADD 3,NMX,Mexico,20.0,1.0
2005-07,R30,PADD 3,Z00,,20.0,1.0
2005-07,R40,PADD 4,MN0,Non-OPEC Countries,5.0,0.0
2005-07,R40,PADD 4,NCA,Canada,5.0,0.0
2005-07,R40,PADD 4,Z00,,5.0,0.0
2005-07,R50,PADD 5,MN0,Non-OPEC Countries,2717.0,88.0
2005-07,R50,PADD 5,NCA,Canada,5.0,0.0
2005-07,R50,PADD 5,NKS,Korea,1067.0,34.0
2005-07,R50,PADD 5,NRS,Russia,215.0,7.0
2005-07,R50,PADD 5,NSN,Singapore,550.0,18.0
2005-07,R50,PADD 5,NTW,Taiwan,880.0,28.0
2005-07,R50,PADD 5,Z00,,2717.0,88.0
2005-08,NUS,U.S.,ME0,OPEC Countries,639.0,21.0
2005-08,NUS,U.S.,MN0,Non-OPEC Countries,3923.0,127.0
2005-08,NUS,U.S.,MP0,Persian Gulf Countries,400.0,13.0
2005-08,NUS,U.S.,NAA,Aruba,197.0,6.0
2005-08,NUS,U.S.,NCA,Canada,288.0,9.0
2005-08,NUS,U.S.,NJA,Japan,299.0,10.0
2005-08,NUS,U.S.,NKS,Korea,1932.0,62.0
2005-08,NUS,U.S.,NMX,Mexico,154.0,5.0
2005-08,NUS,U.S.,NSA,Saudi Arabia,400.0,13.0
2005-08,NUS,U.S.,NSN,Singapore,249.0,8.0
2005-08,NUS,U.S.,NTW,Taiwan,299.0,10.0
2005-08,NUS,U.S.,NVE,Venezuela,239.0,8.0
2005-08,NUS,U.S.,NVQ,Virgin Islands,505.0,16.0
2005-08,NUS,U.S.,Z00,,4562.0,147.0
2005-08,R10,PADD 1,ME0,OPEC Countries,639.0,21.0
2005-08,R10,PADD 1,MN0,Non-OPEC Countries,910.0,29.0
2005-08,R10,PADD 1,MP0,Persian Gulf Countries,400.0,13.0
2005-08,R10,PADD 1,NCA,Canada,275.0,9.0
2005-08,R10,PADD 1,NMX,Mexico,130.0,4.0
2005-08,R10,PADD 1,NSA,Saudi Arabia,400.0,13.0
2005-08,R10,PADD 1,NVE,Venezuela,239.0,8.0
2005-08,R10,PADD 1,NVQ,Virgin Islands,505.0,16.0
2005-08,R10,PADD 1,Z00,,1549.0,50.0
2005-08,R20,PADD 2,MN0,Non-OPEC Countries,1.0,0.0
2005-08,R20,PADD 2,NCA,Canada,1.0,0.0
2005-08,R20,PADD 2,Z00,,1.0,0.0
2005-08,R30,PADD 3,MN0,Non-OPEC Countries,24.0,1.0
2005-08,R30,PADD 3,NMX,Mexico,24.0,1.0
2005-08,R30,PADD 3,Z00,,24.0,1.0
2005-08,R40,PADD 4,MN0,Non-OPEC Countries,9.0,0.0
2005-08,R40,PADD 4,NCA,Canada,9.0,0.0
2005-08,R40,PADD 4,Z00,,9.0,0.0
2005-08,R50,PADD 5,MN0,Non-OPEC Countries,2979.0,96.0
2005-08,R50,PADD 5,NAA,Aruba,197.0,6.0
2005-08,R50,PADD 5,NCA,Canada,3.0,0.0
2005-08,R50,PADD 5,NJA,Japan,299.0,10.0
2005-08,R50,PADD 5,NKS,Korea,1932.0,62.0
2005-08,R50,PADD 5,NSN,Singapore,249.0,8.0
2005-08,R50,PADD 5,NTW,Taiwan,299.0,10.0
2005-08,R50,PADD 5,Z00,,2979.0,96.0
2005-09,NUS,U.S.,ME0,OPEC Countries,1370.0,46.0
2005-09,NUS,U.S.,MN0,Non-OPEC Countries,7203.0,240.0
2005-09,NUS,U.S.,MP0,Persian Gulf Countries,790.0,26.0
2005-09,NUS,U.S.,NAA,Aruba,92.0,3.0
2005-09,NUS,U.S.,NAG,Algeria,5.0,0.0
2005-09,NUS,U.S.,NCA,Canada,752.0,25.0
2005-09,NUS,U.S.,NCO,Colombia,431.0,14.0
2005-09,NUS,U.S.,NIN,India,817.0,27.0
2005-09,NUS,U.S.,NIZ,Iraq,171.0,6.0
2005-09,NUS,U.S.,NJA,Japan,99.0,3.0
2005-09,NUS,U.S.,NKS,Korea,2349.0,78.0
2005-09,NUS,U.S.,NMX,Mexico,325.0,11.0
2005-09,NUS,U.S.,NNA,Netherlands Antilles,104.0,3.0
2005-09,NUS,U.S.,NSA,Saudi Arabia,619.0,21.0
2005-09,NUS,U.S.,NSN,Singapore,300.0,10.0
2005-09,NUS,U.S.,NTD,Trinidad and Tobago,143.0,5.0
2005-09,NUS,U.S.,NTW,Taiwan,320.0,11.0
2005-09,NUS,U.S.,NUK,United Kingdom,105.0,4.0
2005-09,NUS,U.S.,NVE,Venezuela,575.0,19.0
2005-09,NUS,U.S.,NVQ,Virgin Islands,1366.0,46.0
2005-09,NUS,U.S.,Z00,,8573.0,286.0
2005-09,R10,PADD 1,ME0,OPEC Countries,1370.0,46.0
2005-09,R10,PADD 1,MN0,Non-OPEC Countries,2791.0,93.0
2005-09,R10,PADD 1,MP0,Persian Gulf Countries,790.0,26.0
2005-09,R10,PADD 1,NAA,Aruba,12.0,0.0
2005-09,R10,PADD 1,NAG,Algeria,5.0,0.0
2005-09,R10,PADD 1,NCA,Canada,742.0,25.0
2005-09,R10,PADD 1,NIN,India,326.0,11.0
2005-09,R10,PADD 1,NIZ,Iraq,171.0,6.0
2005-09,R10,PADD 1,NMX,Mexico,73.0,2.0
2005-09,R10,PADD 1,NNA,Netherlands Antilles,24.0,1.0
2005-09,R10,PADD 1,NSA,Saudi Arabia,619.0,21.0
2005-09,R10,PADD 1,NTD,Trinidad and Tobago,143.0,5.0
2005-09,R10,PADD 1,NUK,United Kingdom,105.0,4.0
2005-09,R10,PADD 1,NVE,Venezuela,575.0,19.0
2005-09,R10,PADD 1,NVQ,Virgin Islands,1366.0,46.0
2005-09,R10,PADD 1,Z00,,4161.0,139.0
2005-09,R30,PADD 3,MN0,Non-OPEC Countries,472.0,16.0
2005-09,R30,PADD 3,NCO,Colombia,220.0,7.0
2005-09,R30,PADD 3,NMX,Mexico,252.0,8.0
2005-09,R30,PADD 3,Z00,,472.0,16.0
2005-09,R40,PADD 4,MN0,Non-OPEC Countries,7.0,0.0
2005-09,R40,PADD 4,NCA,Canada,7.0,0.0
2005-09,R40,PADD 4,Z00,,7.0,0.0
2005-09,R50,PADD 5,MN0,Non-OPEC Countries,3933.0,131.0
2005-09,R50,PADD 5,NAA,Aruba,80.0,3.0
2005-09,R50,PADD 5,NCA,Canada,3.0,0.0
2005-09,R50,PADD 5,NCO,Colombia,211.0,7.0
2005-09,R50,PADD 5,NIN,India,491.0,16.0
2005-09,R50,PADD 5,NJA,Japan,99.0,3.0
2005-09,R50,PADD 5,NKS,Korea,2349.0,78.0
2005-09,R50,PADD 5,NNA,Netherlands Antilles,80.0,3.0
2005-09,R50,PADD 5,NSN,Singapore,300.0,10.0
2005-09,R50,PADD 5,NTW,Taiwan,320.0,11.0
2005-09,R50,PADD 5,Z00,,3933.0,131.0
2005-10,NUS,U.S.,ME0,OPEC Countries,3050.0,98.0
2005-10,NUS,U.S.,MN0,Non-OPEC Countries,8447.0,272.0
2005-10,NUS,U.S.,MP0,Persian Gulf Countries,1411.0,46.0
2005-10,NUS,U.S.,NAA,Aruba,1048.0,34.0
2005-10,NUS,U.S.,NAG,Algeria,155.0,5.0
2005-10,NUS,U.S.,NBE,Belgium,287.0,9.0
2005-10,NUS,U.S.,NCA,Canada,236.0,8.0
2005-10,NUS,U.S.,NFR,France,850.0,27.0
2005-10,NUS,U.S.,NJA,Japan,782.0,25.0
2005-10,NUS,U.S.,NKS,Korea,2917.0,94.0
2005-10,NUS,U.S.,NKU,Kuwait,1411.0,46.0
2005-10,NUS,U.S.,NMX,Mexico,248.0,8.0
2005-10,NUS,U.S.,NTD,Trinidad and Tobago,220.0,7.0
2005-10,NUS,U.S.,NVE,Venezuela,1484.0,48.0
2005-10,NUS,U.S.,NVQ,Virgin Islands,1859.0,60.0
2005-10,NUS,U.S.,Z00,,11497.0,371.0
2005-10,R10,PADD 1,ME0,OPEC Countries,2398.0,77.0
2005-10,R10,PADD 1,MN0,Non-OPEC Countries,2709.0,87.0
2005-10,R10,PADD 1,MP0,Persian Gulf Countries,784.0,25.0
2005-10,R10,PADD 1,NAA,Aruba,289.0,9.0
2005-10,R10,PADD 1,NAG,Algeria,155.0,5.0
2005-10,R10,PADD 1,NBE,Belgium,287.0,9.0
2005-10,R10,PADD 1,NCA,Canada,229.0,7.0
2005-10,R10,PADD 1,NKU,Kuwait,784.0,25.0
2005-10,R10,PADD 1,NTD,Trinidad and Tobago,220.0,7.0
2005-10,R10,PADD 1,NVE,Venezuela,1459.0,47.0
2005-10,R10,PADD 1,NVQ,Virgin Islands,1684.0,54.0
2005-10,R10,PADD 1,Z00,,5107.0,165.0
2005-10,R20,PADD 2,MN0,Non-OPEC Countries,1.0,0.0
2005-10,R20,PADD 2,NCA,Canada,1.0,0.0
2005-10,R20,PADD 2,Z00,,1.0,0.0
2005-10,R30,PADD 3,ME0,OPEC Countries,627.0,20.0
2005-10,R30,PADD 3,MN0,Non-OPEC Countries,2646.0,85.0
2005-10,R30,PADD 3,MP0,Persian Gulf Countries,627.0,20.0
2005-10,R30,PADD 3,NAA,Aruba,759.0,24.0
2005-10,R30,PADD 3,NFR,France,850.0,27.0
2005-10,R30,PADD 3,NJA,Japan,299.0,10.0
2005-10,R30,PADD 3,NKS,Korea,315.0,10.0
2005-10,R30,PADD 3,NKU,Kuwait,627.0,20.0
2005-10,R30,PADD 3,NMX,Mexico,248.0,8.0
2005-10,R30,PADD 3,NVQ,Virgin Islands,175.0,6.0
2005-10,R30,PADD 3,Z00,,3273.0,106.0
2005-10,R40,PADD 4,ME0,OPEC Countries,25.0,1.0
2005-10,R40,PADD 4,MN0,Non-OPEC Countries,3.0,0.0
2005-10,R40,PADD 4,NCA,Canada,3.0,0.0
2005-10,R40,PADD 4,NVE,Venezuela,25.0,1.0
2005-10,R40,PADD 4,Z00,,28.0,1.0
2005-10,R50,PADD 5,MN0,Non-OPEC Countries,3088.0,100.0
2005-10,R50,PADD 5,NCA,Canada,3.0,0.0
2005-10,R50,PADD 5,NJA,Japan,483.0,16.0
2005-10,R50,PADD 5,NKS,Korea,2602.0,84.0
2005-10,R50,PADD 5,Z00,,3088.0,100.0
2005-11,NUS,U.S.,ME0,OPEC Countries,2167.0,72.0
2005-11,NUS,U.S.,MN0,Non-OPEC Countries,5516.0,184.0
2005-11,NUS,U.S.,MP0,Persian Gulf Countries,832.0,28.0
2005-11,NUS,U.S.,NAA,Aruba,766.0,26.0
2005-11,NUS,U.S.,NAR,Argentina,268.0,9.0
2005-11,NUS,U.S.,NBE,Belgium,287.0,10.0
2005-11,NUS,U.S.,NCA,Canada,397.0,13.0
2005-11,NUS,U.S.,NCH,China,103.0,3.0
2005-11,NUS,U.S.,NIN,India,233.0,8.0
2005-11,NUS,U.S.,NJA,Japan,41.0,1.0
2005-11,NUS,U.S.,NKS,Korea,1699.0,57.0
2005-11,NUS,U.S.,NKU,Kuwait,288.0,10.0
2005-11,NUS,U.S.,NMX,Mexico,354.0,12.0
2005-11,NUS,U.S.,NNL,Netherlands,252.0,8.0
2005-11,NUS,U.S.,NSA,Saudi Arabia,544.0,18.0
2005-11,NUS,U.S.,NTD,Trinidad and Tobago,7.0,0.0
2005-11,NUS,U.S.,NTW,Taiwan,315.0,11.0
2005-11,NUS,U.S.,NVE,Venezuela,1335.0,45.0
2005-11,NUS,U.S.,NVQ,Virgin Islands,794.0,26.0
2005-11,NUS,U.S.,Z00,,7683.0,256.0
2005-11,R10,PADD 1,ME0,OPEC Countries,1879.0,63.0
2005-11,R10,PADD 1,MN0,Non-OPEC Countries,2729.0,91.0
2005-11,R10,PADD 1,MP0,Persian Gulf Countries,544.0,18.0
2005-11,R10,PADD 1,NAA,Aruba,482.0,16.0
2005-11,R10,PADD 1,NAR,Argentina,89.0,3.0
2005-11,R10,PADD 1,NBE,Belgium,287.0,10.0
2005-11,R10,PADD 1,NCA,Canada,394.0,13.0
2005-11,R10,PADD 1,NCH,China,103.0,3.0
2005-11,R10,PADD 1,NIN,India,233.0,8.0
2005-11,R10,PADD 1,NMX,Mexico,340.0,11.0
2005-11,R10,PADD 1,NSA,Saudi Arabia,544.0,18.0
2005-11,R10,PADD 1,NTD,Trinidad and Tobago,7.0,0.0
2005-11,R10,PADD 1,NVE,Venezuela,1335.0,45.0
2005-11,R10,PADD 1,NVQ,Virgin Islands,794.0,26.0
2005-11,R10,PADD 1,Z00,,4608.0,154.0
2005-11,R30,PADD 3,ME0,OPEC Countries,288.0,10.0
2005-11,R30,PADD 3,MN0,Non-OPEC Countries,1044.0,35.0
2005-11,R30,PADD 3,MP0,Persian Gulf Countries,288.0,10.0
2005-11,R30,PADD 3,NAA,Aruba,284.0,9.0
2005-11,R30,PADD 3,NAR,Argentina,179.0,6.0
2005-11,R30,PADD 3,NKU,Kuwait,288.0,10.0
2005-11,R30,PADD 3,NMX,Mexico,14.0,0.0
2005-11,R30,PADD 3,NNL,Netherlands,252.0,8.0
2005-11,R30,PADD 3,NTW,Taiwan,315.0,11.0
2005-11,R30,PADD 3,Z00,,1332.0,44.0
2005-11,R50,PADD 5,MN0,Non-OPEC Countries,1743.0,58.0
2005-11,R50,PADD 5,NCA,Canada,3.0,0.0
2005-11,R50,PADD 5,NJA,Japan,41.0,1.0
2005-11,R50,PADD 5,NKS,Korea,1699.0,57.0
2005-11,R50,PADD 5,Z00,,1743.0,58.0
2005-12,NUS,U.S.,ME0,OPEC Countries,2876.0,93.0
2005-12,NUS,U.S.,MN0,Non-OPEC Countries,4548.0,147.0
2005-12,NUS,U.S.,MP0,Persian Gulf Countries,813.0,26.0
2005-12,NUS,U.S.,NAA,Aruba,170.0,5.0
2005-12,NUS,U.S.,NCA,Canada,257.0,8.0
2005-12,NUS,U.S.,NKS,Korea,1479.0,48.0
2005-12,NUS,U.S.,NKU,Kuwait,515.0,17.0
2005-12,NUS,U.S.,NMX,Mexico,321.0,10.0
2005-12,NUS,U.S.,NSA,Saudi Arabia,298.0,10.0
2005-12,NUS,U.S.,NSN,Singapore,314.0,10.0
2005-12,NUS,U.S.,NTD,Trinidad and Tobago,220.0,7.0
2005-12,NUS,U.S.,NTW,Taiwan,621.0,20.0
2005-12,NUS,U.S.,NVE,Venezuela,2063.0,67.0
2005-12,NUS,U.S.,NVQ,Virgin Islands,1166.0,38.0
2005-12,NUS,U.S.,Z00,,7424.0,239.0
2005-12,R10,PADD 1,ME0,OPEC Countries,2000.0,65.0
2005-12,R10,PADD 1,MN0,Non-OPEC Countries,1808.0,58.0
2005-12,R10,PADD 1,NAA,Aruba,170.0,5.0
2005-12,R10,PADD 1,NCA,Canada,252.0,8.0
2005-12,R10,PADD 1,NTD,Trinidad and Tobago,220.0,7.0
2005-12,R10,PADD 1,NVE,Venezuela,2000.0,65.0
2005-12,R10,PADD 1,NVQ,Virgin Islands,1166.0,38.0
2005-12,R10,PADD 1,Z00,,3808.0,123.0
2005-12,R30,PADD 3,ME0,OPEC Countries,813.0,26.0
2005-12,R30,PADD 3,MN0,Non-OPEC Countries,13.0,0.0
2005-12,R30,PADD 3,MP0,Persian Gulf Countries,813.0,26.0
2005-12,R30,PADD 3,NKU,Kuwait,515.0,17.0
2005-12,R30,PADD 3,NMX,Mexico,13.0,0.0
2005-12,R30,PADD 3,NSA,Saudi Arabia,298.0,10.0
2005-12,R30,PADD 3,Z00,,826.0,27.0
2005-12,R40,PADD 4,ME0,OPEC Countries,63.0,2.0
2005-12,R40,PADD 4,NVE,Venezuela,63.0,2.0
2005-12,R40,PADD 4,Z00,,63.0,2.0
2005-12,R50,PADD 5,MN0,Non-OPEC Countries,2727.0,88.0
2005-12,R50,PADD 5,NCA,Canada,5.0,0.0
2005-12,R50,PADD 5,NKS,Korea,1479.0,48.0
2005-12,R50,PADD 5,NMX,Mexico,308.0,10.0
2005-12,R50,PADD 5,NSN,Singapore,314.0,10.0
2005-12,R50,PADD 5,NTW,Taiwan,621.0,20.0
2005-12,R50,PADD 5,Z00,,2727.0,88.0
2006-01,NUS,U.S.,ME0,OPEC Countries,1281.0,41.0
2006-01,NUS,U.S.,MN0,Non-OPEC Countries,4299.0,139.0
2006-01,NUS,U.S.,NAA,Aruba,706.0,23.0
2006-01,NUS,U.S.,NAG,Algeria,251.0,8.0
2006-01,NUS,U.S.,NCA,Canada,378.0,12.0
2006-01,NUS,U.S.,NCH,China,50.0,2.0
2006-01,NUS,U.S.,NIN,India,300.0,10.0
2006-01,NUS,U.S.,NKS,Korea,1180.0,38.0
2006-01,NUS,U.S.,NMX,Mexico,319.0,10.0
2006-01,NUS,U.S.,NNO,Norway,25.0,1.0
2006-01,NUS,U.S.,NVE,Venezuela,1030.0,33.0
2006-01,NUS,U.S.,NVQ,Virgin Islands,1341.0,43.0
2006-01,NUS,U.S.,Z00,,5580.0,180.0
2006-01,R10,PADD 1,ME0,OPEC Countries,1005.0,32.0
2006-01,R10,PADD 1,MN0,Non-OPEC Countries,2717.0,88.0
2006-01,R10,PADD 1,NAA,Aruba,706.0,23.0
2006-01,R10,PADD 1,NCA,Canada,370.0,12.0
2006-01,R10,PADD 1,NIN,India,300.0,10.0
2006-01,R10,PADD 1,NVE,Venezuela,1005.0,32.0
2006-01,R10,PADD 1,NVQ,Virgin Islands,1341.0,43.0
2006-01,R10,PADD 1,Z00,,3722.0,120.0
2006-01,R20,PADD 2,MN0,Non-OPEC Countries,1.0,0.0
2006-01,R20,PADD 2,NCA,Canada,1.0,0.0
2006-01,R20,PADD 2,Z00,,1.0,0.0
2006-01,R30,PADD 3,ME0,OPEC Countries,25.0,1.0
2006-01,R30,PADD 3,MN0,Non-OPEC Countries,67.0,2.0
2006-01,R30,PADD 3,NMX,Mexico,42.0,1.0
2006-01,R30,PADD 3,NNO,Norway,25.0,1.0
2006-01,R30,PADD 3,NVE,Venezuela,25.0,1.0
2006-01,R30,PADD 3,Z00,,92.0,3.0
2006-01,R40,PADD 4,MN0,Non-OPEC Countries,2.0,0.0
2006-01,R40,PADD 4,NCA,Canada,2.0,0.0
2006-01,R40,PADD 4,Z00,,2.0,0.0
2006-01,R50,PADD 5,ME0,OPEC Countries,251.0,8.0
2006-01,R50,PADD 5,MN0,Non-OPEC Countries,1512.0,49.0
2006-01,R50,PADD 5,NAG,Algeria,251.0,8.0
2006-01,R50,PADD 5,NCA,Canada,5.0,0.0
2006-01,R50,PADD 5,NCH,China,50.0,2.0
2006-01,R50,PADD 5,NKS,Korea,1180.0,38.0
2006-01,R50,PADD 5,NMX,Mexico,277.0,9.0
2006-01,R50,PADD 5,Z00,,1763.0,57.0
2006-02,NUS,U.S.,ME0,OPEC Countries,1308.0,47.0
2006-02,NUS,U.S.,MN0,Non-OPEC Countries,2140.0,76.0
2006-02,NUS,U.S.,MP0,Persian Gulf Countries,39.0,1.0
2006-02,NUS,U.S.,NAA,Aruba,124.0,4.0
2006-02,NUS,U.S.,NAG,Algeria,165.0,6.0
2006-02,NUS,U.S.,NCA,Canada,257.0,9.0
2006-02,NUS,U.S.,NKS,Korea,753.0,27.0
2006-02,NUS,U.S.,NKU,Kuwait,39.0,1.0
2006-02,NUS,U.S.,NMX,Mexico,60.0,2.0
2006-02,NUS,U.S.,NUK,United Kingdom,40.0,1.0
2006-02,NUS,U.S.,NVE,Venezuela,1104.0,39.0
2006-02,NUS,U.S.,NVQ,Virgin Islands,906.0,32.0
2006-02,NUS,U.S.,Z00,,3448.0,123.0
2006-02,R10,PADD 1,ME0,OPEC Countries,1068.0,38.0
2006-02,R10,PADD 1,MN0,Non-OPEC Countries,1298.0,46.0
2006-02,R10,PADD 1,MP0,Persian Gulf Countries,39.0,1.0
2006-02,R10,PADD 1,NAA,Aruba,59.0,2.0
2006-02,R10,PADD 1,NAG,Algeria,165.0,6.0
2006-02,R10,PADD 1,NCA,Canada,251.0,9.0
2006-02,R10,PADD 1,NKU,Kuwait,39.0,1.0
2006-02,R10,PADD 1,NMX,Mexico,42.0,2.0
2006-02,R10,PADD 1,NUK,United Kingdom,40.0,1.0
2006-02,R10,PADD 1,NVE,Venezuela,864.0,31.0
2006-02,R10,PADD 1,NVQ,Virgin Islands,906.0,32.0
2006-02,R10,PADD 1,Z00,,2366.0,85.0
2006-02,R30,PADD 3,MN0,Non-OPEC Countries,18.0,1.0
2006-02,R30,PADD 3,NMX,Mexico,18.0,1.0
2006-02,R30,PADD 3,Z00,,18.0,1.0
2006-02,R40,PADD 4,MN0,Non-OPEC Countries,1.0,0.0
2006-02,R40,PADD 4,NCA,Canada,1.0,0.0
2006-02,R40,PADD 4,Z00,,1.0,0.0
2006-02,R50,PADD 5,ME0,OPEC Countries,240.0,9.0
2006-02,R50,PADD 5,MN0,Non-OPEC Countries,823.0,29.0
2006-02,R50,PADD 5,NAA,Aruba,65.0,2.0
2006-02,R50,PADD 5,NCA,Canada,5.0,0.0
2006-02,R50,PADD 5,NKS,Korea,753.0,27.0
2006-02,R50,PADD 5,NVE,Venezuela,240.0,9.0
2006-02,R50,PADD 5,Z00,,1063.0,38.0
2006-03,NUS,U.S.,ME0,OPEC Countries,1127.0,36.0
2006-03,NUS,U.S.,MN0,Non-OPEC Countries,2526.0,81.0
2006-03,NUS,U.S.,MP0,Persian Gulf Countries,628.0,20.0
2006-03,NUS,U.S.,NAA,Aruba,287.0,9.0
2006-03,NUS,U.S.,NCA,Canada,257.0,8.0
2006-03,NUS,U.S.,NKS,Korea,322.0,10.0
2006-03,NUS,U.S.,NMX,Mexico,48.0,2.0
2006-03,NUS,U.S.,NSA,Saudi Arabia,628.0,20.0
2006-03,NUS,U.S.,NTD,Trinidad and Tobago,240.0,8.0
2006-03,NUS,U.S.,NVE,Venezuela,499.0,16.0
2006-03,NUS,U.S.,NVQ,Virgin Islands,1372.0,44.0
2006-03,NUS,U.S.,Z00,,3653.0,118.0
2006-03,R10,PADD 1,ME0,OPEC Countries,499.0,16.0
2006-03,R10,PADD 1,MN0,Non-OPEC Countries,1524.0,49.0
2006-03,R10,PADD 1,NAA,Aruba,287.0,9.0
2006-03,R10,PADD 1,NCA,Canada,254.0,8.0
2006-03,R10,PADD 1,NMX,Mexico,27.0,1.0
2006-03,R10,PADD 1,NVE,Venezuela,499.0,16.0
2006-03,R10,PADD 1,NVQ,Virgin Islands,956.0,31.0
2006-03,R10,PADD 1,Z00,,2023.0,65.0
2006-03,R30,PADD 3,MN0,Non-OPEC Countries,261.0,8.0
2006-03,R30,PADD 3,NMX,Mexico,21.0,1.0
2006-03,R30,PADD 3,NTD,Trinidad and Tobago,240.0,8.0
2006-03,R30,PADD 3,Z00,,261.0,8.0
2006-03,R50,PADD 5,ME0,OPEC Countries,628.0,20.0
2006-03,R50,PADD 5,MN0,Non-OPEC Countries,741.0,24.0
2006-03,R50,PADD 5,MP0,Persian Gulf Countries,628.0,20.0
2006-03,R50,PADD 5,NCA,Canada,3.0,0.0
2006-03,R50,PADD 5,NKS,Korea,322.0,10.0
2006-03,R50,PADD 5,NSA,Saudi Arabia,628.0,20.0
2006-03,R50,PADD 5,NVQ,Virgin Islands,416.0,13.0
2006-03,R50,PADD 5,Z00,,1369.0,44.0
2006-04,NUS,U.S.,ME0,OPEC Countries,1949.0,65.0
2006-04,NUS,U.S.,MN0,Non-OPEC Countries,4586.0,153.0
2006-04,NUS,U.S.,NAA,Aruba,300.0,10.0
2006-04,NUS,U.S.,NAR,Argentina,49.0,2.0
2006-04,NUS,U.S.,NCA,Canada,187.0,6.0
2006-04,NUS,U.S.,NCO,Colombia,226.0,8.0
2006-04,NUS,U.S.,NIN,India,303.0,10.0
2006-04,NUS,U.S.,NKS,Korea,2171.0,72.0
2006-04,NUS,U.S.,NMX,Mexico,11.0,0.0
2006-04,NUS,U.S.,NSN,Singapore,304.0,10.0
2006-04,NUS,U.S.,NVE,Venezuela,1949.0,65.0
2006-04,NUS,U.S.,NVQ,Virgin Islands,1035.0,35.0
2006-04,NUS,U.S.,Z00,,6535.0,218.0
2006-04,R10,PADD 1,ME0,OPEC Countries,1949.0,65.0
2006-04,R10,PADD 1,MN0,Non-OPEC Countries,1790.0,60.0
2006-04,R10,PADD 1,NAA,Aruba,300.0,10.0
2006-04,R10,PADD 1,NAR,Argentina,49.0,2.0
2006-04,R10,PADD 1,NCA,Canada,180.0,6.0
2006-04,R10,PADD 1,NCO,Colombia,226.0,8.0
2006-04,R10,PADD 1,NVE,Venezuela,1949.0,65.0
2006-04,R10,PADD 1,NVQ,Virgin Islands,1035.0,35.0
2006-04,R10,PADD 1,Z00,,3739.0,125.0
2006-04,R30,PADD 3,MN0,Non-OPEC Countries,11.0,0.0
2006-04,R30,PADD 3,NMX,Mexico,11.0,0.0
2006-04,R30,PADD 3,Z00,,11.0,0.0
2006-04,R40,PADD 4,MN0,Non-OPEC Countries,3.0,0.0
2006-04,R40,PADD 4,NCA,Canada,3.0,0.0
2006-04,R40,PADD 4,Z00,,3.0,0.0
2006-04,R50,PADD 5,MN0,Non-OPEC Countries,2782.0,93.0
2006-04,R50,PADD 5,NCA,Canada,4.0,0.0
2006-04,R50,PADD 5,NIN,India,303.0,10.0
2006-04,R50,PADD 5,NKS,Korea,2171.0,72.0
2006-04,R50,PADD 5,NSN,Singapore,304.0,10.0
2006-04,R50,PADD 5,Z00,,2782.0,93.0
2006-05,NUS,U.S.,ME0,OPEC Countries,1816.0,59.0
2006-05,NUS,U.S.,MN0,Non-OPEC Countries,5319.0,172.0
2006-05,NUS,U.S.,NAA,Aruba,500.0,16.0
2006-05,NUS,U.S.,NCA,Canada,211.0,7.0
2006-05,NUS,U.S.,NCO,Colombia,227.0,7.0
2006-05,NUS,U.S.,NJA,Japan,299.0,10.0
2006-05,NUS,U.S.,NKS,Korea,1391.0,45.0
2006-05,NUS,U.S.,NMX,Mexico,235.0,8.0
2006-05,NUS,U.S.,NSN,Singapore,314.0,10.0
2006-05,NUS,U.S.,NTD,Trinidad and Tobago,240.0,8.0
2006-05,NUS,U.S.,NTW,Taiwan,299.0,10.0
2006-05,NUS,U.S.,NVE,Venezuela,1816.0,59.0
2006-05,NUS,U.S.,NVQ,Virgin Islands,1603.0,52.0
2006-05,NUS,U.S.,Z00,,7135.0,230.0
2006-05,R10,PADD 1,ME0,OPEC Countries,1557.0,50.0
2006-05,R10,PADD 1,MN0,Non-OPEC Countries,2499.0,81.0
2006-05,R10,PADD 1,NAA,Aruba,225.0,7.0
2006-05,R10,PADD 1,NCA,Canada,204.0,7.0
2006-05,R10,PADD 1,NCO,Colombia,227.0,7.0
2006-05,R10,PADD 1,NTD,Trinidad and Tobago,240.0,8.0
2006-05,R10,PADD 1,NVE,Venezuela,1557.0,50.0
2006-05,R10,PADD 1,NVQ,Virgin Islands,1603.0,52.0
2006-05,R10,PADD 1,Z00,,4056.0,131.0
2006-05,R20,PADD 2,MN0,Non-OPEC Countries,1.0,0.0
2006-05,R20,PADD 2,NCA,Canada,1.0,0.0
2006-05,R20,PADD 2,Z00,,1.0,0.0
2006-05,R30,PADD 3,ME0,OPEC Countries,259.0,8.0
2006-05,R30,PADD 3,MN0,Non-OPEC Countries,290.0,9.0
2006-05,R30,PADD 3,NAA,Aruba,275.0,9.0
2006-05,R30,PADD 3,NMX,Mexico,15.0,0.0
2006-05,R30,PADD 3,NVE,Venezuela,259.0,8.0
2006-05,R30,PADD 3,Z00,,549.0,18.0
2006-05,R40,PADD 4,MN0,Non-OPEC Countries,2.0,0.0
2006-05,R40,PADD 4,NCA,Canada,2.0,0.0
2006-05,R40,PADD 4,Z00,,2.0,0.0
2006-05,R50,PADD 5,MN0,Non-OPEC Countries,2527.0,82.0
2006-05,R50,PADD 5,NCA,Canada,4.0,0.0
2006-05,R50,PADD 5,NJA,Japan,299.0,10.0
2006-05,R50,PADD 5,NKS,Korea,1391.0,45.0
2006-05,R50,PADD 5,NMX,Mexico,220.0,7.0
2006-05,R50,PADD 5,NSN,Singapore,314.0,10.0
2006-05,R50,PADD 5,NTW,Taiwan,299.0,10.0
2006-05,R50,PADD 5,Z00,,2527.0,82.0
2006-06,NUS,U.S.,ME0,OPEC Countries,600.0,20.0
2006-06,NUS,U.S.,MN0,Non-OPEC Countries,5110.0,170.0
2006-06,NUS,U.S.,NCA,Canada,268.0,9.0
2006-06,NUS,U.S.,NCO,Colombia,153.0,5.0
2006-06,NUS,U.S.,NJA,Japan,378.0,13.0
2006-06,NUS,U.S.,NKS,Korea,1761.0,59.0
2006-06,NUS,U.S.,NMX,Mexico,568.0,19.0
2006-06,NUS,U.S.,NTW,Taiwan,598.0,20.0
2006-06,NUS,U.S.,NVE,Venezuela,600.0,20.0
2006-06,NUS,U.S.,NVQ,Virgin Islands,1384.0,46.0
2006-06,NUS,U.S.,Z00,,5710.0,190.0
2006-06,R10,PADD 1,ME0,OPEC Countries,600.0,20.0
2006-06,R10,PADD 1,MN0,Non-OPEC Countries,1907.0,64.0
2006-06,R10,PADD 1,NCA,Canada,259.0,9.0
2006-06,R10,PADD 1,NCO,Colombia,153.0,5.0
2006-06,R10,PADD 1,NMX,Mexico,111.0,4.0
2006-06,R10,PADD 1,NVE,Venezuela,600.0,20.0
2006-06,R10,PADD 1,NVQ,Virgin Islands,1384.0,46.0
2006-06,R10,PADD 1,Z00,,2507.0,84.0
2006-06,R20,PADD 2,MN0,Non-OPEC Countries,1.0,0.0
2006-06,R20,PADD 2,NCA,Canada,1.0,0.0
2006-06,R20,PADD 2,Z00,,1.0,0.0
2006-06,R30,PADD 3,MN0,Non-OPEC Countries,18.0,1.0
2006-06,R30,PADD 3,NMX,Mexico,18.0,1.0
2006-06,R30,PADD 3,Z00,,18.0,1.0
2006-06,R40,PADD 4,MN0,Non-OPEC Countries,5.0,0.0
2006-06,R40,PADD 4,NCA,Canada,5.0,0.0
2006-06,R40,PADD 4,Z00,,5.0,0.0
2006-06,R50,PADD 5,MN0,Non-OPEC Countries,3179.0,106.0
2006-06,R50,PADD 5,NCA,Canada,3.0,0.0
2006-06,R50,PADD 5,NJA,Japan,378.0,13.0
2006-06,R50,PADD 5,NKS,Korea,1761.0,59.0
2006-06,R50,PADD 5,NMX,Mexico,439.0,15.0
2006-06,R50,PADD 5,NTW,Taiwan,598.0,20.0
2006-06,R50,PADD 5,Z00,,3179.0,106.0
2006-07,NUS,U.S.,ME0,OPEC Countries,1003.0,32.0
2006-07,NUS,U.S.,MN0,Non-OPEC Countries,5218.0,168.0
2006-07,NUS,U.S.,NAA,Aruba,80.0,3.0
2006-07,NUS,U.S.,NCA,Canada,225.0,7.0
2006-07,NUS,U.S.,NIN,India,782.0,25.0
2006-07,NUS,U.S.,NJA,Japan,38.0,1.0
2006-07,NUS,U.S.,NKS,Korea,1166.0,38.0
2006-07,NUS,U.S.,NMX,Mexico,367.0,12.0
2006-07,NUS,U.S.,NSN,Singapore,660.0,21.0
2006-07,NUS,U.S.,NTD,Trinidad and Tobago,215.0,7.0
2006-07,NUS,U.S.,NTW,Taiwan,314.0,10.0
2006-07,NUS,U.S.,NVE,Venezuela,1003.0,32.0
2006-07,NUS,U.S.,NVQ,Virgin Islands,1371.0,44.0
2006-07,NUS,U.S.,Z00,,6221.0,201.0
2006-07,R10,PADD 1,ME0,OPEC Countries,959.0,31.0
2006-07,R10,PADD 1,MN0,Non-OPEC Countries,1883.0,61.0
2006-07,R10,PADD 1,NAA,Aruba,80.0,3.0
2006-07,R10,PADD 1,NCA,Canada,217.0,7.0
2006-07,R10,PADD 1,NTD,Trinidad and Tobago,215.0,7.0
2006-07,R10,PADD 1,NVE,Venezuela,959.0,31.0
2006-07,R10,PADD 1,NVQ,Virgin Islands,1371.0,44.0
2006-07,R10,PADD 1,Z00,,2842.0,92.0
2006-07,R30,PADD 3,MN0,Non-OPEC Countries,31.0,1.0
2006-07,R30,PADD 3,NMX,Mexico,31.0,1.0
2006-07,R30,PADD 3,Z00,,31.0,1.0
2006-07,R40,PADD 4,ME0,OPEC Countries,25.0,1.0
2006-07,R40,PADD 4,MN0,Non-OPEC Countries,3.0,0.0
2006-07,R40,PADD 4,NCA,Canada,3.0,0.0
2006-07,R40,PADD 4,NVE,Venezuela,25.0,1.0
2006-07,R40,PADD 4,Z00,,28.0,1.0
2006-07,R50,PADD 5,ME0,OPEC Countries,19.0,1.0
2006-07,R50,PADD 5,MN0,Non-OPEC Countries,3301.0,106.0
2006-07,R50,PADD 5,NCA,Canada,5.0,0.0
2006-07,R50,PADD 5,NIN,India,782.0,25.0
2006-07,R50,PADD 5,NJA,Japan,38.0,1.0
2006-07,R50,PADD 5,NKS,Korea,1166.0,38.0
2006-07,R50,PADD 5,NMX,Mexico,336.0,11.0
2006-07,R50,PADD 5,NSN,Singapore,660.0,21.0
2006-07,R50,PADD 5,NTW,Taiwan,314.0,10.0
2006-07,R50,PADD 5,NVE,Venezuela,19.0,1.0
2006-07,R50,PADD 5,Z00,,3320.0,107.0
2006-08,NUS,U.S.,ME0,OPEC Countries,1415.0,46.0
2006-08,NUS,U.S.,MN0,Non-OPEC Countries,6537.0,211.0
2006-08,NUS,U.S.,MP0,Persian Gulf Countries,439.0,14.0
2006-08,NUS,U.S.,NAA,Aruba,129.0,4.0
2006-08,NUS,U.S.,NCA,Canada,409.0,13.0
2006-08,NUS,U.S.,NIN,India,315.0,10.0
2006-08,NUS,U.S.,NJA,Japan,38.0,1.0
2006-08,NUS,U.S.,NKS,Korea,3577.0,115.0
2006-08,NUS,U.S.,NKU,Kuwait,439.0,14.0
2006-08,NUS,U.S.,NMX,Mexico,24.0,1.0
2006-08,NUS,U.S.,NSN,Singapore,329.0,11.0
2006-08,NUS,U.S.,NTW,Taiwan,300.0,10.0
2006-08,NUS,U.S.,NVE,Venezuela,976.0,31.0
2006-08,NUS,U.S.,NVQ,Virgin Islands,1416.0,46.0
2006-08,NUS,U.S.,Z00,,7952.0,257.0
2006-08,R10,PADD 1,ME0,OPEC Countries,1051.0,34.0
2006-08,R10,PADD 1,MN0,Non-OPEC Countries,1946.0,63.0
2006-08,R10,PADD 1,MP0,Persian Gulf Countries,100.0,3.0
2006-08,R10,PADD 1,NAA,Aruba,129.0,4.0
2006-08,R10,PADD 1,NCA,Canada,401.0,13.0
2006-08,R10,PADD 1,NKU,Kuwait,100.0,3.0
2006-08,R10,PADD 1,NVE,Venezuela,951.0,31.0
2006-08,R10,PADD 1,NVQ,Virgin Islands,1416.0,46.0
2006-08,R10,PADD 1,Z00,,2997.0,97.0
2006-08,R20,PADD 2,MN0,Non-OPEC Countries,1.0,0.0
2006-08,R20,PADD 2,NCA,Canada,1.0,0.0
2006-08,R20,PADD 2,Z00,,1.0,0.0
2006-08,R30,PADD 3,ME0,OPEC Countries,339.0,11.0
2006-08,R30,PADD 3,MN0,Non-OPEC Countries,235.0,8.0
2006-08,R30,PADD 3,MP0,Persian Gulf Countries,339.0,11.0
2006-08,R30,PADD 3,NKS,Korea,228.0,7.0
2006-08,R30,PADD 3,NKU,Kuwait,339.0,11.0
2006-08,R30,PADD 3,NMX,Mexico,7.0,0.0
2006-08,R30,PADD 3,Z00,,574.0,19.0
2006-08,R40,PADD 4,ME0,OPEC Countries,25.0,1.0
2006-08,R40,PADD 4,MN0,Non-OPEC Countries,21.0,1.0
2006-08,R40,PADD 4,NCA,Canada,4.0,0.0
2006-08,R40,PADD 4,NMX,Mexico,17.0,1.0
2006-08,R40,PADD 4,NVE,Venezuela,25.0,1.0
2006-08,R40,PADD 4,Z00,,46.0,1.0
2006-08,R50,PADD 5,MN0,Non-OPEC Countries,4334.0,140.0
2006-08,R50,PADD 5,NCA,Canada,3.0,0.0
2006-08,R50,PADD 5,NIN,India,315.0,10.0
2006-08,R50,PADD 5,NJA,Japan,38.0,1.0
2006-08,R50,PADD 5,NKS,Korea,3349.0,108.0
2006-08,R50,PADD 5,NSN,Singapore,329.0,11.0
2006-08,R50,PADD 5,NTW,Taiwan,300.0,10.0
2006-08,R50,PADD 5,Z00,,4334.0,140.0
2006-09,NUS,U.S.,ME0,OPEC Countries,747.0,25.0
2006-09,NUS,U.S.,MN0,Non-OPEC Countries,6286.0,210.0
2006-09,NUS,U.S.,NAA,Aruba,133.0,4.0
2006-09,NUS,U.S.,NBR,Brazil,25.0,1.0
2006-09,NUS,U.S.,NCA,Canada,188.0,6.0
2006-09,NUS,U.S.,NCH,China,126.0,4.0
2006-09,NUS,U.S.,NJA,Japan,533.0,18.0
2006-09,NUS,U.S.,NKS,Korea,3417.0,114.0
2006-09,NUS,U.S.,NMX,Mexico,7.0,0.0
2006-09,NUS,U.S.,NSN,Singapore,331.0,11.0
2006-09,NUS,U.S.,NVE,Venezuela,747.0,25.0
2006-09,NUS,U.S.,NVQ,Virgin Islands,1526.0,51.0
2006-09,NUS,U.S.,Z00,,7033.0,234.0
2006-09,R10,PADD 1,ME0,OPEC Countries,719.0,24.0
2006-09,R10,PADD 1,MN0,Non-OPEC Countries,1783.0,59.0
2006-09,R10,PADD 1,NAA,Aruba,133.0,4.0
2006-09,R10,PADD 1,NCA,Canada,183.0,6.0
2006-09,R10,PADD 1,NJA,Japan,216.0,7.0
2006-09,R10,PADD 1,NVE,Venezuela,719.0,24.0
2006-09,R10,PADD 1,NVQ,Virgin Islands,1251.0,42.0
2006-09,R10,PADD 1,Z00,,2502.0,83.0
2006-09,R30,PADD 3,MN0,Non-OPEC Countries,7.0,0.0
2006-09,R30,PADD 3,NMX,Mexico,7.0,0.0
2006-09,R30,PADD 3,Z00,,7.0,0.0
2006-09,R40,PADD 4,ME0,OPEC Countries,28.0,1.0
2006-09,R40,PADD 4,MN0,Non-OPEC Countries,25.0,1.0
2006-09,R40,PADD 4,NBR,Brazil,25.0,1.0
2006-09,R40,PADD 4,NVE,Venezuela,28.0,1.0
2006-09,R40,PADD 4,Z00,,53.0,2.0
2006-09,R50,PADD 5,MN0,Non-OPEC Countries,4471.0,149.0
2006-09,R50,PADD 5,NCA,Canada,5.0,0.0
2006-09,R50,PADD 5,NCH,China,126.0,4.0
2006-09,R50,PADD 5,NJA,Japan,317.0,11.0
2006-09,R50,PADD 5,NKS,Korea,3417.0,114.0
2006-09,R50,PADD 5,NSN,Singapore,331.0,11.0
2006-09,R50,PADD 5,NVQ,Virgin Islands,275.0,9.0
2006-09,R50,PADD 5,Z00,,4471.0,149.0
2006-10,NUS,U.S.,ME0,OPEC Countries,917.0,30.0
2006-10,NUS,U.S.,MN0,Non-OPEC Countries,4385.0,141.0
2006-10,NUS,U.S.,NAA,Aruba,324.0,10.0
2006-10,NUS,U.S.,NBR,Brazil,25.0,1.0
2006-10,NUS,U.S.,NCA,Canada,52.0,2.0
2006-10,NUS,U.S.,NIN,India,304.0,10.0
2006-10,NUS,U.S.,NJA,Japan,446.0,14.0
2006-10,NUS,U.S.,NKS,Korea,1266.0,41.0
2006-10,NUS,U.S.,NMX,Mexico,437.0,14.0
2006-10,NUS,U.S.,NSN,Singapore,326.0,11.0
2006-10,NUS,U.S.,NVE,Venezuela,917.0,30.0
2006-10,NUS,U.S.,NVQ,Virgin Islands,1205.0,39.0
2006-10,NUS,U.S.,Z00,,5302.0,171.0
2006-10,R10,PADD 1,ME0,OPEC Countries,655.0,21.0
2006-10,R10,PADD 1,MN0,Non-OPEC Countries,1273.0,41.0
2006-10,R10,PADD 1,NAA,Aruba,10.0,0.0
2006-10,R10,PADD 1,NCA,Canada,48.0,2.0
2006-10,R10,PADD 1,NMX,Mexico,10.0,0.0
2006-10,R10,PADD 1,NVE,Venezuela,655.0,21.0
2006-10,R10,PADD 1,NVQ,Virgin Islands,1205.0,39.0
2006-10,R10,PADD 1,Z00,,1928.0,62.0
2006-10,R20,PADD 2,MN0,Non-OPEC Countries,1.0,0.0
2006-10,R20,PADD 2,NCA,Canada,1.0,0.0
2006-10,R20,PADD 2,Z00,,1.0,0.0
2006-10,R30,PADD 3,MN0,Non-OPEC Countries,647.0,21.0
2006-10,R30,PADD 3,NAA,Aruba,314.0,10.0
2006-10,R30,PADD 3,NKS,Korea,326.0,11.0
2006-10,R30,PADD 3,NMX,Mexico,7.0,0.0
2006-10,R30,PADD 3,Z00,,647.0,21.0
2006-10,R40,PADD 4,ME0,OPEC Countries,22.0,1.0
2006-10,R40,PADD 4,MN0,Non-OPEC Countries,25.0,1.0
2006-10,R40,PADD 4,NBR,Brazil,25.0,1.0
2006-10,R40,PADD 4,NVE,Venezuela,22.0,1.0
2006-10,R40,PADD 4,Z00,,47.0,2.0
2006-10,R50,PADD 5,ME0,OPEC Countries,240.0,8.0
2006-10,R50,PADD 5,MN0,Non-OPEC Countries,2439.0,79.0
2006-10,R50,PADD 5,NCA,Canada,3.0,0.0
2006-10,R50,PADD 5,NIN,India,304.0,10.0
2006-10,R50,PADD 5,NJA,Japan,446.0,14.0
2006-10,R50,PADD 5,NKS,Korea,940.0,30.0
2006-10,R50,PADD 5,NMX,Mexico,420.0,14.0
2006-10,R50,PADD 5,NSN,Singapore,326.0,11.0
2006-10,R50,PADD 5,NVE,Venezuela,240.0,8.0
2006-10,R50,PADD 5,Z00,,2679.0,86.0
2006-11,NUS,U.S.,ME0,OPEC Countries,228.0,8.0
2006-11,NUS,U.S.,MN0,Non-OPEC Countries,2812.0,94.0
2006-11,NUS,U.S.,NAA,Aruba,564.0,19.0
2006-11,NUS,U.S.,NAG,Algeria,20.0,1.0
2006-11,NUS,U.S.,NCA,Canada,54.0,2.0
2006-11,NUS,U.S.,NCO,Colombia,92.0,3.0
2006-11,NUS,U.S.,NKS,Korea,586.0,20.0
2006-11,NUS,U.S.,NMX,Mexico,30.0,1.0
2006-11,NUS,U.S.,NSN,Singapore,320.0,11.0
2006-11,NUS,U.S.,NVE,Venezuela,208.0,7.0
2006-11,NUS,U.S.,NVQ,Virgin Islands,1166.0,39.0
2006-11,NUS,U.S.,Z00,,3040.0,101.0
2006-11,R10,PADD 1,ME0,OPEC Countries,208.0,7.0
2006-11,R10,PADD 1,MN0,Non-OPEC Countries,1894.0,63.0
2006-11,R10,PADD 1,NAA,Aruba,564.0,19.0
2006-11,R10,PADD 1,NCA,Canada,49.0,2.0
2006-11,R10,PADD 1,NCO,Colombia,92.0,3.0
2006-11,R10,PADD 1,NMX,Mexico,23.0,1.0
2006-11,R10,PADD 1,NVE,Venezuela,208.0,7.0
2006-11,R10,PADD 1,NVQ,Virgin Islands,1166.0,39.0
2006-11,R10,PADD 1,Z00,,2102.0,70.0
2006-11,R20,PADD 2,ME0,OPEC Countries,20.0,1.0
2006-11,R20,PADD 2,MN0,Non-OPEC Countries,2.0,0.0
2006-11,R20,PADD 2,NAG,Algeria,20.0,1.0
2006-11,R20,PADD 2,NCA,Canada,2.0,0.0
2006-11,R20,PADD 2,Z00,,22.0,1.0
2006-11,R30,PADD 3,MN0,Non-OPEC Countries,7.0,0.0
2006-11,R30,PADD 3,NMX,Mexico,7.0,0.0
2006-11,R30,PADD 3,Z00,,7.0,0.0
2006-11,R50,PADD 5,MN0,Non-OPEC Countries,909.0,30.0
2006-11,R50,PADD 5,NCA,Canada,3.0,0.0
2006-11,R50,PADD 5,NKS,Korea,586.0,20.0
2006-11,R50,PADD 5,NSN,Singapore,320.0,11.0
2006-11,R50,PADD 5,Z00,,909.0,30.0
2006-12,NUS,U.S.,ME0,OPEC Countries,1279.0,41.0
2006-12,NUS,U.S.,MN0,Non-OPEC Countries,4828.0,156.0
2006-12,NUS,U.S.,NAA,Aruba,319.0,10.0
2006-12,NUS,U.S.,NCA,Canada,53.0,2.0
2006-12,NUS,U.S.,NJA,Japan,300.0,10.0
2006-12,NUS,U.S.,NKS,Korea,2209.0,71.0
2006-12,NUS,U.S.,NMX,Mexico,206.0,7.0
2006-12,NUS,U.S.,NSN,Singapore,263.0,8.0
2006-12,NUS,U.S.,NTW,Taiwan,186.0,6.0
2006-12,NUS,U.S.,NVE,Venezuela,1279.0,41.0
2006-12,NUS,U.S.,NVQ,Virgin Islands,1292.0,42.0
2006-12,NUS,U.S.,Z00,,6107.0,197.0
2006-12,R10,PADD 1,ME0,OPEC Countries,1279.0,41.0
2006-12,R10,PADD 1,MN0,Non-OPEC Countries,1338.0,43.0
2006-12,R10,PADD 1,NCA,Canada,46.0,1.0
2006-12,R10,PADD 1,NVE,Venezuela,1279.0,41.0
2006-12,R10,PADD 1,NVQ,Virgin Islands,1292.0,42.0
2006-12,R10,PADD 1,Z00,,2617.0,84.0
2006-12,R20,PADD 2,MN0,Non-OPEC Countries,2.0,0.0
2006-12,R20,PADD 2,NCA,Canada,2.0,0.0
2006-12,R20,PADD 2,Z00,,2.0,0.0
2006-12,R30,PADD 3,MN0,Non-OPEC Countries,308.0,10.0
2006-12,R30,PADD 3,NJA,Japan,300.0,10.0
2006-12,R30,PADD 3,NMX,Mexico,8.0,0.0
2006-12,R30,PADD 3,Z00,,308.0,10.0
2006-12,R40,PADD 4,MN0,Non-OPEC Countries,2.0,0.0
2006-12,R40,PADD 4,NCA,Canada,2.0,0.0
2006-12,R40,PADD 4,Z00,,2.0,0.0
2006-12,R50,PADD 5,MN0,Non-OPEC Countries,3178.0,103.0
2006-12,R50,PADD 5,NAA,Aruba,319.0,10.0
2006-12,R50,PADD 5,NCA,Canada,3.0,0.0
2006-12,R50,PADD 5,NKS,Korea,2209.0,71.0
2006-12,R50,PADD 5,NMX,Mexico,198.0,6.0
2006-12,R50,PADD 5,NSN,Singapore,263.0,8.0
2006-12,R50,PADD 5,NTW,Taiwan,186.0,6.0
2006-12,R50,PADD 5,Z00,,3178.0,103.0
2007-01,NUS,U.S.,ME0,OPEC Countries,719.0,23.0
2007-01,NUS,U.S.,MN0,Non-OPEC Countries,4716.0,152.0
2007-01,NUS,U.S.,NAA,Aruba,458.0,15.0
2007-01,NUS,U.S.,NCA,Canada,205.0,7.0
2007-01,NUS,U.S.,NCO,Colombia,222.0,7.0
2007-01,NUS,U.S.,NKS,Korea,2087.0,67.0
2007-01,NUS,U.S.,NMX,Mexico,33.0,1.0
2007-01,NUS,U.S.,NVE,Venezuela,719.0,23.0
2007-01,NUS,U.S.,NVQ,Virgin Islands,1711.0,55.0
2007-01,NUS,U.S.,Z00,,5435.0,175.0
2007-01,R10,PADD 1,ME0,OPEC Countries,719.0,23.0
2007-01,R10,PADD 1,MN0,Non-OPEC Countries,1987.0,64.0
2007-01,R10,PADD 1,NAA,Aruba,85.0,3.0
2007-01,R10,PADD 1,NCA,Canada,166.0,5.0
2007-01,R10,PADD 1,NMX,Mexico,25.0,1.0
2007-01,R10,PADD 1,NVE,Venezuela,719.0,23.0
2007-01,R10,PADD 1,NVQ,Virgin Islands,1711.0,55.0
2007-01,R10,PADD 1,Z00,,2706.0,87.0
2007-01,R20,PADD 2,MN0,Non-OPEC Countries,1.0,0.0
2007-01,R20,PADD 2,NCA,Canada,1.0,0.0
2007-01,R20,PADD 2,Z00,,1.0,0.0
2007-01,R30,PADD 3,MN0,Non-OPEC Countries,8.0,0.0
2007-01,R30,PADD 3,NMX,Mexico,8.0,0.0
2007-01,R30,PADD 3,Z00,,8.0,0.0
2007-01,R50,PADD 5,MN0,Non-OPEC Countries,2720.0,88.0
2007-01,R50,PADD 5,NAA,Aruba,373.0,12.0
2007-01,R50,PADD 5,NCA,Canada,38.0,1.0
2007-01,R50,PADD 5,NCO,Colombia,222.0,7.0
2007-01,R50,PADD 5,NKS,Korea,2087.0,67.0
2007-01,R50,PADD 5,Z00,,2720.0,88.0
2007-02,NUS,U.S.,ME0,OPEC Countries,2140.0,76.0
2007-02,NUS,U.S.,MN0,Non-OPEC Countries,4203.0,150.0
2007-02,NUS,U.S.,MP0,Persian Gulf Countries,894.0,32.0
2007-02,NUS,U.S.,NAG,Algeria,25.0,1.0
2007-02,NUS,U.S.,NBR,Brazil,25.0,1.0
2007-02,NUS,U.S.,NCA,Canada,445.0,16.0
2007-02,NUS,U.S.,NCH,China,209.0,7.0
2007-02,NUS,U.S.,NJA,Japan,240.0,9.0
2007-02,NUS,U.S.,NKS,Korea,1228.0,44.0
2007-02,NUS,U.S.,NKU,Kuwait,270.0,10.0
2007-02,NUS,U.S.,NMX,Mexico,224.0,8.0
2007-02,NUS,U.S.,NNO,Norway,25.0,1.0
2007-02,NUS,U.S.,NSA,Saudi Arabia,624.0,22.0
2007-02,NUS,U.S.,NSN,Singapore,315.0,11.0
2007-02,NUS,U.S.,NTW,Taiwan,330.0,12.0
2007-02,NUS,U.S.,NVE,Venezuela,1221.0,44.0
2007-02,NUS,U.S.,NVQ,Virgin Islands,1162.0,42.0
2007-02,NUS,U.S.,Z00,,6343.0,227.0
2007-02,R10,PADD 1,ME0,OPEC Countries,1228.0,44.0
2007-02,R10,PADD 1,MN0,Non-OPEC Countries,1596.0,57.0
2007-02,R10,PADD 1,MP0,Persian Gulf Countries,270.0,10.0
2007-02,R10,PADD 1,NCA,Canada,434.0,16.0
2007-02,R10,PADD 1,NKU,Kuwait,270.0,10.0
2007-02,R10,PADD 1,NVE,Venezuela,958.0,34.0
2007-02,R10,PADD 1,NVQ,Virgin Islands,1162.0,42.0
2007-02,R10,PADD 1,Z00,,2824.0,101.0
2007-02,R30,PADD 3,MN0,Non-OPEC Countries,7.0,0.0
2007-02,R30,PADD 3,NMX,Mexico,7.0,0.0
2007-02,R30,PADD 3,Z00,,7.0,0.0
2007-02,R40,PADD 4,ME0,OPEC Countries,25.0,1.0
2007-02,R40,PADD 4,MN0,Non-OPEC Countries,50.0,2.0
2007-02,R40,PADD 4,NAG,Algeria,25.0,1.0
2007-02,R40,PADD 4,NBR,Brazil,25.0,1.0
2007-02,R40,PADD 4,NNO,Norway,25.0,1.0
2007-02,R40,PADD 4,Z00,,75.0,3.0
2007-02,R50,PADD 5,ME0,OPEC Countries,887.0,32.0
2007-02,R50,PADD 5,MN0,Non-OPEC Countries,2550.0,91.0
2007-02,R50,PADD 5,MP0,Persian Gulf Countries,624.0,22.0
2007-02,R50,PADD 5,NCA,Canada,11.0,0.0
2007-02,R50,PADD 5,NCH,China,209.0,7.0
2007-02,R50,PADD 5,NJA,Japan,240.0,9.0
2007-02,R50,PADD 5,NKS,Korea,1228.0,44.0
2007-02,R50,PADD 5,NMX,Mexico,217.0,8.0
2007-02,R50,PADD 5,NSA,Saudi Arabia,624.0,22.0
2007-02,R50,PADD 5,NSN,Singapore,315.0,11.0
2007-02,R50,PADD 5,NTW,Taiwan,330.0,12.0
2007-02,R50,PADD 5,NVE,Venezuela,263.0,9.0
2007-02,R50,PADD 5,Z00,,3437.0,123.0
2007-03,NUS,U.S.,ME0,OPEC Countries,1631.0,53.0
2007-03,NUS,U.S.,MN0,Non-OPEC Countries,6078.0,196.0
2007-03,NUS,U.S.,MP0,Persian Gulf Countries,343.0,11.0
2007-03,NUS,U.S.,NCA,Canada,135.0,4.0
2007-03,NUS,U.S.,NIN,India,869.0,28.0
2007-03,NUS,U.S.,NJA,Japan,92.0,3.0
2007-03,NUS,U.S.,NKS,Korea,3437.0,111.0
2007-03,NUS,U.S.,NKU,Kuwait,343.0,11.0
2007-03,NUS,U.S.,NMX,Mexico,8.0,0.0
2007-03,NUS,U.S.,NVE,Venezuela,1288.0,42.0
2007-03,NUS,U.S.,NVQ,Virgin Islands,1537.0,50.0
2007-03,NUS,U.S.,Z00,,7709.0,249.0
2007-03,R10,PADD 1,ME0,OPEC Countries,1035.0,33.0
2007-03,R10,PADD 1,MN0,Non-OPEC Countries,1880.0,61.0
2007-03,R10,PADD 1,NCA,Canada,123.0,4.0
2007-03,R10,PADD 1,NIN,India,220.0,7.0
2007-03,R10,PADD 1,NVE,Venezuela,1035.0,33.0
2007-03,R10,PADD 1,NVQ,Virgin Islands,1537.0,50.0
2007-03,R10,PADD 1,Z00,,2915.0,94.0
2007-03,R30,PADD 3,ME0,OPEC Countries,253.0,8.0
2007-03,R30,PADD 3,MN0,Non-OPEC Countries,8.0,0.0
2007-03,R30,PADD 3,NMX,Mexico,8.0,0.0
2007-03,R30,PADD 3,NVE,Venezuela,253.0,8.0
2007-03,R30,PADD 3,Z00,,261.0,8.0
2007-03,R50,PADD 5,ME0,OPEC Countries,343.0,11.0
2007-03,R50,PADD 5,MN0,Non-OPEC Countries,4190.0,135.0
2007-03,R50,PADD 5,MP0,Persian Gulf Countries,343.0,11.0
2007-03,R50,PADD 5,NCA,Canada,12.0,0.0
2007-03,R50,PADD 5,NIN,India,649.0,21.0
2007-03,R50,PADD 5,NJA,Japan,92.0,3.0
2007-03,R50,PADD 5,NKS,Korea,3437.0,111.0
2007-03,R50,PADD 5,NKU,Kuwait,343.0,11.0
2007-03,R50,PADD 5,Z00,,4533.0,146.0
2007-04,NUS,U.S.,ME0,OPEC Countries,1364.0,45.0
2007-04,NUS,U.S.,MN0,Non-OPEC Countries,8123.0,271.0
2007-04,NUS,U.S.,MP0,Persian Gulf Countries,266.0,9.0
2007-04,NUS,U.S.,NAA,Aruba,104.0,3.0
2007-04,NUS,U.S.,NCA,Canada,1699.0,57.0
2007-04,NUS,U.S.,NIN,India,229.0,8.0
2007-04,NUS,U.S.,NKS,Korea,4092.0,136.0
2007-04,NUS,U.S.,NKU,Kuwait,266.0,9.0
2007-04,NUS,U.S.,NMX,Mexico,206.0,7.0
2007-04,NUS,U.S.,NTD,Trinidad and Tobago,98.0,3.0
2007-04,NUS,U.S.,NTW,Taiwan,300.0,10.0
2007-04,NUS,U.S.,NVE,Venezuela,1098.0,37.0
2007-04,NUS,U.S.,NVQ,Virgin Islands,1395.0,47.0
2007-04,NUS,U.S.,Z00,,9487.0,316.0
2007-04,R10,PADD 1,ME0,OPEC Countries,1150.0,38.0
2007-04,R10,PADD 1,MN0,Non-OPEC Countries,3518.0,117.0
2007-04,R10,PADD 1,MP0,Persian Gulf Countries,52.0,2.0
2007-04,R10,PADD 1,NAA,Aruba,104.0,3.0
2007-04,R10,PADD 1,NCA,Canada,1692.0,56.0
2007-04,R10,PADD 1,NIN,India,229.0,8.0
2007-04,R10,PADD 1,NKU,Kuwait,52.0,2.0
2007-04,R10,PADD 1,NTD,Trinidad and Tobago,98.0,3.0
2007-04,R10,PADD 1,NVE,Venezuela,1098.0,37.0
2007-04,R10,PADD 1,NVQ,Virgin Islands,1395.0,47.0
2007-04,R10,PADD 1,Z00,,4668.0,156.0
2007-04,R30,PADD 3,ME0,OPEC Countries,4.0,0.0
2007-04,R30,PADD 3,MN0,Non-OPEC Countries,7.0,0.0
2007-04,R30,PADD 3,MP0,Persian Gulf Countries,4.0,0.0
2007-04,R30,PADD 3,NKU,Kuwait,4.0,0.0
2007-04,R30,PADD 3,NMX,Mexico,7.0,0.0
2007-04,R30,PADD 3,Z00,,11.0,0.0
2007-04,R40,PADD 4,MN0,Non-OPEC Countries,2.0,0.0
2007-04,R40,PADD 4,NCA,Canada,2.0,0.0
2007-04,R40,PADD 4,Z00,,2.0,0.0
2007-04,R50,PADD 5,ME0,OPEC Countries,210.0,7.0
2007-04,R50,PADD 5,MN0,Non-OPEC Countries,4596.0,153.0
2007-04,R50,PADD 5,MP0,Persian Gulf Countries,210.0,7.0
2007-04,R50,PADD 5,NCA,Canada,5.0,0.0
2007-04,R50,PADD 5,NKS,Korea,4092.0,136.0
2007-04,R50,PADD 5,NKU,Kuwait,210.0,7.0
2007-04,R50,PADD 5,NMX,Mexico,199.0,7.0
2007-04,R50,PADD 5,NTW,Taiwan,300.0,10.0
2007-04,R50,PADD 5,Z00,,4806.0,160.0
2007-05,NUS,U.S.,ME0,OPEC Countries,1438.0,46.0
2007-05,NUS,U.S.,MN0,Non-OPEC Countries,5585.0,180.0
2007-05,NUS,U.S.,NAA,Aruba,50.0,2.0
2007-05,NUS,U.S.,NBR,Brazil,22.0,1.0
2007-05,NUS,U.S.,NCA,Canada,494.0,16.0
2007-05,NUS,U.S.,NKS,Korea,3453.0,111.0
2007-05,NUS,U.S.,NMX,Mexico,11.0,0.0
2007-05,NUS,U.S.,NSN,Singapore,174.0,6.0
2007-05,NUS,U.S.,NVE,Venezuela,1438.0,46.0
2007-05,NUS,U.S.,NVQ,Virgin Islands,1381.0,45.0
2007-05,NUS,U.S.,Z00,,7023.0,227.0
2007-05,R10,PADD 1,ME0,OPEC Countries,1438.0,46.0
2007-05,R10,PADD 1,MN0,Non-OPEC Countries,1911.0,62.0
2007-05,R10,PADD 1,NAA,Aruba,50.0,2.0
2007-05,R10,PADD 1,NCA,Canada,480.0,15.0
2007-05,R10,PADD 1,NVE,Venezuela,1438.0,46.0
2007-05,R10,PADD 1,NVQ,Virgin Islands,1381.0,45.0
2007-05,R10,PADD 1,Z00,,3349.0,108.0
2007-05,R20,PADD 2,MN0,Non-OPEC Countries,1.0,0.0
2007-05,R20,PADD 2,NCA,Canada,1.0,0.0
2007-05,R20,PADD 2,Z00,,1.0,0.0
2007-05,R30,PADD 3,MN0,Non-OPEC Countries,11.0,0.0
2007-05,R30,PADD 3,NMX,Mexico,11.0,0.0
2007-05,R30,PADD 3,Z00,,11.0,0.0
2007-05,R40,PADD 4,MN0,Non-OPEC Countries,22.0,1.0
2007-05,R40,PADD 4,NBR,Brazil,22.0,1.0
2007-05,R40,PADD 4,Z00,,22.0,1.0
2007-05,R50,PADD 5,MN0,Non-OPEC Countries,3640.0,117.0
2007-05,R50,PADD 5,NCA,Canada,13.0,0.0
2007-05,R50,PADD 5,NKS,Korea,3453.0,111.0
2007-05,R50,PADD 5,NSN,Singapore,174.0,6.0
2007-05,R50,PADD 5,Z00,,3640.0,117.0
2007-06,NUS,U.S.,ME0,OPEC Countries,1433.0,48.0
2007-06,NUS,U.S.,MN0,Non-OPEC Countries,5019.0,167.0
2007-06,NUS,U.S.,NAA,Aruba,133.0,4.0
2007-06,NUS,U.S.,NCA,Canada,378.0,13.0
2007-06,NUS,U.S.,NJA,Japan,156.0,5.0
2007-06,NUS,U.S.,NKS,Korea,3225.0,108.0
2007-06,NUS,U.S.,NMX,Mexico,20.0,1.0
2007-06,NUS,U.S.,NTW,Taiwan,349.0,12.0
2007-06,NUS,U.S.,NVE,Venezuela,1433.0,48.0
2007-06,NUS,U.S.,NVQ,Virgin Islands,758.0,25.0
2007-06,NUS,U.S.,Z00,,6452.0,215.0
2007-06,R10,PADD 1,ME0,OPEC Countries,1433.0,48.0
2007-06,R10,PADD 1,MN0,Non-OPEC Countries,1164.0,39.0
2007-06,R10,PADD 1,NCA,Canada,366.0,12.0
2007-06,R10,PADD 1,NKS,Korea,32.0,1.0
2007-06,R10,PADD 1,NMX,Mexico,8.0,0.0
2007-06,R10,PADD 1,NVE,Venezuela,1433.0,48.0
2007-06,R10,PADD 1,NVQ,Virgin Islands,758.0,25.0
2007-06,R10,PADD 1,Z00,,2597.0,87.0
2007-06,R20,PADD 2,MN0,Non-OPEC Countries,1.0,0.0
2007-06,R20,PADD 2,NCA,Canada,1.0,0.0
2007-06,R20,PADD 2,Z00,,1.0,0.0
2007-06,R30,PADD 3,MN0,Non-OPEC Countries,145.0,5.0
2007-06,R30,PADD 3,NAA,Aruba,133.0,4.0
2007-06,R30,PADD 3,NMX,Mexico,12.0,0.0
2007-06,R30,PADD 3,Z00,,145.0,5.0
2007-06,R50,PADD 5,MN0,Non-OPEC Countries,3709.0,124.0
2007-06,R50,PADD 5,NCA,Canada,11.0,0.0
2007-06,R50,PADD 5,NJA,Japan,156.0,5.0
2007-06,R50,PADD 5,NKS,Korea,3193.0,106.0
2007-06,R50,PADD 5,NTW,Taiwan,349.0,12.0
2007-06,R50,PADD 5,Z00,,3709.0,124.0
2007-07,NUS,U.S.,ME0,OPEC Countries,1378.0,44.0
2007-07,NUS,U.S.,MN0,Non-OPEC Countries,6788.0,219.0
2007-07,NUS,U.S.,NAA,Aruba,343.0,11.0
2007-07,NUS,U.S.,NCA,Canada,500.0,16.0
2007-07,NUS,U.S.,NCH,China,253.0,8.0
2007-07,NUS,U.S.,NJA,Japan,544.0,18.0
2007-07,NUS,U.S.,NKS,Korea,3212.0,104.0
2007-07,NUS,U.S.,NMX,Mexico,20.0,1.0
2007-07,NUS,U.S.,NSN,Singapore,314.0,10.0
2007-07,NUS,U.S.,NTW,Taiwan,424.0,14.0
2007-07,NUS,U.S.,NVE,Venezuela,1378.0,44.0
2007-07,NUS,U.S.,NVQ,Virgin Islands,1178.0,38.0
2007-07,NUS,U.S.,Z00,,8166.0,263.0
2007-07,R10,PADD 1,ME0,OPEC Countries,1378.0,44.0
2007-07,R10,PADD 1,MN0,Non-OPEC Countries,1566.0,51.0
2007-07,R10,PADD 1,NAA,Aruba,209.0,7.0
2007-07,R10,PADD 1,NCA,Canada,179.0,6.0
2007-07,R10,PADD 1,NVE,Venezuela,1378.0,44.0
2007-07,R10,PADD 1,NVQ,Virgin Islands,1178.0,38.0
2007-07,R10,PADD 1,Z00,,2944.0,95.0
2007-07,R30,PADD 3,MN0,Non-OPEC Countries,154.0,5.0
2007-07,R30,PADD 3,NAA,Aruba,134.0,4.0
2007-07,R30,PADD 3,NMX,Mexico,20.0,1.0
2007-07,R30,PADD 3,Z00,,154.0,5.0
2007-07,R50,PADD 5,MN0,Non-OPEC Countries,5068.0,163.0
2007-07,R50,PADD 5,NCA,Canada,321.0,10.0
2007-07,R50,PADD 5,NCH,China,253.0,8.0
2007-07,R50,PADD 5,NJA,Japan,544.0,18.0
2007-07,R50,PADD 5,NKS,Korea,3212.0,104.0
2007-07,R50,PADD 5,NSN,Singapore,314.0,10.0
2007-07,R50,PADD 5,NTW,Taiwan,424.0,14.0
2007-07,R50,PADD 5,Z00,,5068.0,163.0
2007-08,NUS,U.S.,ME0,OPEC Countries,1256.0,41.0
2007-08,NUS,U.S.,MN0,Non-OPEC Countries,5765.0,186.0
2007-08,NUS,U.S.,NAA,Aruba,119.0,4.0
2007-08,NUS,U.S.,NCA,Canada,307.0,10.0
2007-08,NUS,U.S.,NKS,Korea,3629.0,117.0
2007-08,NUS,U.S.,NMX,Mexico,21.0,1.0
2007-08,NUS,U.S.,NNL,Netherlands,50.0,2.0
2007-08,NUS,U.S.,NTW,Taiwan,299.0,10.0
2007-08,NUS,U.S.,NVE,Venezuela,1256.0,41.0
2007-08,NUS,U.S.,NVQ,Virgin Islands,1340.0,43.0
2007-08,NUS,U.S.,Z00,,7021.0,226.0
2007-08,R10,PADD 1,ME0,OPEC Countries,1256.0,41.0
2007-08,R10,PADD 1,MN0,Non-OPEC Countries,1810.0,58.0
2007-08,R10,PADD 1,NAA,Aruba,119.0,4.0
2007-08,R10,PADD 1,NCA,Canada,301.0,10.0
2007-08,R10,PADD 1,NNL,Netherlands,50.0,2.0
2007-08,R10,PADD 1,NVE,Venezuela,1256.0,41.0
2007-08,R10,PADD 1,NVQ,Virgin Islands,1340.0,43.0
2007-08,R10,PADD 1,Z00,,3066.0,99.0
2007-08,R30,PADD 3,MN0,Non-OPEC Countries,351.0,11.0
2007-08,R30,PADD 3,NKS,Korea,330.0,11.0
2007-08,R30,PADD 3,NMX,Mexico,21.0,1.0
2007-08,R30,PADD 3,Z00,,351.0,11.0
2007-08,R40,PADD 4,MN0,Non-OPEC Countries,1.0,0.0
2007-08,R40,PADD 4,NCA,Canada,1.0,0.0
2007-08,R40,PADD 4,Z00,,1.0,0.0
2007-08,R50,PADD 5,MN0,Non-OPEC Countries,3603.0,116.0
2007-08,R50,PADD 5,NCA,Canada,5.0,0.0
2007-08,R50,PADD 5,NKS,Korea,3299.0,106.0
2007-08,R50,PADD 5,NTW,Taiwan,299.0,10.0
2007-08,R50,PADD 5,Z00,,3603.0,116.0
2007-09,NUS,U.S.,ME0,OPEC Countries,1808.0,60.0
2007-09,NUS,U.S.,MN0,Non-OPEC Countries,4260.0,142.0
2007-09,NUS,U.S.,MP0,Persian Gulf Countries,592.0,20.0
2007-09,NUS,U.S.,NAG,Algeria,20.0,1.0
2007-09,NUS,U.S.,NCA,Canada,174.0,6.0
2007-09,NUS,U.S.,NJA,Japan,389.0,13.0
2007-09,NUS,U.S.,NKS,Korea,1929.0,64.0
2007-09,NUS,U.S.,NKU,Kuwait,592.0,20.0
2007-09,NUS,U.S.,NMX,Mexico,16.0,1.0
2007-09,NUS,U.S.,NTW,Taiwan,298.0,10.0
2007-09,NUS,U.S.,NVE,Venezuela,1196.0,40.0
2007-09,NUS,U.S.,NVQ,Virgin Islands,1454.0,48.0
2007-09,NUS,U.S.,Z00,,6068.0,202.0
2007-09,R10,PADD 1,ME0,OPEC Countries,1196.0,40.0
2007-09,R10,PADD 1,MN0,Non-OPEC Countries,1613.0,54.0
2007-09,R10,PADD 1,NCA,Canada,159.0,5.0
2007-09,R10,PADD 1,NVE,Venezuela,1196.0,40.0
2007-09,R10,PADD 1,NVQ,Virgin Islands,1454.0,48.0
2007-09,R10,PADD 1,Z00,,2809.0,94.0
2007-09,R20,PADD 2,MN0,Non-OPEC Countries,1.0,0.0
2007-09,R20,PADD 2,NCA,Canada,1.0,0.0
2007-09,R20,PADD 2,Z00,,1.0,0.0
2007-09,R30,PADD 3,ME0,OPEC Countries,332.0,11.0
2007-09,R30,PADD 3,MN0,Non-OPEC Countries,16.0,1.0
2007-09,R30,PADD 3,MP0,Persian Gulf Countries,312.0,10.0
2007-09,R30,PADD 3,NAG,Algeria,20.0,1.0
2007-09,R30,PADD 3,NKU,Kuwait,312.0,10.0
2007-09,R30,PADD 3,NMX,Mexico,16.0,1.0
2007-09,R30,PADD 3,Z00,,348.0,12.0
2007-09,R50,PADD 5,ME0,OPEC Countries,280.0,9.0
2007-09,R50,PADD 5,MN0,Non-OPEC Countries,2630.0,88.0
2007-09,R50,PADD 5,MP0,Persian Gulf Countries,280.0,9.0
2007-09,R50,PADD 5,NCA,Canada,14.0,0.0
2007-09,R50,PADD 5,NJA,Japan,389.0,13.0
2007-09,R50,PADD 5,NKS,Korea,1929.0,64.0
2007-09,R50,PADD 5,NKU,Kuwait,280.0,9.0
2007-09,R50,PADD 5,NTW,Taiwan,298.0,10.0
2007-09,R50,PADD 5,Z00,,2910.0,97.0
2007-10,NUS,U.S.,ME0,OPEC Countries,563.0,18.0
2007-10,NUS,U.S.,MN0,Non-OPEC Countries,5149.0,166.0
2007-10,NUS,U.S.,NAA,Aruba,155.0,5.0
2007-10,NUS,U.S.,NCA,Canada,136.0,4.0
2007-10,NUS,U.S.,NGM,Germany,5.0,0.0
2007-10,NUS,U.S.,NJA,Japan,642.0,21.0
2007-10,NUS,U.S.,NKS,Korea,2100.0,68.0
2007-10,NUS,U.S.,NMX,Mexico,18.0,1.0
2007-10,NUS,U.S.,NSN,Singapore,315.0,10.0
2007-10,NUS,U.S.,NTW,Taiwan,307.0,10.0
2007-10,NUS,U.S.,NVE,Venezuela,563.0,18.0
2007-10,NUS,U.S.,NVQ,Virgin Islands,1471.0,47.0
2007-10,NUS,U.S.,Z00,,5712.0,184.0
2007-10,R10,PADD 1,ME0,OPEC Countries,563.0,18.0
2007-10,R10,PADD 1,MN0,Non-OPEC Countries,2063.0,67.0
2007-10,R10,PADD 1,NAA,Aruba,87.0,3.0
2007-10,R10,PADD 1,NCA,Canada,130.0,4.0
2007-10,R10,PADD 1,NKS,Korea,375.0,12.0
2007-10,R10,PADD 1,NVE,Venezuela,563.0,18.0
2007-10,R10,PADD 1,NVQ,Virgin Islands,1471.0,47.0
2007-10,R10,PADD 1,Z00,,2626.0,85.0
2007-10,R20,PADD 2,MN0,Non-OPEC Countries,1.0,0.0
2007-10,R20,PADD 2,NCA,Canada,1.0,0.0
2007-10,R20,PADD 2,Z00,,1.0,0.0
2007-10,R30,PADD 3,MN0,Non-OPEC Countries,91.0,3.0
2007-10,R30,PADD 3,NAA,Aruba,68.0,2.0
2007-10,R30,PADD 3,NGM,Germany,5.0,0.0
2007-10,R30,PADD 3,NMX,Mexico,18.0,1.0
2007-10,R30,PADD 3,Z00,,91.0,3.0
2007-10,R40,PADD 4,MN0,Non-OPEC Countries,1.0,0.0
2007-10,R40,PADD 4,NCA,Canada,1.0,0.0
2007-10,R40,PADD 4,Z00,,1.0,0.0
2007-10,R50,PADD 5,MN0,Non-OPEC Countries,2993.0,97.0
2007-10,R50,PADD 5,NCA,Canada,4.0,0.0
2007-10,R50,PADD 5,NJA,Japan,642.0,21.0
2007-10,R50,PADD 5,NKS,Korea,1725.0,56.0
2007-10,R50,PADD 5,NSN,Singapore,315.0,10.0
2007-10,R50,PADD 5,NTW,Taiwan,307.0,10.0
2007-10,R50,PADD 5,Z00,,2993.0,97.0
2007-11,NUS,U.S.,ME0,OPEC Countries,905.0,30.0
2007-11,NUS,U.S.,MN0,Non-OPEC Countries,4497.0,150.0
2007-11,NUS,U.S.,NAG,Algeria,1.0,0.0
2007-11,NUS,U.S.,NCA,Canada,54.0,2.0
2007-11,NUS,U.S.,NKS,Korea,2752.0,92.0
2007-11,NUS,U.S.,NMX,Mexico,29.0,1.0
2007-11,NUS,U.S.,NSN,Singapore,315.0,11.0
2007-11,NUS,U.S.,NVE,Venezuela,904.0,30.0
2007-11,NUS,U.S.,NVQ,Virgin Islands,1347.0,45.0
2007-11,NUS,U.S.,Z00,,5402.0,180.0
2007-11,R10,PADD 1,ME0,OPEC Countries,904.0,30.0
2007-11,R10,PADD 1,MN0,Non-OPEC Countries,1406.0,47.0
2007-11,R10,PADD 1,NCA,Canada,47.0,2.0
2007-11,R10,PADD 1,NMX,Mexico,12.0,0.0
2007-11,R10,PADD 1,NVE,Venezuela,904.0,30.0
2007-11,R10,PADD 1,NVQ,Virgin Islands,1347.0,45.0
2007-11,R10,PADD 1,Z00,,2310.0,77.0
2007-11,R20,PADD 2,MN0,Non-OPEC Countries,2.0,0.0
2007-11,R20,PADD 2,NCA,Canada,2.0,0.0
2007-11,R20,PADD 2,Z00,,2.0,0.0
2007-11,R30,PADD 3,ME0,OPEC Countries,1.0,0.0
2007-11,R30,PADD 3,MN0,Non-OPEC Countries,17.0,1.0
2007-11,R30,PADD 3,NAG,Algeria,1.0,0.0
2007-11,R30,PADD 3,NMX,Mexico,17.0,1.0
2007-11,R30,PADD 3,Z00,,18.0,1.0
2007-11,R50,PADD 5,MN0,Non-OPEC Countries,3072.0,102.0
2007-11,R50,PADD 5,NCA,Canada,5.0,0.0
2007-11,R50,PADD 5,NKS,Korea,2752.0,92.0
2007-11,R50,PADD 5,NSN,Singapore,315.0,11.0
2007-11,R50,PADD 5,Z00,,3072.0,102.0
2007-12,NUS,U.S.,ME0,OPEC Countries,660.0,21.0
2007-12,NUS,U.S.,MN0,Non-OPEC Countries,3556.0,115.0
2007-12,NUS,U.S.,NAA,Aruba,177.0,6.0
2007-12,NUS,U.S.,NCA,Canada,270.0,9.0
2007-12,NUS,U.S.,NKS,Korea,1518.0,49.0
2007-12,NUS,U.S.,NMX,Mexico,18.0,1.0
2007-12,NUS,U.S.,NVE,Venezuela,660.0,21.0
2007-12,NUS,U.S.,NVQ,Virgin Islands,1573.0,51.0
2007-12,NUS,U.S.,Z00,,4216.0,136.0
2007-12,R10,PADD 1,ME0,OPEC Countries,660.0,21.0
2007-12,R10,PADD 1,MN0,Non-OPEC Countries,2015.0,65.0
2007-12,R10,PADD 1,NAA,Aruba,177.0,6.0
2007-12,R10,PADD 1,NCA,Canada,265.0,9.0
2007-12,R10,PADD 1,NVE,Venezuela,660.0,21.0
2007-12,R10,PADD 1,NVQ,Virgin Islands,1573.0,51.0
2007-12,R10,PADD 1,Z00,,2675.0,86.0
2007-12,R30,PADD 3,MN0,Non-OPEC Countries,18.0,1.0
2007-12,R30,PADD 3,NMX,Mexico,18.0,1.0
2007-12,R30,PADD 3,Z00,,18.0,1.0
2007-12,R50,PADD 5,MN0,Non-OPEC Countries,1523.0,49.0
2007-12,R50,PADD 5,NCA,Canada,5.0,0.0
2007-12,R50,PADD 5,NKS,Korea,1518.0,49.0
2007-12,R50,PADD 5,Z00,,1523.0,49.0
2008-01,NUS,U.S.,ME0,OPEC Countries,1255.0,40.0
2008-01,NUS,U.S.,MN0,Non-OPEC Countries,3573.0,115.0
2008-01,NUS,U.S.,NCA,Canada,74.0,2.0
2008-01,NUS,U.S.,NKS,Korea,1687.0,54.0
2008-01,NUS,U.S.,NMX,Mexico,119.0,4.0
2008-01,NUS,U.S.,NNL,Netherlands,257.0,8.0
2008-01,NUS,U.S.,NSN,Singapore,326.0,11.0
2008-01,NUS,U.S.,NTD,Trinidad and Tobago,63.0,2.0
2008-01,NUS,U.S.,NVE,Venezuela,1255.0,40.0
2008-01,NUS,U.S.,NVQ,Virgin Islands,1047.0,34.0
2008-01,NUS,U.S.,Z00,,4828.0,156.0
2008-01,R10,PADD 1,ME0,OPEC Countries,1183.0,38.0
2008-01,R10,PADD 1,MN0,Non-OPEC Countries,1514.0,49.0
2008-01,R10,PADD 1,NCA,Canada,46.0,1.0
2008-01,R10,PADD 1,NMX,Mexico,101.0,3.0
2008-01,R10,PADD 1,NNL,Netherlands,257.0,8.0
2008-01,R10,PADD 1,NTD,Trinidad and Tobago,63.0,2.0
2008-01,R10,PADD 1,NVE,Venezuela,1183.0,38.0
2008-01,R10,PADD 1,NVQ,Virgin Islands,1047.0,34.0
2008-01,R10,PADD 1,Z00,,2697.0,87.0
2008-01,R30,PADD 3,ME0,OPEC Countries,72.0,2.0
2008-01,R30,PADD 3,MN0,Non-OPEC Countries,18.0,1.0
2008-01,R30,PADD 3,NMX,Mexico,18.0,1.0
2008-01,R30,PADD 3,NVE,Venezuela,72.0,2.0
2008-01,R30,PADD 3,Z00,,90.0,3.0
2008-01,R50,PADD 5,MN0,Non-OPEC Countries,2041.0,66.0
2008-01,R50,PADD 5,NCA,Canada,28.0,1.0
2008-01,R50,PADD 5,NKS,Korea,1687.0,54.0
2008-01,R50,PADD 5,NSN,Singapore,326.0,11.0
2008-01,R50,PADD 5,Z00,,2041.0,66.0
2008-02,NUS,U.S.,ME0,OPEC Countries,1095.0,38.0
2008-02,NUS,U.S.,MN0,Non-OPEC Countries,1975.0,68.0
2008-02,NUS,U.S.,NCA,Canada,162.0,6.0
2008-02,NUS,U.S.,NCH,China,45.0,2.0
2008-02,NUS,U.S.,NKS,Korea,756.0,26.0
2008-02,NUS,U.S.,NMX,Mexico,47.0,2.0
2008-02,NUS,U.S.,NVE,Venezuela,1095.0,38.0
2008-02,NUS,U.S.,NVQ,Virgin Islands,965.0,33.0
2008-02,NUS,U.S.,Z00,,3070.0,106.0
2008-02,R10,PADD 1,ME0,OPEC Countries,1095.0,38.0
2008-02,R10,PADD 1,MN0,Non-OPEC Countries,1151.0,40.0
2008-02,R10,PADD 1,NCA,Canada,159.0,5.0
2008-02,R10,PADD 1,NMX,Mexico,27.0,1.0
2008-02,R10,PADD 1,NVE,Venezuela,1095.0,38.0
2008-02,R10,PADD 1,NVQ,Virgin Islands,965.0,33.0
2008-02,R10,PADD 1,Z00,,2246.0,77.0
2008-02,R30,PADD 3,MN0,Non-OPEC Countries,20.0,1.0
2008-02,R30,PADD 3,NMX,Mexico,20.0,1.0
2008-02,R30,PADD 3,Z00,,20.0,1.0
2008-02,R50,PADD 5,MN0,Non-OPEC Countries,804.0,28.0
2008-02,R50,PADD 5,NCA,Canada,3.0,0.0
2008-02,R50,PADD 5,NCH,China,45.0,2.0
2008-02,R50,PADD 5,NKS,Korea,756.0,26.0
2008-02,R50,PADD 5,Z00,,804.0,28.0
2008-03,NUS,U.S.,ME0,OPEC Countries,1014.0,33.0
2008-03,NUS,U.S.,MN0,Non-OPEC Countries,2405.0,78.0
2008-03,NUS,U.S.,NCA,Canada,259.0,8.0
2008-03,NUS,U.S.,NJA,Japan,3.0,0.0
2008-03,NUS,U.S.,NKS,Korea,1037.0,33.0
2008-03,NUS,U.S.,NMX,Mexico,45.0,1.0
2008-03,NUS,U.S.,NVE,Venezuela,1014.0,33.0
2008-03,NUS,U.S.,NVQ,Virgin Islands,1061.0,34.0
2008-03,NUS,U.S.,Z00,,3419.0,110.0
2008-03,R10,PADD 1,ME0,OPEC Countries,979.0,32.0
2008-03,R10,PADD 1,MN0,Non-OPEC Countries,1342.0,43.0
2008-03,R10,PADD 1,NCA,Canada,256.0,8.0
2008-03,R10,PADD 1,NMX,Mexico,25.0,1.0
2008-03,R10,PADD 1,NVE,Venezuela,979.0,32.0
2008-03,R10,PADD 1,NVQ,Virgin Islands,1061.0,34.0
2008-03,R10,PADD 1,Z00,,2321.0,75.0
2008-03,R30,PADD 3,MN0,Non-OPEC Countries,20.0,1.0
2008-03,R30,PADD 3,NMX,Mexico,20.0,1.0
2008-03,R30,PADD 3,Z00,,20.0,1.0
2008-03,R40,PADD 4,ME0,OPEC Countries,35.0,1.0
2008-03,R40,PADD 4,NVE,Venezuela,35.0,1.0
2008-03,R40,PADD 4,Z00,,35.0,1.0
2008-03,R50,PADD 5,MN0,Non-OPEC Countries,1043.0,34.0
2008-03,R50,PADD 5,NCA,Canada,3.0,0.0
2008-03,R50,PADD 5,NJA,Japan,3.0,0.0
2008-03,R50,PADD 5,NKS,Korea,1037.0,33.0
2008-03,R50,PADD 5,Z00,,1043.0,34.0
2008-04,NUS,U.S.,ME0,OPEC Countries,416.0,14.0
2008-04,NUS,U.S.,MN0,Non-OPEC Countries,4988.0,166.0
2008-04,NUS,U.S.,NAA,Aruba,150.0,5.0
2008-04,NUS,U.S.,NCA,Canada,315.0,11.0
2008-04,NUS,U.S.,NJA,Japan,551.0,18.0
2008-04,NUS,U.S.,NKS,Korea,1285.0,43.0
2008-04,NUS,U.S.,NMX,Mexico,20.0,1.0
2008-04,NUS,U.S.,NMY,Malaysia,301.0,10.0
2008-04,NUS,U.S.,NVE,Venezuela,416.0,14.0
2008-04,NUS,U.S.,NVQ,Virgin Islands,2366.0,79.0
2008-04,NUS,U.S.,Z00,,5404.0,180.0
2008-04,R10,PADD 1,ME0,OPEC Countries,416.0,14.0
2008-04,R10,PADD 1,MN0,Non-OPEC Countries,2828.0,94.0
2008-04,R10,PADD 1,NAA,Aruba,150.0,5.0
2008-04,R10,PADD 1,NCA,Canada,312.0,10.0
2008-04,R10,PADD 1,NVE,Venezuela,416.0,14.0
2008-04,R10,PADD 1,NVQ,Virgin Islands,2366.0,79.0
2008-04,R10,PADD 1,Z00,,3244.0,108.0
2008-04,R30,PADD 3,MN0,Non-OPEC Countries,20.0,1.0
2008-04,R30,PADD 3,NMX,Mexico,20.0,1.0
2008-04,R30,PADD 3,Z00,,20.0,1.0
2008-04,R50,PADD 5,MN0,Non-OPEC Countries,2140.0,71.0
2008-04,R50,PADD 5,NCA,Canada,3.0,0.0
2008-04,R50,PADD 5,NJA,Japan,551.0,18.0
2008-04,R50,PADD 5,NKS,Korea,1285.0,43.0
2008-04,R50,PADD 5,NMY,Malaysia,301.0,10.0
2008-04,R50,PADD 5,Z00,,2140.0,71.0
2008-05,NUS,U.S.,ME0,OPEC Countries,1271.0,41.0
2008-05,NUS,U.S.,MN0,Non-OPEC Countries,3063.0,99.0
2008-05,NUS,U.S.,NCA,Canada,410.0,13.0
2008-05,NUS,U.S.,NJA,Japan,334.0,11.0
2008-05,NUS,U.S.,NKS,Korea,836.0,27.0
2008-05,NUS,U.S.,NMX,Mexico,236.0,8.0
2008-05,NUS,U.S.,NVE,Venezuela,1271.0,41.0
2008-05,NUS,U.S.,NVQ,Virgin Islands,1247.0,40.0
2008-05,NUS,U.S.,Z00,,4334.0,140.0
2008-05,R10,PADD 1,ME0,OPEC Countries,1271.0,41.0
2008-05,R10,PADD 1,MN0,Non-OPEC Countries,1652.0,53.0
2008-05,R10,PADD 1,NCA,Canada,405.0,13.0
2008-05,R10,PADD 1,NVE,Venezuela,1271.0,41.0
2008-05,R10,PADD 1,NVQ,Virgin Islands,1247.0,40.0
2008-05,R10,PADD 1,Z00,,2923.0,94.0
2008-05,R30,PADD 3,MN0,Non-OPEC Countries,18.0,1.0
2008-05,R30,PADD 3,NMX,Mexico,18.0,1.0
2008-05,R30,PADD 3,Z00,,18.0,1.0
2008-05,R50,PADD 5,MN0,Non-OPEC Countries,1393.0,45.0
2008-05,R50,PADD 5,NCA,Canada,5.0,0.0
2008-05,R50,PADD 5,NJA,Japan,334.0,11.0
2008-05,R50,PADD 5,NKS,Korea,836.0,27.0
2008-05,R50,PADD 5,NMX,Mexico,218.0,7.0
2008-05,R50,PADD 5,Z00,,1393.0,45.0
2008-06,NUS,U.S.,ME0,OPEC Countries,1001.0,33.0
2008-06,NUS,U.S.,MN0,Non-OPEC Countries,1723.0,57.0
2008-06,NUS,U.S.,NCA,Canada,372.0,12.0
2008-06,NUS,U.S.,NJA,Japan,180.0,6.0
2008-06,NUS,U.S.,NKS,Korea,364.0,12.0
2008-06,NUS,U.S.,NMX,Mexico,79.0,3.0
2008-06,NUS,U.S.,NVE,Venezuela,1001.0,33.0
2008-06,NUS,U.S.,NVQ,Virgin Islands,728.0,24.0
2008-06,NUS,U.S.,Z00,,2724.0,91.0
2008-06,R10,PADD 1,ME0,OPEC Countries,1000.0,33.0
2008-06,R10,PADD 1,MN0,Non-OPEC Countries,1095.0,37.0
2008-06,R10,PADD 1,NCA,Canada,367.0,12.0
2008-06,R10,PADD 1,NVE,Venezuela,1000.0,33.0
2008-06,R10,PADD 1,NVQ,Virgin Islands,728.0,24.0
2008-06,R10,PADD 1,Z00,,2095.0,70.0
2008-06,R30,PADD 3,ME0,OPEC Countries,1.0,0.0
2008-06,R30,PADD 3,MN0,Non-OPEC Countries,20.0,1.0
2008-06,R30,PADD 3,NMX,Mexico,20.0,1.0
2008-06,R30,PADD 3,NVE,Venezuela,1.0,0.0
2008-06,R30,PADD 3,Z00,,21.0,1.0
2008-06,R50,PADD 5,MN0,Non-OPEC Countries,608.0,20.0
2008-06,R50,PADD 5,NCA,Canada,5.0,0.0
2008-06,R50,PADD 5,NJA,Japan,180.0,6.0
2008-06,R50,PADD 5,NKS,Korea,364.0,12.0
2008-06,R50,PADD 5,NMX,Mexico,59.0,2.0
2008-06,R50,PADD 5,Z00,,608.0,20.0
2008-07,NUS,U.S.,ME0,OPEC Countries,527.0,17.0
2008-07,NUS,U.S.,MN0,Non-OPEC Countries,1713.0,55.0
2008-07,NUS,U.S.,NAG,Algeria,25.0,1.0
2008-07,NUS,U.S.,NCA,Canada,166.0,5.0
2008-07,NUS,U.S.,NJA,Japan,87.0,3.0
2008-07,NUS,U.S.,NKS,Korea,358.0,12.0
2008-07,NUS,U.S.,NMX,Mexico,16.0,1.0
2008-07,NUS,U.S.,NVE,Venezuela,502.0,16.0
2008-07,NUS,U.S.,NVQ,Virgin Islands,1086.0,35.0
2008-07,NUS,U.S.,Z00,,2240.0,72.0
2008-07,R10,PADD 1,ME0,OPEC Countries,527.0,17.0
2008-07,R10,PADD 1,MN0,Non-OPEC Countries,1252.0,40.0
2008-07,R10,PADD 1,NAG,Algeria,25.0,1.0
2008-07,R10,PADD 1,NCA,Canada,166.0,5.0
2008-07,R10,PADD 1,NVE,Venezuela,502.0,16.0
2008-07,R10,PADD 1,NVQ,Virgin Islands,1086.0,35.0
2008-07,R10,PADD 1,Z00,,1779.0,57.0
2008-07,R30,PADD 3,MN0,Non-OPEC Countries,16.0,1.0
2008-07,R30,PADD 3,NMX,Mexico,16.0,1.0
2008-07,R30,PADD 3,Z00,,16.0,1.0
2008-07,R50,PADD 5,MN0,Non-OPEC Countries,445.0,14.0
2008-07,R50,PADD 5,NJA,Japan,87.0,3.0
2008-07,R50,PADD 5,NKS,Korea,358.0,12.0
2008-07,R50,PADD 5,Z00,,445.0,14.0
2008-08,NUS,U.S.,ME0,OPEC Countries,241.0,8.0
2008-08,NUS,U.S.,MN0,Non-OPEC Countries,2129.0,69.0
2008-08,NUS,U.S.,NCA,Canada,275.0,9.0
2008-08,NUS,U.S.,NJA,Japan,294.0,9.0
2008-08,NUS,U.S.,NJM,Jamaica,38.0,1.0
2008-08,NUS,U.S.,NKS,Korea,354.0,11.0
2008-08,NUS,U.S.,NMX,Mexico,119.0,4.0
2008-08,NUS,U.S.,NVE,Venezuela,241.0,8.0
2008-08,NUS,U.S.,NVQ,Virgin Islands,1049.0,34.0
2008-08,NUS,U.S.,Z00,,2370.0,76.0
2008-08,R10,PADD 1,ME0,OPEC Countries,241.0,8.0
2008-08,R10,PADD 1,MN0,Non-OPEC Countries,1359.0,44.0
2008-08,R10,PADD 1,NCA,Canada,272.0,9.0
2008-08,R10,PADD 1,NJM,Jamaica,38.0,1.0
2008-08,R10,PADD 1,NVE,Venezuela,241.0,8.0
2008-08,R10,PADD 1,NVQ,Virgin Islands,1049.0,34.0
2008-08,R10,PADD 1,Z00,,1600.0,52.0
2008-08,R30,PADD 3,MN0,Non-OPEC Countries,22.0,1.0
2008-08,R30,PADD 3,NMX,Mexico,22.0,1.0
2008-08,R30,PADD 3,Z00,,22.0,1.0
2008-08,R50,PADD 5,MN0,Non-OPEC Countries,748.0,24.0
2008-08,R50,PADD 5,NCA,Canada,3.0,0.0
2008-08,R50,PADD 5,NJA,Japan,294.0,9.0
2008-08,R50,PADD 5,NKS,Korea,354.0,11.0
2008-08,R50,PADD 5,NMX,Mexico,97.0,3.0
2008-08,R50,PADD 5,Z00,,748.0,24.0
2008-09,NUS,U.S.,ME0,OPEC Countries,819.0,27.0
2008-09,NUS,U.S.,MN0,Non-OPEC Countries,1818.0,61.0
2008-09,NUS,U.S.,NAA,Aruba,168.0,6.0
2008-09,NUS,U.S.,NAG,Algeria,123.0,4.0
2008-09,NUS,U.S.,NCA,Canada,57.0,2.0
2008-09,NUS,U.S.,NJA,Japan,213.0,7.0
2008-09,NUS,U.S.,NKS,Korea,124.0,4.0
2008-09,NUS,U.S.,NMX,Mexico,19.0,1.0
2008-09,NUS,U.S.,NVE,Venezuela,696.0,23.0
2008-09,NUS,U.S.,NVQ,Virgin Islands,1237.0,41.0
2008-09,NUS,U.S.,Z00,,2637.0,88.0
2008-09,R10,PADD 1,ME0,OPEC Countries,759.0,25.0
2008-09,R10,PADD 1,MN0,Non-OPEC Countries,1459.0,49.0
2008-09,R10,PADD 1,NAA,Aruba,168.0,6.0
2008-09,R10,PADD 1,NAG,Algeria,63.0,2.0
2008-09,R10,PADD 1,NCA,Canada,54.0,2.0
2008-09,R10,PADD 1,NVE,Venezuela,696.0,23.0
2008-09,R10,PADD 1,NVQ,Virgin Islands,1237.0,41.0
2008-09,R10,PADD 1,Z00,,2218.0,74.0
2008-09,R30,PADD 3,ME0,OPEC Countries,60.0,2.0
2008-09,R30,PADD 3,MN0,Non-OPEC Countries,19.0,1.0
2008-09,R30,PADD 3,NAG,Algeria,60.0,2.0
2008-09,R30,PADD 3,NMX,Mexico,19.0,1.0
2008-09,R30,PADD 3,Z00,,79.0,3.0
2008-09,R50,PADD 5,MN0,Non-OPEC Countries,340.0,11.0
2008-09,R50,PADD 5,NCA,Canada,3.0,0.0
2008-09,R50,PADD 5,NJA,Japan,213.0,7.0
2008-09,R50,PADD 5,NKS,Korea,124.0,4.0
2008-09,R50,PADD 5,Z00,,340.0,11.0
2008-10,NUS,U.S.,ME0,OPEC Countries,469.0,15.0
2008-10,NUS,U.S.,MN0,Non-OPEC Countries,2560.0,83.0
2008-10,NUS,U.S.,NAA,Aruba,380.0,12.0
2008-10,NUS,U.S.,NCA,Canada,380.0,12.0
2008-10,NUS,U.S.,NCO,Colombia,70.0,2.0
2008-10,NUS,U.S.,NKS,Korea,272.0,9.0
2008-10,NUS,U.S.,NMX,Mexico,178.0,6.0
2008-10,NUS,U.S.,NNL,Netherlands,184.0,6.0
2008-10,NUS,U.S.,NVE,Venezuela,469.0,15.0
2008-10,NUS,U.S.,NVQ,Virgin Islands,1096.0,35.0
2008-10,NUS,U.S.,Z00,,3029.0,98.0
2008-10,R10,PADD 1,ME0,OPEC Countries,469.0,15.0
2008-10,R10,PADD 1,MN0,Non-OPEC Countries,2301.0,74.0
2008-10,R10,PADD 1,NAA,Aruba,380.0,12.0
2008-10,R10,PADD 1,NCA,Canada,377.0,12.0
2008-10,R10,PADD 1,NKS,Korea,264.0,9.0
2008-10,R10,PADD 1,NNL,Netherlands,184.0,6.0
2008-10,R10,PADD 1,NVE,Venezuela,469.0,15.0
2008-10,R10,PADD 1,NVQ,Virgin Islands,1096.0,35.0
2008-10,R10,PADD 1,Z00,,2770.0,89.0
2008-10,R30,PADD 3,MN0,Non-OPEC Countries,89.0,3.0
2008-10,R30,PADD 3,NCO,Colombia,70.0,2.0
2008-10,R30,PADD 3,NMX,Mexico,19.0,1.0
2008-10,R30,PADD 3,Z00,,89.0,3.0
2008-10,R50,PADD 5,MN0,Non-OPEC Countries,170.0,5.0
2008-10,R50,PADD 5,NCA,Canada,3.0,0.0
2008-10,R50,PADD 5,NKS,Korea,8.0,0.0
2008-10,R50,PADD 5,NMX,Mexico,159.0,5.0
2008-10,R50,PADD 5,Z00,,170.0,5.0
2008-11,NUS,U.S.,ME0,OPEC Countries,317.0,11.0
2008-11,NUS,U.S.,MN0,Non-OPEC Countries,1106.0,37.0
2008-11,NUS,U.S.,NAA,Aruba,15.0,1.0
2008-11,NUS,U.S.,NCA,Canada,94.0,3.0
2008-11,NUS,U.S.,NMX,Mexico,126.0,4.0
2008-11,NUS,U.S.,NTD,Trinidad and Tobago,10.0,0.0
2008-11,NUS,U.S.,NVE,Venezuela,317.0,11.0
2008-11,NUS,U.S.,NVQ,Virgin Islands,861.0,29.0
2008-11,NUS,U.S.,Z00,,1423.0,47.0
2008-11,R10,PADD 1,ME0,OPEC Countries,317.0,11.0
2008-11,R10,PADD 1,MN0,Non-OPEC Countries,980.0,33.0
2008-11,R10,PADD 1,NAA,Aruba,15.0,1.0
2008-11,R10,PADD 1,NCA,Canada,94.0,3.0
2008-11,R10,PADD 1,NTD,Trinidad and Tobago,10.0,0.0
2008-11,R10,PADD 1,NVE,Venezuela,317.0,11.0
2008-11,R10,PADD 1,NVQ,Virgin Islands,861.0,29.0
2008-11,R10,PADD 1,Z00,,1297.0,43.0
2008-11,R30,PADD 3,MN0,Non-OPEC Countries,4.0,0.0
2008-11,R30,PADD 3,NMX,Mexico,4.0,0.0
2008-11,R30,PADD 3,Z00,,4.0,0.0
2008-11,R50,PADD 5,MN0,Non-OPEC Countries,122.0,4.0
2008-11,R50,PADD 5,NMX,Mexico,122.0,4.0
2008-11,R50,PADD 5,Z00,,122.0,4.0
2008-12,NUS,U.S.,ME0,OPEC Countries,432.0,14.0
2008-12,NUS,U.S.,MN0,Non-OPEC Countries,1691.0,55.0
2008-12,NUS,U.S.,NAA,Aruba,287.0,9.0
2008-12,NUS,U.S.,NCA,Canada,132.0,4.0
2008-12,NUS,U.S.,NCO,Colombia,100.0,3.0
2008-12,NUS,U.S.,NKS,Korea,391.0,13.0
2008-12,NUS,U.S.,NMX,Mexico,41.0,1.0
2008-12,NUS,U.S.,NVE,Venezuela,432.0,14.0
2008-12,NUS,U.S.,NVQ,Virgin Islands,740.0,24.0
2008-12,NUS,U.S.,Z00,,2123.0,68.0
2008-12,R10,PADD 1,ME0,OPEC Countries,417.0,13.0
2008-12,R10,PADD 1,MN0,Non-OPEC Countries,1298.0,42.0
2008-12,R10,PADD 1,NAA,Aruba,287.0,9.0
2008-12,R10,PADD 1,NCA,Canada,101.0,3.0
2008-12,R10,PADD 1,NCO,Colombia,100.0,3.0
2008-12,R10,PADD 1,NKS,Korea,70.0,2.0
2008-12,R10,PADD 1,NVE,Venezuela,417.0,13.0
2008-12,R10,PADD 1,NVQ,Virgin Islands,740.0,24.0
2008-12,R10,PADD 1,Z00,,1715.0,55.0
2008-12,R30,PADD 3,ME0,OPEC Countries,15.0,0.0
2008-12,R30,PADD 3,MN0,Non-OPEC Countries,22.0,1.0
2008-12,R30,PADD 3,NKS,Korea,11.0,0.0
2008-12,R30,PADD 3,NMX,Mexico,11.0,0.0
2008-12,R30,PADD 3,NVE,Venezuela,15.0,0.0
2008-12,R30,PADD 3,Z00,,37.0,1.0
2008-12,R50,PADD 5,MN0,Non-OPEC Countries,371.0,12.0
2008-12,R50,PADD 5,NCA,Canada,31.0,1.0
2008-12,R50,PADD 5,NKS,Korea,310.0,10.0
2008-12,R50,PADD 5,NMX,Mexico,30.0,1.0
2008-12,R50,PADD 5,Z00,,371.0,12.0
2009-01,NUS,U.S.,ME0,OPEC Countries,791.0,26.0
2009-01,NUS,U.S.,MN0,Non-OPEC Countries,1964.0,63.0
2009-01,NUS,U.S.,NAA,Aruba,123.0,4.0
2009-01,NUS,U.S.,NCA,Canada,53.0,2.0
2009-01,NUS,U.S.,NKS,Korea,418.0,13.0
2009-01,NUS,U.S.,NMX,Mexico,47.0,2.0
2009-01,NUS,U.S.,NNL,Netherlands,272.0,9.0
2009-01,NUS,U.S.,NVE,Venezuela,791.0,26.0
2009-01,NUS,U.S.,NVQ,Virgin Islands,1051.0,34.0
2009-01,NUS,U.S.,Z00,,2755.0,89.0
2009-01,R10,PADD 1,ME0,OPEC Countries,791.0,26.0
2009-01,R10,PADD 1,MN0,Non-OPEC Countries,1917.0,62.0
2009-01,R10,PADD 1,NAA,Aruba,123.0,4.0
2009-01,R10,PADD 1,NCA,Canada,53.0,2.0
2009-01,R10,PADD 1,NKS,Korea,418.0,13.0
2009-01,R10,PADD 1,NNL,Netherlands,272.0,9.0
2009-01,R10,PADD 1,NVE,Venezuela,791.0,26.0
2009-01,R10,PADD 1,NVQ,Virgin Islands,1051.0,34.0
2009-01,R10,PADD 1,Z00,,2708.0,87.0
2009-01,R30,PADD 3,MN0,Non-OPEC Countries,15.0,0.0
2009-01,R30,PADD 3,NMX,Mexico,15.0,0.0
2009-01,R30,PADD 3,Z00,,15.0,0.0
2009-01,R50,PADD 5,MN0,Non-OPEC Countries,32.0,1.0
2009-01,R50,PADD 5,NMX,Mexico,32.0,1.0
2009-01,R50,PADD 5,Z00,,32.0,1.0
2009-02,NUS,U.S.,ME0,OPEC Countries,987.0,35.0
2009-02,NUS,U.S.,MN0,Non-OPEC Countries,1013.0,36.0
2009-02,NUS,U.S.,NCA,Canada,349.0,12.0
2009-02,NUS,U.S.,NMX,Mexico,139.0,5.0
2009-02,NUS,U.S.,NVE,Venezuela,987.0,35.0
2009-02,NUS,U.S.,NVQ,Virgin Islands,525.0,19.0
2009-02,NUS,U.S.,Z00,,2000.0,71.0
2009-02,R10,PADD 1,ME0,OPEC Countries,987.0,35.0
2009-02,R10,PADD 1,MN0,Non-OPEC Countries,861.0,31.0
2009-02,R10,PADD 1,NCA,Canada,336.0,12.0
2009-02,R10,PADD 1,NVE,Venezuela,987.0,35.0
2009-02,R10,PADD 1,NVQ,Virgin Islands,525.0,19.0
2009-02,R10,PADD 1,Z00,,1848.0,66.0
2009-02,R30,PADD 3,MN0,Non-OPEC Countries,14.0,1.0
2009-02,R30,PADD 3,NMX,Mexico,14.0,1.0
2009-02,R30,PADD 3,Z00,,14.0,1.0
2009-02,R50,PADD 5,MN0,Non-OPEC Countries,138.0,5.0
2009-02,R50,PADD 5,NCA,Canada,13.0,0.0
2009-02,R50,PADD 5,NMX,Mexico,125.0,4.0
2009-02,R50,PADD 5,Z00,,138.0,5.0
2009-03,NUS,U.S.,ME0,OPEC Countries,545.0,18.0
2009-03,NUS,U.S.,MN0,Non-OPEC Countries,2302.0,74.0
2009-03,NUS,U.S.,MP0,Persian Gulf Countries,84.0,3.0
2009-03,NUS,U.S.,NAA,Aruba,313.0,10.0
2009-03,NUS,U.S.,NCA,Canada,237.0,8.0
2009-03,NUS,U.S.,NIZ,Iraq,4.0,0.0
2009-03,NUS,U.S.,NKS,Korea,364.0,12.0
2009-03,NUS,U.S.,NMX,Mexico,234.0,8.0
2009-03,NUS,U.S.,NSA,Saudi Arabia,80.0,3.0
2009-03,NUS,U.S.,NTW,Taiwan,661.0,21.0
2009-03,NUS,U.S.,NVE,Venezuela,461.0,15.0
2009-03,NUS,U.S.,NVQ,Virgin Islands,493.0,16.0
2009-03,NUS,U.S.,Z00,,2847.0,92.0
2009-03,R10,PADD 1,ME0,OPEC Countries,464.0,15.0
2009-03,R10,PADD 1,MN0,Non-OPEC Countries,1043.0,34.0
2009-03,R10,PADD 1,MP0,Persian Gulf Countries,4.0,0.0
2009-03,R10,PADD 1,NAA,Aruba,313.0,10.0
2009-03,R10,PADD 1,NCA,Canada,227.0,7.0
2009-03,R10,PADD 1,NIZ,Iraq,4.0,0.0
2009-03,R10,PADD 1,NTW,Taiwan,10.0,0.0
2009-03,R10,PADD 1,NVE,Venezuela,460.0,15.0
2009-03,R10,PADD 1,NVQ,Virgin Islands,493.0,16.0
2009-03,R10,PADD 1,Z00,,1507.0,49.0
2009-03,R30,PADD 3,ME0,OPEC Countries,1.0,0.0
2009-03,R30,PADD 3,MN0,Non-OPEC Countries,17.0,1.0
2009-03,R30,PADD 3,NMX,Mexico,17.0,1.0
2009-03,R30,PADD 3,NVE,Venezuela,1.0,0.0
2009-03,R30,PADD 3,Z00,,18.0,1.0
2009-03,R50,PADD 5,ME0,OPEC Countries,80.0,3.0
2009-03,R50,PADD 5,MN0,Non-OPEC Countries,1242.0,40.0
2009-03,R50,PADD 5,MP0,Persian Gulf Countries,80.0,3.0
2009-03,R50,PADD 5,NCA,Canada,10.0,0.0
2009-03,R50,PADD 5,NKS,Korea,364.0,12.0
2009-03,R50,PADD 5,NMX,Mexico,217.0,7.0
2009-03,R50,PADD 5,NSA,Saudi Arabia,80.0,3.0
2009-03,R50,PADD 5,NTW,Taiwan,651.0,21.0
2009-03,R50,PADD 5,Z00,,1322.0,43.0
2009-04,NUS,U.S.,ME0,OPEC Countries,388.0,13.0
2009-04,NUS,U.S.,MN0,Non-OPEC Countries,2312.0,77.0
2009-04,NUS,U.S.,MP0,Persian Gulf Countries,138.0,5.0
2009-04,NUS,U.S.,NCA,Canada,257.0,9.0
2009-04,NUS,U.S.,NFI,Finland,110.0,4.0
2009-04,NUS,U.S.,NFR,France,322.0,11.0
2009-04,NUS,U.S.,NIZ,Iraq,138.0,5.0
2009-04,NUS,U.S.,NKS,Korea,463.0,15.0
2009-04,NUS,U.S.,NMX,Mexico,115.0,4.0
2009-04,NUS,U.S.,NTW,Taiwan,207.0,7.0
2009-04,NUS,U.S.,NVE,Venezuela,250.0,8.0
2009-04,NUS,U.S.,NVQ,Virgin Islands,838.0,28.0
2009-04,NUS,U.S.,Z00,,2700.0,90.0
2009-04,R10,PADD 1,ME0,OPEC Countries,250.0,8.0
2009-04,R10,PADD 1,MN0,Non-OPEC Countries,1509.0,50.0
2009-04,R10,PADD 1,NCA,Canada,229.0,8.0
2009-04,R10,PADD 1,NFI,Finland,110.0,4.0
2009-04,R10,PADD 1,NFR,France,322.0,11.0
2009-04,R10,PADD 1,NTW,Taiwan,10.0,0.0
2009-04,R10,PADD 1,NVE,Venezuela,250.0,8.0
2009-04,R10,PADD 1,NVQ,Virgin Islands,838.0,28.0
2009-04,R10,PADD 1,Z00,,1759.0,59.0
2009-04,R30,PADD 3,MN0,Non-OPEC Countries,17.0,1.0
2009-04,R30,PADD 3,NMX,Mexico,17.0,1.0
2009-04,R30,PADD 3,Z00,,17.0,1.0
2009-04,R50,PADD 5,ME0,OPEC Countries,138.0,5.0
2009-04,R50,PADD 5,MN0,Non-OPEC Countries,786.0,26.0
2009-04,R50,PADD 5,MP0,Persian Gulf Countries,138.0,5.0
2009-04,R50,PADD 5,NCA,Canada,28.0,1.0
2009-04,R50,PADD 5,NIZ,Iraq,138.0,5.0
2009-04,R50,PADD 5,NKS,Korea,463.0,15.0
2009-04,R50,PADD 5,NMX,Mexico,98.0,3.0
2009-04,R50,PADD 5,NTW,Taiwan,197.0,7.0
2009-04,R50,PADD 5,Z00,,924.0,31.0
2009-05,NUS,U.S.,MN0,Non-OPEC Countries,2041.0,66.0
2009-05,NUS,U.S.,NAA,Aruba,100.0,3.0
2009-05,NUS,U.S.,NBE,Belgium,126.0,4.0
2009-05,NUS,U.S.,NCA,Canada,272.0,9.0
2009-05,NUS,U.S.,NJA,Japan,137.0,4.0
2009-05,NUS,U.S.,NKS,Korea,342.0,11.0
2009-05,NUS,U.S.,NMX,Mexico,14.0,0.0
2009-05,NUS,U.S.,NTW,Taiwan,189.0,6.0
2009-05,NUS,U.S.,NVQ,Virgin Islands,861.0,28.0
2009-05,NUS,U.S.,Z00,,2041.0,66.0
2009-05,R10,PADD 1,MN0,Non-OPEC Countries,1398.0,45.0
2009-05,R10,PADD 1,NAA,Aruba,100.0,3.0
2009-05,R10,PADD 1,NBE,Belgium,126.0,4.0
2009-05,R10,PADD 1,NCA,Canada,267.0,9.0
2009-05,R10,PADD 1,NKS,Korea,10.0,0.0
2009-05,R10,PADD 1,NTW,Taiwan,34.0,1.0
2009-05,R10,PADD 1,NVQ,Virgin Islands,861.0,28.0
2009-05,R10,PADD 1,Z00,,1398.0,45.0
2009-05,R30,PADD 3,MN0,Non-OPEC Countries,14.0,0.0
2009-05,R30,PADD 3,NMX,Mexico,14.0,0.0
2009-05,R30,PADD 3,Z00,,14.0,0.0
2009-05,R50,PADD 5,MN0,Non-OPEC Countries,629.0,20.0
2009-05,R50,PADD 5,NCA,Canada,5.0,0.0
2009-05,R50,PADD 5,NJA,Japan,137.0,4.0
2009-05,R50,PADD 5,NKS,Korea,332.0,11.0
2009-05,R50,PADD 5,NTW,Taiwan,155.0,5.0
2009-05,R50,PADD 5,Z00,,629.0,20.0
2009-06,NUS,U.S.,MN0,Non-OPEC Countries,1961.0,65.0
2009-06,NUS,U.S.,NCA,Canada,474.0,16.0
2009-06,NUS,U.S.,NJA,Japan,161.0,5.0
2009-06,NUS,U.S.,NKS,Korea,652.0,22.0
2009-06,NUS,U.S.,NTW,Taiwan,25.0,1.0
2009-06,NUS,U.S.,NVQ,Virgin Islands,649.0,22.0
2009-06,NUS,U.S.,Z00,,1961.0,65.0
2009-06,R10,PADD 1,MN0,Non-OPEC Countries,1137.0,38.0
2009-06,R10,PADD 1,NCA,Canada,463.0,15.0
2009-06,R10,PADD 1,NTW,Taiwan,25.0,1.0
2009-06,R10,PADD 1,NVQ,Virgin Islands,649.0,22.0
2009-06,R10,PADD 1,Z00,,1137.0,38.0
2009-06,R50,PADD 5,MN0,Non-OPEC Countries,824.0,27.0
2009-06,R50,PADD 5,NCA,Canada,11.0,0.0
2009-06,R50,PADD 5,NJA,Japan,161.0,5.0
2009-06,R50,PADD 5,NKS,Korea,652.0,22.0
2009-06,R50,PADD 5,Z00,,824.0,27.0
2009-07,NUS,U.S.,MN0,Non-OPEC Countries,3169.0,102.0
2009-07,NUS,U.S.,NCA,Canada,411.0,13.0
2009-07,NUS,U.S.,NJA,Japan,453.0,15.0
2009-07,NUS,U.S.,NKS,Korea,1241.0,40.0
2009-07,NUS,U.S.,NTW,Taiwan,314.0,10.0
2009-07,NUS,U.S.,NVQ,Virgin Islands,750.0,24.0
2009-07,NUS,U.S.,Z00,,3169.0,102.0
2009-07,R10,PADD 1,MN0,Non-OPEC Countries,1570.0,51.0
2009-07,R10,PADD 1,NCA,Canada,406.0,13.0
2009-07,R10,PADD 1,NKS,Korea,100.0,3.0
2009-07,R10,PADD 1,NTW,Taiwan,314.0,10.0
2009-07,R10,PADD 1,NVQ,Virgin Islands,750.0,24.0
2009-07,R10,PADD 1,Z00,,1570.0,51.0
2009-07,R50,PADD 5,MN0,Non-OPEC Countries,1599.0,52.0
2009-07,R50,PADD 5,NCA,Canada,5.0,0.0
2009-07,R50,PADD 5,NJA,Japan,453.0,15.0
2009-07,R50,PADD 5,NKS,Korea,1141.0,37.0
2009-07,R50,PADD 5,Z00,,1599.0,52.0
2009-08,NUS,U.S.,MN0,Non-OPEC Countries,2841.0,92.0
2009-08,NUS,U.S.,NCA,Canada,295.0,10.0
2009-08,NUS,U.S.,NJA,Japan,76.0,2.0
2009-08,NUS,U.S.,NKS,Korea,1249.0,40.0
2009-08,NUS,U.S.,NTW,Taiwan,386.0,12.0
2009-08,NUS,U.S.,NVQ,Virgin Islands,835.0,27.0
2009-08,NUS,U.S.,Z00,,2841.0,92.0
2009-08,R10,PADD 1,MN0,Non-OPEC Countries,1422.0,46.0
2009-08,R10,PADD 1,NCA,Canada,268.0,9.0
2009-08,R10,PADD 1,NKS,Korea,319.0,10.0
2009-08,R10,PADD 1,NVQ,Virgin Islands,835.0,27.0
2009-08,R10,PADD 1,Z00,,1422.0,46.0
2009-08,R50,PADD 5,MN0,Non-OPEC Countries,1419.0,46.0
2009-08,R50,PADD 5,NCA,Canada,27.0,1.0
2009-08,R50,PADD 5,NJA,Japan,76.0,2.0
2009-08,R50,PADD 5,NKS,Korea,930.0,30.0
2009-08,R50,PADD 5,NTW,Taiwan,386.0,12.0
2009-08,R50,PADD 5,Z00,,1419.0,46.0
2009-09,NUS,U.S.,ME0,OPEC Countries,442.0,15.0
2009-09,NUS,U.S.,MN0,Non-OPEC Countries,2297.0,77.0
2009-09,NUS,U.S.,NCA,Canada,28.0,1.0
2009-09,NUS,U.S.,NJA,Japan,159.0,5.0
2009-09,NUS,U.S.,NKS,Korea,1017.0,34.0
2009-09,NUS,U.S.,NMX,Mexico,217.0,7.0
2009-09,NUS,U.S.,NTW,Taiwan,379.0,13.0
2009-09,NUS,U.S.,NVE,Venezuela,442.0,15.0
2009-09,NUS,U.S.,NVQ,Virgin Islands,497.0,17.0
2009-09,NUS,U.S.,Z00,,2739.0,91.0
2009-09,R10,PADD 1,ME0,OPEC Countries,442.0,15.0
2009-09,R10,PADD 1,MN0,Non-OPEC Countries,819.0,27.0
2009-09,R10,PADD 1,NCA,Canada,12.0,0.0
2009-09,R10,PADD 1,NKS,Korea,3.0,0.0
2009-09,R10,PADD 1,NMX,Mexico,217.0,7.0
2009-09,R10,PADD 1,NTW,Taiwan,90.0,3.0
2009-09,R10,PADD 1,NVE,Venezuela,442.0,15.0
2009-09,R10,PADD 1,NVQ,Virgin Islands,497.0,17.0
2009-09,R10,PADD 1,Z00,,1261.0,42.0
2009-09,R50,PADD 5,MN0,Non-OPEC Countries,1478.0,49.0
2009-09,R50,PADD 5,NCA,Canada,16.0,1.0
2009-09,R50,PADD 5,NJA,Japan,159.0,5.0
2009-09,R50,PADD 5,NKS,Korea,1014.0,34.0
2009-09,R50,PADD 5,NTW,Taiwan,289.0,10.0
2009-09,R50,PADD 5,Z00,,1478.0,49.0
2009-10,NUS,U.S.,MN0,Non-OPEC Countries,2603.0,84.0
2009-10,NUS,U.S.,NCA,Canada,122.0,4.0
2009-10,NUS,U.S.,NJA,Japan,200.0,6.0
2009-10,NUS,U.S.,NKS,Korea,1107.0,36.0
2009-10,NUS,U.S.,NSN,Singapore,318.0,10.0
2009-10,NUS,U.S.,NTW,Taiwan,146.0,5.0
2009-10,NUS,U.S.,NVQ,Virgin Islands,710.0,23.0
2009-10,NUS,U.S.,Z00,,2603.0,84.0
2009-10,R10,PADD 1,MN0,Non-OPEC Countries,735.0,24.0
2009-10,R10,PADD 1,NCA,Canada,15.0,0.0
2009-10,R10,PADD 1,NKS,Korea,10.0,0.0
2009-10,R10,PADD 1,NVQ,Virgin Islands,710.0,23.0
2009-10,R10,PADD 1,Z00,,735.0,24.0
2009-10,R50,PADD 5,MN0,Non-OPEC Countries,1868.0,60.0
2009-10,R50,PADD 5,NCA,Canada,107.0,3.0
2009-10,R50,PADD 5,NJA,Japan,200.0,6.0
2009-10,R50,PADD 5,NKS,Korea,1097.0,35.0
2009-10,R50,PADD 5,NSN,Singapore,318.0,10.0
2009-10,R50,PADD 5,NTW,Taiwan,146.0,5.0
2009-10,R50,PADD 5,Z00,,1868.0,60.0
2009-11,NUS,U.S.,ME0,OPEC Countries,239.0,8.0
2009-11,NUS,U.S.,MN0,Non-OPEC Countries,1895.0,63.0
2009-11,NUS,U.S.,NCA,Canada,60.0,2.0
2009-11,NUS,U.S.,NJA,Japan,74.0,2.0
2009-11,NUS,U.S.,NKS,Korea,152.0,5.0
2009-11,NUS,U.S.,NMX,Mexico,232.0,8.0
2009-11,NUS,U.S.,NTW,Taiwan,467.0,16.0
2009-11,NUS,U.S.,NVE,Venezuela,239.0,8.0
2009-11,NUS,U.S.,NVQ,Virgin Islands,910.0,30.0
2009-11,NUS,U.S.,Z00,,2134.0,71.0
2009-11,R10,PADD 1,ME0,OPEC Countries,239.0,8.0
2009-11,R10,PADD 1,MN0,Non-OPEC Countries,1041.0,35.0
2009-11,R10,PADD 1,NCA,Canada,57.0,2.0
2009-11,R10,PADD 1,NJA,Japan,74.0,2.0
2009-11,R10,PADD 1,NVE,Venezuela,239.0,8.0
2009-11,R10,PADD 1,NVQ,Virgin Islands,910.0,30.0
2009-11,R10,PADD 1,Z00,,1280.0,43.0
2009-11,R50,PADD 5,MN0,Non-OPEC Countries,854.0,28.0
2009-11,R50,PADD 5,NCA,Canada,3.0,0.0
2009-11,R50,PADD 5,NKS,Korea,152.0,5.0
2009-11,R50,PADD 5,NMX,Mexico,232.0,8.0
2009-11,R50,PADD 5,NTW,Taiwan,467.0,16.0
2009-11,R50,PADD 5,Z00,,854.0,28.0
2009-12,NUS,U.S.,MN0,Non-OPEC Countries,1698.0,55.0
2009-12,NUS,U.S.,NCA,Canada,118.0,4.0
2009-12,NUS,U.S.,NCO,Colombia,10.0,0.0
2009-12,NUS,U.S.,NKS,Korea,213.0,7.0
2009-12,NUS,U.S.,NNO,Norway,327.0,11.0
2009-12,NUS,U.S.,NTW,Taiwan,287.0,9.0
2009-12,NUS,U.S.,NVQ,Virgin Islands,743.0,24.0
2009-12,NUS,U.S.,Z00,,1698.0,55.0
2009-12,R10,PADD 1,MN0,Non-OPEC Countries,1188.0,38.0
2009-12,R10,PADD 1,NCA,Canada,108.0,3.0
2009-12,R10,PADD 1,NCO,Colombia,10.0,0.0
2009-12,R10,PADD 1,NNO,Norway,327.0,11.0
2009-12,R10,PADD 1,NVQ,Virgin Islands,743.0,24.0
2009-12,R10,PADD 1,Z00,,1188.0,38.0
2009-12,R50,PADD 5,MN0,Non-OPEC Countries,510.0,16.0
2009-12,R50,PADD 5,NCA,Canada,10.0,0.0
2009-12,R50,PADD 5,NKS,Korea,213.0,7.0
2009-12,R50,PADD 5,NTW,Taiwan,287.0,9.0
2009-12,R50,PADD 5,Z00,,510.0,16.0
2010-01,NUS,U.S.,ME0,OPEC Countries,857.0,28.0
2010-01,NUS,U.S.,MN0,Non-OPEC Countries,3208.0,103.0
2010-01,NUS,U.S.,MP0,Persian Gulf Countries,325.0,10.0
2010-01,NUS,U.S.,NCA,Canada,292.0,9.0
2010-01,NUS,U.S.,NCH,China,278.0,9.0
2010-01,NUS,U.S.,NCO,Colombia,70.0,2.0
2010-01,NUS,U.S.,NIT,Italy,281.0,9.0
2010-01,NUS,U.S.,NKS,Korea,353.0,11.0
2010-01,NUS,U.S.,NKU,Kuwait,325.0,10.0
2010-01,NUS,U.S.,NTD,Trinidad and Tobago,15.0,0.0
2010-01,NUS,U.S.,NTW,Taiwan,222.0,7.0
2010-01,NUS,U.S.,NUK,United Kingdom,296.0,10.0
2010-01,NUS,U.S.,NVE,Venezuela,532.0,17.0
2010-01,NUS,U.S.,NVQ,Virgin Islands,1401.0,45.0
2010-01,NUS,U.S.,Z00,,4065.0,131.0
2010-01,R10,PADD 1,ME0,OPEC Countries,727.0,23.0
2010-01,R10,PADD 1,MN0,Non-OPEC Countries,2335.0,75.0
2010-01,R10,PADD 1,MP0,Persian Gulf Countries,325.0,10.0
2010-01,R10,PADD 1,NCA,Canada,287.0,9.0
2010-01,R10,PADD 1,NIT,Italy,281.0,9.0
2010-01,R10,PADD 1,NKU,Kuwait,325.0,10.0
2010-01,R10,PADD 1,NTD,Trinidad and Tobago,15.0,0.0
2010-01,R10,PADD 1,NTW,Taiwan,55.0,2.0
2010-01,R10,PADD 1,NUK,United Kingdom,296.0,10.0
2010-01,R10,PADD 1,NVE,Venezuela,402.0,13.0
2010-01,R10,PADD 1,NVQ,Virgin Islands,1401.0,45.0
2010-01,R10,PADD 1,Z00,,3062.0,99.0
2010-01,R30,PADD 3,ME0,OPEC Countries,130.0,4.0
2010-01,R30,PADD 3,MN0,Non-OPEC Countries,70.0,2.0
2010-01,R30,PADD 3,NCO,Colombia,70.0,2.0
2010-01,R30,PADD 3,NVE,Venezuela,130.0,4.0
2010-01,R30,PADD 3,Z00,,200.0,6.0
2010-01,R50,PADD 5,MN0,Non-OPEC Countries,803.0,26.0
2010-01,R50,PADD 5,NCA,Canada,5.0,0.0
2010-01,R50,PADD 5,NCH,China,278.0,9.0
2010-01,R50,PADD 5,NKS,Korea,353.0,11.0
2010-01,R50,PADD 5,NTW,Taiwan,167.0,5.0
2010-01,R50,PADD 5,Z00,,803.0,26.0
2010-02,NUS,U.S.,ME0,OPEC Countries,274.0,10.0
2010-02,NUS,U.S.,MN0,Non-OPEC Countries,1824.0,65.0
2010-02,NUS,U.S.,NCA,Canada,277.0,10.0
2010-02,NUS,U.S.,NCH,China,10.0,0.0
2010-02,NUS,U.S.,NID,Indonesia,323.0,12.0
2010-02,NUS,U.S.,NKS,Korea,111.0,4.0
2010-02,NUS,U.S.,NMX,Mexico,90.0,3.0
2010-02,NUS,U.S.,NRS,Russia,10.0,0.0
2010-02,NUS,U.S.,NSN,Singapore,303.0,11.0
2010-02,NUS,U.S.,NTW,Taiwan,158.0,6.0
2010-02,NUS,U.S.,NVE,Venezuela,274.0,10.0
2010-02,NUS,U.S.,NVQ,Virgin Islands,542.0,19.0
2010-02,NUS,U.S.,Z00,,2098.0,75.0
2010-02,R10,PADD 1,ME0,OPEC Countries,274.0,10.0
2010-02,R10,PADD 1,MN0,Non-OPEC Countries,870.0,31.0
2010-02,R10,PADD 1,NCA,Canada,277.0,10.0
2010-02,R10,PADD 1,NCH,China,10.0,0.0
2010-02,R10,PADD 1,NKS,Korea,31.0,1.0
2010-02,R10,PADD 1,NRS,Russia,10.0,0.0
2010-02,R10,PADD 1,NVE,Venezuela,274.0,10.0
2010-02,R10,PADD 1,NVQ,Virgin Islands,542.0,19.0
2010-02,R10,PADD 1,Z00,,1144.0,41.0
2010-02,R50,PADD 5,MN0,Non-OPEC Countries,954.0,34.0
2010-02,R50,PADD 5,NID,Indonesia,323.0,12.0
2010-02,R50,PADD 5,NKS,Korea,80.0,3.0
2010-02,R50,PADD 5,NMX,Mexico,90.0,3.0
2010-02,R50,PADD 5,NSN,Singapore,303.0,11.0
2010-02,R50,PADD 5,NTW,Taiwan,158.0,6.0
2010-02,R50,PADD 5,Z00,,954.0,34.0
2010-03,NUS,U.S.,ME0,OPEC Countries,663.0,21.0
2010-03,NUS,U.S.,MN0,Non-OPEC Countries,1794.0,58.0
2010-03,NUS,U.S.,NBR,Brazil,151.0,5.0
2010-03,NUS,U.S.,NCA,Canada,186.0,6.0
2010-03,NUS,U.S.,NCO,Colombia,69.0,2.0
2010-03,NUS,U.S.,NEK,Equatorial Guinea,225.0,7.0
2010-03,NUS,U.S.,NKS,Korea,185.0,6.0
2010-03,NUS,U.S.,NMX,Mexico,100.0,3.0
2010-03,NUS,U.S.,NNA,Netherlands Antilles,165.0,5.0
2010-03,NUS,U.S.,NVE,Venezuela,663.0,21.0
2010-03,NUS,U.S.,NVQ,Virgin Islands,713.0,23.0
2010-03,NUS,U.S.,Z00,,2457.0,79.0
2010-03,R10,PADD 1,ME0,OPEC Countries,483.0,16.0
2010-03,R10,PADD 1,MN0,Non-OPEC Countries,1270.0,41.0
2010-03,R10,PADD 1,NBR,Brazil,151.0,5.0
2010-03,R10,PADD 1,NCA,Canada,186.0,6.0
2010-03,R10,PADD 1,NKS,Korea,25.0,1.0
2010-03,R10,PADD 1,NMX,Mexico,30.0,1.0
2010-03,R10,PADD 1,NNA,Netherlands Antilles,165.0,5.0
2010-03,R10,PADD 1,NVE,Venezuela,483.0,16.0
2010-03,R10,PADD 1,NVQ,Virgin Islands,713.0,23.0
2010-03,R10,PADD 1,Z00,,1753.0,57.0
2010-03,R30,PADD 3,ME0,OPEC Countries,180.0,6.0
2010-03,R30,PADD 3,MN0,Non-OPEC Countries,294.0,9.0
2010-03,R30,PADD 3,NCO,Colombia,69.0,2.0
2010-03,R30,PADD 3,NEK,Equatorial Guinea,225.0,7.0
2010-03,R30,PADD 3,NVE,Venezuela,180.0,6.0
2010-03,R30,PADD 3,Z00,,474.0,15.0
2010-03,R50,PADD 5,MN0,Non-OPEC Countries,230.0,7.0
2010-03,R50,PADD 5,NKS,Korea,160.0,5.0
2010-03,R50,PADD 5,NMX,Mexico,70.0,2.0
2010-03,R50,PADD 5,Z00,,230.0,7.0
2010-04,NUS,U.S.,ME0,OPEC Countries,385.0,13.0
2010-04,NUS,U.S.,MN0,Non-OPEC Countries,2242.0,75.0
2010-04,NUS,U.S.,NBR,Brazil,20.0,1.0
2010-04,NUS,U.S.,NCA,Canada,408.0,14.0
2010-04,NUS,U.S.,NJA,Japan,312.0,10.0
2010-04,NUS,U.S.,NKS,Korea,659.0,22.0
2010-04,NUS,U.S.,NMX,Mexico,61.0,2.0
2010-04,NUS,U.S.,NRS,Russia,5.0,0.0
2010-04,NUS,U.S.,NVE,Venezuela,385.0,13.0
2010-04,NUS,U.S.,NVQ,Virgin Islands,777.0,26.0
2010-04,NUS,U.S.,Z00,,2627.0,88.0
2010-04,R10,PADD 1,ME0,OPEC Countries,385.0,13.0
2010-04,R10,PADD 1,MN0,Non-OPEC Countries,1256.0,42.0
2010-04,R10,PADD 1,NBR,Brazil,20.0,1.0
2010-04,R10,PADD 1,NCA,Canada,374.0,12.0
2010-04,R10,PADD 1,NKS,Korea,85.0,3.0
2010-04,R10,PADD 1,NVE,Venezuela,385.0,13.0
2010-04,R10,PADD 1,NVQ,Virgin Islands,777.0,26.0
2010-04,R10,PADD 1,Z00,,1641.0,55.0
2010-04,R40,PADD 4,MN0,Non-OPEC Countries,5.0,0.0
2010-04,R40,PADD 4,NRS,Russia,5.0,0.0
2010-04,R40,PADD 4,Z00,,5.0,0.0
2010-04,R50,PADD 5,MN0,Non-OPEC Countries,981.0,33.0
2010-04,R50,PADD 5,NCA,Canada,34.0,1.0
2010-04,R50,PADD 5,NJA,Japan,312.0,10.0
2010-04,R50,PADD 5,NKS,Korea,574.0,19.0
2010-04,R50,PADD 5,NMX,Mexico,61.0,2.0
2010-04,R50,PADD 5,Z00,,981.0,33.0
2010-05,NUS,U.S.,ME0,OPEC Countries,380.0,12.0
2010-05,NUS,U.S.,MN0,Non-OPEC Countries,2116.0,68.0
2010-05,NUS,U.S.,NBR,Brazil,25.0,1.0
2010-05,NUS,U.S.,NCA,Canada,337.0,11.0
2010-05,NUS,U.S.,NKS,Korea,1480.0,48.0
2010-05,NUS,U.S.,NTW,Taiwan,20.0,1.0
2010-05,NUS,U.S.,NVE,Venezuela,380.0,12.0
2010-05,NUS,U.S.,NVQ,Virgin Islands,254.0,8.0
2010-05,NUS,U.S.,Z00,,2496.0,81.0
2010-05,R10,PADD 1,ME0,OPEC Countries,380.0,12.0
2010-05,R10,PADD 1,MN0,Non-OPEC Countries,602.0,19.0
2010-05,R10,PADD 1,NBR,Brazil,20.0,1.0
2010-05,R10,PADD 1,NCA,Canada,298.0,10.0
2010-05,R10,PADD 1,NKS,Korea,10.0,0.0
2010-05,R10,PADD 1,NTW,Taiwan,20.0,1.0
2010-05,R10,PADD 1,NVE,Venezuela,380.0,12.0
2010-05,R10,PADD 1,NVQ,Virgin Islands,254.0,8.0
2010-05,R10,PADD 1,Z00,,982.0,32.0
2010-05,R40,PADD 4,MN0,Non-OPEC Countries,5.0,0.0
2010-05,R40,PADD 4,NBR,Brazil,5.0,0.0
2010-05,R40,PADD 4,Z00,,5.0,0.0
2010-05,R50,PADD 5,MN0,Non-OPEC Countries,1509.0,49.0
2010-05,R50,PADD 5,NCA,Canada,39.0,1.0
2010-05,R50,PADD 5,NKS,Korea,1470.0,47.0
2010-05,R50,PADD 5,Z00,,1509.0,49.0
2010-06,NUS,U.S.,ME0,OPEC Countries,209.0,7.0
2010-06,NUS,U.S.,MN0,Non-OPEC Countries,3201.0,107.0
2010-06,NUS,U.S.,NAG,Algeria,20.0,1.0
2010-06,NUS,U.S.,NBR,Brazil,3.0,0.0
2010-06,NUS,U.S.,NCA,Canada,381.0,13.0
2010-06,NUS,U.S.,NJA,Japan,835.0,28.0
2010-06,NUS,U.S.,NKS,Korea,1464.0,49.0
2010-06,NUS,U.S.,NTW,Taiwan,175.0,6.0
2010-06,NUS,U.S.,NVE,Venezuela,189.0,6.0
2010-06,NUS,U.S.,NVQ,Virgin Islands,343.0,11.0
2010-06,NUS,U.S.,Z00,,3410.0,114.0
2010-06,R10,PADD 1,ME0,OPEC Countries,209.0,7.0
2010-06,R10,PADD 1,MN0,Non-OPEC Countries,716.0,24.0
2010-06,R10,PADD 1,NAG,Algeria,20.0,1.0
2010-06,R10,PADD 1,NCA,Canada,373.0,12.0
2010-06,R10,PADD 1,NVE,Venezuela,189.0,6.0
2010-06,R10,PADD 1,NVQ,Virgin Islands,343.0,11.0
2010-06,R10,PADD 1,Z00,,925.0,31.0
2010-06,R40,PADD 4,MN0,Non-OPEC Countries,3.0,0.0
2010-06,R40,PADD 4,NBR,Brazil,3.0,0.0
2010-06,R40,PADD 4,Z00,,3.0,0.0
2010-06,R50,PADD 5,MN0,Non-OPEC Countries,2482.0,83.0
2010-06,R50,PADD 5,NCA,Canada,8.0,0.0
2010-06,R50,PADD 5,NJA,Japan,835.0,28.0
2010-06,R50,PADD 5,NKS,Korea,1464.0,49.0
2010-06,R50,PADD 5,NTW,Taiwan,175.0,6.0
2010-06,R50,PADD 5,Z00,,2482.0,83.0
2010-07,NUS,U.S.,ME0,OPEC Countries,363.0,12.0
2010-07,NUS,U.S.,MN0,Non-OPEC Countries,3130.0,101.0
2010-07,NUS,U.S.,NAG,Algeria,6.0,0.0
2010-07,NUS,U.S.,NCA,Canada,270.0,9.0
2010-07,NUS,U.S.,NJA,Japan,100.0,3.0
2010-07,NUS,U.S.,NKS,Korea,2158.0,70.0
2010-07,NUS,U.S.,NMY,Malaysia,30.0,1.0
2010-07,NUS,U.S.,NRS,Russia,42.0,1.0
2010-07,NUS,U.S.,NTW,Taiwan,165.0,5.0
2010-07,NUS,U.S.,NVE,Venezuela,357.0,12.0
2010-07,NUS,U.S.,NVQ,Virgin Islands,365.0,12.0
2010-07,NUS,U.S.,Z00,,3493.0,113.0
2010-07,R10,PADD 1,ME0,OPEC Countries,357.0,12.0
2010-07,R10,PADD 1,MN0,Non-OPEC Countries,662.0,21.0
2010-07,R10,PADD 1,NCA,Canada,237.0,8.0
2010-07,R10,PADD 1,NKS,Korea,20.0,1.0
2010-07,R10,PADD 1,NRS,Russia,40.0,1.0
2010-07,R10,PADD 1,NVE,Venezuela,357.0,12.0
2010-07,R10,PADD 1,NVQ,Virgin Islands,365.0,12.0
2010-07,R10,PADD 1,Z00,,1019.0,33.0
2010-07,R40,PADD 4,ME0,OPEC Countries,6.0,0.0
2010-07,R40,PADD 4,MN0,Non-OPEC Countries,2.0,0.0
2010-07,R40,PADD 4,NAG,Algeria,6.0,0.0
2010-07,R40,PADD 4,NRS,Russia,2.0,0.0
2010-07,R40,PADD 4,Z00,,8.0,0.0
2010-07,R50,PADD 5,MN0,Non-OPEC Countries,2466.0,80.0
2010-07,R50,PADD 5,NCA,Canada,33.0,1.0
2010-07,R50,PADD 5,NJA,Japan,100.0,3.0
2010-07,R50,PADD 5,NKS,Korea,2138.0,69.0
2010-07,R50,PADD 5,NMY,Malaysia,30.0,1.0
2010-07,R50,PADD 5,NTW,Taiwan,165.0,5.0
2010-07,R50,PADD 5,Z00,,2466.0,80.0
2010-08,NUS,U.S.,ME0,OPEC Countries,240.0,8.0
2010-08,NUS,U.S.,MN0,Non-OPEC Countries,2938.0,95.0
2010-08,NUS,U.S.,NCA,Canada,434.0,14.0
2010-08,NUS,U.S.,NJA,Japan,525.0,17.0
2010-08,NUS,U.S.,NKS,Korea,1401.0,45.0
2010-08,NUS,U.S.,NMY,Malaysia,212.0,7.0
2010-08,NUS,U.S.,NTW,Taiwan,41.0,1.0
2010-08,NUS,U.S.,NVE,Venezuela,240.0,8.0
2010-08,NUS,U.S.,NVQ,Virgin Islands,325.0,10.0
2010-08,NUS,U.S.,Z00,,3178.0,103.0
2010-08,R10,PADD 1,ME0,OPEC Countries,240.0,8.0
2010-08,R10,PADD 1,MN0,Non-OPEC Countries,773.0,25.0
2010-08,R10,PADD 1,NCA,Canada,373.0,12.0
2010-08,R10,PADD 1,NKS,Korea,75.0,2.0
2010-08,R10,PADD 1,NVE,Venezuela,240.0,8.0
2010-08,R10,PADD 1,NVQ,Virgin Islands,325.0,10.0
2010-08,R10,PADD 1,Z00,,1013.0,33.0
2010-08,R50,PADD 5,MN0,Non-OPEC Countries,2165.0,70.0
2010-08,R50,PADD 5,NCA,Canada,61.0,2.0
2010-08,R50,PADD 5,NJA,Japan,525.0,17.0
2010-08,R50,PADD 5,NKS,Korea,1326.0,43.0
2010-08,R50,PADD 5,NMY,Malaysia,212.0,7.0
2010-08,R50,PADD 5,NTW,Taiwan,41.0,1.0
2010-08,R50,PADD 5,Z00,,2165.0,70.0
2010-09,NUS,U.S.,ME0,OPEC Countries,473.0,16.0
2010-09,NUS,U.S.,MN0,Non-OPEC Countries,3175.0,106.0
2010-09,NUS,U.S.,NCA,Canada,273.0,9.0
2010-09,NUS,U.S.,NJA,Japan,112.0,4.0
2010-09,NUS,U.S.,NKS,Korea,1594.0,53.0
2010-09,NUS,U.S.,NMX,Mexico,420.0,14.0
2010-09,NUS,U.S.,NVE,Venezuela,473.0,16.0
2010-09,NUS,U.S.,NVQ,Virgin Islands,776.0,26.0
2010-09,NUS,U.S.,Z00,,3648.0,122.0
2010-09,R10,PADD 1,ME0,OPEC Countries,473.0,16.0
2010-09,R10,PADD 1,MN0,Non-OPEC Countries,1420.0,47.0
2010-09,R10,PADD 1,NCA,Canada,224.0,7.0
2010-09,R10,PADD 1,NMX,Mexico,420.0,14.0
2010-09,R10,PADD 1,NVE,Venezuela,473.0,16.0
2010-09,R10,PADD 1,NVQ,Virgin Islands,776.0,26.0
2010-09,R10,PADD 1,Z00,,1893.0,63.0
2010-09,R50,PADD 5,MN0,Non-OPEC Countries,1755.0,59.0
2010-09,R50,PADD 5,NCA,Canada,49.0,2.0
2010-09,R50,PADD 5,NJA,Japan,112.0,4.0
2010-09,R50,PADD 5,NKS,Korea,1594.0,53.0
2010-09,R50,PADD 5,Z00,,1755.0,59.0
2010-10,NUS,U.S.,ME0,OPEC Countries,228.0,7.0
2010-10,NUS,U.S.,MN0,Non-OPEC Countries,2675.0,86.0
2010-10,NUS,U.S.,NCA,Canada,114.0,4.0
2010-10,NUS,U.S.,NJA,Japan,908.0,29.0
2010-10,NUS,U.S.,NKS,Korea,1143.0,37.0
2010-10,NUS,U.S.,NVE,Venezuela,228.0,7.0
2010-10,NUS,U.S.,NVQ,Virgin Islands,510.0,16.0
2010-10,NUS,U.S.,Z00,,2903.0,94.0
2010-10,R10,PADD 1,ME0,OPEC Countries,228.0,7.0
2010-10,R10,PADD 1,MN0,Non-OPEC Countries,843.0,27.0
2010-10,R10,PADD 1,NCA,Canada,66.0,2.0
2010-10,R10,PADD 1,NKS,Korea,267.0,9.0
2010-10,R10,PADD 1,NVE,Venezuela,228.0,7.0
2010-10,R10,PADD 1,NVQ,Virgin Islands,510.0,16.0
2010-10,R10,PADD 1,Z00,,1071.0,35.0
2010-10,R30,PADD 3,MN0,Non-OPEC Countries,726.0,23.0
2010-10,R30,PADD 3,NJA,Japan,726.0,23.0
2010-10,R30,PADD 3,Z00,,726.0,23.0
2010-10,R50,PADD 5,MN0,Non-OPEC Countries,1106.0,36.0
2010-10,R50,PADD 5,NCA,Canada,48.0,2.0
2010-10,R50,PADD 5,NJA,Japan,182.0,6.0
2010-10,R50,PADD 5,NKS,Korea,876.0,28.0
2010-10,R50,PADD 5,Z00,,1106.0,36.0
2010-11,NUS,U.S.,ME0,OPEC Countries,241.0,8.0
2010-11,NUS,U.S.,MN0,Non-OPEC Countries,2775.0,93.0
2010-11,NUS,U.S.,NCA,Canada,63.0,2.0
2010-11,NUS,U.S.,NJA,Japan,6.0,0.0
2010-11,NUS,U.S.,NKS,Korea,2000.0,67.0
2010-11,NUS,U.S.,NTW,Taiwan,3.0,0.0
2010-11,NUS,U.S.,NVE,Venezuela,241.0,8.0
2010-11,NUS,U.S.,NVQ,Virgin Islands,703.0,23.0
2010-11,NUS,U.S.,Z00,,3016.0,101.0
2010-11,R10,PADD 1,ME0,OPEC Countries,241.0,8.0
2010-11,R10,PADD 1,MN0,Non-OPEC Countries,821.0,27.0
2010-11,R10,PADD 1,NCA,Canada,63.0,2.0
2010-11,R10,PADD 1,NKS,Korea,55.0,2.0
2010-11,R10,PADD 1,NVE,Venezuela,241.0,8.0
2010-11,R10,PADD 1,NVQ,Virgin Islands,703.0,23.0
2010-11,R10,PADD 1,Z00,,1062.0,35.0
2010-11,R50,PADD 5,MN0,Non-OPEC Countries,1954.0,65.0
2010-11,R50,PADD 5,NJA,Japan,6.0,0.0
2010-11,R50,PADD 5,NKS,Korea,1945.0,65.0
2010-11,R50,PADD 5,NTW,Taiwan,3.0,0.0
2010-11,R50,PADD 5,Z00,,1954.0,65.0
2010-12,NUS,U.S.,ME0,OPEC Countries,145.0,5.0
2010-12,NUS,U.S.,MN0,Non-OPEC Countries,2115.0,68.0
2010-12,NUS,U.S.,NCA,Canada,210.0,7.0
2010-12,NUS,U.S.,NKS,Korea,847.0,27.0
2010-12,NUS,U.S.,NMY,Malaysia,301.0,10.0
2010-12,NUS,U.S.,NTW,Taiwan,130.0,4.0
2010-12,NUS,U.S.,NVE,Venezuela,145.0,5.0
2010-12,NUS,U.S.,NVQ,Virgin Islands,627.0,20.0
2010-12,NUS,U.S.,Z00,,2260.0,73.0
2010-12,R10,PADD 1,ME0,OPEC Countries,145.0,5.0
2010-12,R10,PADD 1,MN0,Non-OPEC Countries,958.0,31.0
2010-12,R10,PADD 1,NCA,Canada,201.0,6.0
2010-12,R10,PADD 1,NTW,Taiwan,130.0,4.0
2010-12,R10,PADD 1,NVE,Venezuela,145.0,5.0
2010-12,R10,PADD 1,NVQ,Virgin Islands,627.0,20.0
2010-12,R10,PADD 1,Z00,,1103.0,36.0
2010-12,R50,PADD 5,MN0,Non-OPEC Countries,1157.0,37.0
2010-12,R50,PADD 5,NCA,Canada,9.0,0.0
2010-12,R50,PADD 5,NKS,Korea,847.0,27.0
2010-12,R50,PADD 5,NMY,Malaysia,301.0,10.0
2010-12,R50,PADD 5,Z00,,1157.0,37.0
2011-01,NUS,U.S.,ME0,OPEC Countries,461.0,15.0
2011-01,NUS,U.S.,MN0,Non-OPEC Countries,1542.0,50.0
2011-01,NUS,U.S.,NCA,Canada,230.0,7.0
2011-01,NUS,U.S.,NJA,Japan,17.0,1.0
2011-01,NUS,U.S.,NKS,Korea,958.0,31.0
2011-01,NUS,U.S.,NVE,Venezuela,461.0,15.0
2011-01,NUS,U.S.,NVQ,Virgin Islands,337.0,11.0
2011-01,NUS,U.S.,Z00,,2003.0,65.0
2011-01,R10,PADD 1,ME0,OPEC Countries,461.0,15.0
2011-01,R10,PADD 1,MN0,Non-OPEC Countries,528.0,17.0
2011-01,R10,PADD 1,NCA,Canada,191.0,6.0
2011-01,R10,PADD 1,NVE,Venezuela,461.0,15.0
2011-01,R10,PADD 1,NVQ,Virgin Islands,337.0,11.0
2011-01,R10,PADD 1,Z00,,989.0,32.0
2011-01,R50,PADD 5,MN0,Non-OPEC Countries,1014.0,33.0
2011-01,R50,PADD 5,NCA,Canada,39.0,1.0
2011-01,R50,PADD 5,NJA,Japan,17.0,1.0
2011-01,R50,PADD 5,NKS,Korea,958.0,31.0
2011-01,R50,PADD 5,Z00,,1014.0,33.0
2011-02,NUS,U.S.,ME0,OPEC Countries,616.0,22.0
2011-02,NUS,U.S.,MN0,Non-OPEC Countries,1288.0,46.0
2011-02,NUS,U.S.,NAA,Aruba,319.0,11.0
2011-02,NUS,U.S.,NBO,Belarus,92.0,3.0
2011-02,NUS,U.S.,NCA,Canada,235.0,8.0
2011-02,NUS,U.S.,NJA,Japan,311.0,11.0
2011-02,NUS,U.S.,NKS,Korea,45.0,2.0
2011-02,NUS,U.S.,NNA,Netherlands Antilles,240.0,9.0
2011-02,NUS,U.S.,NVE,Venezuela,616.0,22.0
2011-02,NUS,U.S.,NVQ,Virgin Islands,46.0,2.0
2011-02,NUS,U.S.,Z00,,1904.0,68.0
2011-02,R10,PADD 1,ME0,OPEC Countries,616.0,22.0
2011-02,R10,PADD 1,MN0,Non-OPEC Countries,802.0,29.0
2011-02,R10,PADD 1,NAA,Aruba,319.0,11.0
2011-02,R10,PADD 1,NBO,Belarus,92.0,3.0
2011-02,R10,PADD 1,NCA,Canada,105.0,4.0
2011-02,R10,PADD 1,NNA,Netherlands Antilles,240.0,9.0
2011-02,R10,PADD 1,NVE,Venezuela,616.0,22.0
2011-02,R10,PADD 1,NVQ,Virgin Islands,46.0,2.0
2011-02,R10,PADD 1,Z00,,1418.0,51.0
2011-02,R50,PADD 5,MN0,Non-OPEC Countries,486.0,17.0
2011-02,R50,PADD 5,NCA,Canada,130.0,5.0
2011-02,R50,PADD 5,NJA,Japan,311.0,11.0
2011-02,R50,PADD 5,NKS,Korea,45.0,2.0
2011-02,R50,PADD 5,Z00,,486.0,17.0
2011-03,NUS,U.S.,ME0,OPEC Countries,608.0,20.0
2011-03,NUS,U.S.,MN0,Non-OPEC Countries,1395.0,45.0
2011-03,NUS,U.S.,NAA,Aruba,148.0,5.0
2011-03,NUS,U.S.,NCA,Canada,217.0,7.0
2011-03,NUS,U.S.,NKS,Korea,466.0,15.0
2011-03,NUS,U.S.,NNA,Netherlands Antilles,263.0,8.0
2011-03,NUS,U.S.,NVE,Venezuela,608.0,20.0
2011-03,NUS,U.S.,NVQ,Virgin Islands,301.0,10.0
2011-03,NUS,U.S.,Z00,,2003.0,65.0
2011-03,R10,PADD 1,ME0,OPEC Countries,608.0,20.0
2011-03,R10,PADD 1,MN0,Non-OPEC Countries,905.0,29.0
2011-03,R10,PADD 1,NAA,Aruba,148.0,5.0
2011-03,R10,PADD 1,NCA,Canada,193.0,6.0
2011-03,R10,PADD 1,NNA,Netherlands Antilles,263.0,8.0
2011-03,R10,PADD 1,NVE,Venezuela,608.0,20.0
2011-03,R10,PADD 1,NVQ,Virgin Islands,301.0,10.0
2011-03,R10,PADD 1,Z00,,1513.0,49.0
2011-03,R50,PADD 5,MN0,Non-OPEC Countries,490.0,16.0
2011-03,R50,PADD 5,NCA,Canada,24.0,1.0
2011-03,R50,PADD 5,NKS,Korea,466.0,15.0
2011-03,R50,PADD 5,Z00,,490.0,16.0
2011-04,NUS,U.S.,ME0,OPEC Countries,468.0,16.0
2011-04,NUS,U.S.,MN0,Non-OPEC Countries,1922.0,64.0
2011-04,NUS,U.S.,NCA,Canada,198.0,7.0
2011-04,NUS,U.S.,NIN,India,692.0,23.0
2011-04,NUS,U.S.,NKS,Korea,914.0,30.0
2011-04,NUS,U.S.,NNA,Netherlands Antilles,10.0,0.0
2011-04,NUS,U.S.,NVE,Venezuela,468.0,16.0
2011-04,NUS,U.S.,NVQ,Virgin Islands,108.0,4.0
2011-04,NUS,U.S.,Z00,,2390.0,80.0
2011-04,R10,PADD 1,ME0,OPEC Countries,468.0,16.0
2011-04,R10,PADD 1,MN0,Non-OPEC Countries,1008.0,34.0
2011-04,R10,PADD 1,NCA,Canada,198.0,7.0
2011-04,R10,PADD 1,NIN,India,692.0,23.0
2011-04,R10,PADD 1,NNA,Netherlands Antilles,10.0,0.0
2011-04,R10,PADD 1,NVE,Venezuela,468.0,16.0
2011-04,R10,PADD 1,NVQ,Virgin Islands,108.0,4.0
2011-04,R10,PADD 1,Z00,,1476.0,49.0
2011-04,R50,PADD 5,MN0,Non-OPEC Countries,914.0,30.0
2011-04,R50,PADD 5,NKS,Korea,914.0,30.0
2011-04,R50,PADD 5,Z00,,914.0,30.0
2011-05,NUS,U.S.,ME0,OPEC Countries,786.0,25.0
2011-05,NUS,U.S.,MN0,Non-OPEC Countries,2046.0,66.0
2011-05,NUS,U.S.,NAA,Aruba,206.0,7.0
2011-05,NUS,U.S.,NCA,Canada,287.0,9.0
2011-05,NUS,U.S.,NKS,Korea,1201.0,39.0
2011-05,NUS,U.S.,NMX,Mexico,201.0,6.0
2011-05,NUS,U.S.,NVE,Venezuela,786.0,25.0
2011-05,NUS,U.S.,NVQ,Virgin Islands,151.0,5.0
2011-05,NUS,U.S.,Z00,,2832.0,91.0
2011-05,R10,PADD 1,ME0,OPEC Countries,786.0,25.0
2011-05,R10,PADD 1,MN0,Non-OPEC Countries,644.0,21.0
2011-05,R10,PADD 1,NAA,Aruba,206.0,7.0
2011-05,R10,PADD 1,NCA,Canada,287.0,9.0
2011-05,R10,PADD 1,NVE,Venezuela,786.0,25.0
2011-05,R10,PADD 1,NVQ,Virgin Islands,151.0,5.0
2011-05,R10,PADD 1,Z00,,1430.0,46.0
2011-05,R30,PADD 3,MN0,Non-OPEC Countries,1.0,0.0
2011-05,R30,PADD 3,NMX,Mexico,1.0,0.0
2011-05,R30,PADD 3,Z00,,1.0,0.0
2011-05,R50,PADD 5,MN0,Non-OPEC Countries,1401.0,45.0
2011-05,R50,PADD 5,NKS,Korea,1201.0,39.0
2011-05,R50,PADD 5,NMX,Mexico,200.0,6.0
2011-05,R50,PADD 5,Z00,,1401.0,45.0
2011-06,NUS,U.S.,ME0,OPEC Countries,652.0,22.0
2011-06,NUS,U.S.,MN0,Non-OPEC Countries,1822.0,61.0
2011-06,NUS,U.S.,MP0,Persian Gulf Countries,12.0,0.0
2011-06,NUS,U.S.,NCA,Canada,292.0,10.0
2011-06,NUS,U.S.,NJA,Japan,30.0,1.0
2011-06,NUS,U.S.,NKS,Korea,1296.0,43.0
2011-06,NUS,U.S.,NSA,Saudi Arabia,12.0,0.0
2011-06,NUS,U.S.,NVE,Venezuela,640.0,21.0
2011-06,NUS,U.S.,NVQ,Virgin Islands,204.0,7.0
2011-06,NUS,U.S.,Z00,,2474.0,82.0
2011-06,R10,PADD 1,ME0,OPEC Countries,640.0,21.0
2011-06,R10,PADD 1,MN0,Non-OPEC Countries,510.0,17.0
2011-06,R10,PADD 1,NCA,Canada,276.0,9.0
2011-06,R10,PADD 1,NJA,Japan,30.0,1.0
2011-06,R10,PADD 1,NVE,Venezuela,640.0,21.0
2011-06,R10,PADD 1,NVQ,Virgin Islands,204.0,7.0
2011-06,R10,PADD 1,Z00,,1150.0,38.0
2011-06,R50,PADD 5,ME0,OPEC Countries,12.0,0.0
2011-06,R50,PADD 5,MN0,Non-OPEC Countries,1312.0,44.0
2011-06,R50,PADD 5,MP0,Persian Gulf Countries,12.0,0.0
2011-06,R50,PADD 5,NCA,Canada,16.0,1.0
2011-06,R50,PADD 5,NKS,Korea,1296.0,43.0
2011-06,R50,PADD 5,NSA,Saudi Arabia,12.0,0.0
2011-06,R50,PADD 5,Z00,,1324.0,44.0
2011-07,NUS,U.S.,ME0,OPEC Countries,590.0,19.0
2011-07,NUS,U.S.,MN0,Non-OPEC Countries,2360.0,76.0
2011-07,NUS,U.S.,NAA,Aruba,187.0,6.0
2011-07,NUS,U.S.,NCA,Canada,311.0,10.0
2011-07,NUS,U.S.,NJA,Japan,392.0,13.0
2011-07,NUS,U.S.,NKS,Korea,1154.0,37.0
2011-07,NUS,U.S.,NMX,Mexico,131.0,4.0
2011-07,NUS,U.S.,NVE,Venezuela,590.0,19.0
2011-07,NUS,U.S.,NVQ,Virgin Islands,185.0,6.0
2011-07,NUS,U.S.,Z00,,2950.0,95.0
2011-07,R10,PADD 1,ME0,OPEC Countries,590.0,19.0
2011-07,R10,PADD 1,MN0,Non-OPEC Countries,793.0,26.0
2011-07,R10,PADD 1,NAA,Aruba,187.0,6.0
2011-07,R10,PADD 1,NCA,Canada,290.0,9.0
2011-07,R10,PADD 1,NMX,Mexico,131.0,4.0
2011-07,R10,PADD 1,NVE,Venezuela,590.0,19.0
2011-07,R10,PADD 1,NVQ,Virgin Islands,185.0,6.0
2011-07,R10,PADD 1,Z00,,1383.0,45.0
2011-07,R30,PADD 3,MN0,Non-OPEC Countries,319.0,10.0
2011-07,R30,PADD 3,NKS,Korea,319.0,10.0
2011-07,R30,PADD 3,Z00,,319.0,10.0
2011-07,R50,PADD 5,MN0,Non-OPEC Countries,1248.0,40.0
2011-07,R50,PADD 5,NCA,Canada,21.0,1.0
2011-07,R50,PADD 5,NJA,Japan,392.0,13.0
2011-07,R50,PADD 5,NKS,Korea,835.0,27.0
2011-07,R50,PADD 5,Z00,,1248.0,40.0
2011-08,NUS,U.S.,ME0,OPEC Countries,488.0,16.0
2011-08,NUS,U.S.,MN0,Non-OPEC Countries,1548.0,50.0
2011-08,NUS,U.S.,NAA,Aruba,69.0,2.0
2011-08,NUS,U.S.,NCA,Canada,84.0,3.0
2011-08,NUS,U.S.,NJA,Japan,315.0,10.0
2011-08,NUS,U.S.,NKS,Korea,805.0,26.0
2011-08,NUS,U.S.,NTW,Taiwan,10.0,0.0
2011-08,NUS,U.S.,NVE,Venezuela,488.0,16.0
2011-08,NUS,U.S.,NVQ,Virgin Islands,265.0,9.0
2011-08,NUS,U.S.,Z00,,2036.0,66.0
2011-08,R10,PADD 1,ME0,OPEC Countries,488.0,16.0
2011-08,R10,PADD 1,MN0,Non-OPEC Countries,389.0,13.0
2011-08,R10,PADD 1,NAA,Aruba,69.0,2.0
2011-08,R10,PADD 1,NCA,Canada,55.0,2.0
2011-08,R10,PADD 1,NVE,Venezuela,488.0,16.0
2011-08,R10,PADD 1,NVQ,Virgin Islands,265.0,9.0
2011-08,R10,PADD 1,Z00,,877.0,28.0
2011-08,R50,PADD 5,MN0,Non-OPEC Countries,1159.0,37.0
2011-08,R50,PADD 5,NCA,Canada,29.0,1.0
2011-08,R50,PADD 5,NJA,Japan,315.0,10.0
2011-08,R50,PADD 5,NKS,Korea,805.0,26.0
2011-08,R50,PADD 5,NTW,Taiwan,10.0,0.0
2011-08,R50,PADD 5,Z00,,1159.0,37.0
2011-09,NUS,U.S.,ME0,OPEC Countries,539.0,18.0
2011-09,NUS,U.S.,MN0,Non-OPEC Countries,1189.0,40.0
2011-09,NUS,U.S.,MP0,Persian Gulf Countries,21.0,1.0
2011-09,NUS,U.S.,NCA,Canada,136.0,5.0
2011-09,NUS,U.S.,NCO,Colombia,69.0,2.0
2011-09,NUS,U.S.,NJA,Japan,493.0,16.0
2011-09,NUS,U.S.,NKS,Korea,355.0,12.0
2011-09,NUS,U.S.,NSA,Saudi Arabia,21.0,1.0
2011-09,NUS,U.S.,NVE,Venezuela,518.0,17.0
2011-09,NUS,U.S.,NVQ,Virgin Islands,136.0,5.0
2011-09,NUS,U.S.,Z00,,1728.0,58.0
2011-09,R10,PADD 1,ME0,OPEC Countries,514.0,17.0
2011-09,R10,PADD 1,MN0,Non-OPEC Countries,327.0,11.0
2011-09,R10,PADD 1,MP0,Persian Gulf Countries,21.0,1.0
2011-09,R10,PADD 1,NCA,Canada,122.0,4.0
2011-09,R10,PADD 1,NCO,Colombia,69.0,2.0
2011-09,R10,PADD 1,NSA,Saudi Arabia,21.0,1.0
2011-09,R10,PADD 1,NVE,Venezuela,493.0,16.0
2011-09,R10,PADD 1,NVQ,Virgin Islands,136.0,5.0
2011-09,R10,PADD 1,Z00,,841.0,28.0
2011-09,R30,PADD 3,ME0,OPEC Countries,25.0,1.0
2011-09,R30,PADD 3,MN0,Non-OPEC Countries,315.0,11.0
2011-09,R30,PADD 3,NJA,Japan,315.0,11.0
2011-09,R30,PADD 3,NVE,Venezuela,25.0,1.0
2011-09,R30,PADD 3,Z00,,340.0,11.0
2011-09,R50,PADD 5,MN0,Non-OPEC Countries,547.0,18.0
2011-09,R50,PADD 5,NCA,Canada,14.0,0.0
2011-09,R50,PADD 5,NJA,Japan,178.0,6.0
2011-09,R50,PADD 5,NKS,Korea,355.0,12.0
2011-09,R50,PADD 5,Z00,,547.0,18.0
2011-10,NUS,U.S.,ME0,OPEC Countries,243.0,8.0
2011-10,NUS,U.S.,MN0,Non-OPEC Countries,1642.0,53.0
2011-10,NUS,U.S.,NCA,Canada,100.0,3.0
2011-10,NUS,U.S.,NJA,Japan,617.0,20.0
2011-10,NUS,U.S.,NKS,Korea,613.0,20.0
2011-10,NUS,U.S.,NNA,Netherlands Antilles,100.0,3.0
2011-10,NUS,U.S.,NVE,Venezuela,243.0,8.0
2011-10,NUS,U.S.,NVQ,Virgin Islands,212.0,7.0
2011-10,NUS,U.S.,Z00,,1885.0,61.0
2011-10,R10,PADD 1,ME0,OPEC Countries,243.0,8.0
2011-10,R10,PADD 1,MN0,Non-OPEC Countries,385.0,12.0
2011-10,R10,PADD 1,NCA,Canada,73.0,2.0
2011-10,R10,PADD 1,NNA,Netherlands Antilles,100.0,3.0
2011-10,R10,PADD 1,NVE,Venezuela,243.0,8.0
2011-10,R10,PADD 1,NVQ,Virgin Islands,212.0,7.0
2011-10,R10,PADD 1,Z00,,628.0,20.0
2011-10,R30,PADD 3,MN0,Non-OPEC Countries,317.0,10.0
2011-10,R30,PADD 3,NJA,Japan,317.0,10.0
2011-10,R30,PADD 3,Z00,,317.0,10.0
2011-10,R50,PADD 5,MN0,Non-OPEC Countries,940.0,30.0
2011-10,R50,PADD 5,NCA,Canada,27.0,1.0
2011-10,R50,PADD 5,NJA,Japan,300.0,10.0
2011-10,R50,PADD 5,NKS,Korea,613.0,20.0
2011-10,R50,PADD 5,Z00,,940.0,30.0
2011-11,NUS,U.S.,ME0,OPEC Countries,398.0,13.0
2011-11,NUS,U.S.,MN0,Non-OPEC Countries,1765.0,59.0
2011-11,NUS,U.S.,NCA,Canada,17.0,1.0
2011-11,NUS,U.S.,NGB,Gabon,25.0,1.0
2011-11,NUS,U.S.,NJA,Japan,365.0,12.0
2011-11,NUS,U.S.,NKS,Korea,1025.0,34.0
2011-11,NUS,U.S.,NMX,Mexico,55.0,2.0
2011-11,NUS,U.S.,NTW,Taiwan,2.0,0.0
2011-11,NUS,U.S.,NVE,Venezuela,398.0,13.0
2011-11,NUS,U.S.,NVQ,Virgin Islands,276.0,9.0
2011-11,NUS,U.S.,Z00,,2163.0,72.0
2011-11,R10,PADD 1,ME0,OPEC Countries,373.0,12.0
2011-11,R10,PADD 1,MN0,Non-OPEC Countries,348.0,12.0
2011-11,R10,PADD 1,NCA,Canada,17.0,1.0
2011-11,R10,PADD 1,NMX,Mexico,55.0,2.0
2011-11,R10,PADD 1,NVE,Venezuela,373.0,12.0
2011-11,R10,PADD 1,NVQ,Virgin Islands,276.0,9.0
2011-11,R10,PADD 1,Z00,,721.0,24.0
2011-11,R30,PADD 3,ME0,OPEC Countries,25.0,1.0
2011-11,R30,PADD 3,MN0,Non-OPEC Countries,25.0,1.0
2011-11,R30,PADD 3,NGB,Gabon,25.0,1.0
2011-11,R30,PADD 3,NVE,Venezuela,25.0,1.0
2011-11,R30,PADD 3,Z00,,50.0,2.0
2011-11,R50,PADD 5,MN0,Non-OPEC Countries,1392.0,46.0
2011-11,R50,PADD 5,NJA,Japan,365.0,12.0
2011-11,R50,PADD 5,NKS,Korea,1025.0,34.0
2011-11,R50,PADD 5,NTW,Taiwan,2.0,0.0
2011-11,R50,PADD 5,Z00,,1392.0,46.0
2011-12,NUS,U.S.,ME0,OPEC Countries,384.0,12.0
2011-12,NUS,U.S.,MN0,Non-OPEC Countries,276.0,9.0
2011-12,NUS,U.S.,NCA,Canada,42.0,1.0
2011-12,NUS,U.S.,NJA,Japan,25.0,1.0
2011-12,NUS,U.S.,NTW,Taiwan,74.0,2.0
2011-12,NUS,U.S.,NVE,Venezuela,384.0,12.0
2011-12,NUS,U.S.,NVQ,Virgin Islands,135.0,4.0
2011-12,NUS,U.S.,Z00,,660.0,21.0
2011-12,R10,PADD 1,ME0,OPEC Countries,359.0,12.0
2011-12,R10,PADD 1,MN0,Non-OPEC Countries,155.0,5.0
2011-12,R10,PADD 1,NCA,Canada,20.0,1.0
2011-12,R10,PADD 1,NVE,Venezuela,359.0,12.0
2011-12,R10,PADD 1,NVQ,Virgin Islands,135.0,4.0
2011-12,R10,PADD 1,Z00,,514.0,17.0
2011-12,R30,PADD 3,ME0,OPEC Countries,25.0,1.0
2011-12,R30,PADD 3,NVE,Venezuela,25.0,1.0
2011-12,R30,PADD 3,Z00,,25.0,1.0
2011-12,R50,PADD 5,MN0,Non-OPEC Countries,121.0,4.0
2011-12,R50,PADD 5,NCA,Canada,22.0,1.0
2011-12,R50,PADD 5,NJA,Japan,25.0,1.0
2011-12,R50,PADD 5,NTW,Taiwan,74.0,2.0
2011-12,R50,PADD 5,Z00,,121.0,4.0
2012-01,NUS,U.S.,ME0,OPEC Countries,89.0,3.0
2012-01,NUS,U.S.,MN0,Non-OPEC Countries,112.0,4.0
2012-01,NUS,U.S.,NCA,Canada,18.0,1.0
2012-01,NUS,U.S.,NTW,Taiwan,89.0,3.0
2012-01,NUS,U.S.,NVE,Venezuela,89.0,3.0
2012-01,NUS,U.S.,NVQ,Virgin Islands,5.0,0.0
2012-01,NUS,U.S.,Z00,,201.0,6.0
2012-01,R10,PADD 1,ME0,OPEC Countries,89.0,3.0
2012-01,R10,PADD 1,MN0,Non-OPEC Countries,23.0,1.0
2012-01,R10,PADD 1,NCA,Canada,18.0,1.0
2012-01,R10,PADD 1,NVE,Venezuela,89.0,3.0
2012-01,R10,PADD 1,NVQ,Virgin Islands,5.0,0.0
2012-01,R10,PADD 1,Z00,,112.0,4.0
2012-01,R50,PADD 5,MN0,Non-OPEC Countries,89.0,3.0
2012-01,R50,PADD 5,NTW,Taiwan,89.0,3.0
2012-01,R50,PADD 5,Z00,,89.0,3.0
2012-02,NUS,U.S.,ME0,OPEC Countries,610.0,21.0
2012-02,NUS,U.S.,MN0,Non-OPEC Countries,574.0,20.0
2012-02,NUS,U.S.,MP0,Persian Gulf Countries,311.0,11.0
2012-02,NUS,U.S.,NCA,Canada,199.0,7.0
2012-02,NUS,U.S.,NKS,Korea,50.0,2.0
2012-02,NUS,U.S.,NMY,Malaysia,310.0,11.0
2012-02,NUS,U.S.,NSA,Saudi Arabia,311.0,11.0
2012-02,NUS,U.S.,NTW,Taiwan,15.0,1.0
2012-02,NUS,U.S.,NVE,Venezuela,299.0,10.0
2012-02,NUS,U.S.,Z00,,1184.0,41.0
2012-02,R10,PADD 1,ME0,OPEC Countries,610.0,21.0
2012-02,R10,PADD 1,MN0,Non-OPEC Countries,199.0,7.0
2012-02,R10,PADD 1,MP0,Persian Gulf Countries,311.0,11.0
2012-02,R10,PADD 1,NCA,Canada,199.0,7.0
2012-02,R10,PADD 1,NSA,Saudi Arabia,311.0,11.0
2012-02,R10,PADD 1,NVE,Venezuela,299.0,10.0
2012-02,R10,PADD 1,Z00,,809.0,28.0
2012-02,R50,PADD 5,MN0,Non-OPEC Countries,375.0,13.0
2012-02,R50,PADD 5,NKS,Korea,50.0,2.0
2012-02,R50,PADD 5,NMY,Malaysia,310.0,11.0
2012-02,R50,PADD 5,NTW,Taiwan,15.0,1.0
2012-02,R50,PADD 5,Z00,,375.0,13.0
2012-03,NUS,U.S.,MN0,Non-OPEC Countries,145.0,5.0
2012-03,NUS,U.S.,NCA,Canada,77.0,2.0
2012-03,NUS,U.S.,NJA,Japan,23.0,1.0
2012-03,NUS,U.S.,NKS,Korea,45.0,1.0
2012-03,NUS,U.S.,Z00,,145.0,5.0
2012-03,R10,PADD 1,MN0,Non-OPEC Countries,66.0,2.0
2012-03,R10,PADD 1,NCA,Canada,66.0,2.0
2012-03,R10,PADD 1,Z00,,66.0,2.0
2012-03,R50,PADD 5,MN0,Non-OPEC Countries,79.0,3.0
2012-03,R50,PADD 5,NCA,Canada,11.0,0.0
2012-03,R50,PADD 5,NJA,Japan,23.0,1.0
2012-03,R50,PADD 5,NKS,Korea,45.0,1.0
2012-03,R50,PADD 5,Z00,,79.0,3.0
2012-04,NUS,U.S.,ME0,OPEC Countries,240.0,8.0
2012-04,NUS,U.S.,MN0,Non-OPEC Countries,1112.0,37.0
2012-04,NUS,U.S.,NCA,Canada,76.0,3.0
2012-04,NUS,U.S.,NJA,Japan,101.0,3.0
2012-04,NUS,U.S.,NKS,Korea,935.0,31.0
2012-04,NUS,U.S.,NVE,Venezuela,240.0,8.0
2012-04,NUS,U.S.,Z00,,1352.0,45.0
2012-04,R10,PADD 1,ME0,OPEC Countries,240.0,8.0
2012-04,R10,PADD 1,MN0,Non-OPEC Countries,61.0,2.0
2012-04,R10,PADD 1,NCA,Canada,61.0,2.0
2012-04,R10,PADD 1,NVE,Venezuela,240.0,8.0
2012-04,R10,PADD 1,Z00,,301.0,10.0
2012-04,R50,PADD 5,MN0,Non-OPEC Countries,1051.0,35.0
2012-04,R50,PADD 5,NCA,Canada,15.0,1.0
2012-04,R50,PADD 5,NJA,Japan,101.0,3.0
2012-04,R50,PADD 5,NKS,Korea,935.0,31.0
2012-04,R50,PADD 5,Z00,,1051.0,35.0
2012-05,NUS,U.S.,ME0,OPEC Countries,225.0,7.0
2012-05,NUS,U.S.,MN0,Non-OPEC Countries,1306.0,42.0
2012-05,NUS,U.S.,NCA,Canada,68.0,2.0
2012-05,NUS,U.S.,NKS,Korea,1238.0,40.0
2012-05,NUS,U.S.,NVE,Venezuela,225.0,7.0
2012-05,NUS,U.S.,Z00,,1531.0,49.0
2012-05,R10,PADD 1,ME0,OPEC Countries,225.0,7.0
2012-05,R10,PADD 1,MN0,Non-OPEC Countries,302.0,10.0
2012-05,R10,PADD 1,NCA,Canada,55.0,2.0
2012-05,R10,PADD 1,NKS,Korea,247.0,8.0
2012-05,R10,PADD 1,NVE,Venezuela,225.0,7.0
2012-05,R10,PADD 1,Z00,,527.0,17.0
2012-05,R50,PADD 5,MN0,Non-OPEC Countries,1004.0,32.0
2012-05,R50,PADD 5,NCA,Canada,13.0,0.0
2012-05,R50,PADD 5,NKS,Korea,991.0,32.0
2012-05,R50,PADD 5,Z00,,1004.0,32.0
2012-06,NUS,U.S.,ME0,OPEC Countries,79.0,3.0
2012-06,NUS,U.S.,MN0,Non-OPEC Countries,1194.0,40.0
2012-06,NUS,U.S.,NCA,Canada,95.0,3.0
2012-06,NUS,U.S.,NIN,India,417.0,14.0
2012-06,NUS,U.S.,NKS,Korea,682.0,23.0
2012-06,NUS,U.S.,NVE,Venezuela,79.0,3.0
2012-06,NUS,U.S.,Z00,,1273.0,42.0
2012-06,R10,PADD 1,ME0,OPEC Countries,79.0,3.0
2012-06,R10,PADD 1,MN0,Non-OPEC Countries,477.0,16.0
2012-06,R10,PADD 1,NCA,Canada,60.0,2.0
2012-06,R10,PADD 1,NIN,India,417.0,14.0
2012-06,R10,PADD 1,NVE,Venezuela,79.0,3.0
2012-06,R10,PADD 1,Z00,,556.0,19.0
2012-06,R50,PADD 5,MN0,Non-OPEC Countries,717.0,24.0
2012-06,R50,PADD 5,NCA,Canada,35.0,1.0
2012-06,R50,PADD 5,NKS,Korea,682.0,23.0
2012-06,R50,PADD 5,Z00,,717.0,24.0
2012-07,NUS,U.S.,ME0,OPEC Countries,240.0,8.0
2012-07,NUS,U.S.,MN0,Non-OPEC Countries,1236.0,40.0
2012-07,NUS,U.S.,NCA,Canada,109.0,4.0
2012-07,NUS,U.S.,NJA,Japan,265.0,9.0
2012-07,NUS,U.S.,NKS,Korea,862.0,28.0
2012-07,NUS,U.S.,NVE,Venezuela,240.0,8.0
2012-07,NUS,U.S.,Z00,,1476.0,48.0
2012-07,R10,PADD 1,ME0,OPEC Countries,240.0,8.0
2012-07,R10,PADD 1,MN0,Non-OPEC Countries,876.0,28.0
2012-07,R10,PADD 1,NCA,Canada,109.0,4.0
2012-07,R10,PADD 1,NJA,Japan,265.0,9.0
2012-07,R10,PADD 1,NKS,Korea,502.0,16.0
2012-07,R10,PADD 1,NVE,Venezuela,240.0,8.0
2012-07,R10,PADD 1,Z00,,1116.0,36.0
2012-07,R50,PADD 5,MN0,Non-OPEC Countries,360.0,12.0
2012-07,R50,PADD 5,NKS,Korea,360.0,12.0
2012-07,R50,PADD 5,Z00,,360.0,12.0
2012-08,NUS,U.S.,ME0,OPEC Countries,461.0,15.0
2012-08,NUS,U.S.,MN0,Non-OPEC Countries,3384.0,109.0
2012-08,NUS,U.S.,NCA,Canada,218.0,7.0
2012-08,NUS,U.S.,NEG,Egypt,18.0,1.0
2012-08,NUS,U.S.,NJA,Japan,388.0,13.0
2012-08,NUS,U.S.,NKS,Korea,2445.0,79.0
2012-08,NUS,U.S.,NTW,Taiwan,315.0,10.0
2012-08,NUS,U.S.,NVE,Venezuela,461.0,15.0
2012-08,NUS,U.S.,Z00,,3845.0,124.0
2012-08,R10,PADD 1,ME0,OPEC Countries,454.0,15.0
2012-08,R10,PADD 1,MN0,Non-OPEC Countries,1500.0,48.0
2012-08,R10,PADD 1,NCA,Canada,189.0,6.0
2012-08,R10,PADD 1,NJA,Japan,75.0,2.0
2012-08,R10,PADD 1,NKS,Korea,1236.0,40.0
2012-08,R10,PADD 1,NVE,Venezuela,454.0,15.0
2012-08,R10,PADD 1,Z00,,1954.0,63.0
2012-08,R40,PADD 4,ME0,OPEC Countries,7.0,0.0
2012-08,R40,PADD 4,MN0,Non-OPEC Countries,18.0,1.0
2012-08,R40,PADD 4,NEG,Egypt,18.0,1.0
2012-08,R40,PADD 4,NVE,Venezuela,7.0,0.0
2012-08,R40,PADD 4,Z00,,25.0,1.0
2012-08,R50,PADD 5,MN0,Non-OPEC Countries,1866.0,60.0
2012-08,R50,PADD 5,NCA,Canada,29.0,1.0
2012-08,R50,PADD 5,NJA,Japan,313.0,10.0
2012-08,R50,PADD 5,NKS,Korea,1209.0,39.0
2012-08,R50,PADD 5,NTW,Taiwan,315.0,10.0
2012-08,R50,PADD 5,Z00,,1866.0,60.0
2012-09,NUS,U.S.,ME0,OPEC Countries,240.0,8.0
2012-09,NUS,U.S.,MN0,Non-OPEC Countries,2266.0,76.0
2012-09,NUS,U.S.,NCA,Canada,48.0,2.0
2012-09,NUS,U.S.,NJA,Japan,214.0,7.0
2012-09,NUS,U.S.,NKS,Korea,2004.0,67.0
2012-09,NUS,U.S.,NVE,Venezuela,240.0,8.0
2012-09,NUS,U.S.,Z00,,2506.0,84.0
2012-09,R10,PADD 1,ME0,OPEC Countries,240.0,8.0
2012-09,R10,PADD 1,MN0,Non-OPEC Countries,705.0,24.0
2012-09,R10,PADD 1,NCA,Canada,15.0,1.0
2012-09,R10,PADD 1,NJA,Japan,214.0,7.0
2012-09,R10,PADD 1,NKS,Korea,476.0,16.0
2012-09,R10,PADD 1,NVE,Venezuela,240.0,8.0
2012-09,R10,PADD 1,Z00,,945.0,32.0
2012-09,R50,PADD 5,MN0,Non-OPEC Countries,1561.0,52.0
2012-09,R50,PADD 5,NCA,Canada,33.0,1.0
2012-09,R50,PADD 5,NKS,Korea,1528.0,51.0
2012-09,R50,PADD 5,Z00,,1561.0,52.0
2012-10,NUS,U.S.,ME0,OPEC Countries,90.0,3.0
2012-10,NUS,U.S.,MN0,Non-OPEC Countries,3194.0,103.0
2012-10,NUS,U.S.,NCA,Canada,32.0,1.0
2012-10,NUS,U.S.,NJA,Japan,750.0,24.0
2012-10,NUS,U.S.,NKS,Korea,2098.0,68.0
2012-10,NUS,U.S.,NTW,Taiwan,314.0,10.0
2012-10,NUS,U.S.,NVE,Venezuela,90.0,3.0
2012-10,NUS,U.S.,Z00,,3284.0,106.0
2012-10,R10,PADD 1,ME0,OPEC Countries,90.0,3.0
2012-10,R10,PADD 1,MN0,Non-OPEC Countries,508.0,16.0
2012-10,R10,PADD 1,NCA,Canada,18.0,1.0
2012-10,R10,PADD 1,NJA,Japan,205.0,7.0
2012-10,R10,PADD 1,NKS,Korea,285.0,9.0
2012-10,R10,PADD 1,NVE,Venezuela,90.0,3.0
2012-10,R10,PADD 1,Z00,,598.0,19.0
2012-10,R50,PADD 5,MN0,Non-OPEC Countries,2686.0,87.0
2012-10,R50,PADD 5,NCA,Canada,14.0,0.0
2012-10,R50,PADD 5,NJA,Japan,545.0,18.0
2012-10,R50,PADD 5,NKS,Korea,1813.0,58.0
2012-10,R50,PADD 5,NTW,Taiwan,314.0,10.0
2012-10,R50,PADD 5,Z00,,2686.0,87.0
2012-11,NUS,U.S.,ME0,OPEC Countries,215.0,7.0
2012-11,NUS,U.S.,MN0,Non-OPEC Countries,1156.0,39.0
2012-11,NUS,U.S.,NCA,Canada,87.0,3.0
2012-11,NUS,U.S.,NCO,Colombia,25.0,1.0
2012-11,NUS,U.S.,NKS,Korea,937.0,31.0
2012-11,NUS,U.S.,NTW,Taiwan,107.0,4.0
2012-11,NUS,U.S.,NVE,Venezuela,215.0,7.0
2012-11,NUS,U.S.,Z00,,1371.0,46.0
2012-11,R10,PADD 1,ME0,OPEC Countries,215.0,7.0
2012-11,R10,PADD 1,MN0,Non-OPEC Countries,340.0,11.0
2012-11,R10,PADD 1,NCA,Canada,87.0,3.0
2012-11,R10,PADD 1,NKS,Korea,253.0,8.0
2012-11,R10,PADD 1,NVE,Venezuela,215.0,7.0
2012-11,R10,PADD 1,Z00,,555.0,19.0
2012-11,R30,PADD 3,MN0,Non-OPEC Countries,25.0,1.0
2012-11,R30,PADD 3,NCO,Colombia,25.0,1.0
2012-11,R30,PADD 3,Z00,,25.0,1.0
2012-11,R50,PADD 5,MN0,Non-OPEC Countries,791.0,26.0
2012-11,R50,PADD 5,NKS,Korea,684.0,23.0
2012-11,R50,PADD 5,NTW,Taiwan,107.0,4.0
2012-11,R50,PADD 5,Z00,,791.0,26.0
2012-12,NUS,U.S.,ME0,OPEC Countries,541.0,17.0
2012-12,NUS,U.S.,MN0,Non-OPEC Countries,1284.0,41.0
2012-12,NUS,U.S.,MP0,Persian Gulf Countries,20.0,1.0
2012-12,NUS,U.S.,NCA,Canada,32.0,1.0
2012-12,NUS,U.S.,NIN,India,331.0,11.0
2012-12,NUS,U.S.,NKS,Korea,650.0,21.0
2012-12,NUS,U.S.,NSA,Saudi Arabia,20.0,1.0
2012-12,NUS,U.S.,NTW,Taiwan,271.0,9.0
2012-12,NUS,U.S.,NVE,Venezuela,521.0,17.0
2012-12,NUS,U.S.,Z00,,1825.0,59.0
2012-12,R10,PADD 1,ME0,OPEC Countries,414.0,13.0
2012-12,R10,PADD 1,MN0,Non-OPEC Countries,348.0,11.0
2012-12,R10,PADD 1,MP0,Persian Gulf Countries,20.0,1.0
2012-12,R10,PADD 1,NCA,Canada,17.0,1.0
2012-12,R10,PADD 1,NIN,India,331.0,11.0
2012-12,R10,PADD 1,NSA,Saudi Arabia,20.0,1.0
2012-12,R10,PADD 1,NVE,Venezuela,394.0,13.0
2012-12,R10,PADD 1,Z00,,762.0,25.0
2012-12,R30,PADD 3,ME0,OPEC Countries,127.0,4.0
2012-12,R30,PADD 3,NVE,Venezuela,127.0,4.0
2012-12,R30,PADD 3,Z00,,127.0,4.0
2012-12,R50,PADD 5,MN0,Non-OPEC Countries,936.0,30.0
2012-12,R50,PADD 5,NCA,Canada,15.0,0.0
2012-12,R50,PADD 5,NKS,Korea,650.0,21.0
2012-12,R50,PADD 5,NTW,Taiwan,271.0,9.0
2012-12,R50,PADD 5,Z00,,936.0,30.0
2013-01,NUS,U.S.,ME0,OPEC Countries,940.0,30.0
2013-01,NUS,U.S.,MN0,Non-OPEC Countries,956.0,31.0
2013-01,NUS,U.S.,MP0,Persian Gulf Countries,175.0,6.0
2013-01,NUS,U.S.,NCA,Canada,43.0,1.0
2013-01,NUS,U.S.,NIN,India,335.0,11.0
2013-01,NUS,U.S.,NIZ,Iraq,1.0,0.0
2013-01,NUS,U.S.,NKS,Korea,314.0,10.0
2013-01,NUS,U.S.,NNL,Netherlands,264.0,9.0
2013-01,NUS,U.S.,NSA,Saudi Arabia,174.0,6.0
2013-01,NUS,U.S.,NVE,Venezuela,765.0,25.0
2013-01,NUS,U.S.,Z00,,1896.0,61.0
2013-01,R10,PADD 1,ME0,OPEC Countries,820.0,26.0
2013-01,R10,PADD 1,MN0,Non-OPEC Countries,616.0,20.0
2013-01,R10,PADD 1,MP0,Persian Gulf Countries,66.0,2.0
2013-01,R10,PADD 1,NCA,Canada,17.0,1.0
2013-01,R10,PADD 1,NIN,India,335.0,11.0
2013-01,R10,PADD 1,NNL,Netherlands,264.0,9.0
2013-01,R10,PADD 1,NSA,Saudi Arabia,66.0,2.0
2013-01,R10,PADD 1,NVE,Venezuela,754.0,24.0
2013-01,R10,PADD 1,Z00,,1436.0,46.0
2013-01,R30,PADD 3,ME0,OPEC Countries,120.0,4.0
2013-01,R30,PADD 3,MP0,Persian Gulf Countries,109.0,4.0
2013-01,R30,PADD 3,NIZ,Iraq,1.0,0.0
2013-01,R30,PADD 3,NSA,Saudi Arabia,108.0,3.0
2013-01,R30,PADD 3,NVE,Venezuela,11.0,0.0
2013-01,R30,PADD 3,Z00,,120.0,4.0
2013-01,R50,PADD 5,MN0,Non-OPEC Countries,340.0,11.0
2013-01,R50,PADD 5,NCA,Canada,26.0,1.0
2013-01,R50,PADD 5,NKS,Korea,314.0,10.0
2013-01,R50,PADD 5,Z00,,340.0,11.0
2013-02,NUS,U.S.,ME0,OPEC Countries,835.0,30.0
2013-02,NUS,U.S.,MN0,Non-OPEC Countries,1125.0,40.0
2013-02,NUS,U.S.,MP0,Persian Gulf Countries,312.0,11.0
2013-02,NUS,U.S.,NAG,Algeria,15.0,1.0
2013-02,NUS,U.S.,NCA,Canada,17.0,1.0
2013-02,NUS,U.S.,NIN,India,312.0,11.0
2013-02,NUS,U.S.,NKS,Korea,888.0,32.0
2013-02,NUS,U.S.,NMX,Mexico,220.0,8.0
2013-02,NUS,U.S.,NTC,United Arab Emirates,312.0,11.0
2013-02,NUS,U.S.,NVE,Venezuela,508.0,18.0
2013-02,NUS,U.S.,Z00,,1960.0,70.0
2013-02,R10,PADD 1,ME0,OPEC Countries,832.0,30.0
2013-02,R10,PADD 1,MN0,Non-OPEC Countries,266.0,10.0
2013-02,R10,PADD 1,MP0,Persian Gulf Countries,312.0,11.0
2013-02,R10,PADD 1,NAG,Algeria,15.0,1.0
2013-02,R10,PADD 1,NCA,Canada,17.0,1.0
2013-02,R10,PADD 1,NIN,India,312.0,11.0
2013-02,R10,PADD 1,NKS,Korea,249.0,9.0
2013-02,R10,PADD 1,NTC,United Arab Emirates,312.0,11.0
2013-02,R10,PADD 1,NVE,Venezuela,505.0,18.0
2013-02,R10,PADD 1,Z00,,1098.0,39.0
2013-02,R30,PADD 3,ME0,OPEC Countries,3.0,0.0
2013-02,R30,PADD 3,NVE,Venezuela,3.0,0.0
2013-02,R30,PADD 3,Z00,,3.0,0.0
2013-02,R50,PADD 5,MN0,Non-OPEC Countries,859.0,31.0
2013-02,R50,PADD 5,NKS,Korea,639.0,23.0
2013-02,R50,PADD 5,NMX,Mexico,220.0,8.0
2013-02,R50,PADD 5,Z00,,859.0,31.0
2013-03,NUS,U.S.,ME0,OPEC Countries,720.0,23.0
2013-03,NUS,U.S.,MN0,Non-OPEC Countries,645.0,21.0
2013-03,NUS,U.S.,NCA,Canada,19.0,1.0
2013-03,NUS,U.S.,NIN,India,49.0,2.0
2013-03,NUS,U.S.,NKS,Korea,577.0,19.0
2013-03,NUS,U.S.,NVE,Venezuela,720.0,23.0
2013-03,NUS,U.S.,Z00,,1365.0,44.0
2013-03,R10,PADD 1,ME0,OPEC Countries,720.0,23.0
2013-03,R10,PADD 1,MN0,Non-OPEC Countries,345.0,11.0
2013-03,R10,PADD 1,NCA,Canada,19.0,1.0
2013-03,R10,PADD 1,NIN,India,49.0,2.0
2013-03,R10,PADD 1,NKS,Korea,277.0,9.0
2013-03,R10,PADD 1,NVE,Venezuela,720.0,23.0
2013-03,R10,PADD 1,Z00,,1065.0,34.0
2013-03,R50,PADD 5,MN0,Non-OPEC Countries,300.0,10.0
2013-03,R50,PADD 5,NKS,Korea,300.0,10.0
2013-03,R50,PADD 5,Z00,,300.0,10.0
2013-04,NUS,U.S.,ME0,OPEC Countries,946.0,32.0
2013-04,NUS,U.S.,MN0,Non-OPEC Countries,2170.0,72.0
2013-04,NUS,U.S.,NAG,Algeria,267.0,9.0
2013-04,NUS,U.S.,NCA,Canada,169.0,6.0
2013-04,NUS,U.S.,NIN,India,52.0,2.0
2013-04,NUS,U.S.,NKS,Korea,1700.0,57.0
2013-04,NUS,U.S.,NNA,Netherlands Antilles,249.0,8.0
2013-04,NUS,U.S.,NUC,Curacao,249.0,8.0
2013-04,NUS,U.S.,NVE,Venezuela,679.0,23.0
2013-04,NUS,U.S.,Z00,,3116.0,104.0
2013-04,R10,PADD 1,ME0,OPEC Countries,946.0,32.0
2013-04,R10,PADD 1,MN0,Non-OPEC Countries,750.0,25.0
2013-04,R10,PADD 1,NAG,Algeria,267.0,9.0
2013-04,R10,PADD 1,NCA,Canada,169.0,6.0
2013-04,R10,PADD 1,NIN,India,52.0,2.0
2013-04,R10,PADD 1,NKS,Korea,280.0,9.0
2013-04,R10,PADD 1,NNA,Netherlands Antilles,249.0,8.0
2013-04,R10,PADD 1,NUC,Curacao,249.0,8.0
2013-04,R10,PADD 1,NVE,Venezuela,679.0,23.0
2013-04,R10,PADD 1,Z00,,1696.0,57.0
2013-04,R50,PADD 5,MN0,Non-OPEC Countries,1420.0,47.0
2013-04,R50,PADD 5,NKS,Korea,1420.0,47.0
2013-04,R50,PADD 5,Z00,,1420.0,47.0
2013-05,NUS,U.S.,ME0,OPEC Countries,1019.0,33.0
2013-05,NUS,U.S.,MN0,Non-OPEC Countries,2483.0,80.0
2013-05,NUS,U.S.,NCA,Canada,107.0,3.0
2013-05,NUS,U.S.,NJA,Japan,758.0,24.0
2013-05,NUS,U.S.,NKS,Korea,1573.0,51.0
2013-05,NUS,U.S.,NTW,Taiwan,45.0,1.0
2013-05,NUS,U.S.,NVE,Venezuela,1019.0,33.0
2013-05,NUS,U.S.,Z00,,3502.0,113.0
2013-05,R10,PADD 1,ME0,OPEC Countries,779.0,25.0
2013-05,R10,PADD 1,MN0,Non-OPEC Countries,491.0,16.0
2013-05,R10,PADD 1,NCA,Canada,107.0,3.0
2013-05,R10,PADD 1,NKS,Korea,384.0,12.0
2013-05,R10,PADD 1,NVE,Venezuela,779.0,25.0
2013-05,R10,PADD 1,Z00,,1270.0,41.0
2013-05,R50,PADD 5,ME0,OPEC Countries,240.0,8.0
2013-05,R50,PADD 5,MN0,Non-OPEC Countries,1992.0,64.0
2013-05,R50,PADD 5,NJA,Japan,758.0,24.0
2013-05,R50,PADD 5,NKS,Korea,1189.0,38.0
2013-05,R50,PADD 5,NTW,Taiwan,45.0,1.0
2013-05,R50,PADD 5,NVE,Venezuela,240.0,8.0
2013-05,R50,PADD 5,Z00,,2232.0,72.0
2013-06,NUS,U.S.,ME0,OPEC Countries,419.0,14.0
2013-06,NUS,U.S.,MN0,Non-OPEC Countries,2540.0,85.0
2013-06,NUS,U.S.,NCA,Canada,308.0,10.0
2013-06,NUS,U.S.,NIN,India,230.0,8.0
2013-06,NUS,U.S.,NJA,Japan,685.0,23.0
2013-06,NUS,U.S.,NKS,Korea,1247.0,42.0
2013-06,NUS,U.S.,NTW,Taiwan,70.0,2.0
2013-06,NUS,U.S.,NVE,Venezuela,419.0,14.0
2013-06,NUS,U.S.,Z00,,2959.0,99.0
2013-06,R10,PADD 1,ME0,OPEC Countries,419.0,14.0
2013-06,R10,PADD 1,MN0,Non-OPEC Countries,538.0,18.0
2013-06,R10,PADD 1,NCA,Canada,308.0,10.0
2013-06,R10,PADD 1,NIN,India,230.0,8.0
2013-06,R10,PADD 1,NVE,Venezuela,419.0,14.0
2013-06,R10,PADD 1,Z00,,957.0,32.0
2013-06,R50,PADD 5,MN0,Non-OPEC Countries,2002.0,67.0
2013-06,R50,PADD 5,NJA,Japan,685.0,23.0
2013-06,R50,PADD 5,NKS,Korea,1247.0,42.0
2013-06,R50,PADD 5,NTW,Taiwan,70.0,2.0
2013-06,R50,PADD 5,Z00,,2002.0,67.0
2013-07,NUS,U.S.,ME0,OPEC Countries,379.0,12.0
2013-07,NUS,U.S.,MN0,Non-OPEC Countries,2585.0,83.0
2013-07,NUS,U.S.,NCA,Canada,82.0,3.0
2013-07,NUS,U.S.,NIN,India,447.0,14.0
2013-07,NUS,U.S.,NJA,Japan,630.0,20.0
2013-07,NUS,U.S.,NKS,Korea,1426.0,46.0
2013-07,NUS,U.S.,NVE,Venezuela,379.0,12.0
2013-07,NUS,U.S.,Z00,,2964.0,96.0
2013-07,R10,PADD 1,ME0,OPEC Countries,379.0,12.0
2013-07,R10,PADD 1,MN0,Non-OPEC Countries,1059.0,34.0
2013-07,R10,PADD 1,NCA,Canada,51.0,2.0
2013-07,R10,PADD 1,NIN,India,447.0,14.0
2013-07,R10,PADD 1,NJA,Japan,290.0,9.0
2013-07,R10,PADD 1,NKS,Korea,271.0,9.0
2013-07,R10,PADD 1,NVE,Venezuela,379.0,12.0
2013-07,R10,PADD 1,Z00,,1438.0,46.0
2013-07,R50,PADD 5,MN0,Non-OPEC Countries,1526.0,49.0
2013-07,R50,PADD 5,NCA,Canada,31.0,1.0
2013-07,R50,PADD 5,NJA,Japan,340.0,11.0
2013-07,R50,PADD 5,NKS,Korea,1155.0,37.0
2013-07,R50,PADD 5,Z00,,1526.0,49.0
2013-08,NUS,U.S.,ME0,OPEC Countries,1595.0,51.0
2013-08,NUS,U.S.,MN0,Non-OPEC Countries,2242.0,72.0
2013-08,NUS,U.S.,MP0,Persian Gulf Countries,604.0,19.0
2013-08,NUS,U.S.,NCA,Canada,113.0,4.0
2013-08,NUS,U.S.,NCH,China,70.0,2.0
2013-08,NUS,U.S.,NJA,Japan,330.0,11.0
2013-08,NUS,U.S.,NKS,Korea,1729.0,56.0
2013-08,NUS,U.S.,NKU,Kuwait,604.0,19.0
2013-08,NUS,U.S.,NVE,Venezuela,991.0,32.0
2013-08,NUS,U.S.,Z00,,3837.0,124.0
2013-08,R10,PADD 1,ME0,OPEC Countries,1595.0,51.0
2013-08,R10,PADD 1,MN0,Non-OPEC Countries,1120.0,36.0
2013-08,R10,PADD 1,MP0,Persian Gulf Countries,604.0,19.0
2013-08,R10,PADD 1,NCA,Canada,99.0,3.0
2013-08,R10,PADD 1,NJA,Japan,290.0,9.0
2013-08,R10,PADD 1,NKS,Korea,731.0,24.0
2013-08,R10,PADD 1,NKU,Kuwait,604.0,19.0
2013-08,R10,PADD 1,NVE,Venezuela,991.0,32.0
2013-08,R10,PADD 1,Z00,,2715.0,88.0
2013-08,R50,PADD 5,MN0,Non-OPEC Countries,1122.0,36.0
2013-08,R50,PADD 5,NCA,Canada,14.0,0.0
2013-08,R50,PADD 5,NCH,China,70.0,2.0
2013-08,R50,PADD 5,NJA,Japan,40.0,1.0
2013-08,R50,PADD 5,NKS,Korea,998.0,32.0
2013-08,R50,PADD 5,Z00,,1122.0,36.0
2013-09,NUS,U.S.,ME0,OPEC Countries,850.0,28.0
2013-09,NUS,U.S.,MN0,Non-OPEC Countries,1197.0,40.0
2013-09,NUS,U.S.,NCA,Canada,165.0,6.0
2013-09,NUS,U.S.,NKS,Korea,1032.0,34.0
2013-09,NUS,U.S.,NVE,Venezuela,850.0,28.0
2013-09,NUS,U.S.,Z00,,2047.0,68.0
2013-09,R10,PADD 1,ME0,OPEC Countries,850.0,28.0
2013-09,R10,PADD 1,MN0,Non-OPEC Countries,152.0,5.0
2013-09,R10,PADD 1,NCA,Canada,152.0,5.0
2013-09,R10,PADD 1,NVE,Venezuela,850.0,28.0
2013-09,R10,PADD 1,Z00,,1002.0,33.0
2013-09,R50,PADD 5,MN0,Non-OPEC Countries,1045.0,35.0
2013-09,R50,PADD 5,NCA,Canada,13.0,0.0
2013-09,R50,PADD 5,NKS,Korea,1032.0,34.0
2013-09,R50,PADD 5,Z00,,1045.0,35.0
2013-10,NUS,U.S.,ME0,OPEC Countries,460.0,15.0
2013-10,NUS,U.S.,MN0,Non-OPEC Countries,2591.0,84.0
2013-10,NUS,U.S.,NCA,Canada,106.0,3.0
2013-10,NUS,U.S.,NCH,China,450.0,15.0
2013-10,NUS,U.S.,NJA,Japan,300.0,10.0
2013-10,NUS,U.S.,NKS,Korea,1735.0,56.0
2013-10,NUS,U.S.,NVE,Venezuela,460.0,15.0
2013-10,NUS,U.S.,Z00,,3051.0,98.0
2013-10,R10,PADD 1,ME0,OPEC Countries,460.0,15.0
2013-10,R10,PADD 1,MN0,Non-OPEC Countries,1612.0,52.0
2013-10,R10,PADD 1,NCA,Canada,106.0,3.0
2013-10,R10,PADD 1,NCH,China,151.0,5.0
2013-10,R10,PADD 1,NJA,Japan,300.0,10.0
2013-10,R10,PADD 1,NKS,Korea,1055.0,34.0
2013-10,R10,PADD 1,NVE,Venezuela,460.0,15.0
2013-10,R10,PADD 1,Z00,,2072.0,67.0
2013-10,R50,PADD 5,MN0,Non-OPEC Countries,979.0,32.0
2013-10,R50,PADD 5,NCH,China,299.0,10.0
2013-10,R50,PADD 5,NKS,Korea,680.0,22.0
2013-10,R50,PADD 5,Z00,,979.0,32.0
2013-11,NUS,U.S.,ME0,OPEC Countries,844.0,28.0
2013-11,NUS,U.S.,MN0,Non-OPEC Countries,1388.0,46.0
2013-11,NUS,U.S.,NCA,Canada,100.0,3.0
2013-11,NUS,U.S.,NJA,Japan,214.0,7.0
2013-11,NUS,U.S.,NKS,Korea,1074.0,36.0
2013-11,NUS,U.S.,NVE,Venezuela,844.0,28.0
2013-11,NUS,U.S.,Z00,,2232.0,74.0
2013-11,R10,PADD 1,ME0,OPEC Countries,604.0,20.0
2013-11,R10,PADD 1,MN0,Non-OPEC Countries,518.0,17.0
2013-11,R10,PADD 1,NCA,Canada,66.0,2.0
2013-11,R10,PADD 1,NJA,Japan,214.0,7.0
2013-11,R10,PADD 1,NKS,Korea,238.0,8.0
2013-11,R10,PADD 1,NVE,Venezuela,604.0,20.0
2013-11,R10,PADD 1,Z00,,1122.0,37.0
2013-11,R50,PADD 5,ME0,OPEC Countries,240.0,8.0
2013-11,R50,PADD 5,MN0,Non-OPEC Countries,870.0,29.0
2013-11,R50,PADD 5,NCA,Canada,34.0,1.0
2013-11,R50,PADD 5,NKS,Korea,836.0,28.0
2013-11,R50,PADD 5,NVE,Venezuela,240.0,8.0
2013-11,R50,PADD 5,Z00,,1110.0,37.0
2013-12,NUS,U.S.,ME0,OPEC Countries,766.0,25.0
2013-12,NUS,U.S.,MN0,Non-OPEC Countries,1137.0,37.0
2013-12,NUS,U.S.,NCA,Canada,62.0,2.0
2013-12,NUS,U.S.,NKS,Korea,1075.0,35.0
2013-12,NUS,U.S.,NVE,Venezuela,766.0,25.0
2013-12,NUS,U.S.,Z00,,1903.0,61.0
2013-12,R10,PADD 1,ME0,OPEC Countries,766.0,25.0
2013-12,R10,PADD 1,MN0,Non-OPEC Countries,812.0,26.0
2013-12,R10,PADD 1,NCA,Canada,51.0,2.0
2013-12,R10,PADD 1,NKS,Korea,761.0,25.0
2013-12,R10,PADD 1,NVE,Venezuela,766.0,25.0
2013-12,R10,PADD 1,Z00,,1578.0,51.0
2013-12,R50,PADD 5,MN0,Non-OPEC Countries,325.0,10.0
2013-12,R50,PADD 5,NCA,Canada,11.0,0.0
2013-12,R50,PADD 5,NKS,Korea,314.0,10.0
2013-12,R50,PADD 5,Z00,,325.0,10.0
2014-01,NUS,U.S.,ME0,OPEC Countries,490.0,16.0
2014-01,NUS,U.S.,MN0,Non-OPEC Countries,808.0,26.0
2014-01,NUS,U.S.,MP0,Persian Gulf Countries,353.0,11.0
2014-01,NUS,U.S.,NCA,Canada,285.0,9.0
2014-01,NUS,U.S.,NIN,India,208.0,7.0
2014-01,NUS,U.S.,NKS,Korea,315.0,10.0
2014-01,NUS,U.S.,NKU,Kuwait,353.0,11.0
2014-01,NUS,U.S.,NVE,Venezuela,137.0,4.0
2014-01,NUS,U.S.,Z00,,1298.0,42.0
2014-01,R10,PADD 1,ME0,OPEC Countries,490.0,16.0
2014-01,R10,PADD 1,MN0,Non-OPEC Countries,484.0,16.0
2014-01,R10,PADD 1,MP0,Persian Gulf Countries,353.0,11.0
2014-01,R10,PADD 1,NCA,Canada,276.0,9.0
2014-01,R10,PADD 1,NIN,India,208.0,7.0
2014-01,R10,PADD 1,NKU,Kuwait,353.0,11.0
2014-01,R10,PADD 1,NVE,Venezuela,137.0,4.0
2014-01,R10,PADD 1,Z00,,974.0,31.0
2014-01,R50,PADD 5,MN0,Non-OPEC Countries,324.0,10.0
2014-01,R50,PADD 5,NCA,Canada,9.0,0.0
2014-01,R50,PADD 5,NKS,Korea,315.0,10.0
2014-01,R50,PADD 5,Z00,,324.0,10.0
2014-02,NUS,U.S.,ME0,OPEC Countries,766.0,27.0
2014-02,NUS,U.S.,MN0,Non-OPEC Countries,1857.0,66.0
2014-02,NUS,U.S.,MP0,Persian Gulf Countries,1409.0,50.0
2014-02,NUS,U.S.,NAG,Algeria,63.0,2.0
2014-02,NUS,U.S.,NBA,Bahrain,1098.0,39.0
2014-02,NUS,U.S.,NCA,Canada,75.0,3.0
2014-02,NUS,U.S.,NIN,India,54.0,2.0
2014-02,NUS,U.S.,NKS,Korea,630.0,23.0
2014-02,NUS,U.S.,NSA,Saudi Arabia,311.0,11.0
2014-02,NUS,U.S.,NVE,Venezuela,392.0,14.0
2014-02,NUS,U.S.,Z00,,2623.0,94.0
2014-02,R10,PADD 1,ME0,OPEC Countries,646.0,23.0
2014-02,R10,PADD 1,MN0,Non-OPEC Countries,1562.0,56.0
2014-02,R10,PADD 1,MP0,Persian Gulf Countries,1409.0,50.0
2014-02,R10,PADD 1,NAG,Algeria,63.0,2.0
2014-02,R10,PADD 1,NBA,Bahrain,1098.0,39.0
2014-02,R10,PADD 1,NCA,Canada,66.0,2.0
2014-02,R10,PADD 1,NIN,India,54.0,2.0
2014-02,R10,PADD 1,NKS,Korea,344.0,12.0
2014-02,R10,PADD 1,NSA,Saudi Arabia,311.0,11.0
2014-02,R10,PADD 1,NVE,Venezuela,272.0,10.0
2014-02,R10,PADD 1,Z00,,2208.0,79.0
2014-02,R30,PADD 3,ME0,OPEC Countries,120.0,4.0
2014-02,R30,PADD 3,NVE,Venezuela,120.0,4.0
2014-02,R30,PADD 3,Z00,,120.0,4.0
2014-02,R50,PADD 5,MN0,Non-OPEC Countries,295.0,11.0
2014-02,R50,PADD 5,NCA,Canada,9.0,0.0
2014-02,R50,PADD 5,NKS,Korea,286.0,10.0
2014-02,R50,PADD 5,Z00,,295.0,11.0
2014-03,NUS,U.S.,ME0,OPEC Countries,1205.0,39.0
2014-03,NUS,U.S.,MN0,Non-OPEC Countries,1607.0,52.0
2014-03,NUS,U.S.,MP0,Persian Gulf Countries,592.0,19.0
2014-03,NUS,U.S.,NCA,Canada,181.0,6.0
2014-03,NUS,U.S.,NIN,India,709.0,23.0
2014-03,NUS,U.S.,NKS,Korea,600.0,19.0
2014-03,NUS,U.S.,NSA,Saudi Arabia,592.0,19.0
2014-03,NUS,U.S.,NTH,Thailand,117.0,4.0
2014-03,NUS,U.S.,NVE,Venezuela,613.0,20.0
2014-03,NUS,U.S.,Z00,,2812.0,91.0
2014-03,R10,PADD 1,ME0,OPEC Countries,1205.0,39.0
2014-03,R10,PADD 1,MN0,Non-OPEC Countries,1598.0,52.0
2014-03,R10,PADD 1,MP0,Persian Gulf Countries,592.0,19.0
2014-03,R10,PADD 1,NCA,Canada,172.0,6.0
2014-03,R10,PADD 1,NIN,India,709.0,23.0
2014-03,R10,PADD 1,NKS,Korea,600.0,19.0
2014-03,R10,PADD 1,NSA,Saudi Arabia,592.0,19.0
2014-03,R10,PADD 1,NTH,Thailand,117.0,4.0
2014-03,R10,PADD 1,NVE,Venezuela,613.0,20.0
2014-03,R10,PADD 1,Z00,,2803.0,90.0
2014-03,R50,PADD 5,MN0,Non-OPEC Countries,9.0,0.0
2014-03,R50,PADD 5,NCA,Canada,9.0,0.0
2014-03,R50,PADD 5,Z00,,9.0,0.0
2014-04,NUS,U.S.,ME0,OPEC Countries,1538.0,51.0
2014-04,NUS,U.S.,MN0,Non-OPEC Countries,2794.0,93.0
2014-04,NUS,U.S.,MP0,Persian Gulf Countries,666.0,22.0
2014-04,NUS,U.S.,NCA,Canada,129.0,4.0
2014-04,NUS,U.S.,NIN,India,385.0,13.0
2014-04,NUS,U.S.,NJA,Japan,627.0,21.0
2014-04,NUS,U.S.,NKS,Korea,1075.0,36.0
2014-04,NUS,U.S.,NSA,Saudi Arabia,666.0,22.0
2014-04,NUS,U.S.,NSF,South Africa,103.0,3.0
2014-04,NUS,U.S.,NSN,Singapore,229.0,8.0
2014-04,NUS,U.S.,NUC,Curacao,246.0,8.0
2014-04,NUS,U.S.,NVE,Venezuela,872.0,29.0
2014-04,NUS,U.S.,Z00,,4332.0,144.0
2014-04,R10,PADD 1,ME0,OPEC Countries,1538.0,51.0
2014-04,R10,PADD 1,MN0,Non-OPEC Countries,1919.0,64.0
2014-04,R10,PADD 1,MP0,Persian Gulf Countries,666.0,22.0
2014-04,R10,PADD 1,NCA,Canada,109.0,4.0
2014-04,R10,PADD 1,NIN,India,385.0,13.0
2014-04,R10,PADD 1,NJA,Japan,315.0,11.0
2014-04,R10,PADD 1,NKS,Korea,761.0,25.0
2014-04,R10,PADD 1,NSA,Saudi Arabia,666.0,22.0
2014-04,R10,PADD 1,NSF,South Africa,103.0,3.0
2014-04,R10,PADD 1,NUC,Curacao,246.0,8.0
2014-04,R10,PADD 1,NVE,Venezuela,872.0,29.0
2014-04,R10,PADD 1,Z00,,3457.0,115.0
2014-04,R50,PADD 5,MN0,Non-OPEC Countries,875.0,29.0
2014-04,R50,PADD 5,NCA,Canada,20.0,1.0
2014-04,R50,PADD 5,NJA,Japan,312.0,10.0
2014-04,R50,PADD 5,NKS,Korea,314.0,10.0
2014-04,R50,PADD 5,NSN,Singapore,229.0,8.0
2014-04,R50,PADD 5,Z00,,875.0,29.0
2014-05,NUS,U.S.,ME0,OPEC Countries,566.0,18.0
2014-05,NUS,U.S.,MN0,Non-OPEC Countries,2660.0,86.0
2014-05,NUS,U.S.,NCA,Canada,280.0,9.0
2014-05,NUS,U.S.,NJA,Japan,722.0,23.0
2014-05,NUS,U.S.,NKS,Korea,1558.0,50.0
2014-05,NUS,U.S.,NNL,Netherlands,100.0,3.0
2014-05,NUS,U.S.,NVE,Venezuela,566.0,18.0
2014-05,NUS,U.S.,Z00,,3226.0,104.0
2014-05,R10,PADD 1,ME0,OPEC Countries,466.0,15.0
2014-05,R10,PADD 1,MN0,Non-OPEC Countries,1330.0,43.0
2014-05,R10,PADD 1,NCA,Canada,268.0,9.0
2014-05,R10,PADD 1,NJA,Japan,722.0,23.0
2014-05,R10,PADD 1,NKS,Korea,240.0,8.0
2014-05,R10,PADD 1,NNL,Netherlands,100.0,3.0
2014-05,R10,PADD 1,NVE,Venezuela,466.0,15.0
2014-05,R10,PADD 1,Z00,,1796.0,58.0
2014-05,R30,PADD 3,ME0,OPEC Countries,100.0,3.0
2014-05,R30,PADD 3,NVE,Venezuela,100.0,3.0
2014-05,R30,PADD 3,Z00,,100.0,3.0
2014-05,R50,PADD 5,MN0,Non-OPEC Countries,1330.0,43.0
2014-05,R50,PADD 5,NCA,Canada,12.0,0.0
2014-05,R50,PADD 5,NKS,Korea,1318.0,43.0
2014-05,R50,PADD 5,Z00,,1330.0,43.0
2014-06,NUS,U.S.,ME0,OPEC Countries,670.0,22.0
2014-06,NUS,U.S.,MN0,Non-OPEC Countries,2586.0,86.0
2014-06,NUS,U.S.,NCA,Canada,293.0,10.0
2014-06,NUS,U.S.,NCH,China,129.0,4.0
2014-06,NUS,U.S.,NKS,Korea,2164.0,72.0
2014-06,NUS,U.S.,NVE,Venezuela,670.0,22.0
2014-06,NUS,U.S.,Z00,,3256.0,109.0
2014-06,R10,PADD 1,ME0,OPEC Countries,670.0,22.0
2014-06,R10,PADD 1,MN0,Non-OPEC Countries,1075.0,36.0
2014-06,R10,PADD 1,NCA,Canada,284.0,9.0
2014-06,R10,PADD 1,NKS,Korea,791.0,26.0
2014-06,R10,PADD 1,NVE,Venezuela,670.0,22.0
2014-06,R10,PADD 1,Z00,,1745.0,58.0
2014-06,R50,PADD 5,MN0,Non-OPEC Countries,1511.0,50.0
2014-06,R50,PADD 5,NCA,Canada,9.0,0.0
2014-06,R50,PADD 5,NCH,China,129.0,4.0
2014-06,R50,PADD 5,NKS,Korea,1373.0,46.0
2014-06,R50,PADD 5,Z00,,1511.0,50.0
2014-07,NUS,U.S.,ME0,OPEC Countries,606.0,20.0
2014-07,NUS,U.S.,MN0,Non-OPEC Countries,2042.0,66.0
2014-07,NUS,U.S.,NCA,Canada,179.0,6.0
2014-07,NUS,U.S.,NCH,China,501.0,16.0
2014-07,NUS,U.S.,NKS,Korea,1360.0,44.0
2014-07,NUS,U.S.,NTW,Taiwan,2.0,0.0
2014-07,NUS,U.S.,NVE,Venezuela,606.0,20.0
2014-07,NUS,U.S.,Z00,,2648.0,85.0
2014-07,R10,PADD 1,ME0,OPEC Countries,606.0,20.0
2014-07,R10,PADD 1,MN0,Non-OPEC Countries,439.0,14.0
2014-07,R10,PADD 1,NCA,Canada,179.0,6.0
2014-07,R10,PADD 1,NKS,Korea,260.0,8.0
2014-07,R10,PADD 1,NVE,Venezuela,606.0,20.0
2014-07,R10,PADD 1,Z00,,1045.0,34.0
2014-07,R50,PADD 5,MN0,Non-OPEC Countries,1603.0,52.0
2014-07,R50,PADD 5,NCH,China,501.0,16.0
2014-07,R50,PADD 5,NKS,Korea,1100.0,35.0
2014-07,R50,PADD 5,NTW,Taiwan,2.0,0.0
2014-07,R50,PADD 5,Z00,,1603.0,52.0
2014-08,NUS,U.S.,ME0,OPEC Countries,725.0,23.0
2014-08,NUS,U.S.,MN0,Non-OPEC Countries,1236.0,40.0
2014-08,NUS,U.S.,NCA,Canada,355.0,11.0
2014-08,NUS,U.S.,NJA,Japan,79.0,3.0
2014-08,NUS,U.S.,NKS,Korea,802.0,26.0
2014-08,NUS,U.S.,NVE,Venezuela,725.0,23.0
2014-08,NUS,U.S.,Z00,,1961.0,63.0
2014-08,R10,PADD 1,ME0,OPEC Countries,725.0,23.0
2014-08,R10,PADD 1,MN0,Non-OPEC Countries,832.0,27.0
2014-08,R10,PADD 1,NCA,Canada,283.0,9.0
2014-08,R10,PADD 1,NJA,Japan,79.0,3.0
2014-08,R10,PADD 1,NKS,Korea,470.0,15.0
2014-08,R10,PADD 1,NVE,Venezuela,725.0,23.0
2014-08,R10,PADD 1,Z00,,1557.0,50.0
2014-08,R20,PADD 2,MN0,Non-OPEC Countries,72.0,2.0
2014-08,R20,PADD 2,NCA,Canada,72.0,2.0
2014-08,R20,PADD 2,Z00,,72.0,2.0
2014-08,R50,PADD 5,MN0,Non-OPEC Countries,332.0,11.0
2014-08,R50,PADD 5,NKS,Korea,332.0,11.0
2014-08,R50,PADD 5,Z00,,332.0,11.0
2014-09,NUS,U.S.,ME0,OPEC Countries,1383.0,46.0
2014-09,NUS,U.S.,MN0,Non-OPEC Countries,2603.0,87.0
2014-09,NUS,U.S.,MP0,Persian Gulf Countries,238.0,8.0
2014-09,NUS,U.S.,NCA,Canada,192.0,6.0
2014-09,NUS,U.S.,NJA,Japan,232.0,8.0
2014-09,NUS,U.S.,NKS,Korea,2179.0,73.0
2014-09,NUS,U.S.,NKU,Kuwait,238.0,8.0
2014-09,NUS,U.S.,NVE,Venezuela,1145.0,38.0
2014-09,NUS,U.S.,Z00,,3986.0,133.0
2014-09,R10,PADD 1,ME0,OPEC Countries,1383.0,46.0
2014-09,R10,PADD 1,MN0,Non-OPEC Countries,1216.0,41.0
2014-09,R10,PADD 1,MP0,Persian Gulf Countries,238.0,8.0
2014-09,R10,PADD 1,NCA,Canada,192.0,6.0
2014-09,R10,PADD 1,NJA,Japan,232.0,8.0
2014-09,R10,PADD 1,NKS,Korea,792.0,26.0
2014-09,R10,PADD 1,NKU,Kuwait,238.0,8.0
2014-09,R10,PADD 1,NVE,Venezuela,1145.0,38.0
2014-09,R10,PADD 1,Z00,,2599.0,87.0
2014-09,R50,PADD 5,MN0,Non-OPEC Countries,1387.0,46.0
2014-09,R50,PADD 5,NKS,Korea,1387.0,46.0
2014-09,R50,PADD 5,Z00,,1387.0,46.0
2014-10,NUS,U.S.,ME0,OPEC Countries,604.0,19.0
2014-10,NUS,U.S.,MN0,Non-OPEC Countries,2177.0,70.0
2014-10,NUS,U.S.,NCA,Canada,104.0,3.0
2014-10,NUS,U.S.,NJA,Japan,310.0,10.0
2014-10,NUS,U.S.,NKS,Korea,1521.0,49.0
2014-10,NUS,U.S.,NSN,Singapore,153.0,5.0
2014-10,NUS,U.S.,NUC,Curacao,89.0,3.0
2014-10,NUS,U.S.,NVE,Venezuela,604.0,19.0
2014-10,NUS,U.S.,Z00,,2781.0,90.0
2014-10,R10,PADD 1,ME0,OPEC Countries,604.0,19.0
2014-10,R10,PADD 1,MN0,Non-OPEC Countries,1358.0,44.0
2014-10,R10,PADD 1,NCA,Canada,32.0,1.0
2014-10,R10,PADD 1,NJA,Japan,310.0,10.0
2014-10,R10,PADD 1,NKS,Korea,927.0,30.0
2014-10,R10,PADD 1,NUC,Curacao,89.0,3.0
2014-10,R10,PADD 1,NVE,Venezuela,604.0,19.0
2014-10,R10,PADD 1,Z00,,1962.0,63.0
2014-10,R20,PADD 2,MN0,Non-OPEC Countries,63.0,2.0
2014-10,R20,PADD 2,NCA,Canada,63.0,2.0
2014-10,R20,PADD 2,Z00,,63.0,2.0
2014-10,R50,PADD 5,MN0,Non-OPEC Countries,756.0,24.0
2014-10,R50,PADD 5,NCA,Canada,9.0,0.0
2014-10,R50,PADD 5,NKS,Korea,594.0,19.0
2014-10,R50,PADD 5,NSN,Singapore,153.0,5.0
2014-10,R50,PADD 5,Z00,,756.0,24.0
2014-11,NUS,U.S.,ME0,OPEC Countries,651.0,22.0
2014-11,NUS,U.S.,MN0,Non-OPEC Countries,1749.0,58.0
2014-11,NUS,U.S.,NCA,Canada,280.0,9.0
2014-11,NUS,U.S.,NKS,Korea,1209.0,40.0
2014-11,NUS,U.S.,NUC,Curacao,260.0,9.0
2014-11,NUS,U.S.,NVE,Venezuela,651.0,22.0
2014-11,NUS,U.S.,Z00,,2400.0,80.0
2014-11,R10,PADD 1,ME0,OPEC Countries,651.0,22.0
2014-11,R10,PADD 1,MN0,Non-OPEC Countries,1434.0,48.0
2014-11,R10,PADD 1,NCA,Canada,280.0,9.0
2014-11,R10,PADD 1,NKS,Korea,894.0,30.0
2014-11,R10,PADD 1,NUC,Curacao,260.0,9.0
2014-11,R10,PADD 1,NVE,Venezuela,651.0,22.0
2014-11,R10,PADD 1,Z00,,2085.0,70.0
2014-11,R50,PADD 5,MN0,Non-OPEC Countries,315.0,11.0
2014-11,R50,PADD 5,NKS,Korea,315.0,11.0
2014-11,R50,PADD 5,Z00,,315.0,11.0
2014-12,NUS,U.S.,ME0,OPEC Countries,548.0,18.0
2014-12,NUS,U.S.,MN0,Non-OPEC Countries,2608.0,84.0
2014-12,NUS,U.S.,NCA,Canada,483.0,16.0
2014-12,NUS,U.S.,NJA,Japan,582.0,19.0
2014-12,NUS,U.S.,NKS,Korea,1121.0,36.0
2014-12,NUS,U.S.,NUC,Curacao,422.0,14.0
2014-12,NUS,U.S.,NVE,Venezuela,548.0,18.0
2014-12,NUS,U.S.,Z00,,3156.0,102.0
2014-12,R10,PADD 1,ME0,OPEC Countries,548.0,18.0
2014-12,R10,PADD 1,MN0,Non-OPEC Countries,2293.0,74.0
2014-12,R10,PADD 1,NCA,Canada,483.0,16.0
2014-12,R10,PADD 1,NJA,Japan,582.0,19.0
2014-12,R10,PADD 1,NKS,Korea,806.0,26.0
2014-12,R10,PADD 1,NUC,Curacao,422.0,14.0
2014-12,R10,PADD 1,NVE,Venezuela,548.0,18.0
2014-12,R10,PADD 1,Z00,,2841.0,92.0
2014-12,R50,PADD 5,MN0,Non-OPEC Countries,315.0,10.0
2014-12,R50,PADD 5,NKS,Korea,315.0,10.0
2014-12,R50,PADD 5,Z00,,315.0,10.0
2015-01,NUS,U.S.,ME0,OPEC Countries,928.0,30.0
2015-01,NUS,U.S.,MN0,Non-OPEC Countries,3177.0,102.0
2015-01,NUS,U.S.,MP0,Persian Gulf Countries,271.0,9.0
2015-01,NUS,U.S.,NAG,Algeria,55.0,2.0
2015-01,NUS,U.S.,NCA,Canada,371.0,12.0
2015-01,NUS,U.S.,NCH,China,232.0,7.0
2015-01,NUS,U.S.,NIN,India,654.0,21.0
2015-01,NUS,U.S.,NKS,Korea,1482.0,48.0
2015-01,NUS,U.S.,NKZ,Kazakhstan,10.0,0.0
2015-01,NUS,U.S.,NSA,Saudi Arabia,271.0,9.0
2015-01,NUS,U.S.,NTD,Trinidad and Tobago,304.0,10.0
2015-01,NUS,U.S.,NTW,Taiwan,114.0,4.0
2015-01,NUS,U.S.,NUK,United Kingdom,10.0,0.0
2015-01,NUS,U.S.,NVE,Venezuela,602.0,19.0
2015-01,NUS,U.S.,Z00,,4105.0,132.0
2015-01,R10,PADD 1,ME0,OPEC Countries,928.0,30.0
2015-01,R10,PADD 1,MN0,Non-OPEC Countries,2354.0,76.0
2015-01,R10,PADD 1,MP0,Persian Gulf Countries,271.0,9.0
2015-01,R10,PADD 1,NAG,Algeria,55.0,2.0
2015-01,R10,PADD 1,NCA,Canada,371.0,12.0
2015-01,R10,PADD 1,NCH,China,232.0,7.0
2015-01,R10,PADD 1,NIN,India,654.0,21.0
2015-01,R10,PADD 1,NKS,Korea,659.0,21.0
2015-01,R10,PADD 1,NKZ,Kazakhstan,10.0,0.0
2015-01,R10,PADD 1,NSA,Saudi Arabia,271.0,9.0
2015-01,R10,PADD 1,NTD,Trinidad and Tobago,304.0,10.0
2015-01,R10,PADD 1,NTW,Taiwan,114.0,4.0
2015-01,R10,PADD 1,NUK,United Kingdom,10.0,0.0
2015-01,R10,PADD 1,NVE,Venezuela,602.0,19.0
2015-01,R10,PADD 1,Z00,,3282.0,106.0
2015-01,R50,PADD 5,MN0,Non-OPEC Countries,823.0,27.0
2015-01,R50,PADD 5,NKS,Korea,823.0,27.0
2015-01,R50,PADD 5,Z00,,823.0,27.0
2015-02,NUS,U.S.,ME0,OPEC Countries,1016.0,36.0
2015-02,NUS,U.S.,MN0,Non-OPEC Countries,2540.0,91.0
2015-02,NUS,U.S.,MP0,Persian Gulf Countries,276.0,10.0
2015-02,NUS,U.S.,NCA,Canada,95.0,3.0
2015-02,NUS,U.S.,NIN,India,218.0,8.0
2015-02,NUS,U.S.,NJA,Japan,136.0,5.0
2015-02,NUS,U.S.,NKS,Korea,1764.0,63.0
2015-02,NUS,U.S.,NSA,Saudi Arabia,276.0,10.0
2015-02,NUS,U.S.,NTW,Taiwan,124.0,4.0
2015-02,NUS,U.S.,NUC,Curacao,203.0,7.0
2015-02,NUS,U.S.,NVE,Venezuela,740.0,26.0
2015-02,NUS,U.S.,Z00,,3556.0,127.0
2015-02,R10,PADD 1,ME0,OPEC Countries,1016.0,36.0
2015-02,R10,PADD 1,MN0,Non-OPEC Countries,1692.0,60.0
2015-02,R10,PADD 1,MP0,Persian Gulf Countries,276.0,10.0
2015-02,R10,PADD 1,NCA,Canada,95.0,3.0
2015-02,R10,PADD 1,NIN,India,218.0,8.0
2015-02,R10,PADD 1,NJA,Japan,136.0,5.0
2015-02,R10,PADD 1,NKS,Korea,916.0,33.0
2015-02,R10,PADD 1,NSA,Saudi Arabia,276.0,10.0
2015-02,R10,PADD 1,NTW,Taiwan,124.0,4.0
2015-02,R10,PADD 1,NUC,Curacao,203.0,7.0
2015-02,R10,PADD 1,NVE,Venezuela,740.0,26.0
2015-02,R10,PADD 1,Z00,,2708.0,97.0
2015-02,R50,PADD 5,MN0,Non-OPEC Countries,848.0,30.0
2015-02,R50,PADD 5,NKS,Korea,848.0,30.0
2015-02,R50,PADD 5,Z00,,848.0,30.0
2015-03,NUS,U.S.,ME0,OPEC Countries,462.0,15.0
2015-03,NUS,U.S.,MN0,Non-OPEC Countries,4582.0,148.0
2015-03,NUS,U.S.,NCA,Canada,314.0,10.0
2015-03,NUS,U.S.,NCH,China,5.0,0.0
2015-03,NUS,U.S.,NKS,Korea,4059.0,131.0
2015-03,NUS,U.S.,NUC,Curacao,204.0,7.0
2015-03,NUS,U.S.,NVE,Venezuela,462.0,15.0
2015-03,NUS,U.S.,Z00,,5044.0,163.0
2015-03,R10,PADD 1,ME0,OPEC Countries,462.0,15.0
2015-03,R10,PADD 1,MN0,Non-OPEC Countries,2762.0,89.0
2015-03,R10,PADD 1,NCA,Canada,314.0,10.0
2015-03,R10,PADD 1,NKS,Korea,2244.0,72.0
2015-03,R10,PADD 1,NUC,Curacao,204.0,7.0
2015-03,R10,PADD 1,NVE,Venezuela,462.0,15.0
2015-03,R10,PADD 1,Z00,,3224.0,104.0
2015-03,R50,PADD 5,MN0,Non-OPEC Countries,1820.0,59.0
2015-03,R50,PADD 5,NCH,China,5.0,0.0
2015-03,R50,PADD 5,NKS,Korea,1815.0,59.0
2015-03,R50,PADD 5,Z00,,1820.0,59.0
2015-04,NUS,U.S.,ME0,OPEC Countries,779.0,26.0
2015-04,NUS,U.S.,MN0,Non-OPEC Countries,3255.0,109.0
2015-04,NUS,U.S.,NCA,Canada,305.0,10.0
2015-04,NUS,U.S.,NIN,India,511.0,17.0
2015-04,NUS,U.S.,NKS,Korea,2439.0,81.0
2015-04,NUS,U.S.,NVE,Venezuela,779.0,26.0
2015-04,NUS,U.S.,Z00,,4034.0,134.0
2015-04,R10,PADD 1,ME0,OPEC Countries,779.0,26.0
2015-04,R10,PADD 1,MN0,Non-OPEC Countries,1911.0,64.0
2015-04,R10,PADD 1,NCA,Canada,305.0,10.0
2015-04,R10,PADD 1,NIN,India,511.0,17.0
2015-04,R10,PADD 1,NKS,Korea,1095.0,37.0
2015-04,R10,PADD 1,NVE,Venezuela,779.0,26.0
2015-04,R10,PADD 1,Z00,,2690.0,90.0
2015-04,R50,PADD 5,MN0,Non-OPEC Countries,1344.0,45.0
2015-04,R50,PADD 5,NKS,Korea,1344.0,45.0
2015-04,R50,PADD 5,Z00,,1344.0,45.0
2015-05,NUS,U.S.,ME0,OPEC Countries,773.0,25.0
2015-05,NUS,U.S.,MN0,Non-OPEC Countries,4499.0,145.0
2015-05,NUS,U.S.,NAA,Aruba,123.0,4.0
2015-05,NUS,U.S.,NCA,Canada,1010.0,33.0
2015-05,NUS,U.S.,NIN,India,431.0,14.0
2015-05,NUS,U.S.,NJA,Japan,509.0,16.0
2015-05,NUS,U.S.,NKS,Korea,2426.0,78.0
2015-05,NUS,U.S.,NVE,Venezuela,773.0,25.0
2015-05,NUS,U.S.,Z00,,5272.0,170.0
2015-05,R10,PADD 1,ME0,OPEC Countries,773.0,25.0
2015-05,R10,PADD 1,MN0,Non-OPEC Countries,2123.0,68.0
2015-05,R10,PADD 1,NAA,Aruba,123.0,4.0
2015-05,R10,PADD 1,NCA,Canada,626.0,20.0
2015-05,R10,PADD 1,NIN,India,431.0,14.0
2015-05,R10,PADD 1,NKS,Korea,943.0,30.0
2015-05,R10,PADD 1,NVE,Venezuela,773.0,25.0
2015-05,R10,PADD 1,Z00,,2896.0,93.0
2015-05,R20,PADD 2,MN0,Non-OPEC Countries,8.0,0.0
2015-05,R20,PADD 2,NCA,Canada,8.0,0.0
2015-05,R20,PADD 2,Z00,,8.0,0.0
2015-05,R50,PADD 5,MN0,Non-OPEC Countries,2368.0,76.0
2015-05,R50,PADD 5,NCA,Canada,376.0,12.0
2015-05,R50,PADD 5,NJA,Japan,509.0,16.0
2015-05,R50,PADD 5,NKS,Korea,1483.0,48.0
2015-05,R50,PADD 5,Z00,,2368.0,76.0
2015-06,NUS,U.S.,ME0,OPEC Countries,493.0,16.0
2015-06,NUS,U.S.,MN0,Non-OPEC Countries,5623.0,187.0
2015-06,NUS,U.S.,NCA,Canada,755.0,25.0
2015-06,NUS,U.S.,NCH,China,59.0,2.0
2015-06,NUS,U.S.,NIN,India,1521.0,51.0
2015-06,NUS,U.S.,NJA,Japan,616.0,21.0
2015-06,NUS,U.S.,NKS,Korea,2104.0,70.0
2015-06,NUS,U.S.,NNL,Netherlands,5.0,0.0
2015-06,NUS,U.S.,NTW,Taiwan,322.0,11.0
2015-06,NUS,U.S.,NUC,Curacao,241.0,8.0
2015-06,NUS,U.S.,NVE,Venezuela,493.0,16.0
2015-06,NUS,U.S.,Z00,,6116.0,204.0
2015-06,R10,PADD 1,ME0,OPEC Countries,493.0,16.0
2015-06,R10,PADD 1,MN0,Non-OPEC Countries,1846.0,62.0
2015-06,R10,PADD 1,NCA,Canada,691.0,23.0
2015-06,R10,PADD 1,NIN,India,696.0,23.0
2015-06,R10,PADD 1,NKS,Korea,213.0,7.0
2015-06,R10,PADD 1,NNL,Netherlands,5.0,0.0
2015-06,R10,PADD 1,NUC,Curacao,241.0,8.0
2015-06,R10,PADD 1,NVE,Venezuela,493.0,16.0
2015-06,R10,PADD 1,Z00,,2339.0,78.0
2015-06,R50,PADD 5,MN0,Non-OPEC Countries,3777.0,126.0
2015-06,R50,PADD 5,NCA,Canada,64.0,2.0
2015-06,R50,PADD 5,NCH,China,59.0,2.0
2015-06,R50,PADD 5,NIN,India,825.0,28.0
2015-06,R50,PADD 5,NJA,Japan,616.0,21.0
2015-06,R50,PADD 5,NKS,Korea,1891.0,63.0
2015-06,R50,PADD 5,NTW,Taiwan,322.0,11.0
2015-06,R50,PADD 5,Z00,,3777.0,126.0
2015-07,NUS,U.S.,ME0,OPEC Countries,186.0,6.0
2015-07,NUS,U.S.,MN0,Non-OPEC Countries,4760.0,154.0
2015-07,NUS,U.S.,NCA,Canada,404.0,13.0
2015-07,NUS,U.S.,NIN,India,373.0,12.0
2015-07,NUS,U.S.,NJA,Japan,256.0,8.0
2015-07,NUS,U.S.,NKS,Korea,3489.0,113.0
2015-07,NUS,U.S.,NNL,Netherlands,18.0,1.0
2015-07,NUS,U.S.,NUC,Curacao,220.0,7.0
2015-07,NUS,U.S.,NVE,Venezuela,186.0,6.0
2015-07,NUS,U.S.,Z00,,4946.0,160.0
2015-07,R10,PADD 1,ME0,OPEC Countries,186.0,6.0
2015-07,R10,PADD 1,MN0,Non-OPEC Countries,1746.0,56.0
2015-07,R10,PADD 1,NCA,Canada,372.0,12.0
2015-07,R10,PADD 1,NIN,India,373.0,12.0
2015-07,R10,PADD 1,NKS,Korea,763.0,25.0
2015-07,R10,PADD 1,NNL,Netherlands,18.0,1.0
2015-07,R10,PADD 1,NUC,Curacao,220.0,7.0
2015-07,R10,PADD 1,NVE,Venezuela,186.0,6.0
2015-07,R10,PADD 1,Z00,,1932.0,62.0
2015-07,R50,PADD 5,MN0,Non-OPEC Countries,3014.0,97.0
2015-07,R50,PADD 5,NCA,Canada,32.0,1.0
2015-07,R50,PADD 5,NJA,Japan,256.0,8.0
2015-07,R50,PADD 5,NKS,Korea,2726.0,88.0
2015-07,R50,PADD 5,Z00,,3014.0,97.0
2015-08,NUS,U.S.,ME0,OPEC Countries,460.0,15.0
2015-08,NUS,U.S.,MN0,Non-OPEC Countries,3647.0,118.0
2015-08,NUS,U.S.,NCA,Canada,227.0,7.0
2015-08,NUS,U.S.,NJA,Japan,308.0,10.0
2015-08,NUS,U.S.,NKS,Korea,2872.0,93.0
2015-08,NUS,U.S.,NUC,Curacao,240.0,8.0
2015-08,NUS,U.S.,NVE,Venezuela,460.0,15.0
2015-08,NUS,U.S.,Z00,,4107.0,132.0
2015-08,R10,PADD 1,ME0,OPEC Countries,460.0,15.0
2015-08,R10,PADD 1,MN0,Non-OPEC Countries,860.0,28.0
2015-08,R10,PADD 1,NCA,Canada,227.0,7.0
2015-08,R10,PADD 1,NKS,Korea,393.0,13.0
2015-08,R10,PADD 1,NUC,Curacao,240.0,8.0
2015-08,R10,PADD 1,NVE,Venezuela,460.0,15.0
2015-08,R10,PADD 1,Z00,,1320.0,43.0
2015-08,R50,PADD 5,MN0,Non-OPEC Countries,2787.0,90.0
2015-08,R50,PADD 5,NJA,Japan,308.0,10.0
2015-08,R50,PADD 5,NKS,Korea,2479.0,80.0
2015-08,R50,PADD 5,Z00,,2787.0,90.0
2015-09,NUS,U.S.,ME0,OPEC Countries,73.0,2.0
2015-09,NUS,U.S.,MN0,Non-OPEC Countries,1896.0,63.0
2015-09,NUS,U.S.,NCA,Canada,341.0,11.0
2015-09,NUS,U.S.,NJA,Japan,288.0,10.0
2015-09,NUS,U.S.,NKS,Korea,999.0,33.0
2015-09,NUS,U.S.,NTW,Taiwan,52.0,2.0
2015-09,NUS,U.S.,NUC,Curacao,216.0,7.0
2015-09,NUS,U.S.,NVE,Venezuela,73.0,2.0
2015-09,NUS,U.S.,Z00,,1969.0,66.0
2015-09,R10,PADD 1,ME0,OPEC Countries,73.0,2.0
2015-09,R10,PADD 1,MN0,Non-OPEC Countries,1153.0,38.0
2015-09,R10,PADD 1,NCA,Canada,231.0,8.0
2015-09,R10,PADD 1,NJA,Japan,288.0,10.0
2015-09,R10,PADD 1,NKS,Korea,366.0,12.0
2015-09,R10,PADD 1,NTW,Taiwan,52.0,2.0
2015-09,R10,PADD 1,NUC,Curacao,216.0,7.0
2015-09,R10,PADD 1,NVE,Venezuela,73.0,2.0
2015-09,R10,PADD 1,Z00,,1226.0,41.0
2015-09,R50,PADD 5,MN0,Non-OPEC Countries,743.0,25.0
2015-09,R50,PADD 5,NCA,Canada,110.0,4.0
2015-09,R50,PADD 5,NKS,Korea,633.0,21.0
2015-09,R50,PADD 5,Z00,,743.0,25.0
2015-10,NUS,U.S.,ME0,OPEC Countries,437.0,14.0
2015-10,NUS,U.S.,MN0,Non-OPEC Countries,2128.0,69.0
2015-10,NUS,U.S.,NCA,Canada,98.0,3.0
2015-10,NUS,U.S.,NCH,China,315.0,10.0
2015-10,NUS,U.S.,NKS,Korea,1715.0,55.0
2015-10,NUS,U.S.,NVE,Venezuela,437.0,14.0
2015-10,NUS,U.S.,Z00,,2565.0,83.0
2015-10,R10,PADD 1,ME0,OPEC Countries,437.0,14.0
2015-10,R10,PADD 1,MN0,Non-OPEC Countries,802.0,26.0
2015-10,R10,PADD 1,NCA,Canada,18.0,1.0
2015-10,R10,PADD 1,NKS,Korea,784.0,25.0
2015-10,R10,PADD 1,NVE,Venezuela,437.0,14.0
2015-10,R10,PADD 1,Z00,,1239.0,40.0
2015-10,R50,PADD 5,MN0,Non-OPEC Countries,1326.0,43.0
2015-10,R50,PADD 5,NCA,Canada,80.0,3.0
2015-10,R50,PADD 5,NCH,China,315.0,10.0
2015-10,R50,PADD 5,NKS,Korea,931.0,30.0
2015-10,R50,PADD 5,Z00,,1326.0,43.0
2015-11,NUS,U.S.,ME0,OPEC Countries,532.0,18.0
2015-11,NUS,U.S.,MN0,Non-OPEC Countries,2517.0,84.0
2015-11,NUS,U.S.,NAG,Algeria,211.0,7.0
2015-11,NUS,U.S.,NCA,Canada,79.0,3.0
2015-11,NUS,U.S.,NCH,China,315.0,11.0
2015-11,NUS,U.S.,NIN,India,314.0,10.0
2015-11,NUS,U.S.,NJA,Japan,330.0,11.0
2015-11,NUS,U.S.,NKS,Korea,1479.0,49.0
2015-11,NUS,U.S.,NVE,Venezuela,321.0,11.0
2015-11,NUS,U.S.,Z00,,3049.0,102.0
2015-11,R10,PADD 1,ME0,OPEC Countries,532.0,18.0
2015-11,R10,PADD 1,MN0,Non-OPEC Countries,787.0,26.0
2015-11,R10,PADD 1,NAG,Algeria,211.0,7.0
2015-11,R10,PADD 1,NCA,Canada,63.0,2.0
2015-11,R10,PADD 1,NIN,India,314.0,10.0
2015-11,R10,PADD 1,NKS,Korea,410.0,14.0
2015-11,R10,PADD 1,NVE,Venezuela,321.0,11.0
2015-11,R10,PADD 1,Z00,,1319.0,44.0
2015-11,R50,PADD 5,MN0,Non-OPEC Countries,1730.0,58.0
2015-11,R50,PADD 5,NCA,Canada,16.0,1.0
2015-11,R50,PADD 5,NCH,China,315.0,11.0
2015-11,R50,PADD 5,NJA,Japan,330.0,11.0
2015-11,R50,PADD 5,NKS,Korea,1069.0,36.0
2015-11,R50,PADD 5,Z00,,1730.0,58.0
2015-12,NUS,U.S.,ME0,OPEC Countries,580.0,19.0
2015-12,NUS,U.S.,MN0,Non-OPEC Countries,2775.0,90.0
2015-12,NUS,U.S.,NCA,Canada,233.0,8.0
2015-12,NUS,U.S.,NIN,India,79.0,3.0
2015-12,NUS,U.S.,NJA,Japan,54.0,2.0
2015-12,NUS,U.S.,NKS,Korea,2241.0,72.0
2015-12,NUS,U.S.,NUC,Curacao,168.0,5.0
2015-12,NUS,U.S.,NVE,Venezuela,580.0,19.0
2015-12,NUS,U.S.,Z00,,3355.0,108.0
2015-12,R10,PADD 1,ME0,OPEC Countries,580.0,19.0
2015-12,R10,PADD 1,MN0,Non-OPEC Countries,814.0,26.0
2015-12,R10,PADD 1,NCA,Canada,191.0,6.0
2015-12,R10,PADD 1,NIN,India,79.0,3.0
2015-12,R10,PADD 1,NJA,Japan,54.0,2.0
2015-12,R10,PADD 1,NKS,Korea,322.0,10.0
2015-12,R10,PADD 1,NUC,Curacao,168.0,5.0
2015-12,R10,PADD 1,NVE,Venezuela,580.0,19.0
2015-12,R10,PADD 1,Z00,,1394.0,45.0
2015-12,R50,PADD 5,MN0,Non-OPEC Countries,1961.0,63.0
2015-12,R50,PADD 5,NCA,Canada,42.0,1.0
2015-12,R50,PADD 5,NKS,Korea,1919.0,62.0
2015-12,R50,PADD 5,Z00,,1961.0,63.0
2016-01,NUS,U.S.,ME0,OPEC Countries,866.0,28.0
2016-01,NUS,U.S.,MN0,Non-OPEC Countries,3918.0,126.0
2016-01,NUS,U.S.,NCA,Canada,345.0,11.0
2016-01,NUS,U.S.,NCH,China,527.0,17.0
2016-01,NUS,U.S.,NJA,Japan,150.0,5.0
2016-01,NUS,U.S.,NKS,Korea,2584.0,83.0
2016-01,NUS,U.S.,NTW,Taiwan,312.0,10.0
2016-01,NUS,U.S.,NVE,Venezuela,866.0,28.0
2016-01,NUS,U.S.,Z00,,4784.0,154.0
2016-01,R10,PADD 1,ME0,OPEC Countries,866.0,28.0
2016-01,R10,PADD 1,MN0,Non-OPEC Countries,1529.0,49.0
2016-01,R10,PADD 1,NCA,Canada,317.0,10.0
2016-01,R10,PADD 1,NCH,China,271.0,9.0
2016-01,R10,PADD 1,NJA,Japan,150.0,5.0
2016-01,R10,PADD 1,NKS,Korea,791.0,26.0
2016-01,R10,PADD 1,NVE,Venezuela,866.0,28.0
2016-01,R10,PADD 1,Z00,,2395.0,77.0
2016-01,R50,PADD 5,MN0,Non-OPEC Countries,2389.0,77.0
2016-01,R50,PADD 5,NCA,Canada,28.0,1.0
2016-01,R50,PADD 5,NCH,China,256.0,8.0
2016-01,R50,PADD 5,NKS,Korea,1793.0,58.0
2016-01,R50,PADD 5,NTW,Taiwan,312.0,10.0
2016-01,R50,PADD 5,Z00,,2389.0,77.0
2016-02,NUS,U.S.,ME0,OPEC Countries,430.0,15.0
2016-02,NUS,U.S.,MN0,Non-OPEC Countries,2954.0,102.0
2016-02,NUS,U.S.,NCA,Canada,244.0,8.0
2016-02,NUS,U.S.,NCH,China,271.0,9.0
2016-02,NUS,U.S.,NIN,India,1439.0,50.0
2016-02,NUS,U.S.,NKS,Korea,1000.0,34.0
2016-02,NUS,U.S.,NVE,Venezuela,430.0,15.0
2016-02,NUS,U.S.,Z00,,3384.0,117.0
2016-02,R10,PADD 1,ME0,OPEC Countries,430.0,15.0
2016-02,R10,PADD 1,MN0,Non-OPEC Countries,2108.0,73.0
2016-02,R10,PADD 1,NCA,Canada,244.0,8.0
2016-02,R10,PADD 1,NCH,China,271.0,9.0
2016-02,R10,PADD 1,NIN,India,1439.0,50.0
2016-02,R10,PADD 1,NKS,Korea,154.0,5.0
2016-02,R10,PADD 1,NVE,Venezuela,430.0,15.0
2016-02,R10,PADD 1,Z00,,2538.0,88.0
2016-02,R50,PADD 5,MN0,Non-OPEC Countries,846.0,29.0
2016-02,R50,PADD 5,NKS,Korea,846.0,29.0
2016-02,R50,PADD 5,Z00,,846.0,29.0
2016-03,NUS,U.S.,ME0,OPEC Countries,721.0,23.0
2016-03,NUS,U.S.,MN0,Non-OPEC Countries,4071.0,131.0
2016-03,NUS,U.S.,MP0,Persian Gulf Countries,227.0,7.0
2016-03,NUS,U.S.,NCA,Canada,457.0,15.0
2016-03,NUS,U.S.,NCH,China,420.0,14.0
2016-03,NUS,U.S.,NCO,Colombia,3.0,0.0
2016-03,NUS,U.S.,NIN,India,905.0,29.0
2016-03,NUS,U.S.,NKS,Korea,1895.0,61.0
2016-03,NUS,U.S.,NSA,Saudi Arabia,227.0,7.0
2016-03,NUS,U.S.,NTW,Taiwan,322.0,10.0
2016-03,NUS,U.S.,NUC,Curacao,69.0,2.0
2016-03,NUS,U.S.,NVE,Venezuela,494.0,16.0
2016-03,NUS,U.S.,Z00,,4792.0,155.0
2016-03,R10,PADD 1,ME0,OPEC Countries,721.0,23.0
2016-03,R10,PADD 1,MN0,Non-OPEC Countries,1595.0,51.0
2016-03,R10,PADD 1,MP0,Persian Gulf Countries,227.0,7.0
2016-03,R10,PADD 1,NCA,Canada,445.0,14.0
2016-03,R10,PADD 1,NIN,India,905.0,29.0
2016-03,R10,PADD 1,NKS,Korea,176.0,6.0
2016-03,R10,PADD 1,NSA,Saudi Arabia,227.0,7.0
2016-03,R10,PADD 1,NUC,Curacao,69.0,2.0
2016-03,R10,PADD 1,NVE,Venezuela,494.0,16.0
2016-03,R10,PADD 1,Z00,,2316.0,75.0
2016-03,R40,PADD 4,MN0,Non-OPEC Countries,3.0,0.0
2016-03,R40,PADD 4,NCO,Colombia,3.0,0.0
2016-03,R40,PADD 4,Z00,,3.0,0.0
2016-03,R50,PADD 5,MN0,Non-OPEC Countries,2473.0,80.0
2016-03,R50,PADD 5,NCA,Canada,12.0,0.0
2016-03,R50,PADD 5,NCH,China,420.0,14.0
2016-03,R50,PADD 5,NKS,Korea,1719.0,55.0
2016-03,R50,PADD 5,NTW,Taiwan,322.0,10.0
2016-03,R50,PADD 5,Z00,,2473.0,80.0
2016-04,NUS,U.S.,ME0,OPEC Countries,433.0,14.0
2016-04,NUS,U.S.,MN0,Non-OPEC Countries,3214.0,107.0
2016-04,NUS,U.S.,MP0,Persian Gulf Countries,90.0,3.0
2016-04,NUS,U.S.,NCA,Canada,442.0,15.0
2016-04,NUS,U.S.,NCH,China,578.0,19.0
2016-04,NUS,U.S.,NJA,Japan,60.0,2.0
2016-04,NUS,U.S.,NKS,Korea,2134.0,71.0
2016-04,NUS,U.S.,NKU,Kuwait,90.0,3.0
2016-04,NUS,U.S.,NVE,Venezuela,343.0,11.0
2016-04,NUS,U.S.,Z00,,3647.0,122.0
2016-04,R10,PADD 1,ME0,OPEC Countries,433.0,14.0
2016-04,R10,PADD 1,MN0,Non-OPEC Countries,1199.0,40.0
2016-04,R10,PADD 1,MP0,Persian Gulf Countries,90.0,3.0
2016-04,R10,PADD 1,NCA,Canada,442.0,15.0
2016-04,R10,PADD 1,NKS,Korea,757.0,25.0
2016-04,R10,PADD 1,NKU,Kuwait,90.0,3.0
2016-04,R10,PADD 1,NVE,Venezuela,343.0,11.0
2016-04,R10,PADD 1,Z00,,1632.0,54.0
2016-04,R50,PADD 5,MN0,Non-OPEC Countries,2015.0,67.0
2016-04,R50,PADD 5,NCH,China,578.0,19.0
2016-04,R50,PADD 5,NJA,Japan,60.0,2.0
2016-04,R50,PADD 5,NKS,Korea,1377.0,46.0
2016-04,R50,PADD 5,Z00,,2015.0,67.0
2016-05,NUS,U.S.,ME0,OPEC Countries,321.0,10.0
2016-05,NUS,U.S.,MN0,Non-OPEC Countries,5308.0,171.0
2016-05,NUS,U.S.,NCA,Canada,437.0,14.0
2016-05,NUS,U.S.,NCH,China,422.0,14.0
2016-05,NUS,U.S.,NIN,India,721.0,23.0
2016-05,NUS,U.S.,NKS,Korea,3728.0,120.0
2016-05,NUS,U.S.,NVE,Venezuela,321.0,10.0
2016-05,NUS,U.S.,Z00,,5629.0,182.0
2016-05,R10,PADD 1,ME0,OPEC Countries,321.0,10.0
2016-05,R10,PADD 1,MN0,Non-OPEC Countries,1357.0,44.0
2016-05,R10,PADD 1,NCA,Canada,437.0,14.0
2016-05,R10,PADD 1,NIN,India,721.0,23.0
2016-05,R10,PADD 1,NKS,Korea,199.0,6.0
2016-05,R10,PADD 1,NVE,Venezuela,321.0,10.0
2016-05,R10,PADD 1,Z00,,1678.0,54.0
2016-05,R50,PADD 5,MN0,Non-OPEC Countries,3951.0,127.0
2016-05,R50,PADD 5,NCH,China,422.0,14.0
2016-05,R50,PADD 5,NKS,Korea,3529.0,114.0
2016-05,R50,PADD 5,Z00,,3951.0,127.0
2016-06,NUS,U.S.,ME0,OPEC Countries,252.0,8.0
2016-06,NUS,U.S.,MN0,Non-OPEC Countries,3722.0,124.0
2016-06,NUS,U.S.,NCA,Canada,357.0,12.0
2016-06,NUS,U.S.,NCH,China,370.0,12.0
2016-06,NUS,U.S.,NID,Indonesia,49.0,2.0
2016-06,NUS,U.S.,NIN,India,414.0,14.0
2016-06,NUS,U.S.,NJA,Japan,315.0,11.0
2016-06,NUS,U.S.,NKS,Korea,1917.0,64.0
2016-06,NUS,U.S.,NMY,Malaysia,72.0,2.0
2016-06,NUS,U.S.,NRS,Russia,20.0,1.0
2016-06,NUS,U.S.,NUC,Curacao,257.0,9.0
2016-06,NUS,U.S.,NVE,Venezuela,203.0,7.0
2016-06,NUS,U.S.,Z00,,3974.0,132.0
2016-06,R10,PADD 1,ME0,OPEC Countries,203.0,7.0
2016-06,R10,PADD 1,MN0,Non-OPEC Countries,1298.0,43.0
2016-06,R10,PADD 1,NCA,Canada,357.0,12.0
2016-06,R10,PADD 1,NIN,India,414.0,14.0
2016-06,R10,PADD 1,NKS,Korea,270.0,9.0
2016-06,R10,PADD 1,NUC,Curacao,257.0,9.0
2016-06,R10,PADD 1,NVE,Venezuela,203.0,7.0
2016-06,R10,PADD 1,Z00,,1501.0,50.0
2016-06,R50,PADD 5,ME0,OPEC Countries,49.0,2.0
2016-06,R50,PADD 5,MN0,Non-OPEC Countries,2424.0,81.0
2016-06,R50,PADD 5,NCH,China,370.0,12.0
2016-06,R50,PADD 5,NID,Indonesia,49.0,2.0
2016-06,R50,PADD 5,NJA,Japan,315.0,11.0
2016-06,R50,PADD 5,NKS,Korea,1647.0,55.0
2016-06,R50,PADD 5,NMY,Malaysia,72.0,2.0
2016-06,R50,PADD 5,NRS,Russia,20.0,1.0
2016-06,R50,PADD 5,Z00,,2473.0,82.0
2016-07,NUS,U.S.,ME0,OPEC Countries,248.0,8.0
2016-07,NUS,U.S.,MN0,Non-OPEC Countries,5140.0,166.0
2016-07,NUS,U.S.,NCA,Canada,417.0,13.0
2016-07,NUS,U.S.,NCH,China,535.0,17.0
2016-07,NUS,U.S.,NIN,India,567.0,18.0
2016-07,NUS,U.S.,NJA,Japan,610.0,20.0
2016-07,NUS,U.S.,NKS,Korea,3011.0,97.0
2016-07,NUS,U.S.,NVE,Venezuela,248.0,8.0
2016-07,NUS,U.S.,Z00,,5388.0,174.0
2016-07,R10,PADD 1,ME0,OPEC Countries,248.0,8.0
2016-07,R10,PADD 1,MN0,Non-OPEC Countries,1355.0,44.0
2016-07,R10,PADD 1,NCA,Canada,417.0,13.0
2016-07,R10,PADD 1,NIN,India,567.0,18.0
2016-07,R10,PADD 1,NKS,Korea,371.0,12.0
2016-07,R10,PADD 1,NVE,Venezuela,248.0,8.0
2016-07,R10,PADD 1,Z00,,1603.0,52.0
2016-07,R50,PADD 5,MN0,Non-OPEC Countries,3785.0,122.0
2016-07,R50,PADD 5,NCH,China,535.0,17.0
2016-07,R50,PADD 5,NJA,Japan,610.0,20.0
2016-07,R50,PADD 5,NKS,Korea,2640.0,85.0
2016-07,R50,PADD 5,Z00,,3785.0,122.0
2016-08,NUS,U.S.,ME0,OPEC Countries,457.0,15.0
2016-08,NUS,U.S.,MN0,Non-OPEC Countries,4088.0,132.0
2016-08,NUS,U.S.,MP0,Persian Gulf Countries,4.0,0.0
2016-08,NUS,U.S.,NCA,Canada,394.0,13.0
2016-08,NUS,U.S.,NCH,China,513.0,17.0
2016-08,NUS,U.S.,NJA,Japan,946.0,31.0
2016-08,NUS,U.S.,NKS,Korea,2235.0,72.0
2016-08,NUS,U.S.,NSA,Saudi Arabia,4.0,0.0
2016-08,NUS,U.S.,NVE,Venezuela,453.0,15.0
2016-08,NUS,U.S.,Z00,,4545.0,147.0
2016-08,R10,PADD 1,ME0,OPEC Countries,453.0,15.0
2016-08,R10,PADD 1,MN0,Non-OPEC Countries,807.0,26.0
2016-08,R10,PADD 1,NCA,Canada,394.0,13.0
2016-08,R10,PADD 1,NKS,Korea,413.0,13.0
2016-08,R10,PADD 1,NVE,Venezuela,453.0,15.0
2016-08,R10,PADD 1,Z00,,1260.0,41.0
2016-08,R40,PADD 4,ME0,OPEC Countries,4.0,0.0
2016-08,R40,PADD 4,MP0,Persian Gulf Countries,4.0,0.0
2016-08,R40,PADD 4,NSA,Saudi Arabia,4.0,0.0
2016-08,R40,PADD 4,Z00,,4.0,0.0
2016-08,R50,PADD 5,MN0,Non-OPEC Countries,3281.0,106.0
2016-08,R50,PADD 5,NCH,China,513.0,17.0
2016-08,R50,PADD 5,NJA,Japan,946.0,31.0
2016-08,R50,PADD 5,NKS,Korea,1822.0,59.0
2016-08,R50,PADD 5,Z00,,3281.0,106.0
2016-09,NUS,U.S.,ME0,OPEC Countries,4.0,0.0
2016-09,NUS,U.S.,MN0,Non-OPEC Countries,4155.0,139.0
2016-09,NUS,U.S.,MP0,Persian Gulf Countries,4.0,0.0
2016-09,NUS,U.S.,NCA,Canada,58.0,2.0
2016-09,NUS,U.S.,NCH,China,601.0,20.0
2016-09,NUS,U.S.,NIN,India,1121.0,37.0
2016-09,NUS,U.S.,NJA,Japan,327.0,11.0
2016-09,NUS,U.S.,NKS,Korea,2048.0,68.0
2016-09,NUS,U.S.,NSA,Saudi Arabia,4.0,0.0
2016-09,NUS,U.S.,Z00,,4159.0,139.0
2016-09,R10,PADD 1,MN0,Non-OPEC Countries,1985.0,66.0
2016-09,R10,PADD 1,NCA,Canada,58.0,2.0
2016-09,R10,PADD 1,NCH,China,300.0,10.0
2016-09,R10,PADD 1,NIN,India,1121.0,37.0
2016-09,R10,PADD 1,NKS,Korea,506.0,17.0
2016-09,R10,PADD 1,Z00,,1985.0,66.0
2016-09,R40,PADD 4,ME0,OPEC Countries,4.0,0.0
2016-09,R40,PADD 4,MP0,Persian Gulf Countries,4.0,0.0
2016-09,R40,PADD 4,NSA,Saudi Arabia,4.0,0.0
2016-09,R40,PADD 4,Z00,,4.0,0.0
2016-09,R50,PADD 5,MN0,Non-OPEC Countries,2170.0,72.0
2016-09,R50,PADD 5,NCH,China,301.0,10.0
2016-09,R50,PADD 5,NJA,Japan,327.0,11.0
2016-09,R50,PADD 5,NKS,Korea,1542.0,51.0
2016-09,R50,PADD 5,Z00,,2170.0,72.0
2016-10,NUS,U.S.,ME0,OPEC Countries,7.0,0.0
2016-10,NUS,U.S.,MN0,Non-OPEC Countries,4781.0,154.0
2016-10,NUS,U.S.,MP0,Persian Gulf Countries,2.0,0.0
2016-10,NUS,U.S.,NCA,Canada,16.0,1.0
2016-10,NUS,U.S.,NCH,China,302.0,10.0
2016-10,NUS,U.S.,NCO,Colombia,1.0,0.0
2016-10,NUS,U.S.,NEC,Ecuador,5.0,0.0
2016-10,NUS,U.S.,NIN,India,837.0,27.0
2016-10,NUS,U.S.,NJA,Japan,801.0,26.0
2016-10,NUS,U.S.,NKS,Korea,2824.0,91.0
2016-10,NUS,U.S.,NSA,Saudi Arabia,2.0,0.0
2016-10,NUS,U.S.,Z00,,4788.0,154.0
2016-10,R10,PADD 1,ME0,OPEC Countries,0.0,0.0
2016-10,R10,PADD 1,MN0,Non-OPEC Countries,1172.0,38.0
2016-10,R10,PADD 1,MP0,Persian Gulf Countries,0.0,0.0
2016-10,R10,PADD 1,NCA,Canada,16.0,1.0
2016-10,R10,PADD 1,NIN,India,837.0,27.0
2016-10,R10,PADD 1,NKS,Korea,319.0,10.0
2016-10,R10,PADD 1,NSA,Saudi Arabia,0.0,0.0
2016-10,R10,PADD 1,Z00,,1172.0,38.0
2016-10,R20,PADD 2,ME0,OPEC Countries,5.0,0.0
2016-10,R20,PADD 2,NEC,Ecuador,5.0,0.0
2016-10,R20,PADD 2,Z00,,5.0,0.0
2016-10,R40,PADD 4,ME0,OPEC Countries,2.0,0.0
2016-10,R40,PADD 4,MN0,Non-OPEC Countries,1.0,0.0
2016-10,R40,PADD 4,MP0,Persian Gulf Countries,2.0,0.0
2016-10,R40,PADD 4,NCO,Colombia,1.0,0.0
2016-10,R40,PADD 4,NSA,Saudi Arabia,2.0,0.0
2016-10,R40,PADD 4,Z00,,3.0,0.0
2016-10,R50,PADD 5,MN0,Non-OPEC Countries,3608.0,116.0
2016-10,R50,PADD 5,NCH,China,302.0,10.0
2016-10,R50,PADD 5,NJA,Japan,801.0,26.0
2016-10,R50,PADD 5,NKS,Korea,2505.0,81.0
2016-10,R50,PADD 5,Z00,,3608.0,116.0
2016-11,NUS,U.S.,ME0,OPEC Countries,106.0,4.0
2016-11,NUS,U.S.,MN0,Non-OPEC Countries,4481.0,149.0
2016-11,NUS,U.S.,MP0,Persian Gulf Countries,11.0,0.0
2016-11,NUS,U.S.,NCA,Canada,151.0,5.0
2016-11,NUS,U.S.,NCH,China,314.0,10.0
2016-11,NUS,U.S.,NID,Indonesia,14.0,0.0
2016-11,NUS,U.S.,NIN,India,240.0,8.0
2016-11,NUS,U.S.,NJA,Japan,190.0,6.0
2016-11,NUS,U.S.,NKS,Korea,3584.0,119.0
2016-11,NUS,U.S.,NLY,Libya,8.0,0.0
2016-11,NUS,U.S.,NMY,Malaysia,2.0,0.0
2016-11,NUS,U.S.,NTC,United Arab Emirates,11.0,0.0
2016-11,NUS,U.S.,NVE,Venezuela,73.0,2.0
2016-11,NUS,U.S.,Z00,,4587.0,153.0
2016-11,R10,PADD 1,ME0,OPEC Countries,73.0,2.0
2016-11,R10,PADD 1,MN0,Non-OPEC Countries,931.0,31.0
2016-11,R10,PADD 1,NCA,Canada,151.0,5.0
2016-11,R10,PADD 1,NIN,India,214.0,7.0
2016-11,R10,PADD 1,NKS,Korea,566.0,19.0
2016-11,R10,PADD 1,NVE,Venezuela,73.0,2.0
2016-11,R10,PADD 1,Z00,,1004.0,33.0
2016-11,R50,PADD 5,ME0,OPEC Countries,33.0,1.0
2016-11,R50,PADD 5,MN0,Non-OPEC Countries,3550.0,118.0
2016-11,R50,PADD 5,MP0,Persian Gulf Countries,11.0,0.0
2016-11,R50,PADD 5,NCH,China,314.0,10.0
2016-11,R50,PADD 5,NID,Indonesia,14.0,0.0
2016-11,R50,PADD 5,NIN,India,26.0,1.0
2016-11,R50,PADD 5,NJA,Japan,190.0,6.0
2016-11,R50,PADD 5,NKS,Korea,3018.0,101.0
2016-11,R50,PADD 5,NLY,Libya,8.0,0.0
2016-11,R50,PADD 5,NMY,Malaysia,2.0,0.0
2016-11,R50,PADD 5,NTC,United Arab Emirates,11.0,0.0
2016-11,R50,PADD 5,Z00,,3583.0,119.0
2016-12,NUS,U.S.,ME0,OPEC Countries,58.0,2.0
2016-12,NUS,U.S.,MN0,Non-OPEC Countries,3942.0,127.0
2016-12,NUS,U.S.,MP0,Persian Gulf Countries,4.0,0.0
2016-12,NUS,U.S.,NCA,Canada,147.0,5.0
2016-12,NUS,U.S.,NCH,China,555.0,18.0
2016-12,NUS,U.S.,NCO,Colombia,1.0,0.0
2016-12,NUS,U.S.,NIN,India,1173.0,38.0
2016-12,NUS,U.S.,NJA,Japan,521.0,17.0
2016-12,NUS,U.S.,NKS,Korea,1545.0,50.0
2016-12,NUS,U.S.,NSA,Saudi Arabia,4.0,0.0
2016-12,NUS,U.S.,NVE,Venezuela,54.0,2.0
2016-12,NUS,U.S.,Z00,,4000.0,129.0
2016-12,R10,PADD 1,ME0,OPEC Countries,54.0,2.0
2016-12,R10,PADD 1,MN0,Non-OPEC Countries,1447.0,47.0
2016-12,R10,PADD 1,NCA,Canada,147.0,5.0
2016-12,R10,PADD 1,NIN,India,1173.0,38.0
2016-12,R10,PADD 1,NKS,Korea,127.0,4.0
2016-12,R10,PADD 1,NVE,Venezuela,54.0,2.0
2016-12,R10,PADD 1,Z00,,1501.0,48.0
2016-12,R40,PADD 4,ME0,OPEC Countries,4.0,0.0
2016-12,R40,PADD 4,MN0,Non-OPEC Countries,1.0,0.0
2016-12,R40,PADD 4,MP0,Persian Gulf Countries,4.0,0.0
2016-12,R40,PADD 4,NCO,Colombia,1.0,0.0
2016-12,R40,PADD 4,NSA,Saudi Arabia,4.0,0.0
2016-12,R40,PADD 4,Z00,,5.0,0.0
2016-12,R50,PADD 5,MN0,Non-OPEC Countries,2494.0,80.0
2016-12,R50,PADD 5,NCH,China,555.0,18.0
2016-12,R50,PADD 5,NJA,Japan,521.0,17.0
2016-12,R50,PADD 5,NKS,Korea,1418.0,46.0
2016-12,R50,PADD 5,Z00,,2494.0,80.0
2017-01,NUS,U.S.,ME0,OPEC Countries,242.0,8.0
2017-01,NUS,U.S.,MN0,Non-OPEC Countries,3847.0,124.0
2017-01,NUS,U.S.,MP0,Persian Gulf Countries,8.0,0.0
2017-01,NUS,U.S.,NCA,Canada,388.0,13.0
2017-01,NUS,U.S.,NCH,China,934.0,30.0
2017-01,NUS,U.S.,NIN,India,415.0,13.0
2017-01,NUS,U.S.,NJA,Japan,626.0,20.0
2017-01,NUS,U.S.,NKS,Korea,1452.0,47.0
2017-01,NUS,U.S.,NRS,Russia,32.0,1.0
2017-01,NUS,U.S.,NSA,Saudi Arabia,8.0,0.0
2017-01,NUS,U.S.,NVE,Venezuela,234.0,8.0
2017-01,NUS,U.S.,Z00,,4089.0,132.0
2017-01,R10,PADD 1,ME0,OPEC Countries,233.0,8.0
2017-01,R10,PADD 1,MN0,Non-OPEC Countries,1099.0,35.0
2017-01,R10,PADD 1,NCA,Canada,388.0,13.0
2017-01,R10,PADD 1,NCH,China,262.0,8.0
2017-01,R10,PADD 1,NIN,India,415.0,13.0
2017-01,R10,PADD 1,NKS,Korea,296.0,10.0
2017-01,R10,PADD 1,NVE,Venezuela,233.0,8.0
2017-01,R10,PADD 1,Z00,,1332.0,43.0
2017-01,R40,PADD 4,ME0,OPEC Countries,8.0,0.0
2017-01,R40,PADD 4,MP0,Persian Gulf Countries,8.0,0.0
2017-01,R40,PADD 4,NSA,Saudi Arabia,8.0,0.0
2017-01,R40,PADD 4,Z00,,8.0,0.0
2017-01,R50,PADD 5,ME0,OPEC Countries,1.0,0.0
2017-01,R50,PADD 5,MN0,Non-OPEC Countries,2748.0,89.0
2017-01,R50,PADD 5,NCH,China,934.0,30.0
2017-01,R50,PADD 5,NJA,Japan,626.0,20.0
2017-01,R50,PADD 5,NKS,Korea,1156.0,37.0
2017-01,R50,PADD 5,NRS,Russia,32.0,1.0
2017-01,R50,PADD 5,NVE,Venezuela,1.0,0.0
2017-01,R50,PADD 5,Z00,,2749.0,89.0
2017-02,NUS,U.S.,ME0,OPEC Countries,397.0,14.0
2017-02,NUS,U.S.,MN0,Non-OPEC Countries,3732.0,133.0
2017-02,NUS,U.S.,NCA,Canada,361.0,13.0
2017-02,NUS,U.S.,NCH,China,100.0,4.0
2017-02,NUS,U.S.,NIN,India,152.0,5.0
2017-02,NUS,U.S.,NJA,Japan,315.0,11.0
2017-02,NUS,U.S.,NKS,Korea,2804.0,100.0
2017-02,NUS,U.S.,NVE,Venezuela,397.0,14.0
2017-02,NUS,U.S.,Z00,,4129.0,147.0
2017-02,R10,PADD 1,ME0,OPEC Countries,392.0,14.0
2017-02,R10,PADD 1,MN0,Non-OPEC Countries,1199.0,43.0
2017-02,R10,PADD 1,NCA,Canada,361.0,13.0
2017-02,R10,PADD 1,NIN,India,152.0,5.0
2017-02,R10,PADD 1,NKS,Korea,686.0,25.0
2017-02,R10,PADD 1,NVE,Venezuela,392.0,14.0
2017-02,R10,PADD 1,Z00,,1591.0,57.0
2017-02,R20,PADD 2,ME0,OPEC Countries,5.0,0.0
2017-02,R20,PADD 2,NVE,Venezuela,5.0,0.0
2017-02,R20,PADD 2,Z00,,5.0,0.0
2017-02,R50,PADD 5,MN0,Non-OPEC Countries,2533.0,90.0
2017-02,R50,PADD 5,NCH,China,100.0,4.0
2017-02,R50,PADD 5,NJA,Japan,315.0,11.0
2017-02,R50,PADD 5,NKS,Korea,2118.0,76.0
2017-02,R50,PADD 5,Z00,,2533.0,90.0
2017-03,NUS,U.S.,ME0,OPEC Countries,325.0,10.0
2017-03,NUS,U.S.,MN0,Non-OPEC Countries,3494.0,113.0
2017-03,NUS,U.S.,MP0,Persian Gulf Countries,10.0,0.0
2017-03,NUS,U.S.,NBR,Brazil,4.0,0.0
2017-03,NUS,U.S.,NCA,Canada,380.0,12.0
2017-03,NUS,U.S.,NCH,China,75.0,2.0
2017-03,NUS,U.S.,NIN,India,106.0,3.0
2017-03,NUS,U.S.,NIZ,Iraq,10.0,0.0
2017-03,NUS,U.S.,NJA,Japan,315.0,10.0
2017-03,NUS,U.S.,NKS,Korea,2614.0,84.0
2017-03,NUS,U.S.,NVE,Venezuela,315.0,10.0
2017-03,NUS,U.S.,Z00,,3819.0,123.0
2017-03,R10,PADD 1,ME0,OPEC Countries,318.0,10.0
2017-03,R10,PADD 1,MN0,Non-OPEC Countries,867.0,28.0
2017-03,R10,PADD 1,MP0,Persian Gulf Countries,3.0,0.0
2017-03,R10,PADD 1,NBR,Brazil,4.0,0.0
2017-03,R10,PADD 1,NCA,Canada,380.0,12.0
2017-03,R10,PADD 1,NIN,India,106.0,3.0
2017-03,R10,PADD 1,NIZ,Iraq,3.0,0.0
2017-03,R10,PADD 1,NKS,Korea,377.0,12.0
2017-03,R10,PADD 1,NVE,Venezuela,315.0,10.0
2017-03,R10,PADD 1,Z00,,1185.0,38.0
2017-03,R40,PADD 4,ME0,OPEC Countries,7.0,0.0
2017-03,R40,PADD 4,MP0,Persian Gulf Countries,7.0,0.0
2017-03,R40,PADD 4,NIZ,Iraq,7.0,0.0
2017-03,R40,PADD 4,Z00,,7.0,0.0
2017-03,R50,PADD 5,MN0,Non-OPEC Countries,2627.0,85.0
2017-03,R50,PADD 5,NCH,China,75.0,2.0
2017-03,R50,PADD 5,NJA,Japan,315.0,10.0
2017-03,R50,PADD 5,NKS,Korea,2237.0,72.0
2017-03,R50,PADD 5,Z00,,2627.0,85.0
2017-04,NUS,U.S.,ME0,OPEC Countries,601.0,20.0
2017-04,NUS,U.S.,MN0,Non-OPEC Countries,4886.0,163.0
2017-04,NUS,U.S.,MP0,Persian Gulf Countries,3.0,0.0
2017-04,NUS,U.S.,NBF,Bahama Islands,43.0,1.0
2017-04,NUS,U.S.,NBR,Brazil,9.0,0.0
2017-04,NUS,U.S.,NCA,Canada,750.0,25.0
2017-04,NUS,U.S.,NIN,India,114.0,4.0
2017-04,NUS,U.S.,NIZ,Iraq,3.0,0.0
2017-04,NUS,U.S.,NJA,Japan,315.0,11.0
2017-04,NUS,U.S.,NKS,Korea,3655.0,122.0
2017-04,NUS,U.S.,NVE,Venezuela,598.0,20.0
2017-04,NUS,U.S.,Z00,,5487.0,183.0
2017-04,R10,PADD 1,ME0,OPEC Countries,598.0,20.0
2017-04,R10,PADD 1,MN0,Non-OPEC Countries,1663.0,55.0
2017-04,R10,PADD 1,NBF,Bahama Islands,43.0,1.0
2017-04,R10,PADD 1,NBR,Brazil,9.0,0.0
2017-04,R10,PADD 1,NCA,Canada,750.0,25.0
2017-04,R10,PADD 1,NIN,India,114.0,4.0
2017-04,R10,PADD 1,NKS,Korea,747.0,25.0
2017-04,R10,PADD 1,NVE,Venezuela,598.0,20.0
2017-04,R10,PADD 1,Z00,,2261.0,75.0
2017-04,R40,PADD 4,ME0,OPEC Countries,3.0,0.0
2017-04,R40,PADD 4,MP0,Persian Gulf Countries,3.0,0.0
2017-04,R40,PADD 4,NIZ,Iraq,3.0,0.0
2017-04,R40,PADD 4,Z00,,3.0,0.0
2017-04,R50,PADD 5,MN0,Non-OPEC Countries,3223.0,107.0
2017-04,R50,PADD 5,NJA,Japan,315.0,11.0
2017-04,R50,PADD 5,NKS,Korea,2908.0,97.0
2017-04,R50,PADD 5,Z00,,3223.0,107.0
2017-05,NUS,U.S.,ME0,OPEC Countries,530.0,17.0
2017-05,NUS,U.S.,MN0,Non-OPEC Countries,3372.0,109.0
2017-05,NUS,U.S.,MP0,Persian Gulf Countries,1.0,0.0
2017-05,NUS,U.S.,NCA,Canada,429.0,14.0
2017-05,NUS,U.S.,NCD,Chad,6.0,0.0
2017-05,NUS,U.S.,NCH,China,50.0,2.0
2017-05,NUS,U.S.,NIZ,Iraq,1.0,0.0
2017-05,NUS,U.S.,NJA,Japan,306.0,10.0
2017-05,NUS,U.S.,NKS,Korea,2581.0,83.0
2017-05,NUS,U.S.,NVE,Venezuela,529.0,17.0
2017-05,NUS,U.S.,Z00,,3902.0,126.0
2017-05,R10,PADD 1,ME0,OPEC Countries,529.0,17.0
2017-05,R10,PADD 1,MN0,Non-OPEC Countries,481.0,16.0
2017-05,R10,PADD 1,NCA,Canada,429.0,14.0
2017-05,R10,PADD 1,NCD,Chad,6.0,0.0
2017-05,R10,PADD 1,NKS,Korea,46.0,1.0
2017-05,R10,PADD 1,NVE,Venezuela,529.0,17.0
2017-05,R10,PADD 1,Z00,,1010.0,33.0
2017-05,R40,PADD 4,ME0,OPEC Countries,1.0,0.0
2017-05,R40,PADD 4,MP0,Persian Gulf Countries,1.0,0.0
2017-05,R40,PADD 4,NIZ,Iraq,1.0,0.0
2017-05,R40,PADD 4,Z00,,1.0,0.0
2017-05,R50,PADD 5,MN0,Non-OPEC Countries,2891.0,93.0
2017-05,R50,PADD 5,NCH,China,50.0,2.0
2017-05,R50,PADD 5,NJA,Japan,306.0,10.0
2017-05,R50,PADD 5,NKS,Korea,2535.0,82.0
2017-05,R50,PADD 5,Z00,,2891.0,93.0
2017-06,NUS,U.S.,ME0,OPEC Countries,98.0,3.0
2017-06,NUS,U.S.,MN0,Non-OPEC Countries,3478.0,116.0
2017-06,NUS,U.S.,MP0,Persian Gulf Countries,1.0,0.0
2017-06,NUS,U.S.,NAA,Aruba,151.0,5.0
2017-06,NUS,U.S.,NCA,Canada,765.0,26.0
2017-06,NUS,U.S.,NCH,China,435.0,15.0
2017-06,NUS,U.S.,NEC,Ecuador,10.0,0.0
2017-06,NUS,U.S.,NIZ,Iraq,1.0,0.0
2017-06,NUS,U.S.,NJA,Japan,762.0,25.0
2017-06,NUS,U.S.,NKS,Korea,1365.0,46.0
2017-06,NUS,U.S.,NVE,Venezuela,87.0,3.0
2017-06,NUS,U.S.,Z00,,3576.0,119.0
2017-06,R10,PADD 1,ME0,OPEC Countries,97.0,3.0
2017-06,R10,PADD 1,MN0,Non-OPEC Countries,1565.0,52.0
2017-06,R10,PADD 1,NAA,Aruba,151.0,5.0
2017-06,R10,PADD 1,NCA,Canada,765.0,26.0
2017-06,R10,PADD 1,NEC,Ecuador,10.0,0.0
2017-06,R10,PADD 1,NKS,Korea,649.0,22.0
2017-06,R10,PADD 1,NVE,Venezuela,87.0,3.0
2017-06,R10,PADD 1,Z00,,1662.0,55.0
2017-06,R40,PADD 4,ME0,OPEC Countries,1.0,0.0
2017-06,R40,PADD 4,MP0,Persian Gulf Countries,1.0,0.0
2017-06,R40,PADD 4,NIZ,Iraq,1.0,0.0
2017-06,R40,PADD 4,Z00,,1.0,0.0
2017-06,R50,PADD 5,MN0,Non-OPEC Countries,1913.0,64.0
2017-06,R50,PADD 5,NCH,China,435.0,15.0
2017-06,R50,PADD 5,NJA,Japan,762.0,25.0
2017-06,R50,PADD 5,NKS,Korea,716.0,24.0
2017-06,R50,PADD 5,Z00,,1913.0,64.0
2017-07,NUS,U.S.,ME0,OPEC Countries,306.0,10.0
2017-07,NUS,U.S.,MN0,Non-OPEC Countries,4021.0,130.0
2017-07,NUS,U.S.,MP0,Persian Gulf Countries,3.0,0.0
2017-07,NUS,U.S.,NCA,Canada,596.0,19.0
2017-07,NUS,U.S.,NCH,China,315.0,10.0
2017-07,NUS,U.S.,NJA,Japan,508.0,16.0
2017-07,NUS,U.S.,NKS,Korea,2602.0,84.0
2017-07,NUS,U.S.,NSA,Saudi Arabia,3.0,0.0
2017-07,NUS,U.S.,NVE,Venezuela,303.0,10.0
2017-07,NUS,U.S.,Z00,,4327.0,140.0
2017-07,R10,PADD 1,ME0,OPEC Countries,306.0,10.0
2017-07,R10,PADD 1,MN0,Non-OPEC Countries,596.0,19.0
2017-07,R10,PADD 1,MP0,Persian Gulf Countries,3.0,0.0
2017-07,R10,PADD 1,NCA,Canada,596.0,19.0
2017-07,R10,PADD 1,NSA,Saudi Arabia,3.0,0.0
2017-07,R10,PADD 1,NVE,Venezuela,303.0,10.0
2017-07,R10,PADD 1,Z00,,902.0,29.0
2017-07,R50,PADD 5,MN0,Non-OPEC Countries,3425.0,110.0
2017-07,R50,PADD 5,NCH,China,315.0,10.0
2017-07,R50,PADD 5,NJA,Japan,508.0,16.0
2017-07,R50,PADD 5,NKS,Korea,2602.0,84.0
2017-07,R50,PADD 5,Z00,,3425.0,110.0
2017-08,NUS,U.S.,ME0,OPEC Countries,516.0,17.0
2017-08,NUS,U.S.,MN0,Non-OPEC Countries,4838.0,156.0
2017-08,NUS,U.S.,MP0,Persian Gulf Countries,9.0,0.0
2017-08,NUS,U.S.,NCA,Canada,807.0,26.0
2017-08,NUS,U.S.,NCH,China,770.0,25.0
2017-08,NUS,U.S.,NEG,Egypt,46.0,1.0
2017-08,NUS,U.S.,NIZ,Iraq,9.0,0.0
2017-08,NUS,U.S.,NJA,Japan,943.0,30.0
2017-08,NUS,U.S.,NKS,Korea,2272.0,73.0
2017-08,NUS,U.S.,NSA,Saudi Arabia,43.0,1.0
2017-08,NUS,U.S.,NVE,Venezuela,507.0,16.0
2017-08,NUS,U.S.,Z00,,5354.0,173.0
2017-08,R10,PADD 1,ME0,OPEC Countries,507.0,16.0
2017-08,R10,PADD 1,MN0,Non-OPEC Countries,1244.0,40.0
2017-08,R10,PADD 1,NCA,Canada,798.0,26.0
2017-08,R10,PADD 1,NEG,Egypt,46.0,1.0
2017-08,R10,PADD 1,NKS,Korea,400.0,13.0
2017-08,R10,PADD 1,NVE,Venezuela,507.0,16.0
2017-08,R10,PADD 1,Z00,,1751.0,56.0
2017-08,R40,PADD 4,ME0,OPEC Countries,9.0,0.0
2017-08,R40,PADD 4,MP0,Persian Gulf Countries,9.0,0.0
2017-08,R40,PADD 4,NIZ,Iraq,9.0,0.0
2017-08,R40,PADD 4,Z00,,9.0,0.0
2017-08,R50,PADD 5,ME0,OPEC Countries,43.0,1.0
2017-08,R50,PADD 5,MN0,Non-OPEC Countries,3594.0,116.0
2017-08,R50,PADD 5,MP0,Persian Gulf Countries,43.0,1.0
2017-08,R50,PADD 5,NCA,Canada,9.0,0.0
2017-08,R50,PADD 5,NCH,China,770.0,25.0
2017-08,R50,PADD 5,NJA,Japan,943.0,30.0
2017-08,R50,PADD 5,NKS,Korea,1872.0,60.0
2017-08,R50,PADD 5,NSA,Saudi Arabia,43.0,1.0
2017-08,R50,PADD 5,Z00,,3594.0,116.0
2017-09,NUS,U.S.,ME0,OPEC Countries,1094.0,36.0
2017-09,NUS,U.S.,MN0,Non-OPEC Countries,4876.0,163.0
2017-09,NUS,U.S.,MP0,Persian Gulf Countries,659.0,22.0
2017-09,NUS,U.S.,NCA,Canada,957.0,32.0
2017-09,NUS,U.S.,NCH,China,457.0,15.0
2017-09,NUS,U.S.,NIN,India,720.0,24.0
2017-09,NUS,U.S.,NIZ,Iraq,77.0,3.0
2017-09,NUS,U.S.,NJA,Japan,470.0,16.0
2017-09,NUS,U.S.,NKS,Korea,2005.0,67.0
2017-09,NUS,U.S.,NSA,Saudi Arabia,303.0,10.0
2017-09,NUS,U.S.,NSN,Singapore,267.0,9.0
2017-09,NUS,U.S.,NTC,United Arab Emirates,279.0,9.0
2017-09,NUS,U.S.,NVE,Venezuela,435.0,15.0
2017-09,NUS,U.S.,Z00,,5970.0,199.0
2017-09,R10,PADD 1,ME0,OPEC Countries,1017.0,34.0
2017-09,R10,PADD 1,MN0,Non-OPEC Countries,2267.0,76.0
2017-09,R10,PADD 1,MP0,Persian Gulf Countries,582.0,19.0
2017-09,R10,PADD 1,NCA,Canada,957.0,32.0
2017-09,R10,PADD 1,NIN,India,720.0,24.0
2017-09,R10,PADD 1,NKS,Korea,323.0,11.0
2017-09,R10,PADD 1,NSA,Saudi Arabia,303.0,10.0
2017-09,R10,PADD 1,NSN,Singapore,267.0,9.0
2017-09,R10,PADD 1,NTC,United Arab Emirates,279.0,9.0
2017-09,R10,PADD 1,NVE,Venezuela,435.0,15.0
2017-09,R10,PADD 1,Z00,,3284.0,109.0
2017-09,R40,PADD 4,ME0,OPEC Countries,77.0,3.0
2017-09,R40,PADD 4,MP0,Persian Gulf Countries,77.0,3.0
2017-09,R40,PADD 4,NIZ,Iraq,77.0,3.0
2017-09,R40,PADD 4,Z00,,77.0,3.0
2017-09,R50,PADD 5,MN0,Non-OPEC Countries,2609.0,87.0
2017-09,R50,PADD 5,NCH,China,457.0,15.0
2017-09,R50,PADD 5,NJA,Japan,470.0,16.0
2017-09,R50,PADD 5,NKS,Korea,1682.0,56.0
2017-09,R50,PADD 5,Z00,,2609.0,87.0
2017-10,NUS,U.S.,ME0,OPEC Countries,787.0,25.0
2017-10,NUS,U.S.,MN0,Non-OPEC Countries,6358.0,205.0
2017-10,NUS,U.S.,MP0,Persian Gulf Countries,461.0,15.0
2017-10,NUS,U.S.,NCA,Canada,657.0,21.0
2017-10,NUS,U.S.,NCH,China,492.0,16.0
2017-10,NUS,U.S.,NEG,Egypt,50.0,2.0
2017-10,NUS,U.S.,NIN,India,721.0,23.0
2017-10,NUS,U.S.,NJA,Japan,315.0,10.0
2017-10,NUS,U.S.,NKS,Korea,3257.0,105.0
2017-10,NUS,U.S.,NKU,Kuwait,181.0,6.0
2017-10,NUS,U.S.,NMY,Malaysia,344.0,11.0
2017-10,NUS,U.S.,NRS,Russia,276.0,9.0
2017-10,NUS,U.S.,NSA,Saudi Arabia,280.0,9.0
2017-10,NUS,U.S.,NSN,Singapore,246.0,8.0
2017-10,NUS,U.S.,NVE,Venezuela,326.0,11.0
2017-10,NUS,U.S.,Z00,,7145.0,230.0
2017-10,R10,PADD 1,ME0,OPEC Countries,787.0,25.0
2017-10,R10,PADD 1,MN0,Non-OPEC Countries,2832.0,91.0
2017-10,R10,PADD 1,MP0,Persian Gulf Countries,461.0,15.0
2017-10,R10,PADD 1,NCA,Canada,657.0,21.0
2017-10,R10,PADD 1,NIN,India,721.0,23.0
2017-10,R10,PADD 1,NKS,Korea,588.0,19.0
2017-10,R10,PADD 1,NKU,Kuwait,181.0,6.0
2017-10,R10,PADD 1,NMY,Malaysia,344.0,11.0
2017-10,R10,PADD 1,NRS,Russia,276.0,9.0
2017-10,R10,PADD 1,NSA,Saudi Arabia,280.0,9.0
2017-10,R10,PADD 1,NSN,Singapore,246.0,8.0
2017-10,R10,PADD 1,NVE,Venezuela,326.0,11.0
2017-10,R10,PADD 1,Z00,,3619.0,117.0
2017-10,R30,PADD 3,MN0,Non-OPEC Countries,50.0,2.0
2017-10,R30,PADD 3,NEG,Egypt,50.0,2.0
2017-10,R30,PADD 3,Z00,,50.0,2.0
2017-10,R40,PADD 4,MN0,Non-OPEC Countries,50.0,2.0
2017-10,R40,PADD 4,NEG,Egypt,50.0,2.0
2017-10,R40,PADD 4,Z00,,50.0,2.0
2017-10,R50,PADD 5,MN0,Non-OPEC Countries,3476.0,112.0
2017-10,R50,PADD 5,NCH,China,492.0,16.0
2017-10,R50,PADD 5,NJA,Japan,315.0,10.0
2017-10,R50,PADD 5,NKS,Korea,2669.0,86.0
2017-10,R50,PADD 5,Z00,,3476.0,112.0
2017-11,NUS,U.S.,ME0,OPEC Countries,921.0,31.0
2017-11,NUS,U.S.,MN0,Non-OPEC Countries,4886.0,163.0
2017-11,NUS,U.S.,NAG,Algeria,7.0,0.0
2017-11,NUS,U.S.,NCA,Canada,563.0,19.0
2017-11,NUS,U.S.,NCH,China,719.0,24.0
2017-11,NUS,U.S.,NEG,Egypt,125.0,4.0
2017-11,NUS,U.S.,NJA,Japan,611.0,20.0
2017-11,NUS,U.S.,NKS,Korea,2853.0,95.0
2017-11,NUS,U.S.,NMY,Malaysia,7.0,0.0
2017-11,NUS,U.S.,NNO,Norway,8.0,0.0
2017-11,NUS,U.S.,NVE,Venezuela,914.0,30.0
2017-11,NUS,U.S.,Z00,,5807.0,194.0
2017-11,R10,PADD 1,ME0,OPEC Countries,921.0,31.0
2017-11,R10,PADD 1,MN0,Non-OPEC Countries,1769.0,59.0
2017-11,R10,PADD 1,NAG,Algeria,7.0,0.0
2017-11,R10,PADD 1,NCA,Canada,563.0,19.0
2017-11,R10,PADD 1,NKS,Korea,1191.0,40.0
2017-11,R10,PADD 1,NMY,Malaysia,7.0,0.0
2017-11,R10,PADD 1,NNO,Norway,8.0,0.0
2017-11,R10,PADD 1,NVE,Venezuela,914.0,30.0
2017-11,R10,PADD 1,Z00,,2690.0,90.0
2017-11,R30,PADD 3,MN0,Non-OPEC Countries,125.0,4.0
2017-11,R30,PADD 3,NEG,Egypt,125.0,4.0
2017-11,R30,PADD 3,Z00,,125.0,4.0
2017-11,R50,PADD 5,MN0,Non-OPEC Countries,2992.0,100.0
2017-11,R50,PADD 5,NCH,China,719.0,24.0
2017-11,R50,PADD 5,NJA,Japan,611.0,20.0
2017-11,R50,PADD 5,NKS,Korea,1662.0,55.0
2017-11,R50,PADD 5,Z00,,2992.0,100.0
2017-12,NUS,U.S.,ME0,OPEC Countries,761.0,25.0
2017-12,NUS,U.S.,MN0,Non-OPEC Countries,3907.0,126.0
2017-12,NUS,U.S.,NCA,Canada,470.0,15.0
2017-12,NUS,U.S.,NCH,China,832.0,27.0
2017-12,NUS,U.S.,NCO,Colombia,124.0,4.0
2017-12,NUS,U.S.,NIN,India,511.0,16.0
2017-12,NUS,U.S.,NJA,Japan,530.0,17.0
2017-12,NUS,U.S.,NKS,Korea,1387.0,45.0
2017-12,NUS,U.S.,NLY,Libya,3.0,0.0
2017-12,NUS,U.S.,NSN,Singapore,53.0,2.0
2017-12,NUS,U.S.,NVE,Venezuela,758.0,24.0
2017-12,NUS,U.S.,Z00,,4668.0,151.0
2017-12,R10,PADD 1,ME0,OPEC Countries,761.0,25.0
2017-12,R10,PADD 1,MN0,Non-OPEC Countries,1602.0,52.0
2017-12,R10,PADD 1,NCA,Canada,470.0,15.0
2017-12,R10,PADD 1,NCO,Colombia,124.0,4.0
2017-12,R10,PADD 1,NIN,India,511.0,16.0
2017-12,R10,PADD 1,NKS,Korea,444.0,14.0
2017-12,R10,PADD 1,NLY,Libya,3.0,0.0
2017-12,R10,PADD 1,NSN,Singapore,53.0,2.0
2017-12,R10,PADD 1,NVE,Venezuela,758.0,24.0
2017-12,R10,PADD 1,Z00,,2363.0,76.0
2017-12,R50,PADD 5,MN0,Non-OPEC Countries,2305.0,74.0
2017-12,R50,PADD 5,NCH,China,832.0,27.0
2017-12,R50,PADD 5,NJA,Japan,530.0,17.0
2017-12,R50,PADD 5,NKS,Korea,943.0,30.0
2017-12,R50,PADD 5,Z00,,2305.0,74.0
2018-01,NUS,U.S.,ME0,OPEC Countries,322.0,10.0
2018-01,NUS,U.S.,MN0,Non-OPEC Countries,3429.0,111.0
2018-01,NUS,U.S.,MP0,Persian Gulf Countries,176.0,6.0
2018-01,NUS,U.S.,NCA,Canada,640.0,21.0
2018-01,NUS,U.S.,NCH,China,384.0,12.0
2018-01,NUS,U.S.,NIN,India,650.0,21.0
2018-01,NUS,U.S.,NKS,Korea,1755.0,57.0
2018-01,NUS,U.S.,NKU,Kuwait,118.0,4.0
2018-01,NUS,U.S.,NSA,Saudi Arabia,58.0,2.0
2018-01,NUS,U.S.,NVE,Venezuela,146.0,5.0
2018-01,NUS,U.S.,Z00,,3751.0,121.0
2018-01,R10,PADD 1,ME0,OPEC Countries,322.0,10.0
2018-01,R10,PADD 1,MN0,Non-OPEC Countries,1820.0,59.0
2018-01,R10,PADD 1,MP0,Persian Gulf Countries,176.0,6.0
2018-01,R10,PADD 1,NCA,Canada,640.0,21.0
2018-01,R10,PADD 1,NIN,India,650.0,21.0
2018-01,R10,PADD 1,NKS,Korea,530.0,17.0
2018-01,R10,PADD 1,NKU,Kuwait,118.0,4.0
2018-01,R10,PADD 1,NSA,Saudi Arabia,58.0,2.0
2018-01,R10,PADD 1,NVE,Venezuela,146.0,5.0
2018-01,R10,PADD 1,Z00,,2142.0,69.0
2018-01,R50,PADD 5,MN0,Non-OPEC Countries,1609.0,52.0
2018-01,R50,PADD 5,NCH,China,384.0,12.0
2018-01,R50,PADD 5,NKS,Korea,1225.0,40.0
2018-01,R50,PADD 5,Z00,,1609.0,52.0
2018-02,NUS,U.S.,ME0,OPEC Countries,361.0,13.0
2018-02,NUS,U.S.,MN0,Non-OPEC Countries,2234.0,80.0
2018-02,NUS,U.S.,MP0,Persian Gulf Countries,5.0,0.0
2018-02,NUS,U.S.,NCA,Canada,282.0,10.0
2018-02,NUS,U.S.,NCH,China,496.0,18.0
2018-02,NUS,U.S.,NIN,India,450.0,16.0
2018-02,NUS,U.S.,NIT,Italy,4.0,0.0
2018-02,NUS,U.S.,NIZ,Iraq,5.0,0.0
2018-02,NUS,U.S.,NJA,Japan,115.0,4.0
2018-02,NUS,U.S.,NKS,Korea,861.0,31.0
2018-02,NUS,U.S.,NSN,Singapore,26.0,1.0
2018-02,NUS,U.S.,NVE,Venezuela,356.0,13.0
2018-02,NUS,U.S.,Z00,,2595.0,93.0
2018-02,R10,PADD 1,ME0,OPEC Countries,356.0,13.0
2018-02,R10,PADD 1,MN0,Non-OPEC Countries,912.0,33.0
2018-02,R10,PADD 1,NCA,Canada,282.0,10.0
2018-02,R10,PADD 1,NIN,India,450.0,16.0
2018-02,R10,PADD 1,NIT,Italy,4.0,0.0
2018-02,R10,PADD 1,NKS,Korea,150.0,5.0
2018-02,R10,PADD 1,NSN,Singapore,26.0,1.0
2018-02,R10,PADD 1,NVE,Venezuela,356.0,13.0
2018-02,R10,PADD 1,Z00,,1268.0,45.0
2018-02,R40,PADD 4,ME0,OPEC Countries,5.0,0.0
2018-02,R40,PADD 4,MP0,Persian Gulf Countries,5.0,0.0
2018-02,R40,PADD 4,NIZ,Iraq,5.0,0.0
2018-02,R40,PADD 4,Z00,,5.0,0.0
2018-02,R50,PADD 5,MN0,Non-OPEC Countries,1322.0,47.0
2018-02,R50,PADD 5,NCH,China,496.0,18.0
2018-02,R50,PADD 5,NJA,Japan,115.0,4.0
2018-02,R50,PADD 5,NKS,Korea,711.0,25.0
2018-02,R50,PADD 5,Z00,,1322.0,47.0
2018-03,NUS,U.S.,ME0,OPEC Countries,369.0,12.0
2018-03,NUS,U.S.,MN0,Non-OPEC Countries,2278.0,73.0
2018-03,NUS,U.S.,NCA,Canada,551.0,18.0
2018-03,NUS,U.S.,NCH,China,538.0,17.0
2018-03,NUS,U.S.,NIN,India,31.0,1.0
2018-03,NUS,U.S.,NIT,Italy,70.0,2.0
2018-03,NUS,U.S.,NJA,Japan,401.0,13.0
2018-03,NUS,U.S.,NKS,Korea,684.0,22.0
2018-03,NUS,U.S.,NSN,Singapore,3.0,0.0
2018-03,NUS,U.S.,NVE,Venezuela,369.0,12.0
2018-03,NUS,U.S.,Z00,,2647.0,85.0
2018-03,R10,PADD 1,ME0,OPEC Countries,369.0,12.0
2018-03,R10,PADD 1,MN0,Non-OPEC Countries,771.0,25.0
2018-03,R10,PADD 1,NCA,Canada,551.0,18.0
2018-03,R10,PADD 1,NCH,China,116.0,4.0
2018-03,R10,PADD 1,NIN,India,31.0,1.0
2018-03,R10,PADD 1,NIT,Italy,70.0,2.0
2018-03,R10,PADD 1,NSN,Singapore,3.0,0.0
2018-03,R10,PADD 1,NVE,Venezuela,369.0,12.0
2018-03,R10,PADD 1,Z00,,1140.0,37.0
2018-03,R50,PADD 5,MN0,Non-OPEC Countries,1507.0,49.0
2018-03,R50,PADD 5,NCH,China,422.0,14.0
2018-03,R50,PADD 5,NJA,Japan,401.0,13.0
2018-03,R50,PADD 5,NKS,Korea,684.0,22.0
2018-03,R50,PADD 5,Z00,,1507.0,49.0
2018-04,NUS,U.S.,ME0,OPEC Countries,97.0,3.0
2018-04,NUS,U.S.,MN0,Non-OPEC Countries,2553.0,85.0
2018-04,NUS,U.S.,MP0,Persian Gulf Countries,10.0,0.0
2018-04,NUS,U.S.,NCA,Canada,796.0,27.0
2018-04,NUS,U.S.,NCH,China,318.0,11.0
2018-04,NUS,U.S.,NIN,India,329.0,11.0
2018-04,NUS,U.S.,NIZ,Iraq,10.0,0.0
2018-04,NUS,U.S.,NKS,Korea,799.0,27.0
2018-04,NUS,U.S.,NSN,Singapore,311.0,10.0
2018-04,NUS,U.S.,NVE,Venezuela,87.0,3.0
2018-04,NUS,U.S.,Z00,,2650.0,88.0
2018-04,R10,PADD 1,ME0,OPEC Countries,89.0,3.0
2018-04,R10,PADD 1,MN0,Non-OPEC Countries,1113.0,37.0
2018-04,R10,PADD 1,MP0,Persian Gulf Countries,2.0,0.0
2018-04,R10,PADD 1,NCA,Canada,784.0,26.0
2018-04,R10,PADD 1,NIN,India,329.0,11.0
2018-04,R10,PADD 1,NIZ,Iraq,2.0,0.0
2018-04,R10,PADD 1,NVE,Venezuela,87.0,3.0
2018-04,R10,PADD 1,Z00,,1202.0,40.0
2018-04,R40,PADD 4,ME0,OPEC Countries,8.0,0.0
2018-04,R40,PADD 4,MP0,Persian Gulf Countries,8.0,0.0
2018-04,R40,PADD 4,NIZ,Iraq,8.0,0.0
2018-04,R40,PADD 4,Z00,,8.0,0.0
2018-04,R50,PADD 5,MN0,Non-OPEC Countries,1440.0,48.0
2018-04,R50,PADD 5,NCA,Canada,12.0,0.0
2018-04,R50,PADD 5,NCH,China,318.0,11.0
2018-04,R50,PADD 5,NKS,Korea,799.0,27.0
2018-04,R50,PADD 5,NSN,Singapore,311.0,10.0
2018-04,R50,PADD 5,Z00,,1440.0,48.0
2018-05,NUS,U.S.,ME0,OPEC Countries,352.0,11.0
2018-05,NUS,U.S.,MN0,Non-OPEC Countries,3987.0,129.0
2018-05,NUS,U.S.,MP0,Persian Gulf Countries,57.0,2.0
2018-05,NUS,U.S.,NAR,Argentina,6.0,0.0
2018-05,NUS,U.S.,NCA,Canada,697.0,22.0
2018-05,NUS,U.S.,NCH,China,122.0,4.0
2018-05,NUS,U.S.,NIN,India,396.0,13.0
2018-05,NUS,U.S.,NIZ,Iraq,10.0,0.0
2018-05,NUS,U.S.,NJA,Japan,379.0,12.0
2018-05,NUS,U.S.,NKS,Korea,2302.0,74.0
2018-05,NUS,U.S.,NKU,Kuwait,47.0,2.0
2018-05,NUS,U.S.,NKZ,Kazakhstan,5.0,0.0
2018-05,NUS,U.S.,NSN,Singapore,80.0,3.0
2018-05,NUS,U.S.,NVE,Venezuela,295.0,10.0
2018-05,NUS,U.S.,Z00,,4339.0,140.0
2018-05,R10,PADD 1,ME0,OPEC Countries,342.0,11.0
2018-05,R10,PADD 1,MN0,Non-OPEC Countries,1547.0,50.0
2018-05,R10,PADD 1,MP0,Persian Gulf Countries,47.0,2.0
2018-05,R10,PADD 1,NAR,Argentina,6.0,0.0
2018-05,R10,PADD 1,NCA,Canada,697.0,22.0
2018-05,R10,PADD 1,NIN,India,396.0,13.0
2018-05,R10,PADD 1,NJA,Japan,144.0,5.0
2018-05,R10,PADD 1,NKS,Korea,299.0,10.0
2018-05,R10,PADD 1,NKU,Kuwait,47.0,2.0
2018-05,R10,PADD 1,NKZ,Kazakhstan,5.0,0.0
2018-05,R10,PADD 1,NVE,Venezuela,295.0,10.0
2018-05,R10,PADD 1,Z00,,1889.0,61.0
2018-05,R40,PADD 4,ME0,OPEC Countries,10.0,0.0
2018-05,R40,PADD 4,MP0,Persian Gulf Countries,10.0,0.0
2018-05,R40,PADD 4,NIZ,Iraq,10.0,0.0
2018-05,R40,PADD 4,Z00,,10.0,0.0
2018-05,R50,PADD 5,MN0,Non-OPEC Countries,2440.0,79.0
2018-05,R50,PADD 5,NCH,China,122.0,4.0
2018-05,R50,PADD 5,NJA,Japan,235.0,8.0
2018-05,R50,PADD 5,NKS,Korea,2003.0,65.0
2018-05,R50,PADD 5,NSN,Singapore,80.0,3.0
2018-05,R50,PADD 5,Z00,,2440.0,79.0
2018-06,NUS,U.S.,ME0,OPEC Countries,406.0,14.0
2018-06,NUS,U.S.,MN0,Non-OPEC Countries,4217.0,141.0
2018-06,NUS,U.S.,MP0,Persian Gulf Countries,5.0,0.0
2018-06,NUS,U.S.,NCA,Canada,755.0,25.0
2018-06,NUS,U.S.,NCH,China,165.0,6.0
2018-06,NUS,U.S.,NJA,Japan,414.0,14.0
2018-06,NUS,U.S.,NKS,Korea,1985.0,66.0
2018-06,NUS,U.S.,NRS,Russia,7.0,0.0
2018-06,NUS,U.S.,NSA,Saudi Arabia,5.0,0.0
2018-06,NUS,U.S.,NSN,Singapore,576.0,19.0
2018-06,NUS,U.S.,NTW,Taiwan,315.0,11.0
2018-06,NUS,U.S.,NVE,Venezuela,401.0,13.0
2018-06,NUS,U.S.,Z00,,4623.0,154.0
2018-06,R10,PADD 1,ME0,OPEC Countries,406.0,14.0
2018-06,R10,PADD 1,MN0,Non-OPEC Countries,1083.0,36.0
2018-06,R10,PADD 1,MP0,Persian Gulf Countries,5.0,0.0
2018-06,R10,PADD 1,NCA,Canada,755.0,25.0
2018-06,R10,PADD 1,NKS,Korea,321.0,11.0
2018-06,R10,PADD 1,NRS,Russia,7.0,0.0
2018-06,R10,PADD 1,NSA,Saudi Arabia,5.0,0.0
2018-06,R10,PADD 1,NVE,Venezuela,401.0,13.0
2018-06,R10,PADD 1,Z00,,1489.0,50.0
2018-06,R50,PADD 5,MN0,Non-OPEC Countries,3134.0,104.0
2018-06,R50,PADD 5,NCH,China,165.0,6.0
2018-06,R50,PADD 5,NJA,Japan,414.0,14.0
2018-06,R50,PADD 5,NKS,Korea,1664.0,55.0
2018-06,R50,PADD 5,NSN,Singapore,576.0,19.0
2018-06,R50,PADD 5,NTW,Taiwan,315.0,11.0
2018-06,R50,PADD 5,Z00,,3134.0,104.0
2018-07,NUS,U.S.,ME0,OPEC Countries,194.0,6.0
2018-07,NUS,U.S.,MN0,Non-OPEC Countries,4475.0,144.0
2018-07,NUS,U.S.,MP0,Persian Gulf Countries,5.0,0.0
2018-07,NUS,U.S.,NCA,Canada,433.0,14.0
2018-07,NUS,U.S.,NCH,China,160.0,5.0
2018-07,NUS,U.S.,NHK,Hong Kong,320.0,10.0
2018-07,NUS,U.S.,NIZ,Iraq,5.0,0.0
2018-07,NUS,U.S.,NJA,Japan,330.0,11.0
2018-07,NUS,U.S.,NKS,Korea,3097.0,100.0
2018-07,NUS,U.S.,NSN,Singapore,135.0,4.0
2018-07,NUS,U.S.,NVE,Venezuela,189.0,6.0
2018-07,NUS,U.S.,Z00,,4669.0,151.0
2018-07,R10,PADD 1,ME0,OPEC Countries,189.0,6.0
2018-07,R10,PADD 1,MN0,Non-OPEC Countries,1189.0,38.0
2018-07,R10,PADD 1,NCA,Canada,401.0,13.0
2018-07,R10,PADD 1,NKS,Korea,788.0,25.0
2018-07,R10,PADD 1,NVE,Venezuela,189.0,6.0
2018-07,R10,PADD 1,Z00,,1378.0,44.0
2018-07,R40,PADD 4,ME0,OPEC Countries,5.0,0.0
2018-07,R40,PADD 4,MP0,Persian Gulf Countries,5.0,0.0
2018-07,R40,PADD 4,NIZ,Iraq,5.0,0.0
2018-07,R40,PADD 4,Z00,,5.0,0.0
2018-07,R50,PADD 5,MN0,Non-OPEC Countries,3286.0,106.0
2018-07,R50,PADD 5,NCA,Canada,32.0,1.0
2018-07,R50,PADD 5,NCH,China,160.0,5.0
2018-07,R50,PADD 5,NHK,Hong Kong,320.0,10.0
2018-07,R50,PADD 5,NJA,Japan,330.0,11.0
2018-07,R50,PADD 5,NKS,Korea,2309.0,74.0
2018-07,R50,PADD 5,NSN,Singapore,135.0,4.0
2018-07,R50,PADD 5,Z00,,3286.0,106.0
2018-08,NUS,U.S.,ME0,OPEC Countries,33.0,1.0
2018-08,NUS,U.S.,MN0,Non-OPEC Countries,4667.0,151.0
2018-08,NUS,U.S.,MP0,Persian Gulf Countries,18.0,1.0
2018-08,NUS,U.S.,NCA,Canada,696.0,22.0
2018-08,NUS,U.S.,NCH,China,161.0,5.0
2018-08,NUS,U.S.,NIN,India,89.0,3.0
2018-08,NUS,U.S.,NIZ,Iraq,18.0,1.0
2018-08,NUS,U.S.,NJA,Japan,914.0,29.0
2018-08,NUS,U.S.,NKS,Korea,2480.0,80.0
2018-08,NUS,U.S.,NSN,Singapore,327.0,11.0
2018-08,NUS,U.S.,NVE,Venezuela,15.0,0.0
2018-08,NUS,U.S.,Z00,,4700.0,152.0
2018-08,R10,PADD 1,ME0,OPEC Countries,15.0,0.0
2018-08,R10,PADD 1,MN0,Non-OPEC Countries,1309.0,42.0
2018-08,R10,PADD 1,NCA,Canada,681.0,22.0
2018-08,R10,PADD 1,NIN,India,89.0,3.0
2018-08,R10,PADD 1,NKS,Korea,539.0,17.0
2018-08,R10,PADD 1,NVE,Venezuela,15.0,0.0
2018-08,R10,PADD 1,Z00,,1324.0,43.0
2018-08,R40,PADD 4,ME0,OPEC Countries,18.0,1.0
2018-08,R40,PADD 4,MP0,Persian Gulf Countries,18.0,1.0
2018-08,R40,PADD 4,NIZ,Iraq,18.0,1.0
2018-08,R40,PADD 4,Z00,,18.0,1.0
2018-08,R50,PADD 5,MN0,Non-OPEC Countries,3358.0,108.0
2018-08,R50,PADD 5,NCA,Canada,15.0,0.0
2018-08,R50,PADD 5,NCH,China,161.0,5.0
2018-08,R50,PADD 5,NJA,Japan,914.0,29.0
2018-08,R50,PADD 5,NKS,Korea,1941.0,63.0
2018-08,R50,PADD 5,NSN,Singapore,327.0,11.0
2018-08,R50,PADD 5,Z00,,3358.0,108.0
2018-09,NUS,U.S.,ME0,OPEC Countries,25.0,1.0
2018-09,NUS,U.S.,MN0,Non-OPEC Countries,5410.0,180.0
2018-09,NUS,U.S.,MP0,Persian Gulf Countries,25.0,1.0
2018-09,NUS,U.S.,NCA,Canada,401.0,13.0
2018-09,NUS,U.S.,NCH,China,659.0,22.0
2018-09,NUS,U.S.,NHK,Hong Kong,200.0,7.0
2018-09,NUS,U.S.,NIN,India,1.0,0.0
2018-09,NUS,U.S.,NIZ,Iraq,25.0,1.0
2018-09,NUS,U.S.,NJA,Japan,417.0,14.0
2018-09,NUS,U.S.,NKS,Korea,3732.0,124.0
2018-09,NUS,U.S.,Z00,,5435.0,181.0
2018-09,R10,PADD 1,MN0,Non-OPEC Countries,2149.0,72.0
2018-09,R10,PADD 1,NCA,Canada,382.0,13.0
2018-09,R10,PADD 1,NIN,India,1.0,0.0
2018-09,R10,PADD 1,NKS,Korea,1766.0,59.0
2018-09,R10,PADD 1,Z00,,2149.0,72.0
2018-09,R40,PADD 4,ME0,OPEC Countries,25.0,1.0
2018-09,R40,PADD 4,MP0,Persian Gulf Countries,25.0,1.0
2018-09,R40,PADD 4,NIZ,Iraq,25.0,1.0
2018-09,R40,PADD 4,Z00,,25.0,1.0
2018-09,R50,PADD 5,MN0,Non-OPEC Countries,3261.0,109.0
2018-09,R50,PADD 5,NCA,Canada,19.0,1.0
2018-09,R50,PADD 5,NCH,China,659.0,22.0
2018-09,R50,PADD 5,NHK,Hong Kong,200.0,7.0
2018-09,R50,PADD 5,NJA,Japan,417.0,14.0
2018-09,R50,PADD 5,NKS,Korea,1966.0,66.0
2018-09,R50,PADD 5,Z00,,3261.0,109.0
2018-10,NUS,U.S.,ME0,OPEC Countries,25.0,1.0
2018-10,NUS,U.S.,MN0,Non-OPEC Countries,3566.0,115.0
2018-10,NUS,U.S.,MP0,Persian Gulf Countries,25.0,1.0
2018-10,NUS,U.S.,NCA,Canada,618.0,20.0
2018-10,NUS,U.S.,NCO,Colombia,61.0,2.0
2018-10,NUS,U.S.,NIN,India,106.0,3.0
2018-10,NUS,U.S.,NIZ,Iraq,25.0,1.0
2018-10,NUS,U.S.,NKS,Korea,2152.0,69.0
2018-10,NUS,U.S.,NSN,Singapore,399.0,13.0
2018-10,NUS,U.S.,NTW,Taiwan,230.0,7.0
2018-10,NUS,U.S.,Z00,,3591.0,116.0
2018-10,R10,PADD 1,MN0,Non-OPEC Countries,1036.0,33.0
2018-10,R10,PADD 1,NCA,Canada,618.0,20.0
2018-10,R10,PADD 1,NCO,Colombia,61.0,2.0
2018-10,R10,PADD 1,NIN,India,106.0,3.0
2018-10,R10,PADD 1,NKS,Korea,251.0,8.0
2018-10,R10,PADD 1,Z00,,1036.0,33.0
2018-10,R40,PADD 4,ME0,OPEC Countries,25.0,1.0
2018-10,R40,PADD 4,MP0,Persian Gulf Countries,25.0,1.0
2018-10,R40,PADD 4,NIZ,Iraq,25.0,1.0
2018-10,R40,PADD 4,Z00,,25.0,1.0
2018-10,R50,PADD 5,MN0,Non-OPEC Countries,2530.0,82.0
2018-10,R50,PADD 5,NKS,Korea,1901.0,61.0
2018-10,R50,PADD 5,NSN,Singapore,399.0,13.0
2018-10,R50,PADD 5,NTW,Taiwan,230.0,7.0
2018-10,R50,PADD 5,Z00,,2530.0,82.0
2018-11,NUS,U.S.,ME0,OPEC Countries,70.0,2.0
2018-11,NUS,U.S.,MN0,Non-OPEC Countries,3026.0,101.0
2018-11,NUS,U.S.,MP0,Persian Gulf Countries,70.0,2.0
2018-11,NUS,U.S.,NCA,Canada,170.0,6.0
2018-11,NUS,U.S.,NIN,India,2.0,0.0
2018-11,NUS,U.S.,NJA,Japan,687.0,23.0
2018-11,NUS,U.S.,NKS,Korea,1508.0,50.0
2018-11,NUS,U.S.,NMX,Mexico,28.0,1.0
2018-11,NUS,U.S.,NPM,Panama,316.0,11.0
2018-11,NUS,U.S.,NSA,Saudi Arabia,70.0,2.0
2018-11,NUS,U.S.,NSN,Singapore,315.0,11.0
2018-11,NUS,U.S.,Z00,,3096.0,103.0
2018-11,R10,PADD 1,ME0,OPEC Countries,70.0,2.0
2018-11,R10,PADD 1,MN0,Non-OPEC Countries,903.0,30.0
2018-11,R10,PADD 1,MP0,Persian Gulf Countries,70.0,2.0
2018-11,R10,PADD 1,NCA,Canada,170.0,6.0
2018-11,R10,PADD 1,NIN,India,2.0,0.0
2018-11,R10,PADD 1,NJA,Japan,394.0,13.0
2018-11,R10,PADD 1,NKS,Korea,337.0,11.0
2018-11,R10,PADD 1,NSA,Saudi Arabia,70.0,2.0
2018-11,R10,PADD 1,Z00,,973.0,32.0
2018-11,R40,PADD 4,MN0,Non-OPEC Countries,28.0,1.0
2018-11,R40,PADD 4,NMX,Mexico,28.0,1.0
2018-11,R40,PADD 4,Z00,,28.0,1.0
2018-11,R50,PADD 5,MN0,Non-OPEC Countries,2095.0,70.0
2018-11,R50,PADD 5,NJA,Japan,293.0,10.0
2018-11,R50,PADD 5,NKS,Korea,1171.0,39.0
2018-11,R50,PADD 5,NPM,Panama,316.0,11.0
2018-11,R50,PADD 5,NSN,Singapore,315.0,11.0
2018-11,R50,PADD 5,Z00,,2095.0,70.0
2018-12,NUS,U.S.,ME0,OPEC Countries,58.0,2.0
2018-12,NUS,U.S.,MN0,Non-OPEC Countries,3198.0,103.0
2018-12,NUS,U.S.,MP0,Persian Gulf Countries,10.0,0.0
2018-12,NUS,U.S.,NCA,Canada,539.0,17.0
2018-12,NUS,U.S.,NIZ,Iraq,10.0,0.0
2018-12,NUS,U.S.,NJA,Japan,266.0,9.0
2018-12,NUS,U.S.,NKS,Korea,2116.0,68.0
2018-12,NUS,U.S.,NMX,Mexico,10.0,0.0
2018-12,NUS,U.S.,NPM,Panama,267.0,9.0
2018-12,NUS,U.S.,NVE,Venezuela,48.0,2.0
2018-12,NUS,U.S.,Z00,,3256.0,105.0
2018-12,R10,PADD 1,ME0,OPEC Countries,40.0,1.0
2018-12,R10,PADD 1,MN0,Non-OPEC Countries,886.0,29.0
2018-12,R10,PADD 1,NCA,Canada,527.0,17.0
2018-12,R10,PADD 1,NKS,Korea,359.0,12.0
2018-12,R10,PADD 1,NVE,Venezuela,40.0,1.0
2018-12,R10,PADD 1,Z00,,926.0,30.0
2018-12,R30,PADD 3,ME0,OPEC Countries,18.0,1.0
2018-12,R30,PADD 3,MN0,Non-OPEC Countries,10.0,0.0
2018-12,R30,PADD 3,MP0,Persian Gulf Countries,10.0,0.0
2018-12,R30,PADD 3,NIZ,Iraq,10.0,0.0
2018-12,R30,PADD 3,NMX,Mexico,10.0,0.0
2018-12,R30,PADD 3,NVE,Venezuela,8.0,0.0
2018-12,R30,PADD 3,Z00,,28.0,1.0
2018-12,R50,PADD 5,MN0,Non-OPEC Countries,2302.0,74.0
2018-12,R50,PADD 5,NCA,Canada,12.0,0.0
2018-12,R50,PADD 5,NJA,Japan,266.0,9.0
2018-12,R50,PADD 5,NKS,Korea,1757.0,57.0
2018-12,R50,PADD 5,NPM,Panama,267.0,9.0
2018-12,R50,PADD 5,Z00,,2302.0,74.0
2019-01,NUS,U.S.,ME0,OPEC Countries,281.0,9.0
2019-01,NUS,U.S.,MN0,Non-OPEC Countries,2825.0,91.0
2019-01,NUS,U.S.,MP0,Persian Gulf Countries,335.0,11.0
2019-01,NUS,U.S.,NBR,Brazil,9.0,0.0
2019-01,NUS,U.S.,NCA,Canada,502.0,16.0
2019-01,NUS,U.S.,NCH,China,245.0,8.0
2019-01,NUS,U.S.,NIN,India,163.0,5.0
2019-01,NUS,U.S.,NIZ,Iraq,18.0,1.0
2019-01,NUS,U.S.,NJA,Japan,326.0,11.0
2019-01,NUS,U.S.,NKS,Korea,1256.0,41.0
2019-01,NUS,U.S.,NKU,Kuwait,101.0,3.0
2019-01,NUS,U.S.,NMX,Mexico,6.0,0.0
2019-01,NUS,U.S.,NNI,Nigeria,20.0,1.0
2019-01,NUS,U.S.,NQA,Qatar,168.0,5.0
2019-01,NUS,U.S.,NSA,Saudi Arabia,48.0,2.0
2019-01,NUS,U.S.,NSN,Singapore,150.0,5.0
2019-01,NUS,U.S.,NVE,Venezuela,94.0,3.0
2019-01,NUS,U.S.,Z00,,3106.0,100.0
2019-01,R10,PADD 1,ME0,OPEC Countries,263.0,8.0
2019-01,R10,PADD 1,MN0,Non-OPEC Countries,1081.0,35.0
2019-01,R10,PADD 1,MP0,Persian Gulf Countries,317.0,10.0
2019-01,R10,PADD 1,NBR,Brazil,9.0,0.0
2019-01,R10,PADD 1,NCA,Canada,496.0,16.0
2019-01,R10,PADD 1,NCH,China,245.0,8.0
2019-01,R10,PADD 1,NIN,India,163.0,5.0
2019-01,R10,PADD 1,NKU,Kuwait,101.0,3.0
2019-01,R10,PADD 1,NNI,Nigeria,20.0,1.0
2019-01,R10,PADD 1,NQA,Qatar,168.0,5.0
2019-01,R10,PADD 1,NSA,Saudi Arabia,48.0,2.0
2019-01,R10,PADD 1,NVE,Venezuela,94.0,3.0
2019-01,R10,PADD 1,Z00,,1344.0,43.0
2019-01,R30,PADD 3,ME0,OPEC Countries,18.0,1.0
2019-01,R30,PADD 3,MN0,Non-OPEC Countries,12.0,0.0
2019-01,R30,PADD 3,MP0,Persian Gulf Countries,18.0,1.0
2019-01,R30,PADD 3,NCA,Canada,6.0,0.0
2019-01,R30,PADD 3,NIZ,Iraq,18.0,1.0
2019-01,R30,PADD 3,NMX,Mexico,6.0,0.0
2019-01,R30,PADD 3,Z00,,30.0,1.0
2019-01,R50,PADD 5,MN0,Non-OPEC Countries,1732.0,56.0
2019-01,R50,PADD 5,NJA,Japan,326.0,11.0
2019-01,R50,PADD 5,NKS,Korea,1256.0,41.0
2019-01,R50,PADD 5,NSN,Singapore,150.0,5.0
2019-01,R50,PADD 5,Z00,,1732.0,56.0
2019-02,NUS,U.S.,ME0,OPEC Countries,15.0,1.0
2019-02,NUS,U.S.,MN0,Non-OPEC Countries,3896.0,139.0
2019-02,NUS,U.S.,MP0,Persian Gulf Countries,331.0,12.0
2019-02,NUS,U.S.,NCA,Canada,372.0,13.0
2019-02,NUS,U.S.,NCH,China,30.0,1.0
2019-02,NUS,U.S.,NKS,Korea,2578.0,92.0
2019-02,NUS,U.S.,NPM,Panama,249.0,9.0
2019-02,NUS,U.S.,NQA,Qatar,316.0,11.0
2019-02,NUS,U.S.,NRM,Marshall Islands,36.0,1.0
2019-02,NUS,U.S.,NSA,Saudi Arabia,15.0,1.0
2019-02,NUS,U.S.,NSN,Singapore,125.0,4.0
2019-02,NUS,U.S.,NTW,Taiwan,190.0,7.0
2019-02,NUS,U.S.,Z00,,3911.0,140.0
2019-02,R10,PADD 1,ME0,OPEC Countries,15.0,1.0
2019-02,R10,PADD 1,MN0,Non-OPEC Countries,1617.0,58.0
2019-02,R10,PADD 1,MP0,Persian Gulf Countries,331.0,12.0
2019-02,R10,PADD 1,NCA,Canada,372.0,13.0
2019-02,R10,PADD 1,NCH,China,30.0,1.0
2019-02,R10,PADD 1,NKS,Korea,899.0,32.0
2019-02,R10,PADD 1,NQA,Qatar,316.0,11.0
2019-02,R10,PADD 1,NSA,Saudi Arabia,15.0,1.0
2019-02,R10,PADD 1,Z00,,1632.0,58.0
2019-02,R50,PADD 5,MN0,Non-OPEC Countries,2279.0,81.0
2019-02,R50,PADD 5,NKS,Korea,1679.0,60.0
2019-02,R50,PADD 5,NPM,Panama,249.0,9.0
2019-02,R50,PADD 5,NRM,Marshall Islands,36.0,1.0
2019-02,R50,PADD 5,NSN,Singapore,125.0,4.0
2019-02,R50,PADD 5,NTW,Taiwan,190.0,7.0
2019-02,R50,PADD 5,Z00,,2279.0,81.0
2019-03,NUS,U.S.,ME0,OPEC Countries,555.0,18.0
2019-03,NUS,U.S.,MN0,Non-OPEC Countries,3921.0,126.0
2019-03,NUS,U.S.,MP0,Persian Gulf Countries,555.0,18.0
2019-03,NUS,U.S.,NCA,Canada,756.0,24.0
2019-03,NUS,U.S.,NKS,Korea,2396.0,77.0
2019-03,NUS,U.S.,NPM,Panama,315.0,10.0
2019-03,NUS,U.S.,NRM,Marshall Islands,454.0,15.0
2019-03,NUS,U.S.,NSA,Saudi Arabia,555.0,18.0
2019-03,NUS,U.S.,Z00,,4476.0,144.0
2019-03,R10,PADD 1,ME0,OPEC Countries,555.0,18.0
2019-03,R10,PADD 1,MN0,Non-OPEC Countries,1356.0,44.0
2019-03,R10,PADD 1,MP0,Persian Gulf Countries,555.0,18.0
2019-03,R10,PADD 1,NCA,Canada,756.0,24.0
2019-03,R10,PADD 1,NKS,Korea,600.0,19.0
2019-03,R10,PADD 1,NSA,Saudi Arabia,555.0,18.0
2019-03,R10,PADD 1,Z00,,1911.0,62.0
2019-03,R50,PADD 5,MN0,Non-OPEC Countries,2565.0,83.0
2019-03,R50,PADD 5,NKS,Korea,1796.0,58.0
2019-03,R50,PADD 5,NPM,Panama,315.0,10.0
2019-03,R50,PADD 5,NRM,Marshall Islands,454.0,15.0
2019-03,R50,PADD 5,Z00,,2565.0,83.0
2019-04,NUS,U.S.,MN0,Non-OPEC Countries,5910.0,197.0
2019-04,NUS,U.S.,NCA,Canada,612.0,20.0
2019-04,NUS,U.S.,NHK,Hong Kong,304.0,10.0
2019-04,NUS,U.S.,NIN,India,74.0,2.0
2019-04,NUS,U.S.,NJA,Japan,608.0,20.0
2019-04,NUS,U.S.,NKS,Korea,4192.0,140.0
2019-04,NUS,U.S.,NSN,Singapore,120.0,4.0
2019-04,NUS,U.S.,Z00,,5910.0,197.0
2019-04,R10,PADD 1,MN0,Non-OPEC Countries,1782.0,59.0
2019-04,R10,PADD 1,NCA,Canada,612.0,20.0
2019-04,R10,PADD 1,NIN,India,74.0,2.0
2019-04,R10,PADD 1,NKS,Korea,1096.0,37.0
2019-04,R10,PADD 1,Z00,,1782.0,59.0
2019-04,R50,PADD 5,MN0,Non-OPEC Countries,4128.0,138.0
2019-04,R50,PADD 5,NHK,Hong Kong,304.0,10.0
2019-04,R50,PADD 5,NJA,Japan,608.0,20.0
2019-04,R50,PADD 5,NKS,Korea,3096.0,103.0
2019-04,R50,PADD 5,NSN,Singapore,120.0,4.0
2019-04,R50,PADD 5,Z00,,4128.0,138.0
2019-05,NUS,U.S.,MN0,Non-OPEC Countries,5815.0,188.0
2019-05,NUS,U.S.,NCA,Canada,734.0,24.0
2019-05,NUS,U.S.,NJA,Japan,1186.0,38.0
2019-05,NUS,U.S.,NKS,Korea,3378.0,109.0
2019-05,NUS,U.S.,NLI,Liberia,517.0,17.0
2019-05,NUS,U.S.,Z00,,5815.0,188.0
2019-05,R10,PADD 1,MN0,Non-OPEC Countries,1526.0,49.0
2019-05,R10,PADD 1,NCA,Canada,722.0,23.0
2019-05,R10,PADD 1,NKS,Korea,804.0,26.0
2019-05,R10,PADD 1,Z00,,1526.0,49.0
2019-05,R50,PADD 5,MN0,Non-OPEC Countries,4289.0,138.0
2019-05,R50,PADD 5,NCA,Canada,12.0,0.0
2019-05,R50,PADD 5,NJA,Japan,1186.0,38.0
2019-05,R50,PADD 5,NKS,Korea,2574.0,83.0
2019-05,R50,PADD 5,NLI,Liberia,517.0,17.0
2019-05,R50,PADD 5,Z00,,4289.0,138.0
2019-06,NUS,U.S.,ME0,OPEC Countries,13.0,0.0
2019-06,NUS,U.S.,MN0,Non-OPEC Countries,5214.0,174.0
2019-06,NUS,U.S.,MP0,Persian Gulf Countries,6.0,0.0
2019-06,NUS,U.S.,NCA,Canada,1215.0,41.0
2019-06,NUS,U.S.,NIZ,Iraq,6.0,0.0
2019-06,NUS,U.S.,NJA,Japan,569.0,19.0
2019-06,NUS,U.S.,NKS,Korea,2991.0,100.0
2019-06,NUS,U.S.,NSN,Singapore,439.0,15.0
2019-06,NUS,U.S.,NVE,Venezuela,7.0,0.0
2019-06,NUS,U.S.,Z00,,5227.0,174.0
2019-06,R10,PADD 1,ME0,OPEC Countries,13.0,0.0
2019-06,R10,PADD 1,MN0,Non-OPEC Countries,2042.0,68.0
2019-06,R10,PADD 1,MP0,Persian Gulf Countries,6.0,0.0
2019-06,R10,PADD 1,NCA,Canada,1203.0,40.0
2019-06,R10,PADD 1,NIZ,Iraq,6.0,0.0
2019-06,R10,PADD 1,NKS,Korea,839.0,28.0
2019-06,R10,PADD 1,NVE,Venezuela,7.0,0.0
2019-06,R10,PADD 1,Z00,,2055.0,69.0
2019-06,R50,PADD 5,MN0,Non-OPEC Countries,3172.0,106.0
2019-06,R50,PADD 5,NCA,Canada,12.0,0.0
2019-06,R50,PADD 5,NJA,Japan,569.0,19.0
2019-06,R50,PADD 5,NKS,Korea,2152.0,72.0
2019-06,R50,PADD 5,NSN,Singapore,439.0,15.0
2019-06,R50,PADD 5,Z00,,3172.0,106.0
2019-07,NUS,U.S.,ME0,OPEC Countries,527.0,17.0
2019-07,NUS,U.S.,MN0,Non-OPEC Countries,6097.0,197.0
2019-07,NUS,U.S.,MP0,Persian Gulf Countries,527.0,17.0
2019-07,NUS,U.S.,NCA,Canada,796.0,26.0
2019-07,NUS,U.S.,NCH,China,126.0,4.0
2019-07,NUS,U.S.,NHK,Hong Kong,585.0,19.0
2019-07,NUS,U.S.,NJA,Japan,765.0,25.0
2019-07,NUS,U.S.,NKS,Korea,3168.0,102.0
2019-07,NUS,U.S.,NLI,Liberia,315.0,10.0
2019-07,NUS,U.S.,NPM,Panama,322.0,10.0
2019-07,NUS,U.S.,NSN,Singapore,20.0,1.0
2019-07,NUS,U.S.,NTC,United Arab Emirates,527.0,17.0
2019-07,NUS,U.S.,Z00,,6624.0,214.0
2019-07,R10,PADD 1,ME0,OPEC Countries,527.0,17.0
2019-07,R10,PADD 1,MN0,Non-OPEC Countries,1379.0,44.0
2019-07,R10,PADD 1,MP0,Persian Gulf Countries,527.0,17.0
2019-07,R10,PADD 1,NCA,Canada,796.0,26.0
2019-07,R10,PADD 1,NKS,Korea,583.0,19.0
2019-07,R10,PADD 1,NTC,United Arab Emirates,527.0,17.0
2019-07,R10,PADD 1,Z00,,1906.0,61.0
2019-07,R50,PADD 5,MN0,Non-OPEC Countries,4718.0,152.0
2019-07,R50,PADD 5,NCH,China,126.0,4.0
2019-07,R50,PADD 5,NHK,Hong Kong,585.0,19.0
2019-07,R50,PADD 5,NJA,Japan,765.0,25.0
2019-07,R50,PADD 5,NKS,Korea,2585.0,83.0
2019-07,R50,PADD 5,NLI,Liberia,315.0,10.0
2019-07,R50,PADD 5,NPM,Panama,322.0,10.0
2019-07,R50,PADD 5,NSN,Singapore,20.0,1.0
2019-07,R50,PADD 5,Z00,,4718.0,152.0
2019-08,NUS,U.S.,ME0,OPEC Countries,131.0,4.0
2019-08,NUS,U.S.,MN0,Non-OPEC Countries,5308.0,171.0
2019-08,NUS,U.S.,MP0,Persian Gulf Countries,131.0,4.0
2019-08,NUS,U.S.,NCA,Canada,562.0,18.0
2019-08,NUS,U.S.,NCH,China,429.0,14.0
2019-08,NUS,U.S.,NDA,Denmark,70.0,2.0
2019-08,NUS,U.S.,NIN,India,376.0,12.0
2019-08,NUS,U.S.,NJA,Japan,932.0,30.0
2019-08,NUS,U.S.,NKS,Korea,2617.0,84.0
2019-08,NUS,U.S.,NSN,Singapore,322.0,10.0
2019-08,NUS,U.S.,NTC,United Arab Emirates,131.0,4.0
2019-08,NUS,U.S.,Z00,,5439.0,175.0
2019-08,R10,PADD 1,ME0,OPEC Countries,131.0,4.0
2019-08,R10,PADD 1,MN0,Non-OPEC Countries,1998.0,64.0
2019-08,R10,PADD 1,MP0,Persian Gulf Countries,131.0,4.0
2019-08,R10,PADD 1,NCA,Canada,550.0,18.0
2019-08,R10,PADD 1,NIN,India,376.0,12.0
2019-08,R10,PADD 1,NJA,Japan,302.0,10.0
2019-08,R10,PADD 1,NKS,Korea,770.0,25.0
2019-08,R10,PADD 1,NTC,United Arab Emirates,131.0,4.0
2019-08,R10,PADD 1,Z00,,2129.0,69.0
2019-08,R50,PADD 5,MN0,Non-OPEC Countries,3310.0,107.0
2019-08,R50,PADD 5,NCA,Canada,12.0,0.0
2019-08,R50,PADD 5,NCH,China,429.0,14.0
2019-08,R50,PADD 5,NDA,Denmark,70.0,2.0
2019-08,R50,PADD 5,NJA,Japan,630.0,20.0
2019-08,R50,PADD 5,NKS,Korea,1847.0,60.0
2019-08,R50,PADD 5,NSN,Singapore,322.0,10.0
2019-08,R50,PADD 5,Z00,,3310.0,107.0
2019-09,NUS,U.S.,MN0,Non-OPEC Countries,5573.0,186.0
2019-09,NUS,U.S.,NCA,Canada,576.0,19.0
2019-09,NUS,U.S.,NCH,China,454.0,15.0
2019-09,NUS,U.S.,NJA,Japan,948.0,32.0
2019-09,NUS,U.S.,NKS,Korea,2964.0,99.0
2019-09,NUS,U.S.,NLI,Liberia,313.0,10.0
2019-09,NUS,U.S.,NPM,Panama,318.0,11.0
2019-09,NUS,U.S.,Z00,,5573.0,186.0
2019-09,R10,PADD 1,MN0,Non-OPEC Countries,1329.0,44.0
2019-09,R10,PADD 1,NCA,Canada,576.0,19.0
2019-09,R10,PADD 1,NKS,Korea,753.0,25.0
2019-09,R10,PADD 1,Z00,,1329.0,44.0
2019-09,R50,PADD 5,MN0,Non-OPEC Countries,4244.0,141.0
2019-09,R50,PADD 5,NCH,China,454.0,15.0
2019-09,R50,PADD 5,NJA,Japan,948.0,32.0
2019-09,R50,PADD 5,NKS,Korea,2211.0,74.0
2019-09,R50,PADD 5,NLI,Liberia,313.0,10.0
2019-09,R50,PADD 5,NPM,Panama,318.0,11.0
2019-09,R50,PADD 5,Z00,,4244.0,141.0
2019-10,NUS,U.S.,ME0,OPEC Countries,220.0,7.0
2019-10,NUS,U.S.,MN0,Non-OPEC Countries,4374.0,141.0
2019-10,NUS,U.S.,NCA,Canada,520.0,17.0
2019-10,NUS,U.S.,NCH,China,310.0,10.0
2019-10,NUS,U.S.,NEC,Ecuador,220.0,7.0
2019-10,NUS,U.S.,NJA,Japan,646.0,21.0
2019-10,NUS,U.S.,NKS,Korea,2624.0,85.0
2019-10,NUS,U.S.,NLI,Liberia,274.0,9.0
2019-10,NUS,U.S.,Z00,,4594.0,148.0
2019-10,R10,PADD 1,ME0,OPEC Countries,220.0,7.0
2019-10,R10,PADD 1,MN0,Non-OPEC Countries,936.0,30.0
2019-10,R10,PADD 1,NCA,Canada,520.0,17.0
2019-10,R10,PADD 1,NEC,Ecuador,220.0,7.0
2019-10,R10,PADD 1,NJA,Japan,315.0,10.0
2019-10,R10,PADD 1,NKS,Korea,101.0,3.0
2019-10,R10,PADD 1,Z00,,1156.0,37.0
2019-10,R50,PADD 5,MN0,Non-OPEC Countries,3438.0,111.0
2019-10,R50,PADD 5,NCH,China,310.0,10.0
2019-10,R50,PADD 5,NJA,Japan,331.0,11.0
2019-10,R50,PADD 5,NKS,Korea,2523.0,81.0
2019-10,R50,PADD 5,NLI,Liberia,274.0,9.0
2019-10,R50,PADD 5,Z00,,3438.0,111.0
2019-11,NUS,U.S.,ME0,OPEC Countries,339.0,11.0
2019-11,NUS,U.S.,MN0,Non-OPEC Countries,3596.0,120.0
2019-11,NUS,U.S.,MP0,Persian Gulf Countries,239.0,8.0
2019-11,NUS,U.S.,NCA,Canada,221.0,7.0
2019-11,NUS,U.S.,NCH,China,382.0,13.0
2019-11,NUS,U.S.,NEC,Ecuador,100.0,3.0
2019-11,NUS,U.S.,NIZ,Iraq,239.0,8.0
2019-11,NUS,U.S.,NJA,Japan,105.0,4.0
2019-11,NUS,U.S.,NKS,Korea,2888.0,96.0
2019-11,NUS,U.S.,Z00,,3935.0,131.0
2019-11,R10,PADD 1,ME0,OPEC Countries,339.0,11.0
2019-11,R10,PADD 1,MN0,Non-OPEC Countries,871.0,29.0
2019-11,R10,PADD 1,MP0,Persian Gulf Countries,239.0,8.0
2019-11,R10,PADD 1,NCA,Canada,209.0,7.0
2019-11,R10,PADD 1,NCH,China,70.0,2.0
2019-11,R10,PADD 1,NEC,Ecuador,100.0,3.0
2019-11,R10,PADD 1,NIZ,Iraq,239.0,8.0
2019-11,R10,PADD 1,NKS,Korea,592.0,20.0
2019-11,R10,PADD 1,Z00,,1210.0,40.0
2019-11,R50,PADD 5,MN0,Non-OPEC Countries,2725.0,91.0
2019-11,R50,PADD 5,NCA,Canada,12.0,0.0
2019-11,R50,PADD 5,NCH,China,312.0,10.0
2019-11,R50,PADD 5,NJA,Japan,105.0,4.0
2019-11,R50,PADD 5,NKS,Korea,2296.0,77.0
2019-11,R50,PADD 5,Z00,,2725.0,91.0
2019-12,NUS,U.S.,ME0,OPEC Countries,233.0,8.0
2019-12,NUS,U.S.,MN0,Non-OPEC Countries,5057.0,163.0
2019-12,NUS,U.S.,MP0,Persian Gulf Countries,233.0,8.0
2019-12,NUS,U.S.,NBF,Bahama Islands,165.0,5.0
2019-12,NUS,U.S.,NCA,Canada,357.0,12.0
2019-12,NUS,U.S.,NCH,China,307.0,10.0
2019-12,NUS,U.S.,NIZ,Iraq,81.0,3.0
2019-12,NUS,U.S.,NJA,Japan,319.0,10.0
2019-12,NUS,U.S.,NKS,Korea,3196.0,103.0
2019-12,NUS,U.S.,NKU,Kuwait,152.0,5.0
2019-12,NUS,U.S.,NLI,Liberia,258.0,8.0
2019-12,NUS,U.S.,NPM,Panama,455.0,15.0
2019-12,NUS,U.S.,Z00,,5290.0,171.0
2019-12,R10,PADD 1,ME0,OPEC Countries,233.0,8.0
2019-12,R10,PADD 1,MN0,Non-OPEC Countries,1293.0,42.0
2019-12,R10,PADD 1,MP0,Persian Gulf Countries,233.0,8.0
2019-12,R10,PADD 1,NCA,Canada,357.0,12.0
2019-12,R10,PADD 1,NIZ,Iraq,81.0,3.0
2019-12,R10,PADD 1,NKS,Korea,796.0,26.0
2019-12,R10,PADD 1,NKU,Kuwait,152.0,5.0
2019-12,R10,PADD 1,NPM,Panama,140.0,5.0
2019-12,R10,PADD 1,Z00,,1526.0,49.0
2019-12,R50,PADD 5,MN0,Non-OPEC Countries,3764.0,121.0
2019-12,R50,PADD 5,NBF,Bahama Islands,165.0,5.0
2019-12,R50,PADD 5,NCH,China,307.0,10.0
2019-12,R50,PADD 5,NJA,Japan,319.0,10.0
2019-12,R50,PADD 5,NKS,Korea,2400.0,77.0
2019-12,R50,PADD 5,NLI,Liberia,258.0,8.0
2019-12,R50,PADD 5,NPM,Panama,315.0,10.0
2019-12,R50,PADD 5,Z00,,3764.0,121.0
2020-01,NUS,U.S.,ME0,OPEC Countries,73.0,2.0
2020-01,NUS,U.S.,MN0,Non-OPEC Countries,4500.0,145.0
2020-01,NUS,U.S.,MP0,Persian Gulf Countries,73.0,2.0
2020-01,NUS,U.S.,NBX,Brunei,145.0,5.0
2020-01,NUS,U.S.,NCA,Canada,311.0,10.0
2020-01,NUS,U.S.,NCH,China,312.0,10.0
2020-01,NUS,U.S.,NIN,India,418.0,13.0
2020-01,NUS,U.S.,NJA,Japan,678.0,22.0
2020-01,NUS,U.S.,NKS,Korea,1643.0,53.0
2020-01,NUS,U.S.,NKU,Kuwait,73.0,2.0
2020-01,NUS,U.S.,NMX,Mexico,20.0,1.0
2020-01,NUS,U.S.,NPM,Panama,315.0,10.0
2020-01,NUS,U.S.,NRM,Marshall Islands,329.0,11.0
2020-01,NUS,U.S.,NSN,Singapore,329.0,11.0
2020-01,NUS,U.S.,Z00,,4573.0,148.0
2020-01,R10,PADD 1,ME0,OPEC Countries,73.0,2.0
2020-01,R10,PADD 1,MN0,Non-OPEC Countries,879.0,28.0
2020-01,R10,PADD 1,MP0,Persian Gulf Countries,73.0,2.0
2020-01,R10,PADD 1,NCA,Canada,295.0,10.0
2020-01,R10,PADD 1,NIN,India,418.0,13.0
2020-01,R10,PADD 1,NKS,Korea,146.0,5.0
2020-01,R10,PADD 1,NKU,Kuwait,73.0,2.0
2020-01,R10,PADD 1,NMX,Mexico,20.0,1.0
2020-01,R10,PADD 1,Z00,,952.0,31.0
2020-01,R50,PADD 5,MN0,Non-OPEC Countries,3621.0,117.0
2020-01,R50,PADD 5,NBX,Brunei,145.0,5.0
2020-01,R50,PADD 5,NCA,Canada,16.0,1.0
2020-01,R50,PADD 5,NCH,China,312.0,10.0
2020-01,R50,PADD 5,NJA,Japan,678.0,22.0
2020-01,R50,PADD 5,NKS,Korea,1497.0,48.0
2020-01,R50,PADD 5,NPM,Panama,315.0,10.0
2020-01,R50,PADD 5,NRM,Marshall Islands,329.0,11.0
2020-01,R50,PADD 5,NSN,Singapore,329.0,11.0
2020-01,R50,PADD 5,Z00,,3621.0,117.0
2020-02,NUS,U.S.,ME0,OPEC Countries,205.0,7.0
2020-02,NUS,U.S.,MN0,Non-OPEC Countries,4568.0,158.0
2020-02,NUS,U.S.,MP0,Persian Gulf Countries,205.0,7.0
2020-02,NUS,U.S.,NCA,Canada,393.0,14.0
2020-02,NUS,U.S.,NEC,Ecuador,15.0,1.0
2020-02,NUS,U.S.,NIN,India,62.0,2.0
2020-02,NUS,U.S.,NJA,Japan,315.0,11.0
2020-02,NUS,U.S.,NKS,Korea,2920.0,101.0
2020-02,NUS,U.S.,NLI,Liberia,308.0,11.0
2020-02,NUS,U.S.,NSA,Saudi Arabia,205.0,7.0
2020-02,NUS,U.S.,NSN,Singapore,311.0,11.0
2020-02,NUS,U.S.,NUK,United Kingdom,244.0,8.0
2020-02,NUS,U.S.,Z00,,4773.0,165.0
2020-02,R10,PADD 1,ME0,OPEC Countries,205.0,7.0
2020-02,R10,PADD 1,MN0,Non-OPEC Countries,1084.0,37.0
2020-02,R10,PADD 1,MP0,Persian Gulf Countries,205.0,7.0
2020-02,R10,PADD 1,NCA,Canada,363.0,13.0
2020-02,R10,PADD 1,NEC,Ecuador,15.0,1.0
2020-02,R10,PADD 1,NIN,India,62.0,2.0
2020-02,R10,PADD 1,NKS,Korea,400.0,14.0
2020-02,R10,PADD 1,NSA,Saudi Arabia,205.0,7.0
2020-02,R10,PADD 1,NUK,United Kingdom,244.0,8.0
2020-02,R10,PADD 1,Z00,,1289.0,44.0
2020-02,R40,PADD 4,MN0,Non-OPEC Countries,30.0,1.0
2020-02,R40,PADD 4,NCA,Canada,30.0,1.0
2020-02,R40,PADD 4,Z00,,30.0,1.0
2020-02,R50,PADD 5,MN0,Non-OPEC Countries,3454.0,119.0
2020-02,R50,PADD 5,NJA,Japan,315.0,11.0
2020-02,R50,PADD 5,NKS,Korea,2520.0,87.0
2020-02,R50,PADD 5,NLI,Liberia,308.0,11.0
2020-02,R50,PADD 5,NSN,Singapore,311.0,11.0
2020-02,R50,PADD 5,Z00,,3454.0,119.0
2020-03,NUS,U.S.,ME0,OPEC Countries,60.0,2.0
2020-03,NUS,U.S.,MN0,Non-OPEC Countries,4600.0,148.0
2020-03,NUS,U.S.,MP0,Persian Gulf Countries,60.0,2.0
2020-03,NUS,U.S.,NBX,Brunei,302.0,10.0
2020-03,NUS,U.S.,NCA,Canada,417.0,13.0
2020-03,NUS,U.S.,NHK,Hong Kong,120.0,4.0
2020-03,NUS,U.S.,NJA,Japan,910.0,29.0
2020-03,NUS,U.S.,NKS,Korea,1830.0,59.0
2020-03,NUS,U.S.,NLI,Liberia,311.0,10.0
2020-03,NUS,U.S.,NSA,Saudi Arabia,60.0,2.0
2020-03,NUS,U.S.,NSN,Singapore,570.0,18.0
2020-03,NUS,U.S.,NTD,Trinidad and Tobago,100.0,3.0
2020-03,NUS,U.S.,NUK,United Kingdom,40.0,1.0
2020-03,NUS,U.S.,Z00,,4660.0,150.0
2020-03,R10,PADD 1,ME0,OPEC Countries,60.0,2.0
2020-03,R10,PADD 1,MN0,Non-OPEC Countries,772.0,25.0
2020-03,R10,PADD 1,MP0,Persian Gulf Countries,60.0,2.0
2020-03,R10,PADD 1,NCA,Canada,385.0,12.0
2020-03,R10,PADD 1,NKS,Korea,247.0,8.0
2020-03,R10,PADD 1,NSA,Saudi Arabia,60.0,2.0
2020-03,R10,PADD 1,NTD,Trinidad and Tobago,100.0,3.0
2020-03,R10,PADD 1,NUK,United Kingdom,40.0,1.0
2020-03,R10,PADD 1,Z00,,832.0,27.0
2020-03,R40,PADD 4,MN0,Non-OPEC Countries,32.0,1.0
2020-03,R40,PADD 4,NCA,Canada,32.0,1.0
2020-03,R40,PADD 4,Z00,,32.0,1.0
2020-03,R50,PADD 5,MN0,Non-OPEC Countries,3796.0,122.0
2020-03,R50,PADD 5,NBX,Brunei,302.0,10.0
2020-03,R50,PADD 5,NHK,Hong Kong,120.0,4.0
2020-03,R50,PADD 5,NJA,Japan,910.0,29.0
2020-03,R50,PADD 5,NKS,Korea,1583.0,51.0
2020-03,R50,PADD 5,NLI,Liberia,311.0,10.0
2020-03,R50,PADD 5,NSN,Singapore,570.0,18.0
2020-03,R50,PADD 5,Z00,,3796.0,122.0
2020-04,NUS,U.S.,ME0,OPEC Countries,466.0,16.0
2020-04,NUS,U.S.,MN0,Non-OPEC Countries,3814.0,127.0
2020-04,NUS,U.S.,MP0,Persian Gulf Countries,609.0,20.0
2020-04,NUS,U.S.,NBX,Brunei,315.0,11.0
2020-04,NUS,U.S.,NCA,Canada,14.0,0.0
2020-04,NUS,U.S.,NCO,Colombia,107.0,4.0
2020-04,NUS,U.S.,NIZ,Iraq,17.0,1.0
2020-04,NUS,U.S.,NJA,Japan,620.0,21.0
2020-04,NUS,U.S.,NKS,Korea,2279.0,76.0
2020-04,NUS,U.S.,NMX,Mexico,49.0,2.0
2020-04,NUS,U.S.,NQA,Qatar,143.0,5.0
2020-04,NUS,U.S.,NSA,Saudi Arabia,449.0,15.0
2020-04,NUS,U.S.,NTW,Taiwan,287.0,10.0
2020-04,NUS,U.S.,Z00,,4280.0,143.0
2020-04,R10,PADD 1,ME0,OPEC Countries,416.0,14.0
2020-04,R10,PADD 1,MN0,Non-OPEC Countries,646.0,22.0
2020-04,R10,PADD 1,MP0,Persian Gulf Countries,559.0,19.0
2020-04,R10,PADD 1,NCA,Canada,4.0,0.0
2020-04,R10,PADD 1,NCO,Colombia,107.0,4.0
2020-04,R10,PADD 1,NIZ,Iraq,17.0,1.0
2020-04,R10,PADD 1,NKS,Korea,56.0,2.0
2020-04,R10,PADD 1,NMX,Mexico,49.0,2.0
2020-04,R10,PADD 1,NQA,Qatar,143.0,5.0
2020-04,R10,PADD 1,NSA,Saudi Arabia,399.0,13.0
2020-04,R10,PADD 1,NTW,Taiwan,287.0,10.0
2020-04,R10,PADD 1,Z00,,1062.0,35.0
2020-04,R30,PADD 3,ME0,OPEC Countries,50.0,2.0
2020-04,R30,PADD 3,MN0,Non-OPEC Countries,600.0,20.0
2020-04,R30,PADD 3,MP0,Persian Gulf Countries,50.0,2.0
2020-04,R30,PADD 3,NKS,Korea,600.0,20.0
2020-04,R30,PADD 3,NSA,Saudi Arabia,50.0,2.0
2020-04,R30,PADD 3,Z00,,650.0,22.0
2020-04,R50,PADD 5,MN0,Non-OPEC Countries,2568.0,86.0
2020-04,R50,PADD 5,NBX,Brunei,315.0,11.0
2020-04,R50,PADD 5,NCA,Canada,10.0,0.0
2020-04,R50,PADD 5,NJA,Japan,620.0,21.0
2020-04,R50,PADD 5,NKS,Korea,1623.0,54.0
2020-04,R50,PADD 5,Z00,,2568.0,86.0
2020-05,NUS,U.S.,ME0,OPEC Countries,206.0,7.0
2020-05,NUS,U.S.,MN0,Non-OPEC Countries,3670.0,118.0
2020-05,NUS,U.S.,MP0,Persian Gulf Countries,535.0,17.0
2020-05,NUS,U.S.,NBX,Brunei,629.0,20.0
2020-05,NUS,U.S.,NCA,Canada,61.0,2.0
2020-05,NUS,U.S.,NIN,India,281.0,9.0
2020-05,NUS,U.S.,NIZ,Iraq,25.0,1.0
2020-05,NUS,U.S.,NJA,Japan,728.0,23.0
2020-05,NUS,U.S.,NKS,Korea,1334.0,43.0
2020-05,NUS,U.S.,NMX,Mexico,10.0,0.0
2020-05,NUS,U.S.,NQA,Qatar,329.0,11.0
2020-05,NUS,U.S.,NSA,Saudi Arabia,181.0,6.0
2020-05,NUS,U.S.,NTW,Taiwan,298.0,10.0
2020-05,NUS,U.S.,Z00,,3876.0,125.0
2020-05,R10,PADD 1,ME0,OPEC Countries,201.0,6.0
2020-05,R10,PADD 1,MN0,Non-OPEC Countries,1223.0,39.0
2020-05,R10,PADD 1,MP0,Persian Gulf Countries,530.0,17.0
2020-05,R10,PADD 1,NCA,Canada,50.0,2.0
2020-05,R10,PADD 1,NIN,India,281.0,9.0
2020-05,R10,PADD 1,NIZ,Iraq,25.0,1.0
2020-05,R10,PADD 1,NKS,Korea,255.0,8.0
2020-05,R10,PADD 1,NMX,Mexico,10.0,0.0
2020-05,R10,PADD 1,NQA,Qatar,329.0,11.0
2020-05,R10,PADD 1,NSA,Saudi Arabia,176.0,6.0
2020-05,R10,PADD 1,NTW,Taiwan,298.0,10.0
2020-05,R10,PADD 1,Z00,,1424.0,46.0
2020-05,R30,PADD 3,MN0,Non-OPEC Countries,773.0,25.0
2020-05,R30,PADD 3,NBX,Brunei,314.0,10.0
2020-05,R30,PADD 3,NJA,Japan,99.0,3.0
2020-05,R30,PADD 3,NKS,Korea,360.0,12.0
2020-05,R30,PADD 3,Z00,,773.0,25.0
2020-05,R40,PADD 4,ME0,OPEC Countries,5.0,0.0
2020-05,R40,PADD 4,MP0,Persian Gulf Countries,5.0,0.0
2020-05,R40,PADD 4,NSA,Saudi Arabia,5.0,0.0
2020-05,R40,PADD 4,Z00,,5.0,0.0
2020-05,R50,PADD 5,MN0,Non-OPEC Countries,1674.0,54.0
2020-05,R50,PADD 5,NBX,Brunei,315.0,10.0
2020-05,R50,PADD 5,NCA,Canada,11.0,0.0
2020-05,R50,PADD 5,NJA,Japan,629.0,20.0
2020-05,R50,PADD 5,NKS,Korea,719.0,23.0
2020-05,R50,PADD 5,Z00,,1674.0,54.0
2020-06,NUS,U.S.,ME0,OPEC Countries,295.0,10.0
2020-06,NUS,U.S.,MN0,Non-OPEC Countries,3821.0,127.0
2020-06,NUS,U.S.,MP0,Persian Gulf Countries,815.0,27.0
2020-06,NUS,U.S.,NCA,Canada,180.0,6.0
2020-06,NUS,U.S.,NIN,India,435.0,15.0
2020-06,NUS,U.S.,NIT,Italy,30.0,1.0
2020-06,NUS,U.S.,NJA,Japan,496.0,17.0
2020-06,NUS,U.S.,NKS,Korea,2060.0,69.0
2020-06,NUS,U.S.,NKU,Kuwait,295.0,10.0
2020-06,NUS,U.S.,NQA,Qatar,520.0,17.0
2020-06,NUS,U.S.,NSN,Singapore,100.0,3.0
2020-06,NUS,U.S.,Z00,,4116.0,137.0
2020-06,R10,PADD 1,ME0,OPEC Countries,295.0,10.0
2020-06,R10,PADD 1,MN0,Non-OPEC Countries,1612.0,54.0
2020-06,R10,PADD 1,MP0,Persian Gulf Countries,815.0,27.0
2020-06,R10,PADD 1,NCA,Canada,132.0,4.0
2020-06,R10,PADD 1,NIN,India,435.0,15.0
2020-06,R10,PADD 1,NIT,Italy,30.0,1.0
2020-06,R10,PADD 1,NKS,Korea,495.0,17.0
2020-06,R10,PADD 1,NKU,Kuwait,295.0,10.0
2020-06,R10,PADD 1,NQA,Qatar,520.0,17.0
2020-06,R10,PADD 1,Z00,,1907.0,64.0
2020-06,R40,PADD 4,MN0,Non-OPEC Countries,48.0,2.0
2020-06,R40,PADD 4,NCA,Canada,48.0,2.0
2020-06,R40,PADD 4,Z00,,48.0,2.0
2020-06,R50,PADD 5,MN0,Non-OPEC Countries,2161.0,72.0
2020-06,R50,PADD 5,NJA,Japan,496.0,17.0
2020-06,R50,PADD 5,NKS,Korea,1565.0,52.0
2020-06,R50,PADD 5,NSN,Singapore,100.0,3.0
2020-06,R50,PADD 5,Z00,,2161.0,72.0
2020-07,NUS,U.S.,ME0,OPEC Countries,519.0,17.0
2020-07,NUS,U.S.,MN0,Non-OPEC Countries,4630.0,149.0
2020-07,NUS,U.S.,MP0,Persian Gulf Countries,519.0,17.0
2020-07,NUS,U.S.,NCA,Canada,413.0,13.0
2020-07,NUS,U.S.,NIN,India,502.0,16.0
2020-07,NUS,U.S.,NIT,Italy,265.0,9.0
2020-07,NUS,U.S.,NJA,Japan,632.0,20.0
2020-07,NUS,U.S.,NKS,Korea,2818.0,91.0
2020-07,NUS,U.S.,NKU,Kuwait,519.0,17.0
2020-07,NUS,U.S.,Z00,,5149.0,166.0
2020-07,R10,PADD 1,ME0,OPEC Countries,519.0,17.0
2020-07,R10,PADD 1,MN0,Non-OPEC Countries,854.0,28.0
2020-07,R10,PADD 1,MP0,Persian Gulf Countries,519.0,17.0
2020-07,R10,PADD 1,NCA,Canada,263.0,8.0
2020-07,R10,PADD 1,NIN,India,502.0,16.0
2020-07,R10,PADD 1,NIT,Italy,50.0,2.0
2020-07,R10,PADD 1,NKS,Korea,39.0,1.0
2020-07,R10,PADD 1,NKU,Kuwait,519.0,17.0
2020-07,R10,PADD 1,Z00,,1373.0,44.0
2020-07,R30,PADD 3,MN0,Non-OPEC Countries,215.0,7.0
2020-07,R30,PADD 3,NIT,Italy,215.0,7.0
2020-07,R30,PADD 3,Z00,,215.0,7.0
2020-07,R50,PADD 5,MN0,Non-OPEC Countries,3561.0,115.0
2020-07,R50,PADD 5,NCA,Canada,150.0,5.0
2020-07,R50,PADD 5,NJA,Japan,632.0,20.0
2020-07,R50,PADD 5,NKS,Korea,2779.0,90.0
2020-07,R50,PADD 5,Z00,,3561.0,115.0
2020-08,NUS,U.S.,ME0,OPEC Countries,44.0,1.0
2020-08,NUS,U.S.,MN0,Non-OPEC Countries,5097.0,164.0
2020-08,NUS,U.S.,MP0,Persian Gulf Countries,44.0,1.0
2020-08,NUS,U.S.,NCA,Canada,206.0,7.0
2020-08,NUS,U.S.,NGT,Guatemala,5.0,0.0
2020-08,NUS,U.S.,NIN,India,1001.0,32.0
2020-08,NUS,U.S.,NIT,Italy,184.0,6.0
2020-08,NUS,U.S.,NJA,Japan,440.0,14.0
2020-08,NUS,U.S.,NKS,Korea,2947.0,95.0
2020-08,NUS,U.S.,NSA,Saudi Arabia,44.0,1.0
2020-08,NUS,U.S.,NSN,Singapore,314.0,10.0
2020-08,NUS,U.S.,Z00,,5141.0,166.0
2020-08,R10,PADD 1,MN0,Non-OPEC Countries,1734.0,56.0
2020-08,R10,PADD 1,NCA,Canada,186.0,6.0
2020-08,R10,PADD 1,NIN,India,1001.0,32.0
2020-08,R10,PADD 1,NIT,Italy,184.0,6.0
2020-08,R10,PADD 1,NKS,Korea,363.0,12.0
2020-08,R10,PADD 1,Z00,,1734.0,56.0
2020-08,R40,PADD 4,ME0,OPEC Countries,44.0,1.0
2020-08,R40,PADD 4,MN0,Non-OPEC Countries,5.0,0.0
2020-08,R40,PADD 4,MP0,Persian Gulf Countries,44.0,1.0
2020-08,R40,PADD 4,NGT,Guatemala,5.0,0.0
2020-08,R40,PADD 4,NSA,Saudi Arabia,44.0,1.0
2020-08,R40,PADD 4,Z00,,49.0,2.0
2020-08,R50,PADD 5,MN0,Non-OPEC Countries,3358.0,108.0
2020-08,R50,PADD 5,NCA,Canada,20.0,1.0
2020-08,R50,PADD 5,NJA,Japan,440.0,14.0
2020-08,R50,PADD 5,NKS,Korea,2584.0,83.0
2020-08,R50,PADD 5,NSN,Singapore,314.0,10.0
2020-08,R50,PADD 5,Z00,,3358.0,108.0
2020-09,NUS,U.S.,ME0,OPEC Countries,806.0,27.0
2020-09,NUS,U.S.,MN0,Non-OPEC Countries,4254.0,142.0
2020-09,NUS,U.S.,MP0,Persian Gulf Countries,511.0,17.0
2020-09,NUS,U.S.,NAG,Algeria,295.0,10.0
2020-09,NUS,U.S.,NAR,Argentina,125.0,4.0
2020-09,NUS,U.S.,NCA,Canada,140.0,5.0
2020-09,NUS,U.S.,NCO,Colombia,99.0,3.0
2020-09,NUS,U.S.,NIN,India,465.0,16.0
2020-09,NUS,U.S.,NIT,Italy,265.0,9.0
2020-09,NUS,U.S.,NJA,Japan,295.0,10.0
2020-09,NUS,U.S.,NKS,Korea,2785.0,93.0
2020-09,NUS,U.S.,NKU,Kuwait,511.0,17.0
2020-09,NUS,U.S.,NRS,Russia,80.0,3.0
2020-09,NUS,U.S.,Z00,,5060.0,169.0
2020-09,R10,PADD 1,ME0,OPEC Countries,806.0,27.0
2020-09,R10,PADD 1,MN0,Non-OPEC Countries,982.0,33.0
2020-09,R10,PADD 1,MP0,Persian Gulf Countries,511.0,17.0
2020-09,R10,PADD 1,NAG,Algeria,295.0,10.0
2020-09,R10,PADD 1,NCA,Canada,140.0,5.0
2020-09,R10,PADD 1,NCO,Colombia,99.0,3.0
2020-09,R10,PADD 1,NIT,Italy,265.0,9.0
2020-09,R10,PADD 1,NKS,Korea,478.0,16.0
2020-09,R10,PADD 1,NKU,Kuwait,511.0,17.0
2020-09,R10,PADD 1,Z00,,1788.0,60.0
2020-09,R30,PADD 3,MN0,Non-OPEC Countries,873.0,29.0
2020-09,R30,PADD 3,NIN,India,465.0,16.0
2020-09,R30,PADD 3,NKS,Korea,328.0,11.0
2020-09,R30,PADD 3,NRS,Russia,80.0,3.0
2020-09,R30,PADD 3,Z00,,873.0,29.0
2020-09,R50,PADD 5,MN0,Non-OPEC Countries,2399.0,80.0
2020-09,R50,PADD 5,NAR,Argentina,125.0,4.0
2020-09,R50,PADD 5,NJA,Japan,295.0,10.0
2020-09,R50,PADD 5,NKS,Korea,1979.0,66.0
2020-09,R50,PADD 5,Z00,,2399.0,80.0
2020-10,NUS,U.S.,ME0,OPEC Countries,898.0,29.0
2020-10,NUS,U.S.,MN0,Non-OPEC Countries,3587.0,116.0
2020-10,NUS,U.S.,MP0,Persian Gulf Countries,898.0,29.0
2020-10,NUS,U.S.,NCA,Canada,271.0,9.0
2020-10,NUS,U.S.,NCO,Colombia,130.0,4.0
2020-10,NUS,U.S.,NKS,Korea,2863.0,92.0
2020-10,NUS,U.S.,NKU,Kuwait,294.0,9.0
2020-10,NUS,U.S.,NTC,United Arab Emirates,604.0,19.0
2020-10,NUS,U.S.,NUK,United Kingdom,323.0,10.0
2020-10,NUS,U.S.,Z00,,4485.0,145.0
2020-10,R10,PADD 1,ME0,OPEC Countries,898.0,29.0
2020-10,R10,PADD 1,MN0,Non-OPEC Countries,989.0,32.0
2020-10,R10,PADD 1,MP0,Persian Gulf Countries,898.0,29.0
2020-10,R10,PADD 1,NCA,Canada,248.0,8.0
2020-10,R10,PADD 1,NCO,Colombia,130.0,4.0
2020-10,R10,PADD 1,NKS,Korea,288.0,9.0
2020-10,R10,PADD 1,NKU,Kuwait,294.0,9.0
2020-10,R10,PADD 1,NTC,United Arab Emirates,604.0,19.0
2020-10,R10,PADD 1,NUK,United Kingdom,323.0,10.0
2020-10,R10,PADD 1,Z00,,1887.0,61.0
2020-10,R50,PADD 5,MN0,Non-OPEC Countries,2598.0,84.0
2020-10,R50,PADD 5,NCA,Canada,23.0,1.0
2020-10,R50,PADD 5,NKS,Korea,2575.0,83.0
2020-10,R50,PADD 5,Z00,,2598.0,84.0
2020-11,NUS,U.S.,ME0,OPEC Countries,945.0,32.0
2020-11,NUS,U.S.,MN0,Non-OPEC Countries,3492.0,116.0
2020-11,NUS,U.S.,MP0,Persian Gulf Countries,714.0,24.0
2020-11,NUS,U.S.,NAO,Angola,231.0,8.0
2020-11,NUS,U.S.,NBR,Brazil,3.0,0.0
2020-11,NUS,U.S.,NCA,Canada,325.0,11.0
2020-11,NUS,U.S.,NIN,India,55.0,2.0
2020-11,NUS,U.S.,NKS,Korea,3109.0,104.0
2020-11,NUS,U.S.,NKU,Kuwait,306.0,10.0
2020-11,NUS,U.S.,NSA,Saudi Arabia,320.0,11.0
2020-11,NUS,U.S.,NTC,United Arab Emirates,88.0,3.0
2020-11,NUS,U.S.,Z00,,4437.0,148.0
2020-11,R10,PADD 1,ME0,OPEC Countries,945.0,32.0
2020-11,R10,PADD 1,MN0,Non-OPEC Countries,650.0,22.0
2020-11,R10,PADD 1,MP0,Persian Gulf Countries,714.0,24.0
2020-11,R10,PADD 1,NAO,Angola,231.0,8.0
2020-11,R10,PADD 1,NBR,Brazil,3.0,0.0
2020-11,R10,PADD 1,NCA,Canada,273.0,9.0
2020-11,R10,PADD 1,NIN,India,55.0,2.0
2020-11,R10,PADD 1,NKS,Korea,319.0,11.0
2020-11,R10,PADD 1,NKU,Kuwait,306.0,10.0
2020-11,R10,PADD 1,NSA,Saudi Arabia,320.0,11.0
2020-11,R10,PADD 1,NTC,United Arab Emirates,88.0,3.0
2020-11,R10,PADD 1,Z00,,1595.0,53.0
2020-11,R20,PADD 2,MN0,Non-OPEC Countries,15.0,1.0
2020-11,R20,PADD 2,NCA,Canada,15.0,1.0
2020-11,R20,PADD 2,Z00,,15.0,1.0
2020-11,R40,PADD 4,MN0,Non-OPEC Countries,14.0,0.0
2020-11,R40,PADD 4,NCA,Canada,14.0,0.0
2020-11,R40,PADD 4,Z00,,14.0,0.0
2020-11,R50,PADD 5,MN0,Non-OPEC Countries,2813.0,94.0
2020-11,R50,PADD 5,NCA,Canada,23.0,1.0
2020-11,R50,PADD 5,NKS,Korea,2790.0,93.0
2020-11,R50,PADD 5,Z00,,2813.0,94.0
2020-12,NUS,U.S.,ME0,OPEC Countries,1112.0,36.0
2020-12,NUS,U.S.,MN0,Non-OPEC Countries,3125.0,101.0
2020-12,NUS,U.S.,MP0,Persian Gulf Countries,1112.0,36.0
2020-12,NUS,U.S.,NCA,Canada,421.0,14.0
2020-12,NUS,U.S.,NCO,Colombia,146.0,5.0
2020-12,NUS,U.S.,NKS,Korea,2228.0,72.0
2020-12,NUS,U.S.,NMX,Mexico,10.0,0.0
2020-12,NUS,U.S.,NMY,Malaysia,320.0,10.0
2020-12,NUS,U.S.,NSA,Saudi Arabia,987.0,32.0
2020-12,NUS,U.S.,NTC,United Arab Emirates,125.0,4.0
2020-12,NUS,U.S.,Z00,,4237.0,137.0
2020-12,R10,PADD 1,ME0,OPEC Countries,586.0,19.0
2020-12,R10,PADD 1,MN0,Non-OPEC Countries,758.0,24.0
2020-12,R10,PADD 1,MP0,Persian Gulf Countries,586.0,19.0
2020-12,R10,PADD 1,NCA,Canada,352.0,11.0
2020-12,R10,PADD 1,NCO,Colombia,146.0,5.0
2020-12,R10,PADD 1,NKS,Korea,250.0,8.0
2020-12,R10,PADD 1,NMX,Mexico,10.0,0.0
2020-12,R10,PADD 1,NSA,Saudi Arabia,461.0,15.0
2020-12,R10,PADD 1,NTC,United Arab Emirates,125.0,4.0
2020-12,R10,PADD 1,Z00,,1344.0,43.0
2020-12,R40,PADD 4,MN0,Non-OPEC Countries,26.0,1.0
2020-12,R40,PADD 4,NCA,Canada,26.0,1.0
2020-12,R40,PADD 4,Z00,,26.0,1.0
2020-12,R50,PADD 5,ME0,OPEC Countries,526.0,17.0
2020-12,R50,PADD 5,MN0,Non-OPEC Countries,2341.0,76.0
2020-12,R50,PADD 5,MP0,Persian Gulf Countries,526.0,17.0
2020-12,R50,PADD 5,NCA,Canada,43.0,1.0
2020-12,R50,PADD 5,NKS,Korea,1978.0,64.0
2020-12,R50,PADD 5,NMY,Malaysia,320.0,10.0
2020-12,R50,PADD 5,NSA,Saudi Arabia,526.0,17.0
2020-12,R50,PADD 5,Z00,,2867.0,92.0
2021-01,NUS,U.S.,ME0,OPEC Countries,175.0,6.0
2021-01,NUS,U.S.,MN0,Non-OPEC Countries,3678.0,119.0
2021-01,NUS,U.S.,MP0,Persian Gulf Countries,175.0,6.0
2021-01,NUS,U.S.,NCA,Canada,385.0,12.0
2021-01,NUS,U.S.,NCO,Colombia,69.0,2.0
2021-01,NUS,U.S.,NIN,India,515.0,17.0
2021-01,NUS,U.S.,NIT,Italy,524.0,17.0
2021-01,NUS,U.S.,NKS,Korea,2185.0,70.0
2021-01,NUS,U.S.,NTC,United Arab Emirates,175.0,6.0
2021-01,NUS,U.S.,Z00,,3853.0,124.0
2021-01,R10,PADD 1,ME0,OPEC Countries,175.0,6.0
2021-01,R10,PADD 1,MN0,Non-OPEC Countries,942.0,30.0
2021-01,R10,PADD 1,MP0,Persian Gulf Countries,175.0,6.0
2021-01,R10,PADD 1,NCA,Canada,349.0,11.0
2021-01,R10,PADD 1,NCO,Colombia,69.0,2.0
2021-01,R10,PADD 1,NIT,Italy,524.0,17.0
2021-01,R10,PADD 1,NTC,United Arab Emirates,175.0,6.0
2021-01,R10,PADD 1,Z00,,1117.0,36.0
2021-01,R40,PADD 4,MN0,Non-OPEC Countries,15.0,0.0
2021-01,R40,PADD 4,NCA,Canada,15.0,0.0
2021-01,R40,PADD 4,Z00,,15.0,0.0
2021-01,R50,PADD 5,MN0,Non-OPEC Countries,2721.0,88.0
2021-01,R50,PADD 5,NCA,Canada,21.0,1.0
2021-01,R50,PADD 5,NIN,India,515.0,17.0
2021-01,R50,PADD 5,NKS,Korea,2185.0,70.0
2021-01,R50,PADD 5,Z00,,2721.0,88.0
2021-02,NUS,U.S.,ME0,OPEC Countries,266.0,10.0
2021-02,NUS,U.S.,MN0,Non-OPEC Countries,2890.0,103.0
2021-02,NUS,U.S.,NAG,Algeria,266.0,10.0
2021-02,NUS,U.S.,NCA,Canada,333.0,12.0
2021-02,NUS,U.S.,NCO,Colombia,55.0,2.0
2021-02,NUS,U.S.,NKS,Korea,2502.0,89.0
2021-02,NUS,U.S.,Z00,,3156.0,113.0
2021-02,R10,PADD 1,ME0,OPEC Countries,266.0,10.0
2021-02,R10,PADD 1,MN0,Non-OPEC Countries,330.0,12.0
2021-02,R10,PADD 1,NAG,Algeria,266.0,10.0
2021-02,R10,PADD 1,NCA,Canada,275.0,10.0
2021-02,R10,PADD 1,NCO,Colombia,55.0,2.0
2021-02,R10,PADD 1,Z00,,596.0,21.0
2021-02,R40,PADD 4,MN0,Non-OPEC Countries,23.0,1.0
2021-02,R40,PADD 4,NCA,Canada,23.0,1.0
2021-02,R40,PADD 4,Z00,,23.0,1.0
2021-02,R50,PADD 5,MN0,Non-OPEC Countries,2537.0,91.0
2021-02,R50,PADD 5,NCA,Canada,35.0,1.0
2021-02,R50,PADD 5,NKS,Korea,2502.0,89.0
2021-02,R50,PADD 5,Z00,,2537.0,91.0
2021-03,NUS,U.S.,ME0,OPEC Countries,461.0,15.0
2021-03,NUS,U.S.,MN0,Non-OPEC Countries,2429.0,78.0
2021-03,NUS,U.S.,NAG,Algeria,461.0,15.0
2021-03,NUS,U.S.,NBX,Brunei,313.0,10.0
2021-03,NUS,U.S.,NCA,Canada,285.0,9.0
2021-03,NUS,U.S.,NKS,Korea,1294.0,42.0
2021-03,NUS,U.S.,NTW,Taiwan,309.0,10.0
2021-03,NUS,U.S.,NVQ,Virgin Islands,228.0,7.0
2021-03,NUS,U.S.,Z00,,2890.0,93.0
2021-03,R10,PADD 1,ME0,OPEC Countries,461.0,15.0
2021-03,R10,PADD 1,MN0,Non-OPEC Countries,561.0,18.0
2021-03,R10,PADD 1,NAG,Algeria,461.0,15.0
2021-03,R10,PADD 1,NCA,Canada,253.0,8.0
2021-03,R10,PADD 1,NKS,Korea,80.0,3.0
2021-03,R10,PADD 1,NVQ,Virgin Islands,228.0,7.0
2021-03,R10,PADD 1,Z00,,1022.0,33.0
2021-03,R40,PADD 4,MN0,Non-OPEC Countries,12.0,0.0
2021-03,R40,PADD 4,NCA,Canada,12.0,0.0
2021-03,R40,PADD 4,Z00,,12.0,0.0
2021-03,R50,PADD 5,MN0,Non-OPEC Countries,1856.0,60.0
2021-03,R50,PADD 5,NBX,Brunei,313.0,10.0
2021-03,R50,PADD 5,NCA,Canada,20.0,1.0
2021-03,R50,PADD 5,NKS,Korea,1214.0,39.0
2021-03,R50,PADD 5,NTW,Taiwan,309.0,10.0
2021-03,R50,PADD 5,Z00,,1856.0,60.0
2021-04,NUS,U.S.,ME0,OPEC Countries,882.0,29.0
2021-04,NUS,U.S.,MN0,Non-OPEC Countries,3356.0,112.0
2021-04,NUS,U.S.,MP0,Persian Gulf Countries,867.0,29.0
2021-04,NUS,U.S.,NAG,Algeria,15.0,1.0
2021-04,NUS,U.S.,NCA,Canada,196.0,7.0
2021-04,NUS,U.S.,NIN,India,157.0,5.0
2021-04,NUS,U.S.,NKS,Korea,2805.0,94.0
2021-04,NUS,U.S.,NKU,Kuwait,135.0,5.0
2021-04,NUS,U.S.,NTC,United Arab Emirates,732.0,24.0
2021-04,NUS,U.S.,NVQ,Virgin Islands,198.0,7.0
2021-04,NUS,U.S.,Z00,,4238.0,141.0
2021-04,R10,PADD 1,ME0,OPEC Countries,882.0,29.0
2021-04,R10,PADD 1,MN0,Non-OPEC Countries,617.0,21.0
2021-04,R10,PADD 1,MP0,Persian Gulf Countries,867.0,29.0
2021-04,R10,PADD 1,NAG,Algeria,15.0,1.0
2021-04,R10,PADD 1,NCA,Canada,136.0,5.0
2021-04,R10,PADD 1,NIN,India,157.0,5.0
2021-04,R10,PADD 1,NKS,Korea,126.0,4.0
2021-04,R10,PADD 1,NKU,Kuwait,135.0,5.0
2021-04,R10,PADD 1,NTC,United Arab Emirates,732.0,24.0
2021-04,R10,PADD 1,NVQ,Virgin Islands,198.0,7.0
2021-04,R10,PADD 1,Z00,,1499.0,50.0
2021-04,R40,PADD 4,MN0,Non-OPEC Countries,14.0,0.0
2021-04,R40,PADD 4,NCA,Canada,14.0,0.0
2021-04,R40,PADD 4,Z00,,14.0,0.0
2021-04,R50,PADD 5,MN0,Non-OPEC Countries,2725.0,91.0
2021-04,R50,PADD 5,NCA,Canada,46.0,2.0
2021-04,R50,PADD 5,NKS,Korea,2679.0,89.0
2021-04,R50,PADD 5,Z00,,2725.0,91.0
2021-05,NUS,U.S.,ME0,OPEC Countries,1022.0,33.0
2021-05,NUS,U.S.,MN0,Non-OPEC Countries,4798.0,155.0
2021-05,NUS,U.S.,MP0,Persian Gulf Countries,1022.0,33.0
2021-05,NUS,U.S.,NCA,Canada,439.0,14.0
2021-05,NUS,U.S.,NCH,China,303.0,10.0
2021-05,NUS,U.S.,NFR,France,309.0,10.0
2021-05,NUS,U.S.,NIN,India,547.0,18.0
2021-05,NUS,U.S.,NIT,Italy,34.0,1.0
2021-05,NUS,U.S.,NJA,Japan,28.0,1.0
2021-05,NUS,U.S.,NKS,Korea,3138.0,101.0
2021-05,NUS,U.S.,NKU,Kuwait,425.0,14.0
2021-05,NUS,U.S.,NSA,Saudi Arabia,201.0,6.0
2021-05,NUS,U.S.,NTC,United Arab Emirates,396.0,13.0
2021-05,NUS,U.S.,Z00,,5820.0,188.0
2021-05,R10,PADD 1,ME0,OPEC Countries,1022.0,33.0
2021-05,R10,PADD 1,MN0,Non-OPEC Countries,1192.0,38.0
2021-05,R10,PADD 1,MP0,Persian Gulf Countries,1022.0,33.0
2021-05,R10,PADD 1,NCA,Canada,127.0,4.0
2021-05,R10,PADD 1,NFR,France,309.0,10.0
2021-05,R10,PADD 1,NIN,India,547.0,18.0
2021-05,R10,PADD 1,NIT,Italy,34.0,1.0
2021-05,R10,PADD 1,NKS,Korea,175.0,6.0
2021-05,R10,PADD 1,NKU,Kuwait,425.0,14.0
2021-05,R10,PADD 1,NSA,Saudi Arabia,201.0,6.0
2021-05,R10,PADD 1,NTC,United Arab Emirates,396.0,13.0
2021-05,R10,PADD 1,Z00,,2214.0,71.0
2021-05,R20,PADD 2,MN0,Non-OPEC Countries,37.0,1.0
2021-05,R20,PADD 2,NCA,Canada,37.0,1.0
2021-05,R20,PADD 2,Z00,,37.0,1.0
2021-05,R40,PADD 4,MN0,Non-OPEC Countries,226.0,7.0
2021-05,R40,PADD 4,NCA,Canada,226.0,7.0
2021-05,R40,PADD 4,Z00,,226.0,7.0
2021-05,R50,PADD 5,MN0,Non-OPEC Countries,3343.0,108.0
2021-05,R50,PADD 5,NCA,Canada,49.0,2.0
2021-05,R50,PADD 5,NCH,China,303.0,10.0
2021-05,R50,PADD 5,NJA,Japan,28.0,1.0
2021-05,R50,PADD 5,NKS,Korea,2963.0,96.0
2021-05,R50,PADD 5,Z00,,3343.0,108.0
2021-06,NUS,U.S.,ME0,OPEC Countries,1053.0,35.0
2021-06,NUS,U.S.,MN0,Non-OPEC Countries,4304.0,143.0
2021-06,NUS,U.S.,MP0,Persian Gulf Countries,987.0,33.0
2021-06,NUS,U.S.,NCA,Canada,913.0,30.0
2021-06,NUS,U.S.,NCH,China,303.0,10.0
2021-06,NUS,U.S.,NIN,India,516.0,17.0
2021-06,NUS,U.S.,NJA,Japan,555.0,19.0
2021-06,NUS,U.S.,NKS,Korea,2017.0,67.0
2021-06,NUS,U.S.,NKU,Kuwait,351.0,12.0
2021-06,NUS,U.S.,NNI,Nigeria,66.0,2.0
2021-06,NUS,U.S.,NSA,Saudi Arabia,152.0,5.0
2021-06,NUS,U.S.,NTC,United Arab Emirates,484.0,16.0
2021-06,NUS,U.S.,Z00,,5357.0,179.0
2021-06,R10,PADD 1,ME0,OPEC Countries,1053.0,35.0
2021-06,R10,PADD 1,MN0,Non-OPEC Countries,1823.0,61.0
2021-06,R10,PADD 1,MP0,Persian Gulf Countries,987.0,33.0
2021-06,R10,PADD 1,NCA,Canada,348.0,12.0
2021-06,R10,PADD 1,NIN,India,516.0,17.0
2021-06,R10,PADD 1,NJA,Japan,248.0,8.0
2021-06,R10,PADD 1,NKS,Korea,711.0,24.0
2021-06,R10,PADD 1,NKU,Kuwait,351.0,12.0
2021-06,R10,PADD 1,NNI,Nigeria,66.0,2.0
2021-06,R10,PADD 1,NSA,Saudi Arabia,152.0,5.0
2021-06,R10,PADD 1,NTC,United Arab Emirates,484.0,16.0
2021-06,R10,PADD 1,Z00,,2876.0,96.0
2021-06,R40,PADD 4,MN0,Non-OPEC Countries,25.0,1.0
2021-06,R40,PADD 4,NCA,Canada,25.0,1.0
2021-06,R40,PADD 4,Z00,,25.0,1.0
2021-06,R50,PADD 5,MN0,Non-OPEC Countries,2456.0,82.0
2021-06,R50,PADD 5,NCA,Canada,540.0,18.0
2021-06,R50,PADD 5,NCH,China,303.0,10.0
2021-06,R50,PADD 5,NJA,Japan,307.0,10.0
2021-06,R50,PADD 5,NKS,Korea,1306.0,44.0
2021-06,R50,PADD 5,Z00,,2456.0,82.0
2021-07,NUS,U.S.,ME0,OPEC Countries,587.0,19.0
2021-07,NUS,U.S.,MN0,Non-OPEC Countries,3732.0,120.0
2021-07,NUS,U.S.,MP0,Persian Gulf Countries,587.0,19.0
2021-07,NUS,U.S.,NCA,Canada,513.0,17.0
2021-07,NUS,U.S.,NIN,India,325.0,10.0
2021-07,NUS,U.S.,NIT,Italy,505.0,16.0
2021-07,NUS,U.S.,NJA,Japan,651.0,21.0
2021-07,NUS,U.S.,NKS,Korea,1738.0,56.0
2021-07,NUS,U.S.,NKU,Kuwait,13.0,0.0
2021-07,NUS,U.S.,NSA,Saudi Arabia,190.0,6.0
2021-07,NUS,U.S.,NTC,United Arab Emirates,384.0,12.0
2021-07,NUS,U.S.,Z00,,4319.0,139.0
2021-07,R10,PADD 1,ME0,OPEC Countries,587.0,19.0
2021-07,R10,PADD 1,MN0,Non-OPEC Countries,1175.0,38.0
2021-07,R10,PADD 1,MP0,Persian Gulf Countries,587.0,19.0
2021-07,R10,PADD 1,NCA,Canada,345.0,11.0
2021-07,R10,PADD 1,NIN,India,325.0,10.0
2021-07,R10,PADD 1,NIT,Italy,505.0,16.0
2021-07,R10,PADD 1,NKU,Kuwait,13.0,0.0
2021-07,R10,PADD 1,NSA,Saudi Arabia,190.0,6.0
2021-07,R10,PADD 1,NTC,United Arab Emirates,384.0,12.0
2021-07,R10,PADD 1,Z00,,1762.0,57.0
2021-07,R40,PADD 4,MN0,Non-OPEC Countries,73.0,2.0
2021-07,R40,PADD 4,NCA,Canada,73.0,2.0
2021-07,R40,PADD 4,Z00,,73.0,2.0
2021-07,R50,PADD 5,MN0,Non-OPEC Countries,2484.0,80.0
2021-07,R50,PADD 5,NCA,Canada,95.0,3.0
2021-07,R50,PADD 5,NJA,Japan,651.0,21.0
2021-07,R50,PADD 5,NKS,Korea,1738.0,56.0
2021-07,R50,PADD 5,Z00,,2484.0,80.0
2021-08,NUS,U.S.,ME0,OPEC Countries,1011.0,33.0
2021-08,NUS,U.S.,MN0,Non-OPEC Countries,5941.0,192.0
2021-08,NUS,U.S.,MP0,Persian Gulf Countries,801.0,26.0
2021-08,NUS,U.S.,NAG,Algeria,211.0,7.0
2021-08,NUS,U.S.,NBE,Belgium,287.0,9.0
2021-08,NUS,U.S.,NCA,Canada,521.0,17.0
2021-08,NUS,U.S.,NCO,Colombia,1.0,0.0
2021-08,NUS,U.S.,NID,Indonesia,2.0,0.0
2021-08,NUS,U.S.,NIN,India,372.0,12.0
2021-08,NUS,U.S.,NJA,Japan,787.0,25.0
2021-08,NUS,U.S.,NKS,Korea,2958.0,95.0
2021-08,NUS,U.S.,NKU,Kuwait,556.0,18.0
2021-08,NUS,U.S.,NMU,Oman,2.0,0.0
2021-08,NUS,U.S.,NNL,Netherlands,300.0,10.0
2021-08,NUS,U.S.,NPO,Portugal,50.0,2.0
2021-08,NUS,U.S.,NQA,Qatar,1.0,0.0
2021-08,NUS,U.S.,NRM,Marshall Islands,329.0,11.0
2021-08,NUS,U.S.,NSA,Saudi Arabia,38.0,1.0
2021-08,NUS,U.S.,NSN,Singapore,331.0,11.0
2021-08,NUS,U.S.,NTC,United Arab Emirates,206.0,7.0
2021-08,NUS,U.S.,Z00,,6952.0,224.0
2021-08,R10,PADD 1,ME0,OPEC Countries,1011.0,33.0
2021-08,R10,PADD 1,MN0,Non-OPEC Countries,1027.0,33.0
2021-08,R10,PADD 1,MP0,Persian Gulf Countries,801.0,26.0
2021-08,R10,PADD 1,NAG,Algeria,211.0,7.0
2021-08,R10,PADD 1,NBE,Belgium,287.0,9.0
2021-08,R10,PADD 1,NCA,Canada,362.0,12.0
2021-08,R10,PADD 1,NCO,Colombia,1.0,0.0
2021-08,R10,PADD 1,NID,Indonesia,2.0,0.0
2021-08,R10,PADD 1,NIN,India,372.0,12.0
2021-08,R10,PADD 1,NKU,Kuwait,556.0,18.0
2021-08,R10,PADD 1,NMU,Oman,2.0,0.0
2021-08,R10,PADD 1,NQA,Qatar,1.0,0.0
2021-08,R10,PADD 1,NSA,Saudi Arabia,38.0,1.0
2021-08,R10,PADD 1,NTC,United Arab Emirates,206.0,7.0
2021-08,R10,PADD 1,Z00,,2038.0,66.0
2021-08,R40,PADD 4,MN0,Non-OPEC Countries,60.0,2.0
2021-08,R40,PADD 4,NCA,Canada,60.0,2.0
2021-08,R40,PADD 4,Z00,,60.0,2.0
2021-08,R50,PADD 5,MN0,Non-OPEC Countries,4854.0,157.0
2021-08,R50,PADD 5,NCA,Canada,99.0,3.0
2021-08,R50,PADD 5,NJA,Japan,787.0,25.0
2021-08,R50,PADD 5,NKS,Korea,2958.0,95.0
2021-08,R50,PADD 5,NNL,Netherlands,300.0,10.0
2021-08,R50,PADD 5,NPO,Portugal,50.0,2.0
2021-08,R50,PADD 5,NRM,Marshall Islands,329.0,11.0
2021-08,R50,PADD 5,NSN,Singapore,331.0,11.0
2021-08,R50,PADD 5,Z00,,4854.0,157.0
2021-09,NUS,U.S.,ME0,OPEC Countries,286.0,10.0
2021-09,NUS,U.S.,MN0,Non-OPEC Countries,6362.0,212.0
2021-09,NUS,U.S.,MP0,Persian Gulf Countries,182.0,6.0
2021-09,NUS,U.S.,NAG,Algeria,104.0,3.0
2021-09,NUS,U.S.,NCA,Canada,113.0,4.0
2021-09,NUS,U.S.,NIN,India,1386.0,46.0
2021-09,NUS,U.S.,NJA,Japan,817.0,27.0
2021-09,NUS,U.S.,NKS,Korea,3882.0,129.0
2021-09,NUS,U.S.,NKU,Kuwait,93.0,3.0
2021-09,NUS,U.S.,NSA,Saudi Arabia,89.0,3.0
2021-09,NUS,U.S.,NSN,Singapore,164.0,5.0
2021-09,NUS,U.S.,Z00,,6648.0,222.0
2021-09,R10,PADD 1,ME0,OPEC Countries,286.0,10.0
2021-09,R10,PADD 1,MN0,Non-OPEC Countries,1889.0,63.0
2021-09,R10,PADD 1,MP0,Persian Gulf Countries,182.0,6.0
2021-09,R10,PADD 1,NAG,Algeria,104.0,3.0
2021-09,R10,PADD 1,NCA,Canada,46.0,2.0
2021-09,R10,PADD 1,NIN,India,1386.0,46.0
2021-09,R10,PADD 1,NKS,Korea,293.0,10.0
2021-09,R10,PADD 1,NKU,Kuwait,93.0,3.0
2021-09,R10,PADD 1,NSA,Saudi Arabia,89.0,3.0
2021-09,R10,PADD 1,NSN,Singapore,164.0,5.0
2021-09,R10,PADD 1,Z00,,2175.0,73.0
2021-09,R50,PADD 5,MN0,Non-OPEC Countries,4473.0,149.0
2021-09,R50,PADD 5,NCA,Canada,67.0,2.0
2021-09,R50,PADD 5,NJA,Japan,817.0,27.0
2021-09,R50,PADD 5,NKS,Korea,3589.0,120.0
2021-09,R50,PADD 5,Z00,,4473.0,149.0
2021-10,NUS,U.S.,ME0,OPEC Countries,1428.0,46.0
2021-10,NUS,U.S.,MN0,Non-OPEC Countries,5339.0,172.0
2021-10,NUS,U.S.,MP0,Persian Gulf Countries,1126.0,36.0
2021-10,NUS,U.S.,NAG,Algeria,145.0,5.0
2021-10,NUS,U.S.,NCA,Canada,70.0,2.0
2021-10,NUS,U.S.,NIN,India,844.0,27.0
2021-10,NUS,U.S.,NIT,Italy,307.0,10.0
2021-10,NUS,U.S.,NJA,Japan,301.0,10.0
2021-10,NUS,U.S.,NKS,Korea,3120.0,101.0
2021-10,NUS,U.S.,NLY,Libya,157.0,5.0
2021-10,NUS,U.S.,NMU,Oman,413.0,13.0
2021-10,NUS,U.S.,NRS,Russia,284.0,9.0
2021-10,NUS,U.S.,NSA,Saudi Arabia,836.0,27.0
2021-10,NUS,U.S.,NTC,United Arab Emirates,290.0,9.0
2021-10,NUS,U.S.,Z00,,6767.0,218.0
2021-10,R10,PADD 1,ME0,OPEC Countries,1428.0,46.0
2021-10,R10,PADD 1,MN0,Non-OPEC Countries,2527.0,82.0
2021-10,R10,PADD 1,MP0,Persian Gulf Countries,1126.0,36.0
2021-10,R10,PADD 1,NAG,Algeria,145.0,5.0
2021-10,R10,PADD 1,NCA,Canada,46.0,1.0
2021-10,R10,PADD 1,NIN,India,844.0,27.0
2021-10,R10,PADD 1,NIT,Italy,307.0,10.0
2021-10,R10,PADD 1,NKS,Korea,633.0,20.0
2021-10,R10,PADD 1,NLY,Libya,157.0,5.0
2021-10,R10,PADD 1,NMU,Oman,413.0,13.0
2021-10,R10,PADD 1,NRS,Russia,284.0,9.0
2021-10,R10,PADD 1,NSA,Saudi Arabia,836.0,27.0
2021-10,R10,PADD 1,NTC,United Arab Emirates,290.0,9.0
2021-10,R10,PADD 1,Z00,,3955.0,128.0
2021-10,R50,PADD 5,MN0,Non-OPEC Countries,2812.0,91.0
2021-10,R50,PADD 5,NCA,Canada,24.0,1.0
2021-10,R50,PADD 5,NJA,Japan,301.0,10.0
2021-10,R50,PADD 5,NKS,Korea,2487.0,80.0
2021-10,R50,PADD 5,Z00,,2812.0,91.0
2021-11,NUS,U.S.,ME0,OPEC Countries,79.0,3.0
2021-11,NUS,U.S.,MN0,Non-OPEC Countries,3298.0,110.0
2021-11,NUS,U.S.,MP0,Persian Gulf Countries,79.0,3.0
2021-11,NUS,U.S.,NCA,Canada,251.0,8.0
2021-11,NUS,U.S.,NCH,China,301.0,10.0
2021-11,NUS,U.S.,NIN,India,299.0,10.0
2021-11,NUS,U.S.,NJA,Japan,156.0,5.0
2021-11,NUS,U.S.,NKS,Korea,2291.0,76.0
2021-11,NUS,U.S.,NKU,Kuwait,79.0,3.0
2021-11,NUS,U.S.,Z00,,3377.0,113.0
2021-11,R10,PADD 1,ME0,OPEC Countries,79.0,3.0
2021-11,R10,PADD 1,MN0,Non-OPEC Countries,701.0,23.0
2021-11,R10,PADD 1,MP0,Persian Gulf Countries,79.0,3.0
2021-11,R10,PADD 1,NCA,Canada,191.0,6.0
2021-11,R10,PADD 1,NIN,India,299.0,10.0
2021-11,R10,PADD 1,NJA,Japan,156.0,5.0
2021-11,R10,PADD 1,NKS,Korea,55.0,2.0
2021-11,R10,PADD 1,NKU,Kuwait,79.0,3.0
2021-11,R10,PADD 1,Z00,,780.0,26.0
2021-11,R50,PADD 5,MN0,Non-OPEC Countries,2597.0,87.0
2021-11,R50,PADD 5,NCA,Canada,60.0,2.0
2021-11,R50,PADD 5,NCH,China,301.0,10.0
2021-11,R50,PADD 5,NKS,Korea,2236.0,75.0
2021-11,R50,PADD 5,Z00,,2597.0,87.0
2021-12,NUS,U.S.,ME0,OPEC Countries,1286.0,41.0
2021-12,NUS,U.S.,MN0,Non-OPEC Countries,3151.0,102.0
2021-12,NUS,U.S.,MP0,Persian Gulf Countries,1286.0,41.0
2021-12,NUS,U.S.,NCA,Canada,503.0,16.0
2021-12,NUS,U.S.,NIN,India,696.0,22.0
2021-12,NUS,U.S.,NKS,Korea,1424.0,46.0
2021-12,NUS,U.S.,NKU,Kuwait,695.0,22.0
2021-12,NUS,U.S.,NLI,Liberia,294.0,9.0
2021-12,NUS,U.S.,NRS,Russia,234.0,8.0
2021-12,NUS,U.S.,NSA,Saudi Arabia,591.0,19.0
2021-12,NUS,U.S.,Z00,,4437.0,143.0
2021-12,R10,PADD 1,ME0,OPEC Countries,1286.0,41.0
2021-12,R10,PADD 1,MN0,Non-OPEC Countries,1385.0,45.0
2021-12,R10,PADD 1,MP0,Persian Gulf Countries,1286.0,41.0
2021-12,R10,PADD 1,NCA,Canada,455.0,15.0
2021-12,R10,PADD 1,NIN,India,696.0,22.0
2021-12,R10,PADD 1,NKU,Kuwait,695.0,22.0
2021-12,R10,PADD 1,NRS,Russia,234.0,8.0
2021-12,R10,PADD 1,NSA,Saudi Arabia,591.0,19.0
2021-12,R10,PADD 1,Z00,,2671.0,86.0
2021-12,R40,PADD 4,MN0,Non-OPEC Countries,36.0,1.0
2021-12,R40,PADD 4,NCA,Canada,36.0,1.0
2021-12,R40,PADD 4,Z00,,36.0,1.0
2021-12,R50,PADD 5,MN0,Non-OPEC Countries,1730.0,56.0
2021-12,R50,PADD 5,NCA,Canada,12.0,0.0
2021-12,R50,PADD 5,NKS,Korea,1424.0,46.0
2021-12,R50,PADD 5,NLI,Liberia,294.0,9.0
2021-12,R50,PADD 5,Z00,,1730.0,56.0
2022-01,NUS,U.S.,ME0,OPEC Countries,382.0,12.0
2022-01,NUS,U.S.,MN0,Non-OPEC Countries,3571.0,115.0
2022-01,NUS,U.S.,MP0,Persian Gulf Countries,824.0,27.0
2022-01,NUS,U.S.,NCA,Canada,208.0,7.0
2022-01,NUS,U.S.,NKS,Korea,2271.0,73.0
2022-01,NUS,U.S.,NKU,Kuwait,340.0,11.0
2022-01,NUS,U.S.,NQA,Qatar,442.0,14.0
2022-01,NUS,U.S.,NSA,Saudi Arabia,42.0,1.0
2022-01,NUS,U.S.,NTW,Taiwan,650.0,21.0
2022-01,NUS,U.S.,Z00,,3953.0,128.0
2022-01,R10,PADD 1,ME0,OPEC Countries,382.0,12.0
2022-01,R10,PADD 1,MN0,Non-OPEC Countries,551.0,18.0
2022-01,R10,PADD 1,MP0,Persian Gulf Countries,824.0,27.0
2022-01,R10,PADD 1,NCA,Canada,109.0,4.0
2022-01,R10,PADD 1,NKU,Kuwait,340.0,11.0
2022-01,R10,PADD 1,NQA,Qatar,442.0,14.0
2022-01,R10,PADD 1,NSA,Saudi Arabia,42.0,1.0
2022-01,R10,PADD 1,Z00,,933.0,30.0
2022-01,R40,PADD 4,MN0,Non-OPEC Countries,53.0,2.0
2022-01,R40,PADD 4,NCA,Canada,53.0,2.0
2022-01,R40,PADD 4,Z00,,53.0,2.0
2022-01,R50,PADD 5,MN0,Non-OPEC Countries,2967.0,96.0
2022-01,R50,PADD 5,NCA,Canada,46.0,1.0
2022-01,R50,PADD 5,NKS,Korea,2271.0,73.0
2022-01,R50,PADD 5,NTW,Taiwan,650.0,21.0
2022-01,R50,PADD 5,Z00,,2967.0,96.0
2022-02,NUS,U.S.,ME0,OPEC Countries,406.0,15.0
2022-02,NUS,U.S.,MN0,Non-OPEC Countries,2652.0,95.0
2022-02,NUS,U.S.,MP0,Persian Gulf Countries,406.0,15.0
2022-02,NUS,U.S.,NCA,Canada,188.0,7.0
2022-02,NUS,U.S.,NCH,China,316.0,11.0
2022-02,NUS,U.S.,NKS,Korea,2093.0,75.0
2022-02,NUS,U.S.,NKU,Kuwait,16.0,1.0
2022-02,NUS,U.S.,NSA,Saudi Arabia,115.0,4.0
2022-02,NUS,U.S.,NSN,Singapore,55.0,2.0
2022-02,NUS,U.S.,NTC,United Arab Emirates,275.0,10.0
2022-02,NUS,U.S.,Z00,,3058.0,109.0
2022-02,R10,PADD 1,ME0,OPEC Countries,406.0,15.0
2022-02,R10,PADD 1,MN0,Non-OPEC Countries,500.0,18.0
2022-02,R10,PADD 1,MP0,Persian Gulf Countries,406.0,15.0
2022-02,R10,PADD 1,NCA,Canada,136.0,5.0
2022-02,R10,PADD 1,NKS,Korea,364.0,13.0
2022-02,R10,PADD 1,NKU,Kuwait,16.0,1.0
2022-02,R10,PADD 1,NSA,Saudi Arabia,115.0,4.0
2022-02,R10,PADD 1,NTC,United Arab Emirates,275.0,10.0
2022-02,R10,PADD 1,Z00,,906.0,32.0
2022-02,R40,PADD 4,MN0,Non-OPEC Countries,7.0,0.0
2022-02,R40,PADD 4,NCA,Canada,7.0,0.0
2022-02,R40,PADD 4,Z00,,7.0,0.0
2022-02,R50,PADD 5,MN0,Non-OPEC Countries,2145.0,77.0
2022-02,R50,PADD 5,NCA,Canada,45.0,2.0
2022-02,R50,PADD 5,NCH,China,316.0,11.0
2022-02,R50,PADD 5,NKS,Korea,1729.0,62.0
2022-02,R50,PADD 5,NSN,Singapore,55.0,2.0
2022-02,R50,PADD 5,Z00,,2145.0,77.0
2022-03,NUS,U.S.,ME0,OPEC Countries,547.0,18.0
2022-03,NUS,U.S.,MN0,Non-OPEC Countries,3306.0,107.0
2022-03,NUS,U.S.,MP0,Persian Gulf Countries,547.0,18.0
2022-03,NUS,U.S.,NCA,Canada,463.0,15.0
2022-03,NUS,U.S.,NJA,Japan,259.0,8.0
2022-03,NUS,U.S.,NKS,Korea,2249.0,73.0
2022-03,NUS,U.S.,NKU,Kuwait,308.0,10.0
2022-03,NUS,U.S.,NMX,Mexico,10.0,0.0
2022-03,NUS,U.S.,NSA,Saudi Arabia,239.0,8.0
2022-03,NUS,U.S.,NTW,Taiwan,325.0,10.0
2022-03,NUS,U.S.,Z00,,3853.0,124.0
2022-03,R10,PADD 1,ME0,OPEC Countries,547.0,18.0
2022-03,R10,PADD 1,MN0,Non-OPEC Countries,849.0,27.0
2022-03,R10,PADD 1,MP0,Persian Gulf Countries,547.0,18.0
2022-03,R10,PADD 1,NCA,Canada,342.0,11.0
2022-03,R10,PADD 1,NJA,Japan,259.0,8.0
2022-03,R10,PADD 1,NKS,Korea,238.0,8.0
2022-03,R10,PADD 1,NKU,Kuwait,308.0,10.0
2022-03,R10,PADD 1,NMX,Mexico,10.0,0.0
2022-03,R10,PADD 1,NSA,Saudi Arabia,239.0,8.0
2022-03,R10,PADD 1,Z00,,1396.0,45.0
2022-03,R40,PADD 4,MN0,Non-OPEC Countries,38.0,1.0
2022-03,R40,PADD 4,NCA,Canada,38.0,1.0
2022-03,R40,PADD 4,Z00,,38.0,1.0
2022-03,R50,PADD 5,MN0,Non-OPEC Countries,2419.0,78.0
2022-03,R50,PADD 5,NCA,Canada,83.0,3.0
2022-03,R50,PADD 5,NKS,Korea,2011.0,65.0
2022-03,R50,PADD 5,NTW,Taiwan,325.0,10.0
2022-03,R50,PADD 5,Z00,,2419.0,78.0
2022-04,NUS,U.S.,ME0,OPEC Countries,175.0,6.0
2022-04,NUS,U.S.,MN0,Non-OPEC Countries,3511.0,117.0
2022-04,NUS,U.S.,MP0,Persian Gulf Countries,175.0,6.0
2022-04,NUS,U.S.,NCA,Canada,437.0,15.0
2022-04,NUS,U.S.,NCH,China,303.0,10.0
2022-04,NUS,U.S.,NIN,India,578.0,19.0
2022-04,NUS,U.S.,NJA,Japan,224.0,7.0
2022-04,NUS,U.S.,NKS,Korea,1881.0,63.0
2022-04,NUS,U.S.,NKU,Kuwait,175.0,6.0
2022-04,NUS,U.S.,NSN,Singapore,88.0,3.0
2022-04,NUS,U.S.,Z00,,3686.0,123.0
2022-04,R10,PADD 1,ME0,OPEC Countries,175.0,6.0
2022-04,R10,PADD 1,MN0,Non-OPEC Countries,1083.0,36.0
2022-04,R10,PADD 1,MP0,Persian Gulf Countries,175.0,6.0
2022-04,R10,PADD 1,NCA,Canada,385.0,13.0
2022-04,R10,PADD 1,NIN,India,578.0,19.0
2022-04,R10,PADD 1,NKS,Korea,120.0,4.0
2022-04,R10,PADD 1,NKU,Kuwait,175.0,6.0
2022-04,R10,PADD 1,Z00,,1258.0,42.0
2022-04,R20,PADD 2,MN0,Non-OPEC Countries,34.0,1.0
2022-04,R20,PADD 2,NCA,Canada,34.0,1.0
2022-04,R20,PADD 2,Z00,,34.0,1.0
2022-04,R40,PADD 4,MN0,Non-OPEC Countries,18.0,1.0
2022-04,R40,PADD 4,NCA,Canada,18.0,1.0
2022-04,R40,PADD 4,Z00,,18.0,1.0
2022-04,R50,PADD 5,MN0,Non-OPEC Countries,2376.0,79.0
2022-04,R50,PADD 5,NCH,China,303.0,10.0
2022-04,R50,PADD 5,NJA,Japan,224.0,7.0
2022-04,R50,PADD 5,NKS,Korea,1761.0,59.0
2022-04,R50,PADD 5,NSN,Singapore,88.0,3.0
2022-04,R50,PADD 5,Z00,,2376.0,79.0
2022-05,NUS,U.S.,ME0,OPEC Countries,200.0,6.0
2022-05,NUS,U.S.,MN0,Non-OPEC Countries,3635.0,117.0
2022-05,NUS,U.S.,MP0,Persian Gulf Countries,200.0,6.0
2022-05,NUS,U.S.,NCA,Canada,479.0,15.0
2022-05,NUS,U.S.,NJA,Japan,854.0,28.0
2022-05,NUS,U.S.,NKS,Korea,1979.0,64.0
2022-05,NUS,U.S.,NKU,Kuwait,200.0,6.0
2022-05,NUS,U.S.,NRM,Marshall Islands,323.0,10.0
2022-05,NUS,U.S.,Z00,,3835.0,124.0
2022-05,R10,PADD 1,ME0,OPEC Countries,200.0,6.0
2022-05,R10,PADD 1,MN0,Non-OPEC Countries,386.0,12.0
2022-05,R10,PADD 1,MP0,Persian Gulf Countries,200.0,6.0
2022-05,R10,PADD 1,NCA,Canada,386.0,12.0
2022-05,R10,PADD 1,NKU,Kuwait,200.0,6.0
2022-05,R10,PADD 1,Z00,,586.0,19.0
2022-05,R40,PADD 4,MN0,Non-OPEC Countries,58.0,2.0
2022-05,R40,PADD 4,NCA,Canada,58.0,2.0
2022-05,R40,PADD 4,Z00,,58.0,2.0
2022-05,R50,PADD 5,MN0,Non-OPEC Countries,3191.0,103.0
2022-05,R50,PADD 5,NCA,Canada,35.0,1.0
2022-05,R50,PADD 5,NJA,Japan,854.0,28.0
2022-05,R50,PADD 5,NKS,Korea,1979.0,64.0
2022-05,R50,PADD 5,NRM,Marshall Islands,323.0,10.0
2022-05,R50,PADD 5,Z00,,3191.0,103.0
2022-06,NUS,U.S.,ME0,OPEC Countries,141.0,5.0
2022-06,NUS,U.S.,MN0,Non-OPEC Countries,3661.0,122.0
2022-06,NUS,U.S.,MP0,Persian Gulf Countries,141.0,5.0
2022-06,NUS,U.S.,NCA,Canada,310.0,10.0
2022-06,NUS,U.S.,NHK,Hong Kong,329.0,11.0
2022-06,NUS,U.S.,NJA,Japan,973.0,32.0
2022-06,NUS,U.S.,NKS,Korea,1966.0,66.0
2022-06,NUS,U.S.,NKU,Kuwait,141.0,5.0
2022-06,NUS,U.S.,NSN,Singapore,83.0,3.0
2022-06,NUS,U.S.,Z00,,3802.0,127.0
2022-06,R10,PADD 1,ME0,OPEC Countries,141.0,5.0
2022-06,R10,PADD 1,MN0,Non-OPEC Countries,224.0,7.0
2022-06,R10,PADD 1,MP0,Persian Gulf Countries,141.0,5.0
2022-06,R10,PADD 1,NCA,Canada,224.0,7.0
2022-06,R10,PADD 1,NKU,Kuwait,141.0,5.0
2022-06,R10,PADD 1,Z00,,365.0,12.0
2022-06,R40,PADD 4,MN0,Non-OPEC Countries,45.0,2.0
2022-06,R40,PADD 4,NCA,Canada,45.0,2.0
2022-06,R40,PADD 4,Z00,,45.0,2.0
2022-06,R50,PADD 5,MN0,Non-OPEC Countries,3392.0,113.0
2022-06,R50,PADD 5,NCA,Canada,41.0,1.0
2022-06,R50,PADD 5,NHK,Hong Kong,329.0,11.0
2022-06,R50,PADD 5,NJA,Japan,973.0,32.0
2022-06,R50,PADD 5,NKS,Korea,1966.0,66.0
2022-06,R50,PADD 5,NSN,Singapore,83.0,3.0
2022-06,R50,PADD 5,Z00,,3392.0,113.0
2022-07,NUS,U.S.,MN0,Non-OPEC Countries,4298.0,139.0
2022-07,NUS,U.S.,NCA,Canada,405.0,13.0
2022-07,NUS,U.S.,NCH,China,314.0,10.0
2022-07,NUS,U.S.,NHK,Hong Kong,153.0,5.0
2022-07,NUS,U.S.,NJA,Japan,849.0,27.0
2022-07,NUS,U.S.,NKS,Korea,2446.0,79.0
2022-07,NUS,U.S.,NRM,Marshall Islands,131.0,4.0
2022-07,NUS,U.S.,Z00,,4298.0,139.0
2022-07,R10,PADD 1,MN0,Non-OPEC Countries,640.0,21.0
2022-07,R10,PADD 1,NCA,Canada,328.0,11.0
2022-07,R10,PADD 1,NKS,Korea,312.0,10.0
2022-07,R10,PADD 1,Z00,,640.0,21.0
2022-07,R40,PADD 4,MN0,Non-OPEC Countries,65.0,2.0
2022-07,R40,PADD 4,NCA,Canada,65.0,2.0
2022-07,R40,PADD 4,Z00,,65.0,2.0
2022-07,R50,PADD 5,MN0,Non-OPEC Countries,3593.0,116.0
2022-07,R50,PADD 5,NCA,Canada,12.0,0.0
2022-07,R50,PADD 5,NCH,China,314.0,10.0
2022-07,R50,PADD 5,NHK,Hong Kong,153.0,5.0
2022-07,R50,PADD 5,NJA,Japan,849.0,27.0
2022-07,R50,PADD 5,NKS,Korea,2134.0,69.0
2022-07,R50,PADD 5,NRM,Marshall Islands,131.0,4.0
2022-07,R50,PADD 5,Z00,,3593.0,116.0
2022-08,NUS,U.S.,MN0,Non-OPEC Countries,2646.0,85.0
2022-08,NUS,U.S.,NCA,Canada,329.0,11.0
2022-08,NUS,U.S.,NIN,India,256.0,8.0
2022-08,NUS,U.S.,NJA,Japan,850.0,27.0
2022-08,NUS,U.S.,NKS,Korea,1211.0,39.0
2022-08,NUS,U.S.,Z00,,2646.0,85.0
2022-08,R10,PADD 1,MN0,Non-OPEC Countries,524.0,17.0
2022-08,R10,PADD 1,NCA,Canada,268.0,9.0
2022-08,R10,PADD 1,NIN,India,256.0,8.0
2022-08,R10,PADD 1,Z00,,524.0,17.0
2022-08,R40,PADD 4,MN0,Non-OPEC Countries,20.0,1.0
2022-08,R40,PADD 4,NCA,Canada,20.0,1.0
2022-08,R40,PADD 4,Z00,,20.0,1.0
2022-08,R50,PADD 5,MN0,Non-OPEC Countries,2102.0,68.0
2022-08,R50,PADD 5,NCA,Canada,41.0,1.0
2022-08,R50,PADD 5,NJA,Japan,850.0,27.0
2022-08,R50,PADD 5,NKS,Korea,1211.0,39.0
2022-08,R50,PADD 5,Z00,,2102.0,68.0
2022-09,NUS,U.S.,MN0,Non-OPEC Countries,2439.0,81.0
2022-09,NUS,U.S.,NCA,Canada,204.0,7.0
2022-09,NUS,U.S.,NCH,China,300.0,10.0
2022-09,NUS,U.S.,NJA,Japan,1195.0,40.0
2022-09,NUS,U.S.,NKS,Korea,679.0,23.0
2022-09,NUS,U.S.,NSN,Singapore,61.0,2.0
2022-09,NUS,U.S.,Z00,,2439.0,81.0
2022-09,R10,PADD 1,MN0,Non-OPEC Countries,185.0,6.0
2022-09,R10,PADD 1,NCA,Canada,185.0,6.0
2022-09,R10,PADD 1,Z00,,185.0,6.0
2022-09,R40,PADD 4,MN0,Non-OPEC Countries,7.0,0.0
2022-09,R40,PADD 4,NCA,Canada,7.0,0.0
2022-09,R40,PADD 4,Z00,,7.0,0.0
2022-09,R50,PADD 5,MN0,Non-OPEC Countries,2247.0,75.0
2022-09,R50,PADD 5,NCA,Canada,12.0,0.0
2022-09,R50,PADD 5,NCH,China,300.0,10.0
2022-09,R50,PADD 5,NJA,Japan,1195.0,40.0
2022-09,R50,PADD 5,NKS,Korea,679.0,23.0
2022-09,R50,PADD 5,NSN,Singapore,61.0,2.0
2022-09,R50,PADD 5,Z00,,2247.0,75.0
2022-10,NUS,U.S.,ME0,OPEC Countries,1115.0,36.0
2022-10,NUS,U.S.,MN0,Non-OPEC Countries,2947.0,95.0
2022-10,NUS,U.S.,MP0,Persian Gulf Countries,1115.0,36.0
2022-10,NUS,U.S.,NBE,Belgium,14.0,0.0
2022-10,NUS,U.S.,NCA,Canada,184.0,6.0
2022-10,NUS,U.S.,NCH,China,235.0,8.0
2022-10,NUS,U.S.,NHK,Hong Kong,311.0,10.0
2022-10,NUS,U.S.,NIN,India,485.0,16.0
2022-10,NUS,U.S.,NJA,Japan,562.0,18.0
2022-10,NUS,U.S.,NKS,Korea,1156.0,37.0
2022-10,NUS,U.S.,NKU,Kuwait,1115.0,36.0
2022-10,NUS,U.S.,Z00,,4062.0,131.0
2022-10,R10,PADD 1,ME0,OPEC Countries,1115.0,36.0
2022-10,R10,PADD 1,MN0,Non-OPEC Countries,625.0,20.0
2022-10,R10,PADD 1,MP0,Persian Gulf Countries,1115.0,36.0
2022-10,R10,PADD 1,NCA,Canada,140.0,5.0
2022-10,R10,PADD 1,NIN,India,485.0,16.0
2022-10,R10,PADD 1,NKU,Kuwait,1115.0,36.0
2022-10,R10,PADD 1,Z00,,1740.0,56.0
2022-10,R50,PADD 5,MN0,Non-OPEC Countries,2322.0,75.0
2022-10,R50,PADD 5,NBE,Belgium,14.0,0.0
2022-10,R50,PADD 5,NCA,Canada,44.0,1.0
2022-10,R50,PADD 5,NCH,China,235.0,8.0
2022-10,R50,PADD 5,NHK,Hong Kong,311.0,10.0
2022-10,R50,PADD 5,NJA,Japan,562.0,18.0
2022-10,R50,PADD 5,NKS,Korea,1156.0,37.0
2022-10,R50,PADD 5,Z00,,2322.0,75.0
2022-11,NUS,U.S.,ME0,OPEC Countries,698.0,23.0
2022-11,NUS,U.S.,MN0,Non-OPEC Countries,3613.0,120.0
2022-11,NUS,U.S.,MP0,Persian Gulf Countries,577.0,19.0
2022-11,NUS,U.S.,NAG,Algeria,121.0,4.0
2022-11,NUS,U.S.,NCA,Canada,202.0,7.0
2022-11,NUS,U.S.,NCH,China,309.0,10.0
2022-11,NUS,U.S.,NGM,Germany,1.0,0.0
2022-11,NUS,U.S.,NJA,Japan,266.0,9.0
2022-11,NUS,U.S.,NKS,Korea,2763.0,92.0
2022-11,NUS,U.S.,NKU,Kuwait,577.0,19.0
2022-11,NUS,U.S.,NSN,Singapore,72.0,2.0
2022-11,NUS,U.S.,Z00,,4311.0,144.0
2022-11,R10,PADD 1,ME0,OPEC Countries,698.0,23.0
2022-11,R10,PADD 1,MN0,Non-OPEC Countries,1035.0,35.0
2022-11,R10,PADD 1,MP0,Persian Gulf Countries,577.0,19.0
2022-11,R10,PADD 1,NAG,Algeria,121.0,4.0
2022-11,R10,PADD 1,NCA,Canada,167.0,6.0
2022-11,R10,PADD 1,NJA,Japan,266.0,9.0
2022-11,R10,PADD 1,NKS,Korea,530.0,18.0
2022-11,R10,PADD 1,NKU,Kuwait,577.0,19.0
2022-11,R10,PADD 1,NSN,Singapore,72.0,2.0
2022-11,R10,PADD 1,Z00,,1733.0,58.0
2022-11,R30,PADD 3,MN0,Non-OPEC Countries,1.0,0.0
2022-11,R30,PADD 3,NGM,Germany,1.0,0.0
2022-11,R30,PADD 3,Z00,,1.0,0.0
2022-11,R50,PADD 5,MN0,Non-OPEC Countries,2577.0,86.0
2022-11,R50,PADD 5,NCA,Canada,35.0,1.0
2022-11,R50,PADD 5,NCH,China,309.0,10.0
2022-11,R50,PADD 5,NKS,Korea,2233.0,74.0
2022-11,R50,PADD 5,Z00,,2577.0,86.0
2022-12,NUS,U.S.,ME0,OPEC Countries,415.0,13.0
2022-12,NUS,U.S.,MN0,Non-OPEC Countries,3349.0,108.0
2022-12,NUS,U.S.,MP0,Persian Gulf Countries,538.0,17.0
2022-12,NUS,U.S.,NCA,Canada,226.0,7.0
2022-12,NUS,U.S.,NHK,Hong Kong,298.0,10.0
2022-12,NUS,U.S.,NIN,India,194.0,6.0
2022-12,NUS,U.S.,NKS,Korea,2508.0,81.0
2022-12,NUS,U.S.,NKU,Kuwait,415.0,13.0
2022-12,NUS,U.S.,NQA,Qatar,123.0,4.0
2022-12,NUS,U.S.,Z00,,3764.0,121.0
2022-12,R10,PADD 1,ME0,OPEC Countries,415.0,13.0
2022-12,R10,PADD 1,MN0,Non-OPEC Countries,809.0,26.0
2022-12,R10,PADD 1,MP0,Persian Gulf Countries,415.0,13.0
2022-12,R10,PADD 1,NCA,Canada,192.0,6.0
2022-12,R10,PADD 1,NIN,India,194.0,6.0
2022-12,R10,PADD 1,NKS,Korea,423.0,14.0
2022-12,R10,PADD 1,NKU,Kuwait,415.0,13.0
2022-12,R10,PADD 1,Z00,,1224.0,39.0
2022-12,R30,PADD 3,MN0,Non-OPEC Countries,123.0,4.0
2022-12,R30,PADD 3,MP0,Persian Gulf Countries,123.0,4.0
2022-12,R30,PADD 3,NQA,Qatar,123.0,4.0
2022-12,R30,PADD 3,Z00,,123.0,4.0
2022-12,R50,PADD 5,MN0,Non-OPEC Countries,2417.0,78.0
2022-12,R50,PADD 5,NCA,Canada,34.0,1.0
2022-12,R50,PADD 5,NHK,Hong Kong,298.0,10.0
2022-12,R50,PADD 5,NKS,Korea,2085.0,67.0
2022-12,R50,PADD 5,Z00,,2417.0,78.0
2023-01,NUS,U.S.,ME0,OPEC Countries,661.0,21.0
2023-01,NUS,U.S.,MN0,Non-OPEC Countries,2916.0,94.0
2023-01,NUS,U.S.,MP0,Persian Gulf Countries,661.0,21.0
2023-01,NUS,U.S.,NCA,Canada,171.0,6.0
2023-01,NUS,U.S.,NIN,India,237.0,8.0
2023-01,NUS,U.S.,NIZ,Iraq,4.0,0.0
2023-01,NUS,U.S.,NKS,Korea,2160.0,70.0
2023-01,NUS,U.S.,NKU,Kuwait,583.0,19.0
2023-01,NUS,U.S.,NMX,Mexico,5.0,0.0
2023-01,NUS,U.S.,NMY,Malaysia,13.0,0.0
2023-01,NUS,U.S.,NRM,Marshall Islands,330.0,11.0
2023-01,NUS,U.S.,NTC,United Arab Emirates,74.0,2.0
2023-01,NUS,U.S.,Z00,,3577.0,115.0
2023-01,R10,PADD 1,ME0,OPEC Countries,661.0,21.0
2023-01,R10,PADD 1,MN0,Non-OPEC Countries,393.0,13.0
2023-01,R10,PADD 1,MP0,Persian Gulf Countries,661.0,21.0
2023-01,R10,PADD 1,NCA,Canada,138.0,4.0
2023-01,R10,PADD 1,NIN,India,237.0,8.0
2023-01,R10,PADD 1,NIZ,Iraq,4.0,0.0
2023-01,R10,PADD 1,NKU,Kuwait,583.0,19.0
2023-01,R10,PADD 1,NMX,Mexico,5.0,0.0
2023-01,R10,PADD 1,NMY,Malaysia,13.0,0.0
2023-01,R10,PADD 1,NTC,United Arab Emirates,74.0,2.0
2023-01,R10,PADD 1,Z00,,1054.0,34.0
2023-01,R40,PADD 4,MN0,Non-OPEC Countries,10.0,0.0
2023-01,R40,PADD 4,NCA,Canada,10.0,0.0
2023-01,R40,PADD 4,Z00,,10.0,0.0
2023-01,R50,PADD 5,MN0,Non-OPEC Countries,2513.0,81.0
2023-01,R50,PADD 5,NCA,Canada,23.0,1.0
2023-01,R50,PADD 5,NKS,Korea,2160.0,70.0
2023-01,R50,PADD 5,NRM,Marshall Islands,330.0,11.0
2023-01,R50,PADD 5,Z00,,2513.0,81.0
2023-02,NUS,U.S.,ME0,OPEC Countries,1015.0,36.0
2023-02,NUS,U.S.,MN0,Non-OPEC Countries,4250.0,152.0
2023-02,NUS,U.S.,MP0,Persian Gulf Countries,1015.0,36.0
2023-02,NUS,U.S.,NCA,Canada,226.0,8.0
2023-02,NUS,U.S.,NCH,China,605.0,22.0
2023-02,NUS,U.S.,NIN,India,787.0,28.0
2023-02,NUS,U.S.,NJA,Japan,415.0,15.0
2023-02,NUS,U.S.,NKS,Korea,1792.0,64.0
2023-02,NUS,U.S.,NKU,Kuwait,792.0,28.0
2023-02,NUS,U.S.,NLI,Liberia,180.0,6.0
2023-02,NUS,U.S.,NNO,Norway,15.0,1.0
2023-02,NUS,U.S.,NSA,Saudi Arabia,138.0,5.0
2023-02,NUS,U.S.,NTC,United Arab Emirates,85.0,3.0
2023-02,NUS,U.S.,NTW,Taiwan,230.0,8.0
2023-02,NUS,U.S.,Z00,,5265.0,188.0
2023-02,R10,PADD 1,ME0,OPEC Countries,1015.0,36.0
2023-02,R10,PADD 1,MN0,Non-OPEC Countries,1299.0,46.0
2023-02,R10,PADD 1,MP0,Persian Gulf Countries,1015.0,36.0
2023-02,R10,PADD 1,NCA,Canada,182.0,7.0
2023-02,R10,PADD 1,NIN,India,787.0,28.0
2023-02,R10,PADD 1,NKS,Korea,315.0,11.0
2023-02,R10,PADD 1,NKU,Kuwait,792.0,28.0
2023-02,R10,PADD 1,NNO,Norway,15.0,1.0
2023-02,R10,PADD 1,NSA,Saudi Arabia,138.0,5.0
2023-02,R10,PADD 1,NTC,United Arab Emirates,85.0,3.0
2023-02,R10,PADD 1,Z00,,2314.0,83.0
2023-02,R40,PADD 4,MN0,Non-OPEC Countries,44.0,2.0
2023-02,R40,PADD 4,NCA,Canada,44.0,2.0
2023-02,R40,PADD 4,Z00,,44.0,2.0
2023-02,R50,PADD 5,MN0,Non-OPEC Countries,2907.0,104.0
2023-02,R50,PADD 5,NCH,China,605.0,22.0
2023-02,R50,PADD 5,NJA,Japan,415.0,15.0
2023-02,R50,PADD 5,NKS,Korea,1477.0,53.0
2023-02,R50,PADD 5,NLI,Liberia,180.0,6.0
2023-02,R50,PADD 5,NTW,Taiwan,230.0,8.0
2023-02,R50,PADD 5,Z00,,2907.0,104.0
2023-03,NUS,U.S.,ME0,OPEC Countries,486.0,16.0
2023-03,NUS,U.S.,MN0,Non-OPEC Countries,4000.0,129.0
2023-03,NUS,U.S.,MP0,Persian Gulf Countries,486.0,16.0
2023-03,NUS,U.S.,NCA,Canada,350.0,11.0
2023-03,NUS,U.S.,NCH,China,330.0,11.0
2023-03,NUS,U.S.,NIN,India,351.0,11.0
2023-03,NUS,U.S.,NIT,Italy,49.0,2.0
2023-03,NUS,U.S.,NJA,Japan,193.0,6.0
2023-03,NUS,U.S.,NKS,Korea,2111.0,68.0
2023-03,NUS,U.S.,NKU,Kuwait,345.0,11.0
2023-03,NUS,U.S.,NLI,Liberia,220.0,7.0
2023-03,NUS,U.S.,NMT,Malta,314.0,10.0
2023-03,NUS,U.S.,NMX,Mexico,8.0,0.0
2023-03,NUS,U.S.,NSA,Saudi Arabia,141.0,5.0
2023-03,NUS,U.S.,NTW,Taiwan,74.0,2.0
2023-03,NUS,U.S.,Z00,,4486.0,145.0
2023-03,R10,PADD 1,ME0,OPEC Countries,486.0,16.0
2023-03,R10,PADD 1,MN0,Non-OPEC Countries,662.0,21.0
2023-03,R10,PADD 1,MP0,Persian Gulf Countries,486.0,16.0
2023-03,R10,PADD 1,NCA,Canada,254.0,8.0
2023-03,R10,PADD 1,NIN,India,351.0,11.0
2023-03,R10,PADD 1,NIT,Italy,49.0,2.0
2023-03,R10,PADD 1,NKU,Kuwait,345.0,11.0
2023-03,R10,PADD 1,NMX,Mexico,8.0,0.0
2023-03,R10,PADD 1,NSA,Saudi Arabia,141.0,5.0
2023-03,R10,PADD 1,Z00,,1148.0,37.0
2023-03,R40,PADD 4,MN0,Non-OPEC Countries,76.0,2.0
2023-03,R40,PADD 4,NCA,Canada,76.0,2.0
2023-03,R40,PADD 4,Z00,,76.0,2.0
2023-03,R50,PADD 5,MN0,Non-OPEC Countries,3262.0,105.0
2023-03,R50,PADD 5,NCA,Canada,20.0,1.0
2023-03,R50,PADD 5,NCH,China,330.0,11.0
2023-03,R50,PADD 5,NJA,Japan,193.0,6.0
2023-03,R50,PADD 5,NKS,Korea,2111.0,68.0
2023-03,R50,PADD 5,NLI,Liberia,220.0,7.0
2023-03,R50,PADD 5,NMT,Malta,314.0,10.0
2023-03,R50,PADD 5,NTW,Taiwan,74.0,2.0
2023-03,R50,PADD 5,Z00,,3262.0,105.0
2023-04,NUS,U.S.,ME0,OPEC Countries,824.0,27.0
2023-04,NUS,U.S.,MN0,Non-OPEC Countries,3323.0,111.0
2023-04,NUS,U.S.,MP0,Persian Gulf Countries,824.0,27.0
2023-04,NUS,U.S.,NCA,Canada,455.0,15.0
2023-04,NUS,U.S.,NIT,Italy,117.0,4.0
2023-04,NUS,U.S.,NJA,Japan,968.0,32.0
2023-04,NUS,U.S.,NKS,Korea,1704.0,57.0
2023-04,NUS,U.S.,NKU,Kuwait,409.0,14.0
2023-04,NUS,U.S.,NSA,Saudi Arabia,415.0,14.0
2023-04,NUS,U.S.,NSN,Singapore,79.0,3.0
2023-04,NUS,U.S.,Z00,,4147.0,138.0
2023-04,R10,PADD 1,ME0,OPEC Countries,824.0,27.0
2023-04,R10,PADD 1,MN0,Non-OPEC Countries,1219.0,41.0
2023-04,R10,PADD 1,MP0,Persian Gulf Countries,824.0,27.0
2023-04,R10,PADD 1,NCA,Canada,395.0,13.0
2023-04,R10,PADD 1,NIT,Italy,117.0,4.0
2023-04,R10,PADD 1,NJA,Japan,475.0,16.0
2023-04,R10,PADD 1,NKS,Korea,232.0,8.0
2023-04,R10,PADD 1,NKU,Kuwait,409.0,14.0
2023-04,R10,PADD 1,NSA,Saudi Arabia,415.0,14.0
2023-04,R10,PADD 1,Z00,,2043.0,68.0
2023-04,R40,PADD 4,MN0,Non-OPEC Countries,48.0,2.0
2023-04,R40,PADD 4,NCA,Canada,48.0,2.0
2023-04,R40,PADD 4,Z00,,48.0,2.0
2023-04,R50,PADD 5,MN0,Non-OPEC Countries,2056.0,69.0
2023-04,R50,PADD 5,NCA,Canada,12.0,0.0
2023-04,R50,PADD 5,NJA,Japan,493.0,16.0
2023-04,R50,PADD 5,NKS,Korea,1472.0,49.0
2023-04,R50,PADD 5,NSN,Singapore,79.0,3.0
2023-04,R50,PADD 5,Z00,,2056.0,69.0
2023-05,NUS,U.S.,ME0,OPEC Countries,1075.0,35.0
2023-05,NUS,U.S.,MN0,Non-OPEC Countries,3658.0,118.0
2023-05,NUS,U.S.,MP0,Persian Gulf Countries,1075.0,35.0
2023-05,NUS,U.S.,NCA,Canada,704.0,23.0
2023-05,NUS,U.S.,NIN,India,191.0,6.0
2023-05,NUS,U.S.,NJA,Japan,74.0,2.0
2023-05,NUS,U.S.,NKS,Korea,2503.0,81.0
2023-05,NUS,U.S.,NKU,Kuwait,498.0,16.0
2023-05,NUS,U.S.,NSN,Singapore,186.0,6.0
2023-05,NUS,U.S.,NTC,United Arab Emirates,577.0,19.0
2023-05,NUS,U.S.,Z00,,4733.0,153.0
2023-05,R10,PADD 1,ME0,OPEC Countries,1075.0,35.0
2023-05,R10,PADD 1,MN0,Non-OPEC Countries,811.0,26.0
2023-05,R10,PADD 1,MP0,Persian Gulf Countries,1075.0,35.0
2023-05,R10,PADD 1,NCA,Canada,501.0,16.0
2023-05,R10,PADD 1,NIN,India,191.0,6.0
2023-05,R10,PADD 1,NKS,Korea,119.0,4.0
2023-05,R10,PADD 1,NKU,Kuwait,498.0,16.0
2023-05,R10,PADD 1,NTC,United Arab Emirates,577.0,19.0
2023-05,R10,PADD 1,Z00,,1886.0,61.0
2023-05,R40,PADD 4,MN0,Non-OPEC Countries,37.0,1.0
2023-05,R40,PADD 4,NCA,Canada,37.0,1.0
2023-05,R40,PADD 4,Z00,,37.0,1.0
2023-05,R50,PADD 5,MN0,Non-OPEC Countries,2810.0,91.0
2023-05,R50,PADD 5,NCA,Canada,166.0,5.0
2023-05,R50,PADD 5,NJA,Japan,74.0,2.0
2023-05,R50,PADD 5,NKS,Korea,2384.0,77.0
2023-05,R50,PADD 5,NSN,Singapore,186.0,6.0
2023-05,R50,PADD 5,Z00,,2810.0,91.0
2023-06,NUS,U.S.,ME0,OPEC Countries,698.0,23.0
2023-06,NUS,U.S.,MN0,Non-OPEC Countries,3626.0,121.0
2023-06,NUS,U.S.,MP0,Persian Gulf Countries,698.0,23.0
2023-06,NUS,U.S.,NCA,Canada,426.0,14.0
2023-06,NUS,U.S.,NJA,Japan,589.0,20.0
2023-06,NUS,U.S.,NKS,Korea,2160.0,72.0
2023-06,NUS,U.S.,NKU,Kuwait,698.0,23.0
2023-06,NUS,U.S.,NRM,Marshall Islands,308.0,10.0
2023-06,NUS,U.S.,NSN,Singapore,143.0,5.0
2023-06,NUS,U.S.,Z00,,4324.0,144.0
2023-06,R10,PADD 1,ME0,OPEC Countries,698.0,23.0
2023-06,R10,PADD 1,MN0,Non-OPEC Countries,374.0,12.0
2023-06,R10,PADD 1,MP0,Persian Gulf Countries,698.0,23.0
2023-06,R10,PADD 1,NCA,Canada,374.0,12.0
2023-06,R10,PADD 1,NKU,Kuwait,698.0,23.0
2023-06,R10,PADD 1,Z00,,1072.0,36.0
2023-06,R40,PADD 4,MN0,Non-OPEC Countries,21.0,1.0
2023-06,R40,PADD 4,NCA,Canada,21.0,1.0
2023-06,R40,PADD 4,Z00,,21.0,1.0
2023-06,R50,PADD 5,MN0,Non-OPEC Countries,3231.0,108.0
2023-06,R50,PADD 5,NCA,Canada,31.0,1.0
2023-06,R50,PADD 5,NJA,Japan,589.0,20.0
2023-06,R50,PADD 5,NKS,Korea,2160.0,72.0
2023-06,R50,PADD 5,NRM,Marshall Islands,308.0,10.0
2023-06,R50,PADD 5,NSN,Singapore,143.0,5.0
2023-06,R50,PADD 5,Z00,,3231.0,108.0
2023-07,NUS,U.S.,ME0,OPEC Countries,749.0,24.0
2023-07,NUS,U.S.,MN0,Non-OPEC Countries,3233.0,104.0
2023-07,NUS,U.S.,MP0,Persian Gulf Countries,714.0,23.0
2023-07,NUS,U.S.,NAO,Angola,35.0,1.0
2023-07,NUS,U.S.,NAR,Argentina,25.0,1.0
2023-07,NUS,U.S.,NBE,Belgium,65.0,2.0
2023-07,NUS,U.S.,NCA,Canada,336.0,11.0
2023-07,NUS,U.S.,NCH,China,307.0,10.0
2023-07,NUS,U.S.,NIN,India,116.0,4.0
2023-07,NUS,U.S.,NJA,Japan,440.0,14.0
2023-07,NUS,U.S.,NKS,Korea,1633.0,53.0
2023-07,NUS,U.S.,NKU,Kuwait,293.0,9.0
2023-07,NUS,U.S.,NRM,Marshall Islands,311.0,10.0
2023-07,NUS,U.S.,NSA,Saudi Arabia,421.0,14.0
2023-07,NUS,U.S.,Z00,,3982.0,128.0
2023-07,R10,PADD 1,ME0,OPEC Countries,749.0,24.0
2023-07,R10,PADD 1,MN0,Non-OPEC Countries,493.0,16.0
2023-07,R10,PADD 1,MP0,Persian Gulf Countries,714.0,23.0
2023-07,R10,PADD 1,NAO,Angola,35.0,1.0
2023-07,R10,PADD 1,NBE,Belgium,65.0,2.0
2023-07,R10,PADD 1,NCA,Canada,312.0,10.0
2023-07,R10,PADD 1,NIN,India,116.0,4.0
2023-07,R10,PADD 1,NKU,Kuwait,293.0,9.0
2023-07,R10,PADD 1,NSA,Saudi Arabia,421.0,14.0
2023-07,R10,PADD 1,Z00,,1242.0,40.0
2023-07,R30,PADD 3,MN0,Non-OPEC Countries,25.0,1.0
2023-07,R30,PADD 3,NAR,Argentina,25.0,1.0
2023-07,R30,PADD 3,Z00,,25.0,1.0
2023-07,R40,PADD 4,MN0,Non-OPEC Countries,24.0,1.0
2023-07,R40,PADD 4,NCA,Canada,24.0,1.0
2023-07,R40,PADD 4,Z00,,24.0,1.0
2023-07,R50,PADD 5,MN0,Non-OPEC Countries,2691.0,87.0
2023-07,R50,PADD 5,NCH,China,307.0,10.0
2023-07,R50,PADD 5,NJA,Japan,440.0,14.0
2023-07,R50,PADD 5,NKS,Korea,1633.0,53.0
2023-07,R50,PADD 5,NRM,Marshall Islands,311.0,10.0
2023-07,R50,PADD 5,Z00,,2691.0,87.0
2023-08,NUS,U.S.,ME0,OPEC Countries,99.0,3.0
2023-08,NUS,U.S.,MN0,Non-OPEC Countries,2812.0,91.0
2023-08,NUS,U.S.,MP0,Persian Gulf Countries,99.0,3.0
2023-08,NUS,U.S.,NCA,Canada,405.0,13.0
2023-08,NUS,U.S.,NCH,China,300.0,10.0
2023-08,NUS,U.S.,NJA,Japan,175.0,6.0
2023-08,NUS,U.S.,NKS,Korea,1441.0,46.0
2023-08,NUS,U.S.,NKU,Kuwait,99.0,3.0
2023-08,NUS,U.S.,NMY,Malaysia,123.0,4.0
2023-08,NUS,U.S.,NRM,Marshall Islands,301.0,10.0
2023-08,NUS,U.S.,NSN,Singapore,67.0,2.0
2023-08,NUS,U.S.,Z00,,2911.0,94.0
2023-08,R10,PADD 1,ME0,OPEC Countries,99.0,3.0
2023-08,R10,PADD 1,MN0,Non-OPEC Countries,784.0,25.0
2023-08,R10,PADD 1,MP0,Persian Gulf Countries,99.0,3.0
2023-08,R10,PADD 1,NCA,Canada,395.0,13.0
2023-08,R10,PADD 1,NKS,Korea,266.0,9.0
2023-08,R10,PADD 1,NKU,Kuwait,99.0,3.0
2023-08,R10,PADD 1,NMY,Malaysia,123.0,4.0
2023-08,R10,PADD 1,Z00,,883.0,28.0
2023-08,R40,PADD 4,MN0,Non-OPEC Countries,10.0,0.0
2023-08,R40,PADD 4,NCA,Canada,10.0,0.0
2023-08,R40,PADD 4,Z00,,10.0,0.0
2023-08,R50,PADD 5,MN0,Non-OPEC Countries,2018.0,65.0
2023-08,R50,PADD 5,NCH,China,300.0,10.0
2023-08,R50,PADD 5,NJA,Japan,175.0,6.0
2023-08,R50,PADD 5,NKS,Korea,1175.0,38.0
2023-08,R50,PADD 5,NRM,Marshall Islands,301.0,10.0
2023-08,R50,PADD 5,NSN,Singapore,67.0,2.0
2023-08,R50,PADD 5,Z00,,2018.0,65.0
2023-09,NUS,U.S.,ME0,OPEC Countries,652.0,22.0
2023-09,NUS,U.S.,MN0,Non-OPEC Countries,2630.0,88.0
2023-09,NUS,U.S.,MP0,Persian Gulf Countries,652.0,22.0
2023-09,NUS,U.S.,NCA,Canada,210.0,7.0
2023-09,NUS,U.S.,NCH,China,322.0,11.0
2023-09,NUS,U.S.,NCO,Colombia,98.0,3.0
2023-09,NUS,U.S.,NIN,India,532.0,18.0
2023-09,NUS,U.S.,NJA,Japan,310.0,10.0
2023-09,NUS,U.S.,NKS,Korea,1158.0,39.0
2023-09,NUS,U.S.,NKU,Kuwait,652.0,22.0
2023-09,NUS,U.S.,Z00,,3282.0,109.0
2023-09,R10,PADD 1,ME0,OPEC Countries,652.0,22.0
2023-09,R10,PADD 1,MN0,Non-OPEC Countries,960.0,32.0
2023-09,R10,PADD 1,MP0,Persian Gulf Countries,652.0,22.0
2023-09,R10,PADD 1,NCA,Canada,170.0,6.0
2023-09,R10,PADD 1,NCO,Colombia,98.0,3.0
2023-09,R10,PADD 1,NIN,India,532.0,18.0
2023-09,R10,PADD 1,NKS,Korea,160.0,5.0
2023-09,R10,PADD 1,NKU,Kuwait,652.0,22.0
2023-09,R10,PADD 1,Z00,,1612.0,54.0
2023-09,R40,PADD 4,MN0,Non-OPEC Countries,15.0,1.0
2023-09,R40,PADD 4,NCA,Canada,15.0,1.0
2023-09,R40,PADD 4,Z00,,15.0,1.0
2023-09,R50,PADD 5,MN0,Non-OPEC Countries,1655.0,55.0
2023-09,R50,PADD 5,NCA,Canada,25.0,1.0
2023-09,R50,PADD 5,NCH,China,322.0,11.0
2023-09,R50,PADD 5,NJA,Japan,310.0,10.0
2023-09,R50,PADD 5,NKS,Korea,998.0,33.0
2023-09,R50,PADD 5,Z00,,1655.0,55.0
2023-10,NUS,U.S.,MN0,Non-OPEC Countries,3163.0,102.0
2023-10,NUS,U.S.,NCA,Canada,49.0,2.0
2023-10,NUS,U.S.,NIN,India,10.0,0.0
2023-10,NUS,U.S.,NJA,Japan,90.0,3.0
2023-10,NUS,U.S.,NKS,Korea,3014.0,97.0
2023-10,NUS,U.S.,Z00,,3163.0,102.0
2023-10,R10,PADD 1,MN0,Non-OPEC Countries,10.0,0.0
2023-10,R10,PADD 1,NIN,India,10.0,0.0
2023-10,R10,PADD 1,Z00,,10.0,0.0
2023-10,R40,PADD 4,MN0,Non-OPEC Countries,18.0,1.0
2023-10,R40,PADD 4,NCA,Canada,18.0,1.0
2023-10,R40,PADD 4,Z00,,18.0,1.0
2023-10,R50,PADD 5,MN0,Non-OPEC Countries,3135.0,101.0
2023-10,R50,PADD 5,NCA,Canada,31.0,1.0
2023-10,R50,PADD 5,NJA,Japan,90.0,3.0
2023-10,R50,PADD 5,NKS,Korea,3014.0,97.0
2023-10,R50,PADD 5,Z00,,3135.0,101.0
2023-11,NUS,U.S.,ME0,OPEC Countries,467.0,16.0
2023-11,NUS,U.S.,MN0,Non-OPEC Countries,2184.0,73.0
2023-11,NUS,U.S.,MP0,Persian Gulf Countries,467.0,16.0
2023-11,NUS,U.S.,NCA,Canada,350.0,12.0
2023-11,NUS,U.S.,NCH,China,302.0,10.0
2023-11,NUS,U.S.,NKS,Korea,1479.0,49.0
2023-11,NUS,U.S.,NKU,Kuwait,467.0,16.0
2023-11,NUS,U.S.,NMX,Mexico,16.0,1.0
2023-11,NUS,U.S.,NUK,United Kingdom,37.0,1.0
2023-11,NUS,U.S.,Z00,,2651.0,88.0
2023-11,R10,PADD 1,ME0,OPEC Countries,467.0,16.0
2023-11,R10,PADD 1,MN0,Non-OPEC Countries,367.0,12.0
2023-11,R10,PADD 1,MP0,Persian Gulf Countries,467.0,16.0
2023-11,R10,PADD 1,NCA,Canada,314.0,10.0
2023-11,R10,PADD 1,NKU,Kuwait,467.0,16.0
2023-11,R10,PADD 1,NMX,Mexico,16.0,1.0
2023-11,R10,PADD 1,NUK,United Kingdom,37.0,1.0
2023-11,R10,PADD 1,Z00,,834.0,28.0
2023-11,R40,PADD 4,MN0,Non-OPEC Countries,22.0,1.0
2023-11,R40,PADD 4,NCA,Canada,22.0,1.0
2023-11,R40,PADD 4,Z00,,22.0,1.0
2023-11,R50,PADD 5,MN0,Non-OPEC Countries,1795.0,60.0
2023-11,R50,PADD 5,NCA,Canada,14.0,0.0
2023-11,R50,PADD 5,NCH,China,302.0,10.0
2023-11,R50,PADD 5,NKS,Korea,1479.0,49.0
2023-11,R50,PADD 5,Z00,,1795.0,60.0
2023-12,NUS,U.S.,ME0,OPEC Countries,655.0,21.0
2023-12,NUS,U.S.,MN0,Non-OPEC Countries,3248.0,105.0
2023-12,NUS,U.S.,MP0,Persian Gulf Countries,655.0,21.0
2023-12,NUS,U.S.,NBR,Brazil,1.0,0.0
2023-12,NUS,U.S.,NCA,Canada,298.0,10.0
2023-12,NUS,U.S.,NCH,China,326.0,11.0
2023-12,NUS,U.S.,NIN,India,542.0,17.0
2023-12,NUS,U.S.,NKS,Korea,2009.0,65.0
2023-12,NUS,U.S.,NKU,Kuwait,425.0,14.0
2023-12,NUS,U.S.,NMX,Mexico,7.0,0.0
2023-12,NUS,U.S.,NSA,Saudi Arabia,230.0,7.0
2023-12,NUS,U.S.,NSN,Singapore,65.0,2.0
2023-12,NUS,U.S.,Z00,,3903.0,126.0
2023-12,R10,PADD 1,ME0,OPEC Countries,655.0,21.0
2023-12,R10,PADD 1,MN0,Non-OPEC Countries,824.0,27.0
2023-12,R10,PADD 1,MP0,Persian Gulf Countries,655.0,21.0
2023-12,R10,PADD 1,NBR,Brazil,1.0,0.0
2023-12,R10,PADD 1,NCA,Canada,274.0,9.0
2023-12,R10,PADD 1,NIN,India,542.0,17.0
2023-12,R10,PADD 1,NKU,Kuwait,425.0,14.0
2023-12,R10,PADD 1,NMX,Mexico,7.0,0.0
2023-12,R10,PADD 1,NSA,Saudi Arabia,230.0,7.0
2023-12,R10,PADD 1,Z00,,1479.0,48.0
2023-12,R40,PADD 4,MN0,Non-OPEC Countries,12.0,0.0
2023-12,R40,PADD 4,NCA,Canada,12.0,0.0
2023-12,R40,PADD 4,Z00,,12.0,0.0
2023-12,R50,PADD 5,MN0,Non-OPEC Countries,2412.0,78.0
2023-12,R50,PADD 5,NCA,Canada,12.0,0.0
2023-12,R50,PADD 5,NCH,China,326.0,11.0
2023-12,R50,PADD 5,NKS,Korea,2009.0,65.0
2023-12,R50,PADD 5,NSN,Singapore,65.0,2.0
2023-12,R50,PADD 5,Z00,,2412.0,78.0
2024-01,NUS,U.S.,ME0,OPEC Countries,651.0,21.0
2024-01,NUS,U.S.,MN0,Non-OPEC Countries,2604.0,84.0
2024-01,NUS,U.S.,MP0,Persian Gulf Countries,651.0,21.0
2024-01,NUS,U.S.,NBR,Brazil,14.0,0.0
2024-01,NUS,U.S.,NCA,Canada,288.0,9.0
2024-01,NUS,U.S.,NCH,China,625.0,20.0
2024-01,NUS,U.S.,NIN,India,5.0,0.0
2024-01,NUS,U.S.,NKS,Korea,1664.0,54.0
2024-01,NUS,U.S.,NMX,Mexico,8.0,0.0
2024-01,NUS,U.S.,NSA,Saudi Arabia,651.0,21.0
2024-01,NUS,U.S.,Z00,,3255.0,105.0
2024-01,R10,PADD 1,ME0,OPEC Countries,651.0,21.0
2024-01,R10,PADD 1,MN0,Non-OPEC Countries,276.0,9.0
2024-01,R10,PADD 1,MP0,Persian Gulf Countries,651.0,21.0
2024-01,R10,PADD 1,NBR,Brazil,14.0,0.0
2024-01,R10,PADD 1,NCA,Canada,249.0,8.0
2024-01,R10,PADD 1,NIN,India,5.0,0.0
2024-01,R10,PADD 1,NMX,Mexico,8.0,0.0
2024-01,R10,PADD 1,NSA,Saudi Arabia,651.0,21.0
2024-01,R10,PADD 1,Z00,,927.0,30.0
2024-01,R40,PADD 4,MN0,Non-OPEC Countries,11.0,0.0
2024-01,R40,PADD 4,NCA,Canada,11.0,0.0
2024-01,R40,PADD 4,Z00,,11.0,0.0
2024-01,R50,PADD 5,MN0,Non-OPEC Countries,2317.0,75.0
2024-01,R50,PADD 5,NCA,Canada,28.0,1.0
2024-01,R50,PADD 5,NCH,China,625.0,20.0
2024-01,R50,PADD 5,NKS,Korea,1664.0,54.0
2024-01,R50,PADD 5,Z00,,2317.0,75.0
2024-02,NUS,U.S.,ME0,OPEC Countries,158.0,5.0
2024-02,NUS,U.S.,MN0,Non-OPEC Countries,2151.0,74.0
2024-02,NUS,U.S.,MP0,Persian Gulf Countries,158.0,5.0
2024-02,NUS,U.S.,NCA,Canada,232.0,8.0
2024-02,NUS,U.S.,NCH,China,314.0,11.0
2024-02,NUS,U.S.,NIN,India,40.0,1.0
2024-02,NUS,U.S.,NKS,Korea,1471.0,51.0
2024-02,NUS,U.S.,NKU,Kuwait,158.0,5.0
2024-02,NUS,U.S.,NMY,Malaysia,94.0,3.0
2024-02,NUS,U.S.,Z00,,2309.0,80.0
2024-02,R10,PADD 1,ME0,OPEC Countries,158.0,5.0
2024-02,R10,PADD 1,MN0,Non-OPEC Countries,262.0,9.0
2024-02,R10,PADD 1,MP0,Persian Gulf Countries,158.0,5.0
2024-02,R10,PADD 1,NCA,Canada,194.0,7.0
2024-02,R10,PADD 1,NIN,India,40.0,1.0
2024-02,R10,PADD 1,NKS,Korea,28.0,1.0
2024-02,R10,PADD 1,NKU,Kuwait,158.0,5.0
2024-02,R10,PADD 1,Z00,,420.0,14.0
2024-02,R40,PADD 4,MN0,Non-OPEC Countries,38.0,1.0
2024-02,R40,PADD 4,NCA,Canada,38.0,1.0
2024-02,R40,PADD 4,Z00,,38.0,1.0
2024-02,R50,PADD 5,MN0,Non-OPEC Countries,1851.0,64.0
2024-02,R50,PADD 5,NCH,China,314.0,11.0
2024-02,R50,PADD 5,NKS,Korea,1443.0,50.0
2024-02,R50,PADD 5,NMY,Malaysia,94.0,3.0
2024-02,R50,PADD 5,Z00,,1851.0,64.0
2024-03,NUS,U.S.,MN0,Non-OPEC Countries,4302.0,139.0
2024-03,NUS,U.S.,NCA,Canada,470.0,15.0
2024-03,NUS,U.S.,NCH,China,90.0,3.0
2024-03,NUS,U.S.,NCO,Colombia,4.0,0.0
2024-03,NUS,U.S.,NIN,India,794.0,26.0
2024-03,NUS,U.S.,NKS,Korea,2857.0,92.0
2024-03,NUS,U.S.,NMX,Mexico,16.0,1.0
2024-03,NUS,U.S.,NMY,Malaysia,59.0,2.0
2024-03,NUS,U.S.,NUK,United Kingdom,12.0,0.0
2024-03,NUS,U.S.,Z00,,4302.0,139.0
2024-03,R10,PADD 1,MN0,Non-OPEC Countries,1294.0,42.0
2024-03,R10,PADD 1,NCA,Canada,442.0,14.0
2024-03,R10,PADD 1,NCO,Colombia,4.0,0.0
2024-03,R10,PADD 1,NIN,India,794.0,26.0
2024-03,R10,PADD 1,NKS,Korea,26.0,1.0
2024-03,R10,PADD 1,NMX,Mexico,16.0,1.0
2024-03,R10,PADD 1,NUK,United Kingdom,12.0,0.0
2024-03,R10,PADD 1,Z00,,1294.0,42.0
2024-03,R40,PADD 4,MN0,Non-OPEC Countries,28.0,1.0
2024-03,R40,PADD 4,NCA,Canada,28.0,1.0
2024-03,R40,PADD 4,Z00,,28.0,1.0
2024-03,R50,PADD 5,MN0,Non-OPEC Countries,2980.0,96.0
2024-03,R50,PADD 5,NCH,China,90.0,3.0
2024-03,R50,PADD 5,NKS,Korea,2831.0,91.0
2024-03,R50,PADD 5,NMY,Malaysia,59.0,2.0
2024-03,R50,PADD 5,Z00,,2980.0,96.0
2024-04,NUS,U.S.,ME0,OPEC Countries,118.0,4.0
2024-04,NUS,U.S.,MN0,Non-OPEC Countries,3057.0,102.0
2024-04,NUS,U.S.,MP0,Persian Gulf Countries,88.0,3.0
2024-04,NUS,U.S.,NCA,Canada,81.0,3.0
2024-04,NUS,U.S.,NCH,China,536.0,18.0
2024-04,NUS,U.S.,NIN,India,95.0,3.0
2024-04,NUS,U.S.,NKS,Korea,2219.0,74.0
2024-04,NUS,U.S.,NMX,Mexico,5.0,0.0
2024-04,NUS,U.S.,NSN,Singapore,116.0,4.0
2024-04,NUS,U.S.,NTC,United Arab Emirates,88.0,3.0
2024-04,NUS,U.S.,NUK,United Kingdom,5.0,0.0
2024-04,NUS,U.S.,NVE,Venezuela,30.0,1.0
2024-04,NUS,U.S.,Z00,,3175.0,106.0
2024-04,R10,PADD 1,ME0,OPEC Countries,118.0,4.0
2024-04,R10,PADD 1,MN0,Non-OPEC Countries,197.0,7.0
2024-04,R10,PADD 1,MP0,Persian Gulf Countries,88.0,3.0
2024-04,R10,PADD 1,NCA,Canada,62.0,2.0
2024-04,R10,PADD 1,NIN,India,95.0,3.0
2024-04,R10,PADD 1,NKS,Korea,30.0,1.0
2024-04,R10,PADD 1,NMX,Mexico,5.0,0.0
2024-04,R10,PADD 1,NTC,United Arab Emirates,88.0,3.0
2024-04,R10,PADD 1,NUK,United Kingdom,5.0,0.0
2024-04,R10,PADD 1,NVE,Venezuela,30.0,1.0
2024-04,R10,PADD 1,Z00,,315.0,11.0
2024-04,R40,PADD 4,MN0,Non-OPEC Countries,7.0,0.0
2024-04,R40,PADD 4,NCA,Canada,7.0,0.0
2024-04,R40,PADD 4,Z00,,7.0,0.0
2024-04,R50,PADD 5,MN0,Non-OPEC Countries,2853.0,95.0
2024-04,R50,PADD 5,NCA,Canada,12.0,0.0
2024-04,R50,PADD 5,NCH,China,536.0,18.0
2024-04,R50,PADD 5,NKS,Korea,2189.0,73.0
2024-04,R50,PADD 5,NSN,Singapore,116.0,4.0
2024-04,R50,PADD 5,Z00,,2853.0,95.0
2024-05,NUS,U.S.,ME0,OPEC Countries,580.0,19.0
2024-05,NUS,U.S.,MN0,Non-OPEC Countries,2989.0,96.0
2024-05,NUS,U.S.,MP0,Persian Gulf Countries,580.0,19.0
2024-05,NUS,U.S.,NCA,Canada,293.0,9.0
2024-05,NUS,U.S.,NCH,China,314.0,10.0
2024-05,NUS,U.S.,NIN,India,395.0,13.0
2024-05,NUS,U.S.,NJA,Japan,91.0,3.0
2024-05,NUS,U.S.,NKS,Korea,1876.0,61.0
2024-05,NUS,U.S.,NKU,Kuwait,580.0,19.0
2024-05,NUS,U.S.,NUK,United Kingdom,20.0,1.0
2024-05,NUS,U.S.,Z00,,3569.0,115.0
2024-05,R10,PADD 1,ME0,OPEC Countries,580.0,19.0
2024-05,R10,PADD 1,MN0,Non-OPEC Countries,1026.0,33.0
2024-05,R10,PADD 1,MP0,Persian Gulf Countries,580.0,19.0
2024-05,R10,PADD 1,NCA,Canada,288.0,9.0
2024-05,R10,PADD 1,NIN,India,395.0,13.0
2024-05,R10,PADD 1,NKS,Korea,323.0,10.0
2024-05,R10,PADD 1,NKU,Kuwait,580.0,19.0
2024-05,R10,PADD 1,NUK,United Kingdom,20.0,1.0
2024-05,R10,PADD 1,Z00,,1606.0,52.0
2024-05,R40,PADD 4,MN0,Non-OPEC Countries,5.0,0.0
2024-05,R40,PADD 4,NCA,Canada,5.0,0.0
2024-05,R40,PADD 4,Z00,,5.0,0.0
2024-05,R50,PADD 5,MN0,Non-OPEC Countries,1958.0,63.0
2024-05,R50,PADD 5,NCH,China,314.0,10.0
2024-05,R50,PADD 5,NJA,Japan,91.0,3.0
2024-05,R50,PADD 5,NKS,Korea,1553.0,50.0
2024-05,R50,PADD 5,Z00,,1958.0,63.0
2024-06,NUS,U.S.,ME0,OPEC Countries,599.0,20.0
2024-06,NUS,U.S.,MN0,Non-OPEC Countries,3404.0,113.0
2024-06,NUS,U.S.,MP0,Persian Gulf Countries,599.0,20.0
2024-06,NUS,U.S.,NCA,Canada,516.0,17.0
2024-06,NUS,U.S.,NCH,China,321.0,11.0
2024-06,NUS,U.S.,NJA,Japan,118.0,4.0
2024-06,NUS,U.S.,NKS,Korea,2449.0,82.0
2024-06,NUS,U.S.,NKU,Kuwait,599.0,20.0
2024-06,NUS,U.S.,Z00,,4003.0,133.0
2024-06,R10,PADD 1,ME0,OPEC Countries,599.0,20.0
2024-06,R10,PADD 1,MN0,Non-OPEC Countries,540.0,18.0
2024-06,R10,PADD 1,MP0,Persian Gulf Countries,599.0,20.0
2024-06,R10,PADD 1,NCA,Canada,516.0,17.0
2024-06,R10,PADD 1,NKS,Korea,24.0,1.0
2024-06,R10,PADD 1,NKU,Kuwait,599.0,20.0
2024-06,R10,PADD 1,Z00,,1139.0,38.0
2024-06,R50,PADD 5,MN0,Non-OPEC Countries,2864.0,95.0
2024-06,R50,PADD 5,NCH,China,321.0,11.0
2024-06,R50,PADD 5,NJA,Japan,118.0,4.0
2024-06,R50,PADD 5,NKS,Korea,2425.0,81.0
2024-06,R50,PADD 5,Z00,,2864.0,95.0
2024-07,NUS,U.S.,MN0,Non-OPEC Countries,2690.0,87.0
2024-07,NUS,U.S.,NCA,Canada,224.0,7.0
2024-07,NUS,U.S.,NCH,China,300.0,10.0
2024-07,NUS,U.S.,NKS,Korea,1723.0,56.0
2024-07,NUS,U.S.,NTW,Taiwan,440.0,14.0
2024-07,NUS,U.S.,NUK,United Kingdom,3.0,0.0
2024-07,NUS,U.S.,Z00,,2690.0,87.0
2024-07,R10,PADD 1,MN0,Non-OPEC Countries,454.0,15.0
2024-07,R10,PADD 1,NCA,Canada,210.0,7.0
2024-07,R10,PADD 1,NKS,Korea,241.0,8.0
2024-07,R10,PADD 1,NUK,United Kingdom,3.0,0.0
2024-07,R10,PADD 1,Z00,,454.0,15.0
2024-07,R50,PADD 5,MN0,Non-OPEC Countries,2236.0,72.0
2024-07,R50,PADD 5,NCA,Canada,14.0,0.0
2024-07,R50,PADD 5,NCH,China,300.0,10.0
2024-07,R50,PADD 5,NKS,Korea,1482.0,48.0
2024-07,R50,PADD 5,NTW,Taiwan,440.0,14.0
2024-07,R50,PADD 5,Z00,,2236.0,72.0
2024-08,NUS,U.S.,MN0,Non-OPEC Countries,3743.0,121.0
2024-08,NUS,U.S.,NCA,Canada,566.0,18.0
2024-08,NUS,U.S.,NCH,China,239.0,8.0
2024-08,NUS,U.S.,NKS,Korea,2938.0,95.0
2024-08,NUS,U.S.,Z00,,3743.0,121.0
2024-08,R10,PADD 1,MN0,Non-OPEC Countries,729.0,24.0
2024-08,R10,PADD 1,NCA,Canada,554.0,18.0
2024-08,R10,PADD 1,NKS,Korea,175.0,6.0
2024-08,R10,PADD 1,Z00,,729.0,24.0
2024-08,R40,PADD 4,MN0,Non-OPEC Countries,12.0,0.0
2024-08,R40,PADD 4,NCA,Canada,12.0,0.0
2024-08,R40,PADD 4,Z00,,12.0,0.0
2024-08,R50,PADD 5,MN0,Non-OPEC Countries,3002.0,97.0
2024-08,R50,PADD 5,NCH,China,239.0,8.0
2024-08,R50,PADD 5,NKS,Korea,2763.0,89.0
2024-08,R50,PADD 5,Z00,,3002.0,97.0
2024-09,NUS,U.S.,MN0,Non-OPEC Countries,2188.0,73.0
2024-09,NUS,U.S.,NCA,Canada,59.0,2.0
2024-09,NUS,U.S.,NKS,Korea,1803.0,60.0
2024-09,NUS,U.S.,NMY,Malaysia,59.0,2.0
2024-09,NUS,U.S.,NSN,Singapore,267.0,9.0
2024-09,NUS,U.S.,Z00,,2188.0,73.0
2024-09,R10,PADD 1,MN0,Non-OPEC Countries,88.0,3.0
2024-09,R10,PADD 1,NCA,Canada,38.0,1.0
2024-09,R10,PADD 1,NKS,Korea,50.0,2.0
2024-09,R10,PADD 1,Z00,,88.0,3.0
2024-09,R40,PADD 4,MN0,Non-OPEC Countries,1.0,0.0
2024-09,R40,PADD 4,NCA,Canada,1.0,0.0
2024-09,R40,PADD 4,Z00,,1.0,0.0
2024-09,R50,PADD 5,MN0,Non-OPEC Countries,2099.0,70.0
2024-09,R50,PADD 5,NCA,Canada,20.0,1.0
2024-09,R50,PADD 5,NKS,Korea,1753.0,58.0
2024-09,R50,PADD 5,NMY,Malaysia,59.0,2.0
2024-09,R50,PADD 5,NSN,Singapore,267.0,9.0
2024-09,R50,PADD 5,Z00,,2099.0,70.0
2024-10,NUS,U.S.,MN0,Non-OPEC Countries,3194.0,103.0
2024-10,NUS,U.S.,NCA,Canada,246.0,8.0
2024-10,NUS,U.S.,NKS,Korea,2808.0,91.0
2024-10,NUS,U.S.,NSN,Singapore,140.0,5.0
2024-10,NUS,U.S.,Z00,,3194.0,103.0
2024-10,R10,PADD 1,MN0,Non-OPEC Countries,245.0,8.0
2024-10,R10,PADD 1,NCA,Canada,245.0,8.0
2024-10,R10,PADD 1,Z00,,245.0,8.0
2024-10,R40,PADD 4,MN0,Non-OPEC Countries,1.0,0.0
2024-10,R40,PADD 4,NCA,Canada,1.0,0.0
2024-10,R40,PADD 4,Z00,,1.0,0.0
2024-10,R50,PADD 5,MN0,Non-OPEC Countries,2948.0,95.0
2024-10,R50,PADD 5,NKS,Korea,2808.0,91.0
2024-10,R50,PADD 5,NSN,Singapore,140.0,5.0
2024-10,R50,PADD 5,Z00,,2948.0,95.0
2024-11,NUS,U.S.,ME0,OPEC Countries,282.0,9.0
2024-11,NUS,U.S.,MN0,Non-OPEC Countries,2383.0,79.0
2024-11,NUS,U.S.,NBR,Brazil,30.0,1.0
2024-11,NUS,U.S.,NCA,Canada,564.0,19.0
2024-11,NUS,U.S.,NKS,Korea,1628.0,54.0
2024-11,NUS,U.S.,NMY,Malaysia,161.0,5.0
2024-11,NUS,U.S.,NNI,Nigeria,282.0,9.0
2024-11,NUS,U.S.,Z00,,2665.0,89.0
2024-11,R10,PADD 1,ME0,OPEC Countries,282.0,9.0
2024-11,R10,PADD 1,MN0,Non-OPEC Countries,582.0,19.0
2024-11,R10,PADD 1,NBR,Brazil,30.0,1.0
2024-11,R10,PADD 1,NCA,Canada,552.0,18.0
2024-11,R10,PADD 1,NNI,Nigeria,282.0,9.0
2024-11,R10,PADD 1,Z00,,864.0,29.0
2024-11,R50,PADD 5,MN0,Non-OPEC Countries,1801.0,60.0
2024-11,R50,PADD 5,NCA,Canada,12.0,0.0
2024-11,R50,PADD 5,NKS,Korea,1628.0,54.0
2024-11,R50,PADD 5,NMY,Malaysia,161.0,5.0
2024-11,R50,PADD 5,Z00,,1801.0,60.0
2024-12,NUS,U.S.,ME0,OPEC Countries,47.0,2.0
2024-12,NUS,U.S.,MN0,Non-OPEC Countries,3302.0,107.0
2024-12,NUS,U.S.,NBR,Brazil,86.0,3.0
2024-12,NUS,U.S.,NCA,Canada,427.0,14.0
2024-12,NUS,U.S.,NGY,Guyana,35.0,1.0
2024-12,NUS,U.S.,NKS,Korea,2538.0,82.0
2024-12,NUS,U.S.,NMX,Mexico,55.0,2.0
2024-12,NUS,U.S.,NMY,Malaysia,159.0,5.0
2024-12,NUS,U.S.,NTD,Trinidad and Tobago,2.0,0.0
2024-12,NUS,U.S.,NVE,Venezuela,47.0,2.0
2024-12,NUS,U.S.,Z00,,3349.0,108.0
2024-12,R10,PADD 1,ME0,OPEC Countries,47.0,2.0
2024-12,R10,PADD 1,MN0,Non-OPEC Countries,627.0,20.0
2024-12,R10,PADD 1,NBR,Brazil,86.0,3.0
2024-12,R10,PADD 1,NCA,Canada,415.0,13.0
2024-12,R10,PADD 1,NGY,Guyana,35.0,1.0
2024-12,R10,PADD 1,NKS,Korea,34.0,1.0
2024-12,R10,PADD 1,NMX,Mexico,55.0,2.0
2024-12,R10,PADD 1,NTD,Trinidad and Tobago,2.0,0.0
2024-12,R10,PADD 1,NVE,Venezuela,47.0,2.0
2024-12,R10,PADD 1,Z00,,674.0,22.0
2024-12,R50,PADD 5,MN0,Non-OPEC Countries,2675.0,86.0
2024-12,R50,PADD 5,NCA,Canada,12.0,0.0
2024-12,R50,PADD 5,NKS,Korea,2504.0,81.0
2024-12,R50,PADD 5,NMY,Malaysia,159.0,5.0
2024-12,R50,PADD 5,Z00,,2675.0,86.0
2025-01,NUS,U.S.,ME0,OPEC Countries,191.0,6.0
2025-01,NUS,U.S.,MN0,Non-OPEC Countries,3795.0,122.0
2025-01,NUS,U.S.,MP0,Persian Gulf Countries,191.0,6.0
2025-01,NUS,U.S.,NCA,Canada,374.0,12.0
2025-01,NUS,U.S.,NIN,India,564.0,18.0
2025-01,NUS,U.S.,NKS,Korea,2529.0,82.0
2025-01,NUS,U.S.,NKU,Kuwait,191.0,6.0
2025-01,NUS,U.S.,NTW,Taiwan,328.0,11.0
2025-01,NUS,U.S.,Z00,,3986.0,129.0
2025-01,R10,PADD 1,ME0,OPEC Countries,191.0,6.0
2025-01,R10,PADD 1,MN0,Non-OPEC Countries,938.0,30.0
2025-01,R10,PADD 1,MP0,Persian Gulf Countries,191.0,6.0
2025-01,R10,PADD 1,NCA,Canada,374.0,12.0
2025-01,R10,PADD 1,NIN,India,564.0,18.0
2025-01,R10,PADD 1,NKU,Kuwait,191.0,6.0
2025-01,R10,PADD 1,Z00,,1129.0,36.0
2025-01,R50,PADD 5,MN0,Non-OPEC Countries,2857.0,92.0
2025-01,R50,PADD 5,NKS,Korea,2529.0,82.0
2025-01,R50,PADD 5,NTW,Taiwan,328.0,11.0
2025-01,R50,PADD 5,Z00,,2857.0,92.0
2025-02,NUS,U.S.,ME0,OPEC Countries,205.0,7.0
2025-02,NUS,U.S.,MN0,Non-OPEC Countries,3416.0,122.0
2025-02,NUS,U.S.,MP0,Persian Gulf Countries,205.0,7.0
2025-02,NUS,U.S.,NCA,Canada,294.0,11.0
2025-02,NUS,U.S.,NCH,China,314.0,11.0
2025-02,NUS,U.S.,NIN,India,601.0,21.0
2025-02,NUS,U.S.,NKS,Korea,1971.0,70.0
2025-02,NUS,U.S.,NKU,Kuwait,205.0,7.0
2025-02,NUS,U.S.,NMY,Malaysia,161.0,6.0
2025-02,NUS,U.S.,NUK,United Kingdom,75.0,3.0
2025-02,NUS,U.S.,Z00,,3621.0,129.0
2025-02,R10,PADD 1,ME0,OPEC Countries,205.0,7.0
2025-02,R10,PADD 1,MN0,Non-OPEC Countries,992.0,35.0
2025-02,R10,PADD 1,MP0,Persian Gulf Countries,205.0,7.0
2025-02,R10,PADD 1,NCA,Canada,291.0,10.0
2025-02,R10,PADD 1,NIN,India,601.0,21.0
2025-02,R10,PADD 1,NKS,Korea,25.0,1.0
2025-02,R10,PADD 1,NKU,Kuwait,205.0,7.0
2025-02,R10,PADD 1,NUK,United Kingdom,75.0,3.0
2025-02,R10,PADD 1,Z00,,1197.0,43.0
2025-02,R40,PADD 4,MN0,Non-OPEC Countries,3.0,0.0
2025-02,R40,PADD 4,NCA,Canada,3.0,0.0
2025-02,R40,PADD 4,Z00,,3.0,0.0
2025-02,R50,PADD 5,MN0,Non-OPEC Countries,2421.0,86.0
2025-02,R50,PADD 5,NCH,China,314.0,11.0
2025-02,R50,PADD 5,NKS,Korea,1946.0,70.0
2025-02,R50,PADD 5,NMY,Malaysia,161.0,6.0
2025-02,R50,PADD 5,Z00,,2421.0,86.0
2025-03,NUS,U.S.,ME0,OPEC Countries,1397.0,45.0
2025-03,NUS,U.S.,MN0,Non-OPEC Countries,2815.0,91.0
2025-03,NUS,U.S.,MP0,Persian Gulf Countries,34.0,1.0
2025-03,NUS,U.S.,NCA,Canada,496.0,16.0
2025-03,NUS,U.S.,NKS,Korea,2164.0,70.0
2025-03,NUS,U.S.,NKU,Kuwait,34.0,1.0
2025-03,NUS,U.S.,NMX,Mexico,15.0,0.0
2025-03,NUS,U.S.,NNI,Nigeria,1282.0,41.0
2025-03,NUS,U.S.,NSN,Singapore,140.0,5.0
2025-03,NUS,U.S.,NVE,Venezuela,81.0,3.0
2025-03,NUS,U.S.,Z00,,4212.0,136.0
2025-03,R10,PADD 1,ME0,OPEC Countries,1102.0,36.0
2025-03,R10,PADD 1,MN0,Non-OPEC Countries,559.0,18.0
2025-03,R10,PADD 1,MP0,Persian Gulf Countries,34.0,1.0
2025-03,R10,PADD 1,NCA,Canada,494.0,16.0
2025-03,R10,PADD 1,NKS,Korea,50.0,2.0
2025-03,R10,PADD 1,NKU,Kuwait,34.0,1.0
2025-03,R10,PADD 1,NMX,Mexico,15.0,0.0
2025-03,R10,PADD 1,NNI,Nigeria,987.0,32.0
2025-03,R10,PADD 1,NVE,Venezuela,81.0,3.0
2025-03,R10,PADD 1,Z00,,1661.0,54.0
2025-03,R40,PADD 4,MN0,Non-OPEC Countries,2.0,0.0
2025-03,R40,PADD 4,NCA,Canada,2.0,0.0
2025-03,R40,PADD 4,Z00,,2.0,0.0
2025-03,R50,PADD 5,ME0,OPEC Countries,295.0,10.0
2025-03,R50,PADD 5,MN0,Non-OPEC Countries,2254.0,73.0
2025-03,R50,PADD 5,NKS,Korea,2114.0,68.0
2025-03,R50,PADD 5,NNI,Nigeria,295.0,10.0
2025-03,R50,PADD 5,NSN,Singapore,140.0,5.0
2025-03,R50,PADD 5,Z00,,2549.0,82.0
2025-04,NUS,U.S.,ME0,OPEC Countries,689.0,23.0
2025-04,NUS,U.S.,MN0,Non-OPEC Countries,3676.0,123.0
2025-04,NUS,U.S.,NCA,Canada,454.0,15.0
2025-04,NUS,U.S.,NKS,Korea,3145.0,105.0
2025-04,NUS,U.S.,NNI,Nigeria,689.0,23.0
2025-04,NUS,U.S.,NTW,Taiwan,58.0,2.0
2025-04,NUS,U.S.,NUK,United Kingdom,19.0,1.0
2025-04,NUS,U.S.,Z00,,4365.0,146.0
2025-04,R10,PADD 1,ME0,OPEC Countries,689.0,23.0
2025-04,R10,PADD 1,MN0,Non-OPEC Countries,472.0,16.0
2025-04,R10,PADD 1,NCA,Canada,453.0,15.0
2025-04,R10,PADD 1,NNI,Nigeria,689.0,23.0
2025-04,R10,PADD 1,NUK,United Kingdom,19.0,1.0
2025-04,R10,PADD 1,Z00,,1161.0,39.0
2025-04,R40,PADD 4,MN0,Non-OPEC Countries,1.0,0.0
2025-04,R40,PADD 4,NCA,Canada,1.0,0.0
2025-04,R40,PADD 4,Z00,,1.0,0.0
2025-04,R50,PADD 5,MN0,Non-OPEC Countries,3203.0,107.0
2025-04,R50,PADD 5,NKS,Korea,3145.0,105.0
2025-04,R50,PADD 5,NTW,Taiwan,58.0,2.0
2025-04,R50,PADD 5,Z00,,3203.0,107.0
2025-05,NUS,U.S.,ME0,OPEC Countries,8.0,0.0
2025-05,NUS,U.S.,MN0,Non-OPEC Countries,4878.0,157.0
2025-05,NUS,U.S.,NCA,Canada,451.0,15.0
2025-05,NUS,U.S.,NCH,China,309.0,10.0
2025-05,NUS,U.S.,NKS,Korea,3858.0,124.0
2025-05,NUS,U.S.,NMY,Malaysia,260.0,8.0
2025-05,NUS,U.S.,NNI,Nigeria,8.0,0.0
2025-05,NUS,U.S.,Z00,,4886.0,158.0
2025-05,R10,PADD 1,ME0,OPEC Countries,8.0,0.0
2025-05,R10,PADD 1,MN0,Non-OPEC Countries,450.0,15.0
2025-05,R10,PADD 1,NCA,Canada,450.0,15.0
2025-05,R10,PADD 1,NNI,Nigeria,8.0,0.0
2025-05,R10,PADD 1,Z00,,458.0,15.0
2025-05,R30,PADD 3,MN0,Non-OPEC Countries,93.0,3.0
2025-05,R30,PADD 3,NMY,Malaysia,93.0,3.0
2025-05,R30,PADD 3,Z00,,93.0,3.0
2025-05,R40,PADD 4,MN0,Non-OPEC Countries,1.0,0.0
2025-05,R40,PADD 4,NCA,Canada,1.0,0.0
2025-05,R40,PADD 4,Z00,,1.0,0.0
2025-05,R50,PADD 5,MN0,Non-OPEC Countries,4334.0,140.0
2025-05,R50,PADD 5,NCH,China,309.0,10.0
2025-05,R50,PADD 5,NKS,Korea,3858.0,124.0
2025-05,R50,PADD 5,NMY,Malaysia,167.0,5.0
2025-05,R50,PADD 5,Z00,,4334.0,140.0
2025-06,NUS,U.S.,MN0,Non-OPEC Countries,2932.0,98.0
2025-06,NUS,U.S.,NCA,Canada,359.0,12.0
2025-06,NUS,U.S.,NKS,Korea,2573.0,86.0
2025-06,NUS,U.S.,Z00,,2932.0,98.0
2025-06,R10,PADD 1,MN0,Non-OPEC Countries,357.0,12.0
2025-06,R10,PADD 1,NCA,Canada,357.0,12.0
2025-06,R10,PADD 1,Z00,,357.0,12.0
2025-06,R40,PADD 4,MN0,Non-OPEC Countries,2.0,0.0
2025-06,R40,PADD 4,NCA,Canada,2.0,0.0
2025-06,R40,PADD 4,Z00,,2.0,0.0
2025-06,R50,PADD 5,MN0,Non-OPEC Countries,2573.0,86.0
2025-06,R50,PADD 5,NKS,Korea,2573.0,86.0
2025-06,R50,PADD 5,Z00,,2573.0,86.0
2025-07,NUS,U.S.,MN0,Non-OPEC Countries,3830.0,124.0
2025-07,NUS,U.S.,NCA,Canada,390.0,13.0
2025-07,NUS,U.S.,NJA,Japan,312.0,10.0
2025-07,NUS,U.S.,NKS,Korea,3128.0,101.0
2025-07,NUS,U.S.,Z00,,3830.0,124.0
2025-07,R10,PADD 1,MN0,Non-OPEC Countries,569.0,18.0
2025-07,R10,PADD 1,NCA,Canada,389.0,13.0
2025-07,R10,PADD 1,NKS,Korea,180.0,6.0
2025-07,R10,PADD 1,Z00,,569.0,18.0
2025-07,R40,PADD 4,MN0,Non-OPEC Countries,1.0,0.0
2025-07,R40,PADD 4,NCA,Canada,1.0,0.0
2025-07,R40,PADD 4,Z00,,1.0,0.0
2025-07,R50,PADD 5,MN0,Non-OPEC Countries,3260.0,105.0
2025-07,R50,PADD 5,NJA,Japan,312.0,10.0
2025-07,R50,PADD 5,NKS,Korea,2948.0,95.0
2025-07,R50,PADD 5,Z00,,3260.0,105.0
2025-08,NUS,U.S.,MN0,Non-OPEC Countries,3439.0,111.0
2025-08,NUS,U.S.,NCA,Canada,370.0,12.0
2025-08,NUS,U.S.,NCH,China,318.0,10.0
2025-08,NUS,U.S.,NKS,Korea,2751.0,89.0
2025-08,NUS,U.S.,Z00,,3439.0,111.0
2025-08,R10,PADD 1,MN0,Non-OPEC Countries,613.0,20.0
2025-08,R10,PADD 1,NCA,Canada,356.0,11.0
2025-08,R10,PADD 1,NKS,Korea,257.0,8.0
2025-08,R10,PADD 1,Z00,,613.0,20.0
2025-08,R40,PADD 4,MN0,Non-OPEC Countries,2.0,0.0
2025-08,R40,PADD 4,NCA,Canada,2.0,0.0
2025-08,R40,PADD 4,Z00,,2.0,0.0
2025-08,R50,PADD 5,MN0,Non-OPEC Countries,2824.0,91.0
2025-08,R50,PADD 5,NCA,Canada,12.0,0.0
2025-08,R50,PADD 5,NCH,China,318.0,10.0
2025-08,R50,PADD 5,NKS,Korea,2494.0,80.0
2025-08,R50,PADD 5,Z00,,2824.0,91.0
2025-09,NUS,U.S.,MN0,Non-OPEC Countries,3242.0,108.0
2025-09,NUS,U.S.,NCA,Canada,154.0,5.0
2025-09,NUS,U.S.,NKS,Korea,3088.0,103.0
2025-09,NUS,U.S.,Z00,,3242.0,108.0
2025-09,R10,PADD 1,MN0,Non-OPEC Countries,129.0,4.0
2025-09,R10,PADD 1,NCA,Canada,129.0,4.0
2025-09,R10,PADD 1,Z00,,129.0,4.0
2025-09,R30,PADD 3,MN0,Non-OPEC Countries,167.0,6.0
2025-09,R30,PADD 3,NKS,Korea,167.0,6.0
2025-09,R30,PADD 3,Z00,,167.0,6.0
2025-09,R40,PADD 4,MN0,Non-OPEC Countries,2.0,0.0
2025-09,R40,PADD 4,NCA,Canada,2.0,0.0
2025-09,R40,PADD 4,Z00,,2.0,0.0
2025-09,R50,PADD 5,MN0,Non-OPEC Countries,2944.0,98.0
2025-09,R50,PADD 5,NCA,Canada,23.0,1.0
2025-09,R50,PADD 5,NKS,Korea,2921.0,97.0
2025-09,R50,PADD 5,Z00,,2944.0,98.0
2025-10,NUS,U.S.,ME0,OPEC Countries,766.0,25.0
2025-10,NUS,U.S.,MN0,Non-OPEC Countries,3568.0,115.0
2025-10,NUS,U.S.,NCA,Canada,183.0,6.0
2025-10,NUS,U.S.,NKS,Korea,3385.0,109.0
2025-10,NUS,U.S.,NNI,Nigeria,766.0,25.0
2025-10,NUS,U.S.,Z00,,4334.0,140.0
2025-10,R10,PADD 1,ME0,OPEC Countries,766.0,25.0
2025-10,R10,PADD 1,MN0,Non-OPEC Countries,165.0,5.0
2025-10,R10,PADD 1,NCA,Canada,165.0,5.0
2025-10,R10,PADD 1,NNI,Nigeria,766.0,25.0
2025-10,R10,PADD 1,Z00,,931.0,30.0
2025-10,R40,PADD 4,MN0,Non-OPEC Countries,4.0,0.0
2025-10,R40,PADD 4,NCA,Canada,4.0,0.0
2025-10,R40,PADD 4,Z00,,4.0,0.0
2025-10,R50,PADD 5,MN0,Non-OPEC Countries,3399.0,110.0
2025-10,R50,PADD 5,NCA,Canada,14.0,0.0
2025-10,R50,PADD 5,NKS,Korea,3385.0,109.0
2025-10,R50,PADD 5,Z00,,3399.0,110.0
2025-11,NUS,U.S.,ME0,OPEC Countries,315.0,11.0
2025-11,NUS,U.S.,MN0,Non-OPEC Countries,4751.0,158.0
2025-11,NUS,U.S.,MP0,Persian Gulf Countries,315.0,11.0
2025-11,NUS,U.S.,NCA,Canada,535.0,18.0
2025-11,NUS,U.S.,NCH,China,327.0,11.0
2025-11,NUS,U.S.,NJA,Japan,950.0,32.0
2025-11,NUS,U.S.,NKS,Korea,2899.0,97.0
2025-11,NUS,U.S.,NKU,Kuwait,315.0,11.0
2025-11,NUS,U.S.,NUK,United Kingdom,40.0,1.0
2025-11,NUS,U.S.,Z00,,5066.0,169.0
2025-11,R10,PADD 1,ME0,OPEC Countries,315.0,11.0
2025-11,R10,PADD 1,MN0,Non-OPEC Countries,560.0,19.0
2025-11,R10,PADD 1,MP0,Persian Gulf Countries,315.0,11.0
2025-11,R10,PADD 1,NCA,Canada,520.0,17.0
2025-11,R10,PADD 1,NKU,Kuwait,315.0,11.0
2025-11,R10,PADD 1,NUK,United Kingdom,40.0,1.0
2025-11,R10,PADD 1,Z00,,875.0,29.0
2025-11,R40,PADD 4,MN0,Non-OPEC Countries,3.0,0.0
2025-11,R40,PADD 4,NCA,Canada,3.0,0.0
2025-11,R40,PADD 4,Z00,,3.0,0.0
2025-11,R50,PADD 5,MN0,Non-OPEC Countries,4188.0,140.0
2025-11,R50,PADD 5,NCA,Canada,12.0,0.0
2025-11,R50,PADD 5,NCH,China,327.0,11.0
2025-11,R50,PADD 5,NJA,Japan,950.0,32.0
2025-11,R50,PADD 5,NKS,Korea,2899.0,97.0
2025-11,R50,PADD 5,Z00,,4188.0,140.0
2025-12,NUS,U.S.,ME0,OPEC Countries,128.0,4.0
2025-12,NUS,U.S.,MN0,Non-OPEC Countries,3419.0,110.0
2025-12,NUS,U.S.,NCA,Canada,362.0,12.0
2025-12,NUS,U.S.,NCH,China,323.0,10.0
2025-12,NUS,U.S.,NCO,Colombia,10.0,0.0
2025-12,NUS,U.S.,NIN,India,484.0,16.0
2025-12,NUS,U.S.,NKS,Korea,2240.0,72.0
2025-12,NUS,U.S.,NNI,Nigeria,128.0,4.0
2025-12,NUS,U.S.,Z00,,3547.0,114.0
2025-12,R10,PADD 1,ME0,OPEC Countries,128.0,4.0
2025-12,R10,PADD 1,MN0,Non-OPEC Countries,369.0,12.0
2025-12,R10,PADD 1,NCA,Canada,359.0,12.0
2025-12,R10,PADD 1,NCO,Colombia,10.0,0.0
2025-12,R10,PADD 1,NNI,Nigeria,128.0,4.0
2025-12,R10,PADD 1,Z00,,497.0,16.0
2025-12,R40,PADD 4,MN0,Non-OPEC Countries,3.0,0.0
2025-12,R40,PADD 4,NCA,Canada,3.0,0.0
2025-12,R40,PADD 4,Z00,,3.0,0.0
2025-12,R50,PADD 5,MN0,Non-OPEC Countries,3047.0,98.0
2025-12,R50,PADD 5,NCH,China,323.0,10.0
2025-12,R50,PADD 5,NIN,India,484.0,16.0
2025-12,R50,PADD 5,NKS,Korea,2240.0,72.0
2025-12,R50,PADD 5,Z00,,3047.0,98.0
2026-01,NUS,U.S.,MN0,Non-OPEC Countries,3610.0,116.0
2026-01,NUS,U.S.,NBR,Brazil,2.0,0.0
2026-01,NUS,U.S.,NCA,Canada,244.0,8.0
2026-01,NUS,U.S.,NKS,Korea,3155.0,102.0
2026-01,NUS,U.S.,NSN,Singapore,209.0,7.0
2026-01,NUS,U.S.,Z00,,3610.0,116.0
2026-01,R10,PADD 1,MN0,Non-OPEC Countries,217.0,7.0
2026-01,R10,PADD 1,NBR,Brazil,2.0,0.0
2026-01,R10,PADD 1,NCA,Canada,215.0,7.0
2026-01,R10,PADD 1,Z00,,217.0,7.0
2026-01,R40,PADD 4,MN0,Non-OPEC Countries,2.0,0.0
2026-01,R40,PADD 4,NCA,Canada,2.0,0.0
2026-01,R40,PADD 4,Z00,,2.0,0.0
2026-01,R50,PADD 5,MN0,Non-OPEC Countries,3391.0,109.0
2026-01,R50,PADD 5,NCA,Canada,27.0,1.0
2026-01,R50,PADD 5,NKS,Korea,3155.0,102.0
2026-01,R50,PADD 5,NSN,Singapore,209.0,7.0
2026-01,R50,PADD 5,Z00,,3391.0,109.0
2026-02,NUS,U.S.,MN0,Non-OPEC Countries,3928.0,140.0
2026-02,NUS,U.S.,NCA,Canada,433.0,15.0
2026-02,NUS,U.S.,NJA,Japan,314.0,11.0
2026-02,NUS,U.S.,NKS,Korea,3181.0,114.0
2026-02,NUS,U.S.,Z00,,3928.0,140.0
2026-02,R10,PADD 1,MN0,Non-OPEC Countries,517.0,18.0
2026-02,R10,PADD 1,NCA,Canada,433.0,15.0
2026-02,R10,PADD 1,NKS,Korea,84.0,3.0
2026-02,R10,PADD 1,Z00,,517.0,18.0
2026-02,R50,PADD 5,MN0,Non-OPEC Countries,3411.0,122.0
2026-02,R50,PADD 5,NJA,Japan,314.0,11.0
2026-02,R50,PADD 5,NKS,Korea,3097.0,111.0
2026-02,R50,PADD 5,Z00,,3411.0,122.0
2026-03,NUS,U.S.,MN0,Non-OPEC Countries,2720.0,88.0
2026-03,NUS,U.S.,NCA,Canada,542.0,17.0
2026-03,NUS,U.S.,NKS,Korea,2158.0,70.0
2026-03,NUS,U.S.,NTD,Trinidad and Tobago,20.0,1.0
2026-03,NUS,U.S.,Z00,,2720.0,88.0
2026-03,R10,PADD 1,MN0,Non-OPEC Countries,562.0,18.0
2026-03,R10,PADD 1,NCA,Canada,542.0,17.0
2026-03,R10,PADD 1,NTD,Trinidad and Tobago,20.0,1.0
2026-03,R10,PADD 1,Z00,,562.0,18.0
2026-03,R50,PADD 5,MN0,Non-OPEC Countries,2158.0,70.0
2026-03,R50,PADD 5,NKS,Korea,2158.0,70.0
2026-03,R50,PADD 5,Z00,,2158.0,70.0
2026-04,NUS,U.S.,MN0,Non-OPEC Countries,2373.0,79.0
2026-04,NUS,U.S.,NCA,Canada,368.0,12.0
2026-04,NUS,U.S.,NJA,Japan,261.0,9.0
2026-04,NUS,U.S.,NKS,Korea,1543.0,51.0
2026-04,NUS,U.S.,NSN,Singapore,151.0,5.0
2026-04,NUS,U.S.,NTD,Trinidad and Tobago,50.0,2.0
2026-04,NUS,U.S.,Z00,,2373.0,79.0
2026-04,R10,PADD 1,MN0,Non-OPEC Countries,416.0,14.0
2026-04,R10,PADD 1,NCA,Canada,366.0,12.0
2026-04,R10,PADD 1,NTD,Trinidad and Tobago,50.0,2.0
2026-04,R10,PADD 1,Z00,,416.0,14.0
2026-04,R40,PADD 4,MN0,Non-OPEC Countries,2.0,0.0
2026-04,R40,PADD 4,NCA,Canada,2.0,0.0
2026-04,R40,PADD 4,Z00,,2.0,0.0
2026-04,R50,PADD 5,MN0,Non-OPEC Countries,1955.0,65.0
2026-04,R50,PADD 5,NJA,Japan,261.0,9.0
2026-04,R50,PADD 5,NKS,Korea,1543.0,51.0
2026-04,R50,PADD 5,NSN,Singapore,151.0,5.0
2026-04,R50,PADD 5,Z00,,1955.0,65.0
2026-05,NUS,U.S.,MN0,Non-OPEC Countries,1761.0,57.0
2026-05,NUS,U.S.,NCA,Canada,371.0,12.0
2026-05,NUS,U.S.,NKS,Korea,1360.0,44.0
2026-05,NUS,U.S.,NTD,Trinidad and Tobago,30.0,1.0
2026-05,NUS,U.S.,Z00,,1761.0,57.0
2026-05,R10,PADD 1,MN0,Non-OPEC Countries,390.0,13.0
2026-05,R10,PADD 1,NCA,Canada,360.0,12.0
2026-05,R10,PADD 1,NTD,Trinidad and Tobago,30.0,1.0
2026-05,R10,PADD 1,Z00,,390.0,13.0
2026-05,R40,PADD 4,MN0,Non-OPEC Countries,11.0,0.0
2026-05,R40,PADD 4,NCA,Canada,11.0,0.0
2026-05,R40,PADD 4,Z00,,11.0,0.0
2026-05,R50,PADD 5,MN0,Non-OPEC Countries,1360.0,44.0
2026-05,R50,PADD 5,NKS,Korea,1360.0,44.0
2026-05,R50,PADD 5,Z00,,1360.0,44.0
2026-06,NUS,U.S.,MN0,Non-OPEC Countries,2520.0,84.0
2026-06,NUS,U.S.,NCA,Canada,568.0,19.0
2026-06,NUS,U.S.,NKS,Korea,1850.0,62.0
2026-06,NUS,U.S.,NSN,Singapore,102.0,3.0
2026-06,NUS,U.S.,Z00,,2520.0,84.0
2026-06,R10,PADD 1,MN0,Non-OPEC Countries,535.0,18.0
2026-06,R10,PADD 1,NCA,Canada,535.0,18.0
2026-06,R10,PADD 1,Z00,,535.0,18.0
2026-06,R40,PADD 4,MN0,Non-OPEC Countries,33.0,1.0
2026-06,R40,PADD 4,NCA,Canada,33.0,1.0
2026-06,R40,PADD 4,Z00,,33.0,1.0
2026-06,R50,PADD 5,MN0,Non-OPEC Countries,1952.0,65.0
2026-06,R50,PADD 5,NKS,Korea,1850.0,62.0
2026-06,R50,PADD 5,NSN,Singapore,102.0,3.0
2026-06,R50,PADD 5,Z00,,1952.0,65.0
