period,duoarea,area-name,product,product-name,process,process-name,series,series-description,value,units
1981-12,R30-Z00,PADD 3,EPJK,Kerosene-Type Jet Fuel,EEX,Exports,MKJEXP31,Gulf Coast (PADD 3) Exports of Kerosene-Type Jet Fuel (Thousand Barrels),206,MBBL
1981-12,R30-Z00,PADD 3,EPJK,Kerosene-Type Jet Fuel,EEX,Exports,MKJEXP32,Gulf Coast (PADD 3) Exports of Kerosene-Type Jet Fuel (Thousand Barrels per Day),7,MBBL/D
1982-01,R30-Z00,PADD 3,EPJK,Kerosene-Type Jet Fuel,EEX,Exports,MKJEXP31,Gulf Coast (PADD 3) Exports of Kerosene-Type Jet Fuel (Thousand Barrels),227,MBBL
1982-01,R30-Z00,PADD 3,EPJK,Kerosene-Type Jet Fuel,EEX,Exports,MKJEXP32,Gulf Coast (PADD 3) Exports of Kerosene-Type Jet Fuel (Thousand Barrels per Day),7,MBBL/D
1982-02,R30-Z00,PADD 3,EPJK,Kerosene-Type Jet Fuel,EEX,Exports,MKJEXP31,Gulf Coast (PADD 3) Exports of Kerosene-Type Jet Fuel (Thousand Barrels),226,MBBL
1982-02,R30-Z00,PADD 3,EPJK,Kerosene-Type Jet Fuel,EEX,Exports,MKJEXP32,Gulf Coast (PADD 3) Exports of Kerosene-Type Jet Fuel (Thousand Barrels per Day),8,MBBL/D
1982-11,R30-Z00,PADD 3,EPJK,Kerosene-Type Jet Fuel,EEX,Exports,MKJEXP31,Gulf Coast (PADD 3) Exports of Kerosene-Type Jet Fuel (Thousand Barrels),245,MBBL
1982-11,R30-Z00,PADD 3,EPJK,Kerosene-Type Jet Fuel,EEX,Exports,MKJEXP32,Gulf Coast (PADD 3) Exports of Kerosene-Type Jet Fuel (Thousand Barrels per Day),8,MBBL/D
1982-12,R30-Z00,PADD 3,EPJK,Kerosene-Type Jet Fuel,EEX,Exports,MKJEXP31,Gulf Coast (PADD 3) Exports of Kerosene-Type Jet Fuel (Thousand Barrels),373,MBBL
1982-12,R30-Z00,PADD 3,EPJK,Kerosene-Type Jet Fuel,EEX,Exports,MKJEXP32,Gulf Coast (PADD 3) Exports of Kerosene-Type Jet Fuel (Thousand Barrels per Day),12,MBBL/D
1983-01,R30-Z00,PADD 3,EPJK,Kerosene-Type Jet Fuel,EEX,Exports,MKJEXP31,Gulf Coast (PADD 3) Exports of Kerosene-Type Jet Fuel (Thousand Barrels),235,MBBL
1983-01,R30-Z00,PADD 3,EPJK,Kerosene-Type Jet Fuel,EEX,Exports,MKJEXP32,Gulf Coast (PADD 3) Exports of Kerosene-Type Jet Fuel (Thousand Barrels per Day),8,MBBL/D
1983-02,R30-Z00,PADD 3,EPJK,Kerosene-Type Jet Fuel,EEX,Exports,MKJEXP31,Gulf Coast (PADD 3) Exports of Kerosene-Type Jet Fuel (Thousand Barrels),0,MBBL
1983-02,R30-Z00,PADD 3,EPJK,Kerosene-Type Jet Fuel,EEX,Exports,MKJEXP32,Gulf Coast (PADD 3) Exports of Kerosene-Type Jet Fuel (Thousand Barrels per Day),0,MBBL/D
1983-09,R30-Z00,PADD 3,EPJK,Kerosene-Type Jet Fuel,EEX,Exports,MKJEXP31,Gulf Coast (PADD 3) Exports of Kerosene-Type Jet Fuel (Thousand Barrels),240,MBBL
1983-09,R30-Z00,PADD 3,EPJK,Kerosene-Type Jet Fuel,EEX,Exports,MKJEXP32,Gulf Coast (PADD 3) Exports of Kerosene-Type Jet Fuel (Thousand Barrels per Day),8,MBBL/D
1983-11,R30-Z00,PADD 3,EPJK,Kerosene-Type Jet Fuel,EEX,Exports,MKJEXP31,Gulf Coast (PADD 3) Exports of Kerosene-Type Jet Fuel (Thousand Barrels),206,MBBL
1983-11,R30-Z00,PADD 3,EPJK,Kerosene-Type Jet Fuel,EEX,Exports,MKJEXP32,Gulf Coast (PADD 3) Exports of Kerosene-Type Jet Fuel (Thousand Barrels per Day),7,MBBL/D
1983-12,R30-Z00,PADD 3,EPJK,Kerosene-Type Jet Fuel,EEX,Exports,MKJEXP31,Gulf Coast (PADD 3) Exports of Kerosene-Type Jet Fuel (Thousand Barrels),444,MBBL
1983-12,R30-Z00,PADD 3,EPJK,Kerosene-Type Jet Fuel,EEX,Exports,MKJEXP32,Gulf Coast (PADD 3) Exports of Kerosene-Type Jet Fuel (Thousand Barrels per Day),14,MBBL/D
1984-05,R30-Z00,PADD 3,EPJK,Kerosene-Type Jet Fuel,EEX,Exports,MKJEXP31,Gulf Coast (PADD 3) Exports of Kerosene-Type Jet Fuel (Thousand Barrels),0,MBBL
1984-05,R30-Z00,PADD 3,EPJK,Kerosene-Type Jet Fuel,EEX,Exports,MKJEXP32,Gulf Coast (PADD 3) Exports of Kerosene-Type Jet Fuel (Thousand Barrels per Day),0,MBBL/D
1984-06,R30-Z00,PADD 3,EPJK,Kerosene-Type Jet Fuel,EEX,Exports,MKJEXP31,Gulf Coast (PADD 3) Exports of Kerosene-Type Jet Fuel (Thousand Barrels),155,MBBL
1984-06,R30-Z00,PADD 3,EPJK,Kerosene-Type Jet Fuel,EEX,Exports,MKJEXP32,Gulf Coast (PADD 3) Exports of Kerosene-Type Jet Fuel (Thousand Barrels per Day),5,MBBL/D
1984-07,R30-Z00,PADD 3,EPJK,Kerosene-Type Jet Fuel,EEX,Exports,MKJEXP31,Gulf Coast (PADD 3) Exports of Kerosene-Type Jet Fuel (Thousand Barrels),276,MBBL
1984-07,R30-Z00,PADD 3,EPJK,Kerosene-Type Jet Fuel,EEX,Exports,MKJEXP32,Gulf Coast (PADD 3) Exports of Kerosene-Type Jet Fuel (Thousand Barrels per Day),9,MBBL/D
1984-09,R30-Z00,PADD 3,EPJK,Kerosene-Type Jet Fuel,EEX,Exports,MKJEXP31,Gulf Coast (PADD 3) Exports of Kerosene-Type Jet Fuel (Thousand Barrels),0,MBBL
1984-09,R30-Z00,PADD 3,EPJK,Kerosene-Type Jet Fuel,EEX,Exports,MKJEXP32,Gulf Coast (PADD 3) Exports of Kerosene-Type Jet Fuel (Thousand Barrels per Day),0,MBBL/D
1984-11,R30-Z00,PADD 3,EPJK,Kerosene-Type Jet Fuel,EEX,Exports,MKJEXP31,Gulf Coast (PADD 3) Exports of Kerosene-Type Jet Fuel (Thousand Barrels),221,MBBL
1984-11,R30-Z00,PADD 3,EPJK,Kerosene-Type Jet Fuel,EEX,Exports,MKJEXP32,Gulf Coast (PADD 3) Exports of Kerosene-Type Jet Fuel (Thousand Barrels per Day),7,MBBL/D
1984-12,R30-Z00,PADD 3,EPJK,Kerosene-Type Jet Fuel,EEX,Exports,MKJEXP31,Gulf Coast (PADD 3) Exports of Kerosene-Type Jet Fuel (Thousand Barrels),521,MBBL
1984-12,R30-Z00,PADD 3,EPJK,Kerosene-Type Jet Fuel,EEX,Exports,MKJEXP32,Gulf Coast (PADD 3) Exports of Kerosene-Type Jet Fuel (Thousand Barrels per Day),17,MBBL/D
1985-02,R30-Z00,PADD 3,EPJK,Kerosene-Type Jet Fuel,EEX,Exports,MKJEXP31,Gulf Coast (PADD 3) Exports of Kerosene-Type Jet Fuel (Thousand Barrels),491,MBBL
1985-02,R30-Z00,PADD 3,EPJK,Kerosene-Type Jet Fuel,EEX,Exports,MKJEXP32,Gulf Coast (PADD 3) Exports of Kerosene-Type Jet Fuel (Thousand Barrels per Day),18,MBBL/D
1985-03,R30-Z00,PADD 3,EPJK,Kerosene-Type Jet Fuel,EEX,Exports,MKJEXP31,Gulf Coast (PADD 3) Exports of Kerosene-Type Jet Fuel (Thousand Barrels),10,MBBL
1985-03,R30-Z00,PADD 3,EPJK,Kerosene-Type Jet Fuel,EEX,Exports,MKJEXP32,Gulf Coast (PADD 3) Exports of Kerosene-Type Jet Fuel (Thousand Barrels per Day),0,MBBL/D
1985-04,R30-Z00,PADD 3,EPJK,Kerosene-Type Jet Fuel,EEX,Exports,MKJEXP31,Gulf Coast (PADD 3) Exports of Kerosene-Type Jet Fuel (Thousand Barrels),37,MBBL
1985-04,R30-Z00,PADD 3,EPJK,Kerosene-Type Jet Fuel,EEX,Exports,MKJEXP32,Gulf Coast (PADD 3) Exports of Kerosene-Type Jet Fuel (Thousand Barrels per Day),1,MBBL/D
1985-05,R30-Z00,PADD 3,EPJK,Kerosene-Type Jet Fuel,EEX,Exports,MKJEXP31,Gulf Coast (PADD 3) Exports of Kerosene-Type Jet Fuel (Thousand Barrels),78,MBBL
1985-05,R30-Z00,PADD 3,EPJK,Kerosene-Type Jet Fuel,EEX,Exports,MKJEXP32,Gulf Coast (PADD 3) Exports of Kerosene-Type Jet Fuel (Thousand Barrels per Day),3,MBBL/D
1985-06,R30-Z00,PADD 3,EPJK,Kerosene-Type Jet Fuel,EEX,Exports,MKJEXP31,Gulf Coast (PADD 3) Exports of Kerosene-Type Jet Fuel (Thousand Barrels),44,MBBL
1985-06,R30-Z00,PADD 3,EPJK,Kerosene-Type Jet Fuel,EEX,Exports,MKJEXP32,Gulf Coast (PADD 3) Exports of Kerosene-Type Jet Fuel (Thousand Barrels per Day),1,MBBL/D
1985-07,R30-Z00,PADD 3,EPJK,Kerosene-Type Jet Fuel,EEX,Exports,MKJEXP31,Gulf Coast (PADD 3) Exports of Kerosene-Type Jet Fuel (Thousand Barrels),72,MBBL
1985-07,R30-Z00,PADD 3,EPJK,Kerosene-Type Jet Fuel,EEX,Exports,MKJEXP32,Gulf Coast (PADD 3) Exports of Kerosene-Type Jet Fuel (Thousand Barrels per Day),2,MBBL/D
1985-08,R30-Z00,PADD 3,EPJK,Kerosene-Type Jet Fuel,EEX,Exports,MKJEXP31,Gulf Coast (PADD 3) Exports of Kerosene-Type Jet Fuel (Thousand Barrels),293,MBBL
1985-08,R30-Z00,PADD 3,EPJK,Kerosene-Type Jet Fuel,EEX,Exports,MKJEXP32,Gulf Coast (PADD 3) Exports of Kerosene-Type Jet Fuel (Thousand Barrels per Day),9,MBBL/D
1985-09,R30-Z00,PADD 3,EPJK,Kerosene-Type Jet Fuel,EEX,Exports,MKJEXP31,Gulf Coast (PADD 3) Exports of Kerosene-Type Jet Fuel (Thousand Barrels),38,MBBL
1985-09,R30-Z00,PADD 3,EPJK,Kerosene-Type Jet Fuel,EEX,Exports,MKJEXP32,Gulf Coast (PADD 3) Exports of Kerosene-Type Jet Fuel (Thousand Barrels per Day),1,MBBL/D
1985-10,R30-Z00,PADD 3,EPJK,Kerosene-Type Jet Fuel,EEX,Exports,MKJEXP31,Gulf Coast (PADD 3) Exports of Kerosene-Type Jet Fuel (Thousand Barrels),663,MBBL
1985-10,R30-Z00,PADD 3,EPJK,Kerosene-Type Jet Fuel,EEX,Exports,MKJEXP32,Gulf Coast (PADD 3) Exports of Kerosene-Type Jet Fuel (Thousand Barrels per Day),21,MBBL/D
1985-11,R30-Z00,PADD 3,EPJK,Kerosene-Type Jet Fuel,EEX,Exports,MKJEXP31,Gulf Coast (PADD 3) Exports of Kerosene-Type Jet Fuel (Thousand Barrels),827,MBBL
1985-11,R30-Z00,PADD 3,EPJK,Kerosene-Type Jet Fuel,EEX,Exports,MKJEXP32,Gulf Coast (PADD 3) Exports of Kerosene-Type Jet Fuel (Thousand Barrels per Day),28,MBBL/D
1985-12,R30-Z00,PADD 3,EPJK,Kerosene-Type Jet Fuel,EEX,Exports,MKJEXP31,Gulf Coast (PADD 3) Exports of Kerosene-Type Jet Fuel (Thousand Barrels),415,MBBL
1985-12,R30-Z00,PADD 3,EPJK,Kerosene-Type Jet Fuel,EEX,Exports,MKJEXP32,Gulf Coast (PADD 3) Exports of Kerosene-Type Jet Fuel (Thousand Barrels per Day),13,MBBL/D
1986-01,R30-Z00,PADD 3,EPJK,Kerosene-Type Jet Fuel,EEX,Exports,MKJEXP31,Gulf Coast (PADD 3) Exports of Kerosene-Type Jet Fuel (Thousand Barrels),1113,MBBL
1986-01,R30-Z00,PADD 3,EPJK,Kerosene-Type Jet Fuel,EEX,Exports,MKJEXP32,Gulf Coast (PADD 3) Exports of Kerosene-Type Jet Fuel (Thousand Barrels per Day),36,MBBL/D
1986-02,R30-Z00,PADD 3,EPJK,Kerosene-Type Jet Fuel,EEX,Exports,MKJEXP31,Gulf Coast (PADD 3) Exports of Kerosene-Type Jet Fuel (Thousand Barrels),400,MBBL
1986-02,R30-Z00,PADD 3,EPJK,Kerosene-Type Jet Fuel,EEX,Exports,MKJEXP32,Gulf Coast (PADD 3) Exports of Kerosene-Type Jet Fuel (Thousand Barrels per Day),14,MBBL/D
1986-03,R30-Z00,PADD 3,EPJK,Kerosene-Type Jet Fuel,EEX,Exports,MKJEXP31,Gulf Coast (PADD 3) Exports of Kerosene-Type Jet Fuel (Thousand Barrels),240,MBBL
1986-03,R30-Z00,PADD 3,EPJK,Kerosene-Type Jet Fuel,EEX,Exports,MKJEXP32,Gulf Coast (PADD 3) Exports of Kerosene-Type Jet Fuel (Thousand Barrels per Day),8,MBBL/D
1986-04,R30-Z00,PADD 3,EPJK,Kerosene-Type Jet Fuel,EEX,Exports,MKJEXP31,Gulf Coast (PADD 3) Exports of Kerosene-Type Jet Fuel (Thousand Barrels),332,MBBL
1986-04,R30-Z00,PADD 3,EPJK,Kerosene-Type Jet Fuel,EEX,Exports,MKJEXP32,Gulf Coast (PADD 3) Exports of Kerosene-Type Jet Fuel (Thousand Barrels per Day),11,MBBL/D
1986-05,R30-Z00,PADD 3,EPJK,Kerosene-Type Jet Fuel,EEX,Exports,MKJEXP31,Gulf Coast (PADD 3) Exports of Kerosene-Type Jet Fuel (Thousand Barrels),400,MBBL
1986-05,R30-Z00,PADD 3,EPJK,Kerosene-Type Jet Fuel,EEX,Exports,MKJEXP32,Gulf Coast (PADD 3) Exports of Kerosene-Type Jet Fuel (Thousand Barrels per Day),13,MBBL/D
1986-06,R30-Z00,PADD 3,EPJK,Kerosene-Type Jet Fuel,EEX,Exports,MKJEXP31,Gulf Coast (PADD 3) Exports of Kerosene-Type Jet Fuel (Thousand Barrels),155,MBBL
1986-06,R30-Z00,PADD 3,EPJK,Kerosene-Type Jet Fuel,EEX,Exports,MKJEXP32,Gulf Coast (PADD 3) Exports of Kerosene-Type Jet Fuel (Thousand Barrels per Day),5,MBBL/D
1986-07,R30-Z00,PADD 3,EPJK,Kerosene-Type Jet Fuel,EEX,Exports,MKJEXP31,Gulf Coast (PADD 3) Exports of Kerosene-Type Jet Fuel (Thousand Barrels),38,MBBL
1986-07,R30-Z00,PADD 3,EPJK,Kerosene-Type Jet Fuel,EEX,Exports,MKJEXP32,Gulf Coast (PADD 3) Exports of Kerosene-Type Jet Fuel (Thousand Barrels per Day),1,MBBL/D
1986-08,R30-Z00,PADD 3,EPJK,Kerosene-Type Jet Fuel,EEX,Exports,MKJEXP31,Gulf Coast (PADD 3) Exports of Kerosene-Type Jet Fuel (Thousand Barrels),71,MBBL
1986-08,R30-Z00,PADD 3,EPJK,Kerosene-Type Jet Fuel,EEX,Exports,MKJEXP32,Gulf Coast (PADD 3) Exports of Kerosene-Type Jet Fuel (Thousand Barrels per Day),2,MBBL/D
1986-09,R30-Z00,PADD 3,EPJK,Kerosene-Type Jet Fuel,EEX,Exports,MKJEXP31,Gulf Coast (PADD 3) Exports of Kerosene-Type Jet Fuel (Thousand Barrels),299,MBBL
1986-09,R30-Z00,PADD 3,EPJK,Kerosene-Type Jet Fuel,EEX,Exports,MKJEXP32,Gulf Coast (PADD 3) Exports of Kerosene-Type Jet Fuel (Thousand Barrels per Day),10,MBBL/D
1986-10,R30-Z00,PADD 3,EPJK,Kerosene-Type Jet Fuel,EEX,Exports,MKJEXP31,Gulf Coast (PADD 3) Exports of Kerosene-Type Jet Fuel (Thousand Barrels),417,MBBL
1986-10,R30-Z00,PADD 3,EPJK,Kerosene-Type Jet Fuel,EEX,Exports,MKJEXP32,Gulf Coast (PADD 3) Exports of Kerosene-Type Jet Fuel (Thousand Barrels per Day),13,MBBL/D
1986-11,R30-Z00,PADD 3,EPJK,Kerosene-Type Jet Fuel,EEX,Exports,MKJEXP31,Gulf Coast (PADD 3) Exports of Kerosene-Type Jet Fuel (Thousand Barrels),588,MBBL
1986-11,R30-Z00,PADD 3,EPJK,Kerosene-Type Jet Fuel,EEX,Exports,MKJEXP32,Gulf Coast (PADD 3) Exports of Kerosene-Type Jet Fuel (Thousand Barrels per Day),20,MBBL/D
1986-12,R30-Z00,PADD 3,EPJK,Kerosene-Type Jet Fuel,EEX,Exports,MKJEXP31,Gulf Coast (PADD 3) Exports of Kerosene-Type Jet Fuel (Thousand Barrels),577,MBBL
1986-12,R30-Z00,PADD 3,EPJK,Kerosene-Type Jet Fuel,EEX,Exports,MKJEXP32,Gulf Coast (PADD 3) Exports of Kerosene-Type Jet Fuel (Thousand Barrels per Day),19,MBBL/D
1987-01,R30-Z00,PADD 3,EPJK,Kerosene-Type Jet Fuel,EEX,Exports,MKJEXP31,Gulf Coast (PADD 3) Exports of Kerosene-Type Jet Fuel (Thousand Barrels),1122,MBBL
1987-01,R30-Z00,PADD 3,EPJK,Kerosene-Type Jet Fuel,EEX,Exports,MKJEXP32,Gulf Coast (PADD 3) Exports of Kerosene-Type Jet Fuel (Thousand Barrels per Day),36,MBBL/D
1987-02,R30-Z00,PADD 3,EPJK,Kerosene-Type Jet Fuel,EEX,Exports,MKJEXP31,Gulf Coast (PADD 3) Exports of Kerosene-Type Jet Fuel (Thousand Barrels),436,MBBL
1987-02,R30-Z00,PADD 3,EPJK,Kerosene-Type Jet Fuel,EEX,Exports,MKJEXP32,Gulf Coast (PADD 3) Exports of Kerosene-Type Jet Fuel (Thousand Barrels per Day),16,MBBL/D
1987-03,R30-Z00,PADD 3,EPJK,Kerosene-Type Jet Fuel,EEX,Exports,MKJEXP31,Gulf Coast (PADD 3) Exports of Kerosene-Type Jet Fuel (Thousand Barrels),77,MBBL
1987-03,R30-Z00,PADD 3,EPJK,Kerosene-Type Jet Fuel,EEX,Exports,MKJEXP32,Gulf Coast (PADD 3) Exports of Kerosene-Type Jet Fuel (Thousand Barrels per Day),2,MBBL/D
1987-04,R30-Z00,PADD 3,EPJK,Kerosene-Type Jet Fuel,EEX,Exports,MKJEXP31,Gulf Coast (PADD 3) Exports of Kerosene-Type Jet Fuel (Thousand Barrels),70,MBBL
1987-04,R30-Z00,PADD 3,EPJK,Kerosene-Type Jet Fuel,EEX,Exports,MKJEXP32,Gulf Coast (PADD 3) Exports of Kerosene-Type Jet Fuel (Thousand Barrels per Day),2,MBBL/D
1987-05,R30-Z00,PADD 3,EPJK,Kerosene-Type Jet Fuel,EEX,Exports,MKJEXP31,Gulf Coast (PADD 3) Exports of Kerosene-Type Jet Fuel (Thousand Barrels),62,MBBL
1987-05,R30-Z00,PADD 3,EPJK,Kerosene-Type Jet Fuel,EEX,Exports,MKJEXP32,Gulf Coast (PADD 3) Exports of Kerosene-Type Jet Fuel (Thousand Barrels per Day),2,MBBL/D
1987-06,R30-Z00,PADD 3,EPJK,Kerosene-Type Jet Fuel,EEX,Exports,MKJEXP31,Gulf Coast (PADD 3) Exports of Kerosene-Type Jet Fuel (Thousand Barrels),70,MBBL
1987-06,R30-Z00,PADD 3,EPJK,Kerosene-Type Jet Fuel,EEX,Exports,MKJEXP32,Gulf Coast (PADD 3) Exports of Kerosene-Type Jet Fuel (Thousand Barrels per Day),2,MBBL/D
1987-07,R30-Z00,PADD 3,EPJK,Kerosene-Type Jet Fuel,EEX,Exports,MKJEXP31,Gulf Coast (PADD 3) Exports of Kerosene-Type Jet Fuel (Thousand Barrels),81,MBBL
1987-07,R30-Z00,PADD 3,EPJK,Kerosene-Type Jet Fuel,EEX,Exports,MKJEXP32,Gulf Coast (PADD 3) Exports of Kerosene-Type Jet Fuel (Thousand Barrels per Day),3,MBBL/D
1987-08,R30-Z00,PADD 3,EPJK,Kerosene-Type Jet Fuel,EEX,Exports,MKJEXP31,Gulf Coast (PADD 3) Exports of Kerosene-Type Jet Fuel (Thousand Barrels),37,MBBL
1987-08,R30-Z00,PADD 3,EPJK,Kerosene-Type Jet Fuel,EEX,Exports,MKJEXP32,Gulf Coast (PADD 3) Exports of Kerosene-Type Jet Fuel (Thousand Barrels per Day),1,MBBL/D
1987-09,R30-Z00,PADD 3,EPJK,Kerosene-Type Jet Fuel,EEX,Exports,MKJEXP31,Gulf Coast (PADD 3) Exports of Kerosene-Type Jet Fuel (Thousand Barrels),873,MBBL
1987-09,R30-Z00,PADD 3,EPJK,Kerosene-Type Jet Fuel,EEX,Exports,MKJEXP32,Gulf Coast (PADD 3) Exports of Kerosene-Type Jet Fuel (Thousand Barrels per Day),29,MBBL/D
1987-10,R30-Z00,PADD 3,EPJK,Kerosene-Type Jet Fuel,EEX,Exports,MKJEXP31,Gulf Coast (PADD 3) Exports of Kerosene-Type Jet Fuel (Thousand Barrels),952,MBBL
1987-10,R30-Z00,PADD 3,EPJK,Kerosene-Type Jet Fuel,EEX,Exports,MKJEXP32,Gulf Coast (PADD 3) Exports of Kerosene-Type Jet Fuel (Thousand Barrels per Day),31,MBBL/D
1987-11,R30-Z00,PADD 3,EPJK,Kerosene-Type Jet Fuel,EEX,Exports,MKJEXP31,Gulf Coast (PADD 3) Exports of Kerosene-Type Jet Fuel (Thousand Barrels),1215,MBBL
1987-11,R30-Z00,PADD 3,EPJK,Kerosene-Type Jet Fuel,EEX,Exports,MKJEXP32,Gulf Coast (PADD 3) Exports of Kerosene-Type Jet Fuel (Thousand Barrels per Day),40,MBBL/D
1987-12,R30-Z00,PADD 3,EPJK,Kerosene-Type Jet Fuel,EEX,Exports,MKJEXP31,Gulf Coast (PADD 3) Exports of Kerosene-Type Jet Fuel (Thousand Barrels),1871,MBBL
1987-12,R30-Z00,PADD 3,EPJK,Kerosene-Type Jet Fuel,EEX,Exports,MKJEXP32,Gulf Coast (PADD 3) Exports of Kerosene-Type Jet Fuel (Thousand Barrels per Day),60,MBBL/D
1988-01,R30-Z00,PADD 3,EPJK,Kerosene-Type Jet Fuel,EEX,Exports,MKJEXP31,Gulf Coast (PADD 3) Exports of Kerosene-Type Jet Fuel (Thousand Barrels),1932,MBBL
1988-01,R30-Z00,PADD 3,EPJK,Kerosene-Type Jet Fuel,EEX,Exports,MKJEXP32,Gulf Coast (PADD 3) Exports of Kerosene-Type Jet Fuel (Thousand Barrels per Day),62,MBBL/D
1988-02,R30-Z00,PADD 3,EPJK,Kerosene-Type Jet Fuel,EEX,Exports,MKJEXP31,Gulf Coast (PADD 3) Exports of Kerosene-Type Jet Fuel (Thousand Barrels),688,MBBL
1988-02,R30-Z00,PADD 3,EPJK,Kerosene-Type Jet Fuel,EEX,Exports,MKJEXP32,Gulf Coast (PADD 3) Exports of Kerosene-Type Jet Fuel (Thousand Barrels per Day),24,MBBL/D
1988-03,R30-Z00,PADD 3,EPJK,Kerosene-Type Jet Fuel,EEX,Exports,MKJEXP31,Gulf Coast (PADD 3) Exports of Kerosene-Type Jet Fuel (Thousand Barrels),1168,MBBL
1988-03,R30-Z00,PADD 3,EPJK,Kerosene-Type Jet Fuel,EEX,Exports,MKJEXP32,Gulf Coast (PADD 3) Exports of Kerosene-Type Jet Fuel (Thousand Barrels per Day),38,MBBL/D
1988-04,R30-Z00,PADD 3,EPJK,Kerosene-Type Jet Fuel,EEX,Exports,MKJEXP31,Gulf Coast (PADD 3) Exports of Kerosene-Type Jet Fuel (Thousand Barrels),324,MBBL
1988-04,R30-Z00,PADD 3,EPJK,Kerosene-Type Jet Fuel,EEX,Exports,MKJEXP32,Gulf Coast (PADD 3) Exports of Kerosene-Type Jet Fuel (Thousand Barrels per Day),11,MBBL/D
1988-05,R30-Z00,PADD 3,EPJK,Kerosene-Type Jet Fuel,EEX,Exports,MKJEXP31,Gulf Coast (PADD 3) Exports of Kerosene-Type Jet Fuel (Thousand Barrels),108,MBBL
1988-05,R30-Z00,PADD 3,EPJK,Kerosene-Type Jet Fuel,EEX,Exports,MKJEXP32,Gulf Coast (PADD 3) Exports of Kerosene-Type Jet Fuel (Thousand Barrels per Day),3,MBBL/D
1988-06,R30-Z00,PADD 3,EPJK,Kerosene-Type Jet Fuel,EEX,Exports,MKJEXP31,Gulf Coast (PADD 3) Exports of Kerosene-Type Jet Fuel (Thousand Barrels),416,MBBL
1988-06,R30-Z00,PADD 3,EPJK,Kerosene-Type Jet Fuel,EEX,Exports,MKJEXP32,Gulf Coast (PADD 3) Exports of Kerosene-Type Jet Fuel (Thousand Barrels per Day),14,MBBL/D
1988-07,R30-Z00,PADD 3,EPJK,Kerosene-Type Jet Fuel,EEX,Exports,MKJEXP31,Gulf Coast (PADD 3) Exports of Kerosene-Type Jet Fuel (Thousand Barrels),20,MBBL
1988-07,R30-Z00,PADD 3,EPJK,Kerosene-Type Jet Fuel,EEX,Exports,MKJEXP32,Gulf Coast (PADD 3) Exports of Kerosene-Type Jet Fuel (Thousand Barrels per Day),1,MBBL/D
1988-08,R30-Z00,PADD 3,EPJK,Kerosene-Type Jet Fuel,EEX,Exports,MKJEXP31,Gulf Coast (PADD 3) Exports of Kerosene-Type Jet Fuel (Thousand Barrels),24,MBBL
1988-08,R30-Z00,PADD 3,EPJK,Kerosene-Type Jet Fuel,EEX,Exports,MKJEXP32,Gulf Coast (PADD 3) Exports of Kerosene-Type Jet Fuel (Thousand Barrels per Day),1,MBBL/D
1988-09,R30-Z00,PADD 3,EPJK,Kerosene-Type Jet Fuel,EEX,Exports,MKJEXP31,Gulf Coast (PADD 3) Exports of Kerosene-Type Jet Fuel (Thousand Barrels),153,MBBL
1988-09,R30-Z00,PADD 3,EPJK,Kerosene-Type Jet Fuel,EEX,Exports,MKJEXP32,Gulf Coast (PADD 3) Exports of Kerosene-Type Jet Fuel (Thousand Barrels per Day),5,MBBL/D
1988-10,R30-Z00,PADD 3,EPJK,Kerosene-Type Jet Fuel,EEX,Exports,MKJEXP31,Gulf Coast (PADD 3) Exports of Kerosene-Type Jet Fuel (Thousand Barrels),27,MBBL
1988-10,R30-Z00,PADD 3,EPJK,Kerosene-Type Jet Fuel,EEX,Exports,MKJEXP32,Gulf Coast (PADD 3) Exports of Kerosene-Type Jet Fuel (Thousand Barrels per Day),1,MBBL/D
1988-11,R30-Z00,PADD 3,EPJK,Kerosene-Type Jet Fuel,EEX,Exports,MKJEXP31,Gulf Coast (PADD 3) Exports of Kerosene-Type Jet Fuel (Thousand Barrels),54,MBBL
1988-11,R30-Z00,PADD 3,EPJK,Kerosene-Type Jet Fuel,EEX,Exports,MKJEXP32,Gulf Coast (PADD 3) Exports of Kerosene-Type Jet Fuel (Thousand Barrels per Day),2,MBBL/D
1988-12,R30-Z00,PADD 3,EPJK,Kerosene-Type Jet Fuel,EEX,Exports,MKJEXP31,Gulf Coast (PADD 3) Exports of Kerosene-Type Jet Fuel (Thousand Barrels),1011,MBBL
1988-12,R30-Z00,PADD 3,EPJK,Kerosene-Type Jet Fuel,EEX,Exports,MKJEXP32,Gulf Coast (PADD 3) Exports of Kerosene-Type Jet Fuel (Thousand Barrels per Day),33,MBBL/D
1989-01,R30-Z00,PADD 3,EPJK,Kerosene-Type Jet Fuel,EEX,Exports,MKJEXP31,Gulf Coast (PADD 3) Exports of Kerosene-Type Jet Fuel (Thousand Barrels),890,MBBL
1989-01,R30-Z00,PADD 3,EPJK,Kerosene-Type Jet Fuel,EEX,Exports,MKJEXP32,Gulf Coast (PADD 3) Exports of Kerosene-Type Jet Fuel (Thousand Barrels per Day),29,MBBL/D
1989-02,R30-Z00,PADD 3,EPJK,Kerosene-Type Jet Fuel,EEX,Exports,MKJEXP31,Gulf Coast (PADD 3) Exports of Kerosene-Type Jet Fuel (Thousand Barrels),224,MBBL
1989-02,R30-Z00,PADD 3,EPJK,Kerosene-Type Jet Fuel,EEX,Exports,MKJEXP32,Gulf Coast (PADD 3) Exports of Kerosene-Type Jet Fuel (Thousand Barrels per Day),8,MBBL/D
1989-03,R30-Z00,PADD 3,EPJK,Kerosene-Type Jet Fuel,EEX,Exports,MKJEXP31,Gulf Coast (PADD 3) Exports of Kerosene-Type Jet Fuel (Thousand Barrels),13,MBBL
1989-03,R30-Z00,PADD 3,EPJK,Kerosene-Type Jet Fuel,EEX,Exports,MKJEXP32,Gulf Coast (PADD 3) Exports of Kerosene-Type Jet Fuel (Thousand Barrels per Day),0,MBBL/D
1989-04,R30-Z00,PADD 3,EPJK,Kerosene-Type Jet Fuel,EEX,Exports,MKJEXP31,Gulf Coast (PADD 3) Exports of Kerosene-Type Jet Fuel (Thousand Barrels),463,MBBL
1989-04,R30-Z00,PADD 3,EPJK,Kerosene-Type Jet Fuel,EEX,Exports,MKJEXP32,Gulf Coast (PADD 3) Exports of Kerosene-Type Jet Fuel (Thousand Barrels per Day),15,MBBL/D
1989-05,R30-Z00,PADD 3,EPJK,Kerosene-Type Jet Fuel,EEX,Exports,MKJEXP31,Gulf Coast (PADD 3) Exports of Kerosene-Type Jet Fuel (Thousand Barrels),26,MBBL
1989-05,R30-Z00,PADD 3,EPJK,Kerosene-Type Jet Fuel,EEX,Exports,MKJEXP32,Gulf Coast (PADD 3) Exports of Kerosene-Type Jet Fuel (Thousand Barrels per Day),1,MBBL/D
1989-06,R30-Z00,PADD 3,EPJK,Kerosene-Type Jet Fuel,EEX,Exports,MKJEXP31,Gulf Coast (PADD 3) Exports of Kerosene-Type Jet Fuel (Thousand Barrels),26,MBBL
1989-06,R30-Z00,PADD 3,EPJK,Kerosene-Type Jet Fuel,EEX,Exports,MKJEXP32,Gulf Coast (PADD 3) Exports of Kerosene-Type Jet Fuel (Thousand Barrels per Day),1,MBBL/D
1989-07,R30-Z00,PADD 3,EPJK,Kerosene-Type Jet Fuel,EEX,Exports,MKJEXP31,Gulf Coast (PADD 3) Exports of Kerosene-Type Jet Fuel (Thousand Barrels),251,MBBL
1989-07,R30-Z00,PADD 3,EPJK,Kerosene-Type Jet Fuel,EEX,Exports,MKJEXP32,Gulf Coast (PADD 3) Exports of Kerosene-Type Jet Fuel (Thousand Barrels per Day),8,MBBL/D
1989-08,R30-Z00,PADD 3,EPJK,Kerosene-Type Jet Fuel,EEX,Exports,MKJEXP31,Gulf Coast (PADD 3) Exports of Kerosene-Type Jet Fuel (Thousand Barrels),401,MBBL
1989-08,R30-Z00,PADD 3,EPJK,Kerosene-Type Jet Fuel,EEX,Exports,MKJEXP32,Gulf Coast (PADD 3) Exports of Kerosene-Type Jet Fuel (Thousand Barrels per Day),13,MBBL/D
1989-09,R30-Z00,PADD 3,EPJK,Kerosene-Type Jet Fuel,EEX,Exports,MKJEXP31,Gulf Coast (PADD 3) Exports of Kerosene-Type Jet Fuel (Thousand Barrels),913,MBBL
1989-09,R30-Z00,PADD 3,EPJK,Kerosene-Type Jet Fuel,EEX,Exports,MKJEXP32,Gulf Coast (PADD 3) Exports of Kerosene-Type Jet Fuel (Thousand Barrels per Day),30,MBBL/D
1989-10,R30-Z00,PADD 3,EPJK,Kerosene-Type Jet Fuel,EEX,Exports,MKJEXP31,Gulf Coast (PADD 3) Exports of Kerosene-Type Jet Fuel (Thousand Barrels),813,MBBL
1989-10,R30-Z00,PADD 3,EPJK,Kerosene-Type Jet Fuel,EEX,Exports,MKJEXP32,Gulf Coast (PADD 3) Exports of Kerosene-Type Jet Fuel (Thousand Barrels per Day),26,MBBL/D
1989-11,R30-Z00,PADD 3,EPJK,Kerosene-Type Jet Fuel,EEX,Exports,MKJEXP31,Gulf Coast (PADD 3) Exports of Kerosene-Type Jet Fuel (Thousand Barrels),1134,MBBL
1989-11,R30-Z00,PADD 3,EPJK,Kerosene-Type Jet Fuel,EEX,Exports,MKJEXP32,Gulf Coast (PADD 3) Exports of Kerosene-Type Jet Fuel (Thousand Barrels per Day),38,MBBL/D
1989-12,R30-Z00,PADD 3,EPJK,Kerosene-Type Jet Fuel,EEX,Exports,MKJEXP31,Gulf Coast (PADD 3) Exports of Kerosene-Type Jet Fuel (Thousand Barrels),1256,MBBL
1989-12,R30-Z00,PADD 3,EPJK,Kerosene-Type Jet Fuel,EEX,Exports,MKJEXP32,Gulf Coast (PADD 3) Exports of Kerosene-Type Jet Fuel (Thousand Barrels per Day),41,MBBL/D
1990-01,R30-Z00,PADD 3,EPJK,Kerosene-Type Jet Fuel,EEX,Exports,MKJEXP31,Gulf Coast (PADD 3) Exports of Kerosene-Type Jet Fuel (Thousand Barrels),291,MBBL
1990-01,R30-Z00,PADD 3,EPJK,Kerosene-Type Jet Fuel,EEX,Exports,MKJEXP32,Gulf Coast (PADD 3) Exports of Kerosene-Type Jet Fuel (Thousand Barrels per Day),9,MBBL/D
1990-02,R30-Z00,PADD 3,EPJK,Kerosene-Type Jet Fuel,EEX,Exports,MKJEXP31,Gulf Coast (PADD 3) Exports of Kerosene-Type Jet Fuel (Thousand Barrels),1005,MBBL
1990-02,R30-Z00,PADD 3,EPJK,Kerosene-Type Jet Fuel,EEX,Exports,MKJEXP32,Gulf Coast (PADD 3) Exports of Kerosene-Type Jet Fuel (Thousand Barrels per Day),36,MBBL/D
1990-03,R30-Z00,PADD 3,EPJK,Kerosene-Type Jet Fuel,EEX,Exports,MKJEXP31,Gulf Coast (PADD 3) Exports of Kerosene-Type Jet Fuel (Thousand Barrels),175,MBBL
1990-03,R30-Z00,PADD 3,EPJK,Kerosene-Type Jet Fuel,EEX,Exports,MKJEXP32,Gulf Coast (PADD 3) Exports of Kerosene-Type Jet Fuel (Thousand Barrels per Day),6,MBBL/D
1990-04,R30-Z00,PADD 3,EPJK,Kerosene-Type Jet Fuel,EEX,Exports,MKJEXP31,Gulf Coast (PADD 3) Exports of Kerosene-Type Jet Fuel (Thousand Barrels),165,MBBL
1990-04,R30-Z00,PADD 3,EPJK,Kerosene-Type Jet Fuel,EEX,Exports,MKJEXP32,Gulf Coast (PADD 3) Exports of Kerosene-Type Jet Fuel (Thousand Barrels per Day),5,MBBL/D
1990-05,R30-Z00,PADD 3,EPJK,Kerosene-Type Jet Fuel,EEX,Exports,MKJEXP31,Gulf Coast (PADD 3) Exports of Kerosene-Type Jet Fuel (Thousand Barrels),234,MBBL
1990-05,R30-Z00,PADD 3,EPJK,Kerosene-Type Jet Fuel,EEX,Exports,MKJEXP32,Gulf Coast (PADD 3) Exports of Kerosene-Type Jet Fuel (Thousand Barrels per Day),8,MBBL/D
1990-06,R30-Z00,PADD 3,EPJK,Kerosene-Type Jet Fuel,EEX,Exports,MKJEXP31,Gulf Coast (PADD 3) Exports of Kerosene-Type Jet Fuel (Thousand Barrels),132,MBBL
1990-06,R30-Z00,PADD 3,EPJK,Kerosene-Type Jet Fuel,EEX,Exports,MKJEXP32,Gulf Coast (PADD 3) Exports of Kerosene-Type Jet Fuel (Thousand Barrels per Day),4,MBBL/D
1990-07,R30-Z00,PADD 3,EPJK,Kerosene-Type Jet Fuel,EEX,Exports,MKJEXP31,Gulf Coast (PADD 3) Exports of Kerosene-Type Jet Fuel (Thousand Barrels),225,MBBL
1990-07,R30-Z00,PADD 3,EPJK,Kerosene-Type Jet Fuel,EEX,Exports,MKJEXP32,Gulf Coast (PADD 3) Exports of Kerosene-Type Jet Fuel (Thousand Barrels per Day),7,MBBL/D
1990-08,R30-Z00,PADD 3,EPJK,Kerosene-Type Jet Fuel,EEX,Exports,MKJEXP31,Gulf Coast (PADD 3) Exports of Kerosene-Type Jet Fuel (Thousand Barrels),566,MBBL
1990-08,R30-Z00,PADD 3,EPJK,Kerosene-Type Jet Fuel,EEX,Exports,MKJEXP32,Gulf Coast (PADD 3) Exports of Kerosene-Type Jet Fuel (Thousand Barrels per Day),18,MBBL/D
1990-09,R30-Z00,PADD 3,EPJK,Kerosene-Type Jet Fuel,EEX,Exports,MKJEXP31,Gulf Coast (PADD 3) Exports of Kerosene-Type Jet Fuel (Thousand Barrels),897,MBBL
1990-09,R30-Z00,PADD 3,EPJK,Kerosene-Type Jet Fuel,EEX,Exports,MKJEXP32,Gulf Coast (PADD 3) Exports of Kerosene-Type Jet Fuel (Thousand Barrels per Day),30,MBBL/D
1990-10,R30-Z00,PADD 3,EPJK,Kerosene-Type Jet Fuel,EEX,Exports,MKJEXP31,Gulf Coast (PADD 3) Exports of Kerosene-Type Jet Fuel (Thousand Barrels),1235,MBBL
1990-10,R30-Z00,PADD 3,EPJK,Kerosene-Type Jet Fuel,EEX,Exports,MKJEXP32,Gulf Coast (PADD 3) Exports of Kerosene-Type Jet Fuel (Thousand Barrels per Day),40,MBBL/D
1990-11,R30-Z00,PADD 3,EPJK,Kerosene-Type Jet Fuel,EEX,Exports,MKJEXP31,Gulf Coast (PADD 3) Exports of Kerosene-Type Jet Fuel (Thousand Barrels),2381,MBBL
1990-11,R30-Z00,PADD 3,EPJK,Kerosene-Type Jet Fuel,EEX,Exports,MKJEXP32,Gulf Coast (PADD 3) Exports of Kerosene-Type Jet Fuel (Thousand Barrels per Day),79,MBBL/D
1990-12,R30-Z00,PADD 3,EPJK,Kerosene-Type Jet Fuel,EEX,Exports,MKJEXP31,Gulf Coast (PADD 3) Exports of Kerosene-Type Jet Fuel (Thousand Barrels),730,MBBL
1990-12,R30-Z00,PADD 3,EPJK,Kerosene-Type Jet Fuel,EEX,Exports,MKJEXP32,Gulf Coast (PADD 3) Exports of Kerosene-Type Jet Fuel (Thousand Barrels per Day),24,MBBL/D
1991-01,R30-Z00,PADD 3,EPJK,Kerosene-Type Jet Fuel,EEX,Exports,MKJEXP31,Gulf Coast (PADD 3) Exports of Kerosene-Type Jet Fuel (Thousand Barrels),1094,MBBL
1991-01,R30-Z00,PADD 3,EPJK,Kerosene-Type Jet Fuel,EEX,Exports,MKJEXP32,Gulf Coast (PADD 3) Exports of Kerosene-Type Jet Fuel (Thousand Barrels per Day),35,MBBL/D
1991-02,R30-Z00,PADD 3,EPJK,Kerosene-Type Jet Fuel,EEX,Exports,MKJEXP31,Gulf Coast (PADD 3) Exports of Kerosene-Type Jet Fuel (Thousand Barrels),2529,MBBL
1991-02,R30-Z00,PADD 3,EPJK,Kerosene-Type Jet Fuel,EEX,Exports,MKJEXP32,Gulf Coast (PADD 3) Exports of Kerosene-Type Jet Fuel (Thousand Barrels per Day),90,MBBL/D
1991-03,R30-Z00,PADD 3,EPJK,Kerosene-Type Jet Fuel,EEX,Exports,MKJEXP31,Gulf Coast (PADD 3) Exports of Kerosene-Type Jet Fuel (Thousand Barrels),444,MBBL
1991-03,R30-Z00,PADD 3,EPJK,Kerosene-Type Jet Fuel,EEX,Exports,MKJEXP32,Gulf Coast (PADD 3) Exports of Kerosene-Type Jet Fuel (Thousand Barrels per Day),14,MBBL/D
1991-04,R30-Z00,PADD 3,EPJK,Kerosene-Type Jet Fuel,EEX,Exports,MKJEXP31,Gulf Coast (PADD 3) Exports of Kerosene-Type Jet Fuel (Thousand Barrels),702,MBBL
1991-04,R30-Z00,PADD 3,EPJK,Kerosene-Type Jet Fuel,EEX,Exports,MKJEXP32,Gulf Coast (PADD 3) Exports of Kerosene-Type Jet Fuel (Thousand Barrels per Day),23,MBBL/D
1991-05,R30-Z00,PADD 3,EPJK,Kerosene-Type Jet Fuel,EEX,Exports,MKJEXP31,Gulf Coast (PADD 3) Exports of Kerosene-Type Jet Fuel (Thousand Barrels),717,MBBL
1991-05,R30-Z00,PADD 3,EPJK,Kerosene-Type Jet Fuel,EEX,Exports,MKJEXP32,Gulf Coast (PADD 3) Exports of Kerosene-Type Jet Fuel (Thousand Barrels per Day),23,MBBL/D
1991-06,R30-Z00,PADD 3,EPJK,Kerosene-Type Jet Fuel,EEX,Exports,MKJEXP31,Gulf Coast (PADD 3) Exports of Kerosene-Type Jet Fuel (Thousand Barrels),19,MBBL
1991-06,R30-Z00,PADD 3,EPJK,Kerosene-Type Jet Fuel,EEX,Exports,MKJEXP32,Gulf Coast (PADD 3) Exports of Kerosene-Type Jet Fuel (Thousand Barrels per Day),1,MBBL/D
1991-07,R30-Z00,PADD 3,EPJK,Kerosene-Type Jet Fuel,EEX,Exports,MKJEXP31,Gulf Coast (PADD 3) Exports of Kerosene-Type Jet Fuel (Thousand Barrels),419,MBBL
1991-07,R30-Z00,PADD 3,EPJK,Kerosene-Type Jet Fuel,EEX,Exports,MKJEXP32,Gulf Coast (PADD 3) Exports of Kerosene-Type Jet Fuel (Thousand Barrels per Day),14,MBBL/D
1991-08,R30-Z00,PADD 3,EPJK,Kerosene-Type Jet Fuel,EEX,Exports,MKJEXP31,Gulf Coast (PADD 3) Exports of Kerosene-Type Jet Fuel (Thousand Barrels),191,MBBL
1991-08,R30-Z00,PADD 3,EPJK,Kerosene-Type Jet Fuel,EEX,Exports,MKJEXP32,Gulf Coast (PADD 3) Exports of Kerosene-Type Jet Fuel (Thousand Barrels per Day),6,MBBL/D
1991-09,R30-Z00,PADD 3,EPJK,Kerosene-Type Jet Fuel,EEX,Exports,MKJEXP31,Gulf Coast (PADD 3) Exports of Kerosene-Type Jet Fuel (Thousand Barrels),35,MBBL
1991-09,R30-Z00,PADD 3,EPJK,Kerosene-Type Jet Fuel,EEX,Exports,MKJEXP32,Gulf Coast (PADD 3) Exports of Kerosene-Type Jet Fuel (Thousand Barrels per Day),1,MBBL/D
1991-10,R30-Z00,PADD 3,EPJK,Kerosene-Type Jet Fuel,EEX,Exports,MKJEXP31,Gulf Coast (PADD 3) Exports of Kerosene-Type Jet Fuel (Thousand Barrels),622,MBBL
1991-10,R30-Z00,PADD 3,EPJK,Kerosene-Type Jet Fuel,EEX,Exports,MKJEXP32,Gulf Coast (PADD 3) Exports of Kerosene-Type Jet Fuel (Thousand Barrels per Day),20,MBBL/D
1991-11,R30-Z00,PADD 3,EPJK,Kerosene-Type Jet Fuel,EEX,Exports,MKJEXP31,Gulf Coast (PADD 3) Exports of Kerosene-Type Jet Fuel (Thousand Barrels),56,MBBL
1991-11,R30-Z00,PADD 3,EPJK,Kerosene-Type Jet Fuel,EEX,Exports,MKJEXP32,Gulf Coast (PADD 3) Exports of Kerosene-Type Jet Fuel (Thousand Barrels per Day),2,MBBL/D
1991-12,R30-Z00,PADD 3,EPJK,Kerosene-Type Jet Fuel,EEX,Exports,MKJEXP31,Gulf Coast (PADD 3) Exports of Kerosene-Type Jet Fuel (Thousand Barrels),579,MBBL
1991-12,R30-Z00,PADD 3,EPJK,Kerosene-Type Jet Fuel,EEX,Exports,MKJEXP32,Gulf Coast (PADD 3) Exports of Kerosene-Type Jet Fuel (Thousand Barrels per Day),19,MBBL/D
1992-01,R30-Z00,PADD 3,EPJK,Kerosene-Type Jet Fuel,EEX,Exports,MKJEXP31,Gulf Coast (PADD 3) Exports of Kerosene-Type Jet Fuel (Thousand Barrels),218,MBBL
1992-01,R30-Z00,PADD 3,EPJK,Kerosene-Type Jet Fuel,EEX,Exports,MKJEXP32,Gulf Coast (PADD 3) Exports of Kerosene-Type Jet Fuel (Thousand Barrels per Day),7,MBBL/D
1992-02,R30-Z00,PADD 3,EPJK,Kerosene-Type Jet Fuel,EEX,Exports,MKJEXP31,Gulf Coast (PADD 3) Exports of Kerosene-Type Jet Fuel (Thousand Barrels),118,MBBL
1992-02,R30-Z00,PADD 3,EPJK,Kerosene-Type Jet Fuel,EEX,Exports,MKJEXP32,Gulf Coast (PADD 3) Exports of Kerosene-Type Jet Fuel (Thousand Barrels per Day),4,MBBL/D
1992-03,R30-Z00,PADD 3,EPJK,Kerosene-Type Jet Fuel,EEX,Exports,MKJEXP31,Gulf Coast (PADD 3) Exports of Kerosene-Type Jet Fuel (Thousand Barrels),25,MBBL
1992-03,R30-Z00,PADD 3,EPJK,Kerosene-Type Jet Fuel,EEX,Exports,MKJEXP32,Gulf Coast (PADD 3) Exports of Kerosene-Type Jet Fuel (Thousand Barrels per Day),1,MBBL/D
1992-04,R30-Z00,PADD 3,EPJK,Kerosene-Type Jet Fuel,EEX,Exports,MKJEXP31,Gulf Coast (PADD 3) Exports of Kerosene-Type Jet Fuel (Thousand Barrels),244,MBBL
1992-04,R30-Z00,PADD 3,EPJK,Kerosene-Type Jet Fuel,EEX,Exports,MKJEXP32,Gulf Coast (PADD 3) Exports of Kerosene-Type Jet Fuel (Thousand Barrels per Day),8,MBBL/D
1992-05,R30-Z00,PADD 3,EPJK,Kerosene-Type Jet Fuel,EEX,Exports,MKJEXP31,Gulf Coast (PADD 3) Exports of Kerosene-Type Jet Fuel (Thousand Barrels),132,MBBL
1992-05,R30-Z00,PADD 3,EPJK,Kerosene-Type Jet Fuel,EEX,Exports,MKJEXP32,Gulf Coast (PADD 3) Exports of Kerosene-Type Jet Fuel (Thousand Barrels per Day),4,MBBL/D
1992-06,R30-Z00,PADD 3,EPJK,Kerosene-Type Jet Fuel,EEX,Exports,MKJEXP31,Gulf Coast (PADD 3) Exports of Kerosene-Type Jet Fuel (Thousand Barrels),233,MBBL
1992-06,R30-Z00,PADD 3,EPJK,Kerosene-Type Jet Fuel,EEX,Exports,MKJEXP32,Gulf Coast (PADD 3) Exports of Kerosene-Type Jet Fuel (Thousand Barrels per Day),8,MBBL/D
1992-07,R30-Z00,PADD 3,EPJK,Kerosene-Type Jet Fuel,EEX,Exports,MKJEXP31,Gulf Coast (PADD 3) Exports of Kerosene-Type Jet Fuel (Thousand Barrels),899,MBBL
1992-07,R30-Z00,PADD 3,EPJK,Kerosene-Type Jet Fuel,EEX,Exports,MKJEXP32,Gulf Coast (PADD 3) Exports of Kerosene-Type Jet Fuel (Thousand Barrels per Day),29,MBBL/D
1992-08,R30-Z00,PADD 3,EPJK,Kerosene-Type Jet Fuel,EEX,Exports,MKJEXP31,Gulf Coast (PADD 3) Exports of Kerosene-Type Jet Fuel (Thousand Barrels),360,MBBL
1992-08,R30-Z00,PADD 3,EPJK,Kerosene-Type Jet Fuel,EEX,Exports,MKJEXP32,Gulf Coast (PADD 3) Exports of Kerosene-Type Jet Fuel (Thousand Barrels per Day),12,MBBL/D
1992-09,R30-Z00,PADD 3,EPJK,Kerosene-Type Jet Fuel,EEX,Exports,MKJEXP31,Gulf Coast (PADD 3) Exports of Kerosene-Type Jet Fuel (Thousand Barrels),212,MBBL
1992-09,R30-Z00,PADD 3,EPJK,Kerosene-Type Jet Fuel,EEX,Exports,MKJEXP32,Gulf Coast (PADD 3) Exports of Kerosene-Type Jet Fuel (Thousand Barrels per Day),7,MBBL/D
1992-10,R30-Z00,PADD 3,EPJK,Kerosene-Type Jet Fuel,EEX,Exports,MKJEXP31,Gulf Coast (PADD 3) Exports of Kerosene-Type Jet Fuel (Thousand Barrels),922,MBBL
1992-10,R30-Z00,PADD 3,EPJK,Kerosene-Type Jet Fuel,EEX,Exports,MKJEXP32,Gulf Coast (PADD 3) Exports of Kerosene-Type Jet Fuel (Thousand Barrels per Day),30,MBBL/D
1992-11,R30-Z00,PADD 3,EPJK,Kerosene-Type Jet Fuel,EEX,Exports,MKJEXP31,Gulf Coast (PADD 3) Exports of Kerosene-Type Jet Fuel (Thousand Barrels),335,MBBL
1992-11,R30-Z00,PADD 3,EPJK,Kerosene-Type Jet Fuel,EEX,Exports,MKJEXP32,Gulf Coast (PADD 3) Exports of Kerosene-Type Jet Fuel (Thousand Barrels per Day),11,MBBL/D
1992-12,R30-Z00,PADD 3,EPJK,Kerosene-Type Jet Fuel,EEX,Exports,MKJEXP31,Gulf Coast (PADD 3) Exports of Kerosene-Type Jet Fuel (Thousand Barrels),2757,MBBL
1992-12,R30-Z00,PADD 3,EPJK,Kerosene-Type Jet Fuel,EEX,Exports,MKJEXP32,Gulf Coast (PADD 3) Exports of Kerosene-Type Jet Fuel (Thousand Barrels per Day),89,MBBL/D
1993-01,R30-Z00,PADD 3,EPJK,Kerosene-Type Jet Fuel,EEX,Exports,MKJEXP31,Gulf Coast (PADD 3) Exports of Kerosene-Type Jet Fuel (Thousand Barrels),1749,MBBL
1993-01,R30-Z00,PADD 3,EPJK,Kerosene-Type Jet Fuel,EEX,Exports,MKJEXP32,Gulf Coast (PADD 3) Exports of Kerosene-Type Jet Fuel (Thousand Barrels per Day),56,MBBL/D
1993-02,R30-Z00,PADD 3,EPJK,Kerosene-Type Jet Fuel,EEX,Exports,MKJEXP31,Gulf Coast (PADD 3) Exports of Kerosene-Type Jet Fuel (Thousand Barrels),154,MBBL
1993-02,R30-Z00,PADD 3,EPJK,Kerosene-Type Jet Fuel,EEX,Exports,MKJEXP32,Gulf Coast (PADD 3) Exports of Kerosene-Type Jet Fuel (Thousand Barrels per Day),6,MBBL/D
1993-03,R30-Z00,PADD 3,EPJK,Kerosene-Type Jet Fuel,EEX,Exports,MKJEXP31,Gulf Coast (PADD 3) Exports of Kerosene-Type Jet Fuel (Thousand Barrels),1482,MBBL
1993-03,R30-Z00,PADD 3,EPJK,Kerosene-Type Jet Fuel,EEX,Exports,MKJEXP32,Gulf Coast (PADD 3) Exports of Kerosene-Type Jet Fuel (Thousand Barrels per Day),48,MBBL/D
1993-04,R30-Z00,PADD 3,EPJK,Kerosene-Type Jet Fuel,EEX,Exports,MKJEXP31,Gulf Coast (PADD 3) Exports of Kerosene-Type Jet Fuel (Thousand Barrels),792,MBBL
1993-04,R30-Z00,PADD 3,EPJK,Kerosene-Type Jet Fuel,EEX,Exports,MKJEXP32,Gulf Coast (PADD 3) Exports of Kerosene-Type Jet Fuel (Thousand Barrels per Day),26,MBBL/D
1993-05,R30-Z00,PADD 3,EPJK,Kerosene-Type Jet Fuel,EEX,Exports,MKJEXP31,Gulf Coast (PADD 3) Exports of Kerosene-Type Jet Fuel (Thousand Barrels),494,MBBL
1993-05,R30-Z00,PADD 3,EPJK,Kerosene-Type Jet Fuel,EEX,Exports,MKJEXP32,Gulf Coast (PADD 3) Exports of Kerosene-Type Jet Fuel (Thousand Barrels per Day),16,MBBL/D
1993-06,R30-Z00,PADD 3,EPJK,Kerosene-Type Jet Fuel,EEX,Exports,MKJEXP31,Gulf Coast (PADD 3) Exports of Kerosene-Type Jet Fuel (Thousand Barrels),34,MBBL
1993-06,R30-Z00,PADD 3,EPJK,Kerosene-Type Jet Fuel,EEX,Exports,MKJEXP32,Gulf Coast (PADD 3) Exports of Kerosene-Type Jet Fuel (Thousand Barrels per Day),1,MBBL/D
1993-07,R30-Z00,PADD 3,EPJK,Kerosene-Type Jet Fuel,EEX,Exports,MKJEXP31,Gulf Coast (PADD 3) Exports of Kerosene-Type Jet Fuel (Thousand Barrels),735,MBBL
1993-07,R30-Z00,PADD 3,EPJK,Kerosene-Type Jet Fuel,EEX,Exports,MKJEXP32,Gulf Coast (PADD 3) Exports of Kerosene-Type Jet Fuel (Thousand Barrels per Day),24,MBBL/D
1993-08,R30-Z00,PADD 3,EPJK,Kerosene-Type Jet Fuel,EEX,Exports,MKJEXP31,Gulf Coast (PADD 3) Exports of Kerosene-Type Jet Fuel (Thousand Barrels),558,MBBL
1993-08,R30-Z00,PADD 3,EPJK,Kerosene-Type Jet Fuel,EEX,Exports,MKJEXP32,Gulf Coast (PADD 3) Exports of Kerosene-Type Jet Fuel (Thousand Barrels per Day),18,MBBL/D
1993-09,R30-Z00,PADD 3,EPJK,Kerosene-Type Jet Fuel,EEX,Exports,MKJEXP31,Gulf Coast (PADD 3) Exports of Kerosene-Type Jet Fuel (Thousand Barrels),291,MBBL
1993-09,R30-Z00,PADD 3,EPJK,Kerosene-Type Jet Fuel,EEX,Exports,MKJEXP32,Gulf Coast (PADD 3) Exports of Kerosene-Type Jet Fuel (Thousand Barrels per Day),10,MBBL/D
1993-10,R30-Z00,PADD 3,EPJK,Kerosene-Type Jet Fuel,EEX,Exports,MKJEXP31,Gulf Coast (PADD 3) Exports of Kerosene-Type Jet Fuel (Thousand Barrels),276,MBBL
1993-10,R30-Z00,PADD 3,EPJK,Kerosene-Type Jet Fuel,EEX,Exports,MKJEXP32,Gulf Coast (PADD 3) Exports of Kerosene-Type Jet Fuel (Thousand Barrels per Day),9,MBBL/D
1993-11,R30-Z00,PADD 3,EPJK,Kerosene-Type Jet Fuel,EEX,Exports,MKJEXP31,Gulf Coast (PADD 3) Exports of Kerosene-Type Jet Fuel (Thousand Barrels),556,MBBL
1993-11,R30-Z00,PADD 3,EPJK,Kerosene-Type Jet Fuel,EEX,Exports,MKJEXP32,Gulf Coast (PADD 3) Exports of Kerosene-Type Jet Fuel (Thousand Barrels per Day),19,MBBL/D
1993-12,R30-Z00,PADD 3,EPJK,Kerosene-Type Jet Fuel,EEX,Exports,MKJEXP31,Gulf Coast (PADD 3) Exports of Kerosene-Type Jet Fuel (Thousand Barrels),607,MBBL
1993-12,R30-Z00,PADD 3,EPJK,Kerosene-Type Jet Fuel,EEX,Exports,MKJEXP32,Gulf Coast (PADD 3) Exports of Kerosene-Type Jet Fuel (Thousand Barrels per Day),20,MBBL/D
1994-01,R30-Z00,PADD 3,EPJK,Kerosene-Type Jet Fuel,EEX,Exports,MKJEXP31,Gulf Coast (PADD 3) Exports of Kerosene-Type Jet Fuel (Thousand Barrels),42,MBBL
1994-01,R30-Z00,PADD 3,EPJK,Kerosene-Type Jet Fuel,EEX,Exports,MKJEXP32,Gulf Coast (PADD 3) Exports of Kerosene-Type Jet Fuel (Thousand Barrels per Day),1,MBBL/D
1994-02,R30-Z00,PADD 3,EPJK,Kerosene-Type Jet Fuel,EEX,Exports,MKJEXP31,Gulf Coast (PADD 3) Exports of Kerosene-Type Jet Fuel (Thousand Barrels),11,MBBL
1994-02,R30-Z00,PADD 3,EPJK,Kerosene-Type Jet Fuel,EEX,Exports,MKJEXP32,Gulf Coast (PADD 3) Exports of Kerosene-Type Jet Fuel (Thousand Barrels per Day),0,MBBL/D
1994-03,R30-Z00,PADD 3,EPJK,Kerosene-Type Jet Fuel,EEX,Exports,MKJEXP31,Gulf Coast (PADD 3) Exports of Kerosene-Type Jet Fuel (Thousand Barrels),384,MBBL
1994-03,R30-Z00,PADD 3,EPJK,Kerosene-Type Jet Fuel,EEX,Exports,MKJEXP32,Gulf Coast (PADD 3) Exports of Kerosene-Type Jet Fuel (Thousand Barrels per Day),12,MBBL/D
1994-04,R30-Z00,PADD 3,EPJK,Kerosene-Type Jet Fuel,EEX,Exports,MKJEXP31,Gulf Coast (PADD 3) Exports of Kerosene-Type Jet Fuel (Thousand Barrels),10,MBBL
1994-04,R30-Z00,PADD 3,EPJK,Kerosene-Type Jet Fuel,EEX,Exports,MKJEXP32,Gulf Coast (PADD 3) Exports of Kerosene-Type Jet Fuel (Thousand Barrels per Day),0,MBBL/D
1994-05,R30-Z00,PADD 3,EPJK,Kerosene-Type Jet Fuel,EEX,Exports,MKJEXP31,Gulf Coast (PADD 3) Exports of Kerosene-Type Jet Fuel (Thousand Barrels),251,MBBL
1994-05,R30-Z00,PADD 3,EPJK,Kerosene-Type Jet Fuel,EEX,Exports,MKJEXP32,Gulf Coast (PADD 3) Exports of Kerosene-Type Jet Fuel (Thousand Barrels per Day),8,MBBL/D
1994-06,R30-Z00,PADD 3,EPJK,Kerosene-Type Jet Fuel,EEX,Exports,MKJEXP31,Gulf Coast (PADD 3) Exports of Kerosene-Type Jet Fuel (Thousand Barrels),243,MBBL
1994-06,R30-Z00,PADD 3,EPJK,Kerosene-Type Jet Fuel,EEX,Exports,MKJEXP32,Gulf Coast (PADD 3) Exports of Kerosene-Type Jet Fuel (Thousand Barrels per Day),8,MBBL/D
1994-07,R30-Z00,PADD 3,EPJK,Kerosene-Type Jet Fuel,EEX,Exports,MKJEXP31,Gulf Coast (PADD 3) Exports of Kerosene-Type Jet Fuel (Thousand Barrels),90,MBBL
1994-07,R30-Z00,PADD 3,EPJK,Kerosene-Type Jet Fuel,EEX,Exports,MKJEXP32,Gulf Coast (PADD 3) Exports of Kerosene-Type Jet Fuel (Thousand Barrels per Day),3,MBBL/D
1994-08,R30-Z00,PADD 3,EPJK,Kerosene-Type Jet Fuel,EEX,Exports,MKJEXP31,Gulf Coast (PADD 3) Exports of Kerosene-Type Jet Fuel (Thousand Barrels),162,MBBL
1994-08,R30-Z00,PADD 3,EPJK,Kerosene-Type Jet Fuel,EEX,Exports,MKJEXP32,Gulf Coast (PADD 3) Exports of Kerosene-Type Jet Fuel (Thousand Barrels per Day),5,MBBL/D
1994-09,R30-Z00,PADD 3,EPJK,Kerosene-Type Jet Fuel,EEX,Exports,MKJEXP31,Gulf Coast (PADD 3) Exports of Kerosene-Type Jet Fuel (Thousand Barrels),147,MBBL
1994-09,R30-Z00,PADD 3,EPJK,Kerosene-Type Jet Fuel,EEX,Exports,MKJEXP32,Gulf Coast (PADD 3) Exports of Kerosene-Type Jet Fuel (Thousand Barrels per Day),5,MBBL/D
1994-10,R30-Z00,PADD 3,EPJK,Kerosene-Type Jet Fuel,EEX,Exports,MKJEXP31,Gulf Coast (PADD 3) Exports of Kerosene-Type Jet Fuel (Thousand Barrels),228,MBBL
1994-10,R30-Z00,PADD 3,EPJK,Kerosene-Type Jet Fuel,EEX,Exports,MKJEXP32,Gulf Coast (PADD 3) Exports of Kerosene-Type Jet Fuel (Thousand Barrels per Day),7,MBBL/D
1994-11,R30-Z00,PADD 3,EPJK,Kerosene-Type Jet Fuel,EEX,Exports,MKJEXP31,Gulf Coast (PADD 3) Exports of Kerosene-Type Jet Fuel (Thousand Barrels),345,MBBL
1994-11,R30-Z00,PADD 3,EPJK,Kerosene-Type Jet Fuel,EEX,Exports,MKJEXP32,Gulf Coast (PADD 3) Exports of Kerosene-Type Jet Fuel (Thousand Barrels per Day),12,MBBL/D
1994-12,R30-Z00,PADD 3,EPJK,Kerosene-Type Jet Fuel,EEX,Exports,MKJEXP31,Gulf Coast (PADD 3) Exports of Kerosene-Type Jet Fuel (Thousand Barrels),348,MBBL
1994-12,R30-Z00,PADD 3,EPJK,Kerosene-Type Jet Fuel,EEX,Exports,MKJEXP32,Gulf Coast (PADD 3) Exports of Kerosene-Type Jet Fuel (Thousand Barrels per Day),11,MBBL/D
1995-01,R30-Z00,PADD 3,EPJK,Kerosene-Type Jet Fuel,EEX,Exports,MKJEXP31,Gulf Coast (PADD 3) Exports of Kerosene-Type Jet Fuel (Thousand Barrels),385,MBBL
1995-01,R30-Z00,PADD 3,EPJK,Kerosene-Type Jet Fuel,EEX,Exports,MKJEXP32,Gulf Coast (PADD 3) Exports of Kerosene-Type Jet Fuel (Thousand Barrels per Day),12,MBBL/D
1995-02,R30-Z00,PADD 3,EPJK,Kerosene-Type Jet Fuel,EEX,Exports,MKJEXP31,Gulf Coast (PADD 3) Exports of Kerosene-Type Jet Fuel (Thousand Barrels),367,MBBL
1995-02,R30-Z00,PADD 3,EPJK,Kerosene-Type Jet Fuel,EEX,Exports,MKJEXP32,Gulf Coast (PADD 3) Exports of Kerosene-Type Jet Fuel (Thousand Barrels per Day),13,MBBL/D
1995-03,R30-Z00,PADD 3,EPJK,Kerosene-Type Jet Fuel,EEX,Exports,MKJEXP31,Gulf Coast (PADD 3) Exports of Kerosene-Type Jet Fuel (Thousand Barrels),86,MBBL
1995-03,R30-Z00,PADD 3,EPJK,Kerosene-Type Jet Fuel,EEX,Exports,MKJEXP32,Gulf Coast (PADD 3) Exports of Kerosene-Type Jet Fuel (Thousand Barrels per Day),3,MBBL/D
1995-04,R30-Z00,PADD 3,EPJK,Kerosene-Type Jet Fuel,EEX,Exports,MKJEXP31,Gulf Coast (PADD 3) Exports of Kerosene-Type Jet Fuel (Thousand Barrels),47,MBBL
1995-04,R30-Z00,PADD 3,EPJK,Kerosene-Type Jet Fuel,EEX,Exports,MKJEXP32,Gulf Coast (PADD 3) Exports of Kerosene-Type Jet Fuel (Thousand Barrels per Day),2,MBBL/D
1995-05,R30-Z00,PADD 3,EPJK,Kerosene-Type Jet Fuel,EEX,Exports,MKJEXP31,Gulf Coast (PADD 3) Exports of Kerosene-Type Jet Fuel (Thousand Barrels),159,MBBL
1995-05,R30-Z00,PADD 3,EPJK,Kerosene-Type Jet Fuel,EEX,Exports,MKJEXP32,Gulf Coast (PADD 3) Exports of Kerosene-Type Jet Fuel (Thousand Barrels per Day),5,MBBL/D
1995-06,R30-Z00,PADD 3,EPJK,Kerosene-Type Jet Fuel,EEX,Exports,MKJEXP31,Gulf Coast (PADD 3) Exports of Kerosene-Type Jet Fuel (Thousand Barrels),0,MBBL
1995-07,R30-Z00,PADD 3,EPJK,Kerosene-Type Jet Fuel,EEX,Exports,MKJEXP31,Gulf Coast (PADD 3) Exports of Kerosene-Type Jet Fuel (Thousand Barrels),346,MBBL
1995-07,R30-Z00,PADD 3,EPJK,Kerosene-Type Jet Fuel,EEX,Exports,MKJEXP32,Gulf Coast (PADD 3) Exports of Kerosene-Type Jet Fuel (Thousand Barrels per Day),11,MBBL/D
1995-08,R30-Z00,PADD 3,EPJK,Kerosene-Type Jet Fuel,EEX,Exports,MKJEXP31,Gulf Coast (PADD 3) Exports of Kerosene-Type Jet Fuel (Thousand Barrels),384,MBBL
1995-08,R30-Z00,PADD 3,EPJK,Kerosene-Type Jet Fuel,EEX,Exports,MKJEXP32,Gulf Coast (PADD 3) Exports of Kerosene-Type Jet Fuel (Thousand Barrels per Day),12,MBBL/D
1995-09,R30-Z00,PADD 3,EPJK,Kerosene-Type Jet Fuel,EEX,Exports,MKJEXP31,Gulf Coast (PADD 3) Exports of Kerosene-Type Jet Fuel (Thousand Barrels),396,MBBL
1995-09,R30-Z00,PADD 3,EPJK,Kerosene-Type Jet Fuel,EEX,Exports,MKJEXP32,Gulf Coast (PADD 3) Exports of Kerosene-Type Jet Fuel (Thousand Barrels per Day),13,MBBL/D
1995-10,R30-Z00,PADD 3,EPJK,Kerosene-Type Jet Fuel,EEX,Exports,MKJEXP31,Gulf Coast (PADD 3) Exports of Kerosene-Type Jet Fuel (Thousand Barrels),1242,MBBL
1995-10,R30-Z00,PADD 3,EPJK,Kerosene-Type Jet Fuel,EEX,Exports,MKJEXP32,Gulf Coast (PADD 3) Exports of Kerosene-Type Jet Fuel (Thousand Barrels per Day),40,MBBL/D
1995-11,R30-Z00,PADD 3,EPJK,Kerosene-Type Jet Fuel,EEX,Exports,MKJEXP31,Gulf Coast (PADD 3) Exports of Kerosene-Type Jet Fuel (Thousand Barrels),25,MBBL
1995-11,R30-Z00,PADD 3,EPJK,Kerosene-Type Jet Fuel,EEX,Exports,MKJEXP32,Gulf Coast (PADD 3) Exports of Kerosene-Type Jet Fuel (Thousand Barrels per Day),1,MBBL/D
1995-12,R30-Z00,PADD 3,EPJK,Kerosene-Type Jet Fuel,EEX,Exports,MKJEXP31,Gulf Coast (PADD 3) Exports of Kerosene-Type Jet Fuel (Thousand Barrels),1694,MBBL
1995-12,R30-Z00,PADD 3,EPJK,Kerosene-Type Jet Fuel,EEX,Exports,MKJEXP32,Gulf Coast (PADD 3) Exports of Kerosene-Type Jet Fuel (Thousand Barrels per Day),55,MBBL/D
1996-01,R30-Z00,PADD 3,EPJK,Kerosene-Type Jet Fuel,EEX,Exports,MKJEXP31,Gulf Coast (PADD 3) Exports of Kerosene-Type Jet Fuel (Thousand Barrels),2472,MBBL
1996-01,R30-Z00,PADD 3,EPJK,Kerosene-Type Jet Fuel,EEX,Exports,MKJEXP32,Gulf Coast (PADD 3) Exports of Kerosene-Type Jet Fuel (Thousand Barrels per Day),80,MBBL/D
1996-02,R30-Z00,PADD 3,EPJK,Kerosene-Type Jet Fuel,EEX,Exports,MKJEXP31,Gulf Coast (PADD 3) Exports of Kerosene-Type Jet Fuel (Thousand Barrels),380,MBBL
1996-02,R30-Z00,PADD 3,EPJK,Kerosene-Type Jet Fuel,EEX,Exports,MKJEXP32,Gulf Coast (PADD 3) Exports of Kerosene-Type Jet Fuel (Thousand Barrels per Day),13,MBBL/D
1996-03,R30-Z00,PADD 3,EPJK,Kerosene-Type Jet Fuel,EEX,Exports,MKJEXP31,Gulf Coast (PADD 3) Exports of Kerosene-Type Jet Fuel (Thousand Barrels),767,MBBL
1996-03,R30-Z00,PADD 3,EPJK,Kerosene-Type Jet Fuel,EEX,Exports,MKJEXP32,Gulf Coast (PADD 3) Exports of Kerosene-Type Jet Fuel (Thousand Barrels per Day),25,MBBL/D
1996-04,R30-Z00,PADD 3,EPJK,Kerosene-Type Jet Fuel,EEX,Exports,MKJEXP31,Gulf Coast (PADD 3) Exports of Kerosene-Type Jet Fuel (Thousand Barrels),140,MBBL
1996-04,R30-Z00,PADD 3,EPJK,Kerosene-Type Jet Fuel,EEX,Exports,MKJEXP32,Gulf Coast (PADD 3) Exports of Kerosene-Type Jet Fuel (Thousand Barrels per Day),5,MBBL/D
1996-05,R30-Z00,PADD 3,EPJK,Kerosene-Type Jet Fuel,EEX,Exports,MKJEXP31,Gulf Coast (PADD 3) Exports of Kerosene-Type Jet Fuel (Thousand Barrels),376,MBBL
1996-05,R30-Z00,PADD 3,EPJK,Kerosene-Type Jet Fuel,EEX,Exports,MKJEXP32,Gulf Coast (PADD 3) Exports of Kerosene-Type Jet Fuel (Thousand Barrels per Day),12,MBBL/D
1996-06,R30-Z00,PADD 3,EPJK,Kerosene-Type Jet Fuel,EEX,Exports,MKJEXP31,Gulf Coast (PADD 3) Exports of Kerosene-Type Jet Fuel (Thousand Barrels),35,MBBL
1996-06,R30-Z00,PADD 3,EPJK,Kerosene-Type Jet Fuel,EEX,Exports,MKJEXP32,Gulf Coast (PADD 3) Exports of Kerosene-Type Jet Fuel (Thousand Barrels per Day),1,MBBL/D
1996-07,R30-Z00,PADD 3,EPJK,Kerosene-Type Jet Fuel,EEX,Exports,MKJEXP31,Gulf Coast (PADD 3) Exports of Kerosene-Type Jet Fuel (Thousand Barrels),525,MBBL
1996-07,R30-Z00,PADD 3,EPJK,Kerosene-Type Jet Fuel,EEX,Exports,MKJEXP32,Gulf Coast (PADD 3) Exports of Kerosene-Type Jet Fuel (Thousand Barrels per Day),17,MBBL/D
1996-08,R30-Z00,PADD 3,EPJK,Kerosene-Type Jet Fuel,EEX,Exports,MKJEXP31,Gulf Coast (PADD 3) Exports of Kerosene-Type Jet Fuel (Thousand Barrels),875,MBBL
1996-08,R30-Z00,PADD 3,EPJK,Kerosene-Type Jet Fuel,EEX,Exports,MKJEXP32,Gulf Coast (PADD 3) Exports of Kerosene-Type Jet Fuel (Thousand Barrels per Day),28,MBBL/D
1996-09,R30-Z00,PADD 3,EPJK,Kerosene-Type Jet Fuel,EEX,Exports,MKJEXP31,Gulf Coast (PADD 3) Exports of Kerosene-Type Jet Fuel (Thousand Barrels),1389,MBBL
1996-09,R30-Z00,PADD 3,EPJK,Kerosene-Type Jet Fuel,EEX,Exports,MKJEXP32,Gulf Coast (PADD 3) Exports of Kerosene-Type Jet Fuel (Thousand Barrels per Day),46,MBBL/D
1996-10,R30-Z00,PADD 3,EPJK,Kerosene-Type Jet Fuel,EEX,Exports,MKJEXP31,Gulf Coast (PADD 3) Exports of Kerosene-Type Jet Fuel (Thousand Barrels),227,MBBL
1996-10,R30-Z00,PADD 3,EPJK,Kerosene-Type Jet Fuel,EEX,Exports,MKJEXP32,Gulf Coast (PADD 3) Exports of Kerosene-Type Jet Fuel (Thousand Barrels per Day),7,MBBL/D
1996-11,R30-Z00,PADD 3,EPJK,Kerosene-Type Jet Fuel,EEX,Exports,MKJEXP31,Gulf Coast (PADD 3) Exports of Kerosene-Type Jet Fuel (Thousand Barrels),520,MBBL
1996-11,R30-Z00,PADD 3,EPJK,Kerosene-Type Jet Fuel,EEX,Exports,MKJEXP32,Gulf Coast (PADD 3) Exports of Kerosene-Type Jet Fuel (Thousand Barrels per Day),17,MBBL/D
1996-12,R30-Z00,PADD 3,EPJK,Kerosene-Type Jet Fuel,EEX,Exports,MKJEXP31,Gulf Coast (PADD 3) Exports of Kerosene-Type Jet Fuel (Thousand Barrels),1790,MBBL
1996-12,R30-Z00,PADD 3,EPJK,Kerosene-Type Jet Fuel,EEX,Exports,MKJEXP32,Gulf Coast (PADD 3) Exports of Kerosene-Type Jet Fuel (Thousand Barrels per Day),58,MBBL/D
1997-01,R30-Z00,PADD 3,EPJK,Kerosene-Type Jet Fuel,EEX,Exports,MKJEXP31,Gulf Coast (PADD 3) Exports of Kerosene-Type Jet Fuel (Thousand Barrels),991,MBBL
1997-01,R30-Z00,PADD 3,EPJK,Kerosene-Type Jet Fuel,EEX,Exports,MKJEXP32,Gulf Coast (PADD 3) Exports of Kerosene-Type Jet Fuel (Thousand Barrels per Day),32,MBBL/D
1997-02,R30-Z00,PADD 3,EPJK,Kerosene-Type Jet Fuel,EEX,Exports,MKJEXP31,Gulf Coast (PADD 3) Exports of Kerosene-Type Jet Fuel (Thousand Barrels),362,MBBL
1997-02,R30-Z00,PADD 3,EPJK,Kerosene-Type Jet Fuel,EEX,Exports,MKJEXP32,Gulf Coast (PADD 3) Exports of Kerosene-Type Jet Fuel (Thousand Barrels per Day),13,MBBL/D
1997-03,R30-Z00,PADD 3,EPJK,Kerosene-Type Jet Fuel,EEX,Exports,MKJEXP31,Gulf Coast (PADD 3) Exports of Kerosene-Type Jet Fuel (Thousand Barrels),40,MBBL
1997-03,R30-Z00,PADD 3,EPJK,Kerosene-Type Jet Fuel,EEX,Exports,MKJEXP32,Gulf Coast (PADD 3) Exports of Kerosene-Type Jet Fuel (Thousand Barrels per Day),1,MBBL/D
1997-04,R30-Z00,PADD 3,EPJK,Kerosene-Type Jet Fuel,EEX,Exports,MKJEXP31,Gulf Coast (PADD 3) Exports of Kerosene-Type Jet Fuel (Thousand Barrels),466,MBBL
1997-04,R30-Z00,PADD 3,EPJK,Kerosene-Type Jet Fuel,EEX,Exports,MKJEXP32,Gulf Coast (PADD 3) Exports of Kerosene-Type Jet Fuel (Thousand Barrels per Day),16,MBBL/D
1997-05,R30-Z00,PADD 3,EPJK,Kerosene-Type Jet Fuel,EEX,Exports,MKJEXP31,Gulf Coast (PADD 3) Exports of Kerosene-Type Jet Fuel (Thousand Barrels),93,MBBL
1997-05,R30-Z00,PADD 3,EPJK,Kerosene-Type Jet Fuel,EEX,Exports,MKJEXP32,Gulf Coast (PADD 3) Exports of Kerosene-Type Jet Fuel (Thousand Barrels per Day),3,MBBL/D
1997-06,R30-Z00,PADD 3,EPJK,Kerosene-Type Jet Fuel,EEX,Exports,MKJEXP31,Gulf Coast (PADD 3) Exports of Kerosene-Type Jet Fuel (Thousand Barrels),578,MBBL
1997-06,R30-Z00,PADD 3,EPJK,Kerosene-Type Jet Fuel,EEX,Exports,MKJEXP32,Gulf Coast (PADD 3) Exports of Kerosene-Type Jet Fuel (Thousand Barrels per Day),19,MBBL/D
1997-07,R30-Z00,PADD 3,EPJK,Kerosene-Type Jet Fuel,EEX,Exports,MKJEXP31,Gulf Coast (PADD 3) Exports of Kerosene-Type Jet Fuel (Thousand Barrels),801,MBBL
1997-07,R30-Z00,PADD 3,EPJK,Kerosene-Type Jet Fuel,EEX,Exports,MKJEXP32,Gulf Coast (PADD 3) Exports of Kerosene-Type Jet Fuel (Thousand Barrels per Day),26,MBBL/D
1997-08,R30-Z00,PADD 3,EPJK,Kerosene-Type Jet Fuel,EEX,Exports,MKJEXP31,Gulf Coast (PADD 3) Exports of Kerosene-Type Jet Fuel (Thousand Barrels),642,MBBL
1997-08,R30-Z00,PADD 3,EPJK,Kerosene-Type Jet Fuel,EEX,Exports,MKJEXP32,Gulf Coast (PADD 3) Exports of Kerosene-Type Jet Fuel (Thousand Barrels per Day),21,MBBL/D
1997-09,R30-Z00,PADD 3,EPJK,Kerosene-Type Jet Fuel,EEX,Exports,MKJEXP31,Gulf Coast (PADD 3) Exports of Kerosene-Type Jet Fuel (Thousand Barrels),235,MBBL
1997-09,R30-Z00,PADD 3,EPJK,Kerosene-Type Jet Fuel,EEX,Exports,MKJEXP32,Gulf Coast (PADD 3) Exports of Kerosene-Type Jet Fuel (Thousand Barrels per Day),8,MBBL/D
1997-10,R30-Z00,PADD 3,EPJK,Kerosene-Type Jet Fuel,EEX,Exports,MKJEXP31,Gulf Coast (PADD 3) Exports of Kerosene-Type Jet Fuel (Thousand Barrels),932,MBBL
1997-10,R30-Z00,PADD 3,EPJK,Kerosene-Type Jet Fuel,EEX,Exports,MKJEXP32,Gulf Coast (PADD 3) Exports of Kerosene-Type Jet Fuel (Thousand Barrels per Day),30,MBBL/D
1997-11,R30-Z00,PADD 3,EPJK,Kerosene-Type Jet Fuel,EEX,Exports,MKJEXP31,Gulf Coast (PADD 3) Exports of Kerosene-Type Jet Fuel (Thousand Barrels),955,MBBL
1997-11,R30-Z00,PADD 3,EPJK,Kerosene-Type Jet Fuel,EEX,Exports,MKJEXP32,Gulf Coast (PADD 3) Exports of Kerosene-Type Jet Fuel (Thousand Barrels per Day),32,MBBL/D
1997-12,R30-Z00,PADD 3,EPJK,Kerosene-Type Jet Fuel,EEX,Exports,MKJEXP31,Gulf Coast (PADD 3) Exports of Kerosene-Type Jet Fuel (Thousand Barrels),1669,MBBL
1997-12,R30-Z00,PADD 3,EPJK,Kerosene-Type Jet Fuel,EEX,Exports,MKJEXP32,Gulf Coast (PADD 3) Exports of Kerosene-Type Jet Fuel (Thousand Barrels per Day),54,MBBL/D
1998-01,R30-Z00,PADD 3,EPJK,Kerosene-Type Jet Fuel,EEX,Exports,MKJEXP31,Gulf Coast (PADD 3) Exports of Kerosene-Type Jet Fuel (Thousand Barrels),444,MBBL
1998-01,R30-Z00,PADD 3,EPJK,Kerosene-Type Jet Fuel,EEX,Exports,MKJEXP32,Gulf Coast (PADD 3) Exports of Kerosene-Type Jet Fuel (Thousand Barrels per Day),14,MBBL/D
1998-02,R30-Z00,PADD 3,EPJK,Kerosene-Type Jet Fuel,EEX,Exports,MKJEXP31,Gulf Coast (PADD 3) Exports of Kerosene-Type Jet Fuel (Thousand Barrels),327,MBBL
1998-02,R30-Z00,PADD 3,EPJK,Kerosene-Type Jet Fuel,EEX,Exports,MKJEXP32,Gulf Coast (PADD 3) Exports of Kerosene-Type Jet Fuel (Thousand Barrels per Day),12,MBBL/D
1998-03,R30-Z00,PADD 3,EPJK,Kerosene-Type Jet Fuel,EEX,Exports,MKJEXP31,Gulf Coast (PADD 3) Exports of Kerosene-Type Jet Fuel (Thousand Barrels),495,MBBL
1998-03,R30-Z00,PADD 3,EPJK,Kerosene-Type Jet Fuel,EEX,Exports,MKJEXP32,Gulf Coast (PADD 3) Exports of Kerosene-Type Jet Fuel (Thousand Barrels per Day),16,MBBL/D
1998-04,R30-Z00,PADD 3,EPJK,Kerosene-Type Jet Fuel,EEX,Exports,MKJEXP31,Gulf Coast (PADD 3) Exports of Kerosene-Type Jet Fuel (Thousand Barrels),443,MBBL
1998-04,R30-Z00,PADD 3,EPJK,Kerosene-Type Jet Fuel,EEX,Exports,MKJEXP32,Gulf Coast (PADD 3) Exports of Kerosene-Type Jet Fuel (Thousand Barrels per Day),15,MBBL/D
1998-05,R30-Z00,PADD 3,EPJK,Kerosene-Type Jet Fuel,EEX,Exports,MKJEXP31,Gulf Coast (PADD 3) Exports of Kerosene-Type Jet Fuel (Thousand Barrels),275,MBBL
1998-05,R30-Z00,PADD 3,EPJK,Kerosene-Type Jet Fuel,EEX,Exports,MKJEXP32,Gulf Coast (PADD 3) Exports of Kerosene-Type Jet Fuel (Thousand Barrels per Day),9,MBBL/D
1998-06,R30-Z00,PADD 3,EPJK,Kerosene-Type Jet Fuel,EEX,Exports,MKJEXP31,Gulf Coast (PADD 3) Exports of Kerosene-Type Jet Fuel (Thousand Barrels),265,MBBL
1998-06,R30-Z00,PADD 3,EPJK,Kerosene-Type Jet Fuel,EEX,Exports,MKJEXP32,Gulf Coast (PADD 3) Exports of Kerosene-Type Jet Fuel (Thousand Barrels per Day),9,MBBL/D
1998-07,R30-Z00,PADD 3,EPJK,Kerosene-Type Jet Fuel,EEX,Exports,MKJEXP31,Gulf Coast (PADD 3) Exports of Kerosene-Type Jet Fuel (Thousand Barrels),579,MBBL
1998-07,R30-Z00,PADD 3,EPJK,Kerosene-Type Jet Fuel,EEX,Exports,MKJEXP32,Gulf Coast (PADD 3) Exports of Kerosene-Type Jet Fuel (Thousand Barrels per Day),19,MBBL/D
1998-08,R30-Z00,PADD 3,EPJK,Kerosene-Type Jet Fuel,EEX,Exports,MKJEXP31,Gulf Coast (PADD 3) Exports of Kerosene-Type Jet Fuel (Thousand Barrels),46,MBBL
1998-08,R30-Z00,PADD 3,EPJK,Kerosene-Type Jet Fuel,EEX,Exports,MKJEXP32,Gulf Coast (PADD 3) Exports of Kerosene-Type Jet Fuel (Thousand Barrels per Day),1,MBBL/D
1998-09,R30-Z00,PADD 3,EPJK,Kerosene-Type Jet Fuel,EEX,Exports,MKJEXP31,Gulf Coast (PADD 3) Exports of Kerosene-Type Jet Fuel (Thousand Barrels),296,MBBL
1998-09,R30-Z00,PADD 3,EPJK,Kerosene-Type Jet Fuel,EEX,Exports,MKJEXP32,Gulf Coast (PADD 3) Exports of Kerosene-Type Jet Fuel (Thousand Barrels per Day),10,MBBL/D
1998-10,R30-Z00,PADD 3,EPJK,Kerosene-Type Jet Fuel,EEX,Exports,MKJEXP31,Gulf Coast (PADD 3) Exports of Kerosene-Type Jet Fuel (Thousand Barrels),287,MBBL
1998-10,R30-Z00,PADD 3,EPJK,Kerosene-Type Jet Fuel,EEX,Exports,MKJEXP32,Gulf Coast (PADD 3) Exports of Kerosene-Type Jet Fuel (Thousand Barrels per Day),9,MBBL/D
1998-11,R30-Z00,PADD 3,EPJK,Kerosene-Type Jet Fuel,EEX,Exports,MKJEXP31,Gulf Coast (PADD 3) Exports of Kerosene-Type Jet Fuel (Thousand Barrels),330,MBBL
1998-11,R30-Z00,PADD 3,EPJK,Kerosene-Type Jet Fuel,EEX,Exports,MKJEXP32,Gulf Coast (PADD 3) Exports of Kerosene-Type Jet Fuel (Thousand Barrels per Day),11,MBBL/D
1998-12,R30-Z00,PADD 3,EPJK,Kerosene-Type Jet Fuel,EEX,Exports,MKJEXP31,Gulf Coast (PADD 3) Exports of Kerosene-Type Jet Fuel (Thousand Barrels),232,MBBL
1998-12,R30-Z00,PADD 3,EPJK,Kerosene-Type Jet Fuel,EEX,Exports,MKJEXP32,Gulf Coast (PADD 3) Exports of Kerosene-Type Jet Fuel (Thousand Barrels per Day),7,MBBL/D
1999-01,R30-Z00,PADD 3,EPJK,Kerosene-Type Jet Fuel,EEX,Exports,MKJEXP31,Gulf Coast (PADD 3) Exports of Kerosene-Type Jet Fuel (Thousand Barrels),277,MBBL
1999-01,R30-Z00,PADD 3,EPJK,Kerosene-Type Jet Fuel,EEX,Exports,MKJEXP32,Gulf Coast (PADD 3) Exports of Kerosene-Type Jet Fuel (Thousand Barrels per Day),9,MBBL/D
1999-02,R30-Z00,PADD 3,EPJK,Kerosene-Type Jet Fuel,EEX,Exports,MKJEXP31,Gulf Coast (PADD 3) Exports of Kerosene-Type Jet Fuel (Thousand Barrels),31,MBBL
1999-02,R30-Z00,PADD 3,EPJK,Kerosene-Type Jet Fuel,EEX,Exports,MKJEXP32,Gulf Coast (PADD 3) Exports of Kerosene-Type Jet Fuel (Thousand Barrels per Day),1,MBBL/D
1999-03,R30-Z00,PADD 3,EPJK,Kerosene-Type Jet Fuel,EEX,Exports,MKJEXP31,Gulf Coast (PADD 3) Exports of Kerosene-Type Jet Fuel (Thousand Barrels),552,MBBL
1999-03,R30-Z00,PADD 3,EPJK,Kerosene-Type Jet Fuel,EEX,Exports,MKJEXP32,Gulf Coast (PADD 3) Exports of Kerosene-Type Jet Fuel (Thousand Barrels per Day),18,MBBL/D
1999-04,R30-Z00,PADD 3,EPJK,Kerosene-Type Jet Fuel,EEX,Exports,MKJEXP31,Gulf Coast (PADD 3) Exports of Kerosene-Type Jet Fuel (Thousand Barrels),374,MBBL
1999-04,R30-Z00,PADD 3,EPJK,Kerosene-Type Jet Fuel,EEX,Exports,MKJEXP32,Gulf Coast (PADD 3) Exports of Kerosene-Type Jet Fuel (Thousand Barrels per Day),12,MBBL/D
1999-05,R30-Z00,PADD 3,EPJK,Kerosene-Type Jet Fuel,EEX,Exports,MKJEXP31,Gulf Coast (PADD 3) Exports of Kerosene-Type Jet Fuel (Thousand Barrels),822,MBBL
1999-05,R30-Z00,PADD 3,EPJK,Kerosene-Type Jet Fuel,EEX,Exports,MKJEXP32,Gulf Coast (PADD 3) Exports of Kerosene-Type Jet Fuel (Thousand Barrels per Day),27,MBBL/D
1999-06,R30-Z00,PADD 3,EPJK,Kerosene-Type Jet Fuel,EEX,Exports,MKJEXP31,Gulf Coast (PADD 3) Exports of Kerosene-Type Jet Fuel (Thousand Barrels),404,MBBL
1999-06,R30-Z00,PADD 3,EPJK,Kerosene-Type Jet Fuel,EEX,Exports,MKJEXP32,Gulf Coast (PADD 3) Exports of Kerosene-Type Jet Fuel (Thousand Barrels per Day),13,MBBL/D
1999-07,R30-Z00,PADD 3,EPJK,Kerosene-Type Jet Fuel,EEX,Exports,MKJEXP31,Gulf Coast (PADD 3) Exports of Kerosene-Type Jet Fuel (Thousand Barrels),819,MBBL
1999-07,R30-Z00,PADD 3,EPJK,Kerosene-Type Jet Fuel,EEX,Exports,MKJEXP32,Gulf Coast (PADD 3) Exports of Kerosene-Type Jet Fuel (Thousand Barrels per Day),26,MBBL/D
1999-08,R30-Z00,PADD 3,EPJK,Kerosene-Type Jet Fuel,EEX,Exports,MKJEXP31,Gulf Coast (PADD 3) Exports of Kerosene-Type Jet Fuel (Thousand Barrels),64,MBBL
1999-08,R30-Z00,PADD 3,EPJK,Kerosene-Type Jet Fuel,EEX,Exports,MKJEXP32,Gulf Coast (PADD 3) Exports of Kerosene-Type Jet Fuel (Thousand Barrels per Day),2,MBBL/D
1999-09,R30-Z00,PADD 3,EPJK,Kerosene-Type Jet Fuel,EEX,Exports,MKJEXP31,Gulf Coast (PADD 3) Exports of Kerosene-Type Jet Fuel (Thousand Barrels),404,MBBL
1999-09,R30-Z00,PADD 3,EPJK,Kerosene-Type Jet Fuel,EEX,Exports,MKJEXP32,Gulf Coast (PADD 3) Exports of Kerosene-Type Jet Fuel (Thousand Barrels per Day),13,MBBL/D
1999-10,R30-Z00,PADD 3,EPJK,Kerosene-Type Jet Fuel,EEX,Exports,MKJEXP31,Gulf Coast (PADD 3) Exports of Kerosene-Type Jet Fuel (Thousand Barrels),632,MBBL
1999-10,R30-Z00,PADD 3,EPJK,Kerosene-Type Jet Fuel,EEX,Exports,MKJEXP32,Gulf Coast (PADD 3) Exports of Kerosene-Type Jet Fuel (Thousand Barrels per Day),20,MBBL/D
1999-11,R30-Z00,PADD 3,EPJK,Kerosene-Type Jet Fuel,EEX,Exports,MKJEXP31,Gulf Coast (PADD 3) Exports of Kerosene-Type Jet Fuel (Thousand Barrels),541,MBBL
1999-11,R30-Z00,PADD 3,EPJK,Kerosene-Type Jet Fuel,EEX,Exports,MKJEXP32,Gulf Coast (PADD 3) Exports of Kerosene-Type Jet Fuel (Thousand Barrels per Day),18,MBBL/D
1999-12,R30-Z00,PADD 3,EPJK,Kerosene-Type Jet Fuel,EEX,Exports,MKJEXP31,Gulf Coast (PADD 3) Exports of Kerosene-Type Jet Fuel (Thousand Barrels),841,MBBL
1999-12,R30-Z00,PADD 3,EPJK,Kerosene-Type Jet Fuel,EEX,Exports,MKJEXP32,Gulf Coast (PADD 3) Exports of Kerosene-Type Jet Fuel (Thousand Barrels per Day),27,MBBL/D
2000-01,R30-Z00,PADD 3,EPJK,Kerosene-Type Jet Fuel,EEX,Exports,MKJEXP31,Gulf Coast (PADD 3) Exports of Kerosene-Type Jet Fuel (Thousand Barrels),103,MBBL
2000-01,R30-Z00,PADD 3,EPJK,Kerosene-Type Jet Fuel,EEX,Exports,MKJEXP32,Gulf Coast (PADD 3) Exports of Kerosene-Type Jet Fuel (Thousand Barrels per Day),3,MBBL/D
2000-02,R30-Z00,PADD 3,EPJK,Kerosene-Type Jet Fuel,EEX,Exports,MKJEXP31,Gulf Coast (PADD 3) Exports of Kerosene-Type Jet Fuel (Thousand Barrels),269,MBBL
2000-02,R30-Z00,PADD 3,EPJK,Kerosene-Type Jet Fuel,EEX,Exports,MKJEXP32,Gulf Coast (PADD 3) Exports of Kerosene-Type Jet Fuel (Thousand Barrels per Day),9,MBBL/D
2000-03,R30-Z00,PADD 3,EPJK,Kerosene-Type Jet Fuel,EEX,Exports,MKJEXP31,Gulf Coast (PADD 3) Exports of Kerosene-Type Jet Fuel (Thousand Barrels),567,MBBL
2000-03,R30-Z00,PADD 3,EPJK,Kerosene-Type Jet Fuel,EEX,Exports,MKJEXP32,Gulf Coast (PADD 3) Exports of Kerosene-Type Jet Fuel (Thousand Barrels per Day),18,MBBL/D
2000-04,R30-Z00,PADD 3,EPJK,Kerosene-Type Jet Fuel,EEX,Exports,MKJEXP31,Gulf Coast (PADD 3) Exports of Kerosene-Type Jet Fuel (Thousand Barrels),699,MBBL
2000-04,R30-Z00,PADD 3,EPJK,Kerosene-Type Jet Fuel,EEX,Exports,MKJEXP32,Gulf Coast (PADD 3) Exports of Kerosene-Type Jet Fuel (Thousand Barrels per Day),23,MBBL/D
2000-05,R30-Z00,PADD 3,EPJK,Kerosene-Type Jet Fuel,EEX,Exports,MKJEXP31,Gulf Coast (PADD 3) Exports of Kerosene-Type Jet Fuel (Thousand Barrels),630,MBBL
2000-05,R30-Z00,PADD 3,EPJK,Kerosene-Type Jet Fuel,EEX,Exports,MKJEXP32,Gulf Coast (PADD 3) Exports of Kerosene-Type Jet Fuel (Thousand Barrels per Day),20,MBBL/D
2000-06,R30-Z00,PADD 3,EPJK,Kerosene-Type Jet Fuel,EEX,Exports,MKJEXP31,Gulf Coast (PADD 3) Exports of Kerosene-Type Jet Fuel (Thousand Barrels),651,MBBL
2000-06,R30-Z00,PADD 3,EPJK,Kerosene-Type Jet Fuel,EEX,Exports,MKJEXP32,Gulf Coast (PADD 3) Exports of Kerosene-Type Jet Fuel (Thousand Barrels per Day),22,MBBL/D
2000-07,R30-Z00,PADD 3,EPJK,Kerosene-Type Jet Fuel,EEX,Exports,MKJEXP31,Gulf Coast (PADD 3) Exports of Kerosene-Type Jet Fuel (Thousand Barrels),415,MBBL
2000-07,R30-Z00,PADD 3,EPJK,Kerosene-Type Jet Fuel,EEX,Exports,MKJEXP32,Gulf Coast (PADD 3) Exports of Kerosene-Type Jet Fuel (Thousand Barrels per Day),13,MBBL/D
2000-08,R30-Z00,PADD 3,EPJK,Kerosene-Type Jet Fuel,EEX,Exports,MKJEXP31,Gulf Coast (PADD 3) Exports of Kerosene-Type Jet Fuel (Thousand Barrels),252,MBBL
2000-08,R30-Z00,PADD 3,EPJK,Kerosene-Type Jet Fuel,EEX,Exports,MKJEXP32,Gulf Coast (PADD 3) Exports of Kerosene-Type Jet Fuel (Thousand Barrels per Day),8,MBBL/D
2000-09,R30-Z00,PADD 3,EPJK,Kerosene-Type Jet Fuel,EEX,Exports,MKJEXP31,Gulf Coast (PADD 3) Exports of Kerosene-Type Jet Fuel (Thousand Barrels),615,MBBL
2000-09,R30-Z00,PADD 3,EPJK,Kerosene-Type Jet Fuel,EEX,Exports,MKJEXP32,Gulf Coast (PADD 3) Exports of Kerosene-Type Jet Fuel (Thousand Barrels per Day),21,MBBL/D
2000-10,R30-Z00,PADD 3,EPJK,Kerosene-Type Jet Fuel,EEX,Exports,MKJEXP31,Gulf Coast (PADD 3) Exports of Kerosene-Type Jet Fuel (Thousand Barrels),836,MBBL
2000-10,R30-Z00,PADD 3,EPJK,Kerosene-Type Jet Fuel,EEX,Exports,MKJEXP32,Gulf Coast (PADD 3) Exports of Kerosene-Type Jet Fuel (Thousand Barrels per Day),27,MBBL/D
2000-11,R30-Z00,PADD 3,EPJK,Kerosene-Type Jet Fuel,EEX,Exports,MKJEXP31,Gulf Coast (PADD 3) Exports of Kerosene-Type Jet Fuel (Thousand Barrels),868,MBBL
2000-11,R30-Z00,PADD 3,EPJK,Kerosene-Type Jet Fuel,EEX,Exports,MKJEXP32,Gulf Coast (PADD 3) Exports of Kerosene-Type Jet Fuel (Thousand Barrels per Day),29,MBBL/D
2000-12,R30-Z00,PADD 3,EPJK,Kerosene-Type Jet Fuel,EEX,Exports,MKJEXP31,Gulf Coast (PADD 3) Exports of Kerosene-Type Jet Fuel (Thousand Barrels),828,MBBL
2000-12,R30-Z00,PADD 3,EPJK,Kerosene-Type Jet Fuel,EEX,Exports,MKJEXP32,Gulf Coast (PADD 3) Exports of Kerosene-Type Jet Fuel (Thousand Barrels per Day),27,MBBL/D
2001-01,R30-Z00,PADD 3,EPJK,Kerosene-Type Jet Fuel,EEX,Exports,MKJEXP31,Gulf Coast (PADD 3) Exports of Kerosene-Type Jet Fuel (Thousand Barrels),350,MBBL
2001-01,R30-Z00,PADD 3,EPJK,Kerosene-Type Jet Fuel,EEX,Exports,MKJEXP32,Gulf Coast (PADD 3) Exports of Kerosene-Type Jet Fuel (Thousand Barrels per Day),11,MBBL/D
2001-02,R30-Z00,PADD 3,EPJK,Kerosene-Type Jet Fuel,EEX,Exports,MKJEXP31,Gulf Coast (PADD 3) Exports of Kerosene-Type Jet Fuel (Thousand Barrels),106,MBBL
2001-02,R30-Z00,PADD 3,EPJK,Kerosene-Type Jet Fuel,EEX,Exports,MKJEXP32,Gulf Coast (PADD 3) Exports of Kerosene-Type Jet Fuel (Thousand Barrels per Day),4,MBBL/D
2001-03,R30-Z00,PADD 3,EPJK,Kerosene-Type Jet Fuel,EEX,Exports,MKJEXP31,Gulf Coast (PADD 3) Exports of Kerosene-Type Jet Fuel (Thousand Barrels),887,MBBL
2001-03,R30-Z00,PADD 3,EPJK,Kerosene-Type Jet Fuel,EEX,Exports,MKJEXP32,Gulf Coast (PADD 3) Exports of Kerosene-Type Jet Fuel (Thousand Barrels per Day),29,MBBL/D
2001-04,R30-Z00,PADD 3,EPJK,Kerosene-Type Jet Fuel,EEX,Exports,MKJEXP31,Gulf Coast (PADD 3) Exports of Kerosene-Type Jet Fuel (Thousand Barrels),104,MBBL
2001-04,R30-Z00,PADD 3,EPJK,Kerosene-Type Jet Fuel,EEX,Exports,MKJEXP32,Gulf Coast (PADD 3) Exports of Kerosene-Type Jet Fuel (Thousand Barrels per Day),3,MBBL/D
2001-05,R30-Z00,PADD 3,EPJK,Kerosene-Type Jet Fuel,EEX,Exports,MKJEXP31,Gulf Coast (PADD 3) Exports of Kerosene-Type Jet Fuel (Thousand Barrels),240,MBBL
2001-05,R30-Z00,PADD 3,EPJK,Kerosene-Type Jet Fuel,EEX,Exports,MKJEXP32,Gulf Coast (PADD 3) Exports of Kerosene-Type Jet Fuel (Thousand Barrels per Day),8,MBBL/D
2001-06,R30-Z00,PADD 3,EPJK,Kerosene-Type Jet Fuel,EEX,Exports,MKJEXP31,Gulf Coast (PADD 3) Exports of Kerosene-Type Jet Fuel (Thousand Barrels),320,MBBL
2001-06,R30-Z00,PADD 3,EPJK,Kerosene-Type Jet Fuel,EEX,Exports,MKJEXP32,Gulf Coast (PADD 3) Exports of Kerosene-Type Jet Fuel (Thousand Barrels per Day),11,MBBL/D
2001-07,R30-Z00,PADD 3,EPJK,Kerosene-Type Jet Fuel,EEX,Exports,MKJEXP31,Gulf Coast (PADD 3) Exports of Kerosene-Type Jet Fuel (Thousand Barrels),537,MBBL
2001-07,R30-Z00,PADD 3,EPJK,Kerosene-Type Jet Fuel,EEX,Exports,MKJEXP32,Gulf Coast (PADD 3) Exports of Kerosene-Type Jet Fuel (Thousand Barrels per Day),17,MBBL/D
2001-08,R30-Z00,PADD 3,EPJK,Kerosene-Type Jet Fuel,EEX,Exports,MKJEXP31,Gulf Coast (PADD 3) Exports of Kerosene-Type Jet Fuel (Thousand Barrels),238,MBBL
2001-08,R30-Z00,PADD 3,EPJK,Kerosene-Type Jet Fuel,EEX,Exports,MKJEXP32,Gulf Coast (PADD 3) Exports of Kerosene-Type Jet Fuel (Thousand Barrels per Day),8,MBBL/D
2001-09,R30-Z00,PADD 3,EPJK,Kerosene-Type Jet Fuel,EEX,Exports,MKJEXP31,Gulf Coast (PADD 3) Exports of Kerosene-Type Jet Fuel (Thousand Barrels),308,MBBL
2001-09,R30-Z00,PADD 3,EPJK,Kerosene-Type Jet Fuel,EEX,Exports,MKJEXP32,Gulf Coast (PADD 3) Exports of Kerosene-Type Jet Fuel (Thousand Barrels per Day),10,MBBL/D
2001-10,R30-Z00,PADD 3,EPJK,Kerosene-Type Jet Fuel,EEX,Exports,MKJEXP31,Gulf Coast (PADD 3) Exports of Kerosene-Type Jet Fuel (Thousand Barrels),543,MBBL
2001-10,R30-Z00,PADD 3,EPJK,Kerosene-Type Jet Fuel,EEX,Exports,MKJEXP32,Gulf Coast (PADD 3) Exports of Kerosene-Type Jet Fuel (Thousand Barrels per Day),18,MBBL/D
2001-11,R30-Z00,PADD 3,EPJK,Kerosene-Type Jet Fuel,EEX,Exports,MKJEXP31,Gulf Coast (PADD 3) Exports of Kerosene-Type Jet Fuel (Thousand Barrels),1426,MBBL
2001-11,R30-Z00,PADD 3,EPJK,Kerosene-Type Jet Fuel,EEX,Exports,MKJEXP32,Gulf Coast (PADD 3) Exports of Kerosene-Type Jet Fuel (Thousand Barrels per Day),48,MBBL/D
2001-12,R30-Z00,PADD 3,EPJK,Kerosene-Type Jet Fuel,EEX,Exports,MKJEXP31,Gulf Coast (PADD 3) Exports of Kerosene-Type Jet Fuel (Thousand Barrels),1153,MBBL
2001-12,R30-Z00,PADD 3,EPJK,Kerosene-Type Jet Fuel,EEX,Exports,MKJEXP32,Gulf Coast (PADD 3) Exports of Kerosene-Type Jet Fuel (Thousand Barrels per Day),37,MBBL/D
2002-01,R30-Z00,PADD 3,EPJK,Kerosene-Type Jet Fuel,EEX,Exports,MKJEXP31,Gulf Coast (PADD 3) Exports of Kerosene-Type Jet Fuel (Thousand Barrels),263,MBBL
2002-01,R30-Z00,PADD 3,EPJK,Kerosene-Type Jet Fuel,EEX,Exports,MKJEXP32,Gulf Coast (PADD 3) Exports of Kerosene-Type Jet Fuel (Thousand Barrels per Day),8,MBBL/D
2002-02,R30-Z00,PADD 3,EPJK,Kerosene-Type Jet Fuel,EEX,Exports,MKJEXP31,Gulf Coast (PADD 3) Exports of Kerosene-Type Jet Fuel (Thousand Barrels),1130,MBBL
2002-02,R30-Z00,PADD 3,EPJK,Kerosene-Type Jet Fuel,EEX,Exports,MKJEXP32,Gulf Coast (PADD 3) Exports of Kerosene-Type Jet Fuel (Thousand Barrels per Day),40,MBBL/D
2002-03,R30-Z00,PADD 3,EPJK,Kerosene-Type Jet Fuel,EEX,Exports,MKJEXP31,Gulf Coast (PADD 3) Exports of Kerosene-Type Jet Fuel (Thousand Barrels),55,MBBL
2002-03,R30-Z00,PADD 3,EPJK,Kerosene-Type Jet Fuel,EEX,Exports,MKJEXP32,Gulf Coast (PADD 3) Exports of Kerosene-Type Jet Fuel (Thousand Barrels per Day),2,MBBL/D
2002-04,R30-Z00,PADD 3,EPJK,Kerosene-Type Jet Fuel,EEX,Exports,MKJEXP31,Gulf Coast (PADD 3) Exports of Kerosene-Type Jet Fuel (Thousand Barrels),35,MBBL
2002-04,R30-Z00,PADD 3,EPJK,Kerosene-Type Jet Fuel,EEX,Exports,MKJEXP32,Gulf Coast (PADD 3) Exports of Kerosene-Type Jet Fuel (Thousand Barrels per Day),1,MBBL/D
2002-05,R30-Z00,PADD 3,EPJK,Kerosene-Type Jet Fuel,EEX,Exports,MKJEXP31,Gulf Coast (PADD 3) Exports of Kerosene-Type Jet Fuel (Thousand Barrels),91,MBBL
2002-05,R30-Z00,PADD 3,EPJK,Kerosene-Type Jet Fuel,EEX,Exports,MKJEXP32,Gulf Coast (PADD 3) Exports of Kerosene-Type Jet Fuel (Thousand Barrels per Day),3,MBBL/D
2002-06,R30-Z00,PADD 3,EPJK,Kerosene-Type Jet Fuel,EEX,Exports,MKJEXP31,Gulf Coast (PADD 3) Exports of Kerosene-Type Jet Fuel (Thousand Barrels),26,MBBL
2002-06,R30-Z00,PADD 3,EPJK,Kerosene-Type Jet Fuel,EEX,Exports,MKJEXP32,Gulf Coast (PADD 3) Exports of Kerosene-Type Jet Fuel (Thousand Barrels per Day),1,MBBL/D
2002-07,R30-Z00,PADD 3,EPJK,Kerosene-Type Jet Fuel,EEX,Exports,MKJEXP31,Gulf Coast (PADD 3) Exports of Kerosene-Type Jet Fuel (Thousand Barrels),66,MBBL
2002-07,R30-Z00,PADD 3,EPJK,Kerosene-Type Jet Fuel,EEX,Exports,MKJEXP32,Gulf Coast (PADD 3) Exports of Kerosene-Type Jet Fuel (Thousand Barrels per Day),2,MBBL/D
2002-08,R30-Z00,PADD 3,EPJK,Kerosene-Type Jet Fuel,EEX,Exports,MKJEXP31,Gulf Coast (PADD 3) Exports of Kerosene-Type Jet Fuel (Thousand Barrels),48,MBBL
2002-08,R30-Z00,PADD 3,EPJK,Kerosene-Type Jet Fuel,EEX,Exports,MKJEXP32,Gulf Coast (PADD 3) Exports of Kerosene-Type Jet Fuel (Thousand Barrels per Day),2,MBBL/D
2002-09,R30-Z00,PADD 3,EPJK,Kerosene-Type Jet Fuel,EEX,Exports,MKJEXP31,Gulf Coast (PADD 3) Exports of Kerosene-Type Jet Fuel (Thousand Barrels),420,MBBL
2002-09,R30-Z00,PADD 3,EPJK,Kerosene-Type Jet Fuel,EEX,Exports,MKJEXP32,Gulf Coast (PADD 3) Exports of Kerosene-Type Jet Fuel (Thousand Barrels per Day),14,MBBL/D
2002-10,R30-Z00,PADD 3,EPJK,Kerosene-Type Jet Fuel,EEX,Exports,MKJEXP31,Gulf Coast (PADD 3) Exports of Kerosene-Type Jet Fuel (Thousand Barrels),37,MBBL
2002-10,R30-Z00,PADD 3,EPJK,Kerosene-Type Jet Fuel,EEX,Exports,MKJEXP32,Gulf Coast (PADD 3) Exports of Kerosene-Type Jet Fuel (Thousand Barrels per Day),1,MBBL/D
2002-11,R30-Z00,PADD 3,EPJK,Kerosene-Type Jet Fuel,EEX,Exports,MKJEXP31,Gulf Coast (PADD 3) Exports of Kerosene-Type Jet Fuel (Thousand Barrels),350,MBBL
2002-11,R30-Z00,PADD 3,EPJK,Kerosene-Type Jet Fuel,EEX,Exports,MKJEXP32,Gulf Coast (PADD 3) Exports of Kerosene-Type Jet Fuel (Thousand Barrels per Day),12,MBBL/D
2002-12,R30-Z00,PADD 3,EPJK,Kerosene-Type Jet Fuel,EEX,Exports,MKJEXP31,Gulf Coast (PADD 3) Exports of Kerosene-Type Jet Fuel (Thousand Barrels),446,MBBL
2002-12,R30-Z00,PADD 3,EPJK,Kerosene-Type Jet Fuel,EEX,Exports,MKJEXP32,Gulf Coast (PADD 3) Exports of Kerosene-Type Jet Fuel (Thousand Barrels per Day),14,MBBL/D
2003-01,R30-Z00,PADD 3,EPJK,Kerosene-Type Jet Fuel,EEX,Exports,MKJEXP31,Gulf Coast (PADD 3) Exports of Kerosene-Type Jet Fuel (Thousand Barrels),1117,MBBL
2003-01,R30-Z00,PADD 3,EPJK,Kerosene-Type Jet Fuel,EEX,Exports,MKJEXP32,Gulf Coast (PADD 3) Exports of Kerosene-Type Jet Fuel (Thousand Barrels per Day),36,MBBL/D
2003-02,R30-Z00,PADD 3,EPJK,Kerosene-Type Jet Fuel,EEX,Exports,MKJEXP31,Gulf Coast (PADD 3) Exports of Kerosene-Type Jet Fuel (Thousand Barrels),513,MBBL
2003-02,R30-Z00,PADD 3,EPJK,Kerosene-Type Jet Fuel,EEX,Exports,MKJEXP32,Gulf Coast (PADD 3) Exports of Kerosene-Type Jet Fuel (Thousand Barrels per Day),18,MBBL/D
2003-03,R30-Z00,PADD 3,EPJK,Kerosene-Type Jet Fuel,EEX,Exports,MKJEXP31,Gulf Coast (PADD 3) Exports of Kerosene-Type Jet Fuel (Thousand Barrels),898,MBBL
2003-03,R30-Z00,PADD 3,EPJK,Kerosene-Type Jet Fuel,EEX,Exports,MKJEXP32,Gulf Coast (PADD 3) Exports of Kerosene-Type Jet Fuel (Thousand Barrels per Day),29,MBBL/D
2003-04,R30-Z00,PADD 3,EPJK,Kerosene-Type Jet Fuel,EEX,Exports,MKJEXP31,Gulf Coast (PADD 3) Exports of Kerosene-Type Jet Fuel (Thousand Barrels),225,MBBL
2003-04,R30-Z00,PADD 3,EPJK,Kerosene-Type Jet Fuel,EEX,Exports,MKJEXP32,Gulf Coast (PADD 3) Exports of Kerosene-Type Jet Fuel (Thousand Barrels per Day),8,MBBL/D
2003-05,R30-Z00,PADD 3,EPJK,Kerosene-Type Jet Fuel,EEX,Exports,MKJEXP31,Gulf Coast (PADD 3) Exports of Kerosene-Type Jet Fuel (Thousand Barrels),122,MBBL
2003-05,R30-Z00,PADD 3,EPJK,Kerosene-Type Jet Fuel,EEX,Exports,MKJEXP32,Gulf Coast (PADD 3) Exports of Kerosene-Type Jet Fuel (Thousand Barrels per Day),4,MBBL/D
2003-06,R30-Z00,PADD 3,EPJK,Kerosene-Type Jet Fuel,EEX,Exports,MKJEXP31,Gulf Coast (PADD 3) Exports of Kerosene-Type Jet Fuel (Thousand Barrels),28,MBBL
2003-06,R30-Z00,PADD 3,EPJK,Kerosene-Type Jet Fuel,EEX,Exports,MKJEXP32,Gulf Coast (PADD 3) Exports of Kerosene-Type Jet Fuel (Thousand Barrels per Day),1,MBBL/D
2003-07,R30-Z00,PADD 3,EPJK,Kerosene-Type Jet Fuel,EEX,Exports,MKJEXP31,Gulf Coast (PADD 3) Exports of Kerosene-Type Jet Fuel (Thousand Barrels),195,MBBL
2003-07,R30-Z00,PADD 3,EPJK,Kerosene-Type Jet Fuel,EEX,Exports,MKJEXP32,Gulf Coast (PADD 3) Exports of Kerosene-Type Jet Fuel (Thousand Barrels per Day),6,MBBL/D
2003-08,R30-Z00,PADD 3,EPJK,Kerosene-Type Jet Fuel,EEX,Exports,MKJEXP31,Gulf Coast (PADD 3) Exports of Kerosene-Type Jet Fuel (Thousand Barrels),6,MBBL
2003-08,R30-Z00,PADD 3,EPJK,Kerosene-Type Jet Fuel,EEX,Exports,MKJEXP32,Gulf Coast (PADD 3) Exports of Kerosene-Type Jet Fuel (Thousand Barrels per Day),0,MBBL/D
2003-09,R30-Z00,PADD 3,EPJK,Kerosene-Type Jet Fuel,EEX,Exports,MKJEXP31,Gulf Coast (PADD 3) Exports of Kerosene-Type Jet Fuel (Thousand Barrels),301,MBBL
2003-09,R30-Z00,PADD 3,EPJK,Kerosene-Type Jet Fuel,EEX,Exports,MKJEXP32,Gulf Coast (PADD 3) Exports of Kerosene-Type Jet Fuel (Thousand Barrels per Day),10,MBBL/D
2003-10,R30-Z00,PADD 3,EPJK,Kerosene-Type Jet Fuel,EEX,Exports,MKJEXP31,Gulf Coast (PADD 3) Exports of Kerosene-Type Jet Fuel (Thousand Barrels),135,MBBL
2003-10,R30-Z00,PADD 3,EPJK,Kerosene-Type Jet Fuel,EEX,Exports,MKJEXP32,Gulf Coast (PADD 3) Exports of Kerosene-Type Jet Fuel (Thousand Barrels per Day),4,MBBL/D
2003-11,R30-Z00,PADD 3,EPJK,Kerosene-Type Jet Fuel,EEX,Exports,MKJEXP31,Gulf Coast (PADD 3) Exports of Kerosene-Type Jet Fuel (Thousand Barrels),41,MBBL
2003-11,R30-Z00,PADD 3,EPJK,Kerosene-Type Jet Fuel,EEX,Exports,MKJEXP32,Gulf Coast (PADD 3) Exports of Kerosene-Type Jet Fuel (Thousand Barrels per Day),1,MBBL/D
2003-12,R30-Z00,PADD 3,EPJK,Kerosene-Type Jet Fuel,EEX,Exports,MKJEXP31,Gulf Coast (PADD 3) Exports of Kerosene-Type Jet Fuel (Thousand Barrels),373,MBBL
2003-12,R30-Z00,PADD 3,EPJK,Kerosene-Type Jet Fuel,EEX,Exports,MKJEXP32,Gulf Coast (PADD 3) Exports of Kerosene-Type Jet Fuel (Thousand Barrels per Day),12,MBBL/D
2004-01,R30-Z00,PADD 3,EPJK,Kerosene-Type Jet Fuel,EEX,Exports,MKJEXP31,Gulf Coast (PADD 3) Exports of Kerosene-Type Jet Fuel (Thousand Barrels),338,MBBL
2004-01,R30-Z00,PADD 3,EPJK,Kerosene-Type Jet Fuel,EEX,Exports,MKJEXP32,Gulf Coast (PADD 3) Exports of Kerosene-Type Jet Fuel (Thousand Barrels per Day),11,MBBL/D
2004-02,R30-Z00,PADD 3,EPJK,Kerosene-Type Jet Fuel,EEX,Exports,MKJEXP31,Gulf Coast (PADD 3) Exports of Kerosene-Type Jet Fuel (Thousand Barrels),426,MBBL
2004-02,R30-Z00,PADD 3,EPJK,Kerosene-Type Jet Fuel,EEX,Exports,MKJEXP32,Gulf Coast (PADD 3) Exports of Kerosene-Type Jet Fuel (Thousand Barrels per Day),15,MBBL/D
2004-03,R30-Z00,PADD 3,EPJK,Kerosene-Type Jet Fuel,EEX,Exports,MKJEXP31,Gulf Coast (PADD 3) Exports of Kerosene-Type Jet Fuel (Thousand Barrels),149,MBBL
2004-03,R30-Z00,PADD 3,EPJK,Kerosene-Type Jet Fuel,EEX,Exports,MKJEXP32,Gulf Coast (PADD 3) Exports of Kerosene-Type Jet Fuel (Thousand Barrels per Day),5,MBBL/D
2004-04,R30-Z00,PADD 3,EPJK,Kerosene-Type Jet Fuel,EEX,Exports,MKJEXP31,Gulf Coast (PADD 3) Exports of Kerosene-Type Jet Fuel (Thousand Barrels),47,MBBL
2004-04,R30-Z00,PADD 3,EPJK,Kerosene-Type Jet Fuel,EEX,Exports,MKJEXP32,Gulf Coast (PADD 3) Exports of Kerosene-Type Jet Fuel (Thousand Barrels per Day),2,MBBL/D
2004-05,R30-Z00,PADD 3,EPJK,Kerosene-Type Jet Fuel,EEX,Exports,MKJEXP31,Gulf Coast (PADD 3) Exports of Kerosene-Type Jet Fuel (Thousand Barrels),385,MBBL
2004-05,R30-Z00,PADD 3,EPJK,Kerosene-Type Jet Fuel,EEX,Exports,MKJEXP32,Gulf Coast (PADD 3) Exports of Kerosene-Type Jet Fuel (Thousand Barrels per Day),12,MBBL/D
2004-06,R30-Z00,PADD 3,EPJK,Kerosene-Type Jet Fuel,EEX,Exports,MKJEXP31,Gulf Coast (PADD 3) Exports of Kerosene-Type Jet Fuel (Thousand Barrels),539,MBBL
2004-06,R30-Z00,PADD 3,EPJK,Kerosene-Type Jet Fuel,EEX,Exports,MKJEXP32,Gulf Coast (PADD 3) Exports of Kerosene-Type Jet Fuel (Thousand Barrels per Day),18,MBBL/D
2004-07,R30-Z00,PADD 3,EPJK,Kerosene-Type Jet Fuel,EEX,Exports,MKJEXP31,Gulf Coast (PADD 3) Exports of Kerosene-Type Jet Fuel (Thousand Barrels),38,MBBL
2004-07,R30-Z00,PADD 3,EPJK,Kerosene-Type Jet Fuel,EEX,Exports,MKJEXP32,Gulf Coast (PADD 3) Exports of Kerosene-Type Jet Fuel (Thousand Barrels per Day),1,MBBL/D
2004-08,R30-Z00,PADD 3,EPJK,Kerosene-Type Jet Fuel,EEX,Exports,MKJEXP31,Gulf Coast (PADD 3) Exports of Kerosene-Type Jet Fuel (Thousand Barrels),799,MBBL
2004-08,R30-Z00,PADD 3,EPJK,Kerosene-Type Jet Fuel,EEX,Exports,MKJEXP32,Gulf Coast (PADD 3) Exports of Kerosene-Type Jet Fuel (Thousand Barrels per Day),26,MBBL/D
2004-09,R30-Z00,PADD 3,EPJK,Kerosene-Type Jet Fuel,EEX,Exports,MKJEXP31,Gulf Coast (PADD 3) Exports of Kerosene-Type Jet Fuel (Thousand Barrels),1452,MBBL
2004-09,R30-Z00,PADD 3,EPJK,Kerosene-Type Jet Fuel,EEX,Exports,MKJEXP32,Gulf Coast (PADD 3) Exports of Kerosene-Type Jet Fuel (Thousand Barrels per Day),48,MBBL/D
2004-10,R30-Z00,PADD 3,EPJK,Kerosene-Type Jet Fuel,EEX,Exports,MKJEXP31,Gulf Coast (PADD 3) Exports of Kerosene-Type Jet Fuel (Thousand Barrels),145,MBBL
2004-10,R30-Z00,PADD 3,EPJK,Kerosene-Type Jet Fuel,EEX,Exports,MKJEXP32,Gulf Coast (PADD 3) Exports of Kerosene-Type Jet Fuel (Thousand Barrels per Day),5,MBBL/D
2004-11,R30-Z00,PADD 3,EPJK,Kerosene-Type Jet Fuel,EEX,Exports,MKJEXP31,Gulf Coast (PADD 3) Exports of Kerosene-Type Jet Fuel (Thousand Barrels),803,MBBL
2004-11,R30-Z00,PADD 3,EPJK,Kerosene-Type Jet Fuel,EEX,Exports,MKJEXP32,Gulf Coast (PADD 3) Exports of Kerosene-Type Jet Fuel (Thousand Barrels per Day),27,MBBL/D
2004-12,R30-Z00,PADD 3,EPJK,Kerosene-Type Jet Fuel,EEX,Exports,MKJEXP31,Gulf Coast (PADD 3) Exports of Kerosene-Type Jet Fuel (Thousand Barrels),1142,MBBL
2004-12,R30-Z00,PADD 3,EPJK,Kerosene-Type Jet Fuel,EEX,Exports,MKJEXP32,Gulf Coast (PADD 3) Exports of Kerosene-Type Jet Fuel (Thousand Barrels per Day),37,MBBL/D
2005-01,R30-Z00,PADD 3,EPJK,Kerosene-Type Jet Fuel,EEX,Exports,MKJEXP31,Gulf Coast (PADD 3) Exports of Kerosene-Type Jet Fuel (Thousand Barrels),123,MBBL
2005-01,R30-Z00,PADD 3,EPJK,Kerosene-Type Jet Fuel,EEX,Exports,MKJEXP32,Gulf Coast (PADD 3) Exports of Kerosene-Type Jet Fuel (Thousand Barrels per Day),4,MBBL/D
2005-02,R30-Z00,PADD 3,EPJK,Kerosene-Type Jet Fuel,EEX,Exports,MKJEXP31,Gulf Coast (PADD 3) Exports of Kerosene-Type Jet Fuel (Thousand Barrels),683,MBBL
2005-02,R30-Z00,PADD 3,EPJK,Kerosene-Type Jet Fuel,EEX,Exports,MKJEXP32,Gulf Coast (PADD 3) Exports of Kerosene-Type Jet Fuel (Thousand Barrels per Day),24,MBBL/D
2005-03,R30-Z00,PADD 3,EPJK,Kerosene-Type Jet Fuel,EEX,Exports,MKJEXP31,Gulf Coast (PADD 3) Exports of Kerosene-Type Jet Fuel (Thousand Barrels),1175,MBBL
2005-03,R30-Z00,PADD 3,EPJK,Kerosene-Type Jet Fuel,EEX,Exports,MKJEXP32,Gulf Coast (PADD 3) Exports of Kerosene-Type Jet Fuel (Thousand Barrels per Day),38,MBBL/D
2005-04,R30-Z00,PADD 3,EPJK,Kerosene-Type Jet Fuel,EEX,Exports,MKJEXP31,Gulf Coast (PADD 3) Exports of Kerosene-Type Jet Fuel (Thousand Barrels),1693,MBBL
2005-04,R30-Z00,PADD 3,EPJK,Kerosene-Type Jet Fuel,EEX,Exports,MKJEXP32,Gulf Coast (PADD 3) Exports of Kerosene-Type Jet Fuel (Thousand Barrels per Day),56,MBBL/D
2005-05,R30-Z00,PADD 3,EPJK,Kerosene-Type Jet Fuel,EEX,Exports,MKJEXP31,Gulf Coast (PADD 3) Exports of Kerosene-Type Jet Fuel (Thousand Barrels),2090,MBBL
2005-05,R30-Z00,PADD 3,EPJK,Kerosene-Type Jet Fuel,EEX,Exports,MKJEXP32,Gulf Coast (PADD 3) Exports of Kerosene-Type Jet Fuel (Thousand Barrels per Day),67,MBBL/D
2005-06,R30-Z00,PADD 3,EPJK,Kerosene-Type Jet Fuel,EEX,Exports,MKJEXP31,Gulf Coast (PADD 3) Exports of Kerosene-Type Jet Fuel (Thousand Barrels),1228,MBBL
2005-06,R30-Z00,PADD 3,EPJK,Kerosene-Type Jet Fuel,EEX,Exports,MKJEXP32,Gulf Coast (PADD 3) Exports of Kerosene-Type Jet Fuel (Thousand Barrels per Day),41,MBBL/D
2005-07,R30-Z00,PADD 3,EPJK,Kerosene-Type Jet Fuel,EEX,Exports,MKJEXP31,Gulf Coast (PADD 3) Exports of Kerosene-Type Jet Fuel (Thousand Barrels),862,MBBL
2005-07,R30-Z00,PADD 3,EPJK,Kerosene-Type Jet Fuel,EEX,Exports,MKJEXP32,Gulf Coast (PADD 3) Exports of Kerosene-Type Jet Fuel (Thousand Barrels per Day),28,MBBL/D
2005-08,R30-Z00,PADD 3,EPJK,Kerosene-Type Jet Fuel,EEX,Exports,MKJEXP31,Gulf Coast (PADD 3) Exports of Kerosene-Type Jet Fuel (Thousand Barrels),435,MBBL
2005-08,R30-Z00,PADD 3,EPJK,Kerosene-Type Jet Fuel,EEX,Exports,MKJEXP32,Gulf Coast (PADD 3) Exports of Kerosene-Type Jet Fuel (Thousand Barrels per Day),14,MBBL/D
2005-09,R30-Z00,PADD 3,EPJK,Kerosene-Type Jet Fuel,EEX,Exports,MKJEXP31,Gulf Coast (PADD 3) Exports of Kerosene-Type Jet Fuel (Thousand Barrels),55,MBBL
2005-09,R30-Z00,PADD 3,EPJK,Kerosene-Type Jet Fuel,EEX,Exports,MKJEXP32,Gulf Coast (PADD 3) Exports of Kerosene-Type Jet Fuel (Thousand Barrels per Day),2,MBBL/D
2005-10,R30-Z00,PADD 3,EPJK,Kerosene-Type Jet Fuel,EEX,Exports,MKJEXP31,Gulf Coast (PADD 3) Exports of Kerosene-Type Jet Fuel (Thousand Barrels),89,MBBL
2005-10,R30-Z00,PADD 3,EPJK,Kerosene-Type Jet Fuel,EEX,Exports,MKJEXP32,Gulf Coast (PADD 3) Exports of Kerosene-Type Jet Fuel (Thousand Barrels per Day),3,MBBL/D
2005-11,R30-Z00,PADD 3,EPJK,Kerosene-Type Jet Fuel,EEX,Exports,MKJEXP31,Gulf Coast (PADD 3) Exports of Kerosene-Type Jet Fuel (Thousand Barrels),35,MBBL
2005-11,R30-Z00,PADD 3,EPJK,Kerosene-Type Jet Fuel,EEX,Exports,MKJEXP32,Gulf Coast (PADD 3) Exports of Kerosene-Type Jet Fuel (Thousand Barrels per Day),1,MBBL/D
2005-12,R30-Z00,PADD 3,EPJK,Kerosene-Type Jet Fuel,EEX,Exports,MKJEXP31,Gulf Coast (PADD 3) Exports of Kerosene-Type Jet Fuel (Thousand Barrels),204,MBBL
2005-12,R30-Z00,PADD 3,EPJK,Kerosene-Type Jet Fuel,EEX,Exports,MKJEXP32,Gulf Coast (PADD 3) Exports of Kerosene-Type Jet Fuel (Thousand Barrels per Day),7,MBBL/D
2006-01,R30-Z00,PADD 3,EPJK,Kerosene-Type Jet Fuel,EEX,Exports,MKJEXP31,Gulf Coast (PADD 3) Exports of Kerosene-Type Jet Fuel (Thousand Barrels),232,MBBL
2006-01,R30-Z00,PADD 3,EPJK,Kerosene-Type Jet Fuel,EEX,Exports,MKJEXP32,Gulf Coast (PADD 3) Exports of Kerosene-Type Jet Fuel (Thousand Barrels per Day),7,MBBL/D
2006-02,R30-Z00,PADD 3,EPJK,Kerosene-Type Jet Fuel,EEX,Exports,MKJEXP31,Gulf Coast (PADD 3) Exports of Kerosene-Type Jet Fuel (Thousand Barrels),144,MBBL
2006-02,R30-Z00,PADD 3,EPJK,Kerosene-Type Jet Fuel,EEX,Exports,MKJEXP32,Gulf Coast (PADD 3) Exports of Kerosene-Type Jet Fuel (Thousand Barrels per Day),5,MBBL/D
2006-03,R30-Z00,PADD 3,EPJK,Kerosene-Type Jet Fuel,EEX,Exports,MKJEXP31,Gulf Coast (PADD 3) Exports of Kerosene-Type Jet Fuel (Thousand Barrels),447,MBBL
2006-03,R30-Z00,PADD 3,EPJK,Kerosene-Type Jet Fuel,EEX,Exports,MKJEXP32,Gulf Coast (PADD 3) Exports of Kerosene-Type Jet Fuel (Thousand Barrels per Day),14,MBBL/D
2006-04,R30-Z00,PADD 3,EPJK,Kerosene-Type Jet Fuel,EEX,Exports,MKJEXP31,Gulf Coast (PADD 3) Exports of Kerosene-Type Jet Fuel (Thousand Barrels),719,MBBL
2006-04,R30-Z00,PADD 3,EPJK,Kerosene-Type Jet Fuel,EEX,Exports,MKJEXP32,Gulf Coast (PADD 3) Exports of Kerosene-Type Jet Fuel (Thousand Barrels per Day),24,MBBL/D
2006-05,R30-Z00,PADD 3,EPJK,Kerosene-Type Jet Fuel,EEX,Exports,MKJEXP31,Gulf Coast (PADD 3) Exports of Kerosene-Type Jet Fuel (Thousand Barrels),280,MBBL
2006-05,R30-Z00,PADD 3,EPJK,Kerosene-Type Jet Fuel,EEX,Exports,MKJEXP32,Gulf Coast (PADD 3) Exports of Kerosene-Type Jet Fuel (Thousand Barrels per Day),9,MBBL/D
2006-06,R30-Z00,PADD 3,EPJK,Kerosene-Type Jet Fuel,EEX,Exports,MKJEXP31,Gulf Coast (PADD 3) Exports of Kerosene-Type Jet Fuel (Thousand Barrels),179,MBBL
2006-06,R30-Z00,PADD 3,EPJK,Kerosene-Type Jet Fuel,EEX,Exports,MKJEXP32,Gulf Coast (PADD 3) Exports of Kerosene-Type Jet Fuel (Thousand Barrels per Day),6,MBBL/D
2006-07,R30-Z00,PADD 3,EPJK,Kerosene-Type Jet Fuel,EEX,Exports,MKJEXP31,Gulf Coast (PADD 3) Exports of Kerosene-Type Jet Fuel (Thousand Barrels),267,MBBL
2006-07,R30-Z00,PADD 3,EPJK,Kerosene-Type Jet Fuel,EEX,Exports,MKJEXP32,Gulf Coast (PADD 3) Exports of Kerosene-Type Jet Fuel (Thousand Barrels per Day),9,MBBL/D
2006-08,R30-Z00,PADD 3,EPJK,Kerosene-Type Jet Fuel,EEX,Exports,MKJEXP31,Gulf Coast (PADD 3) Exports of Kerosene-Type Jet Fuel (Thousand Barrels),694,MBBL
2006-08,R30-Z00,PADD 3,EPJK,Kerosene-Type Jet Fuel,EEX,Exports,MKJEXP32,Gulf Coast (PADD 3) Exports of Kerosene-Type Jet Fuel (Thousand Barrels per Day),22,MBBL/D
2006-09,R30-Z00,PADD 3,EPJK,Kerosene-Type Jet Fuel,EEX,Exports,MKJEXP31,Gulf Coast (PADD 3) Exports of Kerosene-Type Jet Fuel (Thousand Barrels),949,MBBL
2006-09,R30-Z00,PADD 3,EPJK,Kerosene-Type Jet Fuel,EEX,Exports,MKJEXP32,Gulf Coast (PADD 3) Exports of Kerosene-Type Jet Fuel (Thousand Barrels per Day),32,MBBL/D
2006-10,R30-Z00,PADD 3,EPJK,Kerosene-Type Jet Fuel,EEX,Exports,MKJEXP31,Gulf Coast (PADD 3) Exports of Kerosene-Type Jet Fuel (Thousand Barrels),607,MBBL
2006-10,R30-Z00,PADD 3,EPJK,Kerosene-Type Jet Fuel,EEX,Exports,MKJEXP32,Gulf Coast (PADD 3) Exports of Kerosene-Type Jet Fuel (Thousand Barrels per Day),20,MBBL/D
2006-11,R30-Z00,PADD 3,EPJK,Kerosene-Type Jet Fuel,EEX,Exports,MKJEXP31,Gulf Coast (PADD 3) Exports of Kerosene-Type Jet Fuel (Thousand Barrels),312,MBBL
2006-11,R30-Z00,PADD 3,EPJK,Kerosene-Type Jet Fuel,EEX,Exports,MKJEXP32,Gulf Coast (PADD 3) Exports of Kerosene-Type Jet Fuel (Thousand Barrels per Day),10,MBBL/D
2006-12,R30-Z00,PADD 3,EPJK,Kerosene-Type Jet Fuel,EEX,Exports,MKJEXP31,Gulf Coast (PADD 3) Exports of Kerosene-Type Jet Fuel (Thousand Barrels),424,MBBL
2006-12,R30-Z00,PADD 3,EPJK,Kerosene-Type Jet Fuel,EEX,Exports,MKJEXP32,Gulf Coast (PADD 3) Exports of Kerosene-Type Jet Fuel (Thousand Barrels per Day),14,MBBL/D
2007-01,R30-Z00,PADD 3,EPJK,Kerosene-Type Jet Fuel,EEX,Exports,MKJEXP31,Gulf Coast (PADD 3) Exports of Kerosene-Type Jet Fuel (Thousand Barrels),408,MBBL
2007-01,R30-Z00,PADD 3,EPJK,Kerosene-Type Jet Fuel,EEX,Exports,MKJEXP32,Gulf Coast (PADD 3) Exports of Kerosene-Type Jet Fuel (Thousand Barrels per Day),13,MBBL/D
2007-02,R30-Z00,PADD 3,EPJK,Kerosene-Type Jet Fuel,EEX,Exports,MKJEXP31,Gulf Coast (PADD 3) Exports of Kerosene-Type Jet Fuel (Thousand Barrels),396,MBBL
2007-02,R30-Z00,PADD 3,EPJK,Kerosene-Type Jet Fuel,EEX,Exports,MKJEXP32,Gulf Coast (PADD 3) Exports of Kerosene-Type Jet Fuel (Thousand Barrels per Day),14,MBBL/D
2007-03,R30-Z00,PADD 3,EPJK,Kerosene-Type Jet Fuel,EEX,Exports,MKJEXP31,Gulf Coast (PADD 3) Exports of Kerosene-Type Jet Fuel (Thousand Barrels),283,MBBL
2007-03,R30-Z00,PADD 3,EPJK,Kerosene-Type Jet Fuel,EEX,Exports,MKJEXP32,Gulf Coast (PADD 3) Exports of Kerosene-Type Jet Fuel (Thousand Barrels per Day),9,MBBL/D
2007-04,R30-Z00,PADD 3,EPJK,Kerosene-Type Jet Fuel,EEX,Exports,MKJEXP31,Gulf Coast (PADD 3) Exports of Kerosene-Type Jet Fuel (Thousand Barrels),399,MBBL
2007-04,R30-Z00,PADD 3,EPJK,Kerosene-Type Jet Fuel,EEX,Exports,MKJEXP32,Gulf Coast (PADD 3) Exports of Kerosene-Type Jet Fuel (Thousand Barrels per Day),13,MBBL/D
2007-05,R30-Z00,PADD 3,EPJK,Kerosene-Type Jet Fuel,EEX,Exports,MKJEXP31,Gulf Coast (PADD 3) Exports of Kerosene-Type Jet Fuel (Thousand Barrels),290,MBBL
2007-05,R30-Z00,PADD 3,EPJK,Kerosene-Type Jet Fuel,EEX,Exports,MKJEXP32,Gulf Coast (PADD 3) Exports of Kerosene-Type Jet Fuel (Thousand Barrels per Day),9,MBBL/D
2007-06,R30-Z00,PADD 3,EPJK,Kerosene-Type Jet Fuel,EEX,Exports,MKJEXP31,Gulf Coast (PADD 3) Exports of Kerosene-Type Jet Fuel (Thousand Barrels),265,MBBL
2007-06,R30-Z00,PADD 3,EPJK,Kerosene-Type Jet Fuel,EEX,Exports,MKJEXP32,Gulf Coast (PADD 3) Exports of Kerosene-Type Jet Fuel (Thousand Barrels per Day),9,MBBL/D
2007-07,R30-Z00,PADD 3,EPJK,Kerosene-Type Jet Fuel,EEX,Exports,MKJEXP31,Gulf Coast (PADD 3) Exports of Kerosene-Type Jet Fuel (Thousand Barrels),506,MBBL
2007-07,R30-Z00,PADD 3,EPJK,Kerosene-Type Jet Fuel,EEX,Exports,MKJEXP32,Gulf Coast (PADD 3) Exports of Kerosene-Type Jet Fuel (Thousand Barrels per Day),16,MBBL/D
2007-08,R30-Z00,PADD 3,EPJK,Kerosene-Type Jet Fuel,EEX,Exports,MKJEXP31,Gulf Coast (PADD 3) Exports of Kerosene-Type Jet Fuel (Thousand Barrels),451,MBBL
2007-08,R30-Z00,PADD 3,EPJK,Kerosene-Type Jet Fuel,EEX,Exports,MKJEXP32,Gulf Coast (PADD 3) Exports of Kerosene-Type Jet Fuel (Thousand Barrels per Day),15,MBBL/D
2007-09,R30-Z00,PADD 3,EPJK,Kerosene-Type Jet Fuel,EEX,Exports,MKJEXP31,Gulf Coast (PADD 3) Exports of Kerosene-Type Jet Fuel (Thousand Barrels),532,MBBL
2007-09,R30-Z00,PADD 3,EPJK,Kerosene-Type Jet Fuel,EEX,Exports,MKJEXP32,Gulf Coast (PADD 3) Exports of Kerosene-Type Jet Fuel (Thousand Barrels per Day),18,MBBL/D
2007-10,R30-Z00,PADD 3,EPJK,Kerosene-Type Jet Fuel,EEX,Exports,MKJEXP31,Gulf Coast (PADD 3) Exports of Kerosene-Type Jet Fuel (Thousand Barrels),211,MBBL
2007-10,R30-Z00,PADD 3,EPJK,Kerosene-Type Jet Fuel,EEX,Exports,MKJEXP32,Gulf Coast (PADD 3) Exports of Kerosene-Type Jet Fuel (Thousand Barrels per Day),7,MBBL/D
2007-11,R30-Z00,PADD 3,EPJK,Kerosene-Type Jet Fuel,EEX,Exports,MKJEXP31,Gulf Coast (PADD 3) Exports of Kerosene-Type Jet Fuel (Thousand Barrels),707,MBBL
2007-11,R30-Z00,PADD 3,EPJK,Kerosene-Type Jet Fuel,EEX,Exports,MKJEXP32,Gulf Coast (PADD 3) Exports of Kerosene-Type Jet Fuel (Thousand Barrels per Day),24,MBBL/D
2007-12,R30-Z00,PADD 3,EPJK,Kerosene-Type Jet Fuel,EEX,Exports,MKJEXP31,Gulf Coast (PADD 3) Exports of Kerosene-Type Jet Fuel (Thousand Barrels),858,MBBL
2007-12,R30-Z00,PADD 3,EPJK,Kerosene-Type Jet Fuel,EEX,Exports,MKJEXP32,Gulf Coast (PADD 3) Exports of Kerosene-Type Jet Fuel (Thousand Barrels per Day),28,MBBL/D
2008-01,R30-Z00,PADD 3,EPJK,Kerosene-Type Jet Fuel,EEX,Exports,MKJEXP31,Gulf Coast (PADD 3) Exports of Kerosene-Type Jet Fuel (Thousand Barrels),722,MBBL
2008-01,R30-Z00,PADD 3,EPJK,Kerosene-Type Jet Fuel,EEX,Exports,MKJEXP32,Gulf Coast (PADD 3) Exports of Kerosene-Type Jet Fuel (Thousand Barrels per Day),23,MBBL/D
2008-02,R30-Z00,PADD 3,EPJK,Kerosene-Type Jet Fuel,EEX,Exports,MKJEXP31,Gulf Coast (PADD 3) Exports of Kerosene-Type Jet Fuel (Thousand Barrels),726,MBBL
2008-02,R30-Z00,PADD 3,EPJK,Kerosene-Type Jet Fuel,EEX,Exports,MKJEXP32,Gulf Coast (PADD 3) Exports of Kerosene-Type Jet Fuel (Thousand Barrels per Day),25,MBBL/D
2008-03,R30-Z00,PADD 3,EPJK,Kerosene-Type Jet Fuel,EEX,Exports,MKJEXP31,Gulf Coast (PADD 3) Exports of Kerosene-Type Jet Fuel (Thousand Barrels),868,MBBL
2008-03,R30-Z00,PADD 3,EPJK,Kerosene-Type Jet Fuel,EEX,Exports,MKJEXP32,Gulf Coast (PADD 3) Exports of Kerosene-Type Jet Fuel (Thousand Barrels per Day),28,MBBL/D
2008-04,R30-Z00,PADD 3,EPJK,Kerosene-Type Jet Fuel,EEX,Exports,MKJEXP31,Gulf Coast (PADD 3) Exports of Kerosene-Type Jet Fuel (Thousand Barrels),517,MBBL
2008-04,R30-Z00,PADD 3,EPJK,Kerosene-Type Jet Fuel,EEX,Exports,MKJEXP32,Gulf Coast (PADD 3) Exports of Kerosene-Type Jet Fuel (Thousand Barrels per Day),17,MBBL/D
2008-05,R30-Z00,PADD 3,EPJK,Kerosene-Type Jet Fuel,EEX,Exports,MKJEXP31,Gulf Coast (PADD 3) Exports of Kerosene-Type Jet Fuel (Thousand Barrels),976,MBBL
2008-05,R30-Z00,PADD 3,EPJK,Kerosene-Type Jet Fuel,EEX,Exports,MKJEXP32,Gulf Coast (PADD 3) Exports of Kerosene-Type Jet Fuel (Thousand Barrels per Day),31,MBBL/D
2008-06,R30-Z00,PADD 3,EPJK,Kerosene-Type Jet Fuel,EEX,Exports,MKJEXP31,Gulf Coast (PADD 3) Exports of Kerosene-Type Jet Fuel (Thousand Barrels),1866,MBBL
2008-06,R30-Z00,PADD 3,EPJK,Kerosene-Type Jet Fuel,EEX,Exports,MKJEXP32,Gulf Coast (PADD 3) Exports of Kerosene-Type Jet Fuel (Thousand Barrels per Day),62,MBBL/D
2008-07,R30-Z00,PADD 3,EPJK,Kerosene-Type Jet Fuel,EEX,Exports,MKJEXP31,Gulf Coast (PADD 3) Exports of Kerosene-Type Jet Fuel (Thousand Barrels),1477,MBBL
2008-07,R30-Z00,PADD 3,EPJK,Kerosene-Type Jet Fuel,EEX,Exports,MKJEXP32,Gulf Coast (PADD 3) Exports of Kerosene-Type Jet Fuel (Thousand Barrels per Day),48,MBBL/D
2008-08,R30-Z00,PADD 3,EPJK,Kerosene-Type Jet Fuel,EEX,Exports,MKJEXP31,Gulf Coast (PADD 3) Exports of Kerosene-Type Jet Fuel (Thousand Barrels),1002,MBBL
2008-08,R30-Z00,PADD 3,EPJK,Kerosene-Type Jet Fuel,EEX,Exports,MKJEXP32,Gulf Coast (PADD 3) Exports of Kerosene-Type Jet Fuel (Thousand Barrels per Day),32,MBBL/D
2008-09,R30-Z00,PADD 3,EPJK,Kerosene-Type Jet Fuel,EEX,Exports,MKJEXP31,Gulf Coast (PADD 3) Exports of Kerosene-Type Jet Fuel (Thousand Barrels),393,MBBL
2008-09,R30-Z00,PADD 3,EPJK,Kerosene-Type Jet Fuel,EEX,Exports,MKJEXP32,Gulf Coast (PADD 3) Exports of Kerosene-Type Jet Fuel (Thousand Barrels per Day),13,MBBL/D
2008-10,R30-Z00,PADD 3,EPJK,Kerosene-Type Jet Fuel,EEX,Exports,MKJEXP31,Gulf Coast (PADD 3) Exports of Kerosene-Type Jet Fuel (Thousand Barrels),224,MBBL
2008-10,R30-Z00,PADD 3,EPJK,Kerosene-Type Jet Fuel,EEX,Exports,MKJEXP32,Gulf Coast (PADD 3) Exports of Kerosene-Type Jet Fuel (Thousand Barrels per Day),7,MBBL/D
2008-11,R30-Z00,PADD 3,EPJK,Kerosene-Type Jet Fuel,EEX,Exports,MKJEXP31,Gulf Coast (PADD 3) Exports of Kerosene-Type Jet Fuel (Thousand Barrels),401,MBBL
2008-11,R30-Z00,PADD 3,EPJK,Kerosene-Type Jet Fuel,EEX,Exports,MKJEXP32,Gulf Coast (PADD 3) Exports of Kerosene-Type Jet Fuel (Thousand Barrels per Day),13,MBBL/D
2008-12,R30-Z00,PADD 3,EPJK,Kerosene-Type Jet Fuel,EEX,Exports,MKJEXP31,Gulf Coast (PADD 3) Exports of Kerosene-Type Jet Fuel (Thousand Barrels),480,MBBL
2008-12,R30-Z00,PADD 3,EPJK,Kerosene-Type Jet Fuel,EEX,Exports,MKJEXP32,Gulf Coast (PADD 3) Exports of Kerosene-Type Jet Fuel (Thousand Barrels per Day),15,MBBL/D
2009-01,R30-Z00,PADD 3,EPJK,Kerosene-Type Jet Fuel,EEX,Exports,MKJEXP31,Gulf Coast (PADD 3) Exports of Kerosene-Type Jet Fuel (Thousand Barrels),908,MBBL
2009-01,R30-Z00,PADD 3,EPJK,Kerosene-Type Jet Fuel,EEX,Exports,MKJEXP32,Gulf Coast (PADD 3) Exports of Kerosene-Type Jet Fuel (Thousand Barrels per Day),29,MBBL/D
2009-02,R30-Z00,PADD 3,EPJK,Kerosene-Type Jet Fuel,EEX,Exports,MKJEXP31,Gulf Coast (PADD 3) Exports of Kerosene-Type Jet Fuel (Thousand Barrels),391,MBBL
2009-02,R30-Z00,PADD 3,EPJK,Kerosene-Type Jet Fuel,EEX,Exports,MKJEXP32,Gulf Coast (PADD 3) Exports of Kerosene-Type Jet Fuel (Thousand Barrels per Day),14,MBBL/D
2009-03,R30-Z00,PADD 3,EPJK,Kerosene-Type Jet Fuel,EEX,Exports,MKJEXP31,Gulf Coast (PADD 3) Exports of Kerosene-Type Jet Fuel (Thousand Barrels),1117,MBBL
2009-03,R30-Z00,PADD 3,EPJK,Kerosene-Type Jet Fuel,EEX,Exports,MKJEXP32,Gulf Coast (PADD 3) Exports of Kerosene-Type Jet Fuel (Thousand Barrels per Day),36,MBBL/D
2009-04,R30-Z00,PADD 3,EPJK,Kerosene-Type Jet Fuel,EEX,Exports,MKJEXP31,Gulf Coast (PADD 3) Exports of Kerosene-Type Jet Fuel (Thousand Barrels),1268,MBBL
2009-04,R30-Z00,PADD 3,EPJK,Kerosene-Type Jet Fuel,EEX,Exports,MKJEXP32,Gulf Coast (PADD 3) Exports of Kerosene-Type Jet Fuel (Thousand Barrels per Day),42,MBBL/D
2009-05,R30-Z00,PADD 3,EPJK,Kerosene-Type Jet Fuel,EEX,Exports,MKJEXP31,Gulf Coast (PADD 3) Exports of Kerosene-Type Jet Fuel (Thousand Barrels),1361,MBBL
2009-05,R30-Z00,PADD 3,EPJK,Kerosene-Type Jet Fuel,EEX,Exports,MKJEXP32,Gulf Coast (PADD 3) Exports of Kerosene-Type Jet Fuel (Thousand Barrels per Day),44,MBBL/D
2009-06,R30-Z00,PADD 3,EPJK,Kerosene-Type Jet Fuel,EEX,Exports,MKJEXP31,Gulf Coast (PADD 3) Exports of Kerosene-Type Jet Fuel (Thousand Barrels),467,MBBL
2009-06,R30-Z00,PADD 3,EPJK,Kerosene-Type Jet Fuel,EEX,Exports,MKJEXP32,Gulf Coast (PADD 3) Exports of Kerosene-Type Jet Fuel (Thousand Barrels per Day),16,MBBL/D
2009-07,R30-Z00,PADD 3,EPJK,Kerosene-Type Jet Fuel,EEX,Exports,MKJEXP31,Gulf Coast (PADD 3) Exports of Kerosene-Type Jet Fuel (Thousand Barrels),789,MBBL
2009-07,R30-Z00,PADD 3,EPJK,Kerosene-Type Jet Fuel,EEX,Exports,MKJEXP32,Gulf Coast (PADD 3) Exports of Kerosene-Type Jet Fuel (Thousand Barrels per Day),25,MBBL/D
2009-08,R30-Z00,PADD 3,EPJK,Kerosene-Type Jet Fuel,EEX,Exports,MKJEXP31,Gulf Coast (PADD 3) Exports of Kerosene-Type Jet Fuel (Thousand Barrels),463,MBBL
2009-08,R30-Z00,PADD 3,EPJK,Kerosene-Type Jet Fuel,EEX,Exports,MKJEXP32,Gulf Coast (PADD 3) Exports of Kerosene-Type Jet Fuel (Thousand Barrels per Day),15,MBBL/D
2009-09,R30-Z00,PADD 3,EPJK,Kerosene-Type Jet Fuel,EEX,Exports,MKJEXP31,Gulf Coast (PADD 3) Exports of Kerosene-Type Jet Fuel (Thousand Barrels),804,MBBL
2009-09,R30-Z00,PADD 3,EPJK,Kerosene-Type Jet Fuel,EEX,Exports,MKJEXP32,Gulf Coast (PADD 3) Exports of Kerosene-Type Jet Fuel (Thousand Barrels per Day),27,MBBL/D
2009-10,R30-Z00,PADD 3,EPJK,Kerosene-Type Jet Fuel,EEX,Exports,MKJEXP31,Gulf Coast (PADD 3) Exports of Kerosene-Type Jet Fuel (Thousand Barrels),1578,MBBL
2009-10,R30-Z00,PADD 3,EPJK,Kerosene-Type Jet Fuel,EEX,Exports,MKJEXP32,Gulf Coast (PADD 3) Exports of Kerosene-Type Jet Fuel (Thousand Barrels per Day),51,MBBL/D
2009-11,R30-Z00,PADD 3,EPJK,Kerosene-Type Jet Fuel,EEX,Exports,MKJEXP31,Gulf Coast (PADD 3) Exports of Kerosene-Type Jet Fuel (Thousand Barrels),1336,MBBL
2009-11,R30-Z00,PADD 3,EPJK,Kerosene-Type Jet Fuel,EEX,Exports,MKJEXP32,Gulf Coast (PADD 3) Exports of Kerosene-Type Jet Fuel (Thousand Barrels per Day),45,MBBL/D
2009-12,R30-Z00,PADD 3,EPJK,Kerosene-Type Jet Fuel,EEX,Exports,MKJEXP31,Gulf Coast (PADD 3) Exports of Kerosene-Type Jet Fuel (Thousand Barrels),1631,MBBL
2009-12,R30-Z00,PADD 3,EPJK,Kerosene-Type Jet Fuel,EEX,Exports,MKJEXP32,Gulf Coast (PADD 3) Exports of Kerosene-Type Jet Fuel (Thousand Barrels per Day),53,MBBL/D
2010-01,R30-Z00,PADD 3,EPJK,Kerosene-Type Jet Fuel,EEX,Exports,MKJEXP31,Gulf Coast (PADD 3) Exports of Kerosene-Type Jet Fuel (Thousand Barrels),1342,MBBL
2010-01,R30-Z00,PADD 3,EPJK,Kerosene-Type Jet Fuel,EEX,Exports,MKJEXP32,Gulf Coast (PADD 3) Exports of Kerosene-Type Jet Fuel (Thousand Barrels per Day),43,MBBL/D
2010-02,R30-Z00,PADD 3,EPJK,Kerosene-Type Jet Fuel,EEX,Exports,MKJEXP31,Gulf Coast (PADD 3) Exports of Kerosene-Type Jet Fuel (Thousand Barrels),1132,MBBL
2010-02,R30-Z00,PADD 3,EPJK,Kerosene-Type Jet Fuel,EEX,Exports,MKJEXP32,Gulf Coast (PADD 3) Exports of Kerosene-Type Jet Fuel (Thousand Barrels per Day),40,MBBL/D
2010-03,R30-Z00,PADD 3,EPJK,Kerosene-Type Jet Fuel,EEX,Exports,MKJEXP31,Gulf Coast (PADD 3) Exports of Kerosene-Type Jet Fuel (Thousand Barrels),1493,MBBL
2010-03,R30-Z00,PADD 3,EPJK,Kerosene-Type Jet Fuel,EEX,Exports,MKJEXP32,Gulf Coast (PADD 3) Exports of Kerosene-Type Jet Fuel (Thousand Barrels per Day),48,MBBL/D
2010-04,R30-Z00,PADD 3,EPJK,Kerosene-Type Jet Fuel,EEX,Exports,MKJEXP31,Gulf Coast (PADD 3) Exports of Kerosene-Type Jet Fuel (Thousand Barrels),1383,MBBL
2010-04,R30-Z00,PADD 3,EPJK,Kerosene-Type Jet Fuel,EEX,Exports,MKJEXP32,Gulf Coast (PADD 3) Exports of Kerosene-Type Jet Fuel (Thousand Barrels per Day),46,MBBL/D
2010-05,R30-Z00,PADD 3,EPJK,Kerosene-Type Jet Fuel,EEX,Exports,MKJEXP31,Gulf Coast (PADD 3) Exports of Kerosene-Type Jet Fuel (Thousand Barrels),1358,MBBL
2010-05,R30-Z00,PADD 3,EPJK,Kerosene-Type Jet Fuel,EEX,Exports,MKJEXP32,Gulf Coast (PADD 3) Exports of Kerosene-Type Jet Fuel (Thousand Barrels per Day),44,MBBL/D
2010-06,R30-Z00,PADD 3,EPJK,Kerosene-Type Jet Fuel,EEX,Exports,MKJEXP31,Gulf Coast (PADD 3) Exports of Kerosene-Type Jet Fuel (Thousand Barrels),1232,MBBL
2010-06,R30-Z00,PADD 3,EPJK,Kerosene-Type Jet Fuel,EEX,Exports,MKJEXP32,Gulf Coast (PADD 3) Exports of Kerosene-Type Jet Fuel (Thousand Barrels per Day),41,MBBL/D
2010-07,R30-Z00,PADD 3,EPJK,Kerosene-Type Jet Fuel,EEX,Exports,MKJEXP31,Gulf Coast (PADD 3) Exports of Kerosene-Type Jet Fuel (Thousand Barrels),1648,MBBL
2010-07,R30-Z00,PADD 3,EPJK,Kerosene-Type Jet Fuel,EEX,Exports,MKJEXP32,Gulf Coast (PADD 3) Exports of Kerosene-Type Jet Fuel (Thousand Barrels per Day),53,MBBL/D
2010-08,R30-Z00,PADD 3,EPJK,Kerosene-Type Jet Fuel,EEX,Exports,MKJEXP31,Gulf Coast (PADD 3) Exports of Kerosene-Type Jet Fuel (Thousand Barrels),2021,MBBL
2010-08,R30-Z00,PADD 3,EPJK,Kerosene-Type Jet Fuel,EEX,Exports,MKJEXP32,Gulf Coast (PADD 3) Exports of Kerosene-Type Jet Fuel (Thousand Barrels per Day),65,MBBL/D
2010-09,R30-Z00,PADD 3,EPJK,Kerosene-Type Jet Fuel,EEX,Exports,MKJEXP31,Gulf Coast (PADD 3) Exports of Kerosene-Type Jet Fuel (Thousand Barrels),1611,MBBL
2010-09,R30-Z00,PADD 3,EPJK,Kerosene-Type Jet Fuel,EEX,Exports,MKJEXP32,Gulf Coast (PADD 3) Exports of Kerosene-Type Jet Fuel (Thousand Barrels per Day),54,MBBL/D
2010-10,R30-Z00,PADD 3,EPJK,Kerosene-Type Jet Fuel,EEX,Exports,MKJEXP31,Gulf Coast (PADD 3) Exports of Kerosene-Type Jet Fuel (Thousand Barrels),1179,MBBL
2010-10,R30-Z00,PADD 3,EPJK,Kerosene-Type Jet Fuel,EEX,Exports,MKJEXP32,Gulf Coast (PADD 3) Exports of Kerosene-Type Jet Fuel (Thousand Barrels per Day),38,MBBL/D
2010-11,R30-Z00,PADD 3,EPJK,Kerosene-Type Jet Fuel,EEX,Exports,MKJEXP31,Gulf Coast (PADD 3) Exports of Kerosene-Type Jet Fuel (Thousand Barrels),2356,MBBL
2010-11,R30-Z00,PADD 3,EPJK,Kerosene-Type Jet Fuel,EEX,Exports,MKJEXP32,Gulf Coast (PADD 3) Exports of Kerosene-Type Jet Fuel (Thousand Barrels per Day),79,MBBL/D
2010-12,R30-Z00,PADD 3,EPJK,Kerosene-Type Jet Fuel,EEX,Exports,MKJEXP31,Gulf Coast (PADD 3) Exports of Kerosene-Type Jet Fuel (Thousand Barrels),3109,MBBL
2010-12,R30-Z00,PADD 3,EPJK,Kerosene-Type Jet Fuel,EEX,Exports,MKJEXP32,Gulf Coast (PADD 3) Exports of Kerosene-Type Jet Fuel (Thousand Barrels per Day),100,MBBL/D
2011-01,R30-Z00,PADD 3,EPJK,Kerosene-Type Jet Fuel,EEX,Exports,MKJEXP31,Gulf Coast (PADD 3) Exports of Kerosene-Type Jet Fuel (Thousand Barrels),3018,MBBL
2011-01,R30-Z00,PADD 3,EPJK,Kerosene-Type Jet Fuel,EEX,Exports,MKJEXP32,Gulf Coast (PADD 3) Exports of Kerosene-Type Jet Fuel (Thousand Barrels per Day),97,MBBL/D
2011-02,R30-Z00,PADD 3,EPJK,Kerosene-Type Jet Fuel,EEX,Exports,MKJEXP31,Gulf Coast (PADD 3) Exports of Kerosene-Type Jet Fuel (Thousand Barrels),1484,MBBL
2011-02,R30-Z00,PADD 3,EPJK,Kerosene-Type Jet Fuel,EEX,Exports,MKJEXP32,Gulf Coast (PADD 3) Exports of Kerosene-Type Jet Fuel (Thousand Barrels per Day),53,MBBL/D
2011-03,R30-Z00,PADD 3,EPJK,Kerosene-Type Jet Fuel,EEX,Exports,MKJEXP31,Gulf Coast (PADD 3) Exports of Kerosene-Type Jet Fuel (Thousand Barrels),1794,MBBL
2011-03,R30-Z00,PADD 3,EPJK,Kerosene-Type Jet Fuel,EEX,Exports,MKJEXP32,Gulf Coast (PADD 3) Exports of Kerosene-Type Jet Fuel (Thousand Barrels per Day),58,MBBL/D
2011-04,R30-Z00,PADD 3,EPJK,Kerosene-Type Jet Fuel,EEX,Exports,MKJEXP31,Gulf Coast (PADD 3) Exports of Kerosene-Type Jet Fuel (Thousand Barrels),2035,MBBL
2011-04,R30-Z00,PADD 3,EPJK,Kerosene-Type Jet Fuel,EEX,Exports,MKJEXP32,Gulf Coast (PADD 3) Exports of Kerosene-Type Jet Fuel (Thousand Barrels per Day),68,MBBL/D
2011-05,R30-Z00,PADD 3,EPJK,Kerosene-Type Jet Fuel,EEX,Exports,MKJEXP31,Gulf Coast (PADD 3) Exports of Kerosene-Type Jet Fuel (Thousand Barrels),763,MBBL
2011-05,R30-Z00,PADD 3,EPJK,Kerosene-Type Jet Fuel,EEX,Exports,MKJEXP32,Gulf Coast (PADD 3) Exports of Kerosene-Type Jet Fuel (Thousand Barrels per Day),25,MBBL/D
2011-06,R30-Z00,PADD 3,EPJK,Kerosene-Type Jet Fuel,EEX,Exports,MKJEXP31,Gulf Coast (PADD 3) Exports of Kerosene-Type Jet Fuel (Thousand Barrels),1233,MBBL
2011-06,R30-Z00,PADD 3,EPJK,Kerosene-Type Jet Fuel,EEX,Exports,MKJEXP32,Gulf Coast (PADD 3) Exports of Kerosene-Type Jet Fuel (Thousand Barrels per Day),41,MBBL/D
2011-07,R30-Z00,PADD 3,EPJK,Kerosene-Type Jet Fuel,EEX,Exports,MKJEXP31,Gulf Coast (PADD 3) Exports of Kerosene-Type Jet Fuel (Thousand Barrels),2285,MBBL
2011-07,R30-Z00,PADD 3,EPJK,Kerosene-Type Jet Fuel,EEX,Exports,MKJEXP32,Gulf Coast (PADD 3) Exports of Kerosene-Type Jet Fuel (Thousand Barrels per Day),74,MBBL/D
2011-08,R30-Z00,PADD 3,EPJK,Kerosene-Type Jet Fuel,EEX,Exports,MKJEXP31,Gulf Coast (PADD 3) Exports of Kerosene-Type Jet Fuel (Thousand Barrels),1242,MBBL
2011-08,R30-Z00,PADD 3,EPJK,Kerosene-Type Jet Fuel,EEX,Exports,MKJEXP32,Gulf Coast (PADD 3) Exports of Kerosene-Type Jet Fuel (Thousand Barrels per Day),40,MBBL/D
2011-09,R30-Z00,PADD 3,EPJK,Kerosene-Type Jet Fuel,EEX,Exports,MKJEXP31,Gulf Coast (PADD 3) Exports of Kerosene-Type Jet Fuel (Thousand Barrels),1380,MBBL
2011-09,R30-Z00,PADD 3,EPJK,Kerosene-Type Jet Fuel,EEX,Exports,MKJEXP32,Gulf Coast (PADD 3) Exports of Kerosene-Type Jet Fuel (Thousand Barrels per Day),46,MBBL/D
2011-10,R30-Z00,PADD 3,EPJK,Kerosene-Type Jet Fuel,EEX,Exports,MKJEXP31,Gulf Coast (PADD 3) Exports of Kerosene-Type Jet Fuel (Thousand Barrels),1742,MBBL
2011-10,R30-Z00,PADD 3,EPJK,Kerosene-Type Jet Fuel,EEX,Exports,MKJEXP32,Gulf Coast (PADD 3) Exports of Kerosene-Type Jet Fuel (Thousand Barrels per Day),56,MBBL/D
2011-11,R30-Z00,PADD 3,EPJK,Kerosene-Type Jet Fuel,EEX,Exports,MKJEXP31,Gulf Coast (PADD 3) Exports of Kerosene-Type Jet Fuel (Thousand Barrels),2412,MBBL
2011-11,R30-Z00,PADD 3,EPJK,Kerosene-Type Jet Fuel,EEX,Exports,MKJEXP32,Gulf Coast (PADD 3) Exports of Kerosene-Type Jet Fuel (Thousand Barrels per Day),80,MBBL/D
2011-12,R30-Z00,PADD 3,EPJK,Kerosene-Type Jet Fuel,EEX,Exports,MKJEXP31,Gulf Coast (PADD 3) Exports of Kerosene-Type Jet Fuel (Thousand Barrels),1930,MBBL
2011-12,R30-Z00,PADD 3,EPJK,Kerosene-Type Jet Fuel,EEX,Exports,MKJEXP32,Gulf Coast (PADD 3) Exports of Kerosene-Type Jet Fuel (Thousand Barrels per Day),62,MBBL/D
2012-01,R30-Z00,PADD 3,EPJK,Kerosene-Type Jet Fuel,EEX,Exports,MKJEXP31,Gulf Coast (PADD 3) Exports of Kerosene-Type Jet Fuel (Thousand Barrels),1702,MBBL
2012-01,R30-Z00,PADD 3,EPJK,Kerosene-Type Jet Fuel,EEX,Exports,MKJEXP32,Gulf Coast (PADD 3) Exports of Kerosene-Type Jet Fuel (Thousand Barrels per Day),55,MBBL/D
2012-02,R30-Z00,PADD 3,EPJK,Kerosene-Type Jet Fuel,EEX,Exports,MKJEXP31,Gulf Coast (PADD 3) Exports of Kerosene-Type Jet Fuel (Thousand Barrels),1853,MBBL
2012-02,R30-Z00,PADD 3,EPJK,Kerosene-Type Jet Fuel,EEX,Exports,MKJEXP32,Gulf Coast (PADD 3) Exports of Kerosene-Type Jet Fuel (Thousand Barrels per Day),64,MBBL/D
2012-03,R30-Z00,PADD 3,EPJK,Kerosene-Type Jet Fuel,EEX,Exports,MKJEXP31,Gulf Coast (PADD 3) Exports of Kerosene-Type Jet Fuel (Thousand Barrels),1391,MBBL
2012-03,R30-Z00,PADD 3,EPJK,Kerosene-Type Jet Fuel,EEX,Exports,MKJEXP32,Gulf Coast (PADD 3) Exports of Kerosene-Type Jet Fuel (Thousand Barrels per Day),45,MBBL/D
2012-04,R30-Z00,PADD 3,EPJK,Kerosene-Type Jet Fuel,EEX,Exports,MKJEXP31,Gulf Coast (PADD 3) Exports of Kerosene-Type Jet Fuel (Thousand Barrels),1491,MBBL
2012-04,R30-Z00,PADD 3,EPJK,Kerosene-Type Jet Fuel,EEX,Exports,MKJEXP32,Gulf Coast (PADD 3) Exports of Kerosene-Type Jet Fuel (Thousand Barrels per Day),50,MBBL/D
2012-05,R30-Z00,PADD 3,EPJK,Kerosene-Type Jet Fuel,EEX,Exports,MKJEXP31,Gulf Coast (PADD 3) Exports of Kerosene-Type Jet Fuel (Thousand Barrels),2616,MBBL
2012-05,R30-Z00,PADD 3,EPJK,Kerosene-Type Jet Fuel,EEX,Exports,MKJEXP32,Gulf Coast (PADD 3) Exports of Kerosene-Type Jet Fuel (Thousand Barrels per Day),84,MBBL/D
2012-06,R30-Z00,PADD 3,EPJK,Kerosene-Type Jet Fuel,EEX,Exports,MKJEXP31,Gulf Coast (PADD 3) Exports of Kerosene-Type Jet Fuel (Thousand Barrels),3269,MBBL
2012-06,R30-Z00,PADD 3,EPJK,Kerosene-Type Jet Fuel,EEX,Exports,MKJEXP32,Gulf Coast (PADD 3) Exports of Kerosene-Type Jet Fuel (Thousand Barrels per Day),109,MBBL/D
2012-07,R30-Z00,PADD 3,EPJK,Kerosene-Type Jet Fuel,EEX,Exports,MKJEXP31,Gulf Coast (PADD 3) Exports of Kerosene-Type Jet Fuel (Thousand Barrels),2920,MBBL
2012-07,R30-Z00,PADD 3,EPJK,Kerosene-Type Jet Fuel,EEX,Exports,MKJEXP32,Gulf Coast (PADD 3) Exports of Kerosene-Type Jet Fuel (Thousand Barrels per Day),94,MBBL/D
2012-08,R30-Z00,PADD 3,EPJK,Kerosene-Type Jet Fuel,EEX,Exports,MKJEXP31,Gulf Coast (PADD 3) Exports of Kerosene-Type Jet Fuel (Thousand Barrels),1194,MBBL
2012-08,R30-Z00,PADD 3,EPJK,Kerosene-Type Jet Fuel,EEX,Exports,MKJEXP32,Gulf Coast (PADD 3) Exports of Kerosene-Type Jet Fuel (Thousand Barrels per Day),39,MBBL/D
2012-09,R30-Z00,PADD 3,EPJK,Kerosene-Type Jet Fuel,EEX,Exports,MKJEXP31,Gulf Coast (PADD 3) Exports of Kerosene-Type Jet Fuel (Thousand Barrels),2620,MBBL
2012-09,R30-Z00,PADD 3,EPJK,Kerosene-Type Jet Fuel,EEX,Exports,MKJEXP32,Gulf Coast (PADD 3) Exports of Kerosene-Type Jet Fuel (Thousand Barrels per Day),87,MBBL/D
2012-10,R30-Z00,PADD 3,EPJK,Kerosene-Type Jet Fuel,EEX,Exports,MKJEXP31,Gulf Coast (PADD 3) Exports of Kerosene-Type Jet Fuel (Thousand Barrels),3588,MBBL
2012-10,R30-Z00,PADD 3,EPJK,Kerosene-Type Jet Fuel,EEX,Exports,MKJEXP32,Gulf Coast (PADD 3) Exports of Kerosene-Type Jet Fuel (Thousand Barrels per Day),116,MBBL/D
2012-11,R30-Z00,PADD 3,EPJK,Kerosene-Type Jet Fuel,EEX,Exports,MKJEXP31,Gulf Coast (PADD 3) Exports of Kerosene-Type Jet Fuel (Thousand Barrels),3564,MBBL
2012-11,R30-Z00,PADD 3,EPJK,Kerosene-Type Jet Fuel,EEX,Exports,MKJEXP32,Gulf Coast (PADD 3) Exports of Kerosene-Type Jet Fuel (Thousand Barrels per Day),119,MBBL/D
2012-12,R30-Z00,PADD 3,EPJK,Kerosene-Type Jet Fuel,EEX,Exports,MKJEXP31,Gulf Coast (PADD 3) Exports of Kerosene-Type Jet Fuel (Thousand Barrels),4815,MBBL
2012-12,R30-Z00,PADD 3,EPJK,Kerosene-Type Jet Fuel,EEX,Exports,MKJEXP32,Gulf Coast (PADD 3) Exports of Kerosene-Type Jet Fuel (Thousand Barrels per Day),155,MBBL/D
2013-01,R30-Z00,PADD 3,EPJK,Kerosene-Type Jet Fuel,EEX,Exports,MKJEXP31,Gulf Coast (PADD 3) Exports of Kerosene-Type Jet Fuel (Thousand Barrels),3756,MBBL
2013-01,R30-Z00,PADD 3,EPJK,Kerosene-Type Jet Fuel,EEX,Exports,MKJEXP32,Gulf Coast (PADD 3) Exports of Kerosene-Type Jet Fuel (Thousand Barrels per Day),121,MBBL/D
2013-02,R30-Z00,PADD 3,EPJK,Kerosene-Type Jet Fuel,EEX,Exports,MKJEXP31,Gulf Coast (PADD 3) Exports of Kerosene-Type Jet Fuel (Thousand Barrels),1506,MBBL
2013-02,R30-Z00,PADD 3,EPJK,Kerosene-Type Jet Fuel,EEX,Exports,MKJEXP32,Gulf Coast (PADD 3) Exports of Kerosene-Type Jet Fuel (Thousand Barrels per Day),54,MBBL/D
2013-03,R30-Z00,PADD 3,EPJK,Kerosene-Type Jet Fuel,EEX,Exports,MKJEXP31,Gulf Coast (PADD 3) Exports of Kerosene-Type Jet Fuel (Thousand Barrels),2604,MBBL
2013-03,R30-Z00,PADD 3,EPJK,Kerosene-Type Jet Fuel,EEX,Exports,MKJEXP32,Gulf Coast (PADD 3) Exports of Kerosene-Type Jet Fuel (Thousand Barrels per Day),84,MBBL/D
2013-04,R30-Z00,PADD 3,EPJK,Kerosene-Type Jet Fuel,EEX,Exports,MKJEXP31,Gulf Coast (PADD 3) Exports of Kerosene-Type Jet Fuel (Thousand Barrels),2740,MBBL
2013-04,R30-Z00,PADD 3,EPJK,Kerosene-Type Jet Fuel,EEX,Exports,MKJEXP32,Gulf Coast (PADD 3) Exports of Kerosene-Type Jet Fuel (Thousand Barrels per Day),91,MBBL/D
2013-05,R30-Z00,PADD 3,EPJK,Kerosene-Type Jet Fuel,EEX,Exports,MKJEXP31,Gulf Coast (PADD 3) Exports of Kerosene-Type Jet Fuel (Thousand Barrels),2882,MBBL
2013-05,R30-Z00,PADD 3,EPJK,Kerosene-Type Jet Fuel,EEX,Exports,MKJEXP32,Gulf Coast (PADD 3) Exports of Kerosene-Type Jet Fuel (Thousand Barrels per Day),93,MBBL/D
2013-06,R30-Z00,PADD 3,EPJK,Kerosene-Type Jet Fuel,EEX,Exports,MKJEXP31,Gulf Coast (PADD 3) Exports of Kerosene-Type Jet Fuel (Thousand Barrels),4298,MBBL
2013-06,R30-Z00,PADD 3,EPJK,Kerosene-Type Jet Fuel,EEX,Exports,MKJEXP32,Gulf Coast (PADD 3) Exports of Kerosene-Type Jet Fuel (Thousand Barrels per Day),143,MBBL/D
2013-07,R30-Z00,PADD 3,EPJK,Kerosene-Type Jet Fuel,EEX,Exports,MKJEXP31,Gulf Coast (PADD 3) Exports of Kerosene-Type Jet Fuel (Thousand Barrels),3501,MBBL
2013-07,R30-Z00,PADD 3,EPJK,Kerosene-Type Jet Fuel,EEX,Exports,MKJEXP32,Gulf Coast (PADD 3) Exports of Kerosene-Type Jet Fuel (Thousand Barrels per Day),113,MBBL/D
2013-08,R30-Z00,PADD 3,EPJK,Kerosene-Type Jet Fuel,EEX,Exports,MKJEXP31,Gulf Coast (PADD 3) Exports of Kerosene-Type Jet Fuel (Thousand Barrels),5111,MBBL
2013-08,R30-Z00,PADD 3,EPJK,Kerosene-Type Jet Fuel,EEX,Exports,MKJEXP32,Gulf Coast (PADD 3) Exports of Kerosene-Type Jet Fuel (Thousand Barrels per Day),165,MBBL/D
2013-09,R30-Z00,PADD 3,EPJK,Kerosene-Type Jet Fuel,EEX,Exports,MKJEXP31,Gulf Coast (PADD 3) Exports of Kerosene-Type Jet Fuel (Thousand Barrels),3019,MBBL
2013-09,R30-Z00,PADD 3,EPJK,Kerosene-Type Jet Fuel,EEX,Exports,MKJEXP32,Gulf Coast (PADD 3) Exports of Kerosene-Type Jet Fuel (Thousand Barrels per Day),101,MBBL/D
2013-10,R30-Z00,PADD 3,EPJK,Kerosene-Type Jet Fuel,EEX,Exports,MKJEXP31,Gulf Coast (PADD 3) Exports of Kerosene-Type Jet Fuel (Thousand Barrels),2687,MBBL
2013-10,R30-Z00,PADD 3,EPJK,Kerosene-Type Jet Fuel,EEX,Exports,MKJEXP32,Gulf Coast (PADD 3) Exports of Kerosene-Type Jet Fuel (Thousand Barrels per Day),87,MBBL/D
2013-11,R30-Z00,PADD 3,EPJK,Kerosene-Type Jet Fuel,EEX,Exports,MKJEXP31,Gulf Coast (PADD 3) Exports of Kerosene-Type Jet Fuel (Thousand Barrels),4607,MBBL
2013-11,R30-Z00,PADD 3,EPJK,Kerosene-Type Jet Fuel,EEX,Exports,MKJEXP32,Gulf Coast (PADD 3) Exports of Kerosene-Type Jet Fuel (Thousand Barrels per Day),154,MBBL/D
2013-12,R30-Z00,PADD 3,EPJK,Kerosene-Type Jet Fuel,EEX,Exports,MKJEXP31,Gulf Coast (PADD 3) Exports of Kerosene-Type Jet Fuel (Thousand Barrels),4592,MBBL
2013-12,R30-Z00,PADD 3,EPJK,Kerosene-Type Jet Fuel,EEX,Exports,MKJEXP32,Gulf Coast (PADD 3) Exports of Kerosene-Type Jet Fuel (Thousand Barrels per Day),148,MBBL/D
2014-01,R30-Z00,PADD 3,EPJK,Kerosene-Type Jet Fuel,EEX,Exports,MKJEXP31,Gulf Coast (PADD 3) Exports of Kerosene-Type Jet Fuel (Thousand Barrels),1887,MBBL
2014-01,R30-Z00,PADD 3,EPJK,Kerosene-Type Jet Fuel,EEX,Exports,MKJEXP32,Gulf Coast (PADD 3) Exports of Kerosene-Type Jet Fuel (Thousand Barrels per Day),61,MBBL/D
2014-02,R30-Z00,PADD 3,EPJK,Kerosene-Type Jet Fuel,EEX,Exports,MKJEXP31,Gulf Coast (PADD 3) Exports of Kerosene-Type Jet Fuel (Thousand Barrels),3418,MBBL
2014-02,R30-Z00,PADD 3,EPJK,Kerosene-Type Jet Fuel,EEX,Exports,MKJEXP32,Gulf Coast (PADD 3) Exports of Kerosene-Type Jet Fuel (Thousand Barrels per Day),122,MBBL/D
2014-03,R30-Z00,PADD 3,EPJK,Kerosene-Type Jet Fuel,EEX,Exports,MKJEXP31,Gulf Coast (PADD 3) Exports of Kerosene-Type Jet Fuel (Thousand Barrels),2579,MBBL
2014-03,R30-Z00,PADD 3,EPJK,Kerosene-Type Jet Fuel,EEX,Exports,MKJEXP32,Gulf Coast (PADD 3) Exports of Kerosene-Type Jet Fuel (Thousand Barrels per Day),83,MBBL/D
2014-04,R30-Z00,PADD 3,EPJK,Kerosene-Type Jet Fuel,EEX,Exports,MKJEXP31,Gulf Coast (PADD 3) Exports of Kerosene-Type Jet Fuel (Thousand Barrels),1925,MBBL
2014-04,R30-Z00,PADD 3,EPJK,Kerosene-Type Jet Fuel,EEX,Exports,MKJEXP32,Gulf Coast (PADD 3) Exports of Kerosene-Type Jet Fuel (Thousand Barrels per Day),64,MBBL/D
2014-05,R30-Z00,PADD 3,EPJK,Kerosene-Type Jet Fuel,EEX,Exports,MKJEXP31,Gulf Coast (PADD 3) Exports of Kerosene-Type Jet Fuel (Thousand Barrels),3748,MBBL
2014-05,R30-Z00,PADD 3,EPJK,Kerosene-Type Jet Fuel,EEX,Exports,MKJEXP32,Gulf Coast (PADD 3) Exports of Kerosene-Type Jet Fuel (Thousand Barrels per Day),121,MBBL/D
2014-06,R30-Z00,PADD 3,EPJK,Kerosene-Type Jet Fuel,EEX,Exports,MKJEXP31,Gulf Coast (PADD 3) Exports of Kerosene-Type Jet Fuel (Thousand Barrels),3437,MBBL
2014-06,R30-Z00,PADD 3,EPJK,Kerosene-Type Jet Fuel,EEX,Exports,MKJEXP32,Gulf Coast (PADD 3) Exports of Kerosene-Type Jet Fuel (Thousand Barrels per Day),115,MBBL/D
2014-07,R30-Z00,PADD 3,EPJK,Kerosene-Type Jet Fuel,EEX,Exports,MKJEXP31,Gulf Coast (PADD 3) Exports of Kerosene-Type Jet Fuel (Thousand Barrels),4467,MBBL
2014-07,R30-Z00,PADD 3,EPJK,Kerosene-Type Jet Fuel,EEX,Exports,MKJEXP32,Gulf Coast (PADD 3) Exports of Kerosene-Type Jet Fuel (Thousand Barrels per Day),144,MBBL/D
2014-08,R30-Z00,PADD 3,EPJK,Kerosene-Type Jet Fuel,EEX,Exports,MKJEXP31,Gulf Coast (PADD 3) Exports of Kerosene-Type Jet Fuel (Thousand Barrels),5232,MBBL
2014-08,R30-Z00,PADD 3,EPJK,Kerosene-Type Jet Fuel,EEX,Exports,MKJEXP32,Gulf Coast (PADD 3) Exports of Kerosene-Type Jet Fuel (Thousand Barrels per Day),169,MBBL/D
2014-09,R30-Z00,PADD 3,EPJK,Kerosene-Type Jet Fuel,EEX,Exports,MKJEXP31,Gulf Coast (PADD 3) Exports of Kerosene-Type Jet Fuel (Thousand Barrels),2613,MBBL
2014-09,R30-Z00,PADD 3,EPJK,Kerosene-Type Jet Fuel,EEX,Exports,MKJEXP32,Gulf Coast (PADD 3) Exports of Kerosene-Type Jet Fuel (Thousand Barrels per Day),87,MBBL/D
2014-10,R30-Z00,PADD 3,EPJK,Kerosene-Type Jet Fuel,EEX,Exports,MKJEXP31,Gulf Coast (PADD 3) Exports of Kerosene-Type Jet Fuel (Thousand Barrels),3595,MBBL
2014-10,R30-Z00,PADD 3,EPJK,Kerosene-Type Jet Fuel,EEX,Exports,MKJEXP32,Gulf Coast (PADD 3) Exports of Kerosene-Type Jet Fuel (Thousand Barrels per Day),116,MBBL/D
2014-11,R30-Z00,PADD 3,EPJK,Kerosene-Type Jet Fuel,EEX,Exports,MKJEXP31,Gulf Coast (PADD 3) Exports of Kerosene-Type Jet Fuel (Thousand Barrels),3927,MBBL
2014-11,R30-Z00,PADD 3,EPJK,Kerosene-Type Jet Fuel,EEX,Exports,MKJEXP32,Gulf Coast (PADD 3) Exports of Kerosene-Type Jet Fuel (Thousand Barrels per Day),131,MBBL/D
2014-12,R30-Z00,PADD 3,EPJK,Kerosene-Type Jet Fuel,EEX,Exports,MKJEXP31,Gulf Coast (PADD 3) Exports of Kerosene-Type Jet Fuel (Thousand Barrels),3166,MBBL
2014-12,R30-Z00,PADD 3,EPJK,Kerosene-Type Jet Fuel,EEX,Exports,MKJEXP32,Gulf Coast (PADD 3) Exports of Kerosene-Type Jet Fuel (Thousand Barrels per Day),102,MBBL/D
2015-01,R30-Z00,PADD 3,EPJK,Kerosene-Type Jet Fuel,EEX,Exports,MKJEXP31,Gulf Coast (PADD 3) Exports of Kerosene-Type Jet Fuel (Thousand Barrels),5821,MBBL
2015-01,R30-Z00,PADD 3,EPJK,Kerosene-Type Jet Fuel,EEX,Exports,MKJEXP32,Gulf Coast (PADD 3) Exports of Kerosene-Type Jet Fuel (Thousand Barrels per Day),188,MBBL/D
2015-02,R30-Z00,PADD 3,EPJK,Kerosene-Type Jet Fuel,EEX,Exports,MKJEXP31,Gulf Coast (PADD 3) Exports of Kerosene-Type Jet Fuel (Thousand Barrels),4019,MBBL
2015-02,R30-Z00,PADD 3,EPJK,Kerosene-Type Jet Fuel,EEX,Exports,MKJEXP32,Gulf Coast (PADD 3) Exports of Kerosene-Type Jet Fuel (Thousand Barrels per Day),144,MBBL/D
2015-03,R30-Z00,PADD 3,EPJK,Kerosene-Type Jet Fuel,EEX,Exports,MKJEXP31,Gulf Coast (PADD 3) Exports of Kerosene-Type Jet Fuel (Thousand Barrels),2723,MBBL
2015-03,R30-Z00,PADD 3,EPJK,Kerosene-Type Jet Fuel,EEX,Exports,MKJEXP32,Gulf Coast (PADD 3) Exports of Kerosene-Type Jet Fuel (Thousand Barrels per Day),88,MBBL/D
2015-04,R30-Z00,PADD 3,EPJK,Kerosene-Type Jet Fuel,EEX,Exports,MKJEXP31,Gulf Coast (PADD 3) Exports of Kerosene-Type Jet Fuel (Thousand Barrels),3936,MBBL
2015-04,R30-Z00,PADD 3,EPJK,Kerosene-Type Jet Fuel,EEX,Exports,MKJEXP32,Gulf Coast (PADD 3) Exports of Kerosene-Type Jet Fuel (Thousand Barrels per Day),131,MBBL/D
2015-05,R30-Z00,PADD 3,EPJK,Kerosene-Type Jet Fuel,EEX,Exports,MKJEXP31,Gulf Coast (PADD 3) Exports of Kerosene-Type Jet Fuel (Thousand Barrels),2843,MBBL
2015-05,R30-Z00,PADD 3,EPJK,Kerosene-Type Jet Fuel,EEX,Exports,MKJEXP32,Gulf Coast (PADD 3) Exports of Kerosene-Type Jet Fuel (Thousand Barrels per Day),92,MBBL/D
2015-06,R30-Z00,PADD 3,EPJK,Kerosene-Type Jet Fuel,EEX,Exports,MKJEXP31,Gulf Coast (PADD 3) Exports of Kerosene-Type Jet Fuel (Thousand Barrels),3275,MBBL
2015-06,R30-Z00,PADD 3,EPJK,Kerosene-Type Jet Fuel,EEX,Exports,MKJEXP32,Gulf Coast (PADD 3) Exports of Kerosene-Type Jet Fuel (Thousand Barrels per Day),109,MBBL/D
2015-07,R30-Z00,PADD 3,EPJK,Kerosene-Type Jet Fuel,EEX,Exports,MKJEXP31,Gulf Coast (PADD 3) Exports of Kerosene-Type Jet Fuel (Thousand Barrels),3943,MBBL
2015-07,R30-Z00,PADD 3,EPJK,Kerosene-Type Jet Fuel,EEX,Exports,MKJEXP32,Gulf Coast (PADD 3) Exports of Kerosene-Type Jet Fuel (Thousand Barrels per Day),127,MBBL/D
2015-08,R30-Z00,PADD 3,EPJK,Kerosene-Type Jet Fuel,EEX,Exports,MKJEXP31,Gulf Coast (PADD 3) Exports of Kerosene-Type Jet Fuel (Thousand Barrels),3969,MBBL
2015-08,R30-Z00,PADD 3,EPJK,Kerosene-Type Jet Fuel,EEX,Exports,MKJEXP32,Gulf Coast (PADD 3) Exports of Kerosene-Type Jet Fuel (Thousand Barrels per Day),128,MBBL/D
2015-09,R30-Z00,PADD 3,EPJK,Kerosene-Type Jet Fuel,EEX,Exports,MKJEXP31,Gulf Coast (PADD 3) Exports of Kerosene-Type Jet Fuel (Thousand Barrels),4135,MBBL
2015-09,R30-Z00,PADD 3,EPJK,Kerosene-Type Jet Fuel,EEX,Exports,MKJEXP32,Gulf Coast (PADD 3) Exports of Kerosene-Type Jet Fuel (Thousand Barrels per Day),138,MBBL/D
2015-10,R30-Z00,PADD 3,EPJK,Kerosene-Type Jet Fuel,EEX,Exports,MKJEXP31,Gulf Coast (PADD 3) Exports of Kerosene-Type Jet Fuel (Thousand Barrels),2402,MBBL
2015-10,R30-Z00,PADD 3,EPJK,Kerosene-Type Jet Fuel,EEX,Exports,MKJEXP32,Gulf Coast (PADD 3) Exports of Kerosene-Type Jet Fuel (Thousand Barrels per Day),77,MBBL/D
2015-11,R30-Z00,PADD 3,EPJK,Kerosene-Type Jet Fuel,EEX,Exports,MKJEXP31,Gulf Coast (PADD 3) Exports of Kerosene-Type Jet Fuel (Thousand Barrels),3638,MBBL
2015-11,R30-Z00,PADD 3,EPJK,Kerosene-Type Jet Fuel,EEX,Exports,MKJEXP32,Gulf Coast (PADD 3) Exports of Kerosene-Type Jet Fuel (Thousand Barrels per Day),121,MBBL/D
2015-12,R30-Z00,PADD 3,EPJK,Kerosene-Type Jet Fuel,EEX,Exports,MKJEXP31,Gulf Coast (PADD 3) Exports of Kerosene-Type Jet Fuel (Thousand Barrels),3046,MBBL
2015-12,R30-Z00,PADD 3,EPJK,Kerosene-Type Jet Fuel,EEX,Exports,MKJEXP32,Gulf Coast (PADD 3) Exports of Kerosene-Type Jet Fuel (Thousand Barrels per Day),98,MBBL/D
2016-01,R30-Z00,PADD 3,EPJK,Kerosene-Type Jet Fuel,EEX,Exports,MKJEXP31,Gulf Coast (PADD 3) Exports of Kerosene-Type Jet Fuel (Thousand Barrels),4978,MBBL
2016-01,R30-Z00,PADD 3,EPJK,Kerosene-Type Jet Fuel,EEX,Exports,MKJEXP32,Gulf Coast (PADD 3) Exports of Kerosene-Type Jet Fuel (Thousand Barrels per Day),161,MBBL/D
2016-02,R30-Z00,PADD 3,EPJK,Kerosene-Type Jet Fuel,EEX,Exports,MKJEXP31,Gulf Coast (PADD 3) Exports of Kerosene-Type Jet Fuel (Thousand Barrels),3733,MBBL
2016-02,R30-Z00,PADD 3,EPJK,Kerosene-Type Jet Fuel,EEX,Exports,MKJEXP32,Gulf Coast (PADD 3) Exports of Kerosene-Type Jet Fuel (Thousand Barrels per Day),129,MBBL/D
2016-03,R30-Z00,PADD 3,EPJK,Kerosene-Type Jet Fuel,EEX,Exports,MKJEXP31,Gulf Coast (PADD 3) Exports of Kerosene-Type Jet Fuel (Thousand Barrels),3233,MBBL
2016-03,R30-Z00,PADD 3,EPJK,Kerosene-Type Jet Fuel,EEX,Exports,MKJEXP32,Gulf Coast (PADD 3) Exports of Kerosene-Type Jet Fuel (Thousand Barrels per Day),104,MBBL/D
2016-04,R30-Z00,PADD 3,EPJK,Kerosene-Type Jet Fuel,EEX,Exports,MKJEXP31,Gulf Coast (PADD 3) Exports of Kerosene-Type Jet Fuel (Thousand Barrels),4086,MBBL
2016-04,R30-Z00,PADD 3,EPJK,Kerosene-Type Jet Fuel,EEX,Exports,MKJEXP32,Gulf Coast (PADD 3) Exports of Kerosene-Type Jet Fuel (Thousand Barrels per Day),136,MBBL/D
2016-05,R30-Z00,PADD 3,EPJK,Kerosene-Type Jet Fuel,EEX,Exports,MKJEXP31,Gulf Coast (PADD 3) Exports of Kerosene-Type Jet Fuel (Thousand Barrels),4666,MBBL
2016-05,R30-Z00,PADD 3,EPJK,Kerosene-Type Jet Fuel,EEX,Exports,MKJEXP32,Gulf Coast (PADD 3) Exports of Kerosene-Type Jet Fuel (Thousand Barrels per Day),151,MBBL/D
2016-06,R30-Z00,PADD 3,EPJK,Kerosene-Type Jet Fuel,EEX,Exports,MKJEXP31,Gulf Coast (PADD 3) Exports of Kerosene-Type Jet Fuel (Thousand Barrels),4261,MBBL
2016-06,R30-Z00,PADD 3,EPJK,Kerosene-Type Jet Fuel,EEX,Exports,MKJEXP32,Gulf Coast (PADD 3) Exports of Kerosene-Type Jet Fuel (Thousand Barrels per Day),142,MBBL/D
2016-07,R30-Z00,PADD 3,EPJK,Kerosene-Type Jet Fuel,EEX,Exports,MKJEXP31,Gulf Coast (PADD 3) Exports of Kerosene-Type Jet Fuel (Thousand Barrels),3666,MBBL
2016-07,R30-Z00,PADD 3,EPJK,Kerosene-Type Jet Fuel,EEX,Exports,MKJEXP32,Gulf Coast (PADD 3) Exports of Kerosene-Type Jet Fuel (Thousand Barrels per Day),118,MBBL/D
2016-08,R30-Z00,PADD 3,EPJK,Kerosene-Type Jet Fuel,EEX,Exports,MKJEXP31,Gulf Coast (PADD 3) Exports of Kerosene-Type Jet Fuel (Thousand Barrels),4910,MBBL
2016-08,R30-Z00,PADD 3,EPJK,Kerosene-Type Jet Fuel,EEX,Exports,MKJEXP32,Gulf Coast (PADD 3) Exports of Kerosene-Type Jet Fuel (Thousand Barrels per Day),158,MBBL/D
2016-09,R30-Z00,PADD 3,EPJK,Kerosene-Type Jet Fuel,EEX,Exports,MKJEXP31,Gulf Coast (PADD 3) Exports of Kerosene-Type Jet Fuel (Thousand Barrels),3959,MBBL
2016-09,R30-Z00,PADD 3,EPJK,Kerosene-Type Jet Fuel,EEX,Exports,MKJEXP32,Gulf Coast (PADD 3) Exports of Kerosene-Type Jet Fuel (Thousand Barrels per Day),132,MBBL/D
2016-10,R30-Z00,PADD 3,EPJK,Kerosene-Type Jet Fuel,EEX,Exports,MKJEXP31,Gulf Coast (PADD 3) Exports of Kerosene-Type Jet Fuel (Thousand Barrels),3133,MBBL
2016-10,R30-Z00,PADD 3,EPJK,Kerosene-Type Jet Fuel,EEX,Exports,MKJEXP32,Gulf Coast (PADD 3) Exports of Kerosene-Type Jet Fuel (Thousand Barrels per Day),101,MBBL/D
2016-11,R30-Z00,PADD 3,EPJK,Kerosene-Type Jet Fuel,EEX,Exports,MKJEXP31,Gulf Coast (PADD 3) Exports of Kerosene-Type Jet Fuel (Thousand Barrels),4295,MBBL
2016-11,R30-Z00,PADD 3,EPJK,Kerosene-Type Jet Fuel,EEX,Exports,MKJEXP32,Gulf Coast (PADD 3) Exports of Kerosene-Type Jet Fuel (Thousand Barrels per Day),143,MBBL/D
2016-12,R30-Z00,PADD 3,EPJK,Kerosene-Type Jet Fuel,EEX,Exports,MKJEXP31,Gulf Coast (PADD 3) Exports of Kerosene-Type Jet Fuel (Thousand Barrels),5010,MBBL
2016-12,R30-Z00,PADD 3,EPJK,Kerosene-Type Jet Fuel,EEX,Exports,MKJEXP32,Gulf Coast (PADD 3) Exports of Kerosene-Type Jet Fuel (Thousand Barrels per Day),162,MBBL/D
2017-01,R30-Z00,PADD 3,EPJK,Kerosene-Type Jet Fuel,EEX,Exports,MKJEXP31,Gulf Coast (PADD 3) Exports of Kerosene-Type Jet Fuel (Thousand Barrels),3742,MBBL
2017-01,R30-Z00,PADD 3,EPJK,Kerosene-Type Jet Fuel,EEX,Exports,MKJEXP32,Gulf Coast (PADD 3) Exports of Kerosene-Type Jet Fuel (Thousand Barrels per Day),121,MBBL/D
2017-02,R30-Z00,PADD 3,EPJK,Kerosene-Type Jet Fuel,EEX,Exports,MKJEXP31,Gulf Coast (PADD 3) Exports of Kerosene-Type Jet Fuel (Thousand Barrels),4007,MBBL
2017-02,R30-Z00,PADD 3,EPJK,Kerosene-Type Jet Fuel,EEX,Exports,MKJEXP32,Gulf Coast (PADD 3) Exports of Kerosene-Type Jet Fuel (Thousand Barrels per Day),143,MBBL/D
2017-03,R30-Z00,PADD 3,EPJK,Kerosene-Type Jet Fuel,EEX,Exports,MKJEXP31,Gulf Coast (PADD 3) Exports of Kerosene-Type Jet Fuel (Thousand Barrels),4405,MBBL
2017-03,R30-Z00,PADD 3,EPJK,Kerosene-Type Jet Fuel,EEX,Exports,MKJEXP32,Gulf Coast (PADD 3) Exports of Kerosene-Type Jet Fuel (Thousand Barrels per Day),142,MBBL/D
2017-04,R30-Z00,PADD 3,EPJK,Kerosene-Type Jet Fuel,EEX,Exports,MKJEXP31,Gulf Coast (PADD 3) Exports of Kerosene-Type Jet Fuel (Thousand Barrels),4898,MBBL
2017-04,R30-Z00,PADD 3,EPJK,Kerosene-Type Jet Fuel,EEX,Exports,MKJEXP32,Gulf Coast (PADD 3) Exports of Kerosene-Type Jet Fuel (Thousand Barrels per Day),163,MBBL/D
2017-05,R30-Z00,PADD 3,EPJK,Kerosene-Type Jet Fuel,EEX,Exports,MKJEXP31,Gulf Coast (PADD 3) Exports of Kerosene-Type Jet Fuel (Thousand Barrels),4147,MBBL
2017-05,R30-Z00,PADD 3,EPJK,Kerosene-Type Jet Fuel,EEX,Exports,MKJEXP32,Gulf Coast (PADD 3) Exports of Kerosene-Type Jet Fuel (Thousand Barrels per Day),134,MBBL/D
2017-06,R30-Z00,PADD 3,EPJK,Kerosene-Type Jet Fuel,EEX,Exports,MKJEXP31,Gulf Coast (PADD 3) Exports of Kerosene-Type Jet Fuel (Thousand Barrels),5853,MBBL
2017-06,R30-Z00,PADD 3,EPJK,Kerosene-Type Jet Fuel,EEX,Exports,MKJEXP32,Gulf Coast (PADD 3) Exports of Kerosene-Type Jet Fuel (Thousand Barrels per Day),195,MBBL/D
2017-07,R30-Z00,PADD 3,EPJK,Kerosene-Type Jet Fuel,EEX,Exports,MKJEXP31,Gulf Coast (PADD 3) Exports of Kerosene-Type Jet Fuel (Thousand Barrels),5156,MBBL
2017-07,R30-Z00,PADD 3,EPJK,Kerosene-Type Jet Fuel,EEX,Exports,MKJEXP32,Gulf Coast (PADD 3) Exports of Kerosene-Type Jet Fuel (Thousand Barrels per Day),166,MBBL/D
2017-08,R30-Z00,PADD 3,EPJK,Kerosene-Type Jet Fuel,EEX,Exports,MKJEXP31,Gulf Coast (PADD 3) Exports of Kerosene-Type Jet Fuel (Thousand Barrels),4344,MBBL
2017-08,R30-Z00,PADD 3,EPJK,Kerosene-Type Jet Fuel,EEX,Exports,MKJEXP32,Gulf Coast (PADD 3) Exports of Kerosene-Type Jet Fuel (Thousand Barrels per Day),140,MBBL/D
2017-09,R30-Z00,PADD 3,EPJK,Kerosene-Type Jet Fuel,EEX,Exports,MKJEXP31,Gulf Coast (PADD 3) Exports of Kerosene-Type Jet Fuel (Thousand Barrels),2635,MBBL
2017-09,R30-Z00,PADD 3,EPJK,Kerosene-Type Jet Fuel,EEX,Exports,MKJEXP32,Gulf Coast (PADD 3) Exports of Kerosene-Type Jet Fuel (Thousand Barrels per Day),88,MBBL/D
2017-10,R30-Z00,PADD 3,EPJK,Kerosene-Type Jet Fuel,EEX,Exports,MKJEXP31,Gulf Coast (PADD 3) Exports of Kerosene-Type Jet Fuel (Thousand Barrels),4090,MBBL
2017-10,R30-Z00,PADD 3,EPJK,Kerosene-Type Jet Fuel,EEX,Exports,MKJEXP32,Gulf Coast (PADD 3) Exports of Kerosene-Type Jet Fuel (Thousand Barrels per Day),132,MBBL/D
2017-11,R30-Z00,PADD 3,EPJK,Kerosene-Type Jet Fuel,EEX,Exports,MKJEXP31,Gulf Coast (PADD 3) Exports of Kerosene-Type Jet Fuel (Thousand Barrels),4890,MBBL
2017-11,R30-Z00,PADD 3,EPJK,Kerosene-Type Jet Fuel,EEX,Exports,MKJEXP32,Gulf Coast (PADD 3) Exports of Kerosene-Type Jet Fuel (Thousand Barrels per Day),163,MBBL/D
2017-12,R30-Z00,PADD 3,EPJK,Kerosene-Type Jet Fuel,EEX,Exports,MKJEXP31,Gulf Coast (PADD 3) Exports of Kerosene-Type Jet Fuel (Thousand Barrels),4439,MBBL
2017-12,R30-Z00,PADD 3,EPJK,Kerosene-Type Jet Fuel,EEX,Exports,MKJEXP32,Gulf Coast (PADD 3) Exports of Kerosene-Type Jet Fuel (Thousand Barrels per Day),143,MBBL/D
2018-01,R30-Z00,PADD 3,EPJK,Kerosene-Type Jet Fuel,EEX,Exports,MKJEXP31,Gulf Coast (PADD 3) Exports of Kerosene-Type Jet Fuel (Thousand Barrels),4931,MBBL
2018-01,R30-Z00,PADD 3,EPJK,Kerosene-Type Jet Fuel,EEX,Exports,MKJEXP32,Gulf Coast (PADD 3) Exports of Kerosene-Type Jet Fuel (Thousand Barrels per Day),159,MBBL/D
2018-02,R30-Z00,PADD 3,EPJK,Kerosene-Type Jet Fuel,EEX,Exports,MKJEXP31,Gulf Coast (PADD 3) Exports of Kerosene-Type Jet Fuel (Thousand Barrels),4031,MBBL
2018-02,R30-Z00,PADD 3,EPJK,Kerosene-Type Jet Fuel,EEX,Exports,MKJEXP32,Gulf Coast (PADD 3) Exports of Kerosene-Type Jet Fuel (Thousand Barrels per Day),144,MBBL/D
2018-03,R30-Z00,PADD 3,EPJK,Kerosene-Type Jet Fuel,EEX,Exports,MKJEXP31,Gulf Coast (PADD 3) Exports of Kerosene-Type Jet Fuel (Thousand Barrels),6278,MBBL
2018-03,R30-Z00,PADD 3,EPJK,Kerosene-Type Jet Fuel,EEX,Exports,MKJEXP32,Gulf Coast (PADD 3) Exports of Kerosene-Type Jet Fuel (Thousand Barrels per Day),203,MBBL/D
2018-04,R30-Z00,PADD 3,EPJK,Kerosene-Type Jet Fuel,EEX,Exports,MKJEXP31,Gulf Coast (PADD 3) Exports of Kerosene-Type Jet Fuel (Thousand Barrels),5357,MBBL
2018-04,R30-Z00,PADD 3,EPJK,Kerosene-Type Jet Fuel,EEX,Exports,MKJEXP32,Gulf Coast (PADD 3) Exports of Kerosene-Type Jet Fuel (Thousand Barrels per Day),179,MBBL/D
2018-05,R30-Z00,PADD 3,EPJK,Kerosene-Type Jet Fuel,EEX,Exports,MKJEXP31,Gulf Coast (PADD 3) Exports of Kerosene-Type Jet Fuel (Thousand Barrels),5958,MBBL
2018-05,R30-Z00,PADD 3,EPJK,Kerosene-Type Jet Fuel,EEX,Exports,MKJEXP32,Gulf Coast (PADD 3) Exports of Kerosene-Type Jet Fuel (Thousand Barrels per Day),192,MBBL/D
2018-06,R30-Z00,PADD 3,EPJK,Kerosene-Type Jet Fuel,EEX,Exports,MKJEXP31,Gulf Coast (PADD 3) Exports of Kerosene-Type Jet Fuel (Thousand Barrels),5817,MBBL
2018-06,R30-Z00,PADD 3,EPJK,Kerosene-Type Jet Fuel,EEX,Exports,MKJEXP32,Gulf Coast (PADD 3) Exports of Kerosene-Type Jet Fuel (Thousand Barrels per Day),194,MBBL/D
2018-07,R30-Z00,PADD 3,EPJK,Kerosene-Type Jet Fuel,EEX,Exports,MKJEXP31,Gulf Coast (PADD 3) Exports of Kerosene-Type Jet Fuel (Thousand Barrels),7011,MBBL
2018-07,R30-Z00,PADD 3,EPJK,Kerosene-Type Jet Fuel,EEX,Exports,MKJEXP32,Gulf Coast (PADD 3) Exports of Kerosene-Type Jet Fuel (Thousand Barrels per Day),226,MBBL/D
2018-08,R30-Z00,PADD 3,EPJK,Kerosene-Type Jet Fuel,EEX,Exports,MKJEXP31,Gulf Coast (PADD 3) Exports of Kerosene-Type Jet Fuel (Thousand Barrels),5849,MBBL
2018-08,R30-Z00,PADD 3,EPJK,Kerosene-Type Jet Fuel,EEX,Exports,MKJEXP32,Gulf Coast (PADD 3) Exports of Kerosene-Type Jet Fuel (Thousand Barrels per Day),189,MBBL/D
2018-09,R30-Z00,PADD 3,EPJK,Kerosene-Type Jet Fuel,EEX,Exports,MKJEXP31,Gulf Coast (PADD 3) Exports of Kerosene-Type Jet Fuel (Thousand Barrels),3613,MBBL
2018-09,R30-Z00,PADD 3,EPJK,Kerosene-Type Jet Fuel,EEX,Exports,MKJEXP32,Gulf Coast (PADD 3) Exports of Kerosene-Type Jet Fuel (Thousand Barrels per Day),120,MBBL/D
2018-10,R30-Z00,PADD 3,EPJK,Kerosene-Type Jet Fuel,EEX,Exports,MKJEXP31,Gulf Coast (PADD 3) Exports of Kerosene-Type Jet Fuel (Thousand Barrels),6803,MBBL
2018-10,R30-Z00,PADD 3,EPJK,Kerosene-Type Jet Fuel,EEX,Exports,MKJEXP32,Gulf Coast (PADD 3) Exports of Kerosene-Type Jet Fuel (Thousand Barrels per Day),219,MBBL/D
2018-11,R30-Z00,PADD 3,EPJK,Kerosene-Type Jet Fuel,EEX,Exports,MKJEXP31,Gulf Coast (PADD 3) Exports of Kerosene-Type Jet Fuel (Thousand Barrels),4950,MBBL
2018-11,R30-Z00,PADD 3,EPJK,Kerosene-Type Jet Fuel,EEX,Exports,MKJEXP32,Gulf Coast (PADD 3) Exports of Kerosene-Type Jet Fuel (Thousand Barrels per Day),165,MBBL/D
2018-12,R30-Z00,PADD 3,EPJK,Kerosene-Type Jet Fuel,EEX,Exports,MKJEXP31,Gulf Coast (PADD 3) Exports of Kerosene-Type Jet Fuel (Thousand Barrels),5034,MBBL
2018-12,R30-Z00,PADD 3,EPJK,Kerosene-Type Jet Fuel,EEX,Exports,MKJEXP32,Gulf Coast (PADD 3) Exports of Kerosene-Type Jet Fuel (Thousand Barrels per Day),162,MBBL/D
2019-01,R30-Z00,PADD 3,EPJK,Kerosene-Type Jet Fuel,EEX,Exports,MKJEXP31,Gulf Coast (PADD 3) Exports of Kerosene-Type Jet Fuel (Thousand Barrels),6875,MBBL
2019-01,R30-Z00,PADD 3,EPJK,Kerosene-Type Jet Fuel,EEX,Exports,MKJEXP32,Gulf Coast (PADD 3) Exports of Kerosene-Type Jet Fuel (Thousand Barrels per Day),222,MBBL/D
2019-02,R30-Z00,PADD 3,EPJK,Kerosene-Type Jet Fuel,EEX,Exports,MKJEXP31,Gulf Coast (PADD 3) Exports of Kerosene-Type Jet Fuel (Thousand Barrels),4137,MBBL
2019-02,R30-Z00,PADD 3,EPJK,Kerosene-Type Jet Fuel,EEX,Exports,MKJEXP32,Gulf Coast (PADD 3) Exports of Kerosene-Type Jet Fuel (Thousand Barrels per Day),148,MBBL/D
2019-03,R30-Z00,PADD 3,EPJK,Kerosene-Type Jet Fuel,EEX,Exports,MKJEXP31,Gulf Coast (PADD 3) Exports of Kerosene-Type Jet Fuel (Thousand Barrels),4022,MBBL
2019-03,R30-Z00,PADD 3,EPJK,Kerosene-Type Jet Fuel,EEX,Exports,MKJEXP32,Gulf Coast (PADD 3) Exports of Kerosene-Type Jet Fuel (Thousand Barrels per Day),130,MBBL/D
2019-04,R30-Z00,PADD 3,EPJK,Kerosene-Type Jet Fuel,EEX,Exports,MKJEXP31,Gulf Coast (PADD 3) Exports of Kerosene-Type Jet Fuel (Thousand Barrels),4473,MBBL
2019-04,R30-Z00,PADD 3,EPJK,Kerosene-Type Jet Fuel,EEX,Exports,MKJEXP32,Gulf Coast (PADD 3) Exports of Kerosene-Type Jet Fuel (Thousand Barrels per Day),149,MBBL/D
2019-05,R30-Z00,PADD 3,EPJK,Kerosene-Type Jet Fuel,EEX,Exports,MKJEXP31,Gulf Coast (PADD 3) Exports of Kerosene-Type Jet Fuel (Thousand Barrels),4836,MBBL
2019-05,R30-Z00,PADD 3,EPJK,Kerosene-Type Jet Fuel,EEX,Exports,MKJEXP32,Gulf Coast (PADD 3) Exports of Kerosene-Type Jet Fuel (Thousand Barrels per Day),156,MBBL/D
2019-06,R30-Z00,PADD 3,EPJK,Kerosene-Type Jet Fuel,EEX,Exports,MKJEXP31,Gulf Coast (PADD 3) Exports of Kerosene-Type Jet Fuel (Thousand Barrels),5109,MBBL
2019-06,R30-Z00,PADD 3,EPJK,Kerosene-Type Jet Fuel,EEX,Exports,MKJEXP32,Gulf Coast (PADD 3) Exports of Kerosene-Type Jet Fuel (Thousand Barrels per Day),170,MBBL/D
2019-07,R30-Z00,PADD 3,EPJK,Kerosene-Type Jet Fuel,EEX,Exports,MKJEXP31,Gulf Coast (PADD 3) Exports of Kerosene-Type Jet Fuel (Thousand Barrels),5025,MBBL
2019-07,R30-Z00,PADD 3,EPJK,Kerosene-Type Jet Fuel,EEX,Exports,MKJEXP32,Gulf Coast (PADD 3) Exports of Kerosene-Type Jet Fuel (Thousand Barrels per Day),162,MBBL/D
2019-08,R30-Z00,PADD 3,EPJK,Kerosene-Type Jet Fuel,EEX,Exports,MKJEXP31,Gulf Coast (PADD 3) Exports of Kerosene-Type Jet Fuel (Thousand Barrels),6831,MBBL
2019-08,R30-Z00,PADD 3,EPJK,Kerosene-Type Jet Fuel,EEX,Exports,MKJEXP32,Gulf Coast (PADD 3) Exports of Kerosene-Type Jet Fuel (Thousand Barrels per Day),220,MBBL/D
2019-09,R30-Z00,PADD 3,EPJK,Kerosene-Type Jet Fuel,EEX,Exports,MKJEXP31,Gulf Coast (PADD 3) Exports of Kerosene-Type Jet Fuel (Thousand Barrels),5656,MBBL
2019-09,R30-Z00,PADD 3,EPJK,Kerosene-Type Jet Fuel,EEX,Exports,MKJEXP32,Gulf Coast (PADD 3) Exports of Kerosene-Type Jet Fuel (Thousand Barrels per Day),189,MBBL/D
2019-10,R30-Z00,PADD 3,EPJK,Kerosene-Type Jet Fuel,EEX,Exports,MKJEXP31,Gulf Coast (PADD 3) Exports of Kerosene-Type Jet Fuel (Thousand Barrels),5118,MBBL
2019-10,R30-Z00,PADD 3,EPJK,Kerosene-Type Jet Fuel,EEX,Exports,MKJEXP32,Gulf Coast (PADD 3) Exports of Kerosene-Type Jet Fuel (Thousand Barrels per Day),165,MBBL/D
2019-11,R30-Z00,PADD 3,EPJK,Kerosene-Type Jet Fuel,EEX,Exports,MKJEXP31,Gulf Coast (PADD 3) Exports of Kerosene-Type Jet Fuel (Thousand Barrels),5032,MBBL
2019-11,R30-Z00,PADD 3,EPJK,Kerosene-Type Jet Fuel,EEX,Exports,MKJEXP32,Gulf Coast (PADD 3) Exports of Kerosene-Type Jet Fuel (Thousand Barrels per Day),168,MBBL/D
2019-12,R30-Z00,PADD 3,EPJK,Kerosene-Type Jet Fuel,EEX,Exports,MKJEXP31,Gulf Coast (PADD 3) Exports of Kerosene-Type Jet Fuel (Thousand Barrels),5684,MBBL
2019-12,R30-Z00,PADD 3,EPJK,Kerosene-Type Jet Fuel,EEX,Exports,MKJEXP32,Gulf Coast (PADD 3) Exports of Kerosene-Type Jet Fuel (Thousand Barrels per Day),183,MBBL/D
2020-01,R30-Z00,PADD 3,EPJK,Kerosene-Type Jet Fuel,EEX,Exports,MKJEXP31,Gulf Coast (PADD 3) Exports of Kerosene-Type Jet Fuel (Thousand Barrels),5013,MBBL
2020-01,R30-Z00,PADD 3,EPJK,Kerosene-Type Jet Fuel,EEX,Exports,MKJEXP32,Gulf Coast (PADD 3) Exports of Kerosene-Type Jet Fuel (Thousand Barrels per Day),162,MBBL/D
2020-02,R30-Z00,PADD 3,EPJK,Kerosene-Type Jet Fuel,EEX,Exports,MKJEXP31,Gulf Coast (PADD 3) Exports of Kerosene-Type Jet Fuel (Thousand Barrels),5932,MBBL
2020-02,R30-Z00,PADD 3,EPJK,Kerosene-Type Jet Fuel,EEX,Exports,MKJEXP32,Gulf Coast (PADD 3) Exports of Kerosene-Type Jet Fuel (Thousand Barrels per Day),205,MBBL/D
2020-03,R30-Z00,PADD 3,EPJK,Kerosene-Type Jet Fuel,EEX,Exports,MKJEXP31,Gulf Coast (PADD 3) Exports of Kerosene-Type Jet Fuel (Thousand Barrels),4926,MBBL
2020-03,R30-Z00,PADD 3,EPJK,Kerosene-Type Jet Fuel,EEX,Exports,MKJEXP32,Gulf Coast (PADD 3) Exports of Kerosene-Type Jet Fuel (Thousand Barrels per Day),159,MBBL/D
2020-04,R30-Z00,PADD 3,EPJK,Kerosene-Type Jet Fuel,EEX,Exports,MKJEXP31,Gulf Coast (PADD 3) Exports of Kerosene-Type Jet Fuel (Thousand Barrels),1943,MBBL
2020-04,R30-Z00,PADD 3,EPJK,Kerosene-Type Jet Fuel,EEX,Exports,MKJEXP32,Gulf Coast (PADD 3) Exports of Kerosene-Type Jet Fuel (Thousand Barrels per Day),65,MBBL/D
2020-05,R30-Z00,PADD 3,EPJK,Kerosene-Type Jet Fuel,EEX,Exports,MKJEXP31,Gulf Coast (PADD 3) Exports of Kerosene-Type Jet Fuel (Thousand Barrels),573,MBBL
2020-05,R30-Z00,PADD 3,EPJK,Kerosene-Type Jet Fuel,EEX,Exports,MKJEXP32,Gulf Coast (PADD 3) Exports of Kerosene-Type Jet Fuel (Thousand Barrels per Day),18,MBBL/D
2020-06,R30-Z00,PADD 3,EPJK,Kerosene-Type Jet Fuel,EEX,Exports,MKJEXP31,Gulf Coast (PADD 3) Exports of Kerosene-Type Jet Fuel (Thousand Barrels),1074,MBBL
2020-06,R30-Z00,PADD 3,EPJK,Kerosene-Type Jet Fuel,EEX,Exports,MKJEXP32,Gulf Coast (PADD 3) Exports of Kerosene-Type Jet Fuel (Thousand Barrels per Day),36,MBBL/D
2020-07,R30-Z00,PADD 3,EPJK,Kerosene-Type Jet Fuel,EEX,Exports,MKJEXP31,Gulf Coast (PADD 3) Exports of Kerosene-Type Jet Fuel (Thousand Barrels),1480,MBBL
2020-07,R30-Z00,PADD 3,EPJK,Kerosene-Type Jet Fuel,EEX,Exports,MKJEXP32,Gulf Coast (PADD 3) Exports of Kerosene-Type Jet Fuel (Thousand Barrels per Day),48,MBBL/D
2020-08,R30-Z00,PADD 3,EPJK,Kerosene-Type Jet Fuel,EEX,Exports,MKJEXP31,Gulf Coast (PADD 3) Exports of Kerosene-Type Jet Fuel (Thousand Barrels),652,MBBL
2020-08,R30-Z00,PADD 3,EPJK,Kerosene-Type Jet Fuel,EEX,Exports,MKJEXP32,Gulf Coast (PADD 3) Exports of Kerosene-Type Jet Fuel (Thousand Barrels per Day),21,MBBL/D
2020-09,R30-Z00,PADD 3,EPJK,Kerosene-Type Jet Fuel,EEX,Exports,MKJEXP31,Gulf Coast (PADD 3) Exports of Kerosene-Type Jet Fuel (Thousand Barrels),1100,MBBL
2020-09,R30-Z00,PADD 3,EPJK,Kerosene-Type Jet Fuel,EEX,Exports,MKJEXP32,Gulf Coast (PADD 3) Exports of Kerosene-Type Jet Fuel (Thousand Barrels per Day),37,MBBL/D
2020-10,R30-Z00,PADD 3,EPJK,Kerosene-Type Jet Fuel,EEX,Exports,MKJEXP31,Gulf Coast (PADD 3) Exports of Kerosene-Type Jet Fuel (Thousand Barrels),1065,MBBL
2020-10,R30-Z00,PADD 3,EPJK,Kerosene-Type Jet Fuel,EEX,Exports,MKJEXP32,Gulf Coast (PADD 3) Exports of Kerosene-Type Jet Fuel (Thousand Barrels per Day),34,MBBL/D
2020-11,R30-Z00,PADD 3,EPJK,Kerosene-Type Jet Fuel,EEX,Exports,MKJEXP31,Gulf Coast (PADD 3) Exports of Kerosene-Type Jet Fuel (Thousand Barrels),1870,MBBL
2020-11,R30-Z00,PADD 3,EPJK,Kerosene-Type Jet Fuel,EEX,Exports,MKJEXP32,Gulf Coast (PADD 3) Exports of Kerosene-Type Jet Fuel (Thousand Barrels per Day),62,MBBL/D
2020-12,R30-Z00,PADD 3,EPJK,Kerosene-Type Jet Fuel,EEX,Exports,MKJEXP31,Gulf Coast (PADD 3) Exports of Kerosene-Type Jet Fuel (Thousand Barrels),2072,MBBL
2020-12,R30-Z00,PADD 3,EPJK,Kerosene-Type Jet Fuel,EEX,Exports,MKJEXP32,Gulf Coast (PADD 3) Exports of Kerosene-Type Jet Fuel (Thousand Barrels per Day),67,MBBL/D
2021-01,R30-Z00,PADD 3,EPJK,Kerosene-Type Jet Fuel,EEX,Exports,MKJEXP31,Gulf Coast (PADD 3) Exports of Kerosene-Type Jet Fuel (Thousand Barrels),2521,MBBL
2021-01,R30-Z00,PADD 3,EPJK,Kerosene-Type Jet Fuel,EEX,Exports,MKJEXP32,Gulf Coast (PADD 3) Exports of Kerosene-Type Jet Fuel (Thousand Barrels per Day),81,MBBL/D
2021-02,R30-Z00,PADD 3,EPJK,Kerosene-Type Jet Fuel,EEX,Exports,MKJEXP31,Gulf Coast (PADD 3) Exports of Kerosene-Type Jet Fuel (Thousand Barrels),1409,MBBL
2021-02,R30-Z00,PADD 3,EPJK,Kerosene-Type Jet Fuel,EEX,Exports,MKJEXP32,Gulf Coast (PADD 3) Exports of Kerosene-Type Jet Fuel (Thousand Barrels per Day),50,MBBL/D
2021-03,R30-Z00,PADD 3,EPJK,Kerosene-Type Jet Fuel,EEX,Exports,MKJEXP31,Gulf Coast (PADD 3) Exports of Kerosene-Type Jet Fuel (Thousand Barrels),1517,MBBL
2021-03,R30-Z00,PADD 3,EPJK,Kerosene-Type Jet Fuel,EEX,Exports,MKJEXP32,Gulf Coast (PADD 3) Exports of Kerosene-Type Jet Fuel (Thousand Barrels per Day),49,MBBL/D
2021-04,R30-Z00,PADD 3,EPJK,Kerosene-Type Jet Fuel,EEX,Exports,MKJEXP31,Gulf Coast (PADD 3) Exports of Kerosene-Type Jet Fuel (Thousand Barrels),1319,MBBL
2021-04,R30-Z00,PADD 3,EPJK,Kerosene-Type Jet Fuel,EEX,Exports,MKJEXP32,Gulf Coast (PADD 3) Exports of Kerosene-Type Jet Fuel (Thousand Barrels per Day),44,MBBL/D
2021-05,R30-Z00,PADD 3,EPJK,Kerosene-Type Jet Fuel,EEX,Exports,MKJEXP31,Gulf Coast (PADD 3) Exports of Kerosene-Type Jet Fuel (Thousand Barrels),2678,MBBL
2021-05,R30-Z00,PADD 3,EPJK,Kerosene-Type Jet Fuel,EEX,Exports,MKJEXP32,Gulf Coast (PADD 3) Exports of Kerosene-Type Jet Fuel (Thousand Barrels per Day),86,MBBL/D
2021-06,R30-Z00,PADD 3,EPJK,Kerosene-Type Jet Fuel,EEX,Exports,MKJEXP31,Gulf Coast (PADD 3) Exports of Kerosene-Type Jet Fuel (Thousand Barrels),1870,MBBL
2021-06,R30-Z00,PADD 3,EPJK,Kerosene-Type Jet Fuel,EEX,Exports,MKJEXP32,Gulf Coast (PADD 3) Exports of Kerosene-Type Jet Fuel (Thousand Barrels per Day),62,MBBL/D
2021-07,R30-Z00,PADD 3,EPJK,Kerosene-Type Jet Fuel,EEX,Exports,MKJEXP31,Gulf Coast (PADD 3) Exports of Kerosene-Type Jet Fuel (Thousand Barrels),2102,MBBL
2021-07,R30-Z00,PADD 3,EPJK,Kerosene-Type Jet Fuel,EEX,Exports,MKJEXP32,Gulf Coast (PADD 3) Exports of Kerosene-Type Jet Fuel (Thousand Barrels per Day),68,MBBL/D
2021-08,R30-Z00,PADD 3,EPJK,Kerosene-Type Jet Fuel,EEX,Exports,MKJEXP31,Gulf Coast (PADD 3) Exports of Kerosene-Type Jet Fuel (Thousand Barrels),3767,MBBL
2021-08,R30-Z00,PADD 3,EPJK,Kerosene-Type Jet Fuel,EEX,Exports,MKJEXP32,Gulf Coast (PADD 3) Exports of Kerosene-Type Jet Fuel (Thousand Barrels per Day),122,MBBL/D
2021-09,R30-Z00,PADD 3,EPJK,Kerosene-Type Jet Fuel,EEX,Exports,MKJEXP31,Gulf Coast (PADD 3) Exports of Kerosene-Type Jet Fuel (Thousand Barrels),2803,MBBL
2021-09,R30-Z00,PADD 3,EPJK,Kerosene-Type Jet Fuel,EEX,Exports,MKJEXP32,Gulf Coast (PADD 3) Exports of Kerosene-Type Jet Fuel (Thousand Barrels per Day),93,MBBL/D
2021-10,R30-Z00,PADD 3,EPJK,Kerosene-Type Jet Fuel,EEX,Exports,MKJEXP31,Gulf Coast (PADD 3) Exports of Kerosene-Type Jet Fuel (Thousand Barrels),3084,MBBL
2021-10,R30-Z00,PADD 3,EPJK,Kerosene-Type Jet Fuel,EEX,Exports,MKJEXP32,Gulf Coast (PADD 3) Exports of Kerosene-Type Jet Fuel (Thousand Barrels per Day),99,MBBL/D
2021-11,R30-Z00,PADD 3,EPJK,Kerosene-Type Jet Fuel,EEX,Exports,MKJEXP31,Gulf Coast (PADD 3) Exports of Kerosene-Type Jet Fuel (Thousand Barrels),3622,MBBL
2021-11,R30-Z00,PADD 3,EPJK,Kerosene-Type Jet Fuel,EEX,Exports,MKJEXP32,Gulf Coast (PADD 3) Exports of Kerosene-Type Jet Fuel (Thousand Barrels per Day),121,MBBL/D
2021-12,R30-Z00,PADD 3,EPJK,Kerosene-Type Jet Fuel,EEX,Exports,MKJEXP31,Gulf Coast (PADD 3) Exports of Kerosene-Type Jet Fuel (Thousand Barrels),4236,MBBL
2021-12,R30-Z00,PADD 3,EPJK,Kerosene-Type Jet Fuel,EEX,Exports,MKJEXP32,Gulf Coast (PADD 3) Exports of Kerosene-Type Jet Fuel (Thousand Barrels per Day),137,MBBL/D
2022-01,R30-Z00,PADD 3,EPJK,Kerosene-Type Jet Fuel,EEX,Exports,MKJEXP31,Gulf Coast (PADD 3) Exports of Kerosene-Type Jet Fuel (Thousand Barrels),3801,MBBL
2022-01,R30-Z00,PADD 3,EPJK,Kerosene-Type Jet Fuel,EEX,Exports,MKJEXP32,Gulf Coast (PADD 3) Exports of Kerosene-Type Jet Fuel (Thousand Barrels per Day),123,MBBL/D
2022-02,R30-Z00,PADD 3,EPJK,Kerosene-Type Jet Fuel,EEX,Exports,MKJEXP31,Gulf Coast (PADD 3) Exports of Kerosene-Type Jet Fuel (Thousand Barrels),3743,MBBL
2022-02,R30-Z00,PADD 3,EPJK,Kerosene-Type Jet Fuel,EEX,Exports,MKJEXP32,Gulf Coast (PADD 3) Exports of Kerosene-Type Jet Fuel (Thousand Barrels per Day),134,MBBL/D
2022-03,R30-Z00,PADD 3,EPJK,Kerosene-Type Jet Fuel,EEX,Exports,MKJEXP31,Gulf Coast (PADD 3) Exports of Kerosene-Type Jet Fuel (Thousand Barrels),4738,MBBL
2022-03,R30-Z00,PADD 3,EPJK,Kerosene-Type Jet Fuel,EEX,Exports,MKJEXP32,Gulf Coast (PADD 3) Exports of Kerosene-Type Jet Fuel (Thousand Barrels per Day),153,MBBL/D
2022-04,R30-Z00,PADD 3,EPJK,Kerosene-Type Jet Fuel,EEX,Exports,MKJEXP31,Gulf Coast (PADD 3) Exports of Kerosene-Type Jet Fuel (Thousand Barrels),5500,MBBL
2022-04,R30-Z00,PADD 3,EPJK,Kerosene-Type Jet Fuel,EEX,Exports,MKJEXP32,Gulf Coast (PADD 3) Exports of Kerosene-Type Jet Fuel (Thousand Barrels per Day),183,MBBL/D
2022-05,R30-Z00,PADD 3,EPJK,Kerosene-Type Jet Fuel,EEX,Exports,MKJEXP31,Gulf Coast (PADD 3) Exports of Kerosene-Type Jet Fuel (Thousand Barrels),4061,MBBL
2022-05,R30-Z00,PADD 3,EPJK,Kerosene-Type Jet Fuel,EEX,Exports,MKJEXP32,Gulf Coast (PADD 3) Exports of Kerosene-Type Jet Fuel (Thousand Barrels per Day),131,MBBL/D
2022-06,R30-Z00,PADD 3,EPJK,Kerosene-Type Jet Fuel,EEX,Exports,MKJEXP31,Gulf Coast (PADD 3) Exports of Kerosene-Type Jet Fuel (Thousand Barrels),5259,MBBL
2022-06,R30-Z00,PADD 3,EPJK,Kerosene-Type Jet Fuel,EEX,Exports,MKJEXP32,Gulf Coast (PADD 3) Exports of Kerosene-Type Jet Fuel (Thousand Barrels per Day),175,MBBL/D
2022-07,R30-Z00,PADD 3,EPJK,Kerosene-Type Jet Fuel,EEX,Exports,MKJEXP31,Gulf Coast (PADD 3) Exports of Kerosene-Type Jet Fuel (Thousand Barrels),5339,MBBL
2022-07,R30-Z00,PADD 3,EPJK,Kerosene-Type Jet Fuel,EEX,Exports,MKJEXP32,Gulf Coast (PADD 3) Exports of Kerosene-Type Jet Fuel (Thousand Barrels per Day),172,MBBL/D
2022-08,R30-Z00,PADD 3,EPJK,Kerosene-Type Jet Fuel,EEX,Exports,MKJEXP31,Gulf Coast (PADD 3) Exports of Kerosene-Type Jet Fuel (Thousand Barrels),5579,MBBL
2022-08,R30-Z00,PADD 3,EPJK,Kerosene-Type Jet Fuel,EEX,Exports,MKJEXP32,Gulf Coast (PADD 3) Exports of Kerosene-Type Jet Fuel (Thousand Barrels per Day),180,MBBL/D
2022-09,R30-Z00,PADD 3,EPJK,Kerosene-Type Jet Fuel,EEX,Exports,MKJEXP31,Gulf Coast (PADD 3) Exports of Kerosene-Type Jet Fuel (Thousand Barrels),6018,MBBL
2022-09,R30-Z00,PADD 3,EPJK,Kerosene-Type Jet Fuel,EEX,Exports,MKJEXP32,Gulf Coast (PADD 3) Exports of Kerosene-Type Jet Fuel (Thousand Barrels per Day),201,MBBL/D
2022-10,R30-Z00,PADD 3,EPJK,Kerosene-Type Jet Fuel,EEX,Exports,MKJEXP31,Gulf Coast (PADD 3) Exports of Kerosene-Type Jet Fuel (Thousand Barrels),3830,MBBL
2022-10,R30-Z00,PADD 3,EPJK,Kerosene-Type Jet Fuel,EEX,Exports,MKJEXP32,Gulf Coast (PADD 3) Exports of Kerosene-Type Jet Fuel (Thousand Barrels per Day),124,MBBL/D
2022-11,R30-Z00,PADD 3,EPJK,Kerosene-Type Jet Fuel,EEX,Exports,MKJEXP31,Gulf Coast (PADD 3) Exports of Kerosene-Type Jet Fuel (Thousand Barrels),4232,MBBL
2022-11,R30-Z00,PADD 3,EPJK,Kerosene-Type Jet Fuel,EEX,Exports,MKJEXP32,Gulf Coast (PADD 3) Exports of Kerosene-Type Jet Fuel (Thousand Barrels per Day),141,MBBL/D
2022-12,R30-Z00,PADD 3,EPJK,Kerosene-Type Jet Fuel,EEX,Exports,MKJEXP31,Gulf Coast (PADD 3) Exports of Kerosene-Type Jet Fuel (Thousand Barrels),4130,MBBL
2022-12,R30-Z00,PADD 3,EPJK,Kerosene-Type Jet Fuel,EEX,Exports,MKJEXP32,Gulf Coast (PADD 3) Exports of Kerosene-Type Jet Fuel (Thousand Barrels per Day),133,MBBL/D
2023-01,R30-Z00,PADD 3,EPJK,Kerosene-Type Jet Fuel,EEX,Exports,MKJEXP31,Gulf Coast (PADD 3) Exports of Kerosene-Type Jet Fuel (Thousand Barrels),4789,MBBL
2023-01,R30-Z00,PADD 3,EPJK,Kerosene-Type Jet Fuel,EEX,Exports,MKJEXP32,Gulf Coast (PADD 3) Exports of Kerosene-Type Jet Fuel (Thousand Barrels per Day),154,MBBL/D
2023-02,R30-Z00,PADD 3,EPJK,Kerosene-Type Jet Fuel,EEX,Exports,MKJEXP31,Gulf Coast (PADD 3) Exports of Kerosene-Type Jet Fuel (Thousand Barrels),3800,MBBL
2023-02,R30-Z00,PADD 3,EPJK,Kerosene-Type Jet Fuel,EEX,Exports,MKJEXP32,Gulf Coast (PADD 3) Exports of Kerosene-Type Jet Fuel (Thousand Barrels per Day),136,MBBL/D
2023-03,R30-Z00,PADD 3,EPJK,Kerosene-Type Jet Fuel,EEX,Exports,MKJEXP31,Gulf Coast (PADD 3) Exports of Kerosene-Type Jet Fuel (Thousand Barrels),5112,MBBL
2023-03,R30-Z00,PADD 3,EPJK,Kerosene-Type Jet Fuel,EEX,Exports,MKJEXP32,Gulf Coast (PADD 3) Exports of Kerosene-Type Jet Fuel (Thousand Barrels per Day),165,MBBL/D
2023-04,R30-Z00,PADD 3,EPJK,Kerosene-Type Jet Fuel,EEX,Exports,MKJEXP31,Gulf Coast (PADD 3) Exports of Kerosene-Type Jet Fuel (Thousand Barrels),3286,MBBL
2023-04,R30-Z00,PADD 3,EPJK,Kerosene-Type Jet Fuel,EEX,Exports,MKJEXP32,Gulf Coast (PADD 3) Exports of Kerosene-Type Jet Fuel (Thousand Barrels per Day),110,MBBL/D
2023-05,R30-Z00,PADD 3,EPJK,Kerosene-Type Jet Fuel,EEX,Exports,MKJEXP31,Gulf Coast (PADD 3) Exports of Kerosene-Type Jet Fuel (Thousand Barrels),3477,MBBL
2023-05,R30-Z00,PADD 3,EPJK,Kerosene-Type Jet Fuel,EEX,Exports,MKJEXP32,Gulf Coast (PADD 3) Exports of Kerosene-Type Jet Fuel (Thousand Barrels per Day),112,MBBL/D
2023-06,R30-Z00,PADD 3,EPJK,Kerosene-Type Jet Fuel,EEX,Exports,MKJEXP31,Gulf Coast (PADD 3) Exports of Kerosene-Type Jet Fuel (Thousand Barrels),3752,MBBL
2023-06,R30-Z00,PADD 3,EPJK,Kerosene-Type Jet Fuel,EEX,Exports,MKJEXP32,Gulf Coast (PADD 3) Exports of Kerosene-Type Jet Fuel (Thousand Barrels per Day),125,MBBL/D
2023-07,R30-Z00,PADD 3,EPJK,Kerosene-Type Jet Fuel,EEX,Exports,MKJEXP31,Gulf Coast (PADD 3) Exports of Kerosene-Type Jet Fuel (Thousand Barrels),4045,MBBL
2023-07,R30-Z00,PADD 3,EPJK,Kerosene-Type Jet Fuel,EEX,Exports,MKJEXP32,Gulf Coast (PADD 3) Exports of Kerosene-Type Jet Fuel (Thousand Barrels per Day),130,MBBL/D
2023-08,R30-Z00,PADD 3,EPJK,Kerosene-Type Jet Fuel,EEX,Exports,MKJEXP31,Gulf Coast (PADD 3) Exports of Kerosene-Type Jet Fuel (Thousand Barrels),5442,MBBL
2023-08,R30-Z00,PADD 3,EPJK,Kerosene-Type Jet Fuel,EEX,Exports,MKJEXP32,Gulf Coast (PADD 3) Exports of Kerosene-Type Jet Fuel (Thousand Barrels per Day),176,MBBL/D
2023-09,R30-Z00,PADD 3,EPJK,Kerosene-Type Jet Fuel,EEX,Exports,MKJEXP31,Gulf Coast (PADD 3) Exports of Kerosene-Type Jet Fuel (Thousand Barrels),3327,MBBL
2023-09,R30-Z00,PADD 3,EPJK,Kerosene-Type Jet Fuel,EEX,Exports,MKJEXP32,Gulf Coast (PADD 3) Exports of Kerosene-Type Jet Fuel (Thousand Barrels per Day),111,MBBL/D
2023-10,R30-Z00,PADD 3,EPJK,Kerosene-Type Jet Fuel,EEX,Exports,MKJEXP31,Gulf Coast (PADD 3) Exports of Kerosene-Type Jet Fuel (Thousand Barrels),3768,MBBL
2023-10,R30-Z00,PADD 3,EPJK,Kerosene-Type Jet Fuel,EEX,Exports,MKJEXP32,Gulf Coast (PADD 3) Exports of Kerosene-Type Jet Fuel (Thousand Barrels per Day),122,MBBL/D
2023-11,R30-Z00,PADD 3,EPJK,Kerosene-Type Jet Fuel,EEX,Exports,MKJEXP31,Gulf Coast (PADD 3) Exports of Kerosene-Type Jet Fuel (Thousand Barrels),4454,MBBL
2023-11,R30-Z00,PADD 3,EPJK,Kerosene-Type Jet Fuel,EEX,Exports,MKJEXP32,Gulf Coast (PADD 3) Exports of Kerosene-Type Jet Fuel (Thousand Barrels per Day),148,MBBL/D
2023-12,R30-Z00,PADD 3,EPJK,Kerosene-Type Jet Fuel,EEX,Exports,MKJEXP31,Gulf Coast (PADD 3) Exports of Kerosene-Type Jet Fuel (Thousand Barrels),7081,MBBL
2023-12,R30-Z00,PADD 3,EPJK,Kerosene-Type Jet Fuel,EEX,Exports,MKJEXP32,Gulf Coast (PADD 3) Exports of Kerosene-Type Jet Fuel (Thousand Barrels per Day),228,MBBL/D
2024-01,R30-Z00,PADD 3,EPJK,Kerosene-Type Jet Fuel,EEX,Exports,MKJEXP31,Gulf Coast (PADD 3) Exports of Kerosene-Type Jet Fuel (Thousand Barrels),5140,MBBL
2024-01,R30-Z00,PADD 3,EPJK,Kerosene-Type Jet Fuel,EEX,Exports,MKJEXP32,Gulf Coast (PADD 3) Exports of Kerosene-Type Jet Fuel (Thousand Barrels per Day),166,MBBL/D
2024-02,R30-Z00,PADD 3,EPJK,Kerosene-Type Jet Fuel,EEX,Exports,MKJEXP31,Gulf Coast (PADD 3) Exports of Kerosene-Type Jet Fuel (Thousand Barrels),5535,MBBL
2024-02,R30-Z00,PADD 3,EPJK,Kerosene-Type Jet Fuel,EEX,Exports,MKJEXP32,Gulf Coast (PADD 3) Exports of Kerosene-Type Jet Fuel (Thousand Barrels per Day),191,MBBL/D
2024-03,R30-Z00,PADD 3,EPJK,Kerosene-Type Jet Fuel,EEX,Exports,MKJEXP31,Gulf Coast (PADD 3) Exports of Kerosene-Type Jet Fuel (Thousand Barrels),4330,MBBL
2024-03,R30-Z00,PADD 3,EPJK,Kerosene-Type Jet Fuel,EEX,Exports,MKJEXP32,Gulf Coast (PADD 3) Exports of Kerosene-Type Jet Fuel (Thousand Barrels per Day),140,MBBL/D
2024-04,R30-Z00,PADD 3,EPJK,Kerosene-Type Jet Fuel,EEX,Exports,MKJEXP31,Gulf Coast (PADD 3) Exports of Kerosene-Type Jet Fuel (Thousand Barrels),5303,MBBL
2024-04,R30-Z00,PADD 3,EPJK,Kerosene-Type Jet Fuel,EEX,Exports,MKJEXP32,Gulf Coast (PADD 3) Exports of Kerosene-Type Jet Fuel (Thousand Barrels per Day),177,MBBL/D
2024-05,R30-Z00,PADD 3,EPJK,Kerosene-Type Jet Fuel,EEX,Exports,MKJEXP31,Gulf Coast (PADD 3) Exports of Kerosene-Type Jet Fuel (Thousand Barrels),4112,MBBL
2024-05,R30-Z00,PADD 3,EPJK,Kerosene-Type Jet Fuel,EEX,Exports,MKJEXP32,Gulf Coast (PADD 3) Exports of Kerosene-Type Jet Fuel (Thousand Barrels per Day),133,MBBL/D
2024-06,R30-Z00,PADD 3,EPJK,Kerosene-Type Jet Fuel,EEX,Exports,MKJEXP31,Gulf Coast (PADD 3) Exports of Kerosene-Type Jet Fuel (Thousand Barrels),5741,MBBL
2024-06,R30-Z00,PADD 3,EPJK,Kerosene-Type Jet Fuel,EEX,Exports,MKJEXP32,Gulf Coast (PADD 3) Exports of Kerosene-Type Jet Fuel (Thousand Barrels per Day),191,MBBL/D
2024-07,R30-Z00,PADD 3,EPJK,Kerosene-Type Jet Fuel,EEX,Exports,MKJEXP31,Gulf Coast (PADD 3) Exports of Kerosene-Type Jet Fuel (Thousand Barrels),4555,MBBL
2024-07,R30-Z00,PADD 3,EPJK,Kerosene-Type Jet Fuel,EEX,Exports,MKJEXP32,Gulf Coast (PADD 3) Exports of Kerosene-Type Jet Fuel (Thousand Barrels per Day),147,MBBL/D
2024-08,R30-Z00,PADD 3,EPJK,Kerosene-Type Jet Fuel,EEX,Exports,MKJEXP31,Gulf Coast (PADD 3) Exports of Kerosene-Type Jet Fuel (Thousand Barrels),5831,MBBL
2024-08,R30-Z00,PADD 3,EPJK,Kerosene-Type Jet Fuel,EEX,Exports,MKJEXP32,Gulf Coast (PADD 3) Exports of Kerosene-Type Jet Fuel (Thousand Barrels per Day),188,MBBL/D
2024-09,R30-Z00,PADD 3,EPJK,Kerosene-Type Jet Fuel,EEX,Exports,MKJEXP31,Gulf Coast (PADD 3) Exports of Kerosene-Type Jet Fuel (Thousand Barrels),5165,MBBL
2024-09,R30-Z00,PADD 3,EPJK,Kerosene-Type Jet Fuel,EEX,Exports,MKJEXP32,Gulf Coast (PADD 3) Exports of Kerosene-Type Jet Fuel (Thousand Barrels per Day),172,MBBL/D
2024-10,R30-Z00,PADD 3,EPJK,Kerosene-Type Jet Fuel,EEX,Exports,MKJEXP31,Gulf Coast (PADD 3) Exports of Kerosene-Type Jet Fuel (Thousand Barrels),5867,MBBL
2024-10,R30-Z00,PADD 3,EPJK,Kerosene-Type Jet Fuel,EEX,Exports,MKJEXP32,Gulf Coast (PADD 3) Exports of Kerosene-Type Jet Fuel (Thousand Barrels per Day),189,MBBL/D
2024-11,R30-Z00,PADD 3,EPJK,Kerosene-Type Jet Fuel,EEX,Exports,MKJEXP31,Gulf Coast (PADD 3) Exports of Kerosene-Type Jet Fuel (Thousand Barrels),6203,MBBL
2024-11,R30-Z00,PADD 3,EPJK,Kerosene-Type Jet Fuel,EEX,Exports,MKJEXP32,Gulf Coast (PADD 3) Exports of Kerosene-Type Jet Fuel (Thousand Barrels per Day),207,MBBL/D
2024-12,R30-Z00,PADD 3,EPJK,Kerosene-Type Jet Fuel,EEX,Exports,MKJEXP31,Gulf Coast (PADD 3) Exports of Kerosene-Type Jet Fuel (Thousand Barrels),6217,MBBL
2024-12,R30-Z00,PADD 3,EPJK,Kerosene-Type Jet Fuel,EEX,Exports,MKJEXP32,Gulf Coast (PADD 3) Exports of Kerosene-Type Jet Fuel (Thousand Barrels per Day),201,MBBL/D
2025-01,R30-Z00,PADD 3,EPJK,Kerosene-Type Jet Fuel,EEX,Exports,MKJEXP31,Gulf Coast (PADD 3) Exports of Kerosene-Type Jet Fuel (Thousand Barrels),5753,MBBL
2025-01,R30-Z00,PADD 3,EPJK,Kerosene-Type Jet Fuel,EEX,Exports,MKJEXP32,Gulf Coast (PADD 3) Exports of Kerosene-Type Jet Fuel (Thousand Barrels per Day),186,MBBL/D
2025-02,R30-Z00,PADD 3,EPJK,Kerosene-Type Jet Fuel,EEX,Exports,MKJEXP31,Gulf Coast (PADD 3) Exports of Kerosene-Type Jet Fuel (Thousand Barrels),4290,MBBL
2025-02,R30-Z00,PADD 3,EPJK,Kerosene-Type Jet Fuel,EEX,Exports,MKJEXP32,Gulf Coast (PADD 3) Exports of Kerosene-Type Jet Fuel (Thousand Barrels per Day),153,MBBL/D
2025-03,R30-Z00,PADD 3,EPJK,Kerosene-Type Jet Fuel,EEX,Exports,MKJEXP31,Gulf Coast (PADD 3) Exports of Kerosene-Type Jet Fuel (Thousand Barrels),6938,MBBL
2025-03,R30-Z00,PADD 3,EPJK,Kerosene-Type Jet Fuel,EEX,Exports,MKJEXP32,Gulf Coast (PADD 3) Exports of Kerosene-Type Jet Fuel (Thousand Barrels per Day),224,MBBL/D
2025-04,R30-Z00,PADD 3,EPJK,Kerosene-Type Jet Fuel,EEX,Exports,MKJEXP31,Gulf Coast (PADD 3) Exports of Kerosene-Type Jet Fuel (Thousand Barrels),5215,MBBL
2025-04,R30-Z00,PADD 3,EPJK,Kerosene-Type Jet Fuel,EEX,Exports,MKJEXP32,Gulf Coast (PADD 3) Exports of Kerosene-Type Jet Fuel (Thousand Barrels per Day),174,MBBL/D
2025-05,R30-Z00,PADD 3,EPJK,Kerosene-Type Jet Fuel,EEX,Exports,MKJEXP31,Gulf Coast (PADD 3) Exports of Kerosene-Type Jet Fuel (Thousand Barrels),5629,MBBL
2025-05,R30-Z00,PADD 3,EPJK,Kerosene-Type Jet Fuel,EEX,Exports,MKJEXP32,Gulf Coast (PADD 3) Exports of Kerosene-Type Jet Fuel (Thousand Barrels per Day),182,MBBL/D
2025-06,R30-Z00,PADD 3,EPJK,Kerosene-Type Jet Fuel,EEX,Exports,MKJEXP31,Gulf Coast (PADD 3) Exports of Kerosene-Type Jet Fuel (Thousand Barrels),6938,MBBL
2025-06,R30-Z00,PADD 3,EPJK,Kerosene-Type Jet Fuel,EEX,Exports,MKJEXP32,Gulf Coast (PADD 3) Exports of Kerosene-Type Jet Fuel (Thousand Barrels per Day),231,MBBL/D
2025-07,R30-Z00,PADD 3,EPJK,Kerosene-Type Jet Fuel,EEX,Exports,MKJEXP31,Gulf Coast (PADD 3) Exports of Kerosene-Type Jet Fuel (Thousand Barrels),5124,MBBL
2025-07,R30-Z00,PADD 3,EPJK,Kerosene-Type Jet Fuel,EEX,Exports,MKJEXP32,Gulf Coast (PADD 3) Exports of Kerosene-Type Jet Fuel (Thousand Barrels per Day),165,MBBL/D
2025-08,R30-Z00,PADD 3,EPJK,Kerosene-Type Jet Fuel,EEX,Exports,MKJEXP31,Gulf Coast (PADD 3) Exports of Kerosene-Type Jet Fuel (Thousand Barrels),5648,MBBL
2025-08,R30-Z00,PADD 3,EPJK,Kerosene-Type Jet Fuel,EEX,Exports,MKJEXP32,Gulf Coast (PADD 3) Exports of Kerosene-Type Jet Fuel (Thousand Barrels per Day),182,MBBL/D
2025-09,R30-Z00,PADD 3,EPJK,Kerosene-Type Jet Fuel,EEX,Exports,MKJEXP31,Gulf Coast (PADD 3) Exports of Kerosene-Type Jet Fuel (Thousand Barrels),6049,MBBL
2025-09,R30-Z00,PADD 3,EPJK,Kerosene-Type Jet Fuel,EEX,Exports,MKJEXP32,Gulf Coast (PADD 3) Exports of Kerosene-Type Jet Fuel (Thousand Barrels per Day),202,MBBL/D
2025-10,R30-Z00,PADD 3,EPJK,Kerosene-Type Jet Fuel,EEX,Exports,MKJEXP31,Gulf Coast (PADD 3) Exports of Kerosene-Type Jet Fuel (Thousand Barrels),3970,MBBL
2025-10,R30-Z00,PADD 3,EPJK,Kerosene-Type Jet Fuel,EEX,Exports,MKJEXP32,Gulf Coast (PADD 3) Exports of Kerosene-Type Jet Fuel (Thousand Barrels per Day),128,MBBL/D
2025-11,R30-Z00,PADD 3,EPJK,Kerosene-Type Jet Fuel,EEX,Exports,MKJEXP31,Gulf Coast (PADD 3) Exports of Kerosene-Type Jet Fuel (Thousand Barrels),5007,MBBL
2025-11,R30-Z00,PADD 3,EPJK,Kerosene-Type Jet Fuel,EEX,Exports,MKJEXP32,Gulf Coast (PADD 3) Exports of Kerosene-Type Jet Fuel (Thousand Barrels per Day),167,MBBL/D
2025-12,R30-Z00,PADD 3,EPJK,Kerosene-Type Jet Fuel,EEX,Exports,MKJEXP31,Gulf Coast (PADD 3) Exports of Kerosene-Type Jet Fuel (Thousand Barrels),7873,MBBL
2025-12,R30-Z00,PADD 3,EPJK,Kerosene-Type Jet Fuel,EEX,Exports,MKJEXP32,Gulf Coast (PADD 3) Exports of Kerosene-Type Jet Fuel (Thousand Barrels per Day),254,MBBL/D
2026-01,R30-Z00,PADD 3,EPJK,Kerosene-Type Jet Fuel,EEX,Exports,MKJEXP31,Gulf Coast (PADD 3) Exports of Kerosene-Type Jet Fuel (Thousand Barrels),7001,MBBL
2026-01,R30-Z00,PADD 3,EPJK,Kerosene-Type Jet Fuel,EEX,Exports,MKJEXP32,Gulf Coast (PADD 3) Exports of Kerosene-Type Jet Fuel (Thousand Barrels per Day),226,MBBL/D
2026-02,R30-Z00,PADD 3,EPJK,Kerosene-Type Jet Fuel,EEX,Exports,MKJEXP31,Gulf Coast (PADD 3) Exports of Kerosene-Type Jet Fuel (Thousand Barrels),5638,MBBL
2026-02,R30-Z00,PADD 3,EPJK,Kerosene-Type Jet Fuel,EEX,Exports,MKJEXP32,Gulf Coast (PADD 3) Exports of Kerosene-Type Jet Fuel (Thousand Barrels per Day),201,MBBL/D
2026-03,R30-Z00,PADD 3,EPJK,Kerosene-Type Jet Fuel,EEX,Exports,MKJEXP31,Gulf Coast (PADD 3) Exports of Kerosene-Type Jet Fuel (Thousand Barrels),9341,MBBL
2026-03,R30-Z00,PADD 3,EPJK,Kerosene-Type Jet Fuel,EEX,Exports,MKJEXP32,Gulf Coast (PADD 3) Exports of Kerosene-Type Jet Fuel (Thousand Barrels per Day),301,MBBL/D
2026-04,R30-Z00,PADD 3,EPJK,Kerosene-Type Jet Fuel,EEX,Exports,MKJEXP31,Gulf Coast (PADD 3) Exports of Kerosene-Type Jet Fuel (Thousand Barrels),8139,MBBL
2026-04,R30-Z00,PADD 3,EPJK,Kerosene-Type Jet Fuel,EEX,Exports,MKJEXP32,Gulf Coast (PADD 3) Exports of Kerosene-Type Jet Fuel (Thousand Barrels per Day),271,MBBL/D
2026-05,R30-Z00,PADD 3,EPJK,Kerosene-Type Jet Fuel,EEX,Exports,MKJEXP31,Gulf Coast (PADD 3) Exports of Kerosene-Type Jet Fuel (Thousand Barrels),9535,MBBL
2026-05,R30-Z00,PADD 3,EPJK,Kerosene-Type Jet Fuel,EEX,Exports,MKJEXP32,Gulf Coast (PADD 3) Exports of Kerosene-Type Jet Fuel (Thousand Barrels per Day),308,MBBL/D
2026-06,R30-Z00,PADD 3,EPJK,Kerosene-Type Jet Fuel,EEX,Exports,MKJEXP31,Gulf Coast (PADD 3) Exports of Kerosene-Type Jet Fuel (Thousand Barrels),9637,MBBL
2026-06,R30-Z00,PADD 3,EPJK,Kerosene-Type Jet Fuel,EEX,Exports,MKJEXP32,Gulf Coast (PADD 3) Exports of Kerosene-Type Jet Fuel (Thousand Barrels per Day),321,MBBL/D
