period,duoarea,area-name,product,product-name,process,process-name,series,series-description,value,units
1981-01,NUS-Z00,U.S.,EPJK,Kerosene-Type Jet Fuel,EEX,Exports,MKJEXUS1,U.S. Exports of Kerosene-Type Jet Fuel (Thousand Barrels),28,MBBL
1981-01,NUS-Z00,U.S.,EPJK,Kerosene-Type Jet Fuel,EEX,Exports,MKJEXUS2,U.S. Exports of Kerosene-Type Jet Fuel (Thousand Barrels per Day),1,MBBL/D
1981-02,NUS-Z00,U.S.,EPJK,Kerosene-Type Jet Fuel,EEX,Exports,MKJEXUS1,U.S. Exports of Kerosene-Type Jet Fuel (Thousand Barrels),21,MBBL
1981-02,NUS-Z00,U.S.,EPJK,Kerosene-Type Jet Fuel,EEX,Exports,MKJEXUS2,U.S. Exports of Kerosene-Type Jet Fuel (Thousand Barrels per Day),1,MBBL/D
1981-03,NUS-Z00,U.S.,EPJK,Kerosene-Type Jet Fuel,EEX,Exports,MKJEXUS1,U.S. Exports of Kerosene-Type Jet Fuel (Thousand Barrels),10,MBBL
1981-03,NUS-Z00,U.S.,EPJK,Kerosene-Type Jet Fuel,EEX,Exports,MKJEXUS2,U.S. Exports of Kerosene-Type Jet Fuel (Thousand Barrels per Day),0,MBBL/D
1981-04,NUS-Z00,U.S.,EPJK,Kerosene-Type Jet Fuel,EEX,Exports,MKJEXUS1,U.S. Exports of Kerosene-Type Jet Fuel (Thousand Barrels),18,MBBL
1981-04,NUS-Z00,U.S.,EPJK,Kerosene-Type Jet Fuel,EEX,Exports,MKJEXUS2,U.S. Exports of Kerosene-Type Jet Fuel (Thousand Barrels per Day),1,MBBL/D
1981-05,NUS-Z00,U.S.,EPJK,Kerosene-Type Jet Fuel,EEX,Exports,MKJEXUS1,U.S. Exports of Kerosene-Type Jet Fuel (Thousand Barrels),16,MBBL
1981-05,NUS-Z00,U.S.,EPJK,Kerosene-Type Jet Fuel,EEX,Exports,MKJEXUS2,U.S. Exports of Kerosene-Type Jet Fuel (Thousand Barrels per Day),1,MBBL/D
1981-06,NUS-Z00,U.S.,EPJK,Kerosene-Type Jet Fuel,EEX,Exports,MKJEXUS1,U.S. Exports of Kerosene-Type Jet Fuel (Thousand Barrels),12,MBBL
1981-06,NUS-Z00,U.S.,EPJK,Kerosene-Type Jet Fuel,EEX,Exports,MKJEXUS2,U.S. Exports of Kerosene-Type Jet Fuel (Thousand Barrels per Day),0,MBBL/D
1981-07,NUS-Z00,U.S.,EPJK,Kerosene-Type Jet Fuel,EEX,Exports,MKJEXUS1,U.S. Exports of Kerosene-Type Jet Fuel (Thousand Barrels),19,MBBL
1981-07,NUS-Z00,U.S.,EPJK,Kerosene-Type Jet Fuel,EEX,Exports,MKJEXUS2,U.S. Exports of Kerosene-Type Jet Fuel (Thousand Barrels per Day),1,MBBL/D
1981-08,NUS-Z00,U.S.,EPJK,Kerosene-Type Jet Fuel,EEX,Exports,MKJEXUS1,U.S. Exports of Kerosene-Type Jet Fuel (Thousand Barrels),22,MBBL
1981-08,NUS-Z00,U.S.,EPJK,Kerosene-Type Jet Fuel,EEX,Exports,MKJEXUS2,U.S. Exports of Kerosene-Type Jet Fuel (Thousand Barrels per Day),1,MBBL/D
1981-09,NUS-Z00,U.S.,EPJK,Kerosene-Type Jet Fuel,EEX,Exports,MKJEXUS1,U.S. Exports of Kerosene-Type Jet Fuel (Thousand Barrels),20,MBBL
1981-09,NUS-Z00,U.S.,EPJK,Kerosene-Type Jet Fuel,EEX,Exports,MKJEXUS2,U.S. Exports of Kerosene-Type Jet Fuel (Thousand Barrels per Day),1,MBBL/D
1981-10,NUS-Z00,U.S.,EPJK,Kerosene-Type Jet Fuel,EEX,Exports,MKJEXUS1,U.S. Exports of Kerosene-Type Jet Fuel (Thousand Barrels),14,MBBL
1981-10,NUS-Z00,U.S.,EPJK,Kerosene-Type Jet Fuel,EEX,Exports,MKJEXUS2,U.S. Exports of Kerosene-Type Jet Fuel (Thousand Barrels per Day),0,MBBL/D
1981-11,NUS-Z00,U.S.,EPJK,Kerosene-Type Jet Fuel,EEX,Exports,MKJEXUS1,U.S. Exports of Kerosene-Type Jet Fuel (Thousand Barrels),23,MBBL
1981-11,NUS-Z00,U.S.,EPJK,Kerosene-Type Jet Fuel,EEX,Exports,MKJEXUS2,U.S. Exports of Kerosene-Type Jet Fuel (Thousand Barrels per Day),1,MBBL/D
1981-12,NUS-Z00,U.S.,EPJK,Kerosene-Type Jet Fuel,EEX,Exports,MKJEXUS1,U.S. Exports of Kerosene-Type Jet Fuel (Thousand Barrels),222,MBBL
1981-12,NUS-Z00,U.S.,EPJK,Kerosene-Type Jet Fuel,EEX,Exports,MKJEXUS2,U.S. Exports of Kerosene-Type Jet Fuel (Thousand Barrels per Day),7,MBBL/D
1982-01,NUS-Z00,U.S.,EPJK,Kerosene-Type Jet Fuel,EEX,Exports,MKJEXUS1,U.S. Exports of Kerosene-Type Jet Fuel (Thousand Barrels),255,MBBL
1982-01,NUS-Z00,U.S.,EPJK,Kerosene-Type Jet Fuel,EEX,Exports,MKJEXUS2,U.S. Exports of Kerosene-Type Jet Fuel (Thousand Barrels per Day),8,MBBL/D
1982-02,NUS-Z00,U.S.,EPJK,Kerosene-Type Jet Fuel,EEX,Exports,MKJEXUS1,U.S. Exports of Kerosene-Type Jet Fuel (Thousand Barrels),245,MBBL
1982-02,NUS-Z00,U.S.,EPJK,Kerosene-Type Jet Fuel,EEX,Exports,MKJEXUS2,U.S. Exports of Kerosene-Type Jet Fuel (Thousand Barrels per Day),9,MBBL/D
1982-03,NUS-Z00,U.S.,EPJK,Kerosene-Type Jet Fuel,EEX,Exports,MKJEXUS1,U.S. Exports of Kerosene-Type Jet Fuel (Thousand Barrels),80,MBBL
1982-03,NUS-Z00,U.S.,EPJK,Kerosene-Type Jet Fuel,EEX,Exports,MKJEXUS2,U.S. Exports of Kerosene-Type Jet Fuel (Thousand Barrels per Day),3,MBBL/D
1982-04,NUS-Z00,U.S.,EPJK,Kerosene-Type Jet Fuel,EEX,Exports,MKJEXUS1,U.S. Exports of Kerosene-Type Jet Fuel (Thousand Barrels),44,MBBL
1982-04,NUS-Z00,U.S.,EPJK,Kerosene-Type Jet Fuel,EEX,Exports,MKJEXUS2,U.S. Exports of Kerosene-Type Jet Fuel (Thousand Barrels per Day),1,MBBL/D
1982-05,NUS-Z00,U.S.,EPJK,Kerosene-Type Jet Fuel,EEX,Exports,MKJEXUS1,U.S. Exports of Kerosene-Type Jet Fuel (Thousand Barrels),27,MBBL
1982-05,NUS-Z00,U.S.,EPJK,Kerosene-Type Jet Fuel,EEX,Exports,MKJEXUS2,U.S. Exports of Kerosene-Type Jet Fuel (Thousand Barrels per Day),1,MBBL/D
1982-06,NUS-Z00,U.S.,EPJK,Kerosene-Type Jet Fuel,EEX,Exports,MKJEXUS1,U.S. Exports of Kerosene-Type Jet Fuel (Thousand Barrels),38,MBBL
1982-06,NUS-Z00,U.S.,EPJK,Kerosene-Type Jet Fuel,EEX,Exports,MKJEXUS2,U.S. Exports of Kerosene-Type Jet Fuel (Thousand Barrels per Day),1,MBBL/D
1982-07,NUS-Z00,U.S.,EPJK,Kerosene-Type Jet Fuel,EEX,Exports,MKJEXUS1,U.S. Exports of Kerosene-Type Jet Fuel (Thousand Barrels),32,MBBL
1982-07,NUS-Z00,U.S.,EPJK,Kerosene-Type Jet Fuel,EEX,Exports,MKJEXUS2,U.S. Exports of Kerosene-Type Jet Fuel (Thousand Barrels per Day),1,MBBL/D
1982-08,NUS-Z00,U.S.,EPJK,Kerosene-Type Jet Fuel,EEX,Exports,MKJEXUS1,U.S. Exports of Kerosene-Type Jet Fuel (Thousand Barrels),32,MBBL
1982-08,NUS-Z00,U.S.,EPJK,Kerosene-Type Jet Fuel,EEX,Exports,MKJEXUS2,U.S. Exports of Kerosene-Type Jet Fuel (Thousand Barrels per Day),1,MBBL/D
1982-09,NUS-Z00,U.S.,EPJK,Kerosene-Type Jet Fuel,EEX,Exports,MKJEXUS1,U.S. Exports of Kerosene-Type Jet Fuel (Thousand Barrels),41,MBBL
1982-09,NUS-Z00,U.S.,EPJK,Kerosene-Type Jet Fuel,EEX,Exports,MKJEXUS2,U.S. Exports of Kerosene-Type Jet Fuel (Thousand Barrels per Day),1,MBBL/D
1982-10,NUS-Z00,U.S.,EPJK,Kerosene-Type Jet Fuel,EEX,Exports,MKJEXUS1,U.S. Exports of Kerosene-Type Jet Fuel (Thousand Barrels),35,MBBL
1982-10,NUS-Z00,U.S.,EPJK,Kerosene-Type Jet Fuel,EEX,Exports,MKJEXUS2,U.S. Exports of Kerosene-Type Jet Fuel (Thousand Barrels per Day),1,MBBL/D
1982-11,NUS-Z00,U.S.,EPJK,Kerosene-Type Jet Fuel,EEX,Exports,MKJEXUS1,U.S. Exports of Kerosene-Type Jet Fuel (Thousand Barrels),269,MBBL
1982-11,NUS-Z00,U.S.,EPJK,Kerosene-Type Jet Fuel,EEX,Exports,MKJEXUS2,U.S. Exports of Kerosene-Type Jet Fuel (Thousand Barrels per Day),9,MBBL/D
1982-12,NUS-Z00,U.S.,EPJK,Kerosene-Type Jet Fuel,EEX,Exports,MKJEXUS1,U.S. Exports of Kerosene-Type Jet Fuel (Thousand Barrels),692,MBBL
1982-12,NUS-Z00,U.S.,EPJK,Kerosene-Type Jet Fuel,EEX,Exports,MKJEXUS2,U.S. Exports of Kerosene-Type Jet Fuel (Thousand Barrels per Day),22,MBBL/D
1983-01,NUS-Z00,U.S.,EPJK,Kerosene-Type Jet Fuel,EEX,Exports,MKJEXUS1,U.S. Exports of Kerosene-Type Jet Fuel (Thousand Barrels),272,MBBL
1983-01,NUS-Z00,U.S.,EPJK,Kerosene-Type Jet Fuel,EEX,Exports,MKJEXUS2,U.S. Exports of Kerosene-Type Jet Fuel (Thousand Barrels per Day),9,MBBL/D
1983-02,NUS-Z00,U.S.,EPJK,Kerosene-Type Jet Fuel,EEX,Exports,MKJEXUS1,U.S. Exports of Kerosene-Type Jet Fuel (Thousand Barrels),223,MBBL
1983-02,NUS-Z00,U.S.,EPJK,Kerosene-Type Jet Fuel,EEX,Exports,MKJEXUS2,U.S. Exports of Kerosene-Type Jet Fuel (Thousand Barrels per Day),8,MBBL/D
1983-03,NUS-Z00,U.S.,EPJK,Kerosene-Type Jet Fuel,EEX,Exports,MKJEXUS1,U.S. Exports of Kerosene-Type Jet Fuel (Thousand Barrels),27,MBBL
1983-03,NUS-Z00,U.S.,EPJK,Kerosene-Type Jet Fuel,EEX,Exports,MKJEXUS2,U.S. Exports of Kerosene-Type Jet Fuel (Thousand Barrels per Day),1,MBBL/D
1983-04,NUS-Z00,U.S.,EPJK,Kerosene-Type Jet Fuel,EEX,Exports,MKJEXUS1,U.S. Exports of Kerosene-Type Jet Fuel (Thousand Barrels),17,MBBL
1983-04,NUS-Z00,U.S.,EPJK,Kerosene-Type Jet Fuel,EEX,Exports,MKJEXUS2,U.S. Exports of Kerosene-Type Jet Fuel (Thousand Barrels per Day),1,MBBL/D
1983-05,NUS-Z00,U.S.,EPJK,Kerosene-Type Jet Fuel,EEX,Exports,MKJEXUS1,U.S. Exports of Kerosene-Type Jet Fuel (Thousand Barrels),40,MBBL
1983-05,NUS-Z00,U.S.,EPJK,Kerosene-Type Jet Fuel,EEX,Exports,MKJEXUS2,U.S. Exports of Kerosene-Type Jet Fuel (Thousand Barrels per Day),1,MBBL/D
1983-06,NUS-Z00,U.S.,EPJK,Kerosene-Type Jet Fuel,EEX,Exports,MKJEXUS1,U.S. Exports of Kerosene-Type Jet Fuel (Thousand Barrels),21,MBBL
1983-06,NUS-Z00,U.S.,EPJK,Kerosene-Type Jet Fuel,EEX,Exports,MKJEXUS2,U.S. Exports of Kerosene-Type Jet Fuel (Thousand Barrels per Day),1,MBBL/D
1983-07,NUS-Z00,U.S.,EPJK,Kerosene-Type Jet Fuel,EEX,Exports,MKJEXUS1,U.S. Exports of Kerosene-Type Jet Fuel (Thousand Barrels),37,MBBL
1983-07,NUS-Z00,U.S.,EPJK,Kerosene-Type Jet Fuel,EEX,Exports,MKJEXUS2,U.S. Exports of Kerosene-Type Jet Fuel (Thousand Barrels per Day),1,MBBL/D
1983-08,NUS-Z00,U.S.,EPJK,Kerosene-Type Jet Fuel,EEX,Exports,MKJEXUS1,U.S. Exports of Kerosene-Type Jet Fuel (Thousand Barrels),193,MBBL
1983-08,NUS-Z00,U.S.,EPJK,Kerosene-Type Jet Fuel,EEX,Exports,MKJEXUS2,U.S. Exports of Kerosene-Type Jet Fuel (Thousand Barrels per Day),6,MBBL/D
1983-09,NUS-Z00,U.S.,EPJK,Kerosene-Type Jet Fuel,EEX,Exports,MKJEXUS1,U.S. Exports of Kerosene-Type Jet Fuel (Thousand Barrels),270,MBBL
1983-09,NUS-Z00,U.S.,EPJK,Kerosene-Type Jet Fuel,EEX,Exports,MKJEXUS2,U.S. Exports of Kerosene-Type Jet Fuel (Thousand Barrels per Day),9,MBBL/D
1983-10,NUS-Z00,U.S.,EPJK,Kerosene-Type Jet Fuel,EEX,Exports,MKJEXUS1,U.S. Exports of Kerosene-Type Jet Fuel (Thousand Barrels),24,MBBL
1983-10,NUS-Z00,U.S.,EPJK,Kerosene-Type Jet Fuel,EEX,Exports,MKJEXUS2,U.S. Exports of Kerosene-Type Jet Fuel (Thousand Barrels per Day),1,MBBL/D
1983-11,NUS-Z00,U.S.,EPJK,Kerosene-Type Jet Fuel,EEX,Exports,MKJEXUS1,U.S. Exports of Kerosene-Type Jet Fuel (Thousand Barrels),373,MBBL
1983-11,NUS-Z00,U.S.,EPJK,Kerosene-Type Jet Fuel,EEX,Exports,MKJEXUS2,U.S. Exports of Kerosene-Type Jet Fuel (Thousand Barrels per Day),12,MBBL/D
1983-12,NUS-Z00,U.S.,EPJK,Kerosene-Type Jet Fuel,EEX,Exports,MKJEXUS1,U.S. Exports of Kerosene-Type Jet Fuel (Thousand Barrels),458,MBBL
1983-12,NUS-Z00,U.S.,EPJK,Kerosene-Type Jet Fuel,EEX,Exports,MKJEXUS2,U.S. Exports of Kerosene-Type Jet Fuel (Thousand Barrels per Day),15,MBBL/D
1984-01,NUS-Z00,U.S.,EPJK,Kerosene-Type Jet Fuel,EEX,Exports,MKJEXUS1,U.S. Exports of Kerosene-Type Jet Fuel (Thousand Barrels),318,MBBL
1984-01,NUS-Z00,U.S.,EPJK,Kerosene-Type Jet Fuel,EEX,Exports,MKJEXUS2,U.S. Exports of Kerosene-Type Jet Fuel (Thousand Barrels per Day),10,MBBL/D
1984-02,NUS-Z00,U.S.,EPJK,Kerosene-Type Jet Fuel,EEX,Exports,MKJEXUS1,U.S. Exports of Kerosene-Type Jet Fuel (Thousand Barrels),68,MBBL
1984-02,NUS-Z00,U.S.,EPJK,Kerosene-Type Jet Fuel,EEX,Exports,MKJEXUS2,U.S. Exports of Kerosene-Type Jet Fuel (Thousand Barrels per Day),2,MBBL/D
1984-03,NUS-Z00,U.S.,EPJK,Kerosene-Type Jet Fuel,EEX,Exports,MKJEXUS1,U.S. Exports of Kerosene-Type Jet Fuel (Thousand Barrels),21,MBBL
1984-03,NUS-Z00,U.S.,EPJK,Kerosene-Type Jet Fuel,EEX,Exports,MKJEXUS2,U.S. Exports of Kerosene-Type Jet Fuel (Thousand Barrels per Day),1,MBBL/D
1984-04,NUS-Z00,U.S.,EPJK,Kerosene-Type Jet Fuel,EEX,Exports,MKJEXUS1,U.S. Exports of Kerosene-Type Jet Fuel (Thousand Barrels),148,MBBL
1984-04,NUS-Z00,U.S.,EPJK,Kerosene-Type Jet Fuel,EEX,Exports,MKJEXUS2,U.S. Exports of Kerosene-Type Jet Fuel (Thousand Barrels per Day),5,MBBL/D
1984-05,NUS-Z00,U.S.,EPJK,Kerosene-Type Jet Fuel,EEX,Exports,MKJEXUS1,U.S. Exports of Kerosene-Type Jet Fuel (Thousand Barrels),22,MBBL
1984-05,NUS-Z00,U.S.,EPJK,Kerosene-Type Jet Fuel,EEX,Exports,MKJEXUS2,U.S. Exports of Kerosene-Type Jet Fuel (Thousand Barrels per Day),1,MBBL/D
1984-06,NUS-Z00,U.S.,EPJK,Kerosene-Type Jet Fuel,EEX,Exports,MKJEXUS1,U.S. Exports of Kerosene-Type Jet Fuel (Thousand Barrels),191,MBBL
1984-06,NUS-Z00,U.S.,EPJK,Kerosene-Type Jet Fuel,EEX,Exports,MKJEXUS2,U.S. Exports of Kerosene-Type Jet Fuel (Thousand Barrels per Day),6,MBBL/D
1984-07,NUS-Z00,U.S.,EPJK,Kerosene-Type Jet Fuel,EEX,Exports,MKJEXUS1,U.S. Exports of Kerosene-Type Jet Fuel (Thousand Barrels),306,MBBL
1984-07,NUS-Z00,U.S.,EPJK,Kerosene-Type Jet Fuel,EEX,Exports,MKJEXUS2,U.S. Exports of Kerosene-Type Jet Fuel (Thousand Barrels per Day),10,MBBL/D
1984-08,NUS-Z00,U.S.,EPJK,Kerosene-Type Jet Fuel,EEX,Exports,MKJEXUS1,U.S. Exports of Kerosene-Type Jet Fuel (Thousand Barrels),52,MBBL
1984-08,NUS-Z00,U.S.,EPJK,Kerosene-Type Jet Fuel,EEX,Exports,MKJEXUS2,U.S. Exports of Kerosene-Type Jet Fuel (Thousand Barrels per Day),2,MBBL/D
1984-09,NUS-Z00,U.S.,EPJK,Kerosene-Type Jet Fuel,EEX,Exports,MKJEXUS1,U.S. Exports of Kerosene-Type Jet Fuel (Thousand Barrels),27,MBBL
1984-09,NUS-Z00,U.S.,EPJK,Kerosene-Type Jet Fuel,EEX,Exports,MKJEXUS2,U.S. Exports of Kerosene-Type Jet Fuel (Thousand Barrels per Day),1,MBBL/D
1984-10,NUS-Z00,U.S.,EPJK,Kerosene-Type Jet Fuel,EEX,Exports,MKJEXUS1,U.S. Exports of Kerosene-Type Jet Fuel (Thousand Barrels),158,MBBL
1984-10,NUS-Z00,U.S.,EPJK,Kerosene-Type Jet Fuel,EEX,Exports,MKJEXUS2,U.S. Exports of Kerosene-Type Jet Fuel (Thousand Barrels per Day),5,MBBL/D
1984-11,NUS-Z00,U.S.,EPJK,Kerosene-Type Jet Fuel,EEX,Exports,MKJEXUS1,U.S. Exports of Kerosene-Type Jet Fuel (Thousand Barrels),329,MBBL
1984-11,NUS-Z00,U.S.,EPJK,Kerosene-Type Jet Fuel,EEX,Exports,MKJEXUS2,U.S. Exports of Kerosene-Type Jet Fuel (Thousand Barrels per Day),11,MBBL/D
1984-12,NUS-Z00,U.S.,EPJK,Kerosene-Type Jet Fuel,EEX,Exports,MKJEXUS1,U.S. Exports of Kerosene-Type Jet Fuel (Thousand Barrels),738,MBBL
1984-12,NUS-Z00,U.S.,EPJK,Kerosene-Type Jet Fuel,EEX,Exports,MKJEXUS2,U.S. Exports of Kerosene-Type Jet Fuel (Thousand Barrels per Day),24,MBBL/D
1985-01,NUS-Z00,U.S.,EPJK,Kerosene-Type Jet Fuel,EEX,Exports,MKJEXUS1,U.S. Exports of Kerosene-Type Jet Fuel (Thousand Barrels),79,MBBL
1985-01,NUS-Z00,U.S.,EPJK,Kerosene-Type Jet Fuel,EEX,Exports,MKJEXUS2,U.S. Exports of Kerosene-Type Jet Fuel (Thousand Barrels per Day),3,MBBL/D
1985-02,NUS-Z00,U.S.,EPJK,Kerosene-Type Jet Fuel,EEX,Exports,MKJEXUS1,U.S. Exports of Kerosene-Type Jet Fuel (Thousand Barrels),624,MBBL
1985-02,NUS-Z00,U.S.,EPJK,Kerosene-Type Jet Fuel,EEX,Exports,MKJEXUS2,U.S. Exports of Kerosene-Type Jet Fuel (Thousand Barrels per Day),22,MBBL/D
1985-03,NUS-Z00,U.S.,EPJK,Kerosene-Type Jet Fuel,EEX,Exports,MKJEXUS1,U.S. Exports of Kerosene-Type Jet Fuel (Thousand Barrels),182,MBBL
1985-03,NUS-Z00,U.S.,EPJK,Kerosene-Type Jet Fuel,EEX,Exports,MKJEXUS2,U.S. Exports of Kerosene-Type Jet Fuel (Thousand Barrels per Day),6,MBBL/D
1985-04,NUS-Z00,U.S.,EPJK,Kerosene-Type Jet Fuel,EEX,Exports,MKJEXUS1,U.S. Exports of Kerosene-Type Jet Fuel (Thousand Barrels),149,MBBL
1985-04,NUS-Z00,U.S.,EPJK,Kerosene-Type Jet Fuel,EEX,Exports,MKJEXUS2,U.S. Exports of Kerosene-Type Jet Fuel (Thousand Barrels per Day),5,MBBL/D
1985-05,NUS-Z00,U.S.,EPJK,Kerosene-Type Jet Fuel,EEX,Exports,MKJEXUS1,U.S. Exports of Kerosene-Type Jet Fuel (Thousand Barrels),147,MBBL
1985-05,NUS-Z00,U.S.,EPJK,Kerosene-Type Jet Fuel,EEX,Exports,MKJEXUS2,U.S. Exports of Kerosene-Type Jet Fuel (Thousand Barrels per Day),5,MBBL/D
1985-06,NUS-Z00,U.S.,EPJK,Kerosene-Type Jet Fuel,EEX,Exports,MKJEXUS1,U.S. Exports of Kerosene-Type Jet Fuel (Thousand Barrels),102,MBBL
1985-06,NUS-Z00,U.S.,EPJK,Kerosene-Type Jet Fuel,EEX,Exports,MKJEXUS2,U.S. Exports of Kerosene-Type Jet Fuel (Thousand Barrels per Day),3,MBBL/D
1985-07,NUS-Z00,U.S.,EPJK,Kerosene-Type Jet Fuel,EEX,Exports,MKJEXUS1,U.S. Exports of Kerosene-Type Jet Fuel (Thousand Barrels),106,MBBL
1985-07,NUS-Z00,U.S.,EPJK,Kerosene-Type Jet Fuel,EEX,Exports,MKJEXUS2,U.S. Exports of Kerosene-Type Jet Fuel (Thousand Barrels per Day),3,MBBL/D
1985-08,NUS-Z00,U.S.,EPJK,Kerosene-Type Jet Fuel,EEX,Exports,MKJEXUS1,U.S. Exports of Kerosene-Type Jet Fuel (Thousand Barrels),660,MBBL
1985-08,NUS-Z00,U.S.,EPJK,Kerosene-Type Jet Fuel,EEX,Exports,MKJEXUS2,U.S. Exports of Kerosene-Type Jet Fuel (Thousand Barrels per Day),21,MBBL/D
1985-09,NUS-Z00,U.S.,EPJK,Kerosene-Type Jet Fuel,EEX,Exports,MKJEXUS1,U.S. Exports of Kerosene-Type Jet Fuel (Thousand Barrels),133,MBBL
1985-09,NUS-Z00,U.S.,EPJK,Kerosene-Type Jet Fuel,EEX,Exports,MKJEXUS2,U.S. Exports of Kerosene-Type Jet Fuel (Thousand Barrels per Day),4,MBBL/D
1985-10,NUS-Z00,U.S.,EPJK,Kerosene-Type Jet Fuel,EEX,Exports,MKJEXUS1,U.S. Exports of Kerosene-Type Jet Fuel (Thousand Barrels),773,MBBL
1985-10,NUS-Z00,U.S.,EPJK,Kerosene-Type Jet Fuel,EEX,Exports,MKJEXUS2,U.S. Exports of Kerosene-Type Jet Fuel (Thousand Barrels per Day),25,MBBL/D
1985-11,NUS-Z00,U.S.,EPJK,Kerosene-Type Jet Fuel,EEX,Exports,MKJEXUS1,U.S. Exports of Kerosene-Type Jet Fuel (Thousand Barrels),848,MBBL
1985-11,NUS-Z00,U.S.,EPJK,Kerosene-Type Jet Fuel,EEX,Exports,MKJEXUS2,U.S. Exports of Kerosene-Type Jet Fuel (Thousand Barrels per Day),28,MBBL/D
1985-12,NUS-Z00,U.S.,EPJK,Kerosene-Type Jet Fuel,EEX,Exports,MKJEXUS1,U.S. Exports of Kerosene-Type Jet Fuel (Thousand Barrels),559,MBBL
1985-12,NUS-Z00,U.S.,EPJK,Kerosene-Type Jet Fuel,EEX,Exports,MKJEXUS2,U.S. Exports of Kerosene-Type Jet Fuel (Thousand Barrels per Day),18,MBBL/D
1986-01,NUS-Z00,U.S.,EPJK,Kerosene-Type Jet Fuel,EEX,Exports,MKJEXUS1,U.S. Exports of Kerosene-Type Jet Fuel (Thousand Barrels),1188,MBBL
1986-01,NUS-Z00,U.S.,EPJK,Kerosene-Type Jet Fuel,EEX,Exports,MKJEXUS2,U.S. Exports of Kerosene-Type Jet Fuel (Thousand Barrels per Day),38,MBBL/D
1986-02,NUS-Z00,U.S.,EPJK,Kerosene-Type Jet Fuel,EEX,Exports,MKJEXUS1,U.S. Exports of Kerosene-Type Jet Fuel (Thousand Barrels),429,MBBL
1986-02,NUS-Z00,U.S.,EPJK,Kerosene-Type Jet Fuel,EEX,Exports,MKJEXUS2,U.S. Exports of Kerosene-Type Jet Fuel (Thousand Barrels per Day),15,MBBL/D
1986-03,NUS-Z00,U.S.,EPJK,Kerosene-Type Jet Fuel,EEX,Exports,MKJEXUS1,U.S. Exports of Kerosene-Type Jet Fuel (Thousand Barrels),333,MBBL
1986-03,NUS-Z00,U.S.,EPJK,Kerosene-Type Jet Fuel,EEX,Exports,MKJEXUS2,U.S. Exports of Kerosene-Type Jet Fuel (Thousand Barrels per Day),11,MBBL/D
1986-04,NUS-Z00,U.S.,EPJK,Kerosene-Type Jet Fuel,EEX,Exports,MKJEXUS1,U.S. Exports of Kerosene-Type Jet Fuel (Thousand Barrels),371,MBBL
1986-04,NUS-Z00,U.S.,EPJK,Kerosene-Type Jet Fuel,EEX,Exports,MKJEXUS2,U.S. Exports of Kerosene-Type Jet Fuel (Thousand Barrels per Day),12,MBBL/D
1986-05,NUS-Z00,U.S.,EPJK,Kerosene-Type Jet Fuel,EEX,Exports,MKJEXUS1,U.S. Exports of Kerosene-Type Jet Fuel (Thousand Barrels),428,MBBL
1986-05,NUS-Z00,U.S.,EPJK,Kerosene-Type Jet Fuel,EEX,Exports,MKJEXUS2,U.S. Exports of Kerosene-Type Jet Fuel (Thousand Barrels per Day),14,MBBL/D
1986-06,NUS-Z00,U.S.,EPJK,Kerosene-Type Jet Fuel,EEX,Exports,MKJEXUS1,U.S. Exports of Kerosene-Type Jet Fuel (Thousand Barrels),184,MBBL
1986-06,NUS-Z00,U.S.,EPJK,Kerosene-Type Jet Fuel,EEX,Exports,MKJEXUS2,U.S. Exports of Kerosene-Type Jet Fuel (Thousand Barrels per Day),6,MBBL/D
1986-07,NUS-Z00,U.S.,EPJK,Kerosene-Type Jet Fuel,EEX,Exports,MKJEXUS1,U.S. Exports of Kerosene-Type Jet Fuel (Thousand Barrels),300,MBBL
1986-07,NUS-Z00,U.S.,EPJK,Kerosene-Type Jet Fuel,EEX,Exports,MKJEXUS2,U.S. Exports of Kerosene-Type Jet Fuel (Thousand Barrels per Day),10,MBBL/D
1986-08,NUS-Z00,U.S.,EPJK,Kerosene-Type Jet Fuel,EEX,Exports,MKJEXUS1,U.S. Exports of Kerosene-Type Jet Fuel (Thousand Barrels),138,MBBL
1986-08,NUS-Z00,U.S.,EPJK,Kerosene-Type Jet Fuel,EEX,Exports,MKJEXUS2,U.S. Exports of Kerosene-Type Jet Fuel (Thousand Barrels per Day),4,MBBL/D
1986-09,NUS-Z00,U.S.,EPJK,Kerosene-Type Jet Fuel,EEX,Exports,MKJEXUS1,U.S. Exports of Kerosene-Type Jet Fuel (Thousand Barrels),420,MBBL
1986-09,NUS-Z00,U.S.,EPJK,Kerosene-Type Jet Fuel,EEX,Exports,MKJEXUS2,U.S. Exports of Kerosene-Type Jet Fuel (Thousand Barrels per Day),14,MBBL/D
1986-10,NUS-Z00,U.S.,EPJK,Kerosene-Type Jet Fuel,EEX,Exports,MKJEXUS1,U.S. Exports of Kerosene-Type Jet Fuel (Thousand Barrels),778,MBBL
1986-10,NUS-Z00,U.S.,EPJK,Kerosene-Type Jet Fuel,EEX,Exports,MKJEXUS2,U.S. Exports of Kerosene-Type Jet Fuel (Thousand Barrels per Day),25,MBBL/D
1986-11,NUS-Z00,U.S.,EPJK,Kerosene-Type Jet Fuel,EEX,Exports,MKJEXUS1,U.S. Exports of Kerosene-Type Jet Fuel (Thousand Barrels),668,MBBL
1986-11,NUS-Z00,U.S.,EPJK,Kerosene-Type Jet Fuel,EEX,Exports,MKJEXUS2,U.S. Exports of Kerosene-Type Jet Fuel (Thousand Barrels per Day),22,MBBL/D
1986-12,NUS-Z00,U.S.,EPJK,Kerosene-Type Jet Fuel,EEX,Exports,MKJEXUS1,U.S. Exports of Kerosene-Type Jet Fuel (Thousand Barrels),626,MBBL
1986-12,NUS-Z00,U.S.,EPJK,Kerosene-Type Jet Fuel,EEX,Exports,MKJEXUS2,U.S. Exports of Kerosene-Type Jet Fuel (Thousand Barrels per Day),20,MBBL/D
1987-01,NUS-Z00,U.S.,EPJK,Kerosene-Type Jet Fuel,EEX,Exports,MKJEXUS1,U.S. Exports of Kerosene-Type Jet Fuel (Thousand Barrels),1404,MBBL
1987-01,NUS-Z00,U.S.,EPJK,Kerosene-Type Jet Fuel,EEX,Exports,MKJEXUS2,U.S. Exports of Kerosene-Type Jet Fuel (Thousand Barrels per Day),45,MBBL/D
1987-02,NUS-Z00,U.S.,EPJK,Kerosene-Type Jet Fuel,EEX,Exports,MKJEXUS1,U.S. Exports of Kerosene-Type Jet Fuel (Thousand Barrels),565,MBBL
1987-02,NUS-Z00,U.S.,EPJK,Kerosene-Type Jet Fuel,EEX,Exports,MKJEXUS2,U.S. Exports of Kerosene-Type Jet Fuel (Thousand Barrels per Day),20,MBBL/D
1987-03,NUS-Z00,U.S.,EPJK,Kerosene-Type Jet Fuel,EEX,Exports,MKJEXUS1,U.S. Exports of Kerosene-Type Jet Fuel (Thousand Barrels),214,MBBL
1987-03,NUS-Z00,U.S.,EPJK,Kerosene-Type Jet Fuel,EEX,Exports,MKJEXUS2,U.S. Exports of Kerosene-Type Jet Fuel (Thousand Barrels per Day),7,MBBL/D
1987-04,NUS-Z00,U.S.,EPJK,Kerosene-Type Jet Fuel,EEX,Exports,MKJEXUS1,U.S. Exports of Kerosene-Type Jet Fuel (Thousand Barrels),121,MBBL
1987-04,NUS-Z00,U.S.,EPJK,Kerosene-Type Jet Fuel,EEX,Exports,MKJEXUS2,U.S. Exports of Kerosene-Type Jet Fuel (Thousand Barrels per Day),4,MBBL/D
1987-05,NUS-Z00,U.S.,EPJK,Kerosene-Type Jet Fuel,EEX,Exports,MKJEXUS1,U.S. Exports of Kerosene-Type Jet Fuel (Thousand Barrels),117,MBBL
1987-05,NUS-Z00,U.S.,EPJK,Kerosene-Type Jet Fuel,EEX,Exports,MKJEXUS2,U.S. Exports of Kerosene-Type Jet Fuel (Thousand Barrels per Day),4,MBBL/D
1987-06,NUS-Z00,U.S.,EPJK,Kerosene-Type Jet Fuel,EEX,Exports,MKJEXUS1,U.S. Exports of Kerosene-Type Jet Fuel (Thousand Barrels),146,MBBL
1987-06,NUS-Z00,U.S.,EPJK,Kerosene-Type Jet Fuel,EEX,Exports,MKJEXUS2,U.S. Exports of Kerosene-Type Jet Fuel (Thousand Barrels per Day),5,MBBL/D
1987-07,NUS-Z00,U.S.,EPJK,Kerosene-Type Jet Fuel,EEX,Exports,MKJEXUS1,U.S. Exports of Kerosene-Type Jet Fuel (Thousand Barrels),139,MBBL
1987-07,NUS-Z00,U.S.,EPJK,Kerosene-Type Jet Fuel,EEX,Exports,MKJEXUS2,U.S. Exports of Kerosene-Type Jet Fuel (Thousand Barrels per Day),4,MBBL/D
1987-08,NUS-Z00,U.S.,EPJK,Kerosene-Type Jet Fuel,EEX,Exports,MKJEXUS1,U.S. Exports of Kerosene-Type Jet Fuel (Thousand Barrels),74,MBBL
1987-08,NUS-Z00,U.S.,EPJK,Kerosene-Type Jet Fuel,EEX,Exports,MKJEXUS2,U.S. Exports of Kerosene-Type Jet Fuel (Thousand Barrels per Day),2,MBBL/D
1987-09,NUS-Z00,U.S.,EPJK,Kerosene-Type Jet Fuel,EEX,Exports,MKJEXUS1,U.S. Exports of Kerosene-Type Jet Fuel (Thousand Barrels),1029,MBBL
1987-09,NUS-Z00,U.S.,EPJK,Kerosene-Type Jet Fuel,EEX,Exports,MKJEXUS2,U.S. Exports of Kerosene-Type Jet Fuel (Thousand Barrels per Day),34,MBBL/D
1987-10,NUS-Z00,U.S.,EPJK,Kerosene-Type Jet Fuel,EEX,Exports,MKJEXUS1,U.S. Exports of Kerosene-Type Jet Fuel (Thousand Barrels),1086,MBBL
1987-10,NUS-Z00,U.S.,EPJK,Kerosene-Type Jet Fuel,EEX,Exports,MKJEXUS2,U.S. Exports of Kerosene-Type Jet Fuel (Thousand Barrels per Day),35,MBBL/D
1987-11,NUS-Z00,U.S.,EPJK,Kerosene-Type Jet Fuel,EEX,Exports,MKJEXUS1,U.S. Exports of Kerosene-Type Jet Fuel (Thousand Barrels),1336,MBBL
1987-11,NUS-Z00,U.S.,EPJK,Kerosene-Type Jet Fuel,EEX,Exports,MKJEXUS2,U.S. Exports of Kerosene-Type Jet Fuel (Thousand Barrels per Day),45,MBBL/D
1987-12,NUS-Z00,U.S.,EPJK,Kerosene-Type Jet Fuel,EEX,Exports,MKJEXUS1,U.S. Exports of Kerosene-Type Jet Fuel (Thousand Barrels),2287,MBBL
1987-12,NUS-Z00,U.S.,EPJK,Kerosene-Type Jet Fuel,EEX,Exports,MKJEXUS2,U.S. Exports of Kerosene-Type Jet Fuel (Thousand Barrels per Day),74,MBBL/D
1988-01,NUS-Z00,U.S.,EPJK,Kerosene-Type Jet Fuel,EEX,Exports,MKJEXUS1,U.S. Exports of Kerosene-Type Jet Fuel (Thousand Barrels),2524,MBBL
1988-01,NUS-Z00,U.S.,EPJK,Kerosene-Type Jet Fuel,EEX,Exports,MKJEXUS2,U.S. Exports of Kerosene-Type Jet Fuel (Thousand Barrels per Day),81,MBBL/D
1988-02,NUS-Z00,U.S.,EPJK,Kerosene-Type Jet Fuel,EEX,Exports,MKJEXUS1,U.S. Exports of Kerosene-Type Jet Fuel (Thousand Barrels),974,MBBL
1988-02,NUS-Z00,U.S.,EPJK,Kerosene-Type Jet Fuel,EEX,Exports,MKJEXUS2,U.S. Exports of Kerosene-Type Jet Fuel (Thousand Barrels per Day),34,MBBL/D
1988-03,NUS-Z00,U.S.,EPJK,Kerosene-Type Jet Fuel,EEX,Exports,MKJEXUS1,U.S. Exports of Kerosene-Type Jet Fuel (Thousand Barrels),1624,MBBL
1988-03,NUS-Z00,U.S.,EPJK,Kerosene-Type Jet Fuel,EEX,Exports,MKJEXUS2,U.S. Exports of Kerosene-Type Jet Fuel (Thousand Barrels per Day),52,MBBL/D
1988-04,NUS-Z00,U.S.,EPJK,Kerosene-Type Jet Fuel,EEX,Exports,MKJEXUS1,U.S. Exports of Kerosene-Type Jet Fuel (Thousand Barrels),392,MBBL
1988-04,NUS-Z00,U.S.,EPJK,Kerosene-Type Jet Fuel,EEX,Exports,MKJEXUS2,U.S. Exports of Kerosene-Type Jet Fuel (Thousand Barrels per Day),13,MBBL/D
1988-05,NUS-Z00,U.S.,EPJK,Kerosene-Type Jet Fuel,EEX,Exports,MKJEXUS1,U.S. Exports of Kerosene-Type Jet Fuel (Thousand Barrels),119,MBBL
1988-05,NUS-Z00,U.S.,EPJK,Kerosene-Type Jet Fuel,EEX,Exports,MKJEXUS2,U.S. Exports of Kerosene-Type Jet Fuel (Thousand Barrels per Day),4,MBBL/D
1988-06,NUS-Z00,U.S.,EPJK,Kerosene-Type Jet Fuel,EEX,Exports,MKJEXUS1,U.S. Exports of Kerosene-Type Jet Fuel (Thousand Barrels),463,MBBL
1988-06,NUS-Z00,U.S.,EPJK,Kerosene-Type Jet Fuel,EEX,Exports,MKJEXUS2,U.S. Exports of Kerosene-Type Jet Fuel (Thousand Barrels per Day),15,MBBL/D
1988-07,NUS-Z00,U.S.,EPJK,Kerosene-Type Jet Fuel,EEX,Exports,MKJEXUS1,U.S. Exports of Kerosene-Type Jet Fuel (Thousand Barrels),107,MBBL
1988-07,NUS-Z00,U.S.,EPJK,Kerosene-Type Jet Fuel,EEX,Exports,MKJEXUS2,U.S. Exports of Kerosene-Type Jet Fuel (Thousand Barrels per Day),3,MBBL/D
1988-08,NUS-Z00,U.S.,EPJK,Kerosene-Type Jet Fuel,EEX,Exports,MKJEXUS1,U.S. Exports of Kerosene-Type Jet Fuel (Thousand Barrels),440,MBBL
1988-08,NUS-Z00,U.S.,EPJK,Kerosene-Type Jet Fuel,EEX,Exports,MKJEXUS2,U.S. Exports of Kerosene-Type Jet Fuel (Thousand Barrels per Day),14,MBBL/D
1988-09,NUS-Z00,U.S.,EPJK,Kerosene-Type Jet Fuel,EEX,Exports,MKJEXUS1,U.S. Exports of Kerosene-Type Jet Fuel (Thousand Barrels),265,MBBL
1988-09,NUS-Z00,U.S.,EPJK,Kerosene-Type Jet Fuel,EEX,Exports,MKJEXUS2,U.S. Exports of Kerosene-Type Jet Fuel (Thousand Barrels per Day),9,MBBL/D
1988-10,NUS-Z00,U.S.,EPJK,Kerosene-Type Jet Fuel,EEX,Exports,MKJEXUS1,U.S. Exports of Kerosene-Type Jet Fuel (Thousand Barrels),54,MBBL
1988-10,NUS-Z00,U.S.,EPJK,Kerosene-Type Jet Fuel,EEX,Exports,MKJEXUS2,U.S. Exports of Kerosene-Type Jet Fuel (Thousand Barrels per Day),2,MBBL/D
1988-11,NUS-Z00,U.S.,EPJK,Kerosene-Type Jet Fuel,EEX,Exports,MKJEXUS1,U.S. Exports of Kerosene-Type Jet Fuel (Thousand Barrels),271,MBBL
1988-11,NUS-Z00,U.S.,EPJK,Kerosene-Type Jet Fuel,EEX,Exports,MKJEXUS2,U.S. Exports of Kerosene-Type Jet Fuel (Thousand Barrels per Day),9,MBBL/D
1988-12,NUS-Z00,U.S.,EPJK,Kerosene-Type Jet Fuel,EEX,Exports,MKJEXUS1,U.S. Exports of Kerosene-Type Jet Fuel (Thousand Barrels),2470,MBBL
1988-12,NUS-Z00,U.S.,EPJK,Kerosene-Type Jet Fuel,EEX,Exports,MKJEXUS2,U.S. Exports of Kerosene-Type Jet Fuel (Thousand Barrels per Day),80,MBBL/D
1989-01,NUS-Z00,U.S.,EPJK,Kerosene-Type Jet Fuel,EEX,Exports,MKJEXUS1,U.S. Exports of Kerosene-Type Jet Fuel (Thousand Barrels),2297,MBBL
1989-01,NUS-Z00,U.S.,EPJK,Kerosene-Type Jet Fuel,EEX,Exports,MKJEXUS2,U.S. Exports of Kerosene-Type Jet Fuel (Thousand Barrels per Day),74,MBBL/D
1989-02,NUS-Z00,U.S.,EPJK,Kerosene-Type Jet Fuel,EEX,Exports,MKJEXUS1,U.S. Exports of Kerosene-Type Jet Fuel (Thousand Barrels),566,MBBL
1989-02,NUS-Z00,U.S.,EPJK,Kerosene-Type Jet Fuel,EEX,Exports,MKJEXUS2,U.S. Exports of Kerosene-Type Jet Fuel (Thousand Barrels per Day),20,MBBL/D
1989-03,NUS-Z00,U.S.,EPJK,Kerosene-Type Jet Fuel,EEX,Exports,MKJEXUS1,U.S. Exports of Kerosene-Type Jet Fuel (Thousand Barrels),19,MBBL
1989-03,NUS-Z00,U.S.,EPJK,Kerosene-Type Jet Fuel,EEX,Exports,MKJEXUS2,U.S. Exports of Kerosene-Type Jet Fuel (Thousand Barrels per Day),1,MBBL/D
1989-04,NUS-Z00,U.S.,EPJK,Kerosene-Type Jet Fuel,EEX,Exports,MKJEXUS1,U.S. Exports of Kerosene-Type Jet Fuel (Thousand Barrels),477,MBBL
1989-04,NUS-Z00,U.S.,EPJK,Kerosene-Type Jet Fuel,EEX,Exports,MKJEXUS2,U.S. Exports of Kerosene-Type Jet Fuel (Thousand Barrels per Day),16,MBBL/D
1989-05,NUS-Z00,U.S.,EPJK,Kerosene-Type Jet Fuel,EEX,Exports,MKJEXUS1,U.S. Exports of Kerosene-Type Jet Fuel (Thousand Barrels),36,MBBL
1989-05,NUS-Z00,U.S.,EPJK,Kerosene-Type Jet Fuel,EEX,Exports,MKJEXUS2,U.S. Exports of Kerosene-Type Jet Fuel (Thousand Barrels per Day),1,MBBL/D
1989-06,NUS-Z00,U.S.,EPJK,Kerosene-Type Jet Fuel,EEX,Exports,MKJEXUS1,U.S. Exports of Kerosene-Type Jet Fuel (Thousand Barrels),35,MBBL
1989-06,NUS-Z00,U.S.,EPJK,Kerosene-Type Jet Fuel,EEX,Exports,MKJEXUS2,U.S. Exports of Kerosene-Type Jet Fuel (Thousand Barrels per Day),1,MBBL/D
1989-07,NUS-Z00,U.S.,EPJK,Kerosene-Type Jet Fuel,EEX,Exports,MKJEXUS1,U.S. Exports of Kerosene-Type Jet Fuel (Thousand Barrels),287,MBBL
1989-07,NUS-Z00,U.S.,EPJK,Kerosene-Type Jet Fuel,EEX,Exports,MKJEXUS2,U.S. Exports of Kerosene-Type Jet Fuel (Thousand Barrels per Day),9,MBBL/D
1989-08,NUS-Z00,U.S.,EPJK,Kerosene-Type Jet Fuel,EEX,Exports,MKJEXUS1,U.S. Exports of Kerosene-Type Jet Fuel (Thousand Barrels),467,MBBL
1989-08,NUS-Z00,U.S.,EPJK,Kerosene-Type Jet Fuel,EEX,Exports,MKJEXUS2,U.S. Exports of Kerosene-Type Jet Fuel (Thousand Barrels per Day),15,MBBL/D
1989-09,NUS-Z00,U.S.,EPJK,Kerosene-Type Jet Fuel,EEX,Exports,MKJEXUS1,U.S. Exports of Kerosene-Type Jet Fuel (Thousand Barrels),1018,MBBL
1989-09,NUS-Z00,U.S.,EPJK,Kerosene-Type Jet Fuel,EEX,Exports,MKJEXUS2,U.S. Exports of Kerosene-Type Jet Fuel (Thousand Barrels per Day),34,MBBL/D
1989-10,NUS-Z00,U.S.,EPJK,Kerosene-Type Jet Fuel,EEX,Exports,MKJEXUS1,U.S. Exports of Kerosene-Type Jet Fuel (Thousand Barrels),849,MBBL
1989-10,NUS-Z00,U.S.,EPJK,Kerosene-Type Jet Fuel,EEX,Exports,MKJEXUS2,U.S. Exports of Kerosene-Type Jet Fuel (Thousand Barrels per Day),27,MBBL/D
1989-11,NUS-Z00,U.S.,EPJK,Kerosene-Type Jet Fuel,EEX,Exports,MKJEXUS1,U.S. Exports of Kerosene-Type Jet Fuel (Thousand Barrels),1183,MBBL
1989-11,NUS-Z00,U.S.,EPJK,Kerosene-Type Jet Fuel,EEX,Exports,MKJEXUS2,U.S. Exports of Kerosene-Type Jet Fuel (Thousand Barrels per Day),39,MBBL/D
1989-12,NUS-Z00,U.S.,EPJK,Kerosene-Type Jet Fuel,EEX,Exports,MKJEXUS1,U.S. Exports of Kerosene-Type Jet Fuel (Thousand Barrels),1309,MBBL
1989-12,NUS-Z00,U.S.,EPJK,Kerosene-Type Jet Fuel,EEX,Exports,MKJEXUS2,U.S. Exports of Kerosene-Type Jet Fuel (Thousand Barrels per Day),42,MBBL/D
1990-01,NUS-Z00,U.S.,EPJK,Kerosene-Type Jet Fuel,EEX,Exports,MKJEXUS1,U.S. Exports of Kerosene-Type Jet Fuel (Thousand Barrels),668,MBBL
1990-01,NUS-Z00,U.S.,EPJK,Kerosene-Type Jet Fuel,EEX,Exports,MKJEXUS2,U.S. Exports of Kerosene-Type Jet Fuel (Thousand Barrels per Day),22,MBBL/D
1990-02,NUS-Z00,U.S.,EPJK,Kerosene-Type Jet Fuel,EEX,Exports,MKJEXUS1,U.S. Exports of Kerosene-Type Jet Fuel (Thousand Barrels),1393,MBBL
1990-02,NUS-Z00,U.S.,EPJK,Kerosene-Type Jet Fuel,EEX,Exports,MKJEXUS2,U.S. Exports of Kerosene-Type Jet Fuel (Thousand Barrels per Day),50,MBBL/D
1990-03,NUS-Z00,U.S.,EPJK,Kerosene-Type Jet Fuel,EEX,Exports,MKJEXUS1,U.S. Exports of Kerosene-Type Jet Fuel (Thousand Barrels),515,MBBL
1990-03,NUS-Z00,U.S.,EPJK,Kerosene-Type Jet Fuel,EEX,Exports,MKJEXUS2,U.S. Exports of Kerosene-Type Jet Fuel (Thousand Barrels per Day),17,MBBL/D
1990-04,NUS-Z00,U.S.,EPJK,Kerosene-Type Jet Fuel,EEX,Exports,MKJEXUS1,U.S. Exports of Kerosene-Type Jet Fuel (Thousand Barrels),331,MBBL
1990-04,NUS-Z00,U.S.,EPJK,Kerosene-Type Jet Fuel,EEX,Exports,MKJEXUS2,U.S. Exports of Kerosene-Type Jet Fuel (Thousand Barrels per Day),11,MBBL/D
1990-05,NUS-Z00,U.S.,EPJK,Kerosene-Type Jet Fuel,EEX,Exports,MKJEXUS1,U.S. Exports of Kerosene-Type Jet Fuel (Thousand Barrels),238,MBBL
1990-05,NUS-Z00,U.S.,EPJK,Kerosene-Type Jet Fuel,EEX,Exports,MKJEXUS2,U.S. Exports of Kerosene-Type Jet Fuel (Thousand Barrels per Day),8,MBBL/D
1990-06,NUS-Z00,U.S.,EPJK,Kerosene-Type Jet Fuel,EEX,Exports,MKJEXUS1,U.S. Exports of Kerosene-Type Jet Fuel (Thousand Barrels),207,MBBL
1990-06,NUS-Z00,U.S.,EPJK,Kerosene-Type Jet Fuel,EEX,Exports,MKJEXUS2,U.S. Exports of Kerosene-Type Jet Fuel (Thousand Barrels per Day),7,MBBL/D
1990-07,NUS-Z00,U.S.,EPJK,Kerosene-Type Jet Fuel,EEX,Exports,MKJEXUS1,U.S. Exports of Kerosene-Type Jet Fuel (Thousand Barrels),302,MBBL
1990-07,NUS-Z00,U.S.,EPJK,Kerosene-Type Jet Fuel,EEX,Exports,MKJEXUS2,U.S. Exports of Kerosene-Type Jet Fuel (Thousand Barrels per Day),10,MBBL/D
1990-08,NUS-Z00,U.S.,EPJK,Kerosene-Type Jet Fuel,EEX,Exports,MKJEXUS1,U.S. Exports of Kerosene-Type Jet Fuel (Thousand Barrels),927,MBBL
1990-08,NUS-Z00,U.S.,EPJK,Kerosene-Type Jet Fuel,EEX,Exports,MKJEXUS2,U.S. Exports of Kerosene-Type Jet Fuel (Thousand Barrels per Day),30,MBBL/D
1990-09,NUS-Z00,U.S.,EPJK,Kerosene-Type Jet Fuel,EEX,Exports,MKJEXUS1,U.S. Exports of Kerosene-Type Jet Fuel (Thousand Barrels),1349,MBBL
1990-09,NUS-Z00,U.S.,EPJK,Kerosene-Type Jet Fuel,EEX,Exports,MKJEXUS2,U.S. Exports of Kerosene-Type Jet Fuel (Thousand Barrels per Day),45,MBBL/D
1990-10,NUS-Z00,U.S.,EPJK,Kerosene-Type Jet Fuel,EEX,Exports,MKJEXUS1,U.S. Exports of Kerosene-Type Jet Fuel (Thousand Barrels),2246,MBBL
1990-10,NUS-Z00,U.S.,EPJK,Kerosene-Type Jet Fuel,EEX,Exports,MKJEXUS2,U.S. Exports of Kerosene-Type Jet Fuel (Thousand Barrels per Day),72,MBBL/D
1990-11,NUS-Z00,U.S.,EPJK,Kerosene-Type Jet Fuel,EEX,Exports,MKJEXUS1,U.S. Exports of Kerosene-Type Jet Fuel (Thousand Barrels),4218,MBBL
1990-11,NUS-Z00,U.S.,EPJK,Kerosene-Type Jet Fuel,EEX,Exports,MKJEXUS2,U.S. Exports of Kerosene-Type Jet Fuel (Thousand Barrels per Day),141,MBBL/D
1990-12,NUS-Z00,U.S.,EPJK,Kerosene-Type Jet Fuel,EEX,Exports,MKJEXUS1,U.S. Exports of Kerosene-Type Jet Fuel (Thousand Barrels),1854,MBBL
1990-12,NUS-Z00,U.S.,EPJK,Kerosene-Type Jet Fuel,EEX,Exports,MKJEXUS2,U.S. Exports of Kerosene-Type Jet Fuel (Thousand Barrels per Day),60,MBBL/D
1991-01,NUS-Z00,U.S.,EPJK,Kerosene-Type Jet Fuel,EEX,Exports,MKJEXUS1,U.S. Exports of Kerosene-Type Jet Fuel (Thousand Barrels),2265,MBBL
1991-01,NUS-Z00,U.S.,EPJK,Kerosene-Type Jet Fuel,EEX,Exports,MKJEXUS2,U.S. Exports of Kerosene-Type Jet Fuel (Thousand Barrels per Day),73,MBBL/D
1991-02,NUS-Z00,U.S.,EPJK,Kerosene-Type Jet Fuel,EEX,Exports,MKJEXUS1,U.S. Exports of Kerosene-Type Jet Fuel (Thousand Barrels),4393,MBBL
1991-02,NUS-Z00,U.S.,EPJK,Kerosene-Type Jet Fuel,EEX,Exports,MKJEXUS2,U.S. Exports of Kerosene-Type Jet Fuel (Thousand Barrels per Day),157,MBBL/D
1991-03,NUS-Z00,U.S.,EPJK,Kerosene-Type Jet Fuel,EEX,Exports,MKJEXUS1,U.S. Exports of Kerosene-Type Jet Fuel (Thousand Barrels),1197,MBBL
1991-03,NUS-Z00,U.S.,EPJK,Kerosene-Type Jet Fuel,EEX,Exports,MKJEXUS2,U.S. Exports of Kerosene-Type Jet Fuel (Thousand Barrels per Day),39,MBBL/D
1991-04,NUS-Z00,U.S.,EPJK,Kerosene-Type Jet Fuel,EEX,Exports,MKJEXUS1,U.S. Exports of Kerosene-Type Jet Fuel (Thousand Barrels),758,MBBL
1991-04,NUS-Z00,U.S.,EPJK,Kerosene-Type Jet Fuel,EEX,Exports,MKJEXUS2,U.S. Exports of Kerosene-Type Jet Fuel (Thousand Barrels per Day),25,MBBL/D
1991-05,NUS-Z00,U.S.,EPJK,Kerosene-Type Jet Fuel,EEX,Exports,MKJEXUS1,U.S. Exports of Kerosene-Type Jet Fuel (Thousand Barrels),1047,MBBL
1991-05,NUS-Z00,U.S.,EPJK,Kerosene-Type Jet Fuel,EEX,Exports,MKJEXUS2,U.S. Exports of Kerosene-Type Jet Fuel (Thousand Barrels per Day),34,MBBL/D
1991-06,NUS-Z00,U.S.,EPJK,Kerosene-Type Jet Fuel,EEX,Exports,MKJEXUS1,U.S. Exports of Kerosene-Type Jet Fuel (Thousand Barrels),391,MBBL
1991-06,NUS-Z00,U.S.,EPJK,Kerosene-Type Jet Fuel,EEX,Exports,MKJEXUS2,U.S. Exports of Kerosene-Type Jet Fuel (Thousand Barrels per Day),13,MBBL/D
1991-07,NUS-Z00,U.S.,EPJK,Kerosene-Type Jet Fuel,EEX,Exports,MKJEXUS1,U.S. Exports of Kerosene-Type Jet Fuel (Thousand Barrels),840,MBBL
1991-07,NUS-Z00,U.S.,EPJK,Kerosene-Type Jet Fuel,EEX,Exports,MKJEXUS2,U.S. Exports of Kerosene-Type Jet Fuel (Thousand Barrels per Day),27,MBBL/D
1991-08,NUS-Z00,U.S.,EPJK,Kerosene-Type Jet Fuel,EEX,Exports,MKJEXUS1,U.S. Exports of Kerosene-Type Jet Fuel (Thousand Barrels),326,MBBL
1991-08,NUS-Z00,U.S.,EPJK,Kerosene-Type Jet Fuel,EEX,Exports,MKJEXUS2,U.S. Exports of Kerosene-Type Jet Fuel (Thousand Barrels per Day),11,MBBL/D
1991-09,NUS-Z00,U.S.,EPJK,Kerosene-Type Jet Fuel,EEX,Exports,MKJEXUS1,U.S. Exports of Kerosene-Type Jet Fuel (Thousand Barrels),295,MBBL
1991-09,NUS-Z00,U.S.,EPJK,Kerosene-Type Jet Fuel,EEX,Exports,MKJEXUS2,U.S. Exports of Kerosene-Type Jet Fuel (Thousand Barrels per Day),10,MBBL/D
1991-10,NUS-Z00,U.S.,EPJK,Kerosene-Type Jet Fuel,EEX,Exports,MKJEXUS1,U.S. Exports of Kerosene-Type Jet Fuel (Thousand Barrels),1342,MBBL
1991-10,NUS-Z00,U.S.,EPJK,Kerosene-Type Jet Fuel,EEX,Exports,MKJEXUS2,U.S. Exports of Kerosene-Type Jet Fuel (Thousand Barrels per Day),43,MBBL/D
1991-11,NUS-Z00,U.S.,EPJK,Kerosene-Type Jet Fuel,EEX,Exports,MKJEXUS1,U.S. Exports of Kerosene-Type Jet Fuel (Thousand Barrels),137,MBBL
1991-11,NUS-Z00,U.S.,EPJK,Kerosene-Type Jet Fuel,EEX,Exports,MKJEXUS2,U.S. Exports of Kerosene-Type Jet Fuel (Thousand Barrels per Day),5,MBBL/D
1991-12,NUS-Z00,U.S.,EPJK,Kerosene-Type Jet Fuel,EEX,Exports,MKJEXUS1,U.S. Exports of Kerosene-Type Jet Fuel (Thousand Barrels),1273,MBBL
1991-12,NUS-Z00,U.S.,EPJK,Kerosene-Type Jet Fuel,EEX,Exports,MKJEXUS2,U.S. Exports of Kerosene-Type Jet Fuel (Thousand Barrels per Day),41,MBBL/D
1992-01,NUS-Z00,U.S.,EPJK,Kerosene-Type Jet Fuel,EEX,Exports,MKJEXUS1,U.S. Exports of Kerosene-Type Jet Fuel (Thousand Barrels),1375,MBBL
1992-01,NUS-Z00,U.S.,EPJK,Kerosene-Type Jet Fuel,EEX,Exports,MKJEXUS2,U.S. Exports of Kerosene-Type Jet Fuel (Thousand Barrels per Day),44,MBBL/D
1992-02,NUS-Z00,U.S.,EPJK,Kerosene-Type Jet Fuel,EEX,Exports,MKJEXUS1,U.S. Exports of Kerosene-Type Jet Fuel (Thousand Barrels),1168,MBBL
1992-02,NUS-Z00,U.S.,EPJK,Kerosene-Type Jet Fuel,EEX,Exports,MKJEXUS2,U.S. Exports of Kerosene-Type Jet Fuel (Thousand Barrels per Day),40,MBBL/D
1992-03,NUS-Z00,U.S.,EPJK,Kerosene-Type Jet Fuel,EEX,Exports,MKJEXUS1,U.S. Exports of Kerosene-Type Jet Fuel (Thousand Barrels),194,MBBL
1992-03,NUS-Z00,U.S.,EPJK,Kerosene-Type Jet Fuel,EEX,Exports,MKJEXUS2,U.S. Exports of Kerosene-Type Jet Fuel (Thousand Barrels per Day),6,MBBL/D
1992-04,NUS-Z00,U.S.,EPJK,Kerosene-Type Jet Fuel,EEX,Exports,MKJEXUS1,U.S. Exports of Kerosene-Type Jet Fuel (Thousand Barrels),368,MBBL
1992-04,NUS-Z00,U.S.,EPJK,Kerosene-Type Jet Fuel,EEX,Exports,MKJEXUS2,U.S. Exports of Kerosene-Type Jet Fuel (Thousand Barrels per Day),12,MBBL/D
1992-05,NUS-Z00,U.S.,EPJK,Kerosene-Type Jet Fuel,EEX,Exports,MKJEXUS1,U.S. Exports of Kerosene-Type Jet Fuel (Thousand Barrels),202,MBBL
1992-05,NUS-Z00,U.S.,EPJK,Kerosene-Type Jet Fuel,EEX,Exports,MKJEXUS2,U.S. Exports of Kerosene-Type Jet Fuel (Thousand Barrels per Day),7,MBBL/D
1992-06,NUS-Z00,U.S.,EPJK,Kerosene-Type Jet Fuel,EEX,Exports,MKJEXUS1,U.S. Exports of Kerosene-Type Jet Fuel (Thousand Barrels),583,MBBL
1992-06,NUS-Z00,U.S.,EPJK,Kerosene-Type Jet Fuel,EEX,Exports,MKJEXUS2,U.S. Exports of Kerosene-Type Jet Fuel (Thousand Barrels per Day),19,MBBL/D
1992-07,NUS-Z00,U.S.,EPJK,Kerosene-Type Jet Fuel,EEX,Exports,MKJEXUS1,U.S. Exports of Kerosene-Type Jet Fuel (Thousand Barrels),1623,MBBL
1992-07,NUS-Z00,U.S.,EPJK,Kerosene-Type Jet Fuel,EEX,Exports,MKJEXUS2,U.S. Exports of Kerosene-Type Jet Fuel (Thousand Barrels per Day),52,MBBL/D
1992-08,NUS-Z00,U.S.,EPJK,Kerosene-Type Jet Fuel,EEX,Exports,MKJEXUS1,U.S. Exports of Kerosene-Type Jet Fuel (Thousand Barrels),500,MBBL
1992-08,NUS-Z00,U.S.,EPJK,Kerosene-Type Jet Fuel,EEX,Exports,MKJEXUS2,U.S. Exports of Kerosene-Type Jet Fuel (Thousand Barrels per Day),16,MBBL/D
1992-09,NUS-Z00,U.S.,EPJK,Kerosene-Type Jet Fuel,EEX,Exports,MKJEXUS1,U.S. Exports of Kerosene-Type Jet Fuel (Thousand Barrels),333,MBBL
1992-09,NUS-Z00,U.S.,EPJK,Kerosene-Type Jet Fuel,EEX,Exports,MKJEXUS2,U.S. Exports of Kerosene-Type Jet Fuel (Thousand Barrels per Day),11,MBBL/D
1992-10,NUS-Z00,U.S.,EPJK,Kerosene-Type Jet Fuel,EEX,Exports,MKJEXUS1,U.S. Exports of Kerosene-Type Jet Fuel (Thousand Barrels),1266,MBBL
1992-10,NUS-Z00,U.S.,EPJK,Kerosene-Type Jet Fuel,EEX,Exports,MKJEXUS2,U.S. Exports of Kerosene-Type Jet Fuel (Thousand Barrels per Day),41,MBBL/D
1992-11,NUS-Z00,U.S.,EPJK,Kerosene-Type Jet Fuel,EEX,Exports,MKJEXUS1,U.S. Exports of Kerosene-Type Jet Fuel (Thousand Barrels),1125,MBBL
1992-11,NUS-Z00,U.S.,EPJK,Kerosene-Type Jet Fuel,EEX,Exports,MKJEXUS2,U.S. Exports of Kerosene-Type Jet Fuel (Thousand Barrels per Day),38,MBBL/D
1992-12,NUS-Z00,U.S.,EPJK,Kerosene-Type Jet Fuel,EEX,Exports,MKJEXUS1,U.S. Exports of Kerosene-Type Jet Fuel (Thousand Barrels),3439,MBBL
1992-12,NUS-Z00,U.S.,EPJK,Kerosene-Type Jet Fuel,EEX,Exports,MKJEXUS2,U.S. Exports of Kerosene-Type Jet Fuel (Thousand Barrels per Day),111,MBBL/D
1993-01,NUS-Z00,U.S.,EPJK,Kerosene-Type Jet Fuel,EEX,Exports,MKJEXUS1,U.S. Exports of Kerosene-Type Jet Fuel (Thousand Barrels),2976,MBBL
1993-01,NUS-Z00,U.S.,EPJK,Kerosene-Type Jet Fuel,EEX,Exports,MKJEXUS2,U.S. Exports of Kerosene-Type Jet Fuel (Thousand Barrels per Day),96,MBBL/D
1993-02,NUS-Z00,U.S.,EPJK,Kerosene-Type Jet Fuel,EEX,Exports,MKJEXUS1,U.S. Exports of Kerosene-Type Jet Fuel (Thousand Barrels),451,MBBL
1993-02,NUS-Z00,U.S.,EPJK,Kerosene-Type Jet Fuel,EEX,Exports,MKJEXUS2,U.S. Exports of Kerosene-Type Jet Fuel (Thousand Barrels per Day),16,MBBL/D
1993-03,NUS-Z00,U.S.,EPJK,Kerosene-Type Jet Fuel,EEX,Exports,MKJEXUS1,U.S. Exports of Kerosene-Type Jet Fuel (Thousand Barrels),2575,MBBL
1993-03,NUS-Z00,U.S.,EPJK,Kerosene-Type Jet Fuel,EEX,Exports,MKJEXUS2,U.S. Exports of Kerosene-Type Jet Fuel (Thousand Barrels per Day),83,MBBL/D
1993-04,NUS-Z00,U.S.,EPJK,Kerosene-Type Jet Fuel,EEX,Exports,MKJEXUS1,U.S. Exports of Kerosene-Type Jet Fuel (Thousand Barrels),1833,MBBL
1993-04,NUS-Z00,U.S.,EPJK,Kerosene-Type Jet Fuel,EEX,Exports,MKJEXUS2,U.S. Exports of Kerosene-Type Jet Fuel (Thousand Barrels per Day),61,MBBL/D
1993-05,NUS-Z00,U.S.,EPJK,Kerosene-Type Jet Fuel,EEX,Exports,MKJEXUS1,U.S. Exports of Kerosene-Type Jet Fuel (Thousand Barrels),1460,MBBL
1993-05,NUS-Z00,U.S.,EPJK,Kerosene-Type Jet Fuel,EEX,Exports,MKJEXUS2,U.S. Exports of Kerosene-Type Jet Fuel (Thousand Barrels per Day),47,MBBL/D
1993-06,NUS-Z00,U.S.,EPJK,Kerosene-Type Jet Fuel,EEX,Exports,MKJEXUS1,U.S. Exports of Kerosene-Type Jet Fuel (Thousand Barrels),1035,MBBL
1993-06,NUS-Z00,U.S.,EPJK,Kerosene-Type Jet Fuel,EEX,Exports,MKJEXUS2,U.S. Exports of Kerosene-Type Jet Fuel (Thousand Barrels per Day),35,MBBL/D
1993-07,NUS-Z00,U.S.,EPJK,Kerosene-Type Jet Fuel,EEX,Exports,MKJEXUS1,U.S. Exports of Kerosene-Type Jet Fuel (Thousand Barrels),1799,MBBL
1993-07,NUS-Z00,U.S.,EPJK,Kerosene-Type Jet Fuel,EEX,Exports,MKJEXUS2,U.S. Exports of Kerosene-Type Jet Fuel (Thousand Barrels per Day),58,MBBL/D
1993-08,NUS-Z00,U.S.,EPJK,Kerosene-Type Jet Fuel,EEX,Exports,MKJEXUS1,U.S. Exports of Kerosene-Type Jet Fuel (Thousand Barrels),1017,MBBL
1993-08,NUS-Z00,U.S.,EPJK,Kerosene-Type Jet Fuel,EEX,Exports,MKJEXUS2,U.S. Exports of Kerosene-Type Jet Fuel (Thousand Barrels per Day),33,MBBL/D
1993-09,NUS-Z00,U.S.,EPJK,Kerosene-Type Jet Fuel,EEX,Exports,MKJEXUS1,U.S. Exports of Kerosene-Type Jet Fuel (Thousand Barrels),414,MBBL
1993-09,NUS-Z00,U.S.,EPJK,Kerosene-Type Jet Fuel,EEX,Exports,MKJEXUS2,U.S. Exports of Kerosene-Type Jet Fuel (Thousand Barrels per Day),14,MBBL/D
1993-10,NUS-Z00,U.S.,EPJK,Kerosene-Type Jet Fuel,EEX,Exports,MKJEXUS1,U.S. Exports of Kerosene-Type Jet Fuel (Thousand Barrels),396,MBBL
1993-10,NUS-Z00,U.S.,EPJK,Kerosene-Type Jet Fuel,EEX,Exports,MKJEXUS2,U.S. Exports of Kerosene-Type Jet Fuel (Thousand Barrels per Day),13,MBBL/D
1993-11,NUS-Z00,U.S.,EPJK,Kerosene-Type Jet Fuel,EEX,Exports,MKJEXUS1,U.S. Exports of Kerosene-Type Jet Fuel (Thousand Barrels),765,MBBL
1993-11,NUS-Z00,U.S.,EPJK,Kerosene-Type Jet Fuel,EEX,Exports,MKJEXUS2,U.S. Exports of Kerosene-Type Jet Fuel (Thousand Barrels per Day),25,MBBL/D
1993-12,NUS-Z00,U.S.,EPJK,Kerosene-Type Jet Fuel,EEX,Exports,MKJEXUS1,U.S. Exports of Kerosene-Type Jet Fuel (Thousand Barrels),1063,MBBL
1993-12,NUS-Z00,U.S.,EPJK,Kerosene-Type Jet Fuel,EEX,Exports,MKJEXUS2,U.S. Exports of Kerosene-Type Jet Fuel (Thousand Barrels per Day),34,MBBL/D
1994-01,NUS-Z00,U.S.,EPJK,Kerosene-Type Jet Fuel,EEX,Exports,MKJEXUS1,U.S. Exports of Kerosene-Type Jet Fuel (Thousand Barrels),561,MBBL
1994-01,NUS-Z00,U.S.,EPJK,Kerosene-Type Jet Fuel,EEX,Exports,MKJEXUS2,U.S. Exports of Kerosene-Type Jet Fuel (Thousand Barrels per Day),18,MBBL/D
1994-02,NUS-Z00,U.S.,EPJK,Kerosene-Type Jet Fuel,EEX,Exports,MKJEXUS1,U.S. Exports of Kerosene-Type Jet Fuel (Thousand Barrels),722,MBBL
1994-02,NUS-Z00,U.S.,EPJK,Kerosene-Type Jet Fuel,EEX,Exports,MKJEXUS2,U.S. Exports of Kerosene-Type Jet Fuel (Thousand Barrels per Day),26,MBBL/D
1994-03,NUS-Z00,U.S.,EPJK,Kerosene-Type Jet Fuel,EEX,Exports,MKJEXUS1,U.S. Exports of Kerosene-Type Jet Fuel (Thousand Barrels),445,MBBL
1994-03,NUS-Z00,U.S.,EPJK,Kerosene-Type Jet Fuel,EEX,Exports,MKJEXUS2,U.S. Exports of Kerosene-Type Jet Fuel (Thousand Barrels per Day),14,MBBL/D
1994-04,NUS-Z00,U.S.,EPJK,Kerosene-Type Jet Fuel,EEX,Exports,MKJEXUS1,U.S. Exports of Kerosene-Type Jet Fuel (Thousand Barrels),71,MBBL
1994-04,NUS-Z00,U.S.,EPJK,Kerosene-Type Jet Fuel,EEX,Exports,MKJEXUS2,U.S. Exports of Kerosene-Type Jet Fuel (Thousand Barrels per Day),2,MBBL/D
1994-05,NUS-Z00,U.S.,EPJK,Kerosene-Type Jet Fuel,EEX,Exports,MKJEXUS1,U.S. Exports of Kerosene-Type Jet Fuel (Thousand Barrels),282,MBBL
1994-05,NUS-Z00,U.S.,EPJK,Kerosene-Type Jet Fuel,EEX,Exports,MKJEXUS2,U.S. Exports of Kerosene-Type Jet Fuel (Thousand Barrels per Day),9,MBBL/D
1994-06,NUS-Z00,U.S.,EPJK,Kerosene-Type Jet Fuel,EEX,Exports,MKJEXUS1,U.S. Exports of Kerosene-Type Jet Fuel (Thousand Barrels),305,MBBL
1994-06,NUS-Z00,U.S.,EPJK,Kerosene-Type Jet Fuel,EEX,Exports,MKJEXUS2,U.S. Exports of Kerosene-Type Jet Fuel (Thousand Barrels per Day),10,MBBL/D
1994-07,NUS-Z00,U.S.,EPJK,Kerosene-Type Jet Fuel,EEX,Exports,MKJEXUS1,U.S. Exports of Kerosene-Type Jet Fuel (Thousand Barrels),340,MBBL
1994-07,NUS-Z00,U.S.,EPJK,Kerosene-Type Jet Fuel,EEX,Exports,MKJEXUS2,U.S. Exports of Kerosene-Type Jet Fuel (Thousand Barrels per Day),11,MBBL/D
1994-08,NUS-Z00,U.S.,EPJK,Kerosene-Type Jet Fuel,EEX,Exports,MKJEXUS1,U.S. Exports of Kerosene-Type Jet Fuel (Thousand Barrels),311,MBBL
1994-08,NUS-Z00,U.S.,EPJK,Kerosene-Type Jet Fuel,EEX,Exports,MKJEXUS2,U.S. Exports of Kerosene-Type Jet Fuel (Thousand Barrels per Day),10,MBBL/D
1994-09,NUS-Z00,U.S.,EPJK,Kerosene-Type Jet Fuel,EEX,Exports,MKJEXUS1,U.S. Exports of Kerosene-Type Jet Fuel (Thousand Barrels),784,MBBL
1994-09,NUS-Z00,U.S.,EPJK,Kerosene-Type Jet Fuel,EEX,Exports,MKJEXUS2,U.S. Exports of Kerosene-Type Jet Fuel (Thousand Barrels per Day),26,MBBL/D
1994-10,NUS-Z00,U.S.,EPJK,Kerosene-Type Jet Fuel,EEX,Exports,MKJEXUS1,U.S. Exports of Kerosene-Type Jet Fuel (Thousand Barrels),541,MBBL
1994-10,NUS-Z00,U.S.,EPJK,Kerosene-Type Jet Fuel,EEX,Exports,MKJEXUS2,U.S. Exports of Kerosene-Type Jet Fuel (Thousand Barrels per Day),17,MBBL/D
1994-11,NUS-Z00,U.S.,EPJK,Kerosene-Type Jet Fuel,EEX,Exports,MKJEXUS1,U.S. Exports of Kerosene-Type Jet Fuel (Thousand Barrels),524,MBBL
1994-11,NUS-Z00,U.S.,EPJK,Kerosene-Type Jet Fuel,EEX,Exports,MKJEXUS2,U.S. Exports of Kerosene-Type Jet Fuel (Thousand Barrels per Day),17,MBBL/D
1994-12,NUS-Z00,U.S.,EPJK,Kerosene-Type Jet Fuel,EEX,Exports,MKJEXUS1,U.S. Exports of Kerosene-Type Jet Fuel (Thousand Barrels),1002,MBBL
1994-12,NUS-Z00,U.S.,EPJK,Kerosene-Type Jet Fuel,EEX,Exports,MKJEXUS2,U.S. Exports of Kerosene-Type Jet Fuel (Thousand Barrels per Day),32,MBBL/D
1995-01,NUS-Z00,U.S.,EPJK,Kerosene-Type Jet Fuel,EEX,Exports,MKJEXUS1,U.S. Exports of Kerosene-Type Jet Fuel (Thousand Barrels),766,MBBL
1995-01,NUS-Z00,U.S.,EPJK,Kerosene-Type Jet Fuel,EEX,Exports,MKJEXUS2,U.S. Exports of Kerosene-Type Jet Fuel (Thousand Barrels per Day),25,MBBL/D
1995-02,NUS-Z00,U.S.,EPJK,Kerosene-Type Jet Fuel,EEX,Exports,MKJEXUS1,U.S. Exports of Kerosene-Type Jet Fuel (Thousand Barrels),545,MBBL
1995-02,NUS-Z00,U.S.,EPJK,Kerosene-Type Jet Fuel,EEX,Exports,MKJEXUS2,U.S. Exports of Kerosene-Type Jet Fuel (Thousand Barrels per Day),19,MBBL/D
1995-03,NUS-Z00,U.S.,EPJK,Kerosene-Type Jet Fuel,EEX,Exports,MKJEXUS1,U.S. Exports of Kerosene-Type Jet Fuel (Thousand Barrels),528,MBBL
1995-03,NUS-Z00,U.S.,EPJK,Kerosene-Type Jet Fuel,EEX,Exports,MKJEXUS2,U.S. Exports of Kerosene-Type Jet Fuel (Thousand Barrels per Day),17,MBBL/D
1995-04,NUS-Z00,U.S.,EPJK,Kerosene-Type Jet Fuel,EEX,Exports,MKJEXUS1,U.S. Exports of Kerosene-Type Jet Fuel (Thousand Barrels),138,MBBL
1995-04,NUS-Z00,U.S.,EPJK,Kerosene-Type Jet Fuel,EEX,Exports,MKJEXUS2,U.S. Exports of Kerosene-Type Jet Fuel (Thousand Barrels per Day),5,MBBL/D
1995-05,NUS-Z00,U.S.,EPJK,Kerosene-Type Jet Fuel,EEX,Exports,MKJEXUS1,U.S. Exports of Kerosene-Type Jet Fuel (Thousand Barrels),221,MBBL
1995-05,NUS-Z00,U.S.,EPJK,Kerosene-Type Jet Fuel,EEX,Exports,MKJEXUS2,U.S. Exports of Kerosene-Type Jet Fuel (Thousand Barrels per Day),7,MBBL/D
1995-06,NUS-Z00,U.S.,EPJK,Kerosene-Type Jet Fuel,EEX,Exports,MKJEXUS1,U.S. Exports of Kerosene-Type Jet Fuel (Thousand Barrels),311,MBBL
1995-06,NUS-Z00,U.S.,EPJK,Kerosene-Type Jet Fuel,EEX,Exports,MKJEXUS2,U.S. Exports of Kerosene-Type Jet Fuel (Thousand Barrels per Day),10,MBBL/D
1995-07,NUS-Z00,U.S.,EPJK,Kerosene-Type Jet Fuel,EEX,Exports,MKJEXUS1,U.S. Exports of Kerosene-Type Jet Fuel (Thousand Barrels),572,MBBL
1995-07,NUS-Z00,U.S.,EPJK,Kerosene-Type Jet Fuel,EEX,Exports,MKJEXUS2,U.S. Exports of Kerosene-Type Jet Fuel (Thousand Barrels per Day),18,MBBL/D
1995-08,NUS-Z00,U.S.,EPJK,Kerosene-Type Jet Fuel,EEX,Exports,MKJEXUS1,U.S. Exports of Kerosene-Type Jet Fuel (Thousand Barrels),535,MBBL
1995-08,NUS-Z00,U.S.,EPJK,Kerosene-Type Jet Fuel,EEX,Exports,MKJEXUS2,U.S. Exports of Kerosene-Type Jet Fuel (Thousand Barrels per Day),17,MBBL/D
1995-09,NUS-Z00,U.S.,EPJK,Kerosene-Type Jet Fuel,EEX,Exports,MKJEXUS1,U.S. Exports of Kerosene-Type Jet Fuel (Thousand Barrels),587,MBBL
1995-09,NUS-Z00,U.S.,EPJK,Kerosene-Type Jet Fuel,EEX,Exports,MKJEXUS2,U.S. Exports of Kerosene-Type Jet Fuel (Thousand Barrels per Day),20,MBBL/D
1995-10,NUS-Z00,U.S.,EPJK,Kerosene-Type Jet Fuel,EEX,Exports,MKJEXUS1,U.S. Exports of Kerosene-Type Jet Fuel (Thousand Barrels),1774,MBBL
1995-10,NUS-Z00,U.S.,EPJK,Kerosene-Type Jet Fuel,EEX,Exports,MKJEXUS2,U.S. Exports of Kerosene-Type Jet Fuel (Thousand Barrels per Day),57,MBBL/D
1995-11,NUS-Z00,U.S.,EPJK,Kerosene-Type Jet Fuel,EEX,Exports,MKJEXUS1,U.S. Exports of Kerosene-Type Jet Fuel (Thousand Barrels),387,MBBL
1995-11,NUS-Z00,U.S.,EPJK,Kerosene-Type Jet Fuel,EEX,Exports,MKJEXUS2,U.S. Exports of Kerosene-Type Jet Fuel (Thousand Barrels per Day),13,MBBL/D
1995-12,NUS-Z00,U.S.,EPJK,Kerosene-Type Jet Fuel,EEX,Exports,MKJEXUS1,U.S. Exports of Kerosene-Type Jet Fuel (Thousand Barrels),1940,MBBL
1995-12,NUS-Z00,U.S.,EPJK,Kerosene-Type Jet Fuel,EEX,Exports,MKJEXUS2,U.S. Exports of Kerosene-Type Jet Fuel (Thousand Barrels per Day),63,MBBL/D
1996-01,NUS-Z00,U.S.,EPJK,Kerosene-Type Jet Fuel,EEX,Exports,MKJEXUS1,U.S. Exports of Kerosene-Type Jet Fuel (Thousand Barrels),3443,MBBL
1996-01,NUS-Z00,U.S.,EPJK,Kerosene-Type Jet Fuel,EEX,Exports,MKJEXUS2,U.S. Exports of Kerosene-Type Jet Fuel (Thousand Barrels per Day),111,MBBL/D
1996-02,NUS-Z00,U.S.,EPJK,Kerosene-Type Jet Fuel,EEX,Exports,MKJEXUS1,U.S. Exports of Kerosene-Type Jet Fuel (Thousand Barrels),1929,MBBL
1996-02,NUS-Z00,U.S.,EPJK,Kerosene-Type Jet Fuel,EEX,Exports,MKJEXUS2,U.S. Exports of Kerosene-Type Jet Fuel (Thousand Barrels per Day),67,MBBL/D
1996-03,NUS-Z00,U.S.,EPJK,Kerosene-Type Jet Fuel,EEX,Exports,MKJEXUS1,U.S. Exports of Kerosene-Type Jet Fuel (Thousand Barrels),1543,MBBL
1996-03,NUS-Z00,U.S.,EPJK,Kerosene-Type Jet Fuel,EEX,Exports,MKJEXUS2,U.S. Exports of Kerosene-Type Jet Fuel (Thousand Barrels per Day),50,MBBL/D
1996-04,NUS-Z00,U.S.,EPJK,Kerosene-Type Jet Fuel,EEX,Exports,MKJEXUS1,U.S. Exports of Kerosene-Type Jet Fuel (Thousand Barrels),333,MBBL
1996-04,NUS-Z00,U.S.,EPJK,Kerosene-Type Jet Fuel,EEX,Exports,MKJEXUS2,U.S. Exports of Kerosene-Type Jet Fuel (Thousand Barrels per Day),11,MBBL/D
1996-05,NUS-Z00,U.S.,EPJK,Kerosene-Type Jet Fuel,EEX,Exports,MKJEXUS1,U.S. Exports of Kerosene-Type Jet Fuel (Thousand Barrels),414,MBBL
1996-05,NUS-Z00,U.S.,EPJK,Kerosene-Type Jet Fuel,EEX,Exports,MKJEXUS2,U.S. Exports of Kerosene-Type Jet Fuel (Thousand Barrels per Day),13,MBBL/D
1996-06,NUS-Z00,U.S.,EPJK,Kerosene-Type Jet Fuel,EEX,Exports,MKJEXUS1,U.S. Exports of Kerosene-Type Jet Fuel (Thousand Barrels),325,MBBL
1996-06,NUS-Z00,U.S.,EPJK,Kerosene-Type Jet Fuel,EEX,Exports,MKJEXUS2,U.S. Exports of Kerosene-Type Jet Fuel (Thousand Barrels per Day),11,MBBL/D
1996-07,NUS-Z00,U.S.,EPJK,Kerosene-Type Jet Fuel,EEX,Exports,MKJEXUS1,U.S. Exports of Kerosene-Type Jet Fuel (Thousand Barrels),837,MBBL
1996-07,NUS-Z00,U.S.,EPJK,Kerosene-Type Jet Fuel,EEX,Exports,MKJEXUS2,U.S. Exports of Kerosene-Type Jet Fuel (Thousand Barrels per Day),27,MBBL/D
1996-08,NUS-Z00,U.S.,EPJK,Kerosene-Type Jet Fuel,EEX,Exports,MKJEXUS1,U.S. Exports of Kerosene-Type Jet Fuel (Thousand Barrels),1040,MBBL
1996-08,NUS-Z00,U.S.,EPJK,Kerosene-Type Jet Fuel,EEX,Exports,MKJEXUS2,U.S. Exports of Kerosene-Type Jet Fuel (Thousand Barrels per Day),34,MBBL/D
1996-09,NUS-Z00,U.S.,EPJK,Kerosene-Type Jet Fuel,EEX,Exports,MKJEXUS1,U.S. Exports of Kerosene-Type Jet Fuel (Thousand Barrels),1525,MBBL
1996-09,NUS-Z00,U.S.,EPJK,Kerosene-Type Jet Fuel,EEX,Exports,MKJEXUS2,U.S. Exports of Kerosene-Type Jet Fuel (Thousand Barrels per Day),51,MBBL/D
1996-10,NUS-Z00,U.S.,EPJK,Kerosene-Type Jet Fuel,EEX,Exports,MKJEXUS1,U.S. Exports of Kerosene-Type Jet Fuel (Thousand Barrels),821,MBBL
1996-10,NUS-Z00,U.S.,EPJK,Kerosene-Type Jet Fuel,EEX,Exports,MKJEXUS2,U.S. Exports of Kerosene-Type Jet Fuel (Thousand Barrels per Day),26,MBBL/D
1996-11,NUS-Z00,U.S.,EPJK,Kerosene-Type Jet Fuel,EEX,Exports,MKJEXUS1,U.S. Exports of Kerosene-Type Jet Fuel (Thousand Barrels),1340,MBBL
1996-11,NUS-Z00,U.S.,EPJK,Kerosene-Type Jet Fuel,EEX,Exports,MKJEXUS2,U.S. Exports of Kerosene-Type Jet Fuel (Thousand Barrels per Day),45,MBBL/D
1996-12,NUS-Z00,U.S.,EPJK,Kerosene-Type Jet Fuel,EEX,Exports,MKJEXUS1,U.S. Exports of Kerosene-Type Jet Fuel (Thousand Barrels),3418,MBBL
1996-12,NUS-Z00,U.S.,EPJK,Kerosene-Type Jet Fuel,EEX,Exports,MKJEXUS2,U.S. Exports of Kerosene-Type Jet Fuel (Thousand Barrels per Day),110,MBBL/D
1997-01,NUS-Z00,U.S.,EPJK,Kerosene-Type Jet Fuel,EEX,Exports,MKJEXUS1,U.S. Exports of Kerosene-Type Jet Fuel (Thousand Barrels),2407,MBBL
1997-01,NUS-Z00,U.S.,EPJK,Kerosene-Type Jet Fuel,EEX,Exports,MKJEXUS2,U.S. Exports of Kerosene-Type Jet Fuel (Thousand Barrels per Day),78,MBBL/D
1997-02,NUS-Z00,U.S.,EPJK,Kerosene-Type Jet Fuel,EEX,Exports,MKJEXUS1,U.S. Exports of Kerosene-Type Jet Fuel (Thousand Barrels),635,MBBL
1997-02,NUS-Z00,U.S.,EPJK,Kerosene-Type Jet Fuel,EEX,Exports,MKJEXUS2,U.S. Exports of Kerosene-Type Jet Fuel (Thousand Barrels per Day),23,MBBL/D
1997-03,NUS-Z00,U.S.,EPJK,Kerosene-Type Jet Fuel,EEX,Exports,MKJEXUS1,U.S. Exports of Kerosene-Type Jet Fuel (Thousand Barrels),342,MBBL
1997-03,NUS-Z00,U.S.,EPJK,Kerosene-Type Jet Fuel,EEX,Exports,MKJEXUS2,U.S. Exports of Kerosene-Type Jet Fuel (Thousand Barrels per Day),11,MBBL/D
1997-04,NUS-Z00,U.S.,EPJK,Kerosene-Type Jet Fuel,EEX,Exports,MKJEXUS1,U.S. Exports of Kerosene-Type Jet Fuel (Thousand Barrels),621,MBBL
1997-04,NUS-Z00,U.S.,EPJK,Kerosene-Type Jet Fuel,EEX,Exports,MKJEXUS2,U.S. Exports of Kerosene-Type Jet Fuel (Thousand Barrels per Day),21,MBBL/D
1997-05,NUS-Z00,U.S.,EPJK,Kerosene-Type Jet Fuel,EEX,Exports,MKJEXUS1,U.S. Exports of Kerosene-Type Jet Fuel (Thousand Barrels),275,MBBL
1997-05,NUS-Z00,U.S.,EPJK,Kerosene-Type Jet Fuel,EEX,Exports,MKJEXUS2,U.S. Exports of Kerosene-Type Jet Fuel (Thousand Barrels per Day),9,MBBL/D
1997-06,NUS-Z00,U.S.,EPJK,Kerosene-Type Jet Fuel,EEX,Exports,MKJEXUS1,U.S. Exports of Kerosene-Type Jet Fuel (Thousand Barrels),1146,MBBL
1997-06,NUS-Z00,U.S.,EPJK,Kerosene-Type Jet Fuel,EEX,Exports,MKJEXUS2,U.S. Exports of Kerosene-Type Jet Fuel (Thousand Barrels per Day),38,MBBL/D
1997-07,NUS-Z00,U.S.,EPJK,Kerosene-Type Jet Fuel,EEX,Exports,MKJEXUS1,U.S. Exports of Kerosene-Type Jet Fuel (Thousand Barrels),1004,MBBL
1997-07,NUS-Z00,U.S.,EPJK,Kerosene-Type Jet Fuel,EEX,Exports,MKJEXUS2,U.S. Exports of Kerosene-Type Jet Fuel (Thousand Barrels per Day),32,MBBL/D
1997-08,NUS-Z00,U.S.,EPJK,Kerosene-Type Jet Fuel,EEX,Exports,MKJEXUS1,U.S. Exports of Kerosene-Type Jet Fuel (Thousand Barrels),819,MBBL
1997-08,NUS-Z00,U.S.,EPJK,Kerosene-Type Jet Fuel,EEX,Exports,MKJEXUS2,U.S. Exports of Kerosene-Type Jet Fuel (Thousand Barrels per Day),26,MBBL/D
1997-09,NUS-Z00,U.S.,EPJK,Kerosene-Type Jet Fuel,EEX,Exports,MKJEXUS1,U.S. Exports of Kerosene-Type Jet Fuel (Thousand Barrels),471,MBBL
1997-09,NUS-Z00,U.S.,EPJK,Kerosene-Type Jet Fuel,EEX,Exports,MKJEXUS2,U.S. Exports of Kerosene-Type Jet Fuel (Thousand Barrels per Day),16,MBBL/D
1997-10,NUS-Z00,U.S.,EPJK,Kerosene-Type Jet Fuel,EEX,Exports,MKJEXUS1,U.S. Exports of Kerosene-Type Jet Fuel (Thousand Barrels),1214,MBBL
1997-10,NUS-Z00,U.S.,EPJK,Kerosene-Type Jet Fuel,EEX,Exports,MKJEXUS2,U.S. Exports of Kerosene-Type Jet Fuel (Thousand Barrels per Day),39,MBBL/D
1997-11,NUS-Z00,U.S.,EPJK,Kerosene-Type Jet Fuel,EEX,Exports,MKJEXUS1,U.S. Exports of Kerosene-Type Jet Fuel (Thousand Barrels),1325,MBBL
1997-11,NUS-Z00,U.S.,EPJK,Kerosene-Type Jet Fuel,EEX,Exports,MKJEXUS2,U.S. Exports of Kerosene-Type Jet Fuel (Thousand Barrels per Day),44,MBBL/D
1997-12,NUS-Z00,U.S.,EPJK,Kerosene-Type Jet Fuel,EEX,Exports,MKJEXUS1,U.S. Exports of Kerosene-Type Jet Fuel (Thousand Barrels),2429,MBBL
1997-12,NUS-Z00,U.S.,EPJK,Kerosene-Type Jet Fuel,EEX,Exports,MKJEXUS2,U.S. Exports of Kerosene-Type Jet Fuel (Thousand Barrels per Day),78,MBBL/D
1998-01,NUS-Z00,U.S.,EPJK,Kerosene-Type Jet Fuel,EEX,Exports,MKJEXUS1,U.S. Exports of Kerosene-Type Jet Fuel (Thousand Barrels),1137,MBBL
1998-01,NUS-Z00,U.S.,EPJK,Kerosene-Type Jet Fuel,EEX,Exports,MKJEXUS2,U.S. Exports of Kerosene-Type Jet Fuel (Thousand Barrels per Day),37,MBBL/D
1998-02,NUS-Z00,U.S.,EPJK,Kerosene-Type Jet Fuel,EEX,Exports,MKJEXUS1,U.S. Exports of Kerosene-Type Jet Fuel (Thousand Barrels),710,MBBL
1998-02,NUS-Z00,U.S.,EPJK,Kerosene-Type Jet Fuel,EEX,Exports,MKJEXUS2,U.S. Exports of Kerosene-Type Jet Fuel (Thousand Barrels per Day),25,MBBL/D
1998-03,NUS-Z00,U.S.,EPJK,Kerosene-Type Jet Fuel,EEX,Exports,MKJEXUS1,U.S. Exports of Kerosene-Type Jet Fuel (Thousand Barrels),899,MBBL
1998-03,NUS-Z00,U.S.,EPJK,Kerosene-Type Jet Fuel,EEX,Exports,MKJEXUS2,U.S. Exports of Kerosene-Type Jet Fuel (Thousand Barrels per Day),29,MBBL/D
1998-04,NUS-Z00,U.S.,EPJK,Kerosene-Type Jet Fuel,EEX,Exports,MKJEXUS1,U.S. Exports of Kerosene-Type Jet Fuel (Thousand Barrels),957,MBBL
1998-04,NUS-Z00,U.S.,EPJK,Kerosene-Type Jet Fuel,EEX,Exports,MKJEXUS2,U.S. Exports of Kerosene-Type Jet Fuel (Thousand Barrels per Day),32,MBBL/D
1998-05,NUS-Z00,U.S.,EPJK,Kerosene-Type Jet Fuel,EEX,Exports,MKJEXUS1,U.S. Exports of Kerosene-Type Jet Fuel (Thousand Barrels),702,MBBL
1998-05,NUS-Z00,U.S.,EPJK,Kerosene-Type Jet Fuel,EEX,Exports,MKJEXUS2,U.S. Exports of Kerosene-Type Jet Fuel (Thousand Barrels per Day),23,MBBL/D
1998-06,NUS-Z00,U.S.,EPJK,Kerosene-Type Jet Fuel,EEX,Exports,MKJEXUS1,U.S. Exports of Kerosene-Type Jet Fuel (Thousand Barrels),737,MBBL
1998-06,NUS-Z00,U.S.,EPJK,Kerosene-Type Jet Fuel,EEX,Exports,MKJEXUS2,U.S. Exports of Kerosene-Type Jet Fuel (Thousand Barrels per Day),25,MBBL/D
1998-07,NUS-Z00,U.S.,EPJK,Kerosene-Type Jet Fuel,EEX,Exports,MKJEXUS1,U.S. Exports of Kerosene-Type Jet Fuel (Thousand Barrels),796,MBBL
1998-07,NUS-Z00,U.S.,EPJK,Kerosene-Type Jet Fuel,EEX,Exports,MKJEXUS2,U.S. Exports of Kerosene-Type Jet Fuel (Thousand Barrels per Day),26,MBBL/D
1998-08,NUS-Z00,U.S.,EPJK,Kerosene-Type Jet Fuel,EEX,Exports,MKJEXUS1,U.S. Exports of Kerosene-Type Jet Fuel (Thousand Barrels),225,MBBL
1998-08,NUS-Z00,U.S.,EPJK,Kerosene-Type Jet Fuel,EEX,Exports,MKJEXUS2,U.S. Exports of Kerosene-Type Jet Fuel (Thousand Barrels per Day),7,MBBL/D
1998-09,NUS-Z00,U.S.,EPJK,Kerosene-Type Jet Fuel,EEX,Exports,MKJEXUS1,U.S. Exports of Kerosene-Type Jet Fuel (Thousand Barrels),751,MBBL
1998-09,NUS-Z00,U.S.,EPJK,Kerosene-Type Jet Fuel,EEX,Exports,MKJEXUS2,U.S. Exports of Kerosene-Type Jet Fuel (Thousand Barrels per Day),25,MBBL/D
1998-10,NUS-Z00,U.S.,EPJK,Kerosene-Type Jet Fuel,EEX,Exports,MKJEXUS1,U.S. Exports of Kerosene-Type Jet Fuel (Thousand Barrels),663,MBBL
1998-10,NUS-Z00,U.S.,EPJK,Kerosene-Type Jet Fuel,EEX,Exports,MKJEXUS2,U.S. Exports of Kerosene-Type Jet Fuel (Thousand Barrels per Day),21,MBBL/D
1998-11,NUS-Z00,U.S.,EPJK,Kerosene-Type Jet Fuel,EEX,Exports,MKJEXUS1,U.S. Exports of Kerosene-Type Jet Fuel (Thousand Barrels),722,MBBL
1998-11,NUS-Z00,U.S.,EPJK,Kerosene-Type Jet Fuel,EEX,Exports,MKJEXUS2,U.S. Exports of Kerosene-Type Jet Fuel (Thousand Barrels per Day),24,MBBL/D
1998-12,NUS-Z00,U.S.,EPJK,Kerosene-Type Jet Fuel,EEX,Exports,MKJEXUS1,U.S. Exports of Kerosene-Type Jet Fuel (Thousand Barrels),506,MBBL
1998-12,NUS-Z00,U.S.,EPJK,Kerosene-Type Jet Fuel,EEX,Exports,MKJEXUS2,U.S. Exports of Kerosene-Type Jet Fuel (Thousand Barrels per Day),16,MBBL/D
1999-01,NUS-Z00,U.S.,EPJK,Kerosene-Type Jet Fuel,EEX,Exports,MKJEXUS1,U.S. Exports of Kerosene-Type Jet Fuel (Thousand Barrels),785,MBBL
1999-01,NUS-Z00,U.S.,EPJK,Kerosene-Type Jet Fuel,EEX,Exports,MKJEXUS2,U.S. Exports of Kerosene-Type Jet Fuel (Thousand Barrels per Day),25,MBBL/D
1999-02,NUS-Z00,U.S.,EPJK,Kerosene-Type Jet Fuel,EEX,Exports,MKJEXUS1,U.S. Exports of Kerosene-Type Jet Fuel (Thousand Barrels),225,MBBL
1999-02,NUS-Z00,U.S.,EPJK,Kerosene-Type Jet Fuel,EEX,Exports,MKJEXUS2,U.S. Exports of Kerosene-Type Jet Fuel (Thousand Barrels per Day),8,MBBL/D
1999-03,NUS-Z00,U.S.,EPJK,Kerosene-Type Jet Fuel,EEX,Exports,MKJEXUS1,U.S. Exports of Kerosene-Type Jet Fuel (Thousand Barrels),697,MBBL
1999-03,NUS-Z00,U.S.,EPJK,Kerosene-Type Jet Fuel,EEX,Exports,MKJEXUS2,U.S. Exports of Kerosene-Type Jet Fuel (Thousand Barrels per Day),22,MBBL/D
1999-04,NUS-Z00,U.S.,EPJK,Kerosene-Type Jet Fuel,EEX,Exports,MKJEXUS1,U.S. Exports of Kerosene-Type Jet Fuel (Thousand Barrels),736,MBBL
1999-04,NUS-Z00,U.S.,EPJK,Kerosene-Type Jet Fuel,EEX,Exports,MKJEXUS2,U.S. Exports of Kerosene-Type Jet Fuel (Thousand Barrels per Day),25,MBBL/D
1999-05,NUS-Z00,U.S.,EPJK,Kerosene-Type Jet Fuel,EEX,Exports,MKJEXUS1,U.S. Exports of Kerosene-Type Jet Fuel (Thousand Barrels),997,MBBL
1999-05,NUS-Z00,U.S.,EPJK,Kerosene-Type Jet Fuel,EEX,Exports,MKJEXUS2,U.S. Exports of Kerosene-Type Jet Fuel (Thousand Barrels per Day),32,MBBL/D
1999-06,NUS-Z00,U.S.,EPJK,Kerosene-Type Jet Fuel,EEX,Exports,MKJEXUS1,U.S. Exports of Kerosene-Type Jet Fuel (Thousand Barrels),792,MBBL
1999-06,NUS-Z00,U.S.,EPJK,Kerosene-Type Jet Fuel,EEX,Exports,MKJEXUS2,U.S. Exports of Kerosene-Type Jet Fuel (Thousand Barrels per Day),26,MBBL/D
1999-07,NUS-Z00,U.S.,EPJK,Kerosene-Type Jet Fuel,EEX,Exports,MKJEXUS1,U.S. Exports of Kerosene-Type Jet Fuel (Thousand Barrels),1073,MBBL
1999-07,NUS-Z00,U.S.,EPJK,Kerosene-Type Jet Fuel,EEX,Exports,MKJEXUS2,U.S. Exports of Kerosene-Type Jet Fuel (Thousand Barrels per Day),35,MBBL/D
1999-08,NUS-Z00,U.S.,EPJK,Kerosene-Type Jet Fuel,EEX,Exports,MKJEXUS1,U.S. Exports of Kerosene-Type Jet Fuel (Thousand Barrels),246,MBBL
1999-08,NUS-Z00,U.S.,EPJK,Kerosene-Type Jet Fuel,EEX,Exports,MKJEXUS2,U.S. Exports of Kerosene-Type Jet Fuel (Thousand Barrels per Day),8,MBBL/D
1999-09,NUS-Z00,U.S.,EPJK,Kerosene-Type Jet Fuel,EEX,Exports,MKJEXUS1,U.S. Exports of Kerosene-Type Jet Fuel (Thousand Barrels),995,MBBL
1999-09,NUS-Z00,U.S.,EPJK,Kerosene-Type Jet Fuel,EEX,Exports,MKJEXUS2,U.S. Exports of Kerosene-Type Jet Fuel (Thousand Barrels per Day),33,MBBL/D
1999-10,NUS-Z00,U.S.,EPJK,Kerosene-Type Jet Fuel,EEX,Exports,MKJEXUS1,U.S. Exports of Kerosene-Type Jet Fuel (Thousand Barrels),800,MBBL
1999-10,NUS-Z00,U.S.,EPJK,Kerosene-Type Jet Fuel,EEX,Exports,MKJEXUS2,U.S. Exports of Kerosene-Type Jet Fuel (Thousand Barrels per Day),26,MBBL/D
1999-11,NUS-Z00,U.S.,EPJK,Kerosene-Type Jet Fuel,EEX,Exports,MKJEXUS1,U.S. Exports of Kerosene-Type Jet Fuel (Thousand Barrels),1825,MBBL
1999-11,NUS-Z00,U.S.,EPJK,Kerosene-Type Jet Fuel,EEX,Exports,MKJEXUS2,U.S. Exports of Kerosene-Type Jet Fuel (Thousand Barrels per Day),61,MBBL/D
1999-12,NUS-Z00,U.S.,EPJK,Kerosene-Type Jet Fuel,EEX,Exports,MKJEXUS1,U.S. Exports of Kerosene-Type Jet Fuel (Thousand Barrels),1585,MBBL
1999-12,NUS-Z00,U.S.,EPJK,Kerosene-Type Jet Fuel,EEX,Exports,MKJEXUS2,U.S. Exports of Kerosene-Type Jet Fuel (Thousand Barrels per Day),51,MBBL/D
2000-01,NUS-Z00,U.S.,EPJK,Kerosene-Type Jet Fuel,EEX,Exports,MKJEXUS1,U.S. Exports of Kerosene-Type Jet Fuel (Thousand Barrels),408,MBBL
2000-01,NUS-Z00,U.S.,EPJK,Kerosene-Type Jet Fuel,EEX,Exports,MKJEXUS2,U.S. Exports of Kerosene-Type Jet Fuel (Thousand Barrels per Day),13,MBBL/D
2000-02,NUS-Z00,U.S.,EPJK,Kerosene-Type Jet Fuel,EEX,Exports,MKJEXUS1,U.S. Exports of Kerosene-Type Jet Fuel (Thousand Barrels),503,MBBL
2000-02,NUS-Z00,U.S.,EPJK,Kerosene-Type Jet Fuel,EEX,Exports,MKJEXUS2,U.S. Exports of Kerosene-Type Jet Fuel (Thousand Barrels per Day),17,MBBL/D
2000-03,NUS-Z00,U.S.,EPJK,Kerosene-Type Jet Fuel,EEX,Exports,MKJEXUS1,U.S. Exports of Kerosene-Type Jet Fuel (Thousand Barrels),1030,MBBL
2000-03,NUS-Z00,U.S.,EPJK,Kerosene-Type Jet Fuel,EEX,Exports,MKJEXUS2,U.S. Exports of Kerosene-Type Jet Fuel (Thousand Barrels per Day),33,MBBL/D
2000-04,NUS-Z00,U.S.,EPJK,Kerosene-Type Jet Fuel,EEX,Exports,MKJEXUS1,U.S. Exports of Kerosene-Type Jet Fuel (Thousand Barrels),1111,MBBL
2000-04,NUS-Z00,U.S.,EPJK,Kerosene-Type Jet Fuel,EEX,Exports,MKJEXUS2,U.S. Exports of Kerosene-Type Jet Fuel (Thousand Barrels per Day),37,MBBL/D
2000-05,NUS-Z00,U.S.,EPJK,Kerosene-Type Jet Fuel,EEX,Exports,MKJEXUS1,U.S. Exports of Kerosene-Type Jet Fuel (Thousand Barrels),1095,MBBL
2000-05,NUS-Z00,U.S.,EPJK,Kerosene-Type Jet Fuel,EEX,Exports,MKJEXUS2,U.S. Exports of Kerosene-Type Jet Fuel (Thousand Barrels per Day),35,MBBL/D
2000-06,NUS-Z00,U.S.,EPJK,Kerosene-Type Jet Fuel,EEX,Exports,MKJEXUS1,U.S. Exports of Kerosene-Type Jet Fuel (Thousand Barrels),798,MBBL
2000-06,NUS-Z00,U.S.,EPJK,Kerosene-Type Jet Fuel,EEX,Exports,MKJEXUS2,U.S. Exports of Kerosene-Type Jet Fuel (Thousand Barrels per Day),27,MBBL/D
2000-07,NUS-Z00,U.S.,EPJK,Kerosene-Type Jet Fuel,EEX,Exports,MKJEXUS1,U.S. Exports of Kerosene-Type Jet Fuel (Thousand Barrels),641,MBBL
2000-07,NUS-Z00,U.S.,EPJK,Kerosene-Type Jet Fuel,EEX,Exports,MKJEXUS2,U.S. Exports of Kerosene-Type Jet Fuel (Thousand Barrels per Day),21,MBBL/D
2000-08,NUS-Z00,U.S.,EPJK,Kerosene-Type Jet Fuel,EEX,Exports,MKJEXUS1,U.S. Exports of Kerosene-Type Jet Fuel (Thousand Barrels),583,MBBL
2000-08,NUS-Z00,U.S.,EPJK,Kerosene-Type Jet Fuel,EEX,Exports,MKJEXUS2,U.S. Exports of Kerosene-Type Jet Fuel (Thousand Barrels per Day),19,MBBL/D
2000-09,NUS-Z00,U.S.,EPJK,Kerosene-Type Jet Fuel,EEX,Exports,MKJEXUS1,U.S. Exports of Kerosene-Type Jet Fuel (Thousand Barrels),1008,MBBL
2000-09,NUS-Z00,U.S.,EPJK,Kerosene-Type Jet Fuel,EEX,Exports,MKJEXUS2,U.S. Exports of Kerosene-Type Jet Fuel (Thousand Barrels per Day),34,MBBL/D
2000-10,NUS-Z00,U.S.,EPJK,Kerosene-Type Jet Fuel,EEX,Exports,MKJEXUS1,U.S. Exports of Kerosene-Type Jet Fuel (Thousand Barrels),1289,MBBL
2000-10,NUS-Z00,U.S.,EPJK,Kerosene-Type Jet Fuel,EEX,Exports,MKJEXUS2,U.S. Exports of Kerosene-Type Jet Fuel (Thousand Barrels per Day),42,MBBL/D
2000-11,NUS-Z00,U.S.,EPJK,Kerosene-Type Jet Fuel,EEX,Exports,MKJEXUS1,U.S. Exports of Kerosene-Type Jet Fuel (Thousand Barrels),1902,MBBL
2000-11,NUS-Z00,U.S.,EPJK,Kerosene-Type Jet Fuel,EEX,Exports,MKJEXUS2,U.S. Exports of Kerosene-Type Jet Fuel (Thousand Barrels per Day),63,MBBL/D
2000-12,NUS-Z00,U.S.,EPJK,Kerosene-Type Jet Fuel,EEX,Exports,MKJEXUS1,U.S. Exports of Kerosene-Type Jet Fuel (Thousand Barrels),1221,MBBL
2000-12,NUS-Z00,U.S.,EPJK,Kerosene-Type Jet Fuel,EEX,Exports,MKJEXUS2,U.S. Exports of Kerosene-Type Jet Fuel (Thousand Barrels per Day),39,MBBL/D
2001-01,NUS-Z00,U.S.,EPJK,Kerosene-Type Jet Fuel,EEX,Exports,MKJEXUS1,U.S. Exports of Kerosene-Type Jet Fuel (Thousand Barrels),839,MBBL
2001-01,NUS-Z00,U.S.,EPJK,Kerosene-Type Jet Fuel,EEX,Exports,MKJEXUS2,U.S. Exports of Kerosene-Type Jet Fuel (Thousand Barrels per Day),27,MBBL/D
2001-02,NUS-Z00,U.S.,EPJK,Kerosene-Type Jet Fuel,EEX,Exports,MKJEXUS1,U.S. Exports of Kerosene-Type Jet Fuel (Thousand Barrels),437,MBBL
2001-02,NUS-Z00,U.S.,EPJK,Kerosene-Type Jet Fuel,EEX,Exports,MKJEXUS2,U.S. Exports of Kerosene-Type Jet Fuel (Thousand Barrels per Day),16,MBBL/D
2001-03,NUS-Z00,U.S.,EPJK,Kerosene-Type Jet Fuel,EEX,Exports,MKJEXUS1,U.S. Exports of Kerosene-Type Jet Fuel (Thousand Barrels),1262,MBBL
2001-03,NUS-Z00,U.S.,EPJK,Kerosene-Type Jet Fuel,EEX,Exports,MKJEXUS2,U.S. Exports of Kerosene-Type Jet Fuel (Thousand Barrels per Day),41,MBBL/D
2001-04,NUS-Z00,U.S.,EPJK,Kerosene-Type Jet Fuel,EEX,Exports,MKJEXUS1,U.S. Exports of Kerosene-Type Jet Fuel (Thousand Barrels),506,MBBL
2001-04,NUS-Z00,U.S.,EPJK,Kerosene-Type Jet Fuel,EEX,Exports,MKJEXUS2,U.S. Exports of Kerosene-Type Jet Fuel (Thousand Barrels per Day),17,MBBL/D
2001-05,NUS-Z00,U.S.,EPJK,Kerosene-Type Jet Fuel,EEX,Exports,MKJEXUS1,U.S. Exports of Kerosene-Type Jet Fuel (Thousand Barrels),513,MBBL
2001-05,NUS-Z00,U.S.,EPJK,Kerosene-Type Jet Fuel,EEX,Exports,MKJEXUS2,U.S. Exports of Kerosene-Type Jet Fuel (Thousand Barrels per Day),17,MBBL/D
2001-06,NUS-Z00,U.S.,EPJK,Kerosene-Type Jet Fuel,EEX,Exports,MKJEXUS1,U.S. Exports of Kerosene-Type Jet Fuel (Thousand Barrels),544,MBBL
2001-06,NUS-Z00,U.S.,EPJK,Kerosene-Type Jet Fuel,EEX,Exports,MKJEXUS2,U.S. Exports of Kerosene-Type Jet Fuel (Thousand Barrels per Day),18,MBBL/D
2001-07,NUS-Z00,U.S.,EPJK,Kerosene-Type Jet Fuel,EEX,Exports,MKJEXUS1,U.S. Exports of Kerosene-Type Jet Fuel (Thousand Barrels),722,MBBL
2001-07,NUS-Z00,U.S.,EPJK,Kerosene-Type Jet Fuel,EEX,Exports,MKJEXUS2,U.S. Exports of Kerosene-Type Jet Fuel (Thousand Barrels per Day),23,MBBL/D
2001-08,NUS-Z00,U.S.,EPJK,Kerosene-Type Jet Fuel,EEX,Exports,MKJEXUS1,U.S. Exports of Kerosene-Type Jet Fuel (Thousand Barrels),743,MBBL
2001-08,NUS-Z00,U.S.,EPJK,Kerosene-Type Jet Fuel,EEX,Exports,MKJEXUS2,U.S. Exports of Kerosene-Type Jet Fuel (Thousand Barrels per Day),24,MBBL/D
2001-09,NUS-Z00,U.S.,EPJK,Kerosene-Type Jet Fuel,EEX,Exports,MKJEXUS1,U.S. Exports of Kerosene-Type Jet Fuel (Thousand Barrels),620,MBBL
2001-09,NUS-Z00,U.S.,EPJK,Kerosene-Type Jet Fuel,EEX,Exports,MKJEXUS2,U.S. Exports of Kerosene-Type Jet Fuel (Thousand Barrels per Day),21,MBBL/D
2001-10,NUS-Z00,U.S.,EPJK,Kerosene-Type Jet Fuel,EEX,Exports,MKJEXUS1,U.S. Exports of Kerosene-Type Jet Fuel (Thousand Barrels),966,MBBL
2001-10,NUS-Z00,U.S.,EPJK,Kerosene-Type Jet Fuel,EEX,Exports,MKJEXUS2,U.S. Exports of Kerosene-Type Jet Fuel (Thousand Barrels per Day),31,MBBL/D
2001-11,NUS-Z00,U.S.,EPJK,Kerosene-Type Jet Fuel,EEX,Exports,MKJEXUS1,U.S. Exports of Kerosene-Type Jet Fuel (Thousand Barrels),1917,MBBL
2001-11,NUS-Z00,U.S.,EPJK,Kerosene-Type Jet Fuel,EEX,Exports,MKJEXUS2,U.S. Exports of Kerosene-Type Jet Fuel (Thousand Barrels per Day),64,MBBL/D
2001-12,NUS-Z00,U.S.,EPJK,Kerosene-Type Jet Fuel,EEX,Exports,MKJEXUS1,U.S. Exports of Kerosene-Type Jet Fuel (Thousand Barrels),1426,MBBL
2001-12,NUS-Z00,U.S.,EPJK,Kerosene-Type Jet Fuel,EEX,Exports,MKJEXUS2,U.S. Exports of Kerosene-Type Jet Fuel (Thousand Barrels per Day),46,MBBL/D
2002-01,NUS-Z00,U.S.,EPJK,Kerosene-Type Jet Fuel,EEX,Exports,MKJEXUS1,U.S. Exports of Kerosene-Type Jet Fuel (Thousand Barrels),264,MBBL
2002-01,NUS-Z00,U.S.,EPJK,Kerosene-Type Jet Fuel,EEX,Exports,MKJEXUS2,U.S. Exports of Kerosene-Type Jet Fuel (Thousand Barrels per Day),9,MBBL/D
2002-02,NUS-Z00,U.S.,EPJK,Kerosene-Type Jet Fuel,EEX,Exports,MKJEXUS1,U.S. Exports of Kerosene-Type Jet Fuel (Thousand Barrels),1130,MBBL
2002-02,NUS-Z00,U.S.,EPJK,Kerosene-Type Jet Fuel,EEX,Exports,MKJEXUS2,U.S. Exports of Kerosene-Type Jet Fuel (Thousand Barrels per Day),40,MBBL/D
2002-03,NUS-Z00,U.S.,EPJK,Kerosene-Type Jet Fuel,EEX,Exports,MKJEXUS1,U.S. Exports of Kerosene-Type Jet Fuel (Thousand Barrels),62,MBBL
2002-03,NUS-Z00,U.S.,EPJK,Kerosene-Type Jet Fuel,EEX,Exports,MKJEXUS2,U.S. Exports of Kerosene-Type Jet Fuel (Thousand Barrels per Day),2,MBBL/D
2002-04,NUS-Z00,U.S.,EPJK,Kerosene-Type Jet Fuel,EEX,Exports,MKJEXUS1,U.S. Exports of Kerosene-Type Jet Fuel (Thousand Barrels),38,MBBL
2002-04,NUS-Z00,U.S.,EPJK,Kerosene-Type Jet Fuel,EEX,Exports,MKJEXUS2,U.S. Exports of Kerosene-Type Jet Fuel (Thousand Barrels per Day),1,MBBL/D
2002-05,NUS-Z00,U.S.,EPJK,Kerosene-Type Jet Fuel,EEX,Exports,MKJEXUS1,U.S. Exports of Kerosene-Type Jet Fuel (Thousand Barrels),94,MBBL
2002-05,NUS-Z00,U.S.,EPJK,Kerosene-Type Jet Fuel,EEX,Exports,MKJEXUS2,U.S. Exports of Kerosene-Type Jet Fuel (Thousand Barrels per Day),3,MBBL/D
2002-06,NUS-Z00,U.S.,EPJK,Kerosene-Type Jet Fuel,EEX,Exports,MKJEXUS1,U.S. Exports of Kerosene-Type Jet Fuel (Thousand Barrels),29,MBBL
2002-06,NUS-Z00,U.S.,EPJK,Kerosene-Type Jet Fuel,EEX,Exports,MKJEXUS2,U.S. Exports of Kerosene-Type Jet Fuel (Thousand Barrels per Day),1,MBBL/D
2002-07,NUS-Z00,U.S.,EPJK,Kerosene-Type Jet Fuel,EEX,Exports,MKJEXUS1,U.S. Exports of Kerosene-Type Jet Fuel (Thousand Barrels),67,MBBL
2002-07,NUS-Z00,U.S.,EPJK,Kerosene-Type Jet Fuel,EEX,Exports,MKJEXUS2,U.S. Exports of Kerosene-Type Jet Fuel (Thousand Barrels per Day),2,MBBL/D
2002-08,NUS-Z00,U.S.,EPJK,Kerosene-Type Jet Fuel,EEX,Exports,MKJEXUS1,U.S. Exports of Kerosene-Type Jet Fuel (Thousand Barrels),50,MBBL
2002-08,NUS-Z00,U.S.,EPJK,Kerosene-Type Jet Fuel,EEX,Exports,MKJEXUS2,U.S. Exports of Kerosene-Type Jet Fuel (Thousand Barrels per Day),2,MBBL/D
2002-09,NUS-Z00,U.S.,EPJK,Kerosene-Type Jet Fuel,EEX,Exports,MKJEXUS1,U.S. Exports of Kerosene-Type Jet Fuel (Thousand Barrels),424,MBBL
2002-09,NUS-Z00,U.S.,EPJK,Kerosene-Type Jet Fuel,EEX,Exports,MKJEXUS2,U.S. Exports of Kerosene-Type Jet Fuel (Thousand Barrels per Day),14,MBBL/D
2002-10,NUS-Z00,U.S.,EPJK,Kerosene-Type Jet Fuel,EEX,Exports,MKJEXUS1,U.S. Exports of Kerosene-Type Jet Fuel (Thousand Barrels),39,MBBL
2002-10,NUS-Z00,U.S.,EPJK,Kerosene-Type Jet Fuel,EEX,Exports,MKJEXUS2,U.S. Exports of Kerosene-Type Jet Fuel (Thousand Barrels per Day),1,MBBL/D
2002-11,NUS-Z00,U.S.,EPJK,Kerosene-Type Jet Fuel,EEX,Exports,MKJEXUS1,U.S. Exports of Kerosene-Type Jet Fuel (Thousand Barrels),351,MBBL
2002-11,NUS-Z00,U.S.,EPJK,Kerosene-Type Jet Fuel,EEX,Exports,MKJEXUS2,U.S. Exports of Kerosene-Type Jet Fuel (Thousand Barrels per Day),12,MBBL/D
2002-12,NUS-Z00,U.S.,EPJK,Kerosene-Type Jet Fuel,EEX,Exports,MKJEXUS1,U.S. Exports of Kerosene-Type Jet Fuel (Thousand Barrels),447,MBBL
2002-12,NUS-Z00,U.S.,EPJK,Kerosene-Type Jet Fuel,EEX,Exports,MKJEXUS2,U.S. Exports of Kerosene-Type Jet Fuel (Thousand Barrels per Day),14,MBBL/D
2003-01,NUS-Z00,U.S.,EPJK,Kerosene-Type Jet Fuel,EEX,Exports,MKJEXUS1,U.S. Exports of Kerosene-Type Jet Fuel (Thousand Barrels),1125,MBBL
2003-01,NUS-Z00,U.S.,EPJK,Kerosene-Type Jet Fuel,EEX,Exports,MKJEXUS2,U.S. Exports of Kerosene-Type Jet Fuel (Thousand Barrels per Day),36,MBBL/D
2003-02,NUS-Z00,U.S.,EPJK,Kerosene-Type Jet Fuel,EEX,Exports,MKJEXUS1,U.S. Exports of Kerosene-Type Jet Fuel (Thousand Barrels),519,MBBL
2003-02,NUS-Z00,U.S.,EPJK,Kerosene-Type Jet Fuel,EEX,Exports,MKJEXUS2,U.S. Exports of Kerosene-Type Jet Fuel (Thousand Barrels per Day),19,MBBL/D
2003-03,NUS-Z00,U.S.,EPJK,Kerosene-Type Jet Fuel,EEX,Exports,MKJEXUS1,U.S. Exports of Kerosene-Type Jet Fuel (Thousand Barrels),1067,MBBL
2003-03,NUS-Z00,U.S.,EPJK,Kerosene-Type Jet Fuel,EEX,Exports,MKJEXUS2,U.S. Exports of Kerosene-Type Jet Fuel (Thousand Barrels per Day),34,MBBL/D
2003-04,NUS-Z00,U.S.,EPJK,Kerosene-Type Jet Fuel,EEX,Exports,MKJEXUS1,U.S. Exports of Kerosene-Type Jet Fuel (Thousand Barrels),1018,MBBL
2003-04,NUS-Z00,U.S.,EPJK,Kerosene-Type Jet Fuel,EEX,Exports,MKJEXUS2,U.S. Exports of Kerosene-Type Jet Fuel (Thousand Barrels per Day),34,MBBL/D
2003-05,NUS-Z00,U.S.,EPJK,Kerosene-Type Jet Fuel,EEX,Exports,MKJEXUS1,U.S. Exports of Kerosene-Type Jet Fuel (Thousand Barrels),603,MBBL
2003-05,NUS-Z00,U.S.,EPJK,Kerosene-Type Jet Fuel,EEX,Exports,MKJEXUS2,U.S. Exports of Kerosene-Type Jet Fuel (Thousand Barrels per Day),19,MBBL/D
2003-06,NUS-Z00,U.S.,EPJK,Kerosene-Type Jet Fuel,EEX,Exports,MKJEXUS1,U.S. Exports of Kerosene-Type Jet Fuel (Thousand Barrels),200,MBBL
2003-06,NUS-Z00,U.S.,EPJK,Kerosene-Type Jet Fuel,EEX,Exports,MKJEXUS2,U.S. Exports of Kerosene-Type Jet Fuel (Thousand Barrels per Day),7,MBBL/D
2003-07,NUS-Z00,U.S.,EPJK,Kerosene-Type Jet Fuel,EEX,Exports,MKJEXUS1,U.S. Exports of Kerosene-Type Jet Fuel (Thousand Barrels),373,MBBL
2003-07,NUS-Z00,U.S.,EPJK,Kerosene-Type Jet Fuel,EEX,Exports,MKJEXUS2,U.S. Exports of Kerosene-Type Jet Fuel (Thousand Barrels per Day),12,MBBL/D
2003-08,NUS-Z00,U.S.,EPJK,Kerosene-Type Jet Fuel,EEX,Exports,MKJEXUS1,U.S. Exports of Kerosene-Type Jet Fuel (Thousand Barrels),214,MBBL
2003-08,NUS-Z00,U.S.,EPJK,Kerosene-Type Jet Fuel,EEX,Exports,MKJEXUS2,U.S. Exports of Kerosene-Type Jet Fuel (Thousand Barrels per Day),7,MBBL/D
2003-09,NUS-Z00,U.S.,EPJK,Kerosene-Type Jet Fuel,EEX,Exports,MKJEXUS1,U.S. Exports of Kerosene-Type Jet Fuel (Thousand Barrels),588,MBBL
2003-09,NUS-Z00,U.S.,EPJK,Kerosene-Type Jet Fuel,EEX,Exports,MKJEXUS2,U.S. Exports of Kerosene-Type Jet Fuel (Thousand Barrels per Day),20,MBBL/D
2003-10,NUS-Z00,U.S.,EPJK,Kerosene-Type Jet Fuel,EEX,Exports,MKJEXUS1,U.S. Exports of Kerosene-Type Jet Fuel (Thousand Barrels),883,MBBL
2003-10,NUS-Z00,U.S.,EPJK,Kerosene-Type Jet Fuel,EEX,Exports,MKJEXUS2,U.S. Exports of Kerosene-Type Jet Fuel (Thousand Barrels per Day),28,MBBL/D
2003-11,NUS-Z00,U.S.,EPJK,Kerosene-Type Jet Fuel,EEX,Exports,MKJEXUS1,U.S. Exports of Kerosene-Type Jet Fuel (Thousand Barrels),295,MBBL
2003-11,NUS-Z00,U.S.,EPJK,Kerosene-Type Jet Fuel,EEX,Exports,MKJEXUS2,U.S. Exports of Kerosene-Type Jet Fuel (Thousand Barrels per Day),10,MBBL/D
2003-12,NUS-Z00,U.S.,EPJK,Kerosene-Type Jet Fuel,EEX,Exports,MKJEXUS1,U.S. Exports of Kerosene-Type Jet Fuel (Thousand Barrels),549,MBBL
2003-12,NUS-Z00,U.S.,EPJK,Kerosene-Type Jet Fuel,EEX,Exports,MKJEXUS2,U.S. Exports of Kerosene-Type Jet Fuel (Thousand Barrels per Day),18,MBBL/D
2004-01,NUS-Z00,U.S.,EPJK,Kerosene-Type Jet Fuel,EEX,Exports,MKJEXUS1,U.S. Exports of Kerosene-Type Jet Fuel (Thousand Barrels),678,MBBL
2004-01,NUS-Z00,U.S.,EPJK,Kerosene-Type Jet Fuel,EEX,Exports,MKJEXUS2,U.S. Exports of Kerosene-Type Jet Fuel (Thousand Barrels per Day),22,MBBL/D
2004-02,NUS-Z00,U.S.,EPJK,Kerosene-Type Jet Fuel,EEX,Exports,MKJEXUS1,U.S. Exports of Kerosene-Type Jet Fuel (Thousand Barrels),556,MBBL
2004-02,NUS-Z00,U.S.,EPJK,Kerosene-Type Jet Fuel,EEX,Exports,MKJEXUS2,U.S. Exports of Kerosene-Type Jet Fuel (Thousand Barrels per Day),19,MBBL/D
2004-03,NUS-Z00,U.S.,EPJK,Kerosene-Type Jet Fuel,EEX,Exports,MKJEXUS1,U.S. Exports of Kerosene-Type Jet Fuel (Thousand Barrels),1211,MBBL
2004-03,NUS-Z00,U.S.,EPJK,Kerosene-Type Jet Fuel,EEX,Exports,MKJEXUS2,U.S. Exports of Kerosene-Type Jet Fuel (Thousand Barrels per Day),39,MBBL/D
2004-04,NUS-Z00,U.S.,EPJK,Kerosene-Type Jet Fuel,EEX,Exports,MKJEXUS1,U.S. Exports of Kerosene-Type Jet Fuel (Thousand Barrels),571,MBBL
2004-04,NUS-Z00,U.S.,EPJK,Kerosene-Type Jet Fuel,EEX,Exports,MKJEXUS2,U.S. Exports of Kerosene-Type Jet Fuel (Thousand Barrels per Day),19,MBBL/D
2004-05,NUS-Z00,U.S.,EPJK,Kerosene-Type Jet Fuel,EEX,Exports,MKJEXUS1,U.S. Exports of Kerosene-Type Jet Fuel (Thousand Barrels),916,MBBL
2004-05,NUS-Z00,U.S.,EPJK,Kerosene-Type Jet Fuel,EEX,Exports,MKJEXUS2,U.S. Exports of Kerosene-Type Jet Fuel (Thousand Barrels per Day),30,MBBL/D
2004-06,NUS-Z00,U.S.,EPJK,Kerosene-Type Jet Fuel,EEX,Exports,MKJEXUS1,U.S. Exports of Kerosene-Type Jet Fuel (Thousand Barrels),850,MBBL
2004-06,NUS-Z00,U.S.,EPJK,Kerosene-Type Jet Fuel,EEX,Exports,MKJEXUS2,U.S. Exports of Kerosene-Type Jet Fuel (Thousand Barrels per Day),28,MBBL/D
2004-07,NUS-Z00,U.S.,EPJK,Kerosene-Type Jet Fuel,EEX,Exports,MKJEXUS1,U.S. Exports of Kerosene-Type Jet Fuel (Thousand Barrels),318,MBBL
2004-07,NUS-Z00,U.S.,EPJK,Kerosene-Type Jet Fuel,EEX,Exports,MKJEXUS2,U.S. Exports of Kerosene-Type Jet Fuel (Thousand Barrels per Day),10,MBBL/D
2004-08,NUS-Z00,U.S.,EPJK,Kerosene-Type Jet Fuel,EEX,Exports,MKJEXUS1,U.S. Exports of Kerosene-Type Jet Fuel (Thousand Barrels),1600,MBBL
2004-08,NUS-Z00,U.S.,EPJK,Kerosene-Type Jet Fuel,EEX,Exports,MKJEXUS2,U.S. Exports of Kerosene-Type Jet Fuel (Thousand Barrels per Day),52,MBBL/D
2004-09,NUS-Z00,U.S.,EPJK,Kerosene-Type Jet Fuel,EEX,Exports,MKJEXUS1,U.S. Exports of Kerosene-Type Jet Fuel (Thousand Barrels),2314,MBBL
2004-09,NUS-Z00,U.S.,EPJK,Kerosene-Type Jet Fuel,EEX,Exports,MKJEXUS2,U.S. Exports of Kerosene-Type Jet Fuel (Thousand Barrels per Day),77,MBBL/D
2004-10,NUS-Z00,U.S.,EPJK,Kerosene-Type Jet Fuel,EEX,Exports,MKJEXUS1,U.S. Exports of Kerosene-Type Jet Fuel (Thousand Barrels),1566,MBBL
2004-10,NUS-Z00,U.S.,EPJK,Kerosene-Type Jet Fuel,EEX,Exports,MKJEXUS2,U.S. Exports of Kerosene-Type Jet Fuel (Thousand Barrels per Day),51,MBBL/D
2004-11,NUS-Z00,U.S.,EPJK,Kerosene-Type Jet Fuel,EEX,Exports,MKJEXUS1,U.S. Exports of Kerosene-Type Jet Fuel (Thousand Barrels),1641,MBBL
2004-11,NUS-Z00,U.S.,EPJK,Kerosene-Type Jet Fuel,EEX,Exports,MKJEXUS2,U.S. Exports of Kerosene-Type Jet Fuel (Thousand Barrels per Day),55,MBBL/D
2004-12,NUS-Z00,U.S.,EPJK,Kerosene-Type Jet Fuel,EEX,Exports,MKJEXUS1,U.S. Exports of Kerosene-Type Jet Fuel (Thousand Barrels),2579,MBBL
2004-12,NUS-Z00,U.S.,EPJK,Kerosene-Type Jet Fuel,EEX,Exports,MKJEXUS2,U.S. Exports of Kerosene-Type Jet Fuel (Thousand Barrels per Day),83,MBBL/D
2005-01,NUS-Z00,U.S.,EPJK,Kerosene-Type Jet Fuel,EEX,Exports,MKJEXUS1,U.S. Exports of Kerosene-Type Jet Fuel (Thousand Barrels),878,MBBL
2005-01,NUS-Z00,U.S.,EPJK,Kerosene-Type Jet Fuel,EEX,Exports,MKJEXUS2,U.S. Exports of Kerosene-Type Jet Fuel (Thousand Barrels per Day),28,MBBL/D
2005-02,NUS-Z00,U.S.,EPJK,Kerosene-Type Jet Fuel,EEX,Exports,MKJEXUS1,U.S. Exports of Kerosene-Type Jet Fuel (Thousand Barrels),1875,MBBL
2005-02,NUS-Z00,U.S.,EPJK,Kerosene-Type Jet Fuel,EEX,Exports,MKJEXUS2,U.S. Exports of Kerosene-Type Jet Fuel (Thousand Barrels per Day),67,MBBL/D
2005-03,NUS-Z00,U.S.,EPJK,Kerosene-Type Jet Fuel,EEX,Exports,MKJEXUS1,U.S. Exports of Kerosene-Type Jet Fuel (Thousand Barrels),2235,MBBL
2005-03,NUS-Z00,U.S.,EPJK,Kerosene-Type Jet Fuel,EEX,Exports,MKJEXUS2,U.S. Exports of Kerosene-Type Jet Fuel (Thousand Barrels per Day),72,MBBL/D
2005-04,NUS-Z00,U.S.,EPJK,Kerosene-Type Jet Fuel,EEX,Exports,MKJEXUS1,U.S. Exports of Kerosene-Type Jet Fuel (Thousand Barrels),2927,MBBL
2005-04,NUS-Z00,U.S.,EPJK,Kerosene-Type Jet Fuel,EEX,Exports,MKJEXUS2,U.S. Exports of Kerosene-Type Jet Fuel (Thousand Barrels per Day),98,MBBL/D
2005-05,NUS-Z00,U.S.,EPJK,Kerosene-Type Jet Fuel,EEX,Exports,MKJEXUS1,U.S. Exports of Kerosene-Type Jet Fuel (Thousand Barrels),3575,MBBL
2005-05,NUS-Z00,U.S.,EPJK,Kerosene-Type Jet Fuel,EEX,Exports,MKJEXUS2,U.S. Exports of Kerosene-Type Jet Fuel (Thousand Barrels per Day),115,MBBL/D
2005-06,NUS-Z00,U.S.,EPJK,Kerosene-Type Jet Fuel,EEX,Exports,MKJEXUS1,U.S. Exports of Kerosene-Type Jet Fuel (Thousand Barrels),2040,MBBL
2005-06,NUS-Z00,U.S.,EPJK,Kerosene-Type Jet Fuel,EEX,Exports,MKJEXUS2,U.S. Exports of Kerosene-Type Jet Fuel (Thousand Barrels per Day),68,MBBL/D
2005-07,NUS-Z00,U.S.,EPJK,Kerosene-Type Jet Fuel,EEX,Exports,MKJEXUS1,U.S. Exports of Kerosene-Type Jet Fuel (Thousand Barrels),1428,MBBL
2005-07,NUS-Z00,U.S.,EPJK,Kerosene-Type Jet Fuel,EEX,Exports,MKJEXUS2,U.S. Exports of Kerosene-Type Jet Fuel (Thousand Barrels per Day),46,MBBL/D
2005-08,NUS-Z00,U.S.,EPJK,Kerosene-Type Jet Fuel,EEX,Exports,MKJEXUS1,U.S. Exports of Kerosene-Type Jet Fuel (Thousand Barrels),1706,MBBL
2005-08,NUS-Z00,U.S.,EPJK,Kerosene-Type Jet Fuel,EEX,Exports,MKJEXUS2,U.S. Exports of Kerosene-Type Jet Fuel (Thousand Barrels per Day),55,MBBL/D
2005-09,NUS-Z00,U.S.,EPJK,Kerosene-Type Jet Fuel,EEX,Exports,MKJEXUS1,U.S. Exports of Kerosene-Type Jet Fuel (Thousand Barrels),469,MBBL
2005-09,NUS-Z00,U.S.,EPJK,Kerosene-Type Jet Fuel,EEX,Exports,MKJEXUS2,U.S. Exports of Kerosene-Type Jet Fuel (Thousand Barrels per Day),16,MBBL/D
2005-10,NUS-Z00,U.S.,EPJK,Kerosene-Type Jet Fuel,EEX,Exports,MKJEXUS1,U.S. Exports of Kerosene-Type Jet Fuel (Thousand Barrels),351,MBBL
2005-10,NUS-Z00,U.S.,EPJK,Kerosene-Type Jet Fuel,EEX,Exports,MKJEXUS2,U.S. Exports of Kerosene-Type Jet Fuel (Thousand Barrels per Day),11,MBBL/D
2005-11,NUS-Z00,U.S.,EPJK,Kerosene-Type Jet Fuel,EEX,Exports,MKJEXUS1,U.S. Exports of Kerosene-Type Jet Fuel (Thousand Barrels),1068,MBBL
2005-11,NUS-Z00,U.S.,EPJK,Kerosene-Type Jet Fuel,EEX,Exports,MKJEXUS2,U.S. Exports of Kerosene-Type Jet Fuel (Thousand Barrels per Day),36,MBBL/D
2005-12,NUS-Z00,U.S.,EPJK,Kerosene-Type Jet Fuel,EEX,Exports,MKJEXUS1,U.S. Exports of Kerosene-Type Jet Fuel (Thousand Barrels),651,MBBL
2005-12,NUS-Z00,U.S.,EPJK,Kerosene-Type Jet Fuel,EEX,Exports,MKJEXUS2,U.S. Exports of Kerosene-Type Jet Fuel (Thousand Barrels per Day),21,MBBL/D
2006-01,NUS-Z00,U.S.,EPJK,Kerosene-Type Jet Fuel,EEX,Exports,MKJEXUS1,U.S. Exports of Kerosene-Type Jet Fuel (Thousand Barrels),742,MBBL
2006-01,NUS-Z00,U.S.,EPJK,Kerosene-Type Jet Fuel,EEX,Exports,MKJEXUS2,U.S. Exports of Kerosene-Type Jet Fuel (Thousand Barrels per Day),24,MBBL/D
2006-02,NUS-Z00,U.S.,EPJK,Kerosene-Type Jet Fuel,EEX,Exports,MKJEXUS1,U.S. Exports of Kerosene-Type Jet Fuel (Thousand Barrels),712,MBBL
2006-02,NUS-Z00,U.S.,EPJK,Kerosene-Type Jet Fuel,EEX,Exports,MKJEXUS2,U.S. Exports of Kerosene-Type Jet Fuel (Thousand Barrels per Day),25,MBBL/D
2006-03,NUS-Z00,U.S.,EPJK,Kerosene-Type Jet Fuel,EEX,Exports,MKJEXUS1,U.S. Exports of Kerosene-Type Jet Fuel (Thousand Barrels),1105,MBBL
2006-03,NUS-Z00,U.S.,EPJK,Kerosene-Type Jet Fuel,EEX,Exports,MKJEXUS2,U.S. Exports of Kerosene-Type Jet Fuel (Thousand Barrels per Day),36,MBBL/D
2006-04,NUS-Z00,U.S.,EPJK,Kerosene-Type Jet Fuel,EEX,Exports,MKJEXUS1,U.S. Exports of Kerosene-Type Jet Fuel (Thousand Barrels),1263,MBBL
2006-04,NUS-Z00,U.S.,EPJK,Kerosene-Type Jet Fuel,EEX,Exports,MKJEXUS2,U.S. Exports of Kerosene-Type Jet Fuel (Thousand Barrels per Day),42,MBBL/D
2006-05,NUS-Z00,U.S.,EPJK,Kerosene-Type Jet Fuel,EEX,Exports,MKJEXUS1,U.S. Exports of Kerosene-Type Jet Fuel (Thousand Barrels),1005,MBBL
2006-05,NUS-Z00,U.S.,EPJK,Kerosene-Type Jet Fuel,EEX,Exports,MKJEXUS2,U.S. Exports of Kerosene-Type Jet Fuel (Thousand Barrels per Day),32,MBBL/D
2006-06,NUS-Z00,U.S.,EPJK,Kerosene-Type Jet Fuel,EEX,Exports,MKJEXUS1,U.S. Exports of Kerosene-Type Jet Fuel (Thousand Barrels),1005,MBBL
2006-06,NUS-Z00,U.S.,EPJK,Kerosene-Type Jet Fuel,EEX,Exports,MKJEXUS2,U.S. Exports of Kerosene-Type Jet Fuel (Thousand Barrels per Day),34,MBBL/D
2006-07,NUS-Z00,U.S.,EPJK,Kerosene-Type Jet Fuel,EEX,Exports,MKJEXUS1,U.S. Exports of Kerosene-Type Jet Fuel (Thousand Barrels),1050,MBBL
2006-07,NUS-Z00,U.S.,EPJK,Kerosene-Type Jet Fuel,EEX,Exports,MKJEXUS2,U.S. Exports of Kerosene-Type Jet Fuel (Thousand Barrels per Day),34,MBBL/D
2006-08,NUS-Z00,U.S.,EPJK,Kerosene-Type Jet Fuel,EEX,Exports,MKJEXUS1,U.S. Exports of Kerosene-Type Jet Fuel (Thousand Barrels),1518,MBBL
2006-08,NUS-Z00,U.S.,EPJK,Kerosene-Type Jet Fuel,EEX,Exports,MKJEXUS2,U.S. Exports of Kerosene-Type Jet Fuel (Thousand Barrels per Day),49,MBBL/D
2006-09,NUS-Z00,U.S.,EPJK,Kerosene-Type Jet Fuel,EEX,Exports,MKJEXUS1,U.S. Exports of Kerosene-Type Jet Fuel (Thousand Barrels),1789,MBBL
2006-09,NUS-Z00,U.S.,EPJK,Kerosene-Type Jet Fuel,EEX,Exports,MKJEXUS2,U.S. Exports of Kerosene-Type Jet Fuel (Thousand Barrels per Day),60,MBBL/D
2006-10,NUS-Z00,U.S.,EPJK,Kerosene-Type Jet Fuel,EEX,Exports,MKJEXUS1,U.S. Exports of Kerosene-Type Jet Fuel (Thousand Barrels),1724,MBBL
2006-10,NUS-Z00,U.S.,EPJK,Kerosene-Type Jet Fuel,EEX,Exports,MKJEXUS2,U.S. Exports of Kerosene-Type Jet Fuel (Thousand Barrels per Day),56,MBBL/D
2006-11,NUS-Z00,U.S.,EPJK,Kerosene-Type Jet Fuel,EEX,Exports,MKJEXUS1,U.S. Exports of Kerosene-Type Jet Fuel (Thousand Barrels),1481,MBBL
2006-11,NUS-Z00,U.S.,EPJK,Kerosene-Type Jet Fuel,EEX,Exports,MKJEXUS2,U.S. Exports of Kerosene-Type Jet Fuel (Thousand Barrels per Day),49,MBBL/D
2006-12,NUS-Z00,U.S.,EPJK,Kerosene-Type Jet Fuel,EEX,Exports,MKJEXUS1,U.S. Exports of Kerosene-Type Jet Fuel (Thousand Barrels),1477,MBBL
2006-12,NUS-Z00,U.S.,EPJK,Kerosene-Type Jet Fuel,EEX,Exports,MKJEXUS2,U.S. Exports of Kerosene-Type Jet Fuel (Thousand Barrels per Day),48,MBBL/D
2007-01,NUS-Z00,U.S.,EPJK,Kerosene-Type Jet Fuel,EEX,Exports,MKJEXUS1,U.S. Exports of Kerosene-Type Jet Fuel (Thousand Barrels),1213,MBBL
2007-01,NUS-Z00,U.S.,EPJK,Kerosene-Type Jet Fuel,EEX,Exports,MKJEXUS2,U.S. Exports of Kerosene-Type Jet Fuel (Thousand Barrels per Day),39,MBBL/D
2007-02,NUS-Z00,U.S.,EPJK,Kerosene-Type Jet Fuel,EEX,Exports,MKJEXUS1,U.S. Exports of Kerosene-Type Jet Fuel (Thousand Barrels),870,MBBL
2007-02,NUS-Z00,U.S.,EPJK,Kerosene-Type Jet Fuel,EEX,Exports,MKJEXUS2,U.S. Exports of Kerosene-Type Jet Fuel (Thousand Barrels per Day),31,MBBL/D
2007-03,NUS-Z00,U.S.,EPJK,Kerosene-Type Jet Fuel,EEX,Exports,MKJEXUS1,U.S. Exports of Kerosene-Type Jet Fuel (Thousand Barrels),1631,MBBL
2007-03,NUS-Z00,U.S.,EPJK,Kerosene-Type Jet Fuel,EEX,Exports,MKJEXUS2,U.S. Exports of Kerosene-Type Jet Fuel (Thousand Barrels per Day),53,MBBL/D
2007-04,NUS-Z00,U.S.,EPJK,Kerosene-Type Jet Fuel,EEX,Exports,MKJEXUS1,U.S. Exports of Kerosene-Type Jet Fuel (Thousand Barrels),1024,MBBL
2007-04,NUS-Z00,U.S.,EPJK,Kerosene-Type Jet Fuel,EEX,Exports,MKJEXUS2,U.S. Exports of Kerosene-Type Jet Fuel (Thousand Barrels per Day),34,MBBL/D
2007-05,NUS-Z00,U.S.,EPJK,Kerosene-Type Jet Fuel,EEX,Exports,MKJEXUS1,U.S. Exports of Kerosene-Type Jet Fuel (Thousand Barrels),602,MBBL
2007-05,NUS-Z00,U.S.,EPJK,Kerosene-Type Jet Fuel,EEX,Exports,MKJEXUS2,U.S. Exports of Kerosene-Type Jet Fuel (Thousand Barrels per Day),19,MBBL/D
2007-06,NUS-Z00,U.S.,EPJK,Kerosene-Type Jet Fuel,EEX,Exports,MKJEXUS1,U.S. Exports of Kerosene-Type Jet Fuel (Thousand Barrels),754,MBBL
2007-06,NUS-Z00,U.S.,EPJK,Kerosene-Type Jet Fuel,EEX,Exports,MKJEXUS2,U.S. Exports of Kerosene-Type Jet Fuel (Thousand Barrels per Day),25,MBBL/D
2007-07,NUS-Z00,U.S.,EPJK,Kerosene-Type Jet Fuel,EEX,Exports,MKJEXUS1,U.S. Exports of Kerosene-Type Jet Fuel (Thousand Barrels),1641,MBBL
2007-07,NUS-Z00,U.S.,EPJK,Kerosene-Type Jet Fuel,EEX,Exports,MKJEXUS2,U.S. Exports of Kerosene-Type Jet Fuel (Thousand Barrels per Day),53,MBBL/D
2007-08,NUS-Z00,U.S.,EPJK,Kerosene-Type Jet Fuel,EEX,Exports,MKJEXUS1,U.S. Exports of Kerosene-Type Jet Fuel (Thousand Barrels),826,MBBL
2007-08,NUS-Z00,U.S.,EPJK,Kerosene-Type Jet Fuel,EEX,Exports,MKJEXUS2,U.S. Exports of Kerosene-Type Jet Fuel (Thousand Barrels per Day),27,MBBL/D
2007-09,NUS-Z00,U.S.,EPJK,Kerosene-Type Jet Fuel,EEX,Exports,MKJEXUS1,U.S. Exports of Kerosene-Type Jet Fuel (Thousand Barrels),1257,MBBL
2007-09,NUS-Z00,U.S.,EPJK,Kerosene-Type Jet Fuel,EEX,Exports,MKJEXUS2,U.S. Exports of Kerosene-Type Jet Fuel (Thousand Barrels per Day),42,MBBL/D
2007-10,NUS-Z00,U.S.,EPJK,Kerosene-Type Jet Fuel,EEX,Exports,MKJEXUS1,U.S. Exports of Kerosene-Type Jet Fuel (Thousand Barrels),1017,MBBL
2007-10,NUS-Z00,U.S.,EPJK,Kerosene-Type Jet Fuel,EEX,Exports,MKJEXUS2,U.S. Exports of Kerosene-Type Jet Fuel (Thousand Barrels per Day),33,MBBL/D
2007-11,NUS-Z00,U.S.,EPJK,Kerosene-Type Jet Fuel,EEX,Exports,MKJEXUS1,U.S. Exports of Kerosene-Type Jet Fuel (Thousand Barrels),2750,MBBL
2007-11,NUS-Z00,U.S.,EPJK,Kerosene-Type Jet Fuel,EEX,Exports,MKJEXUS2,U.S. Exports of Kerosene-Type Jet Fuel (Thousand Barrels per Day),92,MBBL/D
2007-12,NUS-Z00,U.S.,EPJK,Kerosene-Type Jet Fuel,EEX,Exports,MKJEXUS1,U.S. Exports of Kerosene-Type Jet Fuel (Thousand Barrels),1427,MBBL
2007-12,NUS-Z00,U.S.,EPJK,Kerosene-Type Jet Fuel,EEX,Exports,MKJEXUS2,U.S. Exports of Kerosene-Type Jet Fuel (Thousand Barrels per Day),46,MBBL/D
2008-01,NUS-Z00,U.S.,EPJK,Kerosene-Type Jet Fuel,EEX,Exports,MKJEXUS1,U.S. Exports of Kerosene-Type Jet Fuel (Thousand Barrels),1836,MBBL
2008-01,NUS-Z00,U.S.,EPJK,Kerosene-Type Jet Fuel,EEX,Exports,MKJEXUS2,U.S. Exports of Kerosene-Type Jet Fuel (Thousand Barrels per Day),59,MBBL/D
2008-02,NUS-Z00,U.S.,EPJK,Kerosene-Type Jet Fuel,EEX,Exports,MKJEXUS1,U.S. Exports of Kerosene-Type Jet Fuel (Thousand Barrels),1956,MBBL
2008-02,NUS-Z00,U.S.,EPJK,Kerosene-Type Jet Fuel,EEX,Exports,MKJEXUS2,U.S. Exports of Kerosene-Type Jet Fuel (Thousand Barrels per Day),67,MBBL/D
2008-03,NUS-Z00,U.S.,EPJK,Kerosene-Type Jet Fuel,EEX,Exports,MKJEXUS1,U.S. Exports of Kerosene-Type Jet Fuel (Thousand Barrels),1984,MBBL
2008-03,NUS-Z00,U.S.,EPJK,Kerosene-Type Jet Fuel,EEX,Exports,MKJEXUS2,U.S. Exports of Kerosene-Type Jet Fuel (Thousand Barrels per Day),64,MBBL/D
2008-04,NUS-Z00,U.S.,EPJK,Kerosene-Type Jet Fuel,EEX,Exports,MKJEXUS1,U.S. Exports of Kerosene-Type Jet Fuel (Thousand Barrels),959,MBBL
2008-04,NUS-Z00,U.S.,EPJK,Kerosene-Type Jet Fuel,EEX,Exports,MKJEXUS2,U.S. Exports of Kerosene-Type Jet Fuel (Thousand Barrels per Day),32,MBBL/D
2008-05,NUS-Z00,U.S.,EPJK,Kerosene-Type Jet Fuel,EEX,Exports,MKJEXUS1,U.S. Exports of Kerosene-Type Jet Fuel (Thousand Barrels),2346,MBBL
2008-05,NUS-Z00,U.S.,EPJK,Kerosene-Type Jet Fuel,EEX,Exports,MKJEXUS2,U.S. Exports of Kerosene-Type Jet Fuel (Thousand Barrels per Day),76,MBBL/D
2008-06,NUS-Z00,U.S.,EPJK,Kerosene-Type Jet Fuel,EEX,Exports,MKJEXUS1,U.S. Exports of Kerosene-Type Jet Fuel (Thousand Barrels),2590,MBBL
2008-06,NUS-Z00,U.S.,EPJK,Kerosene-Type Jet Fuel,EEX,Exports,MKJEXUS2,U.S. Exports of Kerosene-Type Jet Fuel (Thousand Barrels per Day),86,MBBL/D
2008-07,NUS-Z00,U.S.,EPJK,Kerosene-Type Jet Fuel,EEX,Exports,MKJEXUS1,U.S. Exports of Kerosene-Type Jet Fuel (Thousand Barrels),2899,MBBL
2008-07,NUS-Z00,U.S.,EPJK,Kerosene-Type Jet Fuel,EEX,Exports,MKJEXUS2,U.S. Exports of Kerosene-Type Jet Fuel (Thousand Barrels per Day),94,MBBL/D
2008-08,NUS-Z00,U.S.,EPJK,Kerosene-Type Jet Fuel,EEX,Exports,MKJEXUS1,U.S. Exports of Kerosene-Type Jet Fuel (Thousand Barrels),1910,MBBL
2008-08,NUS-Z00,U.S.,EPJK,Kerosene-Type Jet Fuel,EEX,Exports,MKJEXUS2,U.S. Exports of Kerosene-Type Jet Fuel (Thousand Barrels per Day),62,MBBL/D
2008-09,NUS-Z00,U.S.,EPJK,Kerosene-Type Jet Fuel,EEX,Exports,MKJEXUS1,U.S. Exports of Kerosene-Type Jet Fuel (Thousand Barrels),860,MBBL
2008-09,NUS-Z00,U.S.,EPJK,Kerosene-Type Jet Fuel,EEX,Exports,MKJEXUS2,U.S. Exports of Kerosene-Type Jet Fuel (Thousand Barrels per Day),29,MBBL/D
2008-10,NUS-Z00,U.S.,EPJK,Kerosene-Type Jet Fuel,EEX,Exports,MKJEXUS1,U.S. Exports of Kerosene-Type Jet Fuel (Thousand Barrels),1876,MBBL
2008-10,NUS-Z00,U.S.,EPJK,Kerosene-Type Jet Fuel,EEX,Exports,MKJEXUS2,U.S. Exports of Kerosene-Type Jet Fuel (Thousand Barrels per Day),61,MBBL/D
2008-11,NUS-Z00,U.S.,EPJK,Kerosene-Type Jet Fuel,EEX,Exports,MKJEXUS1,U.S. Exports of Kerosene-Type Jet Fuel (Thousand Barrels),1547,MBBL
2008-11,NUS-Z00,U.S.,EPJK,Kerosene-Type Jet Fuel,EEX,Exports,MKJEXUS2,U.S. Exports of Kerosene-Type Jet Fuel (Thousand Barrels per Day),52,MBBL/D
2008-12,NUS-Z00,U.S.,EPJK,Kerosene-Type Jet Fuel,EEX,Exports,MKJEXUS1,U.S. Exports of Kerosene-Type Jet Fuel (Thousand Barrels),1627,MBBL
2008-12,NUS-Z00,U.S.,EPJK,Kerosene-Type Jet Fuel,EEX,Exports,MKJEXUS2,U.S. Exports of Kerosene-Type Jet Fuel (Thousand Barrels per Day),52,MBBL/D
2009-01,NUS-Z00,U.S.,EPJK,Kerosene-Type Jet Fuel,EEX,Exports,MKJEXUS1,U.S. Exports of Kerosene-Type Jet Fuel (Thousand Barrels),2379,MBBL
2009-01,NUS-Z00,U.S.,EPJK,Kerosene-Type Jet Fuel,EEX,Exports,MKJEXUS2,U.S. Exports of Kerosene-Type Jet Fuel (Thousand Barrels per Day),77,MBBL/D
2009-02,NUS-Z00,U.S.,EPJK,Kerosene-Type Jet Fuel,EEX,Exports,MKJEXUS1,U.S. Exports of Kerosene-Type Jet Fuel (Thousand Barrels),1171,MBBL
2009-02,NUS-Z00,U.S.,EPJK,Kerosene-Type Jet Fuel,EEX,Exports,MKJEXUS2,U.S. Exports of Kerosene-Type Jet Fuel (Thousand Barrels per Day),42,MBBL/D
2009-03,NUS-Z00,U.S.,EPJK,Kerosene-Type Jet Fuel,EEX,Exports,MKJEXUS1,U.S. Exports of Kerosene-Type Jet Fuel (Thousand Barrels),1899,MBBL
2009-03,NUS-Z00,U.S.,EPJK,Kerosene-Type Jet Fuel,EEX,Exports,MKJEXUS2,U.S. Exports of Kerosene-Type Jet Fuel (Thousand Barrels per Day),61,MBBL/D
2009-04,NUS-Z00,U.S.,EPJK,Kerosene-Type Jet Fuel,EEX,Exports,MKJEXUS1,U.S. Exports of Kerosene-Type Jet Fuel (Thousand Barrels),1981,MBBL
2009-04,NUS-Z00,U.S.,EPJK,Kerosene-Type Jet Fuel,EEX,Exports,MKJEXUS2,U.S. Exports of Kerosene-Type Jet Fuel (Thousand Barrels per Day),66,MBBL/D
2009-05,NUS-Z00,U.S.,EPJK,Kerosene-Type Jet Fuel,EEX,Exports,MKJEXUS1,U.S. Exports of Kerosene-Type Jet Fuel (Thousand Barrels),2656,MBBL
2009-05,NUS-Z00,U.S.,EPJK,Kerosene-Type Jet Fuel,EEX,Exports,MKJEXUS2,U.S. Exports of Kerosene-Type Jet Fuel (Thousand Barrels per Day),86,MBBL/D
2009-06,NUS-Z00,U.S.,EPJK,Kerosene-Type Jet Fuel,EEX,Exports,MKJEXUS1,U.S. Exports of Kerosene-Type Jet Fuel (Thousand Barrels),1270,MBBL
2009-06,NUS-Z00,U.S.,EPJK,Kerosene-Type Jet Fuel,EEX,Exports,MKJEXUS2,U.S. Exports of Kerosene-Type Jet Fuel (Thousand Barrels per Day),42,MBBL/D
2009-07,NUS-Z00,U.S.,EPJK,Kerosene-Type Jet Fuel,EEX,Exports,MKJEXUS1,U.S. Exports of Kerosene-Type Jet Fuel (Thousand Barrels),1505,MBBL
2009-07,NUS-Z00,U.S.,EPJK,Kerosene-Type Jet Fuel,EEX,Exports,MKJEXUS2,U.S. Exports of Kerosene-Type Jet Fuel (Thousand Barrels per Day),49,MBBL/D
2009-08,NUS-Z00,U.S.,EPJK,Kerosene-Type Jet Fuel,EEX,Exports,MKJEXUS1,U.S. Exports of Kerosene-Type Jet Fuel (Thousand Barrels),1688,MBBL
2009-08,NUS-Z00,U.S.,EPJK,Kerosene-Type Jet Fuel,EEX,Exports,MKJEXUS2,U.S. Exports of Kerosene-Type Jet Fuel (Thousand Barrels per Day),54,MBBL/D
2009-09,NUS-Z00,U.S.,EPJK,Kerosene-Type Jet Fuel,EEX,Exports,MKJEXUS1,U.S. Exports of Kerosene-Type Jet Fuel (Thousand Barrels),1901,MBBL
2009-09,NUS-Z00,U.S.,EPJK,Kerosene-Type Jet Fuel,EEX,Exports,MKJEXUS2,U.S. Exports of Kerosene-Type Jet Fuel (Thousand Barrels per Day),63,MBBL/D
2009-10,NUS-Z00,U.S.,EPJK,Kerosene-Type Jet Fuel,EEX,Exports,MKJEXUS1,U.S. Exports of Kerosene-Type Jet Fuel (Thousand Barrels),2949,MBBL
2009-10,NUS-Z00,U.S.,EPJK,Kerosene-Type Jet Fuel,EEX,Exports,MKJEXUS2,U.S. Exports of Kerosene-Type Jet Fuel (Thousand Barrels per Day),95,MBBL/D
2009-11,NUS-Z00,U.S.,EPJK,Kerosene-Type Jet Fuel,EEX,Exports,MKJEXUS1,U.S. Exports of Kerosene-Type Jet Fuel (Thousand Barrels),2226,MBBL
2009-11,NUS-Z00,U.S.,EPJK,Kerosene-Type Jet Fuel,EEX,Exports,MKJEXUS2,U.S. Exports of Kerosene-Type Jet Fuel (Thousand Barrels per Day),74,MBBL/D
2009-12,NUS-Z00,U.S.,EPJK,Kerosene-Type Jet Fuel,EEX,Exports,MKJEXUS1,U.S. Exports of Kerosene-Type Jet Fuel (Thousand Barrels),3605,MBBL
2009-12,NUS-Z00,U.S.,EPJK,Kerosene-Type Jet Fuel,EEX,Exports,MKJEXUS2,U.S. Exports of Kerosene-Type Jet Fuel (Thousand Barrels per Day),116,MBBL/D
2010-01,NUS-Z00,U.S.,EPJK,Kerosene-Type Jet Fuel,EEX,Exports,MKJEXUS1,U.S. Exports of Kerosene-Type Jet Fuel (Thousand Barrels),3514,MBBL
2010-01,NUS-Z00,U.S.,EPJK,Kerosene-Type Jet Fuel,EEX,Exports,MKJEXUS2,U.S. Exports of Kerosene-Type Jet Fuel (Thousand Barrels per Day),113,MBBL/D
2010-02,NUS-Z00,U.S.,EPJK,Kerosene-Type Jet Fuel,EEX,Exports,MKJEXUS1,U.S. Exports of Kerosene-Type Jet Fuel (Thousand Barrels),1852,MBBL
2010-02,NUS-Z00,U.S.,EPJK,Kerosene-Type Jet Fuel,EEX,Exports,MKJEXUS2,U.S. Exports of Kerosene-Type Jet Fuel (Thousand Barrels per Day),66,MBBL/D
2010-03,NUS-Z00,U.S.,EPJK,Kerosene-Type Jet Fuel,EEX,Exports,MKJEXUS1,U.S. Exports of Kerosene-Type Jet Fuel (Thousand Barrels),2173,MBBL
2010-03,NUS-Z00,U.S.,EPJK,Kerosene-Type Jet Fuel,EEX,Exports,MKJEXUS2,U.S. Exports of Kerosene-Type Jet Fuel (Thousand Barrels per Day),70,MBBL/D
2010-04,NUS-Z00,U.S.,EPJK,Kerosene-Type Jet Fuel,EEX,Exports,MKJEXUS1,U.S. Exports of Kerosene-Type Jet Fuel (Thousand Barrels),2281,MBBL
2010-04,NUS-Z00,U.S.,EPJK,Kerosene-Type Jet Fuel,EEX,Exports,MKJEXUS2,U.S. Exports of Kerosene-Type Jet Fuel (Thousand Barrels per Day),76,MBBL/D
2010-05,NUS-Z00,U.S.,EPJK,Kerosene-Type Jet Fuel,EEX,Exports,MKJEXUS1,U.S. Exports of Kerosene-Type Jet Fuel (Thousand Barrels),2441,MBBL
2010-05,NUS-Z00,U.S.,EPJK,Kerosene-Type Jet Fuel,EEX,Exports,MKJEXUS2,U.S. Exports of Kerosene-Type Jet Fuel (Thousand Barrels per Day),79,MBBL/D
2010-06,NUS-Z00,U.S.,EPJK,Kerosene-Type Jet Fuel,EEX,Exports,MKJEXUS1,U.S. Exports of Kerosene-Type Jet Fuel (Thousand Barrels),1701,MBBL
2010-06,NUS-Z00,U.S.,EPJK,Kerosene-Type Jet Fuel,EEX,Exports,MKJEXUS2,U.S. Exports of Kerosene-Type Jet Fuel (Thousand Barrels per Day),57,MBBL/D
2010-07,NUS-Z00,U.S.,EPJK,Kerosene-Type Jet Fuel,EEX,Exports,MKJEXUS1,U.S. Exports of Kerosene-Type Jet Fuel (Thousand Barrels),2539,MBBL
2010-07,NUS-Z00,U.S.,EPJK,Kerosene-Type Jet Fuel,EEX,Exports,MKJEXUS2,U.S. Exports of Kerosene-Type Jet Fuel (Thousand Barrels per Day),82,MBBL/D
2010-08,NUS-Z00,U.S.,EPJK,Kerosene-Type Jet Fuel,EEX,Exports,MKJEXUS1,U.S. Exports of Kerosene-Type Jet Fuel (Thousand Barrels),2630,MBBL
2010-08,NUS-Z00,U.S.,EPJK,Kerosene-Type Jet Fuel,EEX,Exports,MKJEXUS2,U.S. Exports of Kerosene-Type Jet Fuel (Thousand Barrels per Day),85,MBBL/D
2010-09,NUS-Z00,U.S.,EPJK,Kerosene-Type Jet Fuel,EEX,Exports,MKJEXUS1,U.S. Exports of Kerosene-Type Jet Fuel (Thousand Barrels),2426,MBBL
2010-09,NUS-Z00,U.S.,EPJK,Kerosene-Type Jet Fuel,EEX,Exports,MKJEXUS2,U.S. Exports of Kerosene-Type Jet Fuel (Thousand Barrels per Day),81,MBBL/D
2010-10,NUS-Z00,U.S.,EPJK,Kerosene-Type Jet Fuel,EEX,Exports,MKJEXUS1,U.S. Exports of Kerosene-Type Jet Fuel (Thousand Barrels),1973,MBBL
2010-10,NUS-Z00,U.S.,EPJK,Kerosene-Type Jet Fuel,EEX,Exports,MKJEXUS2,U.S. Exports of Kerosene-Type Jet Fuel (Thousand Barrels per Day),64,MBBL/D
2010-11,NUS-Z00,U.S.,EPJK,Kerosene-Type Jet Fuel,EEX,Exports,MKJEXUS1,U.S. Exports of Kerosene-Type Jet Fuel (Thousand Barrels),3082,MBBL
2010-11,NUS-Z00,U.S.,EPJK,Kerosene-Type Jet Fuel,EEX,Exports,MKJEXUS2,U.S. Exports of Kerosene-Type Jet Fuel (Thousand Barrels per Day),103,MBBL/D
2010-12,NUS-Z00,U.S.,EPJK,Kerosene-Type Jet Fuel,EEX,Exports,MKJEXUS1,U.S. Exports of Kerosene-Type Jet Fuel (Thousand Barrels),4141,MBBL
2010-12,NUS-Z00,U.S.,EPJK,Kerosene-Type Jet Fuel,EEX,Exports,MKJEXUS2,U.S. Exports of Kerosene-Type Jet Fuel (Thousand Barrels per Day),134,MBBL/D
2011-01,NUS-Z00,U.S.,EPJK,Kerosene-Type Jet Fuel,EEX,Exports,MKJEXUS1,U.S. Exports of Kerosene-Type Jet Fuel (Thousand Barrels),3906,MBBL
2011-01,NUS-Z00,U.S.,EPJK,Kerosene-Type Jet Fuel,EEX,Exports,MKJEXUS2,U.S. Exports of Kerosene-Type Jet Fuel (Thousand Barrels per Day),126,MBBL/D
2011-02,NUS-Z00,U.S.,EPJK,Kerosene-Type Jet Fuel,EEX,Exports,MKJEXUS1,U.S. Exports of Kerosene-Type Jet Fuel (Thousand Barrels),2786,MBBL
2011-02,NUS-Z00,U.S.,EPJK,Kerosene-Type Jet Fuel,EEX,Exports,MKJEXUS2,U.S. Exports of Kerosene-Type Jet Fuel (Thousand Barrels per Day),100,MBBL/D
2011-03,NUS-Z00,U.S.,EPJK,Kerosene-Type Jet Fuel,EEX,Exports,MKJEXUS1,U.S. Exports of Kerosene-Type Jet Fuel (Thousand Barrels),2715,MBBL
2011-03,NUS-Z00,U.S.,EPJK,Kerosene-Type Jet Fuel,EEX,Exports,MKJEXUS2,U.S. Exports of Kerosene-Type Jet Fuel (Thousand Barrels per Day),88,MBBL/D
2011-04,NUS-Z00,U.S.,EPJK,Kerosene-Type Jet Fuel,EEX,Exports,MKJEXUS1,U.S. Exports of Kerosene-Type Jet Fuel (Thousand Barrels),3059,MBBL
2011-04,NUS-Z00,U.S.,EPJK,Kerosene-Type Jet Fuel,EEX,Exports,MKJEXUS2,U.S. Exports of Kerosene-Type Jet Fuel (Thousand Barrels per Day),102,MBBL/D
2011-05,NUS-Z00,U.S.,EPJK,Kerosene-Type Jet Fuel,EEX,Exports,MKJEXUS1,U.S. Exports of Kerosene-Type Jet Fuel (Thousand Barrels),1733,MBBL
2011-05,NUS-Z00,U.S.,EPJK,Kerosene-Type Jet Fuel,EEX,Exports,MKJEXUS2,U.S. Exports of Kerosene-Type Jet Fuel (Thousand Barrels per Day),56,MBBL/D
2011-06,NUS-Z00,U.S.,EPJK,Kerosene-Type Jet Fuel,EEX,Exports,MKJEXUS1,U.S. Exports of Kerosene-Type Jet Fuel (Thousand Barrels),2221,MBBL
2011-06,NUS-Z00,U.S.,EPJK,Kerosene-Type Jet Fuel,EEX,Exports,MKJEXUS2,U.S. Exports of Kerosene-Type Jet Fuel (Thousand Barrels per Day),74,MBBL/D
2011-07,NUS-Z00,U.S.,EPJK,Kerosene-Type Jet Fuel,EEX,Exports,MKJEXUS1,U.S. Exports of Kerosene-Type Jet Fuel (Thousand Barrels),3390,MBBL
2011-07,NUS-Z00,U.S.,EPJK,Kerosene-Type Jet Fuel,EEX,Exports,MKJEXUS2,U.S. Exports of Kerosene-Type Jet Fuel (Thousand Barrels per Day),109,MBBL/D
2011-08,NUS-Z00,U.S.,EPJK,Kerosene-Type Jet Fuel,EEX,Exports,MKJEXUS1,U.S. Exports of Kerosene-Type Jet Fuel (Thousand Barrels),2806,MBBL
2011-08,NUS-Z00,U.S.,EPJK,Kerosene-Type Jet Fuel,EEX,Exports,MKJEXUS2,U.S. Exports of Kerosene-Type Jet Fuel (Thousand Barrels per Day),91,MBBL/D
2011-09,NUS-Z00,U.S.,EPJK,Kerosene-Type Jet Fuel,EEX,Exports,MKJEXUS1,U.S. Exports of Kerosene-Type Jet Fuel (Thousand Barrels),3089,MBBL
2011-09,NUS-Z00,U.S.,EPJK,Kerosene-Type Jet Fuel,EEX,Exports,MKJEXUS2,U.S. Exports of Kerosene-Type Jet Fuel (Thousand Barrels per Day),103,MBBL/D
2011-10,NUS-Z00,U.S.,EPJK,Kerosene-Type Jet Fuel,EEX,Exports,MKJEXUS1,U.S. Exports of Kerosene-Type Jet Fuel (Thousand Barrels),2419,MBBL
2011-10,NUS-Z00,U.S.,EPJK,Kerosene-Type Jet Fuel,EEX,Exports,MKJEXUS2,U.S. Exports of Kerosene-Type Jet Fuel (Thousand Barrels per Day),78,MBBL/D
2011-11,NUS-Z00,U.S.,EPJK,Kerosene-Type Jet Fuel,EEX,Exports,MKJEXUS1,U.S. Exports of Kerosene-Type Jet Fuel (Thousand Barrels),3173,MBBL
2011-11,NUS-Z00,U.S.,EPJK,Kerosene-Type Jet Fuel,EEX,Exports,MKJEXUS2,U.S. Exports of Kerosene-Type Jet Fuel (Thousand Barrels per Day),106,MBBL/D
2011-12,NUS-Z00,U.S.,EPJK,Kerosene-Type Jet Fuel,EEX,Exports,MKJEXUS1,U.S. Exports of Kerosene-Type Jet Fuel (Thousand Barrels),4027,MBBL
2011-12,NUS-Z00,U.S.,EPJK,Kerosene-Type Jet Fuel,EEX,Exports,MKJEXUS2,U.S. Exports of Kerosene-Type Jet Fuel (Thousand Barrels per Day),130,MBBL/D
2012-01,NUS-Z00,U.S.,EPJK,Kerosene-Type Jet Fuel,EEX,Exports,MKJEXUS1,U.S. Exports of Kerosene-Type Jet Fuel (Thousand Barrels),3562,MBBL
2012-01,NUS-Z00,U.S.,EPJK,Kerosene-Type Jet Fuel,EEX,Exports,MKJEXUS2,U.S. Exports of Kerosene-Type Jet Fuel (Thousand Barrels per Day),115,MBBL/D
2012-02,NUS-Z00,U.S.,EPJK,Kerosene-Type Jet Fuel,EEX,Exports,MKJEXUS1,U.S. Exports of Kerosene-Type Jet Fuel (Thousand Barrels),3650,MBBL
2012-02,NUS-Z00,U.S.,EPJK,Kerosene-Type Jet Fuel,EEX,Exports,MKJEXUS2,U.S. Exports of Kerosene-Type Jet Fuel (Thousand Barrels per Day),126,MBBL/D
2012-03,NUS-Z00,U.S.,EPJK,Kerosene-Type Jet Fuel,EEX,Exports,MKJEXUS1,U.S. Exports of Kerosene-Type Jet Fuel (Thousand Barrels),3090,MBBL
2012-03,NUS-Z00,U.S.,EPJK,Kerosene-Type Jet Fuel,EEX,Exports,MKJEXUS2,U.S. Exports of Kerosene-Type Jet Fuel (Thousand Barrels per Day),100,MBBL/D
2012-04,NUS-Z00,U.S.,EPJK,Kerosene-Type Jet Fuel,EEX,Exports,MKJEXUS1,U.S. Exports of Kerosene-Type Jet Fuel (Thousand Barrels),2697,MBBL
2012-04,NUS-Z00,U.S.,EPJK,Kerosene-Type Jet Fuel,EEX,Exports,MKJEXUS2,U.S. Exports of Kerosene-Type Jet Fuel (Thousand Barrels per Day),90,MBBL/D
2012-05,NUS-Z00,U.S.,EPJK,Kerosene-Type Jet Fuel,EEX,Exports,MKJEXUS1,U.S. Exports of Kerosene-Type Jet Fuel (Thousand Barrels),3864,MBBL
2012-05,NUS-Z00,U.S.,EPJK,Kerosene-Type Jet Fuel,EEX,Exports,MKJEXUS2,U.S. Exports of Kerosene-Type Jet Fuel (Thousand Barrels per Day),125,MBBL/D
2012-06,NUS-Z00,U.S.,EPJK,Kerosene-Type Jet Fuel,EEX,Exports,MKJEXUS1,U.S. Exports of Kerosene-Type Jet Fuel (Thousand Barrels),4562,MBBL
2012-06,NUS-Z00,U.S.,EPJK,Kerosene-Type Jet Fuel,EEX,Exports,MKJEXUS2,U.S. Exports of Kerosene-Type Jet Fuel (Thousand Barrels per Day),152,MBBL/D
2012-07,NUS-Z00,U.S.,EPJK,Kerosene-Type Jet Fuel,EEX,Exports,MKJEXUS1,U.S. Exports of Kerosene-Type Jet Fuel (Thousand Barrels),4390,MBBL
2012-07,NUS-Z00,U.S.,EPJK,Kerosene-Type Jet Fuel,EEX,Exports,MKJEXUS2,U.S. Exports of Kerosene-Type Jet Fuel (Thousand Barrels per Day),142,MBBL/D
2012-08,NUS-Z00,U.S.,EPJK,Kerosene-Type Jet Fuel,EEX,Exports,MKJEXUS1,U.S. Exports of Kerosene-Type Jet Fuel (Thousand Barrels),3410,MBBL
2012-08,NUS-Z00,U.S.,EPJK,Kerosene-Type Jet Fuel,EEX,Exports,MKJEXUS2,U.S. Exports of Kerosene-Type Jet Fuel (Thousand Barrels per Day),110,MBBL/D
2012-09,NUS-Z00,U.S.,EPJK,Kerosene-Type Jet Fuel,EEX,Exports,MKJEXUS1,U.S. Exports of Kerosene-Type Jet Fuel (Thousand Barrels),3920,MBBL
2012-09,NUS-Z00,U.S.,EPJK,Kerosene-Type Jet Fuel,EEX,Exports,MKJEXUS2,U.S. Exports of Kerosene-Type Jet Fuel (Thousand Barrels per Day),131,MBBL/D
2012-10,NUS-Z00,U.S.,EPJK,Kerosene-Type Jet Fuel,EEX,Exports,MKJEXUS1,U.S. Exports of Kerosene-Type Jet Fuel (Thousand Barrels),4637,MBBL
2012-10,NUS-Z00,U.S.,EPJK,Kerosene-Type Jet Fuel,EEX,Exports,MKJEXUS2,U.S. Exports of Kerosene-Type Jet Fuel (Thousand Barrels per Day),150,MBBL/D
2012-11,NUS-Z00,U.S.,EPJK,Kerosene-Type Jet Fuel,EEX,Exports,MKJEXUS1,U.S. Exports of Kerosene-Type Jet Fuel (Thousand Barrels),4801,MBBL
2012-11,NUS-Z00,U.S.,EPJK,Kerosene-Type Jet Fuel,EEX,Exports,MKJEXUS2,U.S. Exports of Kerosene-Type Jet Fuel (Thousand Barrels per Day),160,MBBL/D
2012-12,NUS-Z00,U.S.,EPJK,Kerosene-Type Jet Fuel,EEX,Exports,MKJEXUS1,U.S. Exports of Kerosene-Type Jet Fuel (Thousand Barrels),5874,MBBL
2012-12,NUS-Z00,U.S.,EPJK,Kerosene-Type Jet Fuel,EEX,Exports,MKJEXUS2,U.S. Exports of Kerosene-Type Jet Fuel (Thousand Barrels per Day),189,MBBL/D
2013-01,NUS-Z00,U.S.,EPJK,Kerosene-Type Jet Fuel,EEX,Exports,MKJEXUS1,U.S. Exports of Kerosene-Type Jet Fuel (Thousand Barrels),5075,MBBL
2013-01,NUS-Z00,U.S.,EPJK,Kerosene-Type Jet Fuel,EEX,Exports,MKJEXUS2,U.S. Exports of Kerosene-Type Jet Fuel (Thousand Barrels per Day),164,MBBL/D
2013-02,NUS-Z00,U.S.,EPJK,Kerosene-Type Jet Fuel,EEX,Exports,MKJEXUS1,U.S. Exports of Kerosene-Type Jet Fuel (Thousand Barrels),2736,MBBL
2013-02,NUS-Z00,U.S.,EPJK,Kerosene-Type Jet Fuel,EEX,Exports,MKJEXUS2,U.S. Exports of Kerosene-Type Jet Fuel (Thousand Barrels per Day),98,MBBL/D
2013-03,NUS-Z00,U.S.,EPJK,Kerosene-Type Jet Fuel,EEX,Exports,MKJEXUS1,U.S. Exports of Kerosene-Type Jet Fuel (Thousand Barrels),4093,MBBL
2013-03,NUS-Z00,U.S.,EPJK,Kerosene-Type Jet Fuel,EEX,Exports,MKJEXUS2,U.S. Exports of Kerosene-Type Jet Fuel (Thousand Barrels per Day),132,MBBL/D
2013-04,NUS-Z00,U.S.,EPJK,Kerosene-Type Jet Fuel,EEX,Exports,MKJEXUS1,U.S. Exports of Kerosene-Type Jet Fuel (Thousand Barrels),4103,MBBL
2013-04,NUS-Z00,U.S.,EPJK,Kerosene-Type Jet Fuel,EEX,Exports,MKJEXUS2,U.S. Exports of Kerosene-Type Jet Fuel (Thousand Barrels per Day),137,MBBL/D
2013-05,NUS-Z00,U.S.,EPJK,Kerosene-Type Jet Fuel,EEX,Exports,MKJEXUS1,U.S. Exports of Kerosene-Type Jet Fuel (Thousand Barrels),3718,MBBL
2013-05,NUS-Z00,U.S.,EPJK,Kerosene-Type Jet Fuel,EEX,Exports,MKJEXUS2,U.S. Exports of Kerosene-Type Jet Fuel (Thousand Barrels per Day),120,MBBL/D
2013-06,NUS-Z00,U.S.,EPJK,Kerosene-Type Jet Fuel,EEX,Exports,MKJEXUS1,U.S. Exports of Kerosene-Type Jet Fuel (Thousand Barrels),5382,MBBL
2013-06,NUS-Z00,U.S.,EPJK,Kerosene-Type Jet Fuel,EEX,Exports,MKJEXUS2,U.S. Exports of Kerosene-Type Jet Fuel (Thousand Barrels per Day),179,MBBL/D
2013-07,NUS-Z00,U.S.,EPJK,Kerosene-Type Jet Fuel,EEX,Exports,MKJEXUS1,U.S. Exports of Kerosene-Type Jet Fuel (Thousand Barrels),4681,MBBL
2013-07,NUS-Z00,U.S.,EPJK,Kerosene-Type Jet Fuel,EEX,Exports,MKJEXUS2,U.S. Exports of Kerosene-Type Jet Fuel (Thousand Barrels per Day),151,MBBL/D
2013-08,NUS-Z00,U.S.,EPJK,Kerosene-Type Jet Fuel,EEX,Exports,MKJEXUS1,U.S. Exports of Kerosene-Type Jet Fuel (Thousand Barrels),6039,MBBL
2013-08,NUS-Z00,U.S.,EPJK,Kerosene-Type Jet Fuel,EEX,Exports,MKJEXUS2,U.S. Exports of Kerosene-Type Jet Fuel (Thousand Barrels per Day),195,MBBL/D
2013-09,NUS-Z00,U.S.,EPJK,Kerosene-Type Jet Fuel,EEX,Exports,MKJEXUS1,U.S. Exports of Kerosene-Type Jet Fuel (Thousand Barrels),4222,MBBL
2013-09,NUS-Z00,U.S.,EPJK,Kerosene-Type Jet Fuel,EEX,Exports,MKJEXUS2,U.S. Exports of Kerosene-Type Jet Fuel (Thousand Barrels per Day),141,MBBL/D
2013-10,NUS-Z00,U.S.,EPJK,Kerosene-Type Jet Fuel,EEX,Exports,MKJEXUS1,U.S. Exports of Kerosene-Type Jet Fuel (Thousand Barrels),4281,MBBL
2013-10,NUS-Z00,U.S.,EPJK,Kerosene-Type Jet Fuel,EEX,Exports,MKJEXUS2,U.S. Exports of Kerosene-Type Jet Fuel (Thousand Barrels per Day),138,MBBL/D
2013-11,NUS-Z00,U.S.,EPJK,Kerosene-Type Jet Fuel,EEX,Exports,MKJEXUS1,U.S. Exports of Kerosene-Type Jet Fuel (Thousand Barrels),6064,MBBL
2013-11,NUS-Z00,U.S.,EPJK,Kerosene-Type Jet Fuel,EEX,Exports,MKJEXUS2,U.S. Exports of Kerosene-Type Jet Fuel (Thousand Barrels per Day),202,MBBL/D
2013-12,NUS-Z00,U.S.,EPJK,Kerosene-Type Jet Fuel,EEX,Exports,MKJEXUS1,U.S. Exports of Kerosene-Type Jet Fuel (Thousand Barrels),6593,MBBL
2013-12,NUS-Z00,U.S.,EPJK,Kerosene-Type Jet Fuel,EEX,Exports,MKJEXUS2,U.S. Exports of Kerosene-Type Jet Fuel (Thousand Barrels per Day),213,MBBL/D
2014-01,NUS-Z00,U.S.,EPJK,Kerosene-Type Jet Fuel,EEX,Exports,MKJEXUS1,U.S. Exports of Kerosene-Type Jet Fuel (Thousand Barrels),4206,MBBL
2014-01,NUS-Z00,U.S.,EPJK,Kerosene-Type Jet Fuel,EEX,Exports,MKJEXUS2,U.S. Exports of Kerosene-Type Jet Fuel (Thousand Barrels per Day),136,MBBL/D
2014-02,NUS-Z00,U.S.,EPJK,Kerosene-Type Jet Fuel,EEX,Exports,MKJEXUS1,U.S. Exports of Kerosene-Type Jet Fuel (Thousand Barrels),4087,MBBL
2014-02,NUS-Z00,U.S.,EPJK,Kerosene-Type Jet Fuel,EEX,Exports,MKJEXUS2,U.S. Exports of Kerosene-Type Jet Fuel (Thousand Barrels per Day),146,MBBL/D
2014-03,NUS-Z00,U.S.,EPJK,Kerosene-Type Jet Fuel,EEX,Exports,MKJEXUS1,U.S. Exports of Kerosene-Type Jet Fuel (Thousand Barrels),4382,MBBL
2014-03,NUS-Z00,U.S.,EPJK,Kerosene-Type Jet Fuel,EEX,Exports,MKJEXUS2,U.S. Exports of Kerosene-Type Jet Fuel (Thousand Barrels per Day),141,MBBL/D
2014-04,NUS-Z00,U.S.,EPJK,Kerosene-Type Jet Fuel,EEX,Exports,MKJEXUS1,U.S. Exports of Kerosene-Type Jet Fuel (Thousand Barrels),3428,MBBL
2014-04,NUS-Z00,U.S.,EPJK,Kerosene-Type Jet Fuel,EEX,Exports,MKJEXUS2,U.S. Exports of Kerosene-Type Jet Fuel (Thousand Barrels per Day),114,MBBL/D
2014-05,NUS-Z00,U.S.,EPJK,Kerosene-Type Jet Fuel,EEX,Exports,MKJEXUS1,U.S. Exports of Kerosene-Type Jet Fuel (Thousand Barrels),4908,MBBL
2014-05,NUS-Z00,U.S.,EPJK,Kerosene-Type Jet Fuel,EEX,Exports,MKJEXUS2,U.S. Exports of Kerosene-Type Jet Fuel (Thousand Barrels per Day),158,MBBL/D
2014-06,NUS-Z00,U.S.,EPJK,Kerosene-Type Jet Fuel,EEX,Exports,MKJEXUS1,U.S. Exports of Kerosene-Type Jet Fuel (Thousand Barrels),4556,MBBL
2014-06,NUS-Z00,U.S.,EPJK,Kerosene-Type Jet Fuel,EEX,Exports,MKJEXUS2,U.S. Exports of Kerosene-Type Jet Fuel (Thousand Barrels per Day),152,MBBL/D
2014-07,NUS-Z00,U.S.,EPJK,Kerosene-Type Jet Fuel,EEX,Exports,MKJEXUS1,U.S. Exports of Kerosene-Type Jet Fuel (Thousand Barrels),6399,MBBL
2014-07,NUS-Z00,U.S.,EPJK,Kerosene-Type Jet Fuel,EEX,Exports,MKJEXUS2,U.S. Exports of Kerosene-Type Jet Fuel (Thousand Barrels per Day),206,MBBL/D
2014-08,NUS-Z00,U.S.,EPJK,Kerosene-Type Jet Fuel,EEX,Exports,MKJEXUS1,U.S. Exports of Kerosene-Type Jet Fuel (Thousand Barrels),6590,MBBL
2014-08,NUS-Z00,U.S.,EPJK,Kerosene-Type Jet Fuel,EEX,Exports,MKJEXUS2,U.S. Exports of Kerosene-Type Jet Fuel (Thousand Barrels per Day),213,MBBL/D
2014-09,NUS-Z00,U.S.,EPJK,Kerosene-Type Jet Fuel,EEX,Exports,MKJEXUS1,U.S. Exports of Kerosene-Type Jet Fuel (Thousand Barrels),4136,MBBL
2014-09,NUS-Z00,U.S.,EPJK,Kerosene-Type Jet Fuel,EEX,Exports,MKJEXUS2,U.S. Exports of Kerosene-Type Jet Fuel (Thousand Barrels per Day),138,MBBL/D
2014-10,NUS-Z00,U.S.,EPJK,Kerosene-Type Jet Fuel,EEX,Exports,MKJEXUS1,U.S. Exports of Kerosene-Type Jet Fuel (Thousand Barrels),6278,MBBL
2014-10,NUS-Z00,U.S.,EPJK,Kerosene-Type Jet Fuel,EEX,Exports,MKJEXUS2,U.S. Exports of Kerosene-Type Jet Fuel (Thousand Barrels per Day),203,MBBL/D
2014-11,NUS-Z00,U.S.,EPJK,Kerosene-Type Jet Fuel,EEX,Exports,MKJEXUS1,U.S. Exports of Kerosene-Type Jet Fuel (Thousand Barrels),5679,MBBL
2014-11,NUS-Z00,U.S.,EPJK,Kerosene-Type Jet Fuel,EEX,Exports,MKJEXUS2,U.S. Exports of Kerosene-Type Jet Fuel (Thousand Barrels per Day),189,MBBL/D
2014-12,NUS-Z00,U.S.,EPJK,Kerosene-Type Jet Fuel,EEX,Exports,MKJEXUS1,U.S. Exports of Kerosene-Type Jet Fuel (Thousand Barrels),4815,MBBL
2014-12,NUS-Z00,U.S.,EPJK,Kerosene-Type Jet Fuel,EEX,Exports,MKJEXUS2,U.S. Exports of Kerosene-Type Jet Fuel (Thousand Barrels per Day),155,MBBL/D
2015-01,NUS-Z00,U.S.,EPJK,Kerosene-Type Jet Fuel,EEX,Exports,MKJEXUS1,U.S. Exports of Kerosene-Type Jet Fuel (Thousand Barrels),7472,MBBL
2015-01,NUS-Z00,U.S.,EPJK,Kerosene-Type Jet Fuel,EEX,Exports,MKJEXUS2,U.S. Exports of Kerosene-Type Jet Fuel (Thousand Barrels per Day),241,MBBL/D
2015-02,NUS-Z00,U.S.,EPJK,Kerosene-Type Jet Fuel,EEX,Exports,MKJEXUS1,U.S. Exports of Kerosene-Type Jet Fuel (Thousand Barrels),5397,MBBL
2015-02,NUS-Z00,U.S.,EPJK,Kerosene-Type Jet Fuel,EEX,Exports,MKJEXUS2,U.S. Exports of Kerosene-Type Jet Fuel (Thousand Barrels per Day),193,MBBL/D
2015-03,NUS-Z00,U.S.,EPJK,Kerosene-Type Jet Fuel,EEX,Exports,MKJEXUS1,U.S. Exports of Kerosene-Type Jet Fuel (Thousand Barrels),4795,MBBL
2015-03,NUS-Z00,U.S.,EPJK,Kerosene-Type Jet Fuel,EEX,Exports,MKJEXUS2,U.S. Exports of Kerosene-Type Jet Fuel (Thousand Barrels per Day),155,MBBL/D
2015-04,NUS-Z00,U.S.,EPJK,Kerosene-Type Jet Fuel,EEX,Exports,MKJEXUS1,U.S. Exports of Kerosene-Type Jet Fuel (Thousand Barrels),5810,MBBL
2015-04,NUS-Z00,U.S.,EPJK,Kerosene-Type Jet Fuel,EEX,Exports,MKJEXUS2,U.S. Exports of Kerosene-Type Jet Fuel (Thousand Barrels per Day),194,MBBL/D
2015-05,NUS-Z00,U.S.,EPJK,Kerosene-Type Jet Fuel,EEX,Exports,MKJEXUS1,U.S. Exports of Kerosene-Type Jet Fuel (Thousand Barrels),4008,MBBL
2015-05,NUS-Z00,U.S.,EPJK,Kerosene-Type Jet Fuel,EEX,Exports,MKJEXUS2,U.S. Exports of Kerosene-Type Jet Fuel (Thousand Barrels per Day),129,MBBL/D
2015-06,NUS-Z00,U.S.,EPJK,Kerosene-Type Jet Fuel,EEX,Exports,MKJEXUS1,U.S. Exports of Kerosene-Type Jet Fuel (Thousand Barrels),4399,MBBL
2015-06,NUS-Z00,U.S.,EPJK,Kerosene-Type Jet Fuel,EEX,Exports,MKJEXUS2,U.S. Exports of Kerosene-Type Jet Fuel (Thousand Barrels per Day),147,MBBL/D
2015-07,NUS-Z00,U.S.,EPJK,Kerosene-Type Jet Fuel,EEX,Exports,MKJEXUS1,U.S. Exports of Kerosene-Type Jet Fuel (Thousand Barrels),5616,MBBL
2015-07,NUS-Z00,U.S.,EPJK,Kerosene-Type Jet Fuel,EEX,Exports,MKJEXUS2,U.S. Exports of Kerosene-Type Jet Fuel (Thousand Barrels per Day),181,MBBL/D
2015-08,NUS-Z00,U.S.,EPJK,Kerosene-Type Jet Fuel,EEX,Exports,MKJEXUS1,U.S. Exports of Kerosene-Type Jet Fuel (Thousand Barrels),4766,MBBL
2015-08,NUS-Z00,U.S.,EPJK,Kerosene-Type Jet Fuel,EEX,Exports,MKJEXUS2,U.S. Exports of Kerosene-Type Jet Fuel (Thousand Barrels per Day),154,MBBL/D
2015-09,NUS-Z00,U.S.,EPJK,Kerosene-Type Jet Fuel,EEX,Exports,MKJEXUS1,U.S. Exports of Kerosene-Type Jet Fuel (Thousand Barrels),4865,MBBL
2015-09,NUS-Z00,U.S.,EPJK,Kerosene-Type Jet Fuel,EEX,Exports,MKJEXUS2,U.S. Exports of Kerosene-Type Jet Fuel (Thousand Barrels per Day),162,MBBL/D
2015-10,NUS-Z00,U.S.,EPJK,Kerosene-Type Jet Fuel,EEX,Exports,MKJEXUS1,U.S. Exports of Kerosene-Type Jet Fuel (Thousand Barrels),3673,MBBL
2015-10,NUS-Z00,U.S.,EPJK,Kerosene-Type Jet Fuel,EEX,Exports,MKJEXUS2,U.S. Exports of Kerosene-Type Jet Fuel (Thousand Barrels per Day),118,MBBL/D
2015-11,NUS-Z00,U.S.,EPJK,Kerosene-Type Jet Fuel,EEX,Exports,MKJEXUS1,U.S. Exports of Kerosene-Type Jet Fuel (Thousand Barrels),5732,MBBL
2015-11,NUS-Z00,U.S.,EPJK,Kerosene-Type Jet Fuel,EEX,Exports,MKJEXUS2,U.S. Exports of Kerosene-Type Jet Fuel (Thousand Barrels per Day),191,MBBL/D
2015-12,NUS-Z00,U.S.,EPJK,Kerosene-Type Jet Fuel,EEX,Exports,MKJEXUS1,U.S. Exports of Kerosene-Type Jet Fuel (Thousand Barrels),4790,MBBL
2015-12,NUS-Z00,U.S.,EPJK,Kerosene-Type Jet Fuel,EEX,Exports,MKJEXUS2,U.S. Exports of Kerosene-Type Jet Fuel (Thousand Barrels per Day),155,MBBL/D
2016-01,NUS-Z00,U.S.,EPJK,Kerosene-Type Jet Fuel,EEX,Exports,MKJEXUS1,U.S. Exports of Kerosene-Type Jet Fuel (Thousand Barrels),6369,MBBL
2016-01,NUS-Z00,U.S.,EPJK,Kerosene-Type Jet Fuel,EEX,Exports,MKJEXUS2,U.S. Exports of Kerosene-Type Jet Fuel (Thousand Barrels per Day),205,MBBL/D
2016-02,NUS-Z00,U.S.,EPJK,Kerosene-Type Jet Fuel,EEX,Exports,MKJEXUS1,U.S. Exports of Kerosene-Type Jet Fuel (Thousand Barrels),4955,MBBL
2016-02,NUS-Z00,U.S.,EPJK,Kerosene-Type Jet Fuel,EEX,Exports,MKJEXUS2,U.S. Exports of Kerosene-Type Jet Fuel (Thousand Barrels per Day),171,MBBL/D
2016-03,NUS-Z00,U.S.,EPJK,Kerosene-Type Jet Fuel,EEX,Exports,MKJEXUS1,U.S. Exports of Kerosene-Type Jet Fuel (Thousand Barrels),3908,MBBL
2016-03,NUS-Z00,U.S.,EPJK,Kerosene-Type Jet Fuel,EEX,Exports,MKJEXUS2,U.S. Exports of Kerosene-Type Jet Fuel (Thousand Barrels per Day),126,MBBL/D
2016-04,NUS-Z00,U.S.,EPJK,Kerosene-Type Jet Fuel,EEX,Exports,MKJEXUS1,U.S. Exports of Kerosene-Type Jet Fuel (Thousand Barrels),4921,MBBL
2016-04,NUS-Z00,U.S.,EPJK,Kerosene-Type Jet Fuel,EEX,Exports,MKJEXUS2,U.S. Exports of Kerosene-Type Jet Fuel (Thousand Barrels per Day),164,MBBL/D
2016-05,NUS-Z00,U.S.,EPJK,Kerosene-Type Jet Fuel,EEX,Exports,MKJEXUS1,U.S. Exports of Kerosene-Type Jet Fuel (Thousand Barrels),5711,MBBL
2016-05,NUS-Z00,U.S.,EPJK,Kerosene-Type Jet Fuel,EEX,Exports,MKJEXUS2,U.S. Exports of Kerosene-Type Jet Fuel (Thousand Barrels per Day),184,MBBL/D
2016-06,NUS-Z00,U.S.,EPJK,Kerosene-Type Jet Fuel,EEX,Exports,MKJEXUS1,U.S. Exports of Kerosene-Type Jet Fuel (Thousand Barrels),6150,MBBL
2016-06,NUS-Z00,U.S.,EPJK,Kerosene-Type Jet Fuel,EEX,Exports,MKJEXUS2,U.S. Exports of Kerosene-Type Jet Fuel (Thousand Barrels per Day),205,MBBL/D
2016-07,NUS-Z00,U.S.,EPJK,Kerosene-Type Jet Fuel,EEX,Exports,MKJEXUS1,U.S. Exports of Kerosene-Type Jet Fuel (Thousand Barrels),4448,MBBL
2016-07,NUS-Z00,U.S.,EPJK,Kerosene-Type Jet Fuel,EEX,Exports,MKJEXUS2,U.S. Exports of Kerosene-Type Jet Fuel (Thousand Barrels per Day),143,MBBL/D
2016-08,NUS-Z00,U.S.,EPJK,Kerosene-Type Jet Fuel,EEX,Exports,MKJEXUS1,U.S. Exports of Kerosene-Type Jet Fuel (Thousand Barrels),6186,MBBL
2016-08,NUS-Z00,U.S.,EPJK,Kerosene-Type Jet Fuel,EEX,Exports,MKJEXUS2,U.S. Exports of Kerosene-Type Jet Fuel (Thousand Barrels per Day),200,MBBL/D
2016-09,NUS-Z00,U.S.,EPJK,Kerosene-Type Jet Fuel,EEX,Exports,MKJEXUS1,U.S. Exports of Kerosene-Type Jet Fuel (Thousand Barrels),5118,MBBL
2016-09,NUS-Z00,U.S.,EPJK,Kerosene-Type Jet Fuel,EEX,Exports,MKJEXUS2,U.S. Exports of Kerosene-Type Jet Fuel (Thousand Barrels per Day),171,MBBL/D
2016-10,NUS-Z00,U.S.,EPJK,Kerosene-Type Jet Fuel,EEX,Exports,MKJEXUS1,U.S. Exports of Kerosene-Type Jet Fuel (Thousand Barrels),4249,MBBL
2016-10,NUS-Z00,U.S.,EPJK,Kerosene-Type Jet Fuel,EEX,Exports,MKJEXUS2,U.S. Exports of Kerosene-Type Jet Fuel (Thousand Barrels per Day),137,MBBL/D
2016-11,NUS-Z00,U.S.,EPJK,Kerosene-Type Jet Fuel,EEX,Exports,MKJEXUS1,U.S. Exports of Kerosene-Type Jet Fuel (Thousand Barrels),5919,MBBL
2016-11,NUS-Z00,U.S.,EPJK,Kerosene-Type Jet Fuel,EEX,Exports,MKJEXUS2,U.S. Exports of Kerosene-Type Jet Fuel (Thousand Barrels per Day),197,MBBL/D
2016-12,NUS-Z00,U.S.,EPJK,Kerosene-Type Jet Fuel,EEX,Exports,MKJEXUS1,U.S. Exports of Kerosene-Type Jet Fuel (Thousand Barrels),6215,MBBL
2016-12,NUS-Z00,U.S.,EPJK,Kerosene-Type Jet Fuel,EEX,Exports,MKJEXUS2,U.S. Exports of Kerosene-Type Jet Fuel (Thousand Barrels per Day),200,MBBL/D
2017-01,NUS-Z00,U.S.,EPJK,Kerosene-Type Jet Fuel,EEX,Exports,MKJEXUS1,U.S. Exports of Kerosene-Type Jet Fuel (Thousand Barrels),5397,MBBL
2017-01,NUS-Z00,U.S.,EPJK,Kerosene-Type Jet Fuel,EEX,Exports,MKJEXUS2,U.S. Exports of Kerosene-Type Jet Fuel (Thousand Barrels per Day),174,MBBL/D
2017-02,NUS-Z00,U.S.,EPJK,Kerosene-Type Jet Fuel,EEX,Exports,MKJEXUS1,U.S. Exports of Kerosene-Type Jet Fuel (Thousand Barrels),4974,MBBL
2017-02,NUS-Z00,U.S.,EPJK,Kerosene-Type Jet Fuel,EEX,Exports,MKJEXUS2,U.S. Exports of Kerosene-Type Jet Fuel (Thousand Barrels per Day),178,MBBL/D
2017-03,NUS-Z00,U.S.,EPJK,Kerosene-Type Jet Fuel,EEX,Exports,MKJEXUS1,U.S. Exports of Kerosene-Type Jet Fuel (Thousand Barrels),5437,MBBL
2017-03,NUS-Z00,U.S.,EPJK,Kerosene-Type Jet Fuel,EEX,Exports,MKJEXUS2,U.S. Exports of Kerosene-Type Jet Fuel (Thousand Barrels per Day),175,MBBL/D
2017-04,NUS-Z00,U.S.,EPJK,Kerosene-Type Jet Fuel,EEX,Exports,MKJEXUS1,U.S. Exports of Kerosene-Type Jet Fuel (Thousand Barrels),6079,MBBL
2017-04,NUS-Z00,U.S.,EPJK,Kerosene-Type Jet Fuel,EEX,Exports,MKJEXUS2,U.S. Exports of Kerosene-Type Jet Fuel (Thousand Barrels per Day),203,MBBL/D
2017-05,NUS-Z00,U.S.,EPJK,Kerosene-Type Jet Fuel,EEX,Exports,MKJEXUS1,U.S. Exports of Kerosene-Type Jet Fuel (Thousand Barrels),5340,MBBL
2017-05,NUS-Z00,U.S.,EPJK,Kerosene-Type Jet Fuel,EEX,Exports,MKJEXUS2,U.S. Exports of Kerosene-Type Jet Fuel (Thousand Barrels per Day),172,MBBL/D
2017-06,NUS-Z00,U.S.,EPJK,Kerosene-Type Jet Fuel,EEX,Exports,MKJEXUS1,U.S. Exports of Kerosene-Type Jet Fuel (Thousand Barrels),7065,MBBL
2017-06,NUS-Z00,U.S.,EPJK,Kerosene-Type Jet Fuel,EEX,Exports,MKJEXUS2,U.S. Exports of Kerosene-Type Jet Fuel (Thousand Barrels per Day),235,MBBL/D
2017-07,NUS-Z00,U.S.,EPJK,Kerosene-Type Jet Fuel,EEX,Exports,MKJEXUS1,U.S. Exports of Kerosene-Type Jet Fuel (Thousand Barrels),6821,MBBL
2017-07,NUS-Z00,U.S.,EPJK,Kerosene-Type Jet Fuel,EEX,Exports,MKJEXUS2,U.S. Exports of Kerosene-Type Jet Fuel (Thousand Barrels per Day),220,MBBL/D
2017-08,NUS-Z00,U.S.,EPJK,Kerosene-Type Jet Fuel,EEX,Exports,MKJEXUS1,U.S. Exports of Kerosene-Type Jet Fuel (Thousand Barrels),6133,MBBL
2017-08,NUS-Z00,U.S.,EPJK,Kerosene-Type Jet Fuel,EEX,Exports,MKJEXUS2,U.S. Exports of Kerosene-Type Jet Fuel (Thousand Barrels per Day),198,MBBL/D
2017-09,NUS-Z00,U.S.,EPJK,Kerosene-Type Jet Fuel,EEX,Exports,MKJEXUS1,U.S. Exports of Kerosene-Type Jet Fuel (Thousand Barrels),3862,MBBL
2017-09,NUS-Z00,U.S.,EPJK,Kerosene-Type Jet Fuel,EEX,Exports,MKJEXUS2,U.S. Exports of Kerosene-Type Jet Fuel (Thousand Barrels per Day),129,MBBL/D
2017-10,NUS-Z00,U.S.,EPJK,Kerosene-Type Jet Fuel,EEX,Exports,MKJEXUS1,U.S. Exports of Kerosene-Type Jet Fuel (Thousand Barrels),4600,MBBL
2017-10,NUS-Z00,U.S.,EPJK,Kerosene-Type Jet Fuel,EEX,Exports,MKJEXUS2,U.S. Exports of Kerosene-Type Jet Fuel (Thousand Barrels per Day),148,MBBL/D
2017-11,NUS-Z00,U.S.,EPJK,Kerosene-Type Jet Fuel,EEX,Exports,MKJEXUS1,U.S. Exports of Kerosene-Type Jet Fuel (Thousand Barrels),6041,MBBL
2017-11,NUS-Z00,U.S.,EPJK,Kerosene-Type Jet Fuel,EEX,Exports,MKJEXUS2,U.S. Exports of Kerosene-Type Jet Fuel (Thousand Barrels per Day),201,MBBL/D
2017-12,NUS-Z00,U.S.,EPJK,Kerosene-Type Jet Fuel,EEX,Exports,MKJEXUS1,U.S. Exports of Kerosene-Type Jet Fuel (Thousand Barrels),5412,MBBL
2017-12,NUS-Z00,U.S.,EPJK,Kerosene-Type Jet Fuel,EEX,Exports,MKJEXUS2,U.S. Exports of Kerosene-Type Jet Fuel (Thousand Barrels per Day),175,MBBL/D
2018-01,NUS-Z00,U.S.,EPJK,Kerosene-Type Jet Fuel,EEX,Exports,MKJEXUS1,U.S. Exports of Kerosene-Type Jet Fuel (Thousand Barrels),6100,MBBL
2018-01,NUS-Z00,U.S.,EPJK,Kerosene-Type Jet Fuel,EEX,Exports,MKJEXUS2,U.S. Exports of Kerosene-Type Jet Fuel (Thousand Barrels per Day),197,MBBL/D
2018-02,NUS-Z00,U.S.,EPJK,Kerosene-Type Jet Fuel,EEX,Exports,MKJEXUS1,U.S. Exports of Kerosene-Type Jet Fuel (Thousand Barrels),4939,MBBL
2018-02,NUS-Z00,U.S.,EPJK,Kerosene-Type Jet Fuel,EEX,Exports,MKJEXUS2,U.S. Exports of Kerosene-Type Jet Fuel (Thousand Barrels per Day),176,MBBL/D
2018-03,NUS-Z00,U.S.,EPJK,Kerosene-Type Jet Fuel,EEX,Exports,MKJEXUS1,U.S. Exports of Kerosene-Type Jet Fuel (Thousand Barrels),7670,MBBL
2018-03,NUS-Z00,U.S.,EPJK,Kerosene-Type Jet Fuel,EEX,Exports,MKJEXUS2,U.S. Exports of Kerosene-Type Jet Fuel (Thousand Barrels per Day),247,MBBL/D
2018-04,NUS-Z00,U.S.,EPJK,Kerosene-Type Jet Fuel,EEX,Exports,MKJEXUS1,U.S. Exports of Kerosene-Type Jet Fuel (Thousand Barrels),6781,MBBL
2018-04,NUS-Z00,U.S.,EPJK,Kerosene-Type Jet Fuel,EEX,Exports,MKJEXUS2,U.S. Exports of Kerosene-Type Jet Fuel (Thousand Barrels per Day),226,MBBL/D
2018-05,NUS-Z00,U.S.,EPJK,Kerosene-Type Jet Fuel,EEX,Exports,MKJEXUS1,U.S. Exports of Kerosene-Type Jet Fuel (Thousand Barrels),7592,MBBL
2018-05,NUS-Z00,U.S.,EPJK,Kerosene-Type Jet Fuel,EEX,Exports,MKJEXUS2,U.S. Exports of Kerosene-Type Jet Fuel (Thousand Barrels per Day),245,MBBL/D
2018-06,NUS-Z00,U.S.,EPJK,Kerosene-Type Jet Fuel,EEX,Exports,MKJEXUS1,U.S. Exports of Kerosene-Type Jet Fuel (Thousand Barrels),6448,MBBL
2018-06,NUS-Z00,U.S.,EPJK,Kerosene-Type Jet Fuel,EEX,Exports,MKJEXUS2,U.S. Exports of Kerosene-Type Jet Fuel (Thousand Barrels per Day),215,MBBL/D
2018-07,NUS-Z00,U.S.,EPJK,Kerosene-Type Jet Fuel,EEX,Exports,MKJEXUS1,U.S. Exports of Kerosene-Type Jet Fuel (Thousand Barrels),8330,MBBL
2018-07,NUS-Z00,U.S.,EPJK,Kerosene-Type Jet Fuel,EEX,Exports,MKJEXUS2,U.S. Exports of Kerosene-Type Jet Fuel (Thousand Barrels per Day),269,MBBL/D
2018-08,NUS-Z00,U.S.,EPJK,Kerosene-Type Jet Fuel,EEX,Exports,MKJEXUS1,U.S. Exports of Kerosene-Type Jet Fuel (Thousand Barrels),6915,MBBL
2018-08,NUS-Z00,U.S.,EPJK,Kerosene-Type Jet Fuel,EEX,Exports,MKJEXUS2,U.S. Exports of Kerosene-Type Jet Fuel (Thousand Barrels per Day),223,MBBL/D
2018-09,NUS-Z00,U.S.,EPJK,Kerosene-Type Jet Fuel,EEX,Exports,MKJEXUS1,U.S. Exports of Kerosene-Type Jet Fuel (Thousand Barrels),4994,MBBL
2018-09,NUS-Z00,U.S.,EPJK,Kerosene-Type Jet Fuel,EEX,Exports,MKJEXUS2,U.S. Exports of Kerosene-Type Jet Fuel (Thousand Barrels per Day),166,MBBL/D
2018-10,NUS-Z00,U.S.,EPJK,Kerosene-Type Jet Fuel,EEX,Exports,MKJEXUS1,U.S. Exports of Kerosene-Type Jet Fuel (Thousand Barrels),8582,MBBL
2018-10,NUS-Z00,U.S.,EPJK,Kerosene-Type Jet Fuel,EEX,Exports,MKJEXUS2,U.S. Exports of Kerosene-Type Jet Fuel (Thousand Barrels per Day),277,MBBL/D
2018-11,NUS-Z00,U.S.,EPJK,Kerosene-Type Jet Fuel,EEX,Exports,MKJEXUS1,U.S. Exports of Kerosene-Type Jet Fuel (Thousand Barrels),6449,MBBL
2018-11,NUS-Z00,U.S.,EPJK,Kerosene-Type Jet Fuel,EEX,Exports,MKJEXUS2,U.S. Exports of Kerosene-Type Jet Fuel (Thousand Barrels per Day),215,MBBL/D
2018-12,NUS-Z00,U.S.,EPJK,Kerosene-Type Jet Fuel,EEX,Exports,MKJEXUS1,U.S. Exports of Kerosene-Type Jet Fuel (Thousand Barrels),6542,MBBL
2018-12,NUS-Z00,U.S.,EPJK,Kerosene-Type Jet Fuel,EEX,Exports,MKJEXUS2,U.S. Exports of Kerosene-Type Jet Fuel (Thousand Barrels per Day),211,MBBL/D
2019-01,NUS-Z00,U.S.,EPJK,Kerosene-Type Jet Fuel,EEX,Exports,MKJEXUS1,U.S. Exports of Kerosene-Type Jet Fuel (Thousand Barrels),8183,MBBL
2019-01,NUS-Z00,U.S.,EPJK,Kerosene-Type Jet Fuel,EEX,Exports,MKJEXUS2,U.S. Exports of Kerosene-Type Jet Fuel (Thousand Barrels per Day),264,MBBL/D
2019-02,NUS-Z00,U.S.,EPJK,Kerosene-Type Jet Fuel,EEX,Exports,MKJEXUS1,U.S. Exports of Kerosene-Type Jet Fuel (Thousand Barrels),5366,MBBL
2019-02,NUS-Z00,U.S.,EPJK,Kerosene-Type Jet Fuel,EEX,Exports,MKJEXUS2,U.S. Exports of Kerosene-Type Jet Fuel (Thousand Barrels per Day),192,MBBL/D
2019-03,NUS-Z00,U.S.,EPJK,Kerosene-Type Jet Fuel,EEX,Exports,MKJEXUS1,U.S. Exports of Kerosene-Type Jet Fuel (Thousand Barrels),5365,MBBL
2019-03,NUS-Z00,U.S.,EPJK,Kerosene-Type Jet Fuel,EEX,Exports,MKJEXUS2,U.S. Exports of Kerosene-Type Jet Fuel (Thousand Barrels per Day),173,MBBL/D
2019-04,NUS-Z00,U.S.,EPJK,Kerosene-Type Jet Fuel,EEX,Exports,MKJEXUS1,U.S. Exports of Kerosene-Type Jet Fuel (Thousand Barrels),5843,MBBL
2019-04,NUS-Z00,U.S.,EPJK,Kerosene-Type Jet Fuel,EEX,Exports,MKJEXUS2,U.S. Exports of Kerosene-Type Jet Fuel (Thousand Barrels per Day),195,MBBL/D
2019-05,NUS-Z00,U.S.,EPJK,Kerosene-Type Jet Fuel,EEX,Exports,MKJEXUS1,U.S. Exports of Kerosene-Type Jet Fuel (Thousand Barrels),6014,MBBL
2019-05,NUS-Z00,U.S.,EPJK,Kerosene-Type Jet Fuel,EEX,Exports,MKJEXUS2,U.S. Exports of Kerosene-Type Jet Fuel (Thousand Barrels per Day),194,MBBL/D
2019-06,NUS-Z00,U.S.,EPJK,Kerosene-Type Jet Fuel,EEX,Exports,MKJEXUS1,U.S. Exports of Kerosene-Type Jet Fuel (Thousand Barrels),6399,MBBL
2019-06,NUS-Z00,U.S.,EPJK,Kerosene-Type Jet Fuel,EEX,Exports,MKJEXUS2,U.S. Exports of Kerosene-Type Jet Fuel (Thousand Barrels per Day),213,MBBL/D
2019-07,NUS-Z00,U.S.,EPJK,Kerosene-Type Jet Fuel,EEX,Exports,MKJEXUS1,U.S. Exports of Kerosene-Type Jet Fuel (Thousand Barrels),6478,MBBL
2019-07,NUS-Z00,U.S.,EPJK,Kerosene-Type Jet Fuel,EEX,Exports,MKJEXUS2,U.S. Exports of Kerosene-Type Jet Fuel (Thousand Barrels per Day),209,MBBL/D
2019-08,NUS-Z00,U.S.,EPJK,Kerosene-Type Jet Fuel,EEX,Exports,MKJEXUS1,U.S. Exports of Kerosene-Type Jet Fuel (Thousand Barrels),7885,MBBL
2019-08,NUS-Z00,U.S.,EPJK,Kerosene-Type Jet Fuel,EEX,Exports,MKJEXUS2,U.S. Exports of Kerosene-Type Jet Fuel (Thousand Barrels per Day),254,MBBL/D
2019-09,NUS-Z00,U.S.,EPJK,Kerosene-Type Jet Fuel,EEX,Exports,MKJEXUS1,U.S. Exports of Kerosene-Type Jet Fuel (Thousand Barrels),7279,MBBL
2019-09,NUS-Z00,U.S.,EPJK,Kerosene-Type Jet Fuel,EEX,Exports,MKJEXUS2,U.S. Exports of Kerosene-Type Jet Fuel (Thousand Barrels per Day),243,MBBL/D
2019-10,NUS-Z00,U.S.,EPJK,Kerosene-Type Jet Fuel,EEX,Exports,MKJEXUS1,U.S. Exports of Kerosene-Type Jet Fuel (Thousand Barrels),6867,MBBL
2019-10,NUS-Z00,U.S.,EPJK,Kerosene-Type Jet Fuel,EEX,Exports,MKJEXUS2,U.S. Exports of Kerosene-Type Jet Fuel (Thousand Barrels per Day),222,MBBL/D
2019-11,NUS-Z00,U.S.,EPJK,Kerosene-Type Jet Fuel,EEX,Exports,MKJEXUS1,U.S. Exports of Kerosene-Type Jet Fuel (Thousand Barrels),6771,MBBL
2019-11,NUS-Z00,U.S.,EPJK,Kerosene-Type Jet Fuel,EEX,Exports,MKJEXUS2,U.S. Exports of Kerosene-Type Jet Fuel (Thousand Barrels per Day),226,MBBL/D
2019-12,NUS-Z00,U.S.,EPJK,Kerosene-Type Jet Fuel,EEX,Exports,MKJEXUS1,U.S. Exports of Kerosene-Type Jet Fuel (Thousand Barrels),7950,MBBL
2019-12,NUS-Z00,U.S.,EPJK,Kerosene-Type Jet Fuel,EEX,Exports,MKJEXUS2,U.S. Exports of Kerosene-Type Jet Fuel (Thousand Barrels per Day),256,MBBL/D
2020-01,NUS-Z00,U.S.,EPJK,Kerosene-Type Jet Fuel,EEX,Exports,MKJEXUS1,U.S. Exports of Kerosene-Type Jet Fuel (Thousand Barrels),7039,MBBL
2020-01,NUS-Z00,U.S.,EPJK,Kerosene-Type Jet Fuel,EEX,Exports,MKJEXUS2,U.S. Exports of Kerosene-Type Jet Fuel (Thousand Barrels per Day),227,MBBL/D
2020-02,NUS-Z00,U.S.,EPJK,Kerosene-Type Jet Fuel,EEX,Exports,MKJEXUS1,U.S. Exports of Kerosene-Type Jet Fuel (Thousand Barrels),7149,MBBL
2020-02,NUS-Z00,U.S.,EPJK,Kerosene-Type Jet Fuel,EEX,Exports,MKJEXUS2,U.S. Exports of Kerosene-Type Jet Fuel (Thousand Barrels per Day),247,MBBL/D
2020-03,NUS-Z00,U.S.,EPJK,Kerosene-Type Jet Fuel,EEX,Exports,MKJEXUS1,U.S. Exports of Kerosene-Type Jet Fuel (Thousand Barrels),6535,MBBL
2020-03,NUS-Z00,U.S.,EPJK,Kerosene-Type Jet Fuel,EEX,Exports,MKJEXUS2,U.S. Exports of Kerosene-Type Jet Fuel (Thousand Barrels per Day),211,MBBL/D
2020-04,NUS-Z00,U.S.,EPJK,Kerosene-Type Jet Fuel,EEX,Exports,MKJEXUS1,U.S. Exports of Kerosene-Type Jet Fuel (Thousand Barrels),2391,MBBL
2020-04,NUS-Z00,U.S.,EPJK,Kerosene-Type Jet Fuel,EEX,Exports,MKJEXUS2,U.S. Exports of Kerosene-Type Jet Fuel (Thousand Barrels per Day),80,MBBL/D
2020-05,NUS-Z00,U.S.,EPJK,Kerosene-Type Jet Fuel,EEX,Exports,MKJEXUS1,U.S. Exports of Kerosene-Type Jet Fuel (Thousand Barrels),673,MBBL
2020-05,NUS-Z00,U.S.,EPJK,Kerosene-Type Jet Fuel,EEX,Exports,MKJEXUS2,U.S. Exports of Kerosene-Type Jet Fuel (Thousand Barrels per Day),22,MBBL/D
2020-06,NUS-Z00,U.S.,EPJK,Kerosene-Type Jet Fuel,EEX,Exports,MKJEXUS1,U.S. Exports of Kerosene-Type Jet Fuel (Thousand Barrels),1331,MBBL
2020-06,NUS-Z00,U.S.,EPJK,Kerosene-Type Jet Fuel,EEX,Exports,MKJEXUS2,U.S. Exports of Kerosene-Type Jet Fuel (Thousand Barrels per Day),44,MBBL/D
2020-07,NUS-Z00,U.S.,EPJK,Kerosene-Type Jet Fuel,EEX,Exports,MKJEXUS1,U.S. Exports of Kerosene-Type Jet Fuel (Thousand Barrels),1679,MBBL
2020-07,NUS-Z00,U.S.,EPJK,Kerosene-Type Jet Fuel,EEX,Exports,MKJEXUS2,U.S. Exports of Kerosene-Type Jet Fuel (Thousand Barrels per Day),54,MBBL/D
2020-08,NUS-Z00,U.S.,EPJK,Kerosene-Type Jet Fuel,EEX,Exports,MKJEXUS1,U.S. Exports of Kerosene-Type Jet Fuel (Thousand Barrels),939,MBBL
2020-08,NUS-Z00,U.S.,EPJK,Kerosene-Type Jet Fuel,EEX,Exports,MKJEXUS2,U.S. Exports of Kerosene-Type Jet Fuel (Thousand Barrels per Day),30,MBBL/D
2020-09,NUS-Z00,U.S.,EPJK,Kerosene-Type Jet Fuel,EEX,Exports,MKJEXUS1,U.S. Exports of Kerosene-Type Jet Fuel (Thousand Barrels),1367,MBBL
2020-09,NUS-Z00,U.S.,EPJK,Kerosene-Type Jet Fuel,EEX,Exports,MKJEXUS2,U.S. Exports of Kerosene-Type Jet Fuel (Thousand Barrels per Day),46,MBBL/D
2020-10,NUS-Z00,U.S.,EPJK,Kerosene-Type Jet Fuel,EEX,Exports,MKJEXUS1,U.S. Exports of Kerosene-Type Jet Fuel (Thousand Barrels),1265,MBBL
2020-10,NUS-Z00,U.S.,EPJK,Kerosene-Type Jet Fuel,EEX,Exports,MKJEXUS2,U.S. Exports of Kerosene-Type Jet Fuel (Thousand Barrels per Day),41,MBBL/D
2020-11,NUS-Z00,U.S.,EPJK,Kerosene-Type Jet Fuel,EEX,Exports,MKJEXUS1,U.S. Exports of Kerosene-Type Jet Fuel (Thousand Barrels),2373,MBBL
2020-11,NUS-Z00,U.S.,EPJK,Kerosene-Type Jet Fuel,EEX,Exports,MKJEXUS2,U.S. Exports of Kerosene-Type Jet Fuel (Thousand Barrels per Day),79,MBBL/D
2020-12,NUS-Z00,U.S.,EPJK,Kerosene-Type Jet Fuel,EEX,Exports,MKJEXUS1,U.S. Exports of Kerosene-Type Jet Fuel (Thousand Barrels),2556,MBBL
2020-12,NUS-Z00,U.S.,EPJK,Kerosene-Type Jet Fuel,EEX,Exports,MKJEXUS2,U.S. Exports of Kerosene-Type Jet Fuel (Thousand Barrels per Day),82,MBBL/D
2021-01,NUS-Z00,U.S.,EPJK,Kerosene-Type Jet Fuel,EEX,Exports,MKJEXUS1,U.S. Exports of Kerosene-Type Jet Fuel (Thousand Barrels),2852,MBBL
2021-01,NUS-Z00,U.S.,EPJK,Kerosene-Type Jet Fuel,EEX,Exports,MKJEXUS2,U.S. Exports of Kerosene-Type Jet Fuel (Thousand Barrels per Day),92,MBBL/D
2021-02,NUS-Z00,U.S.,EPJK,Kerosene-Type Jet Fuel,EEX,Exports,MKJEXUS1,U.S. Exports of Kerosene-Type Jet Fuel (Thousand Barrels),1901,MBBL
2021-02,NUS-Z00,U.S.,EPJK,Kerosene-Type Jet Fuel,EEX,Exports,MKJEXUS2,U.S. Exports of Kerosene-Type Jet Fuel (Thousand Barrels per Day),68,MBBL/D
2021-03,NUS-Z00,U.S.,EPJK,Kerosene-Type Jet Fuel,EEX,Exports,MKJEXUS1,U.S. Exports of Kerosene-Type Jet Fuel (Thousand Barrels),2254,MBBL
2021-03,NUS-Z00,U.S.,EPJK,Kerosene-Type Jet Fuel,EEX,Exports,MKJEXUS2,U.S. Exports of Kerosene-Type Jet Fuel (Thousand Barrels per Day),73,MBBL/D
2021-04,NUS-Z00,U.S.,EPJK,Kerosene-Type Jet Fuel,EEX,Exports,MKJEXUS1,U.S. Exports of Kerosene-Type Jet Fuel (Thousand Barrels),1949,MBBL
2021-04,NUS-Z00,U.S.,EPJK,Kerosene-Type Jet Fuel,EEX,Exports,MKJEXUS2,U.S. Exports of Kerosene-Type Jet Fuel (Thousand Barrels per Day),65,MBBL/D
2021-05,NUS-Z00,U.S.,EPJK,Kerosene-Type Jet Fuel,EEX,Exports,MKJEXUS1,U.S. Exports of Kerosene-Type Jet Fuel (Thousand Barrels),3422,MBBL
2021-05,NUS-Z00,U.S.,EPJK,Kerosene-Type Jet Fuel,EEX,Exports,MKJEXUS2,U.S. Exports of Kerosene-Type Jet Fuel (Thousand Barrels per Day),110,MBBL/D
2021-06,NUS-Z00,U.S.,EPJK,Kerosene-Type Jet Fuel,EEX,Exports,MKJEXUS1,U.S. Exports of Kerosene-Type Jet Fuel (Thousand Barrels),2791,MBBL
2021-06,NUS-Z00,U.S.,EPJK,Kerosene-Type Jet Fuel,EEX,Exports,MKJEXUS2,U.S. Exports of Kerosene-Type Jet Fuel (Thousand Barrels per Day),93,MBBL/D
2021-07,NUS-Z00,U.S.,EPJK,Kerosene-Type Jet Fuel,EEX,Exports,MKJEXUS1,U.S. Exports of Kerosene-Type Jet Fuel (Thousand Barrels),2822,MBBL
2021-07,NUS-Z00,U.S.,EPJK,Kerosene-Type Jet Fuel,EEX,Exports,MKJEXUS2,U.S. Exports of Kerosene-Type Jet Fuel (Thousand Barrels per Day),91,MBBL/D
2021-08,NUS-Z00,U.S.,EPJK,Kerosene-Type Jet Fuel,EEX,Exports,MKJEXUS1,U.S. Exports of Kerosene-Type Jet Fuel (Thousand Barrels),4324,MBBL
2021-08,NUS-Z00,U.S.,EPJK,Kerosene-Type Jet Fuel,EEX,Exports,MKJEXUS2,U.S. Exports of Kerosene-Type Jet Fuel (Thousand Barrels per Day),139,MBBL/D
2021-09,NUS-Z00,U.S.,EPJK,Kerosene-Type Jet Fuel,EEX,Exports,MKJEXUS1,U.S. Exports of Kerosene-Type Jet Fuel (Thousand Barrels),3272,MBBL
2021-09,NUS-Z00,U.S.,EPJK,Kerosene-Type Jet Fuel,EEX,Exports,MKJEXUS2,U.S. Exports of Kerosene-Type Jet Fuel (Thousand Barrels per Day),109,MBBL/D
2021-10,NUS-Z00,U.S.,EPJK,Kerosene-Type Jet Fuel,EEX,Exports,MKJEXUS1,U.S. Exports of Kerosene-Type Jet Fuel (Thousand Barrels),3893,MBBL
2021-10,NUS-Z00,U.S.,EPJK,Kerosene-Type Jet Fuel,EEX,Exports,MKJEXUS2,U.S. Exports of Kerosene-Type Jet Fuel (Thousand Barrels per Day),126,MBBL/D
2021-11,NUS-Z00,U.S.,EPJK,Kerosene-Type Jet Fuel,EEX,Exports,MKJEXUS1,U.S. Exports of Kerosene-Type Jet Fuel (Thousand Barrels),4460,MBBL
2021-11,NUS-Z00,U.S.,EPJK,Kerosene-Type Jet Fuel,EEX,Exports,MKJEXUS2,U.S. Exports of Kerosene-Type Jet Fuel (Thousand Barrels per Day),149,MBBL/D
2021-12,NUS-Z00,U.S.,EPJK,Kerosene-Type Jet Fuel,EEX,Exports,MKJEXUS1,U.S. Exports of Kerosene-Type Jet Fuel (Thousand Barrels),5259,MBBL
2021-12,NUS-Z00,U.S.,EPJK,Kerosene-Type Jet Fuel,EEX,Exports,MKJEXUS2,U.S. Exports of Kerosene-Type Jet Fuel (Thousand Barrels per Day),170,MBBL/D
2022-01,NUS-Z00,U.S.,EPJK,Kerosene-Type Jet Fuel,EEX,Exports,MKJEXUS1,U.S. Exports of Kerosene-Type Jet Fuel (Thousand Barrels),4222,MBBL
2022-01,NUS-Z00,U.S.,EPJK,Kerosene-Type Jet Fuel,EEX,Exports,MKJEXUS2,U.S. Exports of Kerosene-Type Jet Fuel (Thousand Barrels per Day),136,MBBL/D
2022-02,NUS-Z00,U.S.,EPJK,Kerosene-Type Jet Fuel,EEX,Exports,MKJEXUS1,U.S. Exports of Kerosene-Type Jet Fuel (Thousand Barrels),4187,MBBL
2022-02,NUS-Z00,U.S.,EPJK,Kerosene-Type Jet Fuel,EEX,Exports,MKJEXUS2,U.S. Exports of Kerosene-Type Jet Fuel (Thousand Barrels per Day),150,MBBL/D
2022-03,NUS-Z00,U.S.,EPJK,Kerosene-Type Jet Fuel,EEX,Exports,MKJEXUS1,U.S. Exports of Kerosene-Type Jet Fuel (Thousand Barrels),5504,MBBL
2022-03,NUS-Z00,U.S.,EPJK,Kerosene-Type Jet Fuel,EEX,Exports,MKJEXUS2,U.S. Exports of Kerosene-Type Jet Fuel (Thousand Barrels per Day),178,MBBL/D
2022-04,NUS-Z00,U.S.,EPJK,Kerosene-Type Jet Fuel,EEX,Exports,MKJEXUS1,U.S. Exports of Kerosene-Type Jet Fuel (Thousand Barrels),6160,MBBL
2022-04,NUS-Z00,U.S.,EPJK,Kerosene-Type Jet Fuel,EEX,Exports,MKJEXUS2,U.S. Exports of Kerosene-Type Jet Fuel (Thousand Barrels per Day),205,MBBL/D
2022-05,NUS-Z00,U.S.,EPJK,Kerosene-Type Jet Fuel,EEX,Exports,MKJEXUS1,U.S. Exports of Kerosene-Type Jet Fuel (Thousand Barrels),4841,MBBL
2022-05,NUS-Z00,U.S.,EPJK,Kerosene-Type Jet Fuel,EEX,Exports,MKJEXUS2,U.S. Exports of Kerosene-Type Jet Fuel (Thousand Barrels per Day),156,MBBL/D
2022-06,NUS-Z00,U.S.,EPJK,Kerosene-Type Jet Fuel,EEX,Exports,MKJEXUS1,U.S. Exports of Kerosene-Type Jet Fuel (Thousand Barrels),5787,MBBL
2022-06,NUS-Z00,U.S.,EPJK,Kerosene-Type Jet Fuel,EEX,Exports,MKJEXUS2,U.S. Exports of Kerosene-Type Jet Fuel (Thousand Barrels per Day),193,MBBL/D
2022-07,NUS-Z00,U.S.,EPJK,Kerosene-Type Jet Fuel,EEX,Exports,MKJEXUS1,U.S. Exports of Kerosene-Type Jet Fuel (Thousand Barrels),6207,MBBL
2022-07,NUS-Z00,U.S.,EPJK,Kerosene-Type Jet Fuel,EEX,Exports,MKJEXUS2,U.S. Exports of Kerosene-Type Jet Fuel (Thousand Barrels per Day),200,MBBL/D
2022-08,NUS-Z00,U.S.,EPJK,Kerosene-Type Jet Fuel,EEX,Exports,MKJEXUS1,U.S. Exports of Kerosene-Type Jet Fuel (Thousand Barrels),6396,MBBL
2022-08,NUS-Z00,U.S.,EPJK,Kerosene-Type Jet Fuel,EEX,Exports,MKJEXUS2,U.S. Exports of Kerosene-Type Jet Fuel (Thousand Barrels per Day),206,MBBL/D
2022-09,NUS-Z00,U.S.,EPJK,Kerosene-Type Jet Fuel,EEX,Exports,MKJEXUS1,U.S. Exports of Kerosene-Type Jet Fuel (Thousand Barrels),6346,MBBL
2022-09,NUS-Z00,U.S.,EPJK,Kerosene-Type Jet Fuel,EEX,Exports,MKJEXUS2,U.S. Exports of Kerosene-Type Jet Fuel (Thousand Barrels per Day),212,MBBL/D
2022-10,NUS-Z00,U.S.,EPJK,Kerosene-Type Jet Fuel,EEX,Exports,MKJEXUS1,U.S. Exports of Kerosene-Type Jet Fuel (Thousand Barrels),4422,MBBL
2022-10,NUS-Z00,U.S.,EPJK,Kerosene-Type Jet Fuel,EEX,Exports,MKJEXUS2,U.S. Exports of Kerosene-Type Jet Fuel (Thousand Barrels per Day),143,MBBL/D
2022-11,NUS-Z00,U.S.,EPJK,Kerosene-Type Jet Fuel,EEX,Exports,MKJEXUS1,U.S. Exports of Kerosene-Type Jet Fuel (Thousand Barrels),5192,MBBL
2022-11,NUS-Z00,U.S.,EPJK,Kerosene-Type Jet Fuel,EEX,Exports,MKJEXUS2,U.S. Exports of Kerosene-Type Jet Fuel (Thousand Barrels per Day),173,MBBL/D
2022-12,NUS-Z00,U.S.,EPJK,Kerosene-Type Jet Fuel,EEX,Exports,MKJEXUS1,U.S. Exports of Kerosene-Type Jet Fuel (Thousand Barrels),5571,MBBL
2022-12,NUS-Z00,U.S.,EPJK,Kerosene-Type Jet Fuel,EEX,Exports,MKJEXUS2,U.S. Exports of Kerosene-Type Jet Fuel (Thousand Barrels per Day),180,MBBL/D
2023-01,NUS-Z00,U.S.,EPJK,Kerosene-Type Jet Fuel,EEX,Exports,MKJEXUS1,U.S. Exports of Kerosene-Type Jet Fuel (Thousand Barrels),6008,MBBL
2023-01,NUS-Z00,U.S.,EPJK,Kerosene-Type Jet Fuel,EEX,Exports,MKJEXUS2,U.S. Exports of Kerosene-Type Jet Fuel (Thousand Barrels per Day),194,MBBL/D
2023-02,NUS-Z00,U.S.,EPJK,Kerosene-Type Jet Fuel,EEX,Exports,MKJEXUS1,U.S. Exports of Kerosene-Type Jet Fuel (Thousand Barrels),4979,MBBL
2023-02,NUS-Z00,U.S.,EPJK,Kerosene-Type Jet Fuel,EEX,Exports,MKJEXUS2,U.S. Exports of Kerosene-Type Jet Fuel (Thousand Barrels per Day),178,MBBL/D
2023-03,NUS-Z00,U.S.,EPJK,Kerosene-Type Jet Fuel,EEX,Exports,MKJEXUS1,U.S. Exports of Kerosene-Type Jet Fuel (Thousand Barrels),6028,MBBL
2023-03,NUS-Z00,U.S.,EPJK,Kerosene-Type Jet Fuel,EEX,Exports,MKJEXUS2,U.S. Exports of Kerosene-Type Jet Fuel (Thousand Barrels per Day),194,MBBL/D
2023-04,NUS-Z00,U.S.,EPJK,Kerosene-Type Jet Fuel,EEX,Exports,MKJEXUS1,U.S. Exports of Kerosene-Type Jet Fuel (Thousand Barrels),3834,MBBL
2023-04,NUS-Z00,U.S.,EPJK,Kerosene-Type Jet Fuel,EEX,Exports,MKJEXUS2,U.S. Exports of Kerosene-Type Jet Fuel (Thousand Barrels per Day),128,MBBL/D
2023-05,NUS-Z00,U.S.,EPJK,Kerosene-Type Jet Fuel,EEX,Exports,MKJEXUS1,U.S. Exports of Kerosene-Type Jet Fuel (Thousand Barrels),4005,MBBL
2023-05,NUS-Z00,U.S.,EPJK,Kerosene-Type Jet Fuel,EEX,Exports,MKJEXUS2,U.S. Exports of Kerosene-Type Jet Fuel (Thousand Barrels per Day),129,MBBL/D
2023-06,NUS-Z00,U.S.,EPJK,Kerosene-Type Jet Fuel,EEX,Exports,MKJEXUS1,U.S. Exports of Kerosene-Type Jet Fuel (Thousand Barrels),4879,MBBL
2023-06,NUS-Z00,U.S.,EPJK,Kerosene-Type Jet Fuel,EEX,Exports,MKJEXUS2,U.S. Exports of Kerosene-Type Jet Fuel (Thousand Barrels per Day),163,MBBL/D
2023-07,NUS-Z00,U.S.,EPJK,Kerosene-Type Jet Fuel,EEX,Exports,MKJEXUS1,U.S. Exports of Kerosene-Type Jet Fuel (Thousand Barrels),4665,MBBL
2023-07,NUS-Z00,U.S.,EPJK,Kerosene-Type Jet Fuel,EEX,Exports,MKJEXUS2,U.S. Exports of Kerosene-Type Jet Fuel (Thousand Barrels per Day),150,MBBL/D
2023-08,NUS-Z00,U.S.,EPJK,Kerosene-Type Jet Fuel,EEX,Exports,MKJEXUS1,U.S. Exports of Kerosene-Type Jet Fuel (Thousand Barrels),6495,MBBL
2023-08,NUS-Z00,U.S.,EPJK,Kerosene-Type Jet Fuel,EEX,Exports,MKJEXUS2,U.S. Exports of Kerosene-Type Jet Fuel (Thousand Barrels per Day),210,MBBL/D
2023-09,NUS-Z00,U.S.,EPJK,Kerosene-Type Jet Fuel,EEX,Exports,MKJEXUS1,U.S. Exports of Kerosene-Type Jet Fuel (Thousand Barrels),4185,MBBL
2023-09,NUS-Z00,U.S.,EPJK,Kerosene-Type Jet Fuel,EEX,Exports,MKJEXUS2,U.S. Exports of Kerosene-Type Jet Fuel (Thousand Barrels per Day),139,MBBL/D
2023-10,NUS-Z00,U.S.,EPJK,Kerosene-Type Jet Fuel,EEX,Exports,MKJEXUS1,U.S. Exports of Kerosene-Type Jet Fuel (Thousand Barrels),4540,MBBL
2023-10,NUS-Z00,U.S.,EPJK,Kerosene-Type Jet Fuel,EEX,Exports,MKJEXUS2,U.S. Exports of Kerosene-Type Jet Fuel (Thousand Barrels per Day),146,MBBL/D
2023-11,NUS-Z00,U.S.,EPJK,Kerosene-Type Jet Fuel,EEX,Exports,MKJEXUS1,U.S. Exports of Kerosene-Type Jet Fuel (Thousand Barrels),5647,MBBL
2023-11,NUS-Z00,U.S.,EPJK,Kerosene-Type Jet Fuel,EEX,Exports,MKJEXUS2,U.S. Exports of Kerosene-Type Jet Fuel (Thousand Barrels per Day),188,MBBL/D
2023-12,NUS-Z00,U.S.,EPJK,Kerosene-Type Jet Fuel,EEX,Exports,MKJEXUS1,U.S. Exports of Kerosene-Type Jet Fuel (Thousand Barrels),7820,MBBL
2023-12,NUS-Z00,U.S.,EPJK,Kerosene-Type Jet Fuel,EEX,Exports,MKJEXUS2,U.S. Exports of Kerosene-Type Jet Fuel (Thousand Barrels per Day),252,MBBL/D
2024-01,NUS-Z00,U.S.,EPJK,Kerosene-Type Jet Fuel,EEX,Exports,MKJEXUS1,U.S. Exports of Kerosene-Type Jet Fuel (Thousand Barrels),6656,MBBL
2024-01,NUS-Z00,U.S.,EPJK,Kerosene-Type Jet Fuel,EEX,Exports,MKJEXUS2,U.S. Exports of Kerosene-Type Jet Fuel (Thousand Barrels per Day),215,MBBL/D
2024-02,NUS-Z00,U.S.,EPJK,Kerosene-Type Jet Fuel,EEX,Exports,MKJEXUS1,U.S. Exports of Kerosene-Type Jet Fuel (Thousand Barrels),6676,MBBL
2024-02,NUS-Z00,U.S.,EPJK,Kerosene-Type Jet Fuel,EEX,Exports,MKJEXUS2,U.S. Exports of Kerosene-Type Jet Fuel (Thousand Barrels per Day),230,MBBL/D
2024-03,NUS-Z00,U.S.,EPJK,Kerosene-Type Jet Fuel,EEX,Exports,MKJEXUS1,U.S. Exports of Kerosene-Type Jet Fuel (Thousand Barrels),5405,MBBL
2024-03,NUS-Z00,U.S.,EPJK,Kerosene-Type Jet Fuel,EEX,Exports,MKJEXUS2,U.S. Exports of Kerosene-Type Jet Fuel (Thousand Barrels per Day),174,MBBL/D
2024-04,NUS-Z00,U.S.,EPJK,Kerosene-Type Jet Fuel,EEX,Exports,MKJEXUS1,U.S. Exports of Kerosene-Type Jet Fuel (Thousand Barrels),5784,MBBL
2024-04,NUS-Z00,U.S.,EPJK,Kerosene-Type Jet Fuel,EEX,Exports,MKJEXUS2,U.S. Exports of Kerosene-Type Jet Fuel (Thousand Barrels per Day),193,MBBL/D
2024-05,NUS-Z00,U.S.,EPJK,Kerosene-Type Jet Fuel,EEX,Exports,MKJEXUS1,U.S. Exports of Kerosene-Type Jet Fuel (Thousand Barrels),5007,MBBL
2024-05,NUS-Z00,U.S.,EPJK,Kerosene-Type Jet Fuel,EEX,Exports,MKJEXUS2,U.S. Exports of Kerosene-Type Jet Fuel (Thousand Barrels per Day),162,MBBL/D
2024-06,NUS-Z00,U.S.,EPJK,Kerosene-Type Jet Fuel,EEX,Exports,MKJEXUS1,U.S. Exports of Kerosene-Type Jet Fuel (Thousand Barrels),7229,MBBL
2024-06,NUS-Z00,U.S.,EPJK,Kerosene-Type Jet Fuel,EEX,Exports,MKJEXUS2,U.S. Exports of Kerosene-Type Jet Fuel (Thousand Barrels per Day),241,MBBL/D
2024-07,NUS-Z00,U.S.,EPJK,Kerosene-Type Jet Fuel,EEX,Exports,MKJEXUS1,U.S. Exports of Kerosene-Type Jet Fuel (Thousand Barrels),5323,MBBL
2024-07,NUS-Z00,U.S.,EPJK,Kerosene-Type Jet Fuel,EEX,Exports,MKJEXUS2,U.S. Exports of Kerosene-Type Jet Fuel (Thousand Barrels per Day),172,MBBL/D
2024-08,NUS-Z00,U.S.,EPJK,Kerosene-Type Jet Fuel,EEX,Exports,MKJEXUS1,U.S. Exports of Kerosene-Type Jet Fuel (Thousand Barrels),7113,MBBL
2024-08,NUS-Z00,U.S.,EPJK,Kerosene-Type Jet Fuel,EEX,Exports,MKJEXUS2,U.S. Exports of Kerosene-Type Jet Fuel (Thousand Barrels per Day),229,MBBL/D
2024-09,NUS-Z00,U.S.,EPJK,Kerosene-Type Jet Fuel,EEX,Exports,MKJEXUS1,U.S. Exports of Kerosene-Type Jet Fuel (Thousand Barrels),6202,MBBL
2024-09,NUS-Z00,U.S.,EPJK,Kerosene-Type Jet Fuel,EEX,Exports,MKJEXUS2,U.S. Exports of Kerosene-Type Jet Fuel (Thousand Barrels per Day),207,MBBL/D
2024-10,NUS-Z00,U.S.,EPJK,Kerosene-Type Jet Fuel,EEX,Exports,MKJEXUS1,U.S. Exports of Kerosene-Type Jet Fuel (Thousand Barrels),6551,MBBL
2024-10,NUS-Z00,U.S.,EPJK,Kerosene-Type Jet Fuel,EEX,Exports,MKJEXUS2,U.S. Exports of Kerosene-Type Jet Fuel (Thousand Barrels per Day),211,MBBL/D
2024-11,NUS-Z00,U.S.,EPJK,Kerosene-Type Jet Fuel,EEX,Exports,MKJEXUS1,U.S. Exports of Kerosene-Type Jet Fuel (Thousand Barrels),7464,MBBL
2024-11,NUS-Z00,U.S.,EPJK,Kerosene-Type Jet Fuel,EEX,Exports,MKJEXUS2,U.S. Exports of Kerosene-Type Jet Fuel (Thousand Barrels per Day),249,MBBL/D
2024-12,NUS-Z00,U.S.,EPJK,Kerosene-Type Jet Fuel,EEX,Exports,MKJEXUS1,U.S. Exports of Kerosene-Type Jet Fuel (Thousand Barrels),7496,MBBL
2024-12,NUS-Z00,U.S.,EPJK,Kerosene-Type Jet Fuel,EEX,Exports,MKJEXUS2,U.S. Exports of Kerosene-Type Jet Fuel (Thousand Barrels per Day),242,MBBL/D
2025-01,NUS-Z00,U.S.,EPJK,Kerosene-Type Jet Fuel,EEX,Exports,MKJEXUS1,U.S. Exports of Kerosene-Type Jet Fuel (Thousand Barrels),6953,MBBL
2025-01,NUS-Z00,U.S.,EPJK,Kerosene-Type Jet Fuel,EEX,Exports,MKJEXUS2,U.S. Exports of Kerosene-Type Jet Fuel (Thousand Barrels per Day),224,MBBL/D
2025-02,NUS-Z00,U.S.,EPJK,Kerosene-Type Jet Fuel,EEX,Exports,MKJEXUS1,U.S. Exports of Kerosene-Type Jet Fuel (Thousand Barrels),5218,MBBL
2025-02,NUS-Z00,U.S.,EPJK,Kerosene-Type Jet Fuel,EEX,Exports,MKJEXUS2,U.S. Exports of Kerosene-Type Jet Fuel (Thousand Barrels per Day),186,MBBL/D
2025-03,NUS-Z00,U.S.,EPJK,Kerosene-Type Jet Fuel,EEX,Exports,MKJEXUS1,U.S. Exports of Kerosene-Type Jet Fuel (Thousand Barrels),7556,MBBL
2025-03,NUS-Z00,U.S.,EPJK,Kerosene-Type Jet Fuel,EEX,Exports,MKJEXUS2,U.S. Exports of Kerosene-Type Jet Fuel (Thousand Barrels per Day),244,MBBL/D
2025-04,NUS-Z00,U.S.,EPJK,Kerosene-Type Jet Fuel,EEX,Exports,MKJEXUS1,U.S. Exports of Kerosene-Type Jet Fuel (Thousand Barrels),5662,MBBL
2025-04,NUS-Z00,U.S.,EPJK,Kerosene-Type Jet Fuel,EEX,Exports,MKJEXUS2,U.S. Exports of Kerosene-Type Jet Fuel (Thousand Barrels per Day),189,MBBL/D
2025-05,NUS-Z00,U.S.,EPJK,Kerosene-Type Jet Fuel,EEX,Exports,MKJEXUS1,U.S. Exports of Kerosene-Type Jet Fuel (Thousand Barrels),6234,MBBL
2025-05,NUS-Z00,U.S.,EPJK,Kerosene-Type Jet Fuel,EEX,Exports,MKJEXUS2,U.S. Exports of Kerosene-Type Jet Fuel (Thousand Barrels per Day),201,MBBL/D
2025-06,NUS-Z00,U.S.,EPJK,Kerosene-Type Jet Fuel,EEX,Exports,MKJEXUS1,U.S. Exports of Kerosene-Type Jet Fuel (Thousand Barrels),7544,MBBL
2025-06,NUS-Z00,U.S.,EPJK,Kerosene-Type Jet Fuel,EEX,Exports,MKJEXUS2,U.S. Exports of Kerosene-Type Jet Fuel (Thousand Barrels per Day),251,MBBL/D
2025-07,NUS-Z00,U.S.,EPJK,Kerosene-Type Jet Fuel,EEX,Exports,MKJEXUS1,U.S. Exports of Kerosene-Type Jet Fuel (Thousand Barrels),5803,MBBL
2025-07,NUS-Z00,U.S.,EPJK,Kerosene-Type Jet Fuel,EEX,Exports,MKJEXUS2,U.S. Exports of Kerosene-Type Jet Fuel (Thousand Barrels per Day),187,MBBL/D
2025-08,NUS-Z00,U.S.,EPJK,Kerosene-Type Jet Fuel,EEX,Exports,MKJEXUS1,U.S. Exports of Kerosene-Type Jet Fuel (Thousand Barrels),6263,MBBL
2025-08,NUS-Z00,U.S.,EPJK,Kerosene-Type Jet Fuel,EEX,Exports,MKJEXUS2,U.S. Exports of Kerosene-Type Jet Fuel (Thousand Barrels per Day),202,MBBL/D
2025-09,NUS-Z00,U.S.,EPJK,Kerosene-Type Jet Fuel,EEX,Exports,MKJEXUS1,U.S. Exports of Kerosene-Type Jet Fuel (Thousand Barrels),7104,MBBL
2025-09,NUS-Z00,U.S.,EPJK,Kerosene-Type Jet Fuel,EEX,Exports,MKJEXUS2,U.S. Exports of Kerosene-Type Jet Fuel (Thousand Barrels per Day),237,MBBL/D
2025-10,NUS-Z00,U.S.,EPJK,Kerosene-Type Jet Fuel,EEX,Exports,MKJEXUS1,U.S. Exports of Kerosene-Type Jet Fuel (Thousand Barrels),4626,MBBL
2025-10,NUS-Z00,U.S.,EPJK,Kerosene-Type Jet Fuel,EEX,Exports,MKJEXUS2,U.S. Exports of Kerosene-Type Jet Fuel (Thousand Barrels per Day),149,MBBL/D
2025-11,NUS-Z00,U.S.,EPJK,Kerosene-Type Jet Fuel,EEX,Exports,MKJEXUS1,U.S. Exports of Kerosene-Type Jet Fuel (Thousand Barrels),6523,MBBL
2025-11,NUS-Z00,U.S.,EPJK,Kerosene-Type Jet Fuel,EEX,Exports,MKJEXUS2,U.S. Exports of Kerosene-Type Jet Fuel (Thousand Barrels per Day),217,MBBL/D
2025-12,NUS-Z00,U.S.,EPJK,Kerosene-Type Jet Fuel,EEX,Exports,MKJEXUS1,U.S. Exports of Kerosene-Type Jet Fuel (Thousand Barrels),9300,MBBL
2025-12,NUS-Z00,U.S.,EPJK,Kerosene-Type Jet Fuel,EEX,Exports,MKJEXUS2,U.S. Exports of Kerosene-Type Jet Fuel (Thousand Barrels per Day),300,MBBL/D
2026-01,NUS-Z00,U.S.,EPJK,Kerosene-Type Jet Fuel,EEX,Exports,MKJEXUS1,U.S. Exports of Kerosene-Type Jet Fuel (Thousand Barrels),8384,MBBL
2026-01,NUS-Z00,U.S.,EPJK,Kerosene-Type Jet Fuel,EEX,Exports,MKJEXUS2,U.S. Exports of Kerosene-Type Jet Fuel (Thousand Barrels per Day),270,MBBL/D
2026-02,NUS-Z00,U.S.,EPJK,Kerosene-Type Jet Fuel,EEX,Exports,MKJEXUS1,U.S. Exports of Kerosene-Type Jet Fuel (Thousand Barrels),7485,MBBL
2026-02,NUS-Z00,U.S.,EPJK,Kerosene-Type Jet Fuel,EEX,Exports,MKJEXUS2,U.S. Exports of Kerosene-Type Jet Fuel (Thousand Barrels per Day),267,MBBL/D
2026-03,NUS-Z00,U.S.,EPJK,Kerosene-Type Jet Fuel,EEX,Exports,MKJEXUS1,U.S. Exports of Kerosene-Type Jet Fuel (Thousand Barrels),11653,MBBL
2026-03,NUS-Z00,U.S.,EPJK,Kerosene-Type Jet Fuel,EEX,Exports,MKJEXUS2,U.S. Exports of Kerosene-Type Jet Fuel (Thousand Barrels per Day),376,MBBL/D
2026-04,NUS-Z00,U.S.,EPJK,Kerosene-Type Jet Fuel,EEX,Exports,MKJEXUS1,U.S. Exports of Kerosene-Type Jet Fuel (Thousand Barrels),10012,MBBL
2026-04,NUS-Z00,U.S.,EPJK,Kerosene-Type Jet Fuel,EEX,Exports,MKJEXUS2,U.S. Exports of Kerosene-Type Jet Fuel (Thousand Barrels per Day),334,MBBL/D
2026-05,NUS-Z00,U.S.,EPJK,Kerosene-Type Jet Fuel,EEX,Exports,MKJEXUS1,U.S. Exports of Kerosene-Type Jet Fuel (Thousand Barrels),10410,MBBL
2026-05,NUS-Z00,U.S.,EPJK,Kerosene-Type Jet Fuel,EEX,Exports,MKJEXUS2,U.S. Exports of Kerosene-Type Jet Fuel (Thousand Barrels per Day),336,MBBL/D
2026-06,NUS-Z00,U.S.,EPJK,Kerosene-Type Jet Fuel,EEX,Exports,MKJEXUS1,U.S. Exports of Kerosene-Type Jet Fuel (Thousand Barrels),10502,MBBL
2026-06,NUS-Z00,U.S.,EPJK,Kerosene-Type Jet Fuel,EEX,Exports,MKJEXUS2,U.S. Exports of Kerosene-Type Jet Fuel (Thousand Barrels per Day),350,MBBL/D
