period,duoarea,area-name,product,product-name,process,process-name,series,series-description,value,units
1981-01,R50-Z00,PADD 5,EPJK,Kerosene-Type Jet Fuel,EEX,Exports,MKJEXP51,West Coast (PADD 5) Exports of Kerosene-Type Jet Fuel (Thousand Barrels),28,MBBL
1981-01,R50-Z00,PADD 5,EPJK,Kerosene-Type Jet Fuel,EEX,Exports,MKJEXP52,West Coast (PADD 5) Exports of Kerosene-Type Jet Fuel (Thousand Barrels per Day),1,MBBL/D
1981-02,R50-Z00,PADD 5,EPJK,Kerosene-Type Jet Fuel,EEX,Exports,MKJEXP51,West Coast (PADD 5) Exports of Kerosene-Type Jet Fuel (Thousand Barrels),21,MBBL
1981-02,R50-Z00,PADD 5,EPJK,Kerosene-Type Jet Fuel,EEX,Exports,MKJEXP52,West Coast (PADD 5) Exports of Kerosene-Type Jet Fuel (Thousand Barrels per Day),1,MBBL/D
1981-03,R50-Z00,PADD 5,EPJK,Kerosene-Type Jet Fuel,EEX,Exports,MKJEXP51,West Coast (PADD 5) Exports of Kerosene-Type Jet Fuel (Thousand Barrels),10,MBBL
1981-03,R50-Z00,PADD 5,EPJK,Kerosene-Type Jet Fuel,EEX,Exports,MKJEXP52,West Coast (PADD 5) Exports of Kerosene-Type Jet Fuel (Thousand Barrels per Day),0,MBBL/D
1981-04,R50-Z00,PADD 5,EPJK,Kerosene-Type Jet Fuel,EEX,Exports,MKJEXP51,West Coast (PADD 5) Exports of Kerosene-Type Jet Fuel (Thousand Barrels),18,MBBL
1981-04,R50-Z00,PADD 5,EPJK,Kerosene-Type Jet Fuel,EEX,Exports,MKJEXP52,West Coast (PADD 5) Exports of Kerosene-Type Jet Fuel (Thousand Barrels per Day),1,MBBL/D
1981-05,R50-Z00,PADD 5,EPJK,Kerosene-Type Jet Fuel,EEX,Exports,MKJEXP51,West Coast (PADD 5) Exports of Kerosene-Type Jet Fuel (Thousand Barrels),16,MBBL
1981-05,R50-Z00,PADD 5,EPJK,Kerosene-Type Jet Fuel,EEX,Exports,MKJEXP52,West Coast (PADD 5) Exports of Kerosene-Type Jet Fuel (Thousand Barrels per Day),1,MBBL/D
1981-06,R50-Z00,PADD 5,EPJK,Kerosene-Type Jet Fuel,EEX,Exports,MKJEXP51,West Coast (PADD 5) Exports of Kerosene-Type Jet Fuel (Thousand Barrels),12,MBBL
1981-06,R50-Z00,PADD 5,EPJK,Kerosene-Type Jet Fuel,EEX,Exports,MKJEXP52,West Coast (PADD 5) Exports of Kerosene-Type Jet Fuel (Thousand Barrels per Day),0,MBBL/D
1981-07,R50-Z00,PADD 5,EPJK,Kerosene-Type Jet Fuel,EEX,Exports,MKJEXP51,West Coast (PADD 5) Exports of Kerosene-Type Jet Fuel (Thousand Barrels),19,MBBL
1981-07,R50-Z00,PADD 5,EPJK,Kerosene-Type Jet Fuel,EEX,Exports,MKJEXP52,West Coast (PADD 5) Exports of Kerosene-Type Jet Fuel (Thousand Barrels per Day),1,MBBL/D
1981-08,R50-Z00,PADD 5,EPJK,Kerosene-Type Jet Fuel,EEX,Exports,MKJEXP51,West Coast (PADD 5) Exports of Kerosene-Type Jet Fuel (Thousand Barrels),21,MBBL
1981-08,R50-Z00,PADD 5,EPJK,Kerosene-Type Jet Fuel,EEX,Exports,MKJEXP52,West Coast (PADD 5) Exports of Kerosene-Type Jet Fuel (Thousand Barrels per Day),1,MBBL/D
1981-09,R50-Z00,PADD 5,EPJK,Kerosene-Type Jet Fuel,EEX,Exports,MKJEXP51,West Coast (PADD 5) Exports of Kerosene-Type Jet Fuel (Thousand Barrels),20,MBBL
1981-09,R50-Z00,PADD 5,EPJK,Kerosene-Type Jet Fuel,EEX,Exports,MKJEXP52,West Coast (PADD 5) Exports of Kerosene-Type Jet Fuel (Thousand Barrels per Day),1,MBBL/D
1981-10,R50-Z00,PADD 5,EPJK,Kerosene-Type Jet Fuel,EEX,Exports,MKJEXP51,West Coast (PADD 5) Exports of Kerosene-Type Jet Fuel (Thousand Barrels),12,MBBL
1981-10,R50-Z00,PADD 5,EPJK,Kerosene-Type Jet Fuel,EEX,Exports,MKJEXP52,West Coast (PADD 5) Exports of Kerosene-Type Jet Fuel (Thousand Barrels per Day),0,MBBL/D
1981-11,R50-Z00,PADD 5,EPJK,Kerosene-Type Jet Fuel,EEX,Exports,MKJEXP51,West Coast (PADD 5) Exports of Kerosene-Type Jet Fuel (Thousand Barrels),23,MBBL
1981-11,R50-Z00,PADD 5,EPJK,Kerosene-Type Jet Fuel,EEX,Exports,MKJEXP52,West Coast (PADD 5) Exports of Kerosene-Type Jet Fuel (Thousand Barrels per Day),1,MBBL/D
1981-12,R50-Z00,PADD 5,EPJK,Kerosene-Type Jet Fuel,EEX,Exports,MKJEXP51,West Coast (PADD 5) Exports of Kerosene-Type Jet Fuel (Thousand Barrels),16,MBBL
1981-12,R50-Z00,PADD 5,EPJK,Kerosene-Type Jet Fuel,EEX,Exports,MKJEXP52,West Coast (PADD 5) Exports of Kerosene-Type Jet Fuel (Thousand Barrels per Day),1,MBBL/D
1982-01,R50-Z00,PADD 5,EPJK,Kerosene-Type Jet Fuel,EEX,Exports,MKJEXP51,West Coast (PADD 5) Exports of Kerosene-Type Jet Fuel (Thousand Barrels),27,MBBL
1982-01,R50-Z00,PADD 5,EPJK,Kerosene-Type Jet Fuel,EEX,Exports,MKJEXP52,West Coast (PADD 5) Exports of Kerosene-Type Jet Fuel (Thousand Barrels per Day),1,MBBL/D
1982-02,R50-Z00,PADD 5,EPJK,Kerosene-Type Jet Fuel,EEX,Exports,MKJEXP51,West Coast (PADD 5) Exports of Kerosene-Type Jet Fuel (Thousand Barrels),19,MBBL
1982-02,R50-Z00,PADD 5,EPJK,Kerosene-Type Jet Fuel,EEX,Exports,MKJEXP52,West Coast (PADD 5) Exports of Kerosene-Type Jet Fuel (Thousand Barrels per Day),1,MBBL/D
1982-03,R50-Z00,PADD 5,EPJK,Kerosene-Type Jet Fuel,EEX,Exports,MKJEXP51,West Coast (PADD 5) Exports of Kerosene-Type Jet Fuel (Thousand Barrels),80,MBBL
1982-03,R50-Z00,PADD 5,EPJK,Kerosene-Type Jet Fuel,EEX,Exports,MKJEXP52,West Coast (PADD 5) Exports of Kerosene-Type Jet Fuel (Thousand Barrels per Day),3,MBBL/D
1982-04,R50-Z00,PADD 5,EPJK,Kerosene-Type Jet Fuel,EEX,Exports,MKJEXP51,West Coast (PADD 5) Exports of Kerosene-Type Jet Fuel (Thousand Barrels),44,MBBL
1982-04,R50-Z00,PADD 5,EPJK,Kerosene-Type Jet Fuel,EEX,Exports,MKJEXP52,West Coast (PADD 5) Exports of Kerosene-Type Jet Fuel (Thousand Barrels per Day),1,MBBL/D
1982-05,R50-Z00,PADD 5,EPJK,Kerosene-Type Jet Fuel,EEX,Exports,MKJEXP51,West Coast (PADD 5) Exports of Kerosene-Type Jet Fuel (Thousand Barrels),27,MBBL
1982-05,R50-Z00,PADD 5,EPJK,Kerosene-Type Jet Fuel,EEX,Exports,MKJEXP52,West Coast (PADD 5) Exports of Kerosene-Type Jet Fuel (Thousand Barrels per Day),1,MBBL/D
1982-06,R50-Z00,PADD 5,EPJK,Kerosene-Type Jet Fuel,EEX,Exports,MKJEXP51,West Coast (PADD 5) Exports of Kerosene-Type Jet Fuel (Thousand Barrels),38,MBBL
1982-06,R50-Z00,PADD 5,EPJK,Kerosene-Type Jet Fuel,EEX,Exports,MKJEXP52,West Coast (PADD 5) Exports of Kerosene-Type Jet Fuel (Thousand Barrels per Day),1,MBBL/D
1982-07,R50-Z00,PADD 5,EPJK,Kerosene-Type Jet Fuel,EEX,Exports,MKJEXP51,West Coast (PADD 5) Exports of Kerosene-Type Jet Fuel (Thousand Barrels),32,MBBL
1982-07,R50-Z00,PADD 5,EPJK,Kerosene-Type Jet Fuel,EEX,Exports,MKJEXP52,West Coast (PADD 5) Exports of Kerosene-Type Jet Fuel (Thousand Barrels per Day),1,MBBL/D
1982-08,R50-Z00,PADD 5,EPJK,Kerosene-Type Jet Fuel,EEX,Exports,MKJEXP51,West Coast (PADD 5) Exports of Kerosene-Type Jet Fuel (Thousand Barrels),32,MBBL
1982-08,R50-Z00,PADD 5,EPJK,Kerosene-Type Jet Fuel,EEX,Exports,MKJEXP52,West Coast (PADD 5) Exports of Kerosene-Type Jet Fuel (Thousand Barrels per Day),1,MBBL/D
1982-09,R50-Z00,PADD 5,EPJK,Kerosene-Type Jet Fuel,EEX,Exports,MKJEXP51,West Coast (PADD 5) Exports of Kerosene-Type Jet Fuel (Thousand Barrels),41,MBBL
1982-09,R50-Z00,PADD 5,EPJK,Kerosene-Type Jet Fuel,EEX,Exports,MKJEXP52,West Coast (PADD 5) Exports of Kerosene-Type Jet Fuel (Thousand Barrels per Day),1,MBBL/D
1982-10,R50-Z00,PADD 5,EPJK,Kerosene-Type Jet Fuel,EEX,Exports,MKJEXP51,West Coast (PADD 5) Exports of Kerosene-Type Jet Fuel (Thousand Barrels),35,MBBL
1982-10,R50-Z00,PADD 5,EPJK,Kerosene-Type Jet Fuel,EEX,Exports,MKJEXP52,West Coast (PADD 5) Exports of Kerosene-Type Jet Fuel (Thousand Barrels per Day),1,MBBL/D
1982-11,R50-Z00,PADD 5,EPJK,Kerosene-Type Jet Fuel,EEX,Exports,MKJEXP51,West Coast (PADD 5) Exports of Kerosene-Type Jet Fuel (Thousand Barrels),23,MBBL
1982-11,R50-Z00,PADD 5,EPJK,Kerosene-Type Jet Fuel,EEX,Exports,MKJEXP52,West Coast (PADD 5) Exports of Kerosene-Type Jet Fuel (Thousand Barrels per Day),1,MBBL/D
1982-12,R50-Z00,PADD 5,EPJK,Kerosene-Type Jet Fuel,EEX,Exports,MKJEXP51,West Coast (PADD 5) Exports of Kerosene-Type Jet Fuel (Thousand Barrels),26,MBBL
1982-12,R50-Z00,PADD 5,EPJK,Kerosene-Type Jet Fuel,EEX,Exports,MKJEXP52,West Coast (PADD 5) Exports of Kerosene-Type Jet Fuel (Thousand Barrels per Day),1,MBBL/D
1983-01,R50-Z00,PADD 5,EPJK,Kerosene-Type Jet Fuel,EEX,Exports,MKJEXP51,West Coast (PADD 5) Exports of Kerosene-Type Jet Fuel (Thousand Barrels),37,MBBL
1983-01,R50-Z00,PADD 5,EPJK,Kerosene-Type Jet Fuel,EEX,Exports,MKJEXP52,West Coast (PADD 5) Exports of Kerosene-Type Jet Fuel (Thousand Barrels per Day),1,MBBL/D
1983-02,R50-Z00,PADD 5,EPJK,Kerosene-Type Jet Fuel,EEX,Exports,MKJEXP51,West Coast (PADD 5) Exports of Kerosene-Type Jet Fuel (Thousand Barrels),223,MBBL
1983-02,R50-Z00,PADD 5,EPJK,Kerosene-Type Jet Fuel,EEX,Exports,MKJEXP52,West Coast (PADD 5) Exports of Kerosene-Type Jet Fuel (Thousand Barrels per Day),8,MBBL/D
1983-03,R50-Z00,PADD 5,EPJK,Kerosene-Type Jet Fuel,EEX,Exports,MKJEXP51,West Coast (PADD 5) Exports of Kerosene-Type Jet Fuel (Thousand Barrels),27,MBBL
1983-03,R50-Z00,PADD 5,EPJK,Kerosene-Type Jet Fuel,EEX,Exports,MKJEXP52,West Coast (PADD 5) Exports of Kerosene-Type Jet Fuel (Thousand Barrels per Day),1,MBBL/D
1983-04,R50-Z00,PADD 5,EPJK,Kerosene-Type Jet Fuel,EEX,Exports,MKJEXP51,West Coast (PADD 5) Exports of Kerosene-Type Jet Fuel (Thousand Barrels),17,MBBL
1983-04,R50-Z00,PADD 5,EPJK,Kerosene-Type Jet Fuel,EEX,Exports,MKJEXP52,West Coast (PADD 5) Exports of Kerosene-Type Jet Fuel (Thousand Barrels per Day),1,MBBL/D
1983-05,R50-Z00,PADD 5,EPJK,Kerosene-Type Jet Fuel,EEX,Exports,MKJEXP51,West Coast (PADD 5) Exports of Kerosene-Type Jet Fuel (Thousand Barrels),40,MBBL
1983-05,R50-Z00,PADD 5,EPJK,Kerosene-Type Jet Fuel,EEX,Exports,MKJEXP52,West Coast (PADD 5) Exports of Kerosene-Type Jet Fuel (Thousand Barrels per Day),1,MBBL/D
1983-06,R50-Z00,PADD 5,EPJK,Kerosene-Type Jet Fuel,EEX,Exports,MKJEXP51,West Coast (PADD 5) Exports of Kerosene-Type Jet Fuel (Thousand Barrels),21,MBBL
1983-06,R50-Z00,PADD 5,EPJK,Kerosene-Type Jet Fuel,EEX,Exports,MKJEXP52,West Coast (PADD 5) Exports of Kerosene-Type Jet Fuel (Thousand Barrels per Day),1,MBBL/D
1983-07,R50-Z00,PADD 5,EPJK,Kerosene-Type Jet Fuel,EEX,Exports,MKJEXP51,West Coast (PADD 5) Exports of Kerosene-Type Jet Fuel (Thousand Barrels),37,MBBL
1983-07,R50-Z00,PADD 5,EPJK,Kerosene-Type Jet Fuel,EEX,Exports,MKJEXP52,West Coast (PADD 5) Exports of Kerosene-Type Jet Fuel (Thousand Barrels per Day),1,MBBL/D
1983-08,R50-Z00,PADD 5,EPJK,Kerosene-Type Jet Fuel,EEX,Exports,MKJEXP51,West Coast (PADD 5) Exports of Kerosene-Type Jet Fuel (Thousand Barrels),72,MBBL
1983-08,R50-Z00,PADD 5,EPJK,Kerosene-Type Jet Fuel,EEX,Exports,MKJEXP52,West Coast (PADD 5) Exports of Kerosene-Type Jet Fuel (Thousand Barrels per Day),2,MBBL/D
1983-09,R50-Z00,PADD 5,EPJK,Kerosene-Type Jet Fuel,EEX,Exports,MKJEXP51,West Coast (PADD 5) Exports of Kerosene-Type Jet Fuel (Thousand Barrels),29,MBBL
1983-09,R50-Z00,PADD 5,EPJK,Kerosene-Type Jet Fuel,EEX,Exports,MKJEXP52,West Coast (PADD 5) Exports of Kerosene-Type Jet Fuel (Thousand Barrels per Day),1,MBBL/D
1983-10,R50-Z00,PADD 5,EPJK,Kerosene-Type Jet Fuel,EEX,Exports,MKJEXP51,West Coast (PADD 5) Exports of Kerosene-Type Jet Fuel (Thousand Barrels),24,MBBL
1983-10,R50-Z00,PADD 5,EPJK,Kerosene-Type Jet Fuel,EEX,Exports,MKJEXP52,West Coast (PADD 5) Exports of Kerosene-Type Jet Fuel (Thousand Barrels per Day),1,MBBL/D
1983-11,R50-Z00,PADD 5,EPJK,Kerosene-Type Jet Fuel,EEX,Exports,MKJEXP51,West Coast (PADD 5) Exports of Kerosene-Type Jet Fuel (Thousand Barrels),45,MBBL
1983-11,R50-Z00,PADD 5,EPJK,Kerosene-Type Jet Fuel,EEX,Exports,MKJEXP52,West Coast (PADD 5) Exports of Kerosene-Type Jet Fuel (Thousand Barrels per Day),2,MBBL/D
1983-12,R50-Z00,PADD 5,EPJK,Kerosene-Type Jet Fuel,EEX,Exports,MKJEXP51,West Coast (PADD 5) Exports of Kerosene-Type Jet Fuel (Thousand Barrels),14,MBBL
1983-12,R50-Z00,PADD 5,EPJK,Kerosene-Type Jet Fuel,EEX,Exports,MKJEXP52,West Coast (PADD 5) Exports of Kerosene-Type Jet Fuel (Thousand Barrels per Day),0,MBBL/D
1984-01,R50-Z00,PADD 5,EPJK,Kerosene-Type Jet Fuel,EEX,Exports,MKJEXP51,West Coast (PADD 5) Exports of Kerosene-Type Jet Fuel (Thousand Barrels),122,MBBL
1984-01,R50-Z00,PADD 5,EPJK,Kerosene-Type Jet Fuel,EEX,Exports,MKJEXP52,West Coast (PADD 5) Exports of Kerosene-Type Jet Fuel (Thousand Barrels per Day),4,MBBL/D
1984-02,R50-Z00,PADD 5,EPJK,Kerosene-Type Jet Fuel,EEX,Exports,MKJEXP51,West Coast (PADD 5) Exports of Kerosene-Type Jet Fuel (Thousand Barrels),28,MBBL
1984-02,R50-Z00,PADD 5,EPJK,Kerosene-Type Jet Fuel,EEX,Exports,MKJEXP52,West Coast (PADD 5) Exports of Kerosene-Type Jet Fuel (Thousand Barrels per Day),1,MBBL/D
1984-03,R50-Z00,PADD 5,EPJK,Kerosene-Type Jet Fuel,EEX,Exports,MKJEXP51,West Coast (PADD 5) Exports of Kerosene-Type Jet Fuel (Thousand Barrels),21,MBBL
1984-03,R50-Z00,PADD 5,EPJK,Kerosene-Type Jet Fuel,EEX,Exports,MKJEXP52,West Coast (PADD 5) Exports of Kerosene-Type Jet Fuel (Thousand Barrels per Day),1,MBBL/D
1984-04,R50-Z00,PADD 5,EPJK,Kerosene-Type Jet Fuel,EEX,Exports,MKJEXP51,West Coast (PADD 5) Exports of Kerosene-Type Jet Fuel (Thousand Barrels),70,MBBL
1984-04,R50-Z00,PADD 5,EPJK,Kerosene-Type Jet Fuel,EEX,Exports,MKJEXP52,West Coast (PADD 5) Exports of Kerosene-Type Jet Fuel (Thousand Barrels per Day),2,MBBL/D
1984-05,R50-Z00,PADD 5,EPJK,Kerosene-Type Jet Fuel,EEX,Exports,MKJEXP51,West Coast (PADD 5) Exports of Kerosene-Type Jet Fuel (Thousand Barrels),22,MBBL
1984-05,R50-Z00,PADD 5,EPJK,Kerosene-Type Jet Fuel,EEX,Exports,MKJEXP52,West Coast (PADD 5) Exports of Kerosene-Type Jet Fuel (Thousand Barrels per Day),1,MBBL/D
1984-06,R50-Z00,PADD 5,EPJK,Kerosene-Type Jet Fuel,EEX,Exports,MKJEXP51,West Coast (PADD 5) Exports of Kerosene-Type Jet Fuel (Thousand Barrels),36,MBBL
1984-06,R50-Z00,PADD 5,EPJK,Kerosene-Type Jet Fuel,EEX,Exports,MKJEXP52,West Coast (PADD 5) Exports of Kerosene-Type Jet Fuel (Thousand Barrels per Day),1,MBBL/D
1984-07,R50-Z00,PADD 5,EPJK,Kerosene-Type Jet Fuel,EEX,Exports,MKJEXP51,West Coast (PADD 5) Exports of Kerosene-Type Jet Fuel (Thousand Barrels),30,MBBL
1984-07,R50-Z00,PADD 5,EPJK,Kerosene-Type Jet Fuel,EEX,Exports,MKJEXP52,West Coast (PADD 5) Exports of Kerosene-Type Jet Fuel (Thousand Barrels per Day),1,MBBL/D
1984-08,R50-Z00,PADD 5,EPJK,Kerosene-Type Jet Fuel,EEX,Exports,MKJEXP51,West Coast (PADD 5) Exports of Kerosene-Type Jet Fuel (Thousand Barrels),52,MBBL
1984-08,R50-Z00,PADD 5,EPJK,Kerosene-Type Jet Fuel,EEX,Exports,MKJEXP52,West Coast (PADD 5) Exports of Kerosene-Type Jet Fuel (Thousand Barrels per Day),2,MBBL/D
1984-09,R50-Z00,PADD 5,EPJK,Kerosene-Type Jet Fuel,EEX,Exports,MKJEXP51,West Coast (PADD 5) Exports of Kerosene-Type Jet Fuel (Thousand Barrels),27,MBBL
1984-09,R50-Z00,PADD 5,EPJK,Kerosene-Type Jet Fuel,EEX,Exports,MKJEXP52,West Coast (PADD 5) Exports of Kerosene-Type Jet Fuel (Thousand Barrels per Day),1,MBBL/D
1984-10,R50-Z00,PADD 5,EPJK,Kerosene-Type Jet Fuel,EEX,Exports,MKJEXP51,West Coast (PADD 5) Exports of Kerosene-Type Jet Fuel (Thousand Barrels),158,MBBL
1984-10,R50-Z00,PADD 5,EPJK,Kerosene-Type Jet Fuel,EEX,Exports,MKJEXP52,West Coast (PADD 5) Exports of Kerosene-Type Jet Fuel (Thousand Barrels per Day),5,MBBL/D
1984-11,R50-Z00,PADD 5,EPJK,Kerosene-Type Jet Fuel,EEX,Exports,MKJEXP51,West Coast (PADD 5) Exports of Kerosene-Type Jet Fuel (Thousand Barrels),108,MBBL
1984-11,R50-Z00,PADD 5,EPJK,Kerosene-Type Jet Fuel,EEX,Exports,MKJEXP52,West Coast (PADD 5) Exports of Kerosene-Type Jet Fuel (Thousand Barrels per Day),4,MBBL/D
1984-12,R50-Z00,PADD 5,EPJK,Kerosene-Type Jet Fuel,EEX,Exports,MKJEXP51,West Coast (PADD 5) Exports of Kerosene-Type Jet Fuel (Thousand Barrels),217,MBBL
1984-12,R50-Z00,PADD 5,EPJK,Kerosene-Type Jet Fuel,EEX,Exports,MKJEXP52,West Coast (PADD 5) Exports of Kerosene-Type Jet Fuel (Thousand Barrels per Day),7,MBBL/D
1985-01,R50-Z00,PADD 5,EPJK,Kerosene-Type Jet Fuel,EEX,Exports,MKJEXP51,West Coast (PADD 5) Exports of Kerosene-Type Jet Fuel (Thousand Barrels),79,MBBL
1985-01,R50-Z00,PADD 5,EPJK,Kerosene-Type Jet Fuel,EEX,Exports,MKJEXP52,West Coast (PADD 5) Exports of Kerosene-Type Jet Fuel (Thousand Barrels per Day),3,MBBL/D
1985-02,R50-Z00,PADD 5,EPJK,Kerosene-Type Jet Fuel,EEX,Exports,MKJEXP51,West Coast (PADD 5) Exports of Kerosene-Type Jet Fuel (Thousand Barrels),133,MBBL
1985-02,R50-Z00,PADD 5,EPJK,Kerosene-Type Jet Fuel,EEX,Exports,MKJEXP52,West Coast (PADD 5) Exports of Kerosene-Type Jet Fuel (Thousand Barrels per Day),5,MBBL/D
1985-03,R50-Z00,PADD 5,EPJK,Kerosene-Type Jet Fuel,EEX,Exports,MKJEXP51,West Coast (PADD 5) Exports of Kerosene-Type Jet Fuel (Thousand Barrels),172,MBBL
1985-03,R50-Z00,PADD 5,EPJK,Kerosene-Type Jet Fuel,EEX,Exports,MKJEXP52,West Coast (PADD 5) Exports of Kerosene-Type Jet Fuel (Thousand Barrels per Day),6,MBBL/D
1985-04,R50-Z00,PADD 5,EPJK,Kerosene-Type Jet Fuel,EEX,Exports,MKJEXP51,West Coast (PADD 5) Exports of Kerosene-Type Jet Fuel (Thousand Barrels),112,MBBL
1985-04,R50-Z00,PADD 5,EPJK,Kerosene-Type Jet Fuel,EEX,Exports,MKJEXP52,West Coast (PADD 5) Exports of Kerosene-Type Jet Fuel (Thousand Barrels per Day),4,MBBL/D
1985-05,R50-Z00,PADD 5,EPJK,Kerosene-Type Jet Fuel,EEX,Exports,MKJEXP51,West Coast (PADD 5) Exports of Kerosene-Type Jet Fuel (Thousand Barrels),69,MBBL
1985-05,R50-Z00,PADD 5,EPJK,Kerosene-Type Jet Fuel,EEX,Exports,MKJEXP52,West Coast (PADD 5) Exports of Kerosene-Type Jet Fuel (Thousand Barrels per Day),2,MBBL/D
1985-06,R50-Z00,PADD 5,EPJK,Kerosene-Type Jet Fuel,EEX,Exports,MKJEXP51,West Coast (PADD 5) Exports of Kerosene-Type Jet Fuel (Thousand Barrels),58,MBBL
1985-06,R50-Z00,PADD 5,EPJK,Kerosene-Type Jet Fuel,EEX,Exports,MKJEXP52,West Coast (PADD 5) Exports of Kerosene-Type Jet Fuel (Thousand Barrels per Day),2,MBBL/D
1985-07,R50-Z00,PADD 5,EPJK,Kerosene-Type Jet Fuel,EEX,Exports,MKJEXP51,West Coast (PADD 5) Exports of Kerosene-Type Jet Fuel (Thousand Barrels),34,MBBL
1985-07,R50-Z00,PADD 5,EPJK,Kerosene-Type Jet Fuel,EEX,Exports,MKJEXP52,West Coast (PADD 5) Exports of Kerosene-Type Jet Fuel (Thousand Barrels per Day),1,MBBL/D
1985-08,R50-Z00,PADD 5,EPJK,Kerosene-Type Jet Fuel,EEX,Exports,MKJEXP51,West Coast (PADD 5) Exports of Kerosene-Type Jet Fuel (Thousand Barrels),367,MBBL
1985-08,R50-Z00,PADD 5,EPJK,Kerosene-Type Jet Fuel,EEX,Exports,MKJEXP52,West Coast (PADD 5) Exports of Kerosene-Type Jet Fuel (Thousand Barrels per Day),12,MBBL/D
1985-09,R50-Z00,PADD 5,EPJK,Kerosene-Type Jet Fuel,EEX,Exports,MKJEXP51,West Coast (PADD 5) Exports of Kerosene-Type Jet Fuel (Thousand Barrels),95,MBBL
1985-09,R50-Z00,PADD 5,EPJK,Kerosene-Type Jet Fuel,EEX,Exports,MKJEXP52,West Coast (PADD 5) Exports of Kerosene-Type Jet Fuel (Thousand Barrels per Day),3,MBBL/D
1985-10,R50-Z00,PADD 5,EPJK,Kerosene-Type Jet Fuel,EEX,Exports,MKJEXP51,West Coast (PADD 5) Exports of Kerosene-Type Jet Fuel (Thousand Barrels),110,MBBL
1985-10,R50-Z00,PADD 5,EPJK,Kerosene-Type Jet Fuel,EEX,Exports,MKJEXP52,West Coast (PADD 5) Exports of Kerosene-Type Jet Fuel (Thousand Barrels per Day),4,MBBL/D
1985-11,R50-Z00,PADD 5,EPJK,Kerosene-Type Jet Fuel,EEX,Exports,MKJEXP51,West Coast (PADD 5) Exports of Kerosene-Type Jet Fuel (Thousand Barrels),21,MBBL
1985-11,R50-Z00,PADD 5,EPJK,Kerosene-Type Jet Fuel,EEX,Exports,MKJEXP52,West Coast (PADD 5) Exports of Kerosene-Type Jet Fuel (Thousand Barrels per Day),1,MBBL/D
1985-12,R50-Z00,PADD 5,EPJK,Kerosene-Type Jet Fuel,EEX,Exports,MKJEXP51,West Coast (PADD 5) Exports of Kerosene-Type Jet Fuel (Thousand Barrels),47,MBBL
1985-12,R50-Z00,PADD 5,EPJK,Kerosene-Type Jet Fuel,EEX,Exports,MKJEXP52,West Coast (PADD 5) Exports of Kerosene-Type Jet Fuel (Thousand Barrels per Day),2,MBBL/D
1986-01,R50-Z00,PADD 5,EPJK,Kerosene-Type Jet Fuel,EEX,Exports,MKJEXP51,West Coast (PADD 5) Exports of Kerosene-Type Jet Fuel (Thousand Barrels),28,MBBL
1986-01,R50-Z00,PADD 5,EPJK,Kerosene-Type Jet Fuel,EEX,Exports,MKJEXP52,West Coast (PADD 5) Exports of Kerosene-Type Jet Fuel (Thousand Barrels per Day),1,MBBL/D
1986-02,R50-Z00,PADD 5,EPJK,Kerosene-Type Jet Fuel,EEX,Exports,MKJEXP51,West Coast (PADD 5) Exports of Kerosene-Type Jet Fuel (Thousand Barrels),29,MBBL
1986-02,R50-Z00,PADD 5,EPJK,Kerosene-Type Jet Fuel,EEX,Exports,MKJEXP52,West Coast (PADD 5) Exports of Kerosene-Type Jet Fuel (Thousand Barrels per Day),1,MBBL/D
1986-03,R50-Z00,PADD 5,EPJK,Kerosene-Type Jet Fuel,EEX,Exports,MKJEXP51,West Coast (PADD 5) Exports of Kerosene-Type Jet Fuel (Thousand Barrels),92,MBBL
1986-03,R50-Z00,PADD 5,EPJK,Kerosene-Type Jet Fuel,EEX,Exports,MKJEXP52,West Coast (PADD 5) Exports of Kerosene-Type Jet Fuel (Thousand Barrels per Day),3,MBBL/D
1986-04,R50-Z00,PADD 5,EPJK,Kerosene-Type Jet Fuel,EEX,Exports,MKJEXP51,West Coast (PADD 5) Exports of Kerosene-Type Jet Fuel (Thousand Barrels),38,MBBL
1986-04,R50-Z00,PADD 5,EPJK,Kerosene-Type Jet Fuel,EEX,Exports,MKJEXP52,West Coast (PADD 5) Exports of Kerosene-Type Jet Fuel (Thousand Barrels per Day),1,MBBL/D
1986-05,R50-Z00,PADD 5,EPJK,Kerosene-Type Jet Fuel,EEX,Exports,MKJEXP51,West Coast (PADD 5) Exports of Kerosene-Type Jet Fuel (Thousand Barrels),21,MBBL
1986-05,R50-Z00,PADD 5,EPJK,Kerosene-Type Jet Fuel,EEX,Exports,MKJEXP52,West Coast (PADD 5) Exports of Kerosene-Type Jet Fuel (Thousand Barrels per Day),1,MBBL/D
1986-06,R50-Z00,PADD 5,EPJK,Kerosene-Type Jet Fuel,EEX,Exports,MKJEXP51,West Coast (PADD 5) Exports of Kerosene-Type Jet Fuel (Thousand Barrels),13,MBBL
1986-06,R50-Z00,PADD 5,EPJK,Kerosene-Type Jet Fuel,EEX,Exports,MKJEXP52,West Coast (PADD 5) Exports of Kerosene-Type Jet Fuel (Thousand Barrels per Day),0,MBBL/D
1986-07,R50-Z00,PADD 5,EPJK,Kerosene-Type Jet Fuel,EEX,Exports,MKJEXP51,West Coast (PADD 5) Exports of Kerosene-Type Jet Fuel (Thousand Barrels),239,MBBL
1986-07,R50-Z00,PADD 5,EPJK,Kerosene-Type Jet Fuel,EEX,Exports,MKJEXP52,West Coast (PADD 5) Exports of Kerosene-Type Jet Fuel (Thousand Barrels per Day),8,MBBL/D
1986-08,R50-Z00,PADD 5,EPJK,Kerosene-Type Jet Fuel,EEX,Exports,MKJEXP51,West Coast (PADD 5) Exports of Kerosene-Type Jet Fuel (Thousand Barrels),60,MBBL
1986-08,R50-Z00,PADD 5,EPJK,Kerosene-Type Jet Fuel,EEX,Exports,MKJEXP52,West Coast (PADD 5) Exports of Kerosene-Type Jet Fuel (Thousand Barrels per Day),2,MBBL/D
1986-09,R50-Z00,PADD 5,EPJK,Kerosene-Type Jet Fuel,EEX,Exports,MKJEXP51,West Coast (PADD 5) Exports of Kerosene-Type Jet Fuel (Thousand Barrels),121,MBBL
1986-09,R50-Z00,PADD 5,EPJK,Kerosene-Type Jet Fuel,EEX,Exports,MKJEXP52,West Coast (PADD 5) Exports of Kerosene-Type Jet Fuel (Thousand Barrels per Day),4,MBBL/D
1986-10,R50-Z00,PADD 5,EPJK,Kerosene-Type Jet Fuel,EEX,Exports,MKJEXP51,West Coast (PADD 5) Exports of Kerosene-Type Jet Fuel (Thousand Barrels),360,MBBL
1986-10,R50-Z00,PADD 5,EPJK,Kerosene-Type Jet Fuel,EEX,Exports,MKJEXP52,West Coast (PADD 5) Exports of Kerosene-Type Jet Fuel (Thousand Barrels per Day),12,MBBL/D
1986-11,R50-Z00,PADD 5,EPJK,Kerosene-Type Jet Fuel,EEX,Exports,MKJEXP51,West Coast (PADD 5) Exports of Kerosene-Type Jet Fuel (Thousand Barrels),80,MBBL
1986-11,R50-Z00,PADD 5,EPJK,Kerosene-Type Jet Fuel,EEX,Exports,MKJEXP52,West Coast (PADD 5) Exports of Kerosene-Type Jet Fuel (Thousand Barrels per Day),3,MBBL/D
1986-12,R50-Z00,PADD 5,EPJK,Kerosene-Type Jet Fuel,EEX,Exports,MKJEXP51,West Coast (PADD 5) Exports of Kerosene-Type Jet Fuel (Thousand Barrels),49,MBBL
1986-12,R50-Z00,PADD 5,EPJK,Kerosene-Type Jet Fuel,EEX,Exports,MKJEXP52,West Coast (PADD 5) Exports of Kerosene-Type Jet Fuel (Thousand Barrels per Day),2,MBBL/D
1987-01,R50-Z00,PADD 5,EPJK,Kerosene-Type Jet Fuel,EEX,Exports,MKJEXP51,West Coast (PADD 5) Exports of Kerosene-Type Jet Fuel (Thousand Barrels),281,MBBL
1987-01,R50-Z00,PADD 5,EPJK,Kerosene-Type Jet Fuel,EEX,Exports,MKJEXP52,West Coast (PADD 5) Exports of Kerosene-Type Jet Fuel (Thousand Barrels per Day),9,MBBL/D
1987-02,R50-Z00,PADD 5,EPJK,Kerosene-Type Jet Fuel,EEX,Exports,MKJEXP51,West Coast (PADD 5) Exports of Kerosene-Type Jet Fuel (Thousand Barrels),129,MBBL
1987-02,R50-Z00,PADD 5,EPJK,Kerosene-Type Jet Fuel,EEX,Exports,MKJEXP52,West Coast (PADD 5) Exports of Kerosene-Type Jet Fuel (Thousand Barrels per Day),5,MBBL/D
1987-03,R50-Z00,PADD 5,EPJK,Kerosene-Type Jet Fuel,EEX,Exports,MKJEXP51,West Coast (PADD 5) Exports of Kerosene-Type Jet Fuel (Thousand Barrels),136,MBBL
1987-03,R50-Z00,PADD 5,EPJK,Kerosene-Type Jet Fuel,EEX,Exports,MKJEXP52,West Coast (PADD 5) Exports of Kerosene-Type Jet Fuel (Thousand Barrels per Day),4,MBBL/D
1987-04,R50-Z00,PADD 5,EPJK,Kerosene-Type Jet Fuel,EEX,Exports,MKJEXP51,West Coast (PADD 5) Exports of Kerosene-Type Jet Fuel (Thousand Barrels),50,MBBL
1987-04,R50-Z00,PADD 5,EPJK,Kerosene-Type Jet Fuel,EEX,Exports,MKJEXP52,West Coast (PADD 5) Exports of Kerosene-Type Jet Fuel (Thousand Barrels per Day),2,MBBL/D
1987-05,R50-Z00,PADD 5,EPJK,Kerosene-Type Jet Fuel,EEX,Exports,MKJEXP51,West Coast (PADD 5) Exports of Kerosene-Type Jet Fuel (Thousand Barrels),55,MBBL
1987-05,R50-Z00,PADD 5,EPJK,Kerosene-Type Jet Fuel,EEX,Exports,MKJEXP52,West Coast (PADD 5) Exports of Kerosene-Type Jet Fuel (Thousand Barrels per Day),2,MBBL/D
1987-06,R50-Z00,PADD 5,EPJK,Kerosene-Type Jet Fuel,EEX,Exports,MKJEXP51,West Coast (PADD 5) Exports of Kerosene-Type Jet Fuel (Thousand Barrels),73,MBBL
1987-06,R50-Z00,PADD 5,EPJK,Kerosene-Type Jet Fuel,EEX,Exports,MKJEXP52,West Coast (PADD 5) Exports of Kerosene-Type Jet Fuel (Thousand Barrels per Day),2,MBBL/D
1987-07,R50-Z00,PADD 5,EPJK,Kerosene-Type Jet Fuel,EEX,Exports,MKJEXP51,West Coast (PADD 5) Exports of Kerosene-Type Jet Fuel (Thousand Barrels),54,MBBL
1987-07,R50-Z00,PADD 5,EPJK,Kerosene-Type Jet Fuel,EEX,Exports,MKJEXP52,West Coast (PADD 5) Exports of Kerosene-Type Jet Fuel (Thousand Barrels per Day),2,MBBL/D
1987-08,R50-Z00,PADD 5,EPJK,Kerosene-Type Jet Fuel,EEX,Exports,MKJEXP51,West Coast (PADD 5) Exports of Kerosene-Type Jet Fuel (Thousand Barrels),37,MBBL
1987-08,R50-Z00,PADD 5,EPJK,Kerosene-Type Jet Fuel,EEX,Exports,MKJEXP52,West Coast (PADD 5) Exports of Kerosene-Type Jet Fuel (Thousand Barrels per Day),1,MBBL/D
1987-09,R50-Z00,PADD 5,EPJK,Kerosene-Type Jet Fuel,EEX,Exports,MKJEXP51,West Coast (PADD 5) Exports of Kerosene-Type Jet Fuel (Thousand Barrels),82,MBBL
1987-09,R50-Z00,PADD 5,EPJK,Kerosene-Type Jet Fuel,EEX,Exports,MKJEXP52,West Coast (PADD 5) Exports of Kerosene-Type Jet Fuel (Thousand Barrels per Day),3,MBBL/D
1987-10,R50-Z00,PADD 5,EPJK,Kerosene-Type Jet Fuel,EEX,Exports,MKJEXP51,West Coast (PADD 5) Exports of Kerosene-Type Jet Fuel (Thousand Barrels),62,MBBL
1987-10,R50-Z00,PADD 5,EPJK,Kerosene-Type Jet Fuel,EEX,Exports,MKJEXP52,West Coast (PADD 5) Exports of Kerosene-Type Jet Fuel (Thousand Barrels per Day),2,MBBL/D
1987-11,R50-Z00,PADD 5,EPJK,Kerosene-Type Jet Fuel,EEX,Exports,MKJEXP51,West Coast (PADD 5) Exports of Kerosene-Type Jet Fuel (Thousand Barrels),99,MBBL
1987-11,R50-Z00,PADD 5,EPJK,Kerosene-Type Jet Fuel,EEX,Exports,MKJEXP52,West Coast (PADD 5) Exports of Kerosene-Type Jet Fuel (Thousand Barrels per Day),3,MBBL/D
1987-12,R50-Z00,PADD 5,EPJK,Kerosene-Type Jet Fuel,EEX,Exports,MKJEXP51,West Coast (PADD 5) Exports of Kerosene-Type Jet Fuel (Thousand Barrels),341,MBBL
1987-12,R50-Z00,PADD 5,EPJK,Kerosene-Type Jet Fuel,EEX,Exports,MKJEXP52,West Coast (PADD 5) Exports of Kerosene-Type Jet Fuel (Thousand Barrels per Day),11,MBBL/D
1988-01,R50-Z00,PADD 5,EPJK,Kerosene-Type Jet Fuel,EEX,Exports,MKJEXP51,West Coast (PADD 5) Exports of Kerosene-Type Jet Fuel (Thousand Barrels),560,MBBL
1988-01,R50-Z00,PADD 5,EPJK,Kerosene-Type Jet Fuel,EEX,Exports,MKJEXP52,West Coast (PADD 5) Exports of Kerosene-Type Jet Fuel (Thousand Barrels per Day),18,MBBL/D
1988-02,R50-Z00,PADD 5,EPJK,Kerosene-Type Jet Fuel,EEX,Exports,MKJEXP51,West Coast (PADD 5) Exports of Kerosene-Type Jet Fuel (Thousand Barrels),250,MBBL
1988-02,R50-Z00,PADD 5,EPJK,Kerosene-Type Jet Fuel,EEX,Exports,MKJEXP52,West Coast (PADD 5) Exports of Kerosene-Type Jet Fuel (Thousand Barrels per Day),9,MBBL/D
1988-03,R50-Z00,PADD 5,EPJK,Kerosene-Type Jet Fuel,EEX,Exports,MKJEXP51,West Coast (PADD 5) Exports of Kerosene-Type Jet Fuel (Thousand Barrels),327,MBBL
1988-03,R50-Z00,PADD 5,EPJK,Kerosene-Type Jet Fuel,EEX,Exports,MKJEXP52,West Coast (PADD 5) Exports of Kerosene-Type Jet Fuel (Thousand Barrels per Day),11,MBBL/D
1988-04,R50-Z00,PADD 5,EPJK,Kerosene-Type Jet Fuel,EEX,Exports,MKJEXP51,West Coast (PADD 5) Exports of Kerosene-Type Jet Fuel (Thousand Barrels),47,MBBL
1988-04,R50-Z00,PADD 5,EPJK,Kerosene-Type Jet Fuel,EEX,Exports,MKJEXP52,West Coast (PADD 5) Exports of Kerosene-Type Jet Fuel (Thousand Barrels per Day),2,MBBL/D
1988-05,R50-Z00,PADD 5,EPJK,Kerosene-Type Jet Fuel,EEX,Exports,MKJEXP51,West Coast (PADD 5) Exports of Kerosene-Type Jet Fuel (Thousand Barrels),3,MBBL
1988-05,R50-Z00,PADD 5,EPJK,Kerosene-Type Jet Fuel,EEX,Exports,MKJEXP52,West Coast (PADD 5) Exports of Kerosene-Type Jet Fuel (Thousand Barrels per Day),0,MBBL/D
1988-06,R50-Z00,PADD 5,EPJK,Kerosene-Type Jet Fuel,EEX,Exports,MKJEXP51,West Coast (PADD 5) Exports of Kerosene-Type Jet Fuel (Thousand Barrels),39,MBBL
1988-06,R50-Z00,PADD 5,EPJK,Kerosene-Type Jet Fuel,EEX,Exports,MKJEXP52,West Coast (PADD 5) Exports of Kerosene-Type Jet Fuel (Thousand Barrels per Day),1,MBBL/D
1988-07,R50-Z00,PADD 5,EPJK,Kerosene-Type Jet Fuel,EEX,Exports,MKJEXP51,West Coast (PADD 5) Exports of Kerosene-Type Jet Fuel (Thousand Barrels),65,MBBL
1988-07,R50-Z00,PADD 5,EPJK,Kerosene-Type Jet Fuel,EEX,Exports,MKJEXP52,West Coast (PADD 5) Exports of Kerosene-Type Jet Fuel (Thousand Barrels per Day),2,MBBL/D
1988-08,R50-Z00,PADD 5,EPJK,Kerosene-Type Jet Fuel,EEX,Exports,MKJEXP51,West Coast (PADD 5) Exports of Kerosene-Type Jet Fuel (Thousand Barrels),401,MBBL
1988-08,R50-Z00,PADD 5,EPJK,Kerosene-Type Jet Fuel,EEX,Exports,MKJEXP52,West Coast (PADD 5) Exports of Kerosene-Type Jet Fuel (Thousand Barrels per Day),13,MBBL/D
1988-09,R50-Z00,PADD 5,EPJK,Kerosene-Type Jet Fuel,EEX,Exports,MKJEXP51,West Coast (PADD 5) Exports of Kerosene-Type Jet Fuel (Thousand Barrels),111,MBBL
1988-09,R50-Z00,PADD 5,EPJK,Kerosene-Type Jet Fuel,EEX,Exports,MKJEXP52,West Coast (PADD 5) Exports of Kerosene-Type Jet Fuel (Thousand Barrels per Day),4,MBBL/D
1988-10,R50-Z00,PADD 5,EPJK,Kerosene-Type Jet Fuel,EEX,Exports,MKJEXP51,West Coast (PADD 5) Exports of Kerosene-Type Jet Fuel (Thousand Barrels),22,MBBL
1988-10,R50-Z00,PADD 5,EPJK,Kerosene-Type Jet Fuel,EEX,Exports,MKJEXP52,West Coast (PADD 5) Exports of Kerosene-Type Jet Fuel (Thousand Barrels per Day),1,MBBL/D
1988-11,R50-Z00,PADD 5,EPJK,Kerosene-Type Jet Fuel,EEX,Exports,MKJEXP51,West Coast (PADD 5) Exports of Kerosene-Type Jet Fuel (Thousand Barrels),215,MBBL
1988-11,R50-Z00,PADD 5,EPJK,Kerosene-Type Jet Fuel,EEX,Exports,MKJEXP52,West Coast (PADD 5) Exports of Kerosene-Type Jet Fuel (Thousand Barrels per Day),7,MBBL/D
1988-12,R50-Z00,PADD 5,EPJK,Kerosene-Type Jet Fuel,EEX,Exports,MKJEXP51,West Coast (PADD 5) Exports of Kerosene-Type Jet Fuel (Thousand Barrels),1458,MBBL
1988-12,R50-Z00,PADD 5,EPJK,Kerosene-Type Jet Fuel,EEX,Exports,MKJEXP52,West Coast (PADD 5) Exports of Kerosene-Type Jet Fuel (Thousand Barrels per Day),47,MBBL/D
1989-01,R50-Z00,PADD 5,EPJK,Kerosene-Type Jet Fuel,EEX,Exports,MKJEXP51,West Coast (PADD 5) Exports of Kerosene-Type Jet Fuel (Thousand Barrels),1406,MBBL
1989-01,R50-Z00,PADD 5,EPJK,Kerosene-Type Jet Fuel,EEX,Exports,MKJEXP52,West Coast (PADD 5) Exports of Kerosene-Type Jet Fuel (Thousand Barrels per Day),45,MBBL/D
1989-02,R50-Z00,PADD 5,EPJK,Kerosene-Type Jet Fuel,EEX,Exports,MKJEXP51,West Coast (PADD 5) Exports of Kerosene-Type Jet Fuel (Thousand Barrels),342,MBBL
1989-02,R50-Z00,PADD 5,EPJK,Kerosene-Type Jet Fuel,EEX,Exports,MKJEXP52,West Coast (PADD 5) Exports of Kerosene-Type Jet Fuel (Thousand Barrels per Day),12,MBBL/D
1989-03,R50-Z00,PADD 5,EPJK,Kerosene-Type Jet Fuel,EEX,Exports,MKJEXP51,West Coast (PADD 5) Exports of Kerosene-Type Jet Fuel (Thousand Barrels),4,MBBL
1989-03,R50-Z00,PADD 5,EPJK,Kerosene-Type Jet Fuel,EEX,Exports,MKJEXP52,West Coast (PADD 5) Exports of Kerosene-Type Jet Fuel (Thousand Barrels per Day),0,MBBL/D
1989-04,R50-Z00,PADD 5,EPJK,Kerosene-Type Jet Fuel,EEX,Exports,MKJEXP51,West Coast (PADD 5) Exports of Kerosene-Type Jet Fuel (Thousand Barrels),12,MBBL
1989-04,R50-Z00,PADD 5,EPJK,Kerosene-Type Jet Fuel,EEX,Exports,MKJEXP52,West Coast (PADD 5) Exports of Kerosene-Type Jet Fuel (Thousand Barrels per Day),0,MBBL/D
1989-05,R50-Z00,PADD 5,EPJK,Kerosene-Type Jet Fuel,EEX,Exports,MKJEXP51,West Coast (PADD 5) Exports of Kerosene-Type Jet Fuel (Thousand Barrels),9,MBBL
1989-05,R50-Z00,PADD 5,EPJK,Kerosene-Type Jet Fuel,EEX,Exports,MKJEXP52,West Coast (PADD 5) Exports of Kerosene-Type Jet Fuel (Thousand Barrels per Day),0,MBBL/D
1989-06,R50-Z00,PADD 5,EPJK,Kerosene-Type Jet Fuel,EEX,Exports,MKJEXP51,West Coast (PADD 5) Exports of Kerosene-Type Jet Fuel (Thousand Barrels),7,MBBL
1989-06,R50-Z00,PADD 5,EPJK,Kerosene-Type Jet Fuel,EEX,Exports,MKJEXP52,West Coast (PADD 5) Exports of Kerosene-Type Jet Fuel (Thousand Barrels per Day),0,MBBL/D
1989-07,R50-Z00,PADD 5,EPJK,Kerosene-Type Jet Fuel,EEX,Exports,MKJEXP51,West Coast (PADD 5) Exports of Kerosene-Type Jet Fuel (Thousand Barrels),10,MBBL
1989-07,R50-Z00,PADD 5,EPJK,Kerosene-Type Jet Fuel,EEX,Exports,MKJEXP52,West Coast (PADD 5) Exports of Kerosene-Type Jet Fuel (Thousand Barrels per Day),0,MBBL/D
1989-08,R50-Z00,PADD 5,EPJK,Kerosene-Type Jet Fuel,EEX,Exports,MKJEXP51,West Coast (PADD 5) Exports of Kerosene-Type Jet Fuel (Thousand Barrels),64,MBBL
1989-08,R50-Z00,PADD 5,EPJK,Kerosene-Type Jet Fuel,EEX,Exports,MKJEXP52,West Coast (PADD 5) Exports of Kerosene-Type Jet Fuel (Thousand Barrels per Day),2,MBBL/D
1989-09,R50-Z00,PADD 5,EPJK,Kerosene-Type Jet Fuel,EEX,Exports,MKJEXP51,West Coast (PADD 5) Exports of Kerosene-Type Jet Fuel (Thousand Barrels),103,MBBL
1989-09,R50-Z00,PADD 5,EPJK,Kerosene-Type Jet Fuel,EEX,Exports,MKJEXP52,West Coast (PADD 5) Exports of Kerosene-Type Jet Fuel (Thousand Barrels per Day),3,MBBL/D
1989-10,R50-Z00,PADD 5,EPJK,Kerosene-Type Jet Fuel,EEX,Exports,MKJEXP51,West Coast (PADD 5) Exports of Kerosene-Type Jet Fuel (Thousand Barrels),35,MBBL
1989-10,R50-Z00,PADD 5,EPJK,Kerosene-Type Jet Fuel,EEX,Exports,MKJEXP52,West Coast (PADD 5) Exports of Kerosene-Type Jet Fuel (Thousand Barrels per Day),1,MBBL/D
1989-11,R50-Z00,PADD 5,EPJK,Kerosene-Type Jet Fuel,EEX,Exports,MKJEXP51,West Coast (PADD 5) Exports of Kerosene-Type Jet Fuel (Thousand Barrels),2,MBBL
1989-11,R50-Z00,PADD 5,EPJK,Kerosene-Type Jet Fuel,EEX,Exports,MKJEXP52,West Coast (PADD 5) Exports of Kerosene-Type Jet Fuel (Thousand Barrels per Day),0,MBBL/D
1989-12,R50-Z00,PADD 5,EPJK,Kerosene-Type Jet Fuel,EEX,Exports,MKJEXP51,West Coast (PADD 5) Exports of Kerosene-Type Jet Fuel (Thousand Barrels),1,MBBL
1989-12,R50-Z00,PADD 5,EPJK,Kerosene-Type Jet Fuel,EEX,Exports,MKJEXP52,West Coast (PADD 5) Exports of Kerosene-Type Jet Fuel (Thousand Barrels per Day),0,MBBL/D
1990-01,R50-Z00,PADD 5,EPJK,Kerosene-Type Jet Fuel,EEX,Exports,MKJEXP51,West Coast (PADD 5) Exports of Kerosene-Type Jet Fuel (Thousand Barrels),376,MBBL
1990-01,R50-Z00,PADD 5,EPJK,Kerosene-Type Jet Fuel,EEX,Exports,MKJEXP52,West Coast (PADD 5) Exports of Kerosene-Type Jet Fuel (Thousand Barrels per Day),12,MBBL/D
1990-02,R50-Z00,PADD 5,EPJK,Kerosene-Type Jet Fuel,EEX,Exports,MKJEXP51,West Coast (PADD 5) Exports of Kerosene-Type Jet Fuel (Thousand Barrels),357,MBBL
1990-02,R50-Z00,PADD 5,EPJK,Kerosene-Type Jet Fuel,EEX,Exports,MKJEXP52,West Coast (PADD 5) Exports of Kerosene-Type Jet Fuel (Thousand Barrels per Day),13,MBBL/D
1990-03,R50-Z00,PADD 5,EPJK,Kerosene-Type Jet Fuel,EEX,Exports,MKJEXP51,West Coast (PADD 5) Exports of Kerosene-Type Jet Fuel (Thousand Barrels),337,MBBL
1990-03,R50-Z00,PADD 5,EPJK,Kerosene-Type Jet Fuel,EEX,Exports,MKJEXP52,West Coast (PADD 5) Exports of Kerosene-Type Jet Fuel (Thousand Barrels per Day),11,MBBL/D
1990-04,R50-Z00,PADD 5,EPJK,Kerosene-Type Jet Fuel,EEX,Exports,MKJEXP51,West Coast (PADD 5) Exports of Kerosene-Type Jet Fuel (Thousand Barrels),140,MBBL
1990-04,R50-Z00,PADD 5,EPJK,Kerosene-Type Jet Fuel,EEX,Exports,MKJEXP52,West Coast (PADD 5) Exports of Kerosene-Type Jet Fuel (Thousand Barrels per Day),5,MBBL/D
1990-05,R50-Z00,PADD 5,EPJK,Kerosene-Type Jet Fuel,EEX,Exports,MKJEXP51,West Coast (PADD 5) Exports of Kerosene-Type Jet Fuel (Thousand Barrels),0,MBBL
1990-05,R50-Z00,PADD 5,EPJK,Kerosene-Type Jet Fuel,EEX,Exports,MKJEXP52,West Coast (PADD 5) Exports of Kerosene-Type Jet Fuel (Thousand Barrels per Day),0,MBBL/D
1990-06,R50-Z00,PADD 5,EPJK,Kerosene-Type Jet Fuel,EEX,Exports,MKJEXP51,West Coast (PADD 5) Exports of Kerosene-Type Jet Fuel (Thousand Barrels),56,MBBL
1990-06,R50-Z00,PADD 5,EPJK,Kerosene-Type Jet Fuel,EEX,Exports,MKJEXP52,West Coast (PADD 5) Exports of Kerosene-Type Jet Fuel (Thousand Barrels per Day),2,MBBL/D
1990-07,R50-Z00,PADD 5,EPJK,Kerosene-Type Jet Fuel,EEX,Exports,MKJEXP51,West Coast (PADD 5) Exports of Kerosene-Type Jet Fuel (Thousand Barrels),57,MBBL
1990-07,R50-Z00,PADD 5,EPJK,Kerosene-Type Jet Fuel,EEX,Exports,MKJEXP52,West Coast (PADD 5) Exports of Kerosene-Type Jet Fuel (Thousand Barrels per Day),2,MBBL/D
1990-08,R50-Z00,PADD 5,EPJK,Kerosene-Type Jet Fuel,EEX,Exports,MKJEXP51,West Coast (PADD 5) Exports of Kerosene-Type Jet Fuel (Thousand Barrels),308,MBBL
1990-08,R50-Z00,PADD 5,EPJK,Kerosene-Type Jet Fuel,EEX,Exports,MKJEXP52,West Coast (PADD 5) Exports of Kerosene-Type Jet Fuel (Thousand Barrels per Day),10,MBBL/D
1990-09,R50-Z00,PADD 5,EPJK,Kerosene-Type Jet Fuel,EEX,Exports,MKJEXP51,West Coast (PADD 5) Exports of Kerosene-Type Jet Fuel (Thousand Barrels),1,MBBL
1990-09,R50-Z00,PADD 5,EPJK,Kerosene-Type Jet Fuel,EEX,Exports,MKJEXP52,West Coast (PADD 5) Exports of Kerosene-Type Jet Fuel (Thousand Barrels per Day),0,MBBL/D
1990-10,R50-Z00,PADD 5,EPJK,Kerosene-Type Jet Fuel,EEX,Exports,MKJEXP51,West Coast (PADD 5) Exports of Kerosene-Type Jet Fuel (Thousand Barrels),742,MBBL
1990-10,R50-Z00,PADD 5,EPJK,Kerosene-Type Jet Fuel,EEX,Exports,MKJEXP52,West Coast (PADD 5) Exports of Kerosene-Type Jet Fuel (Thousand Barrels per Day),24,MBBL/D
1990-11,R50-Z00,PADD 5,EPJK,Kerosene-Type Jet Fuel,EEX,Exports,MKJEXP51,West Coast (PADD 5) Exports of Kerosene-Type Jet Fuel (Thousand Barrels),1342,MBBL
1990-11,R50-Z00,PADD 5,EPJK,Kerosene-Type Jet Fuel,EEX,Exports,MKJEXP52,West Coast (PADD 5) Exports of Kerosene-Type Jet Fuel (Thousand Barrels per Day),45,MBBL/D
1990-12,R50-Z00,PADD 5,EPJK,Kerosene-Type Jet Fuel,EEX,Exports,MKJEXP51,West Coast (PADD 5) Exports of Kerosene-Type Jet Fuel (Thousand Barrels),571,MBBL
1990-12,R50-Z00,PADD 5,EPJK,Kerosene-Type Jet Fuel,EEX,Exports,MKJEXP52,West Coast (PADD 5) Exports of Kerosene-Type Jet Fuel (Thousand Barrels per Day),18,MBBL/D
1991-01,R50-Z00,PADD 5,EPJK,Kerosene-Type Jet Fuel,EEX,Exports,MKJEXP51,West Coast (PADD 5) Exports of Kerosene-Type Jet Fuel (Thousand Barrels),892,MBBL
1991-01,R50-Z00,PADD 5,EPJK,Kerosene-Type Jet Fuel,EEX,Exports,MKJEXP52,West Coast (PADD 5) Exports of Kerosene-Type Jet Fuel (Thousand Barrels per Day),29,MBBL/D
1991-02,R50-Z00,PADD 5,EPJK,Kerosene-Type Jet Fuel,EEX,Exports,MKJEXP51,West Coast (PADD 5) Exports of Kerosene-Type Jet Fuel (Thousand Barrels),1400,MBBL
1991-02,R50-Z00,PADD 5,EPJK,Kerosene-Type Jet Fuel,EEX,Exports,MKJEXP52,West Coast (PADD 5) Exports of Kerosene-Type Jet Fuel (Thousand Barrels per Day),50,MBBL/D
1991-03,R50-Z00,PADD 5,EPJK,Kerosene-Type Jet Fuel,EEX,Exports,MKJEXP51,West Coast (PADD 5) Exports of Kerosene-Type Jet Fuel (Thousand Barrels),753,MBBL
1991-03,R50-Z00,PADD 5,EPJK,Kerosene-Type Jet Fuel,EEX,Exports,MKJEXP52,West Coast (PADD 5) Exports of Kerosene-Type Jet Fuel (Thousand Barrels per Day),24,MBBL/D
1991-04,R50-Z00,PADD 5,EPJK,Kerosene-Type Jet Fuel,EEX,Exports,MKJEXP51,West Coast (PADD 5) Exports of Kerosene-Type Jet Fuel (Thousand Barrels),55,MBBL
1991-04,R50-Z00,PADD 5,EPJK,Kerosene-Type Jet Fuel,EEX,Exports,MKJEXP52,West Coast (PADD 5) Exports of Kerosene-Type Jet Fuel (Thousand Barrels per Day),2,MBBL/D
1991-05,R50-Z00,PADD 5,EPJK,Kerosene-Type Jet Fuel,EEX,Exports,MKJEXP51,West Coast (PADD 5) Exports of Kerosene-Type Jet Fuel (Thousand Barrels),121,MBBL
1991-05,R50-Z00,PADD 5,EPJK,Kerosene-Type Jet Fuel,EEX,Exports,MKJEXP52,West Coast (PADD 5) Exports of Kerosene-Type Jet Fuel (Thousand Barrels per Day),4,MBBL/D
1991-06,R50-Z00,PADD 5,EPJK,Kerosene-Type Jet Fuel,EEX,Exports,MKJEXP51,West Coast (PADD 5) Exports of Kerosene-Type Jet Fuel (Thousand Barrels),339,MBBL
1991-06,R50-Z00,PADD 5,EPJK,Kerosene-Type Jet Fuel,EEX,Exports,MKJEXP52,West Coast (PADD 5) Exports of Kerosene-Type Jet Fuel (Thousand Barrels per Day),11,MBBL/D
1991-07,R50-Z00,PADD 5,EPJK,Kerosene-Type Jet Fuel,EEX,Exports,MKJEXP51,West Coast (PADD 5) Exports of Kerosene-Type Jet Fuel (Thousand Barrels),209,MBBL
1991-07,R50-Z00,PADD 5,EPJK,Kerosene-Type Jet Fuel,EEX,Exports,MKJEXP52,West Coast (PADD 5) Exports of Kerosene-Type Jet Fuel (Thousand Barrels per Day),7,MBBL/D
1991-08,R50-Z00,PADD 5,EPJK,Kerosene-Type Jet Fuel,EEX,Exports,MKJEXP51,West Coast (PADD 5) Exports of Kerosene-Type Jet Fuel (Thousand Barrels),59,MBBL
1991-08,R50-Z00,PADD 5,EPJK,Kerosene-Type Jet Fuel,EEX,Exports,MKJEXP52,West Coast (PADD 5) Exports of Kerosene-Type Jet Fuel (Thousand Barrels per Day),2,MBBL/D
1991-09,R50-Z00,PADD 5,EPJK,Kerosene-Type Jet Fuel,EEX,Exports,MKJEXP51,West Coast (PADD 5) Exports of Kerosene-Type Jet Fuel (Thousand Barrels),1,MBBL
1991-09,R50-Z00,PADD 5,EPJK,Kerosene-Type Jet Fuel,EEX,Exports,MKJEXP52,West Coast (PADD 5) Exports of Kerosene-Type Jet Fuel (Thousand Barrels per Day),0,MBBL/D
1991-10,R50-Z00,PADD 5,EPJK,Kerosene-Type Jet Fuel,EEX,Exports,MKJEXP51,West Coast (PADD 5) Exports of Kerosene-Type Jet Fuel (Thousand Barrels),327,MBBL
1991-10,R50-Z00,PADD 5,EPJK,Kerosene-Type Jet Fuel,EEX,Exports,MKJEXP52,West Coast (PADD 5) Exports of Kerosene-Type Jet Fuel (Thousand Barrels per Day),11,MBBL/D
1991-11,R50-Z00,PADD 5,EPJK,Kerosene-Type Jet Fuel,EEX,Exports,MKJEXP51,West Coast (PADD 5) Exports of Kerosene-Type Jet Fuel (Thousand Barrels),80,MBBL
1991-11,R50-Z00,PADD 5,EPJK,Kerosene-Type Jet Fuel,EEX,Exports,MKJEXP52,West Coast (PADD 5) Exports of Kerosene-Type Jet Fuel (Thousand Barrels per Day),3,MBBL/D
1991-12,R50-Z00,PADD 5,EPJK,Kerosene-Type Jet Fuel,EEX,Exports,MKJEXP51,West Coast (PADD 5) Exports of Kerosene-Type Jet Fuel (Thousand Barrels),431,MBBL
1991-12,R50-Z00,PADD 5,EPJK,Kerosene-Type Jet Fuel,EEX,Exports,MKJEXP52,West Coast (PADD 5) Exports of Kerosene-Type Jet Fuel (Thousand Barrels per Day),14,MBBL/D
1992-01,R50-Z00,PADD 5,EPJK,Kerosene-Type Jet Fuel,EEX,Exports,MKJEXP51,West Coast (PADD 5) Exports of Kerosene-Type Jet Fuel (Thousand Barrels),1156,MBBL
1992-01,R50-Z00,PADD 5,EPJK,Kerosene-Type Jet Fuel,EEX,Exports,MKJEXP52,West Coast (PADD 5) Exports of Kerosene-Type Jet Fuel (Thousand Barrels per Day),37,MBBL/D
1992-02,R50-Z00,PADD 5,EPJK,Kerosene-Type Jet Fuel,EEX,Exports,MKJEXP51,West Coast (PADD 5) Exports of Kerosene-Type Jet Fuel (Thousand Barrels),1047,MBBL
1992-02,R50-Z00,PADD 5,EPJK,Kerosene-Type Jet Fuel,EEX,Exports,MKJEXP52,West Coast (PADD 5) Exports of Kerosene-Type Jet Fuel (Thousand Barrels per Day),36,MBBL/D
1992-03,R50-Z00,PADD 5,EPJK,Kerosene-Type Jet Fuel,EEX,Exports,MKJEXP51,West Coast (PADD 5) Exports of Kerosene-Type Jet Fuel (Thousand Barrels),89,MBBL
1992-03,R50-Z00,PADD 5,EPJK,Kerosene-Type Jet Fuel,EEX,Exports,MKJEXP52,West Coast (PADD 5) Exports of Kerosene-Type Jet Fuel (Thousand Barrels per Day),3,MBBL/D
1992-04,R50-Z00,PADD 5,EPJK,Kerosene-Type Jet Fuel,EEX,Exports,MKJEXP51,West Coast (PADD 5) Exports of Kerosene-Type Jet Fuel (Thousand Barrels),98,MBBL
1992-04,R50-Z00,PADD 5,EPJK,Kerosene-Type Jet Fuel,EEX,Exports,MKJEXP52,West Coast (PADD 5) Exports of Kerosene-Type Jet Fuel (Thousand Barrels per Day),3,MBBL/D
1992-05,R50-Z00,PADD 5,EPJK,Kerosene-Type Jet Fuel,EEX,Exports,MKJEXP51,West Coast (PADD 5) Exports of Kerosene-Type Jet Fuel (Thousand Barrels),30,MBBL
1992-05,R50-Z00,PADD 5,EPJK,Kerosene-Type Jet Fuel,EEX,Exports,MKJEXP52,West Coast (PADD 5) Exports of Kerosene-Type Jet Fuel (Thousand Barrels per Day),1,MBBL/D
1992-06,R50-Z00,PADD 5,EPJK,Kerosene-Type Jet Fuel,EEX,Exports,MKJEXP51,West Coast (PADD 5) Exports of Kerosene-Type Jet Fuel (Thousand Barrels),325,MBBL
1992-06,R50-Z00,PADD 5,EPJK,Kerosene-Type Jet Fuel,EEX,Exports,MKJEXP52,West Coast (PADD 5) Exports of Kerosene-Type Jet Fuel (Thousand Barrels per Day),11,MBBL/D
1992-07,R50-Z00,PADD 5,EPJK,Kerosene-Type Jet Fuel,EEX,Exports,MKJEXP51,West Coast (PADD 5) Exports of Kerosene-Type Jet Fuel (Thousand Barrels),662,MBBL
1992-07,R50-Z00,PADD 5,EPJK,Kerosene-Type Jet Fuel,EEX,Exports,MKJEXP52,West Coast (PADD 5) Exports of Kerosene-Type Jet Fuel (Thousand Barrels per Day),21,MBBL/D
1992-08,R50-Z00,PADD 5,EPJK,Kerosene-Type Jet Fuel,EEX,Exports,MKJEXP51,West Coast (PADD 5) Exports of Kerosene-Type Jet Fuel (Thousand Barrels),89,MBBL
1992-08,R50-Z00,PADD 5,EPJK,Kerosene-Type Jet Fuel,EEX,Exports,MKJEXP52,West Coast (PADD 5) Exports of Kerosene-Type Jet Fuel (Thousand Barrels per Day),3,MBBL/D
1992-09,R50-Z00,PADD 5,EPJK,Kerosene-Type Jet Fuel,EEX,Exports,MKJEXP51,West Coast (PADD 5) Exports of Kerosene-Type Jet Fuel (Thousand Barrels),119,MBBL
1992-09,R50-Z00,PADD 5,EPJK,Kerosene-Type Jet Fuel,EEX,Exports,MKJEXP52,West Coast (PADD 5) Exports of Kerosene-Type Jet Fuel (Thousand Barrels per Day),4,MBBL/D
1992-10,R50-Z00,PADD 5,EPJK,Kerosene-Type Jet Fuel,EEX,Exports,MKJEXP51,West Coast (PADD 5) Exports of Kerosene-Type Jet Fuel (Thousand Barrels),340,MBBL
1992-10,R50-Z00,PADD 5,EPJK,Kerosene-Type Jet Fuel,EEX,Exports,MKJEXP52,West Coast (PADD 5) Exports of Kerosene-Type Jet Fuel (Thousand Barrels per Day),11,MBBL/D
1992-11,R50-Z00,PADD 5,EPJK,Kerosene-Type Jet Fuel,EEX,Exports,MKJEXP51,West Coast (PADD 5) Exports of Kerosene-Type Jet Fuel (Thousand Barrels),296,MBBL
1992-11,R50-Z00,PADD 5,EPJK,Kerosene-Type Jet Fuel,EEX,Exports,MKJEXP52,West Coast (PADD 5) Exports of Kerosene-Type Jet Fuel (Thousand Barrels per Day),10,MBBL/D
1992-12,R50-Z00,PADD 5,EPJK,Kerosene-Type Jet Fuel,EEX,Exports,MKJEXP51,West Coast (PADD 5) Exports of Kerosene-Type Jet Fuel (Thousand Barrels),657,MBBL
1992-12,R50-Z00,PADD 5,EPJK,Kerosene-Type Jet Fuel,EEX,Exports,MKJEXP52,West Coast (PADD 5) Exports of Kerosene-Type Jet Fuel (Thousand Barrels per Day),21,MBBL/D
1993-01,R50-Z00,PADD 5,EPJK,Kerosene-Type Jet Fuel,EEX,Exports,MKJEXP51,West Coast (PADD 5) Exports of Kerosene-Type Jet Fuel (Thousand Barrels),953,MBBL
1993-01,R50-Z00,PADD 5,EPJK,Kerosene-Type Jet Fuel,EEX,Exports,MKJEXP52,West Coast (PADD 5) Exports of Kerosene-Type Jet Fuel (Thousand Barrels per Day),31,MBBL/D
1993-02,R50-Z00,PADD 5,EPJK,Kerosene-Type Jet Fuel,EEX,Exports,MKJEXP51,West Coast (PADD 5) Exports of Kerosene-Type Jet Fuel (Thousand Barrels),290,MBBL
1993-02,R50-Z00,PADD 5,EPJK,Kerosene-Type Jet Fuel,EEX,Exports,MKJEXP52,West Coast (PADD 5) Exports of Kerosene-Type Jet Fuel (Thousand Barrels per Day),10,MBBL/D
1993-03,R50-Z00,PADD 5,EPJK,Kerosene-Type Jet Fuel,EEX,Exports,MKJEXP51,West Coast (PADD 5) Exports of Kerosene-Type Jet Fuel (Thousand Barrels),1092,MBBL
1993-03,R50-Z00,PADD 5,EPJK,Kerosene-Type Jet Fuel,EEX,Exports,MKJEXP52,West Coast (PADD 5) Exports of Kerosene-Type Jet Fuel (Thousand Barrels per Day),35,MBBL/D
1993-04,R50-Z00,PADD 5,EPJK,Kerosene-Type Jet Fuel,EEX,Exports,MKJEXP51,West Coast (PADD 5) Exports of Kerosene-Type Jet Fuel (Thousand Barrels),1041,MBBL
1993-04,R50-Z00,PADD 5,EPJK,Kerosene-Type Jet Fuel,EEX,Exports,MKJEXP52,West Coast (PADD 5) Exports of Kerosene-Type Jet Fuel (Thousand Barrels per Day),35,MBBL/D
1993-05,R50-Z00,PADD 5,EPJK,Kerosene-Type Jet Fuel,EEX,Exports,MKJEXP51,West Coast (PADD 5) Exports of Kerosene-Type Jet Fuel (Thousand Barrels),891,MBBL
1993-05,R50-Z00,PADD 5,EPJK,Kerosene-Type Jet Fuel,EEX,Exports,MKJEXP52,West Coast (PADD 5) Exports of Kerosene-Type Jet Fuel (Thousand Barrels per Day),29,MBBL/D
1993-06,R50-Z00,PADD 5,EPJK,Kerosene-Type Jet Fuel,EEX,Exports,MKJEXP51,West Coast (PADD 5) Exports of Kerosene-Type Jet Fuel (Thousand Barrels),947,MBBL
1993-06,R50-Z00,PADD 5,EPJK,Kerosene-Type Jet Fuel,EEX,Exports,MKJEXP52,West Coast (PADD 5) Exports of Kerosene-Type Jet Fuel (Thousand Barrels per Day),32,MBBL/D
1993-07,R50-Z00,PADD 5,EPJK,Kerosene-Type Jet Fuel,EEX,Exports,MKJEXP51,West Coast (PADD 5) Exports of Kerosene-Type Jet Fuel (Thousand Barrels),1063,MBBL
1993-07,R50-Z00,PADD 5,EPJK,Kerosene-Type Jet Fuel,EEX,Exports,MKJEXP52,West Coast (PADD 5) Exports of Kerosene-Type Jet Fuel (Thousand Barrels per Day),34,MBBL/D
1993-08,R50-Z00,PADD 5,EPJK,Kerosene-Type Jet Fuel,EEX,Exports,MKJEXP51,West Coast (PADD 5) Exports of Kerosene-Type Jet Fuel (Thousand Barrels),429,MBBL
1993-08,R50-Z00,PADD 5,EPJK,Kerosene-Type Jet Fuel,EEX,Exports,MKJEXP52,West Coast (PADD 5) Exports of Kerosene-Type Jet Fuel (Thousand Barrels per Day),14,MBBL/D
1993-09,R50-Z00,PADD 5,EPJK,Kerosene-Type Jet Fuel,EEX,Exports,MKJEXP51,West Coast (PADD 5) Exports of Kerosene-Type Jet Fuel (Thousand Barrels),120,MBBL
1993-09,R50-Z00,PADD 5,EPJK,Kerosene-Type Jet Fuel,EEX,Exports,MKJEXP52,West Coast (PADD 5) Exports of Kerosene-Type Jet Fuel (Thousand Barrels per Day),4,MBBL/D
1993-10,R50-Z00,PADD 5,EPJK,Kerosene-Type Jet Fuel,EEX,Exports,MKJEXP51,West Coast (PADD 5) Exports of Kerosene-Type Jet Fuel (Thousand Barrels),120,MBBL
1993-10,R50-Z00,PADD 5,EPJK,Kerosene-Type Jet Fuel,EEX,Exports,MKJEXP52,West Coast (PADD 5) Exports of Kerosene-Type Jet Fuel (Thousand Barrels per Day),4,MBBL/D
1993-11,R50-Z00,PADD 5,EPJK,Kerosene-Type Jet Fuel,EEX,Exports,MKJEXP51,West Coast (PADD 5) Exports of Kerosene-Type Jet Fuel (Thousand Barrels),90,MBBL
1993-11,R50-Z00,PADD 5,EPJK,Kerosene-Type Jet Fuel,EEX,Exports,MKJEXP52,West Coast (PADD 5) Exports of Kerosene-Type Jet Fuel (Thousand Barrels per Day),3,MBBL/D
1993-12,R50-Z00,PADD 5,EPJK,Kerosene-Type Jet Fuel,EEX,Exports,MKJEXP51,West Coast (PADD 5) Exports of Kerosene-Type Jet Fuel (Thousand Barrels),417,MBBL
1993-12,R50-Z00,PADD 5,EPJK,Kerosene-Type Jet Fuel,EEX,Exports,MKJEXP52,West Coast (PADD 5) Exports of Kerosene-Type Jet Fuel (Thousand Barrels per Day),13,MBBL/D
1994-01,R50-Z00,PADD 5,EPJK,Kerosene-Type Jet Fuel,EEX,Exports,MKJEXP51,West Coast (PADD 5) Exports of Kerosene-Type Jet Fuel (Thousand Barrels),413,MBBL
1994-01,R50-Z00,PADD 5,EPJK,Kerosene-Type Jet Fuel,EEX,Exports,MKJEXP52,West Coast (PADD 5) Exports of Kerosene-Type Jet Fuel (Thousand Barrels per Day),13,MBBL/D
1994-02,R50-Z00,PADD 5,EPJK,Kerosene-Type Jet Fuel,EEX,Exports,MKJEXP51,West Coast (PADD 5) Exports of Kerosene-Type Jet Fuel (Thousand Barrels),690,MBBL
1994-02,R50-Z00,PADD 5,EPJK,Kerosene-Type Jet Fuel,EEX,Exports,MKJEXP52,West Coast (PADD 5) Exports of Kerosene-Type Jet Fuel (Thousand Barrels per Day),25,MBBL/D
1994-03,R50-Z00,PADD 5,EPJK,Kerosene-Type Jet Fuel,EEX,Exports,MKJEXP51,West Coast (PADD 5) Exports of Kerosene-Type Jet Fuel (Thousand Barrels),60,MBBL
1994-03,R50-Z00,PADD 5,EPJK,Kerosene-Type Jet Fuel,EEX,Exports,MKJEXP52,West Coast (PADD 5) Exports of Kerosene-Type Jet Fuel (Thousand Barrels per Day),2,MBBL/D
1994-04,R50-Z00,PADD 5,EPJK,Kerosene-Type Jet Fuel,EEX,Exports,MKJEXP51,West Coast (PADD 5) Exports of Kerosene-Type Jet Fuel (Thousand Barrels),60,MBBL
1994-04,R50-Z00,PADD 5,EPJK,Kerosene-Type Jet Fuel,EEX,Exports,MKJEXP52,West Coast (PADD 5) Exports of Kerosene-Type Jet Fuel (Thousand Barrels per Day),2,MBBL/D
1994-05,R50-Z00,PADD 5,EPJK,Kerosene-Type Jet Fuel,EEX,Exports,MKJEXP51,West Coast (PADD 5) Exports of Kerosene-Type Jet Fuel (Thousand Barrels),30,MBBL
1994-05,R50-Z00,PADD 5,EPJK,Kerosene-Type Jet Fuel,EEX,Exports,MKJEXP52,West Coast (PADD 5) Exports of Kerosene-Type Jet Fuel (Thousand Barrels per Day),1,MBBL/D
1994-06,R50-Z00,PADD 5,EPJK,Kerosene-Type Jet Fuel,EEX,Exports,MKJEXP51,West Coast (PADD 5) Exports of Kerosene-Type Jet Fuel (Thousand Barrels),61,MBBL
1994-06,R50-Z00,PADD 5,EPJK,Kerosene-Type Jet Fuel,EEX,Exports,MKJEXP52,West Coast (PADD 5) Exports of Kerosene-Type Jet Fuel (Thousand Barrels per Day),2,MBBL/D
1994-07,R50-Z00,PADD 5,EPJK,Kerosene-Type Jet Fuel,EEX,Exports,MKJEXP51,West Coast (PADD 5) Exports of Kerosene-Type Jet Fuel (Thousand Barrels),249,MBBL
1994-07,R50-Z00,PADD 5,EPJK,Kerosene-Type Jet Fuel,EEX,Exports,MKJEXP52,West Coast (PADD 5) Exports of Kerosene-Type Jet Fuel (Thousand Barrels per Day),8,MBBL/D
1994-08,R50-Z00,PADD 5,EPJK,Kerosene-Type Jet Fuel,EEX,Exports,MKJEXP51,West Coast (PADD 5) Exports of Kerosene-Type Jet Fuel (Thousand Barrels),149,MBBL
1994-08,R50-Z00,PADD 5,EPJK,Kerosene-Type Jet Fuel,EEX,Exports,MKJEXP52,West Coast (PADD 5) Exports of Kerosene-Type Jet Fuel (Thousand Barrels per Day),5,MBBL/D
1994-09,R50-Z00,PADD 5,EPJK,Kerosene-Type Jet Fuel,EEX,Exports,MKJEXP51,West Coast (PADD 5) Exports of Kerosene-Type Jet Fuel (Thousand Barrels),630,MBBL
1994-09,R50-Z00,PADD 5,EPJK,Kerosene-Type Jet Fuel,EEX,Exports,MKJEXP52,West Coast (PADD 5) Exports of Kerosene-Type Jet Fuel (Thousand Barrels per Day),21,MBBL/D
1994-10,R50-Z00,PADD 5,EPJK,Kerosene-Type Jet Fuel,EEX,Exports,MKJEXP51,West Coast (PADD 5) Exports of Kerosene-Type Jet Fuel (Thousand Barrels),192,MBBL
1994-10,R50-Z00,PADD 5,EPJK,Kerosene-Type Jet Fuel,EEX,Exports,MKJEXP52,West Coast (PADD 5) Exports of Kerosene-Type Jet Fuel (Thousand Barrels per Day),6,MBBL/D
1994-11,R50-Z00,PADD 5,EPJK,Kerosene-Type Jet Fuel,EEX,Exports,MKJEXP51,West Coast (PADD 5) Exports of Kerosene-Type Jet Fuel (Thousand Barrels),120,MBBL
1994-11,R50-Z00,PADD 5,EPJK,Kerosene-Type Jet Fuel,EEX,Exports,MKJEXP52,West Coast (PADD 5) Exports of Kerosene-Type Jet Fuel (Thousand Barrels per Day),4,MBBL/D
1994-12,R50-Z00,PADD 5,EPJK,Kerosene-Type Jet Fuel,EEX,Exports,MKJEXP51,West Coast (PADD 5) Exports of Kerosene-Type Jet Fuel (Thousand Barrels),630,MBBL
1994-12,R50-Z00,PADD 5,EPJK,Kerosene-Type Jet Fuel,EEX,Exports,MKJEXP52,West Coast (PADD 5) Exports of Kerosene-Type Jet Fuel (Thousand Barrels per Day),20,MBBL/D
1995-01,R50-Z00,PADD 5,EPJK,Kerosene-Type Jet Fuel,EEX,Exports,MKJEXP51,West Coast (PADD 5) Exports of Kerosene-Type Jet Fuel (Thousand Barrels),381,MBBL
1995-01,R50-Z00,PADD 5,EPJK,Kerosene-Type Jet Fuel,EEX,Exports,MKJEXP52,West Coast (PADD 5) Exports of Kerosene-Type Jet Fuel (Thousand Barrels per Day),12,MBBL/D
1995-02,R50-Z00,PADD 5,EPJK,Kerosene-Type Jet Fuel,EEX,Exports,MKJEXP51,West Coast (PADD 5) Exports of Kerosene-Type Jet Fuel (Thousand Barrels),179,MBBL
1995-02,R50-Z00,PADD 5,EPJK,Kerosene-Type Jet Fuel,EEX,Exports,MKJEXP52,West Coast (PADD 5) Exports of Kerosene-Type Jet Fuel (Thousand Barrels per Day),6,MBBL/D
1995-03,R50-Z00,PADD 5,EPJK,Kerosene-Type Jet Fuel,EEX,Exports,MKJEXP51,West Coast (PADD 5) Exports of Kerosene-Type Jet Fuel (Thousand Barrels),442,MBBL
1995-03,R50-Z00,PADD 5,EPJK,Kerosene-Type Jet Fuel,EEX,Exports,MKJEXP52,West Coast (PADD 5) Exports of Kerosene-Type Jet Fuel (Thousand Barrels per Day),14,MBBL/D
1995-04,R50-Z00,PADD 5,EPJK,Kerosene-Type Jet Fuel,EEX,Exports,MKJEXP51,West Coast (PADD 5) Exports of Kerosene-Type Jet Fuel (Thousand Barrels),91,MBBL
1995-04,R50-Z00,PADD 5,EPJK,Kerosene-Type Jet Fuel,EEX,Exports,MKJEXP52,West Coast (PADD 5) Exports of Kerosene-Type Jet Fuel (Thousand Barrels per Day),3,MBBL/D
1995-05,R50-Z00,PADD 5,EPJK,Kerosene-Type Jet Fuel,EEX,Exports,MKJEXP51,West Coast (PADD 5) Exports of Kerosene-Type Jet Fuel (Thousand Barrels),61,MBBL
1995-05,R50-Z00,PADD 5,EPJK,Kerosene-Type Jet Fuel,EEX,Exports,MKJEXP52,West Coast (PADD 5) Exports of Kerosene-Type Jet Fuel (Thousand Barrels per Day),2,MBBL/D
1995-06,R50-Z00,PADD 5,EPJK,Kerosene-Type Jet Fuel,EEX,Exports,MKJEXP51,West Coast (PADD 5) Exports of Kerosene-Type Jet Fuel (Thousand Barrels),241,MBBL
1995-06,R50-Z00,PADD 5,EPJK,Kerosene-Type Jet Fuel,EEX,Exports,MKJEXP52,West Coast (PADD 5) Exports of Kerosene-Type Jet Fuel (Thousand Barrels per Day),8,MBBL/D
1995-07,R50-Z00,PADD 5,EPJK,Kerosene-Type Jet Fuel,EEX,Exports,MKJEXP51,West Coast (PADD 5) Exports of Kerosene-Type Jet Fuel (Thousand Barrels),175,MBBL
1995-07,R50-Z00,PADD 5,EPJK,Kerosene-Type Jet Fuel,EEX,Exports,MKJEXP52,West Coast (PADD 5) Exports of Kerosene-Type Jet Fuel (Thousand Barrels per Day),6,MBBL/D
1995-08,R50-Z00,PADD 5,EPJK,Kerosene-Type Jet Fuel,EEX,Exports,MKJEXP51,West Coast (PADD 5) Exports of Kerosene-Type Jet Fuel (Thousand Barrels),150,MBBL
1995-08,R50-Z00,PADD 5,EPJK,Kerosene-Type Jet Fuel,EEX,Exports,MKJEXP52,West Coast (PADD 5) Exports of Kerosene-Type Jet Fuel (Thousand Barrels per Day),5,MBBL/D
1995-09,R50-Z00,PADD 5,EPJK,Kerosene-Type Jet Fuel,EEX,Exports,MKJEXP51,West Coast (PADD 5) Exports of Kerosene-Type Jet Fuel (Thousand Barrels),85,MBBL
1995-09,R50-Z00,PADD 5,EPJK,Kerosene-Type Jet Fuel,EEX,Exports,MKJEXP52,West Coast (PADD 5) Exports of Kerosene-Type Jet Fuel (Thousand Barrels per Day),3,MBBL/D
1995-10,R50-Z00,PADD 5,EPJK,Kerosene-Type Jet Fuel,EEX,Exports,MKJEXP51,West Coast (PADD 5) Exports of Kerosene-Type Jet Fuel (Thousand Barrels),181,MBBL
1995-10,R50-Z00,PADD 5,EPJK,Kerosene-Type Jet Fuel,EEX,Exports,MKJEXP52,West Coast (PADD 5) Exports of Kerosene-Type Jet Fuel (Thousand Barrels per Day),6,MBBL/D
1995-11,R50-Z00,PADD 5,EPJK,Kerosene-Type Jet Fuel,EEX,Exports,MKJEXP51,West Coast (PADD 5) Exports of Kerosene-Type Jet Fuel (Thousand Barrels),64,MBBL
1995-11,R50-Z00,PADD 5,EPJK,Kerosene-Type Jet Fuel,EEX,Exports,MKJEXP52,West Coast (PADD 5) Exports of Kerosene-Type Jet Fuel (Thousand Barrels per Day),2,MBBL/D
1995-12,R50-Z00,PADD 5,EPJK,Kerosene-Type Jet Fuel,EEX,Exports,MKJEXP51,West Coast (PADD 5) Exports of Kerosene-Type Jet Fuel (Thousand Barrels),121,MBBL
1995-12,R50-Z00,PADD 5,EPJK,Kerosene-Type Jet Fuel,EEX,Exports,MKJEXP52,West Coast (PADD 5) Exports of Kerosene-Type Jet Fuel (Thousand Barrels per Day),4,MBBL/D
1996-01,R50-Z00,PADD 5,EPJK,Kerosene-Type Jet Fuel,EEX,Exports,MKJEXP51,West Coast (PADD 5) Exports of Kerosene-Type Jet Fuel (Thousand Barrels),677,MBBL
1996-01,R50-Z00,PADD 5,EPJK,Kerosene-Type Jet Fuel,EEX,Exports,MKJEXP52,West Coast (PADD 5) Exports of Kerosene-Type Jet Fuel (Thousand Barrels per Day),22,MBBL/D
1996-02,R50-Z00,PADD 5,EPJK,Kerosene-Type Jet Fuel,EEX,Exports,MKJEXP51,West Coast (PADD 5) Exports of Kerosene-Type Jet Fuel (Thousand Barrels),1549,MBBL
1996-02,R50-Z00,PADD 5,EPJK,Kerosene-Type Jet Fuel,EEX,Exports,MKJEXP52,West Coast (PADD 5) Exports of Kerosene-Type Jet Fuel (Thousand Barrels per Day),53,MBBL/D
1996-03,R50-Z00,PADD 5,EPJK,Kerosene-Type Jet Fuel,EEX,Exports,MKJEXP51,West Coast (PADD 5) Exports of Kerosene-Type Jet Fuel (Thousand Barrels),755,MBBL
1996-03,R50-Z00,PADD 5,EPJK,Kerosene-Type Jet Fuel,EEX,Exports,MKJEXP52,West Coast (PADD 5) Exports of Kerosene-Type Jet Fuel (Thousand Barrels per Day),24,MBBL/D
1996-04,R50-Z00,PADD 5,EPJK,Kerosene-Type Jet Fuel,EEX,Exports,MKJEXP51,West Coast (PADD 5) Exports of Kerosene-Type Jet Fuel (Thousand Barrels),188,MBBL
1996-04,R50-Z00,PADD 5,EPJK,Kerosene-Type Jet Fuel,EEX,Exports,MKJEXP52,West Coast (PADD 5) Exports of Kerosene-Type Jet Fuel (Thousand Barrels per Day),6,MBBL/D
1996-05,R50-Z00,PADD 5,EPJK,Kerosene-Type Jet Fuel,EEX,Exports,MKJEXP51,West Coast (PADD 5) Exports of Kerosene-Type Jet Fuel (Thousand Barrels),37,MBBL
1996-05,R50-Z00,PADD 5,EPJK,Kerosene-Type Jet Fuel,EEX,Exports,MKJEXP52,West Coast (PADD 5) Exports of Kerosene-Type Jet Fuel (Thousand Barrels per Day),1,MBBL/D
1996-06,R50-Z00,PADD 5,EPJK,Kerosene-Type Jet Fuel,EEX,Exports,MKJEXP51,West Coast (PADD 5) Exports of Kerosene-Type Jet Fuel (Thousand Barrels),266,MBBL
1996-06,R50-Z00,PADD 5,EPJK,Kerosene-Type Jet Fuel,EEX,Exports,MKJEXP52,West Coast (PADD 5) Exports of Kerosene-Type Jet Fuel (Thousand Barrels per Day),9,MBBL/D
1996-07,R50-Z00,PADD 5,EPJK,Kerosene-Type Jet Fuel,EEX,Exports,MKJEXP51,West Coast (PADD 5) Exports of Kerosene-Type Jet Fuel (Thousand Barrels),241,MBBL
1996-07,R50-Z00,PADD 5,EPJK,Kerosene-Type Jet Fuel,EEX,Exports,MKJEXP52,West Coast (PADD 5) Exports of Kerosene-Type Jet Fuel (Thousand Barrels per Day),8,MBBL/D
1996-08,R50-Z00,PADD 5,EPJK,Kerosene-Type Jet Fuel,EEX,Exports,MKJEXP51,West Coast (PADD 5) Exports of Kerosene-Type Jet Fuel (Thousand Barrels),164,MBBL
1996-08,R50-Z00,PADD 5,EPJK,Kerosene-Type Jet Fuel,EEX,Exports,MKJEXP52,West Coast (PADD 5) Exports of Kerosene-Type Jet Fuel (Thousand Barrels per Day),5,MBBL/D
1996-09,R50-Z00,PADD 5,EPJK,Kerosene-Type Jet Fuel,EEX,Exports,MKJEXP51,West Coast (PADD 5) Exports of Kerosene-Type Jet Fuel (Thousand Barrels),135,MBBL
1996-09,R50-Z00,PADD 5,EPJK,Kerosene-Type Jet Fuel,EEX,Exports,MKJEXP52,West Coast (PADD 5) Exports of Kerosene-Type Jet Fuel (Thousand Barrels per Day),5,MBBL/D
1996-10,R50-Z00,PADD 5,EPJK,Kerosene-Type Jet Fuel,EEX,Exports,MKJEXP51,West Coast (PADD 5) Exports of Kerosene-Type Jet Fuel (Thousand Barrels),375,MBBL
1996-10,R50-Z00,PADD 5,EPJK,Kerosene-Type Jet Fuel,EEX,Exports,MKJEXP52,West Coast (PADD 5) Exports of Kerosene-Type Jet Fuel (Thousand Barrels per Day),12,MBBL/D
1996-11,R50-Z00,PADD 5,EPJK,Kerosene-Type Jet Fuel,EEX,Exports,MKJEXP51,West Coast (PADD 5) Exports of Kerosene-Type Jet Fuel (Thousand Barrels),693,MBBL
1996-11,R50-Z00,PADD 5,EPJK,Kerosene-Type Jet Fuel,EEX,Exports,MKJEXP52,West Coast (PADD 5) Exports of Kerosene-Type Jet Fuel (Thousand Barrels per Day),23,MBBL/D
1996-12,R50-Z00,PADD 5,EPJK,Kerosene-Type Jet Fuel,EEX,Exports,MKJEXP51,West Coast (PADD 5) Exports of Kerosene-Type Jet Fuel (Thousand Barrels),1523,MBBL
1996-12,R50-Z00,PADD 5,EPJK,Kerosene-Type Jet Fuel,EEX,Exports,MKJEXP52,West Coast (PADD 5) Exports of Kerosene-Type Jet Fuel (Thousand Barrels per Day),49,MBBL/D
1997-01,R50-Z00,PADD 5,EPJK,Kerosene-Type Jet Fuel,EEX,Exports,MKJEXP51,West Coast (PADD 5) Exports of Kerosene-Type Jet Fuel (Thousand Barrels),1292,MBBL
1997-01,R50-Z00,PADD 5,EPJK,Kerosene-Type Jet Fuel,EEX,Exports,MKJEXP52,West Coast (PADD 5) Exports of Kerosene-Type Jet Fuel (Thousand Barrels per Day),42,MBBL/D
1997-02,R50-Z00,PADD 5,EPJK,Kerosene-Type Jet Fuel,EEX,Exports,MKJEXP51,West Coast (PADD 5) Exports of Kerosene-Type Jet Fuel (Thousand Barrels),203,MBBL
1997-02,R50-Z00,PADD 5,EPJK,Kerosene-Type Jet Fuel,EEX,Exports,MKJEXP52,West Coast (PADD 5) Exports of Kerosene-Type Jet Fuel (Thousand Barrels per Day),7,MBBL/D
1997-03,R50-Z00,PADD 5,EPJK,Kerosene-Type Jet Fuel,EEX,Exports,MKJEXP51,West Coast (PADD 5) Exports of Kerosene-Type Jet Fuel (Thousand Barrels),230,MBBL
1997-03,R50-Z00,PADD 5,EPJK,Kerosene-Type Jet Fuel,EEX,Exports,MKJEXP52,West Coast (PADD 5) Exports of Kerosene-Type Jet Fuel (Thousand Barrels per Day),7,MBBL/D
1997-04,R50-Z00,PADD 5,EPJK,Kerosene-Type Jet Fuel,EEX,Exports,MKJEXP51,West Coast (PADD 5) Exports of Kerosene-Type Jet Fuel (Thousand Barrels),154,MBBL
1997-04,R50-Z00,PADD 5,EPJK,Kerosene-Type Jet Fuel,EEX,Exports,MKJEXP52,West Coast (PADD 5) Exports of Kerosene-Type Jet Fuel (Thousand Barrels per Day),5,MBBL/D
1997-05,R50-Z00,PADD 5,EPJK,Kerosene-Type Jet Fuel,EEX,Exports,MKJEXP51,West Coast (PADD 5) Exports of Kerosene-Type Jet Fuel (Thousand Barrels),177,MBBL
1997-05,R50-Z00,PADD 5,EPJK,Kerosene-Type Jet Fuel,EEX,Exports,MKJEXP52,West Coast (PADD 5) Exports of Kerosene-Type Jet Fuel (Thousand Barrels per Day),6,MBBL/D
1997-06,R50-Z00,PADD 5,EPJK,Kerosene-Type Jet Fuel,EEX,Exports,MKJEXP51,West Coast (PADD 5) Exports of Kerosene-Type Jet Fuel (Thousand Barrels),564,MBBL
1997-06,R50-Z00,PADD 5,EPJK,Kerosene-Type Jet Fuel,EEX,Exports,MKJEXP52,West Coast (PADD 5) Exports of Kerosene-Type Jet Fuel (Thousand Barrels per Day),19,MBBL/D
1997-07,R50-Z00,PADD 5,EPJK,Kerosene-Type Jet Fuel,EEX,Exports,MKJEXP51,West Coast (PADD 5) Exports of Kerosene-Type Jet Fuel (Thousand Barrels),201,MBBL
1997-07,R50-Z00,PADD 5,EPJK,Kerosene-Type Jet Fuel,EEX,Exports,MKJEXP52,West Coast (PADD 5) Exports of Kerosene-Type Jet Fuel (Thousand Barrels per Day),6,MBBL/D
1997-08,R50-Z00,PADD 5,EPJK,Kerosene-Type Jet Fuel,EEX,Exports,MKJEXP51,West Coast (PADD 5) Exports of Kerosene-Type Jet Fuel (Thousand Barrels),176,MBBL
1997-08,R50-Z00,PADD 5,EPJK,Kerosene-Type Jet Fuel,EEX,Exports,MKJEXP52,West Coast (PADD 5) Exports of Kerosene-Type Jet Fuel (Thousand Barrels per Day),6,MBBL/D
1997-09,R50-Z00,PADD 5,EPJK,Kerosene-Type Jet Fuel,EEX,Exports,MKJEXP51,West Coast (PADD 5) Exports of Kerosene-Type Jet Fuel (Thousand Barrels),175,MBBL
1997-09,R50-Z00,PADD 5,EPJK,Kerosene-Type Jet Fuel,EEX,Exports,MKJEXP52,West Coast (PADD 5) Exports of Kerosene-Type Jet Fuel (Thousand Barrels per Day),6,MBBL/D
1997-10,R50-Z00,PADD 5,EPJK,Kerosene-Type Jet Fuel,EEX,Exports,MKJEXP51,West Coast (PADD 5) Exports of Kerosene-Type Jet Fuel (Thousand Barrels),278,MBBL
1997-10,R50-Z00,PADD 5,EPJK,Kerosene-Type Jet Fuel,EEX,Exports,MKJEXP52,West Coast (PADD 5) Exports of Kerosene-Type Jet Fuel (Thousand Barrels per Day),9,MBBL/D
1997-11,R50-Z00,PADD 5,EPJK,Kerosene-Type Jet Fuel,EEX,Exports,MKJEXP51,West Coast (PADD 5) Exports of Kerosene-Type Jet Fuel (Thousand Barrels),179,MBBL
1997-11,R50-Z00,PADD 5,EPJK,Kerosene-Type Jet Fuel,EEX,Exports,MKJEXP52,West Coast (PADD 5) Exports of Kerosene-Type Jet Fuel (Thousand Barrels per Day),6,MBBL/D
1997-12,R50-Z00,PADD 5,EPJK,Kerosene-Type Jet Fuel,EEX,Exports,MKJEXP51,West Coast (PADD 5) Exports of Kerosene-Type Jet Fuel (Thousand Barrels),279,MBBL
1997-12,R50-Z00,PADD 5,EPJK,Kerosene-Type Jet Fuel,EEX,Exports,MKJEXP52,West Coast (PADD 5) Exports of Kerosene-Type Jet Fuel (Thousand Barrels per Day),9,MBBL/D
1998-01,R50-Z00,PADD 5,EPJK,Kerosene-Type Jet Fuel,EEX,Exports,MKJEXP51,West Coast (PADD 5) Exports of Kerosene-Type Jet Fuel (Thousand Barrels),382,MBBL
1998-01,R50-Z00,PADD 5,EPJK,Kerosene-Type Jet Fuel,EEX,Exports,MKJEXP52,West Coast (PADD 5) Exports of Kerosene-Type Jet Fuel (Thousand Barrels per Day),12,MBBL/D
1998-02,R50-Z00,PADD 5,EPJK,Kerosene-Type Jet Fuel,EEX,Exports,MKJEXP51,West Coast (PADD 5) Exports of Kerosene-Type Jet Fuel (Thousand Barrels),213,MBBL
1998-02,R50-Z00,PADD 5,EPJK,Kerosene-Type Jet Fuel,EEX,Exports,MKJEXP52,West Coast (PADD 5) Exports of Kerosene-Type Jet Fuel (Thousand Barrels per Day),8,MBBL/D
1998-03,R50-Z00,PADD 5,EPJK,Kerosene-Type Jet Fuel,EEX,Exports,MKJEXP51,West Coast (PADD 5) Exports of Kerosene-Type Jet Fuel (Thousand Barrels),341,MBBL
1998-03,R50-Z00,PADD 5,EPJK,Kerosene-Type Jet Fuel,EEX,Exports,MKJEXP52,West Coast (PADD 5) Exports of Kerosene-Type Jet Fuel (Thousand Barrels per Day),11,MBBL/D
1998-04,R50-Z00,PADD 5,EPJK,Kerosene-Type Jet Fuel,EEX,Exports,MKJEXP51,West Coast (PADD 5) Exports of Kerosene-Type Jet Fuel (Thousand Barrels),501,MBBL
1998-04,R50-Z00,PADD 5,EPJK,Kerosene-Type Jet Fuel,EEX,Exports,MKJEXP52,West Coast (PADD 5) Exports of Kerosene-Type Jet Fuel (Thousand Barrels per Day),17,MBBL/D
1998-05,R50-Z00,PADD 5,EPJK,Kerosene-Type Jet Fuel,EEX,Exports,MKJEXP51,West Coast (PADD 5) Exports of Kerosene-Type Jet Fuel (Thousand Barrels),267,MBBL
1998-05,R50-Z00,PADD 5,EPJK,Kerosene-Type Jet Fuel,EEX,Exports,MKJEXP52,West Coast (PADD 5) Exports of Kerosene-Type Jet Fuel (Thousand Barrels per Day),9,MBBL/D
1998-06,R50-Z00,PADD 5,EPJK,Kerosene-Type Jet Fuel,EEX,Exports,MKJEXP51,West Coast (PADD 5) Exports of Kerosene-Type Jet Fuel (Thousand Barrels),434,MBBL
1998-06,R50-Z00,PADD 5,EPJK,Kerosene-Type Jet Fuel,EEX,Exports,MKJEXP52,West Coast (PADD 5) Exports of Kerosene-Type Jet Fuel (Thousand Barrels per Day),14,MBBL/D
1998-07,R50-Z00,PADD 5,EPJK,Kerosene-Type Jet Fuel,EEX,Exports,MKJEXP51,West Coast (PADD 5) Exports of Kerosene-Type Jet Fuel (Thousand Barrels),134,MBBL
1998-07,R50-Z00,PADD 5,EPJK,Kerosene-Type Jet Fuel,EEX,Exports,MKJEXP52,West Coast (PADD 5) Exports of Kerosene-Type Jet Fuel (Thousand Barrels per Day),4,MBBL/D
1998-08,R50-Z00,PADD 5,EPJK,Kerosene-Type Jet Fuel,EEX,Exports,MKJEXP51,West Coast (PADD 5) Exports of Kerosene-Type Jet Fuel (Thousand Barrels),177,MBBL
1998-08,R50-Z00,PADD 5,EPJK,Kerosene-Type Jet Fuel,EEX,Exports,MKJEXP52,West Coast (PADD 5) Exports of Kerosene-Type Jet Fuel (Thousand Barrels per Day),6,MBBL/D
1998-09,R50-Z00,PADD 5,EPJK,Kerosene-Type Jet Fuel,EEX,Exports,MKJEXP51,West Coast (PADD 5) Exports of Kerosene-Type Jet Fuel (Thousand Barrels),453,MBBL
1998-09,R50-Z00,PADD 5,EPJK,Kerosene-Type Jet Fuel,EEX,Exports,MKJEXP52,West Coast (PADD 5) Exports of Kerosene-Type Jet Fuel (Thousand Barrels per Day),15,MBBL/D
1998-10,R50-Z00,PADD 5,EPJK,Kerosene-Type Jet Fuel,EEX,Exports,MKJEXP51,West Coast (PADD 5) Exports of Kerosene-Type Jet Fuel (Thousand Barrels),375,MBBL
1998-10,R50-Z00,PADD 5,EPJK,Kerosene-Type Jet Fuel,EEX,Exports,MKJEXP52,West Coast (PADD 5) Exports of Kerosene-Type Jet Fuel (Thousand Barrels per Day),12,MBBL/D
1998-11,R50-Z00,PADD 5,EPJK,Kerosene-Type Jet Fuel,EEX,Exports,MKJEXP51,West Coast (PADD 5) Exports of Kerosene-Type Jet Fuel (Thousand Barrels),94,MBBL
1998-11,R50-Z00,PADD 5,EPJK,Kerosene-Type Jet Fuel,EEX,Exports,MKJEXP52,West Coast (PADD 5) Exports of Kerosene-Type Jet Fuel (Thousand Barrels per Day),3,MBBL/D
1998-12,R50-Z00,PADD 5,EPJK,Kerosene-Type Jet Fuel,EEX,Exports,MKJEXP51,West Coast (PADD 5) Exports of Kerosene-Type Jet Fuel (Thousand Barrels),131,MBBL
1998-12,R50-Z00,PADD 5,EPJK,Kerosene-Type Jet Fuel,EEX,Exports,MKJEXP52,West Coast (PADD 5) Exports of Kerosene-Type Jet Fuel (Thousand Barrels per Day),4,MBBL/D
1999-01,R50-Z00,PADD 5,EPJK,Kerosene-Type Jet Fuel,EEX,Exports,MKJEXP51,West Coast (PADD 5) Exports of Kerosene-Type Jet Fuel (Thousand Barrels),215,MBBL
1999-01,R50-Z00,PADD 5,EPJK,Kerosene-Type Jet Fuel,EEX,Exports,MKJEXP52,West Coast (PADD 5) Exports of Kerosene-Type Jet Fuel (Thousand Barrels per Day),7,MBBL/D
1999-02,R50-Z00,PADD 5,EPJK,Kerosene-Type Jet Fuel,EEX,Exports,MKJEXP51,West Coast (PADD 5) Exports of Kerosene-Type Jet Fuel (Thousand Barrels),62,MBBL
1999-02,R50-Z00,PADD 5,EPJK,Kerosene-Type Jet Fuel,EEX,Exports,MKJEXP52,West Coast (PADD 5) Exports of Kerosene-Type Jet Fuel (Thousand Barrels per Day),2,MBBL/D
1999-03,R50-Z00,PADD 5,EPJK,Kerosene-Type Jet Fuel,EEX,Exports,MKJEXP51,West Coast (PADD 5) Exports of Kerosene-Type Jet Fuel (Thousand Barrels),145,MBBL
1999-03,R50-Z00,PADD 5,EPJK,Kerosene-Type Jet Fuel,EEX,Exports,MKJEXP52,West Coast (PADD 5) Exports of Kerosene-Type Jet Fuel (Thousand Barrels per Day),5,MBBL/D
1999-04,R50-Z00,PADD 5,EPJK,Kerosene-Type Jet Fuel,EEX,Exports,MKJEXP51,West Coast (PADD 5) Exports of Kerosene-Type Jet Fuel (Thousand Barrels),54,MBBL
1999-04,R50-Z00,PADD 5,EPJK,Kerosene-Type Jet Fuel,EEX,Exports,MKJEXP52,West Coast (PADD 5) Exports of Kerosene-Type Jet Fuel (Thousand Barrels per Day),2,MBBL/D
1999-05,R50-Z00,PADD 5,EPJK,Kerosene-Type Jet Fuel,EEX,Exports,MKJEXP51,West Coast (PADD 5) Exports of Kerosene-Type Jet Fuel (Thousand Barrels),92,MBBL
1999-05,R50-Z00,PADD 5,EPJK,Kerosene-Type Jet Fuel,EEX,Exports,MKJEXP52,West Coast (PADD 5) Exports of Kerosene-Type Jet Fuel (Thousand Barrels per Day),3,MBBL/D
1999-06,R50-Z00,PADD 5,EPJK,Kerosene-Type Jet Fuel,EEX,Exports,MKJEXP51,West Coast (PADD 5) Exports of Kerosene-Type Jet Fuel (Thousand Barrels),110,MBBL
1999-06,R50-Z00,PADD 5,EPJK,Kerosene-Type Jet Fuel,EEX,Exports,MKJEXP52,West Coast (PADD 5) Exports of Kerosene-Type Jet Fuel (Thousand Barrels per Day),4,MBBL/D
1999-07,R50-Z00,PADD 5,EPJK,Kerosene-Type Jet Fuel,EEX,Exports,MKJEXP51,West Coast (PADD 5) Exports of Kerosene-Type Jet Fuel (Thousand Barrels),254,MBBL
1999-07,R50-Z00,PADD 5,EPJK,Kerosene-Type Jet Fuel,EEX,Exports,MKJEXP52,West Coast (PADD 5) Exports of Kerosene-Type Jet Fuel (Thousand Barrels per Day),8,MBBL/D
1999-08,R50-Z00,PADD 5,EPJK,Kerosene-Type Jet Fuel,EEX,Exports,MKJEXP51,West Coast (PADD 5) Exports of Kerosene-Type Jet Fuel (Thousand Barrels),181,MBBL
1999-08,R50-Z00,PADD 5,EPJK,Kerosene-Type Jet Fuel,EEX,Exports,MKJEXP52,West Coast (PADD 5) Exports of Kerosene-Type Jet Fuel (Thousand Barrels per Day),6,MBBL/D
1999-09,R50-Z00,PADD 5,EPJK,Kerosene-Type Jet Fuel,EEX,Exports,MKJEXP51,West Coast (PADD 5) Exports of Kerosene-Type Jet Fuel (Thousand Barrels),340,MBBL
1999-09,R50-Z00,PADD 5,EPJK,Kerosene-Type Jet Fuel,EEX,Exports,MKJEXP52,West Coast (PADD 5) Exports of Kerosene-Type Jet Fuel (Thousand Barrels per Day),11,MBBL/D
1999-10,R50-Z00,PADD 5,EPJK,Kerosene-Type Jet Fuel,EEX,Exports,MKJEXP51,West Coast (PADD 5) Exports of Kerosene-Type Jet Fuel (Thousand Barrels),167,MBBL
1999-10,R50-Z00,PADD 5,EPJK,Kerosene-Type Jet Fuel,EEX,Exports,MKJEXP52,West Coast (PADD 5) Exports of Kerosene-Type Jet Fuel (Thousand Barrels per Day),5,MBBL/D
1999-11,R50-Z00,PADD 5,EPJK,Kerosene-Type Jet Fuel,EEX,Exports,MKJEXP51,West Coast (PADD 5) Exports of Kerosene-Type Jet Fuel (Thousand Barrels),423,MBBL
1999-11,R50-Z00,PADD 5,EPJK,Kerosene-Type Jet Fuel,EEX,Exports,MKJEXP52,West Coast (PADD 5) Exports of Kerosene-Type Jet Fuel (Thousand Barrels per Day),14,MBBL/D
1999-12,R50-Z00,PADD 5,EPJK,Kerosene-Type Jet Fuel,EEX,Exports,MKJEXP51,West Coast (PADD 5) Exports of Kerosene-Type Jet Fuel (Thousand Barrels),496,MBBL
1999-12,R50-Z00,PADD 5,EPJK,Kerosene-Type Jet Fuel,EEX,Exports,MKJEXP52,West Coast (PADD 5) Exports of Kerosene-Type Jet Fuel (Thousand Barrels per Day),16,MBBL/D
2000-01,R50-Z00,PADD 5,EPJK,Kerosene-Type Jet Fuel,EEX,Exports,MKJEXP51,West Coast (PADD 5) Exports of Kerosene-Type Jet Fuel (Thousand Barrels),305,MBBL
2000-01,R50-Z00,PADD 5,EPJK,Kerosene-Type Jet Fuel,EEX,Exports,MKJEXP52,West Coast (PADD 5) Exports of Kerosene-Type Jet Fuel (Thousand Barrels per Day),10,MBBL/D
2000-02,R50-Z00,PADD 5,EPJK,Kerosene-Type Jet Fuel,EEX,Exports,MKJEXP51,West Coast (PADD 5) Exports of Kerosene-Type Jet Fuel (Thousand Barrels),232,MBBL
2000-02,R50-Z00,PADD 5,EPJK,Kerosene-Type Jet Fuel,EEX,Exports,MKJEXP52,West Coast (PADD 5) Exports of Kerosene-Type Jet Fuel (Thousand Barrels per Day),8,MBBL/D
2000-03,R50-Z00,PADD 5,EPJK,Kerosene-Type Jet Fuel,EEX,Exports,MKJEXP51,West Coast (PADD 5) Exports of Kerosene-Type Jet Fuel (Thousand Barrels),281,MBBL
2000-03,R50-Z00,PADD 5,EPJK,Kerosene-Type Jet Fuel,EEX,Exports,MKJEXP52,West Coast (PADD 5) Exports of Kerosene-Type Jet Fuel (Thousand Barrels per Day),9,MBBL/D
2000-04,R50-Z00,PADD 5,EPJK,Kerosene-Type Jet Fuel,EEX,Exports,MKJEXP51,West Coast (PADD 5) Exports of Kerosene-Type Jet Fuel (Thousand Barrels),204,MBBL
2000-04,R50-Z00,PADD 5,EPJK,Kerosene-Type Jet Fuel,EEX,Exports,MKJEXP52,West Coast (PADD 5) Exports of Kerosene-Type Jet Fuel (Thousand Barrels per Day),7,MBBL/D
2000-05,R50-Z00,PADD 5,EPJK,Kerosene-Type Jet Fuel,EEX,Exports,MKJEXP51,West Coast (PADD 5) Exports of Kerosene-Type Jet Fuel (Thousand Barrels),464,MBBL
2000-05,R50-Z00,PADD 5,EPJK,Kerosene-Type Jet Fuel,EEX,Exports,MKJEXP52,West Coast (PADD 5) Exports of Kerosene-Type Jet Fuel (Thousand Barrels per Day),15,MBBL/D
2000-06,R50-Z00,PADD 5,EPJK,Kerosene-Type Jet Fuel,EEX,Exports,MKJEXP51,West Coast (PADD 5) Exports of Kerosene-Type Jet Fuel (Thousand Barrels),145,MBBL
2000-06,R50-Z00,PADD 5,EPJK,Kerosene-Type Jet Fuel,EEX,Exports,MKJEXP52,West Coast (PADD 5) Exports of Kerosene-Type Jet Fuel (Thousand Barrels per Day),5,MBBL/D
2000-07,R50-Z00,PADD 5,EPJK,Kerosene-Type Jet Fuel,EEX,Exports,MKJEXP51,West Coast (PADD 5) Exports of Kerosene-Type Jet Fuel (Thousand Barrels),224,MBBL
2000-07,R50-Z00,PADD 5,EPJK,Kerosene-Type Jet Fuel,EEX,Exports,MKJEXP52,West Coast (PADD 5) Exports of Kerosene-Type Jet Fuel (Thousand Barrels per Day),7,MBBL/D
2000-08,R50-Z00,PADD 5,EPJK,Kerosene-Type Jet Fuel,EEX,Exports,MKJEXP51,West Coast (PADD 5) Exports of Kerosene-Type Jet Fuel (Thousand Barrels),236,MBBL
2000-08,R50-Z00,PADD 5,EPJK,Kerosene-Type Jet Fuel,EEX,Exports,MKJEXP52,West Coast (PADD 5) Exports of Kerosene-Type Jet Fuel (Thousand Barrels per Day),8,MBBL/D
2000-09,R50-Z00,PADD 5,EPJK,Kerosene-Type Jet Fuel,EEX,Exports,MKJEXP51,West Coast (PADD 5) Exports of Kerosene-Type Jet Fuel (Thousand Barrels),297,MBBL
2000-09,R50-Z00,PADD 5,EPJK,Kerosene-Type Jet Fuel,EEX,Exports,MKJEXP52,West Coast (PADD 5) Exports of Kerosene-Type Jet Fuel (Thousand Barrels per Day),10,MBBL/D
2000-10,R50-Z00,PADD 5,EPJK,Kerosene-Type Jet Fuel,EEX,Exports,MKJEXP51,West Coast (PADD 5) Exports of Kerosene-Type Jet Fuel (Thousand Barrels),387,MBBL
2000-10,R50-Z00,PADD 5,EPJK,Kerosene-Type Jet Fuel,EEX,Exports,MKJEXP52,West Coast (PADD 5) Exports of Kerosene-Type Jet Fuel (Thousand Barrels per Day),12,MBBL/D
2000-11,R50-Z00,PADD 5,EPJK,Kerosene-Type Jet Fuel,EEX,Exports,MKJEXP51,West Coast (PADD 5) Exports of Kerosene-Type Jet Fuel (Thousand Barrels),288,MBBL
2000-11,R50-Z00,PADD 5,EPJK,Kerosene-Type Jet Fuel,EEX,Exports,MKJEXP52,West Coast (PADD 5) Exports of Kerosene-Type Jet Fuel (Thousand Barrels per Day),10,MBBL/D
2000-12,R50-Z00,PADD 5,EPJK,Kerosene-Type Jet Fuel,EEX,Exports,MKJEXP51,West Coast (PADD 5) Exports of Kerosene-Type Jet Fuel (Thousand Barrels),318,MBBL
2000-12,R50-Z00,PADD 5,EPJK,Kerosene-Type Jet Fuel,EEX,Exports,MKJEXP52,West Coast (PADD 5) Exports of Kerosene-Type Jet Fuel (Thousand Barrels per Day),10,MBBL/D
2001-01,R50-Z00,PADD 5,EPJK,Kerosene-Type Jet Fuel,EEX,Exports,MKJEXP51,West Coast (PADD 5) Exports of Kerosene-Type Jet Fuel (Thousand Barrels),341,MBBL
2001-01,R50-Z00,PADD 5,EPJK,Kerosene-Type Jet Fuel,EEX,Exports,MKJEXP52,West Coast (PADD 5) Exports of Kerosene-Type Jet Fuel (Thousand Barrels per Day),11,MBBL/D
2001-02,R50-Z00,PADD 5,EPJK,Kerosene-Type Jet Fuel,EEX,Exports,MKJEXP51,West Coast (PADD 5) Exports of Kerosene-Type Jet Fuel (Thousand Barrels),262,MBBL
2001-02,R50-Z00,PADD 5,EPJK,Kerosene-Type Jet Fuel,EEX,Exports,MKJEXP52,West Coast (PADD 5) Exports of Kerosene-Type Jet Fuel (Thousand Barrels per Day),9,MBBL/D
2001-03,R50-Z00,PADD 5,EPJK,Kerosene-Type Jet Fuel,EEX,Exports,MKJEXP51,West Coast (PADD 5) Exports of Kerosene-Type Jet Fuel (Thousand Barrels),304,MBBL
2001-03,R50-Z00,PADD 5,EPJK,Kerosene-Type Jet Fuel,EEX,Exports,MKJEXP52,West Coast (PADD 5) Exports of Kerosene-Type Jet Fuel (Thousand Barrels per Day),10,MBBL/D
2001-04,R50-Z00,PADD 5,EPJK,Kerosene-Type Jet Fuel,EEX,Exports,MKJEXP51,West Coast (PADD 5) Exports of Kerosene-Type Jet Fuel (Thousand Barrels),173,MBBL
2001-04,R50-Z00,PADD 5,EPJK,Kerosene-Type Jet Fuel,EEX,Exports,MKJEXP52,West Coast (PADD 5) Exports of Kerosene-Type Jet Fuel (Thousand Barrels per Day),6,MBBL/D
2001-05,R50-Z00,PADD 5,EPJK,Kerosene-Type Jet Fuel,EEX,Exports,MKJEXP51,West Coast (PADD 5) Exports of Kerosene-Type Jet Fuel (Thousand Barrels),269,MBBL
2001-05,R50-Z00,PADD 5,EPJK,Kerosene-Type Jet Fuel,EEX,Exports,MKJEXP52,West Coast (PADD 5) Exports of Kerosene-Type Jet Fuel (Thousand Barrels per Day),9,MBBL/D
2001-06,R50-Z00,PADD 5,EPJK,Kerosene-Type Jet Fuel,EEX,Exports,MKJEXP51,West Coast (PADD 5) Exports of Kerosene-Type Jet Fuel (Thousand Barrels),222,MBBL
2001-06,R50-Z00,PADD 5,EPJK,Kerosene-Type Jet Fuel,EEX,Exports,MKJEXP52,West Coast (PADD 5) Exports of Kerosene-Type Jet Fuel (Thousand Barrels per Day),7,MBBL/D
2001-07,R50-Z00,PADD 5,EPJK,Kerosene-Type Jet Fuel,EEX,Exports,MKJEXP51,West Coast (PADD 5) Exports of Kerosene-Type Jet Fuel (Thousand Barrels),181,MBBL
2001-07,R50-Z00,PADD 5,EPJK,Kerosene-Type Jet Fuel,EEX,Exports,MKJEXP52,West Coast (PADD 5) Exports of Kerosene-Type Jet Fuel (Thousand Barrels per Day),6,MBBL/D
2001-08,R50-Z00,PADD 5,EPJK,Kerosene-Type Jet Fuel,EEX,Exports,MKJEXP51,West Coast (PADD 5) Exports of Kerosene-Type Jet Fuel (Thousand Barrels),343,MBBL
2001-08,R50-Z00,PADD 5,EPJK,Kerosene-Type Jet Fuel,EEX,Exports,MKJEXP52,West Coast (PADD 5) Exports of Kerosene-Type Jet Fuel (Thousand Barrels per Day),11,MBBL/D
2001-09,R50-Z00,PADD 5,EPJK,Kerosene-Type Jet Fuel,EEX,Exports,MKJEXP51,West Coast (PADD 5) Exports of Kerosene-Type Jet Fuel (Thousand Barrels),193,MBBL
2001-09,R50-Z00,PADD 5,EPJK,Kerosene-Type Jet Fuel,EEX,Exports,MKJEXP52,West Coast (PADD 5) Exports of Kerosene-Type Jet Fuel (Thousand Barrels per Day),6,MBBL/D
2001-10,R50-Z00,PADD 5,EPJK,Kerosene-Type Jet Fuel,EEX,Exports,MKJEXP51,West Coast (PADD 5) Exports of Kerosene-Type Jet Fuel (Thousand Barrels),118,MBBL
2001-10,R50-Z00,PADD 5,EPJK,Kerosene-Type Jet Fuel,EEX,Exports,MKJEXP52,West Coast (PADD 5) Exports of Kerosene-Type Jet Fuel (Thousand Barrels per Day),4,MBBL/D
2001-11,R50-Z00,PADD 5,EPJK,Kerosene-Type Jet Fuel,EEX,Exports,MKJEXP51,West Coast (PADD 5) Exports of Kerosene-Type Jet Fuel (Thousand Barrels),396,MBBL
2001-11,R50-Z00,PADD 5,EPJK,Kerosene-Type Jet Fuel,EEX,Exports,MKJEXP52,West Coast (PADD 5) Exports of Kerosene-Type Jet Fuel (Thousand Barrels per Day),13,MBBL/D
2001-12,R50-Z00,PADD 5,EPJK,Kerosene-Type Jet Fuel,EEX,Exports,MKJEXP51,West Coast (PADD 5) Exports of Kerosene-Type Jet Fuel (Thousand Barrels),103,MBBL
2001-12,R50-Z00,PADD 5,EPJK,Kerosene-Type Jet Fuel,EEX,Exports,MKJEXP52,West Coast (PADD 5) Exports of Kerosene-Type Jet Fuel (Thousand Barrels per Day),3,MBBL/D
2002-01,R50-Z00,PADD 5,EPJK,Kerosene-Type Jet Fuel,EEX,Exports,MKJEXP51,West Coast (PADD 5) Exports of Kerosene-Type Jet Fuel (Thousand Barrels),0,MBBL
2002-01,R50-Z00,PADD 5,EPJK,Kerosene-Type Jet Fuel,EEX,Exports,MKJEXP52,West Coast (PADD 5) Exports of Kerosene-Type Jet Fuel (Thousand Barrels per Day),0,MBBL/D
2002-10,R50-Z00,PADD 5,EPJK,Kerosene-Type Jet Fuel,EEX,Exports,MKJEXP51,West Coast (PADD 5) Exports of Kerosene-Type Jet Fuel (Thousand Barrels),0,MBBL
2002-10,R50-Z00,PADD 5,EPJK,Kerosene-Type Jet Fuel,EEX,Exports,MKJEXP52,West Coast (PADD 5) Exports of Kerosene-Type Jet Fuel (Thousand Barrels per Day),0,MBBL/D
2003-01,R50-Z00,PADD 5,EPJK,Kerosene-Type Jet Fuel,EEX,Exports,MKJEXP51,West Coast (PADD 5) Exports of Kerosene-Type Jet Fuel (Thousand Barrels),0,MBBL
2003-02,R50-Z00,PADD 5,EPJK,Kerosene-Type Jet Fuel,EEX,Exports,MKJEXP51,West Coast (PADD 5) Exports of Kerosene-Type Jet Fuel (Thousand Barrels),0,MBBL
2003-02,R50-Z00,PADD 5,EPJK,Kerosene-Type Jet Fuel,EEX,Exports,MKJEXP52,West Coast (PADD 5) Exports of Kerosene-Type Jet Fuel (Thousand Barrels per Day),0,MBBL/D
2003-03,R50-Z00,PADD 5,EPJK,Kerosene-Type Jet Fuel,EEX,Exports,MKJEXP51,West Coast (PADD 5) Exports of Kerosene-Type Jet Fuel (Thousand Barrels),161,MBBL
2003-03,R50-Z00,PADD 5,EPJK,Kerosene-Type Jet Fuel,EEX,Exports,MKJEXP52,West Coast (PADD 5) Exports of Kerosene-Type Jet Fuel (Thousand Barrels per Day),5,MBBL/D
2003-04,R50-Z00,PADD 5,EPJK,Kerosene-Type Jet Fuel,EEX,Exports,MKJEXP51,West Coast (PADD 5) Exports of Kerosene-Type Jet Fuel (Thousand Barrels),689,MBBL
2003-04,R50-Z00,PADD 5,EPJK,Kerosene-Type Jet Fuel,EEX,Exports,MKJEXP52,West Coast (PADD 5) Exports of Kerosene-Type Jet Fuel (Thousand Barrels per Day),23,MBBL/D
2003-05,R50-Z00,PADD 5,EPJK,Kerosene-Type Jet Fuel,EEX,Exports,MKJEXP51,West Coast (PADD 5) Exports of Kerosene-Type Jet Fuel (Thousand Barrels),472,MBBL
2003-05,R50-Z00,PADD 5,EPJK,Kerosene-Type Jet Fuel,EEX,Exports,MKJEXP52,West Coast (PADD 5) Exports of Kerosene-Type Jet Fuel (Thousand Barrels per Day),15,MBBL/D
2003-06,R50-Z00,PADD 5,EPJK,Kerosene-Type Jet Fuel,EEX,Exports,MKJEXP51,West Coast (PADD 5) Exports of Kerosene-Type Jet Fuel (Thousand Barrels),165,MBBL
2003-06,R50-Z00,PADD 5,EPJK,Kerosene-Type Jet Fuel,EEX,Exports,MKJEXP52,West Coast (PADD 5) Exports of Kerosene-Type Jet Fuel (Thousand Barrels per Day),5,MBBL/D
2003-07,R50-Z00,PADD 5,EPJK,Kerosene-Type Jet Fuel,EEX,Exports,MKJEXP51,West Coast (PADD 5) Exports of Kerosene-Type Jet Fuel (Thousand Barrels),171,MBBL
2003-07,R50-Z00,PADD 5,EPJK,Kerosene-Type Jet Fuel,EEX,Exports,MKJEXP52,West Coast (PADD 5) Exports of Kerosene-Type Jet Fuel (Thousand Barrels per Day),6,MBBL/D
2003-08,R50-Z00,PADD 5,EPJK,Kerosene-Type Jet Fuel,EEX,Exports,MKJEXP51,West Coast (PADD 5) Exports of Kerosene-Type Jet Fuel (Thousand Barrels),199,MBBL
2003-08,R50-Z00,PADD 5,EPJK,Kerosene-Type Jet Fuel,EEX,Exports,MKJEXP52,West Coast (PADD 5) Exports of Kerosene-Type Jet Fuel (Thousand Barrels per Day),6,MBBL/D
2003-09,R50-Z00,PADD 5,EPJK,Kerosene-Type Jet Fuel,EEX,Exports,MKJEXP51,West Coast (PADD 5) Exports of Kerosene-Type Jet Fuel (Thousand Barrels),274,MBBL
2003-09,R50-Z00,PADD 5,EPJK,Kerosene-Type Jet Fuel,EEX,Exports,MKJEXP52,West Coast (PADD 5) Exports of Kerosene-Type Jet Fuel (Thousand Barrels per Day),9,MBBL/D
2003-10,R50-Z00,PADD 5,EPJK,Kerosene-Type Jet Fuel,EEX,Exports,MKJEXP51,West Coast (PADD 5) Exports of Kerosene-Type Jet Fuel (Thousand Barrels),742,MBBL
2003-10,R50-Z00,PADD 5,EPJK,Kerosene-Type Jet Fuel,EEX,Exports,MKJEXP52,West Coast (PADD 5) Exports of Kerosene-Type Jet Fuel (Thousand Barrels per Day),24,MBBL/D
2003-11,R50-Z00,PADD 5,EPJK,Kerosene-Type Jet Fuel,EEX,Exports,MKJEXP51,West Coast (PADD 5) Exports of Kerosene-Type Jet Fuel (Thousand Barrels),250,MBBL
2003-11,R50-Z00,PADD 5,EPJK,Kerosene-Type Jet Fuel,EEX,Exports,MKJEXP52,West Coast (PADD 5) Exports of Kerosene-Type Jet Fuel (Thousand Barrels per Day),8,MBBL/D
2003-12,R50-Z00,PADD 5,EPJK,Kerosene-Type Jet Fuel,EEX,Exports,MKJEXP51,West Coast (PADD 5) Exports of Kerosene-Type Jet Fuel (Thousand Barrels),168,MBBL
2003-12,R50-Z00,PADD 5,EPJK,Kerosene-Type Jet Fuel,EEX,Exports,MKJEXP52,West Coast (PADD 5) Exports of Kerosene-Type Jet Fuel (Thousand Barrels per Day),5,MBBL/D
2004-01,R50-Z00,PADD 5,EPJK,Kerosene-Type Jet Fuel,EEX,Exports,MKJEXP51,West Coast (PADD 5) Exports of Kerosene-Type Jet Fuel (Thousand Barrels),332,MBBL
2004-01,R50-Z00,PADD 5,EPJK,Kerosene-Type Jet Fuel,EEX,Exports,MKJEXP52,West Coast (PADD 5) Exports of Kerosene-Type Jet Fuel (Thousand Barrels per Day),11,MBBL/D
2004-02,R50-Z00,PADD 5,EPJK,Kerosene-Type Jet Fuel,EEX,Exports,MKJEXP51,West Coast (PADD 5) Exports of Kerosene-Type Jet Fuel (Thousand Barrels),124,MBBL
2004-02,R50-Z00,PADD 5,EPJK,Kerosene-Type Jet Fuel,EEX,Exports,MKJEXP52,West Coast (PADD 5) Exports of Kerosene-Type Jet Fuel (Thousand Barrels per Day),4,MBBL/D
2004-03,R50-Z00,PADD 5,EPJK,Kerosene-Type Jet Fuel,EEX,Exports,MKJEXP51,West Coast (PADD 5) Exports of Kerosene-Type Jet Fuel (Thousand Barrels),819,MBBL
2004-03,R50-Z00,PADD 5,EPJK,Kerosene-Type Jet Fuel,EEX,Exports,MKJEXP52,West Coast (PADD 5) Exports of Kerosene-Type Jet Fuel (Thousand Barrels per Day),26,MBBL/D
2004-04,R50-Z00,PADD 5,EPJK,Kerosene-Type Jet Fuel,EEX,Exports,MKJEXP51,West Coast (PADD 5) Exports of Kerosene-Type Jet Fuel (Thousand Barrels),517,MBBL
2004-04,R50-Z00,PADD 5,EPJK,Kerosene-Type Jet Fuel,EEX,Exports,MKJEXP52,West Coast (PADD 5) Exports of Kerosene-Type Jet Fuel (Thousand Barrels per Day),17,MBBL/D
2004-05,R50-Z00,PADD 5,EPJK,Kerosene-Type Jet Fuel,EEX,Exports,MKJEXP51,West Coast (PADD 5) Exports of Kerosene-Type Jet Fuel (Thousand Barrels),526,MBBL
2004-05,R50-Z00,PADD 5,EPJK,Kerosene-Type Jet Fuel,EEX,Exports,MKJEXP52,West Coast (PADD 5) Exports of Kerosene-Type Jet Fuel (Thousand Barrels per Day),17,MBBL/D
2004-06,R50-Z00,PADD 5,EPJK,Kerosene-Type Jet Fuel,EEX,Exports,MKJEXP51,West Coast (PADD 5) Exports of Kerosene-Type Jet Fuel (Thousand Barrels),305,MBBL
2004-06,R50-Z00,PADD 5,EPJK,Kerosene-Type Jet Fuel,EEX,Exports,MKJEXP52,West Coast (PADD 5) Exports of Kerosene-Type Jet Fuel (Thousand Barrels per Day),10,MBBL/D
2004-07,R50-Z00,PADD 5,EPJK,Kerosene-Type Jet Fuel,EEX,Exports,MKJEXP51,West Coast (PADD 5) Exports of Kerosene-Type Jet Fuel (Thousand Barrels),273,MBBL
2004-07,R50-Z00,PADD 5,EPJK,Kerosene-Type Jet Fuel,EEX,Exports,MKJEXP52,West Coast (PADD 5) Exports of Kerosene-Type Jet Fuel (Thousand Barrels per Day),9,MBBL/D
2004-08,R50-Z00,PADD 5,EPJK,Kerosene-Type Jet Fuel,EEX,Exports,MKJEXP51,West Coast (PADD 5) Exports of Kerosene-Type Jet Fuel (Thousand Barrels),799,MBBL
2004-08,R50-Z00,PADD 5,EPJK,Kerosene-Type Jet Fuel,EEX,Exports,MKJEXP52,West Coast (PADD 5) Exports of Kerosene-Type Jet Fuel (Thousand Barrels per Day),26,MBBL/D
2004-09,R50-Z00,PADD 5,EPJK,Kerosene-Type Jet Fuel,EEX,Exports,MKJEXP51,West Coast (PADD 5) Exports of Kerosene-Type Jet Fuel (Thousand Barrels),477,MBBL
2004-09,R50-Z00,PADD 5,EPJK,Kerosene-Type Jet Fuel,EEX,Exports,MKJEXP52,West Coast (PADD 5) Exports of Kerosene-Type Jet Fuel (Thousand Barrels per Day),16,MBBL/D
2004-10,R50-Z00,PADD 5,EPJK,Kerosene-Type Jet Fuel,EEX,Exports,MKJEXP51,West Coast (PADD 5) Exports of Kerosene-Type Jet Fuel (Thousand Barrels),1381,MBBL
2004-10,R50-Z00,PADD 5,EPJK,Kerosene-Type Jet Fuel,EEX,Exports,MKJEXP52,West Coast (PADD 5) Exports of Kerosene-Type Jet Fuel (Thousand Barrels per Day),45,MBBL/D
2004-11,R50-Z00,PADD 5,EPJK,Kerosene-Type Jet Fuel,EEX,Exports,MKJEXP51,West Coast (PADD 5) Exports of Kerosene-Type Jet Fuel (Thousand Barrels),829,MBBL
2004-11,R50-Z00,PADD 5,EPJK,Kerosene-Type Jet Fuel,EEX,Exports,MKJEXP52,West Coast (PADD 5) Exports of Kerosene-Type Jet Fuel (Thousand Barrels per Day),28,MBBL/D
2004-12,R50-Z00,PADD 5,EPJK,Kerosene-Type Jet Fuel,EEX,Exports,MKJEXP51,West Coast (PADD 5) Exports of Kerosene-Type Jet Fuel (Thousand Barrels),438,MBBL
2004-12,R50-Z00,PADD 5,EPJK,Kerosene-Type Jet Fuel,EEX,Exports,MKJEXP52,West Coast (PADD 5) Exports of Kerosene-Type Jet Fuel (Thousand Barrels per Day),14,MBBL/D
2005-01,R50-Z00,PADD 5,EPJK,Kerosene-Type Jet Fuel,EEX,Exports,MKJEXP51,West Coast (PADD 5) Exports of Kerosene-Type Jet Fuel (Thousand Barrels),687,MBBL
2005-01,R50-Z00,PADD 5,EPJK,Kerosene-Type Jet Fuel,EEX,Exports,MKJEXP52,West Coast (PADD 5) Exports of Kerosene-Type Jet Fuel (Thousand Barrels per Day),22,MBBL/D
2005-02,R50-Z00,PADD 5,EPJK,Kerosene-Type Jet Fuel,EEX,Exports,MKJEXP51,West Coast (PADD 5) Exports of Kerosene-Type Jet Fuel (Thousand Barrels),816,MBBL
2005-02,R50-Z00,PADD 5,EPJK,Kerosene-Type Jet Fuel,EEX,Exports,MKJEXP52,West Coast (PADD 5) Exports of Kerosene-Type Jet Fuel (Thousand Barrels per Day),29,MBBL/D
2005-03,R50-Z00,PADD 5,EPJK,Kerosene-Type Jet Fuel,EEX,Exports,MKJEXP51,West Coast (PADD 5) Exports of Kerosene-Type Jet Fuel (Thousand Barrels),990,MBBL
2005-03,R50-Z00,PADD 5,EPJK,Kerosene-Type Jet Fuel,EEX,Exports,MKJEXP52,West Coast (PADD 5) Exports of Kerosene-Type Jet Fuel (Thousand Barrels per Day),32,MBBL/D
2005-04,R50-Z00,PADD 5,EPJK,Kerosene-Type Jet Fuel,EEX,Exports,MKJEXP51,West Coast (PADD 5) Exports of Kerosene-Type Jet Fuel (Thousand Barrels),405,MBBL
2005-04,R50-Z00,PADD 5,EPJK,Kerosene-Type Jet Fuel,EEX,Exports,MKJEXP52,West Coast (PADD 5) Exports of Kerosene-Type Jet Fuel (Thousand Barrels per Day),13,MBBL/D
2005-05,R50-Z00,PADD 5,EPJK,Kerosene-Type Jet Fuel,EEX,Exports,MKJEXP51,West Coast (PADD 5) Exports of Kerosene-Type Jet Fuel (Thousand Barrels),791,MBBL
2005-05,R50-Z00,PADD 5,EPJK,Kerosene-Type Jet Fuel,EEX,Exports,MKJEXP52,West Coast (PADD 5) Exports of Kerosene-Type Jet Fuel (Thousand Barrels per Day),26,MBBL/D
2005-06,R50-Z00,PADD 5,EPJK,Kerosene-Type Jet Fuel,EEX,Exports,MKJEXP51,West Coast (PADD 5) Exports of Kerosene-Type Jet Fuel (Thousand Barrels),801,MBBL
2005-06,R50-Z00,PADD 5,EPJK,Kerosene-Type Jet Fuel,EEX,Exports,MKJEXP52,West Coast (PADD 5) Exports of Kerosene-Type Jet Fuel (Thousand Barrels per Day),27,MBBL/D
2005-07,R50-Z00,PADD 5,EPJK,Kerosene-Type Jet Fuel,EEX,Exports,MKJEXP51,West Coast (PADD 5) Exports of Kerosene-Type Jet Fuel (Thousand Barrels),462,MBBL
2005-07,R50-Z00,PADD 5,EPJK,Kerosene-Type Jet Fuel,EEX,Exports,MKJEXP52,West Coast (PADD 5) Exports of Kerosene-Type Jet Fuel (Thousand Barrels per Day),15,MBBL/D
2005-08,R50-Z00,PADD 5,EPJK,Kerosene-Type Jet Fuel,EEX,Exports,MKJEXP51,West Coast (PADD 5) Exports of Kerosene-Type Jet Fuel (Thousand Barrels),833,MBBL
2005-08,R50-Z00,PADD 5,EPJK,Kerosene-Type Jet Fuel,EEX,Exports,MKJEXP52,West Coast (PADD 5) Exports of Kerosene-Type Jet Fuel (Thousand Barrels per Day),27,MBBL/D
2005-09,R50-Z00,PADD 5,EPJK,Kerosene-Type Jet Fuel,EEX,Exports,MKJEXP51,West Coast (PADD 5) Exports of Kerosene-Type Jet Fuel (Thousand Barrels),284,MBBL
2005-09,R50-Z00,PADD 5,EPJK,Kerosene-Type Jet Fuel,EEX,Exports,MKJEXP52,West Coast (PADD 5) Exports of Kerosene-Type Jet Fuel (Thousand Barrels per Day),9,MBBL/D
2005-10,R50-Z00,PADD 5,EPJK,Kerosene-Type Jet Fuel,EEX,Exports,MKJEXP51,West Coast (PADD 5) Exports of Kerosene-Type Jet Fuel (Thousand Barrels),216,MBBL
2005-10,R50-Z00,PADD 5,EPJK,Kerosene-Type Jet Fuel,EEX,Exports,MKJEXP52,West Coast (PADD 5) Exports of Kerosene-Type Jet Fuel (Thousand Barrels per Day),7,MBBL/D
2005-11,R50-Z00,PADD 5,EPJK,Kerosene-Type Jet Fuel,EEX,Exports,MKJEXP51,West Coast (PADD 5) Exports of Kerosene-Type Jet Fuel (Thousand Barrels),981,MBBL
2005-11,R50-Z00,PADD 5,EPJK,Kerosene-Type Jet Fuel,EEX,Exports,MKJEXP52,West Coast (PADD 5) Exports of Kerosene-Type Jet Fuel (Thousand Barrels per Day),33,MBBL/D
2005-12,R50-Z00,PADD 5,EPJK,Kerosene-Type Jet Fuel,EEX,Exports,MKJEXP51,West Coast (PADD 5) Exports of Kerosene-Type Jet Fuel (Thousand Barrels),372,MBBL
2005-12,R50-Z00,PADD 5,EPJK,Kerosene-Type Jet Fuel,EEX,Exports,MKJEXP52,West Coast (PADD 5) Exports of Kerosene-Type Jet Fuel (Thousand Barrels per Day),12,MBBL/D
2006-01,R50-Z00,PADD 5,EPJK,Kerosene-Type Jet Fuel,EEX,Exports,MKJEXP51,West Coast (PADD 5) Exports of Kerosene-Type Jet Fuel (Thousand Barrels),473,MBBL
2006-01,R50-Z00,PADD 5,EPJK,Kerosene-Type Jet Fuel,EEX,Exports,MKJEXP52,West Coast (PADD 5) Exports of Kerosene-Type Jet Fuel (Thousand Barrels per Day),15,MBBL/D
2006-02,R50-Z00,PADD 5,EPJK,Kerosene-Type Jet Fuel,EEX,Exports,MKJEXP51,West Coast (PADD 5) Exports of Kerosene-Type Jet Fuel (Thousand Barrels),555,MBBL
2006-02,R50-Z00,PADD 5,EPJK,Kerosene-Type Jet Fuel,EEX,Exports,MKJEXP52,West Coast (PADD 5) Exports of Kerosene-Type Jet Fuel (Thousand Barrels per Day),20,MBBL/D
2006-03,R50-Z00,PADD 5,EPJK,Kerosene-Type Jet Fuel,EEX,Exports,MKJEXP51,West Coast (PADD 5) Exports of Kerosene-Type Jet Fuel (Thousand Barrels),626,MBBL
2006-03,R50-Z00,PADD 5,EPJK,Kerosene-Type Jet Fuel,EEX,Exports,MKJEXP52,West Coast (PADD 5) Exports of Kerosene-Type Jet Fuel (Thousand Barrels per Day),20,MBBL/D
2006-04,R50-Z00,PADD 5,EPJK,Kerosene-Type Jet Fuel,EEX,Exports,MKJEXP51,West Coast (PADD 5) Exports of Kerosene-Type Jet Fuel (Thousand Barrels),454,MBBL
2006-04,R50-Z00,PADD 5,EPJK,Kerosene-Type Jet Fuel,EEX,Exports,MKJEXP52,West Coast (PADD 5) Exports of Kerosene-Type Jet Fuel (Thousand Barrels per Day),15,MBBL/D
2006-05,R50-Z00,PADD 5,EPJK,Kerosene-Type Jet Fuel,EEX,Exports,MKJEXP51,West Coast (PADD 5) Exports of Kerosene-Type Jet Fuel (Thousand Barrels),608,MBBL
2006-05,R50-Z00,PADD 5,EPJK,Kerosene-Type Jet Fuel,EEX,Exports,MKJEXP52,West Coast (PADD 5) Exports of Kerosene-Type Jet Fuel (Thousand Barrels per Day),20,MBBL/D
2006-06,R50-Z00,PADD 5,EPJK,Kerosene-Type Jet Fuel,EEX,Exports,MKJEXP51,West Coast (PADD 5) Exports of Kerosene-Type Jet Fuel (Thousand Barrels),493,MBBL
2006-06,R50-Z00,PADD 5,EPJK,Kerosene-Type Jet Fuel,EEX,Exports,MKJEXP52,West Coast (PADD 5) Exports of Kerosene-Type Jet Fuel (Thousand Barrels per Day),16,MBBL/D
2006-07,R50-Z00,PADD 5,EPJK,Kerosene-Type Jet Fuel,EEX,Exports,MKJEXP51,West Coast (PADD 5) Exports of Kerosene-Type Jet Fuel (Thousand Barrels),489,MBBL
2006-07,R50-Z00,PADD 5,EPJK,Kerosene-Type Jet Fuel,EEX,Exports,MKJEXP52,West Coast (PADD 5) Exports of Kerosene-Type Jet Fuel (Thousand Barrels per Day),16,MBBL/D
2006-08,R50-Z00,PADD 5,EPJK,Kerosene-Type Jet Fuel,EEX,Exports,MKJEXP51,West Coast (PADD 5) Exports of Kerosene-Type Jet Fuel (Thousand Barrels),521,MBBL
2006-08,R50-Z00,PADD 5,EPJK,Kerosene-Type Jet Fuel,EEX,Exports,MKJEXP52,West Coast (PADD 5) Exports of Kerosene-Type Jet Fuel (Thousand Barrels per Day),17,MBBL/D
2006-09,R50-Z00,PADD 5,EPJK,Kerosene-Type Jet Fuel,EEX,Exports,MKJEXP51,West Coast (PADD 5) Exports of Kerosene-Type Jet Fuel (Thousand Barrels),540,MBBL
2006-09,R50-Z00,PADD 5,EPJK,Kerosene-Type Jet Fuel,EEX,Exports,MKJEXP52,West Coast (PADD 5) Exports of Kerosene-Type Jet Fuel (Thousand Barrels per Day),18,MBBL/D
2006-10,R50-Z00,PADD 5,EPJK,Kerosene-Type Jet Fuel,EEX,Exports,MKJEXP51,West Coast (PADD 5) Exports of Kerosene-Type Jet Fuel (Thousand Barrels),327,MBBL
2006-10,R50-Z00,PADD 5,EPJK,Kerosene-Type Jet Fuel,EEX,Exports,MKJEXP52,West Coast (PADD 5) Exports of Kerosene-Type Jet Fuel (Thousand Barrels per Day),11,MBBL/D
2006-11,R50-Z00,PADD 5,EPJK,Kerosene-Type Jet Fuel,EEX,Exports,MKJEXP51,West Coast (PADD 5) Exports of Kerosene-Type Jet Fuel (Thousand Barrels),382,MBBL
2006-11,R50-Z00,PADD 5,EPJK,Kerosene-Type Jet Fuel,EEX,Exports,MKJEXP52,West Coast (PADD 5) Exports of Kerosene-Type Jet Fuel (Thousand Barrels per Day),13,MBBL/D
2006-12,R50-Z00,PADD 5,EPJK,Kerosene-Type Jet Fuel,EEX,Exports,MKJEXP51,West Coast (PADD 5) Exports of Kerosene-Type Jet Fuel (Thousand Barrels),319,MBBL
2006-12,R50-Z00,PADD 5,EPJK,Kerosene-Type Jet Fuel,EEX,Exports,MKJEXP52,West Coast (PADD 5) Exports of Kerosene-Type Jet Fuel (Thousand Barrels per Day),10,MBBL/D
2007-01,R50-Z00,PADD 5,EPJK,Kerosene-Type Jet Fuel,EEX,Exports,MKJEXP51,West Coast (PADD 5) Exports of Kerosene-Type Jet Fuel (Thousand Barrels),454,MBBL
2007-01,R50-Z00,PADD 5,EPJK,Kerosene-Type Jet Fuel,EEX,Exports,MKJEXP52,West Coast (PADD 5) Exports of Kerosene-Type Jet Fuel (Thousand Barrels per Day),15,MBBL/D
2007-02,R50-Z00,PADD 5,EPJK,Kerosene-Type Jet Fuel,EEX,Exports,MKJEXP51,West Coast (PADD 5) Exports of Kerosene-Type Jet Fuel (Thousand Barrels),171,MBBL
2007-02,R50-Z00,PADD 5,EPJK,Kerosene-Type Jet Fuel,EEX,Exports,MKJEXP52,West Coast (PADD 5) Exports of Kerosene-Type Jet Fuel (Thousand Barrels per Day),6,MBBL/D
2007-03,R50-Z00,PADD 5,EPJK,Kerosene-Type Jet Fuel,EEX,Exports,MKJEXP51,West Coast (PADD 5) Exports of Kerosene-Type Jet Fuel (Thousand Barrels),674,MBBL
2007-03,R50-Z00,PADD 5,EPJK,Kerosene-Type Jet Fuel,EEX,Exports,MKJEXP52,West Coast (PADD 5) Exports of Kerosene-Type Jet Fuel (Thousand Barrels per Day),22,MBBL/D
2007-04,R50-Z00,PADD 5,EPJK,Kerosene-Type Jet Fuel,EEX,Exports,MKJEXP51,West Coast (PADD 5) Exports of Kerosene-Type Jet Fuel (Thousand Barrels),325,MBBL
2007-04,R50-Z00,PADD 5,EPJK,Kerosene-Type Jet Fuel,EEX,Exports,MKJEXP52,West Coast (PADD 5) Exports of Kerosene-Type Jet Fuel (Thousand Barrels per Day),11,MBBL/D
2007-05,R50-Z00,PADD 5,EPJK,Kerosene-Type Jet Fuel,EEX,Exports,MKJEXP51,West Coast (PADD 5) Exports of Kerosene-Type Jet Fuel (Thousand Barrels),153,MBBL
2007-05,R50-Z00,PADD 5,EPJK,Kerosene-Type Jet Fuel,EEX,Exports,MKJEXP52,West Coast (PADD 5) Exports of Kerosene-Type Jet Fuel (Thousand Barrels per Day),5,MBBL/D
2007-06,R50-Z00,PADD 5,EPJK,Kerosene-Type Jet Fuel,EEX,Exports,MKJEXP51,West Coast (PADD 5) Exports of Kerosene-Type Jet Fuel (Thousand Barrels),183,MBBL
2007-06,R50-Z00,PADD 5,EPJK,Kerosene-Type Jet Fuel,EEX,Exports,MKJEXP52,West Coast (PADD 5) Exports of Kerosene-Type Jet Fuel (Thousand Barrels per Day),6,MBBL/D
2007-07,R50-Z00,PADD 5,EPJK,Kerosene-Type Jet Fuel,EEX,Exports,MKJEXP51,West Coast (PADD 5) Exports of Kerosene-Type Jet Fuel (Thousand Barrels),987,MBBL
2007-07,R50-Z00,PADD 5,EPJK,Kerosene-Type Jet Fuel,EEX,Exports,MKJEXP52,West Coast (PADD 5) Exports of Kerosene-Type Jet Fuel (Thousand Barrels per Day),32,MBBL/D
2007-08,R50-Z00,PADD 5,EPJK,Kerosene-Type Jet Fuel,EEX,Exports,MKJEXP51,West Coast (PADD 5) Exports of Kerosene-Type Jet Fuel (Thousand Barrels),321,MBBL
2007-08,R50-Z00,PADD 5,EPJK,Kerosene-Type Jet Fuel,EEX,Exports,MKJEXP52,West Coast (PADD 5) Exports of Kerosene-Type Jet Fuel (Thousand Barrels per Day),10,MBBL/D
2007-09,R50-Z00,PADD 5,EPJK,Kerosene-Type Jet Fuel,EEX,Exports,MKJEXP51,West Coast (PADD 5) Exports of Kerosene-Type Jet Fuel (Thousand Barrels),477,MBBL
2007-09,R50-Z00,PADD 5,EPJK,Kerosene-Type Jet Fuel,EEX,Exports,MKJEXP52,West Coast (PADD 5) Exports of Kerosene-Type Jet Fuel (Thousand Barrels per Day),16,MBBL/D
2007-10,R50-Z00,PADD 5,EPJK,Kerosene-Type Jet Fuel,EEX,Exports,MKJEXP51,West Coast (PADD 5) Exports of Kerosene-Type Jet Fuel (Thousand Barrels),269,MBBL
2007-10,R50-Z00,PADD 5,EPJK,Kerosene-Type Jet Fuel,EEX,Exports,MKJEXP52,West Coast (PADD 5) Exports of Kerosene-Type Jet Fuel (Thousand Barrels per Day),9,MBBL/D
2007-11,R50-Z00,PADD 5,EPJK,Kerosene-Type Jet Fuel,EEX,Exports,MKJEXP51,West Coast (PADD 5) Exports of Kerosene-Type Jet Fuel (Thousand Barrels),1312,MBBL
2007-11,R50-Z00,PADD 5,EPJK,Kerosene-Type Jet Fuel,EEX,Exports,MKJEXP52,West Coast (PADD 5) Exports of Kerosene-Type Jet Fuel (Thousand Barrels per Day),44,MBBL/D
2007-12,R50-Z00,PADD 5,EPJK,Kerosene-Type Jet Fuel,EEX,Exports,MKJEXP51,West Coast (PADD 5) Exports of Kerosene-Type Jet Fuel (Thousand Barrels),316,MBBL
2007-12,R50-Z00,PADD 5,EPJK,Kerosene-Type Jet Fuel,EEX,Exports,MKJEXP52,West Coast (PADD 5) Exports of Kerosene-Type Jet Fuel (Thousand Barrels per Day),10,MBBL/D
2008-01,R50-Z00,PADD 5,EPJK,Kerosene-Type Jet Fuel,EEX,Exports,MKJEXP51,West Coast (PADD 5) Exports of Kerosene-Type Jet Fuel (Thousand Barrels),341,MBBL
2008-01,R50-Z00,PADD 5,EPJK,Kerosene-Type Jet Fuel,EEX,Exports,MKJEXP52,West Coast (PADD 5) Exports of Kerosene-Type Jet Fuel (Thousand Barrels per Day),11,MBBL/D
2008-02,R50-Z00,PADD 5,EPJK,Kerosene-Type Jet Fuel,EEX,Exports,MKJEXP51,West Coast (PADD 5) Exports of Kerosene-Type Jet Fuel (Thousand Barrels),891,MBBL
2008-02,R50-Z00,PADD 5,EPJK,Kerosene-Type Jet Fuel,EEX,Exports,MKJEXP52,West Coast (PADD 5) Exports of Kerosene-Type Jet Fuel (Thousand Barrels per Day),31,MBBL/D
2008-03,R50-Z00,PADD 5,EPJK,Kerosene-Type Jet Fuel,EEX,Exports,MKJEXP51,West Coast (PADD 5) Exports of Kerosene-Type Jet Fuel (Thousand Barrels),795,MBBL
2008-03,R50-Z00,PADD 5,EPJK,Kerosene-Type Jet Fuel,EEX,Exports,MKJEXP52,West Coast (PADD 5) Exports of Kerosene-Type Jet Fuel (Thousand Barrels per Day),26,MBBL/D
2008-04,R50-Z00,PADD 5,EPJK,Kerosene-Type Jet Fuel,EEX,Exports,MKJEXP51,West Coast (PADD 5) Exports of Kerosene-Type Jet Fuel (Thousand Barrels),226,MBBL
2008-04,R50-Z00,PADD 5,EPJK,Kerosene-Type Jet Fuel,EEX,Exports,MKJEXP52,West Coast (PADD 5) Exports of Kerosene-Type Jet Fuel (Thousand Barrels per Day),8,MBBL/D
2008-05,R50-Z00,PADD 5,EPJK,Kerosene-Type Jet Fuel,EEX,Exports,MKJEXP51,West Coast (PADD 5) Exports of Kerosene-Type Jet Fuel (Thousand Barrels),558,MBBL
2008-05,R50-Z00,PADD 5,EPJK,Kerosene-Type Jet Fuel,EEX,Exports,MKJEXP52,West Coast (PADD 5) Exports of Kerosene-Type Jet Fuel (Thousand Barrels per Day),18,MBBL/D
2008-06,R50-Z00,PADD 5,EPJK,Kerosene-Type Jet Fuel,EEX,Exports,MKJEXP51,West Coast (PADD 5) Exports of Kerosene-Type Jet Fuel (Thousand Barrels),219,MBBL
2008-06,R50-Z00,PADD 5,EPJK,Kerosene-Type Jet Fuel,EEX,Exports,MKJEXP52,West Coast (PADD 5) Exports of Kerosene-Type Jet Fuel (Thousand Barrels per Day),7,MBBL/D
2008-07,R50-Z00,PADD 5,EPJK,Kerosene-Type Jet Fuel,EEX,Exports,MKJEXP51,West Coast (PADD 5) Exports of Kerosene-Type Jet Fuel (Thousand Barrels),1343,MBBL
2008-07,R50-Z00,PADD 5,EPJK,Kerosene-Type Jet Fuel,EEX,Exports,MKJEXP52,West Coast (PADD 5) Exports of Kerosene-Type Jet Fuel (Thousand Barrels per Day),43,MBBL/D
2008-08,R50-Z00,PADD 5,EPJK,Kerosene-Type Jet Fuel,EEX,Exports,MKJEXP51,West Coast (PADD 5) Exports of Kerosene-Type Jet Fuel (Thousand Barrels),551,MBBL
2008-08,R50-Z00,PADD 5,EPJK,Kerosene-Type Jet Fuel,EEX,Exports,MKJEXP52,West Coast (PADD 5) Exports of Kerosene-Type Jet Fuel (Thousand Barrels per Day),18,MBBL/D
2008-09,R50-Z00,PADD 5,EPJK,Kerosene-Type Jet Fuel,EEX,Exports,MKJEXP51,West Coast (PADD 5) Exports of Kerosene-Type Jet Fuel (Thousand Barrels),373,MBBL
2008-09,R50-Z00,PADD 5,EPJK,Kerosene-Type Jet Fuel,EEX,Exports,MKJEXP52,West Coast (PADD 5) Exports of Kerosene-Type Jet Fuel (Thousand Barrels per Day),12,MBBL/D
2008-10,R50-Z00,PADD 5,EPJK,Kerosene-Type Jet Fuel,EEX,Exports,MKJEXP51,West Coast (PADD 5) Exports of Kerosene-Type Jet Fuel (Thousand Barrels),1198,MBBL
2008-10,R50-Z00,PADD 5,EPJK,Kerosene-Type Jet Fuel,EEX,Exports,MKJEXP52,West Coast (PADD 5) Exports of Kerosene-Type Jet Fuel (Thousand Barrels per Day),39,MBBL/D
2008-11,R50-Z00,PADD 5,EPJK,Kerosene-Type Jet Fuel,EEX,Exports,MKJEXP51,West Coast (PADD 5) Exports of Kerosene-Type Jet Fuel (Thousand Barrels),907,MBBL
2008-11,R50-Z00,PADD 5,EPJK,Kerosene-Type Jet Fuel,EEX,Exports,MKJEXP52,West Coast (PADD 5) Exports of Kerosene-Type Jet Fuel (Thousand Barrels per Day),30,MBBL/D
2008-12,R50-Z00,PADD 5,EPJK,Kerosene-Type Jet Fuel,EEX,Exports,MKJEXP51,West Coast (PADD 5) Exports of Kerosene-Type Jet Fuel (Thousand Barrels),672,MBBL
2008-12,R50-Z00,PADD 5,EPJK,Kerosene-Type Jet Fuel,EEX,Exports,MKJEXP52,West Coast (PADD 5) Exports of Kerosene-Type Jet Fuel (Thousand Barrels per Day),22,MBBL/D
2009-01,R50-Z00,PADD 5,EPJK,Kerosene-Type Jet Fuel,EEX,Exports,MKJEXP51,West Coast (PADD 5) Exports of Kerosene-Type Jet Fuel (Thousand Barrels),1227,MBBL
2009-01,R50-Z00,PADD 5,EPJK,Kerosene-Type Jet Fuel,EEX,Exports,MKJEXP52,West Coast (PADD 5) Exports of Kerosene-Type Jet Fuel (Thousand Barrels per Day),40,MBBL/D
2009-02,R50-Z00,PADD 5,EPJK,Kerosene-Type Jet Fuel,EEX,Exports,MKJEXP51,West Coast (PADD 5) Exports of Kerosene-Type Jet Fuel (Thousand Barrels),721,MBBL
2009-02,R50-Z00,PADD 5,EPJK,Kerosene-Type Jet Fuel,EEX,Exports,MKJEXP52,West Coast (PADD 5) Exports of Kerosene-Type Jet Fuel (Thousand Barrels per Day),26,MBBL/D
2009-03,R50-Z00,PADD 5,EPJK,Kerosene-Type Jet Fuel,EEX,Exports,MKJEXP51,West Coast (PADD 5) Exports of Kerosene-Type Jet Fuel (Thousand Barrels),613,MBBL
2009-03,R50-Z00,PADD 5,EPJK,Kerosene-Type Jet Fuel,EEX,Exports,MKJEXP52,West Coast (PADD 5) Exports of Kerosene-Type Jet Fuel (Thousand Barrels per Day),20,MBBL/D
2009-04,R50-Z00,PADD 5,EPJK,Kerosene-Type Jet Fuel,EEX,Exports,MKJEXP51,West Coast (PADD 5) Exports of Kerosene-Type Jet Fuel (Thousand Barrels),629,MBBL
2009-04,R50-Z00,PADD 5,EPJK,Kerosene-Type Jet Fuel,EEX,Exports,MKJEXP52,West Coast (PADD 5) Exports of Kerosene-Type Jet Fuel (Thousand Barrels per Day),21,MBBL/D
2009-05,R50-Z00,PADD 5,EPJK,Kerosene-Type Jet Fuel,EEX,Exports,MKJEXP51,West Coast (PADD 5) Exports of Kerosene-Type Jet Fuel (Thousand Barrels),1204,MBBL
2009-05,R50-Z00,PADD 5,EPJK,Kerosene-Type Jet Fuel,EEX,Exports,MKJEXP52,West Coast (PADD 5) Exports of Kerosene-Type Jet Fuel (Thousand Barrels per Day),39,MBBL/D
2009-06,R50-Z00,PADD 5,EPJK,Kerosene-Type Jet Fuel,EEX,Exports,MKJEXP51,West Coast (PADD 5) Exports of Kerosene-Type Jet Fuel (Thousand Barrels),589,MBBL
2009-06,R50-Z00,PADD 5,EPJK,Kerosene-Type Jet Fuel,EEX,Exports,MKJEXP52,West Coast (PADD 5) Exports of Kerosene-Type Jet Fuel (Thousand Barrels per Day),20,MBBL/D
2009-07,R50-Z00,PADD 5,EPJK,Kerosene-Type Jet Fuel,EEX,Exports,MKJEXP51,West Coast (PADD 5) Exports of Kerosene-Type Jet Fuel (Thousand Barrels),594,MBBL
2009-07,R50-Z00,PADD 5,EPJK,Kerosene-Type Jet Fuel,EEX,Exports,MKJEXP52,West Coast (PADD 5) Exports of Kerosene-Type Jet Fuel (Thousand Barrels per Day),19,MBBL/D
2009-08,R50-Z00,PADD 5,EPJK,Kerosene-Type Jet Fuel,EEX,Exports,MKJEXP51,West Coast (PADD 5) Exports of Kerosene-Type Jet Fuel (Thousand Barrels),723,MBBL
2009-08,R50-Z00,PADD 5,EPJK,Kerosene-Type Jet Fuel,EEX,Exports,MKJEXP52,West Coast (PADD 5) Exports of Kerosene-Type Jet Fuel (Thousand Barrels per Day),23,MBBL/D
2009-09,R50-Z00,PADD 5,EPJK,Kerosene-Type Jet Fuel,EEX,Exports,MKJEXP51,West Coast (PADD 5) Exports of Kerosene-Type Jet Fuel (Thousand Barrels),552,MBBL
2009-09,R50-Z00,PADD 5,EPJK,Kerosene-Type Jet Fuel,EEX,Exports,MKJEXP52,West Coast (PADD 5) Exports of Kerosene-Type Jet Fuel (Thousand Barrels per Day),18,MBBL/D
2009-10,R50-Z00,PADD 5,EPJK,Kerosene-Type Jet Fuel,EEX,Exports,MKJEXP51,West Coast (PADD 5) Exports of Kerosene-Type Jet Fuel (Thousand Barrels),649,MBBL
2009-10,R50-Z00,PADD 5,EPJK,Kerosene-Type Jet Fuel,EEX,Exports,MKJEXP52,West Coast (PADD 5) Exports of Kerosene-Type Jet Fuel (Thousand Barrels per Day),21,MBBL/D
2009-11,R50-Z00,PADD 5,EPJK,Kerosene-Type Jet Fuel,EEX,Exports,MKJEXP51,West Coast (PADD 5) Exports of Kerosene-Type Jet Fuel (Thousand Barrels),584,MBBL
2009-11,R50-Z00,PADD 5,EPJK,Kerosene-Type Jet Fuel,EEX,Exports,MKJEXP52,West Coast (PADD 5) Exports of Kerosene-Type Jet Fuel (Thousand Barrels per Day),19,MBBL/D
2009-12,R50-Z00,PADD 5,EPJK,Kerosene-Type Jet Fuel,EEX,Exports,MKJEXP51,West Coast (PADD 5) Exports of Kerosene-Type Jet Fuel (Thousand Barrels),1465,MBBL
2009-12,R50-Z00,PADD 5,EPJK,Kerosene-Type Jet Fuel,EEX,Exports,MKJEXP52,West Coast (PADD 5) Exports of Kerosene-Type Jet Fuel (Thousand Barrels per Day),47,MBBL/D
2010-01,R50-Z00,PADD 5,EPJK,Kerosene-Type Jet Fuel,EEX,Exports,MKJEXP51,West Coast (PADD 5) Exports of Kerosene-Type Jet Fuel (Thousand Barrels),2046,MBBL
2010-01,R50-Z00,PADD 5,EPJK,Kerosene-Type Jet Fuel,EEX,Exports,MKJEXP52,West Coast (PADD 5) Exports of Kerosene-Type Jet Fuel (Thousand Barrels per Day),66,MBBL/D
2010-02,R50-Z00,PADD 5,EPJK,Kerosene-Type Jet Fuel,EEX,Exports,MKJEXP51,West Coast (PADD 5) Exports of Kerosene-Type Jet Fuel (Thousand Barrels),641,MBBL
2010-02,R50-Z00,PADD 5,EPJK,Kerosene-Type Jet Fuel,EEX,Exports,MKJEXP52,West Coast (PADD 5) Exports of Kerosene-Type Jet Fuel (Thousand Barrels per Day),23,MBBL/D
2010-03,R50-Z00,PADD 5,EPJK,Kerosene-Type Jet Fuel,EEX,Exports,MKJEXP51,West Coast (PADD 5) Exports of Kerosene-Type Jet Fuel (Thousand Barrels),538,MBBL
2010-03,R50-Z00,PADD 5,EPJK,Kerosene-Type Jet Fuel,EEX,Exports,MKJEXP52,West Coast (PADD 5) Exports of Kerosene-Type Jet Fuel (Thousand Barrels per Day),17,MBBL/D
2010-04,R50-Z00,PADD 5,EPJK,Kerosene-Type Jet Fuel,EEX,Exports,MKJEXP51,West Coast (PADD 5) Exports of Kerosene-Type Jet Fuel (Thousand Barrels),789,MBBL
2010-04,R50-Z00,PADD 5,EPJK,Kerosene-Type Jet Fuel,EEX,Exports,MKJEXP52,West Coast (PADD 5) Exports of Kerosene-Type Jet Fuel (Thousand Barrels per Day),26,MBBL/D
2010-05,R50-Z00,PADD 5,EPJK,Kerosene-Type Jet Fuel,EEX,Exports,MKJEXP51,West Coast (PADD 5) Exports of Kerosene-Type Jet Fuel (Thousand Barrels),692,MBBL
2010-05,R50-Z00,PADD 5,EPJK,Kerosene-Type Jet Fuel,EEX,Exports,MKJEXP52,West Coast (PADD 5) Exports of Kerosene-Type Jet Fuel (Thousand Barrels per Day),22,MBBL/D
2010-06,R50-Z00,PADD 5,EPJK,Kerosene-Type Jet Fuel,EEX,Exports,MKJEXP51,West Coast (PADD 5) Exports of Kerosene-Type Jet Fuel (Thousand Barrels),364,MBBL
2010-06,R50-Z00,PADD 5,EPJK,Kerosene-Type Jet Fuel,EEX,Exports,MKJEXP52,West Coast (PADD 5) Exports of Kerosene-Type Jet Fuel (Thousand Barrels per Day),12,MBBL/D
2010-07,R50-Z00,PADD 5,EPJK,Kerosene-Type Jet Fuel,EEX,Exports,MKJEXP51,West Coast (PADD 5) Exports of Kerosene-Type Jet Fuel (Thousand Barrels),441,MBBL
2010-07,R50-Z00,PADD 5,EPJK,Kerosene-Type Jet Fuel,EEX,Exports,MKJEXP52,West Coast (PADD 5) Exports of Kerosene-Type Jet Fuel (Thousand Barrels per Day),14,MBBL/D
2010-08,R50-Z00,PADD 5,EPJK,Kerosene-Type Jet Fuel,EEX,Exports,MKJEXP51,West Coast (PADD 5) Exports of Kerosene-Type Jet Fuel (Thousand Barrels),488,MBBL
2010-08,R50-Z00,PADD 5,EPJK,Kerosene-Type Jet Fuel,EEX,Exports,MKJEXP52,West Coast (PADD 5) Exports of Kerosene-Type Jet Fuel (Thousand Barrels per Day),16,MBBL/D
2010-09,R50-Z00,PADD 5,EPJK,Kerosene-Type Jet Fuel,EEX,Exports,MKJEXP51,West Coast (PADD 5) Exports of Kerosene-Type Jet Fuel (Thousand Barrels),605,MBBL
2010-09,R50-Z00,PADD 5,EPJK,Kerosene-Type Jet Fuel,EEX,Exports,MKJEXP52,West Coast (PADD 5) Exports of Kerosene-Type Jet Fuel (Thousand Barrels per Day),20,MBBL/D
2010-10,R50-Z00,PADD 5,EPJK,Kerosene-Type Jet Fuel,EEX,Exports,MKJEXP51,West Coast (PADD 5) Exports of Kerosene-Type Jet Fuel (Thousand Barrels),683,MBBL
2010-10,R50-Z00,PADD 5,EPJK,Kerosene-Type Jet Fuel,EEX,Exports,MKJEXP52,West Coast (PADD 5) Exports of Kerosene-Type Jet Fuel (Thousand Barrels per Day),22,MBBL/D
2010-11,R50-Z00,PADD 5,EPJK,Kerosene-Type Jet Fuel,EEX,Exports,MKJEXP51,West Coast (PADD 5) Exports of Kerosene-Type Jet Fuel (Thousand Barrels),639,MBBL
2010-11,R50-Z00,PADD 5,EPJK,Kerosene-Type Jet Fuel,EEX,Exports,MKJEXP52,West Coast (PADD 5) Exports of Kerosene-Type Jet Fuel (Thousand Barrels per Day),21,MBBL/D
2010-12,R50-Z00,PADD 5,EPJK,Kerosene-Type Jet Fuel,EEX,Exports,MKJEXP51,West Coast (PADD 5) Exports of Kerosene-Type Jet Fuel (Thousand Barrels),651,MBBL
2010-12,R50-Z00,PADD 5,EPJK,Kerosene-Type Jet Fuel,EEX,Exports,MKJEXP52,West Coast (PADD 5) Exports of Kerosene-Type Jet Fuel (Thousand Barrels per Day),21,MBBL/D
2011-01,R50-Z00,PADD 5,EPJK,Kerosene-Type Jet Fuel,EEX,Exports,MKJEXP51,West Coast (PADD 5) Exports of Kerosene-Type Jet Fuel (Thousand Barrels),700,MBBL
2011-01,R50-Z00,PADD 5,EPJK,Kerosene-Type Jet Fuel,EEX,Exports,MKJEXP52,West Coast (PADD 5) Exports of Kerosene-Type Jet Fuel (Thousand Barrels per Day),23,MBBL/D
2011-02,R50-Z00,PADD 5,EPJK,Kerosene-Type Jet Fuel,EEX,Exports,MKJEXP51,West Coast (PADD 5) Exports of Kerosene-Type Jet Fuel (Thousand Barrels),699,MBBL
2011-02,R50-Z00,PADD 5,EPJK,Kerosene-Type Jet Fuel,EEX,Exports,MKJEXP52,West Coast (PADD 5) Exports of Kerosene-Type Jet Fuel (Thousand Barrels per Day),25,MBBL/D
2011-03,R50-Z00,PADD 5,EPJK,Kerosene-Type Jet Fuel,EEX,Exports,MKJEXP51,West Coast (PADD 5) Exports of Kerosene-Type Jet Fuel (Thousand Barrels),783,MBBL
2011-03,R50-Z00,PADD 5,EPJK,Kerosene-Type Jet Fuel,EEX,Exports,MKJEXP52,West Coast (PADD 5) Exports of Kerosene-Type Jet Fuel (Thousand Barrels per Day),25,MBBL/D
2011-04,R50-Z00,PADD 5,EPJK,Kerosene-Type Jet Fuel,EEX,Exports,MKJEXP51,West Coast (PADD 5) Exports of Kerosene-Type Jet Fuel (Thousand Barrels),683,MBBL
2011-04,R50-Z00,PADD 5,EPJK,Kerosene-Type Jet Fuel,EEX,Exports,MKJEXP52,West Coast (PADD 5) Exports of Kerosene-Type Jet Fuel (Thousand Barrels per Day),23,MBBL/D
2011-05,R50-Z00,PADD 5,EPJK,Kerosene-Type Jet Fuel,EEX,Exports,MKJEXP51,West Coast (PADD 5) Exports of Kerosene-Type Jet Fuel (Thousand Barrels),384,MBBL
2011-05,R50-Z00,PADD 5,EPJK,Kerosene-Type Jet Fuel,EEX,Exports,MKJEXP52,West Coast (PADD 5) Exports of Kerosene-Type Jet Fuel (Thousand Barrels per Day),12,MBBL/D
2011-06,R50-Z00,PADD 5,EPJK,Kerosene-Type Jet Fuel,EEX,Exports,MKJEXP51,West Coast (PADD 5) Exports of Kerosene-Type Jet Fuel (Thousand Barrels),611,MBBL
2011-06,R50-Z00,PADD 5,EPJK,Kerosene-Type Jet Fuel,EEX,Exports,MKJEXP52,West Coast (PADD 5) Exports of Kerosene-Type Jet Fuel (Thousand Barrels per Day),20,MBBL/D
2011-07,R50-Z00,PADD 5,EPJK,Kerosene-Type Jet Fuel,EEX,Exports,MKJEXP51,West Coast (PADD 5) Exports of Kerosene-Type Jet Fuel (Thousand Barrels),647,MBBL
2011-07,R50-Z00,PADD 5,EPJK,Kerosene-Type Jet Fuel,EEX,Exports,MKJEXP52,West Coast (PADD 5) Exports of Kerosene-Type Jet Fuel (Thousand Barrels per Day),21,MBBL/D
2011-08,R50-Z00,PADD 5,EPJK,Kerosene-Type Jet Fuel,EEX,Exports,MKJEXP51,West Coast (PADD 5) Exports of Kerosene-Type Jet Fuel (Thousand Barrels),937,MBBL
2011-08,R50-Z00,PADD 5,EPJK,Kerosene-Type Jet Fuel,EEX,Exports,MKJEXP52,West Coast (PADD 5) Exports of Kerosene-Type Jet Fuel (Thousand Barrels per Day),30,MBBL/D
2011-09,R50-Z00,PADD 5,EPJK,Kerosene-Type Jet Fuel,EEX,Exports,MKJEXP51,West Coast (PADD 5) Exports of Kerosene-Type Jet Fuel (Thousand Barrels),1424,MBBL
2011-09,R50-Z00,PADD 5,EPJK,Kerosene-Type Jet Fuel,EEX,Exports,MKJEXP52,West Coast (PADD 5) Exports of Kerosene-Type Jet Fuel (Thousand Barrels per Day),47,MBBL/D
2011-10,R50-Z00,PADD 5,EPJK,Kerosene-Type Jet Fuel,EEX,Exports,MKJEXP51,West Coast (PADD 5) Exports of Kerosene-Type Jet Fuel (Thousand Barrels),536,MBBL
2011-10,R50-Z00,PADD 5,EPJK,Kerosene-Type Jet Fuel,EEX,Exports,MKJEXP52,West Coast (PADD 5) Exports of Kerosene-Type Jet Fuel (Thousand Barrels per Day),17,MBBL/D
2011-11,R50-Z00,PADD 5,EPJK,Kerosene-Type Jet Fuel,EEX,Exports,MKJEXP51,West Coast (PADD 5) Exports of Kerosene-Type Jet Fuel (Thousand Barrels),554,MBBL
2011-11,R50-Z00,PADD 5,EPJK,Kerosene-Type Jet Fuel,EEX,Exports,MKJEXP52,West Coast (PADD 5) Exports of Kerosene-Type Jet Fuel (Thousand Barrels per Day),18,MBBL/D
2011-12,R50-Z00,PADD 5,EPJK,Kerosene-Type Jet Fuel,EEX,Exports,MKJEXP51,West Coast (PADD 5) Exports of Kerosene-Type Jet Fuel (Thousand Barrels),1189,MBBL
2011-12,R50-Z00,PADD 5,EPJK,Kerosene-Type Jet Fuel,EEX,Exports,MKJEXP52,West Coast (PADD 5) Exports of Kerosene-Type Jet Fuel (Thousand Barrels per Day),38,MBBL/D
2012-01,R50-Z00,PADD 5,EPJK,Kerosene-Type Jet Fuel,EEX,Exports,MKJEXP51,West Coast (PADD 5) Exports of Kerosene-Type Jet Fuel (Thousand Barrels),1492,MBBL
2012-01,R50-Z00,PADD 5,EPJK,Kerosene-Type Jet Fuel,EEX,Exports,MKJEXP52,West Coast (PADD 5) Exports of Kerosene-Type Jet Fuel (Thousand Barrels per Day),48,MBBL/D
2012-02,R50-Z00,PADD 5,EPJK,Kerosene-Type Jet Fuel,EEX,Exports,MKJEXP51,West Coast (PADD 5) Exports of Kerosene-Type Jet Fuel (Thousand Barrels),1134,MBBL
2012-02,R50-Z00,PADD 5,EPJK,Kerosene-Type Jet Fuel,EEX,Exports,MKJEXP52,West Coast (PADD 5) Exports of Kerosene-Type Jet Fuel (Thousand Barrels per Day),39,MBBL/D
2012-03,R50-Z00,PADD 5,EPJK,Kerosene-Type Jet Fuel,EEX,Exports,MKJEXP51,West Coast (PADD 5) Exports of Kerosene-Type Jet Fuel (Thousand Barrels),1083,MBBL
2012-03,R50-Z00,PADD 5,EPJK,Kerosene-Type Jet Fuel,EEX,Exports,MKJEXP52,West Coast (PADD 5) Exports of Kerosene-Type Jet Fuel (Thousand Barrels per Day),35,MBBL/D
2012-04,R50-Z00,PADD 5,EPJK,Kerosene-Type Jet Fuel,EEX,Exports,MKJEXP51,West Coast (PADD 5) Exports of Kerosene-Type Jet Fuel (Thousand Barrels),949,MBBL
2012-04,R50-Z00,PADD 5,EPJK,Kerosene-Type Jet Fuel,EEX,Exports,MKJEXP52,West Coast (PADD 5) Exports of Kerosene-Type Jet Fuel (Thousand Barrels per Day),32,MBBL/D
2012-05,R50-Z00,PADD 5,EPJK,Kerosene-Type Jet Fuel,EEX,Exports,MKJEXP51,West Coast (PADD 5) Exports of Kerosene-Type Jet Fuel (Thousand Barrels),1012,MBBL
2012-05,R50-Z00,PADD 5,EPJK,Kerosene-Type Jet Fuel,EEX,Exports,MKJEXP52,West Coast (PADD 5) Exports of Kerosene-Type Jet Fuel (Thousand Barrels per Day),33,MBBL/D
2012-06,R50-Z00,PADD 5,EPJK,Kerosene-Type Jet Fuel,EEX,Exports,MKJEXP51,West Coast (PADD 5) Exports of Kerosene-Type Jet Fuel (Thousand Barrels),1084,MBBL
2012-06,R50-Z00,PADD 5,EPJK,Kerosene-Type Jet Fuel,EEX,Exports,MKJEXP52,West Coast (PADD 5) Exports of Kerosene-Type Jet Fuel (Thousand Barrels per Day),36,MBBL/D
2012-07,R50-Z00,PADD 5,EPJK,Kerosene-Type Jet Fuel,EEX,Exports,MKJEXP51,West Coast (PADD 5) Exports of Kerosene-Type Jet Fuel (Thousand Barrels),1211,MBBL
2012-07,R50-Z00,PADD 5,EPJK,Kerosene-Type Jet Fuel,EEX,Exports,MKJEXP52,West Coast (PADD 5) Exports of Kerosene-Type Jet Fuel (Thousand Barrels per Day),39,MBBL/D
2012-08,R50-Z00,PADD 5,EPJK,Kerosene-Type Jet Fuel,EEX,Exports,MKJEXP51,West Coast (PADD 5) Exports of Kerosene-Type Jet Fuel (Thousand Barrels),1557,MBBL
2012-08,R50-Z00,PADD 5,EPJK,Kerosene-Type Jet Fuel,EEX,Exports,MKJEXP52,West Coast (PADD 5) Exports of Kerosene-Type Jet Fuel (Thousand Barrels per Day),50,MBBL/D
2012-09,R50-Z00,PADD 5,EPJK,Kerosene-Type Jet Fuel,EEX,Exports,MKJEXP51,West Coast (PADD 5) Exports of Kerosene-Type Jet Fuel (Thousand Barrels),1051,MBBL
2012-09,R50-Z00,PADD 5,EPJK,Kerosene-Type Jet Fuel,EEX,Exports,MKJEXP52,West Coast (PADD 5) Exports of Kerosene-Type Jet Fuel (Thousand Barrels per Day),35,MBBL/D
2012-10,R50-Z00,PADD 5,EPJK,Kerosene-Type Jet Fuel,EEX,Exports,MKJEXP51,West Coast (PADD 5) Exports of Kerosene-Type Jet Fuel (Thousand Barrels),906,MBBL
2012-10,R50-Z00,PADD 5,EPJK,Kerosene-Type Jet Fuel,EEX,Exports,MKJEXP52,West Coast (PADD 5) Exports of Kerosene-Type Jet Fuel (Thousand Barrels per Day),29,MBBL/D
2012-11,R50-Z00,PADD 5,EPJK,Kerosene-Type Jet Fuel,EEX,Exports,MKJEXP51,West Coast (PADD 5) Exports of Kerosene-Type Jet Fuel (Thousand Barrels),943,MBBL
2012-11,R50-Z00,PADD 5,EPJK,Kerosene-Type Jet Fuel,EEX,Exports,MKJEXP52,West Coast (PADD 5) Exports of Kerosene-Type Jet Fuel (Thousand Barrels per Day),31,MBBL/D
2012-12,R50-Z00,PADD 5,EPJK,Kerosene-Type Jet Fuel,EEX,Exports,MKJEXP51,West Coast (PADD 5) Exports of Kerosene-Type Jet Fuel (Thousand Barrels),949,MBBL
2012-12,R50-Z00,PADD 5,EPJK,Kerosene-Type Jet Fuel,EEX,Exports,MKJEXP52,West Coast (PADD 5) Exports of Kerosene-Type Jet Fuel (Thousand Barrels per Day),31,MBBL/D
2013-01,R50-Z00,PADD 5,EPJK,Kerosene-Type Jet Fuel,EEX,Exports,MKJEXP51,West Coast (PADD 5) Exports of Kerosene-Type Jet Fuel (Thousand Barrels),1024,MBBL
2013-01,R50-Z00,PADD 5,EPJK,Kerosene-Type Jet Fuel,EEX,Exports,MKJEXP52,West Coast (PADD 5) Exports of Kerosene-Type Jet Fuel (Thousand Barrels per Day),33,MBBL/D
2013-02,R50-Z00,PADD 5,EPJK,Kerosene-Type Jet Fuel,EEX,Exports,MKJEXP51,West Coast (PADD 5) Exports of Kerosene-Type Jet Fuel (Thousand Barrels),1080,MBBL
2013-02,R50-Z00,PADD 5,EPJK,Kerosene-Type Jet Fuel,EEX,Exports,MKJEXP52,West Coast (PADD 5) Exports of Kerosene-Type Jet Fuel (Thousand Barrels per Day),39,MBBL/D
2013-03,R50-Z00,PADD 5,EPJK,Kerosene-Type Jet Fuel,EEX,Exports,MKJEXP51,West Coast (PADD 5) Exports of Kerosene-Type Jet Fuel (Thousand Barrels),1213,MBBL
2013-03,R50-Z00,PADD 5,EPJK,Kerosene-Type Jet Fuel,EEX,Exports,MKJEXP52,West Coast (PADD 5) Exports of Kerosene-Type Jet Fuel (Thousand Barrels per Day),39,MBBL/D
2013-04,R50-Z00,PADD 5,EPJK,Kerosene-Type Jet Fuel,EEX,Exports,MKJEXP51,West Coast (PADD 5) Exports of Kerosene-Type Jet Fuel (Thousand Barrels),786,MBBL
2013-04,R50-Z00,PADD 5,EPJK,Kerosene-Type Jet Fuel,EEX,Exports,MKJEXP52,West Coast (PADD 5) Exports of Kerosene-Type Jet Fuel (Thousand Barrels per Day),26,MBBL/D
2013-05,R50-Z00,PADD 5,EPJK,Kerosene-Type Jet Fuel,EEX,Exports,MKJEXP51,West Coast (PADD 5) Exports of Kerosene-Type Jet Fuel (Thousand Barrels),631,MBBL
2013-05,R50-Z00,PADD 5,EPJK,Kerosene-Type Jet Fuel,EEX,Exports,MKJEXP52,West Coast (PADD 5) Exports of Kerosene-Type Jet Fuel (Thousand Barrels per Day),20,MBBL/D
2013-06,R50-Z00,PADD 5,EPJK,Kerosene-Type Jet Fuel,EEX,Exports,MKJEXP51,West Coast (PADD 5) Exports of Kerosene-Type Jet Fuel (Thousand Barrels),771,MBBL
2013-06,R50-Z00,PADD 5,EPJK,Kerosene-Type Jet Fuel,EEX,Exports,MKJEXP52,West Coast (PADD 5) Exports of Kerosene-Type Jet Fuel (Thousand Barrels per Day),26,MBBL/D
2013-07,R50-Z00,PADD 5,EPJK,Kerosene-Type Jet Fuel,EEX,Exports,MKJEXP51,West Coast (PADD 5) Exports of Kerosene-Type Jet Fuel (Thousand Barrels),872,MBBL
2013-07,R50-Z00,PADD 5,EPJK,Kerosene-Type Jet Fuel,EEX,Exports,MKJEXP52,West Coast (PADD 5) Exports of Kerosene-Type Jet Fuel (Thousand Barrels per Day),28,MBBL/D
2013-08,R50-Z00,PADD 5,EPJK,Kerosene-Type Jet Fuel,EEX,Exports,MKJEXP51,West Coast (PADD 5) Exports of Kerosene-Type Jet Fuel (Thousand Barrels),822,MBBL
2013-08,R50-Z00,PADD 5,EPJK,Kerosene-Type Jet Fuel,EEX,Exports,MKJEXP52,West Coast (PADD 5) Exports of Kerosene-Type Jet Fuel (Thousand Barrels per Day),27,MBBL/D
2013-09,R50-Z00,PADD 5,EPJK,Kerosene-Type Jet Fuel,EEX,Exports,MKJEXP51,West Coast (PADD 5) Exports of Kerosene-Type Jet Fuel (Thousand Barrels),1112,MBBL
2013-09,R50-Z00,PADD 5,EPJK,Kerosene-Type Jet Fuel,EEX,Exports,MKJEXP52,West Coast (PADD 5) Exports of Kerosene-Type Jet Fuel (Thousand Barrels per Day),37,MBBL/D
2013-10,R50-Z00,PADD 5,EPJK,Kerosene-Type Jet Fuel,EEX,Exports,MKJEXP51,West Coast (PADD 5) Exports of Kerosene-Type Jet Fuel (Thousand Barrels),687,MBBL
2013-10,R50-Z00,PADD 5,EPJK,Kerosene-Type Jet Fuel,EEX,Exports,MKJEXP52,West Coast (PADD 5) Exports of Kerosene-Type Jet Fuel (Thousand Barrels per Day),22,MBBL/D
2013-11,R50-Z00,PADD 5,EPJK,Kerosene-Type Jet Fuel,EEX,Exports,MKJEXP51,West Coast (PADD 5) Exports of Kerosene-Type Jet Fuel (Thousand Barrels),834,MBBL
2013-11,R50-Z00,PADD 5,EPJK,Kerosene-Type Jet Fuel,EEX,Exports,MKJEXP52,West Coast (PADD 5) Exports of Kerosene-Type Jet Fuel (Thousand Barrels per Day),28,MBBL/D
2013-12,R50-Z00,PADD 5,EPJK,Kerosene-Type Jet Fuel,EEX,Exports,MKJEXP51,West Coast (PADD 5) Exports of Kerosene-Type Jet Fuel (Thousand Barrels),1040,MBBL
2013-12,R50-Z00,PADD 5,EPJK,Kerosene-Type Jet Fuel,EEX,Exports,MKJEXP52,West Coast (PADD 5) Exports of Kerosene-Type Jet Fuel (Thousand Barrels per Day),34,MBBL/D
2014-01,R50-Z00,PADD 5,EPJK,Kerosene-Type Jet Fuel,EEX,Exports,MKJEXP51,West Coast (PADD 5) Exports of Kerosene-Type Jet Fuel (Thousand Barrels),1396,MBBL
2014-01,R50-Z00,PADD 5,EPJK,Kerosene-Type Jet Fuel,EEX,Exports,MKJEXP52,West Coast (PADD 5) Exports of Kerosene-Type Jet Fuel (Thousand Barrels per Day),45,MBBL/D
2014-02,R50-Z00,PADD 5,EPJK,Kerosene-Type Jet Fuel,EEX,Exports,MKJEXP51,West Coast (PADD 5) Exports of Kerosene-Type Jet Fuel (Thousand Barrels),456,MBBL
2014-02,R50-Z00,PADD 5,EPJK,Kerosene-Type Jet Fuel,EEX,Exports,MKJEXP52,West Coast (PADD 5) Exports of Kerosene-Type Jet Fuel (Thousand Barrels per Day),16,MBBL/D
2014-03,R50-Z00,PADD 5,EPJK,Kerosene-Type Jet Fuel,EEX,Exports,MKJEXP51,West Coast (PADD 5) Exports of Kerosene-Type Jet Fuel (Thousand Barrels),1230,MBBL
2014-03,R50-Z00,PADD 5,EPJK,Kerosene-Type Jet Fuel,EEX,Exports,MKJEXP52,West Coast (PADD 5) Exports of Kerosene-Type Jet Fuel (Thousand Barrels per Day),40,MBBL/D
2014-04,R50-Z00,PADD 5,EPJK,Kerosene-Type Jet Fuel,EEX,Exports,MKJEXP51,West Coast (PADD 5) Exports of Kerosene-Type Jet Fuel (Thousand Barrels),539,MBBL
2014-04,R50-Z00,PADD 5,EPJK,Kerosene-Type Jet Fuel,EEX,Exports,MKJEXP52,West Coast (PADD 5) Exports of Kerosene-Type Jet Fuel (Thousand Barrels per Day),18,MBBL/D
2014-05,R50-Z00,PADD 5,EPJK,Kerosene-Type Jet Fuel,EEX,Exports,MKJEXP51,West Coast (PADD 5) Exports of Kerosene-Type Jet Fuel (Thousand Barrels),769,MBBL
2014-05,R50-Z00,PADD 5,EPJK,Kerosene-Type Jet Fuel,EEX,Exports,MKJEXP52,West Coast (PADD 5) Exports of Kerosene-Type Jet Fuel (Thousand Barrels per Day),25,MBBL/D
2014-06,R50-Z00,PADD 5,EPJK,Kerosene-Type Jet Fuel,EEX,Exports,MKJEXP51,West Coast (PADD 5) Exports of Kerosene-Type Jet Fuel (Thousand Barrels),505,MBBL
2014-06,R50-Z00,PADD 5,EPJK,Kerosene-Type Jet Fuel,EEX,Exports,MKJEXP52,West Coast (PADD 5) Exports of Kerosene-Type Jet Fuel (Thousand Barrels per Day),17,MBBL/D
2014-07,R50-Z00,PADD 5,EPJK,Kerosene-Type Jet Fuel,EEX,Exports,MKJEXP51,West Coast (PADD 5) Exports of Kerosene-Type Jet Fuel (Thousand Barrels),976,MBBL
2014-07,R50-Z00,PADD 5,EPJK,Kerosene-Type Jet Fuel,EEX,Exports,MKJEXP52,West Coast (PADD 5) Exports of Kerosene-Type Jet Fuel (Thousand Barrels per Day),31,MBBL/D
2014-08,R50-Z00,PADD 5,EPJK,Kerosene-Type Jet Fuel,EEX,Exports,MKJEXP51,West Coast (PADD 5) Exports of Kerosene-Type Jet Fuel (Thousand Barrels),715,MBBL
2014-08,R50-Z00,PADD 5,EPJK,Kerosene-Type Jet Fuel,EEX,Exports,MKJEXP52,West Coast (PADD 5) Exports of Kerosene-Type Jet Fuel (Thousand Barrels per Day),23,MBBL/D
2014-09,R50-Z00,PADD 5,EPJK,Kerosene-Type Jet Fuel,EEX,Exports,MKJEXP51,West Coast (PADD 5) Exports of Kerosene-Type Jet Fuel (Thousand Barrels),1001,MBBL
2014-09,R50-Z00,PADD 5,EPJK,Kerosene-Type Jet Fuel,EEX,Exports,MKJEXP52,West Coast (PADD 5) Exports of Kerosene-Type Jet Fuel (Thousand Barrels per Day),33,MBBL/D
2014-10,R50-Z00,PADD 5,EPJK,Kerosene-Type Jet Fuel,EEX,Exports,MKJEXP51,West Coast (PADD 5) Exports of Kerosene-Type Jet Fuel (Thousand Barrels),1376,MBBL
2014-10,R50-Z00,PADD 5,EPJK,Kerosene-Type Jet Fuel,EEX,Exports,MKJEXP52,West Coast (PADD 5) Exports of Kerosene-Type Jet Fuel (Thousand Barrels per Day),44,MBBL/D
2014-11,R50-Z00,PADD 5,EPJK,Kerosene-Type Jet Fuel,EEX,Exports,MKJEXP51,West Coast (PADD 5) Exports of Kerosene-Type Jet Fuel (Thousand Barrels),1264,MBBL
2014-11,R50-Z00,PADD 5,EPJK,Kerosene-Type Jet Fuel,EEX,Exports,MKJEXP52,West Coast (PADD 5) Exports of Kerosene-Type Jet Fuel (Thousand Barrels per Day),42,MBBL/D
2014-12,R50-Z00,PADD 5,EPJK,Kerosene-Type Jet Fuel,EEX,Exports,MKJEXP51,West Coast (PADD 5) Exports of Kerosene-Type Jet Fuel (Thousand Barrels),813,MBBL
2014-12,R50-Z00,PADD 5,EPJK,Kerosene-Type Jet Fuel,EEX,Exports,MKJEXP52,West Coast (PADD 5) Exports of Kerosene-Type Jet Fuel (Thousand Barrels per Day),26,MBBL/D
2015-01,R50-Z00,PADD 5,EPJK,Kerosene-Type Jet Fuel,EEX,Exports,MKJEXP51,West Coast (PADD 5) Exports of Kerosene-Type Jet Fuel (Thousand Barrels),587,MBBL
2015-01,R50-Z00,PADD 5,EPJK,Kerosene-Type Jet Fuel,EEX,Exports,MKJEXP52,West Coast (PADD 5) Exports of Kerosene-Type Jet Fuel (Thousand Barrels per Day),19,MBBL/D
2015-02,R50-Z00,PADD 5,EPJK,Kerosene-Type Jet Fuel,EEX,Exports,MKJEXP51,West Coast (PADD 5) Exports of Kerosene-Type Jet Fuel (Thousand Barrels),980,MBBL
2015-02,R50-Z00,PADD 5,EPJK,Kerosene-Type Jet Fuel,EEX,Exports,MKJEXP52,West Coast (PADD 5) Exports of Kerosene-Type Jet Fuel (Thousand Barrels per Day),35,MBBL/D
2015-03,R50-Z00,PADD 5,EPJK,Kerosene-Type Jet Fuel,EEX,Exports,MKJEXP51,West Coast (PADD 5) Exports of Kerosene-Type Jet Fuel (Thousand Barrels),1001,MBBL
2015-03,R50-Z00,PADD 5,EPJK,Kerosene-Type Jet Fuel,EEX,Exports,MKJEXP52,West Coast (PADD 5) Exports of Kerosene-Type Jet Fuel (Thousand Barrels per Day),32,MBBL/D
2015-04,R50-Z00,PADD 5,EPJK,Kerosene-Type Jet Fuel,EEX,Exports,MKJEXP51,West Coast (PADD 5) Exports of Kerosene-Type Jet Fuel (Thousand Barrels),673,MBBL
2015-04,R50-Z00,PADD 5,EPJK,Kerosene-Type Jet Fuel,EEX,Exports,MKJEXP52,West Coast (PADD 5) Exports of Kerosene-Type Jet Fuel (Thousand Barrels per Day),22,MBBL/D
2015-05,R50-Z00,PADD 5,EPJK,Kerosene-Type Jet Fuel,EEX,Exports,MKJEXP51,West Coast (PADD 5) Exports of Kerosene-Type Jet Fuel (Thousand Barrels),503,MBBL
2015-05,R50-Z00,PADD 5,EPJK,Kerosene-Type Jet Fuel,EEX,Exports,MKJEXP52,West Coast (PADD 5) Exports of Kerosene-Type Jet Fuel (Thousand Barrels per Day),16,MBBL/D
2015-06,R50-Z00,PADD 5,EPJK,Kerosene-Type Jet Fuel,EEX,Exports,MKJEXP51,West Coast (PADD 5) Exports of Kerosene-Type Jet Fuel (Thousand Barrels),743,MBBL
2015-06,R50-Z00,PADD 5,EPJK,Kerosene-Type Jet Fuel,EEX,Exports,MKJEXP52,West Coast (PADD 5) Exports of Kerosene-Type Jet Fuel (Thousand Barrels per Day),25,MBBL/D
2015-07,R50-Z00,PADD 5,EPJK,Kerosene-Type Jet Fuel,EEX,Exports,MKJEXP51,West Coast (PADD 5) Exports of Kerosene-Type Jet Fuel (Thousand Barrels),815,MBBL
2015-07,R50-Z00,PADD 5,EPJK,Kerosene-Type Jet Fuel,EEX,Exports,MKJEXP52,West Coast (PADD 5) Exports of Kerosene-Type Jet Fuel (Thousand Barrels per Day),26,MBBL/D
2015-08,R50-Z00,PADD 5,EPJK,Kerosene-Type Jet Fuel,EEX,Exports,MKJEXP51,West Coast (PADD 5) Exports of Kerosene-Type Jet Fuel (Thousand Barrels),697,MBBL
2015-08,R50-Z00,PADD 5,EPJK,Kerosene-Type Jet Fuel,EEX,Exports,MKJEXP52,West Coast (PADD 5) Exports of Kerosene-Type Jet Fuel (Thousand Barrels per Day),22,MBBL/D
2015-09,R50-Z00,PADD 5,EPJK,Kerosene-Type Jet Fuel,EEX,Exports,MKJEXP51,West Coast (PADD 5) Exports of Kerosene-Type Jet Fuel (Thousand Barrels),639,MBBL
2015-09,R50-Z00,PADD 5,EPJK,Kerosene-Type Jet Fuel,EEX,Exports,MKJEXP52,West Coast (PADD 5) Exports of Kerosene-Type Jet Fuel (Thousand Barrels per Day),21,MBBL/D
2015-10,R50-Z00,PADD 5,EPJK,Kerosene-Type Jet Fuel,EEX,Exports,MKJEXP51,West Coast (PADD 5) Exports of Kerosene-Type Jet Fuel (Thousand Barrels),608,MBBL
2015-10,R50-Z00,PADD 5,EPJK,Kerosene-Type Jet Fuel,EEX,Exports,MKJEXP52,West Coast (PADD 5) Exports of Kerosene-Type Jet Fuel (Thousand Barrels per Day),20,MBBL/D
2015-11,R50-Z00,PADD 5,EPJK,Kerosene-Type Jet Fuel,EEX,Exports,MKJEXP51,West Coast (PADD 5) Exports of Kerosene-Type Jet Fuel (Thousand Barrels),520,MBBL
2015-11,R50-Z00,PADD 5,EPJK,Kerosene-Type Jet Fuel,EEX,Exports,MKJEXP52,West Coast (PADD 5) Exports of Kerosene-Type Jet Fuel (Thousand Barrels per Day),17,MBBL/D
2015-12,R50-Z00,PADD 5,EPJK,Kerosene-Type Jet Fuel,EEX,Exports,MKJEXP51,West Coast (PADD 5) Exports of Kerosene-Type Jet Fuel (Thousand Barrels),838,MBBL
2015-12,R50-Z00,PADD 5,EPJK,Kerosene-Type Jet Fuel,EEX,Exports,MKJEXP52,West Coast (PADD 5) Exports of Kerosene-Type Jet Fuel (Thousand Barrels per Day),27,MBBL/D
2016-01,R50-Z00,PADD 5,EPJK,Kerosene-Type Jet Fuel,EEX,Exports,MKJEXP51,West Coast (PADD 5) Exports of Kerosene-Type Jet Fuel (Thousand Barrels),372,MBBL
2016-01,R50-Z00,PADD 5,EPJK,Kerosene-Type Jet Fuel,EEX,Exports,MKJEXP52,West Coast (PADD 5) Exports of Kerosene-Type Jet Fuel (Thousand Barrels per Day),12,MBBL/D
2016-02,R50-Z00,PADD 5,EPJK,Kerosene-Type Jet Fuel,EEX,Exports,MKJEXP51,West Coast (PADD 5) Exports of Kerosene-Type Jet Fuel (Thousand Barrels),594,MBBL
2016-02,R50-Z00,PADD 5,EPJK,Kerosene-Type Jet Fuel,EEX,Exports,MKJEXP52,West Coast (PADD 5) Exports of Kerosene-Type Jet Fuel (Thousand Barrels per Day),20,MBBL/D
2016-03,R50-Z00,PADD 5,EPJK,Kerosene-Type Jet Fuel,EEX,Exports,MKJEXP51,West Coast (PADD 5) Exports of Kerosene-Type Jet Fuel (Thousand Barrels),337,MBBL
2016-03,R50-Z00,PADD 5,EPJK,Kerosene-Type Jet Fuel,EEX,Exports,MKJEXP52,West Coast (PADD 5) Exports of Kerosene-Type Jet Fuel (Thousand Barrels per Day),11,MBBL/D
2016-04,R50-Z00,PADD 5,EPJK,Kerosene-Type Jet Fuel,EEX,Exports,MKJEXP51,West Coast (PADD 5) Exports of Kerosene-Type Jet Fuel (Thousand Barrels),513,MBBL
2016-04,R50-Z00,PADD 5,EPJK,Kerosene-Type Jet Fuel,EEX,Exports,MKJEXP52,West Coast (PADD 5) Exports of Kerosene-Type Jet Fuel (Thousand Barrels per Day),17,MBBL/D
2016-05,R50-Z00,PADD 5,EPJK,Kerosene-Type Jet Fuel,EEX,Exports,MKJEXP51,West Coast (PADD 5) Exports of Kerosene-Type Jet Fuel (Thousand Barrels),687,MBBL
2016-05,R50-Z00,PADD 5,EPJK,Kerosene-Type Jet Fuel,EEX,Exports,MKJEXP52,West Coast (PADD 5) Exports of Kerosene-Type Jet Fuel (Thousand Barrels per Day),22,MBBL/D
2016-06,R50-Z00,PADD 5,EPJK,Kerosene-Type Jet Fuel,EEX,Exports,MKJEXP51,West Coast (PADD 5) Exports of Kerosene-Type Jet Fuel (Thousand Barrels),939,MBBL
2016-06,R50-Z00,PADD 5,EPJK,Kerosene-Type Jet Fuel,EEX,Exports,MKJEXP52,West Coast (PADD 5) Exports of Kerosene-Type Jet Fuel (Thousand Barrels per Day),31,MBBL/D
2016-07,R50-Z00,PADD 5,EPJK,Kerosene-Type Jet Fuel,EEX,Exports,MKJEXP51,West Coast (PADD 5) Exports of Kerosene-Type Jet Fuel (Thousand Barrels),680,MBBL
2016-07,R50-Z00,PADD 5,EPJK,Kerosene-Type Jet Fuel,EEX,Exports,MKJEXP52,West Coast (PADD 5) Exports of Kerosene-Type Jet Fuel (Thousand Barrels per Day),22,MBBL/D
2016-08,R50-Z00,PADD 5,EPJK,Kerosene-Type Jet Fuel,EEX,Exports,MKJEXP51,West Coast (PADD 5) Exports of Kerosene-Type Jet Fuel (Thousand Barrels),1119,MBBL
2016-08,R50-Z00,PADD 5,EPJK,Kerosene-Type Jet Fuel,EEX,Exports,MKJEXP52,West Coast (PADD 5) Exports of Kerosene-Type Jet Fuel (Thousand Barrels per Day),36,MBBL/D
2016-09,R50-Z00,PADD 5,EPJK,Kerosene-Type Jet Fuel,EEX,Exports,MKJEXP51,West Coast (PADD 5) Exports of Kerosene-Type Jet Fuel (Thousand Barrels),1074,MBBL
2016-09,R50-Z00,PADD 5,EPJK,Kerosene-Type Jet Fuel,EEX,Exports,MKJEXP52,West Coast (PADD 5) Exports of Kerosene-Type Jet Fuel (Thousand Barrels per Day),36,MBBL/D
2016-10,R50-Z00,PADD 5,EPJK,Kerosene-Type Jet Fuel,EEX,Exports,MKJEXP51,West Coast (PADD 5) Exports of Kerosene-Type Jet Fuel (Thousand Barrels),659,MBBL
2016-10,R50-Z00,PADD 5,EPJK,Kerosene-Type Jet Fuel,EEX,Exports,MKJEXP52,West Coast (PADD 5) Exports of Kerosene-Type Jet Fuel (Thousand Barrels per Day),21,MBBL/D
2016-11,R50-Z00,PADD 5,EPJK,Kerosene-Type Jet Fuel,EEX,Exports,MKJEXP51,West Coast (PADD 5) Exports of Kerosene-Type Jet Fuel (Thousand Barrels),835,MBBL
2016-11,R50-Z00,PADD 5,EPJK,Kerosene-Type Jet Fuel,EEX,Exports,MKJEXP52,West Coast (PADD 5) Exports of Kerosene-Type Jet Fuel (Thousand Barrels per Day),28,MBBL/D
2016-12,R50-Z00,PADD 5,EPJK,Kerosene-Type Jet Fuel,EEX,Exports,MKJEXP51,West Coast (PADD 5) Exports of Kerosene-Type Jet Fuel (Thousand Barrels),1080,MBBL
2016-12,R50-Z00,PADD 5,EPJK,Kerosene-Type Jet Fuel,EEX,Exports,MKJEXP52,West Coast (PADD 5) Exports of Kerosene-Type Jet Fuel (Thousand Barrels per Day),35,MBBL/D
2017-01,R50-Z00,PADD 5,EPJK,Kerosene-Type Jet Fuel,EEX,Exports,MKJEXP51,West Coast (PADD 5) Exports of Kerosene-Type Jet Fuel (Thousand Barrels),886,MBBL
2017-01,R50-Z00,PADD 5,EPJK,Kerosene-Type Jet Fuel,EEX,Exports,MKJEXP52,West Coast (PADD 5) Exports of Kerosene-Type Jet Fuel (Thousand Barrels per Day),29,MBBL/D
2017-02,R50-Z00,PADD 5,EPJK,Kerosene-Type Jet Fuel,EEX,Exports,MKJEXP51,West Coast (PADD 5) Exports of Kerosene-Type Jet Fuel (Thousand Barrels),915,MBBL
2017-02,R50-Z00,PADD 5,EPJK,Kerosene-Type Jet Fuel,EEX,Exports,MKJEXP52,West Coast (PADD 5) Exports of Kerosene-Type Jet Fuel (Thousand Barrels per Day),33,MBBL/D
2017-03,R50-Z00,PADD 5,EPJK,Kerosene-Type Jet Fuel,EEX,Exports,MKJEXP51,West Coast (PADD 5) Exports of Kerosene-Type Jet Fuel (Thousand Barrels),844,MBBL
2017-03,R50-Z00,PADD 5,EPJK,Kerosene-Type Jet Fuel,EEX,Exports,MKJEXP52,West Coast (PADD 5) Exports of Kerosene-Type Jet Fuel (Thousand Barrels per Day),27,MBBL/D
2017-04,R50-Z00,PADD 5,EPJK,Kerosene-Type Jet Fuel,EEX,Exports,MKJEXP51,West Coast (PADD 5) Exports of Kerosene-Type Jet Fuel (Thousand Barrels),734,MBBL
2017-04,R50-Z00,PADD 5,EPJK,Kerosene-Type Jet Fuel,EEX,Exports,MKJEXP52,West Coast (PADD 5) Exports of Kerosene-Type Jet Fuel (Thousand Barrels per Day),24,MBBL/D
2017-05,R50-Z00,PADD 5,EPJK,Kerosene-Type Jet Fuel,EEX,Exports,MKJEXP51,West Coast (PADD 5) Exports of Kerosene-Type Jet Fuel (Thousand Barrels),729,MBBL
2017-05,R50-Z00,PADD 5,EPJK,Kerosene-Type Jet Fuel,EEX,Exports,MKJEXP52,West Coast (PADD 5) Exports of Kerosene-Type Jet Fuel (Thousand Barrels per Day),24,MBBL/D
2017-06,R50-Z00,PADD 5,EPJK,Kerosene-Type Jet Fuel,EEX,Exports,MKJEXP51,West Coast (PADD 5) Exports of Kerosene-Type Jet Fuel (Thousand Barrels),872,MBBL
2017-06,R50-Z00,PADD 5,EPJK,Kerosene-Type Jet Fuel,EEX,Exports,MKJEXP52,West Coast (PADD 5) Exports of Kerosene-Type Jet Fuel (Thousand Barrels per Day),29,MBBL/D
2017-07,R50-Z00,PADD 5,EPJK,Kerosene-Type Jet Fuel,EEX,Exports,MKJEXP51,West Coast (PADD 5) Exports of Kerosene-Type Jet Fuel (Thousand Barrels),1443,MBBL
2017-07,R50-Z00,PADD 5,EPJK,Kerosene-Type Jet Fuel,EEX,Exports,MKJEXP52,West Coast (PADD 5) Exports of Kerosene-Type Jet Fuel (Thousand Barrels per Day),47,MBBL/D
2017-08,R50-Z00,PADD 5,EPJK,Kerosene-Type Jet Fuel,EEX,Exports,MKJEXP51,West Coast (PADD 5) Exports of Kerosene-Type Jet Fuel (Thousand Barrels),1298,MBBL
2017-08,R50-Z00,PADD 5,EPJK,Kerosene-Type Jet Fuel,EEX,Exports,MKJEXP52,West Coast (PADD 5) Exports of Kerosene-Type Jet Fuel (Thousand Barrels per Day),42,MBBL/D
2017-09,R50-Z00,PADD 5,EPJK,Kerosene-Type Jet Fuel,EEX,Exports,MKJEXP51,West Coast (PADD 5) Exports of Kerosene-Type Jet Fuel (Thousand Barrels),1027,MBBL
2017-09,R50-Z00,PADD 5,EPJK,Kerosene-Type Jet Fuel,EEX,Exports,MKJEXP52,West Coast (PADD 5) Exports of Kerosene-Type Jet Fuel (Thousand Barrels per Day),34,MBBL/D
2017-10,R50-Z00,PADD 5,EPJK,Kerosene-Type Jet Fuel,EEX,Exports,MKJEXP51,West Coast (PADD 5) Exports of Kerosene-Type Jet Fuel (Thousand Barrels),463,MBBL
2017-10,R50-Z00,PADD 5,EPJK,Kerosene-Type Jet Fuel,EEX,Exports,MKJEXP52,West Coast (PADD 5) Exports of Kerosene-Type Jet Fuel (Thousand Barrels per Day),15,MBBL/D
2017-11,R50-Z00,PADD 5,EPJK,Kerosene-Type Jet Fuel,EEX,Exports,MKJEXP51,West Coast (PADD 5) Exports of Kerosene-Type Jet Fuel (Thousand Barrels),663,MBBL
2017-11,R50-Z00,PADD 5,EPJK,Kerosene-Type Jet Fuel,EEX,Exports,MKJEXP52,West Coast (PADD 5) Exports of Kerosene-Type Jet Fuel (Thousand Barrels per Day),22,MBBL/D
2017-12,R50-Z00,PADD 5,EPJK,Kerosene-Type Jet Fuel,EEX,Exports,MKJEXP51,West Coast (PADD 5) Exports of Kerosene-Type Jet Fuel (Thousand Barrels),916,MBBL
2017-12,R50-Z00,PADD 5,EPJK,Kerosene-Type Jet Fuel,EEX,Exports,MKJEXP52,West Coast (PADD 5) Exports of Kerosene-Type Jet Fuel (Thousand Barrels per Day),30,MBBL/D
2018-01,R50-Z00,PADD 5,EPJK,Kerosene-Type Jet Fuel,EEX,Exports,MKJEXP51,West Coast (PADD 5) Exports of Kerosene-Type Jet Fuel (Thousand Barrels),805,MBBL
2018-01,R50-Z00,PADD 5,EPJK,Kerosene-Type Jet Fuel,EEX,Exports,MKJEXP52,West Coast (PADD 5) Exports of Kerosene-Type Jet Fuel (Thousand Barrels per Day),26,MBBL/D
2018-02,R50-Z00,PADD 5,EPJK,Kerosene-Type Jet Fuel,EEX,Exports,MKJEXP51,West Coast (PADD 5) Exports of Kerosene-Type Jet Fuel (Thousand Barrels),854,MBBL
2018-02,R50-Z00,PADD 5,EPJK,Kerosene-Type Jet Fuel,EEX,Exports,MKJEXP52,West Coast (PADD 5) Exports of Kerosene-Type Jet Fuel (Thousand Barrels per Day),31,MBBL/D
2018-03,R50-Z00,PADD 5,EPJK,Kerosene-Type Jet Fuel,EEX,Exports,MKJEXP51,West Coast (PADD 5) Exports of Kerosene-Type Jet Fuel (Thousand Barrels),1330,MBBL
2018-03,R50-Z00,PADD 5,EPJK,Kerosene-Type Jet Fuel,EEX,Exports,MKJEXP52,West Coast (PADD 5) Exports of Kerosene-Type Jet Fuel (Thousand Barrels per Day),43,MBBL/D
2018-04,R50-Z00,PADD 5,EPJK,Kerosene-Type Jet Fuel,EEX,Exports,MKJEXP51,West Coast (PADD 5) Exports of Kerosene-Type Jet Fuel (Thousand Barrels),616,MBBL
2018-04,R50-Z00,PADD 5,EPJK,Kerosene-Type Jet Fuel,EEX,Exports,MKJEXP52,West Coast (PADD 5) Exports of Kerosene-Type Jet Fuel (Thousand Barrels per Day),21,MBBL/D
2018-05,R50-Z00,PADD 5,EPJK,Kerosene-Type Jet Fuel,EEX,Exports,MKJEXP51,West Coast (PADD 5) Exports of Kerosene-Type Jet Fuel (Thousand Barrels),517,MBBL
2018-05,R50-Z00,PADD 5,EPJK,Kerosene-Type Jet Fuel,EEX,Exports,MKJEXP52,West Coast (PADD 5) Exports of Kerosene-Type Jet Fuel (Thousand Barrels per Day),17,MBBL/D
2018-06,R50-Z00,PADD 5,EPJK,Kerosene-Type Jet Fuel,EEX,Exports,MKJEXP51,West Coast (PADD 5) Exports of Kerosene-Type Jet Fuel (Thousand Barrels),561,MBBL
2018-06,R50-Z00,PADD 5,EPJK,Kerosene-Type Jet Fuel,EEX,Exports,MKJEXP52,West Coast (PADD 5) Exports of Kerosene-Type Jet Fuel (Thousand Barrels per Day),19,MBBL/D
2018-07,R50-Z00,PADD 5,EPJK,Kerosene-Type Jet Fuel,EEX,Exports,MKJEXP51,West Coast (PADD 5) Exports of Kerosene-Type Jet Fuel (Thousand Barrels),835,MBBL
2018-07,R50-Z00,PADD 5,EPJK,Kerosene-Type Jet Fuel,EEX,Exports,MKJEXP52,West Coast (PADD 5) Exports of Kerosene-Type Jet Fuel (Thousand Barrels per Day),27,MBBL/D
2018-08,R50-Z00,PADD 5,EPJK,Kerosene-Type Jet Fuel,EEX,Exports,MKJEXP51,West Coast (PADD 5) Exports of Kerosene-Type Jet Fuel (Thousand Barrels),759,MBBL
2018-08,R50-Z00,PADD 5,EPJK,Kerosene-Type Jet Fuel,EEX,Exports,MKJEXP52,West Coast (PADD 5) Exports of Kerosene-Type Jet Fuel (Thousand Barrels per Day),24,MBBL/D
2018-09,R50-Z00,PADD 5,EPJK,Kerosene-Type Jet Fuel,EEX,Exports,MKJEXP51,West Coast (PADD 5) Exports of Kerosene-Type Jet Fuel (Thousand Barrels),788,MBBL
2018-09,R50-Z00,PADD 5,EPJK,Kerosene-Type Jet Fuel,EEX,Exports,MKJEXP52,West Coast (PADD 5) Exports of Kerosene-Type Jet Fuel (Thousand Barrels per Day),26,MBBL/D
2018-10,R50-Z00,PADD 5,EPJK,Kerosene-Type Jet Fuel,EEX,Exports,MKJEXP51,West Coast (PADD 5) Exports of Kerosene-Type Jet Fuel (Thousand Barrels),1060,MBBL
2018-10,R50-Z00,PADD 5,EPJK,Kerosene-Type Jet Fuel,EEX,Exports,MKJEXP52,West Coast (PADD 5) Exports of Kerosene-Type Jet Fuel (Thousand Barrels per Day),34,MBBL/D
2018-11,R50-Z00,PADD 5,EPJK,Kerosene-Type Jet Fuel,EEX,Exports,MKJEXP51,West Coast (PADD 5) Exports of Kerosene-Type Jet Fuel (Thousand Barrels),719,MBBL
2018-11,R50-Z00,PADD 5,EPJK,Kerosene-Type Jet Fuel,EEX,Exports,MKJEXP52,West Coast (PADD 5) Exports of Kerosene-Type Jet Fuel (Thousand Barrels per Day),24,MBBL/D
2018-12,R50-Z00,PADD 5,EPJK,Kerosene-Type Jet Fuel,EEX,Exports,MKJEXP51,West Coast (PADD 5) Exports of Kerosene-Type Jet Fuel (Thousand Barrels),765,MBBL
2018-12,R50-Z00,PADD 5,EPJK,Kerosene-Type Jet Fuel,EEX,Exports,MKJEXP52,West Coast (PADD 5) Exports of Kerosene-Type Jet Fuel (Thousand Barrels per Day),25,MBBL/D
2019-01,R50-Z00,PADD 5,EPJK,Kerosene-Type Jet Fuel,EEX,Exports,MKJEXP51,West Coast (PADD 5) Exports of Kerosene-Type Jet Fuel (Thousand Barrels),717,MBBL
2019-01,R50-Z00,PADD 5,EPJK,Kerosene-Type Jet Fuel,EEX,Exports,MKJEXP52,West Coast (PADD 5) Exports of Kerosene-Type Jet Fuel (Thousand Barrels per Day),23,MBBL/D
2019-02,R50-Z00,PADD 5,EPJK,Kerosene-Type Jet Fuel,EEX,Exports,MKJEXP51,West Coast (PADD 5) Exports of Kerosene-Type Jet Fuel (Thousand Barrels),922,MBBL
2019-02,R50-Z00,PADD 5,EPJK,Kerosene-Type Jet Fuel,EEX,Exports,MKJEXP52,West Coast (PADD 5) Exports of Kerosene-Type Jet Fuel (Thousand Barrels per Day),33,MBBL/D
2019-03,R50-Z00,PADD 5,EPJK,Kerosene-Type Jet Fuel,EEX,Exports,MKJEXP51,West Coast (PADD 5) Exports of Kerosene-Type Jet Fuel (Thousand Barrels),850,MBBL
2019-03,R50-Z00,PADD 5,EPJK,Kerosene-Type Jet Fuel,EEX,Exports,MKJEXP52,West Coast (PADD 5) Exports of Kerosene-Type Jet Fuel (Thousand Barrels per Day),27,MBBL/D
2019-04,R50-Z00,PADD 5,EPJK,Kerosene-Type Jet Fuel,EEX,Exports,MKJEXP51,West Coast (PADD 5) Exports of Kerosene-Type Jet Fuel (Thousand Barrels),660,MBBL
2019-04,R50-Z00,PADD 5,EPJK,Kerosene-Type Jet Fuel,EEX,Exports,MKJEXP52,West Coast (PADD 5) Exports of Kerosene-Type Jet Fuel (Thousand Barrels per Day),22,MBBL/D
2019-05,R50-Z00,PADD 5,EPJK,Kerosene-Type Jet Fuel,EEX,Exports,MKJEXP51,West Coast (PADD 5) Exports of Kerosene-Type Jet Fuel (Thousand Barrels),393,MBBL
2019-05,R50-Z00,PADD 5,EPJK,Kerosene-Type Jet Fuel,EEX,Exports,MKJEXP52,West Coast (PADD 5) Exports of Kerosene-Type Jet Fuel (Thousand Barrels per Day),13,MBBL/D
2019-06,R50-Z00,PADD 5,EPJK,Kerosene-Type Jet Fuel,EEX,Exports,MKJEXP51,West Coast (PADD 5) Exports of Kerosene-Type Jet Fuel (Thousand Barrels),653,MBBL
2019-06,R50-Z00,PADD 5,EPJK,Kerosene-Type Jet Fuel,EEX,Exports,MKJEXP52,West Coast (PADD 5) Exports of Kerosene-Type Jet Fuel (Thousand Barrels per Day),22,MBBL/D
2019-07,R50-Z00,PADD 5,EPJK,Kerosene-Type Jet Fuel,EEX,Exports,MKJEXP51,West Coast (PADD 5) Exports of Kerosene-Type Jet Fuel (Thousand Barrels),902,MBBL
2019-07,R50-Z00,PADD 5,EPJK,Kerosene-Type Jet Fuel,EEX,Exports,MKJEXP52,West Coast (PADD 5) Exports of Kerosene-Type Jet Fuel (Thousand Barrels per Day),29,MBBL/D
2019-08,R50-Z00,PADD 5,EPJK,Kerosene-Type Jet Fuel,EEX,Exports,MKJEXP51,West Coast (PADD 5) Exports of Kerosene-Type Jet Fuel (Thousand Barrels),687,MBBL
2019-08,R50-Z00,PADD 5,EPJK,Kerosene-Type Jet Fuel,EEX,Exports,MKJEXP52,West Coast (PADD 5) Exports of Kerosene-Type Jet Fuel (Thousand Barrels per Day),22,MBBL/D
2019-09,R50-Z00,PADD 5,EPJK,Kerosene-Type Jet Fuel,EEX,Exports,MKJEXP51,West Coast (PADD 5) Exports of Kerosene-Type Jet Fuel (Thousand Barrels),790,MBBL
2019-09,R50-Z00,PADD 5,EPJK,Kerosene-Type Jet Fuel,EEX,Exports,MKJEXP52,West Coast (PADD 5) Exports of Kerosene-Type Jet Fuel (Thousand Barrels per Day),26,MBBL/D
2019-10,R50-Z00,PADD 5,EPJK,Kerosene-Type Jet Fuel,EEX,Exports,MKJEXP51,West Coast (PADD 5) Exports of Kerosene-Type Jet Fuel (Thousand Barrels),820,MBBL
2019-10,R50-Z00,PADD 5,EPJK,Kerosene-Type Jet Fuel,EEX,Exports,MKJEXP52,West Coast (PADD 5) Exports of Kerosene-Type Jet Fuel (Thousand Barrels per Day),26,MBBL/D
2019-11,R50-Z00,PADD 5,EPJK,Kerosene-Type Jet Fuel,EEX,Exports,MKJEXP51,West Coast (PADD 5) Exports of Kerosene-Type Jet Fuel (Thousand Barrels),927,MBBL
2019-11,R50-Z00,PADD 5,EPJK,Kerosene-Type Jet Fuel,EEX,Exports,MKJEXP52,West Coast (PADD 5) Exports of Kerosene-Type Jet Fuel (Thousand Barrels per Day),31,MBBL/D
2019-12,R50-Z00,PADD 5,EPJK,Kerosene-Type Jet Fuel,EEX,Exports,MKJEXP51,West Coast (PADD 5) Exports of Kerosene-Type Jet Fuel (Thousand Barrels),1201,MBBL
2019-12,R50-Z00,PADD 5,EPJK,Kerosene-Type Jet Fuel,EEX,Exports,MKJEXP52,West Coast (PADD 5) Exports of Kerosene-Type Jet Fuel (Thousand Barrels per Day),39,MBBL/D
2020-01,R50-Z00,PADD 5,EPJK,Kerosene-Type Jet Fuel,EEX,Exports,MKJEXP51,West Coast (PADD 5) Exports of Kerosene-Type Jet Fuel (Thousand Barrels),929,MBBL
2020-01,R50-Z00,PADD 5,EPJK,Kerosene-Type Jet Fuel,EEX,Exports,MKJEXP52,West Coast (PADD 5) Exports of Kerosene-Type Jet Fuel (Thousand Barrels per Day),30,MBBL/D
2020-02,R50-Z00,PADD 5,EPJK,Kerosene-Type Jet Fuel,EEX,Exports,MKJEXP51,West Coast (PADD 5) Exports of Kerosene-Type Jet Fuel (Thousand Barrels),786,MBBL
2020-02,R50-Z00,PADD 5,EPJK,Kerosene-Type Jet Fuel,EEX,Exports,MKJEXP52,West Coast (PADD 5) Exports of Kerosene-Type Jet Fuel (Thousand Barrels per Day),27,MBBL/D
2020-03,R50-Z00,PADD 5,EPJK,Kerosene-Type Jet Fuel,EEX,Exports,MKJEXP51,West Coast (PADD 5) Exports of Kerosene-Type Jet Fuel (Thousand Barrels),840,MBBL
2020-03,R50-Z00,PADD 5,EPJK,Kerosene-Type Jet Fuel,EEX,Exports,MKJEXP52,West Coast (PADD 5) Exports of Kerosene-Type Jet Fuel (Thousand Barrels per Day),27,MBBL/D
2020-04,R50-Z00,PADD 5,EPJK,Kerosene-Type Jet Fuel,EEX,Exports,MKJEXP51,West Coast (PADD 5) Exports of Kerosene-Type Jet Fuel (Thousand Barrels),440,MBBL
2020-04,R50-Z00,PADD 5,EPJK,Kerosene-Type Jet Fuel,EEX,Exports,MKJEXP52,West Coast (PADD 5) Exports of Kerosene-Type Jet Fuel (Thousand Barrels per Day),15,MBBL/D
2020-05,R50-Z00,PADD 5,EPJK,Kerosene-Type Jet Fuel,EEX,Exports,MKJEXP51,West Coast (PADD 5) Exports of Kerosene-Type Jet Fuel (Thousand Barrels),90,MBBL
2020-05,R50-Z00,PADD 5,EPJK,Kerosene-Type Jet Fuel,EEX,Exports,MKJEXP52,West Coast (PADD 5) Exports of Kerosene-Type Jet Fuel (Thousand Barrels per Day),3,MBBL/D
2020-06,R50-Z00,PADD 5,EPJK,Kerosene-Type Jet Fuel,EEX,Exports,MKJEXP51,West Coast (PADD 5) Exports of Kerosene-Type Jet Fuel (Thousand Barrels),129,MBBL
2020-06,R50-Z00,PADD 5,EPJK,Kerosene-Type Jet Fuel,EEX,Exports,MKJEXP52,West Coast (PADD 5) Exports of Kerosene-Type Jet Fuel (Thousand Barrels per Day),4,MBBL/D
2020-07,R50-Z00,PADD 5,EPJK,Kerosene-Type Jet Fuel,EEX,Exports,MKJEXP51,West Coast (PADD 5) Exports of Kerosene-Type Jet Fuel (Thousand Barrels),156,MBBL
2020-07,R50-Z00,PADD 5,EPJK,Kerosene-Type Jet Fuel,EEX,Exports,MKJEXP52,West Coast (PADD 5) Exports of Kerosene-Type Jet Fuel (Thousand Barrels per Day),5,MBBL/D
2020-08,R50-Z00,PADD 5,EPJK,Kerosene-Type Jet Fuel,EEX,Exports,MKJEXP51,West Coast (PADD 5) Exports of Kerosene-Type Jet Fuel (Thousand Barrels),267,MBBL
2020-08,R50-Z00,PADD 5,EPJK,Kerosene-Type Jet Fuel,EEX,Exports,MKJEXP52,West Coast (PADD 5) Exports of Kerosene-Type Jet Fuel (Thousand Barrels per Day),9,MBBL/D
2020-09,R50-Z00,PADD 5,EPJK,Kerosene-Type Jet Fuel,EEX,Exports,MKJEXP51,West Coast (PADD 5) Exports of Kerosene-Type Jet Fuel (Thousand Barrels),237,MBBL
2020-09,R50-Z00,PADD 5,EPJK,Kerosene-Type Jet Fuel,EEX,Exports,MKJEXP52,West Coast (PADD 5) Exports of Kerosene-Type Jet Fuel (Thousand Barrels per Day),8,MBBL/D
2020-10,R50-Z00,PADD 5,EPJK,Kerosene-Type Jet Fuel,EEX,Exports,MKJEXP51,West Coast (PADD 5) Exports of Kerosene-Type Jet Fuel (Thousand Barrels),180,MBBL
2020-10,R50-Z00,PADD 5,EPJK,Kerosene-Type Jet Fuel,EEX,Exports,MKJEXP52,West Coast (PADD 5) Exports of Kerosene-Type Jet Fuel (Thousand Barrels per Day),6,MBBL/D
2020-11,R50-Z00,PADD 5,EPJK,Kerosene-Type Jet Fuel,EEX,Exports,MKJEXP51,West Coast (PADD 5) Exports of Kerosene-Type Jet Fuel (Thousand Barrels),466,MBBL
2020-11,R50-Z00,PADD 5,EPJK,Kerosene-Type Jet Fuel,EEX,Exports,MKJEXP52,West Coast (PADD 5) Exports of Kerosene-Type Jet Fuel (Thousand Barrels per Day),16,MBBL/D
2020-12,R50-Z00,PADD 5,EPJK,Kerosene-Type Jet Fuel,EEX,Exports,MKJEXP51,West Coast (PADD 5) Exports of Kerosene-Type Jet Fuel (Thousand Barrels),293,MBBL
2020-12,R50-Z00,PADD 5,EPJK,Kerosene-Type Jet Fuel,EEX,Exports,MKJEXP52,West Coast (PADD 5) Exports of Kerosene-Type Jet Fuel (Thousand Barrels per Day),9,MBBL/D
2021-01,R50-Z00,PADD 5,EPJK,Kerosene-Type Jet Fuel,EEX,Exports,MKJEXP51,West Coast (PADD 5) Exports of Kerosene-Type Jet Fuel (Thousand Barrels),305,MBBL
2021-01,R50-Z00,PADD 5,EPJK,Kerosene-Type Jet Fuel,EEX,Exports,MKJEXP52,West Coast (PADD 5) Exports of Kerosene-Type Jet Fuel (Thousand Barrels per Day),10,MBBL/D
2021-02,R50-Z00,PADD 5,EPJK,Kerosene-Type Jet Fuel,EEX,Exports,MKJEXP51,West Coast (PADD 5) Exports of Kerosene-Type Jet Fuel (Thousand Barrels),189,MBBL
2021-02,R50-Z00,PADD 5,EPJK,Kerosene-Type Jet Fuel,EEX,Exports,MKJEXP52,West Coast (PADD 5) Exports of Kerosene-Type Jet Fuel (Thousand Barrels per Day),7,MBBL/D
2021-03,R50-Z00,PADD 5,EPJK,Kerosene-Type Jet Fuel,EEX,Exports,MKJEXP51,West Coast (PADD 5) Exports of Kerosene-Type Jet Fuel (Thousand Barrels),435,MBBL
2021-03,R50-Z00,PADD 5,EPJK,Kerosene-Type Jet Fuel,EEX,Exports,MKJEXP52,West Coast (PADD 5) Exports of Kerosene-Type Jet Fuel (Thousand Barrels per Day),14,MBBL/D
2021-04,R50-Z00,PADD 5,EPJK,Kerosene-Type Jet Fuel,EEX,Exports,MKJEXP51,West Coast (PADD 5) Exports of Kerosene-Type Jet Fuel (Thousand Barrels),594,MBBL
2021-04,R50-Z00,PADD 5,EPJK,Kerosene-Type Jet Fuel,EEX,Exports,MKJEXP52,West Coast (PADD 5) Exports of Kerosene-Type Jet Fuel (Thousand Barrels per Day),20,MBBL/D
2021-05,R50-Z00,PADD 5,EPJK,Kerosene-Type Jet Fuel,EEX,Exports,MKJEXP51,West Coast (PADD 5) Exports of Kerosene-Type Jet Fuel (Thousand Barrels),424,MBBL
2021-05,R50-Z00,PADD 5,EPJK,Kerosene-Type Jet Fuel,EEX,Exports,MKJEXP52,West Coast (PADD 5) Exports of Kerosene-Type Jet Fuel (Thousand Barrels per Day),14,MBBL/D
2021-06,R50-Z00,PADD 5,EPJK,Kerosene-Type Jet Fuel,EEX,Exports,MKJEXP51,West Coast (PADD 5) Exports of Kerosene-Type Jet Fuel (Thousand Barrels),622,MBBL
2021-06,R50-Z00,PADD 5,EPJK,Kerosene-Type Jet Fuel,EEX,Exports,MKJEXP52,West Coast (PADD 5) Exports of Kerosene-Type Jet Fuel (Thousand Barrels per Day),21,MBBL/D
2021-07,R50-Z00,PADD 5,EPJK,Kerosene-Type Jet Fuel,EEX,Exports,MKJEXP51,West Coast (PADD 5) Exports of Kerosene-Type Jet Fuel (Thousand Barrels),564,MBBL
2021-07,R50-Z00,PADD 5,EPJK,Kerosene-Type Jet Fuel,EEX,Exports,MKJEXP52,West Coast (PADD 5) Exports of Kerosene-Type Jet Fuel (Thousand Barrels per Day),18,MBBL/D
2021-08,R50-Z00,PADD 5,EPJK,Kerosene-Type Jet Fuel,EEX,Exports,MKJEXP51,West Coast (PADD 5) Exports of Kerosene-Type Jet Fuel (Thousand Barrels),535,MBBL
2021-08,R50-Z00,PADD 5,EPJK,Kerosene-Type Jet Fuel,EEX,Exports,MKJEXP52,West Coast (PADD 5) Exports of Kerosene-Type Jet Fuel (Thousand Barrels per Day),17,MBBL/D
2021-09,R50-Z00,PADD 5,EPJK,Kerosene-Type Jet Fuel,EEX,Exports,MKJEXP51,West Coast (PADD 5) Exports of Kerosene-Type Jet Fuel (Thousand Barrels),459,MBBL
2021-09,R50-Z00,PADD 5,EPJK,Kerosene-Type Jet Fuel,EEX,Exports,MKJEXP52,West Coast (PADD 5) Exports of Kerosene-Type Jet Fuel (Thousand Barrels per Day),15,MBBL/D
2021-10,R50-Z00,PADD 5,EPJK,Kerosene-Type Jet Fuel,EEX,Exports,MKJEXP51,West Coast (PADD 5) Exports of Kerosene-Type Jet Fuel (Thousand Barrels),508,MBBL
2021-10,R50-Z00,PADD 5,EPJK,Kerosene-Type Jet Fuel,EEX,Exports,MKJEXP52,West Coast (PADD 5) Exports of Kerosene-Type Jet Fuel (Thousand Barrels per Day),16,MBBL/D
2021-11,R50-Z00,PADD 5,EPJK,Kerosene-Type Jet Fuel,EEX,Exports,MKJEXP51,West Coast (PADD 5) Exports of Kerosene-Type Jet Fuel (Thousand Barrels),718,MBBL
2021-11,R50-Z00,PADD 5,EPJK,Kerosene-Type Jet Fuel,EEX,Exports,MKJEXP52,West Coast (PADD 5) Exports of Kerosene-Type Jet Fuel (Thousand Barrels per Day),24,MBBL/D
2021-12,R50-Z00,PADD 5,EPJK,Kerosene-Type Jet Fuel,EEX,Exports,MKJEXP51,West Coast (PADD 5) Exports of Kerosene-Type Jet Fuel (Thousand Barrels),931,MBBL
2021-12,R50-Z00,PADD 5,EPJK,Kerosene-Type Jet Fuel,EEX,Exports,MKJEXP52,West Coast (PADD 5) Exports of Kerosene-Type Jet Fuel (Thousand Barrels per Day),30,MBBL/D
2022-01,R50-Z00,PADD 5,EPJK,Kerosene-Type Jet Fuel,EEX,Exports,MKJEXP51,West Coast (PADD 5) Exports of Kerosene-Type Jet Fuel (Thousand Barrels),397,MBBL
2022-01,R50-Z00,PADD 5,EPJK,Kerosene-Type Jet Fuel,EEX,Exports,MKJEXP52,West Coast (PADD 5) Exports of Kerosene-Type Jet Fuel (Thousand Barrels per Day),13,MBBL/D
2022-02,R50-Z00,PADD 5,EPJK,Kerosene-Type Jet Fuel,EEX,Exports,MKJEXP51,West Coast (PADD 5) Exports of Kerosene-Type Jet Fuel (Thousand Barrels),415,MBBL
2022-02,R50-Z00,PADD 5,EPJK,Kerosene-Type Jet Fuel,EEX,Exports,MKJEXP52,West Coast (PADD 5) Exports of Kerosene-Type Jet Fuel (Thousand Barrels per Day),15,MBBL/D
2022-03,R50-Z00,PADD 5,EPJK,Kerosene-Type Jet Fuel,EEX,Exports,MKJEXP51,West Coast (PADD 5) Exports of Kerosene-Type Jet Fuel (Thousand Barrels),730,MBBL
2022-03,R50-Z00,PADD 5,EPJK,Kerosene-Type Jet Fuel,EEX,Exports,MKJEXP52,West Coast (PADD 5) Exports of Kerosene-Type Jet Fuel (Thousand Barrels per Day),24,MBBL/D
2022-04,R50-Z00,PADD 5,EPJK,Kerosene-Type Jet Fuel,EEX,Exports,MKJEXP51,West Coast (PADD 5) Exports of Kerosene-Type Jet Fuel (Thousand Barrels),606,MBBL
2022-04,R50-Z00,PADD 5,EPJK,Kerosene-Type Jet Fuel,EEX,Exports,MKJEXP52,West Coast (PADD 5) Exports of Kerosene-Type Jet Fuel (Thousand Barrels per Day),20,MBBL/D
2022-05,R50-Z00,PADD 5,EPJK,Kerosene-Type Jet Fuel,EEX,Exports,MKJEXP51,West Coast (PADD 5) Exports of Kerosene-Type Jet Fuel (Thousand Barrels),728,MBBL
2022-05,R50-Z00,PADD 5,EPJK,Kerosene-Type Jet Fuel,EEX,Exports,MKJEXP52,West Coast (PADD 5) Exports of Kerosene-Type Jet Fuel (Thousand Barrels per Day),23,MBBL/D
2022-06,R50-Z00,PADD 5,EPJK,Kerosene-Type Jet Fuel,EEX,Exports,MKJEXP51,West Coast (PADD 5) Exports of Kerosene-Type Jet Fuel (Thousand Barrels),479,MBBL
2022-06,R50-Z00,PADD 5,EPJK,Kerosene-Type Jet Fuel,EEX,Exports,MKJEXP52,West Coast (PADD 5) Exports of Kerosene-Type Jet Fuel (Thousand Barrels per Day),16,MBBL/D
2022-07,R50-Z00,PADD 5,EPJK,Kerosene-Type Jet Fuel,EEX,Exports,MKJEXP51,West Coast (PADD 5) Exports of Kerosene-Type Jet Fuel (Thousand Barrels),823,MBBL
2022-07,R50-Z00,PADD 5,EPJK,Kerosene-Type Jet Fuel,EEX,Exports,MKJEXP52,West Coast (PADD 5) Exports of Kerosene-Type Jet Fuel (Thousand Barrels per Day),27,MBBL/D
2022-08,R50-Z00,PADD 5,EPJK,Kerosene-Type Jet Fuel,EEX,Exports,MKJEXP51,West Coast (PADD 5) Exports of Kerosene-Type Jet Fuel (Thousand Barrels),765,MBBL
2022-08,R50-Z00,PADD 5,EPJK,Kerosene-Type Jet Fuel,EEX,Exports,MKJEXP52,West Coast (PADD 5) Exports of Kerosene-Type Jet Fuel (Thousand Barrels per Day),25,MBBL/D
2022-09,R50-Z00,PADD 5,EPJK,Kerosene-Type Jet Fuel,EEX,Exports,MKJEXP51,West Coast (PADD 5) Exports of Kerosene-Type Jet Fuel (Thousand Barrels),301,MBBL
2022-09,R50-Z00,PADD 5,EPJK,Kerosene-Type Jet Fuel,EEX,Exports,MKJEXP52,West Coast (PADD 5) Exports of Kerosene-Type Jet Fuel (Thousand Barrels per Day),10,MBBL/D
2022-10,R50-Z00,PADD 5,EPJK,Kerosene-Type Jet Fuel,EEX,Exports,MKJEXP51,West Coast (PADD 5) Exports of Kerosene-Type Jet Fuel (Thousand Barrels),369,MBBL
2022-10,R50-Z00,PADD 5,EPJK,Kerosene-Type Jet Fuel,EEX,Exports,MKJEXP52,West Coast (PADD 5) Exports of Kerosene-Type Jet Fuel (Thousand Barrels per Day),12,MBBL/D
2022-11,R50-Z00,PADD 5,EPJK,Kerosene-Type Jet Fuel,EEX,Exports,MKJEXP51,West Coast (PADD 5) Exports of Kerosene-Type Jet Fuel (Thousand Barrels),931,MBBL
2022-11,R50-Z00,PADD 5,EPJK,Kerosene-Type Jet Fuel,EEX,Exports,MKJEXP52,West Coast (PADD 5) Exports of Kerosene-Type Jet Fuel (Thousand Barrels per Day),31,MBBL/D
2022-12,R50-Z00,PADD 5,EPJK,Kerosene-Type Jet Fuel,EEX,Exports,MKJEXP51,West Coast (PADD 5) Exports of Kerosene-Type Jet Fuel (Thousand Barrels),1040,MBBL
2022-12,R50-Z00,PADD 5,EPJK,Kerosene-Type Jet Fuel,EEX,Exports,MKJEXP52,West Coast (PADD 5) Exports of Kerosene-Type Jet Fuel (Thousand Barrels per Day),34,MBBL/D
2023-01,R50-Z00,PADD 5,EPJK,Kerosene-Type Jet Fuel,EEX,Exports,MKJEXP51,West Coast (PADD 5) Exports of Kerosene-Type Jet Fuel (Thousand Barrels),795,MBBL
2023-01,R50-Z00,PADD 5,EPJK,Kerosene-Type Jet Fuel,EEX,Exports,MKJEXP52,West Coast (PADD 5) Exports of Kerosene-Type Jet Fuel (Thousand Barrels per Day),26,MBBL/D
2023-02,R50-Z00,PADD 5,EPJK,Kerosene-Type Jet Fuel,EEX,Exports,MKJEXP51,West Coast (PADD 5) Exports of Kerosene-Type Jet Fuel (Thousand Barrels),838,MBBL
2023-02,R50-Z00,PADD 5,EPJK,Kerosene-Type Jet Fuel,EEX,Exports,MKJEXP52,West Coast (PADD 5) Exports of Kerosene-Type Jet Fuel (Thousand Barrels per Day),30,MBBL/D
2023-03,R50-Z00,PADD 5,EPJK,Kerosene-Type Jet Fuel,EEX,Exports,MKJEXP51,West Coast (PADD 5) Exports of Kerosene-Type Jet Fuel (Thousand Barrels),853,MBBL
2023-03,R50-Z00,PADD 5,EPJK,Kerosene-Type Jet Fuel,EEX,Exports,MKJEXP52,West Coast (PADD 5) Exports of Kerosene-Type Jet Fuel (Thousand Barrels per Day),28,MBBL/D
2023-04,R50-Z00,PADD 5,EPJK,Kerosene-Type Jet Fuel,EEX,Exports,MKJEXP51,West Coast (PADD 5) Exports of Kerosene-Type Jet Fuel (Thousand Barrels),492,MBBL
2023-04,R50-Z00,PADD 5,EPJK,Kerosene-Type Jet Fuel,EEX,Exports,MKJEXP52,West Coast (PADD 5) Exports of Kerosene-Type Jet Fuel (Thousand Barrels per Day),16,MBBL/D
2023-05,R50-Z00,PADD 5,EPJK,Kerosene-Type Jet Fuel,EEX,Exports,MKJEXP51,West Coast (PADD 5) Exports of Kerosene-Type Jet Fuel (Thousand Barrels),473,MBBL
2023-05,R50-Z00,PADD 5,EPJK,Kerosene-Type Jet Fuel,EEX,Exports,MKJEXP52,West Coast (PADD 5) Exports of Kerosene-Type Jet Fuel (Thousand Barrels per Day),15,MBBL/D
2023-06,R50-Z00,PADD 5,EPJK,Kerosene-Type Jet Fuel,EEX,Exports,MKJEXP51,West Coast (PADD 5) Exports of Kerosene-Type Jet Fuel (Thousand Barrels),621,MBBL
2023-06,R50-Z00,PADD 5,EPJK,Kerosene-Type Jet Fuel,EEX,Exports,MKJEXP52,West Coast (PADD 5) Exports of Kerosene-Type Jet Fuel (Thousand Barrels per Day),21,MBBL/D
2023-07,R50-Z00,PADD 5,EPJK,Kerosene-Type Jet Fuel,EEX,Exports,MKJEXP51,West Coast (PADD 5) Exports of Kerosene-Type Jet Fuel (Thousand Barrels),534,MBBL
2023-07,R50-Z00,PADD 5,EPJK,Kerosene-Type Jet Fuel,EEX,Exports,MKJEXP52,West Coast (PADD 5) Exports of Kerosene-Type Jet Fuel (Thousand Barrels per Day),17,MBBL/D
2023-08,R50-Z00,PADD 5,EPJK,Kerosene-Type Jet Fuel,EEX,Exports,MKJEXP51,West Coast (PADD 5) Exports of Kerosene-Type Jet Fuel (Thousand Barrels),951,MBBL
2023-08,R50-Z00,PADD 5,EPJK,Kerosene-Type Jet Fuel,EEX,Exports,MKJEXP52,West Coast (PADD 5) Exports of Kerosene-Type Jet Fuel (Thousand Barrels per Day),31,MBBL/D
2023-09,R50-Z00,PADD 5,EPJK,Kerosene-Type Jet Fuel,EEX,Exports,MKJEXP51,West Coast (PADD 5) Exports of Kerosene-Type Jet Fuel (Thousand Barrels),765,MBBL
2023-09,R50-Z00,PADD 5,EPJK,Kerosene-Type Jet Fuel,EEX,Exports,MKJEXP52,West Coast (PADD 5) Exports of Kerosene-Type Jet Fuel (Thousand Barrels per Day),26,MBBL/D
2023-10,R50-Z00,PADD 5,EPJK,Kerosene-Type Jet Fuel,EEX,Exports,MKJEXP51,West Coast (PADD 5) Exports of Kerosene-Type Jet Fuel (Thousand Barrels),672,MBBL
2023-10,R50-Z00,PADD 5,EPJK,Kerosene-Type Jet Fuel,EEX,Exports,MKJEXP52,West Coast (PADD 5) Exports of Kerosene-Type Jet Fuel (Thousand Barrels per Day),22,MBBL/D
2023-11,R50-Z00,PADD 5,EPJK,Kerosene-Type Jet Fuel,EEX,Exports,MKJEXP51,West Coast (PADD 5) Exports of Kerosene-Type Jet Fuel (Thousand Barrels),932,MBBL
2023-11,R50-Z00,PADD 5,EPJK,Kerosene-Type Jet Fuel,EEX,Exports,MKJEXP52,West Coast (PADD 5) Exports of Kerosene-Type Jet Fuel (Thousand Barrels per Day),31,MBBL/D
2023-12,R50-Z00,PADD 5,EPJK,Kerosene-Type Jet Fuel,EEX,Exports,MKJEXP51,West Coast (PADD 5) Exports of Kerosene-Type Jet Fuel (Thousand Barrels),606,MBBL
2023-12,R50-Z00,PADD 5,EPJK,Kerosene-Type Jet Fuel,EEX,Exports,MKJEXP52,West Coast (PADD 5) Exports of Kerosene-Type Jet Fuel (Thousand Barrels per Day),20,MBBL/D
2024-01,R50-Z00,PADD 5,EPJK,Kerosene-Type Jet Fuel,EEX,Exports,MKJEXP51,West Coast (PADD 5) Exports of Kerosene-Type Jet Fuel (Thousand Barrels),1379,MBBL
2024-01,R50-Z00,PADD 5,EPJK,Kerosene-Type Jet Fuel,EEX,Exports,MKJEXP52,West Coast (PADD 5) Exports of Kerosene-Type Jet Fuel (Thousand Barrels per Day),44,MBBL/D
2024-02,R50-Z00,PADD 5,EPJK,Kerosene-Type Jet Fuel,EEX,Exports,MKJEXP51,West Coast (PADD 5) Exports of Kerosene-Type Jet Fuel (Thousand Barrels),906,MBBL
2024-02,R50-Z00,PADD 5,EPJK,Kerosene-Type Jet Fuel,EEX,Exports,MKJEXP52,West Coast (PADD 5) Exports of Kerosene-Type Jet Fuel (Thousand Barrels per Day),31,MBBL/D
2024-03,R50-Z00,PADD 5,EPJK,Kerosene-Type Jet Fuel,EEX,Exports,MKJEXP51,West Coast (PADD 5) Exports of Kerosene-Type Jet Fuel (Thousand Barrels),897,MBBL
2024-03,R50-Z00,PADD 5,EPJK,Kerosene-Type Jet Fuel,EEX,Exports,MKJEXP52,West Coast (PADD 5) Exports of Kerosene-Type Jet Fuel (Thousand Barrels per Day),29,MBBL/D
2024-04,R50-Z00,PADD 5,EPJK,Kerosene-Type Jet Fuel,EEX,Exports,MKJEXP51,West Coast (PADD 5) Exports of Kerosene-Type Jet Fuel (Thousand Barrels),395,MBBL
2024-04,R50-Z00,PADD 5,EPJK,Kerosene-Type Jet Fuel,EEX,Exports,MKJEXP52,West Coast (PADD 5) Exports of Kerosene-Type Jet Fuel (Thousand Barrels per Day),13,MBBL/D
2024-05,R50-Z00,PADD 5,EPJK,Kerosene-Type Jet Fuel,EEX,Exports,MKJEXP51,West Coast (PADD 5) Exports of Kerosene-Type Jet Fuel (Thousand Barrels),788,MBBL
2024-05,R50-Z00,PADD 5,EPJK,Kerosene-Type Jet Fuel,EEX,Exports,MKJEXP52,West Coast (PADD 5) Exports of Kerosene-Type Jet Fuel (Thousand Barrels per Day),25,MBBL/D
2024-06,R50-Z00,PADD 5,EPJK,Kerosene-Type Jet Fuel,EEX,Exports,MKJEXP51,West Coast (PADD 5) Exports of Kerosene-Type Jet Fuel (Thousand Barrels),1101,MBBL
2024-06,R50-Z00,PADD 5,EPJK,Kerosene-Type Jet Fuel,EEX,Exports,MKJEXP52,West Coast (PADD 5) Exports of Kerosene-Type Jet Fuel (Thousand Barrels per Day),37,MBBL/D
2024-07,R50-Z00,PADD 5,EPJK,Kerosene-Type Jet Fuel,EEX,Exports,MKJEXP51,West Coast (PADD 5) Exports of Kerosene-Type Jet Fuel (Thousand Barrels),615,MBBL
2024-07,R50-Z00,PADD 5,EPJK,Kerosene-Type Jet Fuel,EEX,Exports,MKJEXP52,West Coast (PADD 5) Exports of Kerosene-Type Jet Fuel (Thousand Barrels per Day),20,MBBL/D
2024-08,R50-Z00,PADD 5,EPJK,Kerosene-Type Jet Fuel,EEX,Exports,MKJEXP51,West Coast (PADD 5) Exports of Kerosene-Type Jet Fuel (Thousand Barrels),1090,MBBL
2024-08,R50-Z00,PADD 5,EPJK,Kerosene-Type Jet Fuel,EEX,Exports,MKJEXP52,West Coast (PADD 5) Exports of Kerosene-Type Jet Fuel (Thousand Barrels per Day),35,MBBL/D
2024-09,R50-Z00,PADD 5,EPJK,Kerosene-Type Jet Fuel,EEX,Exports,MKJEXP51,West Coast (PADD 5) Exports of Kerosene-Type Jet Fuel (Thousand Barrels),762,MBBL
2024-09,R50-Z00,PADD 5,EPJK,Kerosene-Type Jet Fuel,EEX,Exports,MKJEXP52,West Coast (PADD 5) Exports of Kerosene-Type Jet Fuel (Thousand Barrels per Day),25,MBBL/D
2024-10,R50-Z00,PADD 5,EPJK,Kerosene-Type Jet Fuel,EEX,Exports,MKJEXP51,West Coast (PADD 5) Exports of Kerosene-Type Jet Fuel (Thousand Barrels),403,MBBL
2024-10,R50-Z00,PADD 5,EPJK,Kerosene-Type Jet Fuel,EEX,Exports,MKJEXP52,West Coast (PADD 5) Exports of Kerosene-Type Jet Fuel (Thousand Barrels per Day),13,MBBL/D
2024-11,R50-Z00,PADD 5,EPJK,Kerosene-Type Jet Fuel,EEX,Exports,MKJEXP51,West Coast (PADD 5) Exports of Kerosene-Type Jet Fuel (Thousand Barrels),1179,MBBL
2024-11,R50-Z00,PADD 5,EPJK,Kerosene-Type Jet Fuel,EEX,Exports,MKJEXP52,West Coast (PADD 5) Exports of Kerosene-Type Jet Fuel (Thousand Barrels per Day),39,MBBL/D
2024-12,R50-Z00,PADD 5,EPJK,Kerosene-Type Jet Fuel,EEX,Exports,MKJEXP51,West Coast (PADD 5) Exports of Kerosene-Type Jet Fuel (Thousand Barrels),1046,MBBL
2024-12,R50-Z00,PADD 5,EPJK,Kerosene-Type Jet Fuel,EEX,Exports,MKJEXP52,West Coast (PADD 5) Exports of Kerosene-Type Jet Fuel (Thousand Barrels per Day),34,MBBL/D
2025-01,R50-Z00,PADD 5,EPJK,Kerosene-Type Jet Fuel,EEX,Exports,MKJEXP51,West Coast (PADD 5) Exports of Kerosene-Type Jet Fuel (Thousand Barrels),1032,MBBL
2025-01,R50-Z00,PADD 5,EPJK,Kerosene-Type Jet Fuel,EEX,Exports,MKJEXP52,West Coast (PADD 5) Exports of Kerosene-Type Jet Fuel (Thousand Barrels per Day),33,MBBL/D
2025-02,R50-Z00,PADD 5,EPJK,Kerosene-Type Jet Fuel,EEX,Exports,MKJEXP51,West Coast (PADD 5) Exports of Kerosene-Type Jet Fuel (Thousand Barrels),793,MBBL
2025-02,R50-Z00,PADD 5,EPJK,Kerosene-Type Jet Fuel,EEX,Exports,MKJEXP52,West Coast (PADD 5) Exports of Kerosene-Type Jet Fuel (Thousand Barrels per Day),28,MBBL/D
2025-03,R50-Z00,PADD 5,EPJK,Kerosene-Type Jet Fuel,EEX,Exports,MKJEXP51,West Coast (PADD 5) Exports of Kerosene-Type Jet Fuel (Thousand Barrels),459,MBBL
2025-03,R50-Z00,PADD 5,EPJK,Kerosene-Type Jet Fuel,EEX,Exports,MKJEXP52,West Coast (PADD 5) Exports of Kerosene-Type Jet Fuel (Thousand Barrels per Day),15,MBBL/D
2025-04,R50-Z00,PADD 5,EPJK,Kerosene-Type Jet Fuel,EEX,Exports,MKJEXP51,West Coast (PADD 5) Exports of Kerosene-Type Jet Fuel (Thousand Barrels),233,MBBL
2025-04,R50-Z00,PADD 5,EPJK,Kerosene-Type Jet Fuel,EEX,Exports,MKJEXP52,West Coast (PADD 5) Exports of Kerosene-Type Jet Fuel (Thousand Barrels per Day),8,MBBL/D
2025-05,R50-Z00,PADD 5,EPJK,Kerosene-Type Jet Fuel,EEX,Exports,MKJEXP51,West Coast (PADD 5) Exports of Kerosene-Type Jet Fuel (Thousand Barrels),419,MBBL
2025-05,R50-Z00,PADD 5,EPJK,Kerosene-Type Jet Fuel,EEX,Exports,MKJEXP52,West Coast (PADD 5) Exports of Kerosene-Type Jet Fuel (Thousand Barrels per Day),14,MBBL/D
2025-06,R50-Z00,PADD 5,EPJK,Kerosene-Type Jet Fuel,EEX,Exports,MKJEXP51,West Coast (PADD 5) Exports of Kerosene-Type Jet Fuel (Thousand Barrels),302,MBBL
2025-06,R50-Z00,PADD 5,EPJK,Kerosene-Type Jet Fuel,EEX,Exports,MKJEXP52,West Coast (PADD 5) Exports of Kerosene-Type Jet Fuel (Thousand Barrels per Day),10,MBBL/D
2025-07,R50-Z00,PADD 5,EPJK,Kerosene-Type Jet Fuel,EEX,Exports,MKJEXP51,West Coast (PADD 5) Exports of Kerosene-Type Jet Fuel (Thousand Barrels),449,MBBL
2025-07,R50-Z00,PADD 5,EPJK,Kerosene-Type Jet Fuel,EEX,Exports,MKJEXP52,West Coast (PADD 5) Exports of Kerosene-Type Jet Fuel (Thousand Barrels per Day),14,MBBL/D
2025-08,R50-Z00,PADD 5,EPJK,Kerosene-Type Jet Fuel,EEX,Exports,MKJEXP51,West Coast (PADD 5) Exports of Kerosene-Type Jet Fuel (Thousand Barrels),429,MBBL
2025-08,R50-Z00,PADD 5,EPJK,Kerosene-Type Jet Fuel,EEX,Exports,MKJEXP52,West Coast (PADD 5) Exports of Kerosene-Type Jet Fuel (Thousand Barrels per Day),14,MBBL/D
2025-09,R50-Z00,PADD 5,EPJK,Kerosene-Type Jet Fuel,EEX,Exports,MKJEXP51,West Coast (PADD 5) Exports of Kerosene-Type Jet Fuel (Thousand Barrels),760,MBBL
2025-09,R50-Z00,PADD 5,EPJK,Kerosene-Type Jet Fuel,EEX,Exports,MKJEXP52,West Coast (PADD 5) Exports of Kerosene-Type Jet Fuel (Thousand Barrels per Day),25,MBBL/D
2025-10,R50-Z00,PADD 5,EPJK,Kerosene-Type Jet Fuel,EEX,Exports,MKJEXP51,West Coast (PADD 5) Exports of Kerosene-Type Jet Fuel (Thousand Barrels),293,MBBL
2025-10,R50-Z00,PADD 5,EPJK,Kerosene-Type Jet Fuel,EEX,Exports,MKJEXP52,West Coast (PADD 5) Exports of Kerosene-Type Jet Fuel (Thousand Barrels per Day),9,MBBL/D
2025-11,R50-Z00,PADD 5,EPJK,Kerosene-Type Jet Fuel,EEX,Exports,MKJEXP51,West Coast (PADD 5) Exports of Kerosene-Type Jet Fuel (Thousand Barrels),661,MBBL
2025-11,R50-Z00,PADD 5,EPJK,Kerosene-Type Jet Fuel,EEX,Exports,MKJEXP52,West Coast (PADD 5) Exports of Kerosene-Type Jet Fuel (Thousand Barrels per Day),22,MBBL/D
2025-12,R50-Z00,PADD 5,EPJK,Kerosene-Type Jet Fuel,EEX,Exports,MKJEXP51,West Coast (PADD 5) Exports of Kerosene-Type Jet Fuel (Thousand Barrels),790,MBBL
2025-12,R50-Z00,PADD 5,EPJK,Kerosene-Type Jet Fuel,EEX,Exports,MKJEXP52,West Coast (PADD 5) Exports of Kerosene-Type Jet Fuel (Thousand Barrels per Day),25,MBBL/D
2026-01,R50-Z00,PADD 5,EPJK,Kerosene-Type Jet Fuel,EEX,Exports,MKJEXP51,West Coast (PADD 5) Exports of Kerosene-Type Jet Fuel (Thousand Barrels),742,MBBL
2026-01,R50-Z00,PADD 5,EPJK,Kerosene-Type Jet Fuel,EEX,Exports,MKJEXP52,West Coast (PADD 5) Exports of Kerosene-Type Jet Fuel (Thousand Barrels per Day),24,MBBL/D
2026-02,R50-Z00,PADD 5,EPJK,Kerosene-Type Jet Fuel,EEX,Exports,MKJEXP51,West Coast (PADD 5) Exports of Kerosene-Type Jet Fuel (Thousand Barrels),956,MBBL
2026-02,R50-Z00,PADD 5,EPJK,Kerosene-Type Jet Fuel,EEX,Exports,MKJEXP52,West Coast (PADD 5) Exports of Kerosene-Type Jet Fuel (Thousand Barrels per Day),34,MBBL/D
2026-03,R50-Z00,PADD 5,EPJK,Kerosene-Type Jet Fuel,EEX,Exports,MKJEXP51,West Coast (PADD 5) Exports of Kerosene-Type Jet Fuel (Thousand Barrels),1014,MBBL
2026-03,R50-Z00,PADD 5,EPJK,Kerosene-Type Jet Fuel,EEX,Exports,MKJEXP52,West Coast (PADD 5) Exports of Kerosene-Type Jet Fuel (Thousand Barrels per Day),33,MBBL/D
2026-04,R50-Z00,PADD 5,EPJK,Kerosene-Type Jet Fuel,EEX,Exports,MKJEXP51,West Coast (PADD 5) Exports of Kerosene-Type Jet Fuel (Thousand Barrels),1230,MBBL
2026-04,R50-Z00,PADD 5,EPJK,Kerosene-Type Jet Fuel,EEX,Exports,MKJEXP52,West Coast (PADD 5) Exports of Kerosene-Type Jet Fuel (Thousand Barrels per Day),41,MBBL/D
2026-05,R50-Z00,PADD 5,EPJK,Kerosene-Type Jet Fuel,EEX,Exports,MKJEXP51,West Coast (PADD 5) Exports of Kerosene-Type Jet Fuel (Thousand Barrels),331,MBBL
2026-05,R50-Z00,PADD 5,EPJK,Kerosene-Type Jet Fuel,EEX,Exports,MKJEXP52,West Coast (PADD 5) Exports of Kerosene-Type Jet Fuel (Thousand Barrels per Day),11,MBBL/D
2026-06,R50-Z00,PADD 5,EPJK,Kerosene-Type Jet Fuel,EEX,Exports,MKJEXP51,West Coast (PADD 5) Exports of Kerosene-Type Jet Fuel (Thousand Barrels),268,MBBL
2026-06,R50-Z00,PADD 5,EPJK,Kerosene-Type Jet Fuel,EEX,Exports,MKJEXP52,West Coast (PADD 5) Exports of Kerosene-Type Jet Fuel (Thousand Barrels per Day),9,MBBL/D
