period,duoarea,area-name,product,product-name,process,process-name,series,series-description,value,units
1981-08,R10-Z00,PADD 1,EPJK,Kerosene-Type Jet Fuel,EEX,Exports,MKJEXP11,East Coast (PADD 1) Exports of Kerosene-Type Jet Fuel (Thousand Barrels),0,MBBL
1981-08,R10-Z00,PADD 1,EPJK,Kerosene-Type Jet Fuel,EEX,Exports,MKJEXP12,East Coast (PADD 1) Exports of Kerosene-Type Jet Fuel (Thousand Barrels per Day),0,MBBL/D
1981-10,R10-Z00,PADD 1,EPJK,Kerosene-Type Jet Fuel,EEX,Exports,MKJEXP11,East Coast (PADD 1) Exports of Kerosene-Type Jet Fuel (Thousand Barrels),1,MBBL
1981-10,R10-Z00,PADD 1,EPJK,Kerosene-Type Jet Fuel,EEX,Exports,MKJEXP12,East Coast (PADD 1) Exports of Kerosene-Type Jet Fuel (Thousand Barrels per Day),0,MBBL/D
1981-11,R10-Z00,PADD 1,EPJK,Kerosene-Type Jet Fuel,EEX,Exports,MKJEXP11,East Coast (PADD 1) Exports of Kerosene-Type Jet Fuel (Thousand Barrels),0,MBBL
1981-11,R10-Z00,PADD 1,EPJK,Kerosene-Type Jet Fuel,EEX,Exports,MKJEXP12,East Coast (PADD 1) Exports of Kerosene-Type Jet Fuel (Thousand Barrels per Day),0,MBBL/D
1981-12,R10-Z00,PADD 1,EPJK,Kerosene-Type Jet Fuel,EEX,Exports,MKJEXP11,East Coast (PADD 1) Exports of Kerosene-Type Jet Fuel (Thousand Barrels),0,MBBL
1981-12,R10-Z00,PADD 1,EPJK,Kerosene-Type Jet Fuel,EEX,Exports,MKJEXP12,East Coast (PADD 1) Exports of Kerosene-Type Jet Fuel (Thousand Barrels per Day),0,MBBL/D
1982-01,R10-Z00,PADD 1,EPJK,Kerosene-Type Jet Fuel,EEX,Exports,MKJEXP11,East Coast (PADD 1) Exports of Kerosene-Type Jet Fuel (Thousand Barrels),1,MBBL
1982-01,R10-Z00,PADD 1,EPJK,Kerosene-Type Jet Fuel,EEX,Exports,MKJEXP12,East Coast (PADD 1) Exports of Kerosene-Type Jet Fuel (Thousand Barrels per Day),0,MBBL/D
1982-12,R10-Z00,PADD 1,EPJK,Kerosene-Type Jet Fuel,EEX,Exports,MKJEXP11,East Coast (PADD 1) Exports of Kerosene-Type Jet Fuel (Thousand Barrels),293,MBBL
1982-12,R10-Z00,PADD 1,EPJK,Kerosene-Type Jet Fuel,EEX,Exports,MKJEXP12,East Coast (PADD 1) Exports of Kerosene-Type Jet Fuel (Thousand Barrels per Day),9,MBBL/D
1983-03,R10-Z00,PADD 1,EPJK,Kerosene-Type Jet Fuel,EEX,Exports,MKJEXP11,East Coast (PADD 1) Exports of Kerosene-Type Jet Fuel (Thousand Barrels),0,MBBL
1983-03,R10-Z00,PADD 1,EPJK,Kerosene-Type Jet Fuel,EEX,Exports,MKJEXP12,East Coast (PADD 1) Exports of Kerosene-Type Jet Fuel (Thousand Barrels per Day),0,MBBL/D
1983-04,R10-Z00,PADD 1,EPJK,Kerosene-Type Jet Fuel,EEX,Exports,MKJEXP11,East Coast (PADD 1) Exports of Kerosene-Type Jet Fuel (Thousand Barrels),0,MBBL
1983-04,R10-Z00,PADD 1,EPJK,Kerosene-Type Jet Fuel,EEX,Exports,MKJEXP12,East Coast (PADD 1) Exports of Kerosene-Type Jet Fuel (Thousand Barrels per Day),0,MBBL/D
1983-08,R10-Z00,PADD 1,EPJK,Kerosene-Type Jet Fuel,EEX,Exports,MKJEXP11,East Coast (PADD 1) Exports of Kerosene-Type Jet Fuel (Thousand Barrels),120,MBBL
1983-08,R10-Z00,PADD 1,EPJK,Kerosene-Type Jet Fuel,EEX,Exports,MKJEXP12,East Coast (PADD 1) Exports of Kerosene-Type Jet Fuel (Thousand Barrels per Day),4,MBBL/D
1983-09,R10-Z00,PADD 1,EPJK,Kerosene-Type Jet Fuel,EEX,Exports,MKJEXP11,East Coast (PADD 1) Exports of Kerosene-Type Jet Fuel (Thousand Barrels),0,MBBL
1983-09,R10-Z00,PADD 1,EPJK,Kerosene-Type Jet Fuel,EEX,Exports,MKJEXP12,East Coast (PADD 1) Exports of Kerosene-Type Jet Fuel (Thousand Barrels per Day),0,MBBL/D
1983-11,R10-Z00,PADD 1,EPJK,Kerosene-Type Jet Fuel,EEX,Exports,MKJEXP11,East Coast (PADD 1) Exports of Kerosene-Type Jet Fuel (Thousand Barrels),122,MBBL
1983-11,R10-Z00,PADD 1,EPJK,Kerosene-Type Jet Fuel,EEX,Exports,MKJEXP12,East Coast (PADD 1) Exports of Kerosene-Type Jet Fuel (Thousand Barrels per Day),4,MBBL/D
1984-01,R10-Z00,PADD 1,EPJK,Kerosene-Type Jet Fuel,EEX,Exports,MKJEXP11,East Coast (PADD 1) Exports of Kerosene-Type Jet Fuel (Thousand Barrels),97,MBBL
1984-01,R10-Z00,PADD 1,EPJK,Kerosene-Type Jet Fuel,EEX,Exports,MKJEXP12,East Coast (PADD 1) Exports of Kerosene-Type Jet Fuel (Thousand Barrels per Day),3,MBBL/D
1984-03,R10-Z00,PADD 1,EPJK,Kerosene-Type Jet Fuel,EEX,Exports,MKJEXP11,East Coast (PADD 1) Exports of Kerosene-Type Jet Fuel (Thousand Barrels),0,MBBL
1984-03,R10-Z00,PADD 1,EPJK,Kerosene-Type Jet Fuel,EEX,Exports,MKJEXP12,East Coast (PADD 1) Exports of Kerosene-Type Jet Fuel (Thousand Barrels per Day),0,MBBL/D
1984-04,R10-Z00,PADD 1,EPJK,Kerosene-Type Jet Fuel,EEX,Exports,MKJEXP11,East Coast (PADD 1) Exports of Kerosene-Type Jet Fuel (Thousand Barrels),79,MBBL
1984-04,R10-Z00,PADD 1,EPJK,Kerosene-Type Jet Fuel,EEX,Exports,MKJEXP12,East Coast (PADD 1) Exports of Kerosene-Type Jet Fuel (Thousand Barrels per Day),3,MBBL/D
1984-05,R10-Z00,PADD 1,EPJK,Kerosene-Type Jet Fuel,EEX,Exports,MKJEXP11,East Coast (PADD 1) Exports of Kerosene-Type Jet Fuel (Thousand Barrels),0,MBBL
1984-05,R10-Z00,PADD 1,EPJK,Kerosene-Type Jet Fuel,EEX,Exports,MKJEXP12,East Coast (PADD 1) Exports of Kerosene-Type Jet Fuel (Thousand Barrels per Day),0,MBBL/D
1986-02,R10-Z00,PADD 1,EPJK,Kerosene-Type Jet Fuel,EEX,Exports,MKJEXP11,East Coast (PADD 1) Exports of Kerosene-Type Jet Fuel (Thousand Barrels),0,MBBL
1986-02,R10-Z00,PADD 1,EPJK,Kerosene-Type Jet Fuel,EEX,Exports,MKJEXP12,East Coast (PADD 1) Exports of Kerosene-Type Jet Fuel (Thousand Barrels per Day),0,MBBL/D
1986-03,R10-Z00,PADD 1,EPJK,Kerosene-Type Jet Fuel,EEX,Exports,MKJEXP11,East Coast (PADD 1) Exports of Kerosene-Type Jet Fuel (Thousand Barrels),0,MBBL
1986-03,R10-Z00,PADD 1,EPJK,Kerosene-Type Jet Fuel,EEX,Exports,MKJEXP12,East Coast (PADD 1) Exports of Kerosene-Type Jet Fuel (Thousand Barrels per Day),0,MBBL/D
1986-04,R10-Z00,PADD 1,EPJK,Kerosene-Type Jet Fuel,EEX,Exports,MKJEXP11,East Coast (PADD 1) Exports of Kerosene-Type Jet Fuel (Thousand Barrels),0,MBBL
1986-04,R10-Z00,PADD 1,EPJK,Kerosene-Type Jet Fuel,EEX,Exports,MKJEXP12,East Coast (PADD 1) Exports of Kerosene-Type Jet Fuel (Thousand Barrels per Day),0,MBBL/D
1986-05,R10-Z00,PADD 1,EPJK,Kerosene-Type Jet Fuel,EEX,Exports,MKJEXP11,East Coast (PADD 1) Exports of Kerosene-Type Jet Fuel (Thousand Barrels),2,MBBL
1986-05,R10-Z00,PADD 1,EPJK,Kerosene-Type Jet Fuel,EEX,Exports,MKJEXP12,East Coast (PADD 1) Exports of Kerosene-Type Jet Fuel (Thousand Barrels per Day),0,MBBL/D
1986-06,R10-Z00,PADD 1,EPJK,Kerosene-Type Jet Fuel,EEX,Exports,MKJEXP11,East Coast (PADD 1) Exports of Kerosene-Type Jet Fuel (Thousand Barrels),7,MBBL
1986-06,R10-Z00,PADD 1,EPJK,Kerosene-Type Jet Fuel,EEX,Exports,MKJEXP12,East Coast (PADD 1) Exports of Kerosene-Type Jet Fuel (Thousand Barrels per Day),0,MBBL/D
1986-07,R10-Z00,PADD 1,EPJK,Kerosene-Type Jet Fuel,EEX,Exports,MKJEXP11,East Coast (PADD 1) Exports of Kerosene-Type Jet Fuel (Thousand Barrels),22,MBBL
1986-07,R10-Z00,PADD 1,EPJK,Kerosene-Type Jet Fuel,EEX,Exports,MKJEXP12,East Coast (PADD 1) Exports of Kerosene-Type Jet Fuel (Thousand Barrels per Day),1,MBBL/D
1986-08,R10-Z00,PADD 1,EPJK,Kerosene-Type Jet Fuel,EEX,Exports,MKJEXP11,East Coast (PADD 1) Exports of Kerosene-Type Jet Fuel (Thousand Barrels),7,MBBL
1986-08,R10-Z00,PADD 1,EPJK,Kerosene-Type Jet Fuel,EEX,Exports,MKJEXP12,East Coast (PADD 1) Exports of Kerosene-Type Jet Fuel (Thousand Barrels per Day),0,MBBL/D
1986-09,R10-Z00,PADD 1,EPJK,Kerosene-Type Jet Fuel,EEX,Exports,MKJEXP11,East Coast (PADD 1) Exports of Kerosene-Type Jet Fuel (Thousand Barrels),1,MBBL
1986-09,R10-Z00,PADD 1,EPJK,Kerosene-Type Jet Fuel,EEX,Exports,MKJEXP12,East Coast (PADD 1) Exports of Kerosene-Type Jet Fuel (Thousand Barrels per Day),0,MBBL/D
1986-10,R10-Z00,PADD 1,EPJK,Kerosene-Type Jet Fuel,EEX,Exports,MKJEXP11,East Coast (PADD 1) Exports of Kerosene-Type Jet Fuel (Thousand Barrels),0,MBBL
1986-10,R10-Z00,PADD 1,EPJK,Kerosene-Type Jet Fuel,EEX,Exports,MKJEXP12,East Coast (PADD 1) Exports of Kerosene-Type Jet Fuel (Thousand Barrels per Day),0,MBBL/D
1987-04,R10-Z00,PADD 1,EPJK,Kerosene-Type Jet Fuel,EEX,Exports,MKJEXP11,East Coast (PADD 1) Exports of Kerosene-Type Jet Fuel (Thousand Barrels),0,MBBL
1987-04,R10-Z00,PADD 1,EPJK,Kerosene-Type Jet Fuel,EEX,Exports,MKJEXP12,East Coast (PADD 1) Exports of Kerosene-Type Jet Fuel (Thousand Barrels per Day),0,MBBL/D
1987-05,R10-Z00,PADD 1,EPJK,Kerosene-Type Jet Fuel,EEX,Exports,MKJEXP11,East Coast (PADD 1) Exports of Kerosene-Type Jet Fuel (Thousand Barrels),1,MBBL
1987-05,R10-Z00,PADD 1,EPJK,Kerosene-Type Jet Fuel,EEX,Exports,MKJEXP12,East Coast (PADD 1) Exports of Kerosene-Type Jet Fuel (Thousand Barrels per Day),0,MBBL/D
1987-06,R10-Z00,PADD 1,EPJK,Kerosene-Type Jet Fuel,EEX,Exports,MKJEXP11,East Coast (PADD 1) Exports of Kerosene-Type Jet Fuel (Thousand Barrels),2,MBBL
1987-06,R10-Z00,PADD 1,EPJK,Kerosene-Type Jet Fuel,EEX,Exports,MKJEXP12,East Coast (PADD 1) Exports of Kerosene-Type Jet Fuel (Thousand Barrels per Day),0,MBBL/D
1987-09,R10-Z00,PADD 1,EPJK,Kerosene-Type Jet Fuel,EEX,Exports,MKJEXP11,East Coast (PADD 1) Exports of Kerosene-Type Jet Fuel (Thousand Barrels),4,MBBL
1987-09,R10-Z00,PADD 1,EPJK,Kerosene-Type Jet Fuel,EEX,Exports,MKJEXP12,East Coast (PADD 1) Exports of Kerosene-Type Jet Fuel (Thousand Barrels per Day),0,MBBL/D
1987-10,R10-Z00,PADD 1,EPJK,Kerosene-Type Jet Fuel,EEX,Exports,MKJEXP11,East Coast (PADD 1) Exports of Kerosene-Type Jet Fuel (Thousand Barrels),72,MBBL
1987-10,R10-Z00,PADD 1,EPJK,Kerosene-Type Jet Fuel,EEX,Exports,MKJEXP12,East Coast (PADD 1) Exports of Kerosene-Type Jet Fuel (Thousand Barrels per Day),2,MBBL/D
1987-11,R10-Z00,PADD 1,EPJK,Kerosene-Type Jet Fuel,EEX,Exports,MKJEXP11,East Coast (PADD 1) Exports of Kerosene-Type Jet Fuel (Thousand Barrels),22,MBBL
1987-11,R10-Z00,PADD 1,EPJK,Kerosene-Type Jet Fuel,EEX,Exports,MKJEXP12,East Coast (PADD 1) Exports of Kerosene-Type Jet Fuel (Thousand Barrels per Day),1,MBBL/D
1987-12,R10-Z00,PADD 1,EPJK,Kerosene-Type Jet Fuel,EEX,Exports,MKJEXP11,East Coast (PADD 1) Exports of Kerosene-Type Jet Fuel (Thousand Barrels),74,MBBL
1987-12,R10-Z00,PADD 1,EPJK,Kerosene-Type Jet Fuel,EEX,Exports,MKJEXP12,East Coast (PADD 1) Exports of Kerosene-Type Jet Fuel (Thousand Barrels per Day),2,MBBL/D
1988-01,R10-Z00,PADD 1,EPJK,Kerosene-Type Jet Fuel,EEX,Exports,MKJEXP11,East Coast (PADD 1) Exports of Kerosene-Type Jet Fuel (Thousand Barrels),33,MBBL
1988-01,R10-Z00,PADD 1,EPJK,Kerosene-Type Jet Fuel,EEX,Exports,MKJEXP12,East Coast (PADD 1) Exports of Kerosene-Type Jet Fuel (Thousand Barrels per Day),1,MBBL/D
1988-02,R10-Z00,PADD 1,EPJK,Kerosene-Type Jet Fuel,EEX,Exports,MKJEXP11,East Coast (PADD 1) Exports of Kerosene-Type Jet Fuel (Thousand Barrels),35,MBBL
1988-02,R10-Z00,PADD 1,EPJK,Kerosene-Type Jet Fuel,EEX,Exports,MKJEXP12,East Coast (PADD 1) Exports of Kerosene-Type Jet Fuel (Thousand Barrels per Day),1,MBBL/D
1988-03,R10-Z00,PADD 1,EPJK,Kerosene-Type Jet Fuel,EEX,Exports,MKJEXP11,East Coast (PADD 1) Exports of Kerosene-Type Jet Fuel (Thousand Barrels),129,MBBL
1988-03,R10-Z00,PADD 1,EPJK,Kerosene-Type Jet Fuel,EEX,Exports,MKJEXP12,East Coast (PADD 1) Exports of Kerosene-Type Jet Fuel (Thousand Barrels per Day),4,MBBL/D
1988-04,R10-Z00,PADD 1,EPJK,Kerosene-Type Jet Fuel,EEX,Exports,MKJEXP11,East Coast (PADD 1) Exports of Kerosene-Type Jet Fuel (Thousand Barrels),21,MBBL
1988-04,R10-Z00,PADD 1,EPJK,Kerosene-Type Jet Fuel,EEX,Exports,MKJEXP12,East Coast (PADD 1) Exports of Kerosene-Type Jet Fuel (Thousand Barrels per Day),1,MBBL/D
1988-05,R10-Z00,PADD 1,EPJK,Kerosene-Type Jet Fuel,EEX,Exports,MKJEXP11,East Coast (PADD 1) Exports of Kerosene-Type Jet Fuel (Thousand Barrels),8,MBBL
1988-05,R10-Z00,PADD 1,EPJK,Kerosene-Type Jet Fuel,EEX,Exports,MKJEXP12,East Coast (PADD 1) Exports of Kerosene-Type Jet Fuel (Thousand Barrels per Day),0,MBBL/D
1988-06,R10-Z00,PADD 1,EPJK,Kerosene-Type Jet Fuel,EEX,Exports,MKJEXP11,East Coast (PADD 1) Exports of Kerosene-Type Jet Fuel (Thousand Barrels),8,MBBL
1988-06,R10-Z00,PADD 1,EPJK,Kerosene-Type Jet Fuel,EEX,Exports,MKJEXP12,East Coast (PADD 1) Exports of Kerosene-Type Jet Fuel (Thousand Barrels per Day),0,MBBL/D
1988-07,R10-Z00,PADD 1,EPJK,Kerosene-Type Jet Fuel,EEX,Exports,MKJEXP11,East Coast (PADD 1) Exports of Kerosene-Type Jet Fuel (Thousand Barrels),21,MBBL
1988-07,R10-Z00,PADD 1,EPJK,Kerosene-Type Jet Fuel,EEX,Exports,MKJEXP12,East Coast (PADD 1) Exports of Kerosene-Type Jet Fuel (Thousand Barrels per Day),1,MBBL/D
1988-08,R10-Z00,PADD 1,EPJK,Kerosene-Type Jet Fuel,EEX,Exports,MKJEXP11,East Coast (PADD 1) Exports of Kerosene-Type Jet Fuel (Thousand Barrels),15,MBBL
1988-08,R10-Z00,PADD 1,EPJK,Kerosene-Type Jet Fuel,EEX,Exports,MKJEXP12,East Coast (PADD 1) Exports of Kerosene-Type Jet Fuel (Thousand Barrels per Day),0,MBBL/D
1988-09,R10-Z00,PADD 1,EPJK,Kerosene-Type Jet Fuel,EEX,Exports,MKJEXP11,East Coast (PADD 1) Exports of Kerosene-Type Jet Fuel (Thousand Barrels),0,MBBL
1988-09,R10-Z00,PADD 1,EPJK,Kerosene-Type Jet Fuel,EEX,Exports,MKJEXP12,East Coast (PADD 1) Exports of Kerosene-Type Jet Fuel (Thousand Barrels per Day),0,MBBL/D
1988-10,R10-Z00,PADD 1,EPJK,Kerosene-Type Jet Fuel,EEX,Exports,MKJEXP11,East Coast (PADD 1) Exports of Kerosene-Type Jet Fuel (Thousand Barrels),4,MBBL
1988-10,R10-Z00,PADD 1,EPJK,Kerosene-Type Jet Fuel,EEX,Exports,MKJEXP12,East Coast (PADD 1) Exports of Kerosene-Type Jet Fuel (Thousand Barrels per Day),0,MBBL/D
1988-11,R10-Z00,PADD 1,EPJK,Kerosene-Type Jet Fuel,EEX,Exports,MKJEXP11,East Coast (PADD 1) Exports of Kerosene-Type Jet Fuel (Thousand Barrels),0,MBBL
1988-11,R10-Z00,PADD 1,EPJK,Kerosene-Type Jet Fuel,EEX,Exports,MKJEXP12,East Coast (PADD 1) Exports of Kerosene-Type Jet Fuel (Thousand Barrels per Day),0,MBBL/D
1988-12,R10-Z00,PADD 1,EPJK,Kerosene-Type Jet Fuel,EEX,Exports,MKJEXP11,East Coast (PADD 1) Exports of Kerosene-Type Jet Fuel (Thousand Barrels),0,MBBL
1988-12,R10-Z00,PADD 1,EPJK,Kerosene-Type Jet Fuel,EEX,Exports,MKJEXP12,East Coast (PADD 1) Exports of Kerosene-Type Jet Fuel (Thousand Barrels per Day),0,MBBL/D
1989-02,R10-Z00,PADD 1,EPJK,Kerosene-Type Jet Fuel,EEX,Exports,MKJEXP11,East Coast (PADD 1) Exports of Kerosene-Type Jet Fuel (Thousand Barrels),0,MBBL
1989-02,R10-Z00,PADD 1,EPJK,Kerosene-Type Jet Fuel,EEX,Exports,MKJEXP12,East Coast (PADD 1) Exports of Kerosene-Type Jet Fuel (Thousand Barrels per Day),0,MBBL/D
1989-03,R10-Z00,PADD 1,EPJK,Kerosene-Type Jet Fuel,EEX,Exports,MKJEXP11,East Coast (PADD 1) Exports of Kerosene-Type Jet Fuel (Thousand Barrels),0,MBBL
1989-03,R10-Z00,PADD 1,EPJK,Kerosene-Type Jet Fuel,EEX,Exports,MKJEXP12,East Coast (PADD 1) Exports of Kerosene-Type Jet Fuel (Thousand Barrels per Day),0,MBBL/D
1989-04,R10-Z00,PADD 1,EPJK,Kerosene-Type Jet Fuel,EEX,Exports,MKJEXP11,East Coast (PADD 1) Exports of Kerosene-Type Jet Fuel (Thousand Barrels),0,MBBL
1989-04,R10-Z00,PADD 1,EPJK,Kerosene-Type Jet Fuel,EEX,Exports,MKJEXP12,East Coast (PADD 1) Exports of Kerosene-Type Jet Fuel (Thousand Barrels per Day),0,MBBL/D
1989-05,R10-Z00,PADD 1,EPJK,Kerosene-Type Jet Fuel,EEX,Exports,MKJEXP11,East Coast (PADD 1) Exports of Kerosene-Type Jet Fuel (Thousand Barrels),0,MBBL
1989-05,R10-Z00,PADD 1,EPJK,Kerosene-Type Jet Fuel,EEX,Exports,MKJEXP12,East Coast (PADD 1) Exports of Kerosene-Type Jet Fuel (Thousand Barrels per Day),0,MBBL/D
1989-06,R10-Z00,PADD 1,EPJK,Kerosene-Type Jet Fuel,EEX,Exports,MKJEXP11,East Coast (PADD 1) Exports of Kerosene-Type Jet Fuel (Thousand Barrels),0,MBBL
1989-06,R10-Z00,PADD 1,EPJK,Kerosene-Type Jet Fuel,EEX,Exports,MKJEXP12,East Coast (PADD 1) Exports of Kerosene-Type Jet Fuel (Thousand Barrels per Day),0,MBBL/D
1989-07,R10-Z00,PADD 1,EPJK,Kerosene-Type Jet Fuel,EEX,Exports,MKJEXP11,East Coast (PADD 1) Exports of Kerosene-Type Jet Fuel (Thousand Barrels),1,MBBL
1989-07,R10-Z00,PADD 1,EPJK,Kerosene-Type Jet Fuel,EEX,Exports,MKJEXP12,East Coast (PADD 1) Exports of Kerosene-Type Jet Fuel (Thousand Barrels per Day),0,MBBL/D
1989-08,R10-Z00,PADD 1,EPJK,Kerosene-Type Jet Fuel,EEX,Exports,MKJEXP11,East Coast (PADD 1) Exports of Kerosene-Type Jet Fuel (Thousand Barrels),1,MBBL
1989-08,R10-Z00,PADD 1,EPJK,Kerosene-Type Jet Fuel,EEX,Exports,MKJEXP12,East Coast (PADD 1) Exports of Kerosene-Type Jet Fuel (Thousand Barrels per Day),0,MBBL/D
1989-09,R10-Z00,PADD 1,EPJK,Kerosene-Type Jet Fuel,EEX,Exports,MKJEXP11,East Coast (PADD 1) Exports of Kerosene-Type Jet Fuel (Thousand Barrels),0,MBBL
1989-09,R10-Z00,PADD 1,EPJK,Kerosene-Type Jet Fuel,EEX,Exports,MKJEXP12,East Coast (PADD 1) Exports of Kerosene-Type Jet Fuel (Thousand Barrels per Day),0,MBBL/D
1989-10,R10-Z00,PADD 1,EPJK,Kerosene-Type Jet Fuel,EEX,Exports,MKJEXP11,East Coast (PADD 1) Exports of Kerosene-Type Jet Fuel (Thousand Barrels),0,MBBL
1989-10,R10-Z00,PADD 1,EPJK,Kerosene-Type Jet Fuel,EEX,Exports,MKJEXP12,East Coast (PADD 1) Exports of Kerosene-Type Jet Fuel (Thousand Barrels per Day),0,MBBL/D
1989-11,R10-Z00,PADD 1,EPJK,Kerosene-Type Jet Fuel,EEX,Exports,MKJEXP11,East Coast (PADD 1) Exports of Kerosene-Type Jet Fuel (Thousand Barrels),47,MBBL
1989-11,R10-Z00,PADD 1,EPJK,Kerosene-Type Jet Fuel,EEX,Exports,MKJEXP12,East Coast (PADD 1) Exports of Kerosene-Type Jet Fuel (Thousand Barrels per Day),2,MBBL/D
1989-12,R10-Z00,PADD 1,EPJK,Kerosene-Type Jet Fuel,EEX,Exports,MKJEXP11,East Coast (PADD 1) Exports of Kerosene-Type Jet Fuel (Thousand Barrels),0,MBBL
1989-12,R10-Z00,PADD 1,EPJK,Kerosene-Type Jet Fuel,EEX,Exports,MKJEXP12,East Coast (PADD 1) Exports of Kerosene-Type Jet Fuel (Thousand Barrels per Day),0,MBBL/D
1990-01,R10-Z00,PADD 1,EPJK,Kerosene-Type Jet Fuel,EEX,Exports,MKJEXP11,East Coast (PADD 1) Exports of Kerosene-Type Jet Fuel (Thousand Barrels),0,MBBL
1990-01,R10-Z00,PADD 1,EPJK,Kerosene-Type Jet Fuel,EEX,Exports,MKJEXP12,East Coast (PADD 1) Exports of Kerosene-Type Jet Fuel (Thousand Barrels per Day),0,MBBL/D
1990-02,R10-Z00,PADD 1,EPJK,Kerosene-Type Jet Fuel,EEX,Exports,MKJEXP11,East Coast (PADD 1) Exports of Kerosene-Type Jet Fuel (Thousand Barrels),29,MBBL
1990-02,R10-Z00,PADD 1,EPJK,Kerosene-Type Jet Fuel,EEX,Exports,MKJEXP12,East Coast (PADD 1) Exports of Kerosene-Type Jet Fuel (Thousand Barrels per Day),1,MBBL/D
1990-03,R10-Z00,PADD 1,EPJK,Kerosene-Type Jet Fuel,EEX,Exports,MKJEXP11,East Coast (PADD 1) Exports of Kerosene-Type Jet Fuel (Thousand Barrels),0,MBBL
1990-03,R10-Z00,PADD 1,EPJK,Kerosene-Type Jet Fuel,EEX,Exports,MKJEXP12,East Coast (PADD 1) Exports of Kerosene-Type Jet Fuel (Thousand Barrels per Day),0,MBBL/D
1990-04,R10-Z00,PADD 1,EPJK,Kerosene-Type Jet Fuel,EEX,Exports,MKJEXP11,East Coast (PADD 1) Exports of Kerosene-Type Jet Fuel (Thousand Barrels),0,MBBL
1990-04,R10-Z00,PADD 1,EPJK,Kerosene-Type Jet Fuel,EEX,Exports,MKJEXP12,East Coast (PADD 1) Exports of Kerosene-Type Jet Fuel (Thousand Barrels per Day),0,MBBL/D
1990-05,R10-Z00,PADD 1,EPJK,Kerosene-Type Jet Fuel,EEX,Exports,MKJEXP11,East Coast (PADD 1) Exports of Kerosene-Type Jet Fuel (Thousand Barrels),1,MBBL
1990-05,R10-Z00,PADD 1,EPJK,Kerosene-Type Jet Fuel,EEX,Exports,MKJEXP12,East Coast (PADD 1) Exports of Kerosene-Type Jet Fuel (Thousand Barrels per Day),0,MBBL/D
1990-06,R10-Z00,PADD 1,EPJK,Kerosene-Type Jet Fuel,EEX,Exports,MKJEXP11,East Coast (PADD 1) Exports of Kerosene-Type Jet Fuel (Thousand Barrels),1,MBBL
1990-06,R10-Z00,PADD 1,EPJK,Kerosene-Type Jet Fuel,EEX,Exports,MKJEXP12,East Coast (PADD 1) Exports of Kerosene-Type Jet Fuel (Thousand Barrels per Day),0,MBBL/D
1990-07,R10-Z00,PADD 1,EPJK,Kerosene-Type Jet Fuel,EEX,Exports,MKJEXP11,East Coast (PADD 1) Exports of Kerosene-Type Jet Fuel (Thousand Barrels),1,MBBL
1990-07,R10-Z00,PADD 1,EPJK,Kerosene-Type Jet Fuel,EEX,Exports,MKJEXP12,East Coast (PADD 1) Exports of Kerosene-Type Jet Fuel (Thousand Barrels per Day),0,MBBL/D
1990-08,R10-Z00,PADD 1,EPJK,Kerosene-Type Jet Fuel,EEX,Exports,MKJEXP11,East Coast (PADD 1) Exports of Kerosene-Type Jet Fuel (Thousand Barrels),41,MBBL
1990-08,R10-Z00,PADD 1,EPJK,Kerosene-Type Jet Fuel,EEX,Exports,MKJEXP12,East Coast (PADD 1) Exports of Kerosene-Type Jet Fuel (Thousand Barrels per Day),1,MBBL/D
1990-09,R10-Z00,PADD 1,EPJK,Kerosene-Type Jet Fuel,EEX,Exports,MKJEXP11,East Coast (PADD 1) Exports of Kerosene-Type Jet Fuel (Thousand Barrels),449,MBBL
1990-09,R10-Z00,PADD 1,EPJK,Kerosene-Type Jet Fuel,EEX,Exports,MKJEXP12,East Coast (PADD 1) Exports of Kerosene-Type Jet Fuel (Thousand Barrels per Day),15,MBBL/D
1990-10,R10-Z00,PADD 1,EPJK,Kerosene-Type Jet Fuel,EEX,Exports,MKJEXP11,East Coast (PADD 1) Exports of Kerosene-Type Jet Fuel (Thousand Barrels),85,MBBL
1990-10,R10-Z00,PADD 1,EPJK,Kerosene-Type Jet Fuel,EEX,Exports,MKJEXP12,East Coast (PADD 1) Exports of Kerosene-Type Jet Fuel (Thousand Barrels per Day),3,MBBL/D
1990-11,R10-Z00,PADD 1,EPJK,Kerosene-Type Jet Fuel,EEX,Exports,MKJEXP11,East Coast (PADD 1) Exports of Kerosene-Type Jet Fuel (Thousand Barrels),333,MBBL
1990-11,R10-Z00,PADD 1,EPJK,Kerosene-Type Jet Fuel,EEX,Exports,MKJEXP12,East Coast (PADD 1) Exports of Kerosene-Type Jet Fuel (Thousand Barrels per Day),11,MBBL/D
1990-12,R10-Z00,PADD 1,EPJK,Kerosene-Type Jet Fuel,EEX,Exports,MKJEXP11,East Coast (PADD 1) Exports of Kerosene-Type Jet Fuel (Thousand Barrels),329,MBBL
1990-12,R10-Z00,PADD 1,EPJK,Kerosene-Type Jet Fuel,EEX,Exports,MKJEXP12,East Coast (PADD 1) Exports of Kerosene-Type Jet Fuel (Thousand Barrels per Day),11,MBBL/D
1991-01,R10-Z00,PADD 1,EPJK,Kerosene-Type Jet Fuel,EEX,Exports,MKJEXP11,East Coast (PADD 1) Exports of Kerosene-Type Jet Fuel (Thousand Barrels),278,MBBL
1991-01,R10-Z00,PADD 1,EPJK,Kerosene-Type Jet Fuel,EEX,Exports,MKJEXP12,East Coast (PADD 1) Exports of Kerosene-Type Jet Fuel (Thousand Barrels per Day),9,MBBL/D
1991-02,R10-Z00,PADD 1,EPJK,Kerosene-Type Jet Fuel,EEX,Exports,MKJEXP11,East Coast (PADD 1) Exports of Kerosene-Type Jet Fuel (Thousand Barrels),463,MBBL
1991-02,R10-Z00,PADD 1,EPJK,Kerosene-Type Jet Fuel,EEX,Exports,MKJEXP12,East Coast (PADD 1) Exports of Kerosene-Type Jet Fuel (Thousand Barrels per Day),17,MBBL/D
1991-03,R10-Z00,PADD 1,EPJK,Kerosene-Type Jet Fuel,EEX,Exports,MKJEXP11,East Coast (PADD 1) Exports of Kerosene-Type Jet Fuel (Thousand Barrels),0,MBBL
1991-03,R10-Z00,PADD 1,EPJK,Kerosene-Type Jet Fuel,EEX,Exports,MKJEXP12,East Coast (PADD 1) Exports of Kerosene-Type Jet Fuel (Thousand Barrels per Day),0,MBBL/D
1991-04,R10-Z00,PADD 1,EPJK,Kerosene-Type Jet Fuel,EEX,Exports,MKJEXP11,East Coast (PADD 1) Exports of Kerosene-Type Jet Fuel (Thousand Barrels),0,MBBL
1991-04,R10-Z00,PADD 1,EPJK,Kerosene-Type Jet Fuel,EEX,Exports,MKJEXP12,East Coast (PADD 1) Exports of Kerosene-Type Jet Fuel (Thousand Barrels per Day),0,MBBL/D
1991-05,R10-Z00,PADD 1,EPJK,Kerosene-Type Jet Fuel,EEX,Exports,MKJEXP11,East Coast (PADD 1) Exports of Kerosene-Type Jet Fuel (Thousand Barrels),1,MBBL
1991-05,R10-Z00,PADD 1,EPJK,Kerosene-Type Jet Fuel,EEX,Exports,MKJEXP12,East Coast (PADD 1) Exports of Kerosene-Type Jet Fuel (Thousand Barrels per Day),0,MBBL/D
1991-06,R10-Z00,PADD 1,EPJK,Kerosene-Type Jet Fuel,EEX,Exports,MKJEXP11,East Coast (PADD 1) Exports of Kerosene-Type Jet Fuel (Thousand Barrels),32,MBBL
1991-06,R10-Z00,PADD 1,EPJK,Kerosene-Type Jet Fuel,EEX,Exports,MKJEXP12,East Coast (PADD 1) Exports of Kerosene-Type Jet Fuel (Thousand Barrels per Day),1,MBBL/D
1991-07,R10-Z00,PADD 1,EPJK,Kerosene-Type Jet Fuel,EEX,Exports,MKJEXP11,East Coast (PADD 1) Exports of Kerosene-Type Jet Fuel (Thousand Barrels),160,MBBL
1991-07,R10-Z00,PADD 1,EPJK,Kerosene-Type Jet Fuel,EEX,Exports,MKJEXP12,East Coast (PADD 1) Exports of Kerosene-Type Jet Fuel (Thousand Barrels per Day),5,MBBL/D
1991-08,R10-Z00,PADD 1,EPJK,Kerosene-Type Jet Fuel,EEX,Exports,MKJEXP11,East Coast (PADD 1) Exports of Kerosene-Type Jet Fuel (Thousand Barrels),40,MBBL
1991-08,R10-Z00,PADD 1,EPJK,Kerosene-Type Jet Fuel,EEX,Exports,MKJEXP12,East Coast (PADD 1) Exports of Kerosene-Type Jet Fuel (Thousand Barrels per Day),1,MBBL/D
1991-09,R10-Z00,PADD 1,EPJK,Kerosene-Type Jet Fuel,EEX,Exports,MKJEXP11,East Coast (PADD 1) Exports of Kerosene-Type Jet Fuel (Thousand Barrels),211,MBBL
1991-09,R10-Z00,PADD 1,EPJK,Kerosene-Type Jet Fuel,EEX,Exports,MKJEXP12,East Coast (PADD 1) Exports of Kerosene-Type Jet Fuel (Thousand Barrels per Day),7,MBBL/D
1991-10,R10-Z00,PADD 1,EPJK,Kerosene-Type Jet Fuel,EEX,Exports,MKJEXP11,East Coast (PADD 1) Exports of Kerosene-Type Jet Fuel (Thousand Barrels),362,MBBL
1991-10,R10-Z00,PADD 1,EPJK,Kerosene-Type Jet Fuel,EEX,Exports,MKJEXP12,East Coast (PADD 1) Exports of Kerosene-Type Jet Fuel (Thousand Barrels per Day),12,MBBL/D
1991-11,R10-Z00,PADD 1,EPJK,Kerosene-Type Jet Fuel,EEX,Exports,MKJEXP11,East Coast (PADD 1) Exports of Kerosene-Type Jet Fuel (Thousand Barrels),0,MBBL
1991-11,R10-Z00,PADD 1,EPJK,Kerosene-Type Jet Fuel,EEX,Exports,MKJEXP12,East Coast (PADD 1) Exports of Kerosene-Type Jet Fuel (Thousand Barrels per Day),0,MBBL/D
1991-12,R10-Z00,PADD 1,EPJK,Kerosene-Type Jet Fuel,EEX,Exports,MKJEXP11,East Coast (PADD 1) Exports of Kerosene-Type Jet Fuel (Thousand Barrels),222,MBBL
1991-12,R10-Z00,PADD 1,EPJK,Kerosene-Type Jet Fuel,EEX,Exports,MKJEXP12,East Coast (PADD 1) Exports of Kerosene-Type Jet Fuel (Thousand Barrels per Day),7,MBBL/D
1992-01,R10-Z00,PADD 1,EPJK,Kerosene-Type Jet Fuel,EEX,Exports,MKJEXP11,East Coast (PADD 1) Exports of Kerosene-Type Jet Fuel (Thousand Barrels),1,MBBL
1992-01,R10-Z00,PADD 1,EPJK,Kerosene-Type Jet Fuel,EEX,Exports,MKJEXP12,East Coast (PADD 1) Exports of Kerosene-Type Jet Fuel (Thousand Barrels per Day),0,MBBL/D
1992-02,R10-Z00,PADD 1,EPJK,Kerosene-Type Jet Fuel,EEX,Exports,MKJEXP11,East Coast (PADD 1) Exports of Kerosene-Type Jet Fuel (Thousand Barrels),0,MBBL
1992-02,R10-Z00,PADD 1,EPJK,Kerosene-Type Jet Fuel,EEX,Exports,MKJEXP12,East Coast (PADD 1) Exports of Kerosene-Type Jet Fuel (Thousand Barrels per Day),0,MBBL/D
1992-03,R10-Z00,PADD 1,EPJK,Kerosene-Type Jet Fuel,EEX,Exports,MKJEXP11,East Coast (PADD 1) Exports of Kerosene-Type Jet Fuel (Thousand Barrels),0,MBBL
1992-03,R10-Z00,PADD 1,EPJK,Kerosene-Type Jet Fuel,EEX,Exports,MKJEXP12,East Coast (PADD 1) Exports of Kerosene-Type Jet Fuel (Thousand Barrels per Day),0,MBBL/D
1992-04,R10-Z00,PADD 1,EPJK,Kerosene-Type Jet Fuel,EEX,Exports,MKJEXP11,East Coast (PADD 1) Exports of Kerosene-Type Jet Fuel (Thousand Barrels),0,MBBL
1992-04,R10-Z00,PADD 1,EPJK,Kerosene-Type Jet Fuel,EEX,Exports,MKJEXP12,East Coast (PADD 1) Exports of Kerosene-Type Jet Fuel (Thousand Barrels per Day),0,MBBL/D
1992-05,R10-Z00,PADD 1,EPJK,Kerosene-Type Jet Fuel,EEX,Exports,MKJEXP11,East Coast (PADD 1) Exports of Kerosene-Type Jet Fuel (Thousand Barrels),0,MBBL
1992-05,R10-Z00,PADD 1,EPJK,Kerosene-Type Jet Fuel,EEX,Exports,MKJEXP12,East Coast (PADD 1) Exports of Kerosene-Type Jet Fuel (Thousand Barrels per Day),0,MBBL/D
1992-06,R10-Z00,PADD 1,EPJK,Kerosene-Type Jet Fuel,EEX,Exports,MKJEXP11,East Coast (PADD 1) Exports of Kerosene-Type Jet Fuel (Thousand Barrels),0,MBBL
1992-06,R10-Z00,PADD 1,EPJK,Kerosene-Type Jet Fuel,EEX,Exports,MKJEXP12,East Coast (PADD 1) Exports of Kerosene-Type Jet Fuel (Thousand Barrels per Day),0,MBBL/D
1992-07,R10-Z00,PADD 1,EPJK,Kerosene-Type Jet Fuel,EEX,Exports,MKJEXP11,East Coast (PADD 1) Exports of Kerosene-Type Jet Fuel (Thousand Barrels),1,MBBL
1992-07,R10-Z00,PADD 1,EPJK,Kerosene-Type Jet Fuel,EEX,Exports,MKJEXP12,East Coast (PADD 1) Exports of Kerosene-Type Jet Fuel (Thousand Barrels per Day),0,MBBL/D
1992-08,R10-Z00,PADD 1,EPJK,Kerosene-Type Jet Fuel,EEX,Exports,MKJEXP11,East Coast (PADD 1) Exports of Kerosene-Type Jet Fuel (Thousand Barrels),1,MBBL
1992-08,R10-Z00,PADD 1,EPJK,Kerosene-Type Jet Fuel,EEX,Exports,MKJEXP12,East Coast (PADD 1) Exports of Kerosene-Type Jet Fuel (Thousand Barrels per Day),0,MBBL/D
1992-09,R10-Z00,PADD 1,EPJK,Kerosene-Type Jet Fuel,EEX,Exports,MKJEXP11,East Coast (PADD 1) Exports of Kerosene-Type Jet Fuel (Thousand Barrels),1,MBBL
1992-09,R10-Z00,PADD 1,EPJK,Kerosene-Type Jet Fuel,EEX,Exports,MKJEXP12,East Coast (PADD 1) Exports of Kerosene-Type Jet Fuel (Thousand Barrels per Day),0,MBBL/D
1992-10,R10-Z00,PADD 1,EPJK,Kerosene-Type Jet Fuel,EEX,Exports,MKJEXP11,East Coast (PADD 1) Exports of Kerosene-Type Jet Fuel (Thousand Barrels),3,MBBL
1992-10,R10-Z00,PADD 1,EPJK,Kerosene-Type Jet Fuel,EEX,Exports,MKJEXP12,East Coast (PADD 1) Exports of Kerosene-Type Jet Fuel (Thousand Barrels per Day),0,MBBL/D
1992-11,R10-Z00,PADD 1,EPJK,Kerosene-Type Jet Fuel,EEX,Exports,MKJEXP11,East Coast (PADD 1) Exports of Kerosene-Type Jet Fuel (Thousand Barrels),491,MBBL
1992-11,R10-Z00,PADD 1,EPJK,Kerosene-Type Jet Fuel,EEX,Exports,MKJEXP12,East Coast (PADD 1) Exports of Kerosene-Type Jet Fuel (Thousand Barrels per Day),16,MBBL/D
1992-12,R10-Z00,PADD 1,EPJK,Kerosene-Type Jet Fuel,EEX,Exports,MKJEXP11,East Coast (PADD 1) Exports of Kerosene-Type Jet Fuel (Thousand Barrels),25,MBBL
1992-12,R10-Z00,PADD 1,EPJK,Kerosene-Type Jet Fuel,EEX,Exports,MKJEXP12,East Coast (PADD 1) Exports of Kerosene-Type Jet Fuel (Thousand Barrels per Day),1,MBBL/D
1993-01,R10-Z00,PADD 1,EPJK,Kerosene-Type Jet Fuel,EEX,Exports,MKJEXP11,East Coast (PADD 1) Exports of Kerosene-Type Jet Fuel (Thousand Barrels),230,MBBL
1993-01,R10-Z00,PADD 1,EPJK,Kerosene-Type Jet Fuel,EEX,Exports,MKJEXP12,East Coast (PADD 1) Exports of Kerosene-Type Jet Fuel (Thousand Barrels per Day),7,MBBL/D
1993-02,R10-Z00,PADD 1,EPJK,Kerosene-Type Jet Fuel,EEX,Exports,MKJEXP11,East Coast (PADD 1) Exports of Kerosene-Type Jet Fuel (Thousand Barrels),4,MBBL
1993-02,R10-Z00,PADD 1,EPJK,Kerosene-Type Jet Fuel,EEX,Exports,MKJEXP12,East Coast (PADD 1) Exports of Kerosene-Type Jet Fuel (Thousand Barrels per Day),0,MBBL/D
1993-04,R10-Z00,PADD 1,EPJK,Kerosene-Type Jet Fuel,EEX,Exports,MKJEXP11,East Coast (PADD 1) Exports of Kerosene-Type Jet Fuel (Thousand Barrels),0,MBBL
1993-04,R10-Z00,PADD 1,EPJK,Kerosene-Type Jet Fuel,EEX,Exports,MKJEXP12,East Coast (PADD 1) Exports of Kerosene-Type Jet Fuel (Thousand Barrels per Day),0,MBBL/D
1993-05,R10-Z00,PADD 1,EPJK,Kerosene-Type Jet Fuel,EEX,Exports,MKJEXP11,East Coast (PADD 1) Exports of Kerosene-Type Jet Fuel (Thousand Barrels),1,MBBL
1993-05,R10-Z00,PADD 1,EPJK,Kerosene-Type Jet Fuel,EEX,Exports,MKJEXP12,East Coast (PADD 1) Exports of Kerosene-Type Jet Fuel (Thousand Barrels per Day),0,MBBL/D
1993-06,R10-Z00,PADD 1,EPJK,Kerosene-Type Jet Fuel,EEX,Exports,MKJEXP11,East Coast (PADD 1) Exports of Kerosene-Type Jet Fuel (Thousand Barrels),24,MBBL
1993-06,R10-Z00,PADD 1,EPJK,Kerosene-Type Jet Fuel,EEX,Exports,MKJEXP12,East Coast (PADD 1) Exports of Kerosene-Type Jet Fuel (Thousand Barrels per Day),1,MBBL/D
1993-07,R10-Z00,PADD 1,EPJK,Kerosene-Type Jet Fuel,EEX,Exports,MKJEXP11,East Coast (PADD 1) Exports of Kerosene-Type Jet Fuel (Thousand Barrels),1,MBBL
1993-07,R10-Z00,PADD 1,EPJK,Kerosene-Type Jet Fuel,EEX,Exports,MKJEXP12,East Coast (PADD 1) Exports of Kerosene-Type Jet Fuel (Thousand Barrels per Day),0,MBBL/D
1993-08,R10-Z00,PADD 1,EPJK,Kerosene-Type Jet Fuel,EEX,Exports,MKJEXP11,East Coast (PADD 1) Exports of Kerosene-Type Jet Fuel (Thousand Barrels),0,MBBL
1993-08,R10-Z00,PADD 1,EPJK,Kerosene-Type Jet Fuel,EEX,Exports,MKJEXP12,East Coast (PADD 1) Exports of Kerosene-Type Jet Fuel (Thousand Barrels per Day),0,MBBL/D
1993-09,R10-Z00,PADD 1,EPJK,Kerosene-Type Jet Fuel,EEX,Exports,MKJEXP11,East Coast (PADD 1) Exports of Kerosene-Type Jet Fuel (Thousand Barrels),3,MBBL
1993-09,R10-Z00,PADD 1,EPJK,Kerosene-Type Jet Fuel,EEX,Exports,MKJEXP12,East Coast (PADD 1) Exports of Kerosene-Type Jet Fuel (Thousand Barrels per Day),0,MBBL/D
1993-10,R10-Z00,PADD 1,EPJK,Kerosene-Type Jet Fuel,EEX,Exports,MKJEXP11,East Coast (PADD 1) Exports of Kerosene-Type Jet Fuel (Thousand Barrels),0,MBBL
1993-10,R10-Z00,PADD 1,EPJK,Kerosene-Type Jet Fuel,EEX,Exports,MKJEXP12,East Coast (PADD 1) Exports of Kerosene-Type Jet Fuel (Thousand Barrels per Day),0,MBBL/D
1993-11,R10-Z00,PADD 1,EPJK,Kerosene-Type Jet Fuel,EEX,Exports,MKJEXP11,East Coast (PADD 1) Exports of Kerosene-Type Jet Fuel (Thousand Barrels),53,MBBL
1993-11,R10-Z00,PADD 1,EPJK,Kerosene-Type Jet Fuel,EEX,Exports,MKJEXP12,East Coast (PADD 1) Exports of Kerosene-Type Jet Fuel (Thousand Barrels per Day),2,MBBL/D
1993-12,R10-Z00,PADD 1,EPJK,Kerosene-Type Jet Fuel,EEX,Exports,MKJEXP11,East Coast (PADD 1) Exports of Kerosene-Type Jet Fuel (Thousand Barrels),1,MBBL
1993-12,R10-Z00,PADD 1,EPJK,Kerosene-Type Jet Fuel,EEX,Exports,MKJEXP12,East Coast (PADD 1) Exports of Kerosene-Type Jet Fuel (Thousand Barrels per Day),0,MBBL/D
1994-01,R10-Z00,PADD 1,EPJK,Kerosene-Type Jet Fuel,EEX,Exports,MKJEXP11,East Coast (PADD 1) Exports of Kerosene-Type Jet Fuel (Thousand Barrels),44,MBBL
1994-01,R10-Z00,PADD 1,EPJK,Kerosene-Type Jet Fuel,EEX,Exports,MKJEXP12,East Coast (PADD 1) Exports of Kerosene-Type Jet Fuel (Thousand Barrels per Day),1,MBBL/D
1994-02,R10-Z00,PADD 1,EPJK,Kerosene-Type Jet Fuel,EEX,Exports,MKJEXP11,East Coast (PADD 1) Exports of Kerosene-Type Jet Fuel (Thousand Barrels),0,MBBL
1994-02,R10-Z00,PADD 1,EPJK,Kerosene-Type Jet Fuel,EEX,Exports,MKJEXP12,East Coast (PADD 1) Exports of Kerosene-Type Jet Fuel (Thousand Barrels per Day),0,MBBL/D
1994-03,R10-Z00,PADD 1,EPJK,Kerosene-Type Jet Fuel,EEX,Exports,MKJEXP11,East Coast (PADD 1) Exports of Kerosene-Type Jet Fuel (Thousand Barrels),1,MBBL
1994-03,R10-Z00,PADD 1,EPJK,Kerosene-Type Jet Fuel,EEX,Exports,MKJEXP12,East Coast (PADD 1) Exports of Kerosene-Type Jet Fuel (Thousand Barrels per Day),0,MBBL/D
1994-04,R10-Z00,PADD 1,EPJK,Kerosene-Type Jet Fuel,EEX,Exports,MKJEXP11,East Coast (PADD 1) Exports of Kerosene-Type Jet Fuel (Thousand Barrels),0,MBBL
1994-04,R10-Z00,PADD 1,EPJK,Kerosene-Type Jet Fuel,EEX,Exports,MKJEXP12,East Coast (PADD 1) Exports of Kerosene-Type Jet Fuel (Thousand Barrels per Day),0,MBBL/D
1994-05,R10-Z00,PADD 1,EPJK,Kerosene-Type Jet Fuel,EEX,Exports,MKJEXP11,East Coast (PADD 1) Exports of Kerosene-Type Jet Fuel (Thousand Barrels),0,MBBL
1994-05,R10-Z00,PADD 1,EPJK,Kerosene-Type Jet Fuel,EEX,Exports,MKJEXP12,East Coast (PADD 1) Exports of Kerosene-Type Jet Fuel (Thousand Barrels per Day),0,MBBL/D
1994-06,R10-Z00,PADD 1,EPJK,Kerosene-Type Jet Fuel,EEX,Exports,MKJEXP11,East Coast (PADD 1) Exports of Kerosene-Type Jet Fuel (Thousand Barrels),1,MBBL
1994-06,R10-Z00,PADD 1,EPJK,Kerosene-Type Jet Fuel,EEX,Exports,MKJEXP12,East Coast (PADD 1) Exports of Kerosene-Type Jet Fuel (Thousand Barrels per Day),0,MBBL/D
1994-07,R10-Z00,PADD 1,EPJK,Kerosene-Type Jet Fuel,EEX,Exports,MKJEXP11,East Coast (PADD 1) Exports of Kerosene-Type Jet Fuel (Thousand Barrels),1,MBBL
1994-07,R10-Z00,PADD 1,EPJK,Kerosene-Type Jet Fuel,EEX,Exports,MKJEXP12,East Coast (PADD 1) Exports of Kerosene-Type Jet Fuel (Thousand Barrels per Day),0,MBBL/D
1994-08,R10-Z00,PADD 1,EPJK,Kerosene-Type Jet Fuel,EEX,Exports,MKJEXP11,East Coast (PADD 1) Exports of Kerosene-Type Jet Fuel (Thousand Barrels),1,MBBL
1994-08,R10-Z00,PADD 1,EPJK,Kerosene-Type Jet Fuel,EEX,Exports,MKJEXP12,East Coast (PADD 1) Exports of Kerosene-Type Jet Fuel (Thousand Barrels per Day),0,MBBL/D
1994-09,R10-Z00,PADD 1,EPJK,Kerosene-Type Jet Fuel,EEX,Exports,MKJEXP11,East Coast (PADD 1) Exports of Kerosene-Type Jet Fuel (Thousand Barrels),7,MBBL
1994-09,R10-Z00,PADD 1,EPJK,Kerosene-Type Jet Fuel,EEX,Exports,MKJEXP12,East Coast (PADD 1) Exports of Kerosene-Type Jet Fuel (Thousand Barrels per Day),0,MBBL/D
1994-10,R10-Z00,PADD 1,EPJK,Kerosene-Type Jet Fuel,EEX,Exports,MKJEXP11,East Coast (PADD 1) Exports of Kerosene-Type Jet Fuel (Thousand Barrels),120,MBBL
1994-10,R10-Z00,PADD 1,EPJK,Kerosene-Type Jet Fuel,EEX,Exports,MKJEXP12,East Coast (PADD 1) Exports of Kerosene-Type Jet Fuel (Thousand Barrels per Day),4,MBBL/D
1994-11,R10-Z00,PADD 1,EPJK,Kerosene-Type Jet Fuel,EEX,Exports,MKJEXP11,East Coast (PADD 1) Exports of Kerosene-Type Jet Fuel (Thousand Barrels),59,MBBL
1994-11,R10-Z00,PADD 1,EPJK,Kerosene-Type Jet Fuel,EEX,Exports,MKJEXP12,East Coast (PADD 1) Exports of Kerosene-Type Jet Fuel (Thousand Barrels per Day),2,MBBL/D
1994-12,R10-Z00,PADD 1,EPJK,Kerosene-Type Jet Fuel,EEX,Exports,MKJEXP11,East Coast (PADD 1) Exports of Kerosene-Type Jet Fuel (Thousand Barrels),24,MBBL
1994-12,R10-Z00,PADD 1,EPJK,Kerosene-Type Jet Fuel,EEX,Exports,MKJEXP12,East Coast (PADD 1) Exports of Kerosene-Type Jet Fuel (Thousand Barrels per Day),1,MBBL/D
1995-01,R10-Z00,PADD 1,EPJK,Kerosene-Type Jet Fuel,EEX,Exports,MKJEXP11,East Coast (PADD 1) Exports of Kerosene-Type Jet Fuel (Thousand Barrels),0,MBBL
1995-01,R10-Z00,PADD 1,EPJK,Kerosene-Type Jet Fuel,EEX,Exports,MKJEXP12,East Coast (PADD 1) Exports of Kerosene-Type Jet Fuel (Thousand Barrels per Day),0,MBBL/D
1995-02,R10-Z00,PADD 1,EPJK,Kerosene-Type Jet Fuel,EEX,Exports,MKJEXP11,East Coast (PADD 1) Exports of Kerosene-Type Jet Fuel (Thousand Barrels),0,MBBL
1995-02,R10-Z00,PADD 1,EPJK,Kerosene-Type Jet Fuel,EEX,Exports,MKJEXP12,East Coast (PADD 1) Exports of Kerosene-Type Jet Fuel (Thousand Barrels per Day),0,MBBL/D
1995-03,R10-Z00,PADD 1,EPJK,Kerosene-Type Jet Fuel,EEX,Exports,MKJEXP11,East Coast (PADD 1) Exports of Kerosene-Type Jet Fuel (Thousand Barrels),0,MBBL
1995-03,R10-Z00,PADD 1,EPJK,Kerosene-Type Jet Fuel,EEX,Exports,MKJEXP12,East Coast (PADD 1) Exports of Kerosene-Type Jet Fuel (Thousand Barrels per Day),0,MBBL/D
1995-04,R10-Z00,PADD 1,EPJK,Kerosene-Type Jet Fuel,EEX,Exports,MKJEXP11,East Coast (PADD 1) Exports of Kerosene-Type Jet Fuel (Thousand Barrels),1,MBBL
1995-04,R10-Z00,PADD 1,EPJK,Kerosene-Type Jet Fuel,EEX,Exports,MKJEXP12,East Coast (PADD 1) Exports of Kerosene-Type Jet Fuel (Thousand Barrels per Day),0,MBBL/D
1995-05,R10-Z00,PADD 1,EPJK,Kerosene-Type Jet Fuel,EEX,Exports,MKJEXP11,East Coast (PADD 1) Exports of Kerosene-Type Jet Fuel (Thousand Barrels),1,MBBL
1995-05,R10-Z00,PADD 1,EPJK,Kerosene-Type Jet Fuel,EEX,Exports,MKJEXP12,East Coast (PADD 1) Exports of Kerosene-Type Jet Fuel (Thousand Barrels per Day),0,MBBL/D
1995-06,R10-Z00,PADD 1,EPJK,Kerosene-Type Jet Fuel,EEX,Exports,MKJEXP11,East Coast (PADD 1) Exports of Kerosene-Type Jet Fuel (Thousand Barrels),33,MBBL
1995-06,R10-Z00,PADD 1,EPJK,Kerosene-Type Jet Fuel,EEX,Exports,MKJEXP12,East Coast (PADD 1) Exports of Kerosene-Type Jet Fuel (Thousand Barrels per Day),1,MBBL/D
1995-07,R10-Z00,PADD 1,EPJK,Kerosene-Type Jet Fuel,EEX,Exports,MKJEXP11,East Coast (PADD 1) Exports of Kerosene-Type Jet Fuel (Thousand Barrels),50,MBBL
1995-07,R10-Z00,PADD 1,EPJK,Kerosene-Type Jet Fuel,EEX,Exports,MKJEXP12,East Coast (PADD 1) Exports of Kerosene-Type Jet Fuel (Thousand Barrels per Day),2,MBBL/D
1995-08,R10-Z00,PADD 1,EPJK,Kerosene-Type Jet Fuel,EEX,Exports,MKJEXP11,East Coast (PADD 1) Exports of Kerosene-Type Jet Fuel (Thousand Barrels),1,MBBL
1995-08,R10-Z00,PADD 1,EPJK,Kerosene-Type Jet Fuel,EEX,Exports,MKJEXP12,East Coast (PADD 1) Exports of Kerosene-Type Jet Fuel (Thousand Barrels per Day),0,MBBL/D
1995-09,R10-Z00,PADD 1,EPJK,Kerosene-Type Jet Fuel,EEX,Exports,MKJEXP11,East Coast (PADD 1) Exports of Kerosene-Type Jet Fuel (Thousand Barrels),84,MBBL
1995-09,R10-Z00,PADD 1,EPJK,Kerosene-Type Jet Fuel,EEX,Exports,MKJEXP12,East Coast (PADD 1) Exports of Kerosene-Type Jet Fuel (Thousand Barrels per Day),3,MBBL/D
1995-10,R10-Z00,PADD 1,EPJK,Kerosene-Type Jet Fuel,EEX,Exports,MKJEXP11,East Coast (PADD 1) Exports of Kerosene-Type Jet Fuel (Thousand Barrels),352,MBBL
1995-10,R10-Z00,PADD 1,EPJK,Kerosene-Type Jet Fuel,EEX,Exports,MKJEXP12,East Coast (PADD 1) Exports of Kerosene-Type Jet Fuel (Thousand Barrels per Day),11,MBBL/D
1995-11,R10-Z00,PADD 1,EPJK,Kerosene-Type Jet Fuel,EEX,Exports,MKJEXP11,East Coast (PADD 1) Exports of Kerosene-Type Jet Fuel (Thousand Barrels),250,MBBL
1995-11,R10-Z00,PADD 1,EPJK,Kerosene-Type Jet Fuel,EEX,Exports,MKJEXP12,East Coast (PADD 1) Exports of Kerosene-Type Jet Fuel (Thousand Barrels per Day),8,MBBL/D
1995-12,R10-Z00,PADD 1,EPJK,Kerosene-Type Jet Fuel,EEX,Exports,MKJEXP11,East Coast (PADD 1) Exports of Kerosene-Type Jet Fuel (Thousand Barrels),125,MBBL
1995-12,R10-Z00,PADD 1,EPJK,Kerosene-Type Jet Fuel,EEX,Exports,MKJEXP12,East Coast (PADD 1) Exports of Kerosene-Type Jet Fuel (Thousand Barrels per Day),4,MBBL/D
1996-01,R10-Z00,PADD 1,EPJK,Kerosene-Type Jet Fuel,EEX,Exports,MKJEXP11,East Coast (PADD 1) Exports of Kerosene-Type Jet Fuel (Thousand Barrels),294,MBBL
1996-01,R10-Z00,PADD 1,EPJK,Kerosene-Type Jet Fuel,EEX,Exports,MKJEXP12,East Coast (PADD 1) Exports of Kerosene-Type Jet Fuel (Thousand Barrels per Day),9,MBBL/D
1996-02,R10-Z00,PADD 1,EPJK,Kerosene-Type Jet Fuel,EEX,Exports,MKJEXP11,East Coast (PADD 1) Exports of Kerosene-Type Jet Fuel (Thousand Barrels),0,MBBL
1996-02,R10-Z00,PADD 1,EPJK,Kerosene-Type Jet Fuel,EEX,Exports,MKJEXP12,East Coast (PADD 1) Exports of Kerosene-Type Jet Fuel (Thousand Barrels per Day),0,MBBL/D
1996-03,R10-Z00,PADD 1,EPJK,Kerosene-Type Jet Fuel,EEX,Exports,MKJEXP11,East Coast (PADD 1) Exports of Kerosene-Type Jet Fuel (Thousand Barrels),0,MBBL
1996-03,R10-Z00,PADD 1,EPJK,Kerosene-Type Jet Fuel,EEX,Exports,MKJEXP12,East Coast (PADD 1) Exports of Kerosene-Type Jet Fuel (Thousand Barrels per Day),0,MBBL/D
1996-04,R10-Z00,PADD 1,EPJK,Kerosene-Type Jet Fuel,EEX,Exports,MKJEXP11,East Coast (PADD 1) Exports of Kerosene-Type Jet Fuel (Thousand Barrels),0,MBBL
1996-04,R10-Z00,PADD 1,EPJK,Kerosene-Type Jet Fuel,EEX,Exports,MKJEXP12,East Coast (PADD 1) Exports of Kerosene-Type Jet Fuel (Thousand Barrels per Day),0,MBBL/D
1996-05,R10-Z00,PADD 1,EPJK,Kerosene-Type Jet Fuel,EEX,Exports,MKJEXP11,East Coast (PADD 1) Exports of Kerosene-Type Jet Fuel (Thousand Barrels),1,MBBL
1996-05,R10-Z00,PADD 1,EPJK,Kerosene-Type Jet Fuel,EEX,Exports,MKJEXP12,East Coast (PADD 1) Exports of Kerosene-Type Jet Fuel (Thousand Barrels per Day),0,MBBL/D
1996-06,R10-Z00,PADD 1,EPJK,Kerosene-Type Jet Fuel,EEX,Exports,MKJEXP11,East Coast (PADD 1) Exports of Kerosene-Type Jet Fuel (Thousand Barrels),24,MBBL
1996-06,R10-Z00,PADD 1,EPJK,Kerosene-Type Jet Fuel,EEX,Exports,MKJEXP12,East Coast (PADD 1) Exports of Kerosene-Type Jet Fuel (Thousand Barrels per Day),1,MBBL/D
1996-07,R10-Z00,PADD 1,EPJK,Kerosene-Type Jet Fuel,EEX,Exports,MKJEXP11,East Coast (PADD 1) Exports of Kerosene-Type Jet Fuel (Thousand Barrels),71,MBBL
1996-07,R10-Z00,PADD 1,EPJK,Kerosene-Type Jet Fuel,EEX,Exports,MKJEXP12,East Coast (PADD 1) Exports of Kerosene-Type Jet Fuel (Thousand Barrels per Day),2,MBBL/D
1996-08,R10-Z00,PADD 1,EPJK,Kerosene-Type Jet Fuel,EEX,Exports,MKJEXP11,East Coast (PADD 1) Exports of Kerosene-Type Jet Fuel (Thousand Barrels),1,MBBL
1996-08,R10-Z00,PADD 1,EPJK,Kerosene-Type Jet Fuel,EEX,Exports,MKJEXP12,East Coast (PADD 1) Exports of Kerosene-Type Jet Fuel (Thousand Barrels per Day),0,MBBL/D
1996-09,R10-Z00,PADD 1,EPJK,Kerosene-Type Jet Fuel,EEX,Exports,MKJEXP11,East Coast (PADD 1) Exports of Kerosene-Type Jet Fuel (Thousand Barrels),1,MBBL
1996-09,R10-Z00,PADD 1,EPJK,Kerosene-Type Jet Fuel,EEX,Exports,MKJEXP12,East Coast (PADD 1) Exports of Kerosene-Type Jet Fuel (Thousand Barrels per Day),0,MBBL/D
1996-10,R10-Z00,PADD 1,EPJK,Kerosene-Type Jet Fuel,EEX,Exports,MKJEXP11,East Coast (PADD 1) Exports of Kerosene-Type Jet Fuel (Thousand Barrels),126,MBBL
1996-10,R10-Z00,PADD 1,EPJK,Kerosene-Type Jet Fuel,EEX,Exports,MKJEXP12,East Coast (PADD 1) Exports of Kerosene-Type Jet Fuel (Thousand Barrels per Day),4,MBBL/D
1996-11,R10-Z00,PADD 1,EPJK,Kerosene-Type Jet Fuel,EEX,Exports,MKJEXP11,East Coast (PADD 1) Exports of Kerosene-Type Jet Fuel (Thousand Barrels),127,MBBL
1996-11,R10-Z00,PADD 1,EPJK,Kerosene-Type Jet Fuel,EEX,Exports,MKJEXP12,East Coast (PADD 1) Exports of Kerosene-Type Jet Fuel (Thousand Barrels per Day),4,MBBL/D
1996-12,R10-Z00,PADD 1,EPJK,Kerosene-Type Jet Fuel,EEX,Exports,MKJEXP11,East Coast (PADD 1) Exports of Kerosene-Type Jet Fuel (Thousand Barrels),105,MBBL
1996-12,R10-Z00,PADD 1,EPJK,Kerosene-Type Jet Fuel,EEX,Exports,MKJEXP12,East Coast (PADD 1) Exports of Kerosene-Type Jet Fuel (Thousand Barrels per Day),3,MBBL/D
1997-01,R10-Z00,PADD 1,EPJK,Kerosene-Type Jet Fuel,EEX,Exports,MKJEXP11,East Coast (PADD 1) Exports of Kerosene-Type Jet Fuel (Thousand Barrels),124,MBBL
1997-01,R10-Z00,PADD 1,EPJK,Kerosene-Type Jet Fuel,EEX,Exports,MKJEXP12,East Coast (PADD 1) Exports of Kerosene-Type Jet Fuel (Thousand Barrels per Day),4,MBBL/D
1997-02,R10-Z00,PADD 1,EPJK,Kerosene-Type Jet Fuel,EEX,Exports,MKJEXP11,East Coast (PADD 1) Exports of Kerosene-Type Jet Fuel (Thousand Barrels),69,MBBL
1997-02,R10-Z00,PADD 1,EPJK,Kerosene-Type Jet Fuel,EEX,Exports,MKJEXP12,East Coast (PADD 1) Exports of Kerosene-Type Jet Fuel (Thousand Barrels per Day),2,MBBL/D
1997-03,R10-Z00,PADD 1,EPJK,Kerosene-Type Jet Fuel,EEX,Exports,MKJEXP11,East Coast (PADD 1) Exports of Kerosene-Type Jet Fuel (Thousand Barrels),68,MBBL
1997-03,R10-Z00,PADD 1,EPJK,Kerosene-Type Jet Fuel,EEX,Exports,MKJEXP12,East Coast (PADD 1) Exports of Kerosene-Type Jet Fuel (Thousand Barrels per Day),2,MBBL/D
1997-04,R10-Z00,PADD 1,EPJK,Kerosene-Type Jet Fuel,EEX,Exports,MKJEXP11,East Coast (PADD 1) Exports of Kerosene-Type Jet Fuel (Thousand Barrels),1,MBBL
1997-04,R10-Z00,PADD 1,EPJK,Kerosene-Type Jet Fuel,EEX,Exports,MKJEXP12,East Coast (PADD 1) Exports of Kerosene-Type Jet Fuel (Thousand Barrels per Day),0,MBBL/D
1997-05,R10-Z00,PADD 1,EPJK,Kerosene-Type Jet Fuel,EEX,Exports,MKJEXP11,East Coast (PADD 1) Exports of Kerosene-Type Jet Fuel (Thousand Barrels),3,MBBL
1997-05,R10-Z00,PADD 1,EPJK,Kerosene-Type Jet Fuel,EEX,Exports,MKJEXP12,East Coast (PADD 1) Exports of Kerosene-Type Jet Fuel (Thousand Barrels per Day),0,MBBL/D
1997-06,R10-Z00,PADD 1,EPJK,Kerosene-Type Jet Fuel,EEX,Exports,MKJEXP11,East Coast (PADD 1) Exports of Kerosene-Type Jet Fuel (Thousand Barrels),4,MBBL
1997-06,R10-Z00,PADD 1,EPJK,Kerosene-Type Jet Fuel,EEX,Exports,MKJEXP12,East Coast (PADD 1) Exports of Kerosene-Type Jet Fuel (Thousand Barrels per Day),0,MBBL/D
1997-07,R10-Z00,PADD 1,EPJK,Kerosene-Type Jet Fuel,EEX,Exports,MKJEXP11,East Coast (PADD 1) Exports of Kerosene-Type Jet Fuel (Thousand Barrels),2,MBBL
1997-07,R10-Z00,PADD 1,EPJK,Kerosene-Type Jet Fuel,EEX,Exports,MKJEXP12,East Coast (PADD 1) Exports of Kerosene-Type Jet Fuel (Thousand Barrels per Day),0,MBBL/D
1997-08,R10-Z00,PADD 1,EPJK,Kerosene-Type Jet Fuel,EEX,Exports,MKJEXP11,East Coast (PADD 1) Exports of Kerosene-Type Jet Fuel (Thousand Barrels),2,MBBL
1997-08,R10-Z00,PADD 1,EPJK,Kerosene-Type Jet Fuel,EEX,Exports,MKJEXP12,East Coast (PADD 1) Exports of Kerosene-Type Jet Fuel (Thousand Barrels per Day),0,MBBL/D
1997-09,R10-Z00,PADD 1,EPJK,Kerosene-Type Jet Fuel,EEX,Exports,MKJEXP11,East Coast (PADD 1) Exports of Kerosene-Type Jet Fuel (Thousand Barrels),34,MBBL
1997-09,R10-Z00,PADD 1,EPJK,Kerosene-Type Jet Fuel,EEX,Exports,MKJEXP12,East Coast (PADD 1) Exports of Kerosene-Type Jet Fuel (Thousand Barrels per Day),1,MBBL/D
1997-10,R10-Z00,PADD 1,EPJK,Kerosene-Type Jet Fuel,EEX,Exports,MKJEXP11,East Coast (PADD 1) Exports of Kerosene-Type Jet Fuel (Thousand Barrels),5,MBBL
1997-10,R10-Z00,PADD 1,EPJK,Kerosene-Type Jet Fuel,EEX,Exports,MKJEXP12,East Coast (PADD 1) Exports of Kerosene-Type Jet Fuel (Thousand Barrels per Day),0,MBBL/D
1997-11,R10-Z00,PADD 1,EPJK,Kerosene-Type Jet Fuel,EEX,Exports,MKJEXP11,East Coast (PADD 1) Exports of Kerosene-Type Jet Fuel (Thousand Barrels),191,MBBL
1997-11,R10-Z00,PADD 1,EPJK,Kerosene-Type Jet Fuel,EEX,Exports,MKJEXP12,East Coast (PADD 1) Exports of Kerosene-Type Jet Fuel (Thousand Barrels per Day),6,MBBL/D
1997-12,R10-Z00,PADD 1,EPJK,Kerosene-Type Jet Fuel,EEX,Exports,MKJEXP11,East Coast (PADD 1) Exports of Kerosene-Type Jet Fuel (Thousand Barrels),480,MBBL
1997-12,R10-Z00,PADD 1,EPJK,Kerosene-Type Jet Fuel,EEX,Exports,MKJEXP12,East Coast (PADD 1) Exports of Kerosene-Type Jet Fuel (Thousand Barrels per Day),15,MBBL/D
1998-01,R10-Z00,PADD 1,EPJK,Kerosene-Type Jet Fuel,EEX,Exports,MKJEXP11,East Coast (PADD 1) Exports of Kerosene-Type Jet Fuel (Thousand Barrels),311,MBBL
1998-01,R10-Z00,PADD 1,EPJK,Kerosene-Type Jet Fuel,EEX,Exports,MKJEXP12,East Coast (PADD 1) Exports of Kerosene-Type Jet Fuel (Thousand Barrels per Day),10,MBBL/D
1998-02,R10-Z00,PADD 1,EPJK,Kerosene-Type Jet Fuel,EEX,Exports,MKJEXP11,East Coast (PADD 1) Exports of Kerosene-Type Jet Fuel (Thousand Barrels),28,MBBL
1998-02,R10-Z00,PADD 1,EPJK,Kerosene-Type Jet Fuel,EEX,Exports,MKJEXP12,East Coast (PADD 1) Exports of Kerosene-Type Jet Fuel (Thousand Barrels per Day),1,MBBL/D
1998-03,R10-Z00,PADD 1,EPJK,Kerosene-Type Jet Fuel,EEX,Exports,MKJEXP11,East Coast (PADD 1) Exports of Kerosene-Type Jet Fuel (Thousand Barrels),3,MBBL
1998-03,R10-Z00,PADD 1,EPJK,Kerosene-Type Jet Fuel,EEX,Exports,MKJEXP12,East Coast (PADD 1) Exports of Kerosene-Type Jet Fuel (Thousand Barrels per Day),0,MBBL/D
1998-04,R10-Z00,PADD 1,EPJK,Kerosene-Type Jet Fuel,EEX,Exports,MKJEXP11,East Coast (PADD 1) Exports of Kerosene-Type Jet Fuel (Thousand Barrels),2,MBBL
1998-04,R10-Z00,PADD 1,EPJK,Kerosene-Type Jet Fuel,EEX,Exports,MKJEXP12,East Coast (PADD 1) Exports of Kerosene-Type Jet Fuel (Thousand Barrels per Day),0,MBBL/D
1998-05,R10-Z00,PADD 1,EPJK,Kerosene-Type Jet Fuel,EEX,Exports,MKJEXP11,East Coast (PADD 1) Exports of Kerosene-Type Jet Fuel (Thousand Barrels),112,MBBL
1998-05,R10-Z00,PADD 1,EPJK,Kerosene-Type Jet Fuel,EEX,Exports,MKJEXP12,East Coast (PADD 1) Exports of Kerosene-Type Jet Fuel (Thousand Barrels per Day),4,MBBL/D
1998-06,R10-Z00,PADD 1,EPJK,Kerosene-Type Jet Fuel,EEX,Exports,MKJEXP11,East Coast (PADD 1) Exports of Kerosene-Type Jet Fuel (Thousand Barrels),2,MBBL
1998-06,R10-Z00,PADD 1,EPJK,Kerosene-Type Jet Fuel,EEX,Exports,MKJEXP12,East Coast (PADD 1) Exports of Kerosene-Type Jet Fuel (Thousand Barrels per Day),0,MBBL/D
1998-07,R10-Z00,PADD 1,EPJK,Kerosene-Type Jet Fuel,EEX,Exports,MKJEXP11,East Coast (PADD 1) Exports of Kerosene-Type Jet Fuel (Thousand Barrels),0,MBBL
1998-07,R10-Z00,PADD 1,EPJK,Kerosene-Type Jet Fuel,EEX,Exports,MKJEXP12,East Coast (PADD 1) Exports of Kerosene-Type Jet Fuel (Thousand Barrels per Day),0,MBBL/D
1998-08,R10-Z00,PADD 1,EPJK,Kerosene-Type Jet Fuel,EEX,Exports,MKJEXP11,East Coast (PADD 1) Exports of Kerosene-Type Jet Fuel (Thousand Barrels),2,MBBL
1998-08,R10-Z00,PADD 1,EPJK,Kerosene-Type Jet Fuel,EEX,Exports,MKJEXP12,East Coast (PADD 1) Exports of Kerosene-Type Jet Fuel (Thousand Barrels per Day),0,MBBL/D
1998-09,R10-Z00,PADD 1,EPJK,Kerosene-Type Jet Fuel,EEX,Exports,MKJEXP11,East Coast (PADD 1) Exports of Kerosene-Type Jet Fuel (Thousand Barrels),1,MBBL
1998-09,R10-Z00,PADD 1,EPJK,Kerosene-Type Jet Fuel,EEX,Exports,MKJEXP12,East Coast (PADD 1) Exports of Kerosene-Type Jet Fuel (Thousand Barrels per Day),0,MBBL/D
1998-10,R10-Z00,PADD 1,EPJK,Kerosene-Type Jet Fuel,EEX,Exports,MKJEXP11,East Coast (PADD 1) Exports of Kerosene-Type Jet Fuel (Thousand Barrels),1,MBBL
1998-10,R10-Z00,PADD 1,EPJK,Kerosene-Type Jet Fuel,EEX,Exports,MKJEXP12,East Coast (PADD 1) Exports of Kerosene-Type Jet Fuel (Thousand Barrels per Day),0,MBBL/D
1998-11,R10-Z00,PADD 1,EPJK,Kerosene-Type Jet Fuel,EEX,Exports,MKJEXP11,East Coast (PADD 1) Exports of Kerosene-Type Jet Fuel (Thousand Barrels),298,MBBL
1998-11,R10-Z00,PADD 1,EPJK,Kerosene-Type Jet Fuel,EEX,Exports,MKJEXP12,East Coast (PADD 1) Exports of Kerosene-Type Jet Fuel (Thousand Barrels per Day),10,MBBL/D
1998-12,R10-Z00,PADD 1,EPJK,Kerosene-Type Jet Fuel,EEX,Exports,MKJEXP11,East Coast (PADD 1) Exports of Kerosene-Type Jet Fuel (Thousand Barrels),113,MBBL
1998-12,R10-Z00,PADD 1,EPJK,Kerosene-Type Jet Fuel,EEX,Exports,MKJEXP12,East Coast (PADD 1) Exports of Kerosene-Type Jet Fuel (Thousand Barrels per Day),4,MBBL/D
1999-01,R10-Z00,PADD 1,EPJK,Kerosene-Type Jet Fuel,EEX,Exports,MKJEXP11,East Coast (PADD 1) Exports of Kerosene-Type Jet Fuel (Thousand Barrels),292,MBBL
1999-01,R10-Z00,PADD 1,EPJK,Kerosene-Type Jet Fuel,EEX,Exports,MKJEXP12,East Coast (PADD 1) Exports of Kerosene-Type Jet Fuel (Thousand Barrels per Day),9,MBBL/D
1999-02,R10-Z00,PADD 1,EPJK,Kerosene-Type Jet Fuel,EEX,Exports,MKJEXP11,East Coast (PADD 1) Exports of Kerosene-Type Jet Fuel (Thousand Barrels),132,MBBL
1999-02,R10-Z00,PADD 1,EPJK,Kerosene-Type Jet Fuel,EEX,Exports,MKJEXP12,East Coast (PADD 1) Exports of Kerosene-Type Jet Fuel (Thousand Barrels per Day),5,MBBL/D
1999-03,R10-Z00,PADD 1,EPJK,Kerosene-Type Jet Fuel,EEX,Exports,MKJEXP11,East Coast (PADD 1) Exports of Kerosene-Type Jet Fuel (Thousand Barrels),0,MBBL
1999-03,R10-Z00,PADD 1,EPJK,Kerosene-Type Jet Fuel,EEX,Exports,MKJEXP12,East Coast (PADD 1) Exports of Kerosene-Type Jet Fuel (Thousand Barrels per Day),0,MBBL/D
1999-04,R10-Z00,PADD 1,EPJK,Kerosene-Type Jet Fuel,EEX,Exports,MKJEXP11,East Coast (PADD 1) Exports of Kerosene-Type Jet Fuel (Thousand Barrels),308,MBBL
1999-04,R10-Z00,PADD 1,EPJK,Kerosene-Type Jet Fuel,EEX,Exports,MKJEXP12,East Coast (PADD 1) Exports of Kerosene-Type Jet Fuel (Thousand Barrels per Day),10,MBBL/D
1999-05,R10-Z00,PADD 1,EPJK,Kerosene-Type Jet Fuel,EEX,Exports,MKJEXP11,East Coast (PADD 1) Exports of Kerosene-Type Jet Fuel (Thousand Barrels),83,MBBL
1999-05,R10-Z00,PADD 1,EPJK,Kerosene-Type Jet Fuel,EEX,Exports,MKJEXP12,East Coast (PADD 1) Exports of Kerosene-Type Jet Fuel (Thousand Barrels per Day),3,MBBL/D
1999-06,R10-Z00,PADD 1,EPJK,Kerosene-Type Jet Fuel,EEX,Exports,MKJEXP11,East Coast (PADD 1) Exports of Kerosene-Type Jet Fuel (Thousand Barrels),279,MBBL
1999-06,R10-Z00,PADD 1,EPJK,Kerosene-Type Jet Fuel,EEX,Exports,MKJEXP12,East Coast (PADD 1) Exports of Kerosene-Type Jet Fuel (Thousand Barrels per Day),9,MBBL/D
1999-07,R10-Z00,PADD 1,EPJK,Kerosene-Type Jet Fuel,EEX,Exports,MKJEXP11,East Coast (PADD 1) Exports of Kerosene-Type Jet Fuel (Thousand Barrels),1,MBBL
1999-07,R10-Z00,PADD 1,EPJK,Kerosene-Type Jet Fuel,EEX,Exports,MKJEXP12,East Coast (PADD 1) Exports of Kerosene-Type Jet Fuel (Thousand Barrels per Day),0,MBBL/D
1999-08,R10-Z00,PADD 1,EPJK,Kerosene-Type Jet Fuel,EEX,Exports,MKJEXP11,East Coast (PADD 1) Exports of Kerosene-Type Jet Fuel (Thousand Barrels),1,MBBL
1999-08,R10-Z00,PADD 1,EPJK,Kerosene-Type Jet Fuel,EEX,Exports,MKJEXP12,East Coast (PADD 1) Exports of Kerosene-Type Jet Fuel (Thousand Barrels per Day),0,MBBL/D
1999-09,R10-Z00,PADD 1,EPJK,Kerosene-Type Jet Fuel,EEX,Exports,MKJEXP11,East Coast (PADD 1) Exports of Kerosene-Type Jet Fuel (Thousand Barrels),1,MBBL
1999-09,R10-Z00,PADD 1,EPJK,Kerosene-Type Jet Fuel,EEX,Exports,MKJEXP12,East Coast (PADD 1) Exports of Kerosene-Type Jet Fuel (Thousand Barrels per Day),0,MBBL/D
1999-10,R10-Z00,PADD 1,EPJK,Kerosene-Type Jet Fuel,EEX,Exports,MKJEXP11,East Coast (PADD 1) Exports of Kerosene-Type Jet Fuel (Thousand Barrels),1,MBBL
1999-10,R10-Z00,PADD 1,EPJK,Kerosene-Type Jet Fuel,EEX,Exports,MKJEXP12,East Coast (PADD 1) Exports of Kerosene-Type Jet Fuel (Thousand Barrels per Day),0,MBBL/D
1999-11,R10-Z00,PADD 1,EPJK,Kerosene-Type Jet Fuel,EEX,Exports,MKJEXP11,East Coast (PADD 1) Exports of Kerosene-Type Jet Fuel (Thousand Barrels),738,MBBL
1999-11,R10-Z00,PADD 1,EPJK,Kerosene-Type Jet Fuel,EEX,Exports,MKJEXP12,East Coast (PADD 1) Exports of Kerosene-Type Jet Fuel (Thousand Barrels per Day),25,MBBL/D
1999-12,R10-Z00,PADD 1,EPJK,Kerosene-Type Jet Fuel,EEX,Exports,MKJEXP11,East Coast (PADD 1) Exports of Kerosene-Type Jet Fuel (Thousand Barrels),183,MBBL
1999-12,R10-Z00,PADD 1,EPJK,Kerosene-Type Jet Fuel,EEX,Exports,MKJEXP12,East Coast (PADD 1) Exports of Kerosene-Type Jet Fuel (Thousand Barrels per Day),6,MBBL/D
2000-01,R10-Z00,PADD 1,EPJK,Kerosene-Type Jet Fuel,EEX,Exports,MKJEXP11,East Coast (PADD 1) Exports of Kerosene-Type Jet Fuel (Thousand Barrels),0,MBBL
2000-01,R10-Z00,PADD 1,EPJK,Kerosene-Type Jet Fuel,EEX,Exports,MKJEXP12,East Coast (PADD 1) Exports of Kerosene-Type Jet Fuel (Thousand Barrels per Day),0,MBBL/D
2000-02,R10-Z00,PADD 1,EPJK,Kerosene-Type Jet Fuel,EEX,Exports,MKJEXP11,East Coast (PADD 1) Exports of Kerosene-Type Jet Fuel (Thousand Barrels),1,MBBL
2000-02,R10-Z00,PADD 1,EPJK,Kerosene-Type Jet Fuel,EEX,Exports,MKJEXP12,East Coast (PADD 1) Exports of Kerosene-Type Jet Fuel (Thousand Barrels per Day),0,MBBL/D
2000-03,R10-Z00,PADD 1,EPJK,Kerosene-Type Jet Fuel,EEX,Exports,MKJEXP11,East Coast (PADD 1) Exports of Kerosene-Type Jet Fuel (Thousand Barrels),182,MBBL
2000-03,R10-Z00,PADD 1,EPJK,Kerosene-Type Jet Fuel,EEX,Exports,MKJEXP12,East Coast (PADD 1) Exports of Kerosene-Type Jet Fuel (Thousand Barrels per Day),6,MBBL/D
2000-04,R10-Z00,PADD 1,EPJK,Kerosene-Type Jet Fuel,EEX,Exports,MKJEXP11,East Coast (PADD 1) Exports of Kerosene-Type Jet Fuel (Thousand Barrels),183,MBBL
2000-04,R10-Z00,PADD 1,EPJK,Kerosene-Type Jet Fuel,EEX,Exports,MKJEXP12,East Coast (PADD 1) Exports of Kerosene-Type Jet Fuel (Thousand Barrels per Day),6,MBBL/D
2000-05,R10-Z00,PADD 1,EPJK,Kerosene-Type Jet Fuel,EEX,Exports,MKJEXP11,East Coast (PADD 1) Exports of Kerosene-Type Jet Fuel (Thousand Barrels),2,MBBL
2000-05,R10-Z00,PADD 1,EPJK,Kerosene-Type Jet Fuel,EEX,Exports,MKJEXP12,East Coast (PADD 1) Exports of Kerosene-Type Jet Fuel (Thousand Barrels per Day),0,MBBL/D
2000-06,R10-Z00,PADD 1,EPJK,Kerosene-Type Jet Fuel,EEX,Exports,MKJEXP11,East Coast (PADD 1) Exports of Kerosene-Type Jet Fuel (Thousand Barrels),1,MBBL
2000-06,R10-Z00,PADD 1,EPJK,Kerosene-Type Jet Fuel,EEX,Exports,MKJEXP12,East Coast (PADD 1) Exports of Kerosene-Type Jet Fuel (Thousand Barrels per Day),0,MBBL/D
2000-07,R10-Z00,PADD 1,EPJK,Kerosene-Type Jet Fuel,EEX,Exports,MKJEXP11,East Coast (PADD 1) Exports of Kerosene-Type Jet Fuel (Thousand Barrels),1,MBBL
2000-07,R10-Z00,PADD 1,EPJK,Kerosene-Type Jet Fuel,EEX,Exports,MKJEXP12,East Coast (PADD 1) Exports of Kerosene-Type Jet Fuel (Thousand Barrels per Day),0,MBBL/D
2000-08,R10-Z00,PADD 1,EPJK,Kerosene-Type Jet Fuel,EEX,Exports,MKJEXP11,East Coast (PADD 1) Exports of Kerosene-Type Jet Fuel (Thousand Barrels),3,MBBL
2000-08,R10-Z00,PADD 1,EPJK,Kerosene-Type Jet Fuel,EEX,Exports,MKJEXP12,East Coast (PADD 1) Exports of Kerosene-Type Jet Fuel (Thousand Barrels per Day),0,MBBL/D
2000-09,R10-Z00,PADD 1,EPJK,Kerosene-Type Jet Fuel,EEX,Exports,MKJEXP11,East Coast (PADD 1) Exports of Kerosene-Type Jet Fuel (Thousand Barrels),96,MBBL
2000-09,R10-Z00,PADD 1,EPJK,Kerosene-Type Jet Fuel,EEX,Exports,MKJEXP12,East Coast (PADD 1) Exports of Kerosene-Type Jet Fuel (Thousand Barrels per Day),3,MBBL/D
2000-10,R10-Z00,PADD 1,EPJK,Kerosene-Type Jet Fuel,EEX,Exports,MKJEXP11,East Coast (PADD 1) Exports of Kerosene-Type Jet Fuel (Thousand Barrels),2,MBBL
2000-10,R10-Z00,PADD 1,EPJK,Kerosene-Type Jet Fuel,EEX,Exports,MKJEXP12,East Coast (PADD 1) Exports of Kerosene-Type Jet Fuel (Thousand Barrels per Day),0,MBBL/D
2000-11,R10-Z00,PADD 1,EPJK,Kerosene-Type Jet Fuel,EEX,Exports,MKJEXP11,East Coast (PADD 1) Exports of Kerosene-Type Jet Fuel (Thousand Barrels),746,MBBL
2000-11,R10-Z00,PADD 1,EPJK,Kerosene-Type Jet Fuel,EEX,Exports,MKJEXP12,East Coast (PADD 1) Exports of Kerosene-Type Jet Fuel (Thousand Barrels per Day),25,MBBL/D
2000-12,R10-Z00,PADD 1,EPJK,Kerosene-Type Jet Fuel,EEX,Exports,MKJEXP11,East Coast (PADD 1) Exports of Kerosene-Type Jet Fuel (Thousand Barrels),76,MBBL
2000-12,R10-Z00,PADD 1,EPJK,Kerosene-Type Jet Fuel,EEX,Exports,MKJEXP12,East Coast (PADD 1) Exports of Kerosene-Type Jet Fuel (Thousand Barrels per Day),2,MBBL/D
2001-01,R10-Z00,PADD 1,EPJK,Kerosene-Type Jet Fuel,EEX,Exports,MKJEXP11,East Coast (PADD 1) Exports of Kerosene-Type Jet Fuel (Thousand Barrels),148,MBBL
2001-01,R10-Z00,PADD 1,EPJK,Kerosene-Type Jet Fuel,EEX,Exports,MKJEXP12,East Coast (PADD 1) Exports of Kerosene-Type Jet Fuel (Thousand Barrels per Day),5,MBBL/D
2001-02,R10-Z00,PADD 1,EPJK,Kerosene-Type Jet Fuel,EEX,Exports,MKJEXP11,East Coast (PADD 1) Exports of Kerosene-Type Jet Fuel (Thousand Barrels),2,MBBL
2001-02,R10-Z00,PADD 1,EPJK,Kerosene-Type Jet Fuel,EEX,Exports,MKJEXP12,East Coast (PADD 1) Exports of Kerosene-Type Jet Fuel (Thousand Barrels per Day),0,MBBL/D
2001-03,R10-Z00,PADD 1,EPJK,Kerosene-Type Jet Fuel,EEX,Exports,MKJEXP11,East Coast (PADD 1) Exports of Kerosene-Type Jet Fuel (Thousand Barrels),40,MBBL
2001-03,R10-Z00,PADD 1,EPJK,Kerosene-Type Jet Fuel,EEX,Exports,MKJEXP12,East Coast (PADD 1) Exports of Kerosene-Type Jet Fuel (Thousand Barrels per Day),1,MBBL/D
2001-04,R10-Z00,PADD 1,EPJK,Kerosene-Type Jet Fuel,EEX,Exports,MKJEXP11,East Coast (PADD 1) Exports of Kerosene-Type Jet Fuel (Thousand Barrels),3,MBBL
2001-04,R10-Z00,PADD 1,EPJK,Kerosene-Type Jet Fuel,EEX,Exports,MKJEXP12,East Coast (PADD 1) Exports of Kerosene-Type Jet Fuel (Thousand Barrels per Day),0,MBBL/D
2001-05,R10-Z00,PADD 1,EPJK,Kerosene-Type Jet Fuel,EEX,Exports,MKJEXP11,East Coast (PADD 1) Exports of Kerosene-Type Jet Fuel (Thousand Barrels),4,MBBL
2001-05,R10-Z00,PADD 1,EPJK,Kerosene-Type Jet Fuel,EEX,Exports,MKJEXP12,East Coast (PADD 1) Exports of Kerosene-Type Jet Fuel (Thousand Barrels per Day),0,MBBL/D
2001-06,R10-Z00,PADD 1,EPJK,Kerosene-Type Jet Fuel,EEX,Exports,MKJEXP11,East Coast (PADD 1) Exports of Kerosene-Type Jet Fuel (Thousand Barrels),2,MBBL
2001-06,R10-Z00,PADD 1,EPJK,Kerosene-Type Jet Fuel,EEX,Exports,MKJEXP12,East Coast (PADD 1) Exports of Kerosene-Type Jet Fuel (Thousand Barrels per Day),0,MBBL/D
2001-07,R10-Z00,PADD 1,EPJK,Kerosene-Type Jet Fuel,EEX,Exports,MKJEXP11,East Coast (PADD 1) Exports of Kerosene-Type Jet Fuel (Thousand Barrels),2,MBBL
2001-07,R10-Z00,PADD 1,EPJK,Kerosene-Type Jet Fuel,EEX,Exports,MKJEXP12,East Coast (PADD 1) Exports of Kerosene-Type Jet Fuel (Thousand Barrels per Day),0,MBBL/D
2001-08,R10-Z00,PADD 1,EPJK,Kerosene-Type Jet Fuel,EEX,Exports,MKJEXP11,East Coast (PADD 1) Exports of Kerosene-Type Jet Fuel (Thousand Barrels),88,MBBL
2001-08,R10-Z00,PADD 1,EPJK,Kerosene-Type Jet Fuel,EEX,Exports,MKJEXP12,East Coast (PADD 1) Exports of Kerosene-Type Jet Fuel (Thousand Barrels per Day),3,MBBL/D
2001-09,R10-Z00,PADD 1,EPJK,Kerosene-Type Jet Fuel,EEX,Exports,MKJEXP11,East Coast (PADD 1) Exports of Kerosene-Type Jet Fuel (Thousand Barrels),118,MBBL
2001-09,R10-Z00,PADD 1,EPJK,Kerosene-Type Jet Fuel,EEX,Exports,MKJEXP12,East Coast (PADD 1) Exports of Kerosene-Type Jet Fuel (Thousand Barrels per Day),4,MBBL/D
2001-10,R10-Z00,PADD 1,EPJK,Kerosene-Type Jet Fuel,EEX,Exports,MKJEXP11,East Coast (PADD 1) Exports of Kerosene-Type Jet Fuel (Thousand Barrels),305,MBBL
2001-10,R10-Z00,PADD 1,EPJK,Kerosene-Type Jet Fuel,EEX,Exports,MKJEXP12,East Coast (PADD 1) Exports of Kerosene-Type Jet Fuel (Thousand Barrels per Day),10,MBBL/D
2001-11,R10-Z00,PADD 1,EPJK,Kerosene-Type Jet Fuel,EEX,Exports,MKJEXP11,East Coast (PADD 1) Exports of Kerosene-Type Jet Fuel (Thousand Barrels),95,MBBL
2001-11,R10-Z00,PADD 1,EPJK,Kerosene-Type Jet Fuel,EEX,Exports,MKJEXP12,East Coast (PADD 1) Exports of Kerosene-Type Jet Fuel (Thousand Barrels per Day),3,MBBL/D
2001-12,R10-Z00,PADD 1,EPJK,Kerosene-Type Jet Fuel,EEX,Exports,MKJEXP11,East Coast (PADD 1) Exports of Kerosene-Type Jet Fuel (Thousand Barrels),170,MBBL
2001-12,R10-Z00,PADD 1,EPJK,Kerosene-Type Jet Fuel,EEX,Exports,MKJEXP12,East Coast (PADD 1) Exports of Kerosene-Type Jet Fuel (Thousand Barrels per Day),5,MBBL/D
2002-01,R10-Z00,PADD 1,EPJK,Kerosene-Type Jet Fuel,EEX,Exports,MKJEXP11,East Coast (PADD 1) Exports of Kerosene-Type Jet Fuel (Thousand Barrels),0,MBBL
2002-01,R10-Z00,PADD 1,EPJK,Kerosene-Type Jet Fuel,EEX,Exports,MKJEXP12,East Coast (PADD 1) Exports of Kerosene-Type Jet Fuel (Thousand Barrels per Day),0,MBBL/D
2002-02,R10-Z00,PADD 1,EPJK,Kerosene-Type Jet Fuel,EEX,Exports,MKJEXP11,East Coast (PADD 1) Exports of Kerosene-Type Jet Fuel (Thousand Barrels),0,MBBL
2002-03,R10-Z00,PADD 1,EPJK,Kerosene-Type Jet Fuel,EEX,Exports,MKJEXP11,East Coast (PADD 1) Exports of Kerosene-Type Jet Fuel (Thousand Barrels),7,MBBL
2002-03,R10-Z00,PADD 1,EPJK,Kerosene-Type Jet Fuel,EEX,Exports,MKJEXP12,East Coast (PADD 1) Exports of Kerosene-Type Jet Fuel (Thousand Barrels per Day),0,MBBL/D
2002-04,R10-Z00,PADD 1,EPJK,Kerosene-Type Jet Fuel,EEX,Exports,MKJEXP11,East Coast (PADD 1) Exports of Kerosene-Type Jet Fuel (Thousand Barrels),3,MBBL
2002-04,R10-Z00,PADD 1,EPJK,Kerosene-Type Jet Fuel,EEX,Exports,MKJEXP12,East Coast (PADD 1) Exports of Kerosene-Type Jet Fuel (Thousand Barrels per Day),0,MBBL/D
2002-05,R10-Z00,PADD 1,EPJK,Kerosene-Type Jet Fuel,EEX,Exports,MKJEXP11,East Coast (PADD 1) Exports of Kerosene-Type Jet Fuel (Thousand Barrels),3,MBBL
2002-05,R10-Z00,PADD 1,EPJK,Kerosene-Type Jet Fuel,EEX,Exports,MKJEXP12,East Coast (PADD 1) Exports of Kerosene-Type Jet Fuel (Thousand Barrels per Day),0,MBBL/D
2002-06,R10-Z00,PADD 1,EPJK,Kerosene-Type Jet Fuel,EEX,Exports,MKJEXP11,East Coast (PADD 1) Exports of Kerosene-Type Jet Fuel (Thousand Barrels),3,MBBL
2002-06,R10-Z00,PADD 1,EPJK,Kerosene-Type Jet Fuel,EEX,Exports,MKJEXP12,East Coast (PADD 1) Exports of Kerosene-Type Jet Fuel (Thousand Barrels per Day),0,MBBL/D
2002-07,R10-Z00,PADD 1,EPJK,Kerosene-Type Jet Fuel,EEX,Exports,MKJEXP11,East Coast (PADD 1) Exports of Kerosene-Type Jet Fuel (Thousand Barrels),2,MBBL
2002-07,R10-Z00,PADD 1,EPJK,Kerosene-Type Jet Fuel,EEX,Exports,MKJEXP12,East Coast (PADD 1) Exports of Kerosene-Type Jet Fuel (Thousand Barrels per Day),0,MBBL/D
2002-08,R10-Z00,PADD 1,EPJK,Kerosene-Type Jet Fuel,EEX,Exports,MKJEXP11,East Coast (PADD 1) Exports of Kerosene-Type Jet Fuel (Thousand Barrels),2,MBBL
2002-08,R10-Z00,PADD 1,EPJK,Kerosene-Type Jet Fuel,EEX,Exports,MKJEXP12,East Coast (PADD 1) Exports of Kerosene-Type Jet Fuel (Thousand Barrels per Day),0,MBBL/D
2002-09,R10-Z00,PADD 1,EPJK,Kerosene-Type Jet Fuel,EEX,Exports,MKJEXP11,East Coast (PADD 1) Exports of Kerosene-Type Jet Fuel (Thousand Barrels),4,MBBL
2002-09,R10-Z00,PADD 1,EPJK,Kerosene-Type Jet Fuel,EEX,Exports,MKJEXP12,East Coast (PADD 1) Exports of Kerosene-Type Jet Fuel (Thousand Barrels per Day),0,MBBL/D
2002-10,R10-Z00,PADD 1,EPJK,Kerosene-Type Jet Fuel,EEX,Exports,MKJEXP11,East Coast (PADD 1) Exports of Kerosene-Type Jet Fuel (Thousand Barrels),2,MBBL
2002-10,R10-Z00,PADD 1,EPJK,Kerosene-Type Jet Fuel,EEX,Exports,MKJEXP12,East Coast (PADD 1) Exports of Kerosene-Type Jet Fuel (Thousand Barrels per Day),0,MBBL/D
2002-11,R10-Z00,PADD 1,EPJK,Kerosene-Type Jet Fuel,EEX,Exports,MKJEXP11,East Coast (PADD 1) Exports of Kerosene-Type Jet Fuel (Thousand Barrels),2,MBBL
2002-11,R10-Z00,PADD 1,EPJK,Kerosene-Type Jet Fuel,EEX,Exports,MKJEXP12,East Coast (PADD 1) Exports of Kerosene-Type Jet Fuel (Thousand Barrels per Day),0,MBBL/D
2002-12,R10-Z00,PADD 1,EPJK,Kerosene-Type Jet Fuel,EEX,Exports,MKJEXP11,East Coast (PADD 1) Exports of Kerosene-Type Jet Fuel (Thousand Barrels),1,MBBL
2002-12,R10-Z00,PADD 1,EPJK,Kerosene-Type Jet Fuel,EEX,Exports,MKJEXP12,East Coast (PADD 1) Exports of Kerosene-Type Jet Fuel (Thousand Barrels per Day),0,MBBL/D
2003-01,R10-Z00,PADD 1,EPJK,Kerosene-Type Jet Fuel,EEX,Exports,MKJEXP11,East Coast (PADD 1) Exports of Kerosene-Type Jet Fuel (Thousand Barrels),8,MBBL
2003-01,R10-Z00,PADD 1,EPJK,Kerosene-Type Jet Fuel,EEX,Exports,MKJEXP12,East Coast (PADD 1) Exports of Kerosene-Type Jet Fuel (Thousand Barrels per Day),0,MBBL/D
2003-02,R10-Z00,PADD 1,EPJK,Kerosene-Type Jet Fuel,EEX,Exports,MKJEXP11,East Coast (PADD 1) Exports of Kerosene-Type Jet Fuel (Thousand Barrels),5,MBBL
2003-02,R10-Z00,PADD 1,EPJK,Kerosene-Type Jet Fuel,EEX,Exports,MKJEXP12,East Coast (PADD 1) Exports of Kerosene-Type Jet Fuel (Thousand Barrels per Day),0,MBBL/D
2003-03,R10-Z00,PADD 1,EPJK,Kerosene-Type Jet Fuel,EEX,Exports,MKJEXP11,East Coast (PADD 1) Exports of Kerosene-Type Jet Fuel (Thousand Barrels),8,MBBL
2003-03,R10-Z00,PADD 1,EPJK,Kerosene-Type Jet Fuel,EEX,Exports,MKJEXP12,East Coast (PADD 1) Exports of Kerosene-Type Jet Fuel (Thousand Barrels per Day),0,MBBL/D
2003-04,R10-Z00,PADD 1,EPJK,Kerosene-Type Jet Fuel,EEX,Exports,MKJEXP11,East Coast (PADD 1) Exports of Kerosene-Type Jet Fuel (Thousand Barrels),102,MBBL
2003-04,R10-Z00,PADD 1,EPJK,Kerosene-Type Jet Fuel,EEX,Exports,MKJEXP12,East Coast (PADD 1) Exports of Kerosene-Type Jet Fuel (Thousand Barrels per Day),3,MBBL/D
2003-05,R10-Z00,PADD 1,EPJK,Kerosene-Type Jet Fuel,EEX,Exports,MKJEXP11,East Coast (PADD 1) Exports of Kerosene-Type Jet Fuel (Thousand Barrels),6,MBBL
2003-05,R10-Z00,PADD 1,EPJK,Kerosene-Type Jet Fuel,EEX,Exports,MKJEXP12,East Coast (PADD 1) Exports of Kerosene-Type Jet Fuel (Thousand Barrels per Day),0,MBBL/D
2003-06,R10-Z00,PADD 1,EPJK,Kerosene-Type Jet Fuel,EEX,Exports,MKJEXP11,East Coast (PADD 1) Exports of Kerosene-Type Jet Fuel (Thousand Barrels),6,MBBL
2003-06,R10-Z00,PADD 1,EPJK,Kerosene-Type Jet Fuel,EEX,Exports,MKJEXP12,East Coast (PADD 1) Exports of Kerosene-Type Jet Fuel (Thousand Barrels per Day),0,MBBL/D
2003-07,R10-Z00,PADD 1,EPJK,Kerosene-Type Jet Fuel,EEX,Exports,MKJEXP11,East Coast (PADD 1) Exports of Kerosene-Type Jet Fuel (Thousand Barrels),7,MBBL
2003-07,R10-Z00,PADD 1,EPJK,Kerosene-Type Jet Fuel,EEX,Exports,MKJEXP12,East Coast (PADD 1) Exports of Kerosene-Type Jet Fuel (Thousand Barrels per Day),0,MBBL/D
2003-08,R10-Z00,PADD 1,EPJK,Kerosene-Type Jet Fuel,EEX,Exports,MKJEXP11,East Coast (PADD 1) Exports of Kerosene-Type Jet Fuel (Thousand Barrels),9,MBBL
2003-08,R10-Z00,PADD 1,EPJK,Kerosene-Type Jet Fuel,EEX,Exports,MKJEXP12,East Coast (PADD 1) Exports of Kerosene-Type Jet Fuel (Thousand Barrels per Day),0,MBBL/D
2003-09,R10-Z00,PADD 1,EPJK,Kerosene-Type Jet Fuel,EEX,Exports,MKJEXP11,East Coast (PADD 1) Exports of Kerosene-Type Jet Fuel (Thousand Barrels),13,MBBL
2003-09,R10-Z00,PADD 1,EPJK,Kerosene-Type Jet Fuel,EEX,Exports,MKJEXP12,East Coast (PADD 1) Exports of Kerosene-Type Jet Fuel (Thousand Barrels per Day),0,MBBL/D
2003-10,R10-Z00,PADD 1,EPJK,Kerosene-Type Jet Fuel,EEX,Exports,MKJEXP11,East Coast (PADD 1) Exports of Kerosene-Type Jet Fuel (Thousand Barrels),6,MBBL
2003-10,R10-Z00,PADD 1,EPJK,Kerosene-Type Jet Fuel,EEX,Exports,MKJEXP12,East Coast (PADD 1) Exports of Kerosene-Type Jet Fuel (Thousand Barrels per Day),0,MBBL/D
2003-11,R10-Z00,PADD 1,EPJK,Kerosene-Type Jet Fuel,EEX,Exports,MKJEXP11,East Coast (PADD 1) Exports of Kerosene-Type Jet Fuel (Thousand Barrels),3,MBBL
2003-11,R10-Z00,PADD 1,EPJK,Kerosene-Type Jet Fuel,EEX,Exports,MKJEXP12,East Coast (PADD 1) Exports of Kerosene-Type Jet Fuel (Thousand Barrels per Day),0,MBBL/D
2003-12,R10-Z00,PADD 1,EPJK,Kerosene-Type Jet Fuel,EEX,Exports,MKJEXP11,East Coast (PADD 1) Exports of Kerosene-Type Jet Fuel (Thousand Barrels),7,MBBL
2003-12,R10-Z00,PADD 1,EPJK,Kerosene-Type Jet Fuel,EEX,Exports,MKJEXP12,East Coast (PADD 1) Exports of Kerosene-Type Jet Fuel (Thousand Barrels per Day),0,MBBL/D
2004-01,R10-Z00,PADD 1,EPJK,Kerosene-Type Jet Fuel,EEX,Exports,MKJEXP11,East Coast (PADD 1) Exports of Kerosene-Type Jet Fuel (Thousand Barrels),8,MBBL
2004-01,R10-Z00,PADD 1,EPJK,Kerosene-Type Jet Fuel,EEX,Exports,MKJEXP12,East Coast (PADD 1) Exports of Kerosene-Type Jet Fuel (Thousand Barrels per Day),0,MBBL/D
2004-02,R10-Z00,PADD 1,EPJK,Kerosene-Type Jet Fuel,EEX,Exports,MKJEXP11,East Coast (PADD 1) Exports of Kerosene-Type Jet Fuel (Thousand Barrels),6,MBBL
2004-02,R10-Z00,PADD 1,EPJK,Kerosene-Type Jet Fuel,EEX,Exports,MKJEXP12,East Coast (PADD 1) Exports of Kerosene-Type Jet Fuel (Thousand Barrels per Day),0,MBBL/D
2004-03,R10-Z00,PADD 1,EPJK,Kerosene-Type Jet Fuel,EEX,Exports,MKJEXP11,East Coast (PADD 1) Exports of Kerosene-Type Jet Fuel (Thousand Barrels),243,MBBL
2004-03,R10-Z00,PADD 1,EPJK,Kerosene-Type Jet Fuel,EEX,Exports,MKJEXP12,East Coast (PADD 1) Exports of Kerosene-Type Jet Fuel (Thousand Barrels per Day),8,MBBL/D
2004-04,R10-Z00,PADD 1,EPJK,Kerosene-Type Jet Fuel,EEX,Exports,MKJEXP11,East Coast (PADD 1) Exports of Kerosene-Type Jet Fuel (Thousand Barrels),7,MBBL
2004-04,R10-Z00,PADD 1,EPJK,Kerosene-Type Jet Fuel,EEX,Exports,MKJEXP12,East Coast (PADD 1) Exports of Kerosene-Type Jet Fuel (Thousand Barrels per Day),0,MBBL/D
2004-05,R10-Z00,PADD 1,EPJK,Kerosene-Type Jet Fuel,EEX,Exports,MKJEXP11,East Coast (PADD 1) Exports of Kerosene-Type Jet Fuel (Thousand Barrels),5,MBBL
2004-05,R10-Z00,PADD 1,EPJK,Kerosene-Type Jet Fuel,EEX,Exports,MKJEXP12,East Coast (PADD 1) Exports of Kerosene-Type Jet Fuel (Thousand Barrels per Day),0,MBBL/D
2004-06,R10-Z00,PADD 1,EPJK,Kerosene-Type Jet Fuel,EEX,Exports,MKJEXP11,East Coast (PADD 1) Exports of Kerosene-Type Jet Fuel (Thousand Barrels),4,MBBL
2004-06,R10-Z00,PADD 1,EPJK,Kerosene-Type Jet Fuel,EEX,Exports,MKJEXP12,East Coast (PADD 1) Exports of Kerosene-Type Jet Fuel (Thousand Barrels per Day),0,MBBL/D
2004-07,R10-Z00,PADD 1,EPJK,Kerosene-Type Jet Fuel,EEX,Exports,MKJEXP11,East Coast (PADD 1) Exports of Kerosene-Type Jet Fuel (Thousand Barrels),6,MBBL
2004-07,R10-Z00,PADD 1,EPJK,Kerosene-Type Jet Fuel,EEX,Exports,MKJEXP12,East Coast (PADD 1) Exports of Kerosene-Type Jet Fuel (Thousand Barrels per Day),0,MBBL/D
2004-08,R10-Z00,PADD 1,EPJK,Kerosene-Type Jet Fuel,EEX,Exports,MKJEXP11,East Coast (PADD 1) Exports of Kerosene-Type Jet Fuel (Thousand Barrels),2,MBBL
2004-08,R10-Z00,PADD 1,EPJK,Kerosene-Type Jet Fuel,EEX,Exports,MKJEXP12,East Coast (PADD 1) Exports of Kerosene-Type Jet Fuel (Thousand Barrels per Day),0,MBBL/D
2004-09,R10-Z00,PADD 1,EPJK,Kerosene-Type Jet Fuel,EEX,Exports,MKJEXP11,East Coast (PADD 1) Exports of Kerosene-Type Jet Fuel (Thousand Barrels),385,MBBL
2004-09,R10-Z00,PADD 1,EPJK,Kerosene-Type Jet Fuel,EEX,Exports,MKJEXP12,East Coast (PADD 1) Exports of Kerosene-Type Jet Fuel (Thousand Barrels per Day),13,MBBL/D
2004-10,R10-Z00,PADD 1,EPJK,Kerosene-Type Jet Fuel,EEX,Exports,MKJEXP11,East Coast (PADD 1) Exports of Kerosene-Type Jet Fuel (Thousand Barrels),37,MBBL
2004-10,R10-Z00,PADD 1,EPJK,Kerosene-Type Jet Fuel,EEX,Exports,MKJEXP12,East Coast (PADD 1) Exports of Kerosene-Type Jet Fuel (Thousand Barrels per Day),1,MBBL/D
2004-11,R10-Z00,PADD 1,EPJK,Kerosene-Type Jet Fuel,EEX,Exports,MKJEXP11,East Coast (PADD 1) Exports of Kerosene-Type Jet Fuel (Thousand Barrels),2,MBBL
2004-11,R10-Z00,PADD 1,EPJK,Kerosene-Type Jet Fuel,EEX,Exports,MKJEXP12,East Coast (PADD 1) Exports of Kerosene-Type Jet Fuel (Thousand Barrels per Day),0,MBBL/D
2004-12,R10-Z00,PADD 1,EPJK,Kerosene-Type Jet Fuel,EEX,Exports,MKJEXP11,East Coast (PADD 1) Exports of Kerosene-Type Jet Fuel (Thousand Barrels),914,MBBL
2004-12,R10-Z00,PADD 1,EPJK,Kerosene-Type Jet Fuel,EEX,Exports,MKJEXP12,East Coast (PADD 1) Exports of Kerosene-Type Jet Fuel (Thousand Barrels per Day),29,MBBL/D
2005-01,R10-Z00,PADD 1,EPJK,Kerosene-Type Jet Fuel,EEX,Exports,MKJEXP11,East Coast (PADD 1) Exports of Kerosene-Type Jet Fuel (Thousand Barrels),66,MBBL
2005-01,R10-Z00,PADD 1,EPJK,Kerosene-Type Jet Fuel,EEX,Exports,MKJEXP12,East Coast (PADD 1) Exports of Kerosene-Type Jet Fuel (Thousand Barrels per Day),2,MBBL/D
2005-02,R10-Z00,PADD 1,EPJK,Kerosene-Type Jet Fuel,EEX,Exports,MKJEXP11,East Coast (PADD 1) Exports of Kerosene-Type Jet Fuel (Thousand Barrels),351,MBBL
2005-02,R10-Z00,PADD 1,EPJK,Kerosene-Type Jet Fuel,EEX,Exports,MKJEXP12,East Coast (PADD 1) Exports of Kerosene-Type Jet Fuel (Thousand Barrels per Day),13,MBBL/D
2005-03,R10-Z00,PADD 1,EPJK,Kerosene-Type Jet Fuel,EEX,Exports,MKJEXP11,East Coast (PADD 1) Exports of Kerosene-Type Jet Fuel (Thousand Barrels),68,MBBL
2005-03,R10-Z00,PADD 1,EPJK,Kerosene-Type Jet Fuel,EEX,Exports,MKJEXP12,East Coast (PADD 1) Exports of Kerosene-Type Jet Fuel (Thousand Barrels per Day),2,MBBL/D
2005-04,R10-Z00,PADD 1,EPJK,Kerosene-Type Jet Fuel,EEX,Exports,MKJEXP11,East Coast (PADD 1) Exports of Kerosene-Type Jet Fuel (Thousand Barrels),827,MBBL
2005-04,R10-Z00,PADD 1,EPJK,Kerosene-Type Jet Fuel,EEX,Exports,MKJEXP12,East Coast (PADD 1) Exports of Kerosene-Type Jet Fuel (Thousand Barrels per Day),28,MBBL/D
2005-05,R10-Z00,PADD 1,EPJK,Kerosene-Type Jet Fuel,EEX,Exports,MKJEXP11,East Coast (PADD 1) Exports of Kerosene-Type Jet Fuel (Thousand Barrels),489,MBBL
2005-05,R10-Z00,PADD 1,EPJK,Kerosene-Type Jet Fuel,EEX,Exports,MKJEXP12,East Coast (PADD 1) Exports of Kerosene-Type Jet Fuel (Thousand Barrels per Day),16,MBBL/D
2005-06,R10-Z00,PADD 1,EPJK,Kerosene-Type Jet Fuel,EEX,Exports,MKJEXP11,East Coast (PADD 1) Exports of Kerosene-Type Jet Fuel (Thousand Barrels),3,MBBL
2005-06,R10-Z00,PADD 1,EPJK,Kerosene-Type Jet Fuel,EEX,Exports,MKJEXP12,East Coast (PADD 1) Exports of Kerosene-Type Jet Fuel (Thousand Barrels per Day),0,MBBL/D
2005-07,R10-Z00,PADD 1,EPJK,Kerosene-Type Jet Fuel,EEX,Exports,MKJEXP11,East Coast (PADD 1) Exports of Kerosene-Type Jet Fuel (Thousand Barrels),51,MBBL
2005-07,R10-Z00,PADD 1,EPJK,Kerosene-Type Jet Fuel,EEX,Exports,MKJEXP12,East Coast (PADD 1) Exports of Kerosene-Type Jet Fuel (Thousand Barrels per Day),2,MBBL/D
2005-08,R10-Z00,PADD 1,EPJK,Kerosene-Type Jet Fuel,EEX,Exports,MKJEXP11,East Coast (PADD 1) Exports of Kerosene-Type Jet Fuel (Thousand Barrels),295,MBBL
2005-08,R10-Z00,PADD 1,EPJK,Kerosene-Type Jet Fuel,EEX,Exports,MKJEXP12,East Coast (PADD 1) Exports of Kerosene-Type Jet Fuel (Thousand Barrels per Day),10,MBBL/D
2005-09,R10-Z00,PADD 1,EPJK,Kerosene-Type Jet Fuel,EEX,Exports,MKJEXP11,East Coast (PADD 1) Exports of Kerosene-Type Jet Fuel (Thousand Barrels),27,MBBL
2005-09,R10-Z00,PADD 1,EPJK,Kerosene-Type Jet Fuel,EEX,Exports,MKJEXP12,East Coast (PADD 1) Exports of Kerosene-Type Jet Fuel (Thousand Barrels per Day),1,MBBL/D
2005-10,R10-Z00,PADD 1,EPJK,Kerosene-Type Jet Fuel,EEX,Exports,MKJEXP11,East Coast (PADD 1) Exports of Kerosene-Type Jet Fuel (Thousand Barrels),43,MBBL
2005-10,R10-Z00,PADD 1,EPJK,Kerosene-Type Jet Fuel,EEX,Exports,MKJEXP12,East Coast (PADD 1) Exports of Kerosene-Type Jet Fuel (Thousand Barrels per Day),1,MBBL/D
2005-11,R10-Z00,PADD 1,EPJK,Kerosene-Type Jet Fuel,EEX,Exports,MKJEXP11,East Coast (PADD 1) Exports of Kerosene-Type Jet Fuel (Thousand Barrels),51,MBBL
2005-11,R10-Z00,PADD 1,EPJK,Kerosene-Type Jet Fuel,EEX,Exports,MKJEXP12,East Coast (PADD 1) Exports of Kerosene-Type Jet Fuel (Thousand Barrels per Day),2,MBBL/D
2005-12,R10-Z00,PADD 1,EPJK,Kerosene-Type Jet Fuel,EEX,Exports,MKJEXP11,East Coast (PADD 1) Exports of Kerosene-Type Jet Fuel (Thousand Barrels),73,MBBL
2005-12,R10-Z00,PADD 1,EPJK,Kerosene-Type Jet Fuel,EEX,Exports,MKJEXP12,East Coast (PADD 1) Exports of Kerosene-Type Jet Fuel (Thousand Barrels per Day),2,MBBL/D
2006-01,R10-Z00,PADD 1,EPJK,Kerosene-Type Jet Fuel,EEX,Exports,MKJEXP11,East Coast (PADD 1) Exports of Kerosene-Type Jet Fuel (Thousand Barrels),27,MBBL
2006-01,R10-Z00,PADD 1,EPJK,Kerosene-Type Jet Fuel,EEX,Exports,MKJEXP12,East Coast (PADD 1) Exports of Kerosene-Type Jet Fuel (Thousand Barrels per Day),1,MBBL/D
2006-02,R10-Z00,PADD 1,EPJK,Kerosene-Type Jet Fuel,EEX,Exports,MKJEXP11,East Coast (PADD 1) Exports of Kerosene-Type Jet Fuel (Thousand Barrels),3,MBBL
2006-02,R10-Z00,PADD 1,EPJK,Kerosene-Type Jet Fuel,EEX,Exports,MKJEXP12,East Coast (PADD 1) Exports of Kerosene-Type Jet Fuel (Thousand Barrels per Day),0,MBBL/D
2006-03,R10-Z00,PADD 1,EPJK,Kerosene-Type Jet Fuel,EEX,Exports,MKJEXP11,East Coast (PADD 1) Exports of Kerosene-Type Jet Fuel (Thousand Barrels),3,MBBL
2006-03,R10-Z00,PADD 1,EPJK,Kerosene-Type Jet Fuel,EEX,Exports,MKJEXP12,East Coast (PADD 1) Exports of Kerosene-Type Jet Fuel (Thousand Barrels per Day),0,MBBL/D
2006-04,R10-Z00,PADD 1,EPJK,Kerosene-Type Jet Fuel,EEX,Exports,MKJEXP11,East Coast (PADD 1) Exports of Kerosene-Type Jet Fuel (Thousand Barrels),88,MBBL
2006-04,R10-Z00,PADD 1,EPJK,Kerosene-Type Jet Fuel,EEX,Exports,MKJEXP12,East Coast (PADD 1) Exports of Kerosene-Type Jet Fuel (Thousand Barrels per Day),3,MBBL/D
2006-05,R10-Z00,PADD 1,EPJK,Kerosene-Type Jet Fuel,EEX,Exports,MKJEXP11,East Coast (PADD 1) Exports of Kerosene-Type Jet Fuel (Thousand Barrels),115,MBBL
2006-05,R10-Z00,PADD 1,EPJK,Kerosene-Type Jet Fuel,EEX,Exports,MKJEXP12,East Coast (PADD 1) Exports of Kerosene-Type Jet Fuel (Thousand Barrels per Day),4,MBBL/D
2006-06,R10-Z00,PADD 1,EPJK,Kerosene-Type Jet Fuel,EEX,Exports,MKJEXP11,East Coast (PADD 1) Exports of Kerosene-Type Jet Fuel (Thousand Barrels),255,MBBL
2006-06,R10-Z00,PADD 1,EPJK,Kerosene-Type Jet Fuel,EEX,Exports,MKJEXP12,East Coast (PADD 1) Exports of Kerosene-Type Jet Fuel (Thousand Barrels per Day),9,MBBL/D
2006-07,R10-Z00,PADD 1,EPJK,Kerosene-Type Jet Fuel,EEX,Exports,MKJEXP11,East Coast (PADD 1) Exports of Kerosene-Type Jet Fuel (Thousand Barrels),267,MBBL
2006-07,R10-Z00,PADD 1,EPJK,Kerosene-Type Jet Fuel,EEX,Exports,MKJEXP12,East Coast (PADD 1) Exports of Kerosene-Type Jet Fuel (Thousand Barrels per Day),9,MBBL/D
2006-08,R10-Z00,PADD 1,EPJK,Kerosene-Type Jet Fuel,EEX,Exports,MKJEXP11,East Coast (PADD 1) Exports of Kerosene-Type Jet Fuel (Thousand Barrels),175,MBBL
2006-08,R10-Z00,PADD 1,EPJK,Kerosene-Type Jet Fuel,EEX,Exports,MKJEXP12,East Coast (PADD 1) Exports of Kerosene-Type Jet Fuel (Thousand Barrels per Day),6,MBBL/D
2006-09,R10-Z00,PADD 1,EPJK,Kerosene-Type Jet Fuel,EEX,Exports,MKJEXP11,East Coast (PADD 1) Exports of Kerosene-Type Jet Fuel (Thousand Barrels),78,MBBL
2006-09,R10-Z00,PADD 1,EPJK,Kerosene-Type Jet Fuel,EEX,Exports,MKJEXP12,East Coast (PADD 1) Exports of Kerosene-Type Jet Fuel (Thousand Barrels per Day),3,MBBL/D
2006-10,R10-Z00,PADD 1,EPJK,Kerosene-Type Jet Fuel,EEX,Exports,MKJEXP11,East Coast (PADD 1) Exports of Kerosene-Type Jet Fuel (Thousand Barrels),680,MBBL
2006-10,R10-Z00,PADD 1,EPJK,Kerosene-Type Jet Fuel,EEX,Exports,MKJEXP12,East Coast (PADD 1) Exports of Kerosene-Type Jet Fuel (Thousand Barrels per Day),22,MBBL/D
2006-11,R10-Z00,PADD 1,EPJK,Kerosene-Type Jet Fuel,EEX,Exports,MKJEXP11,East Coast (PADD 1) Exports of Kerosene-Type Jet Fuel (Thousand Barrels),231,MBBL
2006-11,R10-Z00,PADD 1,EPJK,Kerosene-Type Jet Fuel,EEX,Exports,MKJEXP12,East Coast (PADD 1) Exports of Kerosene-Type Jet Fuel (Thousand Barrels per Day),8,MBBL/D
2006-12,R10-Z00,PADD 1,EPJK,Kerosene-Type Jet Fuel,EEX,Exports,MKJEXP11,East Coast (PADD 1) Exports of Kerosene-Type Jet Fuel (Thousand Barrels),489,MBBL
2006-12,R10-Z00,PADD 1,EPJK,Kerosene-Type Jet Fuel,EEX,Exports,MKJEXP12,East Coast (PADD 1) Exports of Kerosene-Type Jet Fuel (Thousand Barrels per Day),16,MBBL/D
2007-01,R10-Z00,PADD 1,EPJK,Kerosene-Type Jet Fuel,EEX,Exports,MKJEXP11,East Coast (PADD 1) Exports of Kerosene-Type Jet Fuel (Thousand Barrels),218,MBBL
2007-01,R10-Z00,PADD 1,EPJK,Kerosene-Type Jet Fuel,EEX,Exports,MKJEXP12,East Coast (PADD 1) Exports of Kerosene-Type Jet Fuel (Thousand Barrels per Day),7,MBBL/D
2007-02,R10-Z00,PADD 1,EPJK,Kerosene-Type Jet Fuel,EEX,Exports,MKJEXP11,East Coast (PADD 1) Exports of Kerosene-Type Jet Fuel (Thousand Barrels),98,MBBL
2007-02,R10-Z00,PADD 1,EPJK,Kerosene-Type Jet Fuel,EEX,Exports,MKJEXP12,East Coast (PADD 1) Exports of Kerosene-Type Jet Fuel (Thousand Barrels per Day),3,MBBL/D
2007-03,R10-Z00,PADD 1,EPJK,Kerosene-Type Jet Fuel,EEX,Exports,MKJEXP11,East Coast (PADD 1) Exports of Kerosene-Type Jet Fuel (Thousand Barrels),476,MBBL
2007-03,R10-Z00,PADD 1,EPJK,Kerosene-Type Jet Fuel,EEX,Exports,MKJEXP12,East Coast (PADD 1) Exports of Kerosene-Type Jet Fuel (Thousand Barrels per Day),15,MBBL/D
2007-04,R10-Z00,PADD 1,EPJK,Kerosene-Type Jet Fuel,EEX,Exports,MKJEXP11,East Coast (PADD 1) Exports of Kerosene-Type Jet Fuel (Thousand Barrels),165,MBBL
2007-04,R10-Z00,PADD 1,EPJK,Kerosene-Type Jet Fuel,EEX,Exports,MKJEXP12,East Coast (PADD 1) Exports of Kerosene-Type Jet Fuel (Thousand Barrels per Day),5,MBBL/D
2007-05,R10-Z00,PADD 1,EPJK,Kerosene-Type Jet Fuel,EEX,Exports,MKJEXP11,East Coast (PADD 1) Exports of Kerosene-Type Jet Fuel (Thousand Barrels),52,MBBL
2007-05,R10-Z00,PADD 1,EPJK,Kerosene-Type Jet Fuel,EEX,Exports,MKJEXP12,East Coast (PADD 1) Exports of Kerosene-Type Jet Fuel (Thousand Barrels per Day),2,MBBL/D
2007-06,R10-Z00,PADD 1,EPJK,Kerosene-Type Jet Fuel,EEX,Exports,MKJEXP11,East Coast (PADD 1) Exports of Kerosene-Type Jet Fuel (Thousand Barrels),42,MBBL
2007-06,R10-Z00,PADD 1,EPJK,Kerosene-Type Jet Fuel,EEX,Exports,MKJEXP12,East Coast (PADD 1) Exports of Kerosene-Type Jet Fuel (Thousand Barrels per Day),1,MBBL/D
2007-07,R10-Z00,PADD 1,EPJK,Kerosene-Type Jet Fuel,EEX,Exports,MKJEXP11,East Coast (PADD 1) Exports of Kerosene-Type Jet Fuel (Thousand Barrels),57,MBBL
2007-07,R10-Z00,PADD 1,EPJK,Kerosene-Type Jet Fuel,EEX,Exports,MKJEXP12,East Coast (PADD 1) Exports of Kerosene-Type Jet Fuel (Thousand Barrels per Day),2,MBBL/D
2007-08,R10-Z00,PADD 1,EPJK,Kerosene-Type Jet Fuel,EEX,Exports,MKJEXP11,East Coast (PADD 1) Exports of Kerosene-Type Jet Fuel (Thousand Barrels),4,MBBL
2007-08,R10-Z00,PADD 1,EPJK,Kerosene-Type Jet Fuel,EEX,Exports,MKJEXP12,East Coast (PADD 1) Exports of Kerosene-Type Jet Fuel (Thousand Barrels per Day),0,MBBL/D
2007-09,R10-Z00,PADD 1,EPJK,Kerosene-Type Jet Fuel,EEX,Exports,MKJEXP11,East Coast (PADD 1) Exports of Kerosene-Type Jet Fuel (Thousand Barrels),6,MBBL
2007-09,R10-Z00,PADD 1,EPJK,Kerosene-Type Jet Fuel,EEX,Exports,MKJEXP12,East Coast (PADD 1) Exports of Kerosene-Type Jet Fuel (Thousand Barrels per Day),0,MBBL/D
2007-10,R10-Z00,PADD 1,EPJK,Kerosene-Type Jet Fuel,EEX,Exports,MKJEXP11,East Coast (PADD 1) Exports of Kerosene-Type Jet Fuel (Thousand Barrels),219,MBBL
2007-10,R10-Z00,PADD 1,EPJK,Kerosene-Type Jet Fuel,EEX,Exports,MKJEXP12,East Coast (PADD 1) Exports of Kerosene-Type Jet Fuel (Thousand Barrels per Day),7,MBBL/D
2007-11,R10-Z00,PADD 1,EPJK,Kerosene-Type Jet Fuel,EEX,Exports,MKJEXP11,East Coast (PADD 1) Exports of Kerosene-Type Jet Fuel (Thousand Barrels),312,MBBL
2007-11,R10-Z00,PADD 1,EPJK,Kerosene-Type Jet Fuel,EEX,Exports,MKJEXP12,East Coast (PADD 1) Exports of Kerosene-Type Jet Fuel (Thousand Barrels per Day),10,MBBL/D
2007-12,R10-Z00,PADD 1,EPJK,Kerosene-Type Jet Fuel,EEX,Exports,MKJEXP11,East Coast (PADD 1) Exports of Kerosene-Type Jet Fuel (Thousand Barrels),7,MBBL
2007-12,R10-Z00,PADD 1,EPJK,Kerosene-Type Jet Fuel,EEX,Exports,MKJEXP12,East Coast (PADD 1) Exports of Kerosene-Type Jet Fuel (Thousand Barrels per Day),0,MBBL/D
2008-01,R10-Z00,PADD 1,EPJK,Kerosene-Type Jet Fuel,EEX,Exports,MKJEXP11,East Coast (PADD 1) Exports of Kerosene-Type Jet Fuel (Thousand Barrels),7,MBBL
2008-01,R10-Z00,PADD 1,EPJK,Kerosene-Type Jet Fuel,EEX,Exports,MKJEXP12,East Coast (PADD 1) Exports of Kerosene-Type Jet Fuel (Thousand Barrels per Day),0,MBBL/D
2008-02,R10-Z00,PADD 1,EPJK,Kerosene-Type Jet Fuel,EEX,Exports,MKJEXP11,East Coast (PADD 1) Exports of Kerosene-Type Jet Fuel (Thousand Barrels),7,MBBL
2008-02,R10-Z00,PADD 1,EPJK,Kerosene-Type Jet Fuel,EEX,Exports,MKJEXP12,East Coast (PADD 1) Exports of Kerosene-Type Jet Fuel (Thousand Barrels per Day),0,MBBL/D
2008-03,R10-Z00,PADD 1,EPJK,Kerosene-Type Jet Fuel,EEX,Exports,MKJEXP11,East Coast (PADD 1) Exports of Kerosene-Type Jet Fuel (Thousand Barrels),9,MBBL
2008-03,R10-Z00,PADD 1,EPJK,Kerosene-Type Jet Fuel,EEX,Exports,MKJEXP12,East Coast (PADD 1) Exports of Kerosene-Type Jet Fuel (Thousand Barrels per Day),0,MBBL/D
2008-04,R10-Z00,PADD 1,EPJK,Kerosene-Type Jet Fuel,EEX,Exports,MKJEXP11,East Coast (PADD 1) Exports of Kerosene-Type Jet Fuel (Thousand Barrels),5,MBBL
2008-04,R10-Z00,PADD 1,EPJK,Kerosene-Type Jet Fuel,EEX,Exports,MKJEXP12,East Coast (PADD 1) Exports of Kerosene-Type Jet Fuel (Thousand Barrels per Day),0,MBBL/D
2008-05,R10-Z00,PADD 1,EPJK,Kerosene-Type Jet Fuel,EEX,Exports,MKJEXP11,East Coast (PADD 1) Exports of Kerosene-Type Jet Fuel (Thousand Barrels),475,MBBL
2008-05,R10-Z00,PADD 1,EPJK,Kerosene-Type Jet Fuel,EEX,Exports,MKJEXP12,East Coast (PADD 1) Exports of Kerosene-Type Jet Fuel (Thousand Barrels per Day),15,MBBL/D
2008-06,R10-Z00,PADD 1,EPJK,Kerosene-Type Jet Fuel,EEX,Exports,MKJEXP11,East Coast (PADD 1) Exports of Kerosene-Type Jet Fuel (Thousand Barrels),398,MBBL
2008-06,R10-Z00,PADD 1,EPJK,Kerosene-Type Jet Fuel,EEX,Exports,MKJEXP12,East Coast (PADD 1) Exports of Kerosene-Type Jet Fuel (Thousand Barrels per Day),13,MBBL/D
2008-07,R10-Z00,PADD 1,EPJK,Kerosene-Type Jet Fuel,EEX,Exports,MKJEXP11,East Coast (PADD 1) Exports of Kerosene-Type Jet Fuel (Thousand Barrels),7,MBBL
2008-07,R10-Z00,PADD 1,EPJK,Kerosene-Type Jet Fuel,EEX,Exports,MKJEXP12,East Coast (PADD 1) Exports of Kerosene-Type Jet Fuel (Thousand Barrels per Day),0,MBBL/D
2008-08,R10-Z00,PADD 1,EPJK,Kerosene-Type Jet Fuel,EEX,Exports,MKJEXP11,East Coast (PADD 1) Exports of Kerosene-Type Jet Fuel (Thousand Barrels),250,MBBL
2008-08,R10-Z00,PADD 1,EPJK,Kerosene-Type Jet Fuel,EEX,Exports,MKJEXP12,East Coast (PADD 1) Exports of Kerosene-Type Jet Fuel (Thousand Barrels per Day),8,MBBL/D
2008-09,R10-Z00,PADD 1,EPJK,Kerosene-Type Jet Fuel,EEX,Exports,MKJEXP11,East Coast (PADD 1) Exports of Kerosene-Type Jet Fuel (Thousand Barrels),2,MBBL
2008-09,R10-Z00,PADD 1,EPJK,Kerosene-Type Jet Fuel,EEX,Exports,MKJEXP12,East Coast (PADD 1) Exports of Kerosene-Type Jet Fuel (Thousand Barrels per Day),0,MBBL/D
2008-10,R10-Z00,PADD 1,EPJK,Kerosene-Type Jet Fuel,EEX,Exports,MKJEXP11,East Coast (PADD 1) Exports of Kerosene-Type Jet Fuel (Thousand Barrels),69,MBBL
2008-10,R10-Z00,PADD 1,EPJK,Kerosene-Type Jet Fuel,EEX,Exports,MKJEXP12,East Coast (PADD 1) Exports of Kerosene-Type Jet Fuel (Thousand Barrels per Day),2,MBBL/D
2008-11,R10-Z00,PADD 1,EPJK,Kerosene-Type Jet Fuel,EEX,Exports,MKJEXP11,East Coast (PADD 1) Exports of Kerosene-Type Jet Fuel (Thousand Barrels),1,MBBL
2008-11,R10-Z00,PADD 1,EPJK,Kerosene-Type Jet Fuel,EEX,Exports,MKJEXP12,East Coast (PADD 1) Exports of Kerosene-Type Jet Fuel (Thousand Barrels per Day),0,MBBL/D
2008-12,R10-Z00,PADD 1,EPJK,Kerosene-Type Jet Fuel,EEX,Exports,MKJEXP11,East Coast (PADD 1) Exports of Kerosene-Type Jet Fuel (Thousand Barrels),282,MBBL
2008-12,R10-Z00,PADD 1,EPJK,Kerosene-Type Jet Fuel,EEX,Exports,MKJEXP12,East Coast (PADD 1) Exports of Kerosene-Type Jet Fuel (Thousand Barrels per Day),9,MBBL/D
2009-01,R10-Z00,PADD 1,EPJK,Kerosene-Type Jet Fuel,EEX,Exports,MKJEXP11,East Coast (PADD 1) Exports of Kerosene-Type Jet Fuel (Thousand Barrels),4,MBBL
2009-01,R10-Z00,PADD 1,EPJK,Kerosene-Type Jet Fuel,EEX,Exports,MKJEXP12,East Coast (PADD 1) Exports of Kerosene-Type Jet Fuel (Thousand Barrels per Day),0,MBBL/D
2009-02,R10-Z00,PADD 1,EPJK,Kerosene-Type Jet Fuel,EEX,Exports,MKJEXP11,East Coast (PADD 1) Exports of Kerosene-Type Jet Fuel (Thousand Barrels),3,MBBL
2009-02,R10-Z00,PADD 1,EPJK,Kerosene-Type Jet Fuel,EEX,Exports,MKJEXP12,East Coast (PADD 1) Exports of Kerosene-Type Jet Fuel (Thousand Barrels per Day),0,MBBL/D
2009-03,R10-Z00,PADD 1,EPJK,Kerosene-Type Jet Fuel,EEX,Exports,MKJEXP11,East Coast (PADD 1) Exports of Kerosene-Type Jet Fuel (Thousand Barrels),28,MBBL
2009-03,R10-Z00,PADD 1,EPJK,Kerosene-Type Jet Fuel,EEX,Exports,MKJEXP12,East Coast (PADD 1) Exports of Kerosene-Type Jet Fuel (Thousand Barrels per Day),1,MBBL/D
2009-04,R10-Z00,PADD 1,EPJK,Kerosene-Type Jet Fuel,EEX,Exports,MKJEXP11,East Coast (PADD 1) Exports of Kerosene-Type Jet Fuel (Thousand Barrels),3,MBBL
2009-04,R10-Z00,PADD 1,EPJK,Kerosene-Type Jet Fuel,EEX,Exports,MKJEXP12,East Coast (PADD 1) Exports of Kerosene-Type Jet Fuel (Thousand Barrels per Day),0,MBBL/D
2009-05,R10-Z00,PADD 1,EPJK,Kerosene-Type Jet Fuel,EEX,Exports,MKJEXP11,East Coast (PADD 1) Exports of Kerosene-Type Jet Fuel (Thousand Barrels),3,MBBL
2009-05,R10-Z00,PADD 1,EPJK,Kerosene-Type Jet Fuel,EEX,Exports,MKJEXP12,East Coast (PADD 1) Exports of Kerosene-Type Jet Fuel (Thousand Barrels per Day),0,MBBL/D
2009-06,R10-Z00,PADD 1,EPJK,Kerosene-Type Jet Fuel,EEX,Exports,MKJEXP11,East Coast (PADD 1) Exports of Kerosene-Type Jet Fuel (Thousand Barrels),4,MBBL
2009-06,R10-Z00,PADD 1,EPJK,Kerosene-Type Jet Fuel,EEX,Exports,MKJEXP12,East Coast (PADD 1) Exports of Kerosene-Type Jet Fuel (Thousand Barrels per Day),0,MBBL/D
2009-07,R10-Z00,PADD 1,EPJK,Kerosene-Type Jet Fuel,EEX,Exports,MKJEXP11,East Coast (PADD 1) Exports of Kerosene-Type Jet Fuel (Thousand Barrels),5,MBBL
2009-07,R10-Z00,PADD 1,EPJK,Kerosene-Type Jet Fuel,EEX,Exports,MKJEXP12,East Coast (PADD 1) Exports of Kerosene-Type Jet Fuel (Thousand Barrels per Day),0,MBBL/D
2009-08,R10-Z00,PADD 1,EPJK,Kerosene-Type Jet Fuel,EEX,Exports,MKJEXP11,East Coast (PADD 1) Exports of Kerosene-Type Jet Fuel (Thousand Barrels),45,MBBL
2009-08,R10-Z00,PADD 1,EPJK,Kerosene-Type Jet Fuel,EEX,Exports,MKJEXP12,East Coast (PADD 1) Exports of Kerosene-Type Jet Fuel (Thousand Barrels per Day),1,MBBL/D
2009-09,R10-Z00,PADD 1,EPJK,Kerosene-Type Jet Fuel,EEX,Exports,MKJEXP11,East Coast (PADD 1) Exports of Kerosene-Type Jet Fuel (Thousand Barrels),361,MBBL
2009-09,R10-Z00,PADD 1,EPJK,Kerosene-Type Jet Fuel,EEX,Exports,MKJEXP12,East Coast (PADD 1) Exports of Kerosene-Type Jet Fuel (Thousand Barrels per Day),12,MBBL/D
2009-10,R10-Z00,PADD 1,EPJK,Kerosene-Type Jet Fuel,EEX,Exports,MKJEXP11,East Coast (PADD 1) Exports of Kerosene-Type Jet Fuel (Thousand Barrels),533,MBBL
2009-10,R10-Z00,PADD 1,EPJK,Kerosene-Type Jet Fuel,EEX,Exports,MKJEXP12,East Coast (PADD 1) Exports of Kerosene-Type Jet Fuel (Thousand Barrels per Day),17,MBBL/D
2009-11,R10-Z00,PADD 1,EPJK,Kerosene-Type Jet Fuel,EEX,Exports,MKJEXP11,East Coast (PADD 1) Exports of Kerosene-Type Jet Fuel (Thousand Barrels),166,MBBL
2009-11,R10-Z00,PADD 1,EPJK,Kerosene-Type Jet Fuel,EEX,Exports,MKJEXP12,East Coast (PADD 1) Exports of Kerosene-Type Jet Fuel (Thousand Barrels per Day),6,MBBL/D
2009-12,R10-Z00,PADD 1,EPJK,Kerosene-Type Jet Fuel,EEX,Exports,MKJEXP11,East Coast (PADD 1) Exports of Kerosene-Type Jet Fuel (Thousand Barrels),407,MBBL
2009-12,R10-Z00,PADD 1,EPJK,Kerosene-Type Jet Fuel,EEX,Exports,MKJEXP12,East Coast (PADD 1) Exports of Kerosene-Type Jet Fuel (Thousand Barrels per Day),13,MBBL/D
2010-01,R10-Z00,PADD 1,EPJK,Kerosene-Type Jet Fuel,EEX,Exports,MKJEXP11,East Coast (PADD 1) Exports of Kerosene-Type Jet Fuel (Thousand Barrels),2,MBBL
2010-01,R10-Z00,PADD 1,EPJK,Kerosene-Type Jet Fuel,EEX,Exports,MKJEXP12,East Coast (PADD 1) Exports of Kerosene-Type Jet Fuel (Thousand Barrels per Day),0,MBBL/D
2010-02,R10-Z00,PADD 1,EPJK,Kerosene-Type Jet Fuel,EEX,Exports,MKJEXP11,East Coast (PADD 1) Exports of Kerosene-Type Jet Fuel (Thousand Barrels),2,MBBL
2010-02,R10-Z00,PADD 1,EPJK,Kerosene-Type Jet Fuel,EEX,Exports,MKJEXP12,East Coast (PADD 1) Exports of Kerosene-Type Jet Fuel (Thousand Barrels per Day),0,MBBL/D
2010-03,R10-Z00,PADD 1,EPJK,Kerosene-Type Jet Fuel,EEX,Exports,MKJEXP11,East Coast (PADD 1) Exports of Kerosene-Type Jet Fuel (Thousand Barrels),45,MBBL
2010-03,R10-Z00,PADD 1,EPJK,Kerosene-Type Jet Fuel,EEX,Exports,MKJEXP12,East Coast (PADD 1) Exports of Kerosene-Type Jet Fuel (Thousand Barrels per Day),1,MBBL/D
2010-04,R10-Z00,PADD 1,EPJK,Kerosene-Type Jet Fuel,EEX,Exports,MKJEXP11,East Coast (PADD 1) Exports of Kerosene-Type Jet Fuel (Thousand Barrels),2,MBBL
2010-04,R10-Z00,PADD 1,EPJK,Kerosene-Type Jet Fuel,EEX,Exports,MKJEXP12,East Coast (PADD 1) Exports of Kerosene-Type Jet Fuel (Thousand Barrels per Day),0,MBBL/D
2010-05,R10-Z00,PADD 1,EPJK,Kerosene-Type Jet Fuel,EEX,Exports,MKJEXP11,East Coast (PADD 1) Exports of Kerosene-Type Jet Fuel (Thousand Barrels),282,MBBL
2010-05,R10-Z00,PADD 1,EPJK,Kerosene-Type Jet Fuel,EEX,Exports,MKJEXP12,East Coast (PADD 1) Exports of Kerosene-Type Jet Fuel (Thousand Barrels per Day),9,MBBL/D
2010-06,R10-Z00,PADD 1,EPJK,Kerosene-Type Jet Fuel,EEX,Exports,MKJEXP11,East Coast (PADD 1) Exports of Kerosene-Type Jet Fuel (Thousand Barrels),1,MBBL
2010-06,R10-Z00,PADD 1,EPJK,Kerosene-Type Jet Fuel,EEX,Exports,MKJEXP12,East Coast (PADD 1) Exports of Kerosene-Type Jet Fuel (Thousand Barrels per Day),0,MBBL/D
2010-07,R10-Z00,PADD 1,EPJK,Kerosene-Type Jet Fuel,EEX,Exports,MKJEXP11,East Coast (PADD 1) Exports of Kerosene-Type Jet Fuel (Thousand Barrels),335,MBBL
2010-07,R10-Z00,PADD 1,EPJK,Kerosene-Type Jet Fuel,EEX,Exports,MKJEXP12,East Coast (PADD 1) Exports of Kerosene-Type Jet Fuel (Thousand Barrels per Day),11,MBBL/D
2010-08,R10-Z00,PADD 1,EPJK,Kerosene-Type Jet Fuel,EEX,Exports,MKJEXP11,East Coast (PADD 1) Exports of Kerosene-Type Jet Fuel (Thousand Barrels),2,MBBL
2010-08,R10-Z00,PADD 1,EPJK,Kerosene-Type Jet Fuel,EEX,Exports,MKJEXP12,East Coast (PADD 1) Exports of Kerosene-Type Jet Fuel (Thousand Barrels per Day),0,MBBL/D
2010-09,R10-Z00,PADD 1,EPJK,Kerosene-Type Jet Fuel,EEX,Exports,MKJEXP11,East Coast (PADD 1) Exports of Kerosene-Type Jet Fuel (Thousand Barrels),31,MBBL
2010-09,R10-Z00,PADD 1,EPJK,Kerosene-Type Jet Fuel,EEX,Exports,MKJEXP12,East Coast (PADD 1) Exports of Kerosene-Type Jet Fuel (Thousand Barrels per Day),1,MBBL/D
2010-10,R10-Z00,PADD 1,EPJK,Kerosene-Type Jet Fuel,EEX,Exports,MKJEXP11,East Coast (PADD 1) Exports of Kerosene-Type Jet Fuel (Thousand Barrels),21,MBBL
2010-10,R10-Z00,PADD 1,EPJK,Kerosene-Type Jet Fuel,EEX,Exports,MKJEXP12,East Coast (PADD 1) Exports of Kerosene-Type Jet Fuel (Thousand Barrels per Day),1,MBBL/D
2010-11,R10-Z00,PADD 1,EPJK,Kerosene-Type Jet Fuel,EEX,Exports,MKJEXP11,East Coast (PADD 1) Exports of Kerosene-Type Jet Fuel (Thousand Barrels),4,MBBL
2010-11,R10-Z00,PADD 1,EPJK,Kerosene-Type Jet Fuel,EEX,Exports,MKJEXP12,East Coast (PADD 1) Exports of Kerosene-Type Jet Fuel (Thousand Barrels per Day),0,MBBL/D
2010-12,R10-Z00,PADD 1,EPJK,Kerosene-Type Jet Fuel,EEX,Exports,MKJEXP11,East Coast (PADD 1) Exports of Kerosene-Type Jet Fuel (Thousand Barrels),272,MBBL
2010-12,R10-Z00,PADD 1,EPJK,Kerosene-Type Jet Fuel,EEX,Exports,MKJEXP12,East Coast (PADD 1) Exports of Kerosene-Type Jet Fuel (Thousand Barrels per Day),9,MBBL/D
2011-01,R10-Z00,PADD 1,EPJK,Kerosene-Type Jet Fuel,EEX,Exports,MKJEXP11,East Coast (PADD 1) Exports of Kerosene-Type Jet Fuel (Thousand Barrels),59,MBBL
2011-01,R10-Z00,PADD 1,EPJK,Kerosene-Type Jet Fuel,EEX,Exports,MKJEXP12,East Coast (PADD 1) Exports of Kerosene-Type Jet Fuel (Thousand Barrels per Day),2,MBBL/D
2011-02,R10-Z00,PADD 1,EPJK,Kerosene-Type Jet Fuel,EEX,Exports,MKJEXP11,East Coast (PADD 1) Exports of Kerosene-Type Jet Fuel (Thousand Barrels),477,MBBL
2011-02,R10-Z00,PADD 1,EPJK,Kerosene-Type Jet Fuel,EEX,Exports,MKJEXP12,East Coast (PADD 1) Exports of Kerosene-Type Jet Fuel (Thousand Barrels per Day),17,MBBL/D
2011-03,R10-Z00,PADD 1,EPJK,Kerosene-Type Jet Fuel,EEX,Exports,MKJEXP11,East Coast (PADD 1) Exports of Kerosene-Type Jet Fuel (Thousand Barrels),2,MBBL
2011-03,R10-Z00,PADD 1,EPJK,Kerosene-Type Jet Fuel,EEX,Exports,MKJEXP12,East Coast (PADD 1) Exports of Kerosene-Type Jet Fuel (Thousand Barrels per Day),0,MBBL/D
2011-04,R10-Z00,PADD 1,EPJK,Kerosene-Type Jet Fuel,EEX,Exports,MKJEXP11,East Coast (PADD 1) Exports of Kerosene-Type Jet Fuel (Thousand Barrels),241,MBBL
2011-04,R10-Z00,PADD 1,EPJK,Kerosene-Type Jet Fuel,EEX,Exports,MKJEXP12,East Coast (PADD 1) Exports of Kerosene-Type Jet Fuel (Thousand Barrels per Day),8,MBBL/D
2011-05,R10-Z00,PADD 1,EPJK,Kerosene-Type Jet Fuel,EEX,Exports,MKJEXP11,East Coast (PADD 1) Exports of Kerosene-Type Jet Fuel (Thousand Barrels),481,MBBL
2011-05,R10-Z00,PADD 1,EPJK,Kerosene-Type Jet Fuel,EEX,Exports,MKJEXP12,East Coast (PADD 1) Exports of Kerosene-Type Jet Fuel (Thousand Barrels per Day),16,MBBL/D
2011-06,R10-Z00,PADD 1,EPJK,Kerosene-Type Jet Fuel,EEX,Exports,MKJEXP11,East Coast (PADD 1) Exports of Kerosene-Type Jet Fuel (Thousand Barrels),241,MBBL
2011-06,R10-Z00,PADD 1,EPJK,Kerosene-Type Jet Fuel,EEX,Exports,MKJEXP12,East Coast (PADD 1) Exports of Kerosene-Type Jet Fuel (Thousand Barrels per Day),8,MBBL/D
2011-07,R10-Z00,PADD 1,EPJK,Kerosene-Type Jet Fuel,EEX,Exports,MKJEXP11,East Coast (PADD 1) Exports of Kerosene-Type Jet Fuel (Thousand Barrels),238,MBBL
2011-07,R10-Z00,PADD 1,EPJK,Kerosene-Type Jet Fuel,EEX,Exports,MKJEXP12,East Coast (PADD 1) Exports of Kerosene-Type Jet Fuel (Thousand Barrels per Day),8,MBBL/D
2011-08,R10-Z00,PADD 1,EPJK,Kerosene-Type Jet Fuel,EEX,Exports,MKJEXP11,East Coast (PADD 1) Exports of Kerosene-Type Jet Fuel (Thousand Barrels),494,MBBL
2011-08,R10-Z00,PADD 1,EPJK,Kerosene-Type Jet Fuel,EEX,Exports,MKJEXP12,East Coast (PADD 1) Exports of Kerosene-Type Jet Fuel (Thousand Barrels per Day),16,MBBL/D
2011-09,R10-Z00,PADD 1,EPJK,Kerosene-Type Jet Fuel,EEX,Exports,MKJEXP11,East Coast (PADD 1) Exports of Kerosene-Type Jet Fuel (Thousand Barrels),1,MBBL
2011-09,R10-Z00,PADD 1,EPJK,Kerosene-Type Jet Fuel,EEX,Exports,MKJEXP12,East Coast (PADD 1) Exports of Kerosene-Type Jet Fuel (Thousand Barrels per Day),0,MBBL/D
2011-10,R10-Z00,PADD 1,EPJK,Kerosene-Type Jet Fuel,EEX,Exports,MKJEXP11,East Coast (PADD 1) Exports of Kerosene-Type Jet Fuel (Thousand Barrels),5,MBBL
2011-10,R10-Z00,PADD 1,EPJK,Kerosene-Type Jet Fuel,EEX,Exports,MKJEXP12,East Coast (PADD 1) Exports of Kerosene-Type Jet Fuel (Thousand Barrels per Day),0,MBBL/D
2011-11,R10-Z00,PADD 1,EPJK,Kerosene-Type Jet Fuel,EEX,Exports,MKJEXP11,East Coast (PADD 1) Exports of Kerosene-Type Jet Fuel (Thousand Barrels),97,MBBL
2011-11,R10-Z00,PADD 1,EPJK,Kerosene-Type Jet Fuel,EEX,Exports,MKJEXP12,East Coast (PADD 1) Exports of Kerosene-Type Jet Fuel (Thousand Barrels per Day),3,MBBL/D
2011-12,R10-Z00,PADD 1,EPJK,Kerosene-Type Jet Fuel,EEX,Exports,MKJEXP11,East Coast (PADD 1) Exports of Kerosene-Type Jet Fuel (Thousand Barrels),4,MBBL
2011-12,R10-Z00,PADD 1,EPJK,Kerosene-Type Jet Fuel,EEX,Exports,MKJEXP12,East Coast (PADD 1) Exports of Kerosene-Type Jet Fuel (Thousand Barrels per Day),0,MBBL/D
2012-01,R10-Z00,PADD 1,EPJK,Kerosene-Type Jet Fuel,EEX,Exports,MKJEXP11,East Coast (PADD 1) Exports of Kerosene-Type Jet Fuel (Thousand Barrels),6,MBBL
2012-01,R10-Z00,PADD 1,EPJK,Kerosene-Type Jet Fuel,EEX,Exports,MKJEXP12,East Coast (PADD 1) Exports of Kerosene-Type Jet Fuel (Thousand Barrels per Day),0,MBBL/D
2012-02,R10-Z00,PADD 1,EPJK,Kerosene-Type Jet Fuel,EEX,Exports,MKJEXP11,East Coast (PADD 1) Exports of Kerosene-Type Jet Fuel (Thousand Barrels),272,MBBL
2012-02,R10-Z00,PADD 1,EPJK,Kerosene-Type Jet Fuel,EEX,Exports,MKJEXP12,East Coast (PADD 1) Exports of Kerosene-Type Jet Fuel (Thousand Barrels per Day),9,MBBL/D
2012-03,R10-Z00,PADD 1,EPJK,Kerosene-Type Jet Fuel,EEX,Exports,MKJEXP11,East Coast (PADD 1) Exports of Kerosene-Type Jet Fuel (Thousand Barrels),82,MBBL
2012-03,R10-Z00,PADD 1,EPJK,Kerosene-Type Jet Fuel,EEX,Exports,MKJEXP12,East Coast (PADD 1) Exports of Kerosene-Type Jet Fuel (Thousand Barrels per Day),3,MBBL/D
2012-04,R10-Z00,PADD 1,EPJK,Kerosene-Type Jet Fuel,EEX,Exports,MKJEXP11,East Coast (PADD 1) Exports of Kerosene-Type Jet Fuel (Thousand Barrels),16,MBBL
2012-04,R10-Z00,PADD 1,EPJK,Kerosene-Type Jet Fuel,EEX,Exports,MKJEXP12,East Coast (PADD 1) Exports of Kerosene-Type Jet Fuel (Thousand Barrels per Day),1,MBBL/D
2012-05,R10-Z00,PADD 1,EPJK,Kerosene-Type Jet Fuel,EEX,Exports,MKJEXP11,East Coast (PADD 1) Exports of Kerosene-Type Jet Fuel (Thousand Barrels),54,MBBL
2012-05,R10-Z00,PADD 1,EPJK,Kerosene-Type Jet Fuel,EEX,Exports,MKJEXP12,East Coast (PADD 1) Exports of Kerosene-Type Jet Fuel (Thousand Barrels per Day),2,MBBL/D
2012-06,R10-Z00,PADD 1,EPJK,Kerosene-Type Jet Fuel,EEX,Exports,MKJEXP11,East Coast (PADD 1) Exports of Kerosene-Type Jet Fuel (Thousand Barrels),8,MBBL
2012-06,R10-Z00,PADD 1,EPJK,Kerosene-Type Jet Fuel,EEX,Exports,MKJEXP12,East Coast (PADD 1) Exports of Kerosene-Type Jet Fuel (Thousand Barrels per Day),0,MBBL/D
2012-07,R10-Z00,PADD 1,EPJK,Kerosene-Type Jet Fuel,EEX,Exports,MKJEXP11,East Coast (PADD 1) Exports of Kerosene-Type Jet Fuel (Thousand Barrels),10,MBBL
2012-07,R10-Z00,PADD 1,EPJK,Kerosene-Type Jet Fuel,EEX,Exports,MKJEXP12,East Coast (PADD 1) Exports of Kerosene-Type Jet Fuel (Thousand Barrels per Day),0,MBBL/D
2012-08,R10-Z00,PADD 1,EPJK,Kerosene-Type Jet Fuel,EEX,Exports,MKJEXP11,East Coast (PADD 1) Exports of Kerosene-Type Jet Fuel (Thousand Barrels),416,MBBL
2012-08,R10-Z00,PADD 1,EPJK,Kerosene-Type Jet Fuel,EEX,Exports,MKJEXP12,East Coast (PADD 1) Exports of Kerosene-Type Jet Fuel (Thousand Barrels per Day),13,MBBL/D
2012-09,R10-Z00,PADD 1,EPJK,Kerosene-Type Jet Fuel,EEX,Exports,MKJEXP11,East Coast (PADD 1) Exports of Kerosene-Type Jet Fuel (Thousand Barrels),3,MBBL
2012-09,R10-Z00,PADD 1,EPJK,Kerosene-Type Jet Fuel,EEX,Exports,MKJEXP12,East Coast (PADD 1) Exports of Kerosene-Type Jet Fuel (Thousand Barrels per Day),0,MBBL/D
2012-10,R10-Z00,PADD 1,EPJK,Kerosene-Type Jet Fuel,EEX,Exports,MKJEXP11,East Coast (PADD 1) Exports of Kerosene-Type Jet Fuel (Thousand Barrels),5,MBBL
2012-10,R10-Z00,PADD 1,EPJK,Kerosene-Type Jet Fuel,EEX,Exports,MKJEXP12,East Coast (PADD 1) Exports of Kerosene-Type Jet Fuel (Thousand Barrels per Day),0,MBBL/D
2012-11,R10-Z00,PADD 1,EPJK,Kerosene-Type Jet Fuel,EEX,Exports,MKJEXP11,East Coast (PADD 1) Exports of Kerosene-Type Jet Fuel (Thousand Barrels),155,MBBL
2012-11,R10-Z00,PADD 1,EPJK,Kerosene-Type Jet Fuel,EEX,Exports,MKJEXP12,East Coast (PADD 1) Exports of Kerosene-Type Jet Fuel (Thousand Barrels per Day),5,MBBL/D
2012-12,R10-Z00,PADD 1,EPJK,Kerosene-Type Jet Fuel,EEX,Exports,MKJEXP11,East Coast (PADD 1) Exports of Kerosene-Type Jet Fuel (Thousand Barrels),9,MBBL
2012-12,R10-Z00,PADD 1,EPJK,Kerosene-Type Jet Fuel,EEX,Exports,MKJEXP12,East Coast (PADD 1) Exports of Kerosene-Type Jet Fuel (Thousand Barrels per Day),0,MBBL/D
2013-01,R10-Z00,PADD 1,EPJK,Kerosene-Type Jet Fuel,EEX,Exports,MKJEXP11,East Coast (PADD 1) Exports of Kerosene-Type Jet Fuel (Thousand Barrels),128,MBBL
2013-01,R10-Z00,PADD 1,EPJK,Kerosene-Type Jet Fuel,EEX,Exports,MKJEXP12,East Coast (PADD 1) Exports of Kerosene-Type Jet Fuel (Thousand Barrels per Day),4,MBBL/D
2013-02,R10-Z00,PADD 1,EPJK,Kerosene-Type Jet Fuel,EEX,Exports,MKJEXP11,East Coast (PADD 1) Exports of Kerosene-Type Jet Fuel (Thousand Barrels),7,MBBL
2013-02,R10-Z00,PADD 1,EPJK,Kerosene-Type Jet Fuel,EEX,Exports,MKJEXP12,East Coast (PADD 1) Exports of Kerosene-Type Jet Fuel (Thousand Barrels per Day),0,MBBL/D
2013-03,R10-Z00,PADD 1,EPJK,Kerosene-Type Jet Fuel,EEX,Exports,MKJEXP11,East Coast (PADD 1) Exports of Kerosene-Type Jet Fuel (Thousand Barrels),129,MBBL
2013-03,R10-Z00,PADD 1,EPJK,Kerosene-Type Jet Fuel,EEX,Exports,MKJEXP12,East Coast (PADD 1) Exports of Kerosene-Type Jet Fuel (Thousand Barrels per Day),4,MBBL/D
2013-04,R10-Z00,PADD 1,EPJK,Kerosene-Type Jet Fuel,EEX,Exports,MKJEXP11,East Coast (PADD 1) Exports of Kerosene-Type Jet Fuel (Thousand Barrels),56,MBBL
2013-04,R10-Z00,PADD 1,EPJK,Kerosene-Type Jet Fuel,EEX,Exports,MKJEXP12,East Coast (PADD 1) Exports of Kerosene-Type Jet Fuel (Thousand Barrels per Day),2,MBBL/D
2013-05,R10-Z00,PADD 1,EPJK,Kerosene-Type Jet Fuel,EEX,Exports,MKJEXP11,East Coast (PADD 1) Exports of Kerosene-Type Jet Fuel (Thousand Barrels),144,MBBL
2013-05,R10-Z00,PADD 1,EPJK,Kerosene-Type Jet Fuel,EEX,Exports,MKJEXP12,East Coast (PADD 1) Exports of Kerosene-Type Jet Fuel (Thousand Barrels per Day),5,MBBL/D
2013-06,R10-Z00,PADD 1,EPJK,Kerosene-Type Jet Fuel,EEX,Exports,MKJEXP11,East Coast (PADD 1) Exports of Kerosene-Type Jet Fuel (Thousand Barrels),7,MBBL
2013-06,R10-Z00,PADD 1,EPJK,Kerosene-Type Jet Fuel,EEX,Exports,MKJEXP12,East Coast (PADD 1) Exports of Kerosene-Type Jet Fuel (Thousand Barrels per Day),0,MBBL/D
2013-07,R10-Z00,PADD 1,EPJK,Kerosene-Type Jet Fuel,EEX,Exports,MKJEXP11,East Coast (PADD 1) Exports of Kerosene-Type Jet Fuel (Thousand Barrels),39,MBBL
2013-07,R10-Z00,PADD 1,EPJK,Kerosene-Type Jet Fuel,EEX,Exports,MKJEXP12,East Coast (PADD 1) Exports of Kerosene-Type Jet Fuel (Thousand Barrels per Day),1,MBBL/D
2013-08,R10-Z00,PADD 1,EPJK,Kerosene-Type Jet Fuel,EEX,Exports,MKJEXP11,East Coast (PADD 1) Exports of Kerosene-Type Jet Fuel (Thousand Barrels),7,MBBL
2013-08,R10-Z00,PADD 1,EPJK,Kerosene-Type Jet Fuel,EEX,Exports,MKJEXP12,East Coast (PADD 1) Exports of Kerosene-Type Jet Fuel (Thousand Barrels per Day),0,MBBL/D
2013-09,R10-Z00,PADD 1,EPJK,Kerosene-Type Jet Fuel,EEX,Exports,MKJEXP11,East Coast (PADD 1) Exports of Kerosene-Type Jet Fuel (Thousand Barrels),4,MBBL
2013-09,R10-Z00,PADD 1,EPJK,Kerosene-Type Jet Fuel,EEX,Exports,MKJEXP12,East Coast (PADD 1) Exports of Kerosene-Type Jet Fuel (Thousand Barrels per Day),0,MBBL/D
2013-10,R10-Z00,PADD 1,EPJK,Kerosene-Type Jet Fuel,EEX,Exports,MKJEXP11,East Coast (PADD 1) Exports of Kerosene-Type Jet Fuel (Thousand Barrels),274,MBBL
2013-10,R10-Z00,PADD 1,EPJK,Kerosene-Type Jet Fuel,EEX,Exports,MKJEXP12,East Coast (PADD 1) Exports of Kerosene-Type Jet Fuel (Thousand Barrels per Day),9,MBBL/D
2013-11,R10-Z00,PADD 1,EPJK,Kerosene-Type Jet Fuel,EEX,Exports,MKJEXP11,East Coast (PADD 1) Exports of Kerosene-Type Jet Fuel (Thousand Barrels),8,MBBL
2013-11,R10-Z00,PADD 1,EPJK,Kerosene-Type Jet Fuel,EEX,Exports,MKJEXP12,East Coast (PADD 1) Exports of Kerosene-Type Jet Fuel (Thousand Barrels per Day),0,MBBL/D
2013-12,R10-Z00,PADD 1,EPJK,Kerosene-Type Jet Fuel,EEX,Exports,MKJEXP11,East Coast (PADD 1) Exports of Kerosene-Type Jet Fuel (Thousand Barrels),11,MBBL
2013-12,R10-Z00,PADD 1,EPJK,Kerosene-Type Jet Fuel,EEX,Exports,MKJEXP12,East Coast (PADD 1) Exports of Kerosene-Type Jet Fuel (Thousand Barrels per Day),0,MBBL/D
2014-01,R10-Z00,PADD 1,EPJK,Kerosene-Type Jet Fuel,EEX,Exports,MKJEXP11,East Coast (PADD 1) Exports of Kerosene-Type Jet Fuel (Thousand Barrels),45,MBBL
2014-01,R10-Z00,PADD 1,EPJK,Kerosene-Type Jet Fuel,EEX,Exports,MKJEXP12,East Coast (PADD 1) Exports of Kerosene-Type Jet Fuel (Thousand Barrels per Day),1,MBBL/D
2014-02,R10-Z00,PADD 1,EPJK,Kerosene-Type Jet Fuel,EEX,Exports,MKJEXP11,East Coast (PADD 1) Exports of Kerosene-Type Jet Fuel (Thousand Barrels),17,MBBL
2014-02,R10-Z00,PADD 1,EPJK,Kerosene-Type Jet Fuel,EEX,Exports,MKJEXP12,East Coast (PADD 1) Exports of Kerosene-Type Jet Fuel (Thousand Barrels per Day),1,MBBL/D
2014-03,R10-Z00,PADD 1,EPJK,Kerosene-Type Jet Fuel,EEX,Exports,MKJEXP11,East Coast (PADD 1) Exports of Kerosene-Type Jet Fuel (Thousand Barrels),72,MBBL
2014-03,R10-Z00,PADD 1,EPJK,Kerosene-Type Jet Fuel,EEX,Exports,MKJEXP12,East Coast (PADD 1) Exports of Kerosene-Type Jet Fuel (Thousand Barrels per Day),2,MBBL/D
2014-04,R10-Z00,PADD 1,EPJK,Kerosene-Type Jet Fuel,EEX,Exports,MKJEXP11,East Coast (PADD 1) Exports of Kerosene-Type Jet Fuel (Thousand Barrels),14,MBBL
2014-04,R10-Z00,PADD 1,EPJK,Kerosene-Type Jet Fuel,EEX,Exports,MKJEXP12,East Coast (PADD 1) Exports of Kerosene-Type Jet Fuel (Thousand Barrels per Day),0,MBBL/D
2014-05,R10-Z00,PADD 1,EPJK,Kerosene-Type Jet Fuel,EEX,Exports,MKJEXP11,East Coast (PADD 1) Exports of Kerosene-Type Jet Fuel (Thousand Barrels),71,MBBL
2014-05,R10-Z00,PADD 1,EPJK,Kerosene-Type Jet Fuel,EEX,Exports,MKJEXP12,East Coast (PADD 1) Exports of Kerosene-Type Jet Fuel (Thousand Barrels per Day),2,MBBL/D
2014-06,R10-Z00,PADD 1,EPJK,Kerosene-Type Jet Fuel,EEX,Exports,MKJEXP11,East Coast (PADD 1) Exports of Kerosene-Type Jet Fuel (Thousand Barrels),310,MBBL
2014-06,R10-Z00,PADD 1,EPJK,Kerosene-Type Jet Fuel,EEX,Exports,MKJEXP12,East Coast (PADD 1) Exports of Kerosene-Type Jet Fuel (Thousand Barrels per Day),10,MBBL/D
2014-07,R10-Z00,PADD 1,EPJK,Kerosene-Type Jet Fuel,EEX,Exports,MKJEXP11,East Coast (PADD 1) Exports of Kerosene-Type Jet Fuel (Thousand Barrels),275,MBBL
2014-07,R10-Z00,PADD 1,EPJK,Kerosene-Type Jet Fuel,EEX,Exports,MKJEXP12,East Coast (PADD 1) Exports of Kerosene-Type Jet Fuel (Thousand Barrels per Day),9,MBBL/D
2014-08,R10-Z00,PADD 1,EPJK,Kerosene-Type Jet Fuel,EEX,Exports,MKJEXP11,East Coast (PADD 1) Exports of Kerosene-Type Jet Fuel (Thousand Barrels),39,MBBL
2014-08,R10-Z00,PADD 1,EPJK,Kerosene-Type Jet Fuel,EEX,Exports,MKJEXP12,East Coast (PADD 1) Exports of Kerosene-Type Jet Fuel (Thousand Barrels per Day),1,MBBL/D
2014-09,R10-Z00,PADD 1,EPJK,Kerosene-Type Jet Fuel,EEX,Exports,MKJEXP11,East Coast (PADD 1) Exports of Kerosene-Type Jet Fuel (Thousand Barrels),33,MBBL
2014-09,R10-Z00,PADD 1,EPJK,Kerosene-Type Jet Fuel,EEX,Exports,MKJEXP12,East Coast (PADD 1) Exports of Kerosene-Type Jet Fuel (Thousand Barrels per Day),1,MBBL/D
2014-10,R10-Z00,PADD 1,EPJK,Kerosene-Type Jet Fuel,EEX,Exports,MKJEXP11,East Coast (PADD 1) Exports of Kerosene-Type Jet Fuel (Thousand Barrels),41,MBBL
2014-10,R10-Z00,PADD 1,EPJK,Kerosene-Type Jet Fuel,EEX,Exports,MKJEXP12,East Coast (PADD 1) Exports of Kerosene-Type Jet Fuel (Thousand Barrels per Day),1,MBBL/D
2014-11,R10-Z00,PADD 1,EPJK,Kerosene-Type Jet Fuel,EEX,Exports,MKJEXP11,East Coast (PADD 1) Exports of Kerosene-Type Jet Fuel (Thousand Barrels),10,MBBL
2014-11,R10-Z00,PADD 1,EPJK,Kerosene-Type Jet Fuel,EEX,Exports,MKJEXP12,East Coast (PADD 1) Exports of Kerosene-Type Jet Fuel (Thousand Barrels per Day),0,MBBL/D
2014-12,R10-Z00,PADD 1,EPJK,Kerosene-Type Jet Fuel,EEX,Exports,MKJEXP11,East Coast (PADD 1) Exports of Kerosene-Type Jet Fuel (Thousand Barrels),19,MBBL
2014-12,R10-Z00,PADD 1,EPJK,Kerosene-Type Jet Fuel,EEX,Exports,MKJEXP12,East Coast (PADD 1) Exports of Kerosene-Type Jet Fuel (Thousand Barrels per Day),1,MBBL/D
2015-01,R10-Z00,PADD 1,EPJK,Kerosene-Type Jet Fuel,EEX,Exports,MKJEXP11,East Coast (PADD 1) Exports of Kerosene-Type Jet Fuel (Thousand Barrels),76,MBBL
2015-01,R10-Z00,PADD 1,EPJK,Kerosene-Type Jet Fuel,EEX,Exports,MKJEXP12,East Coast (PADD 1) Exports of Kerosene-Type Jet Fuel (Thousand Barrels per Day),2,MBBL/D
2015-02,R10-Z00,PADD 1,EPJK,Kerosene-Type Jet Fuel,EEX,Exports,MKJEXP11,East Coast (PADD 1) Exports of Kerosene-Type Jet Fuel (Thousand Barrels),15,MBBL
2015-02,R10-Z00,PADD 1,EPJK,Kerosene-Type Jet Fuel,EEX,Exports,MKJEXP12,East Coast (PADD 1) Exports of Kerosene-Type Jet Fuel (Thousand Barrels per Day),1,MBBL/D
2015-03,R10-Z00,PADD 1,EPJK,Kerosene-Type Jet Fuel,EEX,Exports,MKJEXP11,East Coast (PADD 1) Exports of Kerosene-Type Jet Fuel (Thousand Barrels),27,MBBL
2015-03,R10-Z00,PADD 1,EPJK,Kerosene-Type Jet Fuel,EEX,Exports,MKJEXP12,East Coast (PADD 1) Exports of Kerosene-Type Jet Fuel (Thousand Barrels per Day),1,MBBL/D
2015-04,R10-Z00,PADD 1,EPJK,Kerosene-Type Jet Fuel,EEX,Exports,MKJEXP11,East Coast (PADD 1) Exports of Kerosene-Type Jet Fuel (Thousand Barrels),8,MBBL
2015-04,R10-Z00,PADD 1,EPJK,Kerosene-Type Jet Fuel,EEX,Exports,MKJEXP12,East Coast (PADD 1) Exports of Kerosene-Type Jet Fuel (Thousand Barrels per Day),0,MBBL/D
2015-05,R10-Z00,PADD 1,EPJK,Kerosene-Type Jet Fuel,EEX,Exports,MKJEXP11,East Coast (PADD 1) Exports of Kerosene-Type Jet Fuel (Thousand Barrels),7,MBBL
2015-05,R10-Z00,PADD 1,EPJK,Kerosene-Type Jet Fuel,EEX,Exports,MKJEXP12,East Coast (PADD 1) Exports of Kerosene-Type Jet Fuel (Thousand Barrels per Day),0,MBBL/D
2015-06,R10-Z00,PADD 1,EPJK,Kerosene-Type Jet Fuel,EEX,Exports,MKJEXP11,East Coast (PADD 1) Exports of Kerosene-Type Jet Fuel (Thousand Barrels),13,MBBL
2015-06,R10-Z00,PADD 1,EPJK,Kerosene-Type Jet Fuel,EEX,Exports,MKJEXP12,East Coast (PADD 1) Exports of Kerosene-Type Jet Fuel (Thousand Barrels per Day),0,MBBL/D
2015-07,R10-Z00,PADD 1,EPJK,Kerosene-Type Jet Fuel,EEX,Exports,MKJEXP11,East Coast (PADD 1) Exports of Kerosene-Type Jet Fuel (Thousand Barrels),14,MBBL
2015-07,R10-Z00,PADD 1,EPJK,Kerosene-Type Jet Fuel,EEX,Exports,MKJEXP12,East Coast (PADD 1) Exports of Kerosene-Type Jet Fuel (Thousand Barrels per Day),0,MBBL/D
2015-08,R10-Z00,PADD 1,EPJK,Kerosene-Type Jet Fuel,EEX,Exports,MKJEXP11,East Coast (PADD 1) Exports of Kerosene-Type Jet Fuel (Thousand Barrels),10,MBBL
2015-08,R10-Z00,PADD 1,EPJK,Kerosene-Type Jet Fuel,EEX,Exports,MKJEXP12,East Coast (PADD 1) Exports of Kerosene-Type Jet Fuel (Thousand Barrels per Day),0,MBBL/D
2015-09,R10-Z00,PADD 1,EPJK,Kerosene-Type Jet Fuel,EEX,Exports,MKJEXP11,East Coast (PADD 1) Exports of Kerosene-Type Jet Fuel (Thousand Barrels),5,MBBL
2015-09,R10-Z00,PADD 1,EPJK,Kerosene-Type Jet Fuel,EEX,Exports,MKJEXP12,East Coast (PADD 1) Exports of Kerosene-Type Jet Fuel (Thousand Barrels per Day),0,MBBL/D
2015-10,R10-Z00,PADD 1,EPJK,Kerosene-Type Jet Fuel,EEX,Exports,MKJEXP11,East Coast (PADD 1) Exports of Kerosene-Type Jet Fuel (Thousand Barrels),8,MBBL
2015-10,R10-Z00,PADD 1,EPJK,Kerosene-Type Jet Fuel,EEX,Exports,MKJEXP12,East Coast (PADD 1) Exports of Kerosene-Type Jet Fuel (Thousand Barrels per Day),0,MBBL/D
2015-11,R10-Z00,PADD 1,EPJK,Kerosene-Type Jet Fuel,EEX,Exports,MKJEXP11,East Coast (PADD 1) Exports of Kerosene-Type Jet Fuel (Thousand Barrels),13,MBBL
2015-11,R10-Z00,PADD 1,EPJK,Kerosene-Type Jet Fuel,EEX,Exports,MKJEXP12,East Coast (PADD 1) Exports of Kerosene-Type Jet Fuel (Thousand Barrels per Day),0,MBBL/D
2015-12,R10-Z00,PADD 1,EPJK,Kerosene-Type Jet Fuel,EEX,Exports,MKJEXP11,East Coast (PADD 1) Exports of Kerosene-Type Jet Fuel (Thousand Barrels),17,MBBL
2015-12,R10-Z00,PADD 1,EPJK,Kerosene-Type Jet Fuel,EEX,Exports,MKJEXP12,East Coast (PADD 1) Exports of Kerosene-Type Jet Fuel (Thousand Barrels per Day),1,MBBL/D
2016-01,R10-Z00,PADD 1,EPJK,Kerosene-Type Jet Fuel,EEX,Exports,MKJEXP11,East Coast (PADD 1) Exports of Kerosene-Type Jet Fuel (Thousand Barrels),15,MBBL
2016-01,R10-Z00,PADD 1,EPJK,Kerosene-Type Jet Fuel,EEX,Exports,MKJEXP12,East Coast (PADD 1) Exports of Kerosene-Type Jet Fuel (Thousand Barrels per Day),0,MBBL/D
2016-02,R10-Z00,PADD 1,EPJK,Kerosene-Type Jet Fuel,EEX,Exports,MKJEXP11,East Coast (PADD 1) Exports of Kerosene-Type Jet Fuel (Thousand Barrels),15,MBBL
2016-02,R10-Z00,PADD 1,EPJK,Kerosene-Type Jet Fuel,EEX,Exports,MKJEXP12,East Coast (PADD 1) Exports of Kerosene-Type Jet Fuel (Thousand Barrels per Day),1,MBBL/D
2016-03,R10-Z00,PADD 1,EPJK,Kerosene-Type Jet Fuel,EEX,Exports,MKJEXP11,East Coast (PADD 1) Exports of Kerosene-Type Jet Fuel (Thousand Barrels),14,MBBL
2016-03,R10-Z00,PADD 1,EPJK,Kerosene-Type Jet Fuel,EEX,Exports,MKJEXP12,East Coast (PADD 1) Exports of Kerosene-Type Jet Fuel (Thousand Barrels per Day),0,MBBL/D
2016-04,R10-Z00,PADD 1,EPJK,Kerosene-Type Jet Fuel,EEX,Exports,MKJEXP11,East Coast (PADD 1) Exports of Kerosene-Type Jet Fuel (Thousand Barrels),273,MBBL
2016-04,R10-Z00,PADD 1,EPJK,Kerosene-Type Jet Fuel,EEX,Exports,MKJEXP12,East Coast (PADD 1) Exports of Kerosene-Type Jet Fuel (Thousand Barrels per Day),9,MBBL/D
2016-05,R10-Z00,PADD 1,EPJK,Kerosene-Type Jet Fuel,EEX,Exports,MKJEXP11,East Coast (PADD 1) Exports of Kerosene-Type Jet Fuel (Thousand Barrels),22,MBBL
2016-05,R10-Z00,PADD 1,EPJK,Kerosene-Type Jet Fuel,EEX,Exports,MKJEXP12,East Coast (PADD 1) Exports of Kerosene-Type Jet Fuel (Thousand Barrels per Day),1,MBBL/D
2016-06,R10-Z00,PADD 1,EPJK,Kerosene-Type Jet Fuel,EEX,Exports,MKJEXP11,East Coast (PADD 1) Exports of Kerosene-Type Jet Fuel (Thousand Barrels),14,MBBL
2016-06,R10-Z00,PADD 1,EPJK,Kerosene-Type Jet Fuel,EEX,Exports,MKJEXP12,East Coast (PADD 1) Exports of Kerosene-Type Jet Fuel (Thousand Barrels per Day),0,MBBL/D
2016-07,R10-Z00,PADD 1,EPJK,Kerosene-Type Jet Fuel,EEX,Exports,MKJEXP11,East Coast (PADD 1) Exports of Kerosene-Type Jet Fuel (Thousand Barrels),12,MBBL
2016-07,R10-Z00,PADD 1,EPJK,Kerosene-Type Jet Fuel,EEX,Exports,MKJEXP12,East Coast (PADD 1) Exports of Kerosene-Type Jet Fuel (Thousand Barrels per Day),0,MBBL/D
2016-08,R10-Z00,PADD 1,EPJK,Kerosene-Type Jet Fuel,EEX,Exports,MKJEXP11,East Coast (PADD 1) Exports of Kerosene-Type Jet Fuel (Thousand Barrels),17,MBBL
2016-08,R10-Z00,PADD 1,EPJK,Kerosene-Type Jet Fuel,EEX,Exports,MKJEXP12,East Coast (PADD 1) Exports of Kerosene-Type Jet Fuel (Thousand Barrels per Day),1,MBBL/D
2016-09,R10-Z00,PADD 1,EPJK,Kerosene-Type Jet Fuel,EEX,Exports,MKJEXP11,East Coast (PADD 1) Exports of Kerosene-Type Jet Fuel (Thousand Barrels),8,MBBL
2016-09,R10-Z00,PADD 1,EPJK,Kerosene-Type Jet Fuel,EEX,Exports,MKJEXP12,East Coast (PADD 1) Exports of Kerosene-Type Jet Fuel (Thousand Barrels per Day),0,MBBL/D
2016-10,R10-Z00,PADD 1,EPJK,Kerosene-Type Jet Fuel,EEX,Exports,MKJEXP11,East Coast (PADD 1) Exports of Kerosene-Type Jet Fuel (Thousand Barrels),107,MBBL
2016-10,R10-Z00,PADD 1,EPJK,Kerosene-Type Jet Fuel,EEX,Exports,MKJEXP12,East Coast (PADD 1) Exports of Kerosene-Type Jet Fuel (Thousand Barrels per Day),3,MBBL/D
2016-11,R10-Z00,PADD 1,EPJK,Kerosene-Type Jet Fuel,EEX,Exports,MKJEXP11,East Coast (PADD 1) Exports of Kerosene-Type Jet Fuel (Thousand Barrels),166,MBBL
2016-11,R10-Z00,PADD 1,EPJK,Kerosene-Type Jet Fuel,EEX,Exports,MKJEXP12,East Coast (PADD 1) Exports of Kerosene-Type Jet Fuel (Thousand Barrels per Day),6,MBBL/D
2016-12,R10-Z00,PADD 1,EPJK,Kerosene-Type Jet Fuel,EEX,Exports,MKJEXP11,East Coast (PADD 1) Exports of Kerosene-Type Jet Fuel (Thousand Barrels),16,MBBL
2016-12,R10-Z00,PADD 1,EPJK,Kerosene-Type Jet Fuel,EEX,Exports,MKJEXP12,East Coast (PADD 1) Exports of Kerosene-Type Jet Fuel (Thousand Barrels per Day),1,MBBL/D
2017-01,R10-Z00,PADD 1,EPJK,Kerosene-Type Jet Fuel,EEX,Exports,MKJEXP11,East Coast (PADD 1) Exports of Kerosene-Type Jet Fuel (Thousand Barrels),29,MBBL
2017-01,R10-Z00,PADD 1,EPJK,Kerosene-Type Jet Fuel,EEX,Exports,MKJEXP12,East Coast (PADD 1) Exports of Kerosene-Type Jet Fuel (Thousand Barrels per Day),1,MBBL/D
2017-02,R10-Z00,PADD 1,EPJK,Kerosene-Type Jet Fuel,EEX,Exports,MKJEXP11,East Coast (PADD 1) Exports of Kerosene-Type Jet Fuel (Thousand Barrels),17,MBBL
2017-02,R10-Z00,PADD 1,EPJK,Kerosene-Type Jet Fuel,EEX,Exports,MKJEXP12,East Coast (PADD 1) Exports of Kerosene-Type Jet Fuel (Thousand Barrels per Day),1,MBBL/D
2017-03,R10-Z00,PADD 1,EPJK,Kerosene-Type Jet Fuel,EEX,Exports,MKJEXP11,East Coast (PADD 1) Exports of Kerosene-Type Jet Fuel (Thousand Barrels),147,MBBL
2017-03,R10-Z00,PADD 1,EPJK,Kerosene-Type Jet Fuel,EEX,Exports,MKJEXP12,East Coast (PADD 1) Exports of Kerosene-Type Jet Fuel (Thousand Barrels per Day),5,MBBL/D
2017-04,R10-Z00,PADD 1,EPJK,Kerosene-Type Jet Fuel,EEX,Exports,MKJEXP11,East Coast (PADD 1) Exports of Kerosene-Type Jet Fuel (Thousand Barrels),140,MBBL
2017-04,R10-Z00,PADD 1,EPJK,Kerosene-Type Jet Fuel,EEX,Exports,MKJEXP12,East Coast (PADD 1) Exports of Kerosene-Type Jet Fuel (Thousand Barrels per Day),5,MBBL/D
2017-05,R10-Z00,PADD 1,EPJK,Kerosene-Type Jet Fuel,EEX,Exports,MKJEXP11,East Coast (PADD 1) Exports of Kerosene-Type Jet Fuel (Thousand Barrels),242,MBBL
2017-05,R10-Z00,PADD 1,EPJK,Kerosene-Type Jet Fuel,EEX,Exports,MKJEXP12,East Coast (PADD 1) Exports of Kerosene-Type Jet Fuel (Thousand Barrels per Day),8,MBBL/D
2017-06,R10-Z00,PADD 1,EPJK,Kerosene-Type Jet Fuel,EEX,Exports,MKJEXP11,East Coast (PADD 1) Exports of Kerosene-Type Jet Fuel (Thousand Barrels),303,MBBL
2017-06,R10-Z00,PADD 1,EPJK,Kerosene-Type Jet Fuel,EEX,Exports,MKJEXP12,East Coast (PADD 1) Exports of Kerosene-Type Jet Fuel (Thousand Barrels per Day),10,MBBL/D
2017-07,R10-Z00,PADD 1,EPJK,Kerosene-Type Jet Fuel,EEX,Exports,MKJEXP11,East Coast (PADD 1) Exports of Kerosene-Type Jet Fuel (Thousand Barrels),186,MBBL
2017-07,R10-Z00,PADD 1,EPJK,Kerosene-Type Jet Fuel,EEX,Exports,MKJEXP12,East Coast (PADD 1) Exports of Kerosene-Type Jet Fuel (Thousand Barrels per Day),6,MBBL/D
2017-08,R10-Z00,PADD 1,EPJK,Kerosene-Type Jet Fuel,EEX,Exports,MKJEXP11,East Coast (PADD 1) Exports of Kerosene-Type Jet Fuel (Thousand Barrels),242,MBBL
2017-08,R10-Z00,PADD 1,EPJK,Kerosene-Type Jet Fuel,EEX,Exports,MKJEXP12,East Coast (PADD 1) Exports of Kerosene-Type Jet Fuel (Thousand Barrels per Day),8,MBBL/D
2017-09,R10-Z00,PADD 1,EPJK,Kerosene-Type Jet Fuel,EEX,Exports,MKJEXP11,East Coast (PADD 1) Exports of Kerosene-Type Jet Fuel (Thousand Barrels),13,MBBL
2017-09,R10-Z00,PADD 1,EPJK,Kerosene-Type Jet Fuel,EEX,Exports,MKJEXP12,East Coast (PADD 1) Exports of Kerosene-Type Jet Fuel (Thousand Barrels per Day),0,MBBL/D
2017-10,R10-Z00,PADD 1,EPJK,Kerosene-Type Jet Fuel,EEX,Exports,MKJEXP11,East Coast (PADD 1) Exports of Kerosene-Type Jet Fuel (Thousand Barrels),6,MBBL
2017-10,R10-Z00,PADD 1,EPJK,Kerosene-Type Jet Fuel,EEX,Exports,MKJEXP12,East Coast (PADD 1) Exports of Kerosene-Type Jet Fuel (Thousand Barrels per Day),0,MBBL/D
2017-11,R10-Z00,PADD 1,EPJK,Kerosene-Type Jet Fuel,EEX,Exports,MKJEXP11,East Coast (PADD 1) Exports of Kerosene-Type Jet Fuel (Thousand Barrels),12,MBBL
2017-11,R10-Z00,PADD 1,EPJK,Kerosene-Type Jet Fuel,EEX,Exports,MKJEXP12,East Coast (PADD 1) Exports of Kerosene-Type Jet Fuel (Thousand Barrels per Day),0,MBBL/D
2017-12,R10-Z00,PADD 1,EPJK,Kerosene-Type Jet Fuel,EEX,Exports,MKJEXP11,East Coast (PADD 1) Exports of Kerosene-Type Jet Fuel (Thousand Barrels),17,MBBL
2017-12,R10-Z00,PADD 1,EPJK,Kerosene-Type Jet Fuel,EEX,Exports,MKJEXP12,East Coast (PADD 1) Exports of Kerosene-Type Jet Fuel (Thousand Barrels per Day),1,MBBL/D
2018-01,R10-Z00,PADD 1,EPJK,Kerosene-Type Jet Fuel,EEX,Exports,MKJEXP11,East Coast (PADD 1) Exports of Kerosene-Type Jet Fuel (Thousand Barrels),320,MBBL
2018-01,R10-Z00,PADD 1,EPJK,Kerosene-Type Jet Fuel,EEX,Exports,MKJEXP12,East Coast (PADD 1) Exports of Kerosene-Type Jet Fuel (Thousand Barrels per Day),10,MBBL/D
2018-02,R10-Z00,PADD 1,EPJK,Kerosene-Type Jet Fuel,EEX,Exports,MKJEXP11,East Coast (PADD 1) Exports of Kerosene-Type Jet Fuel (Thousand Barrels),20,MBBL
2018-02,R10-Z00,PADD 1,EPJK,Kerosene-Type Jet Fuel,EEX,Exports,MKJEXP12,East Coast (PADD 1) Exports of Kerosene-Type Jet Fuel (Thousand Barrels per Day),1,MBBL/D
2018-03,R10-Z00,PADD 1,EPJK,Kerosene-Type Jet Fuel,EEX,Exports,MKJEXP11,East Coast (PADD 1) Exports of Kerosene-Type Jet Fuel (Thousand Barrels),25,MBBL
2018-03,R10-Z00,PADD 1,EPJK,Kerosene-Type Jet Fuel,EEX,Exports,MKJEXP12,East Coast (PADD 1) Exports of Kerosene-Type Jet Fuel (Thousand Barrels per Day),1,MBBL/D
2018-04,R10-Z00,PADD 1,EPJK,Kerosene-Type Jet Fuel,EEX,Exports,MKJEXP11,East Coast (PADD 1) Exports of Kerosene-Type Jet Fuel (Thousand Barrels),766,MBBL
2018-04,R10-Z00,PADD 1,EPJK,Kerosene-Type Jet Fuel,EEX,Exports,MKJEXP12,East Coast (PADD 1) Exports of Kerosene-Type Jet Fuel (Thousand Barrels per Day),26,MBBL/D
2018-05,R10-Z00,PADD 1,EPJK,Kerosene-Type Jet Fuel,EEX,Exports,MKJEXP11,East Coast (PADD 1) Exports of Kerosene-Type Jet Fuel (Thousand Barrels),1070,MBBL
2018-05,R10-Z00,PADD 1,EPJK,Kerosene-Type Jet Fuel,EEX,Exports,MKJEXP12,East Coast (PADD 1) Exports of Kerosene-Type Jet Fuel (Thousand Barrels per Day),35,MBBL/D
2018-06,R10-Z00,PADD 1,EPJK,Kerosene-Type Jet Fuel,EEX,Exports,MKJEXP11,East Coast (PADD 1) Exports of Kerosene-Type Jet Fuel (Thousand Barrels),14,MBBL
2018-06,R10-Z00,PADD 1,EPJK,Kerosene-Type Jet Fuel,EEX,Exports,MKJEXP12,East Coast (PADD 1) Exports of Kerosene-Type Jet Fuel (Thousand Barrels per Day),0,MBBL/D
2018-07,R10-Z00,PADD 1,EPJK,Kerosene-Type Jet Fuel,EEX,Exports,MKJEXP11,East Coast (PADD 1) Exports of Kerosene-Type Jet Fuel (Thousand Barrels),427,MBBL
2018-07,R10-Z00,PADD 1,EPJK,Kerosene-Type Jet Fuel,EEX,Exports,MKJEXP12,East Coast (PADD 1) Exports of Kerosene-Type Jet Fuel (Thousand Barrels per Day),14,MBBL/D
2018-08,R10-Z00,PADD 1,EPJK,Kerosene-Type Jet Fuel,EEX,Exports,MKJEXP11,East Coast (PADD 1) Exports of Kerosene-Type Jet Fuel (Thousand Barrels),238,MBBL
2018-08,R10-Z00,PADD 1,EPJK,Kerosene-Type Jet Fuel,EEX,Exports,MKJEXP12,East Coast (PADD 1) Exports of Kerosene-Type Jet Fuel (Thousand Barrels per Day),8,MBBL/D
2018-09,R10-Z00,PADD 1,EPJK,Kerosene-Type Jet Fuel,EEX,Exports,MKJEXP11,East Coast (PADD 1) Exports of Kerosene-Type Jet Fuel (Thousand Barrels),557,MBBL
2018-09,R10-Z00,PADD 1,EPJK,Kerosene-Type Jet Fuel,EEX,Exports,MKJEXP12,East Coast (PADD 1) Exports of Kerosene-Type Jet Fuel (Thousand Barrels per Day),19,MBBL/D
2018-10,R10-Z00,PADD 1,EPJK,Kerosene-Type Jet Fuel,EEX,Exports,MKJEXP11,East Coast (PADD 1) Exports of Kerosene-Type Jet Fuel (Thousand Barrels),673,MBBL
2018-10,R10-Z00,PADD 1,EPJK,Kerosene-Type Jet Fuel,EEX,Exports,MKJEXP12,East Coast (PADD 1) Exports of Kerosene-Type Jet Fuel (Thousand Barrels per Day),22,MBBL/D
2018-11,R10-Z00,PADD 1,EPJK,Kerosene-Type Jet Fuel,EEX,Exports,MKJEXP11,East Coast (PADD 1) Exports of Kerosene-Type Jet Fuel (Thousand Barrels),736,MBBL
2018-11,R10-Z00,PADD 1,EPJK,Kerosene-Type Jet Fuel,EEX,Exports,MKJEXP12,East Coast (PADD 1) Exports of Kerosene-Type Jet Fuel (Thousand Barrels per Day),25,MBBL/D
2018-12,R10-Z00,PADD 1,EPJK,Kerosene-Type Jet Fuel,EEX,Exports,MKJEXP11,East Coast (PADD 1) Exports of Kerosene-Type Jet Fuel (Thousand Barrels),698,MBBL
2018-12,R10-Z00,PADD 1,EPJK,Kerosene-Type Jet Fuel,EEX,Exports,MKJEXP12,East Coast (PADD 1) Exports of Kerosene-Type Jet Fuel (Thousand Barrels per Day),23,MBBL/D
2019-01,R10-Z00,PADD 1,EPJK,Kerosene-Type Jet Fuel,EEX,Exports,MKJEXP11,East Coast (PADD 1) Exports of Kerosene-Type Jet Fuel (Thousand Barrels),543,MBBL
2019-01,R10-Z00,PADD 1,EPJK,Kerosene-Type Jet Fuel,EEX,Exports,MKJEXP12,East Coast (PADD 1) Exports of Kerosene-Type Jet Fuel (Thousand Barrels per Day),18,MBBL/D
2019-02,R10-Z00,PADD 1,EPJK,Kerosene-Type Jet Fuel,EEX,Exports,MKJEXP11,East Coast (PADD 1) Exports of Kerosene-Type Jet Fuel (Thousand Barrels),277,MBBL
2019-02,R10-Z00,PADD 1,EPJK,Kerosene-Type Jet Fuel,EEX,Exports,MKJEXP12,East Coast (PADD 1) Exports of Kerosene-Type Jet Fuel (Thousand Barrels per Day),10,MBBL/D
2019-03,R10-Z00,PADD 1,EPJK,Kerosene-Type Jet Fuel,EEX,Exports,MKJEXP11,East Coast (PADD 1) Exports of Kerosene-Type Jet Fuel (Thousand Barrels),377,MBBL
2019-03,R10-Z00,PADD 1,EPJK,Kerosene-Type Jet Fuel,EEX,Exports,MKJEXP12,East Coast (PADD 1) Exports of Kerosene-Type Jet Fuel (Thousand Barrels per Day),12,MBBL/D
2019-04,R10-Z00,PADD 1,EPJK,Kerosene-Type Jet Fuel,EEX,Exports,MKJEXP11,East Coast (PADD 1) Exports of Kerosene-Type Jet Fuel (Thousand Barrels),673,MBBL
2019-04,R10-Z00,PADD 1,EPJK,Kerosene-Type Jet Fuel,EEX,Exports,MKJEXP12,East Coast (PADD 1) Exports of Kerosene-Type Jet Fuel (Thousand Barrels per Day),22,MBBL/D
2019-05,R10-Z00,PADD 1,EPJK,Kerosene-Type Jet Fuel,EEX,Exports,MKJEXP11,East Coast (PADD 1) Exports of Kerosene-Type Jet Fuel (Thousand Barrels),747,MBBL
2019-05,R10-Z00,PADD 1,EPJK,Kerosene-Type Jet Fuel,EEX,Exports,MKJEXP12,East Coast (PADD 1) Exports of Kerosene-Type Jet Fuel (Thousand Barrels per Day),24,MBBL/D
2019-06,R10-Z00,PADD 1,EPJK,Kerosene-Type Jet Fuel,EEX,Exports,MKJEXP11,East Coast (PADD 1) Exports of Kerosene-Type Jet Fuel (Thousand Barrels),599,MBBL
2019-06,R10-Z00,PADD 1,EPJK,Kerosene-Type Jet Fuel,EEX,Exports,MKJEXP12,East Coast (PADD 1) Exports of Kerosene-Type Jet Fuel (Thousand Barrels per Day),20,MBBL/D
2019-07,R10-Z00,PADD 1,EPJK,Kerosene-Type Jet Fuel,EEX,Exports,MKJEXP11,East Coast (PADD 1) Exports of Kerosene-Type Jet Fuel (Thousand Barrels),504,MBBL
2019-07,R10-Z00,PADD 1,EPJK,Kerosene-Type Jet Fuel,EEX,Exports,MKJEXP12,East Coast (PADD 1) Exports of Kerosene-Type Jet Fuel (Thousand Barrels per Day),16,MBBL/D
2019-08,R10-Z00,PADD 1,EPJK,Kerosene-Type Jet Fuel,EEX,Exports,MKJEXP11,East Coast (PADD 1) Exports of Kerosene-Type Jet Fuel (Thousand Barrels),324,MBBL
2019-08,R10-Z00,PADD 1,EPJK,Kerosene-Type Jet Fuel,EEX,Exports,MKJEXP12,East Coast (PADD 1) Exports of Kerosene-Type Jet Fuel (Thousand Barrels per Day),10,MBBL/D
2019-09,R10-Z00,PADD 1,EPJK,Kerosene-Type Jet Fuel,EEX,Exports,MKJEXP11,East Coast (PADD 1) Exports of Kerosene-Type Jet Fuel (Thousand Barrels),782,MBBL
2019-09,R10-Z00,PADD 1,EPJK,Kerosene-Type Jet Fuel,EEX,Exports,MKJEXP12,East Coast (PADD 1) Exports of Kerosene-Type Jet Fuel (Thousand Barrels per Day),26,MBBL/D
2019-10,R10-Z00,PADD 1,EPJK,Kerosene-Type Jet Fuel,EEX,Exports,MKJEXP11,East Coast (PADD 1) Exports of Kerosene-Type Jet Fuel (Thousand Barrels),869,MBBL
2019-10,R10-Z00,PADD 1,EPJK,Kerosene-Type Jet Fuel,EEX,Exports,MKJEXP12,East Coast (PADD 1) Exports of Kerosene-Type Jet Fuel (Thousand Barrels per Day),28,MBBL/D
2019-11,R10-Z00,PADD 1,EPJK,Kerosene-Type Jet Fuel,EEX,Exports,MKJEXP11,East Coast (PADD 1) Exports of Kerosene-Type Jet Fuel (Thousand Barrels),770,MBBL
2019-11,R10-Z00,PADD 1,EPJK,Kerosene-Type Jet Fuel,EEX,Exports,MKJEXP12,East Coast (PADD 1) Exports of Kerosene-Type Jet Fuel (Thousand Barrels per Day),26,MBBL/D
2019-12,R10-Z00,PADD 1,EPJK,Kerosene-Type Jet Fuel,EEX,Exports,MKJEXP11,East Coast (PADD 1) Exports of Kerosene-Type Jet Fuel (Thousand Barrels),1011,MBBL
2019-12,R10-Z00,PADD 1,EPJK,Kerosene-Type Jet Fuel,EEX,Exports,MKJEXP12,East Coast (PADD 1) Exports of Kerosene-Type Jet Fuel (Thousand Barrels per Day),33,MBBL/D
2020-01,R10-Z00,PADD 1,EPJK,Kerosene-Type Jet Fuel,EEX,Exports,MKJEXP11,East Coast (PADD 1) Exports of Kerosene-Type Jet Fuel (Thousand Barrels),499,MBBL
2020-01,R10-Z00,PADD 1,EPJK,Kerosene-Type Jet Fuel,EEX,Exports,MKJEXP12,East Coast (PADD 1) Exports of Kerosene-Type Jet Fuel (Thousand Barrels per Day),16,MBBL/D
2020-02,R10-Z00,PADD 1,EPJK,Kerosene-Type Jet Fuel,EEX,Exports,MKJEXP11,East Coast (PADD 1) Exports of Kerosene-Type Jet Fuel (Thousand Barrels),384,MBBL
2020-02,R10-Z00,PADD 1,EPJK,Kerosene-Type Jet Fuel,EEX,Exports,MKJEXP12,East Coast (PADD 1) Exports of Kerosene-Type Jet Fuel (Thousand Barrels per Day),13,MBBL/D
2020-03,R10-Z00,PADD 1,EPJK,Kerosene-Type Jet Fuel,EEX,Exports,MKJEXP11,East Coast (PADD 1) Exports of Kerosene-Type Jet Fuel (Thousand Barrels),719,MBBL
2020-03,R10-Z00,PADD 1,EPJK,Kerosene-Type Jet Fuel,EEX,Exports,MKJEXP12,East Coast (PADD 1) Exports of Kerosene-Type Jet Fuel (Thousand Barrels per Day),23,MBBL/D
2020-04,R10-Z00,PADD 1,EPJK,Kerosene-Type Jet Fuel,EEX,Exports,MKJEXP11,East Coast (PADD 1) Exports of Kerosene-Type Jet Fuel (Thousand Barrels),1,MBBL
2020-04,R10-Z00,PADD 1,EPJK,Kerosene-Type Jet Fuel,EEX,Exports,MKJEXP12,East Coast (PADD 1) Exports of Kerosene-Type Jet Fuel (Thousand Barrels per Day),0,MBBL/D
2020-05,R10-Z00,PADD 1,EPJK,Kerosene-Type Jet Fuel,EEX,Exports,MKJEXP11,East Coast (PADD 1) Exports of Kerosene-Type Jet Fuel (Thousand Barrels),5,MBBL
2020-05,R10-Z00,PADD 1,EPJK,Kerosene-Type Jet Fuel,EEX,Exports,MKJEXP12,East Coast (PADD 1) Exports of Kerosene-Type Jet Fuel (Thousand Barrels per Day),0,MBBL/D
2020-06,R10-Z00,PADD 1,EPJK,Kerosene-Type Jet Fuel,EEX,Exports,MKJEXP11,East Coast (PADD 1) Exports of Kerosene-Type Jet Fuel (Thousand Barrels),98,MBBL
2020-06,R10-Z00,PADD 1,EPJK,Kerosene-Type Jet Fuel,EEX,Exports,MKJEXP12,East Coast (PADD 1) Exports of Kerosene-Type Jet Fuel (Thousand Barrels per Day),3,MBBL/D
2020-07,R10-Z00,PADD 1,EPJK,Kerosene-Type Jet Fuel,EEX,Exports,MKJEXP11,East Coast (PADD 1) Exports of Kerosene-Type Jet Fuel (Thousand Barrels),22,MBBL
2020-07,R10-Z00,PADD 1,EPJK,Kerosene-Type Jet Fuel,EEX,Exports,MKJEXP12,East Coast (PADD 1) Exports of Kerosene-Type Jet Fuel (Thousand Barrels per Day),1,MBBL/D
2020-08,R10-Z00,PADD 1,EPJK,Kerosene-Type Jet Fuel,EEX,Exports,MKJEXP11,East Coast (PADD 1) Exports of Kerosene-Type Jet Fuel (Thousand Barrels),3,MBBL
2020-08,R10-Z00,PADD 1,EPJK,Kerosene-Type Jet Fuel,EEX,Exports,MKJEXP12,East Coast (PADD 1) Exports of Kerosene-Type Jet Fuel (Thousand Barrels per Day),0,MBBL/D
2020-09,R10-Z00,PADD 1,EPJK,Kerosene-Type Jet Fuel,EEX,Exports,MKJEXP11,East Coast (PADD 1) Exports of Kerosene-Type Jet Fuel (Thousand Barrels),2,MBBL
2020-09,R10-Z00,PADD 1,EPJK,Kerosene-Type Jet Fuel,EEX,Exports,MKJEXP12,East Coast (PADD 1) Exports of Kerosene-Type Jet Fuel (Thousand Barrels per Day),0,MBBL/D
2020-10,R10-Z00,PADD 1,EPJK,Kerosene-Type Jet Fuel,EEX,Exports,MKJEXP11,East Coast (PADD 1) Exports of Kerosene-Type Jet Fuel (Thousand Barrels),4,MBBL
2020-10,R10-Z00,PADD 1,EPJK,Kerosene-Type Jet Fuel,EEX,Exports,MKJEXP12,East Coast (PADD 1) Exports of Kerosene-Type Jet Fuel (Thousand Barrels per Day),0,MBBL/D
2020-11,R10-Z00,PADD 1,EPJK,Kerosene-Type Jet Fuel,EEX,Exports,MKJEXP11,East Coast (PADD 1) Exports of Kerosene-Type Jet Fuel (Thousand Barrels),11,MBBL
2020-11,R10-Z00,PADD 1,EPJK,Kerosene-Type Jet Fuel,EEX,Exports,MKJEXP12,East Coast (PADD 1) Exports of Kerosene-Type Jet Fuel (Thousand Barrels per Day),0,MBBL/D
2020-12,R10-Z00,PADD 1,EPJK,Kerosene-Type Jet Fuel,EEX,Exports,MKJEXP11,East Coast (PADD 1) Exports of Kerosene-Type Jet Fuel (Thousand Barrels),163,MBBL
2020-12,R10-Z00,PADD 1,EPJK,Kerosene-Type Jet Fuel,EEX,Exports,MKJEXP12,East Coast (PADD 1) Exports of Kerosene-Type Jet Fuel (Thousand Barrels per Day),5,MBBL/D
2021-01,R10-Z00,PADD 1,EPJK,Kerosene-Type Jet Fuel,EEX,Exports,MKJEXP11,East Coast (PADD 1) Exports of Kerosene-Type Jet Fuel (Thousand Barrels),5,MBBL
2021-01,R10-Z00,PADD 1,EPJK,Kerosene-Type Jet Fuel,EEX,Exports,MKJEXP12,East Coast (PADD 1) Exports of Kerosene-Type Jet Fuel (Thousand Barrels per Day),0,MBBL/D
2021-02,R10-Z00,PADD 1,EPJK,Kerosene-Type Jet Fuel,EEX,Exports,MKJEXP11,East Coast (PADD 1) Exports of Kerosene-Type Jet Fuel (Thousand Barrels),276,MBBL
2021-02,R10-Z00,PADD 1,EPJK,Kerosene-Type Jet Fuel,EEX,Exports,MKJEXP12,East Coast (PADD 1) Exports of Kerosene-Type Jet Fuel (Thousand Barrels per Day),10,MBBL/D
2021-03,R10-Z00,PADD 1,EPJK,Kerosene-Type Jet Fuel,EEX,Exports,MKJEXP11,East Coast (PADD 1) Exports of Kerosene-Type Jet Fuel (Thousand Barrels),258,MBBL
2021-03,R10-Z00,PADD 1,EPJK,Kerosene-Type Jet Fuel,EEX,Exports,MKJEXP12,East Coast (PADD 1) Exports of Kerosene-Type Jet Fuel (Thousand Barrels per Day),8,MBBL/D
2021-04,R10-Z00,PADD 1,EPJK,Kerosene-Type Jet Fuel,EEX,Exports,MKJEXP11,East Coast (PADD 1) Exports of Kerosene-Type Jet Fuel (Thousand Barrels),20,MBBL
2021-04,R10-Z00,PADD 1,EPJK,Kerosene-Type Jet Fuel,EEX,Exports,MKJEXP12,East Coast (PADD 1) Exports of Kerosene-Type Jet Fuel (Thousand Barrels per Day),1,MBBL/D
2021-05,R10-Z00,PADD 1,EPJK,Kerosene-Type Jet Fuel,EEX,Exports,MKJEXP11,East Coast (PADD 1) Exports of Kerosene-Type Jet Fuel (Thousand Barrels),318,MBBL
2021-05,R10-Z00,PADD 1,EPJK,Kerosene-Type Jet Fuel,EEX,Exports,MKJEXP12,East Coast (PADD 1) Exports of Kerosene-Type Jet Fuel (Thousand Barrels per Day),10,MBBL/D
2021-06,R10-Z00,PADD 1,EPJK,Kerosene-Type Jet Fuel,EEX,Exports,MKJEXP11,East Coast (PADD 1) Exports of Kerosene-Type Jet Fuel (Thousand Barrels),293,MBBL
2021-06,R10-Z00,PADD 1,EPJK,Kerosene-Type Jet Fuel,EEX,Exports,MKJEXP12,East Coast (PADD 1) Exports of Kerosene-Type Jet Fuel (Thousand Barrels per Day),10,MBBL/D
2021-07,R10-Z00,PADD 1,EPJK,Kerosene-Type Jet Fuel,EEX,Exports,MKJEXP11,East Coast (PADD 1) Exports of Kerosene-Type Jet Fuel (Thousand Barrels),150,MBBL
2021-07,R10-Z00,PADD 1,EPJK,Kerosene-Type Jet Fuel,EEX,Exports,MKJEXP12,East Coast (PADD 1) Exports of Kerosene-Type Jet Fuel (Thousand Barrels per Day),5,MBBL/D
2021-08,R10-Z00,PADD 1,EPJK,Kerosene-Type Jet Fuel,EEX,Exports,MKJEXP11,East Coast (PADD 1) Exports of Kerosene-Type Jet Fuel (Thousand Barrels),21,MBBL
2021-08,R10-Z00,PADD 1,EPJK,Kerosene-Type Jet Fuel,EEX,Exports,MKJEXP12,East Coast (PADD 1) Exports of Kerosene-Type Jet Fuel (Thousand Barrels per Day),1,MBBL/D
2021-09,R10-Z00,PADD 1,EPJK,Kerosene-Type Jet Fuel,EEX,Exports,MKJEXP11,East Coast (PADD 1) Exports of Kerosene-Type Jet Fuel (Thousand Barrels),10,MBBL
2021-09,R10-Z00,PADD 1,EPJK,Kerosene-Type Jet Fuel,EEX,Exports,MKJEXP12,East Coast (PADD 1) Exports of Kerosene-Type Jet Fuel (Thousand Barrels per Day),0,MBBL/D
2021-10,R10-Z00,PADD 1,EPJK,Kerosene-Type Jet Fuel,EEX,Exports,MKJEXP11,East Coast (PADD 1) Exports of Kerosene-Type Jet Fuel (Thousand Barrels),285,MBBL
2021-10,R10-Z00,PADD 1,EPJK,Kerosene-Type Jet Fuel,EEX,Exports,MKJEXP12,East Coast (PADD 1) Exports of Kerosene-Type Jet Fuel (Thousand Barrels per Day),9,MBBL/D
2021-11,R10-Z00,PADD 1,EPJK,Kerosene-Type Jet Fuel,EEX,Exports,MKJEXP11,East Coast (PADD 1) Exports of Kerosene-Type Jet Fuel (Thousand Barrels),109,MBBL
2021-11,R10-Z00,PADD 1,EPJK,Kerosene-Type Jet Fuel,EEX,Exports,MKJEXP12,East Coast (PADD 1) Exports of Kerosene-Type Jet Fuel (Thousand Barrels per Day),4,MBBL/D
2021-12,R10-Z00,PADD 1,EPJK,Kerosene-Type Jet Fuel,EEX,Exports,MKJEXP11,East Coast (PADD 1) Exports of Kerosene-Type Jet Fuel (Thousand Barrels),84,MBBL
2021-12,R10-Z00,PADD 1,EPJK,Kerosene-Type Jet Fuel,EEX,Exports,MKJEXP12,East Coast (PADD 1) Exports of Kerosene-Type Jet Fuel (Thousand Barrels per Day),3,MBBL/D
2022-01,R10-Z00,PADD 1,EPJK,Kerosene-Type Jet Fuel,EEX,Exports,MKJEXP11,East Coast (PADD 1) Exports of Kerosene-Type Jet Fuel (Thousand Barrels),16,MBBL
2022-01,R10-Z00,PADD 1,EPJK,Kerosene-Type Jet Fuel,EEX,Exports,MKJEXP12,East Coast (PADD 1) Exports of Kerosene-Type Jet Fuel (Thousand Barrels per Day),1,MBBL/D
2022-02,R10-Z00,PADD 1,EPJK,Kerosene-Type Jet Fuel,EEX,Exports,MKJEXP11,East Coast (PADD 1) Exports of Kerosene-Type Jet Fuel (Thousand Barrels),22,MBBL
2022-02,R10-Z00,PADD 1,EPJK,Kerosene-Type Jet Fuel,EEX,Exports,MKJEXP12,East Coast (PADD 1) Exports of Kerosene-Type Jet Fuel (Thousand Barrels per Day),1,MBBL/D
2022-03,R10-Z00,PADD 1,EPJK,Kerosene-Type Jet Fuel,EEX,Exports,MKJEXP11,East Coast (PADD 1) Exports of Kerosene-Type Jet Fuel (Thousand Barrels),24,MBBL
2022-03,R10-Z00,PADD 1,EPJK,Kerosene-Type Jet Fuel,EEX,Exports,MKJEXP12,East Coast (PADD 1) Exports of Kerosene-Type Jet Fuel (Thousand Barrels per Day),1,MBBL/D
2022-04,R10-Z00,PADD 1,EPJK,Kerosene-Type Jet Fuel,EEX,Exports,MKJEXP11,East Coast (PADD 1) Exports of Kerosene-Type Jet Fuel (Thousand Barrels),29,MBBL
2022-04,R10-Z00,PADD 1,EPJK,Kerosene-Type Jet Fuel,EEX,Exports,MKJEXP12,East Coast (PADD 1) Exports of Kerosene-Type Jet Fuel (Thousand Barrels per Day),1,MBBL/D
2022-05,R10-Z00,PADD 1,EPJK,Kerosene-Type Jet Fuel,EEX,Exports,MKJEXP11,East Coast (PADD 1) Exports of Kerosene-Type Jet Fuel (Thousand Barrels),21,MBBL
2022-05,R10-Z00,PADD 1,EPJK,Kerosene-Type Jet Fuel,EEX,Exports,MKJEXP12,East Coast (PADD 1) Exports of Kerosene-Type Jet Fuel (Thousand Barrels per Day),1,MBBL/D
2022-06,R10-Z00,PADD 1,EPJK,Kerosene-Type Jet Fuel,EEX,Exports,MKJEXP11,East Coast (PADD 1) Exports of Kerosene-Type Jet Fuel (Thousand Barrels),24,MBBL
2022-06,R10-Z00,PADD 1,EPJK,Kerosene-Type Jet Fuel,EEX,Exports,MKJEXP12,East Coast (PADD 1) Exports of Kerosene-Type Jet Fuel (Thousand Barrels per Day),1,MBBL/D
2022-07,R10-Z00,PADD 1,EPJK,Kerosene-Type Jet Fuel,EEX,Exports,MKJEXP11,East Coast (PADD 1) Exports of Kerosene-Type Jet Fuel (Thousand Barrels),22,MBBL
2022-07,R10-Z00,PADD 1,EPJK,Kerosene-Type Jet Fuel,EEX,Exports,MKJEXP12,East Coast (PADD 1) Exports of Kerosene-Type Jet Fuel (Thousand Barrels per Day),1,MBBL/D
2022-08,R10-Z00,PADD 1,EPJK,Kerosene-Type Jet Fuel,EEX,Exports,MKJEXP11,East Coast (PADD 1) Exports of Kerosene-Type Jet Fuel (Thousand Barrels),17,MBBL
2022-08,R10-Z00,PADD 1,EPJK,Kerosene-Type Jet Fuel,EEX,Exports,MKJEXP12,East Coast (PADD 1) Exports of Kerosene-Type Jet Fuel (Thousand Barrels per Day),1,MBBL/D
2022-09,R10-Z00,PADD 1,EPJK,Kerosene-Type Jet Fuel,EEX,Exports,MKJEXP11,East Coast (PADD 1) Exports of Kerosene-Type Jet Fuel (Thousand Barrels),9,MBBL
2022-09,R10-Z00,PADD 1,EPJK,Kerosene-Type Jet Fuel,EEX,Exports,MKJEXP12,East Coast (PADD 1) Exports of Kerosene-Type Jet Fuel (Thousand Barrels per Day),0,MBBL/D
2022-10,R10-Z00,PADD 1,EPJK,Kerosene-Type Jet Fuel,EEX,Exports,MKJEXP11,East Coast (PADD 1) Exports of Kerosene-Type Jet Fuel (Thousand Barrels),202,MBBL
2022-10,R10-Z00,PADD 1,EPJK,Kerosene-Type Jet Fuel,EEX,Exports,MKJEXP12,East Coast (PADD 1) Exports of Kerosene-Type Jet Fuel (Thousand Barrels per Day),7,MBBL/D
2022-11,R10-Z00,PADD 1,EPJK,Kerosene-Type Jet Fuel,EEX,Exports,MKJEXP11,East Coast (PADD 1) Exports of Kerosene-Type Jet Fuel (Thousand Barrels),18,MBBL
2022-11,R10-Z00,PADD 1,EPJK,Kerosene-Type Jet Fuel,EEX,Exports,MKJEXP12,East Coast (PADD 1) Exports of Kerosene-Type Jet Fuel (Thousand Barrels per Day),1,MBBL/D
2022-12,R10-Z00,PADD 1,EPJK,Kerosene-Type Jet Fuel,EEX,Exports,MKJEXP11,East Coast (PADD 1) Exports of Kerosene-Type Jet Fuel (Thousand Barrels),386,MBBL
2022-12,R10-Z00,PADD 1,EPJK,Kerosene-Type Jet Fuel,EEX,Exports,MKJEXP12,East Coast (PADD 1) Exports of Kerosene-Type Jet Fuel (Thousand Barrels per Day),12,MBBL/D
2023-01,R10-Z00,PADD 1,EPJK,Kerosene-Type Jet Fuel,EEX,Exports,MKJEXP11,East Coast (PADD 1) Exports of Kerosene-Type Jet Fuel (Thousand Barrels),389,MBBL
2023-01,R10-Z00,PADD 1,EPJK,Kerosene-Type Jet Fuel,EEX,Exports,MKJEXP12,East Coast (PADD 1) Exports of Kerosene-Type Jet Fuel (Thousand Barrels per Day),13,MBBL/D
2023-02,R10-Z00,PADD 1,EPJK,Kerosene-Type Jet Fuel,EEX,Exports,MKJEXP11,East Coast (PADD 1) Exports of Kerosene-Type Jet Fuel (Thousand Barrels),318,MBBL
2023-02,R10-Z00,PADD 1,EPJK,Kerosene-Type Jet Fuel,EEX,Exports,MKJEXP12,East Coast (PADD 1) Exports of Kerosene-Type Jet Fuel (Thousand Barrels per Day),11,MBBL/D
2023-03,R10-Z00,PADD 1,EPJK,Kerosene-Type Jet Fuel,EEX,Exports,MKJEXP11,East Coast (PADD 1) Exports of Kerosene-Type Jet Fuel (Thousand Barrels),36,MBBL
2023-03,R10-Z00,PADD 1,EPJK,Kerosene-Type Jet Fuel,EEX,Exports,MKJEXP12,East Coast (PADD 1) Exports of Kerosene-Type Jet Fuel (Thousand Barrels per Day),1,MBBL/D
2023-04,R10-Z00,PADD 1,EPJK,Kerosene-Type Jet Fuel,EEX,Exports,MKJEXP11,East Coast (PADD 1) Exports of Kerosene-Type Jet Fuel (Thousand Barrels),27,MBBL
2023-04,R10-Z00,PADD 1,EPJK,Kerosene-Type Jet Fuel,EEX,Exports,MKJEXP12,East Coast (PADD 1) Exports of Kerosene-Type Jet Fuel (Thousand Barrels per Day),1,MBBL/D
2023-05,R10-Z00,PADD 1,EPJK,Kerosene-Type Jet Fuel,EEX,Exports,MKJEXP11,East Coast (PADD 1) Exports of Kerosene-Type Jet Fuel (Thousand Barrels),21,MBBL
2023-05,R10-Z00,PADD 1,EPJK,Kerosene-Type Jet Fuel,EEX,Exports,MKJEXP12,East Coast (PADD 1) Exports of Kerosene-Type Jet Fuel (Thousand Barrels per Day),1,MBBL/D
2023-06,R10-Z00,PADD 1,EPJK,Kerosene-Type Jet Fuel,EEX,Exports,MKJEXP11,East Coast (PADD 1) Exports of Kerosene-Type Jet Fuel (Thousand Barrels),461,MBBL
2023-06,R10-Z00,PADD 1,EPJK,Kerosene-Type Jet Fuel,EEX,Exports,MKJEXP12,East Coast (PADD 1) Exports of Kerosene-Type Jet Fuel (Thousand Barrels per Day),15,MBBL/D
2023-07,R10-Z00,PADD 1,EPJK,Kerosene-Type Jet Fuel,EEX,Exports,MKJEXP11,East Coast (PADD 1) Exports of Kerosene-Type Jet Fuel (Thousand Barrels),22,MBBL
2023-07,R10-Z00,PADD 1,EPJK,Kerosene-Type Jet Fuel,EEX,Exports,MKJEXP12,East Coast (PADD 1) Exports of Kerosene-Type Jet Fuel (Thousand Barrels per Day),1,MBBL/D
2023-08,R10-Z00,PADD 1,EPJK,Kerosene-Type Jet Fuel,EEX,Exports,MKJEXP11,East Coast (PADD 1) Exports of Kerosene-Type Jet Fuel (Thousand Barrels),14,MBBL
2023-08,R10-Z00,PADD 1,EPJK,Kerosene-Type Jet Fuel,EEX,Exports,MKJEXP12,East Coast (PADD 1) Exports of Kerosene-Type Jet Fuel (Thousand Barrels per Day),0,MBBL/D
2023-09,R10-Z00,PADD 1,EPJK,Kerosene-Type Jet Fuel,EEX,Exports,MKJEXP11,East Coast (PADD 1) Exports of Kerosene-Type Jet Fuel (Thousand Barrels),9,MBBL
2023-09,R10-Z00,PADD 1,EPJK,Kerosene-Type Jet Fuel,EEX,Exports,MKJEXP12,East Coast (PADD 1) Exports of Kerosene-Type Jet Fuel (Thousand Barrels per Day),0,MBBL/D
2023-10,R10-Z00,PADD 1,EPJK,Kerosene-Type Jet Fuel,EEX,Exports,MKJEXP11,East Coast (PADD 1) Exports of Kerosene-Type Jet Fuel (Thousand Barrels),14,MBBL
2023-10,R10-Z00,PADD 1,EPJK,Kerosene-Type Jet Fuel,EEX,Exports,MKJEXP12,East Coast (PADD 1) Exports of Kerosene-Type Jet Fuel (Thousand Barrels per Day),0,MBBL/D
2023-11,R10-Z00,PADD 1,EPJK,Kerosene-Type Jet Fuel,EEX,Exports,MKJEXP11,East Coast (PADD 1) Exports of Kerosene-Type Jet Fuel (Thousand Barrels),171,MBBL
2023-11,R10-Z00,PADD 1,EPJK,Kerosene-Type Jet Fuel,EEX,Exports,MKJEXP12,East Coast (PADD 1) Exports of Kerosene-Type Jet Fuel (Thousand Barrels per Day),6,MBBL/D
2023-12,R10-Z00,PADD 1,EPJK,Kerosene-Type Jet Fuel,EEX,Exports,MKJEXP11,East Coast (PADD 1) Exports of Kerosene-Type Jet Fuel (Thousand Barrels),21,MBBL
2023-12,R10-Z00,PADD 1,EPJK,Kerosene-Type Jet Fuel,EEX,Exports,MKJEXP12,East Coast (PADD 1) Exports of Kerosene-Type Jet Fuel (Thousand Barrels per Day),1,MBBL/D
2024-01,R10-Z00,PADD 1,EPJK,Kerosene-Type Jet Fuel,EEX,Exports,MKJEXP11,East Coast (PADD 1) Exports of Kerosene-Type Jet Fuel (Thousand Barrels),24,MBBL
2024-01,R10-Z00,PADD 1,EPJK,Kerosene-Type Jet Fuel,EEX,Exports,MKJEXP12,East Coast (PADD 1) Exports of Kerosene-Type Jet Fuel (Thousand Barrels per Day),1,MBBL/D
2024-02,R10-Z00,PADD 1,EPJK,Kerosene-Type Jet Fuel,EEX,Exports,MKJEXP11,East Coast (PADD 1) Exports of Kerosene-Type Jet Fuel (Thousand Barrels),181,MBBL
2024-02,R10-Z00,PADD 1,EPJK,Kerosene-Type Jet Fuel,EEX,Exports,MKJEXP12,East Coast (PADD 1) Exports of Kerosene-Type Jet Fuel (Thousand Barrels per Day),6,MBBL/D
2024-03,R10-Z00,PADD 1,EPJK,Kerosene-Type Jet Fuel,EEX,Exports,MKJEXP11,East Coast (PADD 1) Exports of Kerosene-Type Jet Fuel (Thousand Barrels),117,MBBL
2024-03,R10-Z00,PADD 1,EPJK,Kerosene-Type Jet Fuel,EEX,Exports,MKJEXP12,East Coast (PADD 1) Exports of Kerosene-Type Jet Fuel (Thousand Barrels per Day),4,MBBL/D
2024-04,R10-Z00,PADD 1,EPJK,Kerosene-Type Jet Fuel,EEX,Exports,MKJEXP11,East Coast (PADD 1) Exports of Kerosene-Type Jet Fuel (Thousand Barrels),25,MBBL
2024-04,R10-Z00,PADD 1,EPJK,Kerosene-Type Jet Fuel,EEX,Exports,MKJEXP12,East Coast (PADD 1) Exports of Kerosene-Type Jet Fuel (Thousand Barrels per Day),1,MBBL/D
2024-05,R10-Z00,PADD 1,EPJK,Kerosene-Type Jet Fuel,EEX,Exports,MKJEXP11,East Coast (PADD 1) Exports of Kerosene-Type Jet Fuel (Thousand Barrels),21,MBBL
2024-05,R10-Z00,PADD 1,EPJK,Kerosene-Type Jet Fuel,EEX,Exports,MKJEXP12,East Coast (PADD 1) Exports of Kerosene-Type Jet Fuel (Thousand Barrels per Day),1,MBBL/D
2024-06,R10-Z00,PADD 1,EPJK,Kerosene-Type Jet Fuel,EEX,Exports,MKJEXP11,East Coast (PADD 1) Exports of Kerosene-Type Jet Fuel (Thousand Barrels),246,MBBL
2024-06,R10-Z00,PADD 1,EPJK,Kerosene-Type Jet Fuel,EEX,Exports,MKJEXP12,East Coast (PADD 1) Exports of Kerosene-Type Jet Fuel (Thousand Barrels per Day),8,MBBL/D
2024-07,R10-Z00,PADD 1,EPJK,Kerosene-Type Jet Fuel,EEX,Exports,MKJEXP11,East Coast (PADD 1) Exports of Kerosene-Type Jet Fuel (Thousand Barrels),10,MBBL
2024-07,R10-Z00,PADD 1,EPJK,Kerosene-Type Jet Fuel,EEX,Exports,MKJEXP12,East Coast (PADD 1) Exports of Kerosene-Type Jet Fuel (Thousand Barrels per Day),0,MBBL/D
2024-08,R10-Z00,PADD 1,EPJK,Kerosene-Type Jet Fuel,EEX,Exports,MKJEXP11,East Coast (PADD 1) Exports of Kerosene-Type Jet Fuel (Thousand Barrels),42,MBBL
2024-08,R10-Z00,PADD 1,EPJK,Kerosene-Type Jet Fuel,EEX,Exports,MKJEXP12,East Coast (PADD 1) Exports of Kerosene-Type Jet Fuel (Thousand Barrels per Day),1,MBBL/D
2024-09,R10-Z00,PADD 1,EPJK,Kerosene-Type Jet Fuel,EEX,Exports,MKJEXP11,East Coast (PADD 1) Exports of Kerosene-Type Jet Fuel (Thousand Barrels),196,MBBL
2024-09,R10-Z00,PADD 1,EPJK,Kerosene-Type Jet Fuel,EEX,Exports,MKJEXP12,East Coast (PADD 1) Exports of Kerosene-Type Jet Fuel (Thousand Barrels per Day),7,MBBL/D
2024-10,R10-Z00,PADD 1,EPJK,Kerosene-Type Jet Fuel,EEX,Exports,MKJEXP11,East Coast (PADD 1) Exports of Kerosene-Type Jet Fuel (Thousand Barrels),211,MBBL
2024-10,R10-Z00,PADD 1,EPJK,Kerosene-Type Jet Fuel,EEX,Exports,MKJEXP12,East Coast (PADD 1) Exports of Kerosene-Type Jet Fuel (Thousand Barrels per Day),7,MBBL/D
2024-11,R10-Z00,PADD 1,EPJK,Kerosene-Type Jet Fuel,EEX,Exports,MKJEXP11,East Coast (PADD 1) Exports of Kerosene-Type Jet Fuel (Thousand Barrels),23,MBBL
2024-11,R10-Z00,PADD 1,EPJK,Kerosene-Type Jet Fuel,EEX,Exports,MKJEXP12,East Coast (PADD 1) Exports of Kerosene-Type Jet Fuel (Thousand Barrels per Day),1,MBBL/D
2024-12,R10-Z00,PADD 1,EPJK,Kerosene-Type Jet Fuel,EEX,Exports,MKJEXP11,East Coast (PADD 1) Exports of Kerosene-Type Jet Fuel (Thousand Barrels),126,MBBL
2024-12,R10-Z00,PADD 1,EPJK,Kerosene-Type Jet Fuel,EEX,Exports,MKJEXP12,East Coast (PADD 1) Exports of Kerosene-Type Jet Fuel (Thousand Barrels per Day),4,MBBL/D
2025-01,R10-Z00,PADD 1,EPJK,Kerosene-Type Jet Fuel,EEX,Exports,MKJEXP11,East Coast (PADD 1) Exports of Kerosene-Type Jet Fuel (Thousand Barrels),23,MBBL
2025-01,R10-Z00,PADD 1,EPJK,Kerosene-Type Jet Fuel,EEX,Exports,MKJEXP12,East Coast (PADD 1) Exports of Kerosene-Type Jet Fuel (Thousand Barrels per Day),1,MBBL/D
2025-02,R10-Z00,PADD 1,EPJK,Kerosene-Type Jet Fuel,EEX,Exports,MKJEXP11,East Coast (PADD 1) Exports of Kerosene-Type Jet Fuel (Thousand Barrels),14,MBBL
2025-02,R10-Z00,PADD 1,EPJK,Kerosene-Type Jet Fuel,EEX,Exports,MKJEXP12,East Coast (PADD 1) Exports of Kerosene-Type Jet Fuel (Thousand Barrels per Day),1,MBBL/D
2025-03,R10-Z00,PADD 1,EPJK,Kerosene-Type Jet Fuel,EEX,Exports,MKJEXP11,East Coast (PADD 1) Exports of Kerosene-Type Jet Fuel (Thousand Barrels),23,MBBL
2025-03,R10-Z00,PADD 1,EPJK,Kerosene-Type Jet Fuel,EEX,Exports,MKJEXP12,East Coast (PADD 1) Exports of Kerosene-Type Jet Fuel (Thousand Barrels per Day),1,MBBL/D
2025-04,R10-Z00,PADD 1,EPJK,Kerosene-Type Jet Fuel,EEX,Exports,MKJEXP11,East Coast (PADD 1) Exports of Kerosene-Type Jet Fuel (Thousand Barrels),26,MBBL
2025-04,R10-Z00,PADD 1,EPJK,Kerosene-Type Jet Fuel,EEX,Exports,MKJEXP12,East Coast (PADD 1) Exports of Kerosene-Type Jet Fuel (Thousand Barrels per Day),1,MBBL/D
2025-05,R10-Z00,PADD 1,EPJK,Kerosene-Type Jet Fuel,EEX,Exports,MKJEXP11,East Coast (PADD 1) Exports of Kerosene-Type Jet Fuel (Thousand Barrels),16,MBBL
2025-05,R10-Z00,PADD 1,EPJK,Kerosene-Type Jet Fuel,EEX,Exports,MKJEXP12,East Coast (PADD 1) Exports of Kerosene-Type Jet Fuel (Thousand Barrels per Day),1,MBBL/D
2025-06,R10-Z00,PADD 1,EPJK,Kerosene-Type Jet Fuel,EEX,Exports,MKJEXP11,East Coast (PADD 1) Exports of Kerosene-Type Jet Fuel (Thousand Barrels),140,MBBL
2025-06,R10-Z00,PADD 1,EPJK,Kerosene-Type Jet Fuel,EEX,Exports,MKJEXP12,East Coast (PADD 1) Exports of Kerosene-Type Jet Fuel (Thousand Barrels per Day),5,MBBL/D
2025-07,R10-Z00,PADD 1,EPJK,Kerosene-Type Jet Fuel,EEX,Exports,MKJEXP11,East Coast (PADD 1) Exports of Kerosene-Type Jet Fuel (Thousand Barrels),82,MBBL
2025-07,R10-Z00,PADD 1,EPJK,Kerosene-Type Jet Fuel,EEX,Exports,MKJEXP12,East Coast (PADD 1) Exports of Kerosene-Type Jet Fuel (Thousand Barrels per Day),3,MBBL/D
2025-08,R10-Z00,PADD 1,EPJK,Kerosene-Type Jet Fuel,EEX,Exports,MKJEXP11,East Coast (PADD 1) Exports of Kerosene-Type Jet Fuel (Thousand Barrels),5,MBBL
2025-08,R10-Z00,PADD 1,EPJK,Kerosene-Type Jet Fuel,EEX,Exports,MKJEXP12,East Coast (PADD 1) Exports of Kerosene-Type Jet Fuel (Thousand Barrels per Day),0,MBBL/D
2025-09,R10-Z00,PADD 1,EPJK,Kerosene-Type Jet Fuel,EEX,Exports,MKJEXP11,East Coast (PADD 1) Exports of Kerosene-Type Jet Fuel (Thousand Barrels),6,MBBL
2025-09,R10-Z00,PADD 1,EPJK,Kerosene-Type Jet Fuel,EEX,Exports,MKJEXP12,East Coast (PADD 1) Exports of Kerosene-Type Jet Fuel (Thousand Barrels per Day),0,MBBL/D
2025-10,R10-Z00,PADD 1,EPJK,Kerosene-Type Jet Fuel,EEX,Exports,MKJEXP11,East Coast (PADD 1) Exports of Kerosene-Type Jet Fuel (Thousand Barrels),136,MBBL
2025-10,R10-Z00,PADD 1,EPJK,Kerosene-Type Jet Fuel,EEX,Exports,MKJEXP12,East Coast (PADD 1) Exports of Kerosene-Type Jet Fuel (Thousand Barrels per Day),4,MBBL/D
2025-11,R10-Z00,PADD 1,EPJK,Kerosene-Type Jet Fuel,EEX,Exports,MKJEXP11,East Coast (PADD 1) Exports of Kerosene-Type Jet Fuel (Thousand Barrels),658,MBBL
2025-11,R10-Z00,PADD 1,EPJK,Kerosene-Type Jet Fuel,EEX,Exports,MKJEXP12,East Coast (PADD 1) Exports of Kerosene-Type Jet Fuel (Thousand Barrels per Day),22,MBBL/D
2025-12,R10-Z00,PADD 1,EPJK,Kerosene-Type Jet Fuel,EEX,Exports,MKJEXP11,East Coast (PADD 1) Exports of Kerosene-Type Jet Fuel (Thousand Barrels),474,MBBL
2025-12,R10-Z00,PADD 1,EPJK,Kerosene-Type Jet Fuel,EEX,Exports,MKJEXP12,East Coast (PADD 1) Exports of Kerosene-Type Jet Fuel (Thousand Barrels per Day),15,MBBL/D
2026-01,R10-Z00,PADD 1,EPJK,Kerosene-Type Jet Fuel,EEX,Exports,MKJEXP11,East Coast (PADD 1) Exports of Kerosene-Type Jet Fuel (Thousand Barrels),497,MBBL
2026-01,R10-Z00,PADD 1,EPJK,Kerosene-Type Jet Fuel,EEX,Exports,MKJEXP12,East Coast (PADD 1) Exports of Kerosene-Type Jet Fuel (Thousand Barrels per Day),16,MBBL/D
2026-02,R10-Z00,PADD 1,EPJK,Kerosene-Type Jet Fuel,EEX,Exports,MKJEXP11,East Coast (PADD 1) Exports of Kerosene-Type Jet Fuel (Thousand Barrels),624,MBBL
2026-02,R10-Z00,PADD 1,EPJK,Kerosene-Type Jet Fuel,EEX,Exports,MKJEXP12,East Coast (PADD 1) Exports of Kerosene-Type Jet Fuel (Thousand Barrels per Day),22,MBBL/D
2026-03,R10-Z00,PADD 1,EPJK,Kerosene-Type Jet Fuel,EEX,Exports,MKJEXP11,East Coast (PADD 1) Exports of Kerosene-Type Jet Fuel (Thousand Barrels),1135,MBBL
2026-03,R10-Z00,PADD 1,EPJK,Kerosene-Type Jet Fuel,EEX,Exports,MKJEXP12,East Coast (PADD 1) Exports of Kerosene-Type Jet Fuel (Thousand Barrels per Day),37,MBBL/D
2026-04,R10-Z00,PADD 1,EPJK,Kerosene-Type Jet Fuel,EEX,Exports,MKJEXP11,East Coast (PADD 1) Exports of Kerosene-Type Jet Fuel (Thousand Barrels),464,MBBL
2026-04,R10-Z00,PADD 1,EPJK,Kerosene-Type Jet Fuel,EEX,Exports,MKJEXP12,East Coast (PADD 1) Exports of Kerosene-Type Jet Fuel (Thousand Barrels per Day),15,MBBL/D
2026-05,R10-Z00,PADD 1,EPJK,Kerosene-Type Jet Fuel,EEX,Exports,MKJEXP11,East Coast (PADD 1) Exports of Kerosene-Type Jet Fuel (Thousand Barrels),356,MBBL
2026-05,R10-Z00,PADD 1,EPJK,Kerosene-Type Jet Fuel,EEX,Exports,MKJEXP12,East Coast (PADD 1) Exports of Kerosene-Type Jet Fuel (Thousand Barrels per Day),11,MBBL/D
2026-06,R10-Z00,PADD 1,EPJK,Kerosene-Type Jet Fuel,EEX,Exports,MKJEXP11,East Coast (PADD 1) Exports of Kerosene-Type Jet Fuel (Thousand Barrels),355,MBBL
2026-06,R10-Z00,PADD 1,EPJK,Kerosene-Type Jet Fuel,EEX,Exports,MKJEXP12,East Coast (PADD 1) Exports of Kerosene-Type Jet Fuel (Thousand Barrels per Day),12,MBBL/D
