period,duoarea,area-name,product,product-name,process,process-name,series,series-description,value,units
1981-01,NUS-Z00,U.S.,EPJK,Kerosene-Type Jet Fuel,IM0,Imports,MKJIMUS1,U.S. Imports of Kerosene-Type Jet Fuel (Thousand Barrels),454,MBBL
1981-01,NUS-Z00,U.S.,EPJK,Kerosene-Type Jet Fuel,IM0,Imports,MKJIMUS2,U.S. Imports of Kerosene-Type Jet Fuel (Thousand Barrels per Day),15,MBBL/D
1981-02,NUS-Z00,U.S.,EPJK,Kerosene-Type Jet Fuel,IM0,Imports,MKJIMUS1,U.S. Imports of Kerosene-Type Jet Fuel (Thousand Barrels),879,MBBL
1981-02,NUS-Z00,U.S.,EPJK,Kerosene-Type Jet Fuel,IM0,Imports,MKJIMUS2,U.S. Imports of Kerosene-Type Jet Fuel (Thousand Barrels per Day),31,MBBL/D
1981-03,NUS-Z00,U.S.,EPJK,Kerosene-Type Jet Fuel,IM0,Imports,MKJIMUS1,U.S. Imports of Kerosene-Type Jet Fuel (Thousand Barrels),1633,MBBL
1981-03,NUS-Z00,U.S.,EPJK,Kerosene-Type Jet Fuel,IM0,Imports,MKJIMUS2,U.S. Imports of Kerosene-Type Jet Fuel (Thousand Barrels per Day),53,MBBL/D
1981-04,NUS-Z00,U.S.,EPJK,Kerosene-Type Jet Fuel,IM0,Imports,MKJIMUS1,U.S. Imports of Kerosene-Type Jet Fuel (Thousand Barrels),1349,MBBL
1981-04,NUS-Z00,U.S.,EPJK,Kerosene-Type Jet Fuel,IM0,Imports,MKJIMUS2,U.S. Imports of Kerosene-Type Jet Fuel (Thousand Barrels per Day),45,MBBL/D
1981-05,NUS-Z00,U.S.,EPJK,Kerosene-Type Jet Fuel,IM0,Imports,MKJIMUS1,U.S. Imports of Kerosene-Type Jet Fuel (Thousand Barrels),1020,MBBL
1981-05,NUS-Z00,U.S.,EPJK,Kerosene-Type Jet Fuel,IM0,Imports,MKJIMUS2,U.S. Imports of Kerosene-Type Jet Fuel (Thousand Barrels per Day),33,MBBL/D
1981-06,NUS-Z00,U.S.,EPJK,Kerosene-Type Jet Fuel,IM0,Imports,MKJIMUS1,U.S. Imports of Kerosene-Type Jet Fuel (Thousand Barrels),1596,MBBL
1981-06,NUS-Z00,U.S.,EPJK,Kerosene-Type Jet Fuel,IM0,Imports,MKJIMUS2,U.S. Imports of Kerosene-Type Jet Fuel (Thousand Barrels per Day),53,MBBL/D
1981-07,NUS-Z00,U.S.,EPJK,Kerosene-Type Jet Fuel,IM0,Imports,MKJIMUS1,U.S. Imports of Kerosene-Type Jet Fuel (Thousand Barrels),641,MBBL
1981-07,NUS-Z00,U.S.,EPJK,Kerosene-Type Jet Fuel,IM0,Imports,MKJIMUS2,U.S. Imports of Kerosene-Type Jet Fuel (Thousand Barrels per Day),21,MBBL/D
1981-08,NUS-Z00,U.S.,EPJK,Kerosene-Type Jet Fuel,IM0,Imports,MKJIMUS1,U.S. Imports of Kerosene-Type Jet Fuel (Thousand Barrels),1359,MBBL
1981-08,NUS-Z00,U.S.,EPJK,Kerosene-Type Jet Fuel,IM0,Imports,MKJIMUS2,U.S. Imports of Kerosene-Type Jet Fuel (Thousand Barrels per Day),44,MBBL/D
1981-09,NUS-Z00,U.S.,EPJK,Kerosene-Type Jet Fuel,IM0,Imports,MKJIMUS1,U.S. Imports of Kerosene-Type Jet Fuel (Thousand Barrels),1366,MBBL
1981-09,NUS-Z00,U.S.,EPJK,Kerosene-Type Jet Fuel,IM0,Imports,MKJIMUS2,U.S. Imports of Kerosene-Type Jet Fuel (Thousand Barrels per Day),46,MBBL/D
1981-10,NUS-Z00,U.S.,EPJK,Kerosene-Type Jet Fuel,IM0,Imports,MKJIMUS1,U.S. Imports of Kerosene-Type Jet Fuel (Thousand Barrels),435,MBBL
1981-10,NUS-Z00,U.S.,EPJK,Kerosene-Type Jet Fuel,IM0,Imports,MKJIMUS2,U.S. Imports of Kerosene-Type Jet Fuel (Thousand Barrels per Day),14,MBBL/D
1981-11,NUS-Z00,U.S.,EPJK,Kerosene-Type Jet Fuel,IM0,Imports,MKJIMUS1,U.S. Imports of Kerosene-Type Jet Fuel (Thousand Barrels),272,MBBL
1981-11,NUS-Z00,U.S.,EPJK,Kerosene-Type Jet Fuel,IM0,Imports,MKJIMUS2,U.S. Imports of Kerosene-Type Jet Fuel (Thousand Barrels per Day),9,MBBL/D
1981-12,NUS-Z00,U.S.,EPJK,Kerosene-Type Jet Fuel,IM0,Imports,MKJIMUS1,U.S. Imports of Kerosene-Type Jet Fuel (Thousand Barrels),180,MBBL
1981-12,NUS-Z00,U.S.,EPJK,Kerosene-Type Jet Fuel,IM0,Imports,MKJIMUS2,U.S. Imports of Kerosene-Type Jet Fuel (Thousand Barrels per Day),6,MBBL/D
1982-01,NUS-Z00,U.S.,EPJK,Kerosene-Type Jet Fuel,IM0,Imports,MKJIMUS1,U.S. Imports of Kerosene-Type Jet Fuel (Thousand Barrels),217,MBBL
1982-01,NUS-Z00,U.S.,EPJK,Kerosene-Type Jet Fuel,IM0,Imports,MKJIMUS2,U.S. Imports of Kerosene-Type Jet Fuel (Thousand Barrels per Day),7,MBBL/D
1982-02,NUS-Z00,U.S.,EPJK,Kerosene-Type Jet Fuel,IM0,Imports,MKJIMUS1,U.S. Imports of Kerosene-Type Jet Fuel (Thousand Barrels),1532,MBBL
1982-02,NUS-Z00,U.S.,EPJK,Kerosene-Type Jet Fuel,IM0,Imports,MKJIMUS2,U.S. Imports of Kerosene-Type Jet Fuel (Thousand Barrels per Day),55,MBBL/D
1982-03,NUS-Z00,U.S.,EPJK,Kerosene-Type Jet Fuel,IM0,Imports,MKJIMUS1,U.S. Imports of Kerosene-Type Jet Fuel (Thousand Barrels),1200,MBBL
1982-03,NUS-Z00,U.S.,EPJK,Kerosene-Type Jet Fuel,IM0,Imports,MKJIMUS2,U.S. Imports of Kerosene-Type Jet Fuel (Thousand Barrels per Day),39,MBBL/D
1982-04,NUS-Z00,U.S.,EPJK,Kerosene-Type Jet Fuel,IM0,Imports,MKJIMUS1,U.S. Imports of Kerosene-Type Jet Fuel (Thousand Barrels),1242,MBBL
1982-04,NUS-Z00,U.S.,EPJK,Kerosene-Type Jet Fuel,IM0,Imports,MKJIMUS2,U.S. Imports of Kerosene-Type Jet Fuel (Thousand Barrels per Day),41,MBBL/D
1982-05,NUS-Z00,U.S.,EPJK,Kerosene-Type Jet Fuel,IM0,Imports,MKJIMUS1,U.S. Imports of Kerosene-Type Jet Fuel (Thousand Barrels),579,MBBL
1982-05,NUS-Z00,U.S.,EPJK,Kerosene-Type Jet Fuel,IM0,Imports,MKJIMUS2,U.S. Imports of Kerosene-Type Jet Fuel (Thousand Barrels per Day),19,MBBL/D
1982-06,NUS-Z00,U.S.,EPJK,Kerosene-Type Jet Fuel,IM0,Imports,MKJIMUS1,U.S. Imports of Kerosene-Type Jet Fuel (Thousand Barrels),84,MBBL
1982-06,NUS-Z00,U.S.,EPJK,Kerosene-Type Jet Fuel,IM0,Imports,MKJIMUS2,U.S. Imports of Kerosene-Type Jet Fuel (Thousand Barrels per Day),3,MBBL/D
1982-07,NUS-Z00,U.S.,EPJK,Kerosene-Type Jet Fuel,IM0,Imports,MKJIMUS1,U.S. Imports of Kerosene-Type Jet Fuel (Thousand Barrels),706,MBBL
1982-07,NUS-Z00,U.S.,EPJK,Kerosene-Type Jet Fuel,IM0,Imports,MKJIMUS2,U.S. Imports of Kerosene-Type Jet Fuel (Thousand Barrels per Day),23,MBBL/D
1982-08,NUS-Z00,U.S.,EPJK,Kerosene-Type Jet Fuel,IM0,Imports,MKJIMUS1,U.S. Imports of Kerosene-Type Jet Fuel (Thousand Barrels),600,MBBL
1982-08,NUS-Z00,U.S.,EPJK,Kerosene-Type Jet Fuel,IM0,Imports,MKJIMUS2,U.S. Imports of Kerosene-Type Jet Fuel (Thousand Barrels per Day),19,MBBL/D
1982-09,NUS-Z00,U.S.,EPJK,Kerosene-Type Jet Fuel,IM0,Imports,MKJIMUS1,U.S. Imports of Kerosene-Type Jet Fuel (Thousand Barrels),430,MBBL
1982-09,NUS-Z00,U.S.,EPJK,Kerosene-Type Jet Fuel,IM0,Imports,MKJIMUS2,U.S. Imports of Kerosene-Type Jet Fuel (Thousand Barrels per Day),14,MBBL/D
1982-10,NUS-Z00,U.S.,EPJK,Kerosene-Type Jet Fuel,IM0,Imports,MKJIMUS1,U.S. Imports of Kerosene-Type Jet Fuel (Thousand Barrels),534,MBBL
1982-10,NUS-Z00,U.S.,EPJK,Kerosene-Type Jet Fuel,IM0,Imports,MKJIMUS2,U.S. Imports of Kerosene-Type Jet Fuel (Thousand Barrels per Day),17,MBBL/D
1982-11,NUS-Z00,U.S.,EPJK,Kerosene-Type Jet Fuel,IM0,Imports,MKJIMUS1,U.S. Imports of Kerosene-Type Jet Fuel (Thousand Barrels),1192,MBBL
1982-11,NUS-Z00,U.S.,EPJK,Kerosene-Type Jet Fuel,IM0,Imports,MKJIMUS2,U.S. Imports of Kerosene-Type Jet Fuel (Thousand Barrels per Day),40,MBBL/D
1982-12,NUS-Z00,U.S.,EPJK,Kerosene-Type Jet Fuel,IM0,Imports,MKJIMUS1,U.S. Imports of Kerosene-Type Jet Fuel (Thousand Barrels),225,MBBL
1982-12,NUS-Z00,U.S.,EPJK,Kerosene-Type Jet Fuel,IM0,Imports,MKJIMUS2,U.S. Imports of Kerosene-Type Jet Fuel (Thousand Barrels per Day),7,MBBL/D
1983-01,NUS-Z00,U.S.,EPJK,Kerosene-Type Jet Fuel,IM0,Imports,MKJIMUS1,U.S. Imports of Kerosene-Type Jet Fuel (Thousand Barrels),830,MBBL
1983-01,NUS-Z00,U.S.,EPJK,Kerosene-Type Jet Fuel,IM0,Imports,MKJIMUS2,U.S. Imports of Kerosene-Type Jet Fuel (Thousand Barrels per Day),27,MBBL/D
1983-02,NUS-Z00,U.S.,EPJK,Kerosene-Type Jet Fuel,IM0,Imports,MKJIMUS1,U.S. Imports of Kerosene-Type Jet Fuel (Thousand Barrels),227,MBBL
1983-02,NUS-Z00,U.S.,EPJK,Kerosene-Type Jet Fuel,IM0,Imports,MKJIMUS2,U.S. Imports of Kerosene-Type Jet Fuel (Thousand Barrels per Day),8,MBBL/D
1983-03,NUS-Z00,U.S.,EPJK,Kerosene-Type Jet Fuel,IM0,Imports,MKJIMUS1,U.S. Imports of Kerosene-Type Jet Fuel (Thousand Barrels),1097,MBBL
1983-03,NUS-Z00,U.S.,EPJK,Kerosene-Type Jet Fuel,IM0,Imports,MKJIMUS2,U.S. Imports of Kerosene-Type Jet Fuel (Thousand Barrels per Day),35,MBBL/D
1983-04,NUS-Z00,U.S.,EPJK,Kerosene-Type Jet Fuel,IM0,Imports,MKJIMUS1,U.S. Imports of Kerosene-Type Jet Fuel (Thousand Barrels),461,MBBL
1983-04,NUS-Z00,U.S.,EPJK,Kerosene-Type Jet Fuel,IM0,Imports,MKJIMUS2,U.S. Imports of Kerosene-Type Jet Fuel (Thousand Barrels per Day),15,MBBL/D
1983-05,NUS-Z00,U.S.,EPJK,Kerosene-Type Jet Fuel,IM0,Imports,MKJIMUS1,U.S. Imports of Kerosene-Type Jet Fuel (Thousand Barrels),907,MBBL
1983-05,NUS-Z00,U.S.,EPJK,Kerosene-Type Jet Fuel,IM0,Imports,MKJIMUS2,U.S. Imports of Kerosene-Type Jet Fuel (Thousand Barrels per Day),29,MBBL/D
1983-06,NUS-Z00,U.S.,EPJK,Kerosene-Type Jet Fuel,IM0,Imports,MKJIMUS1,U.S. Imports of Kerosene-Type Jet Fuel (Thousand Barrels),746,MBBL
1983-06,NUS-Z00,U.S.,EPJK,Kerosene-Type Jet Fuel,IM0,Imports,MKJIMUS2,U.S. Imports of Kerosene-Type Jet Fuel (Thousand Barrels per Day),25,MBBL/D
1983-07,NUS-Z00,U.S.,EPJK,Kerosene-Type Jet Fuel,IM0,Imports,MKJIMUS1,U.S. Imports of Kerosene-Type Jet Fuel (Thousand Barrels),933,MBBL
1983-07,NUS-Z00,U.S.,EPJK,Kerosene-Type Jet Fuel,IM0,Imports,MKJIMUS2,U.S. Imports of Kerosene-Type Jet Fuel (Thousand Barrels per Day),30,MBBL/D
1983-08,NUS-Z00,U.S.,EPJK,Kerosene-Type Jet Fuel,IM0,Imports,MKJIMUS1,U.S. Imports of Kerosene-Type Jet Fuel (Thousand Barrels),1244,MBBL
1983-08,NUS-Z00,U.S.,EPJK,Kerosene-Type Jet Fuel,IM0,Imports,MKJIMUS2,U.S. Imports of Kerosene-Type Jet Fuel (Thousand Barrels per Day),40,MBBL/D
1983-09,NUS-Z00,U.S.,EPJK,Kerosene-Type Jet Fuel,IM0,Imports,MKJIMUS1,U.S. Imports of Kerosene-Type Jet Fuel (Thousand Barrels),1237,MBBL
1983-09,NUS-Z00,U.S.,EPJK,Kerosene-Type Jet Fuel,IM0,Imports,MKJIMUS2,U.S. Imports of Kerosene-Type Jet Fuel (Thousand Barrels per Day),41,MBBL/D
1983-10,NUS-Z00,U.S.,EPJK,Kerosene-Type Jet Fuel,IM0,Imports,MKJIMUS1,U.S. Imports of Kerosene-Type Jet Fuel (Thousand Barrels),1533,MBBL
1983-10,NUS-Z00,U.S.,EPJK,Kerosene-Type Jet Fuel,IM0,Imports,MKJIMUS2,U.S. Imports of Kerosene-Type Jet Fuel (Thousand Barrels per Day),49,MBBL/D
1983-11,NUS-Z00,U.S.,EPJK,Kerosene-Type Jet Fuel,IM0,Imports,MKJIMUS1,U.S. Imports of Kerosene-Type Jet Fuel (Thousand Barrels),681,MBBL
1983-11,NUS-Z00,U.S.,EPJK,Kerosene-Type Jet Fuel,IM0,Imports,MKJIMUS2,U.S. Imports of Kerosene-Type Jet Fuel (Thousand Barrels per Day),23,MBBL/D
1983-12,NUS-Z00,U.S.,EPJK,Kerosene-Type Jet Fuel,IM0,Imports,MKJIMUS1,U.S. Imports of Kerosene-Type Jet Fuel (Thousand Barrels),525,MBBL
1983-12,NUS-Z00,U.S.,EPJK,Kerosene-Type Jet Fuel,IM0,Imports,MKJIMUS2,U.S. Imports of Kerosene-Type Jet Fuel (Thousand Barrels per Day),17,MBBL/D
1984-01,NUS-Z00,U.S.,EPJK,Kerosene-Type Jet Fuel,IM0,Imports,MKJIMUS1,U.S. Imports of Kerosene-Type Jet Fuel (Thousand Barrels),1578,MBBL
1984-01,NUS-Z00,U.S.,EPJK,Kerosene-Type Jet Fuel,IM0,Imports,MKJIMUS2,U.S. Imports of Kerosene-Type Jet Fuel (Thousand Barrels per Day),51,MBBL/D
1984-02,NUS-Z00,U.S.,EPJK,Kerosene-Type Jet Fuel,IM0,Imports,MKJIMUS1,U.S. Imports of Kerosene-Type Jet Fuel (Thousand Barrels),3201,MBBL
1984-02,NUS-Z00,U.S.,EPJK,Kerosene-Type Jet Fuel,IM0,Imports,MKJIMUS2,U.S. Imports of Kerosene-Type Jet Fuel (Thousand Barrels per Day),110,MBBL/D
1984-03,NUS-Z00,U.S.,EPJK,Kerosene-Type Jet Fuel,IM0,Imports,MKJIMUS1,U.S. Imports of Kerosene-Type Jet Fuel (Thousand Barrels),1166,MBBL
1984-03,NUS-Z00,U.S.,EPJK,Kerosene-Type Jet Fuel,IM0,Imports,MKJIMUS2,U.S. Imports of Kerosene-Type Jet Fuel (Thousand Barrels per Day),38,MBBL/D
1984-04,NUS-Z00,U.S.,EPJK,Kerosene-Type Jet Fuel,IM0,Imports,MKJIMUS1,U.S. Imports of Kerosene-Type Jet Fuel (Thousand Barrels),1261,MBBL
1984-04,NUS-Z00,U.S.,EPJK,Kerosene-Type Jet Fuel,IM0,Imports,MKJIMUS2,U.S. Imports of Kerosene-Type Jet Fuel (Thousand Barrels per Day),42,MBBL/D
1984-05,NUS-Z00,U.S.,EPJK,Kerosene-Type Jet Fuel,IM0,Imports,MKJIMUS1,U.S. Imports of Kerosene-Type Jet Fuel (Thousand Barrels),908,MBBL
1984-05,NUS-Z00,U.S.,EPJK,Kerosene-Type Jet Fuel,IM0,Imports,MKJIMUS2,U.S. Imports of Kerosene-Type Jet Fuel (Thousand Barrels per Day),29,MBBL/D
1984-06,NUS-Z00,U.S.,EPJK,Kerosene-Type Jet Fuel,IM0,Imports,MKJIMUS1,U.S. Imports of Kerosene-Type Jet Fuel (Thousand Barrels),1076,MBBL
1984-06,NUS-Z00,U.S.,EPJK,Kerosene-Type Jet Fuel,IM0,Imports,MKJIMUS2,U.S. Imports of Kerosene-Type Jet Fuel (Thousand Barrels per Day),36,MBBL/D
1984-07,NUS-Z00,U.S.,EPJK,Kerosene-Type Jet Fuel,IM0,Imports,MKJIMUS1,U.S. Imports of Kerosene-Type Jet Fuel (Thousand Barrels),1247,MBBL
1984-07,NUS-Z00,U.S.,EPJK,Kerosene-Type Jet Fuel,IM0,Imports,MKJIMUS2,U.S. Imports of Kerosene-Type Jet Fuel (Thousand Barrels per Day),40,MBBL/D
1984-08,NUS-Z00,U.S.,EPJK,Kerosene-Type Jet Fuel,IM0,Imports,MKJIMUS1,U.S. Imports of Kerosene-Type Jet Fuel (Thousand Barrels),2392,MBBL
1984-08,NUS-Z00,U.S.,EPJK,Kerosene-Type Jet Fuel,IM0,Imports,MKJIMUS2,U.S. Imports of Kerosene-Type Jet Fuel (Thousand Barrels per Day),77,MBBL/D
1984-09,NUS-Z00,U.S.,EPJK,Kerosene-Type Jet Fuel,IM0,Imports,MKJIMUS1,U.S. Imports of Kerosene-Type Jet Fuel (Thousand Barrels),1003,MBBL
1984-09,NUS-Z00,U.S.,EPJK,Kerosene-Type Jet Fuel,IM0,Imports,MKJIMUS2,U.S. Imports of Kerosene-Type Jet Fuel (Thousand Barrels per Day),33,MBBL/D
1984-10,NUS-Z00,U.S.,EPJK,Kerosene-Type Jet Fuel,IM0,Imports,MKJIMUS1,U.S. Imports of Kerosene-Type Jet Fuel (Thousand Barrels),1737,MBBL
1984-10,NUS-Z00,U.S.,EPJK,Kerosene-Type Jet Fuel,IM0,Imports,MKJIMUS2,U.S. Imports of Kerosene-Type Jet Fuel (Thousand Barrels per Day),56,MBBL/D
1984-11,NUS-Z00,U.S.,EPJK,Kerosene-Type Jet Fuel,IM0,Imports,MKJIMUS1,U.S. Imports of Kerosene-Type Jet Fuel (Thousand Barrels),656,MBBL
1984-11,NUS-Z00,U.S.,EPJK,Kerosene-Type Jet Fuel,IM0,Imports,MKJIMUS2,U.S. Imports of Kerosene-Type Jet Fuel (Thousand Barrels per Day),22,MBBL/D
1984-12,NUS-Z00,U.S.,EPJK,Kerosene-Type Jet Fuel,IM0,Imports,MKJIMUS1,U.S. Imports of Kerosene-Type Jet Fuel (Thousand Barrels),1165,MBBL
1984-12,NUS-Z00,U.S.,EPJK,Kerosene-Type Jet Fuel,IM0,Imports,MKJIMUS2,U.S. Imports of Kerosene-Type Jet Fuel (Thousand Barrels per Day),38,MBBL/D
1985-01,NUS-Z00,U.S.,EPJK,Kerosene-Type Jet Fuel,IM0,Imports,MKJIMUS1,U.S. Imports of Kerosene-Type Jet Fuel (Thousand Barrels),1509,MBBL
1985-01,NUS-Z00,U.S.,EPJK,Kerosene-Type Jet Fuel,IM0,Imports,MKJIMUS2,U.S. Imports of Kerosene-Type Jet Fuel (Thousand Barrels per Day),49,MBBL/D
1985-02,NUS-Z00,U.S.,EPJK,Kerosene-Type Jet Fuel,IM0,Imports,MKJIMUS1,U.S. Imports of Kerosene-Type Jet Fuel (Thousand Barrels),810,MBBL
1985-02,NUS-Z00,U.S.,EPJK,Kerosene-Type Jet Fuel,IM0,Imports,MKJIMUS2,U.S. Imports of Kerosene-Type Jet Fuel (Thousand Barrels per Day),29,MBBL/D
1985-03,NUS-Z00,U.S.,EPJK,Kerosene-Type Jet Fuel,IM0,Imports,MKJIMUS1,U.S. Imports of Kerosene-Type Jet Fuel (Thousand Barrels),931,MBBL
1985-03,NUS-Z00,U.S.,EPJK,Kerosene-Type Jet Fuel,IM0,Imports,MKJIMUS2,U.S. Imports of Kerosene-Type Jet Fuel (Thousand Barrels per Day),30,MBBL/D
1985-04,NUS-Z00,U.S.,EPJK,Kerosene-Type Jet Fuel,IM0,Imports,MKJIMUS1,U.S. Imports of Kerosene-Type Jet Fuel (Thousand Barrels),413,MBBL
1985-04,NUS-Z00,U.S.,EPJK,Kerosene-Type Jet Fuel,IM0,Imports,MKJIMUS2,U.S. Imports of Kerosene-Type Jet Fuel (Thousand Barrels per Day),14,MBBL/D
1985-05,NUS-Z00,U.S.,EPJK,Kerosene-Type Jet Fuel,IM0,Imports,MKJIMUS1,U.S. Imports of Kerosene-Type Jet Fuel (Thousand Barrels),745,MBBL
1985-05,NUS-Z00,U.S.,EPJK,Kerosene-Type Jet Fuel,IM0,Imports,MKJIMUS2,U.S. Imports of Kerosene-Type Jet Fuel (Thousand Barrels per Day),24,MBBL/D
1985-06,NUS-Z00,U.S.,EPJK,Kerosene-Type Jet Fuel,IM0,Imports,MKJIMUS1,U.S. Imports of Kerosene-Type Jet Fuel (Thousand Barrels),602,MBBL
1985-06,NUS-Z00,U.S.,EPJK,Kerosene-Type Jet Fuel,IM0,Imports,MKJIMUS2,U.S. Imports of Kerosene-Type Jet Fuel (Thousand Barrels per Day),20,MBBL/D
1985-07,NUS-Z00,U.S.,EPJK,Kerosene-Type Jet Fuel,IM0,Imports,MKJIMUS1,U.S. Imports of Kerosene-Type Jet Fuel (Thousand Barrels),1327,MBBL
1985-07,NUS-Z00,U.S.,EPJK,Kerosene-Type Jet Fuel,IM0,Imports,MKJIMUS2,U.S. Imports of Kerosene-Type Jet Fuel (Thousand Barrels per Day),43,MBBL/D
1985-08,NUS-Z00,U.S.,EPJK,Kerosene-Type Jet Fuel,IM0,Imports,MKJIMUS1,U.S. Imports of Kerosene-Type Jet Fuel (Thousand Barrels),294,MBBL
1985-08,NUS-Z00,U.S.,EPJK,Kerosene-Type Jet Fuel,IM0,Imports,MKJIMUS2,U.S. Imports of Kerosene-Type Jet Fuel (Thousand Barrels per Day),9,MBBL/D
1985-09,NUS-Z00,U.S.,EPJK,Kerosene-Type Jet Fuel,IM0,Imports,MKJIMUS1,U.S. Imports of Kerosene-Type Jet Fuel (Thousand Barrels),1020,MBBL
1985-09,NUS-Z00,U.S.,EPJK,Kerosene-Type Jet Fuel,IM0,Imports,MKJIMUS2,U.S. Imports of Kerosene-Type Jet Fuel (Thousand Barrels per Day),34,MBBL/D
1985-10,NUS-Z00,U.S.,EPJK,Kerosene-Type Jet Fuel,IM0,Imports,MKJIMUS1,U.S. Imports of Kerosene-Type Jet Fuel (Thousand Barrels),1291,MBBL
1985-10,NUS-Z00,U.S.,EPJK,Kerosene-Type Jet Fuel,IM0,Imports,MKJIMUS2,U.S. Imports of Kerosene-Type Jet Fuel (Thousand Barrels per Day),42,MBBL/D
1985-11,NUS-Z00,U.S.,EPJK,Kerosene-Type Jet Fuel,IM0,Imports,MKJIMUS1,U.S. Imports of Kerosene-Type Jet Fuel (Thousand Barrels),971,MBBL
1985-11,NUS-Z00,U.S.,EPJK,Kerosene-Type Jet Fuel,IM0,Imports,MKJIMUS2,U.S. Imports of Kerosene-Type Jet Fuel (Thousand Barrels per Day),32,MBBL/D
1985-12,NUS-Z00,U.S.,EPJK,Kerosene-Type Jet Fuel,IM0,Imports,MKJIMUS1,U.S. Imports of Kerosene-Type Jet Fuel (Thousand Barrels),1098,MBBL
1985-12,NUS-Z00,U.S.,EPJK,Kerosene-Type Jet Fuel,IM0,Imports,MKJIMUS2,U.S. Imports of Kerosene-Type Jet Fuel (Thousand Barrels per Day),35,MBBL/D
1986-01,NUS-Z00,U.S.,EPJK,Kerosene-Type Jet Fuel,IM0,Imports,MKJIMUS1,U.S. Imports of Kerosene-Type Jet Fuel (Thousand Barrels),776,MBBL
1986-01,NUS-Z00,U.S.,EPJK,Kerosene-Type Jet Fuel,IM0,Imports,MKJIMUS2,U.S. Imports of Kerosene-Type Jet Fuel (Thousand Barrels per Day),25,MBBL/D
1986-02,NUS-Z00,U.S.,EPJK,Kerosene-Type Jet Fuel,IM0,Imports,MKJIMUS1,U.S. Imports of Kerosene-Type Jet Fuel (Thousand Barrels),928,MBBL
1986-02,NUS-Z00,U.S.,EPJK,Kerosene-Type Jet Fuel,IM0,Imports,MKJIMUS2,U.S. Imports of Kerosene-Type Jet Fuel (Thousand Barrels per Day),33,MBBL/D
1986-03,NUS-Z00,U.S.,EPJK,Kerosene-Type Jet Fuel,IM0,Imports,MKJIMUS1,U.S. Imports of Kerosene-Type Jet Fuel (Thousand Barrels),758,MBBL
1986-03,NUS-Z00,U.S.,EPJK,Kerosene-Type Jet Fuel,IM0,Imports,MKJIMUS2,U.S. Imports of Kerosene-Type Jet Fuel (Thousand Barrels per Day),24,MBBL/D
1986-04,NUS-Z00,U.S.,EPJK,Kerosene-Type Jet Fuel,IM0,Imports,MKJIMUS1,U.S. Imports of Kerosene-Type Jet Fuel (Thousand Barrels),1167,MBBL
1986-04,NUS-Z00,U.S.,EPJK,Kerosene-Type Jet Fuel,IM0,Imports,MKJIMUS2,U.S. Imports of Kerosene-Type Jet Fuel (Thousand Barrels per Day),39,MBBL/D
1986-05,NUS-Z00,U.S.,EPJK,Kerosene-Type Jet Fuel,IM0,Imports,MKJIMUS1,U.S. Imports of Kerosene-Type Jet Fuel (Thousand Barrels),1199,MBBL
1986-05,NUS-Z00,U.S.,EPJK,Kerosene-Type Jet Fuel,IM0,Imports,MKJIMUS2,U.S. Imports of Kerosene-Type Jet Fuel (Thousand Barrels per Day),39,MBBL/D
1986-06,NUS-Z00,U.S.,EPJK,Kerosene-Type Jet Fuel,IM0,Imports,MKJIMUS1,U.S. Imports of Kerosene-Type Jet Fuel (Thousand Barrels),2287,MBBL
1986-06,NUS-Z00,U.S.,EPJK,Kerosene-Type Jet Fuel,IM0,Imports,MKJIMUS2,U.S. Imports of Kerosene-Type Jet Fuel (Thousand Barrels per Day),76,MBBL/D
1986-07,NUS-Z00,U.S.,EPJK,Kerosene-Type Jet Fuel,IM0,Imports,MKJIMUS1,U.S. Imports of Kerosene-Type Jet Fuel (Thousand Barrels),3273,MBBL
1986-07,NUS-Z00,U.S.,EPJK,Kerosene-Type Jet Fuel,IM0,Imports,MKJIMUS2,U.S. Imports of Kerosene-Type Jet Fuel (Thousand Barrels per Day),106,MBBL/D
1986-08,NUS-Z00,U.S.,EPJK,Kerosene-Type Jet Fuel,IM0,Imports,MKJIMUS1,U.S. Imports of Kerosene-Type Jet Fuel (Thousand Barrels),2377,MBBL
1986-08,NUS-Z00,U.S.,EPJK,Kerosene-Type Jet Fuel,IM0,Imports,MKJIMUS2,U.S. Imports of Kerosene-Type Jet Fuel (Thousand Barrels per Day),77,MBBL/D
1986-09,NUS-Z00,U.S.,EPJK,Kerosene-Type Jet Fuel,IM0,Imports,MKJIMUS1,U.S. Imports of Kerosene-Type Jet Fuel (Thousand Barrels),1632,MBBL
1986-09,NUS-Z00,U.S.,EPJK,Kerosene-Type Jet Fuel,IM0,Imports,MKJIMUS2,U.S. Imports of Kerosene-Type Jet Fuel (Thousand Barrels per Day),54,MBBL/D
1986-10,NUS-Z00,U.S.,EPJK,Kerosene-Type Jet Fuel,IM0,Imports,MKJIMUS1,U.S. Imports of Kerosene-Type Jet Fuel (Thousand Barrels),954,MBBL
1986-10,NUS-Z00,U.S.,EPJK,Kerosene-Type Jet Fuel,IM0,Imports,MKJIMUS2,U.S. Imports of Kerosene-Type Jet Fuel (Thousand Barrels per Day),31,MBBL/D
1986-11,NUS-Z00,U.S.,EPJK,Kerosene-Type Jet Fuel,IM0,Imports,MKJIMUS1,U.S. Imports of Kerosene-Type Jet Fuel (Thousand Barrels),1425,MBBL
1986-11,NUS-Z00,U.S.,EPJK,Kerosene-Type Jet Fuel,IM0,Imports,MKJIMUS2,U.S. Imports of Kerosene-Type Jet Fuel (Thousand Barrels per Day),48,MBBL/D
1986-12,NUS-Z00,U.S.,EPJK,Kerosene-Type Jet Fuel,IM0,Imports,MKJIMUS1,U.S. Imports of Kerosene-Type Jet Fuel (Thousand Barrels),854,MBBL
1986-12,NUS-Z00,U.S.,EPJK,Kerosene-Type Jet Fuel,IM0,Imports,MKJIMUS2,U.S. Imports of Kerosene-Type Jet Fuel (Thousand Barrels per Day),28,MBBL/D
1987-01,NUS-Z00,U.S.,EPJK,Kerosene-Type Jet Fuel,IM0,Imports,MKJIMUS1,U.S. Imports of Kerosene-Type Jet Fuel (Thousand Barrels),1148,MBBL
1987-01,NUS-Z00,U.S.,EPJK,Kerosene-Type Jet Fuel,IM0,Imports,MKJIMUS2,U.S. Imports of Kerosene-Type Jet Fuel (Thousand Barrels per Day),37,MBBL/D
1987-02,NUS-Z00,U.S.,EPJK,Kerosene-Type Jet Fuel,IM0,Imports,MKJIMUS1,U.S. Imports of Kerosene-Type Jet Fuel (Thousand Barrels),1790,MBBL
1987-02,NUS-Z00,U.S.,EPJK,Kerosene-Type Jet Fuel,IM0,Imports,MKJIMUS2,U.S. Imports of Kerosene-Type Jet Fuel (Thousand Barrels per Day),64,MBBL/D
1987-03,NUS-Z00,U.S.,EPJK,Kerosene-Type Jet Fuel,IM0,Imports,MKJIMUS1,U.S. Imports of Kerosene-Type Jet Fuel (Thousand Barrels),2386,MBBL
1987-03,NUS-Z00,U.S.,EPJK,Kerosene-Type Jet Fuel,IM0,Imports,MKJIMUS2,U.S. Imports of Kerosene-Type Jet Fuel (Thousand Barrels per Day),77,MBBL/D
1987-04,NUS-Z00,U.S.,EPJK,Kerosene-Type Jet Fuel,IM0,Imports,MKJIMUS1,U.S. Imports of Kerosene-Type Jet Fuel (Thousand Barrels),1872,MBBL
1987-04,NUS-Z00,U.S.,EPJK,Kerosene-Type Jet Fuel,IM0,Imports,MKJIMUS2,U.S. Imports of Kerosene-Type Jet Fuel (Thousand Barrels per Day),62,MBBL/D
1987-05,NUS-Z00,U.S.,EPJK,Kerosene-Type Jet Fuel,IM0,Imports,MKJIMUS1,U.S. Imports of Kerosene-Type Jet Fuel (Thousand Barrels),2002,MBBL
1987-05,NUS-Z00,U.S.,EPJK,Kerosene-Type Jet Fuel,IM0,Imports,MKJIMUS2,U.S. Imports of Kerosene-Type Jet Fuel (Thousand Barrels per Day),65,MBBL/D
1987-06,NUS-Z00,U.S.,EPJK,Kerosene-Type Jet Fuel,IM0,Imports,MKJIMUS1,U.S. Imports of Kerosene-Type Jet Fuel (Thousand Barrels),1915,MBBL
1987-06,NUS-Z00,U.S.,EPJK,Kerosene-Type Jet Fuel,IM0,Imports,MKJIMUS2,U.S. Imports of Kerosene-Type Jet Fuel (Thousand Barrels per Day),64,MBBL/D
1987-07,NUS-Z00,U.S.,EPJK,Kerosene-Type Jet Fuel,IM0,Imports,MKJIMUS1,U.S. Imports of Kerosene-Type Jet Fuel (Thousand Barrels),2168,MBBL
1987-07,NUS-Z00,U.S.,EPJK,Kerosene-Type Jet Fuel,IM0,Imports,MKJIMUS2,U.S. Imports of Kerosene-Type Jet Fuel (Thousand Barrels per Day),70,MBBL/D
1987-08,NUS-Z00,U.S.,EPJK,Kerosene-Type Jet Fuel,IM0,Imports,MKJIMUS1,U.S. Imports of Kerosene-Type Jet Fuel (Thousand Barrels),1597,MBBL
1987-08,NUS-Z00,U.S.,EPJK,Kerosene-Type Jet Fuel,IM0,Imports,MKJIMUS2,U.S. Imports of Kerosene-Type Jet Fuel (Thousand Barrels per Day),52,MBBL/D
1987-09,NUS-Z00,U.S.,EPJK,Kerosene-Type Jet Fuel,IM0,Imports,MKJIMUS1,U.S. Imports of Kerosene-Type Jet Fuel (Thousand Barrels),2438,MBBL
1987-09,NUS-Z00,U.S.,EPJK,Kerosene-Type Jet Fuel,IM0,Imports,MKJIMUS2,U.S. Imports of Kerosene-Type Jet Fuel (Thousand Barrels per Day),81,MBBL/D
1987-10,NUS-Z00,U.S.,EPJK,Kerosene-Type Jet Fuel,IM0,Imports,MKJIMUS1,U.S. Imports of Kerosene-Type Jet Fuel (Thousand Barrels),2444,MBBL
1987-10,NUS-Z00,U.S.,EPJK,Kerosene-Type Jet Fuel,IM0,Imports,MKJIMUS2,U.S. Imports of Kerosene-Type Jet Fuel (Thousand Barrels per Day),79,MBBL/D
1987-11,NUS-Z00,U.S.,EPJK,Kerosene-Type Jet Fuel,IM0,Imports,MKJIMUS1,U.S. Imports of Kerosene-Type Jet Fuel (Thousand Barrels),1539,MBBL
1987-11,NUS-Z00,U.S.,EPJK,Kerosene-Type Jet Fuel,IM0,Imports,MKJIMUS2,U.S. Imports of Kerosene-Type Jet Fuel (Thousand Barrels per Day),51,MBBL/D
1987-12,NUS-Z00,U.S.,EPJK,Kerosene-Type Jet Fuel,IM0,Imports,MKJIMUS1,U.S. Imports of Kerosene-Type Jet Fuel (Thousand Barrels),2027,MBBL
1987-12,NUS-Z00,U.S.,EPJK,Kerosene-Type Jet Fuel,IM0,Imports,MKJIMUS2,U.S. Imports of Kerosene-Type Jet Fuel (Thousand Barrels per Day),65,MBBL/D
1988-01,NUS-Z00,U.S.,EPJK,Kerosene-Type Jet Fuel,IM0,Imports,MKJIMUS1,U.S. Imports of Kerosene-Type Jet Fuel (Thousand Barrels),2549,MBBL
1988-01,NUS-Z00,U.S.,EPJK,Kerosene-Type Jet Fuel,IM0,Imports,MKJIMUS2,U.S. Imports of Kerosene-Type Jet Fuel (Thousand Barrels per Day),82,MBBL/D
1988-02,NUS-Z00,U.S.,EPJK,Kerosene-Type Jet Fuel,IM0,Imports,MKJIMUS1,U.S. Imports of Kerosene-Type Jet Fuel (Thousand Barrels),1960,MBBL
1988-02,NUS-Z00,U.S.,EPJK,Kerosene-Type Jet Fuel,IM0,Imports,MKJIMUS2,U.S. Imports of Kerosene-Type Jet Fuel (Thousand Barrels per Day),68,MBBL/D
1988-03,NUS-Z00,U.S.,EPJK,Kerosene-Type Jet Fuel,IM0,Imports,MKJIMUS1,U.S. Imports of Kerosene-Type Jet Fuel (Thousand Barrels),2940,MBBL
1988-03,NUS-Z00,U.S.,EPJK,Kerosene-Type Jet Fuel,IM0,Imports,MKJIMUS2,U.S. Imports of Kerosene-Type Jet Fuel (Thousand Barrels per Day),95,MBBL/D
1988-04,NUS-Z00,U.S.,EPJK,Kerosene-Type Jet Fuel,IM0,Imports,MKJIMUS1,U.S. Imports of Kerosene-Type Jet Fuel (Thousand Barrels),2422,MBBL
1988-04,NUS-Z00,U.S.,EPJK,Kerosene-Type Jet Fuel,IM0,Imports,MKJIMUS2,U.S. Imports of Kerosene-Type Jet Fuel (Thousand Barrels per Day),81,MBBL/D
1988-05,NUS-Z00,U.S.,EPJK,Kerosene-Type Jet Fuel,IM0,Imports,MKJIMUS1,U.S. Imports of Kerosene-Type Jet Fuel (Thousand Barrels),3357,MBBL
1988-05,NUS-Z00,U.S.,EPJK,Kerosene-Type Jet Fuel,IM0,Imports,MKJIMUS2,U.S. Imports of Kerosene-Type Jet Fuel (Thousand Barrels per Day),108,MBBL/D
1988-06,NUS-Z00,U.S.,EPJK,Kerosene-Type Jet Fuel,IM0,Imports,MKJIMUS1,U.S. Imports of Kerosene-Type Jet Fuel (Thousand Barrels),2240,MBBL
1988-06,NUS-Z00,U.S.,EPJK,Kerosene-Type Jet Fuel,IM0,Imports,MKJIMUS2,U.S. Imports of Kerosene-Type Jet Fuel (Thousand Barrels per Day),75,MBBL/D
1988-07,NUS-Z00,U.S.,EPJK,Kerosene-Type Jet Fuel,IM0,Imports,MKJIMUS1,U.S. Imports of Kerosene-Type Jet Fuel (Thousand Barrels),2625,MBBL
1988-07,NUS-Z00,U.S.,EPJK,Kerosene-Type Jet Fuel,IM0,Imports,MKJIMUS2,U.S. Imports of Kerosene-Type Jet Fuel (Thousand Barrels per Day),85,MBBL/D
1988-08,NUS-Z00,U.S.,EPJK,Kerosene-Type Jet Fuel,IM0,Imports,MKJIMUS1,U.S. Imports of Kerosene-Type Jet Fuel (Thousand Barrels),3087,MBBL
1988-08,NUS-Z00,U.S.,EPJK,Kerosene-Type Jet Fuel,IM0,Imports,MKJIMUS2,U.S. Imports of Kerosene-Type Jet Fuel (Thousand Barrels per Day),100,MBBL/D
1988-09,NUS-Z00,U.S.,EPJK,Kerosene-Type Jet Fuel,IM0,Imports,MKJIMUS1,U.S. Imports of Kerosene-Type Jet Fuel (Thousand Barrels),1757,MBBL
1988-09,NUS-Z00,U.S.,EPJK,Kerosene-Type Jet Fuel,IM0,Imports,MKJIMUS2,U.S. Imports of Kerosene-Type Jet Fuel (Thousand Barrels per Day),59,MBBL/D
1988-10,NUS-Z00,U.S.,EPJK,Kerosene-Type Jet Fuel,IM0,Imports,MKJIMUS1,U.S. Imports of Kerosene-Type Jet Fuel (Thousand Barrels),4434,MBBL
1988-10,NUS-Z00,U.S.,EPJK,Kerosene-Type Jet Fuel,IM0,Imports,MKJIMUS2,U.S. Imports of Kerosene-Type Jet Fuel (Thousand Barrels per Day),143,MBBL/D
1988-11,NUS-Z00,U.S.,EPJK,Kerosene-Type Jet Fuel,IM0,Imports,MKJIMUS1,U.S. Imports of Kerosene-Type Jet Fuel (Thousand Barrels),2283,MBBL
1988-11,NUS-Z00,U.S.,EPJK,Kerosene-Type Jet Fuel,IM0,Imports,MKJIMUS2,U.S. Imports of Kerosene-Type Jet Fuel (Thousand Barrels per Day),76,MBBL/D
1988-12,NUS-Z00,U.S.,EPJK,Kerosene-Type Jet Fuel,IM0,Imports,MKJIMUS1,U.S. Imports of Kerosene-Type Jet Fuel (Thousand Barrels),2223,MBBL
1988-12,NUS-Z00,U.S.,EPJK,Kerosene-Type Jet Fuel,IM0,Imports,MKJIMUS2,U.S. Imports of Kerosene-Type Jet Fuel (Thousand Barrels per Day),72,MBBL/D
1989-01,NUS-Z00,U.S.,EPJK,Kerosene-Type Jet Fuel,IM0,Imports,MKJIMUS1,U.S. Imports of Kerosene-Type Jet Fuel (Thousand Barrels),3034,MBBL
1989-01,NUS-Z00,U.S.,EPJK,Kerosene-Type Jet Fuel,IM0,Imports,MKJIMUS2,U.S. Imports of Kerosene-Type Jet Fuel (Thousand Barrels per Day),98,MBBL/D
1989-02,NUS-Z00,U.S.,EPJK,Kerosene-Type Jet Fuel,IM0,Imports,MKJIMUS1,U.S. Imports of Kerosene-Type Jet Fuel (Thousand Barrels),3280,MBBL
1989-02,NUS-Z00,U.S.,EPJK,Kerosene-Type Jet Fuel,IM0,Imports,MKJIMUS2,U.S. Imports of Kerosene-Type Jet Fuel (Thousand Barrels per Day),117,MBBL/D
1989-03,NUS-Z00,U.S.,EPJK,Kerosene-Type Jet Fuel,IM0,Imports,MKJIMUS1,U.S. Imports of Kerosene-Type Jet Fuel (Thousand Barrels),2993,MBBL
1989-03,NUS-Z00,U.S.,EPJK,Kerosene-Type Jet Fuel,IM0,Imports,MKJIMUS2,U.S. Imports of Kerosene-Type Jet Fuel (Thousand Barrels per Day),97,MBBL/D
1989-04,NUS-Z00,U.S.,EPJK,Kerosene-Type Jet Fuel,IM0,Imports,MKJIMUS1,U.S. Imports of Kerosene-Type Jet Fuel (Thousand Barrels),3742,MBBL
1989-04,NUS-Z00,U.S.,EPJK,Kerosene-Type Jet Fuel,IM0,Imports,MKJIMUS2,U.S. Imports of Kerosene-Type Jet Fuel (Thousand Barrels per Day),125,MBBL/D
1989-05,NUS-Z00,U.S.,EPJK,Kerosene-Type Jet Fuel,IM0,Imports,MKJIMUS1,U.S. Imports of Kerosene-Type Jet Fuel (Thousand Barrels),3409,MBBL
1989-05,NUS-Z00,U.S.,EPJK,Kerosene-Type Jet Fuel,IM0,Imports,MKJIMUS2,U.S. Imports of Kerosene-Type Jet Fuel (Thousand Barrels per Day),110,MBBL/D
1989-06,NUS-Z00,U.S.,EPJK,Kerosene-Type Jet Fuel,IM0,Imports,MKJIMUS1,U.S. Imports of Kerosene-Type Jet Fuel (Thousand Barrels),3608,MBBL
1989-06,NUS-Z00,U.S.,EPJK,Kerosene-Type Jet Fuel,IM0,Imports,MKJIMUS2,U.S. Imports of Kerosene-Type Jet Fuel (Thousand Barrels per Day),120,MBBL/D
1989-07,NUS-Z00,U.S.,EPJK,Kerosene-Type Jet Fuel,IM0,Imports,MKJIMUS1,U.S. Imports of Kerosene-Type Jet Fuel (Thousand Barrels),3432,MBBL
1989-07,NUS-Z00,U.S.,EPJK,Kerosene-Type Jet Fuel,IM0,Imports,MKJIMUS2,U.S. Imports of Kerosene-Type Jet Fuel (Thousand Barrels per Day),111,MBBL/D
1989-08,NUS-Z00,U.S.,EPJK,Kerosene-Type Jet Fuel,IM0,Imports,MKJIMUS1,U.S. Imports of Kerosene-Type Jet Fuel (Thousand Barrels),2679,MBBL
1989-08,NUS-Z00,U.S.,EPJK,Kerosene-Type Jet Fuel,IM0,Imports,MKJIMUS2,U.S. Imports of Kerosene-Type Jet Fuel (Thousand Barrels per Day),86,MBBL/D
1989-09,NUS-Z00,U.S.,EPJK,Kerosene-Type Jet Fuel,IM0,Imports,MKJIMUS1,U.S. Imports of Kerosene-Type Jet Fuel (Thousand Barrels),2747,MBBL
1989-09,NUS-Z00,U.S.,EPJK,Kerosene-Type Jet Fuel,IM0,Imports,MKJIMUS2,U.S. Imports of Kerosene-Type Jet Fuel (Thousand Barrels per Day),92,MBBL/D
1989-10,NUS-Z00,U.S.,EPJK,Kerosene-Type Jet Fuel,IM0,Imports,MKJIMUS1,U.S. Imports of Kerosene-Type Jet Fuel (Thousand Barrels),2194,MBBL
1989-10,NUS-Z00,U.S.,EPJK,Kerosene-Type Jet Fuel,IM0,Imports,MKJIMUS2,U.S. Imports of Kerosene-Type Jet Fuel (Thousand Barrels per Day),71,MBBL/D
1989-11,NUS-Z00,U.S.,EPJK,Kerosene-Type Jet Fuel,IM0,Imports,MKJIMUS1,U.S. Imports of Kerosene-Type Jet Fuel (Thousand Barrels),2664,MBBL
1989-11,NUS-Z00,U.S.,EPJK,Kerosene-Type Jet Fuel,IM0,Imports,MKJIMUS2,U.S. Imports of Kerosene-Type Jet Fuel (Thousand Barrels per Day),89,MBBL/D
1989-12,NUS-Z00,U.S.,EPJK,Kerosene-Type Jet Fuel,IM0,Imports,MKJIMUS1,U.S. Imports of Kerosene-Type Jet Fuel (Thousand Barrels),3520,MBBL
1989-12,NUS-Z00,U.S.,EPJK,Kerosene-Type Jet Fuel,IM0,Imports,MKJIMUS2,U.S. Imports of Kerosene-Type Jet Fuel (Thousand Barrels per Day),114,MBBL/D
1990-01,NUS-Z00,U.S.,EPJK,Kerosene-Type Jet Fuel,IM0,Imports,MKJIMUS1,U.S. Imports of Kerosene-Type Jet Fuel (Thousand Barrels),5005,MBBL
1990-01,NUS-Z00,U.S.,EPJK,Kerosene-Type Jet Fuel,IM0,Imports,MKJIMUS2,U.S. Imports of Kerosene-Type Jet Fuel (Thousand Barrels per Day),161,MBBL/D
1990-02,NUS-Z00,U.S.,EPJK,Kerosene-Type Jet Fuel,IM0,Imports,MKJIMUS1,U.S. Imports of Kerosene-Type Jet Fuel (Thousand Barrels),4400,MBBL
1990-02,NUS-Z00,U.S.,EPJK,Kerosene-Type Jet Fuel,IM0,Imports,MKJIMUS2,U.S. Imports of Kerosene-Type Jet Fuel (Thousand Barrels per Day),157,MBBL/D
1990-03,NUS-Z00,U.S.,EPJK,Kerosene-Type Jet Fuel,IM0,Imports,MKJIMUS1,U.S. Imports of Kerosene-Type Jet Fuel (Thousand Barrels),3673,MBBL
1990-03,NUS-Z00,U.S.,EPJK,Kerosene-Type Jet Fuel,IM0,Imports,MKJIMUS2,U.S. Imports of Kerosene-Type Jet Fuel (Thousand Barrels per Day),118,MBBL/D
1990-04,NUS-Z00,U.S.,EPJK,Kerosene-Type Jet Fuel,IM0,Imports,MKJIMUS1,U.S. Imports of Kerosene-Type Jet Fuel (Thousand Barrels),3052,MBBL
1990-04,NUS-Z00,U.S.,EPJK,Kerosene-Type Jet Fuel,IM0,Imports,MKJIMUS2,U.S. Imports of Kerosene-Type Jet Fuel (Thousand Barrels per Day),102,MBBL/D
1990-05,NUS-Z00,U.S.,EPJK,Kerosene-Type Jet Fuel,IM0,Imports,MKJIMUS1,U.S. Imports of Kerosene-Type Jet Fuel (Thousand Barrels),3615,MBBL
1990-05,NUS-Z00,U.S.,EPJK,Kerosene-Type Jet Fuel,IM0,Imports,MKJIMUS2,U.S. Imports of Kerosene-Type Jet Fuel (Thousand Barrels per Day),117,MBBL/D
1990-06,NUS-Z00,U.S.,EPJK,Kerosene-Type Jet Fuel,IM0,Imports,MKJIMUS1,U.S. Imports of Kerosene-Type Jet Fuel (Thousand Barrels),3681,MBBL
1990-06,NUS-Z00,U.S.,EPJK,Kerosene-Type Jet Fuel,IM0,Imports,MKJIMUS2,U.S. Imports of Kerosene-Type Jet Fuel (Thousand Barrels per Day),123,MBBL/D
1990-07,NUS-Z00,U.S.,EPJK,Kerosene-Type Jet Fuel,IM0,Imports,MKJIMUS1,U.S. Imports of Kerosene-Type Jet Fuel (Thousand Barrels),3030,MBBL
1990-07,NUS-Z00,U.S.,EPJK,Kerosene-Type Jet Fuel,IM0,Imports,MKJIMUS2,U.S. Imports of Kerosene-Type Jet Fuel (Thousand Barrels per Day),98,MBBL/D
1990-08,NUS-Z00,U.S.,EPJK,Kerosene-Type Jet Fuel,IM0,Imports,MKJIMUS1,U.S. Imports of Kerosene-Type Jet Fuel (Thousand Barrels),2513,MBBL
1990-08,NUS-Z00,U.S.,EPJK,Kerosene-Type Jet Fuel,IM0,Imports,MKJIMUS2,U.S. Imports of Kerosene-Type Jet Fuel (Thousand Barrels per Day),81,MBBL/D
1990-09,NUS-Z00,U.S.,EPJK,Kerosene-Type Jet Fuel,IM0,Imports,MKJIMUS1,U.S. Imports of Kerosene-Type Jet Fuel (Thousand Barrels),2145,MBBL
1990-09,NUS-Z00,U.S.,EPJK,Kerosene-Type Jet Fuel,IM0,Imports,MKJIMUS2,U.S. Imports of Kerosene-Type Jet Fuel (Thousand Barrels per Day),72,MBBL/D
1990-10,NUS-Z00,U.S.,EPJK,Kerosene-Type Jet Fuel,IM0,Imports,MKJIMUS1,U.S. Imports of Kerosene-Type Jet Fuel (Thousand Barrels),1597,MBBL
1990-10,NUS-Z00,U.S.,EPJK,Kerosene-Type Jet Fuel,IM0,Imports,MKJIMUS2,U.S. Imports of Kerosene-Type Jet Fuel (Thousand Barrels per Day),52,MBBL/D
1990-11,NUS-Z00,U.S.,EPJK,Kerosene-Type Jet Fuel,IM0,Imports,MKJIMUS1,U.S. Imports of Kerosene-Type Jet Fuel (Thousand Barrels),1774,MBBL
1990-11,NUS-Z00,U.S.,EPJK,Kerosene-Type Jet Fuel,IM0,Imports,MKJIMUS2,U.S. Imports of Kerosene-Type Jet Fuel (Thousand Barrels per Day),59,MBBL/D
1990-12,NUS-Z00,U.S.,EPJK,Kerosene-Type Jet Fuel,IM0,Imports,MKJIMUS1,U.S. Imports of Kerosene-Type Jet Fuel (Thousand Barrels),2052,MBBL
1990-12,NUS-Z00,U.S.,EPJK,Kerosene-Type Jet Fuel,IM0,Imports,MKJIMUS2,U.S. Imports of Kerosene-Type Jet Fuel (Thousand Barrels per Day),66,MBBL/D
1991-01,NUS-Z00,U.S.,EPJK,Kerosene-Type Jet Fuel,IM0,Imports,MKJIMUS1,U.S. Imports of Kerosene-Type Jet Fuel (Thousand Barrels),1464,MBBL
1991-01,NUS-Z00,U.S.,EPJK,Kerosene-Type Jet Fuel,IM0,Imports,MKJIMUS2,U.S. Imports of Kerosene-Type Jet Fuel (Thousand Barrels per Day),47,MBBL/D
1991-02,NUS-Z00,U.S.,EPJK,Kerosene-Type Jet Fuel,IM0,Imports,MKJIMUS1,U.S. Imports of Kerosene-Type Jet Fuel (Thousand Barrels),813,MBBL
1991-02,NUS-Z00,U.S.,EPJK,Kerosene-Type Jet Fuel,IM0,Imports,MKJIMUS2,U.S. Imports of Kerosene-Type Jet Fuel (Thousand Barrels per Day),29,MBBL/D
1991-03,NUS-Z00,U.S.,EPJK,Kerosene-Type Jet Fuel,IM0,Imports,MKJIMUS1,U.S. Imports of Kerosene-Type Jet Fuel (Thousand Barrels),1624,MBBL
1991-03,NUS-Z00,U.S.,EPJK,Kerosene-Type Jet Fuel,IM0,Imports,MKJIMUS2,U.S. Imports of Kerosene-Type Jet Fuel (Thousand Barrels per Day),52,MBBL/D
1991-04,NUS-Z00,U.S.,EPJK,Kerosene-Type Jet Fuel,IM0,Imports,MKJIMUS1,U.S. Imports of Kerosene-Type Jet Fuel (Thousand Barrels),1818,MBBL
1991-04,NUS-Z00,U.S.,EPJK,Kerosene-Type Jet Fuel,IM0,Imports,MKJIMUS2,U.S. Imports of Kerosene-Type Jet Fuel (Thousand Barrels per Day),61,MBBL/D
1991-05,NUS-Z00,U.S.,EPJK,Kerosene-Type Jet Fuel,IM0,Imports,MKJIMUS1,U.S. Imports of Kerosene-Type Jet Fuel (Thousand Barrels),2252,MBBL
1991-05,NUS-Z00,U.S.,EPJK,Kerosene-Type Jet Fuel,IM0,Imports,MKJIMUS2,U.S. Imports of Kerosene-Type Jet Fuel (Thousand Barrels per Day),73,MBBL/D
1991-06,NUS-Z00,U.S.,EPJK,Kerosene-Type Jet Fuel,IM0,Imports,MKJIMUS1,U.S. Imports of Kerosene-Type Jet Fuel (Thousand Barrels),1701,MBBL
1991-06,NUS-Z00,U.S.,EPJK,Kerosene-Type Jet Fuel,IM0,Imports,MKJIMUS2,U.S. Imports of Kerosene-Type Jet Fuel (Thousand Barrels per Day),57,MBBL/D
1991-07,NUS-Z00,U.S.,EPJK,Kerosene-Type Jet Fuel,IM0,Imports,MKJIMUS1,U.S. Imports of Kerosene-Type Jet Fuel (Thousand Barrels),1873,MBBL
1991-07,NUS-Z00,U.S.,EPJK,Kerosene-Type Jet Fuel,IM0,Imports,MKJIMUS2,U.S. Imports of Kerosene-Type Jet Fuel (Thousand Barrels per Day),60,MBBL/D
1991-08,NUS-Z00,U.S.,EPJK,Kerosene-Type Jet Fuel,IM0,Imports,MKJIMUS1,U.S. Imports of Kerosene-Type Jet Fuel (Thousand Barrels),2281,MBBL
1991-08,NUS-Z00,U.S.,EPJK,Kerosene-Type Jet Fuel,IM0,Imports,MKJIMUS2,U.S. Imports of Kerosene-Type Jet Fuel (Thousand Barrels per Day),74,MBBL/D
1991-09,NUS-Z00,U.S.,EPJK,Kerosene-Type Jet Fuel,IM0,Imports,MKJIMUS1,U.S. Imports of Kerosene-Type Jet Fuel (Thousand Barrels),2560,MBBL
1991-09,NUS-Z00,U.S.,EPJK,Kerosene-Type Jet Fuel,IM0,Imports,MKJIMUS2,U.S. Imports of Kerosene-Type Jet Fuel (Thousand Barrels per Day),85,MBBL/D
1991-10,NUS-Z00,U.S.,EPJK,Kerosene-Type Jet Fuel,IM0,Imports,MKJIMUS1,U.S. Imports of Kerosene-Type Jet Fuel (Thousand Barrels),1583,MBBL
1991-10,NUS-Z00,U.S.,EPJK,Kerosene-Type Jet Fuel,IM0,Imports,MKJIMUS2,U.S. Imports of Kerosene-Type Jet Fuel (Thousand Barrels per Day),51,MBBL/D
1991-11,NUS-Z00,U.S.,EPJK,Kerosene-Type Jet Fuel,IM0,Imports,MKJIMUS1,U.S. Imports of Kerosene-Type Jet Fuel (Thousand Barrels),1347,MBBL
1991-11,NUS-Z00,U.S.,EPJK,Kerosene-Type Jet Fuel,IM0,Imports,MKJIMUS2,U.S. Imports of Kerosene-Type Jet Fuel (Thousand Barrels per Day),45,MBBL/D
1991-12,NUS-Z00,U.S.,EPJK,Kerosene-Type Jet Fuel,IM0,Imports,MKJIMUS1,U.S. Imports of Kerosene-Type Jet Fuel (Thousand Barrels),853,MBBL
1991-12,NUS-Z00,U.S.,EPJK,Kerosene-Type Jet Fuel,IM0,Imports,MKJIMUS2,U.S. Imports of Kerosene-Type Jet Fuel (Thousand Barrels per Day),28,MBBL/D
1992-01,NUS-Z00,U.S.,EPJK,Kerosene-Type Jet Fuel,IM0,Imports,MKJIMUS1,U.S. Imports of Kerosene-Type Jet Fuel (Thousand Barrels),946,MBBL
1992-01,NUS-Z00,U.S.,EPJK,Kerosene-Type Jet Fuel,IM0,Imports,MKJIMUS2,U.S. Imports of Kerosene-Type Jet Fuel (Thousand Barrels per Day),31,MBBL/D
1992-02,NUS-Z00,U.S.,EPJK,Kerosene-Type Jet Fuel,IM0,Imports,MKJIMUS1,U.S. Imports of Kerosene-Type Jet Fuel (Thousand Barrels),1349,MBBL
1992-02,NUS-Z00,U.S.,EPJK,Kerosene-Type Jet Fuel,IM0,Imports,MKJIMUS2,U.S. Imports of Kerosene-Type Jet Fuel (Thousand Barrels per Day),47,MBBL/D
1992-03,NUS-Z00,U.S.,EPJK,Kerosene-Type Jet Fuel,IM0,Imports,MKJIMUS1,U.S. Imports of Kerosene-Type Jet Fuel (Thousand Barrels),1455,MBBL
1992-03,NUS-Z00,U.S.,EPJK,Kerosene-Type Jet Fuel,IM0,Imports,MKJIMUS2,U.S. Imports of Kerosene-Type Jet Fuel (Thousand Barrels per Day),47,MBBL/D
1992-04,NUS-Z00,U.S.,EPJK,Kerosene-Type Jet Fuel,IM0,Imports,MKJIMUS1,U.S. Imports of Kerosene-Type Jet Fuel (Thousand Barrels),2115,MBBL
1992-04,NUS-Z00,U.S.,EPJK,Kerosene-Type Jet Fuel,IM0,Imports,MKJIMUS2,U.S. Imports of Kerosene-Type Jet Fuel (Thousand Barrels per Day),71,MBBL/D
1992-05,NUS-Z00,U.S.,EPJK,Kerosene-Type Jet Fuel,IM0,Imports,MKJIMUS1,U.S. Imports of Kerosene-Type Jet Fuel (Thousand Barrels),2632,MBBL
1992-05,NUS-Z00,U.S.,EPJK,Kerosene-Type Jet Fuel,IM0,Imports,MKJIMUS2,U.S. Imports of Kerosene-Type Jet Fuel (Thousand Barrels per Day),85,MBBL/D
1992-06,NUS-Z00,U.S.,EPJK,Kerosene-Type Jet Fuel,IM0,Imports,MKJIMUS1,U.S. Imports of Kerosene-Type Jet Fuel (Thousand Barrels),2317,MBBL
1992-06,NUS-Z00,U.S.,EPJK,Kerosene-Type Jet Fuel,IM0,Imports,MKJIMUS2,U.S. Imports of Kerosene-Type Jet Fuel (Thousand Barrels per Day),77,MBBL/D
1992-07,NUS-Z00,U.S.,EPJK,Kerosene-Type Jet Fuel,IM0,Imports,MKJIMUS1,U.S. Imports of Kerosene-Type Jet Fuel (Thousand Barrels),2450,MBBL
1992-07,NUS-Z00,U.S.,EPJK,Kerosene-Type Jet Fuel,IM0,Imports,MKJIMUS2,U.S. Imports of Kerosene-Type Jet Fuel (Thousand Barrels per Day),79,MBBL/D
1992-08,NUS-Z00,U.S.,EPJK,Kerosene-Type Jet Fuel,IM0,Imports,MKJIMUS1,U.S. Imports of Kerosene-Type Jet Fuel (Thousand Barrels),2981,MBBL
1992-08,NUS-Z00,U.S.,EPJK,Kerosene-Type Jet Fuel,IM0,Imports,MKJIMUS2,U.S. Imports of Kerosene-Type Jet Fuel (Thousand Barrels per Day),96,MBBL/D
1992-09,NUS-Z00,U.S.,EPJK,Kerosene-Type Jet Fuel,IM0,Imports,MKJIMUS1,U.S. Imports of Kerosene-Type Jet Fuel (Thousand Barrels),2693,MBBL
1992-09,NUS-Z00,U.S.,EPJK,Kerosene-Type Jet Fuel,IM0,Imports,MKJIMUS2,U.S. Imports of Kerosene-Type Jet Fuel (Thousand Barrels per Day),90,MBBL/D
1992-10,NUS-Z00,U.S.,EPJK,Kerosene-Type Jet Fuel,IM0,Imports,MKJIMUS1,U.S. Imports of Kerosene-Type Jet Fuel (Thousand Barrels),2849,MBBL
1992-10,NUS-Z00,U.S.,EPJK,Kerosene-Type Jet Fuel,IM0,Imports,MKJIMUS2,U.S. Imports of Kerosene-Type Jet Fuel (Thousand Barrels per Day),92,MBBL/D
1992-11,NUS-Z00,U.S.,EPJK,Kerosene-Type Jet Fuel,IM0,Imports,MKJIMUS1,U.S. Imports of Kerosene-Type Jet Fuel (Thousand Barrels),2509,MBBL
1992-11,NUS-Z00,U.S.,EPJK,Kerosene-Type Jet Fuel,IM0,Imports,MKJIMUS2,U.S. Imports of Kerosene-Type Jet Fuel (Thousand Barrels per Day),84,MBBL/D
1992-12,NUS-Z00,U.S.,EPJK,Kerosene-Type Jet Fuel,IM0,Imports,MKJIMUS1,U.S. Imports of Kerosene-Type Jet Fuel (Thousand Barrels),2923,MBBL
1992-12,NUS-Z00,U.S.,EPJK,Kerosene-Type Jet Fuel,IM0,Imports,MKJIMUS2,U.S. Imports of Kerosene-Type Jet Fuel (Thousand Barrels per Day),94,MBBL/D
1993-01,NUS-Z00,U.S.,EPJK,Kerosene-Type Jet Fuel,IM0,Imports,MKJIMUS1,U.S. Imports of Kerosene-Type Jet Fuel (Thousand Barrels),2545,MBBL
1993-01,NUS-Z00,U.S.,EPJK,Kerosene-Type Jet Fuel,IM0,Imports,MKJIMUS2,U.S. Imports of Kerosene-Type Jet Fuel (Thousand Barrels per Day),82,MBBL/D
1993-02,NUS-Z00,U.S.,EPJK,Kerosene-Type Jet Fuel,IM0,Imports,MKJIMUS1,U.S. Imports of Kerosene-Type Jet Fuel (Thousand Barrels),2814,MBBL
1993-02,NUS-Z00,U.S.,EPJK,Kerosene-Type Jet Fuel,IM0,Imports,MKJIMUS2,U.S. Imports of Kerosene-Type Jet Fuel (Thousand Barrels per Day),101,MBBL/D
1993-03,NUS-Z00,U.S.,EPJK,Kerosene-Type Jet Fuel,IM0,Imports,MKJIMUS1,U.S. Imports of Kerosene-Type Jet Fuel (Thousand Barrels),2300,MBBL
1993-03,NUS-Z00,U.S.,EPJK,Kerosene-Type Jet Fuel,IM0,Imports,MKJIMUS2,U.S. Imports of Kerosene-Type Jet Fuel (Thousand Barrels per Day),74,MBBL/D
1993-04,NUS-Z00,U.S.,EPJK,Kerosene-Type Jet Fuel,IM0,Imports,MKJIMUS1,U.S. Imports of Kerosene-Type Jet Fuel (Thousand Barrels),2567,MBBL
1993-04,NUS-Z00,U.S.,EPJK,Kerosene-Type Jet Fuel,IM0,Imports,MKJIMUS2,U.S. Imports of Kerosene-Type Jet Fuel (Thousand Barrels per Day),86,MBBL/D
1993-05,NUS-Z00,U.S.,EPJK,Kerosene-Type Jet Fuel,IM0,Imports,MKJIMUS1,U.S. Imports of Kerosene-Type Jet Fuel (Thousand Barrels),2084,MBBL
1993-05,NUS-Z00,U.S.,EPJK,Kerosene-Type Jet Fuel,IM0,Imports,MKJIMUS2,U.S. Imports of Kerosene-Type Jet Fuel (Thousand Barrels per Day),67,MBBL/D
1993-06,NUS-Z00,U.S.,EPJK,Kerosene-Type Jet Fuel,IM0,Imports,MKJIMUS1,U.S. Imports of Kerosene-Type Jet Fuel (Thousand Barrels),2384,MBBL
1993-06,NUS-Z00,U.S.,EPJK,Kerosene-Type Jet Fuel,IM0,Imports,MKJIMUS2,U.S. Imports of Kerosene-Type Jet Fuel (Thousand Barrels per Day),79,MBBL/D
1993-07,NUS-Z00,U.S.,EPJK,Kerosene-Type Jet Fuel,IM0,Imports,MKJIMUS1,U.S. Imports of Kerosene-Type Jet Fuel (Thousand Barrels),2656,MBBL
1993-07,NUS-Z00,U.S.,EPJK,Kerosene-Type Jet Fuel,IM0,Imports,MKJIMUS2,U.S. Imports of Kerosene-Type Jet Fuel (Thousand Barrels per Day),86,MBBL/D
1993-08,NUS-Z00,U.S.,EPJK,Kerosene-Type Jet Fuel,IM0,Imports,MKJIMUS1,U.S. Imports of Kerosene-Type Jet Fuel (Thousand Barrels),2833,MBBL
1993-08,NUS-Z00,U.S.,EPJK,Kerosene-Type Jet Fuel,IM0,Imports,MKJIMUS2,U.S. Imports of Kerosene-Type Jet Fuel (Thousand Barrels per Day),91,MBBL/D
1993-09,NUS-Z00,U.S.,EPJK,Kerosene-Type Jet Fuel,IM0,Imports,MKJIMUS1,U.S. Imports of Kerosene-Type Jet Fuel (Thousand Barrels),2634,MBBL
1993-09,NUS-Z00,U.S.,EPJK,Kerosene-Type Jet Fuel,IM0,Imports,MKJIMUS2,U.S. Imports of Kerosene-Type Jet Fuel (Thousand Barrels per Day),88,MBBL/D
1993-10,NUS-Z00,U.S.,EPJK,Kerosene-Type Jet Fuel,IM0,Imports,MKJIMUS1,U.S. Imports of Kerosene-Type Jet Fuel (Thousand Barrels),4045,MBBL
1993-10,NUS-Z00,U.S.,EPJK,Kerosene-Type Jet Fuel,IM0,Imports,MKJIMUS2,U.S. Imports of Kerosene-Type Jet Fuel (Thousand Barrels per Day),130,MBBL/D
1993-11,NUS-Z00,U.S.,EPJK,Kerosene-Type Jet Fuel,IM0,Imports,MKJIMUS1,U.S. Imports of Kerosene-Type Jet Fuel (Thousand Barrels),2904,MBBL
1993-11,NUS-Z00,U.S.,EPJK,Kerosene-Type Jet Fuel,IM0,Imports,MKJIMUS2,U.S. Imports of Kerosene-Type Jet Fuel (Thousand Barrels per Day),97,MBBL/D
1993-12,NUS-Z00,U.S.,EPJK,Kerosene-Type Jet Fuel,IM0,Imports,MKJIMUS1,U.S. Imports of Kerosene-Type Jet Fuel (Thousand Barrels),3027,MBBL
1993-12,NUS-Z00,U.S.,EPJK,Kerosene-Type Jet Fuel,IM0,Imports,MKJIMUS2,U.S. Imports of Kerosene-Type Jet Fuel (Thousand Barrels per Day),98,MBBL/D
1994-01,NUS-Z00,U.S.,EPJK,Kerosene-Type Jet Fuel,IM0,Imports,MKJIMUS1,U.S. Imports of Kerosene-Type Jet Fuel (Thousand Barrels),3255,MBBL
1994-01,NUS-Z00,U.S.,EPJK,Kerosene-Type Jet Fuel,IM0,Imports,MKJIMUS2,U.S. Imports of Kerosene-Type Jet Fuel (Thousand Barrels per Day),105,MBBL/D
1994-02,NUS-Z00,U.S.,EPJK,Kerosene-Type Jet Fuel,IM0,Imports,MKJIMUS1,U.S. Imports of Kerosene-Type Jet Fuel (Thousand Barrels),3819,MBBL
1994-02,NUS-Z00,U.S.,EPJK,Kerosene-Type Jet Fuel,IM0,Imports,MKJIMUS2,U.S. Imports of Kerosene-Type Jet Fuel (Thousand Barrels per Day),136,MBBL/D
1994-03,NUS-Z00,U.S.,EPJK,Kerosene-Type Jet Fuel,IM0,Imports,MKJIMUS1,U.S. Imports of Kerosene-Type Jet Fuel (Thousand Barrels),3581,MBBL
1994-03,NUS-Z00,U.S.,EPJK,Kerosene-Type Jet Fuel,IM0,Imports,MKJIMUS2,U.S. Imports of Kerosene-Type Jet Fuel (Thousand Barrels per Day),116,MBBL/D
1994-04,NUS-Z00,U.S.,EPJK,Kerosene-Type Jet Fuel,IM0,Imports,MKJIMUS1,U.S. Imports of Kerosene-Type Jet Fuel (Thousand Barrels),2967,MBBL
1994-04,NUS-Z00,U.S.,EPJK,Kerosene-Type Jet Fuel,IM0,Imports,MKJIMUS2,U.S. Imports of Kerosene-Type Jet Fuel (Thousand Barrels per Day),99,MBBL/D
1994-05,NUS-Z00,U.S.,EPJK,Kerosene-Type Jet Fuel,IM0,Imports,MKJIMUS1,U.S. Imports of Kerosene-Type Jet Fuel (Thousand Barrels),3446,MBBL
1994-05,NUS-Z00,U.S.,EPJK,Kerosene-Type Jet Fuel,IM0,Imports,MKJIMUS2,U.S. Imports of Kerosene-Type Jet Fuel (Thousand Barrels per Day),111,MBBL/D
1994-06,NUS-Z00,U.S.,EPJK,Kerosene-Type Jet Fuel,IM0,Imports,MKJIMUS1,U.S. Imports of Kerosene-Type Jet Fuel (Thousand Barrels),3887,MBBL
1994-06,NUS-Z00,U.S.,EPJK,Kerosene-Type Jet Fuel,IM0,Imports,MKJIMUS2,U.S. Imports of Kerosene-Type Jet Fuel (Thousand Barrels per Day),130,MBBL/D
1994-07,NUS-Z00,U.S.,EPJK,Kerosene-Type Jet Fuel,IM0,Imports,MKJIMUS1,U.S. Imports of Kerosene-Type Jet Fuel (Thousand Barrels),2712,MBBL
1994-07,NUS-Z00,U.S.,EPJK,Kerosene-Type Jet Fuel,IM0,Imports,MKJIMUS2,U.S. Imports of Kerosene-Type Jet Fuel (Thousand Barrels per Day),87,MBBL/D
1994-08,NUS-Z00,U.S.,EPJK,Kerosene-Type Jet Fuel,IM0,Imports,MKJIMUS1,U.S. Imports of Kerosene-Type Jet Fuel (Thousand Barrels),2742,MBBL
1994-08,NUS-Z00,U.S.,EPJK,Kerosene-Type Jet Fuel,IM0,Imports,MKJIMUS2,U.S. Imports of Kerosene-Type Jet Fuel (Thousand Barrels per Day),88,MBBL/D
1994-09,NUS-Z00,U.S.,EPJK,Kerosene-Type Jet Fuel,IM0,Imports,MKJIMUS1,U.S. Imports of Kerosene-Type Jet Fuel (Thousand Barrels),3498,MBBL
1994-09,NUS-Z00,U.S.,EPJK,Kerosene-Type Jet Fuel,IM0,Imports,MKJIMUS2,U.S. Imports of Kerosene-Type Jet Fuel (Thousand Barrels per Day),117,MBBL/D
1994-10,NUS-Z00,U.S.,EPJK,Kerosene-Type Jet Fuel,IM0,Imports,MKJIMUS1,U.S. Imports of Kerosene-Type Jet Fuel (Thousand Barrels),3064,MBBL
1994-10,NUS-Z00,U.S.,EPJK,Kerosene-Type Jet Fuel,IM0,Imports,MKJIMUS2,U.S. Imports of Kerosene-Type Jet Fuel (Thousand Barrels per Day),99,MBBL/D
1994-11,NUS-Z00,U.S.,EPJK,Kerosene-Type Jet Fuel,IM0,Imports,MKJIMUS1,U.S. Imports of Kerosene-Type Jet Fuel (Thousand Barrels),2686,MBBL
1994-11,NUS-Z00,U.S.,EPJK,Kerosene-Type Jet Fuel,IM0,Imports,MKJIMUS2,U.S. Imports of Kerosene-Type Jet Fuel (Thousand Barrels per Day),90,MBBL/D
1994-12,NUS-Z00,U.S.,EPJK,Kerosene-Type Jet Fuel,IM0,Imports,MKJIMUS1,U.S. Imports of Kerosene-Type Jet Fuel (Thousand Barrels),3373,MBBL
1994-12,NUS-Z00,U.S.,EPJK,Kerosene-Type Jet Fuel,IM0,Imports,MKJIMUS2,U.S. Imports of Kerosene-Type Jet Fuel (Thousand Barrels per Day),109,MBBL/D
1995-01,NUS-Z00,U.S.,EPJK,Kerosene-Type Jet Fuel,IM0,Imports,MKJIMUS1,U.S. Imports of Kerosene-Type Jet Fuel (Thousand Barrels),2314,MBBL
1995-01,NUS-Z00,U.S.,EPJK,Kerosene-Type Jet Fuel,IM0,Imports,MKJIMUS2,U.S. Imports of Kerosene-Type Jet Fuel (Thousand Barrels per Day),75,MBBL/D
1995-02,NUS-Z00,U.S.,EPJK,Kerosene-Type Jet Fuel,IM0,Imports,MKJIMUS1,U.S. Imports of Kerosene-Type Jet Fuel (Thousand Barrels),3430,MBBL
1995-02,NUS-Z00,U.S.,EPJK,Kerosene-Type Jet Fuel,IM0,Imports,MKJIMUS2,U.S. Imports of Kerosene-Type Jet Fuel (Thousand Barrels per Day),123,MBBL/D
1995-03,NUS-Z00,U.S.,EPJK,Kerosene-Type Jet Fuel,IM0,Imports,MKJIMUS1,U.S. Imports of Kerosene-Type Jet Fuel (Thousand Barrels),3079,MBBL
1995-03,NUS-Z00,U.S.,EPJK,Kerosene-Type Jet Fuel,IM0,Imports,MKJIMUS2,U.S. Imports of Kerosene-Type Jet Fuel (Thousand Barrels per Day),99,MBBL/D
1995-04,NUS-Z00,U.S.,EPJK,Kerosene-Type Jet Fuel,IM0,Imports,MKJIMUS1,U.S. Imports of Kerosene-Type Jet Fuel (Thousand Barrels),2215,MBBL
1995-04,NUS-Z00,U.S.,EPJK,Kerosene-Type Jet Fuel,IM0,Imports,MKJIMUS2,U.S. Imports of Kerosene-Type Jet Fuel (Thousand Barrels per Day),74,MBBL/D
1995-05,NUS-Z00,U.S.,EPJK,Kerosene-Type Jet Fuel,IM0,Imports,MKJIMUS1,U.S. Imports of Kerosene-Type Jet Fuel (Thousand Barrels),2965,MBBL
1995-05,NUS-Z00,U.S.,EPJK,Kerosene-Type Jet Fuel,IM0,Imports,MKJIMUS2,U.S. Imports of Kerosene-Type Jet Fuel (Thousand Barrels per Day),96,MBBL/D
1995-06,NUS-Z00,U.S.,EPJK,Kerosene-Type Jet Fuel,IM0,Imports,MKJIMUS1,U.S. Imports of Kerosene-Type Jet Fuel (Thousand Barrels),2315,MBBL
1995-06,NUS-Z00,U.S.,EPJK,Kerosene-Type Jet Fuel,IM0,Imports,MKJIMUS2,U.S. Imports of Kerosene-Type Jet Fuel (Thousand Barrels per Day),77,MBBL/D
1995-07,NUS-Z00,U.S.,EPJK,Kerosene-Type Jet Fuel,IM0,Imports,MKJIMUS1,U.S. Imports of Kerosene-Type Jet Fuel (Thousand Barrels),2088,MBBL
1995-07,NUS-Z00,U.S.,EPJK,Kerosene-Type Jet Fuel,IM0,Imports,MKJIMUS2,U.S. Imports of Kerosene-Type Jet Fuel (Thousand Barrels per Day),67,MBBL/D
1995-08,NUS-Z00,U.S.,EPJK,Kerosene-Type Jet Fuel,IM0,Imports,MKJIMUS1,U.S. Imports of Kerosene-Type Jet Fuel (Thousand Barrels),2537,MBBL
1995-08,NUS-Z00,U.S.,EPJK,Kerosene-Type Jet Fuel,IM0,Imports,MKJIMUS2,U.S. Imports of Kerosene-Type Jet Fuel (Thousand Barrels per Day),82,MBBL/D
1995-09,NUS-Z00,U.S.,EPJK,Kerosene-Type Jet Fuel,IM0,Imports,MKJIMUS1,U.S. Imports of Kerosene-Type Jet Fuel (Thousand Barrels),3252,MBBL
1995-09,NUS-Z00,U.S.,EPJK,Kerosene-Type Jet Fuel,IM0,Imports,MKJIMUS2,U.S. Imports of Kerosene-Type Jet Fuel (Thousand Barrels per Day),108,MBBL/D
1995-10,NUS-Z00,U.S.,EPJK,Kerosene-Type Jet Fuel,IM0,Imports,MKJIMUS1,U.S. Imports of Kerosene-Type Jet Fuel (Thousand Barrels),3077,MBBL
1995-10,NUS-Z00,U.S.,EPJK,Kerosene-Type Jet Fuel,IM0,Imports,MKJIMUS2,U.S. Imports of Kerosene-Type Jet Fuel (Thousand Barrels per Day),99,MBBL/D
1995-11,NUS-Z00,U.S.,EPJK,Kerosene-Type Jet Fuel,IM0,Imports,MKJIMUS1,U.S. Imports of Kerosene-Type Jet Fuel (Thousand Barrels),4930,MBBL
1995-11,NUS-Z00,U.S.,EPJK,Kerosene-Type Jet Fuel,IM0,Imports,MKJIMUS2,U.S. Imports of Kerosene-Type Jet Fuel (Thousand Barrels per Day),164,MBBL/D
1995-12,NUS-Z00,U.S.,EPJK,Kerosene-Type Jet Fuel,IM0,Imports,MKJIMUS1,U.S. Imports of Kerosene-Type Jet Fuel (Thousand Barrels),2763,MBBL
1995-12,NUS-Z00,U.S.,EPJK,Kerosene-Type Jet Fuel,IM0,Imports,MKJIMUS2,U.S. Imports of Kerosene-Type Jet Fuel (Thousand Barrels per Day),89,MBBL/D
1996-01,NUS-Z00,U.S.,EPJK,Kerosene-Type Jet Fuel,IM0,Imports,MKJIMUS1,U.S. Imports of Kerosene-Type Jet Fuel (Thousand Barrels),2763,MBBL
1996-01,NUS-Z00,U.S.,EPJK,Kerosene-Type Jet Fuel,IM0,Imports,MKJIMUS2,U.S. Imports of Kerosene-Type Jet Fuel (Thousand Barrels per Day),89,MBBL/D
1996-02,NUS-Z00,U.S.,EPJK,Kerosene-Type Jet Fuel,IM0,Imports,MKJIMUS1,U.S. Imports of Kerosene-Type Jet Fuel (Thousand Barrels),2908,MBBL
1996-02,NUS-Z00,U.S.,EPJK,Kerosene-Type Jet Fuel,IM0,Imports,MKJIMUS2,U.S. Imports of Kerosene-Type Jet Fuel (Thousand Barrels per Day),100,MBBL/D
1996-03,NUS-Z00,U.S.,EPJK,Kerosene-Type Jet Fuel,IM0,Imports,MKJIMUS1,U.S. Imports of Kerosene-Type Jet Fuel (Thousand Barrels),3269,MBBL
1996-03,NUS-Z00,U.S.,EPJK,Kerosene-Type Jet Fuel,IM0,Imports,MKJIMUS2,U.S. Imports of Kerosene-Type Jet Fuel (Thousand Barrels per Day),105,MBBL/D
1996-04,NUS-Z00,U.S.,EPJK,Kerosene-Type Jet Fuel,IM0,Imports,MKJIMUS1,U.S. Imports of Kerosene-Type Jet Fuel (Thousand Barrels),3357,MBBL
1996-04,NUS-Z00,U.S.,EPJK,Kerosene-Type Jet Fuel,IM0,Imports,MKJIMUS2,U.S. Imports of Kerosene-Type Jet Fuel (Thousand Barrels per Day),112,MBBL/D
1996-05,NUS-Z00,U.S.,EPJK,Kerosene-Type Jet Fuel,IM0,Imports,MKJIMUS1,U.S. Imports of Kerosene-Type Jet Fuel (Thousand Barrels),3197,MBBL
1996-05,NUS-Z00,U.S.,EPJK,Kerosene-Type Jet Fuel,IM0,Imports,MKJIMUS2,U.S. Imports of Kerosene-Type Jet Fuel (Thousand Barrels per Day),103,MBBL/D
1996-06,NUS-Z00,U.S.,EPJK,Kerosene-Type Jet Fuel,IM0,Imports,MKJIMUS1,U.S. Imports of Kerosene-Type Jet Fuel (Thousand Barrels),3799,MBBL
1996-06,NUS-Z00,U.S.,EPJK,Kerosene-Type Jet Fuel,IM0,Imports,MKJIMUS2,U.S. Imports of Kerosene-Type Jet Fuel (Thousand Barrels per Day),127,MBBL/D
1996-07,NUS-Z00,U.S.,EPJK,Kerosene-Type Jet Fuel,IM0,Imports,MKJIMUS1,U.S. Imports of Kerosene-Type Jet Fuel (Thousand Barrels),2753,MBBL
1996-07,NUS-Z00,U.S.,EPJK,Kerosene-Type Jet Fuel,IM0,Imports,MKJIMUS2,U.S. Imports of Kerosene-Type Jet Fuel (Thousand Barrels per Day),89,MBBL/D
1996-08,NUS-Z00,U.S.,EPJK,Kerosene-Type Jet Fuel,IM0,Imports,MKJIMUS1,U.S. Imports of Kerosene-Type Jet Fuel (Thousand Barrels),3234,MBBL
1996-08,NUS-Z00,U.S.,EPJK,Kerosene-Type Jet Fuel,IM0,Imports,MKJIMUS2,U.S. Imports of Kerosene-Type Jet Fuel (Thousand Barrels per Day),104,MBBL/D
1996-09,NUS-Z00,U.S.,EPJK,Kerosene-Type Jet Fuel,IM0,Imports,MKJIMUS1,U.S. Imports of Kerosene-Type Jet Fuel (Thousand Barrels),4755,MBBL
1996-09,NUS-Z00,U.S.,EPJK,Kerosene-Type Jet Fuel,IM0,Imports,MKJIMUS2,U.S. Imports of Kerosene-Type Jet Fuel (Thousand Barrels per Day),159,MBBL/D
1996-10,NUS-Z00,U.S.,EPJK,Kerosene-Type Jet Fuel,IM0,Imports,MKJIMUS1,U.S. Imports of Kerosene-Type Jet Fuel (Thousand Barrels),3898,MBBL
1996-10,NUS-Z00,U.S.,EPJK,Kerosene-Type Jet Fuel,IM0,Imports,MKJIMUS2,U.S. Imports of Kerosene-Type Jet Fuel (Thousand Barrels per Day),126,MBBL/D
1996-11,NUS-Z00,U.S.,EPJK,Kerosene-Type Jet Fuel,IM0,Imports,MKJIMUS1,U.S. Imports of Kerosene-Type Jet Fuel (Thousand Barrels),2596,MBBL
1996-11,NUS-Z00,U.S.,EPJK,Kerosene-Type Jet Fuel,IM0,Imports,MKJIMUS2,U.S. Imports of Kerosene-Type Jet Fuel (Thousand Barrels per Day),87,MBBL/D
1996-12,NUS-Z00,U.S.,EPJK,Kerosene-Type Jet Fuel,IM0,Imports,MKJIMUS1,U.S. Imports of Kerosene-Type Jet Fuel (Thousand Barrels),3422,MBBL
1996-12,NUS-Z00,U.S.,EPJK,Kerosene-Type Jet Fuel,IM0,Imports,MKJIMUS2,U.S. Imports of Kerosene-Type Jet Fuel (Thousand Barrels per Day),110,MBBL/D
1997-01,NUS-Z00,U.S.,EPJK,Kerosene-Type Jet Fuel,IM0,Imports,MKJIMUS1,U.S. Imports of Kerosene-Type Jet Fuel (Thousand Barrels),3113,MBBL
1997-01,NUS-Z00,U.S.,EPJK,Kerosene-Type Jet Fuel,IM0,Imports,MKJIMUS2,U.S. Imports of Kerosene-Type Jet Fuel (Thousand Barrels per Day),100,MBBL/D
1997-02,NUS-Z00,U.S.,EPJK,Kerosene-Type Jet Fuel,IM0,Imports,MKJIMUS1,U.S. Imports of Kerosene-Type Jet Fuel (Thousand Barrels),3237,MBBL
1997-02,NUS-Z00,U.S.,EPJK,Kerosene-Type Jet Fuel,IM0,Imports,MKJIMUS2,U.S. Imports of Kerosene-Type Jet Fuel (Thousand Barrels per Day),116,MBBL/D
1997-03,NUS-Z00,U.S.,EPJK,Kerosene-Type Jet Fuel,IM0,Imports,MKJIMUS1,U.S. Imports of Kerosene-Type Jet Fuel (Thousand Barrels),3299,MBBL
1997-03,NUS-Z00,U.S.,EPJK,Kerosene-Type Jet Fuel,IM0,Imports,MKJIMUS2,U.S. Imports of Kerosene-Type Jet Fuel (Thousand Barrels per Day),106,MBBL/D
1997-04,NUS-Z00,U.S.,EPJK,Kerosene-Type Jet Fuel,IM0,Imports,MKJIMUS1,U.S. Imports of Kerosene-Type Jet Fuel (Thousand Barrels),2944,MBBL
1997-04,NUS-Z00,U.S.,EPJK,Kerosene-Type Jet Fuel,IM0,Imports,MKJIMUS2,U.S. Imports of Kerosene-Type Jet Fuel (Thousand Barrels per Day),98,MBBL/D
1997-05,NUS-Z00,U.S.,EPJK,Kerosene-Type Jet Fuel,IM0,Imports,MKJIMUS1,U.S. Imports of Kerosene-Type Jet Fuel (Thousand Barrels),2826,MBBL
1997-05,NUS-Z00,U.S.,EPJK,Kerosene-Type Jet Fuel,IM0,Imports,MKJIMUS2,U.S. Imports of Kerosene-Type Jet Fuel (Thousand Barrels per Day),91,MBBL/D
1997-06,NUS-Z00,U.S.,EPJK,Kerosene-Type Jet Fuel,IM0,Imports,MKJIMUS1,U.S. Imports of Kerosene-Type Jet Fuel (Thousand Barrels),3245,MBBL
1997-06,NUS-Z00,U.S.,EPJK,Kerosene-Type Jet Fuel,IM0,Imports,MKJIMUS2,U.S. Imports of Kerosene-Type Jet Fuel (Thousand Barrels per Day),108,MBBL/D
1997-07,NUS-Z00,U.S.,EPJK,Kerosene-Type Jet Fuel,IM0,Imports,MKJIMUS1,U.S. Imports of Kerosene-Type Jet Fuel (Thousand Barrels),2658,MBBL
1997-07,NUS-Z00,U.S.,EPJK,Kerosene-Type Jet Fuel,IM0,Imports,MKJIMUS2,U.S. Imports of Kerosene-Type Jet Fuel (Thousand Barrels per Day),86,MBBL/D
1997-08,NUS-Z00,U.S.,EPJK,Kerosene-Type Jet Fuel,IM0,Imports,MKJIMUS1,U.S. Imports of Kerosene-Type Jet Fuel (Thousand Barrels),3178,MBBL
1997-08,NUS-Z00,U.S.,EPJK,Kerosene-Type Jet Fuel,IM0,Imports,MKJIMUS2,U.S. Imports of Kerosene-Type Jet Fuel (Thousand Barrels per Day),103,MBBL/D
1997-09,NUS-Z00,U.S.,EPJK,Kerosene-Type Jet Fuel,IM0,Imports,MKJIMUS1,U.S. Imports of Kerosene-Type Jet Fuel (Thousand Barrels),2602,MBBL
1997-09,NUS-Z00,U.S.,EPJK,Kerosene-Type Jet Fuel,IM0,Imports,MKJIMUS2,U.S. Imports of Kerosene-Type Jet Fuel (Thousand Barrels per Day),87,MBBL/D
1997-10,NUS-Z00,U.S.,EPJK,Kerosene-Type Jet Fuel,IM0,Imports,MKJIMUS1,U.S. Imports of Kerosene-Type Jet Fuel (Thousand Barrels),2402,MBBL
1997-10,NUS-Z00,U.S.,EPJK,Kerosene-Type Jet Fuel,IM0,Imports,MKJIMUS2,U.S. Imports of Kerosene-Type Jet Fuel (Thousand Barrels per Day),77,MBBL/D
1997-11,NUS-Z00,U.S.,EPJK,Kerosene-Type Jet Fuel,IM0,Imports,MKJIMUS1,U.S. Imports of Kerosene-Type Jet Fuel (Thousand Barrels),1656,MBBL
1997-11,NUS-Z00,U.S.,EPJK,Kerosene-Type Jet Fuel,IM0,Imports,MKJIMUS2,U.S. Imports of Kerosene-Type Jet Fuel (Thousand Barrels per Day),55,MBBL/D
1997-12,NUS-Z00,U.S.,EPJK,Kerosene-Type Jet Fuel,IM0,Imports,MKJIMUS1,U.S. Imports of Kerosene-Type Jet Fuel (Thousand Barrels),1949,MBBL
1997-12,NUS-Z00,U.S.,EPJK,Kerosene-Type Jet Fuel,IM0,Imports,MKJIMUS2,U.S. Imports of Kerosene-Type Jet Fuel (Thousand Barrels per Day),63,MBBL/D
1998-01,NUS-Z00,U.S.,EPJK,Kerosene-Type Jet Fuel,IM0,Imports,MKJIMUS1,U.S. Imports of Kerosene-Type Jet Fuel (Thousand Barrels),2643,MBBL
1998-01,NUS-Z00,U.S.,EPJK,Kerosene-Type Jet Fuel,IM0,Imports,MKJIMUS2,U.S. Imports of Kerosene-Type Jet Fuel (Thousand Barrels per Day),85,MBBL/D
1998-02,NUS-Z00,U.S.,EPJK,Kerosene-Type Jet Fuel,IM0,Imports,MKJIMUS1,U.S. Imports of Kerosene-Type Jet Fuel (Thousand Barrels),3553,MBBL
1998-02,NUS-Z00,U.S.,EPJK,Kerosene-Type Jet Fuel,IM0,Imports,MKJIMUS2,U.S. Imports of Kerosene-Type Jet Fuel (Thousand Barrels per Day),127,MBBL/D
1998-03,NUS-Z00,U.S.,EPJK,Kerosene-Type Jet Fuel,IM0,Imports,MKJIMUS1,U.S. Imports of Kerosene-Type Jet Fuel (Thousand Barrels),4468,MBBL
1998-03,NUS-Z00,U.S.,EPJK,Kerosene-Type Jet Fuel,IM0,Imports,MKJIMUS2,U.S. Imports of Kerosene-Type Jet Fuel (Thousand Barrels per Day),144,MBBL/D
1998-04,NUS-Z00,U.S.,EPJK,Kerosene-Type Jet Fuel,IM0,Imports,MKJIMUS1,U.S. Imports of Kerosene-Type Jet Fuel (Thousand Barrels),3182,MBBL
1998-04,NUS-Z00,U.S.,EPJK,Kerosene-Type Jet Fuel,IM0,Imports,MKJIMUS2,U.S. Imports of Kerosene-Type Jet Fuel (Thousand Barrels per Day),106,MBBL/D
1998-05,NUS-Z00,U.S.,EPJK,Kerosene-Type Jet Fuel,IM0,Imports,MKJIMUS1,U.S. Imports of Kerosene-Type Jet Fuel (Thousand Barrels),4688,MBBL
1998-05,NUS-Z00,U.S.,EPJK,Kerosene-Type Jet Fuel,IM0,Imports,MKJIMUS2,U.S. Imports of Kerosene-Type Jet Fuel (Thousand Barrels per Day),151,MBBL/D
1998-06,NUS-Z00,U.S.,EPJK,Kerosene-Type Jet Fuel,IM0,Imports,MKJIMUS1,U.S. Imports of Kerosene-Type Jet Fuel (Thousand Barrels),3466,MBBL
1998-06,NUS-Z00,U.S.,EPJK,Kerosene-Type Jet Fuel,IM0,Imports,MKJIMUS2,U.S. Imports of Kerosene-Type Jet Fuel (Thousand Barrels per Day),116,MBBL/D
1998-07,NUS-Z00,U.S.,EPJK,Kerosene-Type Jet Fuel,IM0,Imports,MKJIMUS1,U.S. Imports of Kerosene-Type Jet Fuel (Thousand Barrels),3621,MBBL
1998-07,NUS-Z00,U.S.,EPJK,Kerosene-Type Jet Fuel,IM0,Imports,MKJIMUS2,U.S. Imports of Kerosene-Type Jet Fuel (Thousand Barrels per Day),117,MBBL/D
1998-08,NUS-Z00,U.S.,EPJK,Kerosene-Type Jet Fuel,IM0,Imports,MKJIMUS1,U.S. Imports of Kerosene-Type Jet Fuel (Thousand Barrels),4516,MBBL
1998-08,NUS-Z00,U.S.,EPJK,Kerosene-Type Jet Fuel,IM0,Imports,MKJIMUS2,U.S. Imports of Kerosene-Type Jet Fuel (Thousand Barrels per Day),146,MBBL/D
1998-09,NUS-Z00,U.S.,EPJK,Kerosene-Type Jet Fuel,IM0,Imports,MKJIMUS1,U.S. Imports of Kerosene-Type Jet Fuel (Thousand Barrels),2725,MBBL
1998-09,NUS-Z00,U.S.,EPJK,Kerosene-Type Jet Fuel,IM0,Imports,MKJIMUS2,U.S. Imports of Kerosene-Type Jet Fuel (Thousand Barrels per Day),91,MBBL/D
1998-10,NUS-Z00,U.S.,EPJK,Kerosene-Type Jet Fuel,IM0,Imports,MKJIMUS1,U.S. Imports of Kerosene-Type Jet Fuel (Thousand Barrels),4335,MBBL
1998-10,NUS-Z00,U.S.,EPJK,Kerosene-Type Jet Fuel,IM0,Imports,MKJIMUS2,U.S. Imports of Kerosene-Type Jet Fuel (Thousand Barrels per Day),140,MBBL/D
1998-11,NUS-Z00,U.S.,EPJK,Kerosene-Type Jet Fuel,IM0,Imports,MKJIMUS1,U.S. Imports of Kerosene-Type Jet Fuel (Thousand Barrels),3930,MBBL
1998-11,NUS-Z00,U.S.,EPJK,Kerosene-Type Jet Fuel,IM0,Imports,MKJIMUS2,U.S. Imports of Kerosene-Type Jet Fuel (Thousand Barrels per Day),131,MBBL/D
1998-12,NUS-Z00,U.S.,EPJK,Kerosene-Type Jet Fuel,IM0,Imports,MKJIMUS1,U.S. Imports of Kerosene-Type Jet Fuel (Thousand Barrels),4016,MBBL
1998-12,NUS-Z00,U.S.,EPJK,Kerosene-Type Jet Fuel,IM0,Imports,MKJIMUS2,U.S. Imports of Kerosene-Type Jet Fuel (Thousand Barrels per Day),130,MBBL/D
1999-01,NUS-Z00,U.S.,EPJK,Kerosene-Type Jet Fuel,IM0,Imports,MKJIMUS1,U.S. Imports of Kerosene-Type Jet Fuel (Thousand Barrels),4101,MBBL
1999-01,NUS-Z00,U.S.,EPJK,Kerosene-Type Jet Fuel,IM0,Imports,MKJIMUS2,U.S. Imports of Kerosene-Type Jet Fuel (Thousand Barrels per Day),132,MBBL/D
1999-02,NUS-Z00,U.S.,EPJK,Kerosene-Type Jet Fuel,IM0,Imports,MKJIMUS1,U.S. Imports of Kerosene-Type Jet Fuel (Thousand Barrels),4390,MBBL
1999-02,NUS-Z00,U.S.,EPJK,Kerosene-Type Jet Fuel,IM0,Imports,MKJIMUS2,U.S. Imports of Kerosene-Type Jet Fuel (Thousand Barrels per Day),157,MBBL/D
1999-03,NUS-Z00,U.S.,EPJK,Kerosene-Type Jet Fuel,IM0,Imports,MKJIMUS1,U.S. Imports of Kerosene-Type Jet Fuel (Thousand Barrels),2638,MBBL
1999-03,NUS-Z00,U.S.,EPJK,Kerosene-Type Jet Fuel,IM0,Imports,MKJIMUS2,U.S. Imports of Kerosene-Type Jet Fuel (Thousand Barrels per Day),85,MBBL/D
1999-04,NUS-Z00,U.S.,EPJK,Kerosene-Type Jet Fuel,IM0,Imports,MKJIMUS1,U.S. Imports of Kerosene-Type Jet Fuel (Thousand Barrels),4850,MBBL
1999-04,NUS-Z00,U.S.,EPJK,Kerosene-Type Jet Fuel,IM0,Imports,MKJIMUS2,U.S. Imports of Kerosene-Type Jet Fuel (Thousand Barrels per Day),162,MBBL/D
1999-05,NUS-Z00,U.S.,EPJK,Kerosene-Type Jet Fuel,IM0,Imports,MKJIMUS1,U.S. Imports of Kerosene-Type Jet Fuel (Thousand Barrels),4589,MBBL
1999-05,NUS-Z00,U.S.,EPJK,Kerosene-Type Jet Fuel,IM0,Imports,MKJIMUS2,U.S. Imports of Kerosene-Type Jet Fuel (Thousand Barrels per Day),148,MBBL/D
1999-06,NUS-Z00,U.S.,EPJK,Kerosene-Type Jet Fuel,IM0,Imports,MKJIMUS1,U.S. Imports of Kerosene-Type Jet Fuel (Thousand Barrels),1944,MBBL
1999-06,NUS-Z00,U.S.,EPJK,Kerosene-Type Jet Fuel,IM0,Imports,MKJIMUS2,U.S. Imports of Kerosene-Type Jet Fuel (Thousand Barrels per Day),65,MBBL/D
1999-07,NUS-Z00,U.S.,EPJK,Kerosene-Type Jet Fuel,IM0,Imports,MKJIMUS1,U.S. Imports of Kerosene-Type Jet Fuel (Thousand Barrels),4797,MBBL
1999-07,NUS-Z00,U.S.,EPJK,Kerosene-Type Jet Fuel,IM0,Imports,MKJIMUS2,U.S. Imports of Kerosene-Type Jet Fuel (Thousand Barrels per Day),155,MBBL/D
1999-08,NUS-Z00,U.S.,EPJK,Kerosene-Type Jet Fuel,IM0,Imports,MKJIMUS1,U.S. Imports of Kerosene-Type Jet Fuel (Thousand Barrels),5447,MBBL
1999-08,NUS-Z00,U.S.,EPJK,Kerosene-Type Jet Fuel,IM0,Imports,MKJIMUS2,U.S. Imports of Kerosene-Type Jet Fuel (Thousand Barrels per Day),176,MBBL/D
1999-09,NUS-Z00,U.S.,EPJK,Kerosene-Type Jet Fuel,IM0,Imports,MKJIMUS1,U.S. Imports of Kerosene-Type Jet Fuel (Thousand Barrels),4545,MBBL
1999-09,NUS-Z00,U.S.,EPJK,Kerosene-Type Jet Fuel,IM0,Imports,MKJIMUS2,U.S. Imports of Kerosene-Type Jet Fuel (Thousand Barrels per Day),152,MBBL/D
1999-10,NUS-Z00,U.S.,EPJK,Kerosene-Type Jet Fuel,IM0,Imports,MKJIMUS1,U.S. Imports of Kerosene-Type Jet Fuel (Thousand Barrels),3017,MBBL
1999-10,NUS-Z00,U.S.,EPJK,Kerosene-Type Jet Fuel,IM0,Imports,MKJIMUS2,U.S. Imports of Kerosene-Type Jet Fuel (Thousand Barrels per Day),97,MBBL/D
1999-11,NUS-Z00,U.S.,EPJK,Kerosene-Type Jet Fuel,IM0,Imports,MKJIMUS1,U.S. Imports of Kerosene-Type Jet Fuel (Thousand Barrels),2446,MBBL
1999-11,NUS-Z00,U.S.,EPJK,Kerosene-Type Jet Fuel,IM0,Imports,MKJIMUS2,U.S. Imports of Kerosene-Type Jet Fuel (Thousand Barrels per Day),82,MBBL/D
1999-12,NUS-Z00,U.S.,EPJK,Kerosene-Type Jet Fuel,IM0,Imports,MKJIMUS1,U.S. Imports of Kerosene-Type Jet Fuel (Thousand Barrels),3968,MBBL
1999-12,NUS-Z00,U.S.,EPJK,Kerosene-Type Jet Fuel,IM0,Imports,MKJIMUS2,U.S. Imports of Kerosene-Type Jet Fuel (Thousand Barrels per Day),128,MBBL/D
2000-01,NUS-Z00,U.S.,EPJK,Kerosene-Type Jet Fuel,IM0,Imports,MKJIMUS1,U.S. Imports of Kerosene-Type Jet Fuel (Thousand Barrels),3769,MBBL
2000-01,NUS-Z00,U.S.,EPJK,Kerosene-Type Jet Fuel,IM0,Imports,MKJIMUS2,U.S. Imports of Kerosene-Type Jet Fuel (Thousand Barrels per Day),122,MBBL/D
2000-02,NUS-Z00,U.S.,EPJK,Kerosene-Type Jet Fuel,IM0,Imports,MKJIMUS1,U.S. Imports of Kerosene-Type Jet Fuel (Thousand Barrels),5020,MBBL
2000-02,NUS-Z00,U.S.,EPJK,Kerosene-Type Jet Fuel,IM0,Imports,MKJIMUS2,U.S. Imports of Kerosene-Type Jet Fuel (Thousand Barrels per Day),173,MBBL/D
2000-03,NUS-Z00,U.S.,EPJK,Kerosene-Type Jet Fuel,IM0,Imports,MKJIMUS1,U.S. Imports of Kerosene-Type Jet Fuel (Thousand Barrels),3711,MBBL
2000-03,NUS-Z00,U.S.,EPJK,Kerosene-Type Jet Fuel,IM0,Imports,MKJIMUS2,U.S. Imports of Kerosene-Type Jet Fuel (Thousand Barrels per Day),120,MBBL/D
2000-04,NUS-Z00,U.S.,EPJK,Kerosene-Type Jet Fuel,IM0,Imports,MKJIMUS1,U.S. Imports of Kerosene-Type Jet Fuel (Thousand Barrels),3810,MBBL
2000-04,NUS-Z00,U.S.,EPJK,Kerosene-Type Jet Fuel,IM0,Imports,MKJIMUS2,U.S. Imports of Kerosene-Type Jet Fuel (Thousand Barrels per Day),127,MBBL/D
2000-05,NUS-Z00,U.S.,EPJK,Kerosene-Type Jet Fuel,IM0,Imports,MKJIMUS1,U.S. Imports of Kerosene-Type Jet Fuel (Thousand Barrels),4451,MBBL
2000-05,NUS-Z00,U.S.,EPJK,Kerosene-Type Jet Fuel,IM0,Imports,MKJIMUS2,U.S. Imports of Kerosene-Type Jet Fuel (Thousand Barrels per Day),144,MBBL/D
2000-06,NUS-Z00,U.S.,EPJK,Kerosene-Type Jet Fuel,IM0,Imports,MKJIMUS1,U.S. Imports of Kerosene-Type Jet Fuel (Thousand Barrels),5810,MBBL
2000-06,NUS-Z00,U.S.,EPJK,Kerosene-Type Jet Fuel,IM0,Imports,MKJIMUS2,U.S. Imports of Kerosene-Type Jet Fuel (Thousand Barrels per Day),194,MBBL/D
2000-07,NUS-Z00,U.S.,EPJK,Kerosene-Type Jet Fuel,IM0,Imports,MKJIMUS1,U.S. Imports of Kerosene-Type Jet Fuel (Thousand Barrels),3872,MBBL
2000-07,NUS-Z00,U.S.,EPJK,Kerosene-Type Jet Fuel,IM0,Imports,MKJIMUS2,U.S. Imports of Kerosene-Type Jet Fuel (Thousand Barrels per Day),125,MBBL/D
2000-08,NUS-Z00,U.S.,EPJK,Kerosene-Type Jet Fuel,IM0,Imports,MKJIMUS1,U.S. Imports of Kerosene-Type Jet Fuel (Thousand Barrels),6840,MBBL
2000-08,NUS-Z00,U.S.,EPJK,Kerosene-Type Jet Fuel,IM0,Imports,MKJIMUS2,U.S. Imports of Kerosene-Type Jet Fuel (Thousand Barrels per Day),221,MBBL/D
2000-09,NUS-Z00,U.S.,EPJK,Kerosene-Type Jet Fuel,IM0,Imports,MKJIMUS1,U.S. Imports of Kerosene-Type Jet Fuel (Thousand Barrels),3827,MBBL
2000-09,NUS-Z00,U.S.,EPJK,Kerosene-Type Jet Fuel,IM0,Imports,MKJIMUS2,U.S. Imports of Kerosene-Type Jet Fuel (Thousand Barrels per Day),128,MBBL/D
2000-10,NUS-Z00,U.S.,EPJK,Kerosene-Type Jet Fuel,IM0,Imports,MKJIMUS1,U.S. Imports of Kerosene-Type Jet Fuel (Thousand Barrels),5763,MBBL
2000-10,NUS-Z00,U.S.,EPJK,Kerosene-Type Jet Fuel,IM0,Imports,MKJIMUS2,U.S. Imports of Kerosene-Type Jet Fuel (Thousand Barrels per Day),186,MBBL/D
2000-11,NUS-Z00,U.S.,EPJK,Kerosene-Type Jet Fuel,IM0,Imports,MKJIMUS1,U.S. Imports of Kerosene-Type Jet Fuel (Thousand Barrels),4847,MBBL
2000-11,NUS-Z00,U.S.,EPJK,Kerosene-Type Jet Fuel,IM0,Imports,MKJIMUS2,U.S. Imports of Kerosene-Type Jet Fuel (Thousand Barrels per Day),162,MBBL/D
2000-12,NUS-Z00,U.S.,EPJK,Kerosene-Type Jet Fuel,IM0,Imports,MKJIMUS1,U.S. Imports of Kerosene-Type Jet Fuel (Thousand Barrels),7405,MBBL
2000-12,NUS-Z00,U.S.,EPJK,Kerosene-Type Jet Fuel,IM0,Imports,MKJIMUS2,U.S. Imports of Kerosene-Type Jet Fuel (Thousand Barrels per Day),239,MBBL/D
2001-01,NUS-Z00,U.S.,EPJK,Kerosene-Type Jet Fuel,IM0,Imports,MKJIMUS1,U.S. Imports of Kerosene-Type Jet Fuel (Thousand Barrels),7494,MBBL
2001-01,NUS-Z00,U.S.,EPJK,Kerosene-Type Jet Fuel,IM0,Imports,MKJIMUS2,U.S. Imports of Kerosene-Type Jet Fuel (Thousand Barrels per Day),242,MBBL/D
2001-02,NUS-Z00,U.S.,EPJK,Kerosene-Type Jet Fuel,IM0,Imports,MKJIMUS1,U.S. Imports of Kerosene-Type Jet Fuel (Thousand Barrels),6443,MBBL
2001-02,NUS-Z00,U.S.,EPJK,Kerosene-Type Jet Fuel,IM0,Imports,MKJIMUS2,U.S. Imports of Kerosene-Type Jet Fuel (Thousand Barrels per Day),230,MBBL/D
2001-03,NUS-Z00,U.S.,EPJK,Kerosene-Type Jet Fuel,IM0,Imports,MKJIMUS1,U.S. Imports of Kerosene-Type Jet Fuel (Thousand Barrels),4496,MBBL
2001-03,NUS-Z00,U.S.,EPJK,Kerosene-Type Jet Fuel,IM0,Imports,MKJIMUS2,U.S. Imports of Kerosene-Type Jet Fuel (Thousand Barrels per Day),145,MBBL/D
2001-04,NUS-Z00,U.S.,EPJK,Kerosene-Type Jet Fuel,IM0,Imports,MKJIMUS1,U.S. Imports of Kerosene-Type Jet Fuel (Thousand Barrels),4596,MBBL
2001-04,NUS-Z00,U.S.,EPJK,Kerosene-Type Jet Fuel,IM0,Imports,MKJIMUS2,U.S. Imports of Kerosene-Type Jet Fuel (Thousand Barrels per Day),153,MBBL/D
2001-05,NUS-Z00,U.S.,EPJK,Kerosene-Type Jet Fuel,IM0,Imports,MKJIMUS1,U.S. Imports of Kerosene-Type Jet Fuel (Thousand Barrels),5413,MBBL
2001-05,NUS-Z00,U.S.,EPJK,Kerosene-Type Jet Fuel,IM0,Imports,MKJIMUS2,U.S. Imports of Kerosene-Type Jet Fuel (Thousand Barrels per Day),175,MBBL/D
2001-06,NUS-Z00,U.S.,EPJK,Kerosene-Type Jet Fuel,IM0,Imports,MKJIMUS1,U.S. Imports of Kerosene-Type Jet Fuel (Thousand Barrels),4829,MBBL
2001-06,NUS-Z00,U.S.,EPJK,Kerosene-Type Jet Fuel,IM0,Imports,MKJIMUS2,U.S. Imports of Kerosene-Type Jet Fuel (Thousand Barrels per Day),161,MBBL/D
2001-07,NUS-Z00,U.S.,EPJK,Kerosene-Type Jet Fuel,IM0,Imports,MKJIMUS1,U.S. Imports of Kerosene-Type Jet Fuel (Thousand Barrels),4000,MBBL
2001-07,NUS-Z00,U.S.,EPJK,Kerosene-Type Jet Fuel,IM0,Imports,MKJIMUS2,U.S. Imports of Kerosene-Type Jet Fuel (Thousand Barrels per Day),129,MBBL/D
2001-08,NUS-Z00,U.S.,EPJK,Kerosene-Type Jet Fuel,IM0,Imports,MKJIMUS1,U.S. Imports of Kerosene-Type Jet Fuel (Thousand Barrels),3819,MBBL
2001-08,NUS-Z00,U.S.,EPJK,Kerosene-Type Jet Fuel,IM0,Imports,MKJIMUS2,U.S. Imports of Kerosene-Type Jet Fuel (Thousand Barrels per Day),123,MBBL/D
2001-09,NUS-Z00,U.S.,EPJK,Kerosene-Type Jet Fuel,IM0,Imports,MKJIMUS1,U.S. Imports of Kerosene-Type Jet Fuel (Thousand Barrels),4974,MBBL
2001-09,NUS-Z00,U.S.,EPJK,Kerosene-Type Jet Fuel,IM0,Imports,MKJIMUS2,U.S. Imports of Kerosene-Type Jet Fuel (Thousand Barrels per Day),166,MBBL/D
2001-10,NUS-Z00,U.S.,EPJK,Kerosene-Type Jet Fuel,IM0,Imports,MKJIMUS1,U.S. Imports of Kerosene-Type Jet Fuel (Thousand Barrels),1960,MBBL
2001-10,NUS-Z00,U.S.,EPJK,Kerosene-Type Jet Fuel,IM0,Imports,MKJIMUS2,U.S. Imports of Kerosene-Type Jet Fuel (Thousand Barrels per Day),63,MBBL/D
2001-11,NUS-Z00,U.S.,EPJK,Kerosene-Type Jet Fuel,IM0,Imports,MKJIMUS1,U.S. Imports of Kerosene-Type Jet Fuel (Thousand Barrels),3116,MBBL
2001-11,NUS-Z00,U.S.,EPJK,Kerosene-Type Jet Fuel,IM0,Imports,MKJIMUS2,U.S. Imports of Kerosene-Type Jet Fuel (Thousand Barrels per Day),104,MBBL/D
2001-12,NUS-Z00,U.S.,EPJK,Kerosene-Type Jet Fuel,IM0,Imports,MKJIMUS1,U.S. Imports of Kerosene-Type Jet Fuel (Thousand Barrels),2925,MBBL
2001-12,NUS-Z00,U.S.,EPJK,Kerosene-Type Jet Fuel,IM0,Imports,MKJIMUS2,U.S. Imports of Kerosene-Type Jet Fuel (Thousand Barrels per Day),94,MBBL/D
2002-01,NUS-Z00,U.S.,EPJK,Kerosene-Type Jet Fuel,IM0,Imports,MKJIMUS1,U.S. Imports of Kerosene-Type Jet Fuel (Thousand Barrels),3084,MBBL
2002-01,NUS-Z00,U.S.,EPJK,Kerosene-Type Jet Fuel,IM0,Imports,MKJIMUS2,U.S. Imports of Kerosene-Type Jet Fuel (Thousand Barrels per Day),99,MBBL/D
2002-02,NUS-Z00,U.S.,EPJK,Kerosene-Type Jet Fuel,IM0,Imports,MKJIMUS1,U.S. Imports of Kerosene-Type Jet Fuel (Thousand Barrels),2994,MBBL
2002-02,NUS-Z00,U.S.,EPJK,Kerosene-Type Jet Fuel,IM0,Imports,MKJIMUS2,U.S. Imports of Kerosene-Type Jet Fuel (Thousand Barrels per Day),107,MBBL/D
2002-03,NUS-Z00,U.S.,EPJK,Kerosene-Type Jet Fuel,IM0,Imports,MKJIMUS1,U.S. Imports of Kerosene-Type Jet Fuel (Thousand Barrels),3366,MBBL
2002-03,NUS-Z00,U.S.,EPJK,Kerosene-Type Jet Fuel,IM0,Imports,MKJIMUS2,U.S. Imports of Kerosene-Type Jet Fuel (Thousand Barrels per Day),109,MBBL/D
2002-04,NUS-Z00,U.S.,EPJK,Kerosene-Type Jet Fuel,IM0,Imports,MKJIMUS1,U.S. Imports of Kerosene-Type Jet Fuel (Thousand Barrels),4097,MBBL
2002-04,NUS-Z00,U.S.,EPJK,Kerosene-Type Jet Fuel,IM0,Imports,MKJIMUS2,U.S. Imports of Kerosene-Type Jet Fuel (Thousand Barrels per Day),137,MBBL/D
2002-05,NUS-Z00,U.S.,EPJK,Kerosene-Type Jet Fuel,IM0,Imports,MKJIMUS1,U.S. Imports of Kerosene-Type Jet Fuel (Thousand Barrels),2454,MBBL
2002-05,NUS-Z00,U.S.,EPJK,Kerosene-Type Jet Fuel,IM0,Imports,MKJIMUS2,U.S. Imports of Kerosene-Type Jet Fuel (Thousand Barrels per Day),79,MBBL/D
2002-06,NUS-Z00,U.S.,EPJK,Kerosene-Type Jet Fuel,IM0,Imports,MKJIMUS1,U.S. Imports of Kerosene-Type Jet Fuel (Thousand Barrels),2416,MBBL
2002-06,NUS-Z00,U.S.,EPJK,Kerosene-Type Jet Fuel,IM0,Imports,MKJIMUS2,U.S. Imports of Kerosene-Type Jet Fuel (Thousand Barrels per Day),81,MBBL/D
2002-07,NUS-Z00,U.S.,EPJK,Kerosene-Type Jet Fuel,IM0,Imports,MKJIMUS1,U.S. Imports of Kerosene-Type Jet Fuel (Thousand Barrels),2865,MBBL
2002-07,NUS-Z00,U.S.,EPJK,Kerosene-Type Jet Fuel,IM0,Imports,MKJIMUS2,U.S. Imports of Kerosene-Type Jet Fuel (Thousand Barrels per Day),92,MBBL/D
2002-08,NUS-Z00,U.S.,EPJK,Kerosene-Type Jet Fuel,IM0,Imports,MKJIMUS1,U.S. Imports of Kerosene-Type Jet Fuel (Thousand Barrels),3457,MBBL
2002-08,NUS-Z00,U.S.,EPJK,Kerosene-Type Jet Fuel,IM0,Imports,MKJIMUS2,U.S. Imports of Kerosene-Type Jet Fuel (Thousand Barrels per Day),112,MBBL/D
2002-09,NUS-Z00,U.S.,EPJK,Kerosene-Type Jet Fuel,IM0,Imports,MKJIMUS1,U.S. Imports of Kerosene-Type Jet Fuel (Thousand Barrels),3330,MBBL
2002-09,NUS-Z00,U.S.,EPJK,Kerosene-Type Jet Fuel,IM0,Imports,MKJIMUS2,U.S. Imports of Kerosene-Type Jet Fuel (Thousand Barrels per Day),111,MBBL/D
2002-10,NUS-Z00,U.S.,EPJK,Kerosene-Type Jet Fuel,IM0,Imports,MKJIMUS1,U.S. Imports of Kerosene-Type Jet Fuel (Thousand Barrels),5314,MBBL
2002-10,NUS-Z00,U.S.,EPJK,Kerosene-Type Jet Fuel,IM0,Imports,MKJIMUS2,U.S. Imports of Kerosene-Type Jet Fuel (Thousand Barrels per Day),171,MBBL/D
2002-11,NUS-Z00,U.S.,EPJK,Kerosene-Type Jet Fuel,IM0,Imports,MKJIMUS1,U.S. Imports of Kerosene-Type Jet Fuel (Thousand Barrels),3516,MBBL
2002-11,NUS-Z00,U.S.,EPJK,Kerosene-Type Jet Fuel,IM0,Imports,MKJIMUS2,U.S. Imports of Kerosene-Type Jet Fuel (Thousand Barrels per Day),117,MBBL/D
2002-12,NUS-Z00,U.S.,EPJK,Kerosene-Type Jet Fuel,IM0,Imports,MKJIMUS1,U.S. Imports of Kerosene-Type Jet Fuel (Thousand Barrels),2332,MBBL
2002-12,NUS-Z00,U.S.,EPJK,Kerosene-Type Jet Fuel,IM0,Imports,MKJIMUS2,U.S. Imports of Kerosene-Type Jet Fuel (Thousand Barrels per Day),75,MBBL/D
2003-01,NUS-Z00,U.S.,EPJK,Kerosene-Type Jet Fuel,IM0,Imports,MKJIMUS1,U.S. Imports of Kerosene-Type Jet Fuel (Thousand Barrels),2922,MBBL
2003-01,NUS-Z00,U.S.,EPJK,Kerosene-Type Jet Fuel,IM0,Imports,MKJIMUS2,U.S. Imports of Kerosene-Type Jet Fuel (Thousand Barrels per Day),94,MBBL/D
2003-02,NUS-Z00,U.S.,EPJK,Kerosene-Type Jet Fuel,IM0,Imports,MKJIMUS1,U.S. Imports of Kerosene-Type Jet Fuel (Thousand Barrels),3065,MBBL
2003-02,NUS-Z00,U.S.,EPJK,Kerosene-Type Jet Fuel,IM0,Imports,MKJIMUS2,U.S. Imports of Kerosene-Type Jet Fuel (Thousand Barrels per Day),109,MBBL/D
2003-03,NUS-Z00,U.S.,EPJK,Kerosene-Type Jet Fuel,IM0,Imports,MKJIMUS1,U.S. Imports of Kerosene-Type Jet Fuel (Thousand Barrels),3636,MBBL
2003-03,NUS-Z00,U.S.,EPJK,Kerosene-Type Jet Fuel,IM0,Imports,MKJIMUS2,U.S. Imports of Kerosene-Type Jet Fuel (Thousand Barrels per Day),117,MBBL/D
2003-04,NUS-Z00,U.S.,EPJK,Kerosene-Type Jet Fuel,IM0,Imports,MKJIMUS1,U.S. Imports of Kerosene-Type Jet Fuel (Thousand Barrels),3179,MBBL
2003-04,NUS-Z00,U.S.,EPJK,Kerosene-Type Jet Fuel,IM0,Imports,MKJIMUS2,U.S. Imports of Kerosene-Type Jet Fuel (Thousand Barrels per Day),106,MBBL/D
2003-05,NUS-Z00,U.S.,EPJK,Kerosene-Type Jet Fuel,IM0,Imports,MKJIMUS1,U.S. Imports of Kerosene-Type Jet Fuel (Thousand Barrels),3767,MBBL
2003-05,NUS-Z00,U.S.,EPJK,Kerosene-Type Jet Fuel,IM0,Imports,MKJIMUS2,U.S. Imports of Kerosene-Type Jet Fuel (Thousand Barrels per Day),122,MBBL/D
2003-06,NUS-Z00,U.S.,EPJK,Kerosene-Type Jet Fuel,IM0,Imports,MKJIMUS1,U.S. Imports of Kerosene-Type Jet Fuel (Thousand Barrels),3561,MBBL
2003-06,NUS-Z00,U.S.,EPJK,Kerosene-Type Jet Fuel,IM0,Imports,MKJIMUS2,U.S. Imports of Kerosene-Type Jet Fuel (Thousand Barrels per Day),119,MBBL/D
2003-07,NUS-Z00,U.S.,EPJK,Kerosene-Type Jet Fuel,IM0,Imports,MKJIMUS1,U.S. Imports of Kerosene-Type Jet Fuel (Thousand Barrels),3902,MBBL
2003-07,NUS-Z00,U.S.,EPJK,Kerosene-Type Jet Fuel,IM0,Imports,MKJIMUS2,U.S. Imports of Kerosene-Type Jet Fuel (Thousand Barrels per Day),126,MBBL/D
2003-08,NUS-Z00,U.S.,EPJK,Kerosene-Type Jet Fuel,IM0,Imports,MKJIMUS1,U.S. Imports of Kerosene-Type Jet Fuel (Thousand Barrels),4008,MBBL
2003-08,NUS-Z00,U.S.,EPJK,Kerosene-Type Jet Fuel,IM0,Imports,MKJIMUS2,U.S. Imports of Kerosene-Type Jet Fuel (Thousand Barrels per Day),129,MBBL/D
2003-09,NUS-Z00,U.S.,EPJK,Kerosene-Type Jet Fuel,IM0,Imports,MKJIMUS1,U.S. Imports of Kerosene-Type Jet Fuel (Thousand Barrels),4070,MBBL
2003-09,NUS-Z00,U.S.,EPJK,Kerosene-Type Jet Fuel,IM0,Imports,MKJIMUS2,U.S. Imports of Kerosene-Type Jet Fuel (Thousand Barrels per Day),136,MBBL/D
2003-10,NUS-Z00,U.S.,EPJK,Kerosene-Type Jet Fuel,IM0,Imports,MKJIMUS1,U.S. Imports of Kerosene-Type Jet Fuel (Thousand Barrels),3202,MBBL
2003-10,NUS-Z00,U.S.,EPJK,Kerosene-Type Jet Fuel,IM0,Imports,MKJIMUS2,U.S. Imports of Kerosene-Type Jet Fuel (Thousand Barrels per Day),103,MBBL/D
2003-11,NUS-Z00,U.S.,EPJK,Kerosene-Type Jet Fuel,IM0,Imports,MKJIMUS1,U.S. Imports of Kerosene-Type Jet Fuel (Thousand Barrels),1367,MBBL
2003-11,NUS-Z00,U.S.,EPJK,Kerosene-Type Jet Fuel,IM0,Imports,MKJIMUS2,U.S. Imports of Kerosene-Type Jet Fuel (Thousand Barrels per Day),46,MBBL/D
2003-12,NUS-Z00,U.S.,EPJK,Kerosene-Type Jet Fuel,IM0,Imports,MKJIMUS1,U.S. Imports of Kerosene-Type Jet Fuel (Thousand Barrels),3130,MBBL
2003-12,NUS-Z00,U.S.,EPJK,Kerosene-Type Jet Fuel,IM0,Imports,MKJIMUS2,U.S. Imports of Kerosene-Type Jet Fuel (Thousand Barrels per Day),101,MBBL/D
2004-01,NUS-Z00,U.S.,EPJK,Kerosene-Type Jet Fuel,IM0,Imports,MKJIMUS1,U.S. Imports of Kerosene-Type Jet Fuel (Thousand Barrels),2402,MBBL
2004-01,NUS-Z00,U.S.,EPJK,Kerosene-Type Jet Fuel,IM0,Imports,MKJIMUS2,U.S. Imports of Kerosene-Type Jet Fuel (Thousand Barrels per Day),77,MBBL/D
2004-02,NUS-Z00,U.S.,EPJK,Kerosene-Type Jet Fuel,IM0,Imports,MKJIMUS1,U.S. Imports of Kerosene-Type Jet Fuel (Thousand Barrels),3187,MBBL
2004-02,NUS-Z00,U.S.,EPJK,Kerosene-Type Jet Fuel,IM0,Imports,MKJIMUS2,U.S. Imports of Kerosene-Type Jet Fuel (Thousand Barrels per Day),110,MBBL/D
2004-03,NUS-Z00,U.S.,EPJK,Kerosene-Type Jet Fuel,IM0,Imports,MKJIMUS1,U.S. Imports of Kerosene-Type Jet Fuel (Thousand Barrels),2222,MBBL
2004-03,NUS-Z00,U.S.,EPJK,Kerosene-Type Jet Fuel,IM0,Imports,MKJIMUS2,U.S. Imports of Kerosene-Type Jet Fuel (Thousand Barrels per Day),72,MBBL/D
2004-04,NUS-Z00,U.S.,EPJK,Kerosene-Type Jet Fuel,IM0,Imports,MKJIMUS1,U.S. Imports of Kerosene-Type Jet Fuel (Thousand Barrels),2318,MBBL
2004-04,NUS-Z00,U.S.,EPJK,Kerosene-Type Jet Fuel,IM0,Imports,MKJIMUS2,U.S. Imports of Kerosene-Type Jet Fuel (Thousand Barrels per Day),77,MBBL/D
2004-05,NUS-Z00,U.S.,EPJK,Kerosene-Type Jet Fuel,IM0,Imports,MKJIMUS1,U.S. Imports of Kerosene-Type Jet Fuel (Thousand Barrels),5475,MBBL
2004-05,NUS-Z00,U.S.,EPJK,Kerosene-Type Jet Fuel,IM0,Imports,MKJIMUS2,U.S. Imports of Kerosene-Type Jet Fuel (Thousand Barrels per Day),177,MBBL/D
2004-06,NUS-Z00,U.S.,EPJK,Kerosene-Type Jet Fuel,IM0,Imports,MKJIMUS1,U.S. Imports of Kerosene-Type Jet Fuel (Thousand Barrels),5603,MBBL
2004-06,NUS-Z00,U.S.,EPJK,Kerosene-Type Jet Fuel,IM0,Imports,MKJIMUS2,U.S. Imports of Kerosene-Type Jet Fuel (Thousand Barrels per Day),187,MBBL/D
2004-07,NUS-Z00,U.S.,EPJK,Kerosene-Type Jet Fuel,IM0,Imports,MKJIMUS1,U.S. Imports of Kerosene-Type Jet Fuel (Thousand Barrels),3282,MBBL
2004-07,NUS-Z00,U.S.,EPJK,Kerosene-Type Jet Fuel,IM0,Imports,MKJIMUS2,U.S. Imports of Kerosene-Type Jet Fuel (Thousand Barrels per Day),106,MBBL/D
2004-08,NUS-Z00,U.S.,EPJK,Kerosene-Type Jet Fuel,IM0,Imports,MKJIMUS1,U.S. Imports of Kerosene-Type Jet Fuel (Thousand Barrels),5088,MBBL
2004-08,NUS-Z00,U.S.,EPJK,Kerosene-Type Jet Fuel,IM0,Imports,MKJIMUS2,U.S. Imports of Kerosene-Type Jet Fuel (Thousand Barrels per Day),164,MBBL/D
2004-09,NUS-Z00,U.S.,EPJK,Kerosene-Type Jet Fuel,IM0,Imports,MKJIMUS1,U.S. Imports of Kerosene-Type Jet Fuel (Thousand Barrels),3588,MBBL
2004-09,NUS-Z00,U.S.,EPJK,Kerosene-Type Jet Fuel,IM0,Imports,MKJIMUS2,U.S. Imports of Kerosene-Type Jet Fuel (Thousand Barrels per Day),120,MBBL/D
2004-10,NUS-Z00,U.S.,EPJK,Kerosene-Type Jet Fuel,IM0,Imports,MKJIMUS1,U.S. Imports of Kerosene-Type Jet Fuel (Thousand Barrels),4979,MBBL
2004-10,NUS-Z00,U.S.,EPJK,Kerosene-Type Jet Fuel,IM0,Imports,MKJIMUS2,U.S. Imports of Kerosene-Type Jet Fuel (Thousand Barrels per Day),161,MBBL/D
2004-11,NUS-Z00,U.S.,EPJK,Kerosene-Type Jet Fuel,IM0,Imports,MKJIMUS1,U.S. Imports of Kerosene-Type Jet Fuel (Thousand Barrels),5107,MBBL
2004-11,NUS-Z00,U.S.,EPJK,Kerosene-Type Jet Fuel,IM0,Imports,MKJIMUS2,U.S. Imports of Kerosene-Type Jet Fuel (Thousand Barrels per Day),170,MBBL/D
2004-12,NUS-Z00,U.S.,EPJK,Kerosene-Type Jet Fuel,IM0,Imports,MKJIMUS1,U.S. Imports of Kerosene-Type Jet Fuel (Thousand Barrels),3254,MBBL
2004-12,NUS-Z00,U.S.,EPJK,Kerosene-Type Jet Fuel,IM0,Imports,MKJIMUS2,U.S. Imports of Kerosene-Type Jet Fuel (Thousand Barrels per Day),105,MBBL/D
2005-01,NUS-Z00,U.S.,EPJK,Kerosene-Type Jet Fuel,IM0,Imports,MKJIMUS1,U.S. Imports of Kerosene-Type Jet Fuel (Thousand Barrels),3269,MBBL
2005-01,NUS-Z00,U.S.,EPJK,Kerosene-Type Jet Fuel,IM0,Imports,MKJIMUS2,U.S. Imports of Kerosene-Type Jet Fuel (Thousand Barrels per Day),105,MBBL/D
2005-02,NUS-Z00,U.S.,EPJK,Kerosene-Type Jet Fuel,IM0,Imports,MKJIMUS1,U.S. Imports of Kerosene-Type Jet Fuel (Thousand Barrels),3912,MBBL
2005-02,NUS-Z00,U.S.,EPJK,Kerosene-Type Jet Fuel,IM0,Imports,MKJIMUS2,U.S. Imports of Kerosene-Type Jet Fuel (Thousand Barrels per Day),140,MBBL/D
2005-03,NUS-Z00,U.S.,EPJK,Kerosene-Type Jet Fuel,IM0,Imports,MKJIMUS1,U.S. Imports of Kerosene-Type Jet Fuel (Thousand Barrels),5394,MBBL
2005-03,NUS-Z00,U.S.,EPJK,Kerosene-Type Jet Fuel,IM0,Imports,MKJIMUS2,U.S. Imports of Kerosene-Type Jet Fuel (Thousand Barrels per Day),174,MBBL/D
2005-04,NUS-Z00,U.S.,EPJK,Kerosene-Type Jet Fuel,IM0,Imports,MKJIMUS1,U.S. Imports of Kerosene-Type Jet Fuel (Thousand Barrels),4036,MBBL
2005-04,NUS-Z00,U.S.,EPJK,Kerosene-Type Jet Fuel,IM0,Imports,MKJIMUS2,U.S. Imports of Kerosene-Type Jet Fuel (Thousand Barrels per Day),135,MBBL/D
2005-05,NUS-Z00,U.S.,EPJK,Kerosene-Type Jet Fuel,IM0,Imports,MKJIMUS1,U.S. Imports of Kerosene-Type Jet Fuel (Thousand Barrels),4660,MBBL
2005-05,NUS-Z00,U.S.,EPJK,Kerosene-Type Jet Fuel,IM0,Imports,MKJIMUS2,U.S. Imports of Kerosene-Type Jet Fuel (Thousand Barrels per Day),150,MBBL/D
2005-06,NUS-Z00,U.S.,EPJK,Kerosene-Type Jet Fuel,IM0,Imports,MKJIMUS1,U.S. Imports of Kerosene-Type Jet Fuel (Thousand Barrels),3049,MBBL
2005-06,NUS-Z00,U.S.,EPJK,Kerosene-Type Jet Fuel,IM0,Imports,MKJIMUS2,U.S. Imports of Kerosene-Type Jet Fuel (Thousand Barrels per Day),102,MBBL/D
2005-07,NUS-Z00,U.S.,EPJK,Kerosene-Type Jet Fuel,IM0,Imports,MKJIMUS1,U.S. Imports of Kerosene-Type Jet Fuel (Thousand Barrels),5404,MBBL
2005-07,NUS-Z00,U.S.,EPJK,Kerosene-Type Jet Fuel,IM0,Imports,MKJIMUS2,U.S. Imports of Kerosene-Type Jet Fuel (Thousand Barrels per Day),174,MBBL/D
2005-08,NUS-Z00,U.S.,EPJK,Kerosene-Type Jet Fuel,IM0,Imports,MKJIMUS1,U.S. Imports of Kerosene-Type Jet Fuel (Thousand Barrels),4562,MBBL
2005-08,NUS-Z00,U.S.,EPJK,Kerosene-Type Jet Fuel,IM0,Imports,MKJIMUS2,U.S. Imports of Kerosene-Type Jet Fuel (Thousand Barrels per Day),147,MBBL/D
2005-09,NUS-Z00,U.S.,EPJK,Kerosene-Type Jet Fuel,IM0,Imports,MKJIMUS1,U.S. Imports of Kerosene-Type Jet Fuel (Thousand Barrels),8573,MBBL
2005-09,NUS-Z00,U.S.,EPJK,Kerosene-Type Jet Fuel,IM0,Imports,MKJIMUS2,U.S. Imports of Kerosene-Type Jet Fuel (Thousand Barrels per Day),286,MBBL/D
2005-10,NUS-Z00,U.S.,EPJK,Kerosene-Type Jet Fuel,IM0,Imports,MKJIMUS1,U.S. Imports of Kerosene-Type Jet Fuel (Thousand Barrels),11497,MBBL
2005-10,NUS-Z00,U.S.,EPJK,Kerosene-Type Jet Fuel,IM0,Imports,MKJIMUS2,U.S. Imports of Kerosene-Type Jet Fuel (Thousand Barrels per Day),371,MBBL/D
2005-11,NUS-Z00,U.S.,EPJK,Kerosene-Type Jet Fuel,IM0,Imports,MKJIMUS1,U.S. Imports of Kerosene-Type Jet Fuel (Thousand Barrels),7683,MBBL
2005-11,NUS-Z00,U.S.,EPJK,Kerosene-Type Jet Fuel,IM0,Imports,MKJIMUS2,U.S. Imports of Kerosene-Type Jet Fuel (Thousand Barrels per Day),256,MBBL/D
2005-12,NUS-Z00,U.S.,EPJK,Kerosene-Type Jet Fuel,IM0,Imports,MKJIMUS1,U.S. Imports of Kerosene-Type Jet Fuel (Thousand Barrels),7424,MBBL
2005-12,NUS-Z00,U.S.,EPJK,Kerosene-Type Jet Fuel,IM0,Imports,MKJIMUS2,U.S. Imports of Kerosene-Type Jet Fuel (Thousand Barrels per Day),239,MBBL/D
2006-01,NUS-Z00,U.S.,EPJK,Kerosene-Type Jet Fuel,IM0,Imports,MKJIMUS1,U.S. Imports of Kerosene-Type Jet Fuel (Thousand Barrels),5580,MBBL
2006-01,NUS-Z00,U.S.,EPJK,Kerosene-Type Jet Fuel,IM0,Imports,MKJIMUS2,U.S. Imports of Kerosene-Type Jet Fuel (Thousand Barrels per Day),180,MBBL/D
2006-02,NUS-Z00,U.S.,EPJK,Kerosene-Type Jet Fuel,IM0,Imports,MKJIMUS1,U.S. Imports of Kerosene-Type Jet Fuel (Thousand Barrels),3448,MBBL
2006-02,NUS-Z00,U.S.,EPJK,Kerosene-Type Jet Fuel,IM0,Imports,MKJIMUS2,U.S. Imports of Kerosene-Type Jet Fuel (Thousand Barrels per Day),123,MBBL/D
2006-03,NUS-Z00,U.S.,EPJK,Kerosene-Type Jet Fuel,IM0,Imports,MKJIMUS1,U.S. Imports of Kerosene-Type Jet Fuel (Thousand Barrels),3653,MBBL
2006-03,NUS-Z00,U.S.,EPJK,Kerosene-Type Jet Fuel,IM0,Imports,MKJIMUS2,U.S. Imports of Kerosene-Type Jet Fuel (Thousand Barrels per Day),118,MBBL/D
2006-04,NUS-Z00,U.S.,EPJK,Kerosene-Type Jet Fuel,IM0,Imports,MKJIMUS1,U.S. Imports of Kerosene-Type Jet Fuel (Thousand Barrels),6535,MBBL
2006-04,NUS-Z00,U.S.,EPJK,Kerosene-Type Jet Fuel,IM0,Imports,MKJIMUS2,U.S. Imports of Kerosene-Type Jet Fuel (Thousand Barrels per Day),218,MBBL/D
2006-05,NUS-Z00,U.S.,EPJK,Kerosene-Type Jet Fuel,IM0,Imports,MKJIMUS1,U.S. Imports of Kerosene-Type Jet Fuel (Thousand Barrels),7135,MBBL
2006-05,NUS-Z00,U.S.,EPJK,Kerosene-Type Jet Fuel,IM0,Imports,MKJIMUS2,U.S. Imports of Kerosene-Type Jet Fuel (Thousand Barrels per Day),230,MBBL/D
2006-06,NUS-Z00,U.S.,EPJK,Kerosene-Type Jet Fuel,IM0,Imports,MKJIMUS1,U.S. Imports of Kerosene-Type Jet Fuel (Thousand Barrels),5710,MBBL
2006-06,NUS-Z00,U.S.,EPJK,Kerosene-Type Jet Fuel,IM0,Imports,MKJIMUS2,U.S. Imports of Kerosene-Type Jet Fuel (Thousand Barrels per Day),190,MBBL/D
2006-07,NUS-Z00,U.S.,EPJK,Kerosene-Type Jet Fuel,IM0,Imports,MKJIMUS1,U.S. Imports of Kerosene-Type Jet Fuel (Thousand Barrels),6221,MBBL
2006-07,NUS-Z00,U.S.,EPJK,Kerosene-Type Jet Fuel,IM0,Imports,MKJIMUS2,U.S. Imports of Kerosene-Type Jet Fuel (Thousand Barrels per Day),201,MBBL/D
2006-08,NUS-Z00,U.S.,EPJK,Kerosene-Type Jet Fuel,IM0,Imports,MKJIMUS1,U.S. Imports of Kerosene-Type Jet Fuel (Thousand Barrels),7952,MBBL
2006-08,NUS-Z00,U.S.,EPJK,Kerosene-Type Jet Fuel,IM0,Imports,MKJIMUS2,U.S. Imports of Kerosene-Type Jet Fuel (Thousand Barrels per Day),257,MBBL/D
2006-09,NUS-Z00,U.S.,EPJK,Kerosene-Type Jet Fuel,IM0,Imports,MKJIMUS1,U.S. Imports of Kerosene-Type Jet Fuel (Thousand Barrels),7033,MBBL
2006-09,NUS-Z00,U.S.,EPJK,Kerosene-Type Jet Fuel,IM0,Imports,MKJIMUS2,U.S. Imports of Kerosene-Type Jet Fuel (Thousand Barrels per Day),234,MBBL/D
2006-10,NUS-Z00,U.S.,EPJK,Kerosene-Type Jet Fuel,IM0,Imports,MKJIMUS1,U.S. Imports of Kerosene-Type Jet Fuel (Thousand Barrels),5302,MBBL
2006-10,NUS-Z00,U.S.,EPJK,Kerosene-Type Jet Fuel,IM0,Imports,MKJIMUS2,U.S. Imports of Kerosene-Type Jet Fuel (Thousand Barrels per Day),171,MBBL/D
2006-11,NUS-Z00,U.S.,EPJK,Kerosene-Type Jet Fuel,IM0,Imports,MKJIMUS1,U.S. Imports of Kerosene-Type Jet Fuel (Thousand Barrels),3040,MBBL
2006-11,NUS-Z00,U.S.,EPJK,Kerosene-Type Jet Fuel,IM0,Imports,MKJIMUS2,U.S. Imports of Kerosene-Type Jet Fuel (Thousand Barrels per Day),101,MBBL/D
2006-12,NUS-Z00,U.S.,EPJK,Kerosene-Type Jet Fuel,IM0,Imports,MKJIMUS1,U.S. Imports of Kerosene-Type Jet Fuel (Thousand Barrels),6107,MBBL
2006-12,NUS-Z00,U.S.,EPJK,Kerosene-Type Jet Fuel,IM0,Imports,MKJIMUS2,U.S. Imports of Kerosene-Type Jet Fuel (Thousand Barrels per Day),197,MBBL/D
2007-01,NUS-Z00,U.S.,EPJK,Kerosene-Type Jet Fuel,IM0,Imports,MKJIMUS1,U.S. Imports of Kerosene-Type Jet Fuel (Thousand Barrels),5435,MBBL
2007-01,NUS-Z00,U.S.,EPJK,Kerosene-Type Jet Fuel,IM0,Imports,MKJIMUS2,U.S. Imports of Kerosene-Type Jet Fuel (Thousand Barrels per Day),175,MBBL/D
2007-02,NUS-Z00,U.S.,EPJK,Kerosene-Type Jet Fuel,IM0,Imports,MKJIMUS1,U.S. Imports of Kerosene-Type Jet Fuel (Thousand Barrels),6343,MBBL
2007-02,NUS-Z00,U.S.,EPJK,Kerosene-Type Jet Fuel,IM0,Imports,MKJIMUS2,U.S. Imports of Kerosene-Type Jet Fuel (Thousand Barrels per Day),227,MBBL/D
2007-03,NUS-Z00,U.S.,EPJK,Kerosene-Type Jet Fuel,IM0,Imports,MKJIMUS1,U.S. Imports of Kerosene-Type Jet Fuel (Thousand Barrels),7709,MBBL
2007-03,NUS-Z00,U.S.,EPJK,Kerosene-Type Jet Fuel,IM0,Imports,MKJIMUS2,U.S. Imports of Kerosene-Type Jet Fuel (Thousand Barrels per Day),249,MBBL/D
2007-04,NUS-Z00,U.S.,EPJK,Kerosene-Type Jet Fuel,IM0,Imports,MKJIMUS1,U.S. Imports of Kerosene-Type Jet Fuel (Thousand Barrels),9487,MBBL
2007-04,NUS-Z00,U.S.,EPJK,Kerosene-Type Jet Fuel,IM0,Imports,MKJIMUS2,U.S. Imports of Kerosene-Type Jet Fuel (Thousand Barrels per Day),316,MBBL/D
2007-05,NUS-Z00,U.S.,EPJK,Kerosene-Type Jet Fuel,IM0,Imports,MKJIMUS1,U.S. Imports of Kerosene-Type Jet Fuel (Thousand Barrels),7023,MBBL
2007-05,NUS-Z00,U.S.,EPJK,Kerosene-Type Jet Fuel,IM0,Imports,MKJIMUS2,U.S. Imports of Kerosene-Type Jet Fuel (Thousand Barrels per Day),227,MBBL/D
2007-06,NUS-Z00,U.S.,EPJK,Kerosene-Type Jet Fuel,IM0,Imports,MKJIMUS1,U.S. Imports of Kerosene-Type Jet Fuel (Thousand Barrels),6452,MBBL
2007-06,NUS-Z00,U.S.,EPJK,Kerosene-Type Jet Fuel,IM0,Imports,MKJIMUS2,U.S. Imports of Kerosene-Type Jet Fuel (Thousand Barrels per Day),215,MBBL/D
2007-07,NUS-Z00,U.S.,EPJK,Kerosene-Type Jet Fuel,IM0,Imports,MKJIMUS1,U.S. Imports of Kerosene-Type Jet Fuel (Thousand Barrels),8166,MBBL
2007-07,NUS-Z00,U.S.,EPJK,Kerosene-Type Jet Fuel,IM0,Imports,MKJIMUS2,U.S. Imports of Kerosene-Type Jet Fuel (Thousand Barrels per Day),263,MBBL/D
2007-08,NUS-Z00,U.S.,EPJK,Kerosene-Type Jet Fuel,IM0,Imports,MKJIMUS1,U.S. Imports of Kerosene-Type Jet Fuel (Thousand Barrels),7021,MBBL
2007-08,NUS-Z00,U.S.,EPJK,Kerosene-Type Jet Fuel,IM0,Imports,MKJIMUS2,U.S. Imports of Kerosene-Type Jet Fuel (Thousand Barrels per Day),226,MBBL/D
2007-09,NUS-Z00,U.S.,EPJK,Kerosene-Type Jet Fuel,IM0,Imports,MKJIMUS1,U.S. Imports of Kerosene-Type Jet Fuel (Thousand Barrels),6068,MBBL
2007-09,NUS-Z00,U.S.,EPJK,Kerosene-Type Jet Fuel,IM0,Imports,MKJIMUS2,U.S. Imports of Kerosene-Type Jet Fuel (Thousand Barrels per Day),202,MBBL/D
2007-10,NUS-Z00,U.S.,EPJK,Kerosene-Type Jet Fuel,IM0,Imports,MKJIMUS1,U.S. Imports of Kerosene-Type Jet Fuel (Thousand Barrels),5712,MBBL
2007-10,NUS-Z00,U.S.,EPJK,Kerosene-Type Jet Fuel,IM0,Imports,MKJIMUS2,U.S. Imports of Kerosene-Type Jet Fuel (Thousand Barrels per Day),184,MBBL/D
2007-11,NUS-Z00,U.S.,EPJK,Kerosene-Type Jet Fuel,IM0,Imports,MKJIMUS1,U.S. Imports of Kerosene-Type Jet Fuel (Thousand Barrels),5402,MBBL
2007-11,NUS-Z00,U.S.,EPJK,Kerosene-Type Jet Fuel,IM0,Imports,MKJIMUS2,U.S. Imports of Kerosene-Type Jet Fuel (Thousand Barrels per Day),180,MBBL/D
2007-12,NUS-Z00,U.S.,EPJK,Kerosene-Type Jet Fuel,IM0,Imports,MKJIMUS1,U.S. Imports of Kerosene-Type Jet Fuel (Thousand Barrels),4216,MBBL
2007-12,NUS-Z00,U.S.,EPJK,Kerosene-Type Jet Fuel,IM0,Imports,MKJIMUS2,U.S. Imports of Kerosene-Type Jet Fuel (Thousand Barrels per Day),136,MBBL/D
2008-01,NUS-Z00,U.S.,EPJK,Kerosene-Type Jet Fuel,IM0,Imports,MKJIMUS1,U.S. Imports of Kerosene-Type Jet Fuel (Thousand Barrels),4828,MBBL
2008-01,NUS-Z00,U.S.,EPJK,Kerosene-Type Jet Fuel,IM0,Imports,MKJIMUS2,U.S. Imports of Kerosene-Type Jet Fuel (Thousand Barrels per Day),156,MBBL/D
2008-02,NUS-Z00,U.S.,EPJK,Kerosene-Type Jet Fuel,IM0,Imports,MKJIMUS1,U.S. Imports of Kerosene-Type Jet Fuel (Thousand Barrels),3070,MBBL
2008-02,NUS-Z00,U.S.,EPJK,Kerosene-Type Jet Fuel,IM0,Imports,MKJIMUS2,U.S. Imports of Kerosene-Type Jet Fuel (Thousand Barrels per Day),106,MBBL/D
2008-03,NUS-Z00,U.S.,EPJK,Kerosene-Type Jet Fuel,IM0,Imports,MKJIMUS1,U.S. Imports of Kerosene-Type Jet Fuel (Thousand Barrels),3419,MBBL
2008-03,NUS-Z00,U.S.,EPJK,Kerosene-Type Jet Fuel,IM0,Imports,MKJIMUS2,U.S. Imports of Kerosene-Type Jet Fuel (Thousand Barrels per Day),110,MBBL/D
2008-04,NUS-Z00,U.S.,EPJK,Kerosene-Type Jet Fuel,IM0,Imports,MKJIMUS1,U.S. Imports of Kerosene-Type Jet Fuel (Thousand Barrels),5404,MBBL
2008-04,NUS-Z00,U.S.,EPJK,Kerosene-Type Jet Fuel,IM0,Imports,MKJIMUS2,U.S. Imports of Kerosene-Type Jet Fuel (Thousand Barrels per Day),180,MBBL/D
2008-05,NUS-Z00,U.S.,EPJK,Kerosene-Type Jet Fuel,IM0,Imports,MKJIMUS1,U.S. Imports of Kerosene-Type Jet Fuel (Thousand Barrels),4334,MBBL
2008-05,NUS-Z00,U.S.,EPJK,Kerosene-Type Jet Fuel,IM0,Imports,MKJIMUS2,U.S. Imports of Kerosene-Type Jet Fuel (Thousand Barrels per Day),140,MBBL/D
2008-06,NUS-Z00,U.S.,EPJK,Kerosene-Type Jet Fuel,IM0,Imports,MKJIMUS1,U.S. Imports of Kerosene-Type Jet Fuel (Thousand Barrels),2724,MBBL
2008-06,NUS-Z00,U.S.,EPJK,Kerosene-Type Jet Fuel,IM0,Imports,MKJIMUS2,U.S. Imports of Kerosene-Type Jet Fuel (Thousand Barrels per Day),91,MBBL/D
2008-07,NUS-Z00,U.S.,EPJK,Kerosene-Type Jet Fuel,IM0,Imports,MKJIMUS1,U.S. Imports of Kerosene-Type Jet Fuel (Thousand Barrels),2240,MBBL
2008-07,NUS-Z00,U.S.,EPJK,Kerosene-Type Jet Fuel,IM0,Imports,MKJIMUS2,U.S. Imports of Kerosene-Type Jet Fuel (Thousand Barrels per Day),72,MBBL/D
2008-08,NUS-Z00,U.S.,EPJK,Kerosene-Type Jet Fuel,IM0,Imports,MKJIMUS1,U.S. Imports of Kerosene-Type Jet Fuel (Thousand Barrels),2370,MBBL
2008-08,NUS-Z00,U.S.,EPJK,Kerosene-Type Jet Fuel,IM0,Imports,MKJIMUS2,U.S. Imports of Kerosene-Type Jet Fuel (Thousand Barrels per Day),76,MBBL/D
2008-09,NUS-Z00,U.S.,EPJK,Kerosene-Type Jet Fuel,IM0,Imports,MKJIMUS1,U.S. Imports of Kerosene-Type Jet Fuel (Thousand Barrels),2637,MBBL
2008-09,NUS-Z00,U.S.,EPJK,Kerosene-Type Jet Fuel,IM0,Imports,MKJIMUS2,U.S. Imports of Kerosene-Type Jet Fuel (Thousand Barrels per Day),88,MBBL/D
2008-10,NUS-Z00,U.S.,EPJK,Kerosene-Type Jet Fuel,IM0,Imports,MKJIMUS1,U.S. Imports of Kerosene-Type Jet Fuel (Thousand Barrels),3029,MBBL
2008-10,NUS-Z00,U.S.,EPJK,Kerosene-Type Jet Fuel,IM0,Imports,MKJIMUS2,U.S. Imports of Kerosene-Type Jet Fuel (Thousand Barrels per Day),98,MBBL/D
2008-11,NUS-Z00,U.S.,EPJK,Kerosene-Type Jet Fuel,IM0,Imports,MKJIMUS1,U.S. Imports of Kerosene-Type Jet Fuel (Thousand Barrels),1423,MBBL
2008-11,NUS-Z00,U.S.,EPJK,Kerosene-Type Jet Fuel,IM0,Imports,MKJIMUS2,U.S. Imports of Kerosene-Type Jet Fuel (Thousand Barrels per Day),47,MBBL/D
2008-12,NUS-Z00,U.S.,EPJK,Kerosene-Type Jet Fuel,IM0,Imports,MKJIMUS1,U.S. Imports of Kerosene-Type Jet Fuel (Thousand Barrels),2123,MBBL
2008-12,NUS-Z00,U.S.,EPJK,Kerosene-Type Jet Fuel,IM0,Imports,MKJIMUS2,U.S. Imports of Kerosene-Type Jet Fuel (Thousand Barrels per Day),68,MBBL/D
2009-01,NUS-Z00,U.S.,EPJK,Kerosene-Type Jet Fuel,IM0,Imports,MKJIMUS1,U.S. Imports of Kerosene-Type Jet Fuel (Thousand Barrels),2755,MBBL
2009-01,NUS-Z00,U.S.,EPJK,Kerosene-Type Jet Fuel,IM0,Imports,MKJIMUS2,U.S. Imports of Kerosene-Type Jet Fuel (Thousand Barrels per Day),89,MBBL/D
2009-02,NUS-Z00,U.S.,EPJK,Kerosene-Type Jet Fuel,IM0,Imports,MKJIMUS1,U.S. Imports of Kerosene-Type Jet Fuel (Thousand Barrels),2000,MBBL
2009-02,NUS-Z00,U.S.,EPJK,Kerosene-Type Jet Fuel,IM0,Imports,MKJIMUS2,U.S. Imports of Kerosene-Type Jet Fuel (Thousand Barrels per Day),71,MBBL/D
2009-03,NUS-Z00,U.S.,EPJK,Kerosene-Type Jet Fuel,IM0,Imports,MKJIMUS1,U.S. Imports of Kerosene-Type Jet Fuel (Thousand Barrels),2847,MBBL
2009-03,NUS-Z00,U.S.,EPJK,Kerosene-Type Jet Fuel,IM0,Imports,MKJIMUS2,U.S. Imports of Kerosene-Type Jet Fuel (Thousand Barrels per Day),92,MBBL/D
2009-04,NUS-Z00,U.S.,EPJK,Kerosene-Type Jet Fuel,IM0,Imports,MKJIMUS1,U.S. Imports of Kerosene-Type Jet Fuel (Thousand Barrels),2700,MBBL
2009-04,NUS-Z00,U.S.,EPJK,Kerosene-Type Jet Fuel,IM0,Imports,MKJIMUS2,U.S. Imports of Kerosene-Type Jet Fuel (Thousand Barrels per Day),90,MBBL/D
2009-05,NUS-Z00,U.S.,EPJK,Kerosene-Type Jet Fuel,IM0,Imports,MKJIMUS1,U.S. Imports of Kerosene-Type Jet Fuel (Thousand Barrels),2041,MBBL
2009-05,NUS-Z00,U.S.,EPJK,Kerosene-Type Jet Fuel,IM0,Imports,MKJIMUS2,U.S. Imports of Kerosene-Type Jet Fuel (Thousand Barrels per Day),66,MBBL/D
2009-06,NUS-Z00,U.S.,EPJK,Kerosene-Type Jet Fuel,IM0,Imports,MKJIMUS1,U.S. Imports of Kerosene-Type Jet Fuel (Thousand Barrels),1961,MBBL
2009-06,NUS-Z00,U.S.,EPJK,Kerosene-Type Jet Fuel,IM0,Imports,MKJIMUS2,U.S. Imports of Kerosene-Type Jet Fuel (Thousand Barrels per Day),65,MBBL/D
2009-07,NUS-Z00,U.S.,EPJK,Kerosene-Type Jet Fuel,IM0,Imports,MKJIMUS1,U.S. Imports of Kerosene-Type Jet Fuel (Thousand Barrels),3169,MBBL
2009-07,NUS-Z00,U.S.,EPJK,Kerosene-Type Jet Fuel,IM0,Imports,MKJIMUS2,U.S. Imports of Kerosene-Type Jet Fuel (Thousand Barrels per Day),102,MBBL/D
2009-08,NUS-Z00,U.S.,EPJK,Kerosene-Type Jet Fuel,IM0,Imports,MKJIMUS1,U.S. Imports of Kerosene-Type Jet Fuel (Thousand Barrels),2841,MBBL
2009-08,NUS-Z00,U.S.,EPJK,Kerosene-Type Jet Fuel,IM0,Imports,MKJIMUS2,U.S. Imports of Kerosene-Type Jet Fuel (Thousand Barrels per Day),92,MBBL/D
2009-09,NUS-Z00,U.S.,EPJK,Kerosene-Type Jet Fuel,IM0,Imports,MKJIMUS1,U.S. Imports of Kerosene-Type Jet Fuel (Thousand Barrels),2739,MBBL
2009-09,NUS-Z00,U.S.,EPJK,Kerosene-Type Jet Fuel,IM0,Imports,MKJIMUS2,U.S. Imports of Kerosene-Type Jet Fuel (Thousand Barrels per Day),91,MBBL/D
2009-10,NUS-Z00,U.S.,EPJK,Kerosene-Type Jet Fuel,IM0,Imports,MKJIMUS1,U.S. Imports of Kerosene-Type Jet Fuel (Thousand Barrels),2603,MBBL
2009-10,NUS-Z00,U.S.,EPJK,Kerosene-Type Jet Fuel,IM0,Imports,MKJIMUS2,U.S. Imports of Kerosene-Type Jet Fuel (Thousand Barrels per Day),84,MBBL/D
2009-11,NUS-Z00,U.S.,EPJK,Kerosene-Type Jet Fuel,IM0,Imports,MKJIMUS1,U.S. Imports of Kerosene-Type Jet Fuel (Thousand Barrels),2134,MBBL
2009-11,NUS-Z00,U.S.,EPJK,Kerosene-Type Jet Fuel,IM0,Imports,MKJIMUS2,U.S. Imports of Kerosene-Type Jet Fuel (Thousand Barrels per Day),71,MBBL/D
2009-12,NUS-Z00,U.S.,EPJK,Kerosene-Type Jet Fuel,IM0,Imports,MKJIMUS1,U.S. Imports of Kerosene-Type Jet Fuel (Thousand Barrels),1698,MBBL
2009-12,NUS-Z00,U.S.,EPJK,Kerosene-Type Jet Fuel,IM0,Imports,MKJIMUS2,U.S. Imports of Kerosene-Type Jet Fuel (Thousand Barrels per Day),55,MBBL/D
2010-01,NUS-Z00,U.S.,EPJK,Kerosene-Type Jet Fuel,IM0,Imports,MKJIMUS1,U.S. Imports of Kerosene-Type Jet Fuel (Thousand Barrels),4065,MBBL
2010-01,NUS-Z00,U.S.,EPJK,Kerosene-Type Jet Fuel,IM0,Imports,MKJIMUS2,U.S. Imports of Kerosene-Type Jet Fuel (Thousand Barrels per Day),131,MBBL/D
2010-02,NUS-Z00,U.S.,EPJK,Kerosene-Type Jet Fuel,IM0,Imports,MKJIMUS1,U.S. Imports of Kerosene-Type Jet Fuel (Thousand Barrels),2098,MBBL
2010-02,NUS-Z00,U.S.,EPJK,Kerosene-Type Jet Fuel,IM0,Imports,MKJIMUS2,U.S. Imports of Kerosene-Type Jet Fuel (Thousand Barrels per Day),75,MBBL/D
2010-03,NUS-Z00,U.S.,EPJK,Kerosene-Type Jet Fuel,IM0,Imports,MKJIMUS1,U.S. Imports of Kerosene-Type Jet Fuel (Thousand Barrels),2457,MBBL
2010-03,NUS-Z00,U.S.,EPJK,Kerosene-Type Jet Fuel,IM0,Imports,MKJIMUS2,U.S. Imports of Kerosene-Type Jet Fuel (Thousand Barrels per Day),79,MBBL/D
2010-04,NUS-Z00,U.S.,EPJK,Kerosene-Type Jet Fuel,IM0,Imports,MKJIMUS1,U.S. Imports of Kerosene-Type Jet Fuel (Thousand Barrels),2627,MBBL
2010-04,NUS-Z00,U.S.,EPJK,Kerosene-Type Jet Fuel,IM0,Imports,MKJIMUS2,U.S. Imports of Kerosene-Type Jet Fuel (Thousand Barrels per Day),88,MBBL/D
2010-05,NUS-Z00,U.S.,EPJK,Kerosene-Type Jet Fuel,IM0,Imports,MKJIMUS1,U.S. Imports of Kerosene-Type Jet Fuel (Thousand Barrels),2496,MBBL
2010-05,NUS-Z00,U.S.,EPJK,Kerosene-Type Jet Fuel,IM0,Imports,MKJIMUS2,U.S. Imports of Kerosene-Type Jet Fuel (Thousand Barrels per Day),81,MBBL/D
2010-06,NUS-Z00,U.S.,EPJK,Kerosene-Type Jet Fuel,IM0,Imports,MKJIMUS1,U.S. Imports of Kerosene-Type Jet Fuel (Thousand Barrels),3410,MBBL
2010-06,NUS-Z00,U.S.,EPJK,Kerosene-Type Jet Fuel,IM0,Imports,MKJIMUS2,U.S. Imports of Kerosene-Type Jet Fuel (Thousand Barrels per Day),114,MBBL/D
2010-07,NUS-Z00,U.S.,EPJK,Kerosene-Type Jet Fuel,IM0,Imports,MKJIMUS1,U.S. Imports of Kerosene-Type Jet Fuel (Thousand Barrels),3493,MBBL
2010-07,NUS-Z00,U.S.,EPJK,Kerosene-Type Jet Fuel,IM0,Imports,MKJIMUS2,U.S. Imports of Kerosene-Type Jet Fuel (Thousand Barrels per Day),113,MBBL/D
2010-08,NUS-Z00,U.S.,EPJK,Kerosene-Type Jet Fuel,IM0,Imports,MKJIMUS1,U.S. Imports of Kerosene-Type Jet Fuel (Thousand Barrels),3178,MBBL
2010-08,NUS-Z00,U.S.,EPJK,Kerosene-Type Jet Fuel,IM0,Imports,MKJIMUS2,U.S. Imports of Kerosene-Type Jet Fuel (Thousand Barrels per Day),103,MBBL/D
2010-09,NUS-Z00,U.S.,EPJK,Kerosene-Type Jet Fuel,IM0,Imports,MKJIMUS1,U.S. Imports of Kerosene-Type Jet Fuel (Thousand Barrels),3648,MBBL
2010-09,NUS-Z00,U.S.,EPJK,Kerosene-Type Jet Fuel,IM0,Imports,MKJIMUS2,U.S. Imports of Kerosene-Type Jet Fuel (Thousand Barrels per Day),122,MBBL/D
2010-10,NUS-Z00,U.S.,EPJK,Kerosene-Type Jet Fuel,IM0,Imports,MKJIMUS1,U.S. Imports of Kerosene-Type Jet Fuel (Thousand Barrels),2903,MBBL
2010-10,NUS-Z00,U.S.,EPJK,Kerosene-Type Jet Fuel,IM0,Imports,MKJIMUS2,U.S. Imports of Kerosene-Type Jet Fuel (Thousand Barrels per Day),94,MBBL/D
2010-11,NUS-Z00,U.S.,EPJK,Kerosene-Type Jet Fuel,IM0,Imports,MKJIMUS1,U.S. Imports of Kerosene-Type Jet Fuel (Thousand Barrels),3016,MBBL
2010-11,NUS-Z00,U.S.,EPJK,Kerosene-Type Jet Fuel,IM0,Imports,MKJIMUS2,U.S. Imports of Kerosene-Type Jet Fuel (Thousand Barrels per Day),101,MBBL/D
2010-12,NUS-Z00,U.S.,EPJK,Kerosene-Type Jet Fuel,IM0,Imports,MKJIMUS1,U.S. Imports of Kerosene-Type Jet Fuel (Thousand Barrels),2260,MBBL
2010-12,NUS-Z00,U.S.,EPJK,Kerosene-Type Jet Fuel,IM0,Imports,MKJIMUS2,U.S. Imports of Kerosene-Type Jet Fuel (Thousand Barrels per Day),73,MBBL/D
2011-01,NUS-Z00,U.S.,EPJK,Kerosene-Type Jet Fuel,IM0,Imports,MKJIMUS1,U.S. Imports of Kerosene-Type Jet Fuel (Thousand Barrels),2003,MBBL
2011-01,NUS-Z00,U.S.,EPJK,Kerosene-Type Jet Fuel,IM0,Imports,MKJIMUS2,U.S. Imports of Kerosene-Type Jet Fuel (Thousand Barrels per Day),65,MBBL/D
2011-02,NUS-Z00,U.S.,EPJK,Kerosene-Type Jet Fuel,IM0,Imports,MKJIMUS1,U.S. Imports of Kerosene-Type Jet Fuel (Thousand Barrels),1904,MBBL
2011-02,NUS-Z00,U.S.,EPJK,Kerosene-Type Jet Fuel,IM0,Imports,MKJIMUS2,U.S. Imports of Kerosene-Type Jet Fuel (Thousand Barrels per Day),68,MBBL/D
2011-03,NUS-Z00,U.S.,EPJK,Kerosene-Type Jet Fuel,IM0,Imports,MKJIMUS1,U.S. Imports of Kerosene-Type Jet Fuel (Thousand Barrels),2003,MBBL
2011-03,NUS-Z00,U.S.,EPJK,Kerosene-Type Jet Fuel,IM0,Imports,MKJIMUS2,U.S. Imports of Kerosene-Type Jet Fuel (Thousand Barrels per Day),65,MBBL/D
2011-04,NUS-Z00,U.S.,EPJK,Kerosene-Type Jet Fuel,IM0,Imports,MKJIMUS1,U.S. Imports of Kerosene-Type Jet Fuel (Thousand Barrels),2390,MBBL
2011-04,NUS-Z00,U.S.,EPJK,Kerosene-Type Jet Fuel,IM0,Imports,MKJIMUS2,U.S. Imports of Kerosene-Type Jet Fuel (Thousand Barrels per Day),80,MBBL/D
2011-05,NUS-Z00,U.S.,EPJK,Kerosene-Type Jet Fuel,IM0,Imports,MKJIMUS1,U.S. Imports of Kerosene-Type Jet Fuel (Thousand Barrels),2832,MBBL
2011-05,NUS-Z00,U.S.,EPJK,Kerosene-Type Jet Fuel,IM0,Imports,MKJIMUS2,U.S. Imports of Kerosene-Type Jet Fuel (Thousand Barrels per Day),91,MBBL/D
2011-06,NUS-Z00,U.S.,EPJK,Kerosene-Type Jet Fuel,IM0,Imports,MKJIMUS1,U.S. Imports of Kerosene-Type Jet Fuel (Thousand Barrels),2474,MBBL
2011-06,NUS-Z00,U.S.,EPJK,Kerosene-Type Jet Fuel,IM0,Imports,MKJIMUS2,U.S. Imports of Kerosene-Type Jet Fuel (Thousand Barrels per Day),82,MBBL/D
2011-07,NUS-Z00,U.S.,EPJK,Kerosene-Type Jet Fuel,IM0,Imports,MKJIMUS1,U.S. Imports of Kerosene-Type Jet Fuel (Thousand Barrels),2950,MBBL
2011-07,NUS-Z00,U.S.,EPJK,Kerosene-Type Jet Fuel,IM0,Imports,MKJIMUS2,U.S. Imports of Kerosene-Type Jet Fuel (Thousand Barrels per Day),95,MBBL/D
2011-08,NUS-Z00,U.S.,EPJK,Kerosene-Type Jet Fuel,IM0,Imports,MKJIMUS1,U.S. Imports of Kerosene-Type Jet Fuel (Thousand Barrels),2036,MBBL
2011-08,NUS-Z00,U.S.,EPJK,Kerosene-Type Jet Fuel,IM0,Imports,MKJIMUS2,U.S. Imports of Kerosene-Type Jet Fuel (Thousand Barrels per Day),66,MBBL/D
2011-09,NUS-Z00,U.S.,EPJK,Kerosene-Type Jet Fuel,IM0,Imports,MKJIMUS1,U.S. Imports of Kerosene-Type Jet Fuel (Thousand Barrels),1728,MBBL
2011-09,NUS-Z00,U.S.,EPJK,Kerosene-Type Jet Fuel,IM0,Imports,MKJIMUS2,U.S. Imports of Kerosene-Type Jet Fuel (Thousand Barrels per Day),58,MBBL/D
2011-10,NUS-Z00,U.S.,EPJK,Kerosene-Type Jet Fuel,IM0,Imports,MKJIMUS1,U.S. Imports of Kerosene-Type Jet Fuel (Thousand Barrels),1885,MBBL
2011-10,NUS-Z00,U.S.,EPJK,Kerosene-Type Jet Fuel,IM0,Imports,MKJIMUS2,U.S. Imports of Kerosene-Type Jet Fuel (Thousand Barrels per Day),61,MBBL/D
2011-11,NUS-Z00,U.S.,EPJK,Kerosene-Type Jet Fuel,IM0,Imports,MKJIMUS1,U.S. Imports of Kerosene-Type Jet Fuel (Thousand Barrels),2163,MBBL
2011-11,NUS-Z00,U.S.,EPJK,Kerosene-Type Jet Fuel,IM0,Imports,MKJIMUS2,U.S. Imports of Kerosene-Type Jet Fuel (Thousand Barrels per Day),72,MBBL/D
2011-12,NUS-Z00,U.S.,EPJK,Kerosene-Type Jet Fuel,IM0,Imports,MKJIMUS1,U.S. Imports of Kerosene-Type Jet Fuel (Thousand Barrels),660,MBBL
2011-12,NUS-Z00,U.S.,EPJK,Kerosene-Type Jet Fuel,IM0,Imports,MKJIMUS2,U.S. Imports of Kerosene-Type Jet Fuel (Thousand Barrels per Day),21,MBBL/D
2012-01,NUS-Z00,U.S.,EPJK,Kerosene-Type Jet Fuel,IM0,Imports,MKJIMUS1,U.S. Imports of Kerosene-Type Jet Fuel (Thousand Barrels),201,MBBL
2012-01,NUS-Z00,U.S.,EPJK,Kerosene-Type Jet Fuel,IM0,Imports,MKJIMUS2,U.S. Imports of Kerosene-Type Jet Fuel (Thousand Barrels per Day),6,MBBL/D
2012-02,NUS-Z00,U.S.,EPJK,Kerosene-Type Jet Fuel,IM0,Imports,MKJIMUS1,U.S. Imports of Kerosene-Type Jet Fuel (Thousand Barrels),1184,MBBL
2012-02,NUS-Z00,U.S.,EPJK,Kerosene-Type Jet Fuel,IM0,Imports,MKJIMUS2,U.S. Imports of Kerosene-Type Jet Fuel (Thousand Barrels per Day),41,MBBL/D
2012-03,NUS-Z00,U.S.,EPJK,Kerosene-Type Jet Fuel,IM0,Imports,MKJIMUS1,U.S. Imports of Kerosene-Type Jet Fuel (Thousand Barrels),145,MBBL
2012-03,NUS-Z00,U.S.,EPJK,Kerosene-Type Jet Fuel,IM0,Imports,MKJIMUS2,U.S. Imports of Kerosene-Type Jet Fuel (Thousand Barrels per Day),5,MBBL/D
2012-04,NUS-Z00,U.S.,EPJK,Kerosene-Type Jet Fuel,IM0,Imports,MKJIMUS1,U.S. Imports of Kerosene-Type Jet Fuel (Thousand Barrels),1352,MBBL
2012-04,NUS-Z00,U.S.,EPJK,Kerosene-Type Jet Fuel,IM0,Imports,MKJIMUS2,U.S. Imports of Kerosene-Type Jet Fuel (Thousand Barrels per Day),45,MBBL/D
2012-05,NUS-Z00,U.S.,EPJK,Kerosene-Type Jet Fuel,IM0,Imports,MKJIMUS1,U.S. Imports of Kerosene-Type Jet Fuel (Thousand Barrels),1531,MBBL
2012-05,NUS-Z00,U.S.,EPJK,Kerosene-Type Jet Fuel,IM0,Imports,MKJIMUS2,U.S. Imports of Kerosene-Type Jet Fuel (Thousand Barrels per Day),49,MBBL/D
2012-06,NUS-Z00,U.S.,EPJK,Kerosene-Type Jet Fuel,IM0,Imports,MKJIMUS1,U.S. Imports of Kerosene-Type Jet Fuel (Thousand Barrels),1273,MBBL
2012-06,NUS-Z00,U.S.,EPJK,Kerosene-Type Jet Fuel,IM0,Imports,MKJIMUS2,U.S. Imports of Kerosene-Type Jet Fuel (Thousand Barrels per Day),42,MBBL/D
2012-07,NUS-Z00,U.S.,EPJK,Kerosene-Type Jet Fuel,IM0,Imports,MKJIMUS1,U.S. Imports of Kerosene-Type Jet Fuel (Thousand Barrels),1476,MBBL
2012-07,NUS-Z00,U.S.,EPJK,Kerosene-Type Jet Fuel,IM0,Imports,MKJIMUS2,U.S. Imports of Kerosene-Type Jet Fuel (Thousand Barrels per Day),48,MBBL/D
2012-08,NUS-Z00,U.S.,EPJK,Kerosene-Type Jet Fuel,IM0,Imports,MKJIMUS1,U.S. Imports of Kerosene-Type Jet Fuel (Thousand Barrels),3845,MBBL
2012-08,NUS-Z00,U.S.,EPJK,Kerosene-Type Jet Fuel,IM0,Imports,MKJIMUS2,U.S. Imports of Kerosene-Type Jet Fuel (Thousand Barrels per Day),124,MBBL/D
2012-09,NUS-Z00,U.S.,EPJK,Kerosene-Type Jet Fuel,IM0,Imports,MKJIMUS1,U.S. Imports of Kerosene-Type Jet Fuel (Thousand Barrels),2506,MBBL
2012-09,NUS-Z00,U.S.,EPJK,Kerosene-Type Jet Fuel,IM0,Imports,MKJIMUS2,U.S. Imports of Kerosene-Type Jet Fuel (Thousand Barrels per Day),84,MBBL/D
2012-10,NUS-Z00,U.S.,EPJK,Kerosene-Type Jet Fuel,IM0,Imports,MKJIMUS1,U.S. Imports of Kerosene-Type Jet Fuel (Thousand Barrels),3284,MBBL
2012-10,NUS-Z00,U.S.,EPJK,Kerosene-Type Jet Fuel,IM0,Imports,MKJIMUS2,U.S. Imports of Kerosene-Type Jet Fuel (Thousand Barrels per Day),106,MBBL/D
2012-11,NUS-Z00,U.S.,EPJK,Kerosene-Type Jet Fuel,IM0,Imports,MKJIMUS1,U.S. Imports of Kerosene-Type Jet Fuel (Thousand Barrels),1371,MBBL
2012-11,NUS-Z00,U.S.,EPJK,Kerosene-Type Jet Fuel,IM0,Imports,MKJIMUS2,U.S. Imports of Kerosene-Type Jet Fuel (Thousand Barrels per Day),46,MBBL/D
2012-12,NUS-Z00,U.S.,EPJK,Kerosene-Type Jet Fuel,IM0,Imports,MKJIMUS1,U.S. Imports of Kerosene-Type Jet Fuel (Thousand Barrels),1825,MBBL
2012-12,NUS-Z00,U.S.,EPJK,Kerosene-Type Jet Fuel,IM0,Imports,MKJIMUS2,U.S. Imports of Kerosene-Type Jet Fuel (Thousand Barrels per Day),59,MBBL/D
2013-01,NUS-Z00,U.S.,EPJK,Kerosene-Type Jet Fuel,IM0,Imports,MKJIMUS1,U.S. Imports of Kerosene-Type Jet Fuel (Thousand Barrels),1896,MBBL
2013-01,NUS-Z00,U.S.,EPJK,Kerosene-Type Jet Fuel,IM0,Imports,MKJIMUS2,U.S. Imports of Kerosene-Type Jet Fuel (Thousand Barrels per Day),61,MBBL/D
2013-02,NUS-Z00,U.S.,EPJK,Kerosene-Type Jet Fuel,IM0,Imports,MKJIMUS1,U.S. Imports of Kerosene-Type Jet Fuel (Thousand Barrels),1960,MBBL
2013-02,NUS-Z00,U.S.,EPJK,Kerosene-Type Jet Fuel,IM0,Imports,MKJIMUS2,U.S. Imports of Kerosene-Type Jet Fuel (Thousand Barrels per Day),70,MBBL/D
2013-03,NUS-Z00,U.S.,EPJK,Kerosene-Type Jet Fuel,IM0,Imports,MKJIMUS1,U.S. Imports of Kerosene-Type Jet Fuel (Thousand Barrels),1365,MBBL
2013-03,NUS-Z00,U.S.,EPJK,Kerosene-Type Jet Fuel,IM0,Imports,MKJIMUS2,U.S. Imports of Kerosene-Type Jet Fuel (Thousand Barrels per Day),44,MBBL/D
2013-04,NUS-Z00,U.S.,EPJK,Kerosene-Type Jet Fuel,IM0,Imports,MKJIMUS1,U.S. Imports of Kerosene-Type Jet Fuel (Thousand Barrels),3116,MBBL
2013-04,NUS-Z00,U.S.,EPJK,Kerosene-Type Jet Fuel,IM0,Imports,MKJIMUS2,U.S. Imports of Kerosene-Type Jet Fuel (Thousand Barrels per Day),104,MBBL/D
2013-05,NUS-Z00,U.S.,EPJK,Kerosene-Type Jet Fuel,IM0,Imports,MKJIMUS1,U.S. Imports of Kerosene-Type Jet Fuel (Thousand Barrels),3502,MBBL
2013-05,NUS-Z00,U.S.,EPJK,Kerosene-Type Jet Fuel,IM0,Imports,MKJIMUS2,U.S. Imports of Kerosene-Type Jet Fuel (Thousand Barrels per Day),113,MBBL/D
2013-06,NUS-Z00,U.S.,EPJK,Kerosene-Type Jet Fuel,IM0,Imports,MKJIMUS1,U.S. Imports of Kerosene-Type Jet Fuel (Thousand Barrels),2959,MBBL
2013-06,NUS-Z00,U.S.,EPJK,Kerosene-Type Jet Fuel,IM0,Imports,MKJIMUS2,U.S. Imports of Kerosene-Type Jet Fuel (Thousand Barrels per Day),99,MBBL/D
2013-07,NUS-Z00,U.S.,EPJK,Kerosene-Type Jet Fuel,IM0,Imports,MKJIMUS1,U.S. Imports of Kerosene-Type Jet Fuel (Thousand Barrels),2964,MBBL
2013-07,NUS-Z00,U.S.,EPJK,Kerosene-Type Jet Fuel,IM0,Imports,MKJIMUS2,U.S. Imports of Kerosene-Type Jet Fuel (Thousand Barrels per Day),96,MBBL/D
2013-08,NUS-Z00,U.S.,EPJK,Kerosene-Type Jet Fuel,IM0,Imports,MKJIMUS1,U.S. Imports of Kerosene-Type Jet Fuel (Thousand Barrels),3837,MBBL
2013-08,NUS-Z00,U.S.,EPJK,Kerosene-Type Jet Fuel,IM0,Imports,MKJIMUS2,U.S. Imports of Kerosene-Type Jet Fuel (Thousand Barrels per Day),124,MBBL/D
2013-09,NUS-Z00,U.S.,EPJK,Kerosene-Type Jet Fuel,IM0,Imports,MKJIMUS1,U.S. Imports of Kerosene-Type Jet Fuel (Thousand Barrels),2047,MBBL
2013-09,NUS-Z00,U.S.,EPJK,Kerosene-Type Jet Fuel,IM0,Imports,MKJIMUS2,U.S. Imports of Kerosene-Type Jet Fuel (Thousand Barrels per Day),68,MBBL/D
2013-10,NUS-Z00,U.S.,EPJK,Kerosene-Type Jet Fuel,IM0,Imports,MKJIMUS1,U.S. Imports of Kerosene-Type Jet Fuel (Thousand Barrels),3051,MBBL
2013-10,NUS-Z00,U.S.,EPJK,Kerosene-Type Jet Fuel,IM0,Imports,MKJIMUS2,U.S. Imports of Kerosene-Type Jet Fuel (Thousand Barrels per Day),98,MBBL/D
2013-11,NUS-Z00,U.S.,EPJK,Kerosene-Type Jet Fuel,IM0,Imports,MKJIMUS1,U.S. Imports of Kerosene-Type Jet Fuel (Thousand Barrels),2232,MBBL
2013-11,NUS-Z00,U.S.,EPJK,Kerosene-Type Jet Fuel,IM0,Imports,MKJIMUS2,U.S. Imports of Kerosene-Type Jet Fuel (Thousand Barrels per Day),74,MBBL/D
2013-12,NUS-Z00,U.S.,EPJK,Kerosene-Type Jet Fuel,IM0,Imports,MKJIMUS1,U.S. Imports of Kerosene-Type Jet Fuel (Thousand Barrels),1903,MBBL
2013-12,NUS-Z00,U.S.,EPJK,Kerosene-Type Jet Fuel,IM0,Imports,MKJIMUS2,U.S. Imports of Kerosene-Type Jet Fuel (Thousand Barrels per Day),61,MBBL/D
2014-01,NUS-Z00,U.S.,EPJK,Kerosene-Type Jet Fuel,IM0,Imports,MKJIMUS1,U.S. Imports of Kerosene-Type Jet Fuel (Thousand Barrels),1298,MBBL
2014-01,NUS-Z00,U.S.,EPJK,Kerosene-Type Jet Fuel,IM0,Imports,MKJIMUS2,U.S. Imports of Kerosene-Type Jet Fuel (Thousand Barrels per Day),42,MBBL/D
2014-02,NUS-Z00,U.S.,EPJK,Kerosene-Type Jet Fuel,IM0,Imports,MKJIMUS1,U.S. Imports of Kerosene-Type Jet Fuel (Thousand Barrels),2623,MBBL
2014-02,NUS-Z00,U.S.,EPJK,Kerosene-Type Jet Fuel,IM0,Imports,MKJIMUS2,U.S. Imports of Kerosene-Type Jet Fuel (Thousand Barrels per Day),94,MBBL/D
2014-03,NUS-Z00,U.S.,EPJK,Kerosene-Type Jet Fuel,IM0,Imports,MKJIMUS1,U.S. Imports of Kerosene-Type Jet Fuel (Thousand Barrels),2812,MBBL
2014-03,NUS-Z00,U.S.,EPJK,Kerosene-Type Jet Fuel,IM0,Imports,MKJIMUS2,U.S. Imports of Kerosene-Type Jet Fuel (Thousand Barrels per Day),91,MBBL/D
2014-04,NUS-Z00,U.S.,EPJK,Kerosene-Type Jet Fuel,IM0,Imports,MKJIMUS1,U.S. Imports of Kerosene-Type Jet Fuel (Thousand Barrels),4332,MBBL
2014-04,NUS-Z00,U.S.,EPJK,Kerosene-Type Jet Fuel,IM0,Imports,MKJIMUS2,U.S. Imports of Kerosene-Type Jet Fuel (Thousand Barrels per Day),144,MBBL/D
2014-05,NUS-Z00,U.S.,EPJK,Kerosene-Type Jet Fuel,IM0,Imports,MKJIMUS1,U.S. Imports of Kerosene-Type Jet Fuel (Thousand Barrels),3226,MBBL
2014-05,NUS-Z00,U.S.,EPJK,Kerosene-Type Jet Fuel,IM0,Imports,MKJIMUS2,U.S. Imports of Kerosene-Type Jet Fuel (Thousand Barrels per Day),104,MBBL/D
2014-06,NUS-Z00,U.S.,EPJK,Kerosene-Type Jet Fuel,IM0,Imports,MKJIMUS1,U.S. Imports of Kerosene-Type Jet Fuel (Thousand Barrels),3256,MBBL
2014-06,NUS-Z00,U.S.,EPJK,Kerosene-Type Jet Fuel,IM0,Imports,MKJIMUS2,U.S. Imports of Kerosene-Type Jet Fuel (Thousand Barrels per Day),109,MBBL/D
2014-07,NUS-Z00,U.S.,EPJK,Kerosene-Type Jet Fuel,IM0,Imports,MKJIMUS1,U.S. Imports of Kerosene-Type Jet Fuel (Thousand Barrels),2648,MBBL
2014-07,NUS-Z00,U.S.,EPJK,Kerosene-Type Jet Fuel,IM0,Imports,MKJIMUS2,U.S. Imports of Kerosene-Type Jet Fuel (Thousand Barrels per Day),85,MBBL/D
2014-08,NUS-Z00,U.S.,EPJK,Kerosene-Type Jet Fuel,IM0,Imports,MKJIMUS1,U.S. Imports of Kerosene-Type Jet Fuel (Thousand Barrels),1961,MBBL
2014-08,NUS-Z00,U.S.,EPJK,Kerosene-Type Jet Fuel,IM0,Imports,MKJIMUS2,U.S. Imports of Kerosene-Type Jet Fuel (Thousand Barrels per Day),63,MBBL/D
2014-09,NUS-Z00,U.S.,EPJK,Kerosene-Type Jet Fuel,IM0,Imports,MKJIMUS1,U.S. Imports of Kerosene-Type Jet Fuel (Thousand Barrels),3986,MBBL
2014-09,NUS-Z00,U.S.,EPJK,Kerosene-Type Jet Fuel,IM0,Imports,MKJIMUS2,U.S. Imports of Kerosene-Type Jet Fuel (Thousand Barrels per Day),133,MBBL/D
2014-10,NUS-Z00,U.S.,EPJK,Kerosene-Type Jet Fuel,IM0,Imports,MKJIMUS1,U.S. Imports of Kerosene-Type Jet Fuel (Thousand Barrels),2781,MBBL
2014-10,NUS-Z00,U.S.,EPJK,Kerosene-Type Jet Fuel,IM0,Imports,MKJIMUS2,U.S. Imports of Kerosene-Type Jet Fuel (Thousand Barrels per Day),90,MBBL/D
2014-11,NUS-Z00,U.S.,EPJK,Kerosene-Type Jet Fuel,IM0,Imports,MKJIMUS1,U.S. Imports of Kerosene-Type Jet Fuel (Thousand Barrels),2400,MBBL
2014-11,NUS-Z00,U.S.,EPJK,Kerosene-Type Jet Fuel,IM0,Imports,MKJIMUS2,U.S. Imports of Kerosene-Type Jet Fuel (Thousand Barrels per Day),80,MBBL/D
2014-12,NUS-Z00,U.S.,EPJK,Kerosene-Type Jet Fuel,IM0,Imports,MKJIMUS1,U.S. Imports of Kerosene-Type Jet Fuel (Thousand Barrels),3156,MBBL
2014-12,NUS-Z00,U.S.,EPJK,Kerosene-Type Jet Fuel,IM0,Imports,MKJIMUS2,U.S. Imports of Kerosene-Type Jet Fuel (Thousand Barrels per Day),102,MBBL/D
2015-01,NUS-Z00,U.S.,EPJK,Kerosene-Type Jet Fuel,IM0,Imports,MKJIMUS1,U.S. Imports of Kerosene-Type Jet Fuel (Thousand Barrels),4105,MBBL
2015-01,NUS-Z00,U.S.,EPJK,Kerosene-Type Jet Fuel,IM0,Imports,MKJIMUS2,U.S. Imports of Kerosene-Type Jet Fuel (Thousand Barrels per Day),132,MBBL/D
2015-02,NUS-Z00,U.S.,EPJK,Kerosene-Type Jet Fuel,IM0,Imports,MKJIMUS1,U.S. Imports of Kerosene-Type Jet Fuel (Thousand Barrels),3556,MBBL
2015-02,NUS-Z00,U.S.,EPJK,Kerosene-Type Jet Fuel,IM0,Imports,MKJIMUS2,U.S. Imports of Kerosene-Type Jet Fuel (Thousand Barrels per Day),127,MBBL/D
2015-03,NUS-Z00,U.S.,EPJK,Kerosene-Type Jet Fuel,IM0,Imports,MKJIMUS1,U.S. Imports of Kerosene-Type Jet Fuel (Thousand Barrels),5044,MBBL
2015-03,NUS-Z00,U.S.,EPJK,Kerosene-Type Jet Fuel,IM0,Imports,MKJIMUS2,U.S. Imports of Kerosene-Type Jet Fuel (Thousand Barrels per Day),163,MBBL/D
2015-04,NUS-Z00,U.S.,EPJK,Kerosene-Type Jet Fuel,IM0,Imports,MKJIMUS1,U.S. Imports of Kerosene-Type Jet Fuel (Thousand Barrels),4034,MBBL
2015-04,NUS-Z00,U.S.,EPJK,Kerosene-Type Jet Fuel,IM0,Imports,MKJIMUS2,U.S. Imports of Kerosene-Type Jet Fuel (Thousand Barrels per Day),134,MBBL/D
2015-05,NUS-Z00,U.S.,EPJK,Kerosene-Type Jet Fuel,IM0,Imports,MKJIMUS1,U.S. Imports of Kerosene-Type Jet Fuel (Thousand Barrels),5272,MBBL
2015-05,NUS-Z00,U.S.,EPJK,Kerosene-Type Jet Fuel,IM0,Imports,MKJIMUS2,U.S. Imports of Kerosene-Type Jet Fuel (Thousand Barrels per Day),170,MBBL/D
2015-06,NUS-Z00,U.S.,EPJK,Kerosene-Type Jet Fuel,IM0,Imports,MKJIMUS1,U.S. Imports of Kerosene-Type Jet Fuel (Thousand Barrels),6116,MBBL
2015-06,NUS-Z00,U.S.,EPJK,Kerosene-Type Jet Fuel,IM0,Imports,MKJIMUS2,U.S. Imports of Kerosene-Type Jet Fuel (Thousand Barrels per Day),204,MBBL/D
2015-07,NUS-Z00,U.S.,EPJK,Kerosene-Type Jet Fuel,IM0,Imports,MKJIMUS1,U.S. Imports of Kerosene-Type Jet Fuel (Thousand Barrels),4946,MBBL
2015-07,NUS-Z00,U.S.,EPJK,Kerosene-Type Jet Fuel,IM0,Imports,MKJIMUS2,U.S. Imports of Kerosene-Type Jet Fuel (Thousand Barrels per Day),160,MBBL/D
2015-08,NUS-Z00,U.S.,EPJK,Kerosene-Type Jet Fuel,IM0,Imports,MKJIMUS1,U.S. Imports of Kerosene-Type Jet Fuel (Thousand Barrels),4107,MBBL
2015-08,NUS-Z00,U.S.,EPJK,Kerosene-Type Jet Fuel,IM0,Imports,MKJIMUS2,U.S. Imports of Kerosene-Type Jet Fuel (Thousand Barrels per Day),132,MBBL/D
2015-09,NUS-Z00,U.S.,EPJK,Kerosene-Type Jet Fuel,IM0,Imports,MKJIMUS1,U.S. Imports of Kerosene-Type Jet Fuel (Thousand Barrels),1969,MBBL
2015-09,NUS-Z00,U.S.,EPJK,Kerosene-Type Jet Fuel,IM0,Imports,MKJIMUS2,U.S. Imports of Kerosene-Type Jet Fuel (Thousand Barrels per Day),66,MBBL/D
2015-10,NUS-Z00,U.S.,EPJK,Kerosene-Type Jet Fuel,IM0,Imports,MKJIMUS1,U.S. Imports of Kerosene-Type Jet Fuel (Thousand Barrels),2565,MBBL
2015-10,NUS-Z00,U.S.,EPJK,Kerosene-Type Jet Fuel,IM0,Imports,MKJIMUS2,U.S. Imports of Kerosene-Type Jet Fuel (Thousand Barrels per Day),83,MBBL/D
2015-11,NUS-Z00,U.S.,EPJK,Kerosene-Type Jet Fuel,IM0,Imports,MKJIMUS1,U.S. Imports of Kerosene-Type Jet Fuel (Thousand Barrels),3049,MBBL
2015-11,NUS-Z00,U.S.,EPJK,Kerosene-Type Jet Fuel,IM0,Imports,MKJIMUS2,U.S. Imports of Kerosene-Type Jet Fuel (Thousand Barrels per Day),102,MBBL/D
2015-12,NUS-Z00,U.S.,EPJK,Kerosene-Type Jet Fuel,IM0,Imports,MKJIMUS1,U.S. Imports of Kerosene-Type Jet Fuel (Thousand Barrels),3355,MBBL
2015-12,NUS-Z00,U.S.,EPJK,Kerosene-Type Jet Fuel,IM0,Imports,MKJIMUS2,U.S. Imports of Kerosene-Type Jet Fuel (Thousand Barrels per Day),108,MBBL/D
2016-01,NUS-Z00,U.S.,EPJK,Kerosene-Type Jet Fuel,IM0,Imports,MKJIMUS1,U.S. Imports of Kerosene-Type Jet Fuel (Thousand Barrels),4784,MBBL
2016-01,NUS-Z00,U.S.,EPJK,Kerosene-Type Jet Fuel,IM0,Imports,MKJIMUS2,U.S. Imports of Kerosene-Type Jet Fuel (Thousand Barrels per Day),154,MBBL/D
2016-02,NUS-Z00,U.S.,EPJK,Kerosene-Type Jet Fuel,IM0,Imports,MKJIMUS1,U.S. Imports of Kerosene-Type Jet Fuel (Thousand Barrels),3384,MBBL
2016-02,NUS-Z00,U.S.,EPJK,Kerosene-Type Jet Fuel,IM0,Imports,MKJIMUS2,U.S. Imports of Kerosene-Type Jet Fuel (Thousand Barrels per Day),117,MBBL/D
2016-03,NUS-Z00,U.S.,EPJK,Kerosene-Type Jet Fuel,IM0,Imports,MKJIMUS1,U.S. Imports of Kerosene-Type Jet Fuel (Thousand Barrels),4792,MBBL
2016-03,NUS-Z00,U.S.,EPJK,Kerosene-Type Jet Fuel,IM0,Imports,MKJIMUS2,U.S. Imports of Kerosene-Type Jet Fuel (Thousand Barrels per Day),155,MBBL/D
2016-04,NUS-Z00,U.S.,EPJK,Kerosene-Type Jet Fuel,IM0,Imports,MKJIMUS1,U.S. Imports of Kerosene-Type Jet Fuel (Thousand Barrels),3647,MBBL
2016-04,NUS-Z00,U.S.,EPJK,Kerosene-Type Jet Fuel,IM0,Imports,MKJIMUS2,U.S. Imports of Kerosene-Type Jet Fuel (Thousand Barrels per Day),122,MBBL/D
2016-05,NUS-Z00,U.S.,EPJK,Kerosene-Type Jet Fuel,IM0,Imports,MKJIMUS1,U.S. Imports of Kerosene-Type Jet Fuel (Thousand Barrels),5629,MBBL
2016-05,NUS-Z00,U.S.,EPJK,Kerosene-Type Jet Fuel,IM0,Imports,MKJIMUS2,U.S. Imports of Kerosene-Type Jet Fuel (Thousand Barrels per Day),182,MBBL/D
2016-06,NUS-Z00,U.S.,EPJK,Kerosene-Type Jet Fuel,IM0,Imports,MKJIMUS1,U.S. Imports of Kerosene-Type Jet Fuel (Thousand Barrels),3974,MBBL
2016-06,NUS-Z00,U.S.,EPJK,Kerosene-Type Jet Fuel,IM0,Imports,MKJIMUS2,U.S. Imports of Kerosene-Type Jet Fuel (Thousand Barrels per Day),132,MBBL/D
2016-07,NUS-Z00,U.S.,EPJK,Kerosene-Type Jet Fuel,IM0,Imports,MKJIMUS1,U.S. Imports of Kerosene-Type Jet Fuel (Thousand Barrels),5388,MBBL
2016-07,NUS-Z00,U.S.,EPJK,Kerosene-Type Jet Fuel,IM0,Imports,MKJIMUS2,U.S. Imports of Kerosene-Type Jet Fuel (Thousand Barrels per Day),174,MBBL/D
2016-08,NUS-Z00,U.S.,EPJK,Kerosene-Type Jet Fuel,IM0,Imports,MKJIMUS1,U.S. Imports of Kerosene-Type Jet Fuel (Thousand Barrels),4545,MBBL
2016-08,NUS-Z00,U.S.,EPJK,Kerosene-Type Jet Fuel,IM0,Imports,MKJIMUS2,U.S. Imports of Kerosene-Type Jet Fuel (Thousand Barrels per Day),147,MBBL/D
2016-09,NUS-Z00,U.S.,EPJK,Kerosene-Type Jet Fuel,IM0,Imports,MKJIMUS1,U.S. Imports of Kerosene-Type Jet Fuel (Thousand Barrels),4159,MBBL
2016-09,NUS-Z00,U.S.,EPJK,Kerosene-Type Jet Fuel,IM0,Imports,MKJIMUS2,U.S. Imports of Kerosene-Type Jet Fuel (Thousand Barrels per Day),139,MBBL/D
2016-10,NUS-Z00,U.S.,EPJK,Kerosene-Type Jet Fuel,IM0,Imports,MKJIMUS1,U.S. Imports of Kerosene-Type Jet Fuel (Thousand Barrels),4788,MBBL
2016-10,NUS-Z00,U.S.,EPJK,Kerosene-Type Jet Fuel,IM0,Imports,MKJIMUS2,U.S. Imports of Kerosene-Type Jet Fuel (Thousand Barrels per Day),154,MBBL/D
2016-11,NUS-Z00,U.S.,EPJK,Kerosene-Type Jet Fuel,IM0,Imports,MKJIMUS1,U.S. Imports of Kerosene-Type Jet Fuel (Thousand Barrels),4587,MBBL
2016-11,NUS-Z00,U.S.,EPJK,Kerosene-Type Jet Fuel,IM0,Imports,MKJIMUS2,U.S. Imports of Kerosene-Type Jet Fuel (Thousand Barrels per Day),153,MBBL/D
2016-12,NUS-Z00,U.S.,EPJK,Kerosene-Type Jet Fuel,IM0,Imports,MKJIMUS1,U.S. Imports of Kerosene-Type Jet Fuel (Thousand Barrels),4000,MBBL
2016-12,NUS-Z00,U.S.,EPJK,Kerosene-Type Jet Fuel,IM0,Imports,MKJIMUS2,U.S. Imports of Kerosene-Type Jet Fuel (Thousand Barrels per Day),129,MBBL/D
2017-01,NUS-Z00,U.S.,EPJK,Kerosene-Type Jet Fuel,IM0,Imports,MKJIMUS1,U.S. Imports of Kerosene-Type Jet Fuel (Thousand Barrels),4089,MBBL
2017-01,NUS-Z00,U.S.,EPJK,Kerosene-Type Jet Fuel,IM0,Imports,MKJIMUS2,U.S. Imports of Kerosene-Type Jet Fuel (Thousand Barrels per Day),132,MBBL/D
2017-02,NUS-Z00,U.S.,EPJK,Kerosene-Type Jet Fuel,IM0,Imports,MKJIMUS1,U.S. Imports of Kerosene-Type Jet Fuel (Thousand Barrels),4129,MBBL
2017-02,NUS-Z00,U.S.,EPJK,Kerosene-Type Jet Fuel,IM0,Imports,MKJIMUS2,U.S. Imports of Kerosene-Type Jet Fuel (Thousand Barrels per Day),147,MBBL/D
2017-03,NUS-Z00,U.S.,EPJK,Kerosene-Type Jet Fuel,IM0,Imports,MKJIMUS1,U.S. Imports of Kerosene-Type Jet Fuel (Thousand Barrels),3819,MBBL
2017-03,NUS-Z00,U.S.,EPJK,Kerosene-Type Jet Fuel,IM0,Imports,MKJIMUS2,U.S. Imports of Kerosene-Type Jet Fuel (Thousand Barrels per Day),123,MBBL/D
2017-04,NUS-Z00,U.S.,EPJK,Kerosene-Type Jet Fuel,IM0,Imports,MKJIMUS1,U.S. Imports of Kerosene-Type Jet Fuel (Thousand Barrels),5487,MBBL
2017-04,NUS-Z00,U.S.,EPJK,Kerosene-Type Jet Fuel,IM0,Imports,MKJIMUS2,U.S. Imports of Kerosene-Type Jet Fuel (Thousand Barrels per Day),183,MBBL/D
2017-05,NUS-Z00,U.S.,EPJK,Kerosene-Type Jet Fuel,IM0,Imports,MKJIMUS1,U.S. Imports of Kerosene-Type Jet Fuel (Thousand Barrels),3902,MBBL
2017-05,NUS-Z00,U.S.,EPJK,Kerosene-Type Jet Fuel,IM0,Imports,MKJIMUS2,U.S. Imports of Kerosene-Type Jet Fuel (Thousand Barrels per Day),126,MBBL/D
2017-06,NUS-Z00,U.S.,EPJK,Kerosene-Type Jet Fuel,IM0,Imports,MKJIMUS1,U.S. Imports of Kerosene-Type Jet Fuel (Thousand Barrels),3576,MBBL
2017-06,NUS-Z00,U.S.,EPJK,Kerosene-Type Jet Fuel,IM0,Imports,MKJIMUS2,U.S. Imports of Kerosene-Type Jet Fuel (Thousand Barrels per Day),119,MBBL/D
2017-07,NUS-Z00,U.S.,EPJK,Kerosene-Type Jet Fuel,IM0,Imports,MKJIMUS1,U.S. Imports of Kerosene-Type Jet Fuel (Thousand Barrels),4327,MBBL
2017-07,NUS-Z00,U.S.,EPJK,Kerosene-Type Jet Fuel,IM0,Imports,MKJIMUS2,U.S. Imports of Kerosene-Type Jet Fuel (Thousand Barrels per Day),140,MBBL/D
2017-08,NUS-Z00,U.S.,EPJK,Kerosene-Type Jet Fuel,IM0,Imports,MKJIMUS1,U.S. Imports of Kerosene-Type Jet Fuel (Thousand Barrels),5354,MBBL
2017-08,NUS-Z00,U.S.,EPJK,Kerosene-Type Jet Fuel,IM0,Imports,MKJIMUS2,U.S. Imports of Kerosene-Type Jet Fuel (Thousand Barrels per Day),173,MBBL/D
2017-09,NUS-Z00,U.S.,EPJK,Kerosene-Type Jet Fuel,IM0,Imports,MKJIMUS1,U.S. Imports of Kerosene-Type Jet Fuel (Thousand Barrels),5970,MBBL
2017-09,NUS-Z00,U.S.,EPJK,Kerosene-Type Jet Fuel,IM0,Imports,MKJIMUS2,U.S. Imports of Kerosene-Type Jet Fuel (Thousand Barrels per Day),199,MBBL/D
2017-10,NUS-Z00,U.S.,EPJK,Kerosene-Type Jet Fuel,IM0,Imports,MKJIMUS1,U.S. Imports of Kerosene-Type Jet Fuel (Thousand Barrels),7145,MBBL
2017-10,NUS-Z00,U.S.,EPJK,Kerosene-Type Jet Fuel,IM0,Imports,MKJIMUS2,U.S. Imports of Kerosene-Type Jet Fuel (Thousand Barrels per Day),230,MBBL/D
2017-11,NUS-Z00,U.S.,EPJK,Kerosene-Type Jet Fuel,IM0,Imports,MKJIMUS1,U.S. Imports of Kerosene-Type Jet Fuel (Thousand Barrels),5807,MBBL
2017-11,NUS-Z00,U.S.,EPJK,Kerosene-Type Jet Fuel,IM0,Imports,MKJIMUS2,U.S. Imports of Kerosene-Type Jet Fuel (Thousand Barrels per Day),194,MBBL/D
2017-12,NUS-Z00,U.S.,EPJK,Kerosene-Type Jet Fuel,IM0,Imports,MKJIMUS1,U.S. Imports of Kerosene-Type Jet Fuel (Thousand Barrels),4668,MBBL
2017-12,NUS-Z00,U.S.,EPJK,Kerosene-Type Jet Fuel,IM0,Imports,MKJIMUS2,U.S. Imports of Kerosene-Type Jet Fuel (Thousand Barrels per Day),151,MBBL/D
2018-01,NUS-Z00,U.S.,EPJK,Kerosene-Type Jet Fuel,IM0,Imports,MKJIMUS1,U.S. Imports of Kerosene-Type Jet Fuel (Thousand Barrels),3751,MBBL
2018-01,NUS-Z00,U.S.,EPJK,Kerosene-Type Jet Fuel,IM0,Imports,MKJIMUS2,U.S. Imports of Kerosene-Type Jet Fuel (Thousand Barrels per Day),121,MBBL/D
2018-02,NUS-Z00,U.S.,EPJK,Kerosene-Type Jet Fuel,IM0,Imports,MKJIMUS1,U.S. Imports of Kerosene-Type Jet Fuel (Thousand Barrels),2595,MBBL
2018-02,NUS-Z00,U.S.,EPJK,Kerosene-Type Jet Fuel,IM0,Imports,MKJIMUS2,U.S. Imports of Kerosene-Type Jet Fuel (Thousand Barrels per Day),93,MBBL/D
2018-03,NUS-Z00,U.S.,EPJK,Kerosene-Type Jet Fuel,IM0,Imports,MKJIMUS1,U.S. Imports of Kerosene-Type Jet Fuel (Thousand Barrels),2647,MBBL
2018-03,NUS-Z00,U.S.,EPJK,Kerosene-Type Jet Fuel,IM0,Imports,MKJIMUS2,U.S. Imports of Kerosene-Type Jet Fuel (Thousand Barrels per Day),85,MBBL/D
2018-04,NUS-Z00,U.S.,EPJK,Kerosene-Type Jet Fuel,IM0,Imports,MKJIMUS1,U.S. Imports of Kerosene-Type Jet Fuel (Thousand Barrels),2650,MBBL
2018-04,NUS-Z00,U.S.,EPJK,Kerosene-Type Jet Fuel,IM0,Imports,MKJIMUS2,U.S. Imports of Kerosene-Type Jet Fuel (Thousand Barrels per Day),88,MBBL/D
2018-05,NUS-Z00,U.S.,EPJK,Kerosene-Type Jet Fuel,IM0,Imports,MKJIMUS1,U.S. Imports of Kerosene-Type Jet Fuel (Thousand Barrels),4339,MBBL
2018-05,NUS-Z00,U.S.,EPJK,Kerosene-Type Jet Fuel,IM0,Imports,MKJIMUS2,U.S. Imports of Kerosene-Type Jet Fuel (Thousand Barrels per Day),140,MBBL/D
2018-06,NUS-Z00,U.S.,EPJK,Kerosene-Type Jet Fuel,IM0,Imports,MKJIMUS1,U.S. Imports of Kerosene-Type Jet Fuel (Thousand Barrels),4623,MBBL
2018-06,NUS-Z00,U.S.,EPJK,Kerosene-Type Jet Fuel,IM0,Imports,MKJIMUS2,U.S. Imports of Kerosene-Type Jet Fuel (Thousand Barrels per Day),154,MBBL/D
2018-07,NUS-Z00,U.S.,EPJK,Kerosene-Type Jet Fuel,IM0,Imports,MKJIMUS1,U.S. Imports of Kerosene-Type Jet Fuel (Thousand Barrels),4669,MBBL
2018-07,NUS-Z00,U.S.,EPJK,Kerosene-Type Jet Fuel,IM0,Imports,MKJIMUS2,U.S. Imports of Kerosene-Type Jet Fuel (Thousand Barrels per Day),151,MBBL/D
2018-08,NUS-Z00,U.S.,EPJK,Kerosene-Type Jet Fuel,IM0,Imports,MKJIMUS1,U.S. Imports of Kerosene-Type Jet Fuel (Thousand Barrels),4700,MBBL
2018-08,NUS-Z00,U.S.,EPJK,Kerosene-Type Jet Fuel,IM0,Imports,MKJIMUS2,U.S. Imports of Kerosene-Type Jet Fuel (Thousand Barrels per Day),152,MBBL/D
2018-09,NUS-Z00,U.S.,EPJK,Kerosene-Type Jet Fuel,IM0,Imports,MKJIMUS1,U.S. Imports of Kerosene-Type Jet Fuel (Thousand Barrels),5435,MBBL
2018-09,NUS-Z00,U.S.,EPJK,Kerosene-Type Jet Fuel,IM0,Imports,MKJIMUS2,U.S. Imports of Kerosene-Type Jet Fuel (Thousand Barrels per Day),181,MBBL/D
2018-10,NUS-Z00,U.S.,EPJK,Kerosene-Type Jet Fuel,IM0,Imports,MKJIMUS1,U.S. Imports of Kerosene-Type Jet Fuel (Thousand Barrels),3591,MBBL
2018-10,NUS-Z00,U.S.,EPJK,Kerosene-Type Jet Fuel,IM0,Imports,MKJIMUS2,U.S. Imports of Kerosene-Type Jet Fuel (Thousand Barrels per Day),116,MBBL/D
2018-11,NUS-Z00,U.S.,EPJK,Kerosene-Type Jet Fuel,IM0,Imports,MKJIMUS1,U.S. Imports of Kerosene-Type Jet Fuel (Thousand Barrels),3096,MBBL
2018-11,NUS-Z00,U.S.,EPJK,Kerosene-Type Jet Fuel,IM0,Imports,MKJIMUS2,U.S. Imports of Kerosene-Type Jet Fuel (Thousand Barrels per Day),103,MBBL/D
2018-12,NUS-Z00,U.S.,EPJK,Kerosene-Type Jet Fuel,IM0,Imports,MKJIMUS1,U.S. Imports of Kerosene-Type Jet Fuel (Thousand Barrels),3256,MBBL
2018-12,NUS-Z00,U.S.,EPJK,Kerosene-Type Jet Fuel,IM0,Imports,MKJIMUS2,U.S. Imports of Kerosene-Type Jet Fuel (Thousand Barrels per Day),105,MBBL/D
2019-01,NUS-Z00,U.S.,EPJK,Kerosene-Type Jet Fuel,IM0,Imports,MKJIMUS1,U.S. Imports of Kerosene-Type Jet Fuel (Thousand Barrels),3106,MBBL
2019-01,NUS-Z00,U.S.,EPJK,Kerosene-Type Jet Fuel,IM0,Imports,MKJIMUS2,U.S. Imports of Kerosene-Type Jet Fuel (Thousand Barrels per Day),100,MBBL/D
2019-02,NUS-Z00,U.S.,EPJK,Kerosene-Type Jet Fuel,IM0,Imports,MKJIMUS1,U.S. Imports of Kerosene-Type Jet Fuel (Thousand Barrels),3911,MBBL
2019-02,NUS-Z00,U.S.,EPJK,Kerosene-Type Jet Fuel,IM0,Imports,MKJIMUS2,U.S. Imports of Kerosene-Type Jet Fuel (Thousand Barrels per Day),140,MBBL/D
2019-03,NUS-Z00,U.S.,EPJK,Kerosene-Type Jet Fuel,IM0,Imports,MKJIMUS1,U.S. Imports of Kerosene-Type Jet Fuel (Thousand Barrels),4476,MBBL
2019-03,NUS-Z00,U.S.,EPJK,Kerosene-Type Jet Fuel,IM0,Imports,MKJIMUS2,U.S. Imports of Kerosene-Type Jet Fuel (Thousand Barrels per Day),144,MBBL/D
2019-04,NUS-Z00,U.S.,EPJK,Kerosene-Type Jet Fuel,IM0,Imports,MKJIMUS1,U.S. Imports of Kerosene-Type Jet Fuel (Thousand Barrels),5910,MBBL
2019-04,NUS-Z00,U.S.,EPJK,Kerosene-Type Jet Fuel,IM0,Imports,MKJIMUS2,U.S. Imports of Kerosene-Type Jet Fuel (Thousand Barrels per Day),197,MBBL/D
2019-05,NUS-Z00,U.S.,EPJK,Kerosene-Type Jet Fuel,IM0,Imports,MKJIMUS1,U.S. Imports of Kerosene-Type Jet Fuel (Thousand Barrels),5815,MBBL
2019-05,NUS-Z00,U.S.,EPJK,Kerosene-Type Jet Fuel,IM0,Imports,MKJIMUS2,U.S. Imports of Kerosene-Type Jet Fuel (Thousand Barrels per Day),188,MBBL/D
2019-06,NUS-Z00,U.S.,EPJK,Kerosene-Type Jet Fuel,IM0,Imports,MKJIMUS1,U.S. Imports of Kerosene-Type Jet Fuel (Thousand Barrels),5227,MBBL
2019-06,NUS-Z00,U.S.,EPJK,Kerosene-Type Jet Fuel,IM0,Imports,MKJIMUS2,U.S. Imports of Kerosene-Type Jet Fuel (Thousand Barrels per Day),174,MBBL/D
2019-07,NUS-Z00,U.S.,EPJK,Kerosene-Type Jet Fuel,IM0,Imports,MKJIMUS1,U.S. Imports of Kerosene-Type Jet Fuel (Thousand Barrels),6624,MBBL
2019-07,NUS-Z00,U.S.,EPJK,Kerosene-Type Jet Fuel,IM0,Imports,MKJIMUS2,U.S. Imports of Kerosene-Type Jet Fuel (Thousand Barrels per Day),214,MBBL/D
2019-08,NUS-Z00,U.S.,EPJK,Kerosene-Type Jet Fuel,IM0,Imports,MKJIMUS1,U.S. Imports of Kerosene-Type Jet Fuel (Thousand Barrels),5439,MBBL
2019-08,NUS-Z00,U.S.,EPJK,Kerosene-Type Jet Fuel,IM0,Imports,MKJIMUS2,U.S. Imports of Kerosene-Type Jet Fuel (Thousand Barrels per Day),175,MBBL/D
2019-09,NUS-Z00,U.S.,EPJK,Kerosene-Type Jet Fuel,IM0,Imports,MKJIMUS1,U.S. Imports of Kerosene-Type Jet Fuel (Thousand Barrels),5573,MBBL
2019-09,NUS-Z00,U.S.,EPJK,Kerosene-Type Jet Fuel,IM0,Imports,MKJIMUS2,U.S. Imports of Kerosene-Type Jet Fuel (Thousand Barrels per Day),186,MBBL/D
2019-10,NUS-Z00,U.S.,EPJK,Kerosene-Type Jet Fuel,IM0,Imports,MKJIMUS1,U.S. Imports of Kerosene-Type Jet Fuel (Thousand Barrels),4594,MBBL
2019-10,NUS-Z00,U.S.,EPJK,Kerosene-Type Jet Fuel,IM0,Imports,MKJIMUS2,U.S. Imports of Kerosene-Type Jet Fuel (Thousand Barrels per Day),148,MBBL/D
2019-11,NUS-Z00,U.S.,EPJK,Kerosene-Type Jet Fuel,IM0,Imports,MKJIMUS1,U.S. Imports of Kerosene-Type Jet Fuel (Thousand Barrels),3935,MBBL
2019-11,NUS-Z00,U.S.,EPJK,Kerosene-Type Jet Fuel,IM0,Imports,MKJIMUS2,U.S. Imports of Kerosene-Type Jet Fuel (Thousand Barrels per Day),131,MBBL/D
2019-12,NUS-Z00,U.S.,EPJK,Kerosene-Type Jet Fuel,IM0,Imports,MKJIMUS1,U.S. Imports of Kerosene-Type Jet Fuel (Thousand Barrels),5290,MBBL
2019-12,NUS-Z00,U.S.,EPJK,Kerosene-Type Jet Fuel,IM0,Imports,MKJIMUS2,U.S. Imports of Kerosene-Type Jet Fuel (Thousand Barrels per Day),171,MBBL/D
2020-01,NUS-Z00,U.S.,EPJK,Kerosene-Type Jet Fuel,IM0,Imports,MKJIMUS1,U.S. Imports of Kerosene-Type Jet Fuel (Thousand Barrels),4573,MBBL
2020-01,NUS-Z00,U.S.,EPJK,Kerosene-Type Jet Fuel,IM0,Imports,MKJIMUS2,U.S. Imports of Kerosene-Type Jet Fuel (Thousand Barrels per Day),148,MBBL/D
2020-02,NUS-Z00,U.S.,EPJK,Kerosene-Type Jet Fuel,IM0,Imports,MKJIMUS1,U.S. Imports of Kerosene-Type Jet Fuel (Thousand Barrels),4773,MBBL
2020-02,NUS-Z00,U.S.,EPJK,Kerosene-Type Jet Fuel,IM0,Imports,MKJIMUS2,U.S. Imports of Kerosene-Type Jet Fuel (Thousand Barrels per Day),165,MBBL/D
2020-03,NUS-Z00,U.S.,EPJK,Kerosene-Type Jet Fuel,IM0,Imports,MKJIMUS1,U.S. Imports of Kerosene-Type Jet Fuel (Thousand Barrels),4660,MBBL
2020-03,NUS-Z00,U.S.,EPJK,Kerosene-Type Jet Fuel,IM0,Imports,MKJIMUS2,U.S. Imports of Kerosene-Type Jet Fuel (Thousand Barrels per Day),150,MBBL/D
2020-04,NUS-Z00,U.S.,EPJK,Kerosene-Type Jet Fuel,IM0,Imports,MKJIMUS1,U.S. Imports of Kerosene-Type Jet Fuel (Thousand Barrels),4280,MBBL
2020-04,NUS-Z00,U.S.,EPJK,Kerosene-Type Jet Fuel,IM0,Imports,MKJIMUS2,U.S. Imports of Kerosene-Type Jet Fuel (Thousand Barrels per Day),143,MBBL/D
2020-05,NUS-Z00,U.S.,EPJK,Kerosene-Type Jet Fuel,IM0,Imports,MKJIMUS1,U.S. Imports of Kerosene-Type Jet Fuel (Thousand Barrels),3876,MBBL
2020-05,NUS-Z00,U.S.,EPJK,Kerosene-Type Jet Fuel,IM0,Imports,MKJIMUS2,U.S. Imports of Kerosene-Type Jet Fuel (Thousand Barrels per Day),125,MBBL/D
2020-06,NUS-Z00,U.S.,EPJK,Kerosene-Type Jet Fuel,IM0,Imports,MKJIMUS1,U.S. Imports of Kerosene-Type Jet Fuel (Thousand Barrels),4116,MBBL
2020-06,NUS-Z00,U.S.,EPJK,Kerosene-Type Jet Fuel,IM0,Imports,MKJIMUS2,U.S. Imports of Kerosene-Type Jet Fuel (Thousand Barrels per Day),137,MBBL/D
2020-07,NUS-Z00,U.S.,EPJK,Kerosene-Type Jet Fuel,IM0,Imports,MKJIMUS1,U.S. Imports of Kerosene-Type Jet Fuel (Thousand Barrels),5149,MBBL
2020-07,NUS-Z00,U.S.,EPJK,Kerosene-Type Jet Fuel,IM0,Imports,MKJIMUS2,U.S. Imports of Kerosene-Type Jet Fuel (Thousand Barrels per Day),166,MBBL/D
2020-08,NUS-Z00,U.S.,EPJK,Kerosene-Type Jet Fuel,IM0,Imports,MKJIMUS1,U.S. Imports of Kerosene-Type Jet Fuel (Thousand Barrels),5141,MBBL
2020-08,NUS-Z00,U.S.,EPJK,Kerosene-Type Jet Fuel,IM0,Imports,MKJIMUS2,U.S. Imports of Kerosene-Type Jet Fuel (Thousand Barrels per Day),166,MBBL/D
2020-09,NUS-Z00,U.S.,EPJK,Kerosene-Type Jet Fuel,IM0,Imports,MKJIMUS1,U.S. Imports of Kerosene-Type Jet Fuel (Thousand Barrels),5060,MBBL
2020-09,NUS-Z00,U.S.,EPJK,Kerosene-Type Jet Fuel,IM0,Imports,MKJIMUS2,U.S. Imports of Kerosene-Type Jet Fuel (Thousand Barrels per Day),169,MBBL/D
2020-10,NUS-Z00,U.S.,EPJK,Kerosene-Type Jet Fuel,IM0,Imports,MKJIMUS1,U.S. Imports of Kerosene-Type Jet Fuel (Thousand Barrels),4485,MBBL
2020-10,NUS-Z00,U.S.,EPJK,Kerosene-Type Jet Fuel,IM0,Imports,MKJIMUS2,U.S. Imports of Kerosene-Type Jet Fuel (Thousand Barrels per Day),145,MBBL/D
2020-11,NUS-Z00,U.S.,EPJK,Kerosene-Type Jet Fuel,IM0,Imports,MKJIMUS1,U.S. Imports of Kerosene-Type Jet Fuel (Thousand Barrels),4437,MBBL
2020-11,NUS-Z00,U.S.,EPJK,Kerosene-Type Jet Fuel,IM0,Imports,MKJIMUS2,U.S. Imports of Kerosene-Type Jet Fuel (Thousand Barrels per Day),148,MBBL/D
2020-12,NUS-Z00,U.S.,EPJK,Kerosene-Type Jet Fuel,IM0,Imports,MKJIMUS1,U.S. Imports of Kerosene-Type Jet Fuel (Thousand Barrels),4237,MBBL
2020-12,NUS-Z00,U.S.,EPJK,Kerosene-Type Jet Fuel,IM0,Imports,MKJIMUS2,U.S. Imports of Kerosene-Type Jet Fuel (Thousand Barrels per Day),137,MBBL/D
2021-01,NUS-Z00,U.S.,EPJK,Kerosene-Type Jet Fuel,IM0,Imports,MKJIMUS1,U.S. Imports of Kerosene-Type Jet Fuel (Thousand Barrels),3853,MBBL
2021-01,NUS-Z00,U.S.,EPJK,Kerosene-Type Jet Fuel,IM0,Imports,MKJIMUS2,U.S. Imports of Kerosene-Type Jet Fuel (Thousand Barrels per Day),124,MBBL/D
2021-02,NUS-Z00,U.S.,EPJK,Kerosene-Type Jet Fuel,IM0,Imports,MKJIMUS1,U.S. Imports of Kerosene-Type Jet Fuel (Thousand Barrels),3156,MBBL
2021-02,NUS-Z00,U.S.,EPJK,Kerosene-Type Jet Fuel,IM0,Imports,MKJIMUS2,U.S. Imports of Kerosene-Type Jet Fuel (Thousand Barrels per Day),113,MBBL/D
2021-03,NUS-Z00,U.S.,EPJK,Kerosene-Type Jet Fuel,IM0,Imports,MKJIMUS1,U.S. Imports of Kerosene-Type Jet Fuel (Thousand Barrels),2890,MBBL
2021-03,NUS-Z00,U.S.,EPJK,Kerosene-Type Jet Fuel,IM0,Imports,MKJIMUS2,U.S. Imports of Kerosene-Type Jet Fuel (Thousand Barrels per Day),93,MBBL/D
2021-04,NUS-Z00,U.S.,EPJK,Kerosene-Type Jet Fuel,IM0,Imports,MKJIMUS1,U.S. Imports of Kerosene-Type Jet Fuel (Thousand Barrels),4238,MBBL
2021-04,NUS-Z00,U.S.,EPJK,Kerosene-Type Jet Fuel,IM0,Imports,MKJIMUS2,U.S. Imports of Kerosene-Type Jet Fuel (Thousand Barrels per Day),141,MBBL/D
2021-05,NUS-Z00,U.S.,EPJK,Kerosene-Type Jet Fuel,IM0,Imports,MKJIMUS1,U.S. Imports of Kerosene-Type Jet Fuel (Thousand Barrels),5820,MBBL
2021-05,NUS-Z00,U.S.,EPJK,Kerosene-Type Jet Fuel,IM0,Imports,MKJIMUS2,U.S. Imports of Kerosene-Type Jet Fuel (Thousand Barrels per Day),188,MBBL/D
2021-06,NUS-Z00,U.S.,EPJK,Kerosene-Type Jet Fuel,IM0,Imports,MKJIMUS1,U.S. Imports of Kerosene-Type Jet Fuel (Thousand Barrels),5357,MBBL
2021-06,NUS-Z00,U.S.,EPJK,Kerosene-Type Jet Fuel,IM0,Imports,MKJIMUS2,U.S. Imports of Kerosene-Type Jet Fuel (Thousand Barrels per Day),179,MBBL/D
2021-07,NUS-Z00,U.S.,EPJK,Kerosene-Type Jet Fuel,IM0,Imports,MKJIMUS1,U.S. Imports of Kerosene-Type Jet Fuel (Thousand Barrels),4319,MBBL
2021-07,NUS-Z00,U.S.,EPJK,Kerosene-Type Jet Fuel,IM0,Imports,MKJIMUS2,U.S. Imports of Kerosene-Type Jet Fuel (Thousand Barrels per Day),139,MBBL/D
2021-08,NUS-Z00,U.S.,EPJK,Kerosene-Type Jet Fuel,IM0,Imports,MKJIMUS1,U.S. Imports of Kerosene-Type Jet Fuel (Thousand Barrels),6952,MBBL
2021-08,NUS-Z00,U.S.,EPJK,Kerosene-Type Jet Fuel,IM0,Imports,MKJIMUS2,U.S. Imports of Kerosene-Type Jet Fuel (Thousand Barrels per Day),224,MBBL/D
2021-09,NUS-Z00,U.S.,EPJK,Kerosene-Type Jet Fuel,IM0,Imports,MKJIMUS1,U.S. Imports of Kerosene-Type Jet Fuel (Thousand Barrels),6648,MBBL
2021-09,NUS-Z00,U.S.,EPJK,Kerosene-Type Jet Fuel,IM0,Imports,MKJIMUS2,U.S. Imports of Kerosene-Type Jet Fuel (Thousand Barrels per Day),222,MBBL/D
2021-10,NUS-Z00,U.S.,EPJK,Kerosene-Type Jet Fuel,IM0,Imports,MKJIMUS1,U.S. Imports of Kerosene-Type Jet Fuel (Thousand Barrels),6767,MBBL
2021-10,NUS-Z00,U.S.,EPJK,Kerosene-Type Jet Fuel,IM0,Imports,MKJIMUS2,U.S. Imports of Kerosene-Type Jet Fuel (Thousand Barrels per Day),218,MBBL/D
2021-11,NUS-Z00,U.S.,EPJK,Kerosene-Type Jet Fuel,IM0,Imports,MKJIMUS1,U.S. Imports of Kerosene-Type Jet Fuel (Thousand Barrels),3377,MBBL
2021-11,NUS-Z00,U.S.,EPJK,Kerosene-Type Jet Fuel,IM0,Imports,MKJIMUS2,U.S. Imports of Kerosene-Type Jet Fuel (Thousand Barrels per Day),113,MBBL/D
2021-12,NUS-Z00,U.S.,EPJK,Kerosene-Type Jet Fuel,IM0,Imports,MKJIMUS1,U.S. Imports of Kerosene-Type Jet Fuel (Thousand Barrels),4437,MBBL
2021-12,NUS-Z00,U.S.,EPJK,Kerosene-Type Jet Fuel,IM0,Imports,MKJIMUS2,U.S. Imports of Kerosene-Type Jet Fuel (Thousand Barrels per Day),143,MBBL/D
2022-01,NUS-Z00,U.S.,EPJK,Kerosene-Type Jet Fuel,IM0,Imports,MKJIMUS1,U.S. Imports of Kerosene-Type Jet Fuel (Thousand Barrels),3953,MBBL
2022-01,NUS-Z00,U.S.,EPJK,Kerosene-Type Jet Fuel,IM0,Imports,MKJIMUS2,U.S. Imports of Kerosene-Type Jet Fuel (Thousand Barrels per Day),128,MBBL/D
2022-02,NUS-Z00,U.S.,EPJK,Kerosene-Type Jet Fuel,IM0,Imports,MKJIMUS1,U.S. Imports of Kerosene-Type Jet Fuel (Thousand Barrels),3058,MBBL
2022-02,NUS-Z00,U.S.,EPJK,Kerosene-Type Jet Fuel,IM0,Imports,MKJIMUS2,U.S. Imports of Kerosene-Type Jet Fuel (Thousand Barrels per Day),109,MBBL/D
2022-03,NUS-Z00,U.S.,EPJK,Kerosene-Type Jet Fuel,IM0,Imports,MKJIMUS1,U.S. Imports of Kerosene-Type Jet Fuel (Thousand Barrels),3853,MBBL
2022-03,NUS-Z00,U.S.,EPJK,Kerosene-Type Jet Fuel,IM0,Imports,MKJIMUS2,U.S. Imports of Kerosene-Type Jet Fuel (Thousand Barrels per Day),124,MBBL/D
2022-04,NUS-Z00,U.S.,EPJK,Kerosene-Type Jet Fuel,IM0,Imports,MKJIMUS1,U.S. Imports of Kerosene-Type Jet Fuel (Thousand Barrels),3686,MBBL
2022-04,NUS-Z00,U.S.,EPJK,Kerosene-Type Jet Fuel,IM0,Imports,MKJIMUS2,U.S. Imports of Kerosene-Type Jet Fuel (Thousand Barrels per Day),123,MBBL/D
2022-05,NUS-Z00,U.S.,EPJK,Kerosene-Type Jet Fuel,IM0,Imports,MKJIMUS1,U.S. Imports of Kerosene-Type Jet Fuel (Thousand Barrels),3835,MBBL
2022-05,NUS-Z00,U.S.,EPJK,Kerosene-Type Jet Fuel,IM0,Imports,MKJIMUS2,U.S. Imports of Kerosene-Type Jet Fuel (Thousand Barrels per Day),124,MBBL/D
2022-06,NUS-Z00,U.S.,EPJK,Kerosene-Type Jet Fuel,IM0,Imports,MKJIMUS1,U.S. Imports of Kerosene-Type Jet Fuel (Thousand Barrels),3802,MBBL
2022-06,NUS-Z00,U.S.,EPJK,Kerosene-Type Jet Fuel,IM0,Imports,MKJIMUS2,U.S. Imports of Kerosene-Type Jet Fuel (Thousand Barrels per Day),127,MBBL/D
2022-07,NUS-Z00,U.S.,EPJK,Kerosene-Type Jet Fuel,IM0,Imports,MKJIMUS1,U.S. Imports of Kerosene-Type Jet Fuel (Thousand Barrels),4298,MBBL
2022-07,NUS-Z00,U.S.,EPJK,Kerosene-Type Jet Fuel,IM0,Imports,MKJIMUS2,U.S. Imports of Kerosene-Type Jet Fuel (Thousand Barrels per Day),139,MBBL/D
2022-08,NUS-Z00,U.S.,EPJK,Kerosene-Type Jet Fuel,IM0,Imports,MKJIMUS1,U.S. Imports of Kerosene-Type Jet Fuel (Thousand Barrels),2646,MBBL
2022-08,NUS-Z00,U.S.,EPJK,Kerosene-Type Jet Fuel,IM0,Imports,MKJIMUS2,U.S. Imports of Kerosene-Type Jet Fuel (Thousand Barrels per Day),85,MBBL/D
2022-09,NUS-Z00,U.S.,EPJK,Kerosene-Type Jet Fuel,IM0,Imports,MKJIMUS1,U.S. Imports of Kerosene-Type Jet Fuel (Thousand Barrels),2439,MBBL
2022-09,NUS-Z00,U.S.,EPJK,Kerosene-Type Jet Fuel,IM0,Imports,MKJIMUS2,U.S. Imports of Kerosene-Type Jet Fuel (Thousand Barrels per Day),81,MBBL/D
2022-10,NUS-Z00,U.S.,EPJK,Kerosene-Type Jet Fuel,IM0,Imports,MKJIMUS1,U.S. Imports of Kerosene-Type Jet Fuel (Thousand Barrels),4062,MBBL
2022-10,NUS-Z00,U.S.,EPJK,Kerosene-Type Jet Fuel,IM0,Imports,MKJIMUS2,U.S. Imports of Kerosene-Type Jet Fuel (Thousand Barrels per Day),131,MBBL/D
2022-11,NUS-Z00,U.S.,EPJK,Kerosene-Type Jet Fuel,IM0,Imports,MKJIMUS1,U.S. Imports of Kerosene-Type Jet Fuel (Thousand Barrels),4311,MBBL
2022-11,NUS-Z00,U.S.,EPJK,Kerosene-Type Jet Fuel,IM0,Imports,MKJIMUS2,U.S. Imports of Kerosene-Type Jet Fuel (Thousand Barrels per Day),144,MBBL/D
2022-12,NUS-Z00,U.S.,EPJK,Kerosene-Type Jet Fuel,IM0,Imports,MKJIMUS1,U.S. Imports of Kerosene-Type Jet Fuel (Thousand Barrels),3764,MBBL
2022-12,NUS-Z00,U.S.,EPJK,Kerosene-Type Jet Fuel,IM0,Imports,MKJIMUS2,U.S. Imports of Kerosene-Type Jet Fuel (Thousand Barrels per Day),121,MBBL/D
2023-01,NUS-Z00,U.S.,EPJK,Kerosene-Type Jet Fuel,IM0,Imports,MKJIMUS1,U.S. Imports of Kerosene-Type Jet Fuel (Thousand Barrels),3577,MBBL
2023-01,NUS-Z00,U.S.,EPJK,Kerosene-Type Jet Fuel,IM0,Imports,MKJIMUS2,U.S. Imports of Kerosene-Type Jet Fuel (Thousand Barrels per Day),115,MBBL/D
2023-02,NUS-Z00,U.S.,EPJK,Kerosene-Type Jet Fuel,IM0,Imports,MKJIMUS1,U.S. Imports of Kerosene-Type Jet Fuel (Thousand Barrels),5265,MBBL
2023-02,NUS-Z00,U.S.,EPJK,Kerosene-Type Jet Fuel,IM0,Imports,MKJIMUS2,U.S. Imports of Kerosene-Type Jet Fuel (Thousand Barrels per Day),188,MBBL/D
2023-03,NUS-Z00,U.S.,EPJK,Kerosene-Type Jet Fuel,IM0,Imports,MKJIMUS1,U.S. Imports of Kerosene-Type Jet Fuel (Thousand Barrels),4486,MBBL
2023-03,NUS-Z00,U.S.,EPJK,Kerosene-Type Jet Fuel,IM0,Imports,MKJIMUS2,U.S. Imports of Kerosene-Type Jet Fuel (Thousand Barrels per Day),145,MBBL/D
2023-04,NUS-Z00,U.S.,EPJK,Kerosene-Type Jet Fuel,IM0,Imports,MKJIMUS1,U.S. Imports of Kerosene-Type Jet Fuel (Thousand Barrels),4147,MBBL
2023-04,NUS-Z00,U.S.,EPJK,Kerosene-Type Jet Fuel,IM0,Imports,MKJIMUS2,U.S. Imports of Kerosene-Type Jet Fuel (Thousand Barrels per Day),138,MBBL/D
2023-05,NUS-Z00,U.S.,EPJK,Kerosene-Type Jet Fuel,IM0,Imports,MKJIMUS1,U.S. Imports of Kerosene-Type Jet Fuel (Thousand Barrels),4733,MBBL
2023-05,NUS-Z00,U.S.,EPJK,Kerosene-Type Jet Fuel,IM0,Imports,MKJIMUS2,U.S. Imports of Kerosene-Type Jet Fuel (Thousand Barrels per Day),153,MBBL/D
2023-06,NUS-Z00,U.S.,EPJK,Kerosene-Type Jet Fuel,IM0,Imports,MKJIMUS1,U.S. Imports of Kerosene-Type Jet Fuel (Thousand Barrels),4324,MBBL
2023-06,NUS-Z00,U.S.,EPJK,Kerosene-Type Jet Fuel,IM0,Imports,MKJIMUS2,U.S. Imports of Kerosene-Type Jet Fuel (Thousand Barrels per Day),144,MBBL/D
2023-07,NUS-Z00,U.S.,EPJK,Kerosene-Type Jet Fuel,IM0,Imports,MKJIMUS1,U.S. Imports of Kerosene-Type Jet Fuel (Thousand Barrels),3982,MBBL
2023-07,NUS-Z00,U.S.,EPJK,Kerosene-Type Jet Fuel,IM0,Imports,MKJIMUS2,U.S. Imports of Kerosene-Type Jet Fuel (Thousand Barrels per Day),128,MBBL/D
2023-08,NUS-Z00,U.S.,EPJK,Kerosene-Type Jet Fuel,IM0,Imports,MKJIMUS1,U.S. Imports of Kerosene-Type Jet Fuel (Thousand Barrels),2911,MBBL
2023-08,NUS-Z00,U.S.,EPJK,Kerosene-Type Jet Fuel,IM0,Imports,MKJIMUS2,U.S. Imports of Kerosene-Type Jet Fuel (Thousand Barrels per Day),94,MBBL/D
2023-09,NUS-Z00,U.S.,EPJK,Kerosene-Type Jet Fuel,IM0,Imports,MKJIMUS1,U.S. Imports of Kerosene-Type Jet Fuel (Thousand Barrels),3282,MBBL
2023-09,NUS-Z00,U.S.,EPJK,Kerosene-Type Jet Fuel,IM0,Imports,MKJIMUS2,U.S. Imports of Kerosene-Type Jet Fuel (Thousand Barrels per Day),109,MBBL/D
2023-10,NUS-Z00,U.S.,EPJK,Kerosene-Type Jet Fuel,IM0,Imports,MKJIMUS1,U.S. Imports of Kerosene-Type Jet Fuel (Thousand Barrels),3163,MBBL
2023-10,NUS-Z00,U.S.,EPJK,Kerosene-Type Jet Fuel,IM0,Imports,MKJIMUS2,U.S. Imports of Kerosene-Type Jet Fuel (Thousand Barrels per Day),102,MBBL/D
2023-11,NUS-Z00,U.S.,EPJK,Kerosene-Type Jet Fuel,IM0,Imports,MKJIMUS1,U.S. Imports of Kerosene-Type Jet Fuel (Thousand Barrels),2651,MBBL
2023-11,NUS-Z00,U.S.,EPJK,Kerosene-Type Jet Fuel,IM0,Imports,MKJIMUS2,U.S. Imports of Kerosene-Type Jet Fuel (Thousand Barrels per Day),88,MBBL/D
2023-12,NUS-Z00,U.S.,EPJK,Kerosene-Type Jet Fuel,IM0,Imports,MKJIMUS1,U.S. Imports of Kerosene-Type Jet Fuel (Thousand Barrels),3903,MBBL
2023-12,NUS-Z00,U.S.,EPJK,Kerosene-Type Jet Fuel,IM0,Imports,MKJIMUS2,U.S. Imports of Kerosene-Type Jet Fuel (Thousand Barrels per Day),126,MBBL/D
2024-01,NUS-Z00,U.S.,EPJK,Kerosene-Type Jet Fuel,IM0,Imports,MKJIMUS1,U.S. Imports of Kerosene-Type Jet Fuel (Thousand Barrels),3255,MBBL
2024-01,NUS-Z00,U.S.,EPJK,Kerosene-Type Jet Fuel,IM0,Imports,MKJIMUS2,U.S. Imports of Kerosene-Type Jet Fuel (Thousand Barrels per Day),105,MBBL/D
2024-02,NUS-Z00,U.S.,EPJK,Kerosene-Type Jet Fuel,IM0,Imports,MKJIMUS1,U.S. Imports of Kerosene-Type Jet Fuel (Thousand Barrels),2309,MBBL
2024-02,NUS-Z00,U.S.,EPJK,Kerosene-Type Jet Fuel,IM0,Imports,MKJIMUS2,U.S. Imports of Kerosene-Type Jet Fuel (Thousand Barrels per Day),80,MBBL/D
2024-03,NUS-Z00,U.S.,EPJK,Kerosene-Type Jet Fuel,IM0,Imports,MKJIMUS1,U.S. Imports of Kerosene-Type Jet Fuel (Thousand Barrels),4302,MBBL
2024-03,NUS-Z00,U.S.,EPJK,Kerosene-Type Jet Fuel,IM0,Imports,MKJIMUS2,U.S. Imports of Kerosene-Type Jet Fuel (Thousand Barrels per Day),139,MBBL/D
2024-04,NUS-Z00,U.S.,EPJK,Kerosene-Type Jet Fuel,IM0,Imports,MKJIMUS1,U.S. Imports of Kerosene-Type Jet Fuel (Thousand Barrels),3175,MBBL
2024-04,NUS-Z00,U.S.,EPJK,Kerosene-Type Jet Fuel,IM0,Imports,MKJIMUS2,U.S. Imports of Kerosene-Type Jet Fuel (Thousand Barrels per Day),106,MBBL/D
2024-05,NUS-Z00,U.S.,EPJK,Kerosene-Type Jet Fuel,IM0,Imports,MKJIMUS1,U.S. Imports of Kerosene-Type Jet Fuel (Thousand Barrels),3569,MBBL
2024-05,NUS-Z00,U.S.,EPJK,Kerosene-Type Jet Fuel,IM0,Imports,MKJIMUS2,U.S. Imports of Kerosene-Type Jet Fuel (Thousand Barrels per Day),115,MBBL/D
2024-06,NUS-Z00,U.S.,EPJK,Kerosene-Type Jet Fuel,IM0,Imports,MKJIMUS1,U.S. Imports of Kerosene-Type Jet Fuel (Thousand Barrels),4003,MBBL
2024-06,NUS-Z00,U.S.,EPJK,Kerosene-Type Jet Fuel,IM0,Imports,MKJIMUS2,U.S. Imports of Kerosene-Type Jet Fuel (Thousand Barrels per Day),133,MBBL/D
2024-07,NUS-Z00,U.S.,EPJK,Kerosene-Type Jet Fuel,IM0,Imports,MKJIMUS1,U.S. Imports of Kerosene-Type Jet Fuel (Thousand Barrels),2690,MBBL
2024-07,NUS-Z00,U.S.,EPJK,Kerosene-Type Jet Fuel,IM0,Imports,MKJIMUS2,U.S. Imports of Kerosene-Type Jet Fuel (Thousand Barrels per Day),87,MBBL/D
2024-08,NUS-Z00,U.S.,EPJK,Kerosene-Type Jet Fuel,IM0,Imports,MKJIMUS1,U.S. Imports of Kerosene-Type Jet Fuel (Thousand Barrels),3743,MBBL
2024-08,NUS-Z00,U.S.,EPJK,Kerosene-Type Jet Fuel,IM0,Imports,MKJIMUS2,U.S. Imports of Kerosene-Type Jet Fuel (Thousand Barrels per Day),121,MBBL/D
2024-09,NUS-Z00,U.S.,EPJK,Kerosene-Type Jet Fuel,IM0,Imports,MKJIMUS1,U.S. Imports of Kerosene-Type Jet Fuel (Thousand Barrels),2188,MBBL
2024-09,NUS-Z00,U.S.,EPJK,Kerosene-Type Jet Fuel,IM0,Imports,MKJIMUS2,U.S. Imports of Kerosene-Type Jet Fuel (Thousand Barrels per Day),73,MBBL/D
2024-10,NUS-Z00,U.S.,EPJK,Kerosene-Type Jet Fuel,IM0,Imports,MKJIMUS1,U.S. Imports of Kerosene-Type Jet Fuel (Thousand Barrels),3194,MBBL
2024-10,NUS-Z00,U.S.,EPJK,Kerosene-Type Jet Fuel,IM0,Imports,MKJIMUS2,U.S. Imports of Kerosene-Type Jet Fuel (Thousand Barrels per Day),103,MBBL/D
2024-11,NUS-Z00,U.S.,EPJK,Kerosene-Type Jet Fuel,IM0,Imports,MKJIMUS1,U.S. Imports of Kerosene-Type Jet Fuel (Thousand Barrels),2665,MBBL
2024-11,NUS-Z00,U.S.,EPJK,Kerosene-Type Jet Fuel,IM0,Imports,MKJIMUS2,U.S. Imports of Kerosene-Type Jet Fuel (Thousand Barrels per Day),89,MBBL/D
2024-12,NUS-Z00,U.S.,EPJK,Kerosene-Type Jet Fuel,IM0,Imports,MKJIMUS1,U.S. Imports of Kerosene-Type Jet Fuel (Thousand Barrels),3349,MBBL
2024-12,NUS-Z00,U.S.,EPJK,Kerosene-Type Jet Fuel,IM0,Imports,MKJIMUS2,U.S. Imports of Kerosene-Type Jet Fuel (Thousand Barrels per Day),108,MBBL/D
2025-01,NUS-Z00,U.S.,EPJK,Kerosene-Type Jet Fuel,IM0,Imports,MKJIMUS1,U.S. Imports of Kerosene-Type Jet Fuel (Thousand Barrels),3986,MBBL
2025-01,NUS-Z00,U.S.,EPJK,Kerosene-Type Jet Fuel,IM0,Imports,MKJIMUS2,U.S. Imports of Kerosene-Type Jet Fuel (Thousand Barrels per Day),129,MBBL/D
2025-02,NUS-Z00,U.S.,EPJK,Kerosene-Type Jet Fuel,IM0,Imports,MKJIMUS1,U.S. Imports of Kerosene-Type Jet Fuel (Thousand Barrels),3621,MBBL
2025-02,NUS-Z00,U.S.,EPJK,Kerosene-Type Jet Fuel,IM0,Imports,MKJIMUS2,U.S. Imports of Kerosene-Type Jet Fuel (Thousand Barrels per Day),129,MBBL/D
2025-03,NUS-Z00,U.S.,EPJK,Kerosene-Type Jet Fuel,IM0,Imports,MKJIMUS1,U.S. Imports of Kerosene-Type Jet Fuel (Thousand Barrels),4212,MBBL
2025-03,NUS-Z00,U.S.,EPJK,Kerosene-Type Jet Fuel,IM0,Imports,MKJIMUS2,U.S. Imports of Kerosene-Type Jet Fuel (Thousand Barrels per Day),136,MBBL/D
2025-04,NUS-Z00,U.S.,EPJK,Kerosene-Type Jet Fuel,IM0,Imports,MKJIMUS1,U.S. Imports of Kerosene-Type Jet Fuel (Thousand Barrels),4365,MBBL
2025-04,NUS-Z00,U.S.,EPJK,Kerosene-Type Jet Fuel,IM0,Imports,MKJIMUS2,U.S. Imports of Kerosene-Type Jet Fuel (Thousand Barrels per Day),146,MBBL/D
2025-05,NUS-Z00,U.S.,EPJK,Kerosene-Type Jet Fuel,IM0,Imports,MKJIMUS1,U.S. Imports of Kerosene-Type Jet Fuel (Thousand Barrels),4886,MBBL
2025-05,NUS-Z00,U.S.,EPJK,Kerosene-Type Jet Fuel,IM0,Imports,MKJIMUS2,U.S. Imports of Kerosene-Type Jet Fuel (Thousand Barrels per Day),158,MBBL/D
2025-06,NUS-Z00,U.S.,EPJK,Kerosene-Type Jet Fuel,IM0,Imports,MKJIMUS1,U.S. Imports of Kerosene-Type Jet Fuel (Thousand Barrels),2932,MBBL
2025-06,NUS-Z00,U.S.,EPJK,Kerosene-Type Jet Fuel,IM0,Imports,MKJIMUS2,U.S. Imports of Kerosene-Type Jet Fuel (Thousand Barrels per Day),98,MBBL/D
2025-07,NUS-Z00,U.S.,EPJK,Kerosene-Type Jet Fuel,IM0,Imports,MKJIMUS1,U.S. Imports of Kerosene-Type Jet Fuel (Thousand Barrels),3830,MBBL
2025-07,NUS-Z00,U.S.,EPJK,Kerosene-Type Jet Fuel,IM0,Imports,MKJIMUS2,U.S. Imports of Kerosene-Type Jet Fuel (Thousand Barrels per Day),124,MBBL/D
2025-08,NUS-Z00,U.S.,EPJK,Kerosene-Type Jet Fuel,IM0,Imports,MKJIMUS1,U.S. Imports of Kerosene-Type Jet Fuel (Thousand Barrels),3439,MBBL
2025-08,NUS-Z00,U.S.,EPJK,Kerosene-Type Jet Fuel,IM0,Imports,MKJIMUS2,U.S. Imports of Kerosene-Type Jet Fuel (Thousand Barrels per Day),111,MBBL/D
2025-09,NUS-Z00,U.S.,EPJK,Kerosene-Type Jet Fuel,IM0,Imports,MKJIMUS1,U.S. Imports of Kerosene-Type Jet Fuel (Thousand Barrels),3242,MBBL
2025-09,NUS-Z00,U.S.,EPJK,Kerosene-Type Jet Fuel,IM0,Imports,MKJIMUS2,U.S. Imports of Kerosene-Type Jet Fuel (Thousand Barrels per Day),108,MBBL/D
2025-10,NUS-Z00,U.S.,EPJK,Kerosene-Type Jet Fuel,IM0,Imports,MKJIMUS1,U.S. Imports of Kerosene-Type Jet Fuel (Thousand Barrels),4334,MBBL
2025-10,NUS-Z00,U.S.,EPJK,Kerosene-Type Jet Fuel,IM0,Imports,MKJIMUS2,U.S. Imports of Kerosene-Type Jet Fuel (Thousand Barrels per Day),140,MBBL/D
2025-11,NUS-Z00,U.S.,EPJK,Kerosene-Type Jet Fuel,IM0,Imports,MKJIMUS1,U.S. Imports of Kerosene-Type Jet Fuel (Thousand Barrels),5066,MBBL
2025-11,NUS-Z00,U.S.,EPJK,Kerosene-Type Jet Fuel,IM0,Imports,MKJIMUS2,U.S. Imports of Kerosene-Type Jet Fuel (Thousand Barrels per Day),169,MBBL/D
2025-12,NUS-Z00,U.S.,EPJK,Kerosene-Type Jet Fuel,IM0,Imports,MKJIMUS1,U.S. Imports of Kerosene-Type Jet Fuel (Thousand Barrels),3547,MBBL
2025-12,NUS-Z00,U.S.,EPJK,Kerosene-Type Jet Fuel,IM0,Imports,MKJIMUS2,U.S. Imports of Kerosene-Type Jet Fuel (Thousand Barrels per Day),114,MBBL/D
2026-01,NUS-Z00,U.S.,EPJK,Kerosene-Type Jet Fuel,IM0,Imports,MKJIMUS1,U.S. Imports of Kerosene-Type Jet Fuel (Thousand Barrels),3610,MBBL
2026-01,NUS-Z00,U.S.,EPJK,Kerosene-Type Jet Fuel,IM0,Imports,MKJIMUS2,U.S. Imports of Kerosene-Type Jet Fuel (Thousand Barrels per Day),116,MBBL/D
2026-02,NUS-Z00,U.S.,EPJK,Kerosene-Type Jet Fuel,IM0,Imports,MKJIMUS1,U.S. Imports of Kerosene-Type Jet Fuel (Thousand Barrels),3928,MBBL
2026-02,NUS-Z00,U.S.,EPJK,Kerosene-Type Jet Fuel,IM0,Imports,MKJIMUS2,U.S. Imports of Kerosene-Type Jet Fuel (Thousand Barrels per Day),140,MBBL/D
2026-03,NUS-Z00,U.S.,EPJK,Kerosene-Type Jet Fuel,IM0,Imports,MKJIMUS1,U.S. Imports of Kerosene-Type Jet Fuel (Thousand Barrels),2720,MBBL
2026-03,NUS-Z00,U.S.,EPJK,Kerosene-Type Jet Fuel,IM0,Imports,MKJIMUS2,U.S. Imports of Kerosene-Type Jet Fuel (Thousand Barrels per Day),88,MBBL/D
2026-04,NUS-Z00,U.S.,EPJK,Kerosene-Type Jet Fuel,IM0,Imports,MKJIMUS1,U.S. Imports of Kerosene-Type Jet Fuel (Thousand Barrels),2373,MBBL
2026-04,NUS-Z00,U.S.,EPJK,Kerosene-Type Jet Fuel,IM0,Imports,MKJIMUS2,U.S. Imports of Kerosene-Type Jet Fuel (Thousand Barrels per Day),79,MBBL/D
2026-05,NUS-Z00,U.S.,EPJK,Kerosene-Type Jet Fuel,IM0,Imports,MKJIMUS1,U.S. Imports of Kerosene-Type Jet Fuel (Thousand Barrels),1761,MBBL
2026-05,NUS-Z00,U.S.,EPJK,Kerosene-Type Jet Fuel,IM0,Imports,MKJIMUS2,U.S. Imports of Kerosene-Type Jet Fuel (Thousand Barrels per Day),57,MBBL/D
2026-06,NUS-Z00,U.S.,EPJK,Kerosene-Type Jet Fuel,IM0,Imports,MKJIMUS1,U.S. Imports of Kerosene-Type Jet Fuel (Thousand Barrels),2520,MBBL
2026-06,NUS-Z00,U.S.,EPJK,Kerosene-Type Jet Fuel,IM0,Imports,MKJIMUS2,U.S. Imports of Kerosene-Type Jet Fuel (Thousand Barrels per Day),84,MBBL/D
