period,area,area_name,partner_code,destination,value_mbbl,value_mbbld
1981-01,NUS,U.S.,Z00,,28.0,1.0
1981-01,R50,PADD 5,Z00,,28.0,1.0
1981-02,NUS,U.S.,Z00,,21.0,1.0
1981-02,R50,PADD 5,Z00,,21.0,1.0
1981-03,NUS,U.S.,Z00,,10.0,0.0
1981-03,R50,PADD 5,Z00,,10.0,0.0
1981-04,NUS,U.S.,Z00,,18.0,1.0
1981-04,R50,PADD 5,Z00,,18.0,1.0
1981-05,NUS,U.S.,Z00,,16.0,1.0
1981-05,R50,PADD 5,Z00,,16.0,1.0
1981-06,NUS,U.S.,Z00,,12.0,0.0
1981-06,R50,PADD 5,Z00,,12.0,0.0
1981-07,NUS,U.S.,Z00,,19.0,1.0
1981-07,R50,PADD 5,Z00,,19.0,1.0
1981-08,NUS,U.S.,Z00,,22.0,1.0
1981-08,R10,PADD 1,Z00,,0.0,0.0
1981-08,R50,PADD 5,Z00,,21.0,1.0
1981-09,NUS,U.S.,Z00,,20.0,1.0
1981-09,R50,PADD 5,Z00,,20.0,1.0
1981-10,NUS,U.S.,Z00,,14.0,0.0
1981-10,R10,PADD 1,Z00,,1.0,0.0
1981-10,R40,PADD 4,Z00,,1.0,0.0
1981-10,R50,PADD 5,Z00,,12.0,0.0
1981-11,NUS,U.S.,Z00,,23.0,1.0
1981-11,R10,PADD 1,Z00,,0.0,0.0
1981-11,R50,PADD 5,Z00,,23.0,1.0
1981-12,NUS,U.S.,Z00,,222.0,7.0
1981-12,R10,PADD 1,Z00,,0.0,0.0
1981-12,R30,PADD 3,Z00,,206.0,7.0
1981-12,R50,PADD 5,Z00,,16.0,1.0
1982-01,NUS,U.S.,Z00,,255.0,8.0
1982-01,R10,PADD 1,Z00,,1.0,0.0
1982-01,R30,PADD 3,Z00,,227.0,7.0
1982-01,R50,PADD 5,Z00,,27.0,1.0
1982-02,NUS,U.S.,Z00,,245.0,9.0
1982-02,R30,PADD 3,Z00,,226.0,8.0
1982-02,R50,PADD 5,Z00,,19.0,1.0
1982-03,NUS,U.S.,Z00,,80.0,3.0
1982-03,R50,PADD 5,Z00,,80.0,3.0
1982-04,NUS,U.S.,Z00,,44.0,1.0
1982-04,R50,PADD 5,Z00,,44.0,1.0
1982-05,NUS,U.S.,Z00,,27.0,1.0
1982-05,R50,PADD 5,Z00,,27.0,1.0
1982-06,NUS,U.S.,Z00,,38.0,1.0
1982-06,R50,PADD 5,Z00,,38.0,1.0
1982-07,NUS,U.S.,Z00,,32.0,1.0
1982-07,R50,PADD 5,Z00,,32.0,1.0
1982-08,NUS,U.S.,Z00,,32.0,1.0
1982-08,R50,PADD 5,Z00,,32.0,1.0
1982-09,NUS,U.S.,Z00,,41.0,1.0
1982-09,R50,PADD 5,Z00,,41.0,1.0
1982-10,NUS,U.S.,Z00,,35.0,1.0
1982-10,R50,PADD 5,Z00,,35.0,1.0
1982-11,NUS,U.S.,Z00,,269.0,9.0
1982-11,R30,PADD 3,Z00,,245.0,8.0
1982-11,R50,PADD 5,Z00,,23.0,1.0
1982-12,NUS,U.S.,Z00,,692.0,22.0
1982-12,R10,PADD 1,Z00,,293.0,9.0
1982-12,R30,PADD 3,Z00,,373.0,12.0
1982-12,R50,PADD 5,Z00,,26.0,1.0
1983-01,NUS,U.S.,Z00,,272.0,9.0
1983-01,R30,PADD 3,Z00,,235.0,8.0
1983-01,R50,PADD 5,Z00,,37.0,1.0
1983-02,NUS,U.S.,Z00,,223.0,8.0
1983-02,R30,PADD 3,Z00,,0.0,0.0
1983-02,R50,PADD 5,Z00,,223.0,8.0
1983-03,NUS,U.S.,Z00,,27.0,1.0
1983-03,R10,PADD 1,Z00,,0.0,0.0
1983-03,R50,PADD 5,Z00,,27.0,1.0
1983-04,NUS,U.S.,Z00,,17.0,1.0
1983-04,R10,PADD 1,Z00,,0.0,0.0
1983-04,R50,PADD 5,Z00,,17.0,1.0
1983-05,NUS,U.S.,Z00,,40.0,1.0
1983-05,R50,PADD 5,Z00,,40.0,1.0
1983-06,NUS,U.S.,Z00,,21.0,1.0
1983-06,R50,PADD 5,Z00,,21.0,1.0
1983-07,NUS,U.S.,Z00,,37.0,1.0
1983-07,R50,PADD 5,Z00,,37.0,1.0
1983-08,NUS,U.S.,Z00,,193.0,6.0
1983-08,R10,PADD 1,Z00,,120.0,4.0
1983-08,R50,PADD 5,Z00,,72.0,2.0
1983-09,NUS,U.S.,Z00,,270.0,9.0
1983-09,R10,PADD 1,Z00,,0.0,0.0
1983-09,R30,PADD 3,Z00,,240.0,8.0
1983-09,R50,PADD 5,Z00,,29.0,1.0
1983-10,NUS,U.S.,Z00,,24.0,1.0
1983-10,R50,PADD 5,Z00,,24.0,1.0
1983-11,NUS,U.S.,Z00,,373.0,12.0
1983-11,R10,PADD 1,Z00,,122.0,4.0
1983-11,R30,PADD 3,Z00,,206.0,7.0
1983-11,R50,PADD 5,Z00,,45.0,2.0
1983-12,NUS,U.S.,Z00,,458.0,15.0
1983-12,R30,PADD 3,Z00,,444.0,14.0
1983-12,R50,PADD 5,Z00,,14.0,0.0
1984-01,NUS,U.S.,Z00,,318.0,10.0
1984-01,R10,PADD 1,Z00,,97.0,3.0
1984-01,R20,PADD 2,Z00,,100.0,3.0
1984-01,R50,PADD 5,Z00,,122.0,4.0
1984-02,NUS,U.S.,Z00,,68.0,2.0
1984-02,R20,PADD 2,Z00,,40.0,1.0
1984-02,R50,PADD 5,Z00,,28.0,1.0
1984-03,NUS,U.S.,Z00,,21.0,1.0
1984-03,R10,PADD 1,Z00,,0.0,0.0
1984-03,R50,PADD 5,Z00,,21.0,1.0
1984-04,NUS,U.S.,Z00,,148.0,5.0
1984-04,R10,PADD 1,Z00,,79.0,3.0
1984-04,R50,PADD 5,Z00,,70.0,2.0
1984-05,NUS,U.S.,Z00,,22.0,1.0
1984-05,R10,PADD 1,Z00,,0.0,0.0
1984-05,R30,PADD 3,Z00,,0.0,0.0
1984-05,R50,PADD 5,Z00,,22.0,1.0
1984-06,NUS,U.S.,Z00,,191.0,6.0
1984-06,R30,PADD 3,Z00,,155.0,5.0
1984-06,R50,PADD 5,Z00,,36.0,1.0
1984-07,NUS,U.S.,Z00,,306.0,10.0
1984-07,R30,PADD 3,Z00,,276.0,9.0
1984-07,R50,PADD 5,Z00,,30.0,1.0
1984-08,NUS,U.S.,Z00,,52.0,2.0
1984-08,R50,PADD 5,Z00,,52.0,2.0
1984-09,NUS,U.S.,Z00,,27.0,1.0
1984-09,R30,PADD 3,Z00,,0.0,0.0
1984-09,R50,PADD 5,Z00,,27.0,1.0
1984-10,NUS,U.S.,Z00,,158.0,5.0
1984-10,R50,PADD 5,Z00,,158.0,5.0
1984-11,NUS,U.S.,Z00,,329.0,11.0
1984-11,R30,PADD 3,Z00,,221.0,7.0
1984-11,R50,PADD 5,Z00,,108.0,4.0
1984-12,NUS,U.S.,Z00,,738.0,24.0
1984-12,R30,PADD 3,Z00,,521.0,17.0
1984-12,R50,PADD 5,Z00,,217.0,7.0
1985-01,NUS,U.S.,Z00,,79.0,3.0
1985-01,R50,PADD 5,Z00,,79.0,3.0
1985-02,NUS,U.S.,Z00,,624.0,22.0
1985-02,R30,PADD 3,Z00,,491.0,18.0
1985-02,R50,PADD 5,Z00,,133.0,5.0
1985-03,NUS,U.S.,Z00,,182.0,6.0
1985-03,R30,PADD 3,Z00,,10.0,0.0
1985-03,R50,PADD 5,Z00,,172.0,6.0
1985-04,NUS,U.S.,Z00,,149.0,5.0
1985-04,R30,PADD 3,Z00,,37.0,1.0
1985-04,R50,PADD 5,Z00,,112.0,4.0
1985-05,NUS,U.S.,Z00,,147.0,5.0
1985-05,R30,PADD 3,Z00,,78.0,3.0
1985-05,R50,PADD 5,Z00,,69.0,2.0
1985-06,NUS,U.S.,Z00,,102.0,3.0
1985-06,R30,PADD 3,Z00,,44.0,1.0
1985-06,R50,PADD 5,Z00,,58.0,2.0
1985-07,NUS,U.S.,Z00,,106.0,3.0
1985-07,R30,PADD 3,Z00,,72.0,2.0
1985-07,R50,PADD 5,Z00,,34.0,1.0
1985-08,NUS,U.S.,Z00,,660.0,21.0
1985-08,R30,PADD 3,Z00,,293.0,9.0
1985-08,R50,PADD 5,Z00,,367.0,12.0
1985-09,NUS,U.S.,Z00,,133.0,4.0
1985-09,R30,PADD 3,Z00,,38.0,1.0
1985-09,R50,PADD 5,Z00,,95.0,3.0
1985-10,NUS,U.S.,Z00,,773.0,25.0
1985-10,R30,PADD 3,Z00,,663.0,21.0
1985-10,R50,PADD 5,Z00,,110.0,4.0
1985-11,NUS,U.S.,Z00,,848.0,28.0
1985-11,R30,PADD 3,Z00,,827.0,28.0
1985-11,R50,PADD 5,Z00,,21.0,1.0
1985-12,NUS,U.S.,Z00,,559.0,18.0
1985-12,R20,PADD 2,Z00,,97.0,3.0
1985-12,R30,PADD 3,Z00,,415.0,13.0
1985-12,R50,PADD 5,Z00,,47.0,2.0
1986-01,NUS,U.S.,Z00,,1188.0,38.0
1986-01,R20,PADD 2,Z00,,47.0,2.0
1986-01,R30,PADD 3,Z00,,1113.0,36.0
1986-01,R50,PADD 5,Z00,,28.0,1.0
1986-02,NUS,U.S.,Z00,,429.0,15.0
1986-02,R10,PADD 1,Z00,,0.0,0.0
1986-02,R30,PADD 3,Z00,,400.0,14.0
1986-02,R50,PADD 5,Z00,,29.0,1.0
1986-03,NUS,U.S.,Z00,,333.0,11.0
1986-03,R10,PADD 1,Z00,,0.0,0.0
1986-03,R30,PADD 3,Z00,,240.0,8.0
1986-03,R50,PADD 5,Z00,,92.0,3.0
1986-04,NUS,U.S.,Z00,,371.0,12.0
1986-04,R10,PADD 1,Z00,,0.0,0.0
1986-04,R20,PADD 2,Z00,,1.0,0.0
1986-04,R30,PADD 3,Z00,,332.0,11.0
1986-04,R50,PADD 5,Z00,,38.0,1.0
1986-05,NUS,U.S.,Z00,,428.0,14.0
1986-05,R10,PADD 1,Z00,,2.0,0.0
1986-05,R20,PADD 2,Z00,,5.0,0.0
1986-05,R30,PADD 3,Z00,,400.0,13.0
1986-05,R50,PADD 5,Z00,,21.0,1.0
1986-06,NUS,U.S.,Z00,,184.0,6.0
1986-06,R10,PADD 1,Z00,,7.0,0.0
1986-06,R20,PADD 2,Z00,,8.0,0.0
1986-06,R30,PADD 3,Z00,,155.0,5.0
1986-06,R50,PADD 5,Z00,,13.0,0.0
1986-07,NUS,U.S.,Z00,,300.0,10.0
1986-07,R10,PADD 1,Z00,,22.0,1.0
1986-07,R20,PADD 2,Z00,,1.0,0.0
1986-07,R30,PADD 3,Z00,,38.0,1.0
1986-07,R50,PADD 5,Z00,,239.0,8.0
1986-08,NUS,U.S.,Z00,,138.0,4.0
1986-08,R10,PADD 1,Z00,,7.0,0.0
1986-08,R20,PADD 2,Z00,,0.0,0.0
1986-08,R30,PADD 3,Z00,,71.0,2.0
1986-08,R50,PADD 5,Z00,,60.0,2.0
1986-09,NUS,U.S.,Z00,,420.0,14.0
1986-09,R10,PADD 1,Z00,,1.0,0.0
1986-09,R30,PADD 3,Z00,,299.0,10.0
1986-09,R50,PADD 5,Z00,,121.0,4.0
1986-10,NUS,U.S.,Z00,,778.0,25.0
1986-10,R10,PADD 1,Z00,,0.0,0.0
1986-10,R30,PADD 3,Z00,,417.0,13.0
1986-10,R50,PADD 5,Z00,,360.0,12.0
1986-11,NUS,U.S.,Z00,,668.0,22.0
1986-11,R30,PADD 3,Z00,,588.0,20.0
1986-11,R50,PADD 5,Z00,,80.0,3.0
1986-12,NUS,U.S.,Z00,,626.0,20.0
1986-12,R30,PADD 3,Z00,,577.0,19.0
1986-12,R50,PADD 5,Z00,,49.0,2.0
1987-01,NUS,U.S.,Z00,,1404.0,45.0
1987-01,R30,PADD 3,Z00,,1122.0,36.0
1987-01,R40,PADD 4,Z00,,0.0,0.0
1987-01,R50,PADD 5,Z00,,281.0,9.0
1987-02,NUS,U.S.,Z00,,565.0,20.0
1987-02,R30,PADD 3,Z00,,436.0,16.0
1987-02,R50,PADD 5,Z00,,129.0,5.0
1987-03,NUS,U.S.,Z00,,214.0,7.0
1987-03,R30,PADD 3,Z00,,77.0,2.0
1987-03,R40,PADD 4,Z00,,0.0,0.0
1987-03,R50,PADD 5,Z00,,136.0,4.0
1987-04,NUS,U.S.,Z00,,121.0,4.0
1987-04,R10,PADD 1,Z00,,0.0,0.0
1987-04,R30,PADD 3,Z00,,70.0,2.0
1987-04,R50,PADD 5,Z00,,50.0,2.0
1987-05,NUS,U.S.,Z00,,117.0,4.0
1987-05,R10,PADD 1,Z00,,1.0,0.0
1987-05,R20,PADD 2,Z00,,0.0,0.0
1987-05,R30,PADD 3,Z00,,62.0,2.0
1987-05,R50,PADD 5,Z00,,55.0,2.0
1987-06,NUS,U.S.,Z00,,146.0,5.0
1987-06,R10,PADD 1,Z00,,2.0,0.0
1987-06,R20,PADD 2,Z00,,1.0,0.0
1987-06,R30,PADD 3,Z00,,70.0,2.0
1987-06,R50,PADD 5,Z00,,73.0,2.0
1987-07,NUS,U.S.,Z00,,139.0,4.0
1987-07,R20,PADD 2,Z00,,3.0,0.0
1987-07,R30,PADD 3,Z00,,81.0,3.0
1987-07,R40,PADD 4,Z00,,1.0,0.0
1987-07,R50,PADD 5,Z00,,54.0,2.0
1987-08,NUS,U.S.,Z00,,74.0,2.0
1987-08,R30,PADD 3,Z00,,37.0,1.0
1987-08,R50,PADD 5,Z00,,37.0,1.0
1987-09,NUS,U.S.,Z00,,1029.0,34.0
1987-09,R10,PADD 1,Z00,,4.0,0.0
1987-09,R20,PADD 2,Z00,,70.0,2.0
1987-09,R30,PADD 3,Z00,,873.0,29.0
1987-09,R50,PADD 5,Z00,,82.0,3.0
1987-10,NUS,U.S.,Z00,,1086.0,35.0
1987-10,R10,PADD 1,Z00,,72.0,2.0
1987-10,R30,PADD 3,Z00,,952.0,31.0
1987-10,R50,PADD 5,Z00,,62.0,2.0
1987-11,NUS,U.S.,Z00,,1336.0,45.0
1987-11,R10,PADD 1,Z00,,22.0,1.0
1987-11,R20,PADD 2,Z00,,1.0,0.0
1987-11,R30,PADD 3,Z00,,1215.0,40.0
1987-11,R50,PADD 5,Z00,,99.0,3.0
1987-12,NUS,U.S.,Z00,,2287.0,74.0
1987-12,R10,PADD 1,Z00,,74.0,2.0
1987-12,R20,PADD 2,Z00,,0.0,0.0
1987-12,R30,PADD 3,Z00,,1871.0,60.0
1987-12,R50,PADD 5,Z00,,341.0,11.0
1988-01,NUS,U.S.,Z00,,2524.0,81.0
1988-01,R10,PADD 1,Z00,,33.0,1.0
1988-01,R30,PADD 3,Z00,,1932.0,62.0
1988-01,R50,PADD 5,Z00,,560.0,18.0
1988-02,NUS,U.S.,Z00,,974.0,34.0
1988-02,R10,PADD 1,Z00,,35.0,1.0
1988-02,R20,PADD 2,Z00,,2.0,0.0
1988-02,R30,PADD 3,Z00,,688.0,24.0
1988-02,R50,PADD 5,Z00,,250.0,9.0
1988-03,NUS,U.S.,Z00,,1624.0,52.0
1988-03,R10,PADD 1,Z00,,129.0,4.0
1988-03,R20,PADD 2,Z00,,0.0,0.0
1988-03,R30,PADD 3,Z00,,1168.0,38.0
1988-03,R50,PADD 5,Z00,,327.0,11.0
1988-04,NUS,U.S.,Z00,,392.0,13.0
1988-04,R10,PADD 1,Z00,,21.0,1.0
1988-04,R30,PADD 3,Z00,,324.0,11.0
1988-04,R50,PADD 5,Z00,,47.0,2.0
1988-05,NUS,U.S.,Z00,,119.0,4.0
1988-05,R10,PADD 1,Z00,,8.0,0.0
1988-05,R30,PADD 3,Z00,,108.0,3.0
1988-05,R50,PADD 5,Z00,,3.0,0.0
1988-06,NUS,U.S.,Z00,,463.0,15.0
1988-06,R10,PADD 1,Z00,,8.0,0.0
1988-06,R30,PADD 3,Z00,,416.0,14.0
1988-06,R50,PADD 5,Z00,,39.0,1.0
1988-07,NUS,U.S.,Z00,,107.0,3.0
1988-07,R10,PADD 1,Z00,,21.0,1.0
1988-07,R20,PADD 2,Z00,,1.0,0.0
1988-07,R30,PADD 3,Z00,,20.0,1.0
1988-07,R40,PADD 4,Z00,,0.0,0.0
1988-07,R50,PADD 5,Z00,,65.0,2.0
1988-08,NUS,U.S.,Z00,,440.0,14.0
1988-08,R10,PADD 1,Z00,,15.0,0.0
1988-08,R20,PADD 2,Z00,,0.0,0.0
1988-08,R30,PADD 3,Z00,,24.0,1.0
1988-08,R50,PADD 5,Z00,,401.0,13.0
1988-09,NUS,U.S.,Z00,,265.0,9.0
1988-09,R10,PADD 1,Z00,,0.0,0.0
1988-09,R30,PADD 3,Z00,,153.0,5.0
1988-09,R50,PADD 5,Z00,,111.0,4.0
1988-10,NUS,U.S.,Z00,,54.0,2.0
1988-10,R10,PADD 1,Z00,,4.0,0.0
1988-10,R20,PADD 2,Z00,,1.0,0.0
1988-10,R30,PADD 3,Z00,,27.0,1.0
1988-10,R50,PADD 5,Z00,,22.0,1.0
1988-11,NUS,U.S.,Z00,,271.0,9.0
1988-11,R10,PADD 1,Z00,,0.0,0.0
1988-11,R20,PADD 2,Z00,,1.0,0.0
1988-11,R30,PADD 3,Z00,,54.0,2.0
1988-11,R50,PADD 5,Z00,,215.0,7.0
1988-12,NUS,U.S.,Z00,,2470.0,80.0
1988-12,R10,PADD 1,Z00,,0.0,0.0
1988-12,R20,PADD 2,Z00,,1.0,0.0
1988-12,R30,PADD 3,Z00,,1011.0,33.0
1988-12,R50,PADD 5,Z00,,1458.0,47.0
1989-01,NUS,U.S.,Z00,,2297.0,74.0
1989-01,R20,PADD 2,Z00,,1.0,0.0
1989-01,R30,PADD 3,Z00,,890.0,29.0
1989-01,R50,PADD 5,Z00,,1406.0,45.0
1989-02,NUS,U.S.,Z00,,566.0,20.0
1989-02,R10,PADD 1,Z00,,0.0,0.0
1989-02,R20,PADD 2,Z00,,1.0,0.0
1989-02,R30,PADD 3,Z00,,224.0,8.0
1989-02,R50,PADD 5,Z00,,342.0,12.0
1989-03,NUS,U.S.,Z00,,19.0,1.0
1989-03,R10,PADD 1,Z00,,0.0,0.0
1989-03,R20,PADD 2,Z00,,1.0,0.0
1989-03,R30,PADD 3,Z00,,13.0,0.0
1989-03,R50,PADD 5,Z00,,4.0,0.0
1989-04,NUS,U.S.,Z00,,477.0,16.0
1989-04,R10,PADD 1,Z00,,0.0,0.0
1989-04,R20,PADD 2,Z00,,2.0,0.0
1989-04,R30,PADD 3,Z00,,463.0,15.0
1989-04,R50,PADD 5,Z00,,12.0,0.0
1989-05,NUS,U.S.,Z00,,36.0,1.0
1989-05,R10,PADD 1,Z00,,0.0,0.0
1989-05,R20,PADD 2,Z00,,1.0,0.0
1989-05,R30,PADD 3,Z00,,26.0,1.0
1989-05,R50,PADD 5,Z00,,9.0,0.0
1989-06,NUS,U.S.,Z00,,35.0,1.0
1989-06,R10,PADD 1,Z00,,0.0,0.0
1989-06,R20,PADD 2,Z00,,1.0,0.0
1989-06,R30,PADD 3,Z00,,26.0,1.0
1989-06,R50,PADD 5,Z00,,7.0,0.0
1989-07,NUS,U.S.,Z00,,287.0,9.0
1989-07,R10,PADD 1,Z00,,1.0,0.0
1989-07,R20,PADD 2,Z00,,26.0,1.0
1989-07,R30,PADD 3,Z00,,251.0,8.0
1989-07,R50,PADD 5,Z00,,10.0,0.0
1989-08,NUS,U.S.,Z00,,467.0,15.0
1989-08,R10,PADD 1,Z00,,1.0,0.0
1989-08,R20,PADD 2,Z00,,1.0,0.0
1989-08,R30,PADD 3,Z00,,401.0,13.0
1989-08,R50,PADD 5,Z00,,64.0,2.0
1989-09,NUS,U.S.,Z00,,1018.0,34.0
1989-09,R10,PADD 1,Z00,,0.0,0.0
1989-09,R20,PADD 2,Z00,,2.0,0.0
1989-09,R30,PADD 3,Z00,,913.0,30.0
1989-09,R50,PADD 5,Z00,,103.0,3.0
1989-10,NUS,U.S.,Z00,,849.0,27.0
1989-10,R10,PADD 1,Z00,,0.0,0.0
1989-10,R20,PADD 2,Z00,,1.0,0.0
1989-10,R30,PADD 3,Z00,,813.0,26.0
1989-10,R50,PADD 5,Z00,,35.0,1.0
1989-11,NUS,U.S.,Z00,,1183.0,39.0
1989-11,R10,PADD 1,Z00,,47.0,2.0
1989-11,R20,PADD 2,Z00,,1.0,0.0
1989-11,R30,PADD 3,Z00,,1134.0,38.0
1989-11,R50,PADD 5,Z00,,2.0,0.0
1989-12,NUS,U.S.,Z00,,1309.0,42.0
1989-12,R10,PADD 1,Z00,,0.0,0.0
1989-12,R20,PADD 2,Z00,,52.0,2.0
1989-12,R30,PADD 3,Z00,,1256.0,41.0
1989-12,R40,PADD 4,Z00,,0.0,0.0
1989-12,R50,PADD 5,Z00,,1.0,0.0
1990-01,NUS,U.S.,Z00,,668.0,22.0
1990-01,R10,PADD 1,Z00,,0.0,0.0
1990-01,R20,PADD 2,Z00,,1.0,0.0
1990-01,R30,PADD 3,Z00,,291.0,9.0
1990-01,R50,PADD 5,Z00,,376.0,12.0
1990-02,NUS,U.S.,Z00,,1393.0,50.0
1990-02,R10,PADD 1,Z00,,29.0,1.0
1990-02,R20,PADD 2,Z00,,2.0,0.0
1990-02,R30,PADD 3,Z00,,1005.0,36.0
1990-02,R40,PADD 4,Z00,,0.0,0.0
1990-02,R50,PADD 5,Z00,,357.0,13.0
1990-03,NUS,U.S.,Z00,,515.0,17.0
1990-03,R10,PADD 1,Z00,,0.0,0.0
1990-03,R20,PADD 2,Z00,,3.0,0.0
1990-03,R30,PADD 3,Z00,,175.0,6.0
1990-03,R50,PADD 5,Z00,,337.0,11.0
1990-04,NUS,U.S.,Z00,,331.0,11.0
1990-04,R10,PADD 1,Z00,,0.0,0.0
1990-04,R20,PADD 2,Z00,,25.0,1.0
1990-04,R30,PADD 3,Z00,,165.0,5.0
1990-04,R50,PADD 5,Z00,,140.0,5.0
1990-05,NUS,U.S.,Z00,,238.0,8.0
1990-05,R10,PADD 1,Z00,,1.0,0.0
1990-05,R20,PADD 2,Z00,,3.0,0.0
1990-05,R30,PADD 3,Z00,,234.0,8.0
1990-05,R50,PADD 5,Z00,,0.0,0.0
1990-06,NUS,U.S.,Z00,,207.0,7.0
1990-06,R10,PADD 1,Z00,,1.0,0.0
1990-06,R20,PADD 2,Z00,,19.0,1.0
1990-06,R30,PADD 3,Z00,,132.0,4.0
1990-06,R50,PADD 5,Z00,,56.0,2.0
1990-07,NUS,U.S.,Z00,,302.0,10.0
1990-07,R10,PADD 1,Z00,,1.0,0.0
1990-07,R20,PADD 2,Z00,,20.0,1.0
1990-07,R30,PADD 3,Z00,,225.0,7.0
1990-07,R50,PADD 5,Z00,,57.0,2.0
1990-08,NUS,U.S.,Z00,,927.0,30.0
1990-08,R10,PADD 1,Z00,,41.0,1.0
1990-08,R20,PADD 2,Z00,,12.0,0.0
1990-08,R30,PADD 3,Z00,,566.0,18.0
1990-08,R50,PADD 5,Z00,,308.0,10.0
1990-09,NUS,U.S.,Z00,,1349.0,45.0
1990-09,R10,PADD 1,Z00,,449.0,15.0
1990-09,R20,PADD 2,Z00,,2.0,0.0
1990-09,R30,PADD 3,Z00,,897.0,30.0
1990-09,R50,PADD 5,Z00,,1.0,0.0
1990-10,NUS,U.S.,Z00,,2246.0,72.0
1990-10,R10,PADD 1,Z00,,85.0,3.0
1990-10,R20,PADD 2,Z00,,184.0,6.0
1990-10,R30,PADD 3,Z00,,1235.0,40.0
1990-10,R50,PADD 5,Z00,,742.0,24.0
1990-11,NUS,U.S.,Z00,,4218.0,141.0
1990-11,R10,PADD 1,Z00,,333.0,11.0
1990-11,R20,PADD 2,Z00,,161.0,5.0
1990-11,R30,PADD 3,Z00,,2381.0,79.0
1990-11,R50,PADD 5,Z00,,1342.0,45.0
1990-12,NUS,U.S.,Z00,,1854.0,60.0
1990-12,R10,PADD 1,Z00,,329.0,11.0
1990-12,R20,PADD 2,Z00,,223.0,7.0
1990-12,R30,PADD 3,Z00,,730.0,24.0
1990-12,R50,PADD 5,Z00,,571.0,18.0
1991-01,NUS,U.S.,Z00,,2265.0,73.0
1991-01,R10,PADD 1,Z00,,278.0,9.0
1991-01,R20,PADD 2,Z00,,0.0,0.0
1991-01,R30,PADD 3,Z00,,1094.0,35.0
1991-01,R40,PADD 4,Z00,,0.0,0.0
1991-01,R50,PADD 5,Z00,,892.0,29.0
1991-02,NUS,U.S.,Z00,,4393.0,157.0
1991-02,R10,PADD 1,Z00,,463.0,17.0
1991-02,R20,PADD 2,Z00,,0.0,0.0
1991-02,R30,PADD 3,Z00,,2529.0,90.0
1991-02,R40,PADD 4,Z00,,0.0,0.0
1991-02,R50,PADD 5,Z00,,1400.0,50.0
1991-03,NUS,U.S.,Z00,,1197.0,39.0
1991-03,R10,PADD 1,Z00,,0.0,0.0
1991-03,R20,PADD 2,Z00,,0.0,0.0
1991-03,R30,PADD 3,Z00,,444.0,14.0
1991-03,R40,PADD 4,Z00,,0.0,0.0
1991-03,R50,PADD 5,Z00,,753.0,24.0
1991-04,NUS,U.S.,Z00,,758.0,25.0
1991-04,R10,PADD 1,Z00,,0.0,0.0
1991-04,R20,PADD 2,Z00,,0.0,0.0
1991-04,R30,PADD 3,Z00,,702.0,23.0
1991-04,R40,PADD 4,Z00,,0.0,0.0
1991-04,R50,PADD 5,Z00,,55.0,2.0
1991-05,NUS,U.S.,Z00,,1047.0,34.0
1991-05,R10,PADD 1,Z00,,1.0,0.0
1991-05,R20,PADD 2,Z00,,208.0,7.0
1991-05,R30,PADD 3,Z00,,717.0,23.0
1991-05,R40,PADD 4,Z00,,0.0,0.0
1991-05,R50,PADD 5,Z00,,121.0,4.0
1991-06,NUS,U.S.,Z00,,391.0,13.0
1991-06,R10,PADD 1,Z00,,32.0,1.0
1991-06,R20,PADD 2,Z00,,0.0,0.0
1991-06,R30,PADD 3,Z00,,19.0,1.0
1991-06,R40,PADD 4,Z00,,0.0,0.0
1991-06,R50,PADD 5,Z00,,339.0,11.0
1991-07,NUS,U.S.,Z00,,840.0,27.0
1991-07,R10,PADD 1,Z00,,160.0,5.0
1991-07,R20,PADD 2,Z00,,51.0,2.0
1991-07,R30,PADD 3,Z00,,419.0,14.0
1991-07,R40,PADD 4,Z00,,0.0,0.0
1991-07,R50,PADD 5,Z00,,209.0,7.0
1991-08,NUS,U.S.,Z00,,326.0,11.0
1991-08,R10,PADD 1,Z00,,40.0,1.0
1991-08,R20,PADD 2,Z00,,35.0,1.0
1991-08,R30,PADD 3,Z00,,191.0,6.0
1991-08,R40,PADD 4,Z00,,0.0,0.0
1991-08,R50,PADD 5,Z00,,59.0,2.0
1991-09,NUS,U.S.,Z00,,295.0,10.0
1991-09,R10,PADD 1,Z00,,211.0,7.0
1991-09,R20,PADD 2,Z00,,48.0,2.0
1991-09,R30,PADD 3,Z00,,35.0,1.0
1991-09,R40,PADD 4,Z00,,0.0,0.0
1991-09,R50,PADD 5,Z00,,1.0,0.0
1991-10,NUS,U.S.,Z00,,1342.0,43.0
1991-10,R10,PADD 1,Z00,,362.0,12.0
1991-10,R20,PADD 2,Z00,,31.0,1.0
1991-10,R30,PADD 3,Z00,,622.0,20.0
1991-10,R40,PADD 4,Z00,,0.0,0.0
1991-10,R50,PADD 5,Z00,,327.0,11.0
1991-11,NUS,U.S.,Z00,,137.0,5.0
1991-11,R10,PADD 1,Z00,,0.0,0.0
1991-11,R20,PADD 2,Z00,,0.0,0.0
1991-11,R30,PADD 3,Z00,,56.0,2.0
1991-11,R40,PADD 4,Z00,,0.0,0.0
1991-11,R50,PADD 5,Z00,,80.0,3.0
1991-12,NUS,U.S.,Z00,,1273.0,41.0
1991-12,R10,PADD 1,Z00,,222.0,7.0
1991-12,R20,PADD 2,Z00,,40.0,1.0
1991-12,R30,PADD 3,Z00,,579.0,19.0
1991-12,R40,PADD 4,Z00,,0.0,0.0
1991-12,R50,PADD 5,Z00,,431.0,14.0
1992-01,NUS,U.S.,Z00,,1375.0,44.0
1992-01,R10,PADD 1,Z00,,1.0,0.0
1992-01,R20,PADD 2,Z00,,0.0,0.0
1992-01,R30,PADD 3,Z00,,218.0,7.0
1992-01,R40,PADD 4,Z00,,1.0,0.0
1992-01,R50,PADD 5,Z00,,1156.0,37.0
1992-02,NUS,U.S.,Z00,,1168.0,40.0
1992-02,R10,PADD 1,Z00,,0.0,0.0
1992-02,R20,PADD 2,Z00,,2.0,0.0
1992-02,R30,PADD 3,Z00,,118.0,4.0
1992-02,R40,PADD 4,Z00,,0.0,0.0
1992-02,R50,PADD 5,Z00,,1047.0,36.0
1992-03,NUS,U.S.,Z00,,194.0,6.0
1992-03,R10,PADD 1,Z00,,0.0,0.0
1992-03,R20,PADD 2,Z00,,79.0,3.0
1992-03,R30,PADD 3,Z00,,25.0,1.0
1992-03,R40,PADD 4,Z00,,0.0,0.0
1992-03,R50,PADD 5,Z00,,89.0,3.0
1992-04,NUS,U.S.,Z00,,368.0,12.0
1992-04,R10,PADD 1,Z00,,0.0,0.0
1992-04,R20,PADD 2,Z00,,25.0,1.0
1992-04,R30,PADD 3,Z00,,244.0,8.0
1992-04,R40,PADD 4,Z00,,0.0,0.0
1992-04,R50,PADD 5,Z00,,98.0,3.0
1992-05,NUS,U.S.,Z00,,202.0,7.0
1992-05,R10,PADD 1,Z00,,0.0,0.0
1992-05,R20,PADD 2,Z00,,40.0,1.0
1992-05,R30,PADD 3,Z00,,132.0,4.0
1992-05,R40,PADD 4,Z00,,0.0,0.0
1992-05,R50,PADD 5,Z00,,30.0,1.0
1992-06,NUS,U.S.,Z00,,583.0,19.0
1992-06,R10,PADD 1,Z00,,0.0,0.0
1992-06,R20,PADD 2,Z00,,25.0,1.0
1992-06,R30,PADD 3,Z00,,233.0,8.0
1992-06,R40,PADD 4,Z00,,0.0,0.0
1992-06,R50,PADD 5,Z00,,325.0,11.0
1992-07,NUS,U.S.,Z00,,1623.0,52.0
1992-07,R10,PADD 1,Z00,,1.0,0.0
1992-07,R20,PADD 2,Z00,,62.0,2.0
1992-07,R30,PADD 3,Z00,,899.0,29.0
1992-07,R40,PADD 4,Z00,,0.0,0.0
1992-07,R50,PADD 5,Z00,,662.0,21.0
1992-08,NUS,U.S.,Z00,,500.0,16.0
1992-08,R10,PADD 1,Z00,,1.0,0.0
1992-08,R20,PADD 2,Z00,,50.0,2.0
1992-08,R30,PADD 3,Z00,,360.0,12.0
1992-08,R40,PADD 4,Z00,,0.0,0.0
1992-08,R50,PADD 5,Z00,,89.0,3.0
1992-09,NUS,U.S.,Z00,,333.0,11.0
1992-09,R10,PADD 1,Z00,,1.0,0.0
1992-09,R20,PADD 2,Z00,,0.0,0.0
1992-09,R30,PADD 3,Z00,,212.0,7.0
1992-09,R40,PADD 4,Z00,,0.0,0.0
1992-09,R50,PADD 5,Z00,,119.0,4.0
1992-10,NUS,U.S.,Z00,,1266.0,41.0
1992-10,R10,PADD 1,Z00,,3.0,0.0
1992-10,R20,PADD 2,Z00,,0.0,0.0
1992-10,R30,PADD 3,Z00,,922.0,30.0
1992-10,R40,PADD 4,Z00,,0.0,0.0
1992-10,R50,PADD 5,Z00,,340.0,11.0
1992-11,NUS,U.S.,Z00,,1125.0,38.0
1992-11,R10,PADD 1,Z00,,491.0,16.0
1992-11,R20,PADD 2,Z00,,4.0,0.0
1992-11,R30,PADD 3,Z00,,335.0,11.0
1992-11,R40,PADD 4,Z00,,0.0,0.0
1992-11,R50,PADD 5,Z00,,296.0,10.0
1992-12,NUS,U.S.,Z00,,3439.0,111.0
1992-12,R10,PADD 1,Z00,,25.0,1.0
1992-12,R20,PADD 2,Z00,,0.0,0.0
1992-12,R30,PADD 3,Z00,,2757.0,89.0
1992-12,R40,PADD 4,Z00,,0.0,0.0
1992-12,R50,PADD 5,Z00,,657.0,21.0
1993-01,NUS,U.S.,Z00,,2976.0,96.0
1993-01,R10,PADD 1,Z00,,230.0,7.0
1993-01,R20,PADD 2,Z00,,43.0,1.0
1993-01,R30,PADD 3,Z00,,1749.0,56.0
1993-01,R50,PADD 5,Z00,,953.0,31.0
1993-02,NUS,U.S.,Z00,,451.0,16.0
1993-02,R10,PADD 1,Z00,,4.0,0.0
1993-02,R20,PADD 2,Z00,,4.0,0.0
1993-02,R30,PADD 3,Z00,,154.0,6.0
1993-02,R50,PADD 5,Z00,,290.0,10.0
1993-03,NUS,U.S.,Z00,,2575.0,83.0
1993-03,R20,PADD 2,Z00,,0.0,0.0
1993-03,R30,PADD 3,Z00,,1482.0,48.0
1993-03,R50,PADD 5,Z00,,1092.0,35.0
1993-04,NUS,U.S.,Z00,,1833.0,61.0
1993-04,R10,PADD 1,Z00,,0.0,0.0
1993-04,R20,PADD 2,Z00,,0.0,0.0
1993-04,R30,PADD 3,Z00,,792.0,26.0
1993-04,R50,PADD 5,Z00,,1041.0,35.0
1993-05,NUS,U.S.,Z00,,1460.0,47.0
1993-05,R10,PADD 1,Z00,,1.0,0.0
1993-05,R20,PADD 2,Z00,,75.0,2.0
1993-05,R30,PADD 3,Z00,,494.0,16.0
1993-05,R50,PADD 5,Z00,,891.0,29.0
1993-06,NUS,U.S.,Z00,,1035.0,35.0
1993-06,R10,PADD 1,Z00,,24.0,1.0
1993-06,R20,PADD 2,Z00,,30.0,1.0
1993-06,R30,PADD 3,Z00,,34.0,1.0
1993-06,R50,PADD 5,Z00,,947.0,32.0
1993-07,NUS,U.S.,Z00,,1799.0,58.0
1993-07,R10,PADD 1,Z00,,1.0,0.0
1993-07,R20,PADD 2,Z00,,0.0,0.0
1993-07,R30,PADD 3,Z00,,735.0,24.0
1993-07,R50,PADD 5,Z00,,1063.0,34.0
1993-08,NUS,U.S.,Z00,,1017.0,33.0
1993-08,R10,PADD 1,Z00,,0.0,0.0
1993-08,R20,PADD 2,Z00,,30.0,1.0
1993-08,R30,PADD 3,Z00,,558.0,18.0
1993-08,R50,PADD 5,Z00,,429.0,14.0
1993-09,NUS,U.S.,Z00,,414.0,14.0
1993-09,R10,PADD 1,Z00,,3.0,0.0
1993-09,R20,PADD 2,Z00,,0.0,0.0
1993-09,R30,PADD 3,Z00,,291.0,10.0
1993-09,R50,PADD 5,Z00,,120.0,4.0
1993-10,NUS,U.S.,Z00,,396.0,13.0
1993-10,R10,PADD 1,Z00,,0.0,0.0
1993-10,R20,PADD 2,Z00,,0.0,0.0
1993-10,R30,PADD 3,Z00,,276.0,9.0
1993-10,R50,PADD 5,Z00,,120.0,4.0
1993-11,NUS,U.S.,Z00,,765.0,25.0
1993-11,R10,PADD 1,Z00,,53.0,2.0
1993-11,R20,PADD 2,Z00,,66.0,2.0
1993-11,R30,PADD 3,Z00,,556.0,19.0
1993-11,R50,PADD 5,Z00,,90.0,3.0
1993-12,NUS,U.S.,Z00,,1063.0,34.0
1993-12,R10,PADD 1,Z00,,1.0,0.0
1993-12,R20,PADD 2,Z00,,38.0,1.0
1993-12,R30,PADD 3,Z00,,607.0,20.0
1993-12,R50,PADD 5,Z00,,417.0,13.0
1994-01,NUS,U.S.,Z00,,561.0,18.0
1994-01,R10,PADD 1,Z00,,44.0,1.0
1994-01,R20,PADD 2,Z00,,63.0,2.0
1994-01,R30,PADD 3,Z00,,42.0,1.0
1994-01,R50,PADD 5,Z00,,413.0,13.0
1994-02,NUS,U.S.,Z00,,722.0,26.0
1994-02,R10,PADD 1,Z00,,0.0,0.0
1994-02,R20,PADD 2,Z00,,21.0,1.0
1994-02,R30,PADD 3,Z00,,11.0,0.0
1994-02,R50,PADD 5,Z00,,690.0,25.0
1994-03,NUS,U.S.,Z00,,445.0,14.0
1994-03,R10,PADD 1,Z00,,1.0,0.0
1994-03,R20,PADD 2,Z00,,0.0,0.0
1994-03,R30,PADD 3,Z00,,384.0,12.0
1994-03,R50,PADD 5,Z00,,60.0,2.0
1994-04,NUS,U.S.,Z00,,71.0,2.0
1994-04,R10,PADD 1,Z00,,0.0,0.0
1994-04,R20,PADD 2,Z00,,0.0,0.0
1994-04,R30,PADD 3,Z00,,10.0,0.0
1994-04,R50,PADD 5,Z00,,60.0,2.0
1994-05,NUS,U.S.,Z00,,282.0,9.0
1994-05,R10,PADD 1,Z00,,0.0,0.0
1994-05,R20,PADD 2,Z00,,0.0,0.0
1994-05,R30,PADD 3,Z00,,251.0,8.0
1994-05,R40,PADD 4,Z00,,0.0,0.0
1994-05,R50,PADD 5,Z00,,30.0,1.0
1994-06,NUS,U.S.,Z00,,305.0,10.0
1994-06,R10,PADD 1,Z00,,1.0,0.0
1994-06,R20,PADD 2,Z00,,0.0,0.0
1994-06,R30,PADD 3,Z00,,243.0,8.0
1994-06,R40,PADD 4,Z00,,0.0,0.0
1994-06,R50,PADD 5,Z00,,61.0,2.0
1994-07,NUS,U.S.,Z00,,340.0,11.0
1994-07,R10,PADD 1,Z00,,1.0,0.0
1994-07,R20,PADD 2,Z00,,0.0,0.0
1994-07,R30,PADD 3,Z00,,90.0,3.0
1994-07,R40,PADD 4,Z00,,0.0,0.0
1994-07,R50,PADD 5,Z00,,249.0,8.0
1994-08,NUS,U.S.,Z00,,311.0,10.0
1994-08,R10,PADD 1,Z00,,1.0,0.0
1994-08,R20,PADD 2,Z00,,0.0,0.0
1994-08,R30,PADD 3,Z00,,162.0,5.0
1994-08,R50,PADD 5,Z00,,149.0,5.0
1994-09,NUS,U.S.,Z00,,784.0,26.0
1994-09,R10,PADD 1,Z00,,7.0,0.0
1994-09,R20,PADD 2,Z00,,0.0,0.0
1994-09,R30,PADD 3,Z00,,147.0,5.0
1994-09,R50,PADD 5,Z00,,630.0,21.0
1994-10,NUS,U.S.,Z00,,541.0,17.0
1994-10,R10,PADD 1,Z00,,120.0,4.0
1994-10,R20,PADD 2,Z00,,0.0,0.0
1994-10,R30,PADD 3,Z00,,228.0,7.0
1994-10,R50,PADD 5,Z00,,192.0,6.0
1994-11,NUS,U.S.,Z00,,524.0,17.0
1994-11,R10,PADD 1,Z00,,59.0,2.0
1994-11,R30,PADD 3,Z00,,345.0,12.0
1994-11,R50,PADD 5,Z00,,120.0,4.0
1994-12,NUS,U.S.,Z00,,1002.0,32.0
1994-12,R10,PADD 1,Z00,,24.0,1.0
1994-12,R30,PADD 3,Z00,,348.0,11.0
1994-12,R50,PADD 5,Z00,,630.0,20.0
1995-01,NUS,U.S.,Z00,,766.0,25.0
1995-01,R10,PADD 1,Z00,,0.0,0.0
1995-01,R20,PADD 2,Z00,,0.0,
1995-01,R30,PADD 3,Z00,,385.0,12.0
1995-01,R50,PADD 5,Z00,,381.0,12.0
1995-02,NUS,U.S.,Z00,,545.0,19.0
1995-02,R10,PADD 1,Z00,,0.0,0.0
1995-02,R20,PADD 2,Z00,,0.0,
1995-02,R30,PADD 3,Z00,,367.0,13.0
1995-02,R50,PADD 5,Z00,,179.0,6.0
1995-03,NUS,U.S.,Z00,,528.0,17.0
1995-03,R10,PADD 1,Z00,,0.0,0.0
1995-03,R20,PADD 2,Z00,,0.0,
1995-03,R30,PADD 3,Z00,,86.0,3.0
1995-03,R50,PADD 5,Z00,,442.0,14.0
1995-04,NUS,U.S.,Z00,,138.0,5.0
1995-04,R10,PADD 1,Z00,,1.0,0.0
1995-04,R20,PADD 2,Z00,,0.0,
1995-04,R30,PADD 3,Z00,,47.0,2.0
1995-04,R50,PADD 5,Z00,,91.0,3.0
1995-05,NUS,U.S.,Z00,,221.0,7.0
1995-05,R10,PADD 1,Z00,,1.0,0.0
1995-05,R20,PADD 2,Z00,,0.0,
1995-05,R30,PADD 3,Z00,,159.0,5.0
1995-05,R50,PADD 5,Z00,,61.0,2.0
1995-06,NUS,U.S.,Z00,,311.0,10.0
1995-06,R10,PADD 1,Z00,,33.0,1.0
1995-06,R20,PADD 2,Z00,,37.0,1.0
1995-06,R30,PADD 3,Z00,,0.0,
1995-06,R50,PADD 5,Z00,,241.0,8.0
1995-07,NUS,U.S.,Z00,,572.0,18.0
1995-07,R10,PADD 1,Z00,,50.0,2.0
1995-07,R20,PADD 2,Z00,,0.0,
1995-07,R30,PADD 3,Z00,,346.0,11.0
1995-07,R40,PADD 4,Z00,,0.0,0.0
1995-07,R50,PADD 5,Z00,,175.0,6.0
1995-08,NUS,U.S.,Z00,,535.0,17.0
1995-08,R10,PADD 1,Z00,,1.0,0.0
1995-08,R20,PADD 2,Z00,,0.0,
1995-08,R30,PADD 3,Z00,,384.0,12.0
1995-08,R50,PADD 5,Z00,,150.0,5.0
1995-09,NUS,U.S.,Z00,,587.0,20.0
1995-09,R10,PADD 1,Z00,,84.0,3.0
1995-09,R20,PADD 2,Z00,,22.0,1.0
1995-09,R30,PADD 3,Z00,,396.0,13.0
1995-09,R50,PADD 5,Z00,,85.0,3.0
1995-10,NUS,U.S.,Z00,,1774.0,57.0
1995-10,R10,PADD 1,Z00,,352.0,11.0
1995-10,R20,PADD 2,Z00,,0.0,
1995-10,R30,PADD 3,Z00,,1242.0,40.0
1995-10,R50,PADD 5,Z00,,181.0,6.0
1995-11,NUS,U.S.,Z00,,387.0,13.0
1995-11,R10,PADD 1,Z00,,250.0,8.0
1995-11,R20,PADD 2,Z00,,47.0,2.0
1995-11,R30,PADD 3,Z00,,25.0,1.0
1995-11,R50,PADD 5,Z00,,64.0,2.0
1995-12,NUS,U.S.,Z00,,1940.0,63.0
1995-12,R10,PADD 1,Z00,,125.0,4.0
1995-12,R20,PADD 2,Z00,,0.0,
1995-12,R30,PADD 3,Z00,,1694.0,55.0
1995-12,R50,PADD 5,Z00,,121.0,4.0
1996-01,NUS,U.S.,Z00,,3443.0,111.0
1996-01,R10,PADD 1,Z00,,294.0,9.0
1996-01,R20,PADD 2,Z00,,0.0,
1996-01,R30,PADD 3,Z00,,2472.0,80.0
1996-01,R50,PADD 5,Z00,,677.0,22.0
1996-02,NUS,U.S.,Z00,,1929.0,67.0
1996-02,R10,PADD 1,Z00,,0.0,0.0
1996-02,R20,PADD 2,Z00,,0.0,
1996-02,R30,PADD 3,Z00,,380.0,13.0
1996-02,R50,PADD 5,Z00,,1549.0,53.0
1996-03,NUS,U.S.,Z00,,1543.0,50.0
1996-03,R10,PADD 1,Z00,,0.0,0.0
1996-03,R20,PADD 2,Z00,,21.0,1.0
1996-03,R30,PADD 3,Z00,,767.0,25.0
1996-03,R50,PADD 5,Z00,,755.0,24.0
1996-04,NUS,U.S.,Z00,,333.0,11.0
1996-04,R10,PADD 1,Z00,,0.0,0.0
1996-04,R20,PADD 2,Z00,,4.0,0.0
1996-04,R30,PADD 3,Z00,,140.0,5.0
1996-04,R50,PADD 5,Z00,,188.0,6.0
1996-05,NUS,U.S.,Z00,,414.0,13.0
1996-05,R10,PADD 1,Z00,,1.0,0.0
1996-05,R20,PADD 2,Z00,,0.0,
1996-05,R30,PADD 3,Z00,,376.0,12.0
1996-05,R50,PADD 5,Z00,,37.0,1.0
1996-06,NUS,U.S.,Z00,,325.0,11.0
1996-06,R10,PADD 1,Z00,,24.0,1.0
1996-06,R20,PADD 2,Z00,,0.0,
1996-06,R30,PADD 3,Z00,,35.0,1.0
1996-06,R50,PADD 5,Z00,,266.0,9.0
1996-07,NUS,U.S.,Z00,,837.0,27.0
1996-07,R10,PADD 1,Z00,,71.0,2.0
1996-07,R20,PADD 2,Z00,,0.0,
1996-07,R30,PADD 3,Z00,,525.0,17.0
1996-07,R50,PADD 5,Z00,,241.0,8.0
1996-08,NUS,U.S.,Z00,,1040.0,34.0
1996-08,R10,PADD 1,Z00,,1.0,0.0
1996-08,R20,PADD 2,Z00,,0.0,
1996-08,R30,PADD 3,Z00,,875.0,28.0
1996-08,R50,PADD 5,Z00,,164.0,5.0
1996-09,NUS,U.S.,Z00,,1525.0,51.0
1996-09,R10,PADD 1,Z00,,1.0,0.0
1996-09,R20,PADD 2,Z00,,0.0,
1996-09,R30,PADD 3,Z00,,1389.0,46.0
1996-09,R50,PADD 5,Z00,,135.0,5.0
1996-10,NUS,U.S.,Z00,,821.0,26.0
1996-10,R10,PADD 1,Z00,,126.0,4.0
1996-10,R20,PADD 2,Z00,,92.0,3.0
1996-10,R30,PADD 3,Z00,,227.0,7.0
1996-10,R50,PADD 5,Z00,,375.0,12.0
1996-11,NUS,U.S.,Z00,,1340.0,45.0
1996-11,R10,PADD 1,Z00,,127.0,4.0
1996-11,R20,PADD 2,Z00,,0.0,0.0
1996-11,R30,PADD 3,Z00,,520.0,17.0
1996-11,R50,PADD 5,Z00,,693.0,23.0
1996-12,NUS,U.S.,Z00,,3418.0,110.0
1996-12,R10,PADD 1,Z00,,105.0,3.0
1996-12,R20,PADD 2,Z00,,0.0,
1996-12,R30,PADD 3,Z00,,1790.0,58.0
1996-12,R50,PADD 5,Z00,,1523.0,49.0
1997-01,NUS,U.S.,Z00,,2407.0,78.0
1997-01,R10,PADD 1,Z00,,124.0,4.0
1997-01,R20,PADD 2,Z00,,1.0,0.0
1997-01,R30,PADD 3,Z00,,991.0,32.0
1997-01,R50,PADD 5,Z00,,1292.0,42.0
1997-02,NUS,U.S.,Z00,,635.0,23.0
1997-02,R10,PADD 1,Z00,,69.0,2.0
1997-02,R20,PADD 2,Z00,,1.0,0.0
1997-02,R30,PADD 3,Z00,,362.0,13.0
1997-02,R50,PADD 5,Z00,,203.0,7.0
1997-03,NUS,U.S.,Z00,,342.0,11.0
1997-03,R10,PADD 1,Z00,,68.0,2.0
1997-03,R20,PADD 2,Z00,,5.0,0.0
1997-03,R30,PADD 3,Z00,,40.0,1.0
1997-03,R50,PADD 5,Z00,,230.0,7.0
1997-04,NUS,U.S.,Z00,,621.0,21.0
1997-04,R10,PADD 1,Z00,,1.0,0.0
1997-04,R20,PADD 2,Z00,,1.0,0.0
1997-04,R30,PADD 3,Z00,,466.0,16.0
1997-04,R50,PADD 5,Z00,,154.0,5.0
1997-05,NUS,U.S.,Z00,,275.0,9.0
1997-05,R10,PADD 1,Z00,,3.0,0.0
1997-05,R20,PADD 2,Z00,,1.0,0.0
1997-05,R30,PADD 3,Z00,,93.0,3.0
1997-05,R50,PADD 5,Z00,,177.0,6.0
1997-06,NUS,U.S.,Z00,,1146.0,38.0
1997-06,R10,PADD 1,Z00,,4.0,0.0
1997-06,R20,PADD 2,Z00,,0.0,0.0
1997-06,R30,PADD 3,Z00,,578.0,19.0
1997-06,R50,PADD 5,Z00,,564.0,19.0
1997-07,NUS,U.S.,Z00,,1004.0,32.0
1997-07,R10,PADD 1,Z00,,2.0,0.0
1997-07,R20,PADD 2,Z00,,0.0,
1997-07,R30,PADD 3,Z00,,801.0,26.0
1997-07,R50,PADD 5,Z00,,201.0,6.0
1997-08,NUS,U.S.,Z00,,819.0,26.0
1997-08,R10,PADD 1,Z00,,2.0,0.0
1997-08,R20,PADD 2,Z00,,0.0,
1997-08,R30,PADD 3,Z00,,642.0,21.0
1997-08,R50,PADD 5,Z00,,176.0,6.0
1997-09,NUS,U.S.,Z00,,471.0,16.0
1997-09,R10,PADD 1,Z00,,34.0,1.0
1997-09,R20,PADD 2,Z00,,26.0,1.0
1997-09,R30,PADD 3,Z00,,235.0,8.0
1997-09,R50,PADD 5,Z00,,175.0,6.0
1997-10,NUS,U.S.,Z00,,1214.0,39.0
1997-10,R10,PADD 1,Z00,,5.0,0.0
1997-10,R20,PADD 2,Z00,,0.0,0.0
1997-10,R30,PADD 3,Z00,,932.0,30.0
1997-10,R50,PADD 5,Z00,,278.0,9.0
1997-11,NUS,U.S.,Z00,,1325.0,44.0
1997-11,R10,PADD 1,Z00,,191.0,6.0
1997-11,R20,PADD 2,Z00,,0.0,0.0
1997-11,R30,PADD 3,Z00,,955.0,32.0
1997-11,R50,PADD 5,Z00,,179.0,6.0
1997-12,NUS,U.S.,Z00,,2429.0,78.0
1997-12,R10,PADD 1,Z00,,480.0,15.0
1997-12,R20,PADD 2,Z00,,1.0,0.0
1997-12,R30,PADD 3,Z00,,1669.0,54.0
1997-12,R50,PADD 5,Z00,,279.0,9.0
1998-01,NUS,U.S.,Z00,,1137.0,37.0
1998-01,R10,PADD 1,Z00,,311.0,10.0
1998-01,R20,PADD 2,Z00,,0.0,0.0
1998-01,R30,PADD 3,Z00,,444.0,14.0
1998-01,R50,PADD 5,Z00,,382.0,12.0
1998-02,NUS,U.S.,Z00,,710.0,25.0
1998-02,R10,PADD 1,Z00,,28.0,1.0
1998-02,R20,PADD 2,Z00,,142.0,5.0
1998-02,R30,PADD 3,Z00,,327.0,12.0
1998-02,R50,PADD 5,Z00,,213.0,8.0
1998-03,NUS,U.S.,Z00,,899.0,29.0
1998-03,R10,PADD 1,Z00,,3.0,0.0
1998-03,R20,PADD 2,Z00,,59.0,2.0
1998-03,R30,PADD 3,Z00,,495.0,16.0
1998-03,R40,PADD 4,Z00,,0.0,0.0
1998-03,R50,PADD 5,Z00,,341.0,11.0
1998-04,NUS,U.S.,Z00,,957.0,32.0
1998-04,R10,PADD 1,Z00,,2.0,0.0
1998-04,R20,PADD 2,Z00,,10.0,0.0
1998-04,R30,PADD 3,Z00,,443.0,15.0
1998-04,R50,PADD 5,Z00,,501.0,17.0
1998-05,NUS,U.S.,Z00,,702.0,23.0
1998-05,R10,PADD 1,Z00,,112.0,4.0
1998-05,R20,PADD 2,Z00,,49.0,2.0
1998-05,R30,PADD 3,Z00,,275.0,9.0
1998-05,R50,PADD 5,Z00,,267.0,9.0
1998-06,NUS,U.S.,Z00,,737.0,25.0
1998-06,R10,PADD 1,Z00,,2.0,0.0
1998-06,R20,PADD 2,Z00,,36.0,1.0
1998-06,R30,PADD 3,Z00,,265.0,9.0
1998-06,R50,PADD 5,Z00,,434.0,14.0
1998-07,NUS,U.S.,Z00,,796.0,26.0
1998-07,R10,PADD 1,Z00,,0.0,0.0
1998-07,R20,PADD 2,Z00,,83.0,3.0
1998-07,R30,PADD 3,Z00,,579.0,19.0
1998-07,R50,PADD 5,Z00,,134.0,4.0
1998-08,NUS,U.S.,Z00,,225.0,7.0
1998-08,R10,PADD 1,Z00,,2.0,0.0
1998-08,R20,PADD 2,Z00,,0.0,
1998-08,R30,PADD 3,Z00,,46.0,1.0
1998-08,R50,PADD 5,Z00,,177.0,6.0
1998-09,NUS,U.S.,Z00,,751.0,25.0
1998-09,R10,PADD 1,Z00,,1.0,0.0
1998-09,R20,PADD 2,Z00,,0.0,
1998-09,R30,PADD 3,Z00,,296.0,10.0
1998-09,R50,PADD 5,Z00,,453.0,15.0
1998-10,NUS,U.S.,Z00,,663.0,21.0
1998-10,R10,PADD 1,Z00,,1.0,0.0
1998-10,R20,PADD 2,Z00,,0.0,
1998-10,R30,PADD 3,Z00,,287.0,9.0
1998-10,R50,PADD 5,Z00,,375.0,12.0
1998-11,NUS,U.S.,Z00,,722.0,24.0
1998-11,R10,PADD 1,Z00,,298.0,10.0
1998-11,R20,PADD 2,Z00,,0.0,
1998-11,R30,PADD 3,Z00,,330.0,11.0
1998-11,R50,PADD 5,Z00,,94.0,3.0
1998-12,NUS,U.S.,Z00,,506.0,16.0
1998-12,R10,PADD 1,Z00,,113.0,4.0
1998-12,R20,PADD 2,Z00,,29.0,1.0
1998-12,R30,PADD 3,Z00,,232.0,7.0
1998-12,R50,PADD 5,Z00,,131.0,4.0
1999-01,NUS,U.S.,Z00,,785.0,25.0
1999-01,R10,PADD 1,Z00,,292.0,9.0
1999-01,R20,PADD 2,Z00,,0.0,
1999-01,R30,PADD 3,Z00,,277.0,9.0
1999-01,R50,PADD 5,Z00,,215.0,7.0
1999-02,NUS,U.S.,Z00,,225.0,8.0
1999-02,R10,PADD 1,Z00,,132.0,5.0
1999-02,R20,PADD 2,Z00,,0.0,
1999-02,R30,PADD 3,Z00,,31.0,1.0
1999-02,R50,PADD 5,Z00,,62.0,2.0
1999-03,NUS,U.S.,Z00,,697.0,22.0
1999-03,R10,PADD 1,Z00,,0.0,0.0
1999-03,R20,PADD 2,Z00,,0.0,
1999-03,R30,PADD 3,Z00,,552.0,18.0
1999-03,R50,PADD 5,Z00,,145.0,5.0
1999-04,NUS,U.S.,Z00,,736.0,25.0
1999-04,R10,PADD 1,Z00,,308.0,10.0
1999-04,R20,PADD 2,Z00,,0.0,
1999-04,R30,PADD 3,Z00,,374.0,12.0
1999-04,R50,PADD 5,Z00,,54.0,2.0
1999-05,NUS,U.S.,Z00,,997.0,32.0
1999-05,R10,PADD 1,Z00,,83.0,3.0
1999-05,R20,PADD 2,Z00,,0.0,
1999-05,R30,PADD 3,Z00,,822.0,27.0
1999-05,R50,PADD 5,Z00,,92.0,3.0
1999-06,NUS,U.S.,Z00,,792.0,26.0
1999-06,R10,PADD 1,Z00,,279.0,9.0
1999-06,R20,PADD 2,Z00,,0.0,
1999-06,R30,PADD 3,Z00,,404.0,13.0
1999-06,R50,PADD 5,Z00,,110.0,4.0
1999-07,NUS,U.S.,Z00,,1073.0,35.0
1999-07,R10,PADD 1,Z00,,1.0,0.0
1999-07,R20,PADD 2,Z00,,0.0,
1999-07,R30,PADD 3,Z00,,819.0,26.0
1999-07,R50,PADD 5,Z00,,254.0,8.0
1999-08,NUS,U.S.,Z00,,246.0,8.0
1999-08,R10,PADD 1,Z00,,1.0,0.0
1999-08,R20,PADD 2,Z00,,0.0,
1999-08,R30,PADD 3,Z00,,64.0,2.0
1999-08,R50,PADD 5,Z00,,181.0,6.0
1999-09,NUS,U.S.,Z00,,995.0,33.0
1999-09,R10,PADD 1,Z00,,1.0,0.0
1999-09,R20,PADD 2,Z00,,251.0,8.0
1999-09,R30,PADD 3,Z00,,404.0,13.0
1999-09,R50,PADD 5,Z00,,340.0,11.0
1999-10,NUS,U.S.,Z00,,800.0,26.0
1999-10,R10,PADD 1,Z00,,1.0,0.0
1999-10,R20,PADD 2,Z00,,0.0,
1999-10,R30,PADD 3,Z00,,632.0,20.0
1999-10,R50,PADD 5,Z00,,167.0,5.0
1999-11,NUS,U.S.,Z00,,1825.0,61.0
1999-11,R10,PADD 1,Z00,,738.0,25.0
1999-11,R20,PADD 2,Z00,,123.0,4.0
1999-11,R30,PADD 3,Z00,,541.0,18.0
1999-11,R50,PADD 5,Z00,,423.0,14.0
1999-12,NUS,U.S.,Z00,,1585.0,51.0
1999-12,R10,PADD 1,Z00,,183.0,6.0
1999-12,R20,PADD 2,Z00,,65.0,2.0
1999-12,R30,PADD 3,Z00,,841.0,27.0
1999-12,R50,PADD 5,Z00,,496.0,16.0
2000-01,NUS,U.S.,Z00,,408.0,13.0
2000-01,R10,PADD 1,Z00,,0.0,0.0
2000-01,R20,PADD 2,Z00,,0.0,
2000-01,R30,PADD 3,Z00,,103.0,3.0
2000-01,R50,PADD 5,Z00,,305.0,10.0
2000-02,NUS,U.S.,Z00,,503.0,17.0
2000-02,R10,PADD 1,Z00,,1.0,0.0
2000-02,R20,PADD 2,Z00,,0.0,0.0
2000-02,R30,PADD 3,Z00,,269.0,9.0
2000-02,R50,PADD 5,Z00,,232.0,8.0
2000-03,NUS,U.S.,Z00,,1030.0,33.0
2000-03,R10,PADD 1,Z00,,182.0,6.0
2000-03,R20,PADD 2,Z00,,0.0,
2000-03,R30,PADD 3,Z00,,567.0,18.0
2000-03,R50,PADD 5,Z00,,281.0,9.0
2000-04,NUS,U.S.,Z00,,1111.0,37.0
2000-04,R10,PADD 1,Z00,,183.0,6.0
2000-04,R20,PADD 2,Z00,,25.0,1.0
2000-04,R30,PADD 3,Z00,,699.0,23.0
2000-04,R50,PADD 5,Z00,,204.0,7.0
2000-05,NUS,U.S.,Z00,,1095.0,35.0
2000-05,R10,PADD 1,Z00,,2.0,0.0
2000-05,R20,PADD 2,Z00,,0.0,0.0
2000-05,R30,PADD 3,Z00,,630.0,20.0
2000-05,R50,PADD 5,Z00,,464.0,15.0
2000-06,NUS,U.S.,Z00,,798.0,27.0
2000-06,R10,PADD 1,Z00,,1.0,0.0
2000-06,R20,PADD 2,Z00,,1.0,0.0
2000-06,R30,PADD 3,Z00,,651.0,22.0
2000-06,R50,PADD 5,Z00,,145.0,5.0
2000-07,NUS,U.S.,Z00,,641.0,21.0
2000-07,R10,PADD 1,Z00,,1.0,0.0
2000-07,R20,PADD 2,Z00,,0.0,0.0
2000-07,R30,PADD 3,Z00,,415.0,13.0
2000-07,R50,PADD 5,Z00,,224.0,7.0
2000-08,NUS,U.S.,Z00,,583.0,19.0
2000-08,R10,PADD 1,Z00,,3.0,0.0
2000-08,R20,PADD 2,Z00,,91.0,3.0
2000-08,R30,PADD 3,Z00,,252.0,8.0
2000-08,R40,PADD 4,Z00,,0.0,0.0
2000-08,R50,PADD 5,Z00,,236.0,8.0
2000-09,NUS,U.S.,Z00,,1008.0,34.0
2000-09,R10,PADD 1,Z00,,96.0,3.0
2000-09,R20,PADD 2,Z00,,0.0,
2000-09,R30,PADD 3,Z00,,615.0,21.0
2000-09,R50,PADD 5,Z00,,297.0,10.0
2000-10,NUS,U.S.,Z00,,1289.0,42.0
2000-10,R10,PADD 1,Z00,,2.0,0.0
2000-10,R20,PADD 2,Z00,,64.0,2.0
2000-10,R30,PADD 3,Z00,,836.0,27.0
2000-10,R50,PADD 5,Z00,,387.0,12.0
2000-11,NUS,U.S.,Z00,,1902.0,63.0
2000-11,R10,PADD 1,Z00,,746.0,25.0
2000-11,R20,PADD 2,Z00,,0.0,
2000-11,R30,PADD 3,Z00,,868.0,29.0
2000-11,R50,PADD 5,Z00,,288.0,10.0
2000-12,NUS,U.S.,Z00,,1221.0,39.0
2000-12,R10,PADD 1,Z00,,76.0,2.0
2000-12,R20,PADD 2,Z00,,0.0,
2000-12,R30,PADD 3,Z00,,828.0,27.0
2000-12,R50,PADD 5,Z00,,318.0,10.0
2001-01,NUS,U.S.,Z00,,839.0,27.0
2001-01,R10,PADD 1,Z00,,148.0,5.0
2001-01,R20,PADD 2,Z00,,0.0,0.0
2001-01,R30,PADD 3,Z00,,350.0,11.0
2001-01,R50,PADD 5,Z00,,341.0,11.0
2001-02,NUS,U.S.,Z00,,437.0,16.0
2001-02,R10,PADD 1,Z00,,2.0,0.0
2001-02,R20,PADD 2,Z00,,67.0,2.0
2001-02,R30,PADD 3,Z00,,106.0,4.0
2001-02,R50,PADD 5,Z00,,262.0,9.0
2001-03,NUS,U.S.,Z00,,1262.0,41.0
2001-03,R10,PADD 1,Z00,,40.0,1.0
2001-03,R20,PADD 2,Z00,,31.0,1.0
2001-03,R30,PADD 3,Z00,,887.0,29.0
2001-03,R50,PADD 5,Z00,,304.0,10.0
2001-04,NUS,U.S.,Z00,,506.0,17.0
2001-04,R10,PADD 1,Z00,,3.0,0.0
2001-04,R20,PADD 2,Z00,,228.0,8.0
2001-04,R30,PADD 3,Z00,,104.0,3.0
2001-04,R50,PADD 5,Z00,,173.0,6.0
2001-05,NUS,U.S.,Z00,,513.0,17.0
2001-05,R10,PADD 1,Z00,,4.0,0.0
2001-05,R20,PADD 2,Z00,,0.0,0.0
2001-05,R30,PADD 3,Z00,,240.0,8.0
2001-05,R50,PADD 5,Z00,,269.0,9.0
2001-06,NUS,U.S.,Z00,,544.0,18.0
2001-06,R10,PADD 1,Z00,,2.0,0.0
2001-06,R20,PADD 2,Z00,,0.0,0.0
2001-06,R30,PADD 3,Z00,,320.0,11.0
2001-06,R50,PADD 5,Z00,,222.0,7.0
2001-07,NUS,U.S.,Z00,,722.0,23.0
2001-07,R10,PADD 1,Z00,,2.0,0.0
2001-07,R20,PADD 2,Z00,,1.0,0.0
2001-07,R30,PADD 3,Z00,,537.0,17.0
2001-07,R40,PADD 4,Z00,,0.0,0.0
2001-07,R50,PADD 5,Z00,,181.0,6.0
2001-08,NUS,U.S.,Z00,,743.0,24.0
2001-08,R10,PADD 1,Z00,,88.0,3.0
2001-08,R20,PADD 2,Z00,,73.0,2.0
2001-08,R30,PADD 3,Z00,,238.0,8.0
2001-08,R50,PADD 5,Z00,,343.0,11.0
2001-09,NUS,U.S.,Z00,,620.0,21.0
2001-09,R10,PADD 1,Z00,,118.0,4.0
2001-09,R20,PADD 2,Z00,,0.0,0.0
2001-09,R30,PADD 3,Z00,,308.0,10.0
2001-09,R40,PADD 4,Z00,,0.0,0.0
2001-09,R50,PADD 5,Z00,,193.0,6.0
2001-10,NUS,U.S.,Z00,,966.0,31.0
2001-10,R10,PADD 1,Z00,,305.0,10.0
2001-10,R20,PADD 2,Z00,,0.0,
2001-10,R30,PADD 3,Z00,,543.0,18.0
2001-10,R50,PADD 5,Z00,,118.0,4.0
2001-11,NUS,U.S.,Z00,,1917.0,64.0
2001-11,R10,PADD 1,Z00,,95.0,3.0
2001-11,R20,PADD 2,Z00,,0.0,0.0
2001-11,R30,PADD 3,Z00,,1426.0,48.0
2001-11,R50,PADD 5,Z00,,396.0,13.0
2001-12,NUS,U.S.,Z00,,1426.0,46.0
2001-12,R10,PADD 1,Z00,,170.0,5.0
2001-12,R20,PADD 2,Z00,,0.0,
2001-12,R30,PADD 3,Z00,,1153.0,37.0
2001-12,R50,PADD 5,Z00,,103.0,3.0
2002-01,NUS,U.S.,Z00,,264.0,9.0
2002-01,R10,PADD 1,Z00,,0.0,0.0
2002-01,R30,PADD 3,Z00,,263.0,8.0
2002-01,R50,PADD 5,Z00,,0.0,0.0
2002-02,NUS,U.S.,Z00,,1130.0,40.0
2002-02,R10,PADD 1,Z00,,0.0,
2002-02,R30,PADD 3,Z00,,1130.0,40.0
2002-03,NUS,U.S.,Z00,,62.0,2.0
2002-03,R10,PADD 1,Z00,,7.0,0.0
2002-03,R30,PADD 3,Z00,,55.0,2.0
2002-04,NUS,U.S.,Z00,,38.0,1.0
2002-04,R10,PADD 1,Z00,,3.0,0.0
2002-04,R20,PADD 2,Z00,,0.0,0.0
2002-04,R30,PADD 3,Z00,,35.0,1.0
2002-05,NUS,U.S.,Z00,,94.0,3.0
2002-05,R10,PADD 1,Z00,,3.0,0.0
2002-05,R30,PADD 3,Z00,,91.0,3.0
2002-06,NUS,U.S.,Z00,,29.0,1.0
2002-06,R10,PADD 1,Z00,,3.0,0.0
2002-06,R20,PADD 2,Z00,,0.0,0.0
2002-06,R30,PADD 3,Z00,,26.0,1.0
2002-07,NUS,U.S.,Z00,,67.0,2.0
2002-07,R10,PADD 1,Z00,,2.0,0.0
2002-07,R30,PADD 3,Z00,,66.0,2.0
2002-08,NUS,U.S.,Z00,,50.0,2.0
2002-08,R10,PADD 1,Z00,,2.0,0.0
2002-08,R30,PADD 3,Z00,,48.0,2.0
2002-09,NUS,U.S.,Z00,,424.0,14.0
2002-09,R10,PADD 1,Z00,,4.0,0.0
2002-09,R30,PADD 3,Z00,,420.0,14.0
2002-10,NUS,U.S.,Z00,,39.0,1.0
2002-10,R10,PADD 1,Z00,,2.0,0.0
2002-10,R30,PADD 3,Z00,,37.0,1.0
2002-10,R50,PADD 5,Z00,,0.0,0.0
2002-11,NUS,U.S.,Z00,,351.0,12.0
2002-11,R10,PADD 1,Z00,,2.0,0.0
2002-11,R30,PADD 3,Z00,,350.0,12.0
2002-12,NUS,U.S.,Z00,,447.0,14.0
2002-12,R10,PADD 1,Z00,,1.0,0.0
2002-12,R30,PADD 3,Z00,,446.0,14.0
2003-01,NUS,U.S.,Z00,,1125.0,36.0
2003-01,R10,PADD 1,Z00,,8.0,0.0
2003-01,R20,PADD 2,Z00,,0.0,0.0
2003-01,R30,PADD 3,Z00,,1117.0,36.0
2003-01,R50,PADD 5,Z00,,0.0,
2003-02,NUS,U.S.,Z00,,519.0,19.0
2003-02,R10,PADD 1,Z00,,5.0,0.0
2003-02,R20,PADD 2,Z00,,0.0,
2003-02,R30,PADD 3,Z00,,513.0,18.0
2003-02,R50,PADD 5,Z00,,0.0,0.0
2003-03,NUS,U.S.,Z00,,1067.0,34.0
2003-03,R10,PADD 1,Z00,,8.0,0.0
2003-03,R20,PADD 2,Z00,,0.0,
2003-03,R30,PADD 3,Z00,,898.0,29.0
2003-03,R50,PADD 5,Z00,,161.0,5.0
2003-04,NUS,U.S.,Z00,,1018.0,34.0
2003-04,R10,PADD 1,Z00,,102.0,3.0
2003-04,R20,PADD 2,Z00,,2.0,0.0
2003-04,R30,PADD 3,Z00,,225.0,8.0
2003-04,R50,PADD 5,Z00,,689.0,23.0
2003-05,NUS,U.S.,Z00,,603.0,19.0
2003-05,R10,PADD 1,Z00,,6.0,0.0
2003-05,R20,PADD 2,Z00,,3.0,0.0
2003-05,R30,PADD 3,Z00,,122.0,4.0
2003-05,R50,PADD 5,Z00,,472.0,15.0
2003-06,NUS,U.S.,Z00,,200.0,7.0
2003-06,R10,PADD 1,Z00,,6.0,0.0
2003-06,R20,PADD 2,Z00,,0.0,0.0
2003-06,R30,PADD 3,Z00,,28.0,1.0
2003-06,R50,PADD 5,Z00,,165.0,5.0
2003-07,NUS,U.S.,Z00,,373.0,12.0
2003-07,R10,PADD 1,Z00,,7.0,0.0
2003-07,R20,PADD 2,Z00,,0.0,
2003-07,R30,PADD 3,Z00,,195.0,6.0
2003-07,R50,PADD 5,Z00,,171.0,6.0
2003-08,NUS,U.S.,Z00,,214.0,7.0
2003-08,R10,PADD 1,Z00,,9.0,0.0
2003-08,R20,PADD 2,Z00,,0.0,
2003-08,R30,PADD 3,Z00,,6.0,0.0
2003-08,R40,PADD 4,Z00,,0.0,0.0
2003-08,R50,PADD 5,Z00,,199.0,6.0
2003-09,NUS,U.S.,Z00,,588.0,20.0
2003-09,R10,PADD 1,Z00,,13.0,0.0
2003-09,R20,PADD 2,Z00,,0.0,
2003-09,R30,PADD 3,Z00,,301.0,10.0
2003-09,R50,PADD 5,Z00,,274.0,9.0
2003-10,NUS,U.S.,Z00,,883.0,28.0
2003-10,R10,PADD 1,Z00,,6.0,0.0
2003-10,R20,PADD 2,Z00,,1.0,0.0
2003-10,R30,PADD 3,Z00,,135.0,4.0
2003-10,R50,PADD 5,Z00,,742.0,24.0
2003-11,NUS,U.S.,Z00,,295.0,10.0
2003-11,R10,PADD 1,Z00,,3.0,0.0
2003-11,R20,PADD 2,Z00,,0.0,
2003-11,R30,PADD 3,Z00,,41.0,1.0
2003-11,R50,PADD 5,Z00,,250.0,8.0
2003-12,NUS,U.S.,Z00,,549.0,18.0
2003-12,R10,PADD 1,Z00,,7.0,0.0
2003-12,R20,PADD 2,Z00,,0.0,
2003-12,R30,PADD 3,Z00,,373.0,12.0
2003-12,R50,PADD 5,Z00,,168.0,5.0
2004-01,NUS,U.S.,NBF,Bahama Islands,4.0,0.0
2004-01,NUS,U.S.,NCA,Canada,332.0,11.0
2004-01,NUS,U.S.,NCS,Costa Rica,20.0,1.0
2004-01,NUS,U.S.,NHO,Honduras,18.0,1.0
2004-01,NUS,U.S.,NIS,Israel,300.0,10.0
2004-01,NUS,U.S.,NMX,Mexico,0.0,0.0
2004-01,NUS,U.S.,NTK,Turks and Caicos Islands,0.0,0.0
2004-01,NUS,U.S.,NVQ,Virgin Islands,3.0,0.0
2004-01,NUS,U.S.,Z00,,678.0,22.0
2004-01,R10,PADD 1,Z00,,8.0,0.0
2004-01,R20,PADD 2,Z00,,0.0,0.0
2004-01,R30,PADD 3,Z00,,338.0,11.0
2004-01,R50,PADD 5,Z00,,332.0,11.0
2004-02,NUS,U.S.,NBF,Bahama Islands,3.0,0.0
2004-02,NUS,U.S.,NCA,Canada,125.0,4.0
2004-02,NUS,U.S.,NCJ,Cayman Islands,27.0,1.0
2004-02,NUS,U.S.,NCS,Costa Rica,40.0,1.0
2004-02,NUS,U.S.,NIS,Israel,330.0,11.0
2004-02,NUS,U.S.,NKU,Kuwait,1.0,0.0
2004-02,NUS,U.S.,NLE,Lebanon,0.0,0.0
2004-02,NUS,U.S.,NPM,Panama,25.0,1.0
2004-02,NUS,U.S.,NSA,Saudi Arabia,2.0,0.0
2004-02,NUS,U.S.,NTK,Turks and Caicos Islands,2.0,0.0
2004-02,NUS,U.S.,Z00,,556.0,19.0
2004-02,R10,PADD 1,Z00,,6.0,0.0
2004-02,R20,PADD 2,Z00,,0.0,0.0
2004-02,R30,PADD 3,Z00,,426.0,15.0
2004-02,R50,PADD 5,Z00,,124.0,4.0
2004-03,NUS,U.S.,NBF,Bahama Islands,3.0,0.0
2004-03,NUS,U.S.,NBR,Brazil,15.0,0.0
2004-03,NUS,U.S.,NCA,Canada,1052.0,34.0
2004-03,NUS,U.S.,NCS,Costa Rica,100.0,3.0
2004-03,NUS,U.S.,NHO,Honduras,18.0,1.0
2004-03,NUS,U.S.,NKU,Kuwait,4.0,0.0
2004-03,NUS,U.S.,NLE,Lebanon,2.0,0.0
2004-03,NUS,U.S.,NQA,Qatar,1.0,0.0
2004-03,NUS,U.S.,NSA,Saudi Arabia,5.0,0.0
2004-03,NUS,U.S.,NTC,United Arab Emirates,3.0,0.0
2004-03,NUS,U.S.,NTK,Turks and Caicos Islands,2.0,0.0
2004-03,NUS,U.S.,NUK,United Kingdom,4.0,0.0
2004-03,NUS,U.S.,Z00,,1211.0,39.0
2004-03,R10,PADD 1,Z00,,243.0,8.0
2004-03,R30,PADD 3,Z00,,149.0,5.0
2004-03,R50,PADD 5,Z00,,819.0,26.0
2004-04,NUS,U.S.,NBF,Bahama Islands,15.0,1.0
2004-04,NUS,U.S.,NCA,Canada,518.0,17.0
2004-04,NUS,U.S.,NGT,Guatemala,4.0,0.0
2004-04,NUS,U.S.,NHO,Honduras,14.0,0.0
2004-04,NUS,U.S.,NKU,Kuwait,8.0,0.0
2004-04,NUS,U.S.,NMU,Oman,0.0,0.0
2004-04,NUS,U.S.,NQA,Qatar,0.0,0.0
2004-04,NUS,U.S.,NSA,Saudi Arabia,6.0,0.0
2004-04,NUS,U.S.,NTC,United Arab Emirates,4.0,0.0
2004-04,NUS,U.S.,NTK,Turks and Caicos Islands,2.0,0.0
2004-04,NUS,U.S.,Z00,,571.0,19.0
2004-04,R10,PADD 1,Z00,,7.0,0.0
2004-04,R20,PADD 2,Z00,,0.0,0.0
2004-04,R30,PADD 3,Z00,,47.0,2.0
2004-04,R50,PADD 5,Z00,,517.0,17.0
2004-05,NUS,U.S.,NBA,Bahrain,1.0,0.0
2004-05,NUS,U.S.,NBF,Bahama Islands,13.0,0.0
2004-05,NUS,U.S.,NBH,Belize,8.0,0.0
2004-05,NUS,U.S.,NCA,Canada,528.0,17.0
2004-05,NUS,U.S.,NIS,Israel,330.0,11.0
2004-05,NUS,U.S.,NKU,Kuwait,2.0,0.0
2004-05,NUS,U.S.,NLE,Lebanon,3.0,0.0
2004-05,NUS,U.S.,NMX,Mexico,23.0,1.0
2004-05,NUS,U.S.,NQA,Qatar,1.0,0.0
2004-05,NUS,U.S.,NSA,Saudi Arabia,4.0,0.0
2004-05,NUS,U.S.,NTC,United Arab Emirates,4.0,0.0
2004-05,NUS,U.S.,NTK,Turks and Caicos Islands,0.0,0.0
2004-05,NUS,U.S.,Z00,,916.0,30.0
2004-05,R10,PADD 1,Z00,,5.0,0.0
2004-05,R30,PADD 3,Z00,,385.0,12.0
2004-05,R50,PADD 5,Z00,,526.0,17.0
2004-06,NUS,U.S.,NBA,Bahrain,0.0,0.0
2004-06,NUS,U.S.,NBF,Bahama Islands,2.0,0.0
2004-06,NUS,U.S.,NCA,Canada,308.0,10.0
2004-06,NUS,U.S.,NCI,Chile,148.0,5.0
2004-06,NUS,U.S.,NCJ,Cayman Islands,21.0,1.0
2004-06,NUS,U.S.,NGT,Guatemala,25.0,1.0
2004-06,NUS,U.S.,NJO,Jordan,0.0,0.0
2004-06,NUS,U.S.,NKU,Kuwait,2.0,0.0
2004-06,NUS,U.S.,NLE,Lebanon,2.0,0.0
2004-06,NUS,U.S.,NMU,Oman,1.0,0.0
2004-06,NUS,U.S.,NSA,Saudi Arabia,3.0,0.0
2004-06,NUS,U.S.,NTC,United Arab Emirates,3.0,0.0
2004-06,NUS,U.S.,NTK,Turks and Caicos Islands,1.0,0.0
2004-06,NUS,U.S.,NUK,United Kingdom,301.0,10.0
2004-06,NUS,U.S.,Z00,,850.0,28.0
2004-06,R10,PADD 1,Z00,,4.0,0.0
2004-06,R20,PADD 2,Z00,,2.0,0.0
2004-06,R30,PADD 3,Z00,,539.0,18.0
2004-06,R50,PADD 5,Z00,,305.0,10.0
2004-07,NUS,U.S.,NBA,Bahrain,0.0,0.0
2004-07,NUS,U.S.,NBF,Bahama Islands,2.0,0.0
2004-07,NUS,U.S.,NCA,Canada,276.0,9.0
2004-07,NUS,U.S.,NHA,Haiti,0.0,0.0
2004-07,NUS,U.S.,NHO,Honduras,15.0,0.0
2004-07,NUS,U.S.,NJO,Jordan,0.0,0.0
2004-07,NUS,U.S.,NKU,Kuwait,7.0,0.0
2004-07,NUS,U.S.,NLE,Lebanon,1.0,0.0
2004-07,NUS,U.S.,NMU,Oman,0.0,0.0
2004-07,NUS,U.S.,NQA,Qatar,1.0,0.0
2004-07,NUS,U.S.,NSA,Saudi Arabia,13.0,0.0
2004-07,NUS,U.S.,NTK,Turks and Caicos Islands,2.0,0.0
2004-07,NUS,U.S.,Z00,,318.0,10.0
2004-07,R10,PADD 1,Z00,,6.0,0.0
2004-07,R20,PADD 2,Z00,,1.0,0.0
2004-07,R30,PADD 3,Z00,,38.0,1.0
2004-07,R50,PADD 5,Z00,,273.0,9.0
2004-08,NUS,U.S.,NAR,Argentina,56.0,2.0
2004-08,NUS,U.S.,NBA,Bahrain,0.0,0.0
2004-08,NUS,U.S.,NBF,Bahama Islands,1.0,0.0
2004-08,NUS,U.S.,NBR,Brazil,14.0,0.0
2004-08,NUS,U.S.,NCA,Canada,800.0,26.0
2004-08,NUS,U.S.,NHO,Honduras,20.0,1.0
2004-08,NUS,U.S.,NKU,Kuwait,0.0,0.0
2004-08,NUS,U.S.,NMU,Oman,0.0,0.0
2004-08,NUS,U.S.,NNL,Netherlands,271.0,9.0
2004-08,NUS,U.S.,NQA,Qatar,2.0,0.0
2004-08,NUS,U.S.,NSA,Saudi Arabia,9.0,0.0
2004-08,NUS,U.S.,NTC,United Arab Emirates,3.0,0.0
2004-08,NUS,U.S.,NUK,United Kingdom,422.0,14.0
2004-08,NUS,U.S.,Z00,,1600.0,52.0
2004-08,R10,PADD 1,Z00,,2.0,0.0
2004-08,R30,PADD 3,Z00,,799.0,26.0
2004-08,R50,PADD 5,Z00,,799.0,26.0
2004-09,NUS,U.S.,NBE,Belgium,312.0,10.0
2004-09,NUS,U.S.,NCA,Canada,982.0,33.0
2004-09,NUS,U.S.,NGT,Guatemala,21.0,1.0
2004-09,NUS,U.S.,NHO,Honduras,20.0,1.0
2004-09,NUS,U.S.,NIS,Israel,330.0,11.0
2004-09,NUS,U.S.,NKU,Kuwait,2.0,0.0
2004-09,NUS,U.S.,NNL,Netherlands,604.0,20.0
2004-09,NUS,U.S.,NSA,Saudi Arabia,41.0,1.0
2004-09,NUS,U.S.,NTC,United Arab Emirates,3.0,0.0
2004-09,NUS,U.S.,Z00,,2314.0,77.0
2004-09,R10,PADD 1,Z00,,385.0,13.0
2004-09,R20,PADD 2,Z00,,1.0,0.0
2004-09,R30,PADD 3,Z00,,1452.0,48.0
2004-09,R50,PADD 5,Z00,,477.0,16.0
2004-10,NUS,U.S.,NCA,Canada,1421.0,46.0
2004-10,NUS,U.S.,NES,El Salvador,18.0,1.0
2004-10,NUS,U.S.,NGT,Guatemala,44.0,1.0
2004-10,NUS,U.S.,NHO,Honduras,32.0,1.0
2004-10,NUS,U.S.,NKS,Korea,0.0,0.0
2004-10,NUS,U.S.,NKU,Kuwait,1.0,0.0
2004-10,NUS,U.S.,NQA,Qatar,1.0,0.0
2004-10,NUS,U.S.,NSA,Saudi Arabia,10.0,0.0
2004-10,NUS,U.S.,NSF,South Africa,37.0,1.0
2004-10,NUS,U.S.,NTC,United Arab Emirates,3.0,0.0
2004-10,NUS,U.S.,Z00,,1566.0,51.0
2004-10,R10,PADD 1,Z00,,37.0,1.0
2004-10,R20,PADD 2,Z00,,3.0,0.0
2004-10,R30,PADD 3,Z00,,145.0,5.0
2004-10,R50,PADD 5,Z00,,1381.0,45.0
2004-11,NUS,U.S.,NBF,Bahama Islands,20.0,1.0
2004-11,NUS,U.S.,NCA,Canada,1138.0,38.0
2004-11,NUS,U.S.,NHO,Honduras,20.0,1.0
2004-11,NUS,U.S.,NIS,Israel,330.0,11.0
2004-11,NUS,U.S.,NKS,Korea,0.0,0.0
2004-11,NUS,U.S.,NKU,Kuwait,0.0,0.0
2004-11,NUS,U.S.,NNL,Netherlands,124.0,4.0
2004-11,NUS,U.S.,NSA,Saudi Arabia,6.0,0.0
2004-11,NUS,U.S.,NTC,United Arab Emirates,2.0,0.0
2004-11,NUS,U.S.,Z00,,1641.0,55.0
2004-11,R10,PADD 1,Z00,,2.0,0.0
2004-11,R20,PADD 2,Z00,,7.0,0.0
2004-11,R30,PADD 3,Z00,,803.0,27.0
2004-11,R50,PADD 5,Z00,,829.0,28.0
2004-12,NUS,U.S.,NBF,Bahama Islands,30.0,1.0
2004-12,NUS,U.S.,NBH,Belize,25.0,1.0
2004-12,NUS,U.S.,NCA,Canada,1451.0,47.0
2004-12,NUS,U.S.,NCS,Costa Rica,40.0,1.0
2004-12,NUS,U.S.,NGT,Guatemala,30.0,1.0
2004-12,NUS,U.S.,NHO,Honduras,35.0,1.0
2004-12,NUS,U.S.,NIN,India,2.0,0.0
2004-12,NUS,U.S.,NIS,Israel,331.0,11.0
2004-12,NUS,U.S.,NKU,Kuwait,3.0,0.0
2004-12,NUS,U.S.,NLE,Lebanon,13.0,0.0
2004-12,NUS,U.S.,NMU,Oman,1.0,0.0
2004-12,NUS,U.S.,NMX,Mexico,0.0,0.0
2004-12,NUS,U.S.,NQA,Qatar,1.0,0.0
2004-12,NUS,U.S.,NSA,Saudi Arabia,1.0,0.0
2004-12,NUS,U.S.,NTC,United Arab Emirates,6.0,0.0
2004-12,NUS,U.S.,NTK,Turks and Caicos Islands,0.0,0.0
2004-12,NUS,U.S.,NUK,United Kingdom,608.0,20.0
2004-12,NUS,U.S.,Z00,,2579.0,83.0
2004-12,R10,PADD 1,Z00,,914.0,29.0
2004-12,R20,PADD 2,Z00,,85.0,3.0
2004-12,R30,PADD 3,Z00,,1142.0,37.0
2004-12,R50,PADD 5,Z00,,438.0,14.0
2005-01,NUS,U.S.,NCA,Canada,753.0,24.0
2005-01,NUS,U.S.,NCS,Costa Rica,45.0,1.0
2005-01,NUS,U.S.,NHA,Haiti,0.0,0.0
2005-01,NUS,U.S.,NHO,Honduras,25.0,1.0
2005-01,NUS,U.S.,NIN,India,1.0,0.0
2005-01,NUS,U.S.,NKS,Korea,0.0,0.0
2005-01,NUS,U.S.,NMU,Oman,1.0,0.0
2005-01,NUS,U.S.,NPK,Pakistan,21.0,1.0
2005-01,NUS,U.S.,NSA,Saudi Arabia,11.0,0.0
2005-01,NUS,U.S.,NSF,South Africa,21.0,1.0
2005-01,NUS,U.S.,Z00,,878.0,28.0
2005-01,R10,PADD 1,Z00,,66.0,2.0
2005-01,R20,PADD 2,Z00,,2.0,0.0
2005-01,R30,PADD 3,Z00,,123.0,4.0
2005-01,R50,PADD 5,Z00,,687.0,22.0
2005-02,NUS,U.S.,NAC,Antigua and Barbuda,1.0,0.0
2005-02,NUS,U.S.,NAR,Argentina,69.0,2.0
2005-02,NUS,U.S.,NBF,Bahama Islands,9.0,0.0
2005-02,NUS,U.S.,NBH,Belize,5.0,0.0
2005-02,NUS,U.S.,NBM,Burma,15.0,1.0
2005-02,NUS,U.S.,NBR,Brazil,21.0,1.0
2005-02,NUS,U.S.,NCA,Canada,1069.0,38.0
2005-02,NUS,U.S.,NCI,Chile,120.0,4.0
2005-02,NUS,U.S.,NCS,Costa Rica,131.0,5.0
2005-02,NUS,U.S.,NHA,Haiti,0.0,0.0
2005-02,NUS,U.S.,NIT,Italy,2.0,0.0
2005-02,NUS,U.S.,NKS,Korea,0.0,0.0
2005-02,NUS,U.S.,NMU,Oman,1.0,0.0
2005-02,NUS,U.S.,NNL,Netherlands,130.0,5.0
2005-02,NUS,U.S.,NSA,Saudi Arabia,2.0,0.0
2005-02,NUS,U.S.,NUK,United Kingdom,300.0,11.0
2005-02,NUS,U.S.,Z00,,1875.0,67.0
2005-02,R10,PADD 1,Z00,,351.0,13.0
2005-02,R20,PADD 2,Z00,,26.0,1.0
2005-02,R30,PADD 3,Z00,,683.0,24.0
2005-02,R50,PADD 5,Z00,,816.0,29.0
2005-03,NUS,U.S.,NBA,Bahrain,1.0,0.0
2005-03,NUS,U.S.,NBF,Bahama Islands,24.0,1.0
2005-03,NUS,U.S.,NBH,Belize,15.0,0.0
2005-03,NUS,U.S.,NCA,Canada,1059.0,34.0
2005-03,NUS,U.S.,NGI,Gibraltar,642.0,21.0
2005-03,NUS,U.S.,NHA,Haiti,0.0,0.0
2005-03,NUS,U.S.,NHO,Honduras,152.0,5.0
2005-03,NUS,U.S.,NIS,Israel,333.0,11.0
2005-03,NUS,U.S.,NKS,Korea,1.0,0.0
2005-03,NUS,U.S.,NKU,Kuwait,1.0,0.0
2005-03,NUS,U.S.,NSA,Saudi Arabia,5.0,0.0
2005-03,NUS,U.S.,NTC,United Arab Emirates,1.0,0.0
2005-03,NUS,U.S.,Z00,,2235.0,72.0
2005-03,R10,PADD 1,Z00,,68.0,2.0
2005-03,R20,PADD 2,Z00,,2.0,0.0
2005-03,R30,PADD 3,Z00,,1175.0,38.0
2005-03,R50,PADD 5,Z00,,990.0,32.0
2005-04,NUS,U.S.,NAR,Argentina,92.0,3.0
2005-04,NUS,U.S.,NBE,Belgium,238.0,8.0
2005-04,NUS,U.S.,NBF,Bahama Islands,20.0,1.0
2005-04,NUS,U.S.,NBH,Belize,20.0,1.0
2005-04,NUS,U.S.,NBM,Burma,11.0,0.0
2005-04,NUS,U.S.,NBR,Brazil,12.0,0.0
2005-04,NUS,U.S.,NCA,Canada,571.0,19.0
2005-04,NUS,U.S.,NCI,Chile,446.0,15.0
2005-04,NUS,U.S.,NHO,Honduras,20.0,1.0
2005-04,NUS,U.S.,NKS,Korea,1.0,0.0
2005-04,NUS,U.S.,NKU,Kuwait,5.0,0.0
2005-04,NUS,U.S.,NLE,Lebanon,1.0,0.0
2005-04,NUS,U.S.,NMU,Oman,0.0,0.0
2005-04,NUS,U.S.,NMX,Mexico,0.0,0.0
2005-04,NUS,U.S.,NSA,Saudi Arabia,15.0,0.0
2005-04,NUS,U.S.,NTC,United Arab Emirates,2.0,0.0
2005-04,NUS,U.S.,NUK,United Kingdom,1472.0,49.0
2005-04,NUS,U.S.,Z00,,2927.0,98.0
2005-04,R10,PADD 1,Z00,,827.0,28.0
2005-04,R20,PADD 2,Z00,,2.0,0.0
2005-04,R30,PADD 3,Z00,,1693.0,56.0
2005-04,R50,PADD 5,Z00,,405.0,13.0
2005-05,NUS,U.S.,NAR,Argentina,57.0,2.0
2005-05,NUS,U.S.,NBF,Bahama Islands,39.0,1.0
2005-05,NUS,U.S.,NBH,Belize,14.0,0.0
2005-05,NUS,U.S.,NBR,Brazil,217.0,7.0
2005-05,NUS,U.S.,NCA,Canada,1587.0,51.0
2005-05,NUS,U.S.,NCI,Chile,276.0,9.0
2005-05,NUS,U.S.,NES,El Salvador,10.0,0.0
2005-05,NUS,U.S.,NGT,Guatemala,19.0,1.0
2005-05,NUS,U.S.,NHO,Honduras,25.0,1.0
2005-05,NUS,U.S.,NKU,Kuwait,2.0,0.0
2005-05,NUS,U.S.,NMU,Oman,1.0,0.0
2005-05,NUS,U.S.,NSA,Saudi Arabia,1.0,0.0
2005-05,NUS,U.S.,NTC,United Arab Emirates,1.0,0.0
2005-05,NUS,U.S.,NUK,United Kingdom,1327.0,43.0
2005-05,NUS,U.S.,Z00,,3575.0,115.0
2005-05,R10,PADD 1,Z00,,489.0,16.0
2005-05,R20,PADD 2,Z00,,204.0,7.0
2005-05,R30,PADD 3,Z00,,2090.0,67.0
2005-05,R40,PADD 4,Z00,,2.0,0.0
2005-05,R50,PADD 5,Z00,,791.0,26.0
2005-06,NUS,U.S.,NBF,Bahama Islands,37.0,1.0
2005-06,NUS,U.S.,NBH,Belize,9.0,0.0
2005-06,NUS,U.S.,NCA,Canada,1028.0,34.0
2005-06,NUS,U.S.,NFI,Finland,2.0,0.0
2005-06,NUS,U.S.,NHO,Honduras,19.0,1.0
2005-06,NUS,U.S.,NKU,Kuwait,11.0,0.0
2005-06,NUS,U.S.,NLE,Lebanon,1.0,0.0
2005-06,NUS,U.S.,NTC,United Arab Emirates,4.0,0.0
2005-06,NUS,U.S.,NUK,United Kingdom,930.0,31.0
2005-06,NUS,U.S.,Z00,,2040.0,68.0
2005-06,R10,PADD 1,Z00,,3.0,0.0
2005-06,R20,PADD 2,Z00,,4.0,0.0
2005-06,R30,PADD 3,Z00,,1228.0,41.0
2005-06,R40,PADD 4,Z00,,3.0,0.0
2005-06,R50,PADD 5,Z00,,801.0,27.0
2005-07,NUS,U.S.,NBF,Bahama Islands,1.0,0.0
2005-07,NUS,U.S.,NBR,Brazil,327.0,11.0
2005-07,NUS,U.S.,NCA,Canada,651.0,21.0
2005-07,NUS,U.S.,NCS,Costa Rica,116.0,4.0
2005-07,NUS,U.S.,NEG,Egypt,0.0,0.0
2005-07,NUS,U.S.,NGM,Germany,1.0,0.0
2005-07,NUS,U.S.,NHA,Haiti,0.0,0.0
2005-07,NUS,U.S.,NHO,Honduras,20.0,1.0
2005-07,NUS,U.S.,NKS,Korea,0.0,0.0
2005-07,NUS,U.S.,NKU,Kuwait,2.0,0.0
2005-07,NUS,U.S.,NMU,Oman,1.0,0.0
2005-07,NUS,U.S.,NSA,Saudi Arabia,1.0,0.0
2005-07,NUS,U.S.,NTC,United Arab Emirates,8.0,0.0
2005-07,NUS,U.S.,NUK,United Kingdom,300.0,10.0
2005-07,NUS,U.S.,Z00,,1428.0,46.0
2005-07,R10,PADD 1,Z00,,51.0,2.0
2005-07,R20,PADD 2,Z00,,52.0,2.0
2005-07,R30,PADD 3,Z00,,862.0,28.0
2005-07,R50,PADD 5,Z00,,462.0,15.0
2005-08,NUS,U.S.,NAR,Argentina,70.0,2.0
2005-08,NUS,U.S.,NBA,Bahrain,1.0,0.0
2005-08,NUS,U.S.,NBE,Belgium,50.0,2.0
2005-08,NUS,U.S.,NBF,Bahama Islands,0.0,0.0
2005-08,NUS,U.S.,NCA,Canada,1269.0,41.0
2005-08,NUS,U.S.,NHA,Haiti,0.0,0.0
2005-08,NUS,U.S.,NHO,Honduras,25.0,1.0
2005-08,NUS,U.S.,NIN,India,2.0,0.0
2005-08,NUS,U.S.,NKU,Kuwait,7.0,0.0
2005-08,NUS,U.S.,NMU,Oman,1.0,0.0
2005-08,NUS,U.S.,NNL,Netherlands,39.0,1.0
2005-08,NUS,U.S.,NSA,Saudi Arabia,1.0,0.0
2005-08,NUS,U.S.,NTC,United Arab Emirates,3.0,0.0
2005-08,NUS,U.S.,NUK,United Kingdom,240.0,8.0
2005-08,NUS,U.S.,Z00,,1706.0,55.0
2005-08,R10,PADD 1,Z00,,295.0,10.0
2005-08,R20,PADD 2,Z00,,144.0,5.0
2005-08,R30,PADD 3,Z00,,435.0,14.0
2005-08,R50,PADD 5,Z00,,833.0,27.0
2005-09,NUS,U.S.,NBF,Bahama Islands,14.0,0.0
2005-09,NUS,U.S.,NBH,Belize,9.0,0.0
2005-09,NUS,U.S.,NCA,Canada,413.0,14.0
2005-09,NUS,U.S.,NGT,Guatemala,13.0,0.0
2005-09,NUS,U.S.,NHO,Honduras,20.0,1.0
2005-09,NUS,U.S.,NKS,Korea,0.0,0.0
2005-09,NUS,U.S.,Z00,,469.0,16.0
2005-09,R10,PADD 1,Z00,,27.0,1.0
2005-09,R20,PADD 2,Z00,,102.0,3.0
2005-09,R30,PADD 3,Z00,,55.0,2.0
2005-09,R40,PADD 4,Z00,,0.0,0.0
2005-09,R50,PADD 5,Z00,,284.0,9.0
2005-10,NUS,U.S.,NBF,Bahama Islands,38.0,1.0
2005-10,NUS,U.S.,NBH,Belize,17.0,1.0
2005-10,NUS,U.S.,NCA,Canada,260.0,8.0
2005-10,NUS,U.S.,NGT,Guatemala,19.0,1.0
2005-10,NUS,U.S.,NKU,Kuwait,6.0,0.0
2005-10,NUS,U.S.,NMU,Oman,0.0,0.0
2005-10,NUS,U.S.,NMX,Mexico,0.0,0.0
2005-10,NUS,U.S.,NQA,Qatar,1.0,0.0
2005-10,NUS,U.S.,NSA,Saudi Arabia,8.0,0.0
2005-10,NUS,U.S.,NTC,United Arab Emirates,1.0,0.0
2005-10,NUS,U.S.,NTW,Taiwan,0.0,0.0
2005-10,NUS,U.S.,Z00,,351.0,11.0
2005-10,R10,PADD 1,Z00,,43.0,1.0
2005-10,R20,PADD 2,Z00,,2.0,0.0
2005-10,R30,PADD 3,Z00,,89.0,3.0
2005-10,R50,PADD 5,Z00,,216.0,7.0
2005-11,NUS,U.S.,NBA,Bahrain,0.0,0.0
2005-11,NUS,U.S.,NBF,Bahama Islands,11.0,0.0
2005-11,NUS,U.S.,NBH,Belize,5.0,0.0
2005-11,NUS,U.S.,NCA,Canada,1032.0,34.0
2005-11,NUS,U.S.,NHO,Honduras,20.0,1.0
2005-11,NUS,U.S.,NKS,Korea,0.0,0.0
2005-11,NUS,U.S.,Z00,,1068.0,36.0
2005-11,R10,PADD 1,Z00,,51.0,2.0
2005-11,R20,PADD 2,Z00,,1.0,0.0
2005-11,R30,PADD 3,Z00,,35.0,1.0
2005-11,R50,PADD 5,Z00,,981.0,33.0
2005-12,NUS,U.S.,NAR,Argentina,75.0,2.0
2005-12,NUS,U.S.,NBF,Bahama Islands,33.0,1.0
2005-12,NUS,U.S.,NBH,Belize,10.0,0.0
2005-12,NUS,U.S.,NBR,Brazil,29.0,1.0
2005-12,NUS,U.S.,NCA,Canada,470.0,15.0
2005-12,NUS,U.S.,NHO,Honduras,20.0,1.0
2005-12,NUS,U.S.,NLE,Lebanon,1.0,0.0
2005-12,NUS,U.S.,NMX,Mexico,0.0,0.0
2005-12,NUS,U.S.,NSA,Saudi Arabia,12.0,0.0
2005-12,NUS,U.S.,NTC,United Arab Emirates,1.0,0.0
2005-12,NUS,U.S.,Z00,,651.0,21.0
2005-12,R10,PADD 1,Z00,,73.0,2.0
2005-12,R20,PADD 2,Z00,,2.0,0.0
2005-12,R30,PADD 3,Z00,,204.0,7.0
2005-12,R50,PADD 5,Z00,,372.0,12.0
2006-01,NUS,U.S.,NAR,Argentina,104.0,3.0
2006-01,NUS,U.S.,NBF,Bahama Islands,67.0,2.0
2006-01,NUS,U.S.,NBH,Belize,14.0,0.0
2006-01,NUS,U.S.,NCA,Canada,509.0,16.0
2006-01,NUS,U.S.,NGT,Guatemala,28.0,1.0
2006-01,NUS,U.S.,NHO,Honduras,20.0,1.0
2006-01,NUS,U.S.,NKS,Korea,0.0,0.0
2006-01,NUS,U.S.,NLE,Lebanon,0.0,0.0
2006-01,NUS,U.S.,NMX,Mexico,0.0,0.0
2006-01,NUS,U.S.,Z00,,742.0,24.0
2006-01,R10,PADD 1,Z00,,27.0,1.0
2006-01,R20,PADD 2,Z00,,10.0,0.0
2006-01,R30,PADD 3,Z00,,232.0,7.0
2006-01,R50,PADD 5,Z00,,473.0,15.0
2006-02,NUS,U.S.,NAA,Aruba,0.0,0.0
2006-02,NUS,U.S.,NBF,Bahama Islands,36.0,1.0
2006-02,NUS,U.S.,NBH,Belize,9.0,0.0
2006-02,NUS,U.S.,NCA,Canada,600.0,21.0
2006-02,NUS,U.S.,NDR,Dominican Republic,23.0,1.0
2006-02,NUS,U.S.,NGT,Guatemala,26.0,1.0
2006-02,NUS,U.S.,NHO,Honduras,14.0,1.0
2006-02,NUS,U.S.,NJO,Jordan,1.0,0.0
2006-02,NUS,U.S.,NKS,Korea,0.0,0.0
2006-02,NUS,U.S.,NKU,Kuwait,1.0,0.0
2006-02,NUS,U.S.,NMU,Oman,1.0,0.0
2006-02,NUS,U.S.,NQA,Qatar,1.0,0.0
2006-02,NUS,U.S.,NSA,Saudi Arabia,1.0,0.0
2006-02,NUS,U.S.,NTC,United Arab Emirates,1.0,0.0
2006-02,NUS,U.S.,NTK,Turks and Caicos Islands,0.0,0.0
2006-02,NUS,U.S.,Z00,,712.0,25.0
2006-02,R10,PADD 1,Z00,,3.0,0.0
2006-02,R20,PADD 2,Z00,,11.0,0.0
2006-02,R30,PADD 3,Z00,,144.0,5.0
2006-02,R50,PADD 5,Z00,,555.0,20.0
2006-03,NUS,U.S.,NBF,Bahama Islands,19.0,1.0
2006-03,NUS,U.S.,NBH,Belize,7.0,0.0
2006-03,NUS,U.S.,NBR,Brazil,85.0,3.0
2006-03,NUS,U.S.,NCA,Canada,913.0,29.0
2006-03,NUS,U.S.,NCJ,Cayman Islands,16.0,1.0
2006-03,NUS,U.S.,NEK,Equatorial Guinea,1.0,0.0
2006-03,NUS,U.S.,NES,El Salvador,15.0,0.0
2006-03,NUS,U.S.,NGT,Guatemala,18.0,1.0
2006-03,NUS,U.S.,NHO,Honduras,25.0,1.0
2006-03,NUS,U.S.,NKS,Korea,0.0,0.0
2006-03,NUS,U.S.,NKU,Kuwait,0.0,0.0
2006-03,NUS,U.S.,NLE,Lebanon,0.0,0.0
2006-03,NUS,U.S.,NQA,Qatar,1.0,0.0
2006-03,NUS,U.S.,NSA,Saudi Arabia,4.0,0.0
2006-03,NUS,U.S.,NTC,United Arab Emirates,1.0,0.0
2006-03,NUS,U.S.,NTK,Turks and Caicos Islands,0.0,0.0
2006-03,NUS,U.S.,Z00,,1105.0,36.0
2006-03,R10,PADD 1,Z00,,3.0,0.0
2006-03,R20,PADD 2,Z00,,28.0,1.0
2006-03,R30,PADD 3,Z00,,447.0,14.0
2006-03,R50,PADD 5,Z00,,626.0,20.0
2006-04,NUS,U.S.,NBF,Bahama Islands,56.0,2.0
2006-04,NUS,U.S.,NBH,Belize,15.0,1.0
2006-04,NUS,U.S.,NCA,Canada,541.0,18.0
2006-04,NUS,U.S.,NCI,Chile,261.0,9.0
2006-04,NUS,U.S.,NCJ,Cayman Islands,17.0,1.0
2006-04,NUS,U.S.,NCS,Costa Rica,50.0,2.0
2006-04,NUS,U.S.,NDR,Dominican Republic,125.0,4.0
2006-04,NUS,U.S.,NES,El Salvador,55.0,2.0
2006-04,NUS,U.S.,NGT,Guatemala,63.0,2.0
2006-04,NUS,U.S.,NHO,Honduras,16.0,1.0
2006-04,NUS,U.S.,NKS,Korea,0.0,0.0
2006-04,NUS,U.S.,NMU,Oman,0.0,0.0
2006-04,NUS,U.S.,NMX,Mexico,50.0,2.0
2006-04,NUS,U.S.,NSA,Saudi Arabia,7.0,0.0
2006-04,NUS,U.S.,NTC,United Arab Emirates,5.0,0.0
2006-04,NUS,U.S.,NTK,Turks and Caicos Islands,0.0,0.0
2006-04,NUS,U.S.,Z00,,1263.0,42.0
2006-04,R10,PADD 1,Z00,,88.0,3.0
2006-04,R20,PADD 2,Z00,,2.0,0.0
2006-04,R30,PADD 3,Z00,,719.0,24.0
2006-04,R50,PADD 5,Z00,,454.0,15.0
2006-05,NUS,U.S.,NAR,Argentina,66.0,2.0
2006-05,NUS,U.S.,NBF,Bahama Islands,2.0,0.0
2006-05,NUS,U.S.,NBR,Brazil,19.0,1.0
2006-05,NUS,U.S.,NCA,Canada,748.0,24.0
2006-05,NUS,U.S.,NES,El Salvador,35.0,1.0
2006-05,NUS,U.S.,NGT,Guatemala,24.0,1.0
2006-05,NUS,U.S.,NHO,Honduras,39.0,1.0
2006-05,NUS,U.S.,NLE,Lebanon,0.0,0.0
2006-05,NUS,U.S.,NMU,Oman,0.0,0.0
2006-05,NUS,U.S.,NPM,Panama,70.0,2.0
2006-05,NUS,U.S.,NSA,Saudi Arabia,2.0,0.0
2006-05,NUS,U.S.,NTK,Turks and Caicos Islands,0.0,0.0
2006-05,NUS,U.S.,Z00,,1005.0,32.0
2006-05,R10,PADD 1,Z00,,115.0,4.0
2006-05,R20,PADD 2,Z00,,3.0,0.0
2006-05,R30,PADD 3,Z00,,280.0,9.0
2006-05,R50,PADD 5,Z00,,608.0,20.0
2006-06,NUS,U.S.,NAR,Argentina,51.0,2.0
2006-06,NUS,U.S.,NBA,Bahrain,0.0,0.0
2006-06,NUS,U.S.,NBF,Bahama Islands,22.0,1.0
2006-06,NUS,U.S.,NBH,Belize,7.0,0.0
2006-06,NUS,U.S.,NCA,Canada,880.0,29.0
2006-06,NUS,U.S.,NES,El Salvador,15.0,1.0
2006-06,NUS,U.S.,NGT,Guatemala,11.0,0.0
2006-06,NUS,U.S.,NHO,Honduras,4.0,0.0
2006-06,NUS,U.S.,NKU,Kuwait,1.0,0.0
2006-06,NUS,U.S.,NQA,Qatar,0.0,0.0
2006-06,NUS,U.S.,NSA,Saudi Arabia,11.0,0.0
2006-06,NUS,U.S.,NTC,United Arab Emirates,2.0,0.0
2006-06,NUS,U.S.,NTK,Turks and Caicos Islands,1.0,0.0
2006-06,NUS,U.S.,Z00,,1005.0,34.0
2006-06,R10,PADD 1,Z00,,255.0,9.0
2006-06,R20,PADD 2,Z00,,78.0,3.0
2006-06,R30,PADD 3,Z00,,179.0,6.0
2006-06,R50,PADD 5,Z00,,493.0,16.0
2006-07,NUS,U.S.,NBA,Bahrain,0.0,0.0
2006-07,NUS,U.S.,NBF,Bahama Islands,0.0,0.0
2006-07,NUS,U.S.,NCA,Canada,895.0,29.0
2006-07,NUS,U.S.,NES,El Salvador,40.0,1.0
2006-07,NUS,U.S.,NGT,Guatemala,83.0,3.0
2006-07,NUS,U.S.,NHO,Honduras,22.0,1.0
2006-07,NUS,U.S.,NKU,Kuwait,1.0,0.0
2006-07,NUS,U.S.,NMU,Oman,0.0,0.0
2006-07,NUS,U.S.,NSA,Saudi Arabia,3.0,0.0
2006-07,NUS,U.S.,NTC,United Arab Emirates,6.0,0.0
2006-07,NUS,U.S.,NTK,Turks and Caicos Islands,0.0,0.0
2006-07,NUS,U.S.,Z00,,1050.0,34.0
2006-07,R10,PADD 1,Z00,,267.0,9.0
2006-07,R20,PADD 2,Z00,,29.0,1.0
2006-07,R30,PADD 3,Z00,,267.0,9.0
2006-07,R50,PADD 5,Z00,,489.0,16.0
2006-08,NUS,U.S.,NAR,Argentina,67.0,2.0
2006-08,NUS,U.S.,NBA,Bahrain,0.0,0.0
2006-08,NUS,U.S.,NBF,Bahama Islands,19.0,1.0
2006-08,NUS,U.S.,NBH,Belize,4.0,0.0
2006-08,NUS,U.S.,NBM,Burma,17.0,1.0
2006-08,NUS,U.S.,NBR,Brazil,33.0,1.0
2006-08,NUS,U.S.,NCA,Canada,824.0,27.0
2006-08,NUS,U.S.,NCJ,Cayman Islands,14.0,0.0
2006-08,NUS,U.S.,NES,El Salvador,20.0,1.0
2006-08,NUS,U.S.,NGT,Guatemala,30.0,1.0
2006-08,NUS,U.S.,NHO,Honduras,28.0,1.0
2006-08,NUS,U.S.,NKU,Kuwait,10.0,0.0
2006-08,NUS,U.S.,NMU,Oman,0.0,0.0
2006-08,NUS,U.S.,NNL,Netherlands,437.0,14.0
2006-08,NUS,U.S.,NSA,Saudi Arabia,8.0,0.0
2006-08,NUS,U.S.,NTC,United Arab Emirates,7.0,0.0
2006-08,NUS,U.S.,Z00,,1518.0,49.0
2006-08,R10,PADD 1,Z00,,175.0,6.0
2006-08,R20,PADD 2,Z00,,129.0,4.0
2006-08,R30,PADD 3,Z00,,694.0,22.0
2006-08,R50,PADD 5,Z00,,521.0,17.0
2006-09,NUS,U.S.,NBF,Bahama Islands,77.0,3.0
2006-09,NUS,U.S.,NBH,Belize,3.0,0.0
2006-09,NUS,U.S.,NBR,Brazil,260.0,9.0
2006-09,NUS,U.S.,NCA,Canada,888.0,30.0
2006-09,NUS,U.S.,NCJ,Cayman Islands,9.0,0.0
2006-09,NUS,U.S.,NDR,Dominican Republic,55.0,2.0
2006-09,NUS,U.S.,NES,El Salvador,12.0,0.0
2006-09,NUS,U.S.,NGT,Guatemala,50.0,2.0
2006-09,NUS,U.S.,NHO,Honduras,37.0,1.0
2006-09,NUS,U.S.,NKU,Kuwait,0.0,0.0
2006-09,NUS,U.S.,NNL,Netherlands,396.0,13.0
2006-09,NUS,U.S.,NQA,Qatar,0.0,0.0
2006-09,NUS,U.S.,NSA,Saudi Arabia,1.0,0.0
2006-09,NUS,U.S.,Z00,,1789.0,60.0
2006-09,R10,PADD 1,Z00,,78.0,3.0
2006-09,R20,PADD 2,Z00,,221.0,7.0
2006-09,R30,PADD 3,Z00,,949.0,32.0
2006-09,R50,PADD 5,Z00,,540.0,18.0
2006-10,NUS,U.S.,NAR,Argentina,70.0,2.0
2006-10,NUS,U.S.,NBF,Bahama Islands,11.0,0.0
2006-10,NUS,U.S.,NCA,Canada,1321.0,43.0
2006-10,NUS,U.S.,NDR,Dominican Republic,23.0,1.0
2006-10,NUS,U.S.,NES,El Salvador,5.0,0.0
2006-10,NUS,U.S.,NGT,Guatemala,13.0,0.0
2006-10,NUS,U.S.,NHO,Honduras,3.0,0.0
2006-10,NUS,U.S.,NMU,Oman,0.0,0.0
2006-10,NUS,U.S.,NQA,Qatar,0.0,0.0
2006-10,NUS,U.S.,NSA,Saudi Arabia,6.0,0.0
2006-10,NUS,U.S.,NTC,United Arab Emirates,0.0,0.0
2006-10,NUS,U.S.,NTK,Turks and Caicos Islands,0.0,0.0
2006-10,NUS,U.S.,NUK,United Kingdom,270.0,9.0
2006-10,NUS,U.S.,Z00,,1724.0,56.0
2006-10,R10,PADD 1,Z00,,680.0,22.0
2006-10,R20,PADD 2,Z00,,109.0,4.0
2006-10,R30,PADD 3,Z00,,607.0,20.0
2006-10,R50,PADD 5,Z00,,327.0,11.0
2006-11,NUS,U.S.,NAR,Argentina,39.0,1.0
2006-11,NUS,U.S.,NBF,Bahama Islands,1.0,0.0
2006-11,NUS,U.S.,NCA,Canada,1235.0,41.0
2006-11,NUS,U.S.,NCI,Chile,81.0,3.0
2006-11,NUS,U.S.,NDR,Dominican Republic,58.0,2.0
2006-11,NUS,U.S.,NES,El Salvador,22.0,1.0
2006-11,NUS,U.S.,NGT,Guatemala,30.0,1.0
2006-11,NUS,U.S.,NHO,Honduras,11.0,0.0
2006-11,NUS,U.S.,NKU,Kuwait,0.0,0.0
2006-11,NUS,U.S.,NLE,Lebanon,1.0,0.0
2006-11,NUS,U.S.,NSA,Saudi Arabia,3.0,0.0
2006-11,NUS,U.S.,NTK,Turks and Caicos Islands,0.0,0.0
2006-11,NUS,U.S.,Z00,,1481.0,49.0
2006-11,R10,PADD 1,Z00,,231.0,8.0
2006-11,R20,PADD 2,Z00,,556.0,19.0
2006-11,R30,PADD 3,Z00,,312.0,10.0
2006-11,R50,PADD 5,Z00,,382.0,13.0
2006-12,NUS,U.S.,NAR,Argentina,69.0,2.0
2006-12,NUS,U.S.,NBA,Bahrain,0.0,0.0
2006-12,NUS,U.S.,NBF,Bahama Islands,23.0,1.0
2006-12,NUS,U.S.,NBR,Brazil,19.0,1.0
2006-12,NUS,U.S.,NCA,Canada,1248.0,40.0
2006-12,NUS,U.S.,NCJ,Cayman Islands,13.0,0.0
2006-12,NUS,U.S.,NES,El Salvador,18.0,1.0
2006-12,NUS,U.S.,NGT,Guatemala,53.0,2.0
2006-12,NUS,U.S.,NHO,Honduras,31.0,1.0
2006-12,NUS,U.S.,NQA,Qatar,0.0,0.0
2006-12,NUS,U.S.,NTC,United Arab Emirates,2.0,0.0
2006-12,NUS,U.S.,Z00,,1477.0,48.0
2006-12,R10,PADD 1,Z00,,489.0,16.0
2006-12,R20,PADD 2,Z00,,245.0,8.0
2006-12,R30,PADD 3,Z00,,424.0,14.0
2006-12,R50,PADD 5,Z00,,319.0,10.0
2007-01,NUS,U.S.,NBA,Bahrain,0.0,0.0
2007-01,NUS,U.S.,NBF,Bahama Islands,18.0,1.0
2007-01,NUS,U.S.,NBH,Belize,3.0,0.0
2007-01,NUS,U.S.,NBR,Brazil,275.0,9.0
2007-01,NUS,U.S.,NCA,Canada,804.0,26.0
2007-01,NUS,U.S.,NES,El Salvador,24.0,1.0
2007-01,NUS,U.S.,NGT,Guatemala,51.0,2.0
2007-01,NUS,U.S.,NHO,Honduras,28.0,1.0
2007-01,NUS,U.S.,NKU,Kuwait,2.0,0.0
2007-01,NUS,U.S.,NSA,Saudi Arabia,6.0,0.0
2007-01,NUS,U.S.,NTC,United Arab Emirates,0.0,0.0
2007-01,NUS,U.S.,NTK,Turks and Caicos Islands,0.0,0.0
2007-01,NUS,U.S.,Z00,,1213.0,39.0
2007-01,R10,PADD 1,Z00,,218.0,7.0
2007-01,R20,PADD 2,Z00,,134.0,4.0
2007-01,R30,PADD 3,Z00,,408.0,13.0
2007-01,R50,PADD 5,Z00,,454.0,15.0
2007-02,NUS,U.S.,NBE,Belgium,159.0,6.0
2007-02,NUS,U.S.,NBF,Bahama Islands,22.0,1.0
2007-02,NUS,U.S.,NBH,Belize,5.0,0.0
2007-02,NUS,U.S.,NCA,Canada,472.0,17.0
2007-02,NUS,U.S.,NCJ,Cayman Islands,13.0,0.0
2007-02,NUS,U.S.,NDR,Dominican Republic,52.0,2.0
2007-02,NUS,U.S.,NES,El Salvador,26.0,1.0
2007-02,NUS,U.S.,NGT,Guatemala,36.0,1.0
2007-02,NUS,U.S.,NHO,Honduras,34.0,1.0
2007-02,NUS,U.S.,NJO,Jordan,1.0,0.0
2007-02,NUS,U.S.,NLE,Lebanon,0.0,0.0
2007-02,NUS,U.S.,NMX,Mexico,50.0,2.0
2007-02,NUS,U.S.,Z00,,870.0,31.0
2007-02,R10,PADD 1,Z00,,98.0,3.0
2007-02,R20,PADD 2,Z00,,206.0,7.0
2007-02,R30,PADD 3,Z00,,396.0,14.0
2007-02,R50,PADD 5,Z00,,171.0,6.0
2007-03,NUS,U.S.,NAR,Argentina,62.0,2.0
2007-03,NUS,U.S.,NBF,Bahama Islands,4.0,0.0
2007-03,NUS,U.S.,NBR,Brazil,21.0,1.0
2007-03,NUS,U.S.,NCA,Canada,1384.0,45.0
2007-03,NUS,U.S.,NCJ,Cayman Islands,9.0,0.0
2007-03,NUS,U.S.,NES,El Salvador,13.0,0.0
2007-03,NUS,U.S.,NGT,Guatemala,48.0,2.0
2007-03,NUS,U.S.,NHO,Honduras,38.0,1.0
2007-03,NUS,U.S.,NMX,Mexico,50.0,2.0
2007-03,NUS,U.S.,NTC,United Arab Emirates,1.0,0.0
2007-03,NUS,U.S.,NTK,Turks and Caicos Islands,3.0,0.0
2007-03,NUS,U.S.,Z00,,1631.0,53.0
2007-03,R10,PADD 1,Z00,,476.0,15.0
2007-03,R20,PADD 2,Z00,,198.0,6.0
2007-03,R30,PADD 3,Z00,,283.0,9.0
2007-03,R50,PADD 5,Z00,,674.0,22.0
2007-04,NUS,U.S.,NBF,Bahama Islands,23.0,1.0
2007-04,NUS,U.S.,NBH,Belize,8.0,0.0
2007-04,NUS,U.S.,NCA,Canada,618.0,21.0
2007-04,NUS,U.S.,NCI,Chile,100.0,3.0
2007-04,NUS,U.S.,NCJ,Cayman Islands,11.0,0.0
2007-04,NUS,U.S.,NDR,Dominican Republic,55.0,2.0
2007-04,NUS,U.S.,NES,El Salvador,27.0,1.0
2007-04,NUS,U.S.,NGT,Guatemala,45.0,2.0
2007-04,NUS,U.S.,NHO,Honduras,34.0,1.0
2007-04,NUS,U.S.,NMU,Oman,1.0,0.0
2007-04,NUS,U.S.,NMX,Mexico,97.0,3.0
2007-04,NUS,U.S.,NTK,Turks and Caicos Islands,3.0,0.0
2007-04,NUS,U.S.,Z00,,1024.0,34.0
2007-04,R10,PADD 1,Z00,,165.0,5.0
2007-04,R20,PADD 2,Z00,,135.0,5.0
2007-04,R30,PADD 3,Z00,,399.0,13.0
2007-04,R50,PADD 5,Z00,,325.0,11.0
2007-05,NUS,U.S.,NBF,Bahama Islands,15.0,0.0
2007-05,NUS,U.S.,NBH,Belize,8.0,0.0
2007-05,NUS,U.S.,NCA,Canada,309.0,10.0
2007-05,NUS,U.S.,NDR,Dominican Republic,25.0,1.0
2007-05,NUS,U.S.,NES,El Salvador,8.0,0.0
2007-05,NUS,U.S.,NGT,Guatemala,40.0,1.0
2007-05,NUS,U.S.,NHO,Honduras,3.0,0.0
2007-05,NUS,U.S.,NJO,Jordan,1.0,0.0
2007-05,NUS,U.S.,NMU,Oman,0.0,0.0
2007-05,NUS,U.S.,NMX,Mexico,124.0,4.0
2007-05,NUS,U.S.,NPM,Panama,65.0,2.0
2007-05,NUS,U.S.,NSA,Saudi Arabia,0.0,0.0
2007-05,NUS,U.S.,NTC,United Arab Emirates,1.0,0.0
2007-05,NUS,U.S.,NTK,Turks and Caicos Islands,1.0,0.0
2007-05,NUS,U.S.,Z00,,602.0,19.0
2007-05,R10,PADD 1,Z00,,52.0,2.0
2007-05,R20,PADD 2,Z00,,106.0,3.0
2007-05,R30,PADD 3,Z00,,290.0,9.0
2007-05,R50,PADD 5,Z00,,153.0,5.0
2007-06,NUS,U.S.,NBF,Bahama Islands,25.0,1.0
2007-06,NUS,U.S.,NCA,Canada,481.0,16.0
2007-06,NUS,U.S.,NCJ,Cayman Islands,5.0,0.0
2007-06,NUS,U.S.,NDR,Dominican Republic,46.0,2.0
2007-06,NUS,U.S.,NES,El Salvador,44.0,1.0
2007-06,NUS,U.S.,NGT,Guatemala,78.0,3.0
2007-06,NUS,U.S.,NHO,Honduras,19.0,1.0
2007-06,NUS,U.S.,NJA,Japan,0.0,0.0
2007-06,NUS,U.S.,NLE,Lebanon,1.0,0.0
2007-06,NUS,U.S.,NMU,Oman,1.0,0.0
2007-06,NUS,U.S.,NNL,Netherlands,45.0,1.0
2007-06,NUS,U.S.,NQA,Qatar,0.0,0.0
2007-06,NUS,U.S.,NSA,Saudi Arabia,6.0,0.0
2007-06,NUS,U.S.,NTC,United Arab Emirates,1.0,0.0
2007-06,NUS,U.S.,NTK,Turks and Caicos Islands,1.0,0.0
2007-06,NUS,U.S.,NTW,Taiwan,0.0,0.0
2007-06,NUS,U.S.,Z00,,754.0,25.0
2007-06,R10,PADD 1,Z00,,42.0,1.0
2007-06,R20,PADD 2,Z00,,264.0,9.0
2007-06,R30,PADD 3,Z00,,265.0,9.0
2007-06,R50,PADD 5,Z00,,183.0,6.0
2007-07,NUS,U.S.,NAR,Argentina,63.0,2.0
2007-07,NUS,U.S.,NBA,Bahrain,0.0,0.0
2007-07,NUS,U.S.,NBF,Bahama Islands,20.0,1.0
2007-07,NUS,U.S.,NBH,Belize,8.0,0.0
2007-07,NUS,U.S.,NBR,Brazil,21.0,1.0
2007-07,NUS,U.S.,NCA,Canada,1171.0,38.0
2007-07,NUS,U.S.,NDR,Dominican Republic,30.0,1.0
2007-07,NUS,U.S.,NES,El Salvador,35.0,1.0
2007-07,NUS,U.S.,NGT,Guatemala,64.0,2.0
2007-07,NUS,U.S.,NHO,Honduras,39.0,1.0
2007-07,NUS,U.S.,NMX,Mexico,172.0,6.0
2007-07,NUS,U.S.,NQA,Qatar,1.0,0.0
2007-07,NUS,U.S.,NSA,Saudi Arabia,14.0,0.0
2007-07,NUS,U.S.,NSW,Sweden,0.0,0.0
2007-07,NUS,U.S.,NTC,United Arab Emirates,1.0,0.0
2007-07,NUS,U.S.,NTK,Turks and Caicos Islands,2.0,0.0
2007-07,NUS,U.S.,Z00,,1641.0,53.0
2007-07,R10,PADD 1,Z00,,57.0,2.0
2007-07,R20,PADD 2,Z00,,90.0,3.0
2007-07,R30,PADD 3,Z00,,506.0,16.0
2007-07,R50,PADD 5,Z00,,987.0,32.0
2007-08,NUS,U.S.,NBF,Bahama Islands,25.0,1.0
2007-08,NUS,U.S.,NBH,Belize,7.0,0.0
2007-08,NUS,U.S.,NCA,Canada,549.0,18.0
2007-08,NUS,U.S.,NDR,Dominican Republic,53.0,2.0
2007-08,NUS,U.S.,NES,El Salvador,25.0,1.0
2007-08,NUS,U.S.,NGM,Germany,1.0,0.0
2007-08,NUS,U.S.,NGT,Guatemala,31.0,1.0
2007-08,NUS,U.S.,NHO,Honduras,22.0,1.0
2007-08,NUS,U.S.,NJA,Japan,0.0,0.0
2007-08,NUS,U.S.,NMU,Oman,1.0,0.0
2007-08,NUS,U.S.,NMX,Mexico,105.0,3.0
2007-08,NUS,U.S.,NQA,Qatar,0.0,0.0
2007-08,NUS,U.S.,NSA,Saudi Arabia,2.0,0.0
2007-08,NUS,U.S.,NTC,United Arab Emirates,3.0,0.0
2007-08,NUS,U.S.,NTK,Turks and Caicos Islands,1.0,0.0
2007-08,NUS,U.S.,Z00,,826.0,27.0
2007-08,R10,PADD 1,Z00,,4.0,0.0
2007-08,R20,PADD 2,Z00,,50.0,2.0
2007-08,R30,PADD 3,Z00,,451.0,15.0
2007-08,R50,PADD 5,Z00,,321.0,10.0
2007-09,NUS,U.S.,NAR,Argentina,84.0,3.0
2007-09,NUS,U.S.,NBF,Bahama Islands,2.0,0.0
2007-09,NUS,U.S.,NBR,Brazil,25.0,1.0
2007-09,NUS,U.S.,NCA,Canada,517.0,17.0
2007-09,NUS,U.S.,NCI,Chile,252.0,8.0
2007-09,NUS,U.S.,NES,El Salvador,15.0,1.0
2007-09,NUS,U.S.,NGT,Guatemala,34.0,1.0
2007-09,NUS,U.S.,NHO,Honduras,23.0,1.0
2007-09,NUS,U.S.,NLE,Lebanon,1.0,0.0
2007-09,NUS,U.S.,NMU,Oman,0.0,0.0
2007-09,NUS,U.S.,NMX,Mexico,285.0,9.0
2007-09,NUS,U.S.,NSA,Saudi Arabia,18.0,1.0
2007-09,NUS,U.S.,NTC,United Arab Emirates,0.0,0.0
2007-09,NUS,U.S.,Z00,,1257.0,42.0
2007-09,R10,PADD 1,Z00,,6.0,0.0
2007-09,R20,PADD 2,Z00,,243.0,8.0
2007-09,R30,PADD 3,Z00,,532.0,18.0
2007-09,R50,PADD 5,Z00,,477.0,16.0
2007-10,NUS,U.S.,NBA,Bahrain,1.0,0.0
2007-10,NUS,U.S.,NBF,Bahama Islands,1.0,0.0
2007-10,NUS,U.S.,NCA,Canada,671.0,22.0
2007-10,NUS,U.S.,NES,El Salvador,18.0,1.0
2007-10,NUS,U.S.,NGT,Guatemala,24.0,1.0
2007-10,NUS,U.S.,NHO,Honduras,7.0,0.0
2007-10,NUS,U.S.,NMU,Oman,0.0,0.0
2007-10,NUS,U.S.,NMX,Mexico,80.0,3.0
2007-10,NUS,U.S.,NPM,Panama,200.0,6.0
2007-10,NUS,U.S.,NQA,Qatar,1.0,0.0
2007-10,NUS,U.S.,NSA,Saudi Arabia,12.0,0.0
2007-10,NUS,U.S.,NTC,United Arab Emirates,0.0,0.0
2007-10,NUS,U.S.,NTK,Turks and Caicos Islands,1.0,0.0
2007-10,NUS,U.S.,Z00,,1017.0,33.0
2007-10,R10,PADD 1,Z00,,219.0,7.0
2007-10,R20,PADD 2,Z00,,318.0,10.0
2007-10,R30,PADD 3,Z00,,211.0,7.0
2007-10,R40,PADD 4,Z00,,0.0,0.0
2007-10,R50,PADD 5,Z00,,269.0,9.0
2007-11,NUS,U.S.,NBF,Bahama Islands,20.0,1.0
2007-11,NUS,U.S.,NBH,Belize,6.0,0.0
2007-11,NUS,U.S.,NCA,Canada,2480.0,83.0
2007-11,NUS,U.S.,NDR,Dominican Republic,56.0,2.0
2007-11,NUS,U.S.,NES,El Salvador,28.0,1.0
2007-11,NUS,U.S.,NGT,Guatemala,35.0,1.0
2007-11,NUS,U.S.,NHO,Honduras,15.0,1.0
2007-11,NUS,U.S.,NLE,Lebanon,1.0,0.0
2007-11,NUS,U.S.,NMU,Oman,0.0,0.0
2007-11,NUS,U.S.,NMX,Mexico,101.0,3.0
2007-11,NUS,U.S.,NQA,Qatar,0.0,0.0
2007-11,NUS,U.S.,NSA,Saudi Arabia,6.0,0.0
2007-11,NUS,U.S.,NTK,Turks and Caicos Islands,1.0,0.0
2007-11,NUS,U.S.,Z00,,2750.0,92.0
2007-11,R10,PADD 1,Z00,,312.0,10.0
2007-11,R20,PADD 2,Z00,,419.0,14.0
2007-11,R30,PADD 3,Z00,,707.0,24.0
2007-11,R40,PADD 4,Z00,,0.0,0.0
2007-11,R50,PADD 5,Z00,,1312.0,44.0
2007-12,NUS,U.S.,NBF,Bahama Islands,18.0,1.0
2007-12,NUS,U.S.,NBH,Belize,7.0,0.0
2007-12,NUS,U.S.,NCA,Canada,1157.0,37.0
2007-12,NUS,U.S.,NCJ,Cayman Islands,2.0,0.0
2007-12,NUS,U.S.,NCS,Costa Rica,57.0,2.0
2007-12,NUS,U.S.,NDR,Dominican Republic,49.0,2.0
2007-12,NUS,U.S.,NES,El Salvador,41.0,1.0
2007-12,NUS,U.S.,NGT,Guatemala,45.0,1.0
2007-12,NUS,U.S.,NHO,Honduras,6.0,0.0
2007-12,NUS,U.S.,NJO,Jordan,1.0,0.0
2007-12,NUS,U.S.,NKU,Kuwait,10.0,0.0
2007-12,NUS,U.S.,NLE,Lebanon,1.0,0.0
2007-12,NUS,U.S.,NMU,Oman,1.0,0.0
2007-12,NUS,U.S.,NMX,Mexico,1.0,0.0
2007-12,NUS,U.S.,NSA,Saudi Arabia,29.0,1.0
2007-12,NUS,U.S.,NTC,United Arab Emirates,0.0,0.0
2007-12,NUS,U.S.,NTK,Turks and Caicos Islands,3.0,0.0
2007-12,NUS,U.S.,Z00,,1427.0,46.0
2007-12,R10,PADD 1,Z00,,7.0,0.0
2007-12,R20,PADD 2,Z00,,247.0,8.0
2007-12,R30,PADD 3,Z00,,858.0,28.0
2007-12,R50,PADD 5,Z00,,316.0,10.0
2008-01,NUS,U.S.,NBA,Bahrain,1.0,0.0
2008-01,NUS,U.S.,NBF,Bahama Islands,36.0,1.0
2008-01,NUS,U.S.,NBH,Belize,8.0,0.0
2008-01,NUS,U.S.,NCA,Canada,1446.0,47.0
2008-01,NUS,U.S.,NCJ,Cayman Islands,4.0,0.0
2008-01,NUS,U.S.,NDR,Dominican Republic,40.0,1.0
2008-01,NUS,U.S.,NES,El Salvador,35.0,1.0
2008-01,NUS,U.S.,NGT,Guatemala,36.0,1.0
2008-01,NUS,U.S.,NHO,Honduras,28.0,1.0
2008-01,NUS,U.S.,NKU,Kuwait,0.0,0.0
2008-01,NUS,U.S.,NLE,Lebanon,2.0,0.0
2008-01,NUS,U.S.,NMU,Oman,1.0,0.0
2008-01,NUS,U.S.,NMX,Mexico,120.0,4.0
2008-01,NUS,U.S.,NPM,Panama,58.0,2.0
2008-01,NUS,U.S.,NSA,Saudi Arabia,11.0,0.0
2008-01,NUS,U.S.,NTC,United Arab Emirates,6.0,0.0
2008-01,NUS,U.S.,NTK,Turks and Caicos Islands,4.0,0.0
2008-01,NUS,U.S.,Z00,,1836.0,59.0
2008-01,R10,PADD 1,Z00,,7.0,0.0
2008-01,R20,PADD 2,Z00,,766.0,25.0
2008-01,R30,PADD 3,Z00,,722.0,23.0
2008-01,R50,PADD 5,Z00,,341.0,11.0
2008-02,NUS,U.S.,NBF,Bahama Islands,35.0,1.0
2008-02,NUS,U.S.,NBH,Belize,6.0,0.0
2008-02,NUS,U.S.,NBR,Brazil,26.0,1.0
2008-02,NUS,U.S.,NCA,Canada,1392.0,48.0
2008-02,NUS,U.S.,NCJ,Cayman Islands,7.0,0.0
2008-02,NUS,U.S.,NCS,Costa Rica,50.0,2.0
2008-02,NUS,U.S.,NDR,Dominican Republic,66.0,2.0
2008-02,NUS,U.S.,NES,El Salvador,28.0,1.0
2008-02,NUS,U.S.,NGT,Guatemala,43.0,1.0
2008-02,NUS,U.S.,NHO,Honduras,28.0,1.0
2008-02,NUS,U.S.,NKU,Kuwait,10.0,0.0
2008-02,NUS,U.S.,NMU,Oman,1.0,0.0
2008-02,NUS,U.S.,NMX,Mexico,235.0,8.0
2008-02,NUS,U.S.,NSA,Saudi Arabia,5.0,0.0
2008-02,NUS,U.S.,NTC,United Arab Emirates,22.0,1.0
2008-02,NUS,U.S.,NTK,Turks and Caicos Islands,2.0,0.0
2008-02,NUS,U.S.,Z00,,1956.0,67.0
2008-02,R10,PADD 1,Z00,,7.0,0.0
2008-02,R20,PADD 2,Z00,,332.0,11.0
2008-02,R30,PADD 3,Z00,,726.0,25.0
2008-02,R50,PADD 5,Z00,,891.0,31.0
2008-03,NUS,U.S.,NBF,Bahama Islands,58.0,2.0
2008-03,NUS,U.S.,NBH,Belize,14.0,0.0
2008-03,NUS,U.S.,NCA,Canada,1404.0,45.0
2008-03,NUS,U.S.,NCJ,Cayman Islands,10.0,0.0
2008-03,NUS,U.S.,NDR,Dominican Republic,141.0,5.0
2008-03,NUS,U.S.,NES,El Salvador,22.0,1.0
2008-03,NUS,U.S.,NGT,Guatemala,23.0,1.0
2008-03,NUS,U.S.,NHO,Honduras,5.0,0.0
2008-03,NUS,U.S.,NIN,India,0.0,0.0
2008-03,NUS,U.S.,NJO,Jordan,1.0,0.0
2008-03,NUS,U.S.,NMU,Oman,0.0,0.0
2008-03,NUS,U.S.,NMX,Mexico,297.0,10.0
2008-03,NUS,U.S.,NSA,Saudi Arabia,2.0,0.0
2008-03,NUS,U.S.,NTC,United Arab Emirates,5.0,0.0
2008-03,NUS,U.S.,NTK,Turks and Caicos Islands,1.0,0.0
2008-03,NUS,U.S.,Z00,,1984.0,64.0
2008-03,R10,PADD 1,Z00,,9.0,0.0
2008-03,R20,PADD 2,Z00,,312.0,10.0
2008-03,R30,PADD 3,Z00,,868.0,28.0
2008-03,R40,PADD 4,Z00,,1.0,0.0
2008-03,R50,PADD 5,Z00,,795.0,26.0
2008-04,NUS,U.S.,NBF,Bahama Islands,27.0,1.0
2008-04,NUS,U.S.,NBH,Belize,11.0,0.0
2008-04,NUS,U.S.,NCA,Canada,440.0,15.0
2008-04,NUS,U.S.,NDR,Dominican Republic,60.0,2.0
2008-04,NUS,U.S.,NES,El Salvador,65.0,2.0
2008-04,NUS,U.S.,NGT,Guatemala,35.0,1.0
2008-04,NUS,U.S.,NHO,Honduras,10.0,0.0
2008-04,NUS,U.S.,NIT,Italy,23.0,1.0
2008-04,NUS,U.S.,NMX,Mexico,0.0,0.0
2008-04,NUS,U.S.,NUK,United Kingdom,288.0,10.0
2008-04,NUS,U.S.,Z00,,959.0,32.0
2008-04,R10,PADD 1,Z00,,5.0,0.0
2008-04,R20,PADD 2,Z00,,211.0,7.0
2008-04,R30,PADD 3,Z00,,517.0,17.0
2008-04,R40,PADD 4,Z00,,1.0,0.0
2008-04,R50,PADD 5,Z00,,226.0,8.0
2008-05,NUS,U.S.,NBF,Bahama Islands,53.0,2.0
2008-05,NUS,U.S.,NBH,Belize,17.0,1.0
2008-05,NUS,U.S.,NCA,Canada,804.0,26.0
2008-05,NUS,U.S.,NCI,Chile,554.0,18.0
2008-05,NUS,U.S.,NCJ,Cayman Islands,10.0,0.0
2008-05,NUS,U.S.,NES,El Salvador,50.0,2.0
2008-05,NUS,U.S.,NGT,Guatemala,33.0,1.0
2008-05,NUS,U.S.,NHO,Honduras,2.0,0.0
2008-05,NUS,U.S.,NTK,Turks and Caicos Islands,5.0,0.0
2008-05,NUS,U.S.,NUK,United Kingdom,818.0,26.0
2008-05,NUS,U.S.,Z00,,2346.0,76.0
2008-05,R10,PADD 1,Z00,,475.0,15.0
2008-05,R20,PADD 2,Z00,,336.0,11.0
2008-05,R30,PADD 3,Z00,,976.0,31.0
2008-05,R40,PADD 4,Z00,,1.0,0.0
2008-05,R50,PADD 5,Z00,,558.0,18.0
2008-06,NUS,U.S.,NBF,Bahama Islands,21.0,1.0
2008-06,NUS,U.S.,NBH,Belize,5.0,0.0
2008-06,NUS,U.S.,NCA,Canada,446.0,15.0
2008-06,NUS,U.S.,NCI,Chile,40.0,1.0
2008-06,NUS,U.S.,NES,El Salvador,49.0,2.0
2008-06,NUS,U.S.,NGR,Greece,8.0,0.0
2008-06,NUS,U.S.,NGT,Guatemala,28.0,1.0
2008-06,NUS,U.S.,NHO,Honduras,20.0,1.0
2008-06,NUS,U.S.,NIS,Israel,317.0,11.0
2008-06,NUS,U.S.,NIT,Italy,9.0,0.0
2008-06,NUS,U.S.,NJM,Jamaica,222.0,7.0
2008-06,NUS,U.S.,NMX,Mexico,418.0,14.0
2008-06,NUS,U.S.,NNI,Nigeria,276.0,9.0
2008-06,NUS,U.S.,NNL,Netherlands,729.0,24.0
2008-06,NUS,U.S.,NPL,Poland,1.0,0.0
2008-06,NUS,U.S.,NTK,Turks and Caicos Islands,1.0,0.0
2008-06,NUS,U.S.,Z00,,2590.0,86.0
2008-06,R10,PADD 1,Z00,,398.0,13.0
2008-06,R20,PADD 2,Z00,,106.0,4.0
2008-06,R30,PADD 3,Z00,,1866.0,62.0
2008-06,R50,PADD 5,Z00,,219.0,7.0
2008-07,NUS,U.S.,NBF,Bahama Islands,46.0,1.0
2008-07,NUS,U.S.,NBH,Belize,15.0,0.0
2008-07,NUS,U.S.,NCA,Canada,1418.0,46.0
2008-07,NUS,U.S.,NCJ,Cayman Islands,17.0,1.0
2008-07,NUS,U.S.,NES,El Salvador,20.0,1.0
2008-07,NUS,U.S.,NGT,Guatemala,15.0,0.0
2008-07,NUS,U.S.,NHO,Honduras,4.0,0.0
2008-07,NUS,U.S.,NMX,Mexico,170.0,5.0
2008-07,NUS,U.S.,NNI,Nigeria,586.0,19.0
2008-07,NUS,U.S.,NTK,Turks and Caicos Islands,2.0,0.0
2008-07,NUS,U.S.,NUK,United Kingdom,605.0,20.0
2008-07,NUS,U.S.,Z00,,2899.0,94.0
2008-07,R10,PADD 1,Z00,,7.0,0.0
2008-07,R20,PADD 2,Z00,,71.0,2.0
2008-07,R30,PADD 3,Z00,,1477.0,48.0
2008-07,R50,PADD 5,Z00,,1343.0,43.0
2008-08,NUS,U.S.,NBF,Bahama Islands,21.0,1.0
2008-08,NUS,U.S.,NBN,Benin,264.0,9.0
2008-08,NUS,U.S.,NCA,Canada,396.0,13.0
2008-08,NUS,U.S.,NES,El Salvador,70.0,2.0
2008-08,NUS,U.S.,NGT,Guatemala,32.0,1.0
2008-08,NUS,U.S.,NHO,Honduras,32.0,1.0
2008-08,NUS,U.S.,NIT,Italy,18.0,1.0
2008-08,NUS,U.S.,NNI,Nigeria,551.0,18.0
2008-08,NUS,U.S.,NTK,Turks and Caicos Islands,1.0,0.0
2008-08,NUS,U.S.,NUK,United Kingdom,526.0,17.0
2008-08,NUS,U.S.,Z00,,1910.0,62.0
2008-08,R10,PADD 1,Z00,,250.0,8.0
2008-08,R20,PADD 2,Z00,,108.0,3.0
2008-08,R30,PADD 3,Z00,,1002.0,32.0
2008-08,R50,PADD 5,Z00,,551.0,18.0
2008-09,NUS,U.S.,NBF,Bahama Islands,37.0,1.0
2008-09,NUS,U.S.,NBH,Belize,9.0,0.0
2008-09,NUS,U.S.,NCA,Canada,365.0,12.0
2008-09,NUS,U.S.,NCS,Costa Rica,101.0,3.0
2008-09,NUS,U.S.,NES,El Salvador,20.0,1.0
2008-09,NUS,U.S.,NGT,Guatemala,28.0,1.0
2008-09,NUS,U.S.,NHO,Honduras,8.0,0.0
2008-09,NUS,U.S.,NMX,Mexico,50.0,2.0
2008-09,NUS,U.S.,NNI,Nigeria,241.0,8.0
2008-09,NUS,U.S.,NTK,Turks and Caicos Islands,1.0,0.0
2008-09,NUS,U.S.,Z00,,860.0,29.0
2008-09,R10,PADD 1,Z00,,2.0,0.0
2008-09,R20,PADD 2,Z00,,92.0,3.0
2008-09,R30,PADD 3,Z00,,393.0,13.0
2008-09,R50,PADD 5,Z00,,373.0,12.0
2008-10,NUS,U.S.,NBF,Bahama Islands,15.0,0.0
2008-10,NUS,U.S.,NBH,Belize,6.0,0.0
2008-10,NUS,U.S.,NCA,Canada,1368.0,44.0
2008-10,NUS,U.S.,NES,El Salvador,16.0,1.0
2008-10,NUS,U.S.,NGT,Guatemala,14.0,0.0
2008-10,NUS,U.S.,NHO,Honduras,18.0,1.0
2008-10,NUS,U.S.,NIS,Israel,155.0,5.0
2008-10,NUS,U.S.,NPM,Panama,284.0,9.0
2008-10,NUS,U.S.,NTK,Turks and Caicos Islands,0.0,0.0
2008-10,NUS,U.S.,Z00,,1876.0,61.0
2008-10,R10,PADD 1,Z00,,69.0,2.0
2008-10,R20,PADD 2,Z00,,386.0,12.0
2008-10,R30,PADD 3,Z00,,224.0,7.0
2008-10,R50,PADD 5,Z00,,1198.0,39.0
2008-11,NUS,U.S.,NBF,Bahama Islands,23.0,1.0
2008-11,NUS,U.S.,NBH,Belize,5.0,0.0
2008-11,NUS,U.S.,NCA,Canada,1145.0,38.0
2008-11,NUS,U.S.,NCJ,Cayman Islands,7.0,0.0
2008-11,NUS,U.S.,NES,El Salvador,22.0,1.0
2008-11,NUS,U.S.,NGT,Guatemala,18.0,1.0
2008-11,NUS,U.S.,NHO,Honduras,10.0,0.0
2008-11,NUS,U.S.,NIS,Israel,317.0,11.0
2008-11,NUS,U.S.,Z00,,1547.0,52.0
2008-11,R10,PADD 1,Z00,,1.0,0.0
2008-11,R20,PADD 2,Z00,,238.0,8.0
2008-11,R30,PADD 3,Z00,,401.0,13.0
2008-11,R50,PADD 5,Z00,,907.0,30.0
2008-12,NUS,U.S.,NBF,Bahama Islands,21.0,1.0
2008-12,NUS,U.S.,NBH,Belize,8.0,0.0
2008-12,NUS,U.S.,NCA,Canada,1146.0,37.0
2008-12,NUS,U.S.,NES,El Salvador,45.0,1.0
2008-12,NUS,U.S.,NGT,Guatemala,41.0,1.0
2008-12,NUS,U.S.,NHO,Honduras,15.0,0.0
2008-12,NUS,U.S.,NMX,Mexico,67.0,2.0
2008-12,NUS,U.S.,NTK,Turks and Caicos Islands,1.0,0.0
2008-12,NUS,U.S.,NUK,United Kingdom,282.0,9.0
2008-12,NUS,U.S.,Z00,,1627.0,52.0
2008-12,R10,PADD 1,Z00,,282.0,9.0
2008-12,R20,PADD 2,Z00,,194.0,6.0
2008-12,R30,PADD 3,Z00,,480.0,15.0
2008-12,R50,PADD 5,Z00,,672.0,22.0
2009-01,NUS,U.S.,NAR,Argentina,70.0,2.0
2009-01,NUS,U.S.,NBF,Bahama Islands,35.0,1.0
2009-01,NUS,U.S.,NBH,Belize,7.0,0.0
2009-01,NUS,U.S.,NBR,Brazil,20.0,1.0
2009-01,NUS,U.S.,NCA,Canada,1122.0,36.0
2009-01,NUS,U.S.,NCI,Chile,115.0,4.0
2009-01,NUS,U.S.,NCS,Costa Rica,56.0,2.0
2009-01,NUS,U.S.,NDR,Dominican Republic,28.0,1.0
2009-01,NUS,U.S.,NES,El Salvador,29.0,1.0
2009-01,NUS,U.S.,NGT,Guatemala,28.0,1.0
2009-01,NUS,U.S.,NHO,Honduras,5.0,0.0
2009-01,NUS,U.S.,NIS,Israel,321.0,10.0
2009-01,NUS,U.S.,NJA,Japan,1.0,0.0
2009-01,NUS,U.S.,NMX,Mexico,88.0,3.0
2009-01,NUS,U.S.,NNL,Netherlands,70.0,2.0
2009-01,NUS,U.S.,NPE,Peru,150.0,5.0
2009-01,NUS,U.S.,NPM,Panama,230.0,7.0
2009-01,NUS,U.S.,NST,Saint Lucia,0.0,0.0
2009-01,NUS,U.S.,NTK,Turks and Caicos Islands,3.0,0.0
2009-01,NUS,U.S.,Z00,,2379.0,77.0
2009-01,R10,PADD 1,Z00,,4.0,0.0
2009-01,R20,PADD 2,Z00,,239.0,8.0
2009-01,R30,PADD 3,Z00,,908.0,29.0
2009-01,R50,PADD 5,Z00,,1227.0,40.0
2009-02,NUS,U.S.,NAR,Argentina,70.0,3.0
2009-02,NUS,U.S.,NBF,Bahama Islands,35.0,1.0
2009-02,NUS,U.S.,NBH,Belize,9.0,0.0
2009-02,NUS,U.S.,NCA,Canada,778.0,28.0
2009-02,NUS,U.S.,NCJ,Cayman Islands,6.0,0.0
2009-02,NUS,U.S.,NDR,Dominican Republic,30.0,1.0
2009-02,NUS,U.S.,NES,El Salvador,41.0,1.0
2009-02,NUS,U.S.,NGT,Guatemala,26.0,1.0
2009-02,NUS,U.S.,NHO,Honduras,14.0,1.0
2009-02,NUS,U.S.,NIS,Israel,160.0,6.0
2009-02,NUS,U.S.,NTK,Turks and Caicos Islands,2.0,0.0
2009-02,NUS,U.S.,Z00,,1171.0,42.0
2009-02,R10,PADD 1,Z00,,3.0,0.0
2009-02,R20,PADD 2,Z00,,56.0,2.0
2009-02,R30,PADD 3,Z00,,391.0,14.0
2009-02,R40,PADD 4,Z00,,0.0,0.0
2009-02,R50,PADD 5,Z00,,721.0,26.0
2009-03,NUS,U.S.,NBF,Bahama Islands,57.0,2.0
2009-03,NUS,U.S.,NBH,Belize,17.0,1.0
2009-03,NUS,U.S.,NCA,Canada,924.0,30.0
2009-03,NUS,U.S.,NCI,Chile,126.0,4.0
2009-03,NUS,U.S.,NCJ,Cayman Islands,8.0,0.0
2009-03,NUS,U.S.,NCS,Costa Rica,75.0,2.0
2009-03,NUS,U.S.,NDR,Dominican Republic,81.0,3.0
2009-03,NUS,U.S.,NES,El Salvador,27.0,1.0
2009-03,NUS,U.S.,NGT,Guatemala,23.0,1.0
2009-03,NUS,U.S.,NHO,Honduras,25.0,1.0
2009-03,NUS,U.S.,NIS,Israel,321.0,10.0
2009-03,NUS,U.S.,NMX,Mexico,0.0,0.0
2009-03,NUS,U.S.,NTK,Turks and Caicos Islands,5.0,0.0
2009-03,NUS,U.S.,NUK,United Kingdom,209.0,7.0
2009-03,NUS,U.S.,Z00,,1899.0,61.0
2009-03,R10,PADD 1,Z00,,28.0,1.0
2009-03,R20,PADD 2,Z00,,136.0,4.0
2009-03,R30,PADD 3,Z00,,1117.0,36.0
2009-03,R40,PADD 4,Z00,,5.0,0.0
2009-03,R50,PADD 5,Z00,,613.0,20.0
2009-04,NUS,U.S.,NBF,Bahama Islands,34.0,1.0
2009-04,NUS,U.S.,NBH,Belize,7.0,0.0
2009-04,NUS,U.S.,NCA,Canada,724.0,24.0
2009-04,NUS,U.S.,NCI,Chile,348.0,12.0
2009-04,NUS,U.S.,NCS,Costa Rica,118.0,4.0
2009-04,NUS,U.S.,NDR,Dominican Republic,37.0,1.0
2009-04,NUS,U.S.,NES,El Salvador,41.0,1.0
2009-04,NUS,U.S.,NGT,Guatemala,20.0,1.0
2009-04,NUS,U.S.,NHO,Honduras,38.0,1.0
2009-04,NUS,U.S.,NTK,Turks and Caicos Islands,2.0,0.0
2009-04,NUS,U.S.,NUK,United Kingdom,613.0,20.0
2009-04,NUS,U.S.,Z00,,1981.0,66.0
2009-04,R10,PADD 1,Z00,,3.0,0.0
2009-04,R20,PADD 2,Z00,,76.0,3.0
2009-04,R30,PADD 3,Z00,,1268.0,42.0
2009-04,R40,PADD 4,Z00,,5.0,0.0
2009-04,R50,PADD 5,Z00,,629.0,21.0
2009-05,NUS,U.S.,NBF,Bahama Islands,30.0,1.0
2009-05,NUS,U.S.,NBH,Belize,6.0,0.0
2009-05,NUS,U.S.,NCA,Canada,1549.0,50.0
2009-05,NUS,U.S.,NCI,Chile,101.0,3.0
2009-05,NUS,U.S.,NDR,Dominican Republic,22.0,1.0
2009-05,NUS,U.S.,NES,El Salvador,20.0,1.0
2009-05,NUS,U.S.,NGT,Guatemala,23.0,1.0
2009-05,NUS,U.S.,NHO,Honduras,18.0,1.0
2009-05,NUS,U.S.,NIS,Israel,157.0,5.0
2009-05,NUS,U.S.,NMX,Mexico,100.0,3.0
2009-05,NUS,U.S.,NNI,Nigeria,313.0,10.0
2009-05,NUS,U.S.,NNL,Netherlands,315.0,10.0
2009-05,NUS,U.S.,NTK,Turks and Caicos Islands,1.0,0.0
2009-05,NUS,U.S.,Z00,,2656.0,86.0
2009-05,R10,PADD 1,Z00,,3.0,0.0
2009-05,R20,PADD 2,Z00,,86.0,3.0
2009-05,R30,PADD 3,Z00,,1361.0,44.0
2009-05,R40,PADD 4,Z00,,2.0,0.0
2009-05,R50,PADD 5,Z00,,1204.0,39.0
2009-06,NUS,U.S.,NBF,Bahama Islands,60.0,2.0
2009-06,NUS,U.S.,NBH,Belize,9.0,0.0
2009-06,NUS,U.S.,NCA,Canada,801.0,27.0
2009-06,NUS,U.S.,NCJ,Cayman Islands,12.0,0.0
2009-06,NUS,U.S.,NCS,Costa Rica,60.0,2.0
2009-06,NUS,U.S.,NDR,Dominican Republic,48.0,2.0
2009-06,NUS,U.S.,NES,El Salvador,30.0,1.0
2009-06,NUS,U.S.,NGT,Guatemala,34.0,1.0
2009-06,NUS,U.S.,NHO,Honduras,21.0,1.0
2009-06,NUS,U.S.,NIS,Israel,162.0,5.0
2009-06,NUS,U.S.,NPZ,Puerto Rico,32.0,1.0
2009-06,NUS,U.S.,NTK,Turks and Caicos Islands,2.0,0.0
2009-06,NUS,U.S.,Z00,,1270.0,42.0
2009-06,R10,PADD 1,Z00,,4.0,0.0
2009-06,R20,PADD 2,Z00,,210.0,7.0
2009-06,R30,PADD 3,Z00,,467.0,16.0
2009-06,R40,PADD 4,Z00,,1.0,0.0
2009-06,R50,PADD 5,Z00,,589.0,20.0
2009-07,NUS,U.S.,NBF,Bahama Islands,35.0,1.0
2009-07,NUS,U.S.,NBH,Belize,10.0,0.0
2009-07,NUS,U.S.,NBN,Benin,0.0,0.0
2009-07,NUS,U.S.,NCA,Canada,987.0,32.0
2009-07,NUS,U.S.,NCS,Costa Rica,150.0,5.0
2009-07,NUS,U.S.,NDR,Dominican Republic,47.0,2.0
2009-07,NUS,U.S.,NES,El Salvador,35.0,1.0
2009-07,NUS,U.S.,NGT,Guatemala,20.0,1.0
2009-07,NUS,U.S.,NHO,Honduras,20.0,1.0
2009-07,NUS,U.S.,NPE,Peru,197.0,6.0
2009-07,NUS,U.S.,NTK,Turks and Caicos Islands,3.0,0.0
2009-07,NUS,U.S.,Z00,,1505.0,49.0
2009-07,R10,PADD 1,Z00,,5.0,0.0
2009-07,R20,PADD 2,Z00,,115.0,4.0
2009-07,R30,PADD 3,Z00,,789.0,25.0
2009-07,R40,PADD 4,Z00,,2.0,0.0
2009-07,R50,PADD 5,Z00,,594.0,19.0
2009-08,NUS,U.S.,NBB,Barbados,39.0,1.0
2009-08,NUS,U.S.,NBF,Bahama Islands,57.0,2.0
2009-08,NUS,U.S.,NBH,Belize,4.0,0.0
2009-08,NUS,U.S.,NBN,Benin,0.0,0.0
2009-08,NUS,U.S.,NBR,Brazil,43.0,1.0
2009-08,NUS,U.S.,NCA,Canada,1182.0,38.0
2009-08,NUS,U.S.,NCJ,Cayman Islands,11.0,0.0
2009-08,NUS,U.S.,NCS,Costa Rica,40.0,1.0
2009-08,NUS,U.S.,NDR,Dominican Republic,53.0,2.0
2009-08,NUS,U.S.,NES,El Salvador,64.0,2.0
2009-08,NUS,U.S.,NGT,Guatemala,75.0,2.0
2009-08,NUS,U.S.,NHO,Honduras,33.0,1.0
2009-08,NUS,U.S.,NMX,Mexico,88.0,3.0
2009-08,NUS,U.S.,Z00,,1688.0,54.0
2009-08,R10,PADD 1,Z00,,45.0,1.0
2009-08,R20,PADD 2,Z00,,457.0,15.0
2009-08,R30,PADD 3,Z00,,463.0,15.0
2009-08,R50,PADD 5,Z00,,723.0,23.0
2009-09,NUS,U.S.,NBF,Bahama Islands,59.0,2.0
2009-09,NUS,U.S.,NBM,Burma,19.0,1.0
2009-09,NUS,U.S.,NBR,Brazil,89.0,3.0
2009-09,NUS,U.S.,NCA,Canada,997.0,33.0
2009-09,NUS,U.S.,NCS,Costa Rica,40.0,1.0
2009-09,NUS,U.S.,NDR,Dominican Republic,92.0,3.0
2009-09,NUS,U.S.,NES,El Salvador,33.0,1.0
2009-09,NUS,U.S.,NFR,France,73.0,2.0
2009-09,NUS,U.S.,NGT,Guatemala,32.0,1.0
2009-09,NUS,U.S.,NIS,Israel,121.0,4.0
2009-09,NUS,U.S.,NNL,Netherlands,15.0,0.0
2009-09,NUS,U.S.,NTC,United Arab Emirates,1.0,0.0
2009-09,NUS,U.S.,NUK,United Kingdom,285.0,10.0
2009-09,NUS,U.S.,NUY,Uruguay,44.0,1.0
2009-09,NUS,U.S.,Z00,,1901.0,63.0
2009-09,R10,PADD 1,Z00,,361.0,12.0
2009-09,R20,PADD 2,Z00,,175.0,6.0
2009-09,R30,PADD 3,Z00,,804.0,27.0
2009-09,R40,PADD 4,Z00,,9.0,0.0
2009-09,R50,PADD 5,Z00,,552.0,18.0
2009-10,NUS,U.S.,NBF,Bahama Islands,31.0,1.0
2009-10,NUS,U.S.,NBH,Belize,3.0,0.0
2009-10,NUS,U.S.,NBM,Burma,18.0,1.0
2009-10,NUS,U.S.,NBR,Brazil,40.0,1.0
2009-10,NUS,U.S.,NCA,Canada,840.0,27.0
2009-10,NUS,U.S.,NCI,Chile,163.0,5.0
2009-10,NUS,U.S.,NCJ,Cayman Islands,3.0,0.0
2009-10,NUS,U.S.,NCS,Costa Rica,40.0,1.0
2009-10,NUS,U.S.,NDR,Dominican Republic,37.0,1.0
2009-10,NUS,U.S.,NES,El Salvador,10.0,0.0
2009-10,NUS,U.S.,NFI,Finland,262.0,8.0
2009-10,NUS,U.S.,NGT,Guatemala,15.0,0.0
2009-10,NUS,U.S.,NHO,Honduras,15.0,0.0
2009-10,NUS,U.S.,NNI,Nigeria,592.0,19.0
2009-10,NUS,U.S.,NPM,Panama,27.0,1.0
2009-10,NUS,U.S.,NUK,United Kingdom,854.0,28.0
2009-10,NUS,U.S.,Z00,,2949.0,95.0
2009-10,R10,PADD 1,Z00,,533.0,17.0
2009-10,R20,PADD 2,Z00,,175.0,6.0
2009-10,R30,PADD 3,Z00,,1578.0,51.0
2009-10,R40,PADD 4,Z00,,15.0,0.0
2009-10,R50,PADD 5,Z00,,649.0,21.0
2009-11,NUS,U.S.,NBF,Bahama Islands,71.0,2.0
2009-11,NUS,U.S.,NBH,Belize,8.0,0.0
2009-11,NUS,U.S.,NBR,Brazil,30.0,1.0
2009-11,NUS,U.S.,NCA,Canada,1051.0,35.0
2009-11,NUS,U.S.,NCI,Chile,151.0,5.0
2009-11,NUS,U.S.,NCS,Costa Rica,50.0,2.0
2009-11,NUS,U.S.,NDR,Dominican Republic,46.0,2.0
2009-11,NUS,U.S.,NES,El Salvador,25.0,1.0
2009-11,NUS,U.S.,NFI,Finland,389.0,13.0
2009-11,NUS,U.S.,NGT,Guatemala,27.0,1.0
2009-11,NUS,U.S.,NHO,Honduras,8.0,0.0
2009-11,NUS,U.S.,NIS,Israel,321.0,11.0
2009-11,NUS,U.S.,NPM,Panama,48.0,2.0
2009-11,NUS,U.S.,Z00,,2226.0,74.0
2009-11,R10,PADD 1,Z00,,166.0,6.0
2009-11,R20,PADD 2,Z00,,133.0,4.0
2009-11,R30,PADD 3,Z00,,1336.0,45.0
2009-11,R40,PADD 4,Z00,,7.0,0.0
2009-11,R50,PADD 5,Z00,,584.0,19.0
2009-12,NUS,U.S.,NAA,Aruba,35.0,1.0
2009-12,NUS,U.S.,NBF,Bahama Islands,59.0,2.0
2009-12,NUS,U.S.,NBH,Belize,10.0,0.0
2009-12,NUS,U.S.,NBR,Brazil,235.0,8.0
2009-12,NUS,U.S.,NCA,Canada,1590.0,51.0
2009-12,NUS,U.S.,NCJ,Cayman Islands,5.0,0.0
2009-12,NUS,U.S.,NCS,Costa Rica,40.0,1.0
2009-12,NUS,U.S.,NDR,Dominican Republic,93.0,3.0
2009-12,NUS,U.S.,NES,El Salvador,50.0,2.0
2009-12,NUS,U.S.,NGT,Guatemala,35.0,1.0
2009-12,NUS,U.S.,NHO,Honduras,36.0,1.0
2009-12,NUS,U.S.,NIS,Israel,158.0,5.0
2009-12,NUS,U.S.,NIT,Italy,89.0,3.0
2009-12,NUS,U.S.,NNI,Nigeria,594.0,19.0
2009-12,NUS,U.S.,NPM,Panama,279.0,9.0
2009-12,NUS,U.S.,NUK,United Kingdom,296.0,10.0
2009-12,NUS,U.S.,Z00,,3605.0,116.0
2009-12,R10,PADD 1,Z00,,407.0,13.0
2009-12,R20,PADD 2,Z00,,93.0,3.0
2009-12,R30,PADD 3,Z00,,1631.0,53.0
2009-12,R40,PADD 4,Z00,,8.0,0.0
2009-12,R50,PADD 5,Z00,,1465.0,47.0
2010-01,NUS,U.S.,NBD,Bermuda,45.0,1.0
2010-01,NUS,U.S.,NBF,Bahama Islands,86.0,3.0
2010-01,NUS,U.S.,NBH,Belize,8.0,0.0
2010-01,NUS,U.S.,NBM,Burma,45.0,1.0
2010-01,NUS,U.S.,NCA,Canada,2196.0,71.0
2010-01,NUS,U.S.,NCJ,Cayman Islands,23.0,1.0
2010-01,NUS,U.S.,NCS,Costa Rica,81.0,3.0
2010-01,NUS,U.S.,NDR,Dominican Republic,115.0,4.0
2010-01,NUS,U.S.,NES,El Salvador,25.0,1.0
2010-01,NUS,U.S.,NGT,Guatemala,28.0,1.0
2010-01,NUS,U.S.,NHO,Honduras,37.0,1.0
2010-01,NUS,U.S.,NIS,Israel,321.0,10.0
2010-01,NUS,U.S.,NMX,Mexico,80.0,3.0
2010-01,NUS,U.S.,NNI,Nigeria,276.0,9.0
2010-01,NUS,U.S.,NPM,Panama,193.0,6.0
2010-01,NUS,U.S.,Z00,,3514.0,113.0
2010-01,R10,PADD 1,NCA,Canada,2.0,0.0
2010-01,R10,PADD 1,Z00,,2.0,0.0
2010-01,R20,PADD 2,NCA,Canada,116.0,4.0
2010-01,R20,PADD 2,Z00,,116.0,4.0
2010-01,R30,PADD 3,NBD,Bermuda,45.0,1.0
2010-01,R30,PADD 3,NBF,Bahama Islands,86.0,3.0
2010-01,R30,PADD 3,NBH,Belize,8.0,0.0
2010-01,R30,PADD 3,NCA,Canada,300.0,10.0
2010-01,R30,PADD 3,NCJ,Cayman Islands,23.0,1.0
2010-01,R30,PADD 3,NCS,Costa Rica,81.0,3.0
2010-01,R30,PADD 3,NDR,Dominican Republic,115.0,4.0
2010-01,R30,PADD 3,NES,El Salvador,25.0,1.0
2010-01,R30,PADD 3,NGT,Guatemala,28.0,1.0
2010-01,R30,PADD 3,NHO,Honduras,37.0,1.0
2010-01,R30,PADD 3,NIS,Israel,321.0,10.0
2010-01,R30,PADD 3,NMX,Mexico,80.0,3.0
2010-01,R30,PADD 3,NPM,Panama,193.0,6.0
2010-01,R30,PADD 3,Z00,,1342.0,43.0
2010-01,R40,PADD 4,NCA,Canada,8.0,0.0
2010-01,R40,PADD 4,Z00,,8.0,0.0
2010-01,R50,PADD 5,NCA,Canada,1771.0,57.0
2010-01,R50,PADD 5,NNI,Nigeria,276.0,9.0
2010-01,R50,PADD 5,Z00,,2046.0,66.0
2010-02,NUS,U.S.,NBF,Bahama Islands,40.0,1.0
2010-02,NUS,U.S.,NBR,Brazil,64.0,2.0
2010-02,NUS,U.S.,NCA,Canada,570.0,20.0
2010-02,NUS,U.S.,NCJ,Cayman Islands,17.0,1.0
2010-02,NUS,U.S.,NCS,Costa Rica,40.0,1.0
2010-02,NUS,U.S.,NDR,Dominican Republic,106.0,4.0
2010-02,NUS,U.S.,NES,El Salvador,35.0,1.0
2010-02,NUS,U.S.,NGT,Guatemala,49.0,2.0
2010-02,NUS,U.S.,NHO,Honduras,45.0,2.0
2010-02,NUS,U.S.,NIS,Israel,229.0,8.0
2010-02,NUS,U.S.,NMX,Mexico,100.0,4.0
2010-02,NUS,U.S.,NNI,Nigeria,249.0,9.0
2010-02,NUS,U.S.,NPM,Panama,310.0,11.0
2010-02,NUS,U.S.,NTC,United Arab Emirates,0.0,0.0
2010-02,NUS,U.S.,Z00,,1852.0,66.0
2010-02,R10,PADD 1,NCA,Canada,2.0,0.0
2010-02,R10,PADD 1,Z00,,2.0,0.0
2010-02,R20,PADD 2,NCA,Canada,77.0,3.0
2010-02,R20,PADD 2,Z00,,77.0,3.0
2010-02,R30,PADD 3,NBF,Bahama Islands,40.0,1.0
2010-02,R30,PADD 3,NBR,Brazil,64.0,2.0
2010-02,R30,PADD 3,NCA,Canada,98.0,4.0
2010-02,R30,PADD 3,NCJ,Cayman Islands,17.0,1.0
2010-02,R30,PADD 3,NCS,Costa Rica,40.0,1.0
2010-02,R30,PADD 3,NDR,Dominican Republic,106.0,4.0
2010-02,R30,PADD 3,NES,El Salvador,35.0,1.0
2010-02,R30,PADD 3,NGT,Guatemala,49.0,2.0
2010-02,R30,PADD 3,NHO,Honduras,45.0,2.0
2010-02,R30,PADD 3,NIS,Israel,229.0,8.0
2010-02,R30,PADD 3,NMX,Mexico,100.0,4.0
2010-02,R30,PADD 3,NPM,Panama,310.0,11.0
2010-02,R30,PADD 3,Z00,,1132.0,40.0
2010-02,R40,PADD 4,NCA,Canada,1.0,0.0
2010-02,R40,PADD 4,Z00,,1.0,0.0
2010-02,R50,PADD 5,NCA,Canada,392.0,14.0
2010-02,R50,PADD 5,NNI,Nigeria,249.0,9.0
2010-02,R50,PADD 5,NTC,United Arab Emirates,0.0,0.0
2010-02,R50,PADD 5,Z00,,641.0,23.0
2010-03,NUS,U.S.,NBF,Bahama Islands,49.0,2.0
2010-03,NUS,U.S.,NBR,Brazil,45.0,1.0
2010-03,NUS,U.S.,NCA,Canada,905.0,29.0
2010-03,NUS,U.S.,NCJ,Cayman Islands,14.0,0.0
2010-03,NUS,U.S.,NCS,Costa Rica,50.0,2.0
2010-03,NUS,U.S.,NDR,Dominican Republic,62.0,2.0
2010-03,NUS,U.S.,NES,El Salvador,31.0,1.0
2010-03,NUS,U.S.,NGT,Guatemala,66.0,2.0
2010-03,NUS,U.S.,NHO,Honduras,41.0,1.0
2010-03,NUS,U.S.,NIS,Israel,226.0,7.0
2010-03,NUS,U.S.,NMX,Mexico,110.0,4.0
2010-03,NUS,U.S.,NNI,Nigeria,300.0,10.0
2010-03,NUS,U.S.,NPM,Panama,275.0,9.0
2010-03,NUS,U.S.,NVQ,Virgin Islands,0.0,0.0
2010-03,NUS,U.S.,Z00,,2173.0,70.0
2010-03,R10,PADD 1,NBR,Brazil,45.0,1.0
2010-03,R10,PADD 1,NCA,Canada,0.0,0.0
2010-03,R10,PADD 1,NVQ,Virgin Islands,0.0,0.0
2010-03,R10,PADD 1,Z00,,45.0,1.0
2010-03,R20,PADD 2,NCA,Canada,93.0,3.0
2010-03,R20,PADD 2,Z00,,93.0,3.0
2010-03,R30,PADD 3,NBF,Bahama Islands,49.0,2.0
2010-03,R30,PADD 3,NCA,Canada,269.0,9.0
2010-03,R30,PADD 3,NCJ,Cayman Islands,14.0,0.0
2010-03,R30,PADD 3,NCS,Costa Rica,50.0,2.0
2010-03,R30,PADD 3,NDR,Dominican Republic,62.0,2.0
2010-03,R30,PADD 3,NES,El Salvador,31.0,1.0
2010-03,R30,PADD 3,NGT,Guatemala,66.0,2.0
2010-03,R30,PADD 3,NHO,Honduras,41.0,1.0
2010-03,R30,PADD 3,NIS,Israel,226.0,7.0
2010-03,R30,PADD 3,NMX,Mexico,110.0,4.0
2010-03,R30,PADD 3,NNI,Nigeria,300.0,10.0
2010-03,R30,PADD 3,NPM,Panama,275.0,9.0
2010-03,R30,PADD 3,Z00,,1493.0,48.0
2010-03,R40,PADD 4,NCA,Canada,5.0,0.0
2010-03,R40,PADD 4,Z00,,5.0,0.0
2010-03,R50,PADD 5,NCA,Canada,538.0,17.0
2010-03,R50,PADD 5,Z00,,538.0,17.0
2010-04,NUS,U.S.,NBD,Bermuda,40.0,1.0
2010-04,NUS,U.S.,NBF,Bahama Islands,74.0,2.0
2010-04,NUS,U.S.,NBH,Belize,5.0,0.0
2010-04,NUS,U.S.,NBM,Burma,40.0,1.0
2010-04,NUS,U.S.,NCA,Canada,447.0,15.0
2010-04,NUS,U.S.,NCJ,Cayman Islands,9.0,0.0
2010-04,NUS,U.S.,NCS,Costa Rica,60.0,2.0
2010-04,NUS,U.S.,NDR,Dominican Republic,65.0,2.0
2010-04,NUS,U.S.,NES,El Salvador,42.0,1.0
2010-04,NUS,U.S.,NGM,Germany,1.0,0.0
2010-04,NUS,U.S.,NGR,Greece,18.0,1.0
2010-04,NUS,U.S.,NGT,Guatemala,22.0,1.0
2010-04,NUS,U.S.,NHO,Honduras,33.0,1.0
2010-04,NUS,U.S.,NIS,Israel,160.0,5.0
2010-04,NUS,U.S.,NMB,Martinique,57.0,2.0
2010-04,NUS,U.S.,NMX,Mexico,190.0,6.0
2010-04,NUS,U.S.,NNI,Nigeria,751.0,25.0
2010-04,NUS,U.S.,NPE,Peru,101.0,3.0
2010-04,NUS,U.S.,NPM,Panama,188.0,6.0
2010-04,NUS,U.S.,NSF,South Africa,18.0,1.0
2010-04,NUS,U.S.,Z00,,2281.0,76.0
2010-04,R10,PADD 1,NBF,Bahama Islands,0.0,0.0
2010-04,R10,PADD 1,NCA,Canada,1.0,0.0
2010-04,R10,PADD 1,Z00,,2.0,0.0
2010-04,R20,PADD 2,NCA,Canada,108.0,4.0
2010-04,R20,PADD 2,Z00,,108.0,4.0
2010-04,R30,PADD 3,NBD,Bermuda,40.0,1.0
2010-04,R30,PADD 3,NBF,Bahama Islands,74.0,2.0
2010-04,R30,PADD 3,NBH,Belize,5.0,0.0
2010-04,R30,PADD 3,NCJ,Cayman Islands,9.0,0.0
2010-04,R30,PADD 3,NCS,Costa Rica,60.0,2.0
2010-04,R30,PADD 3,NDR,Dominican Republic,65.0,2.0
2010-04,R30,PADD 3,NES,El Salvador,42.0,1.0
2010-04,R30,PADD 3,NGM,Germany,1.0,0.0
2010-04,R30,PADD 3,NGR,Greece,18.0,1.0
2010-04,R30,PADD 3,NGT,Guatemala,22.0,1.0
2010-04,R30,PADD 3,NHO,Honduras,33.0,1.0
2010-04,R30,PADD 3,NIS,Israel,160.0,5.0
2010-04,R30,PADD 3,NMB,Martinique,57.0,2.0
2010-04,R30,PADD 3,NMX,Mexico,190.0,6.0
2010-04,R30,PADD 3,NNI,Nigeria,300.0,10.0
2010-04,R30,PADD 3,NPE,Peru,101.0,3.0
2010-04,R30,PADD 3,NPM,Panama,188.0,6.0
2010-04,R30,PADD 3,NSF,South Africa,18.0,1.0
2010-04,R30,PADD 3,Z00,,1383.0,46.0
2010-04,R40,PADD 4,NCA,Canada,0.0,0.0
2010-04,R40,PADD 4,Z00,,0.0,0.0
2010-04,R50,PADD 5,NCA,Canada,337.0,11.0
2010-04,R50,PADD 5,NNI,Nigeria,451.0,15.0
2010-04,R50,PADD 5,Z00,,789.0,26.0
2010-05,NUS,U.S.,NBF,Bahama Islands,55.0,2.0
2010-05,NUS,U.S.,NBH,Belize,15.0,0.0
2010-05,NUS,U.S.,NCA,Canada,474.0,15.0
2010-05,NUS,U.S.,NCJ,Cayman Islands,12.0,0.0
2010-05,NUS,U.S.,NCO,Colombia,0.0,0.0
2010-05,NUS,U.S.,NCS,Costa Rica,40.0,1.0
2010-05,NUS,U.S.,NDR,Dominican Republic,41.0,1.0
2010-05,NUS,U.S.,NES,El Salvador,36.0,1.0
2010-05,NUS,U.S.,NFR,France,286.0,9.0
2010-05,NUS,U.S.,NGR,Greece,17.0,1.0
2010-05,NUS,U.S.,NGT,Guatemala,43.0,1.0
2010-05,NUS,U.S.,NHO,Honduras,33.0,1.0
2010-05,NUS,U.S.,NIS,Israel,321.0,10.0
2010-05,NUS,U.S.,NIT,Italy,10.0,0.0
2010-05,NUS,U.S.,NNI,Nigeria,328.0,11.0
2010-05,NUS,U.S.,NNL,Netherlands,42.0,1.0
2010-05,NUS,U.S.,NPM,Panama,407.0,13.0
2010-05,NUS,U.S.,NUK,United Kingdom,281.0,9.0
2010-05,NUS,U.S.,Z00,,2441.0,79.0
2010-05,R10,PADD 1,NCA,Canada,1.0,0.0
2010-05,R10,PADD 1,NCO,Colombia,0.0,0.0
2010-05,R10,PADD 1,NUK,United Kingdom,281.0,9.0
2010-05,R10,PADD 1,Z00,,282.0,9.0
2010-05,R20,PADD 2,NCA,Canada,109.0,4.0
2010-05,R20,PADD 2,Z00,,109.0,4.0
2010-05,R30,PADD 3,NBF,Bahama Islands,55.0,2.0
2010-05,R30,PADD 3,NBH,Belize,15.0,0.0
2010-05,R30,PADD 3,NCJ,Cayman Islands,12.0,0.0
2010-05,R30,PADD 3,NCS,Costa Rica,40.0,1.0
2010-05,R30,PADD 3,NDR,Dominican Republic,41.0,1.0
2010-05,R30,PADD 3,NES,El Salvador,36.0,1.0
2010-05,R30,PADD 3,NFR,France,286.0,9.0
2010-05,R30,PADD 3,NGR,Greece,17.0,1.0
2010-05,R30,PADD 3,NGT,Guatemala,43.0,1.0
2010-05,R30,PADD 3,NHO,Honduras,33.0,1.0
2010-05,R30,PADD 3,NIS,Israel,321.0,10.0
2010-05,R30,PADD 3,NIT,Italy,10.0,0.0
2010-05,R30,PADD 3,NNL,Netherlands,42.0,1.0
2010-05,R30,PADD 3,NPM,Panama,407.0,13.0
2010-05,R30,PADD 3,Z00,,1358.0,44.0
2010-05,R50,PADD 5,NCA,Canada,363.0,12.0
2010-05,R50,PADD 5,NNI,Nigeria,328.0,11.0
2010-05,R50,PADD 5,Z00,,692.0,22.0
2010-06,NUS,U.S.,NBF,Bahama Islands,34.0,1.0
2010-06,NUS,U.S.,NBH,Belize,4.0,0.0
2010-06,NUS,U.S.,NCA,Canada,469.0,16.0
2010-06,NUS,U.S.,NCI,Chile,395.0,13.0
2010-06,NUS,U.S.,NCJ,Cayman Islands,5.0,0.0
2010-06,NUS,U.S.,NCS,Costa Rica,95.0,3.0
2010-06,NUS,U.S.,NDR,Dominican Republic,45.0,2.0
2010-06,NUS,U.S.,NES,El Salvador,40.0,1.0
2010-06,NUS,U.S.,NFR,France,0.0,0.0
2010-06,NUS,U.S.,NGP,Guadeloupe,41.0,1.0
2010-06,NUS,U.S.,NGT,Guatemala,40.0,1.0
2010-06,NUS,U.S.,NHO,Honduras,40.0,1.0
2010-06,NUS,U.S.,NMB,Martinique,19.0,1.0
2010-06,NUS,U.S.,NMX,Mexico,100.0,3.0
2010-06,NUS,U.S.,NNI,Nigeria,295.0,10.0
2010-06,NUS,U.S.,NPM,Panama,80.0,3.0
2010-06,NUS,U.S.,NVQ,Virgin Islands,0.0,0.0
2010-06,NUS,U.S.,Z00,,1701.0,57.0
2010-06,R10,PADD 1,NCA,Canada,1.0,0.0
2010-06,R10,PADD 1,NVQ,Virgin Islands,0.0,0.0
2010-06,R10,PADD 1,Z00,,1.0,0.0
2010-06,R20,PADD 2,NCA,Canada,104.0,3.0
2010-06,R20,PADD 2,Z00,,104.0,3.0
2010-06,R30,PADD 3,NBF,Bahama Islands,34.0,1.0
2010-06,R30,PADD 3,NBH,Belize,4.0,0.0
2010-06,R30,PADD 3,NCI,Chile,395.0,13.0
2010-06,R30,PADD 3,NCJ,Cayman Islands,5.0,0.0
2010-06,R30,PADD 3,NCS,Costa Rica,95.0,3.0
2010-06,R30,PADD 3,NDR,Dominican Republic,45.0,2.0
2010-06,R30,PADD 3,NES,El Salvador,40.0,1.0
2010-06,R30,PADD 3,NFR,France,0.0,0.0
2010-06,R30,PADD 3,NGP,Guadeloupe,41.0,1.0
2010-06,R30,PADD 3,NGT,Guatemala,40.0,1.0
2010-06,R30,PADD 3,NHO,Honduras,40.0,1.0
2010-06,R30,PADD 3,NMB,Martinique,19.0,1.0
2010-06,R30,PADD 3,NMX,Mexico,100.0,3.0
2010-06,R30,PADD 3,NNI,Nigeria,295.0,10.0
2010-06,R30,PADD 3,NPM,Panama,80.0,3.0
2010-06,R30,PADD 3,Z00,,1232.0,41.0
2010-06,R50,PADD 5,NCA,Canada,364.0,12.0
2010-06,R50,PADD 5,Z00,,364.0,12.0
2010-07,NUS,U.S.,NBD,Bermuda,45.0,1.0
2010-07,NUS,U.S.,NBF,Bahama Islands,71.0,2.0
2010-07,NUS,U.S.,NBH,Belize,6.0,0.0
2010-07,NUS,U.S.,NBM,Burma,45.0,1.0
2010-07,NUS,U.S.,NCA,Canada,587.0,19.0
2010-07,NUS,U.S.,NCJ,Cayman Islands,12.0,0.0
2010-07,NUS,U.S.,NCS,Costa Rica,50.0,2.0
2010-07,NUS,U.S.,NDR,Dominican Republic,84.0,3.0
2010-07,NUS,U.S.,NFR,France,335.0,11.0
2010-07,NUS,U.S.,NGT,Guatemala,17.0,1.0
2010-07,NUS,U.S.,NHO,Honduras,45.0,1.0
2010-07,NUS,U.S.,NIS,Israel,195.0,6.0
2010-07,NUS,U.S.,NMX,Mexico,163.0,5.0
2010-07,NUS,U.S.,NNL,Netherlands,317.0,10.0
2010-07,NUS,U.S.,NPM,Panama,264.0,9.0
2010-07,NUS,U.S.,NSF,South Africa,18.0,1.0
2010-07,NUS,U.S.,NTC,United Arab Emirates,9.0,0.0
2010-07,NUS,U.S.,NUK,United Kingdom,322.0,10.0
2010-07,NUS,U.S.,Z00,,2539.0,82.0
2010-07,R10,PADD 1,NCA,Canada,31.0,1.0
2010-07,R10,PADD 1,NFR,France,304.0,10.0
2010-07,R10,PADD 1,Z00,,335.0,11.0
2010-07,R20,PADD 2,NCA,Canada,114.0,4.0
2010-07,R20,PADD 2,Z00,,114.0,4.0
2010-07,R30,PADD 3,NBD,Bermuda,45.0,1.0
2010-07,R30,PADD 3,NBF,Bahama Islands,71.0,2.0
2010-07,R30,PADD 3,NBH,Belize,6.0,0.0
2010-07,R30,PADD 3,NCJ,Cayman Islands,12.0,0.0
2010-07,R30,PADD 3,NCS,Costa Rica,50.0,2.0
2010-07,R30,PADD 3,NDR,Dominican Republic,84.0,3.0
2010-07,R30,PADD 3,NFR,France,31.0,1.0
2010-07,R30,PADD 3,NGT,Guatemala,17.0,1.0
2010-07,R30,PADD 3,NHO,Honduras,45.0,1.0
2010-07,R30,PADD 3,NIS,Israel,195.0,6.0
2010-07,R30,PADD 3,NMX,Mexico,163.0,5.0
2010-07,R30,PADD 3,NNL,Netherlands,317.0,10.0
2010-07,R30,PADD 3,NPM,Panama,264.0,9.0
2010-07,R30,PADD 3,NSF,South Africa,18.0,1.0
2010-07,R30,PADD 3,NTC,United Arab Emirates,9.0,0.0
2010-07,R30,PADD 3,NUK,United Kingdom,322.0,10.0
2010-07,R30,PADD 3,Z00,,1648.0,53.0
2010-07,R50,PADD 5,NCA,Canada,441.0,14.0
2010-07,R50,PADD 5,Z00,,441.0,14.0
2010-08,NUS,U.S.,NAS,Australia,0.0,0.0
2010-08,NUS,U.S.,NBD,Bermuda,15.0,0.0
2010-08,NUS,U.S.,NBF,Bahama Islands,43.0,1.0
2010-08,NUS,U.S.,NBH,Belize,15.0,0.0
2010-08,NUS,U.S.,NBM,Burma,15.0,0.0
2010-08,NUS,U.S.,NBR,Brazil,28.0,1.0
2010-08,NUS,U.S.,NCA,Canada,883.0,28.0
2010-08,NUS,U.S.,NCI,Chile,0.0,0.0
2010-08,NUS,U.S.,NCJ,Cayman Islands,2.0,0.0
2010-08,NUS,U.S.,NDR,Dominican Republic,33.0,1.0
2010-08,NUS,U.S.,NES,El Salvador,50.0,2.0
2010-08,NUS,U.S.,NFR,France,3.0,0.0
2010-08,NUS,U.S.,NGP,Guadeloupe,47.0,2.0
2010-08,NUS,U.S.,NGR,Greece,14.0,0.0
2010-08,NUS,U.S.,NGT,Guatemala,44.0,1.0
2010-08,NUS,U.S.,NHO,Honduras,73.0,2.0
2010-08,NUS,U.S.,NIS,Israel,321.0,10.0
2010-08,NUS,U.S.,NMB,Martinique,12.0,0.0
2010-08,NUS,U.S.,NMX,Mexico,179.0,6.0
2010-08,NUS,U.S.,NNI,Nigeria,285.0,9.0
2010-08,NUS,U.S.,NNL,Netherlands,304.0,10.0
2010-08,NUS,U.S.,NPM,Panama,277.0,9.0
2010-08,NUS,U.S.,Z00,,2630.0,85.0
2010-08,R10,PADD 1,NBR,Brazil,0.0,0.0
2010-08,R10,PADD 1,NCA,Canada,1.0,0.0
2010-08,R10,PADD 1,NCI,Chile,0.0,0.0
2010-08,R10,PADD 1,Z00,,2.0,0.0
2010-08,R20,PADD 2,NCA,Canada,119.0,4.0
2010-08,R20,PADD 2,Z00,,119.0,4.0
2010-08,R30,PADD 3,NBD,Bermuda,15.0,0.0
2010-08,R30,PADD 3,NBF,Bahama Islands,43.0,1.0
2010-08,R30,PADD 3,NBH,Belize,15.0,0.0
2010-08,R30,PADD 3,NBR,Brazil,28.0,1.0
2010-08,R30,PADD 3,NCA,Canada,275.0,9.0
2010-08,R30,PADD 3,NCJ,Cayman Islands,2.0,0.0
2010-08,R30,PADD 3,NDR,Dominican Republic,33.0,1.0
2010-08,R30,PADD 3,NES,El Salvador,50.0,2.0
2010-08,R30,PADD 3,NFR,France,3.0,0.0
2010-08,R30,PADD 3,NGP,Guadeloupe,47.0,2.0
2010-08,R30,PADD 3,NGR,Greece,14.0,0.0
2010-08,R30,PADD 3,NGT,Guatemala,44.0,1.0
2010-08,R30,PADD 3,NHO,Honduras,73.0,2.0
2010-08,R30,PADD 3,NIS,Israel,321.0,10.0
2010-08,R30,PADD 3,NMB,Martinique,12.0,0.0
2010-08,R30,PADD 3,NMX,Mexico,179.0,6.0
2010-08,R30,PADD 3,NNI,Nigeria,285.0,9.0
2010-08,R30,PADD 3,NNL,Netherlands,304.0,10.0
2010-08,R30,PADD 3,NPM,Panama,277.0,9.0
2010-08,R30,PADD 3,Z00,,2021.0,65.0
2010-08,R50,PADD 5,NAS,Australia,0.0,0.0
2010-08,R50,PADD 5,NCA,Canada,487.0,16.0
2010-08,R50,PADD 5,Z00,,488.0,16.0
2010-09,NUS,U.S.,NBF,Bahama Islands,34.0,1.0
2010-09,NUS,U.S.,NBH,Belize,5.0,0.0
2010-09,NUS,U.S.,NBR,Brazil,36.0,1.0
2010-09,NUS,U.S.,NCA,Canada,1030.0,34.0
2010-09,NUS,U.S.,NCI,Chile,172.0,6.0
2010-09,NUS,U.S.,NDR,Dominican Republic,40.0,1.0
2010-09,NUS,U.S.,NES,El Salvador,40.0,1.0
2010-09,NUS,U.S.,NGT,Guatemala,46.0,2.0
2010-09,NUS,U.S.,NHO,Honduras,36.0,1.0
2010-09,NUS,U.S.,NIS,Israel,160.0,5.0
2010-09,NUS,U.S.,NIT,Italy,12.0,0.0
2010-09,NUS,U.S.,NNI,Nigeria,276.0,9.0
2010-09,NUS,U.S.,NPM,Panama,238.0,8.0
2010-09,NUS,U.S.,NST,Saint Lucia,303.0,10.0
2010-09,NUS,U.S.,Z00,,2426.0,81.0
2010-09,R10,PADD 1,NCA,Canada,31.0,1.0
2010-09,R10,PADD 1,Z00,,31.0,1.0
2010-09,R20,PADD 2,NCA,Canada,178.0,6.0
2010-09,R20,PADD 2,Z00,,178.0,6.0
2010-09,R30,PADD 3,NBF,Bahama Islands,34.0,1.0
2010-09,R30,PADD 3,NBH,Belize,5.0,0.0
2010-09,R30,PADD 3,NBR,Brazil,36.0,1.0
2010-09,R30,PADD 3,NCA,Canada,215.0,7.0
2010-09,R30,PADD 3,NCI,Chile,172.0,6.0
2010-09,R30,PADD 3,NDR,Dominican Republic,40.0,1.0
2010-09,R30,PADD 3,NES,El Salvador,40.0,1.0
2010-09,R30,PADD 3,NGT,Guatemala,46.0,2.0
2010-09,R30,PADD 3,NHO,Honduras,36.0,1.0
2010-09,R30,PADD 3,NIS,Israel,160.0,5.0
2010-09,R30,PADD 3,NIT,Italy,12.0,0.0
2010-09,R30,PADD 3,NNI,Nigeria,276.0,9.0
2010-09,R30,PADD 3,NPM,Panama,238.0,8.0
2010-09,R30,PADD 3,NST,Saint Lucia,303.0,10.0
2010-09,R30,PADD 3,Z00,,1611.0,54.0
2010-09,R50,PADD 5,NCA,Canada,605.0,20.0
2010-09,R50,PADD 5,Z00,,605.0,20.0
2010-10,NUS,U.S.,NAR,Argentina,105.0,3.0
2010-10,NUS,U.S.,NBF,Bahama Islands,29.0,1.0
2010-10,NUS,U.S.,NBR,Brazil,20.0,1.0
2010-10,NUS,U.S.,NCA,Canada,775.0,25.0
2010-10,NUS,U.S.,NCO,Colombia,60.0,2.0
2010-10,NUS,U.S.,NDR,Dominican Republic,46.0,1.0
2010-10,NUS,U.S.,NEC,Ecuador,10.0,0.0
2010-10,NUS,U.S.,NES,El Salvador,25.0,1.0
2010-10,NUS,U.S.,NGT,Guatemala,39.0,1.0
2010-10,NUS,U.S.,NHO,Honduras,72.0,2.0
2010-10,NUS,U.S.,NIS,Israel,168.0,5.0
2010-10,NUS,U.S.,NMX,Mexico,51.0,2.0
2010-10,NUS,U.S.,NNL,Netherlands,50.0,2.0
2010-10,NUS,U.S.,NPM,Panama,209.0,7.0
2010-10,NUS,U.S.,NPZ,Puerto Rico,1.0,0.0
2010-10,NUS,U.S.,NSF,South Africa,13.0,0.0
2010-10,NUS,U.S.,NUK,United Kingdom,300.0,10.0
2010-10,NUS,U.S.,Z00,,1973.0,64.0
2010-10,R10,PADD 1,NBF,Bahama Islands,0.0,0.0
2010-10,R10,PADD 1,NBR,Brazil,19.0,1.0
2010-10,R10,PADD 1,NCA,Canada,1.0,0.0
2010-10,R10,PADD 1,NPZ,Puerto Rico,1.0,0.0
2010-10,R10,PADD 1,Z00,,21.0,1.0
2010-10,R20,PADD 2,NCA,Canada,90.0,3.0
2010-10,R20,PADD 2,Z00,,90.0,3.0
2010-10,R30,PADD 3,NAR,Argentina,105.0,3.0
2010-10,R30,PADD 3,NBF,Bahama Islands,29.0,1.0
2010-10,R30,PADD 3,NBR,Brazil,1.0,0.0
2010-10,R30,PADD 3,NCO,Colombia,60.0,2.0
2010-10,R30,PADD 3,NDR,Dominican Republic,46.0,1.0
2010-10,R30,PADD 3,NEC,Ecuador,10.0,0.0
2010-10,R30,PADD 3,NES,El Salvador,25.0,1.0
2010-10,R30,PADD 3,NGT,Guatemala,39.0,1.0
2010-10,R30,PADD 3,NHO,Honduras,72.0,2.0
2010-10,R30,PADD 3,NIS,Israel,168.0,5.0
2010-10,R30,PADD 3,NMX,Mexico,51.0,2.0
2010-10,R30,PADD 3,NNL,Netherlands,50.0,2.0
2010-10,R30,PADD 3,NPM,Panama,209.0,7.0
2010-10,R30,PADD 3,NSF,South Africa,13.0,0.0
2010-10,R30,PADD 3,NUK,United Kingdom,300.0,10.0
2010-10,R30,PADD 3,Z00,,1179.0,38.0
2010-10,R50,PADD 5,NCA,Canada,683.0,22.0
2010-10,R50,PADD 5,Z00,,683.0,22.0
2010-11,NUS,U.S.,NBD,Bermuda,35.0,1.0
2010-11,NUS,U.S.,NBF,Bahama Islands,27.0,1.0
2010-11,NUS,U.S.,NBH,Belize,7.0,0.0
2010-11,NUS,U.S.,NBM,Burma,35.0,1.0
2010-11,NUS,U.S.,NBR,Brazil,315.0,11.0
2010-11,NUS,U.S.,NCA,Canada,933.0,31.0
2010-11,NUS,U.S.,NCJ,Cayman Islands,9.0,0.0
2010-11,NUS,U.S.,NCS,Costa Rica,76.0,3.0
2010-11,NUS,U.S.,NDR,Dominican Republic,46.0,2.0
2010-11,NUS,U.S.,NES,El Salvador,20.0,1.0
2010-11,NUS,U.S.,NFR,France,364.0,12.0
2010-11,NUS,U.S.,NGT,Guatemala,31.0,1.0
2010-11,NUS,U.S.,NHO,Honduras,60.0,2.0
2010-11,NUS,U.S.,NMX,Mexico,199.0,7.0
2010-11,NUS,U.S.,NNL,Netherlands,419.0,14.0
2010-11,NUS,U.S.,NPM,Panama,231.0,8.0
2010-11,NUS,U.S.,NSP,Spain,309.0,10.0
2010-11,NUS,U.S.,Z00,,3082.0,103.0
2010-11,R10,PADD 1,NBF,Bahama Islands,1.0,0.0
2010-11,R10,PADD 1,NCA,Canada,3.0,0.0
2010-11,R10,PADD 1,Z00,,4.0,0.0
2010-11,R20,PADD 2,NCA,Canada,83.0,3.0
2010-11,R20,PADD 2,Z00,,83.0,3.0
2010-11,R30,PADD 3,NBD,Bermuda,35.0,1.0
2010-11,R30,PADD 3,NBF,Bahama Islands,27.0,1.0
2010-11,R30,PADD 3,NBH,Belize,7.0,0.0
2010-11,R30,PADD 3,NBR,Brazil,315.0,11.0
2010-11,R30,PADD 3,NCA,Canada,298.0,10.0
2010-11,R30,PADD 3,NCJ,Cayman Islands,9.0,0.0
2010-11,R30,PADD 3,NCS,Costa Rica,76.0,3.0
2010-11,R30,PADD 3,NDR,Dominican Republic,46.0,2.0
2010-11,R30,PADD 3,NES,El Salvador,20.0,1.0
2010-11,R30,PADD 3,NFR,France,364.0,12.0
2010-11,R30,PADD 3,NGT,Guatemala,31.0,1.0
2010-11,R30,PADD 3,NHO,Honduras,60.0,2.0
2010-11,R30,PADD 3,NMX,Mexico,109.0,4.0
2010-11,R30,PADD 3,NNL,Netherlands,419.0,14.0
2010-11,R30,PADD 3,NPM,Panama,231.0,8.0
2010-11,R30,PADD 3,NSP,Spain,309.0,10.0
2010-11,R30,PADD 3,Z00,,2356.0,79.0
2010-11,R50,PADD 5,NCA,Canada,549.0,18.0
2010-11,R50,PADD 5,NMX,Mexico,90.0,3.0
2010-11,R50,PADD 5,Z00,,639.0,21.0
2010-12,NUS,U.S.,NAR,Argentina,45.0,1.0
2010-12,NUS,U.S.,NAV,Anguilla,0.0,0.0
2010-12,NUS,U.S.,NBF,Bahama Islands,55.0,2.0
2010-12,NUS,U.S.,NBH,Belize,5.0,0.0
2010-12,NUS,U.S.,NBR,Brazil,278.0,9.0
2010-12,NUS,U.S.,NCA,Canada,1232.0,40.0
2010-12,NUS,U.S.,NCJ,Cayman Islands,7.0,0.0
2010-12,NUS,U.S.,NCS,Costa Rica,80.0,3.0
2010-12,NUS,U.S.,NDR,Dominican Republic,87.0,3.0
2010-12,NUS,U.S.,NES,El Salvador,78.0,3.0
2010-12,NUS,U.S.,NGI,Gibraltar,509.0,16.0
2010-12,NUS,U.S.,NGP,Guadeloupe,56.0,2.0
2010-12,NUS,U.S.,NGT,Guatemala,31.0,1.0
2010-12,NUS,U.S.,NHO,Honduras,76.0,2.0
2010-12,NUS,U.S.,NIS,Israel,321.0,10.0
2010-12,NUS,U.S.,NMX,Mexico,143.0,5.0
2010-12,NUS,U.S.,NNI,Nigeria,303.0,10.0
2010-12,NUS,U.S.,NNL,Netherlands,605.0,20.0
2010-12,NUS,U.S.,NPM,Panama,230.0,7.0
2010-12,NUS,U.S.,Z00,,4141.0,134.0
2010-12,R10,PADD 1,NAV,Anguilla,0.0,0.0
2010-12,R10,PADD 1,NCA,Canada,271.0,9.0
2010-12,R10,PADD 1,Z00,,272.0,9.0
2010-12,R20,PADD 2,NCA,Canada,109.0,4.0
2010-12,R20,PADD 2,Z00,,109.0,4.0
2010-12,R30,PADD 3,NAR,Argentina,45.0,1.0
2010-12,R30,PADD 3,NBF,Bahama Islands,55.0,2.0
2010-12,R30,PADD 3,NBH,Belize,5.0,0.0
2010-12,R30,PADD 3,NBR,Brazil,278.0,9.0
2010-12,R30,PADD 3,NCA,Canada,201.0,6.0
2010-12,R30,PADD 3,NCJ,Cayman Islands,7.0,0.0
2010-12,R30,PADD 3,NCS,Costa Rica,80.0,3.0
2010-12,R30,PADD 3,NDR,Dominican Republic,87.0,3.0
2010-12,R30,PADD 3,NES,El Salvador,78.0,3.0
2010-12,R30,PADD 3,NGI,Gibraltar,509.0,16.0
2010-12,R30,PADD 3,NGP,Guadeloupe,56.0,2.0
2010-12,R30,PADD 3,NGT,Guatemala,31.0,1.0
2010-12,R30,PADD 3,NHO,Honduras,76.0,2.0
2010-12,R30,PADD 3,NIS,Israel,321.0,10.0
2010-12,R30,PADD 3,NMX,Mexico,143.0,5.0
2010-12,R30,PADD 3,NNI,Nigeria,303.0,10.0
2010-12,R30,PADD 3,NNL,Netherlands,605.0,20.0
2010-12,R30,PADD 3,NPM,Panama,230.0,7.0
2010-12,R30,PADD 3,Z00,,3109.0,100.0
2010-12,R50,PADD 5,NCA,Canada,651.0,21.0
2010-12,R50,PADD 5,Z00,,651.0,21.0
2011-01,NUS,U.S.,NAR,Argentina,115.0,4.0
2011-01,NUS,U.S.,NBF,Bahama Islands,72.0,2.0
2011-01,NUS,U.S.,NBR,Brazil,301.0,10.0
2011-01,NUS,U.S.,NCA,Canada,1324.0,43.0
2011-01,NUS,U.S.,NCI,Chile,88.0,3.0
2011-01,NUS,U.S.,NCJ,Cayman Islands,26.0,1.0
2011-01,NUS,U.S.,NCS,Costa Rica,180.0,6.0
2011-01,NUS,U.S.,NDR,Dominican Republic,72.0,2.0
2011-01,NUS,U.S.,NES,El Salvador,53.0,2.0
2011-01,NUS,U.S.,NGP,Guadeloupe,90.0,3.0
2011-01,NUS,U.S.,NGT,Guatemala,48.0,2.0
2011-01,NUS,U.S.,NHO,Honduras,57.0,2.0
2011-01,NUS,U.S.,NIS,Israel,321.0,10.0
2011-01,NUS,U.S.,NKE,Kenya,11.0,0.0
2011-01,NUS,U.S.,NMB,Martinique,27.0,1.0
2011-01,NUS,U.S.,NMX,Mexico,227.0,7.0
2011-01,NUS,U.S.,NNI,Nigeria,277.0,9.0
2011-01,NUS,U.S.,NNL,Netherlands,255.0,8.0
2011-01,NUS,U.S.,NPE,Peru,80.0,3.0
2011-01,NUS,U.S.,NPM,Panama,283.0,9.0
2011-01,NUS,U.S.,Z00,,3906.0,126.0
2011-01,R10,PADD 1,NBF,Bahama Islands,20.0,1.0
2011-01,R10,PADD 1,NCA,Canada,2.0,0.0
2011-01,R10,PADD 1,NCJ,Cayman Islands,7.0,0.0
2011-01,R10,PADD 1,NDR,Dominican Republic,30.0,1.0
2011-01,R10,PADD 1,Z00,,59.0,2.0
2011-01,R20,PADD 2,NCA,Canada,129.0,4.0
2011-01,R20,PADD 2,Z00,,129.0,4.0
2011-01,R30,PADD 3,NAR,Argentina,115.0,4.0
2011-01,R30,PADD 3,NBF,Bahama Islands,52.0,2.0
2011-01,R30,PADD 3,NBR,Brazil,301.0,10.0
2011-01,R30,PADD 3,NCA,Canada,581.0,19.0
2011-01,R30,PADD 3,NCJ,Cayman Islands,19.0,1.0
2011-01,R30,PADD 3,NCS,Costa Rica,180.0,6.0
2011-01,R30,PADD 3,NDR,Dominican Republic,42.0,1.0
2011-01,R30,PADD 3,NES,El Salvador,53.0,2.0
2011-01,R30,PADD 3,NGP,Guadeloupe,90.0,3.0
2011-01,R30,PADD 3,NGT,Guatemala,48.0,2.0
2011-01,R30,PADD 3,NHO,Honduras,57.0,2.0
2011-01,R30,PADD 3,NIS,Israel,321.0,10.0
2011-01,R30,PADD 3,NKE,Kenya,11.0,0.0
2011-01,R30,PADD 3,NMB,Martinique,27.0,1.0
2011-01,R30,PADD 3,NMX,Mexico,227.0,7.0
2011-01,R30,PADD 3,NNI,Nigeria,277.0,9.0
2011-01,R30,PADD 3,NNL,Netherlands,255.0,8.0
2011-01,R30,PADD 3,NPE,Peru,80.0,3.0
2011-01,R30,PADD 3,NPM,Panama,283.0,9.0
2011-01,R30,PADD 3,Z00,,3018.0,97.0
2011-01,R50,PADD 5,NCA,Canada,611.0,20.0
2011-01,R50,PADD 5,NCI,Chile,88.0,3.0
2011-01,R50,PADD 5,Z00,,700.0,23.0
2011-02,NUS,U.S.,NBF,Bahama Islands,54.0,2.0
2011-02,NUS,U.S.,NBH,Belize,26.0,1.0
2011-02,NUS,U.S.,NCA,Canada,877.0,31.0
2011-02,NUS,U.S.,NCJ,Cayman Islands,6.0,0.0
2011-02,NUS,U.S.,NCS,Costa Rica,71.0,3.0
2011-02,NUS,U.S.,NDR,Dominican Republic,84.0,3.0
2011-02,NUS,U.S.,NES,El Salvador,27.0,1.0
2011-02,NUS,U.S.,NGG,Georgia,475.0,17.0
2011-02,NUS,U.S.,NGI,Gibraltar,128.0,5.0
2011-02,NUS,U.S.,NGT,Guatemala,14.0,1.0
2011-02,NUS,U.S.,NHO,Honduras,54.0,2.0
2011-02,NUS,U.S.,NNI,Nigeria,563.0,20.0
2011-02,NUS,U.S.,NNL,Netherlands,75.0,3.0
2011-02,NUS,U.S.,NPK,Pakistan,11.0,0.0
2011-02,NUS,U.S.,NPM,Panama,309.0,11.0
2011-02,NUS,U.S.,NTC,United Arab Emirates,0.0,0.0
2011-02,NUS,U.S.,NUK,United Kingdom,12.0,0.0
2011-02,NUS,U.S.,Z00,,2786.0,100.0
2011-02,R10,PADD 1,NCA,Canada,1.0,0.0
2011-02,R10,PADD 1,NGG,Georgia,475.0,17.0
2011-02,R10,PADD 1,NTC,United Arab Emirates,0.0,0.0
2011-02,R10,PADD 1,Z00,,477.0,17.0
2011-02,R20,PADD 2,NCA,Canada,124.0,4.0
2011-02,R20,PADD 2,Z00,,124.0,4.0
2011-02,R30,PADD 3,NBF,Bahama Islands,54.0,2.0
2011-02,R30,PADD 3,NBH,Belize,26.0,1.0
2011-02,R30,PADD 3,NCA,Canada,50.0,2.0
2011-02,R30,PADD 3,NCJ,Cayman Islands,6.0,0.0
2011-02,R30,PADD 3,NCS,Costa Rica,71.0,3.0
2011-02,R30,PADD 3,NDR,Dominican Republic,84.0,3.0
2011-02,R30,PADD 3,NES,El Salvador,27.0,1.0
2011-02,R30,PADD 3,NGI,Gibraltar,128.0,5.0
2011-02,R30,PADD 3,NGT,Guatemala,14.0,1.0
2011-02,R30,PADD 3,NHO,Honduras,54.0,2.0
2011-02,R30,PADD 3,NNI,Nigeria,563.0,20.0
2011-02,R30,PADD 3,NNL,Netherlands,75.0,3.0
2011-02,R30,PADD 3,NPK,Pakistan,11.0,0.0
2011-02,R30,PADD 3,NPM,Panama,309.0,11.0
2011-02,R30,PADD 3,NUK,United Kingdom,12.0,0.0
2011-02,R30,PADD 3,Z00,,1484.0,53.0
2011-02,R40,PADD 4,NCA,Canada,2.0,0.0
2011-02,R40,PADD 4,Z00,,2.0,0.0
2011-02,R50,PADD 5,NCA,Canada,699.0,25.0
2011-02,R50,PADD 5,Z00,,699.0,25.0
2011-03,NUS,U.S.,NBD,Bermuda,45.0,1.0
2011-03,NUS,U.S.,NBF,Bahama Islands,41.0,1.0
2011-03,NUS,U.S.,NBH,Belize,8.0,0.0
2011-03,NUS,U.S.,NBR,Brazil,19.0,1.0
2011-03,NUS,U.S.,NCA,Canada,1200.0,39.0
2011-03,NUS,U.S.,NCJ,Cayman Islands,15.0,0.0
2011-03,NUS,U.S.,NCS,Costa Rica,50.0,2.0
2011-03,NUS,U.S.,NDR,Dominican Republic,70.0,2.0
2011-03,NUS,U.S.,NES,El Salvador,58.0,2.0
2011-03,NUS,U.S.,NGP,Guadeloupe,88.0,3.0
2011-03,NUS,U.S.,NGR,Greece,17.0,1.0
2011-03,NUS,U.S.,NGT,Guatemala,53.0,2.0
2011-03,NUS,U.S.,NHO,Honduras,48.0,2.0
2011-03,NUS,U.S.,NIS,Israel,120.0,4.0
2011-03,NUS,U.S.,NIT,Italy,11.0,0.0
2011-03,NUS,U.S.,NMB,Martinique,25.0,1.0
2011-03,NUS,U.S.,NMX,Mexico,1.0,0.0
2011-03,NUS,U.S.,NNI,Nigeria,272.0,9.0
2011-03,NUS,U.S.,NPM,Panama,288.0,9.0
2011-03,NUS,U.S.,NUK,United Kingdom,274.0,9.0
2011-03,NUS,U.S.,NUY,Uruguay,14.0,0.0
2011-03,NUS,U.S.,Z00,,2715.0,88.0
2011-03,R10,PADD 1,NBF,Bahama Islands,1.0,0.0
2011-03,R10,PADD 1,NCA,Canada,1.0,0.0
2011-03,R10,PADD 1,Z00,,2.0,0.0
2011-03,R20,PADD 2,NCA,Canada,129.0,4.0
2011-03,R20,PADD 2,Z00,,129.0,4.0
2011-03,R30,PADD 3,NBD,Bermuda,45.0,1.0
2011-03,R30,PADD 3,NBF,Bahama Islands,40.0,1.0
2011-03,R30,PADD 3,NBH,Belize,8.0,0.0
2011-03,R30,PADD 3,NBR,Brazil,19.0,1.0
2011-03,R30,PADD 3,NCA,Canada,280.0,9.0
2011-03,R30,PADD 3,NCJ,Cayman Islands,15.0,0.0
2011-03,R30,PADD 3,NCS,Costa Rica,50.0,2.0
2011-03,R30,PADD 3,NDR,Dominican Republic,70.0,2.0
2011-03,R30,PADD 3,NES,El Salvador,58.0,2.0
2011-03,R30,PADD 3,NGP,Guadeloupe,88.0,3.0
2011-03,R30,PADD 3,NGR,Greece,17.0,1.0
2011-03,R30,PADD 3,NGT,Guatemala,53.0,2.0
2011-03,R30,PADD 3,NHO,Honduras,48.0,2.0
2011-03,R30,PADD 3,NIS,Israel,120.0,4.0
2011-03,R30,PADD 3,NIT,Italy,11.0,0.0
2011-03,R30,PADD 3,NMB,Martinique,25.0,1.0
2011-03,R30,PADD 3,NMX,Mexico,1.0,0.0
2011-03,R30,PADD 3,NNI,Nigeria,272.0,9.0
2011-03,R30,PADD 3,NPM,Panama,288.0,9.0
2011-03,R30,PADD 3,NUK,United Kingdom,274.0,9.0
2011-03,R30,PADD 3,NUY,Uruguay,14.0,0.0
2011-03,R30,PADD 3,Z00,,1794.0,58.0
2011-03,R40,PADD 4,NCA,Canada,7.0,0.0
2011-03,R40,PADD 4,Z00,,7.0,0.0
2011-03,R50,PADD 5,NCA,Canada,783.0,25.0
2011-03,R50,PADD 5,Z00,,783.0,25.0
2011-04,NUS,U.S.,NAV,Anguilla,1.0,0.0
2011-04,NUS,U.S.,NBF,Bahama Islands,41.0,1.0
2011-04,NUS,U.S.,NBH,Belize,7.0,0.0
2011-04,NUS,U.S.,NCA,Canada,784.0,26.0
2011-04,NUS,U.S.,NCI,Chile,107.0,4.0
2011-04,NUS,U.S.,NCJ,Cayman Islands,2.0,0.0
2011-04,NUS,U.S.,NCS,Costa Rica,65.0,2.0
2011-04,NUS,U.S.,NDR,Dominican Republic,45.0,2.0
2011-04,NUS,U.S.,NEC,Ecuador,8.0,0.0
2011-04,NUS,U.S.,NEN,Estonia,240.0,8.0
2011-04,NUS,U.S.,NES,El Salvador,37.0,1.0
2011-04,NUS,U.S.,NGT,Guatemala,45.0,1.0
2011-04,NUS,U.S.,NHO,Honduras,47.0,2.0
2011-04,NUS,U.S.,NIC,Iceland,310.0,10.0
2011-04,NUS,U.S.,NIS,Israel,321.0,11.0
2011-04,NUS,U.S.,NNI,Nigeria,300.0,10.0
2011-04,NUS,U.S.,NPM,Panama,402.0,13.0
2011-04,NUS,U.S.,NUK,United Kingdom,300.0,10.0
2011-04,NUS,U.S.,Z00,,3059.0,102.0
2011-04,R10,PADD 1,NAV,Anguilla,1.0,0.0
2011-04,R10,PADD 1,NCA,Canada,1.0,0.0
2011-04,R10,PADD 1,NEN,Estonia,240.0,8.0
2011-04,R10,PADD 1,Z00,,241.0,8.0
2011-04,R20,PADD 2,NCA,Canada,100.0,3.0
2011-04,R20,PADD 2,Z00,,100.0,3.0
2011-04,R30,PADD 3,NBF,Bahama Islands,41.0,1.0
2011-04,R30,PADD 3,NBH,Belize,7.0,0.0
2011-04,R30,PADD 3,NCI,Chile,107.0,4.0
2011-04,R30,PADD 3,NCJ,Cayman Islands,2.0,0.0
2011-04,R30,PADD 3,NCS,Costa Rica,65.0,2.0
2011-04,R30,PADD 3,NDR,Dominican Republic,45.0,2.0
2011-04,R30,PADD 3,NEC,Ecuador,8.0,0.0
2011-04,R30,PADD 3,NES,El Salvador,37.0,1.0
2011-04,R30,PADD 3,NGT,Guatemala,45.0,1.0
2011-04,R30,PADD 3,NHO,Honduras,47.0,2.0
2011-04,R30,PADD 3,NIC,Iceland,310.0,10.0
2011-04,R30,PADD 3,NIS,Israel,321.0,11.0
2011-04,R30,PADD 3,NNI,Nigeria,300.0,10.0
2011-04,R30,PADD 3,NPM,Panama,402.0,13.0
2011-04,R30,PADD 3,NUK,United Kingdom,300.0,10.0
2011-04,R30,PADD 3,Z00,,2035.0,68.0
2011-04,R40,PADD 4,NCA,Canada,0.0,0.0
2011-04,R40,PADD 4,Z00,,0.0,0.0
2011-04,R50,PADD 5,NCA,Canada,683.0,23.0
2011-04,R50,PADD 5,Z00,,683.0,23.0
2011-05,NUS,U.S.,NBF,Bahama Islands,86.0,3.0
2011-05,NUS,U.S.,NBH,Belize,11.0,0.0
2011-05,NUS,U.S.,NCA,Canada,680.0,22.0
2011-05,NUS,U.S.,NCH,China,0.0,0.0
2011-05,NUS,U.S.,NCI,Chile,83.0,3.0
2011-05,NUS,U.S.,NCJ,Cayman Islands,20.0,1.0
2011-05,NUS,U.S.,NCS,Costa Rica,67.0,2.0
2011-05,NUS,U.S.,NDR,Dominican Republic,111.0,4.0
2011-05,NUS,U.S.,NEN,Estonia,245.0,8.0
2011-05,NUS,U.S.,NES,El Salvador,59.0,2.0
2011-05,NUS,U.S.,NGT,Guatemala,53.0,2.0
2011-05,NUS,U.S.,NHO,Honduras,52.0,2.0
2011-05,NUS,U.S.,NIT,Italy,9.0,0.0
2011-05,NUS,U.S.,NKE,Kenya,11.0,0.0
2011-05,NUS,U.S.,NMX,Mexico,0.0,0.0
2011-05,NUS,U.S.,NNL,Netherlands,235.0,8.0
2011-05,NUS,U.S.,NPK,Pakistan,11.0,0.0
2011-05,NUS,U.S.,NTC,United Arab Emirates,0.0,0.0
2011-05,NUS,U.S.,Z00,,1733.0,56.0
2011-05,R10,PADD 1,NCA,Canada,0.0,0.0
2011-05,R10,PADD 1,NEN,Estonia,245.0,8.0
2011-05,R10,PADD 1,NNL,Netherlands,235.0,8.0
2011-05,R10,PADD 1,NTC,United Arab Emirates,0.0,0.0
2011-05,R10,PADD 1,Z00,,481.0,16.0
2011-05,R20,PADD 2,NCA,Canada,105.0,3.0
2011-05,R20,PADD 2,Z00,,105.0,3.0
2011-05,R30,PADD 3,NBF,Bahama Islands,86.0,3.0
2011-05,R30,PADD 3,NBH,Belize,11.0,0.0
2011-05,R30,PADD 3,NCA,Canada,191.0,6.0
2011-05,R30,PADD 3,NCI,Chile,83.0,3.0
2011-05,R30,PADD 3,NCJ,Cayman Islands,20.0,1.0
2011-05,R30,PADD 3,NCS,Costa Rica,67.0,2.0
2011-05,R30,PADD 3,NDR,Dominican Republic,111.0,4.0
2011-05,R30,PADD 3,NES,El Salvador,59.0,2.0
2011-05,R30,PADD 3,NGT,Guatemala,53.0,2.0
2011-05,R30,PADD 3,NHO,Honduras,52.0,2.0
2011-05,R30,PADD 3,NIT,Italy,9.0,0.0
2011-05,R30,PADD 3,NKE,Kenya,11.0,0.0
2011-05,R30,PADD 3,NPK,Pakistan,11.0,0.0
2011-05,R30,PADD 3,Z00,,763.0,25.0
2011-05,R50,PADD 5,NCA,Canada,383.0,12.0
2011-05,R50,PADD 5,NCH,China,0.0,0.0
2011-05,R50,PADD 5,NMX,Mexico,0.0,0.0
2011-05,R50,PADD 5,Z00,,384.0,12.0
2011-06,NUS,U.S.,NAR,Argentina,126.0,4.0
2011-06,NUS,U.S.,NBD,Bermuda,45.0,2.0
2011-06,NUS,U.S.,NBF,Bahama Islands,48.0,2.0
2011-06,NUS,U.S.,NBH,Belize,6.0,0.0
2011-06,NUS,U.S.,NCA,Canada,749.0,25.0
2011-06,NUS,U.S.,NCS,Costa Rica,70.0,2.0
2011-06,NUS,U.S.,NDR,Dominican Republic,32.0,1.0
2011-06,NUS,U.S.,NEN,Estonia,239.0,8.0
2011-06,NUS,U.S.,NES,El Salvador,60.0,2.0
2011-06,NUS,U.S.,NFR,France,300.0,10.0
2011-06,NUS,U.S.,NGR,Greece,12.0,0.0
2011-06,NUS,U.S.,NGT,Guatemala,33.0,1.0
2011-06,NUS,U.S.,NHO,Honduras,31.0,1.0
2011-06,NUS,U.S.,NIS,Israel,321.0,11.0
2011-06,NUS,U.S.,NPM,Panama,149.0,5.0
2011-06,NUS,U.S.,Z00,,2221.0,74.0
2011-06,R10,PADD 1,NCA,Canada,1.0,0.0
2011-06,R10,PADD 1,NEN,Estonia,239.0,8.0
2011-06,R10,PADD 1,Z00,,241.0,8.0
2011-06,R20,PADD 2,NCA,Canada,137.0,5.0
2011-06,R20,PADD 2,Z00,,137.0,5.0
2011-06,R30,PADD 3,NAR,Argentina,126.0,4.0
2011-06,R30,PADD 3,NBD,Bermuda,45.0,2.0
2011-06,R30,PADD 3,NBF,Bahama Islands,48.0,2.0
2011-06,R30,PADD 3,NBH,Belize,6.0,0.0
2011-06,R30,PADD 3,NCS,Costa Rica,70.0,2.0
2011-06,R30,PADD 3,NDR,Dominican Republic,32.0,1.0
2011-06,R30,PADD 3,NES,El Salvador,60.0,2.0
2011-06,R30,PADD 3,NFR,France,300.0,10.0
2011-06,R30,PADD 3,NGR,Greece,12.0,0.0
2011-06,R30,PADD 3,NGT,Guatemala,33.0,1.0
2011-06,R30,PADD 3,NHO,Honduras,31.0,1.0
2011-06,R30,PADD 3,NIS,Israel,321.0,11.0
2011-06,R30,PADD 3,NPM,Panama,149.0,5.0
2011-06,R30,PADD 3,Z00,,1233.0,41.0
2011-06,R40,PADD 4,NCA,Canada,0.0,0.0
2011-06,R40,PADD 4,Z00,,0.0,0.0
2011-06,R50,PADD 5,NCA,Canada,611.0,20.0
2011-06,R50,PADD 5,Z00,,611.0,20.0
2011-07,NUS,U.S.,NAR,Argentina,93.0,3.0
2011-07,NUS,U.S.,NBF,Bahama Islands,87.0,3.0
2011-07,NUS,U.S.,NBH,Belize,20.0,1.0
2011-07,NUS,U.S.,NCA,Canada,774.0,25.0
2011-07,NUS,U.S.,NCI,Chile,94.0,3.0
2011-07,NUS,U.S.,NCJ,Cayman Islands,8.0,0.0
2011-07,NUS,U.S.,NDR,Dominican Republic,63.0,2.0
2011-07,NUS,U.S.,NES,El Salvador,50.0,2.0
2011-07,NUS,U.S.,NFR,France,1227.0,40.0
2011-07,NUS,U.S.,NGI,Gibraltar,317.0,10.0
2011-07,NUS,U.S.,NGT,Guatemala,48.0,2.0
2011-07,NUS,U.S.,NGY,Guyana,1.0,0.0
2011-07,NUS,U.S.,NHO,Honduras,42.0,1.0
2011-07,NUS,U.S.,NNI,Nigeria,234.0,8.0
2011-07,NUS,U.S.,NNL,Netherlands,48.0,2.0
2011-07,NUS,U.S.,NPM,Panama,283.0,9.0
2011-07,NUS,U.S.,Z00,,3390.0,109.0
2011-07,R10,PADD 1,NBF,Bahama Islands,1.0,0.0
2011-07,R10,PADD 1,NCA,Canada,1.0,0.0
2011-07,R10,PADD 1,NGY,Guyana,1.0,0.0
2011-07,R10,PADD 1,NNI,Nigeria,234.0,8.0
2011-07,R10,PADD 1,Z00,,238.0,8.0
2011-07,R20,PADD 2,NCA,Canada,220.0,7.0
2011-07,R20,PADD 2,Z00,,220.0,7.0
2011-07,R30,PADD 3,NAR,Argentina,93.0,3.0
2011-07,R30,PADD 3,NBF,Bahama Islands,86.0,3.0
2011-07,R30,PADD 3,NBH,Belize,20.0,1.0
2011-07,R30,PADD 3,NCJ,Cayman Islands,8.0,0.0
2011-07,R30,PADD 3,NDR,Dominican Republic,63.0,2.0
2011-07,R30,PADD 3,NES,El Salvador,50.0,2.0
2011-07,R30,PADD 3,NFR,France,1227.0,40.0
2011-07,R30,PADD 3,NGI,Gibraltar,317.0,10.0
2011-07,R30,PADD 3,NGT,Guatemala,48.0,2.0
2011-07,R30,PADD 3,NHO,Honduras,42.0,1.0
2011-07,R30,PADD 3,NNL,Netherlands,48.0,2.0
2011-07,R30,PADD 3,NPM,Panama,283.0,9.0
2011-07,R30,PADD 3,Z00,,2285.0,74.0
2011-07,R50,PADD 5,NCA,Canada,553.0,18.0
2011-07,R50,PADD 5,NCI,Chile,94.0,3.0
2011-07,R50,PADD 5,Z00,,647.0,21.0
2011-08,NUS,U.S.,NAR,Argentina,83.0,3.0
2011-08,NUS,U.S.,NAS,Australia,19.0,1.0
2011-08,NUS,U.S.,NBD,Bermuda,45.0,1.0
2011-08,NUS,U.S.,NBF,Bahama Islands,45.0,1.0
2011-08,NUS,U.S.,NBH,Belize,8.0,0.0
2011-08,NUS,U.S.,NBN,Benin,254.0,8.0
2011-08,NUS,U.S.,NCA,Canada,911.0,29.0
2011-08,NUS,U.S.,NCI,Chile,88.0,3.0
2011-08,NUS,U.S.,NCJ,Cayman Islands,6.0,0.0
2011-08,NUS,U.S.,NCS,Costa Rica,75.0,2.0
2011-08,NUS,U.S.,NDR,Dominican Republic,34.0,1.0
2011-08,NUS,U.S.,NES,El Salvador,45.0,1.0
2011-08,NUS,U.S.,NGT,Guatemala,72.0,2.0
2011-08,NUS,U.S.,NHO,Honduras,49.0,2.0
2011-08,NUS,U.S.,NIS,Israel,366.0,12.0
2011-08,NUS,U.S.,NKE,Kenya,10.0,0.0
2011-08,NUS,U.S.,NNL,Netherlands,309.0,10.0
2011-08,NUS,U.S.,NPE,Peru,105.0,3.0
2011-08,NUS,U.S.,NPK,Pakistan,9.0,0.0
2011-08,NUS,U.S.,NPM,Panama,253.0,8.0
2011-08,NUS,U.S.,NSF,South Africa,19.0,1.0
2011-08,NUS,U.S.,Z00,,2806.0,91.0
2011-08,R10,PADD 1,NBF,Bahama Islands,0.0,0.0
2011-08,R10,PADD 1,NBN,Benin,254.0,8.0
2011-08,R10,PADD 1,NCA,Canada,239.0,8.0
2011-08,R10,PADD 1,Z00,,494.0,16.0
2011-08,R20,PADD 2,NCA,Canada,132.0,4.0
2011-08,R20,PADD 2,Z00,,132.0,4.0
2011-08,R30,PADD 3,NAR,Argentina,83.0,3.0
2011-08,R30,PADD 3,NAS,Australia,19.0,1.0
2011-08,R30,PADD 3,NBD,Bermuda,45.0,1.0
2011-08,R30,PADD 3,NBF,Bahama Islands,45.0,1.0
2011-08,R30,PADD 3,NBH,Belize,8.0,0.0
2011-08,R30,PADD 3,NCJ,Cayman Islands,6.0,0.0
2011-08,R30,PADD 3,NCS,Costa Rica,75.0,2.0
2011-08,R30,PADD 3,NDR,Dominican Republic,34.0,1.0
2011-08,R30,PADD 3,NES,El Salvador,45.0,1.0
2011-08,R30,PADD 3,NGT,Guatemala,72.0,2.0
2011-08,R30,PADD 3,NHO,Honduras,49.0,2.0
2011-08,R30,PADD 3,NIS,Israel,366.0,12.0
2011-08,R30,PADD 3,NKE,Kenya,10.0,0.0
2011-08,R30,PADD 3,NPE,Peru,105.0,3.0
2011-08,R30,PADD 3,NPK,Pakistan,9.0,0.0
2011-08,R30,PADD 3,NPM,Panama,253.0,8.0
2011-08,R30,PADD 3,NSF,South Africa,19.0,1.0
2011-08,R30,PADD 3,Z00,,1242.0,40.0
2011-08,R50,PADD 5,NCA,Canada,539.0,17.0
2011-08,R50,PADD 5,NCI,Chile,88.0,3.0
2011-08,R50,PADD 5,NNL,Netherlands,309.0,10.0
2011-08,R50,PADD 5,Z00,,937.0,30.0
2011-09,NUS,U.S.,NAR,Argentina,63.0,2.0
2011-09,NUS,U.S.,NBF,Bahama Islands,20.0,1.0
2011-09,NUS,U.S.,NCA,Canada,1665.0,56.0
2011-09,NUS,U.S.,NCI,Chile,100.0,3.0
2011-09,NUS,U.S.,NCJ,Cayman Islands,5.0,0.0
2011-09,NUS,U.S.,NCS,Costa Rica,70.0,2.0
2011-09,NUS,U.S.,NDR,Dominican Republic,40.0,1.0
2011-09,NUS,U.S.,NES,El Salvador,43.0,1.0
2011-09,NUS,U.S.,NGT,Guatemala,38.0,1.0
2011-09,NUS,U.S.,NHO,Honduras,48.0,2.0
2011-09,NUS,U.S.,NIC,Iceland,296.0,10.0
2011-09,NUS,U.S.,NJM,Jamaica,74.0,2.0
2011-09,NUS,U.S.,NPM,Panama,311.0,10.0
2011-09,NUS,U.S.,NUK,United Kingdom,315.0,10.0
2011-09,NUS,U.S.,Z00,,3089.0,103.0
2011-09,R10,PADD 1,NBF,Bahama Islands,0.0,0.0
2011-09,R10,PADD 1,NCA,Canada,1.0,0.0
2011-09,R10,PADD 1,NCI,Chile,0.0,0.0
2011-09,R10,PADD 1,Z00,,1.0,0.0
2011-09,R20,PADD 2,NCA,Canada,284.0,9.0
2011-09,R20,PADD 2,Z00,,284.0,9.0
2011-09,R30,PADD 3,NAR,Argentina,63.0,2.0
2011-09,R30,PADD 3,NBF,Bahama Islands,20.0,1.0
2011-09,R30,PADD 3,NCA,Canada,272.0,9.0
2011-09,R30,PADD 3,NCI,Chile,100.0,3.0
2011-09,R30,PADD 3,NCJ,Cayman Islands,5.0,0.0
2011-09,R30,PADD 3,NCS,Costa Rica,70.0,2.0
2011-09,R30,PADD 3,NDR,Dominican Republic,40.0,1.0
2011-09,R30,PADD 3,NES,El Salvador,43.0,1.0
2011-09,R30,PADD 3,NGT,Guatemala,38.0,1.0
2011-09,R30,PADD 3,NHO,Honduras,48.0,2.0
2011-09,R30,PADD 3,NIC,Iceland,296.0,10.0
2011-09,R30,PADD 3,NJM,Jamaica,74.0,2.0
2011-09,R30,PADD 3,NPM,Panama,311.0,10.0
2011-09,R30,PADD 3,Z00,,1380.0,46.0
2011-09,R50,PADD 5,NCA,Canada,1109.0,37.0
2011-09,R50,PADD 5,NUK,United Kingdom,315.0,10.0
2011-09,R50,PADD 5,Z00,,1424.0,47.0
2011-10,NUS,U.S.,NAR,Argentina,0.0,0.0
2011-10,NUS,U.S.,NBF,Bahama Islands,28.0,1.0
2011-10,NUS,U.S.,NBH,Belize,4.0,0.0
2011-10,NUS,U.S.,NBR,Brazil,279.0,9.0
2011-10,NUS,U.S.,NCA,Canada,908.0,29.0
2011-10,NUS,U.S.,NCO,Colombia,45.0,1.0
2011-10,NUS,U.S.,NCS,Costa Rica,74.0,2.0
2011-10,NUS,U.S.,NDR,Dominican Republic,53.0,2.0
2011-10,NUS,U.S.,NES,El Salvador,71.0,2.0
2011-10,NUS,U.S.,NGT,Guatemala,33.0,1.0
2011-10,NUS,U.S.,NHO,Honduras,59.0,2.0
2011-10,NUS,U.S.,NIS,Israel,197.0,6.0
2011-10,NUS,U.S.,NNO,Norway,298.0,10.0
2011-10,NUS,U.S.,NPE,Peru,94.0,3.0
2011-10,NUS,U.S.,NPM,Panama,272.0,9.0
2011-10,NUS,U.S.,NTK,Turks and Caicos Islands,3.0,0.0
2011-10,NUS,U.S.,Z00,,2419.0,78.0
2011-10,R10,PADD 1,NAR,Argentina,0.0,0.0
2011-10,R10,PADD 1,NBF,Bahama Islands,0.0,0.0
2011-10,R10,PADD 1,NCA,Canada,2.0,0.0
2011-10,R10,PADD 1,NTK,Turks and Caicos Islands,3.0,0.0
2011-10,R10,PADD 1,Z00,,5.0,0.0
2011-10,R20,PADD 2,NCA,Canada,136.0,4.0
2011-10,R20,PADD 2,Z00,,136.0,4.0
2011-10,R30,PADD 3,NBF,Bahama Islands,28.0,1.0
2011-10,R30,PADD 3,NBH,Belize,4.0,0.0
2011-10,R30,PADD 3,NBR,Brazil,279.0,9.0
2011-10,R30,PADD 3,NCA,Canada,235.0,8.0
2011-10,R30,PADD 3,NCO,Colombia,45.0,1.0
2011-10,R30,PADD 3,NCS,Costa Rica,74.0,2.0
2011-10,R30,PADD 3,NDR,Dominican Republic,53.0,2.0
2011-10,R30,PADD 3,NES,El Salvador,71.0,2.0
2011-10,R30,PADD 3,NGT,Guatemala,33.0,1.0
2011-10,R30,PADD 3,NHO,Honduras,59.0,2.0
2011-10,R30,PADD 3,NIS,Israel,197.0,6.0
2011-10,R30,PADD 3,NNO,Norway,298.0,10.0
2011-10,R30,PADD 3,NPE,Peru,94.0,3.0
2011-10,R30,PADD 3,NPM,Panama,272.0,9.0
2011-10,R30,PADD 3,Z00,,1742.0,56.0
2011-10,R50,PADD 5,NCA,Canada,536.0,17.0
2011-10,R50,PADD 5,Z00,,536.0,17.0
2011-11,NUS,U.S.,NAR,Argentina,64.0,2.0
2011-11,NUS,U.S.,NAS,Australia,0.0,0.0
2011-11,NUS,U.S.,NBD,Bermuda,45.0,2.0
2011-11,NUS,U.S.,NBF,Bahama Islands,34.0,1.0
2011-11,NUS,U.S.,NBH,Belize,9.0,0.0
2011-11,NUS,U.S.,NBR,Brazil,293.0,10.0
2011-11,NUS,U.S.,NCA,Canada,1356.0,45.0
2011-11,NUS,U.S.,NCI,Chile,145.0,5.0
2011-11,NUS,U.S.,NCJ,Cayman Islands,10.0,0.0
2011-11,NUS,U.S.,NCS,Costa Rica,123.0,4.0
2011-11,NUS,U.S.,NDR,Dominican Republic,56.0,2.0
2011-11,NUS,U.S.,NEC,Ecuador,4.0,0.0
2011-11,NUS,U.S.,NES,El Salvador,63.0,2.0
2011-11,NUS,U.S.,NFI,Finland,311.0,10.0
2011-11,NUS,U.S.,NGR,Greece,16.0,1.0
2011-11,NUS,U.S.,NGT,Guatemala,68.0,2.0
2011-11,NUS,U.S.,NHO,Honduras,53.0,2.0
2011-11,NUS,U.S.,NIS,Israel,235.0,8.0
2011-11,NUS,U.S.,NMX,Mexico,0.0,0.0
2011-11,NUS,U.S.,NPM,Panama,286.0,10.0
2011-11,NUS,U.S.,NTK,Turks and Caicos Islands,4.0,0.0
2011-11,NUS,U.S.,Z00,,3173.0,106.0
2011-11,R10,PADD 1,NAS,Australia,0.0,0.0
2011-11,R10,PADD 1,NBF,Bahama Islands,1.0,0.0
2011-11,R10,PADD 1,NCA,Canada,92.0,3.0
2011-11,R10,PADD 1,NTK,Turks and Caicos Islands,4.0,0.0
2011-11,R10,PADD 1,Z00,,97.0,3.0
2011-11,R20,PADD 2,NCA,Canada,111.0,4.0
2011-11,R20,PADD 2,Z00,,111.0,4.0
2011-11,R30,PADD 3,NAR,Argentina,64.0,2.0
2011-11,R30,PADD 3,NBD,Bermuda,45.0,2.0
2011-11,R30,PADD 3,NBF,Bahama Islands,33.0,1.0
2011-11,R30,PADD 3,NBH,Belize,9.0,0.0
2011-11,R30,PADD 3,NBR,Brazil,293.0,10.0
2011-11,R30,PADD 3,NCA,Canada,600.0,20.0
2011-11,R30,PADD 3,NCI,Chile,145.0,5.0
2011-11,R30,PADD 3,NCJ,Cayman Islands,10.0,0.0
2011-11,R30,PADD 3,NCS,Costa Rica,123.0,4.0
2011-11,R30,PADD 3,NDR,Dominican Republic,56.0,2.0
2011-11,R30,PADD 3,NEC,Ecuador,4.0,0.0
2011-11,R30,PADD 3,NES,El Salvador,63.0,2.0
2011-11,R30,PADD 3,NFI,Finland,311.0,10.0
2011-11,R30,PADD 3,NGR,Greece,16.0,1.0
2011-11,R30,PADD 3,NGT,Guatemala,68.0,2.0
2011-11,R30,PADD 3,NHO,Honduras,53.0,2.0
2011-11,R30,PADD 3,NIS,Israel,235.0,8.0
2011-11,R30,PADD 3,NMX,Mexico,0.0,0.0
2011-11,R30,PADD 3,NPM,Panama,286.0,10.0
2011-11,R30,PADD 3,Z00,,2412.0,80.0
2011-11,R50,PADD 5,NCA,Canada,554.0,18.0
2011-11,R50,PADD 5,Z00,,554.0,18.0
2011-12,NUS,U.S.,NAU,Austria,9.0,0.0
2011-12,NUS,U.S.,NBF,Bahama Islands,96.0,3.0
2011-12,NUS,U.S.,NBH,Belize,14.0,0.0
2011-12,NUS,U.S.,NCA,Canada,1862.0,60.0
2011-12,NUS,U.S.,NCI,Chile,382.0,12.0
2011-12,NUS,U.S.,NCJ,Cayman Islands,5.0,0.0
2011-12,NUS,U.S.,NCS,Costa Rica,190.0,6.0
2011-12,NUS,U.S.,NDR,Dominican Republic,68.0,2.0
2011-12,NUS,U.S.,NES,El Salvador,33.0,1.0
2011-12,NUS,U.S.,NFR,France,289.0,9.0
2011-12,NUS,U.S.,NGT,Guatemala,42.0,1.0
2011-12,NUS,U.S.,NHO,Honduras,50.0,2.0
2011-12,NUS,U.S.,NIC,Iceland,315.0,10.0
2011-12,NUS,U.S.,NIS,Israel,220.0,7.0
2011-12,NUS,U.S.,NMX,Mexico,78.0,3.0
2011-12,NUS,U.S.,NPE,Peru,136.0,4.0
2011-12,NUS,U.S.,NPM,Panama,215.0,7.0
2011-12,NUS,U.S.,NSF,South Africa,9.0,0.0
2011-12,NUS,U.S.,NTK,Turks and Caicos Islands,3.0,0.0
2011-12,NUS,U.S.,NUY,Uruguay,13.0,0.0
2011-12,NUS,U.S.,Z00,,4027.0,130.0
2011-12,R10,PADD 1,NBF,Bahama Islands,0.0,0.0
2011-12,R10,PADD 1,NCA,Canada,1.0,0.0
2011-12,R10,PADD 1,NTK,Turks and Caicos Islands,3.0,0.0
2011-12,R10,PADD 1,Z00,,4.0,0.0
2011-12,R20,PADD 2,NCA,Canada,904.0,29.0
2011-12,R20,PADD 2,Z00,,904.0,29.0
2011-12,R30,PADD 3,NAU,Austria,9.0,0.0
2011-12,R30,PADD 3,NBF,Bahama Islands,96.0,3.0
2011-12,R30,PADD 3,NBH,Belize,14.0,0.0
2011-12,R30,PADD 3,NCA,Canada,150.0,5.0
2011-12,R30,PADD 3,NCJ,Cayman Islands,5.0,0.0
2011-12,R30,PADD 3,NCS,Costa Rica,190.0,6.0
2011-12,R30,PADD 3,NDR,Dominican Republic,68.0,2.0
2011-12,R30,PADD 3,NES,El Salvador,33.0,1.0
2011-12,R30,PADD 3,NFR,France,289.0,9.0
2011-12,R30,PADD 3,NGT,Guatemala,42.0,1.0
2011-12,R30,PADD 3,NHO,Honduras,50.0,2.0
2011-12,R30,PADD 3,NIC,Iceland,315.0,10.0
2011-12,R30,PADD 3,NIS,Israel,220.0,7.0
2011-12,R30,PADD 3,NMX,Mexico,78.0,3.0
2011-12,R30,PADD 3,NPE,Peru,136.0,4.0
2011-12,R30,PADD 3,NPM,Panama,215.0,7.0
2011-12,R30,PADD 3,NSF,South Africa,9.0,0.0
2011-12,R30,PADD 3,NUY,Uruguay,13.0,0.0
2011-12,R30,PADD 3,Z00,,1930.0,62.0
2011-12,R50,PADD 5,NCA,Canada,807.0,26.0
2011-12,R50,PADD 5,NCI,Chile,382.0,12.0
2011-12,R50,PADD 5,Z00,,1189.0,38.0
2012-01,NUS,U.S.,NAR,Argentina,168.0,5.0
2012-01,NUS,U.S.,NBF,Bahama Islands,41.0,1.0
2012-01,NUS,U.S.,NBH,Belize,27.0,1.0
2012-01,NUS,U.S.,NBR,Brazil,40.0,1.0
2012-01,NUS,U.S.,NCA,Canada,1856.0,60.0
2012-01,NUS,U.S.,NCI,Chile,323.0,10.0
2012-01,NUS,U.S.,NCJ,Cayman Islands,14.0,0.0
2012-01,NUS,U.S.,NCO,Colombia,30.0,1.0
2012-01,NUS,U.S.,NCS,Costa Rica,66.0,2.0
2012-01,NUS,U.S.,NDR,Dominican Republic,57.0,2.0
2012-01,NUS,U.S.,NES,El Salvador,35.0,1.0
2012-01,NUS,U.S.,NFR,France,180.0,6.0
2012-01,NUS,U.S.,NGP,Guadeloupe,34.0,1.0
2012-01,NUS,U.S.,NGT,Guatemala,58.0,2.0
2012-01,NUS,U.S.,NHO,Honduras,53.0,2.0
2012-01,NUS,U.S.,NKE,Kenya,9.0,0.0
2012-01,NUS,U.S.,NMB,Martinique,16.0,1.0
2012-01,NUS,U.S.,NMX,Mexico,117.0,4.0
2012-01,NUS,U.S.,NPE,Peru,143.0,5.0
2012-01,NUS,U.S.,NPM,Panama,292.0,9.0
2012-01,NUS,U.S.,NTK,Turks and Caicos Islands,3.0,0.0
2012-01,NUS,U.S.,Z00,,3562.0,115.0
2012-01,R10,PADD 1,NAR,Argentina,0.0,0.0
2012-01,R10,PADD 1,NBF,Bahama Islands,1.0,0.0
2012-01,R10,PADD 1,NCA,Canada,2.0,0.0
2012-01,R10,PADD 1,NTK,Turks and Caicos Islands,3.0,0.0
2012-01,R10,PADD 1,Z00,,6.0,0.0
2012-01,R20,PADD 2,NCA,Canada,351.0,11.0
2012-01,R20,PADD 2,Z00,,351.0,11.0
2012-01,R30,PADD 3,NAR,Argentina,168.0,5.0
2012-01,R30,PADD 3,NBF,Bahama Islands,40.0,1.0
2012-01,R30,PADD 3,NBH,Belize,27.0,1.0
2012-01,R30,PADD 3,NBR,Brazil,40.0,1.0
2012-01,R30,PADD 3,NCI,Chile,323.0,10.0
2012-01,R30,PADD 3,NCJ,Cayman Islands,14.0,0.0
2012-01,R30,PADD 3,NCO,Colombia,30.0,1.0
2012-01,R30,PADD 3,NCS,Costa Rica,66.0,2.0
2012-01,R30,PADD 3,NDR,Dominican Republic,57.0,2.0
2012-01,R30,PADD 3,NES,El Salvador,35.0,1.0
2012-01,R30,PADD 3,NFR,France,180.0,6.0
2012-01,R30,PADD 3,NGP,Guadeloupe,34.0,1.0
2012-01,R30,PADD 3,NGT,Guatemala,58.0,2.0
2012-01,R30,PADD 3,NHO,Honduras,53.0,2.0
2012-01,R30,PADD 3,NKE,Kenya,9.0,0.0
2012-01,R30,PADD 3,NMB,Martinique,16.0,1.0
2012-01,R30,PADD 3,NMX,Mexico,117.0,4.0
2012-01,R30,PADD 3,NPE,Peru,143.0,5.0
2012-01,R30,PADD 3,NPM,Panama,292.0,9.0
2012-01,R30,PADD 3,Z00,,1702.0,55.0
2012-01,R40,PADD 4,NCA,Canada,11.0,0.0
2012-01,R40,PADD 4,Z00,,11.0,0.0
2012-01,R50,PADD 5,NCA,Canada,1492.0,48.0
2012-01,R50,PADD 5,Z00,,1492.0,48.0
2012-02,NUS,U.S.,NBD,Bermuda,35.0,1.0
2012-02,NUS,U.S.,NBF,Bahama Islands,74.0,3.0
2012-02,NUS,U.S.,NCA,Canada,2328.0,80.0
2012-02,NUS,U.S.,NCJ,Cayman Islands,13.0,0.0
2012-02,NUS,U.S.,NCS,Costa Rica,63.0,2.0
2012-02,NUS,U.S.,NDR,Dominican Republic,144.0,5.0
2012-02,NUS,U.S.,NES,El Salvador,43.0,1.0
2012-02,NUS,U.S.,NGP,Guadeloupe,76.0,3.0
2012-02,NUS,U.S.,NGT,Guatemala,36.0,1.0
2012-02,NUS,U.S.,NHO,Honduras,41.0,1.0
2012-02,NUS,U.S.,NIS,Israel,210.0,7.0
2012-02,NUS,U.S.,NMB,Martinique,30.0,1.0
2012-02,NUS,U.S.,NMX,Mexico,68.0,2.0
2012-02,NUS,U.S.,NPK,Pakistan,9.0,0.0
2012-02,NUS,U.S.,NPM,Panama,465.0,16.0
2012-02,NUS,U.S.,NSF,South Africa,9.0,0.0
2012-02,NUS,U.S.,NTK,Turks and Caicos Islands,5.0,0.0
2012-02,NUS,U.S.,Z00,,3650.0,126.0
2012-02,R10,PADD 1,NBF,Bahama Islands,1.0,0.0
2012-02,R10,PADD 1,NCA,Canada,266.0,9.0
2012-02,R10,PADD 1,NTK,Turks and Caicos Islands,5.0,0.0
2012-02,R10,PADD 1,Z00,,272.0,9.0
2012-02,R20,PADD 2,NCA,Canada,390.0,13.0
2012-02,R20,PADD 2,Z00,,390.0,13.0
2012-02,R30,PADD 3,NBD,Bermuda,35.0,1.0
2012-02,R30,PADD 3,NBF,Bahama Islands,73.0,3.0
2012-02,R30,PADD 3,NCA,Canada,538.0,19.0
2012-02,R30,PADD 3,NCJ,Cayman Islands,13.0,0.0
2012-02,R30,PADD 3,NCS,Costa Rica,63.0,2.0
2012-02,R30,PADD 3,NDR,Dominican Republic,144.0,5.0
2012-02,R30,PADD 3,NES,El Salvador,43.0,1.0
2012-02,R30,PADD 3,NGP,Guadeloupe,76.0,3.0
2012-02,R30,PADD 3,NGT,Guatemala,36.0,1.0
2012-02,R30,PADD 3,NHO,Honduras,41.0,1.0
2012-02,R30,PADD 3,NIS,Israel,210.0,7.0
2012-02,R30,PADD 3,NMB,Martinique,30.0,1.0
2012-02,R30,PADD 3,NMX,Mexico,68.0,2.0
2012-02,R30,PADD 3,NPK,Pakistan,9.0,0.0
2012-02,R30,PADD 3,NPM,Panama,465.0,16.0
2012-02,R30,PADD 3,NSF,South Africa,9.0,0.0
2012-02,R30,PADD 3,Z00,,1853.0,64.0
2012-02,R50,PADD 5,NCA,Canada,1134.0,39.0
2012-02,R50,PADD 5,Z00,,1134.0,39.0
2012-03,NUS,U.S.,NBF,Bahama Islands,35.0,1.0
2012-03,NUS,U.S.,NBR,Brazil,177.0,6.0
2012-03,NUS,U.S.,NCA,Canada,1482.0,48.0
2012-03,NUS,U.S.,NCI,Chile,437.0,14.0
2012-03,NUS,U.S.,NCJ,Cayman Islands,13.0,0.0
2012-03,NUS,U.S.,NCS,Costa Rica,62.0,2.0
2012-03,NUS,U.S.,NDR,Dominican Republic,54.0,2.0
2012-03,NUS,U.S.,NES,El Salvador,50.0,2.0
2012-03,NUS,U.S.,NGT,Guatemala,44.0,1.0
2012-03,NUS,U.S.,NHO,Honduras,49.0,2.0
2012-03,NUS,U.S.,NIS,Israel,283.0,9.0
2012-03,NUS,U.S.,NNI,Nigeria,257.0,8.0
2012-03,NUS,U.S.,NPM,Panama,136.0,4.0
2012-03,NUS,U.S.,NTK,Turks and Caicos Islands,9.0,0.0
2012-03,NUS,U.S.,NTU,Turkiye,2.0,0.0
2012-03,NUS,U.S.,Z00,,3090.0,100.0
2012-03,R10,PADD 1,NBF,Bahama Islands,4.0,0.0
2012-03,R10,PADD 1,NCA,Canada,67.0,2.0
2012-03,R10,PADD 1,NTK,Turks and Caicos Islands,9.0,0.0
2012-03,R10,PADD 1,NTU,Turkiye,2.0,0.0
2012-03,R10,PADD 1,Z00,,82.0,3.0
2012-03,R20,PADD 2,NCA,Canada,535.0,17.0
2012-03,R20,PADD 2,Z00,,535.0,17.0
2012-03,R30,PADD 3,NBF,Bahama Islands,31.0,1.0
2012-03,R30,PADD 3,NBR,Brazil,177.0,6.0
2012-03,R30,PADD 3,NCA,Canada,70.0,2.0
2012-03,R30,PADD 3,NCI,Chile,165.0,5.0
2012-03,R30,PADD 3,NCJ,Cayman Islands,13.0,0.0
2012-03,R30,PADD 3,NCS,Costa Rica,62.0,2.0
2012-03,R30,PADD 3,NDR,Dominican Republic,54.0,2.0
2012-03,R30,PADD 3,NES,El Salvador,50.0,2.0
2012-03,R30,PADD 3,NGT,Guatemala,44.0,1.0
2012-03,R30,PADD 3,NHO,Honduras,49.0,2.0
2012-03,R30,PADD 3,NIS,Israel,283.0,9.0
2012-03,R30,PADD 3,NNI,Nigeria,257.0,8.0
2012-03,R30,PADD 3,NPM,Panama,136.0,4.0
2012-03,R30,PADD 3,Z00,,1391.0,45.0
2012-03,R50,PADD 5,NCA,Canada,811.0,26.0
2012-03,R50,PADD 5,NCI,Chile,272.0,9.0
2012-03,R50,PADD 5,Z00,,1083.0,35.0
2012-04,NUS,U.S.,NAR,Argentina,252.0,8.0
2012-04,NUS,U.S.,NBF,Bahama Islands,56.0,2.0
2012-04,NUS,U.S.,NCA,Canada,1488.0,50.0
2012-04,NUS,U.S.,NCJ,Cayman Islands,4.0,0.0
2012-04,NUS,U.S.,NCS,Costa Rica,66.0,2.0
2012-04,NUS,U.S.,NDR,Dominican Republic,184.0,6.0
2012-04,NUS,U.S.,NGT,Guatemala,78.0,3.0
2012-04,NUS,U.S.,NHO,Honduras,46.0,2.0
2012-04,NUS,U.S.,NMX,Mexico,80.0,3.0
2012-04,NUS,U.S.,NPE,Peru,0.0,0.0
2012-04,NUS,U.S.,NPM,Panama,439.0,15.0
2012-04,NUS,U.S.,NTK,Turks and Caicos Islands,5.0,0.0
2012-04,NUS,U.S.,Z00,,2697.0,90.0
2012-04,R10,PADD 1,NBF,Bahama Islands,8.0,0.0
2012-04,R10,PADD 1,NCA,Canada,3.0,0.0
2012-04,R10,PADD 1,NPE,Peru,0.0,0.0
2012-04,R10,PADD 1,NTK,Turks and Caicos Islands,5.0,0.0
2012-04,R10,PADD 1,Z00,,16.0,1.0
2012-04,R20,PADD 2,NCA,Canada,241.0,8.0
2012-04,R20,PADD 2,Z00,,241.0,8.0
2012-04,R30,PADD 3,NAR,Argentina,252.0,8.0
2012-04,R30,PADD 3,NBF,Bahama Islands,48.0,2.0
2012-04,R30,PADD 3,NCA,Canada,295.0,10.0
2012-04,R30,PADD 3,NCJ,Cayman Islands,4.0,0.0
2012-04,R30,PADD 3,NCS,Costa Rica,66.0,2.0
2012-04,R30,PADD 3,NDR,Dominican Republic,184.0,6.0
2012-04,R30,PADD 3,NGT,Guatemala,78.0,3.0
2012-04,R30,PADD 3,NHO,Honduras,46.0,2.0
2012-04,R30,PADD 3,NMX,Mexico,80.0,3.0
2012-04,R30,PADD 3,NPM,Panama,439.0,15.0
2012-04,R30,PADD 3,Z00,,1491.0,50.0
2012-04,R50,PADD 5,NCA,Canada,949.0,32.0
2012-04,R50,PADD 5,Z00,,949.0,32.0
2012-05,NUS,U.S.,NAS,Australia,2.0,0.0
2012-05,NUS,U.S.,NBA,Bahrain,0.0,0.0
2012-05,NUS,U.S.,NBD,Bermuda,34.0,1.0
2012-05,NUS,U.S.,NBF,Bahama Islands,46.0,1.0
2012-05,NUS,U.S.,NBR,Brazil,2.0,0.0
2012-05,NUS,U.S.,NCA,Canada,1228.0,40.0
2012-05,NUS,U.S.,NCJ,Cayman Islands,8.0,0.0
2012-05,NUS,U.S.,NCS,Costa Rica,110.0,4.0
2012-05,NUS,U.S.,NDR,Dominican Republic,56.0,2.0
2012-05,NUS,U.S.,NGG,Georgia,1.0,0.0
2012-05,NUS,U.S.,NGM,Germany,0.0,0.0
2012-05,NUS,U.S.,NGR,Greece,13.0,0.0
2012-05,NUS,U.S.,NGT,Guatemala,102.0,3.0
2012-05,NUS,U.S.,NHO,Honduras,35.0,1.0
2012-05,NUS,U.S.,NID,Indonesia,0.0,0.0
2012-05,NUS,U.S.,NIS,Israel,320.0,10.0
2012-05,NUS,U.S.,NIT,Italy,13.0,0.0
2012-05,NUS,U.S.,NKZ,Kazakhstan,1.0,0.0
2012-05,NUS,U.S.,NLH,Lithuania,0.0,0.0
2012-05,NUS,U.S.,NMX,Mexico,179.0,6.0
2012-05,NUS,U.S.,NNI,Nigeria,1133.0,37.0
2012-05,NUS,U.S.,NNU,Nicaragua,0.0,0.0
2012-05,NUS,U.S.,NPM,Panama,235.0,8.0
2012-05,NUS,U.S.,NTK,Turks and Caicos Islands,7.0,0.0
2012-05,NUS,U.S.,NUK,United Kingdom,325.0,10.0
2012-05,NUS,U.S.,NUY,Uruguay,14.0,0.0
2012-05,NUS,U.S.,Z00,,3864.0,125.0
2012-05,R10,PADD 1,NBA,Bahrain,0.0,0.0
2012-05,R10,PADD 1,NBF,Bahama Islands,6.0,0.0
2012-05,R10,PADD 1,NCA,Canada,39.0,1.0
2012-05,R10,PADD 1,NGG,Georgia,1.0,0.0
2012-05,R10,PADD 1,NGM,Germany,0.0,0.0
2012-05,R10,PADD 1,NKZ,Kazakhstan,1.0,0.0
2012-05,R10,PADD 1,NLH,Lithuania,0.0,0.0
2012-05,R10,PADD 1,NNU,Nicaragua,0.0,0.0
2012-05,R10,PADD 1,NTK,Turks and Caicos Islands,7.0,0.0
2012-05,R10,PADD 1,Z00,,54.0,2.0
2012-05,R20,PADD 2,NCA,Canada,182.0,6.0
2012-05,R20,PADD 2,Z00,,182.0,6.0
2012-05,R30,PADD 3,NBD,Bermuda,34.0,1.0
2012-05,R30,PADD 3,NBF,Bahama Islands,40.0,1.0
2012-05,R30,PADD 3,NBR,Brazil,2.0,0.0
2012-05,R30,PADD 3,NCJ,Cayman Islands,8.0,0.0
2012-05,R30,PADD 3,NCS,Costa Rica,110.0,4.0
2012-05,R30,PADD 3,NDR,Dominican Republic,56.0,2.0
2012-05,R30,PADD 3,NGR,Greece,13.0,0.0
2012-05,R30,PADD 3,NGT,Guatemala,102.0,3.0
2012-05,R30,PADD 3,NHO,Honduras,35.0,1.0
2012-05,R30,PADD 3,NIS,Israel,320.0,10.0
2012-05,R30,PADD 3,NIT,Italy,13.0,0.0
2012-05,R30,PADD 3,NMX,Mexico,176.0,6.0
2012-05,R30,PADD 3,NNI,Nigeria,1133.0,37.0
2012-05,R30,PADD 3,NPM,Panama,235.0,8.0
2012-05,R30,PADD 3,NUK,United Kingdom,325.0,10.0
2012-05,R30,PADD 3,NUY,Uruguay,14.0,0.0
2012-05,R30,PADD 3,Z00,,2616.0,84.0
2012-05,R50,PADD 5,NAS,Australia,2.0,0.0
2012-05,R50,PADD 5,NCA,Canada,1007.0,32.0
2012-05,R50,PADD 5,NID,Indonesia,0.0,0.0
2012-05,R50,PADD 5,NMX,Mexico,2.0,0.0
2012-05,R50,PADD 5,Z00,,1012.0,33.0
2012-06,NUS,U.S.,NAA,Aruba,87.0,3.0
2012-06,NUS,U.S.,NBF,Bahama Islands,74.0,2.0
2012-06,NUS,U.S.,NBH,Belize,24.0,1.0
2012-06,NUS,U.S.,NCA,Canada,1602.0,53.0
2012-06,NUS,U.S.,NCJ,Cayman Islands,12.0,0.0
2012-06,NUS,U.S.,NCO,Colombia,93.0,3.0
2012-06,NUS,U.S.,NDR,Dominican Republic,47.0,2.0
2012-06,NUS,U.S.,NGI,Gibraltar,317.0,11.0
2012-06,NUS,U.S.,NGT,Guatemala,19.0,1.0
2012-06,NUS,U.S.,NHO,Honduras,15.0,0.0
2012-06,NUS,U.S.,NIC,Iceland,164.0,5.0
2012-06,NUS,U.S.,NNI,Nigeria,300.0,10.0
2012-06,NUS,U.S.,NNL,Netherlands,305.0,10.0
2012-06,NUS,U.S.,NNO,Norway,164.0,5.0
2012-06,NUS,U.S.,NPM,Panama,476.0,16.0
2012-06,NUS,U.S.,NTK,Turks and Caicos Islands,5.0,0.0
2012-06,NUS,U.S.,NUK,United Kingdom,859.0,29.0
2012-06,NUS,U.S.,Z00,,4562.0,152.0
2012-06,R10,PADD 1,NBF,Bahama Islands,3.0,0.0
2012-06,R10,PADD 1,NCA,Canada,1.0,0.0
2012-06,R10,PADD 1,NTK,Turks and Caicos Islands,5.0,0.0
2012-06,R10,PADD 1,Z00,,8.0,0.0
2012-06,R20,PADD 2,NCA,Canada,200.0,7.0
2012-06,R20,PADD 2,Z00,,200.0,7.0
2012-06,R30,PADD 3,NAA,Aruba,87.0,3.0
2012-06,R30,PADD 3,NBF,Bahama Islands,71.0,2.0
2012-06,R30,PADD 3,NBH,Belize,24.0,1.0
2012-06,R30,PADD 3,NCA,Canada,316.0,11.0
2012-06,R30,PADD 3,NCJ,Cayman Islands,12.0,0.0
2012-06,R30,PADD 3,NCO,Colombia,93.0,3.0
2012-06,R30,PADD 3,NDR,Dominican Republic,47.0,2.0
2012-06,R30,PADD 3,NGI,Gibraltar,317.0,11.0
2012-06,R30,PADD 3,NGT,Guatemala,19.0,1.0
2012-06,R30,PADD 3,NHO,Honduras,15.0,0.0
2012-06,R30,PADD 3,NIC,Iceland,164.0,5.0
2012-06,R30,PADD 3,NNI,Nigeria,300.0,10.0
2012-06,R30,PADD 3,NNL,Netherlands,305.0,10.0
2012-06,R30,PADD 3,NNO,Norway,164.0,5.0
2012-06,R30,PADD 3,NPM,Panama,476.0,16.0
2012-06,R30,PADD 3,NUK,United Kingdom,859.0,29.0
2012-06,R30,PADD 3,Z00,,3269.0,109.0
2012-06,R40,PADD 4,NCA,Canada,1.0,0.0
2012-06,R40,PADD 4,Z00,,1.0,0.0
2012-06,R50,PADD 5,NCA,Canada,1084.0,36.0
2012-06,R50,PADD 5,Z00,,1084.0,36.0
2012-07,NUS,U.S.,NAA,Aruba,30.0,1.0
2012-07,NUS,U.S.,NBD,Bermuda,40.0,1.0
2012-07,NUS,U.S.,NBF,Bahama Islands,32.0,1.0
2012-07,NUS,U.S.,NCA,Canada,1461.0,47.0
2012-07,NUS,U.S.,NCS,Costa Rica,50.0,2.0
2012-07,NUS,U.S.,NDR,Dominican Republic,25.0,1.0
2012-07,NUS,U.S.,NFR,France,249.0,8.0
2012-07,NUS,U.S.,NGI,Gibraltar,320.0,10.0
2012-07,NUS,U.S.,NGR,Greece,15.0,0.0
2012-07,NUS,U.S.,NGT,Guatemala,171.0,6.0
2012-07,NUS,U.S.,NGV,Guinea,0.0,0.0
2012-07,NUS,U.S.,NHO,Honduras,53.0,2.0
2012-07,NUS,U.S.,NIS,Israel,318.0,10.0
2012-07,NUS,U.S.,NMX,Mexico,76.0,2.0
2012-07,NUS,U.S.,NNO,Norway,302.0,10.0
2012-07,NUS,U.S.,NPE,Peru,471.0,15.0
2012-07,NUS,U.S.,NPK,Pakistan,9.0,0.0
2012-07,NUS,U.S.,NPM,Panama,389.0,13.0
2012-07,NUS,U.S.,NTK,Turks and Caicos Islands,7.0,0.0
2012-07,NUS,U.S.,NUK,United Kingdom,311.0,10.0
2012-07,NUS,U.S.,NVQ,Virgin Islands,61.0,2.0
2012-07,NUS,U.S.,Z00,,4390.0,142.0
2012-07,R10,PADD 1,NBF,Bahama Islands,2.0,0.0
2012-07,R10,PADD 1,NCA,Canada,1.0,0.0
2012-07,R10,PADD 1,NGV,Guinea,0.0,0.0
2012-07,R10,PADD 1,NTK,Turks and Caicos Islands,7.0,0.0
2012-07,R10,PADD 1,Z00,,10.0,0.0
2012-07,R20,PADD 2,NCA,Canada,249.0,8.0
2012-07,R20,PADD 2,Z00,,249.0,8.0
2012-07,R30,PADD 3,NAA,Aruba,30.0,1.0
2012-07,R30,PADD 3,NBD,Bermuda,40.0,1.0
2012-07,R30,PADD 3,NBF,Bahama Islands,30.0,1.0
2012-07,R30,PADD 3,NCS,Costa Rica,50.0,2.0
2012-07,R30,PADD 3,NDR,Dominican Republic,25.0,1.0
2012-07,R30,PADD 3,NFR,France,249.0,8.0
2012-07,R30,PADD 3,NGI,Gibraltar,320.0,10.0
2012-07,R30,PADD 3,NGR,Greece,15.0,0.0
2012-07,R30,PADD 3,NGT,Guatemala,171.0,6.0
2012-07,R30,PADD 3,NHO,Honduras,53.0,2.0
2012-07,R30,PADD 3,NIS,Israel,318.0,10.0
2012-07,R30,PADD 3,NMX,Mexico,76.0,2.0
2012-07,R30,PADD 3,NNO,Norway,302.0,10.0
2012-07,R30,PADD 3,NPE,Peru,471.0,15.0
2012-07,R30,PADD 3,NPK,Pakistan,9.0,0.0
2012-07,R30,PADD 3,NPM,Panama,389.0,13.0
2012-07,R30,PADD 3,NUK,United Kingdom,311.0,10.0
2012-07,R30,PADD 3,NVQ,Virgin Islands,61.0,2.0
2012-07,R30,PADD 3,Z00,,2920.0,94.0
2012-07,R50,PADD 5,NCA,Canada,1211.0,39.0
2012-07,R50,PADD 5,Z00,,1211.0,39.0
2012-08,NUS,U.S.,NAA,Aruba,0.0,0.0
2012-08,NUS,U.S.,NAR,Argentina,0.0,0.0
2012-08,NUS,U.S.,NAS,Australia,0.0,0.0
2012-08,NUS,U.S.,NBF,Bahama Islands,47.0,2.0
2012-08,NUS,U.S.,NCA,Canada,2117.0,68.0
2012-08,NUS,U.S.,NCH,China,0.0,0.0
2012-08,NUS,U.S.,NCI,Chile,257.0,8.0
2012-08,NUS,U.S.,NCO,Colombia,1.0,0.0
2012-08,NUS,U.S.,NCS,Costa Rica,50.0,2.0
2012-08,NUS,U.S.,NDR,Dominican Republic,45.0,1.0
2012-08,NUS,U.S.,NES,El Salvador,0.0,0.0
2012-08,NUS,U.S.,NGI,Gibraltar,319.0,10.0
2012-08,NUS,U.S.,NGT,Guatemala,34.0,1.0
2012-08,NUS,U.S.,NHA,Haiti,0.0,0.0
2012-08,NUS,U.S.,NHO,Honduras,42.0,1.0
2012-08,NUS,U.S.,NJM,Jamaica,0.0,0.0
2012-08,NUS,U.S.,NLE,Lebanon,1.0,0.0
2012-08,NUS,U.S.,NMX,Mexico,165.0,5.0
2012-08,NUS,U.S.,NNU,Nicaragua,0.0,0.0
2012-08,NUS,U.S.,NPM,Panama,325.0,10.0
2012-08,NUS,U.S.,NPZ,Puerto Rico,0.0,0.0
2012-08,NUS,U.S.,NSN,Singapore,0.0,0.0
2012-08,NUS,U.S.,NTH,Thailand,0.0,0.0
2012-08,NUS,U.S.,NTK,Turks and Caicos Islands,6.0,0.0
2012-08,NUS,U.S.,NUK,United Kingdom,0.0,0.0
2012-08,NUS,U.S.,NVQ,Virgin Islands,0.0,0.0
2012-08,NUS,U.S.,Z00,,3410.0,110.0
2012-08,R10,PADD 1,NAA,Aruba,0.0,0.0
2012-08,R10,PADD 1,NAR,Argentina,0.0,0.0
2012-08,R10,PADD 1,NBF,Bahama Islands,2.0,0.0
2012-08,R10,PADD 1,NCA,Canada,405.0,13.0
2012-08,R10,PADD 1,NCH,China,0.0,0.0
2012-08,R10,PADD 1,NCO,Colombia,1.0,0.0
2012-08,R10,PADD 1,NCS,Costa Rica,0.0,0.0
2012-08,R10,PADD 1,NDR,Dominican Republic,0.0,0.0
2012-08,R10,PADD 1,NES,El Salvador,0.0,0.0
2012-08,R10,PADD 1,NHA,Haiti,0.0,0.0
2012-08,R10,PADD 1,NJM,Jamaica,0.0,0.0
2012-08,R10,PADD 1,NLE,Lebanon,1.0,0.0
2012-08,R10,PADD 1,NNU,Nicaragua,0.0,0.0
2012-08,R10,PADD 1,NPM,Panama,0.0,0.0
2012-08,R10,PADD 1,NPZ,Puerto Rico,0.0,0.0
2012-08,R10,PADD 1,NTK,Turks and Caicos Islands,6.0,0.0
2012-08,R10,PADD 1,NVQ,Virgin Islands,0.0,0.0
2012-08,R10,PADD 1,Z00,,416.0,13.0
2012-08,R20,PADD 2,NCA,Canada,242.0,8.0
2012-08,R20,PADD 2,Z00,,242.0,8.0
2012-08,R30,PADD 3,NAS,Australia,0.0,0.0
2012-08,R30,PADD 3,NBF,Bahama Islands,45.0,1.0
2012-08,R30,PADD 3,NCA,Canada,170.0,5.0
2012-08,R30,PADD 3,NCS,Costa Rica,50.0,2.0
2012-08,R30,PADD 3,NDR,Dominican Republic,45.0,1.0
2012-08,R30,PADD 3,NGI,Gibraltar,319.0,10.0
2012-08,R30,PADD 3,NGT,Guatemala,34.0,1.0
2012-08,R30,PADD 3,NHO,Honduras,42.0,1.0
2012-08,R30,PADD 3,NMX,Mexico,165.0,5.0
2012-08,R30,PADD 3,NPM,Panama,325.0,10.0
2012-08,R30,PADD 3,NSN,Singapore,0.0,0.0
2012-08,R30,PADD 3,NUK,United Kingdom,0.0,0.0
2012-08,R30,PADD 3,Z00,,1194.0,39.0
2012-08,R40,PADD 4,NCA,Canada,1.0,0.0
2012-08,R40,PADD 4,Z00,,1.0,0.0
2012-08,R50,PADD 5,NAS,Australia,0.0,0.0
2012-08,R50,PADD 5,NCA,Canada,1299.0,42.0
2012-08,R50,PADD 5,NCI,Chile,257.0,8.0
2012-08,R50,PADD 5,NMX,Mexico,1.0,0.0
2012-08,R50,PADD 5,NTH,Thailand,0.0,0.0
2012-08,R50,PADD 5,Z00,,1557.0,50.0
2012-09,NUS,U.S.,NAR,Argentina,26.0,1.0
2012-09,NUS,U.S.,NBD,Bermuda,23.0,1.0
2012-09,NUS,U.S.,NBF,Bahama Islands,1.0,0.0
2012-09,NUS,U.S.,NBR,Brazil,315.0,11.0
2012-09,NUS,U.S.,NCA,Canada,1297.0,43.0
2012-09,NUS,U.S.,NCS,Costa Rica,41.0,1.0
2012-09,NUS,U.S.,NGI,Gibraltar,319.0,11.0
2012-09,NUS,U.S.,NGT,Guatemala,39.0,1.0
2012-09,NUS,U.S.,NHO,Honduras,43.0,1.0
2012-09,NUS,U.S.,NIS,Israel,302.0,10.0
2012-09,NUS,U.S.,NKE,Kenya,9.0,0.0
2012-09,NUS,U.S.,NMX,Mexico,265.0,9.0
2012-09,NUS,U.S.,NNI,Nigeria,556.0,19.0
2012-09,NUS,U.S.,NNO,Norway,315.0,11.0
2012-09,NUS,U.S.,NPM,Panama,365.0,12.0
2012-09,NUS,U.S.,NTK,Turks and Caicos Islands,2.0,0.0
2012-09,NUS,U.S.,Z00,,3920.0,131.0
2012-09,R10,PADD 1,NBF,Bahama Islands,1.0,0.0
2012-09,R10,PADD 1,NCS,Costa Rica,0.0,0.0
2012-09,R10,PADD 1,NTK,Turks and Caicos Islands,2.0,0.0
2012-09,R10,PADD 1,Z00,,3.0,0.0
2012-09,R20,PADD 2,NCA,Canada,246.0,8.0
2012-09,R20,PADD 2,Z00,,246.0,8.0
2012-09,R30,PADD 3,NAR,Argentina,26.0,1.0
2012-09,R30,PADD 3,NBD,Bermuda,23.0,1.0
2012-09,R30,PADD 3,NBR,Brazil,315.0,11.0
2012-09,R30,PADD 3,NCS,Costa Rica,41.0,1.0
2012-09,R30,PADD 3,NGI,Gibraltar,319.0,11.0
2012-09,R30,PADD 3,NGT,Guatemala,39.0,1.0
2012-09,R30,PADD 3,NHO,Honduras,43.0,1.0
2012-09,R30,PADD 3,NIS,Israel,302.0,10.0
2012-09,R30,PADD 3,NKE,Kenya,9.0,0.0
2012-09,R30,PADD 3,NMX,Mexico,265.0,9.0
2012-09,R30,PADD 3,NNI,Nigeria,556.0,19.0
2012-09,R30,PADD 3,NNO,Norway,315.0,11.0
2012-09,R30,PADD 3,NPM,Panama,365.0,12.0
2012-09,R30,PADD 3,Z00,,2620.0,87.0
2012-09,R50,PADD 5,NCA,Canada,1051.0,35.0
2012-09,R50,PADD 5,Z00,,1051.0,35.0
2012-10,NUS,U.S.,NBB,Barbados,39.0,1.0
2012-10,NUS,U.S.,NBF,Bahama Islands,85.0,3.0
2012-10,NUS,U.S.,NCA,Canada,2158.0,70.0
2012-10,NUS,U.S.,NCJ,Cayman Islands,13.0,0.0
2012-10,NUS,U.S.,NCO,Colombia,70.0,2.0
2012-10,NUS,U.S.,NCS,Costa Rica,110.0,4.0
2012-10,NUS,U.S.,NDR,Dominican Republic,94.0,3.0
2012-10,NUS,U.S.,NGT,Guatemala,48.0,2.0
2012-10,NUS,U.S.,NHO,Honduras,55.0,2.0
2012-10,NUS,U.S.,NIS,Israel,173.0,6.0
2012-10,NUS,U.S.,NMX,Mexico,87.0,3.0
2012-10,NUS,U.S.,NNI,Nigeria,526.0,17.0
2012-10,NUS,U.S.,NNL,Netherlands,121.0,4.0
2012-10,NUS,U.S.,NPE,Peru,75.0,2.0
2012-10,NUS,U.S.,NPM,Panama,490.0,16.0
2012-10,NUS,U.S.,NRM,Marshall Islands,0.0,0.0
2012-10,NUS,U.S.,NSF,South Africa,13.0,0.0
2012-10,NUS,U.S.,NTD,Trinidad and Tobago,41.0,1.0
2012-10,NUS,U.S.,NTK,Turks and Caicos Islands,4.0,0.0
2012-10,NUS,U.S.,NUK,United Kingdom,319.0,10.0
2012-10,NUS,U.S.,NVQ,Virgin Islands,116.0,4.0
2012-10,NUS,U.S.,Z00,,4637.0,150.0
2012-10,R10,PADD 1,NBF,Bahama Islands,1.0,0.0
2012-10,R10,PADD 1,NTK,Turks and Caicos Islands,4.0,0.0
2012-10,R10,PADD 1,Z00,,5.0,0.0
2012-10,R20,PADD 2,NCA,Canada,138.0,4.0
2012-10,R20,PADD 2,Z00,,138.0,4.0
2012-10,R30,PADD 3,NBB,Barbados,39.0,1.0
2012-10,R30,PADD 3,NBF,Bahama Islands,84.0,3.0
2012-10,R30,PADD 3,NCA,Canada,1114.0,36.0
2012-10,R30,PADD 3,NCJ,Cayman Islands,13.0,0.0
2012-10,R30,PADD 3,NCO,Colombia,70.0,2.0
2012-10,R30,PADD 3,NCS,Costa Rica,110.0,4.0
2012-10,R30,PADD 3,NDR,Dominican Republic,94.0,3.0
2012-10,R30,PADD 3,NGT,Guatemala,48.0,2.0
2012-10,R30,PADD 3,NHO,Honduras,55.0,2.0
2012-10,R30,PADD 3,NIS,Israel,173.0,6.0
2012-10,R30,PADD 3,NMX,Mexico,87.0,3.0
2012-10,R30,PADD 3,NNI,Nigeria,526.0,17.0
2012-10,R30,PADD 3,NNL,Netherlands,121.0,4.0
2012-10,R30,PADD 3,NPE,Peru,75.0,2.0
2012-10,R30,PADD 3,NPM,Panama,490.0,16.0
2012-10,R30,PADD 3,NRM,Marshall Islands,0.0,0.0
2012-10,R30,PADD 3,NSF,South Africa,13.0,0.0
2012-10,R30,PADD 3,NTD,Trinidad and Tobago,41.0,1.0
2012-10,R30,PADD 3,NUK,United Kingdom,319.0,10.0
2012-10,R30,PADD 3,NVQ,Virgin Islands,116.0,4.0
2012-10,R30,PADD 3,Z00,,3588.0,116.0
2012-10,R50,PADD 5,NCA,Canada,906.0,29.0
2012-10,R50,PADD 5,Z00,,906.0,29.0
2012-11,NUS,U.S.,NAR,Argentina,25.0,1.0
2012-11,NUS,U.S.,NBF,Bahama Islands,36.0,1.0
2012-11,NUS,U.S.,NCA,Canada,1519.0,51.0
2012-11,NUS,U.S.,NCI,Chile,286.0,10.0
2012-11,NUS,U.S.,NCJ,Cayman Islands,5.0,0.0
2012-11,NUS,U.S.,NCO,Colombia,90.0,3.0
2012-11,NUS,U.S.,NCS,Costa Rica,60.0,2.0
2012-11,NUS,U.S.,NDR,Dominican Republic,27.0,1.0
2012-11,NUS,U.S.,NFI,Finland,304.0,10.0
2012-11,NUS,U.S.,NGT,Guatemala,32.0,1.0
2012-11,NUS,U.S.,NHO,Honduras,58.0,2.0
2012-11,NUS,U.S.,NIS,Israel,317.0,11.0
2012-11,NUS,U.S.,NNL,Netherlands,840.0,28.0
2012-11,NUS,U.S.,NPM,Panama,239.0,8.0
2012-11,NUS,U.S.,NSF,South Africa,18.0,1.0
2012-11,NUS,U.S.,NTK,Turks and Caicos Islands,8.0,0.0
2012-11,NUS,U.S.,NUK,United Kingdom,938.0,31.0
2012-11,NUS,U.S.,Z00,,4801.0,160.0
2012-11,R10,PADD 1,NBF,Bahama Islands,3.0,0.0
2012-11,R10,PADD 1,NCA,Canada,145.0,5.0
2012-11,R10,PADD 1,NTK,Turks and Caicos Islands,8.0,0.0
2012-11,R10,PADD 1,Z00,,155.0,5.0
2012-11,R20,PADD 2,NCA,Canada,139.0,5.0
2012-11,R20,PADD 2,Z00,,139.0,5.0
2012-11,R30,PADD 3,NAR,Argentina,25.0,1.0
2012-11,R30,PADD 3,NBF,Bahama Islands,33.0,1.0
2012-11,R30,PADD 3,NCA,Canada,292.0,10.0
2012-11,R30,PADD 3,NCI,Chile,286.0,10.0
2012-11,R30,PADD 3,NCJ,Cayman Islands,5.0,0.0
2012-11,R30,PADD 3,NCO,Colombia,90.0,3.0
2012-11,R30,PADD 3,NCS,Costa Rica,60.0,2.0
2012-11,R30,PADD 3,NDR,Dominican Republic,27.0,1.0
2012-11,R30,PADD 3,NFI,Finland,304.0,10.0
2012-11,R30,PADD 3,NGT,Guatemala,32.0,1.0
2012-11,R30,PADD 3,NHO,Honduras,58.0,2.0
2012-11,R30,PADD 3,NIS,Israel,317.0,11.0
2012-11,R30,PADD 3,NNL,Netherlands,840.0,28.0
2012-11,R30,PADD 3,NPM,Panama,239.0,8.0
2012-11,R30,PADD 3,NSF,South Africa,18.0,1.0
2012-11,R30,PADD 3,NUK,United Kingdom,938.0,31.0
2012-11,R30,PADD 3,Z00,,3564.0,119.0
2012-11,R50,PADD 5,NCA,Canada,943.0,31.0
2012-11,R50,PADD 5,Z00,,943.0,31.0
2012-12,NUS,U.S.,NAA,Aruba,90.0,3.0
2012-12,NUS,U.S.,NBF,Bahama Islands,40.0,1.0
2012-12,NUS,U.S.,NCA,Canada,1772.0,57.0
2012-12,NUS,U.S.,NCI,Chile,320.0,10.0
2012-12,NUS,U.S.,NCJ,Cayman Islands,5.0,0.0
2012-12,NUS,U.S.,NCS,Costa Rica,95.0,3.0
2012-12,NUS,U.S.,NDR,Dominican Republic,107.0,3.0
2012-12,NUS,U.S.,NFR,France,320.0,10.0
2012-12,NUS,U.S.,NGT,Guatemala,132.0,4.0
2012-12,NUS,U.S.,NHO,Honduras,19.0,1.0
2012-12,NUS,U.S.,NMX,Mexico,73.0,2.0
2012-12,NUS,U.S.,NNI,Nigeria,260.0,8.0
2012-12,NUS,U.S.,NNL,Netherlands,920.0,30.0
2012-12,NUS,U.S.,NPE,Peru,150.0,5.0
2012-12,NUS,U.S.,NPM,Panama,367.0,12.0
2012-12,NUS,U.S.,NTK,Turks and Caicos Islands,8.0,0.0
2012-12,NUS,U.S.,NUK,United Kingdom,1196.0,39.0
2012-12,NUS,U.S.,Z00,,5874.0,189.0
2012-12,R10,PADD 1,NBF,Bahama Islands,1.0,0.0
2012-12,R10,PADD 1,NTK,Turks and Caicos Islands,8.0,0.0
2012-12,R10,PADD 1,Z00,,9.0,0.0
2012-12,R20,PADD 2,NCA,Canada,100.0,3.0
2012-12,R20,PADD 2,Z00,,100.0,3.0
2012-12,R30,PADD 3,NAA,Aruba,90.0,3.0
2012-12,R30,PADD 3,NBF,Bahama Islands,39.0,1.0
2012-12,R30,PADD 3,NCA,Canada,796.0,26.0
2012-12,R30,PADD 3,NCI,Chile,320.0,10.0
2012-12,R30,PADD 3,NCJ,Cayman Islands,5.0,0.0
2012-12,R30,PADD 3,NCS,Costa Rica,95.0,3.0
2012-12,R30,PADD 3,NDR,Dominican Republic,107.0,3.0
2012-12,R30,PADD 3,NFR,France,320.0,10.0
2012-12,R30,PADD 3,NGT,Guatemala,132.0,4.0
2012-12,R30,PADD 3,NHO,Honduras,19.0,1.0
2012-12,R30,PADD 3,NNI,Nigeria,260.0,8.0
2012-12,R30,PADD 3,NNL,Netherlands,920.0,30.0
2012-12,R30,PADD 3,NPE,Peru,150.0,5.0
2012-12,R30,PADD 3,NPM,Panama,367.0,12.0
2012-12,R30,PADD 3,NUK,United Kingdom,1196.0,39.0
2012-12,R30,PADD 3,Z00,,4815.0,155.0
2012-12,R50,PADD 5,NCA,Canada,876.0,28.0
2012-12,R50,PADD 5,NMX,Mexico,73.0,2.0
2012-12,R50,PADD 5,Z00,,949.0,31.0
2013-01,NUS,U.S.,NAA,Aruba,264.0,9.0
2013-01,NUS,U.S.,NBD,Bermuda,30.0,1.0
2013-01,NUS,U.S.,NBF,Bahama Islands,43.0,1.0
2013-01,NUS,U.S.,NCA,Canada,1916.0,62.0
2013-01,NUS,U.S.,NCJ,Cayman Islands,5.0,0.0
2013-01,NUS,U.S.,NCS,Costa Rica,184.0,6.0
2013-01,NUS,U.S.,NDR,Dominican Republic,102.0,3.0
2013-01,NUS,U.S.,NGT,Guatemala,117.0,4.0
2013-01,NUS,U.S.,NHO,Honduras,30.0,1.0
2013-01,NUS,U.S.,NIS,Israel,331.0,11.0
2013-01,NUS,U.S.,NNI,Nigeria,793.0,26.0
2013-01,NUS,U.S.,NNL,Netherlands,320.0,10.0
2013-01,NUS,U.S.,NPM,Panama,432.0,14.0
2013-01,NUS,U.S.,NSF,South Africa,13.0,0.0
2013-01,NUS,U.S.,NTK,Turks and Caicos Islands,9.0,0.0
2013-01,NUS,U.S.,NUK,United Kingdom,306.0,10.0
2013-01,NUS,U.S.,NVQ,Virgin Islands,181.0,6.0
2013-01,NUS,U.S.,Z00,,5075.0,164.0
2013-01,R10,PADD 1,NBF,Bahama Islands,4.0,0.0
2013-01,R10,PADD 1,NCA,Canada,115.0,4.0
2013-01,R10,PADD 1,NTK,Turks and Caicos Islands,9.0,0.0
2013-01,R10,PADD 1,Z00,,128.0,4.0
2013-01,R20,PADD 2,NCA,Canada,168.0,5.0
2013-01,R20,PADD 2,Z00,,168.0,5.0
2013-01,R30,PADD 3,NAA,Aruba,264.0,9.0
2013-01,R30,PADD 3,NBD,Bermuda,30.0,1.0
2013-01,R30,PADD 3,NBF,Bahama Islands,39.0,1.0
2013-01,R30,PADD 3,NCA,Canada,609.0,20.0
2013-01,R30,PADD 3,NCJ,Cayman Islands,5.0,0.0
2013-01,R30,PADD 3,NCS,Costa Rica,184.0,6.0
2013-01,R30,PADD 3,NDR,Dominican Republic,102.0,3.0
2013-01,R30,PADD 3,NGT,Guatemala,117.0,4.0
2013-01,R30,PADD 3,NHO,Honduras,30.0,1.0
2013-01,R30,PADD 3,NIS,Israel,331.0,11.0
2013-01,R30,PADD 3,NNI,Nigeria,793.0,26.0
2013-01,R30,PADD 3,NNL,Netherlands,320.0,10.0
2013-01,R30,PADD 3,NPM,Panama,432.0,14.0
2013-01,R30,PADD 3,NSF,South Africa,13.0,0.0
2013-01,R30,PADD 3,NUK,United Kingdom,306.0,10.0
2013-01,R30,PADD 3,NVQ,Virgin Islands,181.0,6.0
2013-01,R30,PADD 3,Z00,,3756.0,121.0
2013-01,R50,PADD 5,NCA,Canada,1024.0,33.0
2013-01,R50,PADD 5,Z00,,1024.0,33.0
2013-02,NUS,U.S.,NBF,Bahama Islands,76.0,3.0
2013-02,NUS,U.S.,NCA,Canada,1448.0,52.0
2013-02,NUS,U.S.,NCI,Chile,315.0,11.0
2013-02,NUS,U.S.,NCJ,Cayman Islands,21.0,1.0
2013-02,NUS,U.S.,NCS,Costa Rica,119.0,4.0
2013-02,NUS,U.S.,NDR,Dominican Republic,147.0,5.0
2013-02,NUS,U.S.,NGT,Guatemala,105.0,4.0
2013-02,NUS,U.S.,NHO,Honduras,45.0,2.0
2013-02,NUS,U.S.,NNI,Nigeria,275.0,10.0
2013-02,NUS,U.S.,NNL,Netherlands,317.0,11.0
2013-02,NUS,U.S.,NPM,Panama,456.0,16.0
2013-02,NUS,U.S.,NTK,Turks and Caicos Islands,4.0,0.0
2013-02,NUS,U.S.,Z00,,2736.0,98.0
2013-02,R10,PADD 1,NBF,Bahama Islands,3.0,0.0
2013-02,R10,PADD 1,NTK,Turks and Caicos Islands,4.0,0.0
2013-02,R10,PADD 1,Z00,,7.0,0.0
2013-02,R20,PADD 2,NCA,Canada,143.0,5.0
2013-02,R20,PADD 2,Z00,,143.0,5.0
2013-02,R30,PADD 3,NBF,Bahama Islands,73.0,3.0
2013-02,R30,PADD 3,NCA,Canada,226.0,8.0
2013-02,R30,PADD 3,NCI,Chile,315.0,11.0
2013-02,R30,PADD 3,NCJ,Cayman Islands,21.0,1.0
2013-02,R30,PADD 3,NCS,Costa Rica,119.0,4.0
2013-02,R30,PADD 3,NDR,Dominican Republic,147.0,5.0
2013-02,R30,PADD 3,NGT,Guatemala,105.0,4.0
2013-02,R30,PADD 3,NHO,Honduras,45.0,2.0
2013-02,R30,PADD 3,NPM,Panama,456.0,16.0
2013-02,R30,PADD 3,Z00,,1506.0,54.0
2013-02,R50,PADD 5,NCA,Canada,1080.0,39.0
2013-02,R50,PADD 5,Z00,,1080.0,39.0
2013-03,NUS,U.S.,NAA,Aruba,100.0,3.0
2013-03,NUS,U.S.,NAV,Anguilla,0.0,0.0
2013-03,NUS,U.S.,NBD,Bermuda,31.0,1.0
2013-03,NUS,U.S.,NBF,Bahama Islands,48.0,2.0
2013-03,NUS,U.S.,NBR,Brazil,317.0,10.0
2013-03,NUS,U.S.,NCA,Canada,1484.0,48.0
2013-03,NUS,U.S.,NCI,Chile,126.0,4.0
2013-03,NUS,U.S.,NCS,Costa Rica,124.0,4.0
2013-03,NUS,U.S.,NDR,Dominican Republic,78.0,3.0
2013-03,NUS,U.S.,NEC,Ecuador,8.0,0.0
2013-03,NUS,U.S.,NES,El Salvador,112.0,4.0
2013-03,NUS,U.S.,NGT,Guatemala,13.0,0.0
2013-03,NUS,U.S.,NHO,Honduras,50.0,2.0
2013-03,NUS,U.S.,NMX,Mexico,280.0,9.0
2013-03,NUS,U.S.,NNI,Nigeria,800.0,26.0
2013-03,NUS,U.S.,NNL,Netherlands,317.0,10.0
2013-03,NUS,U.S.,NPE,Peru,100.0,3.0
2013-03,NUS,U.S.,NPM,Panama,90.0,3.0
2013-03,NUS,U.S.,NTK,Turks and Caicos Islands,12.0,0.0
2013-03,NUS,U.S.,Z00,,4093.0,132.0
2013-03,R10,PADD 1,NAV,Anguilla,0.0,0.0
2013-03,R10,PADD 1,NBF,Bahama Islands,3.0,0.0
2013-03,R10,PADD 1,NBR,Brazil,1.0,0.0
2013-03,R10,PADD 1,NCI,Chile,0.0,0.0
2013-03,R10,PADD 1,NES,El Salvador,112.0,4.0
2013-03,R10,PADD 1,NTK,Turks and Caicos Islands,12.0,0.0
2013-03,R10,PADD 1,Z00,,129.0,4.0
2013-03,R20,PADD 2,NCA,Canada,148.0,5.0
2013-03,R20,PADD 2,Z00,,148.0,5.0
2013-03,R30,PADD 3,NAA,Aruba,100.0,3.0
2013-03,R30,PADD 3,NBD,Bermuda,31.0,1.0
2013-03,R30,PADD 3,NBF,Bahama Islands,45.0,1.0
2013-03,R30,PADD 3,NBR,Brazil,316.0,10.0
2013-03,R30,PADD 3,NCA,Canada,250.0,8.0
2013-03,R30,PADD 3,NCS,Costa Rica,124.0,4.0
2013-03,R30,PADD 3,NDR,Dominican Republic,78.0,3.0
2013-03,R30,PADD 3,NEC,Ecuador,8.0,0.0
2013-03,R30,PADD 3,NGT,Guatemala,13.0,0.0
2013-03,R30,PADD 3,NHO,Honduras,50.0,2.0
2013-03,R30,PADD 3,NMX,Mexico,280.0,9.0
2013-03,R30,PADD 3,NNI,Nigeria,800.0,26.0
2013-03,R30,PADD 3,NNL,Netherlands,317.0,10.0
2013-03,R30,PADD 3,NPE,Peru,100.0,3.0
2013-03,R30,PADD 3,NPM,Panama,90.0,3.0
2013-03,R30,PADD 3,Z00,,2604.0,84.0
2013-03,R50,PADD 5,NCA,Canada,1087.0,35.0
2013-03,R50,PADD 5,NCI,Chile,126.0,4.0
2013-03,R50,PADD 5,Z00,,1213.0,39.0
2013-04,NUS,U.S.,NAR,Argentina,32.0,1.0
2013-04,NUS,U.S.,NBF,Bahama Islands,47.0,2.0
2013-04,NUS,U.S.,NCA,Canada,2216.0,74.0
2013-04,NUS,U.S.,NCJ,Cayman Islands,8.0,0.0
2013-04,NUS,U.S.,NCS,Costa Rica,90.0,3.0
2013-04,NUS,U.S.,NDR,Dominican Republic,55.0,2.0
2013-04,NUS,U.S.,NGT,Guatemala,14.0,0.0
2013-04,NUS,U.S.,NHO,Honduras,27.0,1.0
2013-04,NUS,U.S.,NIS,Israel,331.0,11.0
2013-04,NUS,U.S.,NMX,Mexico,0.0,0.0
2013-04,NUS,U.S.,NNI,Nigeria,273.0,9.0
2013-04,NUS,U.S.,NNL,Netherlands,320.0,11.0
2013-04,NUS,U.S.,NPM,Panama,373.0,12.0
2013-04,NUS,U.S.,NTK,Turks and Caicos Islands,4.0,0.0
2013-04,NUS,U.S.,NUK,United Kingdom,313.0,10.0
2013-04,NUS,U.S.,Z00,,4103.0,137.0
2013-04,R10,PADD 1,NBF,Bahama Islands,3.0,0.0
2013-04,R10,PADD 1,NCA,Canada,48.0,2.0
2013-04,R10,PADD 1,NTK,Turks and Caicos Islands,4.0,0.0
2013-04,R10,PADD 1,Z00,,56.0,2.0
2013-04,R20,PADD 2,NCA,Canada,522.0,17.0
2013-04,R20,PADD 2,Z00,,522.0,17.0
2013-04,R30,PADD 3,NAR,Argentina,32.0,1.0
2013-04,R30,PADD 3,NBF,Bahama Islands,44.0,1.0
2013-04,R30,PADD 3,NCA,Canada,861.0,29.0
2013-04,R30,PADD 3,NCJ,Cayman Islands,8.0,0.0
2013-04,R30,PADD 3,NCS,Costa Rica,90.0,3.0
2013-04,R30,PADD 3,NDR,Dominican Republic,55.0,2.0
2013-04,R30,PADD 3,NGT,Guatemala,14.0,0.0
2013-04,R30,PADD 3,NHO,Honduras,27.0,1.0
2013-04,R30,PADD 3,NIS,Israel,331.0,11.0
2013-04,R30,PADD 3,NMX,Mexico,0.0,0.0
2013-04,R30,PADD 3,NNI,Nigeria,273.0,9.0
2013-04,R30,PADD 3,NNL,Netherlands,320.0,11.0
2013-04,R30,PADD 3,NPM,Panama,373.0,12.0
2013-04,R30,PADD 3,NUK,United Kingdom,313.0,10.0
2013-04,R30,PADD 3,Z00,,2740.0,91.0
2013-04,R50,PADD 5,NCA,Canada,786.0,26.0
2013-04,R50,PADD 5,Z00,,786.0,26.0
2013-05,NUS,U.S.,NBD,Bermuda,38.0,1.0
2013-05,NUS,U.S.,NBE,Belgium,68.0,2.0
2013-05,NUS,U.S.,NBF,Bahama Islands,77.0,3.0
2013-05,NUS,U.S.,NCA,Canada,1461.0,47.0
2013-05,NUS,U.S.,NCS,Costa Rica,95.0,3.0
2013-05,NUS,U.S.,NDR,Dominican Republic,95.0,3.0
2013-05,NUS,U.S.,NES,El Salvador,50.0,2.0
2013-05,NUS,U.S.,NGR,Greece,18.0,1.0
2013-05,NUS,U.S.,NGT,Guatemala,18.0,1.0
2013-05,NUS,U.S.,NHO,Honduras,46.0,1.0
2013-05,NUS,U.S.,NIS,Israel,329.0,11.0
2013-05,NUS,U.S.,NNL,Netherlands,638.0,21.0
2013-05,NUS,U.S.,NNO,Norway,638.0,21.0
2013-05,NUS,U.S.,NPM,Panama,486.0,16.0
2013-05,NUS,U.S.,NSF,South Africa,13.0,0.0
2013-05,NUS,U.S.,NTK,Turks and Caicos Islands,4.0,0.0
2013-05,NUS,U.S.,NUK,United Kingdom,280.0,9.0
2013-05,NUS,U.S.,Z00,,3718.0,120.0
2013-05,R10,PADD 1,NBE,Belgium,68.0,2.0
2013-05,R10,PADD 1,NBF,Bahama Islands,3.0,0.0
2013-05,R10,PADD 1,NCA,Canada,17.0,1.0
2013-05,R10,PADD 1,NES,El Salvador,50.0,2.0
2013-05,R10,PADD 1,NTK,Turks and Caicos Islands,4.0,0.0
2013-05,R10,PADD 1,Z00,,144.0,5.0
2013-05,R20,PADD 2,NCA,Canada,60.0,2.0
2013-05,R20,PADD 2,Z00,,60.0,2.0
2013-05,R30,PADD 3,NBD,Bermuda,38.0,1.0
2013-05,R30,PADD 3,NBF,Bahama Islands,74.0,2.0
2013-05,R30,PADD 3,NCA,Canada,752.0,24.0
2013-05,R30,PADD 3,NCS,Costa Rica,95.0,3.0
2013-05,R30,PADD 3,NDR,Dominican Republic,95.0,3.0
2013-05,R30,PADD 3,NGR,Greece,18.0,1.0
2013-05,R30,PADD 3,NGT,Guatemala,18.0,1.0
2013-05,R30,PADD 3,NHO,Honduras,46.0,1.0
2013-05,R30,PADD 3,NIS,Israel,329.0,11.0
2013-05,R30,PADD 3,NNO,Norway,638.0,21.0
2013-05,R30,PADD 3,NPM,Panama,486.0,16.0
2013-05,R30,PADD 3,NSF,South Africa,13.0,0.0
2013-05,R30,PADD 3,NUK,United Kingdom,280.0,9.0
2013-05,R30,PADD 3,Z00,,2882.0,93.0
2013-05,R40,PADD 4,NCA,Canada,0.0,0.0
2013-05,R40,PADD 4,Z00,,0.0,0.0
2013-05,R50,PADD 5,NCA,Canada,631.0,20.0
2013-05,R50,PADD 5,Z00,,631.0,20.0
2013-06,NUS,U.S.,NAA,Aruba,200.0,7.0
2013-06,NUS,U.S.,NBF,Bahama Islands,44.0,1.0
2013-06,NUS,U.S.,NBH,Belize,0.0,0.0
2013-06,NUS,U.S.,NBR,Brazil,0.0,0.0
2013-06,NUS,U.S.,NCA,Canada,1761.0,59.0
2013-06,NUS,U.S.,NCH,China,1.0,0.0
2013-06,NUS,U.S.,NCI,Chile,99.0,3.0
2013-06,NUS,U.S.,NCJ,Cayman Islands,6.0,0.0
2013-06,NUS,U.S.,NCO,Colombia,50.0,2.0
2013-06,NUS,U.S.,NCS,Costa Rica,105.0,4.0
2013-06,NUS,U.S.,NDR,Dominican Republic,70.0,2.0
2013-06,NUS,U.S.,NEC,Ecuador,8.0,0.0
2013-06,NUS,U.S.,NES,El Salvador,20.0,1.0
2013-06,NUS,U.S.,NGM,Germany,0.0,0.0
2013-06,NUS,U.S.,NGT,Guatemala,13.0,0.0
2013-06,NUS,U.S.,NHO,Honduras,44.0,1.0
2013-06,NUS,U.S.,NKS,Korea,0.0,0.0
2013-06,NUS,U.S.,NLY,Libya,0.0,0.0
2013-06,NUS,U.S.,NMX,Mexico,65.0,2.0
2013-06,NUS,U.S.,NNI,Nigeria,844.0,28.0
2013-06,NUS,U.S.,NNL,Netherlands,315.0,10.0
2013-06,NUS,U.S.,NNU,Nicaragua,0.0,0.0
2013-06,NUS,U.S.,NPE,Peru,0.0,0.0
2013-06,NUS,U.S.,NPM,Panama,503.0,17.0
2013-06,NUS,U.S.,NSF,South Africa,14.0,0.0
2013-06,NUS,U.S.,NTD,Trinidad and Tobago,0.0,0.0
2013-06,NUS,U.S.,NTK,Turks and Caicos Islands,5.0,0.0
2013-06,NUS,U.S.,NUK,United Kingdom,1215.0,41.0
2013-06,NUS,U.S.,NVQ,Virgin Islands,0.0,0.0
2013-06,NUS,U.S.,Z00,,5382.0,179.0
2013-06,R10,PADD 1,NBF,Bahama Islands,2.0,0.0
2013-06,R10,PADD 1,NTK,Turks and Caicos Islands,5.0,0.0
2013-06,R10,PADD 1,Z00,,7.0,0.0
2013-06,R20,PADD 2,NCA,Canada,305.0,10.0
2013-06,R20,PADD 2,Z00,,305.0,10.0
2013-06,R30,PADD 3,NAA,Aruba,200.0,7.0
2013-06,R30,PADD 3,NBF,Bahama Islands,42.0,1.0
2013-06,R30,PADD 3,NCA,Canada,784.0,26.0
2013-06,R30,PADD 3,NCJ,Cayman Islands,6.0,0.0
2013-06,R30,PADD 3,NCO,Colombia,50.0,2.0
2013-06,R30,PADD 3,NCS,Costa Rica,105.0,4.0
2013-06,R30,PADD 3,NDR,Dominican Republic,70.0,2.0
2013-06,R30,PADD 3,NEC,Ecuador,8.0,0.0
2013-06,R30,PADD 3,NES,El Salvador,20.0,1.0
2013-06,R30,PADD 3,NGT,Guatemala,13.0,0.0
2013-06,R30,PADD 3,NHO,Honduras,44.0,1.0
2013-06,R30,PADD 3,NMX,Mexico,65.0,2.0
2013-06,R30,PADD 3,NNI,Nigeria,844.0,28.0
2013-06,R30,PADD 3,NNL,Netherlands,315.0,10.0
2013-06,R30,PADD 3,NPE,Peru,0.0,0.0
2013-06,R30,PADD 3,NPM,Panama,503.0,17.0
2013-06,R30,PADD 3,NSF,South Africa,14.0,0.0
2013-06,R30,PADD 3,NUK,United Kingdom,1215.0,41.0
2013-06,R30,PADD 3,Z00,,4298.0,143.0
2013-06,R40,PADD 4,NCA,Canada,0.0,0.0
2013-06,R40,PADD 4,Z00,,0.0,0.0
2013-06,R50,PADD 5,NCA,Canada,672.0,22.0
2013-06,R50,PADD 5,NCI,Chile,99.0,3.0
2013-06,R50,PADD 5,Z00,,771.0,26.0
2013-07,NUS,U.S.,NAA,Aruba,240.0,8.0
2013-07,NUS,U.S.,NBF,Bahama Islands,31.0,1.0
2013-07,NUS,U.S.,NBR,Brazil,299.0,10.0
2013-07,NUS,U.S.,NCA,Canada,706.0,23.0
2013-07,NUS,U.S.,NCI,Chile,88.0,3.0
2013-07,NUS,U.S.,NCO,Colombia,285.0,9.0
2013-07,NUS,U.S.,NCS,Costa Rica,99.0,3.0
2013-07,NUS,U.S.,NDR,Dominican Republic,52.0,2.0
2013-07,NUS,U.S.,NFR,France,275.0,9.0
2013-07,NUS,U.S.,NGI,Gibraltar,307.0,10.0
2013-07,NUS,U.S.,NGT,Guatemala,54.0,2.0
2013-07,NUS,U.S.,NHO,Honduras,53.0,2.0
2013-07,NUS,U.S.,NIS,Israel,329.0,11.0
2013-07,NUS,U.S.,NLI,Liberia,0.0,0.0
2013-07,NUS,U.S.,NMX,Mexico,176.0,6.0
2013-07,NUS,U.S.,NNI,Nigeria,908.0,29.0
2013-07,NUS,U.S.,NNO,Norway,171.0,6.0
2013-07,NUS,U.S.,NPE,Peru,119.0,4.0
2013-07,NUS,U.S.,NPM,Panama,299.0,10.0
2013-07,NUS,U.S.,NSF,South Africa,14.0,0.0
2013-07,NUS,U.S.,NTK,Turks and Caicos Islands,5.0,0.0
2013-07,NUS,U.S.,NUK,United Kingdom,141.0,5.0
2013-07,NUS,U.S.,NUY,Uruguay,31.0,1.0
2013-07,NUS,U.S.,Z00,,4681.0,151.0
2013-07,R10,PADD 1,NBF,Bahama Islands,2.0,0.0
2013-07,R10,PADD 1,NCA,Canada,1.0,0.0
2013-07,R10,PADD 1,NPM,Panama,0.0,0.0
2013-07,R10,PADD 1,NTK,Turks and Caicos Islands,5.0,0.0
2013-07,R10,PADD 1,NUY,Uruguay,31.0,1.0
2013-07,R10,PADD 1,Z00,,39.0,1.0
2013-07,R20,PADD 2,NCA,Canada,267.0,9.0
2013-07,R20,PADD 2,Z00,,267.0,9.0
2013-07,R30,PADD 3,NAA,Aruba,240.0,8.0
2013-07,R30,PADD 3,NBF,Bahama Islands,29.0,1.0
2013-07,R30,PADD 3,NBR,Brazil,299.0,10.0
2013-07,R30,PADD 3,NCI,Chile,88.0,3.0
2013-07,R30,PADD 3,NCO,Colombia,285.0,9.0
2013-07,R30,PADD 3,NCS,Costa Rica,99.0,3.0
2013-07,R30,PADD 3,NDR,Dominican Republic,52.0,2.0
2013-07,R30,PADD 3,NFR,France,275.0,9.0
2013-07,R30,PADD 3,NGI,Gibraltar,307.0,10.0
2013-07,R30,PADD 3,NGT,Guatemala,15.0,0.0
2013-07,R30,PADD 3,NHO,Honduras,53.0,2.0
2013-07,R30,PADD 3,NIS,Israel,329.0,11.0
2013-07,R30,PADD 3,NLI,Liberia,0.0,0.0
2013-07,R30,PADD 3,NMX,Mexico,175.0,6.0
2013-07,R30,PADD 3,NNI,Nigeria,656.0,21.0
2013-07,R30,PADD 3,NNO,Norway,171.0,6.0
2013-07,R30,PADD 3,NPE,Peru,1.0,0.0
2013-07,R30,PADD 3,NPM,Panama,273.0,9.0
2013-07,R30,PADD 3,NSF,South Africa,14.0,0.0
2013-07,R30,PADD 3,NUK,United Kingdom,141.0,5.0
2013-07,R30,PADD 3,Z00,,3501.0,113.0
2013-07,R40,PADD 4,NCA,Canada,2.0,0.0
2013-07,R40,PADD 4,Z00,,2.0,0.0
2013-07,R50,PADD 5,NCA,Canada,436.0,14.0
2013-07,R50,PADD 5,NGT,Guatemala,40.0,1.0
2013-07,R50,PADD 5,NMX,Mexico,0.0,0.0
2013-07,R50,PADD 5,NNI,Nigeria,251.0,8.0
2013-07,R50,PADD 5,NPE,Peru,119.0,4.0
2013-07,R50,PADD 5,NPM,Panama,26.0,1.0
2013-07,R50,PADD 5,Z00,,872.0,28.0
2013-08,NUS,U.S.,NBF,Bahama Islands,24.0,1.0
2013-08,NUS,U.S.,NBR,Brazil,624.0,20.0
2013-08,NUS,U.S.,NCA,Canada,1458.0,47.0
2013-08,NUS,U.S.,NCI,Chile,198.0,6.0
2013-08,NUS,U.S.,NCO,Colombia,152.0,5.0
2013-08,NUS,U.S.,NCS,Costa Rica,100.0,3.0
2013-08,NUS,U.S.,NDR,Dominican Republic,63.0,2.0
2013-08,NUS,U.S.,NES,El Salvador,53.0,2.0
2013-08,NUS,U.S.,NGH,Ghana,47.0,2.0
2013-08,NUS,U.S.,NGI,Gibraltar,604.0,19.0
2013-08,NUS,U.S.,NGT,Guatemala,34.0,1.0
2013-08,NUS,U.S.,NHO,Honduras,50.0,2.0
2013-08,NUS,U.S.,NIS,Israel,331.0,11.0
2013-08,NUS,U.S.,NMX,Mexico,120.0,4.0
2013-08,NUS,U.S.,NNI,Nigeria,1401.0,45.0
2013-08,NUS,U.S.,NNL,Netherlands,305.0,10.0
2013-08,NUS,U.S.,NNO,Norway,187.0,6.0
2013-08,NUS,U.S.,NPE,Peru,100.0,3.0
2013-08,NUS,U.S.,NPM,Panama,410.0,13.0
2013-08,NUS,U.S.,NSF,South Africa,13.0,0.0
2013-08,NUS,U.S.,NTK,Turks and Caicos Islands,4.0,0.0
2013-08,NUS,U.S.,NUK,United Kingdom,114.0,4.0
2013-08,NUS,U.S.,NVE,Venezuela,100.0,3.0
2013-08,NUS,U.S.,Z00,,6039.0,195.0
2013-08,R10,PADD 1,NBF,Bahama Islands,3.0,0.0
2013-08,R10,PADD 1,NTK,Turks and Caicos Islands,4.0,0.0
2013-08,R10,PADD 1,Z00,,7.0,0.0
2013-08,R20,PADD 2,NCA,Canada,97.0,3.0
2013-08,R20,PADD 2,Z00,,97.0,3.0
2013-08,R30,PADD 3,NBF,Bahama Islands,21.0,1.0
2013-08,R30,PADD 3,NBR,Brazil,624.0,20.0
2013-08,R30,PADD 3,NCA,Canada,537.0,17.0
2013-08,R30,PADD 3,NCI,Chile,198.0,6.0
2013-08,R30,PADD 3,NCO,Colombia,152.0,5.0
2013-08,R30,PADD 3,NCS,Costa Rica,100.0,3.0
2013-08,R30,PADD 3,NDR,Dominican Republic,63.0,2.0
2013-08,R30,PADD 3,NES,El Salvador,53.0,2.0
2013-08,R30,PADD 3,NGI,Gibraltar,604.0,19.0
2013-08,R30,PADD 3,NGT,Guatemala,34.0,1.0
2013-08,R30,PADD 3,NHO,Honduras,50.0,2.0
2013-08,R30,PADD 3,NIS,Israel,331.0,11.0
2013-08,R30,PADD 3,NMX,Mexico,120.0,4.0
2013-08,R30,PADD 3,NNI,Nigeria,1401.0,45.0
2013-08,R30,PADD 3,NNO,Norway,187.0,6.0
2013-08,R30,PADD 3,NPE,Peru,100.0,3.0
2013-08,R30,PADD 3,NPM,Panama,410.0,13.0
2013-08,R30,PADD 3,NSF,South Africa,13.0,0.0
2013-08,R30,PADD 3,NUK,United Kingdom,114.0,4.0
2013-08,R30,PADD 3,Z00,,5111.0,165.0
2013-08,R40,PADD 4,NCA,Canada,2.0,0.0
2013-08,R40,PADD 4,Z00,,2.0,0.0
2013-08,R50,PADD 5,NCA,Canada,822.0,27.0
2013-08,R50,PADD 5,Z00,,822.0,27.0
2013-09,NUS,U.S.,NAR,Argentina,31.0,1.0
2013-09,NUS,U.S.,NBD,Bermuda,20.0,1.0
2013-09,NUS,U.S.,NBF,Bahama Islands,51.0,2.0
2013-09,NUS,U.S.,NCA,Canada,1045.0,35.0
2013-09,NUS,U.S.,NCO,Colombia,180.0,6.0
2013-09,NUS,U.S.,NCS,Costa Rica,90.0,3.0
2013-09,NUS,U.S.,NDR,Dominican Republic,99.0,3.0
2013-09,NUS,U.S.,NEC,Ecuador,40.0,1.0
2013-09,NUS,U.S.,NES,El Salvador,40.0,1.0
2013-09,NUS,U.S.,NFI,Finland,313.0,10.0
2013-09,NUS,U.S.,NGT,Guatemala,108.0,4.0
2013-09,NUS,U.S.,NHO,Honduras,46.0,2.0
2013-09,NUS,U.S.,NMX,Mexico,84.0,3.0
2013-09,NUS,U.S.,NNI,Nigeria,873.0,29.0
2013-09,NUS,U.S.,NPA,Paraguay,31.0,1.0
2013-09,NUS,U.S.,NPE,Peru,169.0,6.0
2013-09,NUS,U.S.,NPM,Panama,416.0,14.0
2013-09,NUS,U.S.,NTK,Turks and Caicos Islands,3.0,0.0
2013-09,NUS,U.S.,NTO,Togo,314.0,10.0
2013-09,NUS,U.S.,NUK,United Kingdom,300.0,10.0
2013-09,NUS,U.S.,Z00,,4222.0,141.0
2013-09,R10,PADD 1,NBF,Bahama Islands,1.0,0.0
2013-09,R10,PADD 1,NCA,Canada,0.0,0.0
2013-09,R10,PADD 1,NTK,Turks and Caicos Islands,3.0,0.0
2013-09,R10,PADD 1,Z00,,4.0,0.0
2013-09,R20,PADD 2,NCA,Canada,88.0,3.0
2013-09,R20,PADD 2,Z00,,88.0,3.0
2013-09,R30,PADD 3,NBD,Bermuda,20.0,1.0
2013-09,R30,PADD 3,NBF,Bahama Islands,50.0,2.0
2013-09,R30,PADD 3,NCO,Colombia,180.0,6.0
2013-09,R30,PADD 3,NCS,Costa Rica,90.0,3.0
2013-09,R30,PADD 3,NDR,Dominican Republic,99.0,3.0
2013-09,R30,PADD 3,NEC,Ecuador,40.0,1.0
2013-09,R30,PADD 3,NFI,Finland,313.0,10.0
2013-09,R30,PADD 3,NGT,Guatemala,108.0,4.0
2013-09,R30,PADD 3,NHO,Honduras,46.0,2.0
2013-09,R30,PADD 3,NMX,Mexico,84.0,3.0
2013-09,R30,PADD 3,NNI,Nigeria,873.0,29.0
2013-09,R30,PADD 3,NPA,Paraguay,31.0,1.0
2013-09,R30,PADD 3,NPE,Peru,54.0,2.0
2013-09,R30,PADD 3,NPM,Panama,416.0,14.0
2013-09,R30,PADD 3,NTO,Togo,314.0,10.0
2013-09,R30,PADD 3,NUK,United Kingdom,300.0,10.0
2013-09,R30,PADD 3,Z00,,3019.0,101.0
2013-09,R50,PADD 5,NCA,Canada,957.0,32.0
2013-09,R50,PADD 5,NES,El Salvador,40.0,1.0
2013-09,R50,PADD 5,NPE,Peru,115.0,4.0
2013-09,R50,PADD 5,Z00,,1112.0,37.0
2013-10,NUS,U.S.,NBF,Bahama Islands,22.0,1.0
2013-10,NUS,U.S.,NCA,Canada,1532.0,49.0
2013-10,NUS,U.S.,NCO,Colombia,120.0,4.0
2013-10,NUS,U.S.,NCS,Costa Rica,90.0,3.0
2013-10,NUS,U.S.,NDR,Dominican Republic,50.0,2.0
2013-10,NUS,U.S.,NEC,Ecuador,9.0,0.0
2013-10,NUS,U.S.,NES,El Salvador,27.0,1.0
2013-10,NUS,U.S.,NGI,Gibraltar,319.0,10.0
2013-10,NUS,U.S.,NHO,Honduras,32.0,1.0
2013-10,NUS,U.S.,NNI,Nigeria,1123.0,36.0
2013-10,NUS,U.S.,NNL,Netherlands,574.0,19.0
2013-10,NUS,U.S.,NPE,Peru,127.0,4.0
2013-10,NUS,U.S.,NPM,Panama,253.0,8.0
2013-10,NUS,U.S.,NTK,Turks and Caicos Islands,3.0,0.0
2013-10,NUS,U.S.,Z00,,4281.0,138.0
2013-10,R10,PADD 1,NBF,Bahama Islands,2.0,0.0
2013-10,R10,PADD 1,NNL,Netherlands,269.0,9.0
2013-10,R10,PADD 1,NTK,Turks and Caicos Islands,3.0,0.0
2013-10,R10,PADD 1,Z00,,274.0,9.0
2013-10,R20,PADD 2,NCA,Canada,633.0,20.0
2013-10,R20,PADD 2,Z00,,633.0,20.0
2013-10,R30,PADD 3,NBF,Bahama Islands,20.0,1.0
2013-10,R30,PADD 3,NCA,Canada,239.0,8.0
2013-10,R30,PADD 3,NCO,Colombia,120.0,4.0
2013-10,R30,PADD 3,NCS,Costa Rica,90.0,3.0
2013-10,R30,PADD 3,NDR,Dominican Republic,50.0,2.0
2013-10,R30,PADD 3,NEC,Ecuador,9.0,0.0
2013-10,R30,PADD 3,NGI,Gibraltar,319.0,10.0
2013-10,R30,PADD 3,NHO,Honduras,32.0,1.0
2013-10,R30,PADD 3,NNI,Nigeria,1123.0,36.0
2013-10,R30,PADD 3,NNL,Netherlands,305.0,10.0
2013-10,R30,PADD 3,NPE,Peru,127.0,4.0
2013-10,R30,PADD 3,NPM,Panama,253.0,8.0
2013-10,R30,PADD 3,Z00,,2687.0,87.0
2013-10,R50,PADD 5,NCA,Canada,660.0,21.0
2013-10,R50,PADD 5,NES,El Salvador,27.0,1.0
2013-10,R50,PADD 5,Z00,,687.0,22.0
2013-11,NUS,U.S.,NAA,Aruba,0.0,0.0
2013-11,NUS,U.S.,NBD,Bermuda,28.0,1.0
2013-11,NUS,U.S.,NBF,Bahama Islands,43.0,1.0
2013-11,NUS,U.S.,NCA,Canada,1338.0,45.0
2013-11,NUS,U.S.,NCI,Chile,77.0,3.0
2013-11,NUS,U.S.,NCJ,Cayman Islands,4.0,0.0
2013-11,NUS,U.S.,NCO,Colombia,139.0,5.0
2013-11,NUS,U.S.,NCS,Costa Rica,105.0,4.0
2013-11,NUS,U.S.,NDA,Denmark,307.0,10.0
2013-11,NUS,U.S.,NDR,Dominican Republic,128.0,4.0
2013-11,NUS,U.S.,NEC,Ecuador,40.0,1.0
2013-11,NUS,U.S.,NES,El Salvador,32.0,1.0
2013-11,NUS,U.S.,NFR,France,291.0,10.0
2013-11,NUS,U.S.,NGI,Gibraltar,319.0,11.0
2013-11,NUS,U.S.,NGT,Guatemala,23.0,1.0
2013-11,NUS,U.S.,NHO,Honduras,42.0,1.0
2013-11,NUS,U.S.,NMX,Mexico,60.0,2.0
2013-11,NUS,U.S.,NNI,Nigeria,1738.0,58.0
2013-11,NUS,U.S.,NNL,Netherlands,283.0,9.0
2013-11,NUS,U.S.,NPE,Peru,121.0,4.0
2013-11,NUS,U.S.,NPM,Panama,341.0,11.0
2013-11,NUS,U.S.,NTK,Turks and Caicos Islands,6.0,0.0
2013-11,NUS,U.S.,NUK,United Kingdom,599.0,20.0
2013-11,NUS,U.S.,Z00,,6064.0,202.0
2013-11,R10,PADD 1,NAA,Aruba,0.0,0.0
2013-11,R10,PADD 1,NBF,Bahama Islands,2.0,0.0
2013-11,R10,PADD 1,NCA,Canada,0.0,0.0
2013-11,R10,PADD 1,NTK,Turks and Caicos Islands,6.0,0.0
2013-11,R10,PADD 1,Z00,,8.0,0.0
2013-11,R20,PADD 2,NCA,Canada,615.0,20.0
2013-11,R20,PADD 2,Z00,,615.0,20.0
2013-11,R30,PADD 3,NBD,Bermuda,28.0,1.0
2013-11,R30,PADD 3,NBF,Bahama Islands,41.0,1.0
2013-11,R30,PADD 3,NCA,Canada,60.0,2.0
2013-11,R30,PADD 3,NCI,Chile,77.0,3.0
2013-11,R30,PADD 3,NCJ,Cayman Islands,4.0,0.0
2013-11,R30,PADD 3,NCO,Colombia,139.0,5.0
2013-11,R30,PADD 3,NCS,Costa Rica,105.0,4.0
2013-11,R30,PADD 3,NDA,Denmark,307.0,10.0
2013-11,R30,PADD 3,NDR,Dominican Republic,128.0,4.0
2013-11,R30,PADD 3,NEC,Ecuador,40.0,1.0
2013-11,R30,PADD 3,NFR,France,291.0,10.0
2013-11,R30,PADD 3,NGI,Gibraltar,319.0,11.0
2013-11,R30,PADD 3,NGT,Guatemala,5.0,0.0
2013-11,R30,PADD 3,NHO,Honduras,42.0,1.0
2013-11,R30,PADD 3,NMX,Mexico,60.0,2.0
2013-11,R30,PADD 3,NNI,Nigeria,1738.0,58.0
2013-11,R30,PADD 3,NNL,Netherlands,283.0,9.0
2013-11,R30,PADD 3,NPM,Panama,341.0,11.0
2013-11,R30,PADD 3,NUK,United Kingdom,599.0,20.0
2013-11,R30,PADD 3,Z00,,4607.0,154.0
2013-11,R40,PADD 4,NCA,Canada,0.0,0.0
2013-11,R40,PADD 4,Z00,,0.0,0.0
2013-11,R50,PADD 5,NCA,Canada,663.0,22.0
2013-11,R50,PADD 5,NES,El Salvador,32.0,1.0
2013-11,R50,PADD 5,NGT,Guatemala,18.0,1.0
2013-11,R50,PADD 5,NPE,Peru,121.0,4.0
2013-11,R50,PADD 5,Z00,,834.0,28.0
2013-12,NUS,U.S.,NAA,Aruba,30.0,1.0
2013-12,NUS,U.S.,NBF,Bahama Islands,29.0,1.0
2013-12,NUS,U.S.,NBR,Brazil,297.0,10.0
2013-12,NUS,U.S.,NCA,Canada,1600.0,52.0
2013-12,NUS,U.S.,NCH,China,313.0,10.0
2013-12,NUS,U.S.,NCI,Chile,541.0,17.0
2013-12,NUS,U.S.,NCO,Colombia,60.0,2.0
2013-12,NUS,U.S.,NCS,Costa Rica,120.0,4.0
2013-12,NUS,U.S.,NDR,Dominican Republic,131.0,4.0
2013-12,NUS,U.S.,NEC,Ecuador,40.0,1.0
2013-12,NUS,U.S.,NES,El Salvador,28.0,1.0
2013-12,NUS,U.S.,NGM,Germany,0.0,0.0
2013-12,NUS,U.S.,NGT,Guatemala,63.0,2.0
2013-12,NUS,U.S.,NHO,Honduras,47.0,2.0
2013-12,NUS,U.S.,NIS,Israel,324.0,10.0
2013-12,NUS,U.S.,NMX,Mexico,391.0,13.0
2013-12,NUS,U.S.,NNI,Nigeria,1434.0,46.0
2013-12,NUS,U.S.,NNL,Netherlands,299.0,10.0
2013-12,NUS,U.S.,NPE,Peru,181.0,6.0
2013-12,NUS,U.S.,NPM,Panama,355.0,11.0
2013-12,NUS,U.S.,NTK,Turks and Caicos Islands,9.0,0.0
2013-12,NUS,U.S.,NUK,United Kingdom,300.0,10.0
2013-12,NUS,U.S.,Z00,,6593.0,213.0
2013-12,R10,PADD 1,NBF,Bahama Islands,2.0,0.0
2013-12,R10,PADD 1,NGM,Germany,0.0,0.0
2013-12,R10,PADD 1,NTK,Turks and Caicos Islands,9.0,0.0
2013-12,R10,PADD 1,Z00,,11.0,0.0
2013-12,R20,PADD 2,NCA,Canada,950.0,31.0
2013-12,R20,PADD 2,Z00,,950.0,31.0
2013-12,R30,PADD 3,NAA,Aruba,30.0,1.0
2013-12,R30,PADD 3,NBF,Bahama Islands,27.0,1.0
2013-12,R30,PADD 3,NBR,Brazil,297.0,10.0
2013-12,R30,PADD 3,NCI,Chile,541.0,17.0
2013-12,R30,PADD 3,NCO,Colombia,60.0,2.0
2013-12,R30,PADD 3,NCS,Costa Rica,120.0,4.0
2013-12,R30,PADD 3,NDR,Dominican Republic,131.0,4.0
2013-12,R30,PADD 3,NEC,Ecuador,40.0,1.0
2013-12,R30,PADD 3,NGT,Guatemala,14.0,0.0
2013-12,R30,PADD 3,NHO,Honduras,47.0,2.0
2013-12,R30,PADD 3,NIS,Israel,324.0,10.0
2013-12,R30,PADD 3,NMX,Mexico,391.0,13.0
2013-12,R30,PADD 3,NNI,Nigeria,1434.0,46.0
2013-12,R30,PADD 3,NNL,Netherlands,299.0,10.0
2013-12,R30,PADD 3,NPE,Peru,181.0,6.0
2013-12,R30,PADD 3,NPM,Panama,355.0,11.0
2013-12,R30,PADD 3,NUK,United Kingdom,300.0,10.0
2013-12,R30,PADD 3,Z00,,4592.0,148.0
2013-12,R50,PADD 5,NCA,Canada,650.0,21.0
2013-12,R50,PADD 5,NCH,China,313.0,10.0
2013-12,R50,PADD 5,NES,El Salvador,28.0,1.0
2013-12,R50,PADD 5,NGT,Guatemala,49.0,2.0
2013-12,R50,PADD 5,Z00,,1040.0,34.0
2014-01,NUS,U.S.,NAA,Aruba,70.0,2.0
2014-01,NUS,U.S.,NBD,Bermuda,26.0,1.0
2014-01,NUS,U.S.,NBF,Bahama Islands,26.0,1.0
2014-01,NUS,U.S.,NCA,Canada,1814.0,59.0
2014-01,NUS,U.S.,NCI,Chile,299.0,10.0
2014-01,NUS,U.S.,NCS,Costa Rica,128.0,4.0
2014-01,NUS,U.S.,NDR,Dominican Republic,170.0,5.0
2014-01,NUS,U.S.,NEC,Ecuador,9.0,0.0
2014-01,NUS,U.S.,NES,El Salvador,63.0,2.0
2014-01,NUS,U.S.,NGI,Gibraltar,315.0,10.0
2014-01,NUS,U.S.,NGT,Guatemala,29.0,1.0
2014-01,NUS,U.S.,NHO,Honduras,68.0,2.0
2014-01,NUS,U.S.,NIS,Israel,265.0,9.0
2014-01,NUS,U.S.,NMX,Mexico,88.0,3.0
2014-01,NUS,U.S.,NNI,Nigeria,292.0,9.0
2014-01,NUS,U.S.,NPE,Peru,129.0,4.0
2014-01,NUS,U.S.,NPM,Panama,406.0,13.0
2014-01,NUS,U.S.,NTK,Turks and Caicos Islands,9.0,0.0
2014-01,NUS,U.S.,Z00,,4206.0,136.0
2014-01,R10,PADD 1,NBF,Bahama Islands,5.0,0.0
2014-01,R10,PADD 1,NCA,Canada,30.0,1.0
2014-01,R10,PADD 1,NTK,Turks and Caicos Islands,9.0,0.0
2014-01,R10,PADD 1,Z00,,45.0,1.0
2014-01,R20,PADD 2,NCA,Canada,878.0,28.0
2014-01,R20,PADD 2,Z00,,878.0,28.0
2014-01,R30,PADD 3,NAA,Aruba,70.0,2.0
2014-01,R30,PADD 3,NBD,Bermuda,26.0,1.0
2014-01,R30,PADD 3,NBF,Bahama Islands,21.0,1.0
2014-01,R30,PADD 3,NCS,Costa Rica,128.0,4.0
2014-01,R30,PADD 3,NDR,Dominican Republic,170.0,5.0
2014-01,R30,PADD 3,NEC,Ecuador,9.0,0.0
2014-01,R30,PADD 3,NGI,Gibraltar,315.0,10.0
2014-01,R30,PADD 3,NGT,Guatemala,29.0,1.0
2014-01,R30,PADD 3,NHO,Honduras,68.0,2.0
2014-01,R30,PADD 3,NIS,Israel,265.0,9.0
2014-01,R30,PADD 3,NMX,Mexico,88.0,3.0
2014-01,R30,PADD 3,NNI,Nigeria,292.0,9.0
2014-01,R30,PADD 3,NPE,Peru,0.0,0.0
2014-01,R30,PADD 3,NPM,Panama,406.0,13.0
2014-01,R30,PADD 3,Z00,,1887.0,61.0
2014-01,R50,PADD 5,NCA,Canada,905.0,29.0
2014-01,R50,PADD 5,NCI,Chile,299.0,10.0
2014-01,R50,PADD 5,NES,El Salvador,63.0,2.0
2014-01,R50,PADD 5,NPE,Peru,129.0,4.0
2014-01,R50,PADD 5,Z00,,1396.0,45.0
2014-02,NUS,U.S.,NAR,Argentina,376.0,13.0
2014-02,NUS,U.S.,NBF,Bahama Islands,77.0,3.0
2014-02,NUS,U.S.,NCA,Canada,1311.0,47.0
2014-02,NUS,U.S.,NCI,Chile,319.0,11.0
2014-02,NUS,U.S.,NCJ,Cayman Islands,18.0,1.0
2014-02,NUS,U.S.,NCS,Costa Rica,132.0,5.0
2014-02,NUS,U.S.,NDR,Dominican Republic,125.0,4.0
2014-02,NUS,U.S.,NGT,Guatemala,74.0,3.0
2014-02,NUS,U.S.,NHO,Honduras,30.0,1.0
2014-02,NUS,U.S.,NIC,Iceland,101.0,4.0
2014-02,NUS,U.S.,NMX,Mexico,255.0,9.0
2014-02,NUS,U.S.,NNI,Nigeria,864.0,31.0
2014-02,NUS,U.S.,NNL,Netherlands,12.0,0.0
2014-02,NUS,U.S.,NPE,Peru,90.0,3.0
2014-02,NUS,U.S.,NPM,Panama,290.0,10.0
2014-02,NUS,U.S.,NTK,Turks and Caicos Islands,12.0,0.0
2014-02,NUS,U.S.,NUK,United Kingdom,101.0,4.0
2014-02,NUS,U.S.,Z00,,4087.0,146.0
2014-02,R10,PADD 1,NBF,Bahama Islands,5.0,0.0
2014-02,R10,PADD 1,NTK,Turks and Caicos Islands,12.0,0.0
2014-02,R10,PADD 1,Z00,,17.0,1.0
2014-02,R20,PADD 2,NCA,Canada,196.0,7.0
2014-02,R20,PADD 2,Z00,,196.0,7.0
2014-02,R30,PADD 3,NAR,Argentina,376.0,13.0
2014-02,R30,PADD 3,NBF,Bahama Islands,72.0,3.0
2014-02,R30,PADD 3,NCA,Canada,659.0,24.0
2014-02,R30,PADD 3,NCI,Chile,319.0,11.0
2014-02,R30,PADD 3,NCJ,Cayman Islands,18.0,1.0
2014-02,R30,PADD 3,NCS,Costa Rica,132.0,5.0
2014-02,R30,PADD 3,NDR,Dominican Republic,125.0,4.0
2014-02,R30,PADD 3,NGT,Guatemala,74.0,3.0
2014-02,R30,PADD 3,NHO,Honduras,30.0,1.0
2014-02,R30,PADD 3,NMX,Mexico,255.0,9.0
2014-02,R30,PADD 3,NNI,Nigeria,864.0,31.0
2014-02,R30,PADD 3,NNL,Netherlands,12.0,0.0
2014-02,R30,PADD 3,NPE,Peru,90.0,3.0
2014-02,R30,PADD 3,NPM,Panama,290.0,10.0
2014-02,R30,PADD 3,NUK,United Kingdom,101.0,4.0
2014-02,R30,PADD 3,Z00,,3418.0,122.0
2014-02,R50,PADD 5,NCA,Canada,456.0,16.0
2014-02,R50,PADD 5,Z00,,456.0,16.0
2014-03,NUS,U.S.,NAA,Aruba,216.0,7.0
2014-03,NUS,U.S.,NBD,Bermuda,30.0,1.0
2014-03,NUS,U.S.,NBF,Bahama Islands,37.0,1.0
2014-03,NUS,U.S.,NBR,Brazil,230.0,7.0
2014-03,NUS,U.S.,NCA,Canada,1288.0,42.0
2014-03,NUS,U.S.,NCJ,Cayman Islands,6.0,0.0
2014-03,NUS,U.S.,NCO,Colombia,105.0,3.0
2014-03,NUS,U.S.,NCS,Costa Rica,155.0,5.0
2014-03,NUS,U.S.,NDR,Dominican Republic,62.0,2.0
2014-03,NUS,U.S.,NES,El Salvador,86.0,3.0
2014-03,NUS,U.S.,NGR,Greece,18.0,1.0
2014-03,NUS,U.S.,NGT,Guatemala,150.0,5.0
2014-03,NUS,U.S.,NHO,Honduras,58.0,2.0
2014-03,NUS,U.S.,NIS,Israel,478.0,15.0
2014-03,NUS,U.S.,NMX,Mexico,590.0,19.0
2014-03,NUS,U.S.,NNI,Nigeria,186.0,6.0
2014-03,NUS,U.S.,NPE,Peru,0.0,0.0
2014-03,NUS,U.S.,NPM,Panama,730.0,24.0
2014-03,NUS,U.S.,NTK,Turks and Caicos Islands,13.0,0.0
2014-03,NUS,U.S.,NVQ,Virgin Islands,130.0,4.0
2014-03,NUS,U.S.,Z00,,4382.0,141.0
2014-03,R10,PADD 1,NBF,Bahama Islands,6.0,0.0
2014-03,R10,PADD 1,NCA,Canada,53.0,2.0
2014-03,R10,PADD 1,NTK,Turks and Caicos Islands,13.0,0.0
2014-03,R10,PADD 1,Z00,,72.0,2.0
2014-03,R20,PADD 2,NCA,Canada,502.0,16.0
2014-03,R20,PADD 2,Z00,,502.0,16.0
2014-03,R30,PADD 3,NAA,Aruba,216.0,7.0
2014-03,R30,PADD 3,NBD,Bermuda,30.0,1.0
2014-03,R30,PADD 3,NBF,Bahama Islands,31.0,1.0
2014-03,R30,PADD 3,NBR,Brazil,230.0,7.0
2014-03,R30,PADD 3,NCA,Canada,102.0,3.0
2014-03,R30,PADD 3,NCJ,Cayman Islands,6.0,0.0
2014-03,R30,PADD 3,NCO,Colombia,105.0,3.0
2014-03,R30,PADD 3,NCS,Costa Rica,155.0,5.0
2014-03,R30,PADD 3,NDR,Dominican Republic,62.0,2.0
2014-03,R30,PADD 3,NES,El Salvador,16.0,1.0
2014-03,R30,PADD 3,NGR,Greece,18.0,1.0
2014-03,R30,PADD 3,NGT,Guatemala,40.0,1.0
2014-03,R30,PADD 3,NHO,Honduras,58.0,2.0
2014-03,R30,PADD 3,NIS,Israel,478.0,15.0
2014-03,R30,PADD 3,NMX,Mexico,590.0,19.0
2014-03,R30,PADD 3,NPE,Peru,0.0,0.0
2014-03,R30,PADD 3,NPM,Panama,312.0,10.0
2014-03,R30,PADD 3,NVQ,Virgin Islands,130.0,4.0
2014-03,R30,PADD 3,Z00,,2579.0,83.0
2014-03,R50,PADD 5,NCA,Canada,632.0,20.0
2014-03,R50,PADD 5,NES,El Salvador,70.0,2.0
2014-03,R50,PADD 5,NGT,Guatemala,110.0,4.0
2014-03,R50,PADD 5,NPM,Panama,418.0,13.0
2014-03,R50,PADD 5,Z00,,1230.0,40.0
2014-04,NUS,U.S.,NAR,Argentina,31.0,1.0
2014-04,NUS,U.S.,NBB,Barbados,0.0,0.0
2014-04,NUS,U.S.,NBF,Bahama Islands,42.0,1.0
2014-04,NUS,U.S.,NCA,Canada,1827.0,61.0
2014-04,NUS,U.S.,NCJ,Cayman Islands,6.0,0.0
2014-04,NUS,U.S.,NCO,Colombia,105.0,4.0
2014-04,NUS,U.S.,NCS,Costa Rica,110.0,4.0
2014-04,NUS,U.S.,NDR,Dominican Republic,33.0,1.0
2014-04,NUS,U.S.,NEC,Ecuador,9.0,0.0
2014-04,NUS,U.S.,NES,El Salvador,23.0,1.0
2014-04,NUS,U.S.,NGT,Guatemala,43.0,1.0
2014-04,NUS,U.S.,NHO,Honduras,29.0,1.0
2014-04,NUS,U.S.,NIS,Israel,172.0,6.0
2014-04,NUS,U.S.,NJM,Jamaica,86.0,3.0
2014-04,NUS,U.S.,NMX,Mexico,100.0,3.0
2014-04,NUS,U.S.,NNL,Netherlands,781.0,26.0
2014-04,NUS,U.S.,NTK,Turks and Caicos Islands,8.0,0.0
2014-04,NUS,U.S.,NVQ,Virgin Islands,24.0,1.0
2014-04,NUS,U.S.,Z00,,3428.0,114.0
2014-04,R10,PADD 1,NBB,Barbados,0.0,0.0
2014-04,R10,PADD 1,NBF,Bahama Islands,4.0,0.0
2014-04,R10,PADD 1,NCA,Canada,2.0,0.0
2014-04,R10,PADD 1,NTK,Turks and Caicos Islands,8.0,0.0
2014-04,R10,PADD 1,Z00,,14.0,0.0
2014-04,R20,PADD 2,NCA,Canada,951.0,32.0
2014-04,R20,PADD 2,Z00,,951.0,32.0
2014-04,R30,PADD 3,NAR,Argentina,31.0,1.0
2014-04,R30,PADD 3,NBF,Bahama Islands,38.0,1.0
2014-04,R30,PADD 3,NCA,Canada,359.0,12.0
2014-04,R30,PADD 3,NCJ,Cayman Islands,6.0,0.0
2014-04,R30,PADD 3,NCO,Colombia,105.0,4.0
2014-04,R30,PADD 3,NCS,Costa Rica,110.0,4.0
2014-04,R30,PADD 3,NDR,Dominican Republic,33.0,1.0
2014-04,R30,PADD 3,NEC,Ecuador,9.0,0.0
2014-04,R30,PADD 3,NGT,Guatemala,43.0,1.0
2014-04,R30,PADD 3,NHO,Honduras,29.0,1.0
2014-04,R30,PADD 3,NIS,Israel,172.0,6.0
2014-04,R30,PADD 3,NJM,Jamaica,86.0,3.0
2014-04,R30,PADD 3,NMX,Mexico,100.0,3.0
2014-04,R30,PADD 3,NNL,Netherlands,781.0,26.0
2014-04,R30,PADD 3,NVQ,Virgin Islands,24.0,1.0
2014-04,R30,PADD 3,Z00,,1925.0,64.0
2014-04,R50,PADD 5,NCA,Canada,515.0,17.0
2014-04,R50,PADD 5,NES,El Salvador,23.0,1.0
2014-04,R50,PADD 5,Z00,,539.0,18.0
2014-05,NUS,U.S.,NBD,Bermuda,15.0,0.0
2014-05,NUS,U.S.,NBF,Bahama Islands,93.0,3.0
2014-05,NUS,U.S.,NBR,Brazil,307.0,10.0
2014-05,NUS,U.S.,NCA,Canada,1114.0,36.0
2014-05,NUS,U.S.,NCJ,Cayman Islands,36.0,1.0
2014-05,NUS,U.S.,NCO,Colombia,83.0,3.0
2014-05,NUS,U.S.,NCS,Costa Rica,98.0,3.0
2014-05,NUS,U.S.,NDR,Dominican Republic,118.0,4.0
2014-05,NUS,U.S.,NES,El Salvador,37.0,1.0
2014-05,NUS,U.S.,NFR,France,302.0,10.0
2014-05,NUS,U.S.,NGT,Guatemala,31.0,1.0
2014-05,NUS,U.S.,NHO,Honduras,46.0,1.0
2014-05,NUS,U.S.,NIS,Israel,242.0,8.0
2014-05,NUS,U.S.,NMX,Mexico,273.0,9.0
2014-05,NUS,U.S.,NNI,Nigeria,1272.0,41.0
2014-05,NUS,U.S.,NNL,Netherlands,321.0,10.0
2014-05,NUS,U.S.,NPM,Panama,194.0,6.0
2014-05,NUS,U.S.,NTK,Turks and Caicos Islands,5.0,0.0
2014-05,NUS,U.S.,NUK,United Kingdom,323.0,10.0
2014-05,NUS,U.S.,Z00,,4908.0,158.0
2014-05,R10,PADD 1,NBF,Bahama Islands,5.0,0.0
2014-05,R10,PADD 1,NCA,Canada,61.0,2.0
2014-05,R10,PADD 1,NTK,Turks and Caicos Islands,5.0,0.0
2014-05,R10,PADD 1,Z00,,71.0,2.0
2014-05,R20,PADD 2,NCA,Canada,321.0,10.0
2014-05,R20,PADD 2,Z00,,321.0,10.0
2014-05,R30,PADD 3,NBD,Bermuda,15.0,0.0
2014-05,R30,PADD 3,NBF,Bahama Islands,88.0,3.0
2014-05,R30,PADD 3,NBR,Brazil,307.0,10.0
2014-05,R30,PADD 3,NCJ,Cayman Islands,36.0,1.0
2014-05,R30,PADD 3,NCO,Colombia,83.0,3.0
2014-05,R30,PADD 3,NCS,Costa Rica,98.0,3.0
2014-05,R30,PADD 3,NDR,Dominican Republic,118.0,4.0
2014-05,R30,PADD 3,NFR,France,302.0,10.0
2014-05,R30,PADD 3,NGT,Guatemala,31.0,1.0
2014-05,R30,PADD 3,NHO,Honduras,46.0,1.0
2014-05,R30,PADD 3,NIS,Israel,242.0,8.0
2014-05,R30,PADD 3,NMX,Mexico,273.0,9.0
2014-05,R30,PADD 3,NNI,Nigeria,1272.0,41.0
2014-05,R30,PADD 3,NNL,Netherlands,321.0,10.0
2014-05,R30,PADD 3,NPM,Panama,194.0,6.0
2014-05,R30,PADD 3,NUK,United Kingdom,323.0,10.0
2014-05,R30,PADD 3,Z00,,3748.0,121.0
2014-05,R40,PADD 4,NCA,Canada,0.0,0.0
2014-05,R40,PADD 4,Z00,,0.0,0.0
2014-05,R50,PADD 5,NCA,Canada,731.0,24.0
2014-05,R50,PADD 5,NES,El Salvador,37.0,1.0
2014-05,R50,PADD 5,Z00,,769.0,25.0
2014-06,NUS,U.S.,NAR,Argentina,31.0,1.0
2014-06,NUS,U.S.,NBD,Bermuda,12.0,0.0
2014-06,NUS,U.S.,NBF,Bahama Islands,45.0,2.0
2014-06,NUS,U.S.,NBR,Brazil,300.0,10.0
2014-06,NUS,U.S.,NCA,Canada,785.0,26.0
2014-06,NUS,U.S.,NCI,Chile,300.0,10.0
2014-06,NUS,U.S.,NCO,Colombia,105.0,4.0
2014-06,NUS,U.S.,NCS,Costa Rica,61.0,2.0
2014-06,NUS,U.S.,NDR,Dominican Republic,59.0,2.0
2014-06,NUS,U.S.,NEC,Ecuador,9.0,0.0
2014-06,NUS,U.S.,NES,El Salvador,25.0,1.0
2014-06,NUS,U.S.,NGT,Guatemala,25.0,1.0
2014-06,NUS,U.S.,NHO,Honduras,43.0,1.0
2014-06,NUS,U.S.,NIS,Israel,231.0,8.0
2014-06,NUS,U.S.,NMX,Mexico,150.0,5.0
2014-06,NUS,U.S.,NNI,Nigeria,824.0,27.0
2014-06,NUS,U.S.,NNL,Netherlands,296.0,10.0
2014-06,NUS,U.S.,NNO,Norway,307.0,10.0
2014-06,NUS,U.S.,NPM,Panama,353.0,12.0
2014-06,NUS,U.S.,NSP,Spain,306.0,10.0
2014-06,NUS,U.S.,NTK,Turks and Caicos Islands,8.0,0.0
2014-06,NUS,U.S.,NUK,United Kingdom,281.0,9.0
2014-06,NUS,U.S.,Z00,,4556.0,152.0
2014-06,R10,PADD 1,NBF,Bahama Islands,4.0,0.0
2014-06,R10,PADD 1,NCA,Canada,2.0,0.0
2014-06,R10,PADD 1,NNL,Netherlands,296.0,10.0
2014-06,R10,PADD 1,NTK,Turks and Caicos Islands,8.0,0.0
2014-06,R10,PADD 1,Z00,,310.0,10.0
2014-06,R20,PADD 2,NCA,Canada,304.0,10.0
2014-06,R20,PADD 2,Z00,,304.0,10.0
2014-06,R30,PADD 3,NAR,Argentina,31.0,1.0
2014-06,R30,PADD 3,NBD,Bermuda,12.0,0.0
2014-06,R30,PADD 3,NBF,Bahama Islands,41.0,1.0
2014-06,R30,PADD 3,NBR,Brazil,300.0,10.0
2014-06,R30,PADD 3,NCI,Chile,300.0,10.0
2014-06,R30,PADD 3,NCO,Colombia,105.0,4.0
2014-06,R30,PADD 3,NCS,Costa Rica,61.0,2.0
2014-06,R30,PADD 3,NDR,Dominican Republic,59.0,2.0
2014-06,R30,PADD 3,NEC,Ecuador,9.0,0.0
2014-06,R30,PADD 3,NGT,Guatemala,25.0,1.0
2014-06,R30,PADD 3,NHO,Honduras,43.0,1.0
2014-06,R30,PADD 3,NIS,Israel,231.0,8.0
2014-06,R30,PADD 3,NMX,Mexico,150.0,5.0
2014-06,R30,PADD 3,NNI,Nigeria,824.0,27.0
2014-06,R30,PADD 3,NNO,Norway,307.0,10.0
2014-06,R30,PADD 3,NPM,Panama,353.0,12.0
2014-06,R30,PADD 3,NSP,Spain,306.0,10.0
2014-06,R30,PADD 3,NUK,United Kingdom,281.0,9.0
2014-06,R30,PADD 3,Z00,,3437.0,115.0
2014-06,R40,PADD 4,NCA,Canada,0.0,0.0
2014-06,R40,PADD 4,Z00,,0.0,0.0
2014-06,R50,PADD 5,NCA,Canada,480.0,16.0
2014-06,R50,PADD 5,NES,El Salvador,25.0,1.0
2014-06,R50,PADD 5,Z00,,505.0,17.0
2014-07,NUS,U.S.,NBD,Bermuda,40.0,1.0
2014-07,NUS,U.S.,NBE,Belgium,260.0,8.0
2014-07,NUS,U.S.,NBF,Bahama Islands,43.0,1.0
2014-07,NUS,U.S.,NCA,Canada,1668.0,54.0
2014-07,NUS,U.S.,NCJ,Cayman Islands,10.0,0.0
2014-07,NUS,U.S.,NCO,Colombia,195.0,6.0
2014-07,NUS,U.S.,NCS,Costa Rica,88.0,3.0
2014-07,NUS,U.S.,NDR,Dominican Republic,79.0,3.0
2014-07,NUS,U.S.,NES,El Salvador,39.0,1.0
2014-07,NUS,U.S.,NGI,Gibraltar,210.0,7.0
2014-07,NUS,U.S.,NGT,Guatemala,37.0,1.0
2014-07,NUS,U.S.,NHO,Honduras,47.0,2.0
2014-07,NUS,U.S.,NIN,India,0.0,0.0
2014-07,NUS,U.S.,NIS,Israel,273.0,9.0
2014-07,NUS,U.S.,NMX,Mexico,719.0,23.0
2014-07,NUS,U.S.,NNI,Nigeria,854.0,28.0
2014-07,NUS,U.S.,NNL,Netherlands,1147.0,37.0
2014-07,NUS,U.S.,NPE,Peru,85.0,3.0
2014-07,NUS,U.S.,NPM,Panama,593.0,19.0
2014-07,NUS,U.S.,NTK,Turks and Caicos Islands,11.0,0.0
2014-07,NUS,U.S.,Z00,,6399.0,206.0
2014-07,R10,PADD 1,NBF,Bahama Islands,2.0,0.0
2014-07,R10,PADD 1,NCA,Canada,1.0,0.0
2014-07,R10,PADD 1,NNL,Netherlands,261.0,8.0
2014-07,R10,PADD 1,NTK,Turks and Caicos Islands,11.0,0.0
2014-07,R10,PADD 1,Z00,,275.0,9.0
2014-07,R20,PADD 2,NCA,Canada,679.0,22.0
2014-07,R20,PADD 2,Z00,,679.0,22.0
2014-07,R30,PADD 3,NBD,Bermuda,40.0,1.0
2014-07,R30,PADD 3,NBE,Belgium,260.0,8.0
2014-07,R30,PADD 3,NBF,Bahama Islands,41.0,1.0
2014-07,R30,PADD 3,NCA,Canada,50.0,2.0
2014-07,R30,PADD 3,NCJ,Cayman Islands,10.0,0.0
2014-07,R30,PADD 3,NCO,Colombia,195.0,6.0
2014-07,R30,PADD 3,NCS,Costa Rica,88.0,3.0
2014-07,R30,PADD 3,NDR,Dominican Republic,79.0,3.0
2014-07,R30,PADD 3,NGI,Gibraltar,210.0,7.0
2014-07,R30,PADD 3,NGT,Guatemala,37.0,1.0
2014-07,R30,PADD 3,NHO,Honduras,47.0,2.0
2014-07,R30,PADD 3,NIN,India,0.0,0.0
2014-07,R30,PADD 3,NIS,Israel,273.0,9.0
2014-07,R30,PADD 3,NMX,Mexico,719.0,23.0
2014-07,R30,PADD 3,NNI,Nigeria,854.0,28.0
2014-07,R30,PADD 3,NNL,Netherlands,886.0,29.0
2014-07,R30,PADD 3,NPE,Peru,85.0,3.0
2014-07,R30,PADD 3,NPM,Panama,593.0,19.0
2014-07,R30,PADD 3,Z00,,4467.0,144.0
2014-07,R40,PADD 4,NCA,Canada,1.0,0.0
2014-07,R40,PADD 4,Z00,,1.0,0.0
2014-07,R50,PADD 5,NCA,Canada,937.0,30.0
2014-07,R50,PADD 5,NES,El Salvador,39.0,1.0
2014-07,R50,PADD 5,Z00,,976.0,31.0
2014-08,NUS,U.S.,NBD,Bermuda,30.0,1.0
2014-08,NUS,U.S.,NBF,Bahama Islands,108.0,3.0
2014-08,NUS,U.S.,NBR,Brazil,338.0,11.0
2014-08,NUS,U.S.,NCA,Canada,1224.0,39.0
2014-08,NUS,U.S.,NCJ,Cayman Islands,4.0,0.0
2014-08,NUS,U.S.,NCO,Colombia,100.0,3.0
2014-08,NUS,U.S.,NCS,Costa Rica,90.0,3.0
2014-08,NUS,U.S.,NDR,Dominican Republic,74.0,2.0
2014-08,NUS,U.S.,NEC,Ecuador,131.0,4.0
2014-08,NUS,U.S.,NES,El Salvador,113.0,4.0
2014-08,NUS,U.S.,NGI,Gibraltar,439.0,14.0
2014-08,NUS,U.S.,NGT,Guatemala,90.0,3.0
2014-08,NUS,U.S.,NHO,Honduras,58.0,2.0
2014-08,NUS,U.S.,NJM,Jamaica,67.0,2.0
2014-08,NUS,U.S.,NMX,Mexico,391.0,13.0
2014-08,NUS,U.S.,NNI,Nigeria,1469.0,47.0
2014-08,NUS,U.S.,NNL,Netherlands,608.0,20.0
2014-08,NUS,U.S.,NNO,Norway,597.0,19.0
2014-08,NUS,U.S.,NPE,Peru,222.0,7.0
2014-08,NUS,U.S.,NPM,Panama,340.0,11.0
2014-08,NUS,U.S.,NSF,South Africa,10.0,0.0
2014-08,NUS,U.S.,NTK,Turks and Caicos Islands,7.0,0.0
2014-08,NUS,U.S.,NVQ,Virgin Islands,80.0,3.0
2014-08,NUS,U.S.,Z00,,6590.0,213.0
2014-08,R10,PADD 1,NBF,Bahama Islands,4.0,0.0
2014-08,R10,PADD 1,NCA,Canada,28.0,1.0
2014-08,R10,PADD 1,NDR,Dominican Republic,0.0,0.0
2014-08,R10,PADD 1,NTK,Turks and Caicos Islands,7.0,0.0
2014-08,R10,PADD 1,Z00,,39.0,1.0
2014-08,R20,PADD 2,NCA,Canada,603.0,19.0
2014-08,R20,PADD 2,Z00,,603.0,19.0
2014-08,R30,PADD 3,NBD,Bermuda,30.0,1.0
2014-08,R30,PADD 3,NBF,Bahama Islands,104.0,3.0
2014-08,R30,PADD 3,NBR,Brazil,338.0,11.0
2014-08,R30,PADD 3,NCJ,Cayman Islands,4.0,0.0
2014-08,R30,PADD 3,NCO,Colombia,100.0,3.0
2014-08,R30,PADD 3,NCS,Costa Rica,90.0,3.0
2014-08,R30,PADD 3,NDR,Dominican Republic,74.0,2.0
2014-08,R30,PADD 3,NEC,Ecuador,131.0,4.0
2014-08,R30,PADD 3,NES,El Salvador,55.0,2.0
2014-08,R30,PADD 3,NGI,Gibraltar,439.0,14.0
2014-08,R30,PADD 3,NGT,Guatemala,25.0,1.0
2014-08,R30,PADD 3,NHO,Honduras,58.0,2.0
2014-08,R30,PADD 3,NJM,Jamaica,67.0,2.0
2014-08,R30,PADD 3,NMX,Mexico,391.0,13.0
2014-08,R30,PADD 3,NNI,Nigeria,1469.0,47.0
2014-08,R30,PADD 3,NNL,Netherlands,608.0,20.0
2014-08,R30,PADD 3,NNO,Norway,597.0,19.0
2014-08,R30,PADD 3,NPE,Peru,222.0,7.0
2014-08,R30,PADD 3,NPM,Panama,340.0,11.0
2014-08,R30,PADD 3,NSF,South Africa,10.0,0.0
2014-08,R30,PADD 3,NVQ,Virgin Islands,80.0,3.0
2014-08,R30,PADD 3,Z00,,5232.0,169.0
2014-08,R40,PADD 4,NCA,Canada,0.0,0.0
2014-08,R40,PADD 4,Z00,,0.0,0.0
2014-08,R50,PADD 5,NCA,Canada,592.0,19.0
2014-08,R50,PADD 5,NES,El Salvador,58.0,2.0
2014-08,R50,PADD 5,NGT,Guatemala,65.0,2.0
2014-08,R50,PADD 5,Z00,,715.0,23.0
2014-09,NUS,U.S.,NAA,Aruba,188.0,6.0
2014-09,NUS,U.S.,NBF,Bahama Islands,51.0,2.0
2014-09,NUS,U.S.,NCA,Canada,1378.0,46.0
2014-09,NUS,U.S.,NCJ,Cayman Islands,18.0,1.0
2014-09,NUS,U.S.,NCO,Colombia,315.0,11.0
2014-09,NUS,U.S.,NCS,Costa Rica,60.0,2.0
2014-09,NUS,U.S.,NDR,Dominican Republic,40.0,1.0
2014-09,NUS,U.S.,NEC,Ecuador,100.0,3.0
2014-09,NUS,U.S.,NES,El Salvador,51.0,2.0
2014-09,NUS,U.S.,NGT,Guatemala,60.0,2.0
2014-09,NUS,U.S.,NHO,Honduras,46.0,2.0
2014-09,NUS,U.S.,NMX,Mexico,381.0,13.0
2014-09,NUS,U.S.,NNI,Nigeria,585.0,20.0
2014-09,NUS,U.S.,NPE,Peru,200.0,7.0
2014-09,NUS,U.S.,NPM,Panama,659.0,22.0
2014-09,NUS,U.S.,NTK,Turks and Caicos Islands,4.0,0.0
2014-09,NUS,U.S.,Z00,,4136.0,138.0
2014-09,R10,PADD 1,NBF,Bahama Islands,2.0,0.0
2014-09,R10,PADD 1,NCA,Canada,27.0,1.0
2014-09,R10,PADD 1,NTK,Turks and Caicos Islands,4.0,0.0
2014-09,R10,PADD 1,Z00,,33.0,1.0
2014-09,R20,PADD 2,NCA,Canada,489.0,16.0
2014-09,R20,PADD 2,Z00,,489.0,16.0
2014-09,R30,PADD 3,NAA,Aruba,188.0,6.0
2014-09,R30,PADD 3,NBF,Bahama Islands,49.0,2.0
2014-09,R30,PADD 3,NCA,Canada,248.0,8.0
2014-09,R30,PADD 3,NCJ,Cayman Islands,18.0,1.0
2014-09,R30,PADD 3,NCO,Colombia,315.0,11.0
2014-09,R30,PADD 3,NCS,Costa Rica,60.0,2.0
2014-09,R30,PADD 3,NDR,Dominican Republic,40.0,1.0
2014-09,R30,PADD 3,NEC,Ecuador,100.0,3.0
2014-09,R30,PADD 3,NGT,Guatemala,24.0,1.0
2014-09,R30,PADD 3,NHO,Honduras,46.0,2.0
2014-09,R30,PADD 3,NMX,Mexico,381.0,13.0
2014-09,R30,PADD 3,NNI,Nigeria,585.0,20.0
2014-09,R30,PADD 3,NPE,Peru,200.0,7.0
2014-09,R30,PADD 3,NPM,Panama,358.0,12.0
2014-09,R30,PADD 3,Z00,,2613.0,87.0
2014-09,R50,PADD 5,NCA,Canada,613.0,20.0
2014-09,R50,PADD 5,NES,El Salvador,51.0,2.0
2014-09,R50,PADD 5,NGT,Guatemala,36.0,1.0
2014-09,R50,PADD 5,NPM,Panama,300.0,10.0
2014-09,R50,PADD 5,Z00,,1001.0,33.0
2014-10,NUS,U.S.,NAR,Argentina,29.0,1.0
2014-10,NUS,U.S.,NBF,Bahama Islands,43.0,1.0
2014-10,NUS,U.S.,NBR,Brazil,296.0,10.0
2014-10,NUS,U.S.,NCA,Canada,2202.0,71.0
2014-10,NUS,U.S.,NCJ,Cayman Islands,11.0,0.0
2014-10,NUS,U.S.,NCO,Colombia,105.0,3.0
2014-10,NUS,U.S.,NCS,Costa Rica,130.0,4.0
2014-10,NUS,U.S.,NDR,Dominican Republic,62.0,2.0
2014-10,NUS,U.S.,NEC,Ecuador,43.0,1.0
2014-10,NUS,U.S.,NES,El Salvador,120.0,4.0
2014-10,NUS,U.S.,NGT,Guatemala,86.0,3.0
2014-10,NUS,U.S.,NHO,Honduras,26.0,1.0
2014-10,NUS,U.S.,NIS,Israel,333.0,11.0
2014-10,NUS,U.S.,NMX,Mexico,579.0,19.0
2014-10,NUS,U.S.,NNI,Nigeria,1464.0,47.0
2014-10,NUS,U.S.,NPE,Peru,398.0,13.0
2014-10,NUS,U.S.,NPM,Panama,300.0,10.0
2014-10,NUS,U.S.,NSP,Spain,14.0,0.0
2014-10,NUS,U.S.,NTD,Trinidad and Tobago,28.0,1.0
2014-10,NUS,U.S.,NTK,Turks and Caicos Islands,8.0,0.0
2014-10,NUS,U.S.,Z00,,6278.0,203.0
2014-10,R10,PADD 1,NAR,Argentina,29.0,1.0
2014-10,R10,PADD 1,NBF,Bahama Islands,4.0,0.0
2014-10,R10,PADD 1,NTK,Turks and Caicos Islands,8.0,0.0
2014-10,R10,PADD 1,Z00,,41.0,1.0
2014-10,R20,PADD 2,NCA,Canada,1265.0,41.0
2014-10,R20,PADD 2,Z00,,1265.0,41.0
2014-10,R30,PADD 3,NBF,Bahama Islands,39.0,1.0
2014-10,R30,PADD 3,NBR,Brazil,296.0,10.0
2014-10,R30,PADD 3,NCA,Canada,50.0,2.0
2014-10,R30,PADD 3,NCJ,Cayman Islands,11.0,0.0
2014-10,R30,PADD 3,NCO,Colombia,105.0,3.0
2014-10,R30,PADD 3,NCS,Costa Rica,130.0,4.0
2014-10,R30,PADD 3,NDR,Dominican Republic,62.0,2.0
2014-10,R30,PADD 3,NEC,Ecuador,43.0,1.0
2014-10,R30,PADD 3,NGT,Guatemala,16.0,1.0
2014-10,R30,PADD 3,NHO,Honduras,26.0,1.0
2014-10,R30,PADD 3,NIS,Israel,333.0,11.0
2014-10,R30,PADD 3,NMX,Mexico,579.0,19.0
2014-10,R30,PADD 3,NNI,Nigeria,1464.0,47.0
2014-10,R30,PADD 3,NPE,Peru,398.0,13.0
2014-10,R30,PADD 3,NSP,Spain,14.0,0.0
2014-10,R30,PADD 3,NTD,Trinidad and Tobago,28.0,1.0
2014-10,R30,PADD 3,Z00,,3595.0,116.0
2014-10,R50,PADD 5,NCA,Canada,887.0,29.0
2014-10,R50,PADD 5,NES,El Salvador,120.0,4.0
2014-10,R50,PADD 5,NGT,Guatemala,70.0,2.0
2014-10,R50,PADD 5,NPM,Panama,300.0,10.0
2014-10,R50,PADD 5,Z00,,1376.0,44.0
2014-11,NUS,U.S.,NAA,Aruba,319.0,11.0
2014-11,NUS,U.S.,NAR,Argentina,89.0,3.0
2014-11,NUS,U.S.,NBD,Bermuda,33.0,1.0
2014-11,NUS,U.S.,NBF,Bahama Islands,12.0,0.0
2014-11,NUS,U.S.,NBR,Brazil,320.0,11.0
2014-11,NUS,U.S.,NCA,Canada,1085.0,36.0
2014-11,NUS,U.S.,NCO,Colombia,210.0,7.0
2014-11,NUS,U.S.,NCS,Costa Rica,100.0,3.0
2014-11,NUS,U.S.,NDR,Dominican Republic,167.0,6.0
2014-11,NUS,U.S.,NEC,Ecuador,43.0,1.0
2014-11,NUS,U.S.,NES,El Salvador,95.0,3.0
2014-11,NUS,U.S.,NGT,Guatemala,40.0,1.0
2014-11,NUS,U.S.,NHO,Honduras,39.0,1.0
2014-11,NUS,U.S.,NIC,Iceland,300.0,10.0
2014-11,NUS,U.S.,NIV,Ivory Coast (Cote d'Ivore),293.0,10.0
2014-11,NUS,U.S.,NMX,Mexico,680.0,23.0
2014-11,NUS,U.S.,NNI,Nigeria,599.0,20.0
2014-11,NUS,U.S.,NNL,Netherlands,479.0,16.0
2014-11,NUS,U.S.,NPM,Panama,741.0,25.0
2014-11,NUS,U.S.,NSF,South Africa,12.0,0.0
2014-11,NUS,U.S.,NTK,Turks and Caicos Islands,8.0,0.0
2014-11,NUS,U.S.,NVQ,Virgin Islands,15.0,1.0
2014-11,NUS,U.S.,Z00,,5679.0,189.0
2014-11,R10,PADD 1,NAA,Aruba,0.0,0.0
2014-11,R10,PADD 1,NBF,Bahama Islands,2.0,0.0
2014-11,R10,PADD 1,NTK,Turks and Caicos Islands,8.0,0.0
2014-11,R10,PADD 1,Z00,,10.0,0.0
2014-11,R20,PADD 2,NCA,Canada,477.0,16.0
2014-11,R20,PADD 2,Z00,,477.0,16.0
2014-11,R30,PADD 3,NAA,Aruba,319.0,11.0
2014-11,R30,PADD 3,NAR,Argentina,89.0,3.0
2014-11,R30,PADD 3,NBD,Bermuda,33.0,1.0
2014-11,R30,PADD 3,NBF,Bahama Islands,10.0,0.0
2014-11,R30,PADD 3,NBR,Brazil,320.0,11.0
2014-11,R30,PADD 3,NCA,Canada,50.0,2.0
2014-11,R30,PADD 3,NCO,Colombia,210.0,7.0
2014-11,R30,PADD 3,NCS,Costa Rica,100.0,3.0
2014-11,R30,PADD 3,NDR,Dominican Republic,167.0,6.0
2014-11,R30,PADD 3,NEC,Ecuador,43.0,1.0
2014-11,R30,PADD 3,NGT,Guatemala,28.0,1.0
2014-11,R30,PADD 3,NHO,Honduras,39.0,1.0
2014-11,R30,PADD 3,NIC,Iceland,300.0,10.0
2014-11,R30,PADD 3,NIV,Ivory Coast (Cote d'Ivore),293.0,10.0
2014-11,R30,PADD 3,NMX,Mexico,680.0,23.0
2014-11,R30,PADD 3,NNI,Nigeria,599.0,20.0
2014-11,R30,PADD 3,NNL,Netherlands,479.0,16.0
2014-11,R30,PADD 3,NPM,Panama,141.0,5.0
2014-11,R30,PADD 3,NSF,South Africa,12.0,0.0
2014-11,R30,PADD 3,NVQ,Virgin Islands,15.0,1.0
2014-11,R30,PADD 3,Z00,,3927.0,131.0
2014-11,R40,PADD 4,NCA,Canada,0.0,0.0
2014-11,R40,PADD 4,Z00,,0.0,0.0
2014-11,R50,PADD 5,NCA,Canada,558.0,19.0
2014-11,R50,PADD 5,NES,El Salvador,95.0,3.0
2014-11,R50,PADD 5,NGT,Guatemala,12.0,0.0
2014-11,R50,PADD 5,NPM,Panama,600.0,20.0
2014-11,R50,PADD 5,Z00,,1264.0,42.0
2014-12,NUS,U.S.,NAC,Antigua and Barbuda,100.0,3.0
2014-12,NUS,U.S.,NBF,Bahama Islands,76.0,2.0
2014-12,NUS,U.S.,NCA,Canada,1332.0,43.0
2014-12,NUS,U.S.,NCI,Chile,614.0,20.0
2014-12,NUS,U.S.,NCJ,Cayman Islands,12.0,0.0
2014-12,NUS,U.S.,NCO,Colombia,105.0,3.0
2014-12,NUS,U.S.,NCS,Costa Rica,102.0,3.0
2014-12,NUS,U.S.,NDR,Dominican Republic,244.0,8.0
2014-12,NUS,U.S.,NEC,Ecuador,52.0,2.0
2014-12,NUS,U.S.,NGT,Guatemala,15.0,0.0
2014-12,NUS,U.S.,NHO,Honduras,57.0,2.0
2014-12,NUS,U.S.,NIS,Israel,333.0,11.0
2014-12,NUS,U.S.,NMX,Mexico,610.0,20.0
2014-12,NUS,U.S.,NNI,Nigeria,587.0,19.0
2014-12,NUS,U.S.,NPE,Peru,291.0,9.0
2014-12,NUS,U.S.,NPM,Panama,271.0,9.0
2014-12,NUS,U.S.,NTK,Turks and Caicos Islands,13.0,0.0
2014-12,NUS,U.S.,Z00,,4815.0,155.0
2014-12,R10,PADD 1,NBF,Bahama Islands,5.0,0.0
2014-12,R10,PADD 1,NTK,Turks and Caicos Islands,13.0,0.0
2014-12,R10,PADD 1,Z00,,19.0,1.0
2014-12,R20,PADD 2,NCA,Canada,818.0,26.0
2014-12,R20,PADD 2,Z00,,818.0,26.0
2014-12,R30,PADD 3,NAC,Antigua and Barbuda,100.0,3.0
2014-12,R30,PADD 3,NBF,Bahama Islands,71.0,2.0
2014-12,R30,PADD 3,NCI,Chile,315.0,10.0
2014-12,R30,PADD 3,NCJ,Cayman Islands,12.0,0.0
2014-12,R30,PADD 3,NCO,Colombia,105.0,3.0
2014-12,R30,PADD 3,NCS,Costa Rica,102.0,3.0
2014-12,R30,PADD 3,NDR,Dominican Republic,244.0,8.0
2014-12,R30,PADD 3,NEC,Ecuador,52.0,2.0
2014-12,R30,PADD 3,NGT,Guatemala,15.0,0.0
2014-12,R30,PADD 3,NHO,Honduras,57.0,2.0
2014-12,R30,PADD 3,NIS,Israel,333.0,11.0
2014-12,R30,PADD 3,NMX,Mexico,610.0,20.0
2014-12,R30,PADD 3,NNI,Nigeria,587.0,19.0
2014-12,R30,PADD 3,NPE,Peru,291.0,9.0
2014-12,R30,PADD 3,NPM,Panama,271.0,9.0
2014-12,R30,PADD 3,Z00,,3166.0,102.0
2014-12,R50,PADD 5,NCA,Canada,514.0,17.0
2014-12,R50,PADD 5,NCI,Chile,299.0,10.0
2014-12,R50,PADD 5,Z00,,813.0,26.0
2015-01,NUS,U.S.,NAA,Aruba,195.0,6.0
2015-01,NUS,U.S.,NAC,Antigua and Barbuda,357.0,12.0
2015-01,NUS,U.S.,NBE,Belgium,320.0,10.0
2015-01,NUS,U.S.,NBF,Bahama Islands,29.0,1.0
2015-01,NUS,U.S.,NBR,Brazil,315.0,10.0
2015-01,NUS,U.S.,NCA,Canada,1756.0,57.0
2015-01,NUS,U.S.,NCI,Chile,150.0,5.0
2015-01,NUS,U.S.,NCJ,Cayman Islands,10.0,0.0
2015-01,NUS,U.S.,NCO,Colombia,329.0,11.0
2015-01,NUS,U.S.,NCS,Costa Rica,110.0,4.0
2015-01,NUS,U.S.,NDR,Dominican Republic,85.0,3.0
2015-01,NUS,U.S.,NES,El Salvador,70.0,2.0
2015-01,NUS,U.S.,NFI,Finland,250.0,8.0
2015-01,NUS,U.S.,NGT,Guatemala,27.0,1.0
2015-01,NUS,U.S.,NHO,Honduras,47.0,2.0
2015-01,NUS,U.S.,NMX,Mexico,787.0,25.0
2015-01,NUS,U.S.,NNI,Nigeria,300.0,10.0
2015-01,NUS,U.S.,NNL,Netherlands,827.0,27.0
2015-01,NUS,U.S.,NNO,Norway,0.0,0.0
2015-01,NUS,U.S.,NPE,Peru,9.0,0.0
2015-01,NUS,U.S.,NPM,Panama,890.0,29.0
2015-01,NUS,U.S.,NSG,Senegal,300.0,10.0
2015-01,NUS,U.S.,NSZ,Switzerland,300.0,10.0
2015-01,NUS,U.S.,NTK,Turks and Caicos Islands,9.0,0.0
2015-01,NUS,U.S.,NUK,United Kingdom,620.0,20.0
2015-01,NUS,U.S.,Z00,,7472.0,241.0
2015-01,R10,PADD 1,NBF,Bahama Islands,8.0,0.0
2015-01,R10,PADD 1,NCA,Canada,60.0,2.0
2015-01,R10,PADD 1,NTK,Turks and Caicos Islands,9.0,0.0
2015-01,R10,PADD 1,Z00,,76.0,2.0
2015-01,R20,PADD 2,NCA,Canada,987.0,32.0
2015-01,R20,PADD 2,Z00,,987.0,32.0
2015-01,R30,PADD 3,NAA,Aruba,195.0,6.0
2015-01,R30,PADD 3,NAC,Antigua and Barbuda,357.0,12.0
2015-01,R30,PADD 3,NBF,Bahama Islands,21.0,1.0
2015-01,R30,PADD 3,NBR,Brazil,315.0,10.0
2015-01,R30,PADD 3,NCA,Canada,192.0,6.0
2015-01,R30,PADD 3,NCI,Chile,150.0,5.0
2015-01,R30,PADD 3,NCJ,Cayman Islands,10.0,0.0
2015-01,R30,PADD 3,NCO,Colombia,329.0,11.0
2015-01,R30,PADD 3,NCS,Costa Rica,110.0,4.0
2015-01,R30,PADD 3,NDR,Dominican Republic,85.0,3.0
2015-01,R30,PADD 3,NFI,Finland,250.0,8.0
2015-01,R30,PADD 3,NGT,Guatemala,27.0,1.0
2015-01,R30,PADD 3,NHO,Honduras,47.0,2.0
2015-01,R30,PADD 3,NMX,Mexico,787.0,25.0
2015-01,R30,PADD 3,NNI,Nigeria,300.0,10.0
2015-01,R30,PADD 3,NNL,Netherlands,827.0,27.0
2015-01,R30,PADD 3,NPE,Peru,9.0,0.0
2015-01,R30,PADD 3,NPM,Panama,890.0,29.0
2015-01,R30,PADD 3,NSG,Senegal,300.0,10.0
2015-01,R30,PADD 3,NUK,United Kingdom,620.0,20.0
2015-01,R30,PADD 3,Z00,,5821.0,188.0
2015-01,R50,PADD 5,NCA,Canada,517.0,17.0
2015-01,R50,PADD 5,NES,El Salvador,70.0,2.0
2015-01,R50,PADD 5,NNO,Norway,0.0,0.0
2015-01,R50,PADD 5,Z00,,587.0,19.0
2015-02,NUS,U.S.,NAC,Antigua and Barbuda,424.0,15.0
2015-02,NUS,U.S.,NAR,Argentina,31.0,1.0
2015-02,NUS,U.S.,NBF,Bahama Islands,41.0,1.0
2015-02,NUS,U.S.,NCA,Canada,1039.0,37.0
2015-02,NUS,U.S.,NCI,Chile,308.0,11.0
2015-02,NUS,U.S.,NCO,Colombia,104.0,4.0
2015-02,NUS,U.S.,NCS,Costa Rica,118.0,4.0
2015-02,NUS,U.S.,NDR,Dominican Republic,30.0,1.0
2015-02,NUS,U.S.,NES,El Salvador,15.0,1.0
2015-02,NUS,U.S.,NGI,Gibraltar,173.0,6.0
2015-02,NUS,U.S.,NGT,Guatemala,16.0,1.0
2015-02,NUS,U.S.,NHO,Honduras,46.0,2.0
2015-02,NUS,U.S.,NIC,Iceland,162.0,6.0
2015-02,NUS,U.S.,NIS,Israel,331.0,12.0
2015-02,NUS,U.S.,NIV,Ivory Coast (Cote d'Ivore),320.0,11.0
2015-02,NUS,U.S.,NMX,Mexico,1000.0,36.0
2015-02,NUS,U.S.,NNI,Nigeria,924.0,33.0
2015-02,NUS,U.S.,NNL,Netherlands,89.0,3.0
2015-02,NUS,U.S.,NNO,Norway,162.0,6.0
2015-02,NUS,U.S.,NPE,Peru,91.0,3.0
2015-02,NUS,U.S.,NPM,Panama,100.0,4.0
2015-02,NUS,U.S.,NTD,Trinidad and Tobago,35.0,1.0
2015-02,NUS,U.S.,NTK,Turks and Caicos Islands,10.0,0.0
2015-02,NUS,U.S.,Z00,,5397.0,193.0
2015-02,R10,PADD 1,NBF,Bahama Islands,6.0,0.0
2015-02,R10,PADD 1,NTK,Turks and Caicos Islands,10.0,0.0
2015-02,R10,PADD 1,Z00,,15.0,1.0
2015-02,R20,PADD 2,NCA,Canada,383.0,14.0
2015-02,R20,PADD 2,Z00,,383.0,14.0
2015-02,R30,PADD 3,NAC,Antigua and Barbuda,424.0,15.0
2015-02,R30,PADD 3,NAR,Argentina,31.0,1.0
2015-02,R30,PADD 3,NBF,Bahama Islands,35.0,1.0
2015-02,R30,PADD 3,NCO,Colombia,104.0,4.0
2015-02,R30,PADD 3,NCS,Costa Rica,118.0,4.0
2015-02,R30,PADD 3,NDR,Dominican Republic,30.0,1.0
2015-02,R30,PADD 3,NGT,Guatemala,16.0,1.0
2015-02,R30,PADD 3,NHO,Honduras,46.0,2.0
2015-02,R30,PADD 3,NIC,Iceland,162.0,6.0
2015-02,R30,PADD 3,NIS,Israel,331.0,12.0
2015-02,R30,PADD 3,NIV,Ivory Coast (Cote d'Ivore),320.0,11.0
2015-02,R30,PADD 3,NMX,Mexico,1000.0,36.0
2015-02,R30,PADD 3,NNI,Nigeria,924.0,33.0
2015-02,R30,PADD 3,NNL,Netherlands,89.0,3.0
2015-02,R30,PADD 3,NNO,Norway,162.0,6.0
2015-02,R30,PADD 3,NPE,Peru,91.0,3.0
2015-02,R30,PADD 3,NPM,Panama,100.0,4.0
2015-02,R30,PADD 3,NTD,Trinidad and Tobago,35.0,1.0
2015-02,R30,PADD 3,Z00,,4019.0,144.0
2015-02,R50,PADD 5,NCA,Canada,656.0,23.0
2015-02,R50,PADD 5,NCI,Chile,308.0,11.0
2015-02,R50,PADD 5,NES,El Salvador,15.0,1.0
2015-02,R50,PADD 5,Z00,,980.0,35.0
2015-03,NUS,U.S.,NAC,Antigua and Barbuda,482.0,16.0
2015-03,NUS,U.S.,NAR,Argentina,125.0,4.0
2015-03,NUS,U.S.,NBD,Bermuda,41.0,1.0
2015-03,NUS,U.S.,NBF,Bahama Islands,51.0,2.0
2015-03,NUS,U.S.,NCA,Canada,1742.0,56.0
2015-03,NUS,U.S.,NCI,Chile,302.0,10.0
2015-03,NUS,U.S.,NCJ,Cayman Islands,8.0,0.0
2015-03,NUS,U.S.,NCO,Colombia,208.0,7.0
2015-03,NUS,U.S.,NCS,Costa Rica,100.0,3.0
2015-03,NUS,U.S.,NEC,Ecuador,52.0,2.0
2015-03,NUS,U.S.,NGT,Guatemala,48.0,2.0
2015-03,NUS,U.S.,NHO,Honduras,25.0,1.0
2015-03,NUS,U.S.,NMX,Mexico,671.0,22.0
2015-03,NUS,U.S.,NNI,Nigeria,417.0,13.0
2015-03,NUS,U.S.,NPE,Peru,95.0,3.0
2015-03,NUS,U.S.,NPM,Panama,389.0,13.0
2015-03,NUS,U.S.,NSF,South Africa,17.0,1.0
2015-03,NUS,U.S.,NTK,Turks and Caicos Islands,21.0,1.0
2015-03,NUS,U.S.,Z00,,4795.0,155.0
2015-03,R10,PADD 1,NBF,Bahama Islands,6.0,0.0
2015-03,R10,PADD 1,NTK,Turks and Caicos Islands,21.0,1.0
2015-03,R10,PADD 1,Z00,,27.0,1.0
2015-03,R20,PADD 2,NCA,Canada,1044.0,34.0
2015-03,R20,PADD 2,Z00,,1044.0,34.0
2015-03,R30,PADD 3,NAC,Antigua and Barbuda,482.0,16.0
2015-03,R30,PADD 3,NAR,Argentina,125.0,4.0
2015-03,R30,PADD 3,NBD,Bermuda,41.0,1.0
2015-03,R30,PADD 3,NBF,Bahama Islands,45.0,1.0
2015-03,R30,PADD 3,NCJ,Cayman Islands,8.0,0.0
2015-03,R30,PADD 3,NCO,Colombia,208.0,7.0
2015-03,R30,PADD 3,NCS,Costa Rica,100.0,3.0
2015-03,R30,PADD 3,NEC,Ecuador,52.0,2.0
2015-03,R30,PADD 3,NGT,Guatemala,48.0,2.0
2015-03,R30,PADD 3,NHO,Honduras,25.0,1.0
2015-03,R30,PADD 3,NMX,Mexico,671.0,22.0
2015-03,R30,PADD 3,NNI,Nigeria,417.0,13.0
2015-03,R30,PADD 3,NPE,Peru,95.0,3.0
2015-03,R30,PADD 3,NPM,Panama,389.0,13.0
2015-03,R30,PADD 3,NSF,South Africa,17.0,1.0
2015-03,R30,PADD 3,Z00,,2723.0,88.0
2015-03,R50,PADD 5,NCA,Canada,699.0,23.0
2015-03,R50,PADD 5,NCI,Chile,302.0,10.0
2015-03,R50,PADD 5,NMX,Mexico,0.0,0.0
2015-03,R50,PADD 5,Z00,,1001.0,32.0
2015-04,NUS,U.S.,NAA,Aruba,0.0,0.0
2015-04,NUS,U.S.,NAC,Antigua and Barbuda,330.0,11.0
2015-04,NUS,U.S.,NAR,Argentina,0.0,0.0
2015-04,NUS,U.S.,NBB,Barbados,0.0,0.0
2015-04,NUS,U.S.,NBD,Bermuda,40.0,1.0
2015-04,NUS,U.S.,NBF,Bahama Islands,58.0,2.0
2015-04,NUS,U.S.,NCA,Canada,1853.0,62.0
2015-04,NUS,U.S.,NCB,Cambodia,0.0,0.0
2015-04,NUS,U.S.,NCH,China,1.0,0.0
2015-04,NUS,U.S.,NCI,Chile,143.0,5.0
2015-04,NUS,U.S.,NCJ,Cayman Islands,7.0,0.0
2015-04,NUS,U.S.,NCO,Colombia,154.0,5.0
2015-04,NUS,U.S.,NCS,Costa Rica,170.0,6.0
2015-04,NUS,U.S.,NDR,Dominican Republic,17.0,1.0
2015-04,NUS,U.S.,NES,El Salvador,10.0,0.0
2015-04,NUS,U.S.,NFI,Finland,305.0,10.0
2015-04,NUS,U.S.,NGM,Germany,0.0,0.0
2015-04,NUS,U.S.,NGT,Guatemala,14.0,0.0
2015-04,NUS,U.S.,NHK,Hong Kong,0.0,0.0
2015-04,NUS,U.S.,NHO,Honduras,55.0,2.0
2015-04,NUS,U.S.,NIS,Israel,376.0,13.0
2015-04,NUS,U.S.,NJA,Japan,1.0,0.0
2015-04,NUS,U.S.,NJO,Jordan,0.0,0.0
2015-04,NUS,U.S.,NKU,Kuwait,0.0,0.0
2015-04,NUS,U.S.,NMX,Mexico,293.0,10.0
2015-04,NUS,U.S.,NNI,Nigeria,615.0,21.0
2015-04,NUS,U.S.,NNL,Netherlands,314.0,10.0
2015-04,NUS,U.S.,NNO,Norway,320.0,11.0
2015-04,NUS,U.S.,NNS,Suriname,0.0,0.0
2015-04,NUS,U.S.,NNU,Nicaragua,0.0,0.0
2015-04,NUS,U.S.,NPA,Paraguay,19.0,1.0
2015-04,NUS,U.S.,NPE,Peru,0.0,0.0
2015-04,NUS,U.S.,NPM,Panama,369.0,12.0
2015-04,NUS,U.S.,NQA,Qatar,0.0,0.0
2015-04,NUS,U.S.,NSN,Singapore,0.0,0.0
2015-04,NUS,U.S.,NSP,Spain,22.0,1.0
2015-04,NUS,U.S.,NTC,United Arab Emirates,0.0,0.0
2015-04,NUS,U.S.,NTD,Trinidad and Tobago,0.0,0.0
2015-04,NUS,U.S.,NTK,Turks and Caicos Islands,3.0,0.0
2015-04,NUS,U.S.,NUK,United Kingdom,320.0,11.0
2015-04,NUS,U.S.,Z00,,5810.0,194.0
2015-04,R10,PADD 1,NAA,Aruba,0.0,0.0
2015-04,R10,PADD 1,NBB,Barbados,0.0,0.0
2015-04,R10,PADD 1,NBF,Bahama Islands,4.0,0.0
2015-04,R10,PADD 1,NCS,Costa Rica,0.0,0.0
2015-04,R10,PADD 1,NES,El Salvador,0.0,0.0
2015-04,R10,PADD 1,NGM,Germany,0.0,0.0
2015-04,R10,PADD 1,NJO,Jordan,0.0,0.0
2015-04,R10,PADD 1,NNL,Netherlands,1.0,0.0
2015-04,R10,PADD 1,NNS,Suriname,0.0,0.0
2015-04,R10,PADD 1,NNU,Nicaragua,0.0,0.0
2015-04,R10,PADD 1,NPE,Peru,0.0,0.0
2015-04,R10,PADD 1,NPM,Panama,0.0,0.0
2015-04,R10,PADD 1,NQA,Qatar,0.0,0.0
2015-04,R10,PADD 1,NTD,Trinidad and Tobago,0.0,0.0
2015-04,R10,PADD 1,NTK,Turks and Caicos Islands,3.0,0.0
2015-04,R10,PADD 1,Z00,,8.0,0.0
2015-04,R20,PADD 2,NCA,Canada,1192.0,40.0
2015-04,R20,PADD 2,NKU,Kuwait,0.0,0.0
2015-04,R20,PADD 2,Z00,,1192.0,40.0
2015-04,R30,PADD 3,NAC,Antigua and Barbuda,330.0,11.0
2015-04,R30,PADD 3,NAR,Argentina,0.0,0.0
2015-04,R30,PADD 3,NBD,Bermuda,40.0,1.0
2015-04,R30,PADD 3,NBF,Bahama Islands,54.0,2.0
2015-04,R30,PADD 3,NCI,Chile,143.0,5.0
2015-04,R30,PADD 3,NCJ,Cayman Islands,7.0,0.0
2015-04,R30,PADD 3,NCO,Colombia,154.0,5.0
2015-04,R30,PADD 3,NCS,Costa Rica,170.0,6.0
2015-04,R30,PADD 3,NDR,Dominican Republic,17.0,1.0
2015-04,R30,PADD 3,NES,El Salvador,0.0,0.0
2015-04,R30,PADD 3,NFI,Finland,305.0,10.0
2015-04,R30,PADD 3,NGT,Guatemala,14.0,0.0
2015-04,R30,PADD 3,NHO,Honduras,55.0,2.0
2015-04,R30,PADD 3,NIS,Israel,376.0,13.0
2015-04,R30,PADD 3,NMX,Mexico,293.0,10.0
2015-04,R30,PADD 3,NNI,Nigeria,615.0,21.0
2015-04,R30,PADD 3,NNL,Netherlands,313.0,10.0
2015-04,R30,PADD 3,NNO,Norway,320.0,11.0
2015-04,R30,PADD 3,NPA,Paraguay,19.0,1.0
2015-04,R30,PADD 3,NPM,Panama,369.0,12.0
2015-04,R30,PADD 3,NSP,Spain,22.0,1.0
2015-04,R30,PADD 3,NTC,United Arab Emirates,0.0,0.0
2015-04,R30,PADD 3,NUK,United Kingdom,320.0,11.0
2015-04,R30,PADD 3,Z00,,3936.0,131.0
2015-04,R50,PADD 5,NCA,Canada,661.0,22.0
2015-04,R50,PADD 5,NCB,Cambodia,0.0,0.0
2015-04,R50,PADD 5,NCH,China,1.0,0.0
2015-04,R50,PADD 5,NES,El Salvador,10.0,0.0
2015-04,R50,PADD 5,NHK,Hong Kong,0.0,0.0
2015-04,R50,PADD 5,NJA,Japan,1.0,0.0
2015-04,R50,PADD 5,NMX,Mexico,0.0,0.0
2015-04,R50,PADD 5,NSN,Singapore,0.0,0.0
2015-04,R50,PADD 5,Z00,,673.0,22.0
2015-05,NUS,U.S.,NAR,Argentina,30.0,1.0
2015-05,NUS,U.S.,NBB,Barbados,25.0,1.0
2015-05,NUS,U.S.,NBD,Bermuda,27.0,1.0
2015-05,NUS,U.S.,NBF,Bahama Islands,36.0,1.0
2015-05,NUS,U.S.,NBR,Brazil,319.0,10.0
2015-05,NUS,U.S.,NCA,Canada,1219.0,39.0
2015-05,NUS,U.S.,NCI,Chile,306.0,10.0
2015-05,NUS,U.S.,NCO,Colombia,210.0,7.0
2015-05,NUS,U.S.,NCS,Costa Rica,50.0,2.0
2015-05,NUS,U.S.,NEC,Ecuador,52.0,2.0
2015-05,NUS,U.S.,NES,El Salvador,20.0,1.0
2015-05,NUS,U.S.,NGT,Guatemala,57.0,2.0
2015-05,NUS,U.S.,NHO,Honduras,64.0,2.0
2015-05,NUS,U.S.,NJM,Jamaica,81.0,3.0
2015-05,NUS,U.S.,NKU,Kuwait,0.0,0.0
2015-05,NUS,U.S.,NMX,Mexico,570.0,18.0
2015-05,NUS,U.S.,NPE,Peru,283.0,9.0
2015-05,NUS,U.S.,NPM,Panama,659.0,21.0
2015-05,NUS,U.S.,NTK,Turks and Caicos Islands,0.0,0.0
2015-05,NUS,U.S.,Z00,,4008.0,129.0
2015-05,R10,PADD 1,NBF,Bahama Islands,6.0,0.0
2015-05,R10,PADD 1,NKU,Kuwait,0.0,0.0
2015-05,R10,PADD 1,NTK,Turks and Caicos Islands,0.0,0.0
2015-05,R10,PADD 1,Z00,,7.0,0.0
2015-05,R20,PADD 2,NCA,Canada,656.0,21.0
2015-05,R20,PADD 2,Z00,,656.0,21.0
2015-05,R30,PADD 3,NAR,Argentina,30.0,1.0
2015-05,R30,PADD 3,NBB,Barbados,25.0,1.0
2015-05,R30,PADD 3,NBD,Bermuda,27.0,1.0
2015-05,R30,PADD 3,NBF,Bahama Islands,30.0,1.0
2015-05,R30,PADD 3,NBR,Brazil,319.0,10.0
2015-05,R30,PADD 3,NCA,Canada,60.0,2.0
2015-05,R30,PADD 3,NCI,Chile,306.0,10.0
2015-05,R30,PADD 3,NCO,Colombia,210.0,7.0
2015-05,R30,PADD 3,NCS,Costa Rica,50.0,2.0
2015-05,R30,PADD 3,NEC,Ecuador,52.0,2.0
2015-05,R30,PADD 3,NES,El Salvador,20.0,1.0
2015-05,R30,PADD 3,NGT,Guatemala,57.0,2.0
2015-05,R30,PADD 3,NHO,Honduras,64.0,2.0
2015-05,R30,PADD 3,NJM,Jamaica,81.0,3.0
2015-05,R30,PADD 3,NMX,Mexico,570.0,18.0
2015-05,R30,PADD 3,NPE,Peru,283.0,9.0
2015-05,R30,PADD 3,NPM,Panama,659.0,21.0
2015-05,R30,PADD 3,Z00,,2843.0,92.0
2015-05,R40,PADD 4,NCA,Canada,0.0,0.0
2015-05,R40,PADD 4,Z00,,0.0,0.0
2015-05,R50,PADD 5,NCA,Canada,503.0,16.0
2015-05,R50,PADD 5,Z00,,503.0,16.0
2015-06,NUS,U.S.,NAR,Argentina,151.0,5.0
2015-06,NUS,U.S.,NBE,Belgium,320.0,11.0
2015-06,NUS,U.S.,NBF,Bahama Islands,19.0,1.0
2015-06,NUS,U.S.,NCA,Canada,1343.0,45.0
2015-06,NUS,U.S.,NCO,Colombia,209.0,7.0
2015-06,NUS,U.S.,NCS,Costa Rica,105.0,4.0
2015-06,NUS,U.S.,NDR,Dominican Republic,111.0,4.0
2015-06,NUS,U.S.,NGT,Guatemala,10.0,0.0
2015-06,NUS,U.S.,NHO,Honduras,30.0,1.0
2015-06,NUS,U.S.,NIS,Israel,333.0,11.0
2015-06,NUS,U.S.,NMX,Mexico,667.0,22.0
2015-06,NUS,U.S.,NNI,Nigeria,610.0,20.0
2015-06,NUS,U.S.,NNL,Netherlands,0.0,0.0
2015-06,NUS,U.S.,NPA,Paraguay,19.0,1.0
2015-06,NUS,U.S.,NPM,Panama,438.0,15.0
2015-06,NUS,U.S.,NSF,South Africa,13.0,0.0
2015-06,NUS,U.S.,NTK,Turks and Caicos Islands,7.0,0.0
2015-06,NUS,U.S.,NUY,Uruguay,12.0,0.0
2015-06,NUS,U.S.,Z00,,4399.0,147.0
2015-06,R10,PADD 1,NBF,Bahama Islands,6.0,0.0
2015-06,R10,PADD 1,NTK,Turks and Caicos Islands,7.0,0.0
2015-06,R10,PADD 1,Z00,,13.0,0.0
2015-06,R20,PADD 2,NCA,Canada,368.0,12.0
2015-06,R20,PADD 2,Z00,,368.0,12.0
2015-06,R30,PADD 3,NAR,Argentina,151.0,5.0
2015-06,R30,PADD 3,NBE,Belgium,320.0,11.0
2015-06,R30,PADD 3,NBF,Bahama Islands,13.0,0.0
2015-06,R30,PADD 3,NCA,Canada,233.0,8.0
2015-06,R30,PADD 3,NCO,Colombia,209.0,7.0
2015-06,R30,PADD 3,NCS,Costa Rica,105.0,4.0
2015-06,R30,PADD 3,NDR,Dominican Republic,111.0,4.0
2015-06,R30,PADD 3,NGT,Guatemala,10.0,0.0
2015-06,R30,PADD 3,NHO,Honduras,30.0,1.0
2015-06,R30,PADD 3,NIS,Israel,333.0,11.0
2015-06,R30,PADD 3,NMX,Mexico,667.0,22.0
2015-06,R30,PADD 3,NNI,Nigeria,610.0,20.0
2015-06,R30,PADD 3,NNL,Netherlands,0.0,0.0
2015-06,R30,PADD 3,NPA,Paraguay,19.0,1.0
2015-06,R30,PADD 3,NPM,Panama,438.0,15.0
2015-06,R30,PADD 3,NSF,South Africa,13.0,0.0
2015-06,R30,PADD 3,NUY,Uruguay,12.0,0.0
2015-06,R30,PADD 3,Z00,,3275.0,109.0
2015-06,R50,PADD 5,NCA,Canada,743.0,25.0
2015-06,R50,PADD 5,Z00,,743.0,25.0
2015-07,NUS,U.S.,NBB,Barbados,90.0,3.0
2015-07,NUS,U.S.,NBF,Bahama Islands,42.0,1.0
2015-07,NUS,U.S.,NCA,Canada,1928.0,62.0
2015-07,NUS,U.S.,NCO,Colombia,238.0,8.0
2015-07,NUS,U.S.,NCS,Costa Rica,165.0,5.0
2015-07,NUS,U.S.,NDR,Dominican Republic,13.0,0.0
2015-07,NUS,U.S.,NES,El Salvador,39.0,1.0
2015-07,NUS,U.S.,NGT,Guatemala,29.0,1.0
2015-07,NUS,U.S.,NHO,Honduras,49.0,2.0
2015-07,NUS,U.S.,NIC,Iceland,320.0,10.0
2015-07,NUS,U.S.,NIS,Israel,333.0,11.0
2015-07,NUS,U.S.,NKU,Kuwait,0.0,0.0
2015-07,NUS,U.S.,NMX,Mexico,1316.0,42.0
2015-07,NUS,U.S.,NNI,Nigeria,308.0,10.0
2015-07,NUS,U.S.,NPE,Peru,7.0,0.0
2015-07,NUS,U.S.,NPM,Panama,410.0,13.0
2015-07,NUS,U.S.,NTK,Turks and Caicos Islands,9.0,0.0
2015-07,NUS,U.S.,NUK,United Kingdom,320.0,10.0
2015-07,NUS,U.S.,Z00,,5616.0,181.0
2015-07,R10,PADD 1,NBF,Bahama Islands,5.0,0.0
2015-07,R10,PADD 1,NTK,Turks and Caicos Islands,9.0,0.0
2015-07,R10,PADD 1,Z00,,14.0,0.0
2015-07,R20,PADD 2,NCA,Canada,844.0,27.0
2015-07,R20,PADD 2,NKU,Kuwait,0.0,0.0
2015-07,R20,PADD 2,Z00,,844.0,27.0
2015-07,R30,PADD 3,NBB,Barbados,90.0,3.0
2015-07,R30,PADD 3,NBF,Bahama Islands,37.0,1.0
2015-07,R30,PADD 3,NCA,Canada,273.0,9.0
2015-07,R30,PADD 3,NCO,Colombia,238.0,8.0
2015-07,R30,PADD 3,NCS,Costa Rica,165.0,5.0
2015-07,R30,PADD 3,NDR,Dominican Republic,13.0,0.0
2015-07,R30,PADD 3,NES,El Salvador,35.0,1.0
2015-07,R30,PADD 3,NGT,Guatemala,29.0,1.0
2015-07,R30,PADD 3,NHO,Honduras,49.0,2.0
2015-07,R30,PADD 3,NIC,Iceland,320.0,10.0
2015-07,R30,PADD 3,NIS,Israel,333.0,11.0
2015-07,R30,PADD 3,NMX,Mexico,1316.0,42.0
2015-07,R30,PADD 3,NNI,Nigeria,308.0,10.0
2015-07,R30,PADD 3,NPE,Peru,7.0,0.0
2015-07,R30,PADD 3,NPM,Panama,410.0,13.0
2015-07,R30,PADD 3,NUK,United Kingdom,320.0,10.0
2015-07,R30,PADD 3,Z00,,3943.0,127.0
2015-07,R50,PADD 5,NCA,Canada,811.0,26.0
2015-07,R50,PADD 5,NES,El Salvador,4.0,0.0
2015-07,R50,PADD 5,Z00,,815.0,26.0
2015-08,NUS,U.S.,NAC,Antigua and Barbuda,30.0,1.0
2015-08,NUS,U.S.,NAR,Argentina,282.0,9.0
2015-08,NUS,U.S.,NBF,Bahama Islands,29.0,1.0
2015-08,NUS,U.S.,NBR,Brazil,318.0,10.0
2015-08,NUS,U.S.,NCA,Canada,2271.0,73.0
2015-08,NUS,U.S.,NCJ,Cayman Islands,14.0,0.0
2015-08,NUS,U.S.,NCO,Colombia,238.0,8.0
2015-08,NUS,U.S.,NCS,Costa Rica,40.0,1.0
2015-08,NUS,U.S.,NDR,Dominican Republic,70.0,2.0
2015-08,NUS,U.S.,NGT,Guatemala,38.0,1.0
2015-08,NUS,U.S.,NHO,Honduras,82.0,3.0
2015-08,NUS,U.S.,NMX,Mexico,415.0,13.0
2015-08,NUS,U.S.,NNI,Nigeria,588.0,19.0
2015-08,NUS,U.S.,NNL,Netherlands,0.0,0.0
2015-08,NUS,U.S.,NPA,Paraguay,15.0,0.0
2015-08,NUS,U.S.,NPM,Panama,331.0,11.0
2015-08,NUS,U.S.,NTK,Turks and Caicos Islands,5.0,0.0
2015-08,NUS,U.S.,Z00,,4766.0,154.0
2015-08,R10,PADD 1,NBF,Bahama Islands,4.0,0.0
2015-08,R10,PADD 1,NTK,Turks and Caicos Islands,5.0,0.0
2015-08,R10,PADD 1,Z00,,10.0,0.0
2015-08,R20,PADD 2,NCA,Canada,90.0,3.0
2015-08,R20,PADD 2,Z00,,90.0,3.0
2015-08,R30,PADD 3,NAC,Antigua and Barbuda,30.0,1.0
2015-08,R30,PADD 3,NAR,Argentina,282.0,9.0
2015-08,R30,PADD 3,NBF,Bahama Islands,25.0,1.0
2015-08,R30,PADD 3,NBR,Brazil,318.0,10.0
2015-08,R30,PADD 3,NCA,Canada,1484.0,48.0
2015-08,R30,PADD 3,NCJ,Cayman Islands,14.0,0.0
2015-08,R30,PADD 3,NCO,Colombia,238.0,8.0
2015-08,R30,PADD 3,NCS,Costa Rica,40.0,1.0
2015-08,R30,PADD 3,NDR,Dominican Republic,70.0,2.0
2015-08,R30,PADD 3,NGT,Guatemala,38.0,1.0
2015-08,R30,PADD 3,NHO,Honduras,82.0,3.0
2015-08,R30,PADD 3,NMX,Mexico,415.0,13.0
2015-08,R30,PADD 3,NNI,Nigeria,588.0,19.0
2015-08,R30,PADD 3,NNL,Netherlands,0.0,0.0
2015-08,R30,PADD 3,NPA,Paraguay,15.0,0.0
2015-08,R30,PADD 3,NPM,Panama,331.0,11.0
2015-08,R30,PADD 3,Z00,,3969.0,128.0
2015-08,R50,PADD 5,NCA,Canada,697.0,22.0
2015-08,R50,PADD 5,Z00,,697.0,22.0
2015-09,NUS,U.S.,NAC,Antigua and Barbuda,22.0,1.0
2015-09,NUS,U.S.,NBD,Bermuda,45.0,2.0
2015-09,NUS,U.S.,NBF,Bahama Islands,37.0,1.0
2015-09,NUS,U.S.,NCA,Canada,1025.0,34.0
2015-09,NUS,U.S.,NCO,Colombia,118.0,4.0
2015-09,NUS,U.S.,NCS,Costa Rica,100.0,3.0
2015-09,NUS,U.S.,NDA,Denmark,298.0,10.0
2015-09,NUS,U.S.,NDR,Dominican Republic,77.0,3.0
2015-09,NUS,U.S.,NEC,Ecuador,9.0,0.0
2015-09,NUS,U.S.,NES,El Salvador,33.0,1.0
2015-09,NUS,U.S.,NGT,Guatemala,40.0,1.0
2015-09,NUS,U.S.,NHO,Honduras,50.0,2.0
2015-09,NUS,U.S.,NMX,Mexico,622.0,21.0
2015-09,NUS,U.S.,NNI,Nigeria,855.0,28.0
2015-09,NUS,U.S.,NPE,Peru,369.0,12.0
2015-09,NUS,U.S.,NPM,Panama,567.0,19.0
2015-09,NUS,U.S.,NTK,Turks and Caicos Islands,2.0,0.0
2015-09,NUS,U.S.,NUK,United Kingdom,594.0,20.0
2015-09,NUS,U.S.,Z00,,4865.0,162.0
2015-09,R10,PADD 1,NBF,Bahama Islands,3.0,0.0
2015-09,R10,PADD 1,NCA,Canada,0.0,0.0
2015-09,R10,PADD 1,NTK,Turks and Caicos Islands,2.0,0.0
2015-09,R10,PADD 1,Z00,,5.0,0.0
2015-09,R20,PADD 2,NCA,Canada,86.0,3.0
2015-09,R20,PADD 2,Z00,,86.0,3.0
2015-09,R30,PADD 3,NAC,Antigua and Barbuda,22.0,1.0
2015-09,R30,PADD 3,NBD,Bermuda,45.0,2.0
2015-09,R30,PADD 3,NBF,Bahama Islands,34.0,1.0
2015-09,R30,PADD 3,NCA,Canada,300.0,10.0
2015-09,R30,PADD 3,NCO,Colombia,118.0,4.0
2015-09,R30,PADD 3,NCS,Costa Rica,100.0,3.0
2015-09,R30,PADD 3,NDA,Denmark,298.0,10.0
2015-09,R30,PADD 3,NDR,Dominican Republic,77.0,3.0
2015-09,R30,PADD 3,NEC,Ecuador,9.0,0.0
2015-09,R30,PADD 3,NES,El Salvador,33.0,1.0
2015-09,R30,PADD 3,NGT,Guatemala,40.0,1.0
2015-09,R30,PADD 3,NHO,Honduras,50.0,2.0
2015-09,R30,PADD 3,NMX,Mexico,622.0,21.0
2015-09,R30,PADD 3,NNI,Nigeria,855.0,28.0
2015-09,R30,PADD 3,NPE,Peru,369.0,12.0
2015-09,R30,PADD 3,NPM,Panama,567.0,19.0
2015-09,R30,PADD 3,NUK,United Kingdom,594.0,20.0
2015-09,R30,PADD 3,Z00,,4135.0,138.0
2015-09,R40,PADD 4,NCA,Canada,0.0,0.0
2015-09,R40,PADD 4,Z00,,0.0,0.0
2015-09,R50,PADD 5,NCA,Canada,639.0,21.0
2015-09,R50,PADD 5,Z00,,639.0,21.0
2015-10,NUS,U.S.,NAA,Aruba,65.0,2.0
2015-10,NUS,U.S.,NAC,Antigua and Barbuda,66.0,2.0
2015-10,NUS,U.S.,NAR,Argentina,34.0,1.0
2015-10,NUS,U.S.,NBF,Bahama Islands,81.0,3.0
2015-10,NUS,U.S.,NCA,Canada,1218.0,39.0
2015-10,NUS,U.S.,NCO,Colombia,309.0,10.0
2015-10,NUS,U.S.,NCS,Costa Rica,100.0,3.0
2015-10,NUS,U.S.,NDA,Denmark,227.0,7.0
2015-10,NUS,U.S.,NDR,Dominican Republic,141.0,5.0
2015-10,NUS,U.S.,NEC,Ecuador,44.0,1.0
2015-10,NUS,U.S.,NGT,Guatemala,37.0,1.0
2015-10,NUS,U.S.,NHO,Honduras,44.0,1.0
2015-10,NUS,U.S.,NIS,Israel,221.0,7.0
2015-10,NUS,U.S.,NKU,Kuwait,0.0,0.0
2015-10,NUS,U.S.,NMX,Mexico,580.0,19.0
2015-10,NUS,U.S.,NNI,Nigeria,175.0,6.0
2015-10,NUS,U.S.,NPE,Peru,93.0,3.0
2015-10,NUS,U.S.,NPM,Panama,459.0,15.0
2015-10,NUS,U.S.,NTK,Turks and Caicos Islands,5.0,0.0
2015-10,NUS,U.S.,Z00,,3673.0,118.0
2015-10,R10,PADD 1,NBF,Bahama Islands,3.0,0.0
2015-10,R10,PADD 1,NTK,Turks and Caicos Islands,5.0,0.0
2015-10,R10,PADD 1,Z00,,8.0,0.0
2015-10,R20,PADD 2,NCA,Canada,654.0,21.0
2015-10,R20,PADD 2,NKU,Kuwait,0.0,0.0
2015-10,R20,PADD 2,Z00,,654.0,21.0
2015-10,R30,PADD 3,NAA,Aruba,65.0,2.0
2015-10,R30,PADD 3,NAC,Antigua and Barbuda,66.0,2.0
2015-10,R30,PADD 3,NAR,Argentina,34.0,1.0
2015-10,R30,PADD 3,NBF,Bahama Islands,78.0,3.0
2015-10,R30,PADD 3,NCO,Colombia,309.0,10.0
2015-10,R30,PADD 3,NCS,Costa Rica,100.0,3.0
2015-10,R30,PADD 3,NDR,Dominican Republic,141.0,5.0
2015-10,R30,PADD 3,NGT,Guatemala,37.0,1.0
2015-10,R30,PADD 3,NHO,Honduras,44.0,1.0
2015-10,R30,PADD 3,NIS,Israel,221.0,7.0
2015-10,R30,PADD 3,NMX,Mexico,580.0,19.0
2015-10,R30,PADD 3,NNI,Nigeria,175.0,6.0
2015-10,R30,PADD 3,NPE,Peru,93.0,3.0
2015-10,R30,PADD 3,NPM,Panama,459.0,15.0
2015-10,R30,PADD 3,Z00,,2402.0,77.0
2015-10,R50,PADD 5,NCA,Canada,564.0,18.0
2015-10,R50,PADD 5,NEC,Ecuador,44.0,1.0
2015-10,R50,PADD 5,Z00,,608.0,20.0
2015-11,NUS,U.S.,NAR,Argentina,105.0,4.0
2015-11,NUS,U.S.,NBD,Bermuda,45.0,2.0
2015-11,NUS,U.S.,NBF,Bahama Islands,66.0,2.0
2015-11,NUS,U.S.,NCA,Canada,2240.0,75.0
2015-11,NUS,U.S.,NCI,Chile,195.0,7.0
2015-11,NUS,U.S.,NCS,Costa Rica,195.0,7.0
2015-11,NUS,U.S.,NDR,Dominican Republic,95.0,3.0
2015-11,NUS,U.S.,NEC,Ecuador,50.0,2.0
2015-11,NUS,U.S.,NES,El Salvador,30.0,1.0
2015-11,NUS,U.S.,NGT,Guatemala,19.0,1.0
2015-11,NUS,U.S.,NHA,Haiti,25.0,1.0
2015-11,NUS,U.S.,NHO,Honduras,50.0,2.0
2015-11,NUS,U.S.,NIC,Iceland,318.0,11.0
2015-11,NUS,U.S.,NMX,Mexico,800.0,27.0
2015-11,NUS,U.S.,NNI,Nigeria,301.0,10.0
2015-11,NUS,U.S.,NNO,Norway,318.0,11.0
2015-11,NUS,U.S.,NPE,Peru,103.0,3.0
2015-11,NUS,U.S.,NPM,Panama,639.0,21.0
2015-11,NUS,U.S.,NTC,United Arab Emirates,0.0,0.0
2015-11,NUS,U.S.,NTK,Turks and Caicos Islands,10.0,0.0
2015-11,NUS,U.S.,NUK,United Kingdom,444.0,15.0
2015-11,NUS,U.S.,Z00,,5732.0,191.0
2015-11,R10,PADD 1,NBF,Bahama Islands,3.0,0.0
2015-11,R10,PADD 1,NTK,Turks and Caicos Islands,10.0,0.0
2015-11,R10,PADD 1,Z00,,13.0,0.0
2015-11,R20,PADD 2,NCA,Canada,1561.0,52.0
2015-11,R20,PADD 2,Z00,,1561.0,52.0
2015-11,R30,PADD 3,NAR,Argentina,105.0,4.0
2015-11,R30,PADD 3,NBD,Bermuda,45.0,2.0
2015-11,R30,PADD 3,NBF,Bahama Islands,63.0,2.0
2015-11,R30,PADD 3,NCA,Canada,210.0,7.0
2015-11,R30,PADD 3,NCI,Chile,144.0,5.0
2015-11,R30,PADD 3,NCS,Costa Rica,195.0,7.0
2015-11,R30,PADD 3,NDR,Dominican Republic,95.0,3.0
2015-11,R30,PADD 3,NEC,Ecuador,50.0,2.0
2015-11,R30,PADD 3,NES,El Salvador,30.0,1.0
2015-11,R30,PADD 3,NGT,Guatemala,19.0,1.0
2015-11,R30,PADD 3,NHA,Haiti,25.0,1.0
2015-11,R30,PADD 3,NHO,Honduras,50.0,2.0
2015-11,R30,PADD 3,NIC,Iceland,318.0,11.0
2015-11,R30,PADD 3,NMX,Mexico,800.0,27.0
2015-11,R30,PADD 3,NNI,Nigeria,301.0,10.0
2015-11,R30,PADD 3,NPE,Peru,103.0,3.0
2015-11,R30,PADD 3,NPM,Panama,639.0,21.0
2015-11,R30,PADD 3,NTC,United Arab Emirates,0.0,0.0
2015-11,R30,PADD 3,NUK,United Kingdom,444.0,15.0
2015-11,R30,PADD 3,Z00,,3638.0,121.0
2015-11,R50,PADD 5,NCA,Canada,469.0,16.0
2015-11,R50,PADD 5,NCI,Chile,51.0,2.0
2015-11,R50,PADD 5,Z00,,520.0,17.0
2015-12,NUS,U.S.,NAC,Antigua and Barbuda,34.0,1.0
2015-12,NUS,U.S.,NAR,Argentina,19.0,1.0
2015-12,NUS,U.S.,NBF,Bahama Islands,36.0,1.0
2015-12,NUS,U.S.,NCA,Canada,1573.0,51.0
2015-12,NUS,U.S.,NCI,Chile,445.0,14.0
2015-12,NUS,U.S.,NCJ,Cayman Islands,10.0,0.0
2015-12,NUS,U.S.,NCS,Costa Rica,110.0,4.0
2015-12,NUS,U.S.,NDR,Dominican Republic,110.0,4.0
2015-12,NUS,U.S.,NES,El Salvador,22.0,1.0
2015-12,NUS,U.S.,NGI,Gibraltar,311.0,10.0
2015-12,NUS,U.S.,NGT,Guatemala,28.0,1.0
2015-12,NUS,U.S.,NHA,Haiti,20.0,1.0
2015-12,NUS,U.S.,NHO,Honduras,38.0,1.0
2015-12,NUS,U.S.,NIS,Israel,102.0,3.0
2015-12,NUS,U.S.,NMX,Mexico,922.0,30.0
2015-12,NUS,U.S.,NPE,Peru,450.0,15.0
2015-12,NUS,U.S.,NPM,Panama,549.0,18.0
2015-12,NUS,U.S.,NTK,Turks and Caicos Islands,11.0,0.0
2015-12,NUS,U.S.,Z00,,4790.0,155.0
2015-12,R10,PADD 1,NBF,Bahama Islands,5.0,0.0
2015-12,R10,PADD 1,NTK,Turks and Caicos Islands,11.0,0.0
2015-12,R10,PADD 1,Z00,,17.0,1.0
2015-12,R20,PADD 2,NCA,Canada,890.0,29.0
2015-12,R20,PADD 2,Z00,,890.0,29.0
2015-12,R30,PADD 3,NAC,Antigua and Barbuda,34.0,1.0
2015-12,R30,PADD 3,NAR,Argentina,19.0,1.0
2015-12,R30,PADD 3,NBF,Bahama Islands,31.0,1.0
2015-12,R30,PADD 3,NCI,Chile,445.0,14.0
2015-12,R30,PADD 3,NCJ,Cayman Islands,10.0,0.0
2015-12,R30,PADD 3,NCS,Costa Rica,110.0,4.0
2015-12,R30,PADD 3,NDR,Dominican Republic,110.0,4.0
2015-12,R30,PADD 3,NES,El Salvador,22.0,1.0
2015-12,R30,PADD 3,NGI,Gibraltar,311.0,10.0
2015-12,R30,PADD 3,NGT,Guatemala,28.0,1.0
2015-12,R30,PADD 3,NHA,Haiti,20.0,1.0
2015-12,R30,PADD 3,NHO,Honduras,38.0,1.0
2015-12,R30,PADD 3,NIS,Israel,102.0,3.0
2015-12,R30,PADD 3,NMX,Mexico,767.0,25.0
2015-12,R30,PADD 3,NPE,Peru,450.0,15.0
2015-12,R30,PADD 3,NPM,Panama,549.0,18.0
2015-12,R30,PADD 3,Z00,,3046.0,98.0
2015-12,R50,PADD 5,NCA,Canada,683.0,22.0
2015-12,R50,PADD 5,NMX,Mexico,155.0,5.0
2015-12,R50,PADD 5,Z00,,838.0,27.0
2016-01,NUS,U.S.,NAA,Aruba,397.0,13.0
2016-01,NUS,U.S.,NAC,Antigua and Barbuda,25.0,1.0
2016-01,NUS,U.S.,NAR,Argentina,31.0,1.0
2016-01,NUS,U.S.,NBF,Bahama Islands,190.0,6.0
2016-01,NUS,U.S.,NBR,Brazil,320.0,10.0
2016-01,NUS,U.S.,NCA,Canada,1462.0,47.0
2016-01,NUS,U.S.,NCI,Chile,256.0,8.0
2016-01,NUS,U.S.,NCJ,Cayman Islands,19.0,1.0
2016-01,NUS,U.S.,NCS,Costa Rica,140.0,5.0
2016-01,NUS,U.S.,NDR,Dominican Republic,170.0,5.0
2016-01,NUS,U.S.,NEC,Ecuador,9.0,0.0
2016-01,NUS,U.S.,NES,El Salvador,15.0,0.0
2016-01,NUS,U.S.,NFI,Finland,288.0,9.0
2016-01,NUS,U.S.,NGI,Gibraltar,299.0,10.0
2016-01,NUS,U.S.,NGT,Guatemala,269.0,9.0
2016-01,NUS,U.S.,NHO,Honduras,42.0,1.0
2016-01,NUS,U.S.,NIS,Israel,333.0,11.0
2016-01,NUS,U.S.,NMX,Mexico,912.0,29.0
2016-01,NUS,U.S.,NNI,Nigeria,181.0,6.0
2016-01,NUS,U.S.,NPA,Paraguay,19.0,1.0
2016-01,NUS,U.S.,NPM,Panama,376.0,12.0
2016-01,NUS,U.S.,NSF,South Africa,10.0,0.0
2016-01,NUS,U.S.,NTK,Turks and Caicos Islands,8.0,0.0
2016-01,NUS,U.S.,NUK,United Kingdom,600.0,19.0
2016-01,NUS,U.S.,Z00,,6369.0,205.0
2016-01,R10,PADD 1,NBF,Bahama Islands,7.0,0.0
2016-01,R10,PADD 1,NTK,Turks and Caicos Islands,8.0,0.0
2016-01,R10,PADD 1,Z00,,15.0,0.0
2016-01,R20,PADD 2,NCA,Canada,1005.0,32.0
2016-01,R20,PADD 2,Z00,,1005.0,32.0
2016-01,R30,PADD 3,NAA,Aruba,397.0,13.0
2016-01,R30,PADD 3,NAC,Antigua and Barbuda,25.0,1.0
2016-01,R30,PADD 3,NAR,Argentina,31.0,1.0
2016-01,R30,PADD 3,NBF,Bahama Islands,183.0,6.0
2016-01,R30,PADD 3,NBR,Brazil,320.0,10.0
2016-01,R30,PADD 3,NCA,Canada,85.0,3.0
2016-01,R30,PADD 3,NCI,Chile,256.0,8.0
2016-01,R30,PADD 3,NCJ,Cayman Islands,19.0,1.0
2016-01,R30,PADD 3,NCS,Costa Rica,140.0,5.0
2016-01,R30,PADD 3,NDR,Dominican Republic,170.0,5.0
2016-01,R30,PADD 3,NEC,Ecuador,9.0,0.0
2016-01,R30,PADD 3,NES,El Salvador,15.0,0.0
2016-01,R30,PADD 3,NFI,Finland,288.0,9.0
2016-01,R30,PADD 3,NGI,Gibraltar,299.0,10.0
2016-01,R30,PADD 3,NGT,Guatemala,269.0,9.0
2016-01,R30,PADD 3,NHO,Honduras,42.0,1.0
2016-01,R30,PADD 3,NIS,Israel,333.0,11.0
2016-01,R30,PADD 3,NMX,Mexico,912.0,29.0
2016-01,R30,PADD 3,NNI,Nigeria,181.0,6.0
2016-01,R30,PADD 3,NPA,Paraguay,19.0,1.0
2016-01,R30,PADD 3,NPM,Panama,376.0,12.0
2016-01,R30,PADD 3,NSF,South Africa,10.0,0.0
2016-01,R30,PADD 3,NUK,United Kingdom,600.0,19.0
2016-01,R30,PADD 3,Z00,,4978.0,161.0
2016-01,R50,PADD 5,NCA,Canada,372.0,12.0
2016-01,R50,PADD 5,Z00,,372.0,12.0
2016-02,NUS,U.S.,NAC,Antigua and Barbuda,55.0,2.0
2016-02,NUS,U.S.,NAR,Argentina,137.0,5.0
2016-02,NUS,U.S.,NBF,Bahama Islands,51.0,2.0
2016-02,NUS,U.S.,NBR,Brazil,299.0,10.0
2016-02,NUS,U.S.,NCA,Canada,1241.0,43.0
2016-02,NUS,U.S.,NCJ,Cayman Islands,10.0,0.0
2016-02,NUS,U.S.,NCS,Costa Rica,169.0,6.0
2016-02,NUS,U.S.,NDR,Dominican Republic,120.0,4.0
2016-02,NUS,U.S.,NES,El Salvador,27.0,1.0
2016-02,NUS,U.S.,NFI,Finland,305.0,11.0
2016-02,NUS,U.S.,NFR,France,30.0,1.0
2016-02,NUS,U.S.,NGM,Germany,1.0,0.0
2016-02,NUS,U.S.,NGT,Guatemala,24.0,1.0
2016-02,NUS,U.S.,NHO,Honduras,32.0,1.0
2016-02,NUS,U.S.,NMX,Mexico,633.0,22.0
2016-02,NUS,U.S.,NNO,Norway,300.0,10.0
2016-02,NUS,U.S.,NPM,Panama,589.0,20.0
2016-02,NUS,U.S.,NSW,Sweden,278.0,10.0
2016-02,NUS,U.S.,NTK,Turks and Caicos Islands,10.0,0.0
2016-02,NUS,U.S.,NUK,United Kingdom,644.0,22.0
2016-02,NUS,U.S.,Z00,,4955.0,171.0
2016-02,R10,PADD 1,NBF,Bahama Islands,5.0,0.0
2016-02,R10,PADD 1,NCA,Canada,0.0,0.0
2016-02,R10,PADD 1,NTK,Turks and Caicos Islands,10.0,0.0
2016-02,R10,PADD 1,Z00,,15.0,1.0
2016-02,R20,PADD 2,NCA,Canada,614.0,21.0
2016-02,R20,PADD 2,Z00,,614.0,21.0
2016-02,R30,PADD 3,NAC,Antigua and Barbuda,55.0,2.0
2016-02,R30,PADD 3,NAR,Argentina,137.0,5.0
2016-02,R30,PADD 3,NBF,Bahama Islands,46.0,2.0
2016-02,R30,PADD 3,NBR,Brazil,299.0,10.0
2016-02,R30,PADD 3,NCA,Canada,60.0,2.0
2016-02,R30,PADD 3,NCJ,Cayman Islands,10.0,0.0
2016-02,R30,PADD 3,NCS,Costa Rica,169.0,6.0
2016-02,R30,PADD 3,NDR,Dominican Republic,120.0,4.0
2016-02,R30,PADD 3,NFI,Finland,305.0,11.0
2016-02,R30,PADD 3,NFR,France,30.0,1.0
2016-02,R30,PADD 3,NGM,Germany,1.0,0.0
2016-02,R30,PADD 3,NGT,Guatemala,24.0,1.0
2016-02,R30,PADD 3,NHO,Honduras,32.0,1.0
2016-02,R30,PADD 3,NMX,Mexico,633.0,22.0
2016-02,R30,PADD 3,NNO,Norway,300.0,10.0
2016-02,R30,PADD 3,NPM,Panama,589.0,20.0
2016-02,R30,PADD 3,NSW,Sweden,278.0,10.0
2016-02,R30,PADD 3,NUK,United Kingdom,644.0,22.0
2016-02,R30,PADD 3,Z00,,3733.0,129.0
2016-02,R50,PADD 5,NCA,Canada,567.0,20.0
2016-02,R50,PADD 5,NES,El Salvador,27.0,1.0
2016-02,R50,PADD 5,Z00,,594.0,20.0
2016-03,NUS,U.S.,NAC,Antigua and Barbuda,20.0,1.0
2016-03,NUS,U.S.,NAR,Argentina,41.0,1.0
2016-03,NUS,U.S.,NBD,Bermuda,40.0,1.0
2016-03,NUS,U.S.,NBF,Bahama Islands,46.0,1.0
2016-03,NUS,U.S.,NCA,Canada,699.0,23.0
2016-03,NUS,U.S.,NCI,Chile,298.0,10.0
2016-03,NUS,U.S.,NCJ,Cayman Islands,9.0,0.0
2016-03,NUS,U.S.,NCS,Costa Rica,160.0,5.0
2016-03,NUS,U.S.,NDA,Denmark,140.0,5.0
2016-03,NUS,U.S.,NDR,Dominican Republic,95.0,3.0
2016-03,NUS,U.S.,NES,El Salvador,14.0,0.0
2016-03,NUS,U.S.,NFI,Finland,160.0,5.0
2016-03,NUS,U.S.,NGT,Guatemala,133.0,4.0
2016-03,NUS,U.S.,NHO,Honduras,51.0,2.0
2016-03,NUS,U.S.,NIS,Israel,333.0,11.0
2016-03,NUS,U.S.,NMX,Mexico,1060.0,34.0
2016-03,NUS,U.S.,NPM,Panama,285.0,9.0
2016-03,NUS,U.S.,NTK,Turks and Caicos Islands,10.0,0.0
2016-03,NUS,U.S.,NUK,United Kingdom,313.0,10.0
2016-03,NUS,U.S.,Z00,,3908.0,126.0
2016-03,R10,PADD 1,NBF,Bahama Islands,4.0,0.0
2016-03,R10,PADD 1,NCA,Canada,0.0,0.0
2016-03,R10,PADD 1,NTK,Turks and Caicos Islands,10.0,0.0
2016-03,R10,PADD 1,Z00,,14.0,0.0
2016-03,R20,PADD 2,NCA,Canada,324.0,10.0
2016-03,R20,PADD 2,Z00,,324.0,10.0
2016-03,R30,PADD 3,NAC,Antigua and Barbuda,20.0,1.0
2016-03,R30,PADD 3,NAR,Argentina,41.0,1.0
2016-03,R30,PADD 3,NBD,Bermuda,40.0,1.0
2016-03,R30,PADD 3,NBF,Bahama Islands,42.0,1.0
2016-03,R30,PADD 3,NCA,Canada,52.0,2.0
2016-03,R30,PADD 3,NCI,Chile,298.0,10.0
2016-03,R30,PADD 3,NCJ,Cayman Islands,9.0,0.0
2016-03,R30,PADD 3,NCS,Costa Rica,160.0,5.0
2016-03,R30,PADD 3,NDA,Denmark,140.0,5.0
2016-03,R30,PADD 3,NDR,Dominican Republic,95.0,3.0
2016-03,R30,PADD 3,NFI,Finland,160.0,5.0
2016-03,R30,PADD 3,NGT,Guatemala,133.0,4.0
2016-03,R30,PADD 3,NHO,Honduras,51.0,2.0
2016-03,R30,PADD 3,NIS,Israel,333.0,11.0
2016-03,R30,PADD 3,NMX,Mexico,1060.0,34.0
2016-03,R30,PADD 3,NPM,Panama,285.0,9.0
2016-03,R30,PADD 3,NUK,United Kingdom,313.0,10.0
2016-03,R30,PADD 3,Z00,,3233.0,104.0
2016-03,R50,PADD 5,NCA,Canada,323.0,10.0
2016-03,R50,PADD 5,NES,El Salvador,14.0,0.0
2016-03,R50,PADD 5,Z00,,337.0,11.0
2016-04,NUS,U.S.,NAC,Antigua and Barbuda,42.0,1.0
2016-04,NUS,U.S.,NAR,Argentina,189.0,6.0
2016-04,NUS,U.S.,NBF,Bahama Islands,48.0,2.0
2016-04,NUS,U.S.,NCA,Canada,623.0,21.0
2016-04,NUS,U.S.,NCJ,Cayman Islands,19.0,1.0
2016-04,NUS,U.S.,NCS,Costa Rica,80.0,3.0
2016-04,NUS,U.S.,NDR,Dominican Republic,138.0,5.0
2016-04,NUS,U.S.,NEC,Ecuador,9.0,0.0
2016-04,NUS,U.S.,NFI,Finland,302.0,10.0
2016-04,NUS,U.S.,NGI,Gibraltar,323.0,11.0
2016-04,NUS,U.S.,NGT,Guatemala,165.0,5.0
2016-04,NUS,U.S.,NHO,Honduras,52.0,2.0
2016-04,NUS,U.S.,NJA,Japan,0.0,0.0
2016-04,NUS,U.S.,NMX,Mexico,612.0,20.0
2016-04,NUS,U.S.,NNL,Netherlands,460.0,15.0
2016-04,NUS,U.S.,NPA,Paraguay,20.0,1.0
2016-04,NUS,U.S.,NPM,Panama,497.0,17.0
2016-04,NUS,U.S.,NSP,Spain,251.0,8.0
2016-04,NUS,U.S.,NSW,Sweden,161.0,5.0
2016-04,NUS,U.S.,NTK,Turks and Caicos Islands,9.0,0.0
2016-04,NUS,U.S.,NTO,Togo,330.0,11.0
2016-04,NUS,U.S.,NUK,United Kingdom,569.0,19.0
2016-04,NUS,U.S.,NUY,Uruguay,0.0,0.0
2016-04,NUS,U.S.,NVQ,Virgin Islands,24.0,1.0
2016-04,NUS,U.S.,Z00,,4921.0,164.0
2016-04,R10,PADD 1,NBF,Bahama Islands,8.0,0.0
2016-04,R10,PADD 1,NTK,Turks and Caicos Islands,9.0,0.0
2016-04,R10,PADD 1,NUK,United Kingdom,256.0,9.0
2016-04,R10,PADD 1,Z00,,273.0,9.0
2016-04,R20,PADD 2,NCA,Canada,50.0,2.0
2016-04,R20,PADD 2,Z00,,50.0,2.0
2016-04,R30,PADD 3,NAC,Antigua and Barbuda,42.0,1.0
2016-04,R30,PADD 3,NAR,Argentina,189.0,6.0
2016-04,R30,PADD 3,NBF,Bahama Islands,40.0,1.0
2016-04,R30,PADD 3,NCA,Canada,60.0,2.0
2016-04,R30,PADD 3,NCJ,Cayman Islands,19.0,1.0
2016-04,R30,PADD 3,NCS,Costa Rica,80.0,3.0
2016-04,R30,PADD 3,NDR,Dominican Republic,138.0,5.0
2016-04,R30,PADD 3,NEC,Ecuador,9.0,0.0
2016-04,R30,PADD 3,NFI,Finland,302.0,10.0
2016-04,R30,PADD 3,NGI,Gibraltar,323.0,11.0
2016-04,R30,PADD 3,NGT,Guatemala,165.0,5.0
2016-04,R30,PADD 3,NHO,Honduras,52.0,2.0
2016-04,R30,PADD 3,NMX,Mexico,612.0,20.0
2016-04,R30,PADD 3,NNL,Netherlands,460.0,15.0
2016-04,R30,PADD 3,NPA,Paraguay,20.0,1.0
2016-04,R30,PADD 3,NPM,Panama,497.0,17.0
2016-04,R30,PADD 3,NSP,Spain,251.0,8.0
2016-04,R30,PADD 3,NSW,Sweden,161.0,5.0
2016-04,R30,PADD 3,NTO,Togo,330.0,11.0
2016-04,R30,PADD 3,NUK,United Kingdom,313.0,10.0
2016-04,R30,PADD 3,NVQ,Virgin Islands,24.0,1.0
2016-04,R30,PADD 3,Z00,,4086.0,136.0
2016-04,R50,PADD 5,NCA,Canada,513.0,17.0
2016-04,R50,PADD 5,NJA,Japan,0.0,0.0
2016-04,R50,PADD 5,Z00,,513.0,17.0
2016-05,NUS,U.S.,NAC,Antigua and Barbuda,51.0,2.0
2016-05,NUS,U.S.,NAR,Argentina,234.0,8.0
2016-05,NUS,U.S.,NBF,Bahama Islands,84.0,3.0
2016-05,NUS,U.S.,NCA,Canada,942.0,30.0
2016-05,NUS,U.S.,NCI,Chile,298.0,10.0
2016-05,NUS,U.S.,NCJ,Cayman Islands,19.0,1.0
2016-05,NUS,U.S.,NCS,Costa Rica,166.0,5.0
2016-05,NUS,U.S.,NDA,Denmark,301.0,10.0
2016-05,NUS,U.S.,NDR,Dominican Republic,108.0,3.0
2016-05,NUS,U.S.,NES,El Salvador,10.0,0.0
2016-05,NUS,U.S.,NGI,Gibraltar,517.0,17.0
2016-05,NUS,U.S.,NGT,Guatemala,42.0,1.0
2016-05,NUS,U.S.,NHO,Honduras,51.0,2.0
2016-05,NUS,U.S.,NIC,Iceland,320.0,10.0
2016-05,NUS,U.S.,NIS,Israel,333.0,11.0
2016-05,NUS,U.S.,NJM,Jamaica,40.0,1.0
2016-05,NUS,U.S.,NMX,Mexico,1138.0,37.0
2016-05,NUS,U.S.,NNL,Netherlands,644.0,21.0
2016-05,NUS,U.S.,NPM,Panama,407.0,13.0
2016-05,NUS,U.S.,NTK,Turks and Caicos Islands,5.0,0.0
2016-05,NUS,U.S.,NTW,Taiwan,0.0,0.0
2016-05,NUS,U.S.,Z00,,5711.0,184.0
2016-05,R10,PADD 1,NBF,Bahama Islands,16.0,1.0
2016-05,R10,PADD 1,NCA,Canada,0.0,0.0
2016-05,R10,PADD 1,NTK,Turks and Caicos Islands,5.0,0.0
2016-05,R10,PADD 1,Z00,,22.0,1.0
2016-05,R20,PADD 2,NCA,Canada,336.0,11.0
2016-05,R20,PADD 2,Z00,,336.0,11.0
2016-05,R30,PADD 3,NAC,Antigua and Barbuda,51.0,2.0
2016-05,R30,PADD 3,NAR,Argentina,234.0,8.0
2016-05,R30,PADD 3,NBF,Bahama Islands,68.0,2.0
2016-05,R30,PADD 3,NCA,Canada,60.0,2.0
2016-05,R30,PADD 3,NCI,Chile,298.0,10.0
2016-05,R30,PADD 3,NCJ,Cayman Islands,19.0,1.0
2016-05,R30,PADD 3,NCS,Costa Rica,166.0,5.0
2016-05,R30,PADD 3,NDA,Denmark,301.0,10.0
2016-05,R30,PADD 3,NDR,Dominican Republic,108.0,3.0
2016-05,R30,PADD 3,NGI,Gibraltar,517.0,17.0
2016-05,R30,PADD 3,NGT,Guatemala,42.0,1.0
2016-05,R30,PADD 3,NHO,Honduras,51.0,2.0
2016-05,R30,PADD 3,NIC,Iceland,320.0,10.0
2016-05,R30,PADD 3,NIS,Israel,333.0,11.0
2016-05,R30,PADD 3,NJM,Jamaica,40.0,1.0
2016-05,R30,PADD 3,NMX,Mexico,1006.0,32.0
2016-05,R30,PADD 3,NNL,Netherlands,644.0,21.0
2016-05,R30,PADD 3,NPM,Panama,407.0,13.0
2016-05,R30,PADD 3,Z00,,4666.0,151.0
2016-05,R50,PADD 5,NCA,Canada,546.0,18.0
2016-05,R50,PADD 5,NES,El Salvador,10.0,0.0
2016-05,R50,PADD 5,NMX,Mexico,131.0,4.0
2016-05,R50,PADD 5,NTW,Taiwan,0.0,0.0
2016-05,R50,PADD 5,Z00,,687.0,22.0
2016-06,NUS,U.S.,NAA,Aruba,0.0,0.0
2016-06,NUS,U.S.,NAC,Antigua and Barbuda,39.0,1.0
2016-06,NUS,U.S.,NAR,Argentina,128.0,4.0
2016-06,NUS,U.S.,NAS,Australia,0.0,0.0
2016-06,NUS,U.S.,NBB,Barbados,0.0,0.0
2016-06,NUS,U.S.,NBF,Bahama Islands,58.0,2.0
2016-06,NUS,U.S.,NCA,Canada,1937.0,65.0
2016-06,NUS,U.S.,NCI,Chile,384.0,13.0
2016-06,NUS,U.S.,NCJ,Cayman Islands,22.0,1.0
2016-06,NUS,U.S.,NCS,Costa Rica,120.0,4.0
2016-06,NUS,U.S.,NDR,Dominican Republic,2.0,0.0
2016-06,NUS,U.S.,NES,El Salvador,18.0,1.0
2016-06,NUS,U.S.,NGI,Gibraltar,282.0,9.0
2016-06,NUS,U.S.,NGT,Guatemala,171.0,6.0
2016-06,NUS,U.S.,NHO,Honduras,40.0,1.0
2016-06,NUS,U.S.,NIS,Israel,161.0,5.0
2016-06,NUS,U.S.,NJM,Jamaica,45.0,1.0
2016-06,NUS,U.S.,NKS,Korea,0.0,0.0
2016-06,NUS,U.S.,NMX,Mexico,1292.0,43.0
2016-06,NUS,U.S.,NNL,Netherlands,311.0,10.0
2016-06,NUS,U.S.,NPE,Peru,66.0,2.0
2016-06,NUS,U.S.,NPM,Panama,413.0,14.0
2016-06,NUS,U.S.,NTK,Turks and Caicos Islands,7.0,0.0
2016-06,NUS,U.S.,NTO,Togo,326.0,11.0
2016-06,NUS,U.S.,NUK,United Kingdom,328.0,11.0
2016-06,NUS,U.S.,NVE,Venezuela,0.0,0.0
2016-06,NUS,U.S.,Z00,,6150.0,205.0
2016-06,R10,PADD 1,NAA,Aruba,0.0,0.0
2016-06,R10,PADD 1,NBB,Barbados,0.0,0.0
2016-06,R10,PADD 1,NBF,Bahama Islands,5.0,0.0
2016-06,R10,PADD 1,NDR,Dominican Republic,2.0,0.0
2016-06,R10,PADD 1,NPE,Peru,0.0,0.0
2016-06,R10,PADD 1,NTK,Turks and Caicos Islands,7.0,0.0
2016-06,R10,PADD 1,NVE,Venezuela,0.0,0.0
2016-06,R10,PADD 1,Z00,,14.0,0.0
2016-06,R20,PADD 2,NCA,Canada,935.0,31.0
2016-06,R20,PADD 2,Z00,,935.0,31.0
2016-06,R30,PADD 3,NAC,Antigua and Barbuda,39.0,1.0
2016-06,R30,PADD 3,NAR,Argentina,128.0,4.0
2016-06,R30,PADD 3,NBF,Bahama Islands,52.0,2.0
2016-06,R30,PADD 3,NCA,Canada,200.0,7.0
2016-06,R30,PADD 3,NCI,Chile,384.0,13.0
2016-06,R30,PADD 3,NCJ,Cayman Islands,22.0,1.0
2016-06,R30,PADD 3,NCS,Costa Rica,120.0,4.0
2016-06,R30,PADD 3,NGI,Gibraltar,282.0,9.0
2016-06,R30,PADD 3,NGT,Guatemala,171.0,6.0
2016-06,R30,PADD 3,NHO,Honduras,40.0,1.0
2016-06,R30,PADD 3,NIS,Israel,161.0,5.0
2016-06,R30,PADD 3,NJM,Jamaica,45.0,1.0
2016-06,R30,PADD 3,NMX,Mexico,1173.0,39.0
2016-06,R30,PADD 3,NNL,Netherlands,311.0,10.0
2016-06,R30,PADD 3,NPE,Peru,66.0,2.0
2016-06,R30,PADD 3,NPM,Panama,413.0,14.0
2016-06,R30,PADD 3,NTO,Togo,326.0,11.0
2016-06,R30,PADD 3,NUK,United Kingdom,328.0,11.0
2016-06,R30,PADD 3,Z00,,4261.0,142.0
2016-06,R40,PADD 4,NCA,Canada,0.0,0.0
2016-06,R40,PADD 4,Z00,,0.0,0.0
2016-06,R50,PADD 5,NAS,Australia,0.0,0.0
2016-06,R50,PADD 5,NCA,Canada,802.0,27.0
2016-06,R50,PADD 5,NES,El Salvador,18.0,1.0
2016-06,R50,PADD 5,NKS,Korea,0.0,0.0
2016-06,R50,PADD 5,NMX,Mexico,119.0,4.0
2016-06,R50,PADD 5,Z00,,939.0,31.0
2016-07,NUS,U.S.,NAR,Argentina,79.0,3.0
2016-07,NUS,U.S.,NBD,Bermuda,45.0,1.0
2016-07,NUS,U.S.,NBF,Bahama Islands,53.0,2.0
2016-07,NUS,U.S.,NBR,Brazil,20.0,1.0
2016-07,NUS,U.S.,NCA,Canada,749.0,24.0
2016-07,NUS,U.S.,NCI,Chile,465.0,15.0
2016-07,NUS,U.S.,NCJ,Cayman Islands,12.0,0.0
2016-07,NUS,U.S.,NCO,Colombia,217.0,7.0
2016-07,NUS,U.S.,NCS,Costa Rica,100.0,3.0
2016-07,NUS,U.S.,NDR,Dominican Republic,98.0,3.0
2016-07,NUS,U.S.,NEC,Ecuador,8.0,0.0
2016-07,NUS,U.S.,NES,El Salvador,20.0,1.0
2016-07,NUS,U.S.,NGT,Guatemala,13.0,0.0
2016-07,NUS,U.S.,NHO,Honduras,27.0,1.0
2016-07,NUS,U.S.,NJA,Japan,1.0,0.0
2016-07,NUS,U.S.,NJM,Jamaica,59.0,2.0
2016-07,NUS,U.S.,NKZ,Kazakhstan,0.0,0.0
2016-07,NUS,U.S.,NLI,Liberia,0.0,0.0
2016-07,NUS,U.S.,NMX,Mexico,1224.0,39.0
2016-07,NUS,U.S.,NNL,Netherlands,312.0,10.0
2016-07,NUS,U.S.,NNU,Nicaragua,0.0,0.0
2016-07,NUS,U.S.,NPE,Peru,90.0,3.0
2016-07,NUS,U.S.,NPM,Panama,532.0,17.0
2016-07,NUS,U.S.,NTC,United Arab Emirates,0.0,0.0
2016-07,NUS,U.S.,NTK,Turks and Caicos Islands,5.0,0.0
2016-07,NUS,U.S.,NUK,United Kingdom,319.0,10.0
2016-07,NUS,U.S.,NVE,Venezuela,1.0,0.0
2016-07,NUS,U.S.,Z00,,4448.0,143.0
2016-07,R10,PADD 1,NBF,Bahama Islands,5.0,0.0
2016-07,R10,PADD 1,NBR,Brazil,0.0,0.0
2016-07,R10,PADD 1,NEC,Ecuador,0.0,0.0
2016-07,R10,PADD 1,NJA,Japan,1.0,0.0
2016-07,R10,PADD 1,NJM,Jamaica,0.0,0.0
2016-07,R10,PADD 1,NPM,Panama,2.0,0.0
2016-07,R10,PADD 1,NTK,Turks and Caicos Islands,5.0,0.0
2016-07,R10,PADD 1,Z00,,12.0,0.0
2016-07,R20,PADD 2,NCA,Canada,89.0,3.0
2016-07,R20,PADD 2,Z00,,89.0,3.0
2016-07,R30,PADD 3,NAR,Argentina,79.0,3.0
2016-07,R30,PADD 3,NBD,Bermuda,45.0,1.0
2016-07,R30,PADD 3,NBF,Bahama Islands,48.0,2.0
2016-07,R30,PADD 3,NBR,Brazil,20.0,1.0
2016-07,R30,PADD 3,NCI,Chile,465.0,15.0
2016-07,R30,PADD 3,NCJ,Cayman Islands,12.0,0.0
2016-07,R30,PADD 3,NCO,Colombia,217.0,7.0
2016-07,R30,PADD 3,NCS,Costa Rica,100.0,3.0
2016-07,R30,PADD 3,NDR,Dominican Republic,98.0,3.0
2016-07,R30,PADD 3,NEC,Ecuador,8.0,0.0
2016-07,R30,PADD 3,NGT,Guatemala,13.0,0.0
2016-07,R30,PADD 3,NHO,Honduras,27.0,1.0
2016-07,R30,PADD 3,NJM,Jamaica,59.0,2.0
2016-07,R30,PADD 3,NKZ,Kazakhstan,0.0,0.0
2016-07,R30,PADD 3,NLI,Liberia,0.0,0.0
2016-07,R30,PADD 3,NMX,Mexico,1223.0,39.0
2016-07,R30,PADD 3,NNL,Netherlands,312.0,10.0
2016-07,R30,PADD 3,NNU,Nicaragua,0.0,0.0
2016-07,R30,PADD 3,NPE,Peru,90.0,3.0
2016-07,R30,PADD 3,NPM,Panama,531.0,17.0
2016-07,R30,PADD 3,NTC,United Arab Emirates,0.0,0.0
2016-07,R30,PADD 3,NUK,United Kingdom,319.0,10.0
2016-07,R30,PADD 3,NVE,Venezuela,1.0,0.0
2016-07,R30,PADD 3,Z00,,3666.0,118.0
2016-07,R50,PADD 5,NCA,Canada,660.0,21.0
2016-07,R50,PADD 5,NES,El Salvador,20.0,1.0
2016-07,R50,PADD 5,NMX,Mexico,1.0,0.0
2016-07,R50,PADD 5,Z00,,680.0,22.0
2016-08,NUS,U.S.,NAC,Antigua and Barbuda,64.0,2.0
2016-08,NUS,U.S.,NAR,Argentina,78.0,3.0
2016-08,NUS,U.S.,NBF,Bahama Islands,83.0,3.0
2016-08,NUS,U.S.,NCA,Canada,1511.0,49.0
2016-08,NUS,U.S.,NCI,Chile,1.0,0.0
2016-08,NUS,U.S.,NCJ,Cayman Islands,5.0,0.0
2016-08,NUS,U.S.,NCO,Colombia,220.0,7.0
2016-08,NUS,U.S.,NCS,Costa Rica,220.0,7.0
2016-08,NUS,U.S.,NDR,Dominican Republic,355.0,11.0
2016-08,NUS,U.S.,NES,El Salvador,20.0,1.0
2016-08,NUS,U.S.,NGT,Guatemala,30.0,1.0
2016-08,NUS,U.S.,NHA,Haiti,15.0,0.0
2016-08,NUS,U.S.,NHO,Honduras,65.0,2.0
2016-08,NUS,U.S.,NIC,Iceland,320.0,10.0
2016-08,NUS,U.S.,NIS,Israel,333.0,11.0
2016-08,NUS,U.S.,NIV,Ivory Coast (Cote d'Ivore),298.0,10.0
2016-08,NUS,U.S.,NJA,Japan,1.0,0.0
2016-08,NUS,U.S.,NKU,Kuwait,0.0,0.0
2016-08,NUS,U.S.,NMX,Mexico,919.0,30.0
2016-08,NUS,U.S.,NNL,Netherlands,0.0,0.0
2016-08,NUS,U.S.,NPE,Peru,160.0,5.0
2016-08,NUS,U.S.,NPM,Panama,241.0,8.0
2016-08,NUS,U.S.,NPZ,Puerto Rico,0.0,0.0
2016-08,NUS,U.S.,NRM,Marshall Islands,0.0,0.0
2016-08,NUS,U.S.,NSP,Spain,299.0,10.0
2016-08,NUS,U.S.,NSW,Sweden,310.0,10.0
2016-08,NUS,U.S.,NSZ,Switzerland,0.0,0.0
2016-08,NUS,U.S.,NTK,Turks and Caicos Islands,7.0,0.0
2016-08,NUS,U.S.,NUK,United Kingdom,628.0,20.0
2016-08,NUS,U.S.,NUR,Ukraine,1.0,0.0
2016-08,NUS,U.S.,Z00,,6186.0,200.0
2016-08,R10,PADD 1,NBF,Bahama Islands,9.0,0.0
2016-08,R10,PADD 1,NCA,Canada,0.0,0.0
2016-08,R10,PADD 1,NCO,Colombia,0.0,0.0
2016-08,R10,PADD 1,NPE,Peru,1.0,0.0
2016-08,R10,PADD 1,NPZ,Puerto Rico,0.0,0.0
2016-08,R10,PADD 1,NSZ,Switzerland,0.0,0.0
2016-08,R10,PADD 1,NTK,Turks and Caicos Islands,7.0,0.0
2016-08,R10,PADD 1,Z00,,17.0,1.0
2016-08,R20,PADD 2,NCA,Canada,139.0,4.0
2016-08,R20,PADD 2,NKU,Kuwait,0.0,0.0
2016-08,R20,PADD 2,Z00,,139.0,4.0
2016-08,R30,PADD 3,NAC,Antigua and Barbuda,64.0,2.0
2016-08,R30,PADD 3,NAR,Argentina,78.0,3.0
2016-08,R30,PADD 3,NBF,Bahama Islands,74.0,2.0
2016-08,R30,PADD 3,NCA,Canada,352.0,11.0
2016-08,R30,PADD 3,NCI,Chile,1.0,0.0
2016-08,R30,PADD 3,NCJ,Cayman Islands,5.0,0.0
2016-08,R30,PADD 3,NCO,Colombia,220.0,7.0
2016-08,R30,PADD 3,NCS,Costa Rica,220.0,7.0
2016-08,R30,PADD 3,NDR,Dominican Republic,355.0,11.0
2016-08,R30,PADD 3,NGT,Guatemala,30.0,1.0
2016-08,R30,PADD 3,NHA,Haiti,15.0,0.0
2016-08,R30,PADD 3,NHO,Honduras,65.0,2.0
2016-08,R30,PADD 3,NIC,Iceland,320.0,10.0
2016-08,R30,PADD 3,NIS,Israel,333.0,11.0
2016-08,R30,PADD 3,NIV,Ivory Coast (Cote d'Ivore),298.0,10.0
2016-08,R30,PADD 3,NMX,Mexico,840.0,27.0
2016-08,R30,PADD 3,NPE,Peru,160.0,5.0
2016-08,R30,PADD 3,NPM,Panama,241.0,8.0
2016-08,R30,PADD 3,NRM,Marshall Islands,0.0,0.0
2016-08,R30,PADD 3,NSP,Spain,299.0,10.0
2016-08,R30,PADD 3,NSW,Sweden,310.0,10.0
2016-08,R30,PADD 3,NUK,United Kingdom,628.0,20.0
2016-08,R30,PADD 3,NUR,Ukraine,1.0,0.0
2016-08,R30,PADD 3,Z00,,4910.0,158.0
2016-08,R50,PADD 5,NCA,Canada,1019.0,33.0
2016-08,R50,PADD 5,NES,El Salvador,20.0,1.0
2016-08,R50,PADD 5,NJA,Japan,1.0,0.0
2016-08,R50,PADD 5,NMX,Mexico,79.0,3.0
2016-08,R50,PADD 5,Z00,,1119.0,36.0
2016-09,NUS,U.S.,NAS,Australia,0.0,0.0
2016-09,NUS,U.S.,NBD,Bermuda,44.0,1.0
2016-09,NUS,U.S.,NBF,Bahama Islands,49.0,2.0
2016-09,NUS,U.S.,NBR,Brazil,265.0,9.0
2016-09,NUS,U.S.,NCA,Canada,1230.0,41.0
2016-09,NUS,U.S.,NCH,China,1.0,0.0
2016-09,NUS,U.S.,NCI,Chile,165.0,6.0
2016-09,NUS,U.S.,NCJ,Cayman Islands,11.0,0.0
2016-09,NUS,U.S.,NCO,Colombia,219.0,7.0
2016-09,NUS,U.S.,NCS,Costa Rica,80.0,3.0
2016-09,NUS,U.S.,NDA,Denmark,220.0,7.0
2016-09,NUS,U.S.,NDR,Dominican Republic,99.0,3.0
2016-09,NUS,U.S.,NES,El Salvador,18.0,1.0
2016-09,NUS,U.S.,NGT,Guatemala,39.0,1.0
2016-09,NUS,U.S.,NHK,Hong Kong,0.0,0.0
2016-09,NUS,U.S.,NHO,Honduras,195.0,7.0
2016-09,NUS,U.S.,NIC,Iceland,94.0,3.0
2016-09,NUS,U.S.,NJM,Jamaica,61.0,2.0
2016-09,NUS,U.S.,NMX,Mexico,956.0,32.0
2016-09,NUS,U.S.,NNL,Netherlands,0.0,0.0
2016-09,NUS,U.S.,NNS,Suriname,1.0,0.0
2016-09,NUS,U.S.,NPA,Paraguay,20.0,1.0
2016-09,NUS,U.S.,NPE,Peru,0.0,0.0
2016-09,NUS,U.S.,NPM,Panama,427.0,14.0
2016-09,NUS,U.S.,NPZ,Puerto Rico,0.0,0.0
2016-09,NUS,U.S.,NSG,Senegal,294.0,10.0
2016-09,NUS,U.S.,NSW,Sweden,298.0,10.0
2016-09,NUS,U.S.,NTD,Trinidad and Tobago,1.0,0.0
2016-09,NUS,U.S.,NTK,Turks and Caicos Islands,4.0,0.0
2016-09,NUS,U.S.,NUK,United Kingdom,330.0,11.0
2016-09,NUS,U.S.,NVQ,Virgin Islands,0.0,0.0
2016-09,NUS,U.S.,Z00,,5118.0,171.0
2016-09,R10,PADD 1,NBF,Bahama Islands,3.0,0.0
2016-09,R10,PADD 1,NHK,Hong Kong,0.0,0.0
2016-09,R10,PADD 1,NJM,Jamaica,1.0,0.0
2016-09,R10,PADD 1,NNS,Suriname,1.0,0.0
2016-09,R10,PADD 1,NTD,Trinidad and Tobago,1.0,0.0
2016-09,R10,PADD 1,NTK,Turks and Caicos Islands,4.0,0.0
2016-09,R10,PADD 1,NVQ,Virgin Islands,0.0,0.0
2016-09,R10,PADD 1,Z00,,8.0,0.0
2016-09,R20,PADD 2,NCA,Canada,77.0,3.0
2016-09,R20,PADD 2,NPZ,Puerto Rico,0.0,0.0
2016-09,R20,PADD 2,Z00,,77.0,3.0
2016-09,R30,PADD 3,NBD,Bermuda,44.0,1.0
2016-09,R30,PADD 3,NBF,Bahama Islands,46.0,2.0
2016-09,R30,PADD 3,NBR,Brazil,265.0,9.0
2016-09,R30,PADD 3,NCA,Canada,98.0,3.0
2016-09,R30,PADD 3,NCH,China,0.0,0.0
2016-09,R30,PADD 3,NCI,Chile,165.0,6.0
2016-09,R30,PADD 3,NCJ,Cayman Islands,11.0,0.0
2016-09,R30,PADD 3,NCO,Colombia,219.0,7.0
2016-09,R30,PADD 3,NCS,Costa Rica,80.0,3.0
2016-09,R30,PADD 3,NDA,Denmark,220.0,7.0
2016-09,R30,PADD 3,NDR,Dominican Republic,99.0,3.0
2016-09,R30,PADD 3,NGT,Guatemala,39.0,1.0
2016-09,R30,PADD 3,NHO,Honduras,195.0,7.0
2016-09,R30,PADD 3,NIC,Iceland,94.0,3.0
2016-09,R30,PADD 3,NJM,Jamaica,60.0,2.0
2016-09,R30,PADD 3,NMX,Mexico,956.0,32.0
2016-09,R30,PADD 3,NNL,Netherlands,0.0,0.0
2016-09,R30,PADD 3,NPA,Paraguay,20.0,1.0
2016-09,R30,PADD 3,NPE,Peru,0.0,0.0
2016-09,R30,PADD 3,NPM,Panama,427.0,14.0
2016-09,R30,PADD 3,NSG,Senegal,294.0,10.0
2016-09,R30,PADD 3,NSW,Sweden,298.0,10.0
2016-09,R30,PADD 3,NUK,United Kingdom,330.0,11.0
2016-09,R30,PADD 3,Z00,,3959.0,132.0
2016-09,R50,PADD 5,NAS,Australia,0.0,0.0
2016-09,R50,PADD 5,NCA,Canada,1055.0,35.0
2016-09,R50,PADD 5,NCH,China,0.0,0.0
2016-09,R50,PADD 5,NES,El Salvador,18.0,1.0
2016-09,R50,PADD 5,NMX,Mexico,0.0,0.0
2016-09,R50,PADD 5,Z00,,1074.0,36.0
2016-10,NUS,U.S.,NAA,Aruba,75.0,2.0
2016-10,NUS,U.S.,NAC,Antigua and Barbuda,43.0,1.0
2016-10,NUS,U.S.,NBF,Bahama Islands,2.0,0.0
2016-10,NUS,U.S.,NBR,Brazil,1.0,0.0
2016-10,NUS,U.S.,NBX,Brunei,0.0,0.0
2016-10,NUS,U.S.,NCA,Canada,1007.0,32.0
2016-10,NUS,U.S.,NCH,China,1.0,0.0
2016-10,NUS,U.S.,NCI,Chile,149.0,5.0
2016-10,NUS,U.S.,NCO,Colombia,100.0,3.0
2016-10,NUS,U.S.,NCS,Costa Rica,80.0,3.0
2016-10,NUS,U.S.,NDR,Dominican Republic,102.0,3.0
2016-10,NUS,U.S.,NEC,Ecuador,8.0,0.0
2016-10,NUS,U.S.,NES,El Salvador,10.0,0.0
2016-10,NUS,U.S.,NGH,Ghana,1.0,0.0
2016-10,NUS,U.S.,NGT,Guatemala,184.0,6.0
2016-10,NUS,U.S.,NHO,Honduras,32.0,1.0
2016-10,NUS,U.S.,NIS,Israel,333.0,11.0
2016-10,NUS,U.S.,NJA,Japan,1.0,0.0
2016-10,NUS,U.S.,NMO,Morocco,0.0,0.0
2016-10,NUS,U.S.,NMX,Mexico,1069.0,34.0
2016-10,NUS,U.S.,NNU,Nicaragua,0.0,0.0
2016-10,NUS,U.S.,NPA,Paraguay,38.0,1.0
2016-10,NUS,U.S.,NPE,Peru,205.0,7.0
2016-10,NUS,U.S.,NPM,Panama,485.0,16.0
2016-10,NUS,U.S.,NSA,Saudi Arabia,0.0,0.0
2016-10,NUS,U.S.,NSN,Singapore,0.0,0.0
2016-10,NUS,U.S.,NTK,Turks and Caicos Islands,8.0,0.0
2016-10,NUS,U.S.,NTW,Taiwan,0.0,0.0
2016-10,NUS,U.S.,NUK,United Kingdom,315.0,10.0
2016-10,NUS,U.S.,NVM,Vietnam,1.0,0.0
2016-10,NUS,U.S.,Z00,,4249.0,137.0
2016-10,R10,PADD 1,NBF,Bahama Islands,2.0,0.0
2016-10,R10,PADD 1,NBR,Brazil,1.0,0.0
2016-10,R10,PADD 1,NPE,Peru,1.0,0.0
2016-10,R10,PADD 1,NPM,Panama,95.0,3.0
2016-10,R10,PADD 1,NTK,Turks and Caicos Islands,8.0,0.0
2016-10,R10,PADD 1,NVM,Vietnam,1.0,0.0
2016-10,R10,PADD 1,Z00,,107.0,3.0
2016-10,R20,PADD 2,NCA,Canada,350.0,11.0
2016-10,R20,PADD 2,Z00,,350.0,11.0
2016-10,R30,PADD 3,NAA,Aruba,75.0,2.0
2016-10,R30,PADD 3,NAC,Antigua and Barbuda,43.0,1.0
2016-10,R30,PADD 3,NCI,Chile,149.0,5.0
2016-10,R30,PADD 3,NCO,Colombia,100.0,3.0
2016-10,R30,PADD 3,NCS,Costa Rica,80.0,3.0
2016-10,R30,PADD 3,NDR,Dominican Republic,102.0,3.0
2016-10,R30,PADD 3,NEC,Ecuador,8.0,0.0
2016-10,R30,PADD 3,NES,El Salvador,10.0,0.0
2016-10,R30,PADD 3,NGH,Ghana,1.0,0.0
2016-10,R30,PADD 3,NGT,Guatemala,184.0,6.0
2016-10,R30,PADD 3,NHO,Honduras,32.0,1.0
2016-10,R30,PADD 3,NIS,Israel,333.0,11.0
2016-10,R30,PADD 3,NMO,Morocco,0.0,0.0
2016-10,R30,PADD 3,NMX,Mexico,1069.0,34.0
2016-10,R30,PADD 3,NNU,Nicaragua,0.0,0.0
2016-10,R30,PADD 3,NPA,Paraguay,38.0,1.0
2016-10,R30,PADD 3,NPE,Peru,204.0,7.0
2016-10,R30,PADD 3,NPM,Panama,390.0,13.0
2016-10,R30,PADD 3,NUK,United Kingdom,315.0,10.0
2016-10,R30,PADD 3,Z00,,3133.0,101.0
2016-10,R50,PADD 5,NBX,Brunei,0.0,0.0
2016-10,R50,PADD 5,NCA,Canada,657.0,21.0
2016-10,R50,PADD 5,NCH,China,1.0,0.0
2016-10,R50,PADD 5,NJA,Japan,1.0,0.0
2016-10,R50,PADD 5,NSN,Singapore,0.0,0.0
2016-10,R50,PADD 5,NTW,Taiwan,0.0,0.0
2016-10,R50,PADD 5,Z00,,659.0,21.0
2016-11,NUS,U.S.,NAC,Antigua and Barbuda,26.0,1.0
2016-11,NUS,U.S.,NBF,Bahama Islands,12.0,0.0
2016-11,NUS,U.S.,NCA,Canada,1385.0,46.0
2016-11,NUS,U.S.,NCI,Chile,0.0,0.0
2016-11,NUS,U.S.,NCJ,Cayman Islands,10.0,0.0
2016-11,NUS,U.S.,NCO,Colombia,0.0,0.0
2016-11,NUS,U.S.,NCS,Costa Rica,209.0,7.0
2016-11,NUS,U.S.,NDR,Dominican Republic,230.0,8.0
2016-11,NUS,U.S.,NFI,Finland,300.0,10.0
2016-11,NUS,U.S.,NGI,Gibraltar,316.0,11.0
2016-11,NUS,U.S.,NGT,Guatemala,142.0,5.0
2016-11,NUS,U.S.,NHO,Honduras,45.0,2.0
2016-11,NUS,U.S.,NIS,Israel,333.0,11.0
2016-11,NUS,U.S.,NIZ,Iraq,0.0,0.0
2016-11,NUS,U.S.,NMX,Mexico,1205.0,40.0
2016-11,NUS,U.S.,NNL,Netherlands,300.0,10.0
2016-11,NUS,U.S.,NPE,Peru,591.0,20.0
2016-11,NUS,U.S.,NPM,Panama,599.0,20.0
2016-11,NUS,U.S.,NQA,Qatar,0.0,0.0
2016-11,NUS,U.S.,NTD,Trinidad and Tobago,1.0,0.0
2016-11,NUS,U.S.,NTK,Turks and Caicos Islands,13.0,0.0
2016-11,NUS,U.S.,NUK,United Kingdom,200.0,7.0
2016-11,NUS,U.S.,Z00,,5919.0,197.0
2016-11,R10,PADD 1,NBF,Bahama Islands,2.0,0.0
2016-11,R10,PADD 1,NDR,Dominican Republic,0.0,0.0
2016-11,R10,PADD 1,NPE,Peru,1.0,0.0
2016-11,R10,PADD 1,NPM,Panama,150.0,5.0
2016-11,R10,PADD 1,NTK,Turks and Caicos Islands,13.0,0.0
2016-11,R10,PADD 1,Z00,,166.0,6.0
2016-11,R20,PADD 2,NCA,Canada,623.0,21.0
2016-11,R20,PADD 2,Z00,,623.0,21.0
2016-11,R30,PADD 3,NAC,Antigua and Barbuda,26.0,1.0
2016-11,R30,PADD 3,NBF,Bahama Islands,10.0,0.0
2016-11,R30,PADD 3,NCA,Canada,60.0,2.0
2016-11,R30,PADD 3,NCI,Chile,0.0,0.0
2016-11,R30,PADD 3,NCJ,Cayman Islands,10.0,0.0
2016-11,R30,PADD 3,NCS,Costa Rica,209.0,7.0
2016-11,R30,PADD 3,NDR,Dominican Republic,230.0,8.0
2016-11,R30,PADD 3,NFI,Finland,300.0,10.0
2016-11,R30,PADD 3,NGI,Gibraltar,316.0,11.0
2016-11,R30,PADD 3,NGT,Guatemala,142.0,5.0
2016-11,R30,PADD 3,NHO,Honduras,45.0,2.0
2016-11,R30,PADD 3,NIS,Israel,333.0,11.0
2016-11,R30,PADD 3,NMX,Mexico,1073.0,36.0
2016-11,R30,PADD 3,NNL,Netherlands,300.0,10.0
2016-11,R30,PADD 3,NPE,Peru,591.0,20.0
2016-11,R30,PADD 3,NPM,Panama,449.0,15.0
2016-11,R30,PADD 3,NQA,Qatar,0.0,0.0
2016-11,R30,PADD 3,NTD,Trinidad and Tobago,1.0,0.0
2016-11,R30,PADD 3,NUK,United Kingdom,200.0,7.0
2016-11,R30,PADD 3,Z00,,4295.0,143.0
2016-11,R50,PADD 5,NCA,Canada,702.0,23.0
2016-11,R50,PADD 5,NCO,Colombia,0.0,0.0
2016-11,R50,PADD 5,NIZ,Iraq,0.0,0.0
2016-11,R50,PADD 5,NMX,Mexico,133.0,4.0
2016-11,R50,PADD 5,Z00,,835.0,28.0
2016-12,NUS,U.S.,NAA,Aruba,64.0,2.0
2016-12,NUS,U.S.,NAC,Antigua and Barbuda,36.0,1.0
2016-12,NUS,U.S.,NBD,Bermuda,30.0,1.0
2016-12,NUS,U.S.,NBF,Bahama Islands,23.0,1.0
2016-12,NUS,U.S.,NBR,Brazil,2.0,0.0
2016-12,NUS,U.S.,NCA,Canada,859.0,28.0
2016-12,NUS,U.S.,NCE,Sri Lanka,0.0,0.0
2016-12,NUS,U.S.,NCI,Chile,300.0,10.0
2016-12,NUS,U.S.,NCS,Costa Rica,150.0,5.0
2016-12,NUS,U.S.,NDR,Dominican Republic,311.0,10.0
2016-12,NUS,U.S.,NES,El Salvador,46.0,1.0
2016-12,NUS,U.S.,NFI,Finland,651.0,21.0
2016-12,NUS,U.S.,NGT,Guatemala,25.0,1.0
2016-12,NUS,U.S.,NHA,Haiti,57.0,2.0
2016-12,NUS,U.S.,NHO,Honduras,32.0,1.0
2016-12,NUS,U.S.,NIV,Ivory Coast (Cote d'Ivore),318.0,10.0
2016-12,NUS,U.S.,NJM,Jamaica,57.0,2.0
2016-12,NUS,U.S.,NKS,Korea,0.0,0.0
2016-12,NUS,U.S.,NMX,Mexico,1185.0,38.0
2016-12,NUS,U.S.,NNL,Netherlands,297.0,10.0
2016-12,NUS,U.S.,NPA,Paraguay,0.0,0.0
2016-12,NUS,U.S.,NPE,Peru,478.0,15.0
2016-12,NUS,U.S.,NPM,Panama,325.0,10.0
2016-12,NUS,U.S.,NTK,Turks and Caicos Islands,10.0,0.0
2016-12,NUS,U.S.,NTO,Togo,315.0,10.0
2016-12,NUS,U.S.,NUK,United Kingdom,318.0,10.0
2016-12,NUS,U.S.,NUY,Uruguay,12.0,0.0
2016-12,NUS,U.S.,NVM,Vietnam,1.0,0.0
2016-12,NUS,U.S.,NVQ,Virgin Islands,311.0,10.0
2016-12,NUS,U.S.,Z00,,6215.0,200.0
2016-12,R10,PADD 1,NAA,Aruba,0.0,0.0
2016-12,R10,PADD 1,NBF,Bahama Islands,4.0,0.0
2016-12,R10,PADD 1,NCE,Sri Lanka,0.0,0.0
2016-12,R10,PADD 1,NDR,Dominican Republic,1.0,0.0
2016-12,R10,PADD 1,NJM,Jamaica,0.0,0.0
2016-12,R10,PADD 1,NKS,Korea,0.0,0.0
2016-12,R10,PADD 1,NPA,Paraguay,0.0,0.0
2016-12,R10,PADD 1,NPM,Panama,0.0,0.0
2016-12,R10,PADD 1,NTK,Turks and Caicos Islands,10.0,0.0
2016-12,R10,PADD 1,Z00,,16.0,1.0
2016-12,R20,PADD 2,NCA,Canada,110.0,4.0
2016-12,R20,PADD 2,Z00,,110.0,4.0
2016-12,R30,PADD 3,NAA,Aruba,64.0,2.0
2016-12,R30,PADD 3,NAC,Antigua and Barbuda,36.0,1.0
2016-12,R30,PADD 3,NBD,Bermuda,30.0,1.0
2016-12,R30,PADD 3,NBF,Bahama Islands,19.0,1.0
2016-12,R30,PADD 3,NBR,Brazil,2.0,0.0
2016-12,R30,PADD 3,NCA,Canada,60.0,2.0
2016-12,R30,PADD 3,NCI,Chile,300.0,10.0
2016-12,R30,PADD 3,NCS,Costa Rica,150.0,5.0
2016-12,R30,PADD 3,NDR,Dominican Republic,310.0,10.0
2016-12,R30,PADD 3,NES,El Salvador,7.0,0.0
2016-12,R30,PADD 3,NFI,Finland,651.0,21.0
2016-12,R30,PADD 3,NGT,Guatemala,25.0,1.0
2016-12,R30,PADD 3,NHA,Haiti,57.0,2.0
2016-12,R30,PADD 3,NHO,Honduras,32.0,1.0
2016-12,R30,PADD 3,NIV,Ivory Coast (Cote d'Ivore),318.0,10.0
2016-12,R30,PADD 3,NJM,Jamaica,57.0,2.0
2016-12,R30,PADD 3,NMX,Mexico,835.0,27.0
2016-12,R30,PADD 3,NNL,Netherlands,297.0,10.0
2016-12,R30,PADD 3,NPE,Peru,478.0,15.0
2016-12,R30,PADD 3,NPM,Panama,325.0,10.0
2016-12,R30,PADD 3,NTO,Togo,315.0,10.0
2016-12,R30,PADD 3,NUK,United Kingdom,318.0,10.0
2016-12,R30,PADD 3,NUY,Uruguay,12.0,0.0
2016-12,R30,PADD 3,NVQ,Virgin Islands,311.0,10.0
2016-12,R30,PADD 3,Z00,,5010.0,162.0
2016-12,R50,PADD 5,NCA,Canada,689.0,22.0
2016-12,R50,PADD 5,NES,El Salvador,39.0,1.0
2016-12,R50,PADD 5,NMX,Mexico,350.0,11.0
2016-12,R50,PADD 5,NVM,Vietnam,1.0,0.0
2016-12,R50,PADD 5,Z00,,1080.0,35.0
2017-01,NUS,U.S.,NAA,Aruba,75.0,2.0
2017-01,NUS,U.S.,NAC,Antigua and Barbuda,83.0,3.0
2017-01,NUS,U.S.,NBF,Bahama Islands,34.0,1.0
2017-01,NUS,U.S.,NCA,Canada,1477.0,48.0
2017-01,NUS,U.S.,NCH,China,3.0,0.0
2017-01,NUS,U.S.,NCI,Chile,301.0,10.0
2017-01,NUS,U.S.,NCJ,Cayman Islands,15.0,0.0
2017-01,NUS,U.S.,NCO,Colombia,100.0,3.0
2017-01,NUS,U.S.,NCS,Costa Rica,205.0,7.0
2017-01,NUS,U.S.,NDA,Denmark,295.0,10.0
2017-01,NUS,U.S.,NDR,Dominican Republic,160.0,5.0
2017-01,NUS,U.S.,NEC,Ecuador,8.0,0.0
2017-01,NUS,U.S.,NES,El Salvador,27.0,1.0
2017-01,NUS,U.S.,NFI,Finland,307.0,10.0
2017-01,NUS,U.S.,NGH,Ghana,1.0,0.0
2017-01,NUS,U.S.,NGT,Guatemala,249.0,8.0
2017-01,NUS,U.S.,NHA,Haiti,35.0,1.0
2017-01,NUS,U.S.,NHO,Honduras,63.0,2.0
2017-01,NUS,U.S.,NIS,Israel,102.0,3.0
2017-01,NUS,U.S.,NJM,Jamaica,160.0,5.0
2017-01,NUS,U.S.,NMX,Mexico,1125.0,36.0
2017-01,NUS,U.S.,NMY,Malaysia,0.0,0.0
2017-01,NUS,U.S.,NPA,Paraguay,29.0,1.0
2017-01,NUS,U.S.,NPE,Peru,193.0,6.0
2017-01,NUS,U.S.,NPM,Panama,331.0,11.0
2017-01,NUS,U.S.,NSW,Sweden,5.0,0.0
2017-01,NUS,U.S.,NTD,Trinidad and Tobago,1.0,0.0
2017-01,NUS,U.S.,NTK,Turks and Caicos Islands,12.0,0.0
2017-01,NUS,U.S.,Z00,,5397.0,174.0
2017-01,R10,PADD 1,NBF,Bahama Islands,5.0,0.0
2017-01,R10,PADD 1,NCA,Canada,0.0,0.0
2017-01,R10,PADD 1,NCI,Chile,1.0,0.0
2017-01,R10,PADD 1,NDR,Dominican Republic,0.0,0.0
2017-01,R10,PADD 1,NHO,Honduras,0.0,0.0
2017-01,R10,PADD 1,NMY,Malaysia,0.0,0.0
2017-01,R10,PADD 1,NPE,Peru,6.0,0.0
2017-01,R10,PADD 1,NPM,Panama,0.0,0.0
2017-01,R10,PADD 1,NSW,Sweden,5.0,0.0
2017-01,R10,PADD 1,NTK,Turks and Caicos Islands,12.0,0.0
2017-01,R10,PADD 1,Z00,,29.0,1.0
2017-01,R20,PADD 2,NCA,Canada,740.0,24.0
2017-01,R20,PADD 2,Z00,,740.0,24.0
2017-01,R30,PADD 3,NAA,Aruba,75.0,2.0
2017-01,R30,PADD 3,NAC,Antigua and Barbuda,83.0,3.0
2017-01,R30,PADD 3,NBF,Bahama Islands,29.0,1.0
2017-01,R30,PADD 3,NCA,Canada,48.0,2.0
2017-01,R30,PADD 3,NCI,Chile,300.0,10.0
2017-01,R30,PADD 3,NCJ,Cayman Islands,15.0,0.0
2017-01,R30,PADD 3,NCO,Colombia,100.0,3.0
2017-01,R30,PADD 3,NCS,Costa Rica,205.0,7.0
2017-01,R30,PADD 3,NDA,Denmark,295.0,10.0
2017-01,R30,PADD 3,NDR,Dominican Republic,160.0,5.0
2017-01,R30,PADD 3,NEC,Ecuador,8.0,0.0
2017-01,R30,PADD 3,NFI,Finland,307.0,10.0
2017-01,R30,PADD 3,NGH,Ghana,1.0,0.0
2017-01,R30,PADD 3,NGT,Guatemala,249.0,8.0
2017-01,R30,PADD 3,NHA,Haiti,35.0,1.0
2017-01,R30,PADD 3,NHO,Honduras,63.0,2.0
2017-01,R30,PADD 3,NIS,Israel,102.0,3.0
2017-01,R30,PADD 3,NJM,Jamaica,160.0,5.0
2017-01,R30,PADD 3,NMX,Mexico,958.0,31.0
2017-01,R30,PADD 3,NPA,Paraguay,29.0,1.0
2017-01,R30,PADD 3,NPE,Peru,187.0,6.0
2017-01,R30,PADD 3,NPM,Panama,331.0,11.0
2017-01,R30,PADD 3,NTD,Trinidad and Tobago,1.0,0.0
2017-01,R30,PADD 3,Z00,,3742.0,121.0
2017-01,R50,PADD 5,NCA,Canada,689.0,22.0
2017-01,R50,PADD 5,NCH,China,3.0,0.0
2017-01,R50,PADD 5,NES,El Salvador,27.0,1.0
2017-01,R50,PADD 5,NMX,Mexico,167.0,5.0
2017-01,R50,PADD 5,Z00,,886.0,29.0
2017-02,NUS,U.S.,NAA,Aruba,0.0,0.0
2017-02,NUS,U.S.,NAC,Antigua and Barbuda,60.0,2.0
2017-02,NUS,U.S.,NBF,Bahama Islands,6.0,0.0
2017-02,NUS,U.S.,NBR,Brazil,300.0,11.0
2017-02,NUS,U.S.,NCA,Canada,1441.0,51.0
2017-02,NUS,U.S.,NCH,China,0.0,0.0
2017-02,NUS,U.S.,NCI,Chile,1.0,0.0
2017-02,NUS,U.S.,NCO,Colombia,100.0,4.0
2017-02,NUS,U.S.,NCS,Costa Rica,170.0,6.0
2017-02,NUS,U.S.,NDR,Dominican Republic,430.0,15.0
2017-02,NUS,U.S.,NHO,Honduras,71.0,3.0
2017-02,NUS,U.S.,NJA,Japan,1.0,0.0
2017-02,NUS,U.S.,NJM,Jamaica,155.0,6.0
2017-02,NUS,U.S.,NKS,Korea,0.0,0.0
2017-02,NUS,U.S.,NMX,Mexico,1121.0,40.0
2017-02,NUS,U.S.,NNL,Netherlands,300.0,11.0
2017-02,NUS,U.S.,NPE,Peru,96.0,3.0
2017-02,NUS,U.S.,NPM,Panama,404.0,14.0
2017-02,NUS,U.S.,NPZ,Puerto Rico,0.0,0.0
2017-02,NUS,U.S.,NSG,Senegal,308.0,11.0
2017-02,NUS,U.S.,NSN,Singapore,0.0,0.0
2017-02,NUS,U.S.,NTK,Turks and Caicos Islands,10.0,0.0
2017-02,NUS,U.S.,Z00,,4974.0,178.0
2017-02,R10,PADD 1,NAA,Aruba,0.0,0.0
2017-02,R10,PADD 1,NBF,Bahama Islands,6.0,0.0
2017-02,R10,PADD 1,NCI,Chile,0.0,0.0
2017-02,R10,PADD 1,NDR,Dominican Republic,0.0,0.0
2017-02,R10,PADD 1,NPE,Peru,1.0,0.0
2017-02,R10,PADD 1,NPZ,Puerto Rico,0.0,0.0
2017-02,R10,PADD 1,NTK,Turks and Caicos Islands,10.0,0.0
2017-02,R10,PADD 1,Z00,,17.0,1.0
2017-02,R20,PADD 2,NCA,Canada,34.0,1.0
2017-02,R20,PADD 2,Z00,,34.0,1.0
2017-02,R30,PADD 3,NAC,Antigua and Barbuda,60.0,2.0
2017-02,R30,PADD 3,NBR,Brazil,300.0,11.0
2017-02,R30,PADD 3,NCA,Canada,652.0,23.0
2017-02,R30,PADD 3,NCI,Chile,1.0,0.0
2017-02,R30,PADD 3,NCO,Colombia,100.0,4.0
2017-02,R30,PADD 3,NCS,Costa Rica,170.0,6.0
2017-02,R30,PADD 3,NDR,Dominican Republic,430.0,15.0
2017-02,R30,PADD 3,NHO,Honduras,71.0,3.0
2017-02,R30,PADD 3,NJM,Jamaica,155.0,6.0
2017-02,R30,PADD 3,NMX,Mexico,962.0,34.0
2017-02,R30,PADD 3,NNL,Netherlands,300.0,11.0
2017-02,R30,PADD 3,NPE,Peru,95.0,3.0
2017-02,R30,PADD 3,NPM,Panama,404.0,14.0
2017-02,R30,PADD 3,NSG,Senegal,308.0,11.0
2017-02,R30,PADD 3,Z00,,4007.0,143.0
2017-02,R50,PADD 5,NCA,Canada,755.0,27.0
2017-02,R50,PADD 5,NCH,China,0.0,0.0
2017-02,R50,PADD 5,NJA,Japan,1.0,0.0
2017-02,R50,PADD 5,NKS,Korea,0.0,0.0
2017-02,R50,PADD 5,NMX,Mexico,159.0,6.0
2017-02,R50,PADD 5,NSN,Singapore,0.0,0.0
2017-02,R50,PADD 5,Z00,,915.0,33.0
2017-03,NUS,U.S.,NAA,Aruba,13.0,0.0
2017-03,NUS,U.S.,NAC,Antigua and Barbuda,50.0,2.0
2017-03,NUS,U.S.,NAR,Argentina,157.0,5.0
2017-03,NUS,U.S.,NBF,Bahama Islands,62.0,2.0
2017-03,NUS,U.S.,NBR,Brazil,309.0,10.0
2017-03,NUS,U.S.,NCA,Canada,1129.0,36.0
2017-03,NUS,U.S.,NCH,China,0.0,0.0
2017-03,NUS,U.S.,NCI,Chile,154.0,5.0
2017-03,NUS,U.S.,NCO,Colombia,120.0,4.0
2017-03,NUS,U.S.,NCS,Costa Rica,87.0,3.0
2017-03,NUS,U.S.,NDR,Dominican Republic,52.0,2.0
2017-03,NUS,U.S.,NES,El Salvador,19.0,1.0
2017-03,NUS,U.S.,NFR,France,315.0,10.0
2017-03,NUS,U.S.,NGT,Guatemala,0.0,0.0
2017-03,NUS,U.S.,NHO,Honduras,69.0,2.0
2017-03,NUS,U.S.,NIN,India,0.0,0.0
2017-03,NUS,U.S.,NIS,Israel,102.0,3.0
2017-03,NUS,U.S.,NJM,Jamaica,40.0,1.0
2017-03,NUS,U.S.,NMO,Morocco,580.0,19.0
2017-03,NUS,U.S.,NMX,Mexico,1013.0,33.0
2017-03,NUS,U.S.,NMY,Malaysia,0.0,0.0
2017-03,NUS,U.S.,NPE,Peru,299.0,10.0
2017-03,NUS,U.S.,NPM,Panama,646.0,21.0
2017-03,NUS,U.S.,NPZ,Puerto Rico,0.0,0.0
2017-03,NUS,U.S.,NTD,Trinidad and Tobago,1.0,0.0
2017-03,NUS,U.S.,NTK,Turks and Caicos Islands,17.0,1.0
2017-03,NUS,U.S.,NVM,Vietnam,0.0,0.0
2017-03,NUS,U.S.,NVQ,Virgin Islands,200.0,6.0
2017-03,NUS,U.S.,Z00,,5437.0,175.0
2017-03,R10,PADD 1,NAC,Antigua and Barbuda,0.0,0.0
2017-03,R10,PADD 1,NBF,Bahama Islands,4.0,0.0
2017-03,R10,PADD 1,NCO,Colombia,0.0,0.0
2017-03,R10,PADD 1,NCS,Costa Rica,0.0,0.0
2017-03,R10,PADD 1,NPE,Peru,0.0,0.0
2017-03,R10,PADD 1,NPM,Panama,125.0,4.0
2017-03,R10,PADD 1,NPZ,Puerto Rico,0.0,0.0
2017-03,R10,PADD 1,NTD,Trinidad and Tobago,1.0,0.0
2017-03,R10,PADD 1,NTK,Turks and Caicos Islands,17.0,1.0
2017-03,R10,PADD 1,Z00,,147.0,5.0
2017-03,R20,PADD 2,NCA,Canada,40.0,1.0
2017-03,R20,PADD 2,Z00,,40.0,1.0
2017-03,R30,PADD 3,NAA,Aruba,13.0,0.0
2017-03,R30,PADD 3,NAC,Antigua and Barbuda,50.0,2.0
2017-03,R30,PADD 3,NAR,Argentina,157.0,5.0
2017-03,R30,PADD 3,NBF,Bahama Islands,58.0,2.0
2017-03,R30,PADD 3,NBR,Brazil,309.0,10.0
2017-03,R30,PADD 3,NCA,Canada,245.0,8.0
2017-03,R30,PADD 3,NCI,Chile,154.0,5.0
2017-03,R30,PADD 3,NCO,Colombia,120.0,4.0
2017-03,R30,PADD 3,NCS,Costa Rica,87.0,3.0
2017-03,R30,PADD 3,NDR,Dominican Republic,52.0,2.0
2017-03,R30,PADD 3,NES,El Salvador,19.0,1.0
2017-03,R30,PADD 3,NFR,France,315.0,10.0
2017-03,R30,PADD 3,NGT,Guatemala,0.0,0.0
2017-03,R30,PADD 3,NHO,Honduras,69.0,2.0
2017-03,R30,PADD 3,NIS,Israel,102.0,3.0
2017-03,R30,PADD 3,NJM,Jamaica,40.0,1.0
2017-03,R30,PADD 3,NMO,Morocco,580.0,19.0
2017-03,R30,PADD 3,NMX,Mexico,1013.0,33.0
2017-03,R30,PADD 3,NPE,Peru,299.0,10.0
2017-03,R30,PADD 3,NPM,Panama,521.0,17.0
2017-03,R30,PADD 3,NTD,Trinidad and Tobago,1.0,0.0
2017-03,R30,PADD 3,NVQ,Virgin Islands,200.0,6.0
2017-03,R30,PADD 3,Z00,,4405.0,142.0
2017-03,R50,PADD 5,NCA,Canada,844.0,27.0
2017-03,R50,PADD 5,NCH,China,0.0,0.0
2017-03,R50,PADD 5,NIN,India,0.0,0.0
2017-03,R50,PADD 5,NMX,Mexico,0.0,0.0
2017-03,R50,PADD 5,NMY,Malaysia,0.0,0.0
2017-03,R50,PADD 5,NVM,Vietnam,0.0,0.0
2017-03,R50,PADD 5,Z00,,844.0,27.0
2017-04,NUS,U.S.,NAA,Aruba,70.0,2.0
2017-04,NUS,U.S.,NAR,Argentina,144.0,5.0
2017-04,NUS,U.S.,NBD,Bermuda,30.0,1.0
2017-04,NUS,U.S.,NBF,Bahama Islands,65.0,2.0
2017-04,NUS,U.S.,NBR,Brazil,320.0,11.0
2017-04,NUS,U.S.,NCA,Canada,944.0,31.0
2017-04,NUS,U.S.,NCI,Chile,309.0,10.0
2017-04,NUS,U.S.,NCJ,Cayman Islands,178.0,6.0
2017-04,NUS,U.S.,NCS,Costa Rica,149.0,5.0
2017-04,NUS,U.S.,NDR,Dominican Republic,240.0,8.0
2017-04,NUS,U.S.,NEC,Ecuador,80.0,3.0
2017-04,NUS,U.S.,NES,El Salvador,28.0,1.0
2017-04,NUS,U.S.,NGT,Guatemala,22.0,1.0
2017-04,NUS,U.S.,NHO,Honduras,60.0,2.0
2017-04,NUS,U.S.,NIS,Israel,0.0,0.0
2017-04,NUS,U.S.,NJM,Jamaica,60.0,2.0
2017-04,NUS,U.S.,NKU,Kuwait,0.0,0.0
2017-04,NUS,U.S.,NMO,Morocco,315.0,11.0
2017-04,NUS,U.S.,NMX,Mexico,1179.0,39.0
2017-04,NUS,U.S.,NPA,Paraguay,18.0,1.0
2017-04,NUS,U.S.,NPE,Peru,279.0,9.0
2017-04,NUS,U.S.,NPM,Panama,467.0,16.0
2017-04,NUS,U.S.,NRP,Philippines,0.0,0.0
2017-04,NUS,U.S.,NTD,Trinidad and Tobago,1.0,0.0
2017-04,NUS,U.S.,NTK,Turks and Caicos Islands,11.0,0.0
2017-04,NUS,U.S.,NTO,Togo,643.0,21.0
2017-04,NUS,U.S.,NUK,United Kingdom,315.0,11.0
2017-04,NUS,U.S.,NUY,Uruguay,104.0,3.0
2017-04,NUS,U.S.,NVQ,Virgin Islands,46.0,2.0
2017-04,NUS,U.S.,Z00,,6079.0,203.0
2017-04,R10,PADD 1,NAA,Aruba,0.0,0.0
2017-04,R10,PADD 1,NBF,Bahama Islands,6.0,0.0
2017-04,R10,PADD 1,NCA,Canada,1.0,0.0
2017-04,R10,PADD 1,NCI,Chile,1.0,0.0
2017-04,R10,PADD 1,NCS,Costa Rica,0.0,0.0
2017-04,R10,PADD 1,NIS,Israel,0.0,0.0
2017-04,R10,PADD 1,NPM,Panama,120.0,4.0
2017-04,R10,PADD 1,NTD,Trinidad and Tobago,1.0,0.0
2017-04,R10,PADD 1,NTK,Turks and Caicos Islands,11.0,0.0
2017-04,R10,PADD 1,Z00,,140.0,5.0
2017-04,R20,PADD 2,NCA,Canada,307.0,10.0
2017-04,R20,PADD 2,NKU,Kuwait,0.0,0.0
2017-04,R20,PADD 2,Z00,,307.0,10.0
2017-04,R30,PADD 3,NAA,Aruba,70.0,2.0
2017-04,R30,PADD 3,NAR,Argentina,144.0,5.0
2017-04,R30,PADD 3,NBD,Bermuda,30.0,1.0
2017-04,R30,PADD 3,NBF,Bahama Islands,59.0,2.0
2017-04,R30,PADD 3,NBR,Brazil,320.0,11.0
2017-04,R30,PADD 3,NCI,Chile,308.0,10.0
2017-04,R30,PADD 3,NCJ,Cayman Islands,178.0,6.0
2017-04,R30,PADD 3,NCS,Costa Rica,149.0,5.0
2017-04,R30,PADD 3,NDR,Dominican Republic,240.0,8.0
2017-04,R30,PADD 3,NEC,Ecuador,80.0,3.0
2017-04,R30,PADD 3,NES,El Salvador,28.0,1.0
2017-04,R30,PADD 3,NGT,Guatemala,22.0,1.0
2017-04,R30,PADD 3,NHO,Honduras,60.0,2.0
2017-04,R30,PADD 3,NJM,Jamaica,60.0,2.0
2017-04,R30,PADD 3,NMO,Morocco,315.0,11.0
2017-04,R30,PADD 3,NMX,Mexico,1082.0,36.0
2017-04,R30,PADD 3,NPA,Paraguay,18.0,1.0
2017-04,R30,PADD 3,NPE,Peru,279.0,9.0
2017-04,R30,PADD 3,NPM,Panama,347.0,12.0
2017-04,R30,PADD 3,NTO,Togo,643.0,21.0
2017-04,R30,PADD 3,NUK,United Kingdom,315.0,11.0
2017-04,R30,PADD 3,NUY,Uruguay,104.0,3.0
2017-04,R30,PADD 3,NVQ,Virgin Islands,46.0,2.0
2017-04,R30,PADD 3,Z00,,4898.0,163.0
2017-04,R50,PADD 5,NCA,Canada,636.0,21.0
2017-04,R50,PADD 5,NMX,Mexico,97.0,3.0
2017-04,R50,PADD 5,NRP,Philippines,0.0,0.0
2017-04,R50,PADD 5,Z00,,734.0,24.0
2017-05,NUS,U.S.,NAA,Aruba,65.0,2.0
2017-05,NUS,U.S.,NAC,Antigua and Barbuda,59.0,2.0
2017-05,NUS,U.S.,NBF,Bahama Islands,33.0,1.0
2017-05,NUS,U.S.,NBR,Brazil,82.0,3.0
2017-05,NUS,U.S.,NCA,Canada,733.0,24.0
2017-05,NUS,U.S.,NCH,China,0.0,0.0
2017-05,NUS,U.S.,NCI,Chile,302.0,10.0
2017-05,NUS,U.S.,NCJ,Cayman Islands,298.0,10.0
2017-05,NUS,U.S.,NCS,Costa Rica,166.0,5.0
2017-05,NUS,U.S.,NDA,Denmark,224.0,7.0
2017-05,NUS,U.S.,NDR,Dominican Republic,129.0,4.0
2017-05,NUS,U.S.,NEC,Ecuador,0.0,0.0
2017-05,NUS,U.S.,NES,El Salvador,25.0,1.0
2017-05,NUS,U.S.,NFR,France,308.0,10.0
2017-05,NUS,U.S.,NGT,Guatemala,118.0,4.0
2017-05,NUS,U.S.,NHO,Honduras,83.0,3.0
2017-05,NUS,U.S.,NIC,Iceland,96.0,3.0
2017-05,NUS,U.S.,NIS,Israel,333.0,11.0
2017-05,NUS,U.S.,NIT,Italy,0.0,0.0
2017-05,NUS,U.S.,NIZ,Iraq,1.0,0.0
2017-05,NUS,U.S.,NJA,Japan,0.0,0.0
2017-05,NUS,U.S.,NJM,Jamaica,50.0,2.0
2017-05,NUS,U.S.,NKS,Korea,0.0,0.0
2017-05,NUS,U.S.,NMO,Morocco,270.0,9.0
2017-05,NUS,U.S.,NMX,Mexico,1115.0,36.0
2017-05,NUS,U.S.,NNL,Netherlands,125.0,4.0
2017-05,NUS,U.S.,NPE,Peru,300.0,10.0
2017-05,NUS,U.S.,NPM,Panama,416.0,13.0
2017-05,NUS,U.S.,NPZ,Puerto Rico,0.0,0.0
2017-05,NUS,U.S.,NSW,Sweden,0.0,0.0
2017-05,NUS,U.S.,NTD,Trinidad and Tobago,0.0,0.0
2017-05,NUS,U.S.,NTK,Turks and Caicos Islands,8.0,0.0
2017-05,NUS,U.S.,NTW,Taiwan,1.0,0.0
2017-05,NUS,U.S.,NVQ,Virgin Islands,0.0,0.0
2017-05,NUS,U.S.,Z00,,5340.0,172.0
2017-05,R10,PADD 1,NBF,Bahama Islands,6.0,0.0
2017-05,R10,PADD 1,NCA,Canada,1.0,0.0
2017-05,R10,PADD 1,NCH,China,0.0,0.0
2017-05,R10,PADD 1,NEC,Ecuador,0.0,0.0
2017-05,R10,PADD 1,NGT,Guatemala,0.0,0.0
2017-05,R10,PADD 1,NIT,Italy,0.0,0.0
2017-05,R10,PADD 1,NNL,Netherlands,125.0,4.0
2017-05,R10,PADD 1,NPM,Panama,100.0,3.0
2017-05,R10,PADD 1,NPZ,Puerto Rico,0.0,0.0
2017-05,R10,PADD 1,NTD,Trinidad and Tobago,0.0,0.0
2017-05,R10,PADD 1,NTK,Turks and Caicos Islands,8.0,0.0
2017-05,R10,PADD 1,NTW,Taiwan,1.0,0.0
2017-05,R10,PADD 1,NVQ,Virgin Islands,0.0,0.0
2017-05,R10,PADD 1,Z00,,242.0,8.0
2017-05,R20,PADD 2,NCA,Canada,222.0,7.0
2017-05,R20,PADD 2,NSW,Sweden,0.0,0.0
2017-05,R20,PADD 2,Z00,,222.0,7.0
2017-05,R30,PADD 3,NAA,Aruba,65.0,2.0
2017-05,R30,PADD 3,NAC,Antigua and Barbuda,59.0,2.0
2017-05,R30,PADD 3,NBF,Bahama Islands,27.0,1.0
2017-05,R30,PADD 3,NBR,Brazil,82.0,3.0
2017-05,R30,PADD 3,NCI,Chile,302.0,10.0
2017-05,R30,PADD 3,NCJ,Cayman Islands,298.0,10.0
2017-05,R30,PADD 3,NCS,Costa Rica,166.0,5.0
2017-05,R30,PADD 3,NDA,Denmark,224.0,7.0
2017-05,R30,PADD 3,NDR,Dominican Republic,129.0,4.0
2017-05,R30,PADD 3,NFR,France,308.0,10.0
2017-05,R30,PADD 3,NGT,Guatemala,118.0,4.0
2017-05,R30,PADD 3,NHO,Honduras,83.0,3.0
2017-05,R30,PADD 3,NIC,Iceland,96.0,3.0
2017-05,R30,PADD 3,NIS,Israel,333.0,11.0
2017-05,R30,PADD 3,NJM,Jamaica,50.0,2.0
2017-05,R30,PADD 3,NMO,Morocco,270.0,9.0
2017-05,R30,PADD 3,NMX,Mexico,922.0,30.0
2017-05,R30,PADD 3,NPE,Peru,300.0,10.0
2017-05,R30,PADD 3,NPM,Panama,315.0,10.0
2017-05,R30,PADD 3,Z00,,4147.0,134.0
2017-05,R50,PADD 5,NCA,Canada,510.0,16.0
2017-05,R50,PADD 5,NES,El Salvador,25.0,1.0
2017-05,R50,PADD 5,NIZ,Iraq,1.0,0.0
2017-05,R50,PADD 5,NJA,Japan,0.0,0.0
2017-05,R50,PADD 5,NKS,Korea,0.0,0.0
2017-05,R50,PADD 5,NMX,Mexico,193.0,6.0
2017-05,R50,PADD 5,Z00,,729.0,24.0
2017-06,NUS,U.S.,NAA,Aruba,70.0,2.0
2017-06,NUS,U.S.,NAC,Antigua and Barbuda,99.0,3.0
2017-06,NUS,U.S.,NAR,Argentina,139.0,5.0
2017-06,NUS,U.S.,NBF,Bahama Islands,53.0,2.0
2017-06,NUS,U.S.,NBG,Bangladesh,0.0,0.0
2017-06,NUS,U.S.,NBR,Brazil,691.0,23.0
2017-06,NUS,U.S.,NCA,Canada,1238.0,41.0
2017-06,NUS,U.S.,NCE,Sri Lanka,0.0,0.0
2017-06,NUS,U.S.,NCH,China,0.0,0.0
2017-06,NUS,U.S.,NCI,Chile,600.0,20.0
2017-06,NUS,U.S.,NCJ,Cayman Islands,762.0,25.0
2017-06,NUS,U.S.,NCO,Colombia,0.0,0.0
2017-06,NUS,U.S.,NCS,Costa Rica,81.0,3.0
2017-06,NUS,U.S.,NDR,Dominican Republic,123.0,4.0
2017-06,NUS,U.S.,NES,El Salvador,30.0,1.0
2017-06,NUS,U.S.,NFR,France,318.0,11.0
2017-06,NUS,U.S.,NGT,Guatemala,185.0,6.0
2017-06,NUS,U.S.,NHO,Honduras,41.0,1.0
2017-06,NUS,U.S.,NIC,Iceland,300.0,10.0
2017-06,NUS,U.S.,NID,Indonesia,0.0,0.0
2017-06,NUS,U.S.,NIN,India,0.0,0.0
2017-06,NUS,U.S.,NJM,Jamaica,130.0,4.0
2017-06,NUS,U.S.,NMX,Mexico,828.0,28.0
2017-06,NUS,U.S.,NNI,Nigeria,0.0,0.0
2017-06,NUS,U.S.,NNL,Netherlands,629.0,21.0
2017-06,NUS,U.S.,NPM,Panama,540.0,18.0
2017-06,NUS,U.S.,NTC,United Arab Emirates,0.0,0.0
2017-06,NUS,U.S.,NTK,Turks and Caicos Islands,6.0,0.0
2017-06,NUS,U.S.,NVM,Vietnam,0.0,0.0
2017-06,NUS,U.S.,NVQ,Virgin Islands,160.0,5.0
2017-06,NUS,U.S.,NWA,Namibia,40.0,1.0
2017-06,NUS,U.S.,Z00,,7065.0,235.0
2017-06,R10,PADD 1,NBF,Bahama Islands,5.0,0.0
2017-06,R10,PADD 1,NBG,Bangladesh,0.0,0.0
2017-06,R10,PADD 1,NCA,Canada,291.0,10.0
2017-06,R10,PADD 1,NCE,Sri Lanka,0.0,0.0
2017-06,R10,PADD 1,NCH,China,0.0,0.0
2017-06,R10,PADD 1,NCI,Chile,0.0,0.0
2017-06,R10,PADD 1,NCO,Colombia,0.0,0.0
2017-06,R10,PADD 1,NID,Indonesia,0.0,0.0
2017-06,R10,PADD 1,NJM,Jamaica,0.0,0.0
2017-06,R10,PADD 1,NNL,Netherlands,0.0,0.0
2017-06,R10,PADD 1,NTK,Turks and Caicos Islands,6.0,0.0
2017-06,R10,PADD 1,NVM,Vietnam,0.0,0.0
2017-06,R10,PADD 1,Z00,,303.0,10.0
2017-06,R20,PADD 2,NCA,Canada,37.0,1.0
2017-06,R20,PADD 2,Z00,,37.0,1.0
2017-06,R30,PADD 3,NAA,Aruba,70.0,2.0
2017-06,R30,PADD 3,NAC,Antigua and Barbuda,99.0,3.0
2017-06,R30,PADD 3,NAR,Argentina,139.0,5.0
2017-06,R30,PADD 3,NBF,Bahama Islands,48.0,2.0
2017-06,R30,PADD 3,NBR,Brazil,691.0,23.0
2017-06,R30,PADD 3,NCA,Canada,206.0,7.0
2017-06,R30,PADD 3,NCI,Chile,599.0,20.0
2017-06,R30,PADD 3,NCJ,Cayman Islands,762.0,25.0
2017-06,R30,PADD 3,NCS,Costa Rica,81.0,3.0
2017-06,R30,PADD 3,NDR,Dominican Republic,123.0,4.0
2017-06,R30,PADD 3,NES,El Salvador,30.0,1.0
2017-06,R30,PADD 3,NFR,France,318.0,11.0
2017-06,R30,PADD 3,NGT,Guatemala,185.0,6.0
2017-06,R30,PADD 3,NHO,Honduras,41.0,1.0
2017-06,R30,PADD 3,NIC,Iceland,300.0,10.0
2017-06,R30,PADD 3,NJM,Jamaica,130.0,4.0
2017-06,R30,PADD 3,NMX,Mexico,660.0,22.0
2017-06,R30,PADD 3,NNI,Nigeria,0.0,0.0
2017-06,R30,PADD 3,NNL,Netherlands,629.0,21.0
2017-06,R30,PADD 3,NPM,Panama,540.0,18.0
2017-06,R30,PADD 3,NTC,United Arab Emirates,0.0,0.0
2017-06,R30,PADD 3,NVQ,Virgin Islands,160.0,5.0
2017-06,R30,PADD 3,NWA,Namibia,40.0,1.0
2017-06,R30,PADD 3,Z00,,5853.0,195.0
2017-06,R50,PADD 5,NCA,Canada,704.0,23.0
2017-06,R50,PADD 5,NCH,China,0.0,0.0
2017-06,R50,PADD 5,NIN,India,0.0,0.0
2017-06,R50,PADD 5,NMX,Mexico,167.0,6.0
2017-06,R50,PADD 5,Z00,,872.0,29.0
2017-07,NUS,U.S.,NAC,Antigua and Barbuda,36.0,1.0
2017-07,NUS,U.S.,NBF,Bahama Islands,45.0,1.0
2017-07,NUS,U.S.,NBR,Brazil,311.0,10.0
2017-07,NUS,U.S.,NCA,Canada,1268.0,41.0
2017-07,NUS,U.S.,NCI,Chile,159.0,5.0
2017-07,NUS,U.S.,NCJ,Cayman Islands,254.0,8.0
2017-07,NUS,U.S.,NCO,Colombia,27.0,1.0
2017-07,NUS,U.S.,NDR,Dominican Republic,301.0,10.0
2017-07,NUS,U.S.,NEC,Ecuador,1.0,0.0
2017-07,NUS,U.S.,NES,El Salvador,88.0,3.0
2017-07,NUS,U.S.,NGT,Guatemala,50.0,2.0
2017-07,NUS,U.S.,NHO,Honduras,68.0,2.0
2017-07,NUS,U.S.,NIS,Israel,333.0,11.0
2017-07,NUS,U.S.,NJM,Jamaica,236.0,8.0
2017-07,NUS,U.S.,NMX,Mexico,1521.0,49.0
2017-07,NUS,U.S.,NNL,Netherlands,871.0,28.0
2017-07,NUS,U.S.,NPE,Peru,312.0,10.0
2017-07,NUS,U.S.,NPM,Panama,532.0,17.0
2017-07,NUS,U.S.,NSF,South Africa,304.0,10.0
2017-07,NUS,U.S.,NTK,Turks and Caicos Islands,6.0,0.0
2017-07,NUS,U.S.,NTO,Togo,296.0,10.0
2017-07,NUS,U.S.,NUY,Uruguay,89.0,3.0
2017-07,NUS,U.S.,NWA,Namibia,25.0,1.0
2017-07,NUS,U.S.,Z00,,6821.0,220.0
2017-07,R10,PADD 1,NBF,Bahama Islands,3.0,0.0
2017-07,R10,PADD 1,NCA,Canada,177.0,6.0
2017-07,R10,PADD 1,NGT,Guatemala,0.0,0.0
2017-07,R10,PADD 1,NJM,Jamaica,0.0,0.0
2017-07,R10,PADD 1,NTK,Turks and Caicos Islands,6.0,0.0
2017-07,R10,PADD 1,Z00,,186.0,6.0
2017-07,R20,PADD 2,NCA,Canada,37.0,1.0
2017-07,R20,PADD 2,Z00,,37.0,1.0
2017-07,R30,PADD 3,NAC,Antigua and Barbuda,36.0,1.0
2017-07,R30,PADD 3,NBF,Bahama Islands,42.0,1.0
2017-07,R30,PADD 3,NBR,Brazil,311.0,10.0
2017-07,R30,PADD 3,NCI,Chile,159.0,5.0
2017-07,R30,PADD 3,NCJ,Cayman Islands,254.0,8.0
2017-07,R30,PADD 3,NCO,Colombia,27.0,1.0
2017-07,R30,PADD 3,NDR,Dominican Republic,301.0,10.0
2017-07,R30,PADD 3,NEC,Ecuador,1.0,0.0
2017-07,R30,PADD 3,NES,El Salvador,45.0,1.0
2017-07,R30,PADD 3,NGT,Guatemala,49.0,2.0
2017-07,R30,PADD 3,NHO,Honduras,68.0,2.0
2017-07,R30,PADD 3,NIS,Israel,333.0,11.0
2017-07,R30,PADD 3,NJM,Jamaica,236.0,8.0
2017-07,R30,PADD 3,NMX,Mexico,1176.0,38.0
2017-07,R30,PADD 3,NNL,Netherlands,871.0,28.0
2017-07,R30,PADD 3,NPE,Peru,312.0,10.0
2017-07,R30,PADD 3,NPM,Panama,532.0,17.0
2017-07,R30,PADD 3,NSF,South Africa,304.0,10.0
2017-07,R30,PADD 3,NTO,Togo,296.0,10.0
2017-07,R30,PADD 3,NUY,Uruguay,89.0,3.0
2017-07,R30,PADD 3,NWA,Namibia,25.0,1.0
2017-07,R30,PADD 3,Z00,,5156.0,166.0
2017-07,R50,PADD 5,NCA,Canada,1055.0,34.0
2017-07,R50,PADD 5,NES,El Salvador,43.0,1.0
2017-07,R50,PADD 5,NMX,Mexico,345.0,11.0
2017-07,R50,PADD 5,Z00,,1443.0,47.0
2017-08,NUS,U.S.,NAA,Aruba,70.0,2.0
2017-08,NUS,U.S.,NAC,Antigua and Barbuda,41.0,1.0
2017-08,NUS,U.S.,NAR,Argentina,34.0,1.0
2017-08,NUS,U.S.,NBF,Bahama Islands,28.0,1.0
2017-08,NUS,U.S.,NCA,Canada,1537.0,50.0
2017-08,NUS,U.S.,NCI,Chile,0.0,0.0
2017-08,NUS,U.S.,NCJ,Cayman Islands,10.0,0.0
2017-08,NUS,U.S.,NCO,Colombia,266.0,9.0
2017-08,NUS,U.S.,NCS,Costa Rica,170.0,5.0
2017-08,NUS,U.S.,NDR,Dominican Republic,0.0,0.0
2017-08,NUS,U.S.,NES,El Salvador,33.0,1.0
2017-08,NUS,U.S.,NGT,Guatemala,96.0,3.0
2017-08,NUS,U.S.,NHO,Honduras,36.0,1.0
2017-08,NUS,U.S.,NIN,India,0.0,0.0
2017-08,NUS,U.S.,NIS,Israel,120.0,4.0
2017-08,NUS,U.S.,NIZ,Iraq,0.0,0.0
2017-08,NUS,U.S.,NJM,Jamaica,51.0,2.0
2017-08,NUS,U.S.,NKU,Kuwait,0.0,0.0
2017-08,NUS,U.S.,NMX,Mexico,1425.0,46.0
2017-08,NUS,U.S.,NNI,Nigeria,0.0,0.0
2017-08,NUS,U.S.,NNL,Netherlands,200.0,6.0
2017-08,NUS,U.S.,NPE,Peru,570.0,18.0
2017-08,NUS,U.S.,NPM,Panama,872.0,28.0
2017-08,NUS,U.S.,NPZ,Puerto Rico,0.0,0.0
2017-08,NUS,U.S.,NSP,Spain,0.0,0.0
2017-08,NUS,U.S.,NTD,Trinidad and Tobago,0.0,0.0
2017-08,NUS,U.S.,NTK,Turks and Caicos Islands,11.0,0.0
2017-08,NUS,U.S.,NTO,Togo,300.0,10.0
2017-08,NUS,U.S.,NUC,Curacao,110.0,4.0
2017-08,NUS,U.S.,NVM,Vietnam,1.0,0.0
2017-08,NUS,U.S.,NVQ,Virgin Islands,150.0,5.0
2017-08,NUS,U.S.,Z00,,6133.0,198.0
2017-08,R10,PADD 1,NBF,Bahama Islands,4.0,0.0
2017-08,R10,PADD 1,NCA,Canada,227.0,7.0
2017-08,R10,PADD 1,NCI,Chile,0.0,0.0
2017-08,R10,PADD 1,NDR,Dominican Republic,0.0,0.0
2017-08,R10,PADD 1,NPZ,Puerto Rico,0.0,0.0
2017-08,R10,PADD 1,NSP,Spain,0.0,0.0
2017-08,R10,PADD 1,NTD,Trinidad and Tobago,0.0,0.0
2017-08,R10,PADD 1,NTK,Turks and Caicos Islands,11.0,0.0
2017-08,R10,PADD 1,Z00,,242.0,8.0
2017-08,R20,PADD 2,NCA,Canada,249.0,8.0
2017-08,R20,PADD 2,NKU,Kuwait,0.0,0.0
2017-08,R20,PADD 2,Z00,,249.0,8.0
2017-08,R30,PADD 3,NAA,Aruba,70.0,2.0
2017-08,R30,PADD 3,NAC,Antigua and Barbuda,41.0,1.0
2017-08,R30,PADD 3,NAR,Argentina,34.0,1.0
2017-08,R30,PADD 3,NBF,Bahama Islands,24.0,1.0
2017-08,R30,PADD 3,NCA,Canada,87.0,3.0
2017-08,R30,PADD 3,NCJ,Cayman Islands,10.0,0.0
2017-08,R30,PADD 3,NCO,Colombia,266.0,9.0
2017-08,R30,PADD 3,NCS,Costa Rica,170.0,5.0
2017-08,R30,PADD 3,NES,El Salvador,33.0,1.0
2017-08,R30,PADD 3,NGT,Guatemala,95.0,3.0
2017-08,R30,PADD 3,NHO,Honduras,36.0,1.0
2017-08,R30,PADD 3,NIS,Israel,120.0,4.0
2017-08,R30,PADD 3,NJM,Jamaica,51.0,2.0
2017-08,R30,PADD 3,NMX,Mexico,1104.0,36.0
2017-08,R30,PADD 3,NNI,Nigeria,0.0,0.0
2017-08,R30,PADD 3,NNL,Netherlands,200.0,6.0
2017-08,R30,PADD 3,NPE,Peru,570.0,18.0
2017-08,R30,PADD 3,NPM,Panama,872.0,28.0
2017-08,R30,PADD 3,NTO,Togo,300.0,10.0
2017-08,R30,PADD 3,NUC,Curacao,110.0,4.0
2017-08,R30,PADD 3,NVQ,Virgin Islands,150.0,5.0
2017-08,R30,PADD 3,Z00,,4344.0,140.0
2017-08,R50,PADD 5,NCA,Canada,975.0,31.0
2017-08,R50,PADD 5,NGT,Guatemala,0.0,0.0
2017-08,R50,PADD 5,NIN,India,0.0,0.0
2017-08,R50,PADD 5,NIZ,Iraq,0.0,0.0
2017-08,R50,PADD 5,NMX,Mexico,321.0,10.0
2017-08,R50,PADD 5,NVM,Vietnam,1.0,0.0
2017-08,R50,PADD 5,Z00,,1298.0,42.0
2017-09,NUS,U.S.,NAA,Aruba,64.0,2.0
2017-09,NUS,U.S.,NAC,Antigua and Barbuda,95.0,3.0
2017-09,NUS,U.S.,NBD,Bermuda,30.0,1.0
2017-09,NUS,U.S.,NBF,Bahama Islands,19.0,1.0
2017-09,NUS,U.S.,NCA,Canada,844.0,28.0
2017-09,NUS,U.S.,NCH,China,0.0,0.0
2017-09,NUS,U.S.,NCJ,Cayman Islands,6.0,0.0
2017-09,NUS,U.S.,NCO,Colombia,0.0,0.0
2017-09,NUS,U.S.,NCS,Costa Rica,84.0,3.0
2017-09,NUS,U.S.,NDR,Dominican Republic,99.0,3.0
2017-09,NUS,U.S.,NES,El Salvador,10.0,0.0
2017-09,NUS,U.S.,NGT,Guatemala,41.0,1.0
2017-09,NUS,U.S.,NHO,Honduras,42.0,1.0
2017-09,NUS,U.S.,NJA,Japan,0.0,0.0
2017-09,NUS,U.S.,NJM,Jamaica,50.0,2.0
2017-09,NUS,U.S.,NMX,Mexico,1651.0,55.0
2017-09,NUS,U.S.,NPE,Peru,252.0,8.0
2017-09,NUS,U.S.,NPM,Panama,567.0,19.0
2017-09,NUS,U.S.,NPZ,Puerto Rico,0.0,0.0
2017-09,NUS,U.S.,NSN,Singapore,1.0,0.0
2017-09,NUS,U.S.,NTC,United Arab Emirates,0.0,0.0
2017-09,NUS,U.S.,NTD,Trinidad and Tobago,0.0,0.0
2017-09,NUS,U.S.,NTK,Turks and Caicos Islands,6.0,0.0
2017-09,NUS,U.S.,Z00,,3862.0,129.0
2017-09,R10,PADD 1,NBF,Bahama Islands,4.0,0.0
2017-09,R10,PADD 1,NCA,Canada,2.0,0.0
2017-09,R10,PADD 1,NCO,Colombia,0.0,0.0
2017-09,R10,PADD 1,NDR,Dominican Republic,0.0,0.0
2017-09,R10,PADD 1,NPM,Panama,0.0,0.0
2017-09,R10,PADD 1,NPZ,Puerto Rico,0.0,0.0
2017-09,R10,PADD 1,NTC,United Arab Emirates,0.0,0.0
2017-09,R10,PADD 1,NTD,Trinidad and Tobago,0.0,0.0
2017-09,R10,PADD 1,NTK,Turks and Caicos Islands,6.0,0.0
2017-09,R10,PADD 1,Z00,,13.0,0.0
2017-09,R20,PADD 2,NCA,Canada,185.0,6.0
2017-09,R20,PADD 2,NSN,Singapore,1.0,0.0
2017-09,R20,PADD 2,Z00,,186.0,6.0
2017-09,R30,PADD 3,NAA,Aruba,64.0,2.0
2017-09,R30,PADD 3,NAC,Antigua and Barbuda,95.0,3.0
2017-09,R30,PADD 3,NBD,Bermuda,30.0,1.0
2017-09,R30,PADD 3,NBF,Bahama Islands,15.0,1.0
2017-09,R30,PADD 3,NCJ,Cayman Islands,6.0,0.0
2017-09,R30,PADD 3,NCS,Costa Rica,84.0,3.0
2017-09,R30,PADD 3,NDR,Dominican Republic,99.0,3.0
2017-09,R30,PADD 3,NES,El Salvador,10.0,0.0
2017-09,R30,PADD 3,NGT,Guatemala,41.0,1.0
2017-09,R30,PADD 3,NHO,Honduras,42.0,1.0
2017-09,R30,PADD 3,NJM,Jamaica,50.0,2.0
2017-09,R30,PADD 3,NMX,Mexico,1281.0,43.0
2017-09,R30,PADD 3,NPE,Peru,252.0,8.0
2017-09,R30,PADD 3,NPM,Panama,566.0,19.0
2017-09,R30,PADD 3,Z00,,2635.0,88.0
2017-09,R50,PADD 5,NCA,Canada,657.0,22.0
2017-09,R50,PADD 5,NCH,China,0.0,0.0
2017-09,R50,PADD 5,NJA,Japan,0.0,0.0
2017-09,R50,PADD 5,NMX,Mexico,370.0,12.0
2017-09,R50,PADD 5,Z00,,1027.0,34.0
2017-10,NUS,U.S.,NAA,Aruba,74.0,2.0
2017-10,NUS,U.S.,NAC,Antigua and Barbuda,22.0,1.0
2017-10,NUS,U.S.,NBF,Bahama Islands,60.0,2.0
2017-10,NUS,U.S.,NBH,Belize,10.0,0.0
2017-10,NUS,U.S.,NBR,Brazil,4.0,0.0
2017-10,NUS,U.S.,NCA,Canada,664.0,21.0
2017-10,NUS,U.S.,NCH,China,0.0,0.0
2017-10,NUS,U.S.,NCJ,Cayman Islands,7.0,0.0
2017-10,NUS,U.S.,NCS,Costa Rica,90.0,3.0
2017-10,NUS,U.S.,NDA,Denmark,143.0,5.0
2017-10,NUS,U.S.,NDR,Dominican Republic,140.0,5.0
2017-10,NUS,U.S.,NEC,Ecuador,9.0,0.0
2017-10,NUS,U.S.,NES,El Salvador,20.0,1.0
2017-10,NUS,U.S.,NGT,Guatemala,105.0,3.0
2017-10,NUS,U.S.,NHO,Honduras,62.0,2.0
2017-10,NUS,U.S.,NIC,Iceland,456.0,15.0
2017-10,NUS,U.S.,NIS,Israel,333.0,11.0
2017-10,NUS,U.S.,NJM,Jamaica,50.0,2.0
2017-10,NUS,U.S.,NKU,Kuwait,1.0,0.0
2017-10,NUS,U.S.,NMX,Mexico,1054.0,34.0
2017-10,NUS,U.S.,NNL,Netherlands,260.0,8.0
2017-10,NUS,U.S.,NPM,Panama,566.0,18.0
2017-10,NUS,U.S.,NPZ,Puerto Rico,0.0,0.0
2017-10,NUS,U.S.,NST,Saint Lucia,4.0,0.0
2017-10,NUS,U.S.,NTD,Trinidad and Tobago,0.0,0.0
2017-10,NUS,U.S.,NTK,Turks and Caicos Islands,2.0,0.0
2017-10,NUS,U.S.,NTO,Togo,304.0,10.0
2017-10,NUS,U.S.,NUK,United Kingdom,420.0,14.0
2017-10,NUS,U.S.,Z00,,4600.0,148.0
2017-10,R10,PADD 1,NBF,Bahama Islands,1.0,0.0
2017-10,R10,PADD 1,NCA,Canada,2.0,0.0
2017-10,R10,PADD 1,NCS,Costa Rica,0.0,0.0
2017-10,R10,PADD 1,NKU,Kuwait,1.0,0.0
2017-10,R10,PADD 1,NPZ,Puerto Rico,0.0,0.0
2017-10,R10,PADD 1,NTD,Trinidad and Tobago,0.0,0.0
2017-10,R10,PADD 1,NTK,Turks and Caicos Islands,2.0,0.0
2017-10,R10,PADD 1,Z00,,6.0,0.0
2017-10,R20,PADD 2,NCA,Canada,40.0,1.0
2017-10,R20,PADD 2,Z00,,40.0,1.0
2017-10,R30,PADD 3,NAA,Aruba,74.0,2.0
2017-10,R30,PADD 3,NAC,Antigua and Barbuda,22.0,1.0
2017-10,R30,PADD 3,NBF,Bahama Islands,59.0,2.0
2017-10,R30,PADD 3,NBH,Belize,10.0,0.0
2017-10,R30,PADD 3,NBR,Brazil,4.0,0.0
2017-10,R30,PADD 3,NCA,Canada,260.0,8.0
2017-10,R30,PADD 3,NCH,China,0.0,0.0
2017-10,R30,PADD 3,NCJ,Cayman Islands,7.0,0.0
2017-10,R30,PADD 3,NCS,Costa Rica,90.0,3.0
2017-10,R30,PADD 3,NDA,Denmark,143.0,5.0
2017-10,R30,PADD 3,NDR,Dominican Republic,140.0,5.0
2017-10,R30,PADD 3,NEC,Ecuador,9.0,0.0
2017-10,R30,PADD 3,NES,El Salvador,20.0,1.0
2017-10,R30,PADD 3,NGT,Guatemala,105.0,3.0
2017-10,R30,PADD 3,NHO,Honduras,62.0,2.0
2017-10,R30,PADD 3,NIC,Iceland,456.0,15.0
2017-10,R30,PADD 3,NIS,Israel,333.0,11.0
2017-10,R30,PADD 3,NJM,Jamaica,50.0,2.0
2017-10,R30,PADD 3,NMX,Mexico,953.0,31.0
2017-10,R30,PADD 3,NNL,Netherlands,260.0,8.0
2017-10,R30,PADD 3,NPM,Panama,566.0,18.0
2017-10,R30,PADD 3,NST,Saint Lucia,4.0,0.0
2017-10,R30,PADD 3,NTO,Togo,304.0,10.0
2017-10,R30,PADD 3,NUK,United Kingdom,420.0,14.0
2017-10,R30,PADD 3,Z00,,4090.0,132.0
2017-10,R50,PADD 5,NCA,Canada,362.0,12.0
2017-10,R50,PADD 5,NMX,Mexico,101.0,3.0
2017-10,R50,PADD 5,Z00,,463.0,15.0
2017-11,NUS,U.S.,NAC,Antigua and Barbuda,35.0,1.0
2017-11,NUS,U.S.,NBD,Bermuda,45.0,2.0
2017-11,NUS,U.S.,NBF,Bahama Islands,19.0,1.0
2017-11,NUS,U.S.,NBH,Belize,15.0,1.0
2017-11,NUS,U.S.,NBR,Brazil,14.0,0.0
2017-11,NUS,U.S.,NCA,Canada,1116.0,37.0
2017-11,NUS,U.S.,NCI,Chile,1090.0,36.0
2017-11,NUS,U.S.,NCJ,Cayman Islands,8.0,0.0
2017-11,NUS,U.S.,NCS,Costa Rica,185.0,6.0
2017-11,NUS,U.S.,NDO,Dominica,4.0,0.0
2017-11,NUS,U.S.,NDR,Dominican Republic,293.0,10.0
2017-11,NUS,U.S.,NES,El Salvador,81.0,3.0
2017-11,NUS,U.S.,NGT,Guatemala,16.0,1.0
2017-11,NUS,U.S.,NHA,Haiti,35.0,1.0
2017-11,NUS,U.S.,NHK,Hong Kong,0.0,0.0
2017-11,NUS,U.S.,NHO,Honduras,32.0,1.0
2017-11,NUS,U.S.,NID,Indonesia,0.0,0.0
2017-11,NUS,U.S.,NIS,Israel,102.0,3.0
2017-11,NUS,U.S.,NJM,Jamaica,52.0,2.0
2017-11,NUS,U.S.,NMX,Mexico,1853.0,62.0
2017-11,NUS,U.S.,NMY,Malaysia,0.0,0.0
2017-11,NUS,U.S.,NNU,Nicaragua,35.0,1.0
2017-11,NUS,U.S.,NPE,Peru,283.0,9.0
2017-11,NUS,U.S.,NPM,Panama,523.0,17.0
2017-11,NUS,U.S.,NPZ,Puerto Rico,175.0,6.0
2017-11,NUS,U.S.,NTD,Trinidad and Tobago,1.0,0.0
2017-11,NUS,U.S.,NTK,Turks and Caicos Islands,6.0,0.0
2017-11,NUS,U.S.,NVE,Venezuela,22.0,1.0
2017-11,NUS,U.S.,Z00,,6041.0,201.0
2017-11,R10,PADD 1,NBF,Bahama Islands,3.0,0.0
2017-11,R10,PADD 1,NCA,Canada,1.0,0.0
2017-11,R10,PADD 1,NID,Indonesia,0.0,0.0
2017-11,R10,PADD 1,NJM,Jamaica,0.0,0.0
2017-11,R10,PADD 1,NPZ,Puerto Rico,0.0,0.0
2017-11,R10,PADD 1,NTD,Trinidad and Tobago,1.0,0.0
2017-11,R10,PADD 1,NTK,Turks and Caicos Islands,6.0,0.0
2017-11,R10,PADD 1,Z00,,12.0,0.0
2017-11,R20,PADD 2,NCA,Canada,477.0,16.0
2017-11,R20,PADD 2,Z00,,477.0,16.0
2017-11,R30,PADD 3,NAC,Antigua and Barbuda,35.0,1.0
2017-11,R30,PADD 3,NBD,Bermuda,45.0,2.0
2017-11,R30,PADD 3,NBF,Bahama Islands,16.0,1.0
2017-11,R30,PADD 3,NBH,Belize,15.0,1.0
2017-11,R30,PADD 3,NBR,Brazil,14.0,0.0
2017-11,R30,PADD 3,NCA,Canada,277.0,9.0
2017-11,R30,PADD 3,NCI,Chile,1090.0,36.0
2017-11,R30,PADD 3,NCJ,Cayman Islands,8.0,0.0
2017-11,R30,PADD 3,NCS,Costa Rica,185.0,6.0
2017-11,R30,PADD 3,NDO,Dominica,4.0,0.0
2017-11,R30,PADD 3,NDR,Dominican Republic,293.0,10.0
2017-11,R30,PADD 3,NES,El Salvador,81.0,3.0
2017-11,R30,PADD 3,NGT,Guatemala,16.0,1.0
2017-11,R30,PADD 3,NHA,Haiti,35.0,1.0
2017-11,R30,PADD 3,NHO,Honduras,32.0,1.0
2017-11,R30,PADD 3,NIS,Israel,102.0,3.0
2017-11,R30,PADD 3,NJM,Jamaica,52.0,2.0
2017-11,R30,PADD 3,NMX,Mexico,1552.0,52.0
2017-11,R30,PADD 3,NNU,Nicaragua,35.0,1.0
2017-11,R30,PADD 3,NPE,Peru,283.0,9.0
2017-11,R30,PADD 3,NPM,Panama,523.0,17.0
2017-11,R30,PADD 3,NPZ,Puerto Rico,175.0,6.0
2017-11,R30,PADD 3,NVE,Venezuela,22.0,1.0
2017-11,R30,PADD 3,Z00,,4890.0,163.0
2017-11,R50,PADD 5,NCA,Canada,362.0,12.0
2017-11,R50,PADD 5,NHK,Hong Kong,0.0,0.0
2017-11,R50,PADD 5,NMX,Mexico,301.0,10.0
2017-11,R50,PADD 5,NMY,Malaysia,0.0,0.0
2017-11,R50,PADD 5,Z00,,663.0,22.0
2017-12,NUS,U.S.,NAA,Aruba,59.0,2.0
2017-12,NUS,U.S.,NAC,Antigua and Barbuda,44.0,1.0
2017-12,NUS,U.S.,NAR,Argentina,95.0,3.0
2017-12,NUS,U.S.,NBF,Bahama Islands,37.0,1.0
2017-12,NUS,U.S.,NBR,Brazil,1.0,0.0
2017-12,NUS,U.S.,NCA,Canada,1595.0,51.0
2017-12,NUS,U.S.,NCH,China,3.0,0.0
2017-12,NUS,U.S.,NCI,Chile,405.0,13.0
2017-12,NUS,U.S.,NCJ,Cayman Islands,7.0,0.0
2017-12,NUS,U.S.,NCS,Costa Rica,199.0,6.0
2017-12,NUS,U.S.,NDR,Dominican Republic,133.0,4.0
2017-12,NUS,U.S.,NEC,Ecuador,0.0,0.0
2017-12,NUS,U.S.,NGT,Guatemala,105.0,3.0
2017-12,NUS,U.S.,NIC,Iceland,300.0,10.0
2017-12,NUS,U.S.,NJA,Japan,0.0,0.0
2017-12,NUS,U.S.,NJM,Jamaica,210.0,7.0
2017-12,NUS,U.S.,NKS,Korea,0.0,0.0
2017-12,NUS,U.S.,NMX,Mexico,981.0,32.0
2017-12,NUS,U.S.,NNI,Nigeria,313.0,10.0
2017-12,NUS,U.S.,NPM,Panama,507.0,16.0
2017-12,NUS,U.S.,NPZ,Puerto Rico,0.0,0.0
2017-12,NUS,U.S.,NTC,United Arab Emirates,219.0,7.0
2017-12,NUS,U.S.,NTK,Turks and Caicos Islands,12.0,0.0
2017-12,NUS,U.S.,NTO,Togo,320.0,10.0
2017-12,NUS,U.S.,NUY,Uruguay,1.0,0.0
2017-12,NUS,U.S.,NVQ,Virgin Islands,270.0,9.0
2017-12,NUS,U.S.,Z00,,5412.0,175.0
2017-12,R10,PADD 1,NAA,Aruba,0.0,0.0
2017-12,R10,PADD 1,NBF,Bahama Islands,3.0,0.0
2017-12,R10,PADD 1,NBR,Brazil,1.0,0.0
2017-12,R10,PADD 1,NCS,Costa Rica,0.0,0.0
2017-12,R10,PADD 1,NEC,Ecuador,0.0,0.0
2017-12,R10,PADD 1,NPZ,Puerto Rico,0.0,0.0
2017-12,R10,PADD 1,NTK,Turks and Caicos Islands,12.0,0.0
2017-12,R10,PADD 1,NUY,Uruguay,1.0,0.0
2017-12,R10,PADD 1,Z00,,17.0,1.0
2017-12,R20,PADD 2,NCA,Canada,40.0,1.0
2017-12,R20,PADD 2,Z00,,40.0,1.0
2017-12,R30,PADD 3,NAA,Aruba,59.0,2.0
2017-12,R30,PADD 3,NAC,Antigua and Barbuda,44.0,1.0
2017-12,R30,PADD 3,NAR,Argentina,95.0,3.0
2017-12,R30,PADD 3,NBF,Bahama Islands,34.0,1.0
2017-12,R30,PADD 3,NCA,Canada,1121.0,36.0
2017-12,R30,PADD 3,NCI,Chile,405.0,13.0
2017-12,R30,PADD 3,NCJ,Cayman Islands,7.0,0.0
2017-12,R30,PADD 3,NCS,Costa Rica,198.0,6.0
2017-12,R30,PADD 3,NDR,Dominican Republic,133.0,4.0
2017-12,R30,PADD 3,NGT,Guatemala,105.0,3.0
2017-12,R30,PADD 3,NIC,Iceland,300.0,10.0
2017-12,R30,PADD 3,NJM,Jamaica,210.0,7.0
2017-12,R30,PADD 3,NMX,Mexico,722.0,23.0
2017-12,R30,PADD 3,NNI,Nigeria,313.0,10.0
2017-12,R30,PADD 3,NPM,Panama,507.0,16.0
2017-12,R30,PADD 3,NPZ,Puerto Rico,0.0,0.0
2017-12,R30,PADD 3,NTO,Togo,320.0,10.0
2017-12,R30,PADD 3,NVQ,Virgin Islands,270.0,9.0
2017-12,R30,PADD 3,Z00,,4439.0,143.0
2017-12,R50,PADD 5,NCA,Canada,434.0,14.0
2017-12,R50,PADD 5,NCH,China,3.0,0.0
2017-12,R50,PADD 5,NJA,Japan,0.0,0.0
2017-12,R50,PADD 5,NKS,Korea,0.0,0.0
2017-12,R50,PADD 5,NMX,Mexico,259.0,8.0
2017-12,R50,PADD 5,NTC,United Arab Emirates,219.0,7.0
2017-12,R50,PADD 5,Z00,,916.0,30.0
2018-01,NUS,U.S.,NAA,Aruba,124.0,4.0
2018-01,NUS,U.S.,NAC,Antigua and Barbuda,91.0,3.0
2018-01,NUS,U.S.,NBF,Bahama Islands,76.0,2.0
2018-01,NUS,U.S.,NBH,Belize,19.0,1.0
2018-01,NUS,U.S.,NBR,Brazil,25.0,1.0
2018-01,NUS,U.S.,NCA,Canada,1637.0,53.0
2018-01,NUS,U.S.,NCI,Chile,451.0,15.0
2018-01,NUS,U.S.,NCJ,Cayman Islands,21.0,1.0
2018-01,NUS,U.S.,NCS,Costa Rica,179.0,6.0
2018-01,NUS,U.S.,NDR,Dominican Republic,217.0,7.0
2018-01,NUS,U.S.,NES,El Salvador,20.0,1.0
2018-01,NUS,U.S.,NGT,Guatemala,109.0,4.0
2018-01,NUS,U.S.,NHK,Hong Kong,0.0,0.0
2018-01,NUS,U.S.,NHO,Honduras,50.0,2.0
2018-01,NUS,U.S.,NIS,Israel,333.0,11.0
2018-01,NUS,U.S.,NJM,Jamaica,120.0,4.0
2018-01,NUS,U.S.,NKS,Korea,0.0,0.0
2018-01,NUS,U.S.,NLE,Lebanon,0.0,0.0
2018-01,NUS,U.S.,NMX,Mexico,1732.0,56.0
2018-01,NUS,U.S.,NPE,Peru,294.0,9.0
2018-01,NUS,U.S.,NPM,Panama,562.0,18.0
2018-01,NUS,U.S.,NTK,Turks and Caicos Islands,13.0,0.0
2018-01,NUS,U.S.,NVE,Venezuela,27.0,1.0
2018-01,NUS,U.S.,NVQ,Virgin Islands,0.0,0.0
2018-01,NUS,U.S.,Z00,,6100.0,197.0
2018-01,R10,PADD 1,NBF,Bahama Islands,5.0,0.0
2018-01,R10,PADD 1,NCA,Canada,302.0,10.0
2018-01,R10,PADD 1,NCS,Costa Rica,0.0,0.0
2018-01,R10,PADD 1,NTK,Turks and Caicos Islands,13.0,0.0
2018-01,R10,PADD 1,NVQ,Virgin Islands,0.0,0.0
2018-01,R10,PADD 1,Z00,,320.0,10.0
2018-01,R20,PADD 2,NCA,Canada,45.0,1.0
2018-01,R20,PADD 2,Z00,,45.0,1.0
2018-01,R30,PADD 3,NAA,Aruba,124.0,4.0
2018-01,R30,PADD 3,NAC,Antigua and Barbuda,91.0,3.0
2018-01,R30,PADD 3,NBF,Bahama Islands,72.0,2.0
2018-01,R30,PADD 3,NBH,Belize,19.0,1.0
2018-01,R30,PADD 3,NBR,Brazil,25.0,1.0
2018-01,R30,PADD 3,NCA,Canada,799.0,26.0
2018-01,R30,PADD 3,NCI,Chile,451.0,15.0
2018-01,R30,PADD 3,NCJ,Cayman Islands,21.0,1.0
2018-01,R30,PADD 3,NCS,Costa Rica,178.0,6.0
2018-01,R30,PADD 3,NDR,Dominican Republic,217.0,7.0
2018-01,R30,PADD 3,NES,El Salvador,20.0,1.0
2018-01,R30,PADD 3,NGT,Guatemala,109.0,4.0
2018-01,R30,PADD 3,NHO,Honduras,50.0,2.0
2018-01,R30,PADD 3,NIS,Israel,333.0,11.0
2018-01,R30,PADD 3,NJM,Jamaica,120.0,4.0
2018-01,R30,PADD 3,NLE,Lebanon,0.0,0.0
2018-01,R30,PADD 3,NMX,Mexico,1419.0,46.0
2018-01,R30,PADD 3,NPE,Peru,294.0,9.0
2018-01,R30,PADD 3,NPM,Panama,562.0,18.0
2018-01,R30,PADD 3,NVE,Venezuela,27.0,1.0
2018-01,R30,PADD 3,Z00,,4931.0,159.0
2018-01,R50,PADD 5,NCA,Canada,491.0,16.0
2018-01,R50,PADD 5,NHK,Hong Kong,0.0,0.0
2018-01,R50,PADD 5,NKS,Korea,0.0,0.0
2018-01,R50,PADD 5,NMX,Mexico,313.0,10.0
2018-01,R50,PADD 5,Z00,,805.0,26.0
2018-02,NUS,U.S.,NAA,Aruba,82.0,3.0
2018-02,NUS,U.S.,NAC,Antigua and Barbuda,30.0,1.0
2018-02,NUS,U.S.,NAR,Argentina,113.0,4.0
2018-02,NUS,U.S.,NBF,Bahama Islands,58.0,2.0
2018-02,NUS,U.S.,NBH,Belize,7.0,0.0
2018-02,NUS,U.S.,NCA,Canada,1357.0,48.0
2018-02,NUS,U.S.,NCH,China,0.0,0.0
2018-02,NUS,U.S.,NCI,Chile,472.0,17.0
2018-02,NUS,U.S.,NCJ,Cayman Islands,12.0,0.0
2018-02,NUS,U.S.,NCS,Costa Rica,110.0,4.0
2018-02,NUS,U.S.,NDR,Dominican Republic,141.0,5.0
2018-02,NUS,U.S.,NGT,Guatemala,89.0,3.0
2018-02,NUS,U.S.,NHO,Honduras,51.0,2.0
2018-02,NUS,U.S.,NIS,Israel,333.0,12.0
2018-02,NUS,U.S.,NJM,Jamaica,60.0,2.0
2018-02,NUS,U.S.,NKS,Korea,0.0,0.0
2018-02,NUS,U.S.,NLH,Lithuania,2.0,0.0
2018-02,NUS,U.S.,NMX,Mexico,1079.0,39.0
2018-02,NUS,U.S.,NNL,Netherlands,0.0,0.0
2018-02,NUS,U.S.,NPM,Panama,321.0,11.0
2018-02,NUS,U.S.,NPZ,Puerto Rico,0.0,0.0
2018-02,NUS,U.S.,NTD,Trinidad and Tobago,2.0,0.0
2018-02,NUS,U.S.,NTK,Turks and Caicos Islands,10.0,0.0
2018-02,NUS,U.S.,NUK,United Kingdom,609.0,22.0
2018-02,NUS,U.S.,NVE,Venezuela,0.0,0.0
2018-02,NUS,U.S.,NVI,British Virgin Islands,0.0,0.0
2018-02,NUS,U.S.,NVM,Vietnam,1.0,0.0
2018-02,NUS,U.S.,Z00,,4939.0,176.0
2018-02,R10,PADD 1,NBF,Bahama Islands,5.0,0.0
2018-02,R10,PADD 1,NCS,Costa Rica,0.0,0.0
2018-02,R10,PADD 1,NDR,Dominican Republic,0.0,0.0
2018-02,R10,PADD 1,NLH,Lithuania,2.0,0.0
2018-02,R10,PADD 1,NNL,Netherlands,0.0,0.0
2018-02,R10,PADD 1,NPM,Panama,0.0,0.0
2018-02,R10,PADD 1,NPZ,Puerto Rico,0.0,0.0
2018-02,R10,PADD 1,NTD,Trinidad and Tobago,2.0,0.0
2018-02,R10,PADD 1,NTK,Turks and Caicos Islands,10.0,0.0
2018-02,R10,PADD 1,NVE,Venezuela,0.0,0.0
2018-02,R10,PADD 1,NVI,British Virgin Islands,0.0,0.0
2018-02,R10,PADD 1,NVM,Vietnam,1.0,0.0
2018-02,R10,PADD 1,Z00,,20.0,1.0
2018-02,R20,PADD 2,NCA,Canada,35.0,1.0
2018-02,R20,PADD 2,Z00,,35.0,1.0
2018-02,R30,PADD 3,NAA,Aruba,82.0,3.0
2018-02,R30,PADD 3,NAC,Antigua and Barbuda,30.0,1.0
2018-02,R30,PADD 3,NAR,Argentina,113.0,4.0
2018-02,R30,PADD 3,NBF,Bahama Islands,53.0,2.0
2018-02,R30,PADD 3,NBH,Belize,7.0,0.0
2018-02,R30,PADD 3,NCA,Canada,706.0,25.0
2018-02,R30,PADD 3,NCI,Chile,472.0,17.0
2018-02,R30,PADD 3,NCJ,Cayman Islands,12.0,0.0
2018-02,R30,PADD 3,NCS,Costa Rica,110.0,4.0
2018-02,R30,PADD 3,NDR,Dominican Republic,140.0,5.0
2018-02,R30,PADD 3,NGT,Guatemala,89.0,3.0
2018-02,R30,PADD 3,NHO,Honduras,51.0,2.0
2018-02,R30,PADD 3,NIS,Israel,333.0,12.0
2018-02,R30,PADD 3,NJM,Jamaica,60.0,2.0
2018-02,R30,PADD 3,NMX,Mexico,842.0,30.0
2018-02,R30,PADD 3,NPM,Panama,321.0,11.0
2018-02,R30,PADD 3,NUK,United Kingdom,609.0,22.0
2018-02,R30,PADD 3,Z00,,4031.0,144.0
2018-02,R50,PADD 5,NCA,Canada,617.0,22.0
2018-02,R50,PADD 5,NCH,China,0.0,0.0
2018-02,R50,PADD 5,NKS,Korea,0.0,0.0
2018-02,R50,PADD 5,NMX,Mexico,237.0,8.0
2018-02,R50,PADD 5,Z00,,854.0,31.0
2018-03,NUS,U.S.,NAA,Aruba,100.0,3.0
2018-03,NUS,U.S.,NAC,Antigua and Barbuda,60.0,2.0
2018-03,NUS,U.S.,NBF,Bahama Islands,29.0,1.0
2018-03,NUS,U.S.,NBR,Brazil,311.0,10.0
2018-03,NUS,U.S.,NCA,Canada,1155.0,37.0
2018-03,NUS,U.S.,NCI,Chile,313.0,10.0
2018-03,NUS,U.S.,NCJ,Cayman Islands,52.0,2.0
2018-03,NUS,U.S.,NCS,Costa Rica,220.0,7.0
2018-03,NUS,U.S.,NDR,Dominican Republic,255.0,8.0
2018-03,NUS,U.S.,NGT,Guatemala,37.0,1.0
2018-03,NUS,U.S.,NHA,Haiti,62.0,2.0
2018-03,NUS,U.S.,NHO,Honduras,41.0,1.0
2018-03,NUS,U.S.,NIS,Israel,0.0,0.0
2018-03,NUS,U.S.,NJA,Japan,0.0,0.0
2018-03,NUS,U.S.,NJM,Jamaica,70.0,2.0
2018-03,NUS,U.S.,NLE,Lebanon,0.0,0.0
2018-03,NUS,U.S.,NMX,Mexico,1566.0,51.0
2018-03,NUS,U.S.,NNI,Nigeria,302.0,10.0
2018-03,NUS,U.S.,NNL,Netherlands,886.0,29.0
2018-03,NUS,U.S.,NPE,Peru,7.0,0.0
2018-03,NUS,U.S.,NPM,Panama,668.0,22.0
2018-03,NUS,U.S.,NPZ,Puerto Rico,1.0,0.0
2018-03,NUS,U.S.,NTC,United Arab Emirates,0.0,0.0
2018-03,NUS,U.S.,NTD,Trinidad and Tobago,0.0,0.0
2018-03,NUS,U.S.,NTK,Turks and Caicos Islands,17.0,1.0
2018-03,NUS,U.S.,NTO,Togo,309.0,10.0
2018-03,NUS,U.S.,NTW,Taiwan,0.0,0.0
2018-03,NUS,U.S.,NUC,Curacao,6.0,0.0
2018-03,NUS,U.S.,NUK,United Kingdom,928.0,30.0
2018-03,NUS,U.S.,NVE,Venezuela,16.0,1.0
2018-03,NUS,U.S.,NVQ,Virgin Islands,258.0,8.0
2018-03,NUS,U.S.,Z00,,7670.0,247.0
2018-03,R10,PADD 1,NBF,Bahama Islands,4.0,0.0
2018-03,R10,PADD 1,NCS,Costa Rica,0.0,0.0
2018-03,R10,PADD 1,NIS,Israel,0.0,0.0
2018-03,R10,PADD 1,NPZ,Puerto Rico,1.0,0.0
2018-03,R10,PADD 1,NTC,United Arab Emirates,0.0,0.0
2018-03,R10,PADD 1,NTD,Trinidad and Tobago,0.0,0.0
2018-03,R10,PADD 1,NTK,Turks and Caicos Islands,17.0,1.0
2018-03,R10,PADD 1,NVE,Venezuela,2.0,0.0
2018-03,R10,PADD 1,Z00,,25.0,1.0
2018-03,R20,PADD 2,NCA,Canada,37.0,1.0
2018-03,R20,PADD 2,Z00,,37.0,1.0
2018-03,R30,PADD 3,NAA,Aruba,100.0,3.0
2018-03,R30,PADD 3,NAC,Antigua and Barbuda,60.0,2.0
2018-03,R30,PADD 3,NBF,Bahama Islands,25.0,1.0
2018-03,R30,PADD 3,NBR,Brazil,311.0,10.0
2018-03,R30,PADD 3,NCA,Canada,284.0,9.0
2018-03,R30,PADD 3,NCI,Chile,313.0,10.0
2018-03,R30,PADD 3,NCJ,Cayman Islands,52.0,2.0
2018-03,R30,PADD 3,NCS,Costa Rica,220.0,7.0
2018-03,R30,PADD 3,NDR,Dominican Republic,255.0,8.0
2018-03,R30,PADD 3,NGT,Guatemala,37.0,1.0
2018-03,R30,PADD 3,NHA,Haiti,62.0,2.0
2018-03,R30,PADD 3,NHO,Honduras,41.0,1.0
2018-03,R30,PADD 3,NJM,Jamaica,70.0,2.0
2018-03,R30,PADD 3,NLE,Lebanon,0.0,0.0
2018-03,R30,PADD 3,NMX,Mexico,1069.0,34.0
2018-03,R30,PADD 3,NNI,Nigeria,302.0,10.0
2018-03,R30,PADD 3,NNL,Netherlands,886.0,29.0
2018-03,R30,PADD 3,NPE,Peru,7.0,0.0
2018-03,R30,PADD 3,NPM,Panama,668.0,22.0
2018-03,R30,PADD 3,NTO,Togo,309.0,10.0
2018-03,R30,PADD 3,NUC,Curacao,6.0,0.0
2018-03,R30,PADD 3,NUK,United Kingdom,928.0,30.0
2018-03,R30,PADD 3,NVE,Venezuela,14.0,0.0
2018-03,R30,PADD 3,NVQ,Virgin Islands,258.0,8.0
2018-03,R30,PADD 3,Z00,,6278.0,203.0
2018-03,R50,PADD 5,NCA,Canada,833.0,27.0
2018-03,R50,PADD 5,NJA,Japan,0.0,0.0
2018-03,R50,PADD 5,NMX,Mexico,497.0,16.0
2018-03,R50,PADD 5,NTW,Taiwan,0.0,0.0
2018-03,R50,PADD 5,Z00,,1330.0,43.0
2018-04,NUS,U.S.,NAA,Aruba,90.0,3.0
2018-04,NUS,U.S.,NAC,Antigua and Barbuda,65.0,2.0
2018-04,NUS,U.S.,NAR,Argentina,124.0,4.0
2018-04,NUS,U.S.,NBF,Bahama Islands,97.0,3.0
2018-04,NUS,U.S.,NCA,Canada,1767.0,59.0
2018-04,NUS,U.S.,NCB,Cambodia,0.0,0.0
2018-04,NUS,U.S.,NCI,Chile,151.0,5.0
2018-04,NUS,U.S.,NCJ,Cayman Islands,45.0,2.0
2018-04,NUS,U.S.,NCS,Costa Rica,105.0,4.0
2018-04,NUS,U.S.,NDR,Dominican Republic,284.0,9.0
2018-04,NUS,U.S.,NES,El Salvador,21.0,1.0
2018-04,NUS,U.S.,NGT,Guatemala,162.0,5.0
2018-04,NUS,U.S.,NHO,Honduras,80.0,3.0
2018-04,NUS,U.S.,NJA,Japan,0.0,0.0
2018-04,NUS,U.S.,NJM,Jamaica,120.0,4.0
2018-04,NUS,U.S.,NMX,Mexico,1962.0,65.0
2018-04,NUS,U.S.,NNL,Netherlands,294.0,10.0
2018-04,NUS,U.S.,NNU,Nicaragua,52.0,2.0
2018-04,NUS,U.S.,NPE,Peru,598.0,20.0
2018-04,NUS,U.S.,NPM,Panama,298.0,10.0
2018-04,NUS,U.S.,NPZ,Puerto Rico,0.0,0.0
2018-04,NUS,U.S.,NTD,Trinidad and Tobago,2.0,0.0
2018-04,NUS,U.S.,NTK,Turks and Caicos Islands,12.0,0.0
2018-04,NUS,U.S.,NUK,United Kingdom,453.0,15.0
2018-04,NUS,U.S.,NVE,Venezuela,0.0,0.0
2018-04,NUS,U.S.,Z00,,6781.0,226.0
2018-04,R10,PADD 1,NBF,Bahama Islands,5.0,0.0
2018-04,R10,PADD 1,NCA,Canada,747.0,25.0
2018-04,R10,PADD 1,NCI,Chile,1.0,0.0
2018-04,R10,PADD 1,NCS,Costa Rica,0.0,0.0
2018-04,R10,PADD 1,NHO,Honduras,0.0,0.0
2018-04,R10,PADD 1,NPM,Panama,0.0,0.0
2018-04,R10,PADD 1,NTD,Trinidad and Tobago,1.0,0.0
2018-04,R10,PADD 1,NTK,Turks and Caicos Islands,12.0,0.0
2018-04,R10,PADD 1,NUK,United Kingdom,0.0,0.0
2018-04,R10,PADD 1,NVE,Venezuela,0.0,0.0
2018-04,R10,PADD 1,Z00,,766.0,26.0
2018-04,R20,PADD 2,NCA,Canada,42.0,1.0
2018-04,R20,PADD 2,Z00,,42.0,1.0
2018-04,R30,PADD 3,NAA,Aruba,90.0,3.0
2018-04,R30,PADD 3,NAC,Antigua and Barbuda,65.0,2.0
2018-04,R30,PADD 3,NAR,Argentina,124.0,4.0
2018-04,R30,PADD 3,NBF,Bahama Islands,92.0,3.0
2018-04,R30,PADD 3,NCA,Canada,544.0,18.0
2018-04,R30,PADD 3,NCI,Chile,150.0,5.0
2018-04,R30,PADD 3,NCJ,Cayman Islands,45.0,2.0
2018-04,R30,PADD 3,NCS,Costa Rica,105.0,4.0
2018-04,R30,PADD 3,NDR,Dominican Republic,284.0,9.0
2018-04,R30,PADD 3,NES,El Salvador,21.0,1.0
2018-04,R30,PADD 3,NGT,Guatemala,162.0,5.0
2018-04,R30,PADD 3,NHO,Honduras,80.0,3.0
2018-04,R30,PADD 3,NJM,Jamaica,120.0,4.0
2018-04,R30,PADD 3,NMX,Mexico,1781.0,59.0
2018-04,R30,PADD 3,NNL,Netherlands,294.0,10.0
2018-04,R30,PADD 3,NNU,Nicaragua,52.0,2.0
2018-04,R30,PADD 3,NPE,Peru,598.0,20.0
2018-04,R30,PADD 3,NPM,Panama,298.0,10.0
2018-04,R30,PADD 3,NPZ,Puerto Rico,0.0,0.0
2018-04,R30,PADD 3,NTD,Trinidad and Tobago,1.0,0.0
2018-04,R30,PADD 3,NUK,United Kingdom,453.0,15.0
2018-04,R30,PADD 3,Z00,,5357.0,179.0
2018-04,R50,PADD 5,NCA,Canada,435.0,14.0
2018-04,R50,PADD 5,NCB,Cambodia,0.0,0.0
2018-04,R50,PADD 5,NJA,Japan,0.0,0.0
2018-04,R50,PADD 5,NMX,Mexico,181.0,6.0
2018-04,R50,PADD 5,Z00,,616.0,21.0
2018-05,NUS,U.S.,NAC,Antigua and Barbuda,31.0,1.0
2018-05,NUS,U.S.,NAV,Anguilla,0.0,0.0
2018-05,NUS,U.S.,NBF,Bahama Islands,62.0,2.0
2018-05,NUS,U.S.,NBH,Belize,10.0,0.0
2018-05,NUS,U.S.,NCA,Canada,2029.0,65.0
2018-05,NUS,U.S.,NCI,Chile,450.0,15.0
2018-05,NUS,U.S.,NCJ,Cayman Islands,12.0,0.0
2018-05,NUS,U.S.,NCO,Colombia,0.0,0.0
2018-05,NUS,U.S.,NCS,Costa Rica,150.0,5.0
2018-05,NUS,U.S.,NDR,Dominican Republic,210.0,7.0
2018-05,NUS,U.S.,NES,El Salvador,42.0,1.0
2018-05,NUS,U.S.,NGT,Guatemala,156.0,5.0
2018-05,NUS,U.S.,NHA,Haiti,159.0,5.0
2018-05,NUS,U.S.,NHO,Honduras,25.0,1.0
2018-05,NUS,U.S.,NIC,Iceland,302.0,10.0
2018-05,NUS,U.S.,NIS,Israel,436.0,14.0
2018-05,NUS,U.S.,NJM,Jamaica,160.0,5.0
2018-05,NUS,U.S.,NMX,Mexico,1660.0,54.0
2018-05,NUS,U.S.,NNI,Nigeria,291.0,9.0
2018-05,NUS,U.S.,NNL,Netherlands,292.0,9.0
2018-05,NUS,U.S.,NNU,Nicaragua,50.0,2.0
2018-05,NUS,U.S.,NPM,Panama,439.0,14.0
2018-05,NUS,U.S.,NPZ,Puerto Rico,1.0,0.0
2018-05,NUS,U.S.,NTK,Turks and Caicos Islands,8.0,0.0
2018-05,NUS,U.S.,NTO,Togo,160.0,5.0
2018-05,NUS,U.S.,NUK,United Kingdom,456.0,15.0
2018-05,NUS,U.S.,NUY,Uruguay,0.0,0.0
2018-05,NUS,U.S.,Z00,,7592.0,245.0
2018-05,R10,PADD 1,NAV,Anguilla,0.0,0.0
2018-05,R10,PADD 1,NBF,Bahama Islands,5.0,0.0
2018-05,R10,PADD 1,NCA,Canada,1055.0,34.0
2018-05,R10,PADD 1,NCO,Colombia,0.0,0.0
2018-05,R10,PADD 1,NCS,Costa Rica,0.0,0.0
2018-05,R10,PADD 1,NDR,Dominican Republic,0.0,0.0
2018-05,R10,PADD 1,NPZ,Puerto Rico,1.0,0.0
2018-05,R10,PADD 1,NTK,Turks and Caicos Islands,8.0,0.0
2018-05,R10,PADD 1,NUY,Uruguay,0.0,0.0
2018-05,R10,PADD 1,Z00,,1070.0,35.0
2018-05,R20,PADD 2,NCA,Canada,47.0,2.0
2018-05,R20,PADD 2,Z00,,47.0,2.0
2018-05,R30,PADD 3,NAC,Antigua and Barbuda,31.0,1.0
2018-05,R30,PADD 3,NBF,Bahama Islands,57.0,2.0
2018-05,R30,PADD 3,NBH,Belize,10.0,0.0
2018-05,R30,PADD 3,NCA,Canada,531.0,17.0
2018-05,R30,PADD 3,NCI,Chile,450.0,15.0
2018-05,R30,PADD 3,NCJ,Cayman Islands,12.0,0.0
2018-05,R30,PADD 3,NCS,Costa Rica,150.0,5.0
2018-05,R30,PADD 3,NDR,Dominican Republic,210.0,7.0
2018-05,R30,PADD 3,NES,El Salvador,42.0,1.0
2018-05,R30,PADD 3,NGT,Guatemala,156.0,5.0
2018-05,R30,PADD 3,NHA,Haiti,159.0,5.0
2018-05,R30,PADD 3,NHO,Honduras,25.0,1.0
2018-05,R30,PADD 3,NIC,Iceland,302.0,10.0
2018-05,R30,PADD 3,NIS,Israel,436.0,14.0
2018-05,R30,PADD 3,NJM,Jamaica,160.0,5.0
2018-05,R30,PADD 3,NMX,Mexico,1539.0,50.0
2018-05,R30,PADD 3,NNI,Nigeria,291.0,9.0
2018-05,R30,PADD 3,NNL,Netherlands,292.0,9.0
2018-05,R30,PADD 3,NNU,Nicaragua,50.0,2.0
2018-05,R30,PADD 3,NPM,Panama,439.0,14.0
2018-05,R30,PADD 3,NPZ,Puerto Rico,0.0,0.0
2018-05,R30,PADD 3,NTO,Togo,160.0,5.0
2018-05,R30,PADD 3,NUK,United Kingdom,456.0,15.0
2018-05,R30,PADD 3,Z00,,5958.0,192.0
2018-05,R50,PADD 5,NCA,Canada,396.0,13.0
2018-05,R50,PADD 5,NMX,Mexico,121.0,4.0
2018-05,R50,PADD 5,Z00,,517.0,17.0
2018-06,NUS,U.S.,NAA,Aruba,70.0,2.0
2018-06,NUS,U.S.,NAC,Antigua and Barbuda,86.0,3.0
2018-06,NUS,U.S.,NAR,Argentina,313.0,10.0
2018-06,NUS,U.S.,NBD,Bermuda,31.0,1.0
2018-06,NUS,U.S.,NBF,Bahama Islands,72.0,2.0
2018-06,NUS,U.S.,NBH,Belize,10.0,0.0
2018-06,NUS,U.S.,NBR,Brazil,323.0,11.0
2018-06,NUS,U.S.,NCA,Canada,527.0,18.0
2018-06,NUS,U.S.,NCI,Chile,300.0,10.0
2018-06,NUS,U.S.,NCJ,Cayman Islands,12.0,0.0
2018-06,NUS,U.S.,NCS,Costa Rica,150.0,5.0
2018-06,NUS,U.S.,NDR,Dominican Republic,121.0,4.0
2018-06,NUS,U.S.,NES,El Salvador,60.0,2.0
2018-06,NUS,U.S.,NGT,Guatemala,187.0,6.0
2018-06,NUS,U.S.,NHO,Honduras,33.0,1.0
2018-06,NUS,U.S.,NIC,Iceland,320.0,11.0
2018-06,NUS,U.S.,NJA,Japan,0.0,0.0
2018-06,NUS,U.S.,NJM,Jamaica,90.0,3.0
2018-06,NUS,U.S.,NLE,Lebanon,0.0,0.0
2018-06,NUS,U.S.,NMX,Mexico,1331.0,44.0
2018-06,NUS,U.S.,NNL,Netherlands,319.0,11.0
2018-06,NUS,U.S.,NNS,Suriname,0.0,0.0
2018-06,NUS,U.S.,NPE,Peru,272.0,9.0
2018-06,NUS,U.S.,NPM,Panama,550.0,18.0
2018-06,NUS,U.S.,NPZ,Puerto Rico,0.0,0.0
2018-06,NUS,U.S.,NSP,Spain,0.0,0.0
2018-06,NUS,U.S.,NTD,Trinidad and Tobago,1.0,0.0
2018-06,NUS,U.S.,NTK,Turks and Caicos Islands,8.0,0.0
2018-06,NUS,U.S.,NTO,Togo,322.0,11.0
2018-06,NUS,U.S.,NUK,United Kingdom,940.0,31.0
2018-06,NUS,U.S.,Z00,,6448.0,215.0
2018-06,R10,PADD 1,NBF,Bahama Islands,4.0,0.0
2018-06,R10,PADD 1,NCA,Canada,0.0,0.0
2018-06,R10,PADD 1,NCS,Costa Rica,0.0,0.0
2018-06,R10,PADD 1,NDR,Dominican Republic,1.0,0.0
2018-06,R10,PADD 1,NJM,Jamaica,0.0,0.0
2018-06,R10,PADD 1,NNS,Suriname,0.0,0.0
2018-06,R10,PADD 1,NPM,Panama,0.0,0.0
2018-06,R10,PADD 1,NPZ,Puerto Rico,0.0,0.0
2018-06,R10,PADD 1,NSP,Spain,0.0,0.0
2018-06,R10,PADD 1,NTD,Trinidad and Tobago,1.0,0.0
2018-06,R10,PADD 1,NTK,Turks and Caicos Islands,8.0,0.0
2018-06,R10,PADD 1,Z00,,14.0,0.0
2018-06,R20,PADD 2,NCA,Canada,55.0,2.0
2018-06,R20,PADD 2,Z00,,55.0,2.0
2018-06,R30,PADD 3,NAA,Aruba,70.0,2.0
2018-06,R30,PADD 3,NAC,Antigua and Barbuda,86.0,3.0
2018-06,R30,PADD 3,NAR,Argentina,313.0,10.0
2018-06,R30,PADD 3,NBD,Bermuda,31.0,1.0
2018-06,R30,PADD 3,NBF,Bahama Islands,68.0,2.0
2018-06,R30,PADD 3,NBH,Belize,10.0,0.0
2018-06,R30,PADD 3,NBR,Brazil,323.0,11.0
2018-06,R30,PADD 3,NCI,Chile,300.0,10.0
2018-06,R30,PADD 3,NCJ,Cayman Islands,12.0,0.0
2018-06,R30,PADD 3,NCS,Costa Rica,150.0,5.0
2018-06,R30,PADD 3,NDR,Dominican Republic,120.0,4.0
2018-06,R30,PADD 3,NES,El Salvador,60.0,2.0
2018-06,R30,PADD 3,NGT,Guatemala,187.0,6.0
2018-06,R30,PADD 3,NHO,Honduras,33.0,1.0
2018-06,R30,PADD 3,NIC,Iceland,320.0,11.0
2018-06,R30,PADD 3,NJM,Jamaica,90.0,3.0
2018-06,R30,PADD 3,NLE,Lebanon,0.0,0.0
2018-06,R30,PADD 3,NMX,Mexico,1241.0,41.0
2018-06,R30,PADD 3,NNL,Netherlands,319.0,11.0
2018-06,R30,PADD 3,NPE,Peru,272.0,9.0
2018-06,R30,PADD 3,NPM,Panama,549.0,18.0
2018-06,R30,PADD 3,NTO,Togo,322.0,11.0
2018-06,R30,PADD 3,NUK,United Kingdom,940.0,31.0
2018-06,R30,PADD 3,Z00,,5817.0,194.0
2018-06,R50,PADD 5,NCA,Canada,471.0,16.0
2018-06,R50,PADD 5,NJA,Japan,0.0,0.0
2018-06,R50,PADD 5,NMX,Mexico,90.0,3.0
2018-06,R50,PADD 5,Z00,,561.0,19.0
2018-07,NUS,U.S.,NAA,Aruba,70.0,2.0
2018-07,NUS,U.S.,NAC,Antigua and Barbuda,31.0,1.0
2018-07,NUS,U.S.,NAR,Argentina,35.0,1.0
2018-07,NUS,U.S.,NBB,Barbados,0.0,0.0
2018-07,NUS,U.S.,NBF,Bahama Islands,60.0,2.0
2018-07,NUS,U.S.,NBH,Belize,85.0,3.0
2018-07,NUS,U.S.,NBR,Brazil,932.0,30.0
2018-07,NUS,U.S.,NCA,Canada,2196.0,71.0
2018-07,NUS,U.S.,NCI,Chile,1.0,0.0
2018-07,NUS,U.S.,NCJ,Cayman Islands,12.0,0.0
2018-07,NUS,U.S.,NCO,Colombia,60.0,2.0
2018-07,NUS,U.S.,NCS,Costa Rica,180.0,6.0
2018-07,NUS,U.S.,NDR,Dominican Republic,417.0,13.0
2018-07,NUS,U.S.,NES,El Salvador,65.0,2.0
2018-07,NUS,U.S.,NGJ,Grenada,0.0,0.0
2018-07,NUS,U.S.,NGM,Germany,2.0,0.0
2018-07,NUS,U.S.,NGT,Guatemala,92.0,3.0
2018-07,NUS,U.S.,NHO,Honduras,187.0,6.0
2018-07,NUS,U.S.,NIC,Iceland,315.0,10.0
2018-07,NUS,U.S.,NJM,Jamaica,100.0,3.0
2018-07,NUS,U.S.,NMX,Mexico,1448.0,47.0
2018-07,NUS,U.S.,NNS,Suriname,0.0,0.0
2018-07,NUS,U.S.,NPE,Peru,337.0,11.0
2018-07,NUS,U.S.,NPM,Panama,530.0,17.0
2018-07,NUS,U.S.,NPZ,Puerto Rico,0.0,0.0
2018-07,NUS,U.S.,NTD,Trinidad and Tobago,0.0,0.0
2018-07,NUS,U.S.,NTK,Turks and Caicos Islands,8.0,0.0
2018-07,NUS,U.S.,NTO,Togo,641.0,21.0
2018-07,NUS,U.S.,NUK,United Kingdom,226.0,7.0
2018-07,NUS,U.S.,NVE,Venezuela,0.0,0.0
2018-07,NUS,U.S.,NVM,Vietnam,0.0,0.0
2018-07,NUS,U.S.,NVQ,Virgin Islands,301.0,10.0
2018-07,NUS,U.S.,Z00,,8330.0,269.0
2018-07,R10,PADD 1,NBB,Barbados,0.0,0.0
2018-07,R10,PADD 1,NBF,Bahama Islands,6.0,0.0
2018-07,R10,PADD 1,NCA,Canada,413.0,13.0
2018-07,R10,PADD 1,NCS,Costa Rica,0.0,0.0
2018-07,R10,PADD 1,NGJ,Grenada,0.0,0.0
2018-07,R10,PADD 1,NNS,Suriname,0.0,0.0
2018-07,R10,PADD 1,NPM,Panama,0.0,0.0
2018-07,R10,PADD 1,NPZ,Puerto Rico,0.0,0.0
2018-07,R10,PADD 1,NTD,Trinidad and Tobago,0.0,0.0
2018-07,R10,PADD 1,NTK,Turks and Caicos Islands,8.0,0.0
2018-07,R10,PADD 1,NVE,Venezuela,0.0,0.0
2018-07,R10,PADD 1,Z00,,427.0,14.0
2018-07,R20,PADD 2,NCA,Canada,57.0,2.0
2018-07,R20,PADD 2,Z00,,57.0,2.0
2018-07,R30,PADD 3,NAA,Aruba,70.0,2.0
2018-07,R30,PADD 3,NAC,Antigua and Barbuda,31.0,1.0
2018-07,R30,PADD 3,NAR,Argentina,35.0,1.0
2018-07,R30,PADD 3,NBF,Bahama Islands,54.0,2.0
2018-07,R30,PADD 3,NBH,Belize,85.0,3.0
2018-07,R30,PADD 3,NBR,Brazil,932.0,30.0
2018-07,R30,PADD 3,NCA,Canada,1279.0,41.0
2018-07,R30,PADD 3,NCI,Chile,1.0,0.0
2018-07,R30,PADD 3,NCJ,Cayman Islands,12.0,0.0
2018-07,R30,PADD 3,NCO,Colombia,60.0,2.0
2018-07,R30,PADD 3,NCS,Costa Rica,180.0,6.0
2018-07,R30,PADD 3,NDR,Dominican Republic,417.0,13.0
2018-07,R30,PADD 3,NES,El Salvador,65.0,2.0
2018-07,R30,PADD 3,NGT,Guatemala,92.0,3.0
2018-07,R30,PADD 3,NHO,Honduras,187.0,6.0
2018-07,R30,PADD 3,NIC,Iceland,315.0,10.0
2018-07,R30,PADD 3,NJM,Jamaica,100.0,3.0
2018-07,R30,PADD 3,NMX,Mexico,1063.0,34.0
2018-07,R30,PADD 3,NPE,Peru,337.0,11.0
2018-07,R30,PADD 3,NPM,Panama,529.0,17.0
2018-07,R30,PADD 3,NPZ,Puerto Rico,0.0,0.0
2018-07,R30,PADD 3,NTO,Togo,641.0,21.0
2018-07,R30,PADD 3,NUK,United Kingdom,226.0,7.0
2018-07,R30,PADD 3,NVQ,Virgin Islands,301.0,10.0
2018-07,R30,PADD 3,Z00,,7011.0,226.0
2018-07,R50,PADD 5,NCA,Canada,447.0,14.0
2018-07,R50,PADD 5,NGM,Germany,2.0,0.0
2018-07,R50,PADD 5,NMX,Mexico,386.0,12.0
2018-07,R50,PADD 5,NVM,Vietnam,0.0,0.0
2018-07,R50,PADD 5,Z00,,835.0,27.0
2018-08,NUS,U.S.,NAC,Antigua and Barbuda,40.0,1.0
2018-08,NUS,U.S.,NAR,Argentina,199.0,6.0
2018-08,NUS,U.S.,NBF,Bahama Islands,55.0,2.0
2018-08,NUS,U.S.,NBH,Belize,37.0,1.0
2018-08,NUS,U.S.,NBR,Brazil,641.0,21.0
2018-08,NUS,U.S.,NCA,Canada,1400.0,45.0
2018-08,NUS,U.S.,NCH,China,1.0,0.0
2018-08,NUS,U.S.,NCI,Chile,190.0,6.0
2018-08,NUS,U.S.,NCJ,Cayman Islands,12.0,0.0
2018-08,NUS,U.S.,NCO,Colombia,0.0,0.0
2018-08,NUS,U.S.,NCS,Costa Rica,130.0,4.0
2018-08,NUS,U.S.,NDR,Dominican Republic,151.0,5.0
2018-08,NUS,U.S.,NEC,Ecuador,8.0,0.0
2018-08,NUS,U.S.,NFI,Finland,61.0,2.0
2018-08,NUS,U.S.,NGT,Guatemala,156.0,5.0
2018-08,NUS,U.S.,NHO,Honduras,28.0,1.0
2018-08,NUS,U.S.,NIC,Iceland,322.0,10.0
2018-08,NUS,U.S.,NIN,India,1.0,0.0
2018-08,NUS,U.S.,NIS,Israel,333.0,11.0
2018-08,NUS,U.S.,NJM,Jamaica,110.0,4.0
2018-08,NUS,U.S.,NKS,Korea,0.0,0.0
2018-08,NUS,U.S.,NLE,Lebanon,0.0,0.0
2018-08,NUS,U.S.,NLI,Liberia,32.0,1.0
2018-08,NUS,U.S.,NMX,Mexico,1961.0,63.0
2018-08,NUS,U.S.,NNO,Norway,60.0,2.0
2018-08,NUS,U.S.,NNU,Nicaragua,15.0,0.0
2018-08,NUS,U.S.,NPM,Panama,643.0,21.0
2018-08,NUS,U.S.,NPZ,Puerto Rico,1.0,0.0
2018-08,NUS,U.S.,NTD,Trinidad and Tobago,1.0,0.0
2018-08,NUS,U.S.,NTK,Turks and Caicos Islands,7.0,0.0
2018-08,NUS,U.S.,NUK,United Kingdom,320.0,10.0
2018-08,NUS,U.S.,Z00,,6915.0,223.0
2018-08,R10,PADD 1,NBF,Bahama Islands,3.0,0.0
2018-08,R10,PADD 1,NCA,Canada,226.0,7.0
2018-08,R10,PADD 1,NCO,Colombia,0.0,0.0
2018-08,R10,PADD 1,NDR,Dominican Republic,1.0,0.0
2018-08,R10,PADD 1,NPM,Panama,1.0,0.0
2018-08,R10,PADD 1,NPZ,Puerto Rico,1.0,0.0
2018-08,R10,PADD 1,NTD,Trinidad and Tobago,1.0,0.0
2018-08,R10,PADD 1,NTK,Turks and Caicos Islands,7.0,0.0
2018-08,R10,PADD 1,Z00,,238.0,8.0
2018-08,R20,PADD 2,NCA,Canada,68.0,2.0
2018-08,R20,PADD 2,Z00,,68.0,2.0
2018-08,R30,PADD 3,NAC,Antigua and Barbuda,40.0,1.0
2018-08,R30,PADD 3,NAR,Argentina,199.0,6.0
2018-08,R30,PADD 3,NBF,Bahama Islands,52.0,2.0
2018-08,R30,PADD 3,NBH,Belize,37.0,1.0
2018-08,R30,PADD 3,NBR,Brazil,641.0,21.0
2018-08,R30,PADD 3,NCA,Canada,639.0,21.0
2018-08,R30,PADD 3,NCI,Chile,190.0,6.0
2018-08,R30,PADD 3,NCJ,Cayman Islands,12.0,0.0
2018-08,R30,PADD 3,NCS,Costa Rica,130.0,4.0
2018-08,R30,PADD 3,NDR,Dominican Republic,150.0,5.0
2018-08,R30,PADD 3,NEC,Ecuador,8.0,0.0
2018-08,R30,PADD 3,NFI,Finland,61.0,2.0
2018-08,R30,PADD 3,NGT,Guatemala,156.0,5.0
2018-08,R30,PADD 3,NHO,Honduras,28.0,1.0
2018-08,R30,PADD 3,NIC,Iceland,322.0,10.0
2018-08,R30,PADD 3,NIS,Israel,333.0,11.0
2018-08,R30,PADD 3,NJM,Jamaica,110.0,4.0
2018-08,R30,PADD 3,NLE,Lebanon,0.0,0.0
2018-08,R30,PADD 3,NLI,Liberia,32.0,1.0
2018-08,R30,PADD 3,NMX,Mexico,1670.0,54.0
2018-08,R30,PADD 3,NNO,Norway,60.0,2.0
2018-08,R30,PADD 3,NNU,Nicaragua,15.0,0.0
2018-08,R30,PADD 3,NPM,Panama,643.0,21.0
2018-08,R30,PADD 3,NPZ,Puerto Rico,0.0,0.0
2018-08,R30,PADD 3,NUK,United Kingdom,320.0,10.0
2018-08,R30,PADD 3,Z00,,5849.0,189.0
2018-08,R50,PADD 5,NCA,Canada,467.0,15.0
2018-08,R50,PADD 5,NCH,China,1.0,0.0
2018-08,R50,PADD 5,NIN,India,1.0,0.0
2018-08,R50,PADD 5,NKS,Korea,0.0,0.0
2018-08,R50,PADD 5,NMX,Mexico,291.0,9.0
2018-08,R50,PADD 5,Z00,,759.0,24.0
2018-09,NUS,U.S.,NAA,Aruba,68.0,2.0
2018-09,NUS,U.S.,NAC,Antigua and Barbuda,36.0,1.0
2018-09,NUS,U.S.,NAR,Argentina,157.0,5.0
2018-09,NUS,U.S.,NBF,Bahama Islands,73.0,2.0
2018-09,NUS,U.S.,NBH,Belize,9.0,0.0
2018-09,NUS,U.S.,NCA,Canada,1330.0,44.0
2018-09,NUS,U.S.,NCI,Chile,150.0,5.0
2018-09,NUS,U.S.,NCJ,Cayman Islands,7.0,0.0
2018-09,NUS,U.S.,NCS,Costa Rica,156.0,5.0
2018-09,NUS,U.S.,NDR,Dominican Republic,126.0,4.0
2018-09,NUS,U.S.,NES,El Salvador,70.0,2.0
2018-09,NUS,U.S.,NGT,Guatemala,115.0,4.0
2018-09,NUS,U.S.,NHK,Hong Kong,0.0,0.0
2018-09,NUS,U.S.,NHO,Honduras,48.0,2.0
2018-09,NUS,U.S.,NIC,Iceland,328.0,11.0
2018-09,NUS,U.S.,NJA,Japan,0.0,0.0
2018-09,NUS,U.S.,NJM,Jamaica,80.0,3.0
2018-09,NUS,U.S.,NLI,Liberia,3.0,0.0
2018-09,NUS,U.S.,NMX,Mexico,1699.0,57.0
2018-09,NUS,U.S.,NPA,Paraguay,19.0,1.0
2018-09,NUS,U.S.,NPE,Peru,0.0,0.0
2018-09,NUS,U.S.,NPM,Panama,511.0,17.0
2018-09,NUS,U.S.,NPZ,Puerto Rico,0.0,0.0
2018-09,NUS,U.S.,NQA,Qatar,0.0,0.0
2018-09,NUS,U.S.,NTC,United Arab Emirates,1.0,0.0
2018-09,NUS,U.S.,NTK,Turks and Caicos Islands,4.0,0.0
2018-09,NUS,U.S.,NVE,Venezuela,3.0,0.0
2018-09,NUS,U.S.,Z00,,4994.0,166.0
2018-09,R10,PADD 1,NBF,Bahama Islands,2.0,0.0
2018-09,R10,PADD 1,NCA,Canada,546.0,18.0
2018-09,R10,PADD 1,NCI,Chile,0.0,0.0
2018-09,R10,PADD 1,NCJ,Cayman Islands,0.0,0.0
2018-09,R10,PADD 1,NCS,Costa Rica,0.0,0.0
2018-09,R10,PADD 1,NDR,Dominican Republic,1.0,0.0
2018-09,R10,PADD 1,NMX,Mexico,0.0,0.0
2018-09,R10,PADD 1,NPZ,Puerto Rico,0.0,0.0
2018-09,R10,PADD 1,NTK,Turks and Caicos Islands,4.0,0.0
2018-09,R10,PADD 1,NVE,Venezuela,3.0,0.0
2018-09,R10,PADD 1,Z00,,557.0,19.0
2018-09,R20,PADD 2,NCA,Canada,36.0,1.0
2018-09,R20,PADD 2,Z00,,36.0,1.0
2018-09,R30,PADD 3,NAA,Aruba,68.0,2.0
2018-09,R30,PADD 3,NAC,Antigua and Barbuda,36.0,1.0
2018-09,R30,PADD 3,NAR,Argentina,157.0,5.0
2018-09,R30,PADD 3,NBF,Bahama Islands,71.0,2.0
2018-09,R30,PADD 3,NBH,Belize,9.0,0.0
2018-09,R30,PADD 3,NCA,Canada,396.0,13.0
2018-09,R30,PADD 3,NCI,Chile,150.0,5.0
2018-09,R30,PADD 3,NCJ,Cayman Islands,7.0,0.0
2018-09,R30,PADD 3,NCS,Costa Rica,156.0,5.0
2018-09,R30,PADD 3,NDR,Dominican Republic,125.0,4.0
2018-09,R30,PADD 3,NES,El Salvador,70.0,2.0
2018-09,R30,PADD 3,NGT,Guatemala,115.0,4.0
2018-09,R30,PADD 3,NHO,Honduras,48.0,2.0
2018-09,R30,PADD 3,NIC,Iceland,328.0,11.0
2018-09,R30,PADD 3,NJM,Jamaica,80.0,3.0
2018-09,R30,PADD 3,NLI,Liberia,3.0,0.0
2018-09,R30,PADD 3,NMX,Mexico,1262.0,42.0
2018-09,R30,PADD 3,NPA,Paraguay,19.0,1.0
2018-09,R30,PADD 3,NPE,Peru,0.0,0.0
2018-09,R30,PADD 3,NPM,Panama,511.0,17.0
2018-09,R30,PADD 3,NQA,Qatar,0.0,0.0
2018-09,R30,PADD 3,NTC,United Arab Emirates,1.0,0.0
2018-09,R30,PADD 3,Z00,,3613.0,120.0
2018-09,R50,PADD 5,NCA,Canada,352.0,12.0
2018-09,R50,PADD 5,NHK,Hong Kong,0.0,0.0
2018-09,R50,PADD 5,NJA,Japan,0.0,0.0
2018-09,R50,PADD 5,NMX,Mexico,436.0,15.0
2018-09,R50,PADD 5,Z00,,788.0,26.0
2018-10,NUS,U.S.,NAC,Antigua and Barbuda,38.0,1.0
2018-10,NUS,U.S.,NAR,Argentina,155.0,5.0
2018-10,NUS,U.S.,NBD,Bermuda,17.0,1.0
2018-10,NUS,U.S.,NBF,Bahama Islands,37.0,1.0
2018-10,NUS,U.S.,NBH,Belize,93.0,3.0
2018-10,NUS,U.S.,NBR,Brazil,220.0,7.0
2018-10,NUS,U.S.,NCA,Canada,1836.0,59.0
2018-10,NUS,U.S.,NCH,China,1.0,0.0
2018-10,NUS,U.S.,NCI,Chile,149.0,5.0
2018-10,NUS,U.S.,NCJ,Cayman Islands,20.0,1.0
2018-10,NUS,U.S.,NCS,Costa Rica,50.0,2.0
2018-10,NUS,U.S.,NDR,Dominican Republic,360.0,12.0
2018-10,NUS,U.S.,NES,El Salvador,52.0,2.0
2018-10,NUS,U.S.,NGT,Guatemala,30.0,1.0
2018-10,NUS,U.S.,NHO,Honduras,68.0,2.0
2018-10,NUS,U.S.,NIC,Iceland,322.0,10.0
2018-10,NUS,U.S.,NIS,Israel,102.0,3.0
2018-10,NUS,U.S.,NJM,Jamaica,120.0,4.0
2018-10,NUS,U.S.,NKZ,Kazakhstan,0.0,0.0
2018-10,NUS,U.S.,NMX,Mexico,1733.0,56.0
2018-10,NUS,U.S.,NNL,Netherlands,618.0,20.0
2018-10,NUS,U.S.,NPM,Panama,415.0,13.0
2018-10,NUS,U.S.,NSG,Senegal,322.0,10.0
2018-10,NUS,U.S.,NSP,Spain,311.0,10.0
2018-10,NUS,U.S.,NSW,Sweden,5.0,0.0
2018-10,NUS,U.S.,NTD,Trinidad and Tobago,240.0,8.0
2018-10,NUS,U.S.,NTK,Turks and Caicos Islands,4.0,0.0
2018-10,NUS,U.S.,NUK,United Kingdom,1252.0,40.0
2018-10,NUS,U.S.,NVE,Venezuela,11.0,0.0
2018-10,NUS,U.S.,Z00,,8582.0,277.0
2018-10,R10,PADD 1,NBF,Bahama Islands,2.0,0.0
2018-10,R10,PADD 1,NCA,Canada,666.0,21.0
2018-10,R10,PADD 1,NCS,Costa Rica,0.0,0.0
2018-10,R10,PADD 1,NTD,Trinidad and Tobago,0.0,0.0
2018-10,R10,PADD 1,NTK,Turks and Caicos Islands,4.0,0.0
2018-10,R10,PADD 1,NVE,Venezuela,0.0,0.0
2018-10,R10,PADD 1,Z00,,673.0,22.0
2018-10,R20,PADD 2,NCA,Canada,47.0,2.0
2018-10,R20,PADD 2,NGT,Guatemala,0.0,0.0
2018-10,R20,PADD 2,Z00,,47.0,2.0
2018-10,R30,PADD 3,NAC,Antigua and Barbuda,38.0,1.0
2018-10,R30,PADD 3,NAR,Argentina,155.0,5.0
2018-10,R30,PADD 3,NBD,Bermuda,17.0,1.0
2018-10,R30,PADD 3,NBF,Bahama Islands,35.0,1.0
2018-10,R30,PADD 3,NBH,Belize,93.0,3.0
2018-10,R30,PADD 3,NBR,Brazil,220.0,7.0
2018-10,R30,PADD 3,NCA,Canada,758.0,24.0
2018-10,R30,PADD 3,NCJ,Cayman Islands,20.0,1.0
2018-10,R30,PADD 3,NCS,Costa Rica,50.0,2.0
2018-10,R30,PADD 3,NDR,Dominican Republic,360.0,12.0
2018-10,R30,PADD 3,NES,El Salvador,52.0,2.0
2018-10,R30,PADD 3,NGT,Guatemala,30.0,1.0
2018-10,R30,PADD 3,NHO,Honduras,68.0,2.0
2018-10,R30,PADD 3,NIC,Iceland,322.0,10.0
2018-10,R30,PADD 3,NIS,Israel,102.0,3.0
2018-10,R30,PADD 3,NJM,Jamaica,120.0,4.0
2018-10,R30,PADD 3,NKZ,Kazakhstan,0.0,0.0
2018-10,R30,PADD 3,NMX,Mexico,1193.0,38.0
2018-10,R30,PADD 3,NNL,Netherlands,618.0,20.0
2018-10,R30,PADD 3,NPM,Panama,415.0,13.0
2018-10,R30,PADD 3,NSG,Senegal,322.0,10.0
2018-10,R30,PADD 3,NSP,Spain,311.0,10.0
2018-10,R30,PADD 3,NTD,Trinidad and Tobago,239.0,8.0
2018-10,R30,PADD 3,NUK,United Kingdom,1252.0,40.0
2018-10,R30,PADD 3,NVE,Venezuela,11.0,0.0
2018-10,R30,PADD 3,Z00,,6803.0,219.0
2018-10,R50,PADD 5,NCA,Canada,365.0,12.0
2018-10,R50,PADD 5,NCH,China,1.0,0.0
2018-10,R50,PADD 5,NCI,Chile,149.0,5.0
2018-10,R50,PADD 5,NMX,Mexico,539.0,17.0
2018-10,R50,PADD 5,NSW,Sweden,5.0,0.0
2018-10,R50,PADD 5,Z00,,1060.0,34.0
2018-11,NUS,U.S.,NAA,Aruba,80.0,3.0
2018-11,NUS,U.S.,NAC,Antigua and Barbuda,26.0,1.0
2018-11,NUS,U.S.,NAR,Argentina,147.0,5.0
2018-11,NUS,U.S.,NBF,Bahama Islands,114.0,4.0
2018-11,NUS,U.S.,NBH,Belize,7.0,0.0
2018-11,NUS,U.S.,NCA,Canada,1407.0,47.0
2018-11,NUS,U.S.,NCI,Chile,314.0,10.0
2018-11,NUS,U.S.,NCJ,Cayman Islands,17.0,1.0
2018-11,NUS,U.S.,NCS,Costa Rica,129.0,4.0
2018-11,NUS,U.S.,NDR,Dominican Republic,147.0,5.0
2018-11,NUS,U.S.,NES,El Salvador,68.0,2.0
2018-11,NUS,U.S.,NGI,Gibraltar,300.0,10.0
2018-11,NUS,U.S.,NGT,Guatemala,113.0,4.0
2018-11,NUS,U.S.,NHA,Haiti,72.0,2.0
2018-11,NUS,U.S.,NHK,Hong Kong,1.0,0.0
2018-11,NUS,U.S.,NHO,Honduras,28.0,1.0
2018-11,NUS,U.S.,NIS,Israel,102.0,3.0
2018-11,NUS,U.S.,NLE,Lebanon,0.0,0.0
2018-11,NUS,U.S.,NMX,Mexico,2212.0,74.0
2018-11,NUS,U.S.,NNI,Nigeria,0.0,0.0
2018-11,NUS,U.S.,NPE,Peru,435.0,15.0
2018-11,NUS,U.S.,NPM,Panama,396.0,13.0
2018-11,NUS,U.S.,NPZ,Puerto Rico,0.0,0.0
2018-11,NUS,U.S.,NSP,Spain,0.0,0.0
2018-11,NUS,U.S.,NSW,Sweden,2.0,0.0
2018-11,NUS,U.S.,NTK,Turks and Caicos Islands,12.0,0.0
2018-11,NUS,U.S.,NUK,United Kingdom,319.0,11.0
2018-11,NUS,U.S.,Z00,,6449.0,215.0
2018-11,R10,PADD 1,NBF,Bahama Islands,3.0,0.0
2018-11,R10,PADD 1,NCA,Canada,720.0,24.0
2018-11,R10,PADD 1,NHK,Hong Kong,1.0,0.0
2018-11,R10,PADD 1,NNI,Nigeria,0.0,0.0
2018-11,R10,PADD 1,NPZ,Puerto Rico,0.0,0.0
2018-11,R10,PADD 1,NSP,Spain,0.0,0.0
2018-11,R10,PADD 1,NTK,Turks and Caicos Islands,12.0,0.0
2018-11,R10,PADD 1,Z00,,736.0,25.0
2018-11,R20,PADD 2,NCA,Canada,44.0,1.0
2018-11,R20,PADD 2,Z00,,44.0,1.0
2018-11,R30,PADD 3,NAA,Aruba,80.0,3.0
2018-11,R30,PADD 3,NAC,Antigua and Barbuda,26.0,1.0
2018-11,R30,PADD 3,NAR,Argentina,147.0,5.0
2018-11,R30,PADD 3,NBF,Bahama Islands,111.0,4.0
2018-11,R30,PADD 3,NBH,Belize,7.0,0.0
2018-11,R30,PADD 3,NCA,Canada,296.0,10.0
2018-11,R30,PADD 3,NCI,Chile,314.0,10.0
2018-11,R30,PADD 3,NCJ,Cayman Islands,17.0,1.0
2018-11,R30,PADD 3,NCS,Costa Rica,129.0,4.0
2018-11,R30,PADD 3,NDR,Dominican Republic,147.0,5.0
2018-11,R30,PADD 3,NES,El Salvador,68.0,2.0
2018-11,R30,PADD 3,NGI,Gibraltar,300.0,10.0
2018-11,R30,PADD 3,NGT,Guatemala,113.0,4.0
2018-11,R30,PADD 3,NHA,Haiti,72.0,2.0
2018-11,R30,PADD 3,NHO,Honduras,28.0,1.0
2018-11,R30,PADD 3,NIS,Israel,102.0,3.0
2018-11,R30,PADD 3,NLE,Lebanon,0.0,0.0
2018-11,R30,PADD 3,NMX,Mexico,1844.0,61.0
2018-11,R30,PADD 3,NPE,Peru,435.0,15.0
2018-11,R30,PADD 3,NPM,Panama,396.0,13.0
2018-11,R30,PADD 3,NUK,United Kingdom,319.0,11.0
2018-11,R30,PADD 3,Z00,,4950.0,165.0
2018-11,R50,PADD 5,NCA,Canada,348.0,12.0
2018-11,R50,PADD 5,NMX,Mexico,368.0,12.0
2018-11,R50,PADD 5,NSW,Sweden,2.0,0.0
2018-11,R50,PADD 5,Z00,,719.0,24.0
2018-12,NUS,U.S.,NAA,Aruba,80.0,3.0
2018-12,NUS,U.S.,NAC,Antigua and Barbuda,117.0,4.0
2018-12,NUS,U.S.,NAR,Argentina,248.0,8.0
2018-12,NUS,U.S.,NBF,Bahama Islands,135.0,4.0
2018-12,NUS,U.S.,NBH,Belize,20.0,1.0
2018-12,NUS,U.S.,NCA,Canada,1486.0,48.0
2018-12,NUS,U.S.,NCH,China,0.0,0.0
2018-12,NUS,U.S.,NCI,Chile,0.0,0.0
2018-12,NUS,U.S.,NCJ,Cayman Islands,12.0,0.0
2018-12,NUS,U.S.,NCS,Costa Rica,186.0,6.0
2018-12,NUS,U.S.,NDR,Dominican Republic,333.0,11.0
2018-12,NUS,U.S.,NEC,Ecuador,1.0,0.0
2018-12,NUS,U.S.,NEG,Egypt,1.0,0.0
2018-12,NUS,U.S.,NES,El Salvador,147.0,5.0
2018-12,NUS,U.S.,NGT,Guatemala,166.0,5.0
2018-12,NUS,U.S.,NHO,Honduras,132.0,4.0
2018-12,NUS,U.S.,NMX,Mexico,1904.0,61.0
2018-12,NUS,U.S.,NNI,Nigeria,1.0,0.0
2018-12,NUS,U.S.,NPE,Peru,233.0,8.0
2018-12,NUS,U.S.,NPM,Panama,356.0,11.0
2018-12,NUS,U.S.,NTC,United Arab Emirates,0.0,0.0
2018-12,NUS,U.S.,NTD,Trinidad and Tobago,331.0,11.0
2018-12,NUS,U.S.,NTK,Turks and Caicos Islands,12.0,0.0
2018-12,NUS,U.S.,NTO,Togo,317.0,10.0
2018-12,NUS,U.S.,NUC,Curacao,140.0,5.0
2018-12,NUS,U.S.,NVC,Saint Vincent and the Grenadines,0.0,0.0
2018-12,NUS,U.S.,NVQ,Virgin Islands,184.0,6.0
2018-12,NUS,U.S.,Z00,,6542.0,211.0
2018-12,R10,PADD 1,NBF,Bahama Islands,4.0,0.0
2018-12,R10,PADD 1,NCA,Canada,682.0,22.0
2018-12,R10,PADD 1,NCI,Chile,0.0,0.0
2018-12,R10,PADD 1,NCS,Costa Rica,0.0,0.0
2018-12,R10,PADD 1,NEC,Ecuador,1.0,0.0
2018-12,R10,PADD 1,NMX,Mexico,0.0,0.0
2018-12,R10,PADD 1,NTK,Turks and Caicos Islands,12.0,0.0
2018-12,R10,PADD 1,NVC,Saint Vincent and the Grenadines,0.0,0.0
2018-12,R10,PADD 1,Z00,,698.0,23.0
2018-12,R20,PADD 2,NCA,Canada,45.0,1.0
2018-12,R20,PADD 2,Z00,,45.0,1.0
2018-12,R30,PADD 3,NAA,Aruba,80.0,3.0
2018-12,R30,PADD 3,NAC,Antigua and Barbuda,117.0,4.0
2018-12,R30,PADD 3,NAR,Argentina,248.0,8.0
2018-12,R30,PADD 3,NBF,Bahama Islands,131.0,4.0
2018-12,R30,PADD 3,NBH,Belize,20.0,1.0
2018-12,R30,PADD 3,NCA,Canada,313.0,10.0
2018-12,R30,PADD 3,NCH,China,0.0,0.0
2018-12,R30,PADD 3,NCJ,Cayman Islands,12.0,0.0
2018-12,R30,PADD 3,NCS,Costa Rica,186.0,6.0
2018-12,R30,PADD 3,NDR,Dominican Republic,333.0,11.0
2018-12,R30,PADD 3,NEC,Ecuador,0.0,0.0
2018-12,R30,PADD 3,NEG,Egypt,1.0,0.0
2018-12,R30,PADD 3,NES,El Salvador,129.0,4.0
2018-12,R30,PADD 3,NGT,Guatemala,166.0,5.0
2018-12,R30,PADD 3,NHO,Honduras,132.0,4.0
2018-12,R30,PADD 3,NMX,Mexico,1604.0,52.0
2018-12,R30,PADD 3,NNI,Nigeria,1.0,0.0
2018-12,R30,PADD 3,NPE,Peru,233.0,8.0
2018-12,R30,PADD 3,NPM,Panama,356.0,11.0
2018-12,R30,PADD 3,NTC,United Arab Emirates,0.0,0.0
2018-12,R30,PADD 3,NTD,Trinidad and Tobago,331.0,11.0
2018-12,R30,PADD 3,NTO,Togo,317.0,10.0
2018-12,R30,PADD 3,NUC,Curacao,140.0,5.0
2018-12,R30,PADD 3,NVQ,Virgin Islands,184.0,6.0
2018-12,R30,PADD 3,Z00,,5034.0,162.0
2018-12,R50,PADD 5,NCA,Canada,447.0,14.0
2018-12,R50,PADD 5,NCH,China,0.0,0.0
2018-12,R50,PADD 5,NES,El Salvador,18.0,1.0
2018-12,R50,PADD 5,NMX,Mexico,300.0,10.0
2018-12,R50,PADD 5,Z00,,765.0,25.0
2019-01,NUS,U.S.,NAC,Antigua and Barbuda,33.0,1.0
2019-01,NUS,U.S.,NAR,Argentina,76.0,2.0
2019-01,NUS,U.S.,NBD,Bermuda,40.0,1.0
2019-01,NUS,U.S.,NBF,Bahama Islands,58.0,2.0
2019-01,NUS,U.S.,NBH,Belize,12.0,0.0
2019-01,NUS,U.S.,NBR,Brazil,330.0,11.0
2019-01,NUS,U.S.,NCA,Canada,1651.0,53.0
2019-01,NUS,U.S.,NCH,China,0.0,0.0
2019-01,NUS,U.S.,NCI,Chile,312.0,10.0
2019-01,NUS,U.S.,NCJ,Cayman Islands,20.0,1.0
2019-01,NUS,U.S.,NCO,Colombia,177.0,6.0
2019-01,NUS,U.S.,NCS,Costa Rica,219.0,7.0
2019-01,NUS,U.S.,NDO,Dominica,0.0,0.0
2019-01,NUS,U.S.,NDR,Dominican Republic,300.0,10.0
2019-01,NUS,U.S.,NES,El Salvador,86.0,3.0
2019-01,NUS,U.S.,NGT,Guatemala,138.0,4.0
2019-01,NUS,U.S.,NHO,Honduras,110.0,4.0
2019-01,NUS,U.S.,NIC,Iceland,332.0,11.0
2019-01,NUS,U.S.,NJA,Japan,0.0,0.0
2019-01,NUS,U.S.,NJM,Jamaica,60.0,2.0
2019-01,NUS,U.S.,NKS,Korea,0.0,0.0
2019-01,NUS,U.S.,NMX,Mexico,1880.0,61.0
2019-01,NUS,U.S.,NPE,Peru,398.0,13.0
2019-01,NUS,U.S.,NPM,Panama,607.0,20.0
2019-01,NUS,U.S.,NPZ,Puerto Rico,0.0,0.0
2019-01,NUS,U.S.,NTD,Trinidad and Tobago,468.0,15.0
2019-01,NUS,U.S.,NTK,Turks and Caicos Islands,11.0,0.0
2019-01,NUS,U.S.,NUC,Curacao,78.0,3.0
2019-01,NUS,U.S.,NUK,United Kingdom,294.0,9.0
2019-01,NUS,U.S.,NVE,Venezuela,11.0,0.0
2019-01,NUS,U.S.,NVM,Vietnam,0.0,0.0
2019-01,NUS,U.S.,NVQ,Virgin Islands,480.0,15.0
2019-01,NUS,U.S.,Z00,,8183.0,264.0
2019-01,R10,PADD 1,NBF,Bahama Islands,7.0,0.0
2019-01,R10,PADD 1,NCA,Canada,523.0,17.0
2019-01,R10,PADD 1,NCH,China,0.0,0.0
2019-01,R10,PADD 1,NES,El Salvador,0.0,0.0
2019-01,R10,PADD 1,NPZ,Puerto Rico,0.0,0.0
2019-01,R10,PADD 1,NTK,Turks and Caicos Islands,11.0,0.0
2019-01,R10,PADD 1,NVE,Venezuela,1.0,0.0
2019-01,R10,PADD 1,NVM,Vietnam,0.0,0.0
2019-01,R10,PADD 1,Z00,,543.0,18.0
2019-01,R20,PADD 2,NCA,Canada,49.0,2.0
2019-01,R20,PADD 2,Z00,,49.0,2.0
2019-01,R30,PADD 3,NAC,Antigua and Barbuda,33.0,1.0
2019-01,R30,PADD 3,NAR,Argentina,76.0,2.0
2019-01,R30,PADD 3,NBD,Bermuda,40.0,1.0
2019-01,R30,PADD 3,NBF,Bahama Islands,51.0,2.0
2019-01,R30,PADD 3,NBH,Belize,12.0,0.0
2019-01,R30,PADD 3,NBR,Brazil,330.0,11.0
2019-01,R30,PADD 3,NCA,Canada,646.0,21.0
2019-01,R30,PADD 3,NCI,Chile,312.0,10.0
2019-01,R30,PADD 3,NCJ,Cayman Islands,20.0,1.0
2019-01,R30,PADD 3,NCO,Colombia,177.0,6.0
2019-01,R30,PADD 3,NCS,Costa Rica,219.0,7.0
2019-01,R30,PADD 3,NDO,Dominica,0.0,0.0
2019-01,R30,PADD 3,NDR,Dominican Republic,300.0,10.0
2019-01,R30,PADD 3,NES,El Salvador,86.0,3.0
2019-01,R30,PADD 3,NGT,Guatemala,138.0,4.0
2019-01,R30,PADD 3,NHO,Honduras,110.0,4.0
2019-01,R30,PADD 3,NIC,Iceland,332.0,11.0
2019-01,R30,PADD 3,NJM,Jamaica,60.0,2.0
2019-01,R30,PADD 3,NMX,Mexico,1596.0,51.0
2019-01,R30,PADD 3,NPE,Peru,398.0,13.0
2019-01,R30,PADD 3,NPM,Panama,607.0,20.0
2019-01,R30,PADD 3,NTD,Trinidad and Tobago,468.0,15.0
2019-01,R30,PADD 3,NUC,Curacao,78.0,3.0
2019-01,R30,PADD 3,NUK,United Kingdom,294.0,9.0
2019-01,R30,PADD 3,NVE,Venezuela,10.0,0.0
2019-01,R30,PADD 3,NVQ,Virgin Islands,480.0,15.0
2019-01,R30,PADD 3,Z00,,6875.0,222.0
2019-01,R50,PADD 5,NCA,Canada,433.0,14.0
2019-01,R50,PADD 5,NJA,Japan,0.0,0.0
2019-01,R50,PADD 5,NKS,Korea,0.0,0.0
2019-01,R50,PADD 5,NMX,Mexico,283.0,9.0
2019-01,R50,PADD 5,Z00,,717.0,23.0
2019-02,NUS,U.S.,NAA,Aruba,78.0,3.0
2019-02,NUS,U.S.,NAC,Antigua and Barbuda,44.0,2.0
2019-02,NUS,U.S.,NAR,Argentina,69.0,2.0
2019-02,NUS,U.S.,NBD,Bermuda,0.0,0.0
2019-02,NUS,U.S.,NBF,Bahama Islands,60.0,2.0
2019-02,NUS,U.S.,NBH,Belize,12.0,0.0
2019-02,NUS,U.S.,NBR,Brazil,0.0,0.0
2019-02,NUS,U.S.,NCA,Canada,750.0,27.0
2019-02,NUS,U.S.,NCI,Chile,530.0,19.0
2019-02,NUS,U.S.,NCJ,Cayman Islands,12.0,0.0
2019-02,NUS,U.S.,NCO,Colombia,0.0,0.0
2019-02,NUS,U.S.,NCS,Costa Rica,230.0,8.0
2019-02,NUS,U.S.,NDR,Dominican Republic,321.0,11.0
2019-02,NUS,U.S.,NEC,Ecuador,8.0,0.0
2019-02,NUS,U.S.,NGT,Guatemala,186.0,7.0
2019-02,NUS,U.S.,NGY,Guyana,0.0,0.0
2019-02,NUS,U.S.,NHA,Haiti,75.0,3.0
2019-02,NUS,U.S.,NHO,Honduras,65.0,2.0
2019-02,NUS,U.S.,NIN,India,0.0,0.0
2019-02,NUS,U.S.,NIS,Israel,333.0,12.0
2019-02,NUS,U.S.,NJM,Jamaica,207.0,7.0
2019-02,NUS,U.S.,NLY,Libya,4.0,0.0
2019-02,NUS,U.S.,NMX,Mexico,1204.0,43.0
2019-02,NUS,U.S.,NPE,Peru,2.0,0.0
2019-02,NUS,U.S.,NPM,Panama,544.0,19.0
2019-02,NUS,U.S.,NPZ,Puerto Rico,0.0,0.0
2019-02,NUS,U.S.,NSA,Saudi Arabia,0.0,0.0
2019-02,NUS,U.S.,NTD,Trinidad and Tobago,217.0,8.0
2019-02,NUS,U.S.,NTK,Turks and Caicos Islands,11.0,0.0
2019-02,NUS,U.S.,NTS,Tunisia,0.0,0.0
2019-02,NUS,U.S.,NUK,United Kingdom,325.0,12.0
2019-02,NUS,U.S.,NUY,Uruguay,1.0,0.0
2019-02,NUS,U.S.,NVE,Venezuela,3.0,0.0
2019-02,NUS,U.S.,NVQ,Virgin Islands,74.0,3.0
2019-02,NUS,U.S.,Z00,,5366.0,192.0
2019-02,R10,PADD 1,NBD,Bermuda,0.0,0.0
2019-02,R10,PADD 1,NBF,Bahama Islands,1.0,0.0
2019-02,R10,PADD 1,NCA,Canada,258.0,9.0
2019-02,R10,PADD 1,NCO,Colombia,0.0,0.0
2019-02,R10,PADD 1,NCS,Costa Rica,0.0,0.0
2019-02,R10,PADD 1,NGY,Guyana,0.0,0.0
2019-02,R10,PADD 1,NJM,Jamaica,2.0,0.0
2019-02,R10,PADD 1,NPZ,Puerto Rico,0.0,0.0
2019-02,R10,PADD 1,NTD,Trinidad and Tobago,1.0,0.0
2019-02,R10,PADD 1,NTK,Turks and Caicos Islands,11.0,0.0
2019-02,R10,PADD 1,NTS,Tunisia,0.0,0.0
2019-02,R10,PADD 1,NUY,Uruguay,1.0,0.0
2019-02,R10,PADD 1,NVE,Venezuela,3.0,0.0
2019-02,R10,PADD 1,Z00,,277.0,10.0
2019-02,R20,PADD 2,NCA,Canada,30.0,1.0
2019-02,R20,PADD 2,Z00,,30.0,1.0
2019-02,R30,PADD 3,NAA,Aruba,78.0,3.0
2019-02,R30,PADD 3,NAC,Antigua and Barbuda,44.0,2.0
2019-02,R30,PADD 3,NAR,Argentina,69.0,2.0
2019-02,R30,PADD 3,NBF,Bahama Islands,59.0,2.0
2019-02,R30,PADD 3,NBH,Belize,12.0,0.0
2019-02,R30,PADD 3,NBR,Brazil,0.0,0.0
2019-02,R30,PADD 3,NCA,Canada,65.0,2.0
2019-02,R30,PADD 3,NCI,Chile,310.0,11.0
2019-02,R30,PADD 3,NCJ,Cayman Islands,12.0,0.0
2019-02,R30,PADD 3,NCS,Costa Rica,230.0,8.0
2019-02,R30,PADD 3,NDR,Dominican Republic,321.0,11.0
2019-02,R30,PADD 3,NEC,Ecuador,8.0,0.0
2019-02,R30,PADD 3,NGT,Guatemala,186.0,7.0
2019-02,R30,PADD 3,NHA,Haiti,75.0,3.0
2019-02,R30,PADD 3,NHO,Honduras,65.0,2.0
2019-02,R30,PADD 3,NIN,India,0.0,0.0
2019-02,R30,PADD 3,NIS,Israel,333.0,12.0
2019-02,R30,PADD 3,NJM,Jamaica,205.0,7.0
2019-02,R30,PADD 3,NLY,Libya,4.0,0.0
2019-02,R30,PADD 3,NMX,Mexico,899.0,32.0
2019-02,R30,PADD 3,NPE,Peru,2.0,0.0
2019-02,R30,PADD 3,NPM,Panama,544.0,19.0
2019-02,R30,PADD 3,NSA,Saudi Arabia,0.0,0.0
2019-02,R30,PADD 3,NTD,Trinidad and Tobago,217.0,8.0
2019-02,R30,PADD 3,NUK,United Kingdom,325.0,12.0
2019-02,R30,PADD 3,NVQ,Virgin Islands,74.0,3.0
2019-02,R30,PADD 3,Z00,,4137.0,148.0
2019-02,R50,PADD 5,NCA,Canada,397.0,14.0
2019-02,R50,PADD 5,NCI,Chile,220.0,8.0
2019-02,R50,PADD 5,NMX,Mexico,305.0,11.0
2019-02,R50,PADD 5,Z00,,922.0,33.0
2019-03,NUS,U.S.,NAA,Aruba,120.0,4.0
2019-03,NUS,U.S.,NAC,Antigua and Barbuda,103.0,3.0
2019-03,NUS,U.S.,NAR,Argentina,34.0,1.0
2019-03,NUS,U.S.,NBF,Bahama Islands,75.0,2.0
2019-03,NUS,U.S.,NBH,Belize,9.0,0.0
2019-03,NUS,U.S.,NBR,Brazil,25.0,1.0
2019-03,NUS,U.S.,NCA,Canada,1052.0,34.0
2019-03,NUS,U.S.,NCI,Chile,140.0,5.0
2019-03,NUS,U.S.,NCJ,Cayman Islands,60.0,2.0
2019-03,NUS,U.S.,NCS,Costa Rica,213.0,7.0
2019-03,NUS,U.S.,NDO,Dominica,0.0,0.0
2019-03,NUS,U.S.,NDR,Dominican Republic,260.0,8.0
2019-03,NUS,U.S.,NES,El Salvador,20.0,1.0
2019-03,NUS,U.S.,NGJ,Grenada,0.0,0.0
2019-03,NUS,U.S.,NGT,Guatemala,189.0,6.0
2019-03,NUS,U.S.,NHO,Honduras,28.0,1.0
2019-03,NUS,U.S.,NJM,Jamaica,120.0,4.0
2019-03,NUS,U.S.,NLE,Lebanon,0.0,0.0
2019-03,NUS,U.S.,NMX,Mexico,1827.0,59.0
2019-03,NUS,U.S.,NPE,Peru,230.0,7.0
2019-03,NUS,U.S.,NPM,Panama,471.0,15.0
2019-03,NUS,U.S.,NPZ,Puerto Rico,0.0,0.0
2019-03,NUS,U.S.,NTD,Trinidad and Tobago,50.0,2.0
2019-03,NUS,U.S.,NTK,Turks and Caicos Islands,17.0,1.0
2019-03,NUS,U.S.,NTU,Turkiye,0.0,0.0
2019-03,NUS,U.S.,NVE,Venezuela,2.0,0.0
2019-03,NUS,U.S.,NVQ,Virgin Islands,318.0,10.0
2019-03,NUS,U.S.,Z00,,5365.0,173.0
2019-03,R10,PADD 1,NBF,Bahama Islands,5.0,0.0
2019-03,R10,PADD 1,NCA,Canada,352.0,11.0
2019-03,R10,PADD 1,NCS,Costa Rica,0.0,0.0
2019-03,R10,PADD 1,NGJ,Grenada,0.0,0.0
2019-03,R10,PADD 1,NJM,Jamaica,0.0,0.0
2019-03,R10,PADD 1,NPZ,Puerto Rico,0.0,0.0
2019-03,R10,PADD 1,NTD,Trinidad and Tobago,0.0,0.0
2019-03,R10,PADD 1,NTK,Turks and Caicos Islands,17.0,1.0
2019-03,R10,PADD 1,NTU,Turkiye,0.0,0.0
2019-03,R10,PADD 1,NVE,Venezuela,2.0,0.0
2019-03,R10,PADD 1,Z00,,377.0,12.0
2019-03,R20,PADD 2,NCA,Canada,116.0,4.0
2019-03,R20,PADD 2,Z00,,116.0,4.0
2019-03,R30,PADD 3,NAA,Aruba,120.0,4.0
2019-03,R30,PADD 3,NAC,Antigua and Barbuda,103.0,3.0
2019-03,R30,PADD 3,NAR,Argentina,34.0,1.0
2019-03,R30,PADD 3,NBF,Bahama Islands,70.0,2.0
2019-03,R30,PADD 3,NBH,Belize,9.0,0.0
2019-03,R30,PADD 3,NBR,Brazil,25.0,1.0
2019-03,R30,PADD 3,NCA,Canada,306.0,10.0
2019-03,R30,PADD 3,NCI,Chile,140.0,5.0
2019-03,R30,PADD 3,NCJ,Cayman Islands,60.0,2.0
2019-03,R30,PADD 3,NCS,Costa Rica,213.0,7.0
2019-03,R30,PADD 3,NDO,Dominica,0.0,0.0
2019-03,R30,PADD 3,NDR,Dominican Republic,260.0,8.0
2019-03,R30,PADD 3,NGT,Guatemala,189.0,6.0
2019-03,R30,PADD 3,NHO,Honduras,28.0,1.0
2019-03,R30,PADD 3,NJM,Jamaica,120.0,4.0
2019-03,R30,PADD 3,NLE,Lebanon,0.0,0.0
2019-03,R30,PADD 3,NMX,Mexico,1276.0,41.0
2019-03,R30,PADD 3,NPE,Peru,230.0,7.0
2019-03,R30,PADD 3,NPM,Panama,471.0,15.0
2019-03,R30,PADD 3,NTD,Trinidad and Tobago,50.0,2.0
2019-03,R30,PADD 3,NVQ,Virgin Islands,318.0,10.0
2019-03,R30,PADD 3,Z00,,4022.0,130.0
2019-03,R50,PADD 5,NCA,Canada,279.0,9.0
2019-03,R50,PADD 5,NES,El Salvador,20.0,1.0
2019-03,R50,PADD 5,NMX,Mexico,551.0,18.0
2019-03,R50,PADD 5,Z00,,850.0,27.0
2019-04,NUS,U.S.,NAC,Antigua and Barbuda,17.0,1.0
2019-04,NUS,U.S.,NAR,Argentina,104.0,3.0
2019-04,NUS,U.S.,NAV,Anguilla,0.0,0.0
2019-04,NUS,U.S.,NBD,Bermuda,44.0,1.0
2019-04,NUS,U.S.,NBF,Bahama Islands,98.0,3.0
2019-04,NUS,U.S.,NBH,Belize,24.0,1.0
2019-04,NUS,U.S.,NBR,Brazil,0.0,0.0
2019-04,NUS,U.S.,NCA,Canada,1267.0,42.0
2019-04,NUS,U.S.,NCI,Chile,435.0,15.0
2019-04,NUS,U.S.,NCJ,Cayman Islands,45.0,2.0
2019-04,NUS,U.S.,NCS,Costa Rica,70.0,2.0
2019-04,NUS,U.S.,NDR,Dominican Republic,356.0,12.0
2019-04,NUS,U.S.,NGT,Guatemala,152.0,5.0
2019-04,NUS,U.S.,NHO,Honduras,37.0,1.0
2019-04,NUS,U.S.,NJM,Jamaica,174.0,6.0
2019-04,NUS,U.S.,NKS,Korea,0.0,0.0
2019-04,NUS,U.S.,NMX,Mexico,1948.0,65.0
2019-04,NUS,U.S.,NNU,Nicaragua,32.0,1.0
2019-04,NUS,U.S.,NPE,Peru,205.0,7.0
2019-04,NUS,U.S.,NPM,Panama,507.0,17.0
2019-04,NUS,U.S.,NPZ,Puerto Rico,0.0,0.0
2019-04,NUS,U.S.,NRS,Russia,0.0,0.0
2019-04,NUS,U.S.,NSA,Saudi Arabia,0.0,0.0
2019-04,NUS,U.S.,NTD,Trinidad and Tobago,1.0,0.0
2019-04,NUS,U.S.,NTK,Turks and Caicos Islands,12.0,0.0
2019-04,NUS,U.S.,NTW,Taiwan,0.0,0.0
2019-04,NUS,U.S.,NUK,United Kingdom,0.0,0.0
2019-04,NUS,U.S.,NVE,Venezuela,0.0,0.0
2019-04,NUS,U.S.,NVM,Vietnam,1.0,0.0
2019-04,NUS,U.S.,NVQ,Virgin Islands,315.0,11.0
2019-04,NUS,U.S.,Z00,,5843.0,195.0
2019-04,R10,PADD 1,NAV,Anguilla,0.0,0.0
2019-04,R10,PADD 1,NBF,Bahama Islands,7.0,0.0
2019-04,R10,PADD 1,NCA,Canada,652.0,22.0
2019-04,R10,PADD 1,NPZ,Puerto Rico,0.0,0.0
2019-04,R10,PADD 1,NRS,Russia,0.0,0.0
2019-04,R10,PADD 1,NTD,Trinidad and Tobago,1.0,0.0
2019-04,R10,PADD 1,NTK,Turks and Caicos Islands,12.0,0.0
2019-04,R10,PADD 1,NVE,Venezuela,0.0,0.0
2019-04,R10,PADD 1,NVM,Vietnam,1.0,0.0
2019-04,R10,PADD 1,NVQ,Virgin Islands,0.0,0.0
2019-04,R10,PADD 1,Z00,,673.0,22.0
2019-04,R20,PADD 2,NCA,Canada,38.0,1.0
2019-04,R20,PADD 2,NUK,United Kingdom,0.0,0.0
2019-04,R20,PADD 2,Z00,,39.0,1.0
2019-04,R30,PADD 3,NAC,Antigua and Barbuda,17.0,1.0
2019-04,R30,PADD 3,NAR,Argentina,104.0,3.0
2019-04,R30,PADD 3,NBD,Bermuda,44.0,1.0
2019-04,R30,PADD 3,NBF,Bahama Islands,91.0,3.0
2019-04,R30,PADD 3,NBH,Belize,24.0,1.0
2019-04,R30,PADD 3,NBR,Brazil,0.0,0.0
2019-04,R30,PADD 3,NCA,Canada,220.0,7.0
2019-04,R30,PADD 3,NCI,Chile,435.0,15.0
2019-04,R30,PADD 3,NCJ,Cayman Islands,45.0,2.0
2019-04,R30,PADD 3,NCS,Costa Rica,70.0,2.0
2019-04,R30,PADD 3,NDR,Dominican Republic,356.0,12.0
2019-04,R30,PADD 3,NGT,Guatemala,152.0,5.0
2019-04,R30,PADD 3,NHO,Honduras,37.0,1.0
2019-04,R30,PADD 3,NJM,Jamaica,174.0,6.0
2019-04,R30,PADD 3,NMX,Mexico,1645.0,55.0
2019-04,R30,PADD 3,NNU,Nicaragua,32.0,1.0
2019-04,R30,PADD 3,NPE,Peru,205.0,7.0
2019-04,R30,PADD 3,NPM,Panama,507.0,17.0
2019-04,R30,PADD 3,NSA,Saudi Arabia,0.0,0.0
2019-04,R30,PADD 3,NVQ,Virgin Islands,315.0,11.0
2019-04,R30,PADD 3,Z00,,4473.0,149.0
2019-04,R50,PADD 5,NCA,Canada,356.0,12.0
2019-04,R50,PADD 5,NKS,Korea,0.0,0.0
2019-04,R50,PADD 5,NMX,Mexico,303.0,10.0
2019-04,R50,PADD 5,NTW,Taiwan,0.0,0.0
2019-04,R50,PADD 5,Z00,,660.0,22.0
2019-05,NUS,U.S.,NAA,Aruba,75.0,2.0
2019-05,NUS,U.S.,NAC,Antigua and Barbuda,61.0,2.0
2019-05,NUS,U.S.,NBA,Bahrain,0.0,0.0
2019-05,NUS,U.S.,NBF,Bahama Islands,65.0,2.0
2019-05,NUS,U.S.,NBH,Belize,5.0,0.0
2019-05,NUS,U.S.,NCA,Canada,1656.0,53.0
2019-05,NUS,U.S.,NCI,Chile,452.0,15.0
2019-05,NUS,U.S.,NCJ,Cayman Islands,12.0,0.0
2019-05,NUS,U.S.,NCS,Costa Rica,199.0,6.0
2019-05,NUS,U.S.,NDR,Dominican Republic,126.0,4.0
2019-05,NUS,U.S.,NES,El Salvador,30.0,1.0
2019-05,NUS,U.S.,NGT,Guatemala,285.0,9.0
2019-05,NUS,U.S.,NHA,Haiti,20.0,1.0
2019-05,NUS,U.S.,NHO,Honduras,63.0,2.0
2019-05,NUS,U.S.,NIC,Iceland,315.0,10.0
2019-05,NUS,U.S.,NIN,India,0.0,0.0
2019-05,NUS,U.S.,NIS,Israel,333.0,11.0
2019-05,NUS,U.S.,NJM,Jamaica,70.0,2.0
2019-05,NUS,U.S.,NMX,Mexico,1322.0,43.0
2019-05,NUS,U.S.,NNL,Netherlands,0.0,0.0
2019-05,NUS,U.S.,NNU,Nicaragua,0.0,0.0
2019-05,NUS,U.S.,NPE,Peru,216.0,7.0
2019-05,NUS,U.S.,NPM,Panama,388.0,13.0
2019-05,NUS,U.S.,NRP,Philippines,0.0,0.0
2019-05,NUS,U.S.,NST,Saint Lucia,0.0,0.0
2019-05,NUS,U.S.,NSW,Sweden,2.0,0.0
2019-05,NUS,U.S.,NTD,Trinidad and Tobago,240.0,8.0
2019-05,NUS,U.S.,NTK,Turks and Caicos Islands,4.0,0.0
2019-05,NUS,U.S.,NVE,Venezuela,0.0,0.0
2019-05,NUS,U.S.,NVM,Vietnam,0.0,0.0
2019-05,NUS,U.S.,NVQ,Virgin Islands,72.0,2.0
2019-05,NUS,U.S.,Z00,,6014.0,194.0
2019-05,R10,PADD 1,NBF,Bahama Islands,11.0,0.0
2019-05,R10,PADD 1,NCA,Canada,731.0,24.0
2019-05,R10,PADD 1,NIN,India,0.0,0.0
2019-05,R10,PADD 1,NPE,Peru,0.0,0.0
2019-05,R10,PADD 1,NPM,Panama,0.0,0.0
2019-05,R10,PADD 1,NST,Saint Lucia,0.0,0.0
2019-05,R10,PADD 1,NTD,Trinidad and Tobago,0.0,0.0
2019-05,R10,PADD 1,NTK,Turks and Caicos Islands,4.0,0.0
2019-05,R10,PADD 1,NVE,Venezuela,0.0,0.0
2019-05,R10,PADD 1,NVM,Vietnam,0.0,0.0
2019-05,R10,PADD 1,Z00,,747.0,24.0
2019-05,R20,PADD 2,NCA,Canada,37.0,1.0
2019-05,R20,PADD 2,Z00,,37.0,1.0
2019-05,R30,PADD 3,NAA,Aruba,75.0,2.0
2019-05,R30,PADD 3,NAC,Antigua and Barbuda,61.0,2.0
2019-05,R30,PADD 3,NBA,Bahrain,0.0,0.0
2019-05,R30,PADD 3,NBF,Bahama Islands,54.0,2.0
2019-05,R30,PADD 3,NBH,Belize,5.0,0.0
2019-05,R30,PADD 3,NCA,Canada,573.0,18.0
2019-05,R30,PADD 3,NCI,Chile,452.0,15.0
2019-05,R30,PADD 3,NCJ,Cayman Islands,12.0,0.0
2019-05,R30,PADD 3,NCS,Costa Rica,199.0,6.0
2019-05,R30,PADD 3,NDR,Dominican Republic,126.0,4.0
2019-05,R30,PADD 3,NES,El Salvador,30.0,1.0
2019-05,R30,PADD 3,NGT,Guatemala,285.0,9.0
2019-05,R30,PADD 3,NHA,Haiti,20.0,1.0
2019-05,R30,PADD 3,NHO,Honduras,63.0,2.0
2019-05,R30,PADD 3,NIC,Iceland,315.0,10.0
2019-05,R30,PADD 3,NIS,Israel,333.0,11.0
2019-05,R30,PADD 3,NJM,Jamaica,70.0,2.0
2019-05,R30,PADD 3,NMX,Mexico,1247.0,40.0
2019-05,R30,PADD 3,NNU,Nicaragua,0.0,0.0
2019-05,R30,PADD 3,NPE,Peru,216.0,7.0
2019-05,R30,PADD 3,NPM,Panama,388.0,13.0
2019-05,R30,PADD 3,NTD,Trinidad and Tobago,240.0,8.0
2019-05,R30,PADD 3,NVQ,Virgin Islands,72.0,2.0
2019-05,R30,PADD 3,Z00,,4836.0,156.0
2019-05,R50,PADD 5,NCA,Canada,315.0,10.0
2019-05,R50,PADD 5,NMX,Mexico,75.0,2.0
2019-05,R50,PADD 5,NNL,Netherlands,0.0,0.0
2019-05,R50,PADD 5,NRP,Philippines,0.0,0.0
2019-05,R50,PADD 5,NSW,Sweden,2.0,0.0
2019-05,R50,PADD 5,Z00,,393.0,13.0
2019-06,NUS,U.S.,NAR,Argentina,181.0,6.0
2019-06,NUS,U.S.,NBD,Bermuda,39.0,1.0
2019-06,NUS,U.S.,NBF,Bahama Islands,42.0,1.0
2019-06,NUS,U.S.,NBH,Belize,10.0,0.0
2019-06,NUS,U.S.,NCA,Canada,1854.0,62.0
2019-06,NUS,U.S.,NCI,Chile,201.0,7.0
2019-06,NUS,U.S.,NCJ,Cayman Islands,12.0,0.0
2019-06,NUS,U.S.,NCS,Costa Rica,190.0,6.0
2019-06,NUS,U.S.,NDR,Dominican Republic,183.0,6.0
2019-06,NUS,U.S.,NGT,Guatemala,118.0,4.0
2019-06,NUS,U.S.,NHA,Haiti,32.0,1.0
2019-06,NUS,U.S.,NHO,Honduras,3.0,0.0
2019-06,NUS,U.S.,NIC,Iceland,312.0,10.0
2019-06,NUS,U.S.,NJM,Jamaica,85.0,3.0
2019-06,NUS,U.S.,NKS,Korea,0.0,0.0
2019-06,NUS,U.S.,NLE,Lebanon,0.0,0.0
2019-06,NUS,U.S.,NMO,Morocco,329.0,11.0
2019-06,NUS,U.S.,NMX,Mexico,1614.0,54.0
2019-06,NUS,U.S.,NPM,Panama,478.0,16.0
2019-06,NUS,U.S.,NPZ,Puerto Rico,0.0,0.0
2019-06,NUS,U.S.,NSA,Saudi Arabia,0.0,0.0
2019-06,NUS,U.S.,NTD,Trinidad and Tobago,0.0,0.0
2019-06,NUS,U.S.,NTK,Turks and Caicos Islands,6.0,0.0
2019-06,NUS,U.S.,NUC,Curacao,75.0,3.0
2019-06,NUS,U.S.,NUK,United Kingdom,320.0,11.0
2019-06,NUS,U.S.,NVE,Venezuela,0.0,0.0
2019-06,NUS,U.S.,NVQ,Virgin Islands,315.0,11.0
2019-06,NUS,U.S.,Z00,,6399.0,213.0
2019-06,R10,PADD 1,NBF,Bahama Islands,4.0,0.0
2019-06,R10,PADD 1,NCA,Canada,588.0,20.0
2019-06,R10,PADD 1,NCI,Chile,0.0,0.0
2019-06,R10,PADD 1,NPZ,Puerto Rico,0.0,0.0
2019-06,R10,PADD 1,NTD,Trinidad and Tobago,0.0,0.0
2019-06,R10,PADD 1,NTK,Turks and Caicos Islands,6.0,0.0
2019-06,R10,PADD 1,NVE,Venezuela,0.0,0.0
2019-06,R10,PADD 1,Z00,,599.0,20.0
2019-06,R20,PADD 2,NCA,Canada,38.0,1.0
2019-06,R20,PADD 2,Z00,,38.0,1.0
2019-06,R30,PADD 3,NAR,Argentina,181.0,6.0
2019-06,R30,PADD 3,NBD,Bermuda,39.0,1.0
2019-06,R30,PADD 3,NBF,Bahama Islands,38.0,1.0
2019-06,R30,PADD 3,NBH,Belize,10.0,0.0
2019-06,R30,PADD 3,NCA,Canada,851.0,28.0
2019-06,R30,PADD 3,NCI,Chile,201.0,7.0
2019-06,R30,PADD 3,NCJ,Cayman Islands,12.0,0.0
2019-06,R30,PADD 3,NCS,Costa Rica,190.0,6.0
2019-06,R30,PADD 3,NDR,Dominican Republic,183.0,6.0
2019-06,R30,PADD 3,NGT,Guatemala,118.0,4.0
2019-06,R30,PADD 3,NHA,Haiti,32.0,1.0
2019-06,R30,PADD 3,NHO,Honduras,3.0,0.0
2019-06,R30,PADD 3,NIC,Iceland,312.0,10.0
2019-06,R30,PADD 3,NJM,Jamaica,85.0,3.0
2019-06,R30,PADD 3,NLE,Lebanon,0.0,0.0
2019-06,R30,PADD 3,NMO,Morocco,329.0,11.0
2019-06,R30,PADD 3,NMX,Mexico,1338.0,45.0
2019-06,R30,PADD 3,NPM,Panama,478.0,16.0
2019-06,R30,PADD 3,NSA,Saudi Arabia,0.0,0.0
2019-06,R30,PADD 3,NUC,Curacao,75.0,3.0
2019-06,R30,PADD 3,NUK,United Kingdom,320.0,11.0
2019-06,R30,PADD 3,NVQ,Virgin Islands,315.0,11.0
2019-06,R30,PADD 3,Z00,,5109.0,170.0
2019-06,R50,PADD 5,NCA,Canada,377.0,13.0
2019-06,R50,PADD 5,NKS,Korea,0.0,0.0
2019-06,R50,PADD 5,NMX,Mexico,276.0,9.0
2019-06,R50,PADD 5,Z00,,653.0,22.0
2019-07,NUS,U.S.,NAA,Aruba,82.0,3.0
2019-07,NUS,U.S.,NAC,Antigua and Barbuda,126.0,4.0
2019-07,NUS,U.S.,NAR,Argentina,119.0,4.0
2019-07,NUS,U.S.,NBF,Bahama Islands,72.0,2.0
2019-07,NUS,U.S.,NBH,Belize,18.0,1.0
2019-07,NUS,U.S.,NCA,Canada,1363.0,44.0
2019-07,NUS,U.S.,NCH,China,0.0,0.0
2019-07,NUS,U.S.,NCI,Chile,0.0,0.0
2019-07,NUS,U.S.,NCJ,Cayman Islands,24.0,1.0
2019-07,NUS,U.S.,NCS,Costa Rica,160.0,5.0
2019-07,NUS,U.S.,NDA,Denmark,99.0,3.0
2019-07,NUS,U.S.,NDR,Dominican Republic,222.0,7.0
2019-07,NUS,U.S.,NES,El Salvador,22.0,1.0
2019-07,NUS,U.S.,NFI,Finland,453.0,15.0
2019-07,NUS,U.S.,NGJ,Grenada,0.0,0.0
2019-07,NUS,U.S.,NGT,Guatemala,206.0,7.0
2019-07,NUS,U.S.,NGY,Guyana,0.0,0.0
2019-07,NUS,U.S.,NHA,Haiti,98.0,3.0
2019-07,NUS,U.S.,NHO,Honduras,41.0,1.0
2019-07,NUS,U.S.,NIS,Israel,180.0,6.0
2019-07,NUS,U.S.,NJM,Jamaica,125.0,4.0
2019-07,NUS,U.S.,NKS,Korea,0.0,0.0
2019-07,NUS,U.S.,NLG,Latvia,0.0,0.0
2019-07,NUS,U.S.,NMX,Mexico,1848.0,60.0
2019-07,NUS,U.S.,NNL,Netherlands,319.0,10.0
2019-07,NUS,U.S.,NPE,Peru,0.0,0.0
2019-07,NUS,U.S.,NPM,Panama,508.0,16.0
2019-07,NUS,U.S.,NSN,Singapore,0.0,0.0
2019-07,NUS,U.S.,NST,Saint Lucia,0.0,0.0
2019-07,NUS,U.S.,NTC,United Arab Emirates,0.0,0.0
2019-07,NUS,U.S.,NTD,Trinidad and Tobago,73.0,2.0
2019-07,NUS,U.S.,NTK,Turks and Caicos Islands,4.0,0.0
2019-07,NUS,U.S.,NTU,Turkiye,0.0,0.0
2019-07,NUS,U.S.,NUK,United Kingdom,315.0,10.0
2019-07,NUS,U.S.,NVE,Venezuela,0.0,0.0
2019-07,NUS,U.S.,NVQ,Virgin Islands,0.0,0.0
2019-07,NUS,U.S.,Z00,,6478.0,209.0
2019-07,R10,PADD 1,NBF,Bahama Islands,8.0,0.0
2019-07,R10,PADD 1,NCA,Canada,490.0,16.0
2019-07,R10,PADD 1,NCH,China,0.0,0.0
2019-07,R10,PADD 1,NCJ,Cayman Islands,0.0,0.0
2019-07,R10,PADD 1,NCS,Costa Rica,0.0,0.0
2019-07,R10,PADD 1,NGJ,Grenada,0.0,0.0
2019-07,R10,PADD 1,NGT,Guatemala,0.0,0.0
2019-07,R10,PADD 1,NGY,Guyana,0.0,0.0
2019-07,R10,PADD 1,NHO,Honduras,0.0,0.0
2019-07,R10,PADD 1,NLG,Latvia,0.0,0.0
2019-07,R10,PADD 1,NPM,Panama,0.0,0.0
2019-07,R10,PADD 1,NST,Saint Lucia,0.0,0.0
2019-07,R10,PADD 1,NTD,Trinidad and Tobago,0.0,0.0
2019-07,R10,PADD 1,NTK,Turks and Caicos Islands,4.0,0.0
2019-07,R10,PADD 1,NTU,Turkiye,0.0,0.0
2019-07,R10,PADD 1,NUK,United Kingdom,0.0,0.0
2019-07,R10,PADD 1,NVE,Venezuela,0.0,0.0
2019-07,R10,PADD 1,NVQ,Virgin Islands,0.0,0.0
2019-07,R10,PADD 1,Z00,,504.0,16.0
2019-07,R20,PADD 2,NCA,Canada,47.0,2.0
2019-07,R20,PADD 2,Z00,,47.0,2.0
2019-07,R30,PADD 3,NAA,Aruba,82.0,3.0
2019-07,R30,PADD 3,NAC,Antigua and Barbuda,126.0,4.0
2019-07,R30,PADD 3,NAR,Argentina,119.0,4.0
2019-07,R30,PADD 3,NBF,Bahama Islands,63.0,2.0
2019-07,R30,PADD 3,NBH,Belize,18.0,1.0
2019-07,R30,PADD 3,NCA,Canada,390.0,13.0
2019-07,R30,PADD 3,NCI,Chile,0.0,0.0
2019-07,R30,PADD 3,NCJ,Cayman Islands,24.0,1.0
2019-07,R30,PADD 3,NCS,Costa Rica,160.0,5.0
2019-07,R30,PADD 3,NDA,Denmark,99.0,3.0
2019-07,R30,PADD 3,NDR,Dominican Republic,222.0,7.0
2019-07,R30,PADD 3,NES,El Salvador,22.0,1.0
2019-07,R30,PADD 3,NFI,Finland,453.0,15.0
2019-07,R30,PADD 3,NGT,Guatemala,206.0,7.0
2019-07,R30,PADD 3,NHA,Haiti,98.0,3.0
2019-07,R30,PADD 3,NHO,Honduras,41.0,1.0
2019-07,R30,PADD 3,NIS,Israel,180.0,6.0
2019-07,R30,PADD 3,NJM,Jamaica,125.0,4.0
2019-07,R30,PADD 3,NMX,Mexico,1382.0,45.0
2019-07,R30,PADD 3,NNL,Netherlands,319.0,10.0
2019-07,R30,PADD 3,NPE,Peru,0.0,0.0
2019-07,R30,PADD 3,NPM,Panama,508.0,16.0
2019-07,R30,PADD 3,NSN,Singapore,0.0,0.0
2019-07,R30,PADD 3,NTC,United Arab Emirates,0.0,0.0
2019-07,R30,PADD 3,NTD,Trinidad and Tobago,73.0,2.0
2019-07,R30,PADD 3,NUK,United Kingdom,315.0,10.0
2019-07,R30,PADD 3,Z00,,5025.0,162.0
2019-07,R50,PADD 5,NCA,Canada,436.0,14.0
2019-07,R50,PADD 5,NKS,Korea,0.0,0.0
2019-07,R50,PADD 5,NMX,Mexico,466.0,15.0
2019-07,R50,PADD 5,NNL,Netherlands,0.0,0.0
2019-07,R50,PADD 5,NUK,United Kingdom,0.0,0.0
2019-07,R50,PADD 5,Z00,,902.0,29.0
2019-08,NUS,U.S.,NAA,Aruba,82.0,3.0
2019-08,NUS,U.S.,NAC,Antigua and Barbuda,20.0,1.0
2019-08,NUS,U.S.,NAJ,Azerbaijan,0.0,0.0
2019-08,NUS,U.S.,NAR,Argentina,276.0,9.0
2019-08,NUS,U.S.,NBB,Barbados,0.0,0.0
2019-08,NUS,U.S.,NBD,Bermuda,30.0,1.0
2019-08,NUS,U.S.,NBF,Bahama Islands,60.0,2.0
2019-08,NUS,U.S.,NBH,Belize,10.0,0.0
2019-08,NUS,U.S.,NBR,Brazil,657.0,21.0
2019-08,NUS,U.S.,NCA,Canada,2175.0,70.0
2019-08,NUS,U.S.,NCH,China,0.0,0.0
2019-08,NUS,U.S.,NCI,Chile,2.0,0.0
2019-08,NUS,U.S.,NCJ,Cayman Islands,12.0,0.0
2019-08,NUS,U.S.,NCO,Colombia,0.0,0.0
2019-08,NUS,U.S.,NCS,Costa Rica,70.0,2.0
2019-08,NUS,U.S.,NDR,Dominican Republic,83.0,3.0
2019-08,NUS,U.S.,NEC,Ecuador,0.0,0.0
2019-08,NUS,U.S.,NES,El Salvador,0.0,0.0
2019-08,NUS,U.S.,NGT,Guatemala,303.0,10.0
2019-08,NUS,U.S.,NGY,Guyana,0.0,0.0
2019-08,NUS,U.S.,NHA,Haiti,40.0,1.0
2019-08,NUS,U.S.,NHO,Honduras,42.0,1.0
2019-08,NUS,U.S.,NIC,Iceland,645.0,21.0
2019-08,NUS,U.S.,NIN,India,1.0,0.0
2019-08,NUS,U.S.,NJA,Japan,0.0,0.0
2019-08,NUS,U.S.,NJM,Jamaica,80.0,3.0
2019-08,NUS,U.S.,NMX,Mexico,1694.0,55.0
2019-08,NUS,U.S.,NNU,Nicaragua,0.0,0.0
2019-08,NUS,U.S.,NPE,Peru,160.0,5.0
2019-08,NUS,U.S.,NPM,Panama,607.0,20.0
2019-08,NUS,U.S.,NPZ,Puerto Rico,0.0,0.0
2019-08,NUS,U.S.,NQA,Qatar,0.0,0.0
2019-08,NUS,U.S.,NRS,Russia,0.0,0.0
2019-08,NUS,U.S.,NSN,Singapore,0.0,0.0
2019-08,NUS,U.S.,NTC,United Arab Emirates,0.0,0.0
2019-08,NUS,U.S.,NTD,Trinidad and Tobago,215.0,7.0
2019-08,NUS,U.S.,NTK,Turks and Caicos Islands,8.0,0.0
2019-08,NUS,U.S.,NTU,Turkiye,0.0,0.0
2019-08,NUS,U.S.,NUK,United Kingdom,319.0,10.0
2019-08,NUS,U.S.,NVE,Venezuela,0.0,0.0
2019-08,NUS,U.S.,NVM,Vietnam,1.0,0.0
2019-08,NUS,U.S.,NVQ,Virgin Islands,292.0,9.0
2019-08,NUS,U.S.,Z00,,7885.0,254.0
2019-08,R10,PADD 1,NAA,Aruba,0.0,0.0
2019-08,R10,PADD 1,NAJ,Azerbaijan,0.0,0.0
2019-08,R10,PADD 1,NBB,Barbados,0.0,0.0
2019-08,R10,PADD 1,NBF,Bahama Islands,6.0,0.0
2019-08,R10,PADD 1,NBR,Brazil,0.0,0.0
2019-08,R10,PADD 1,NCA,Canada,308.0,10.0
2019-08,R10,PADD 1,NCJ,Cayman Islands,0.0,0.0
2019-08,R10,PADD 1,NCS,Costa Rica,0.0,0.0
2019-08,R10,PADD 1,NDR,Dominican Republic,0.0,0.0
2019-08,R10,PADD 1,NEC,Ecuador,0.0,0.0
2019-08,R10,PADD 1,NES,El Salvador,0.0,0.0
2019-08,R10,PADD 1,NGT,Guatemala,0.0,0.0
2019-08,R10,PADD 1,NGY,Guyana,0.0,0.0
2019-08,R10,PADD 1,NHO,Honduras,0.0,0.0
2019-08,R10,PADD 1,NJM,Jamaica,0.0,0.0
2019-08,R10,PADD 1,NNU,Nicaragua,0.0,0.0
2019-08,R10,PADD 1,NPE,Peru,0.0,0.0
2019-08,R10,PADD 1,NPM,Panama,0.0,0.0
2019-08,R10,PADD 1,NPZ,Puerto Rico,0.0,0.0
2019-08,R10,PADD 1,NTD,Trinidad and Tobago,0.0,0.0
2019-08,R10,PADD 1,NTK,Turks and Caicos Islands,8.0,0.0
2019-08,R10,PADD 1,NTU,Turkiye,0.0,0.0
2019-08,R10,PADD 1,NVM,Vietnam,1.0,0.0
2019-08,R10,PADD 1,Z00,,324.0,10.0
2019-08,R20,PADD 2,NCA,Canada,43.0,1.0
2019-08,R20,PADD 2,Z00,,43.0,1.0
2019-08,R30,PADD 3,NAA,Aruba,82.0,3.0
2019-08,R30,PADD 3,NAC,Antigua and Barbuda,20.0,1.0
2019-08,R30,PADD 3,NAR,Argentina,276.0,9.0
2019-08,R30,PADD 3,NBD,Bermuda,30.0,1.0
2019-08,R30,PADD 3,NBF,Bahama Islands,54.0,2.0
2019-08,R30,PADD 3,NBH,Belize,10.0,0.0
2019-08,R30,PADD 3,NBR,Brazil,657.0,21.0
2019-08,R30,PADD 3,NCA,Canada,1388.0,45.0
2019-08,R30,PADD 3,NCI,Chile,2.0,0.0
2019-08,R30,PADD 3,NCJ,Cayman Islands,12.0,0.0
2019-08,R30,PADD 3,NCO,Colombia,0.0,0.0
2019-08,R30,PADD 3,NCS,Costa Rica,70.0,2.0
2019-08,R30,PADD 3,NDR,Dominican Republic,83.0,3.0
2019-08,R30,PADD 3,NGT,Guatemala,303.0,10.0
2019-08,R30,PADD 3,NHA,Haiti,40.0,1.0
2019-08,R30,PADD 3,NHO,Honduras,42.0,1.0
2019-08,R30,PADD 3,NIC,Iceland,645.0,21.0
2019-08,R30,PADD 3,NJM,Jamaica,80.0,3.0
2019-08,R30,PADD 3,NMX,Mexico,1444.0,47.0
2019-08,R30,PADD 3,NPE,Peru,160.0,5.0
2019-08,R30,PADD 3,NPM,Panama,607.0,20.0
2019-08,R30,PADD 3,NQA,Qatar,0.0,0.0
2019-08,R30,PADD 3,NSN,Singapore,0.0,0.0
2019-08,R30,PADD 3,NTC,United Arab Emirates,0.0,0.0
2019-08,R30,PADD 3,NTD,Trinidad and Tobago,215.0,7.0
2019-08,R30,PADD 3,NUK,United Kingdom,319.0,10.0
2019-08,R30,PADD 3,NVE,Venezuela,0.0,0.0
2019-08,R30,PADD 3,NVQ,Virgin Islands,292.0,9.0
2019-08,R30,PADD 3,Z00,,6831.0,220.0
2019-08,R50,PADD 5,NCA,Canada,436.0,14.0
2019-08,R50,PADD 5,NCH,China,0.0,0.0
2019-08,R50,PADD 5,NHO,Honduras,0.0,0.0
2019-08,R50,PADD 5,NIN,India,1.0,0.0
2019-08,R50,PADD 5,NJA,Japan,0.0,0.0
2019-08,R50,PADD 5,NMX,Mexico,250.0,8.0
2019-08,R50,PADD 5,NRS,Russia,0.0,0.0
2019-08,R50,PADD 5,Z00,,687.0,22.0
2019-09,NUS,U.S.,NAA,Aruba,75.0,2.0
2019-09,NUS,U.S.,NAC,Antigua and Barbuda,20.0,1.0
2019-09,NUS,U.S.,NAR,Argentina,25.0,1.0
2019-09,NUS,U.S.,NBF,Bahama Islands,51.0,2.0
2019-09,NUS,U.S.,NBH,Belize,16.0,1.0
2019-09,NUS,U.S.,NBR,Brazil,688.0,23.0
2019-09,NUS,U.S.,NCA,Canada,1558.0,52.0
2019-09,NUS,U.S.,NCH,China,0.0,0.0
2019-09,NUS,U.S.,NCI,Chile,0.0,0.0
2019-09,NUS,U.S.,NCJ,Cayman Islands,12.0,0.0
2019-09,NUS,U.S.,NCO,Colombia,120.0,4.0
2019-09,NUS,U.S.,NCS,Costa Rica,70.0,2.0
2019-09,NUS,U.S.,NDR,Dominican Republic,123.0,4.0
2019-09,NUS,U.S.,NES,El Salvador,42.0,1.0
2019-09,NUS,U.S.,NGT,Guatemala,145.0,5.0
2019-09,NUS,U.S.,NHO,Honduras,52.0,2.0
2019-09,NUS,U.S.,NJM,Jamaica,92.0,3.0
2019-09,NUS,U.S.,NMX,Mexico,1265.0,42.0
2019-09,NUS,U.S.,NNL,Netherlands,1270.0,42.0
2019-09,NUS,U.S.,NPM,Panama,307.0,10.0
2019-09,NUS,U.S.,NSF,South Africa,318.0,11.0
2019-09,NUS,U.S.,NTD,Trinidad and Tobago,228.0,8.0
2019-09,NUS,U.S.,NTK,Turks and Caicos Islands,5.0,0.0
2019-09,NUS,U.S.,NUC,Curacao,78.0,3.0
2019-09,NUS,U.S.,NUK,United Kingdom,640.0,21.0
2019-09,NUS,U.S.,NVQ,Virgin Islands,79.0,3.0
2019-09,NUS,U.S.,Z00,,7279.0,243.0
2019-09,R10,PADD 1,NBF,Bahama Islands,2.0,0.0
2019-09,R10,PADD 1,NCA,Canada,775.0,26.0
2019-09,R10,PADD 1,NCH,China,0.0,0.0
2019-09,R10,PADD 1,NCI,Chile,0.0,0.0
2019-09,R10,PADD 1,NCO,Colombia,0.0,0.0
2019-09,R10,PADD 1,NTK,Turks and Caicos Islands,5.0,0.0
2019-09,R10,PADD 1,Z00,,782.0,26.0
2019-09,R20,PADD 2,NCA,Canada,52.0,2.0
2019-09,R20,PADD 2,Z00,,52.0,2.0
2019-09,R30,PADD 3,NAA,Aruba,75.0,2.0
2019-09,R30,PADD 3,NAC,Antigua and Barbuda,20.0,1.0
2019-09,R30,PADD 3,NAR,Argentina,25.0,1.0
2019-09,R30,PADD 3,NBF,Bahama Islands,49.0,2.0
2019-09,R30,PADD 3,NBH,Belize,16.0,1.0
2019-09,R30,PADD 3,NBR,Brazil,688.0,23.0
2019-09,R30,PADD 3,NCA,Canada,353.0,12.0
2019-09,R30,PADD 3,NCJ,Cayman Islands,12.0,0.0
2019-09,R30,PADD 3,NCO,Colombia,120.0,4.0
2019-09,R30,PADD 3,NCS,Costa Rica,70.0,2.0
2019-09,R30,PADD 3,NDR,Dominican Republic,123.0,4.0
2019-09,R30,PADD 3,NES,El Salvador,20.0,1.0
2019-09,R30,PADD 3,NGT,Guatemala,145.0,5.0
2019-09,R30,PADD 3,NHO,Honduras,52.0,2.0
2019-09,R30,PADD 3,NJM,Jamaica,92.0,3.0
2019-09,R30,PADD 3,NMX,Mexico,875.0,29.0
2019-09,R30,PADD 3,NNL,Netherlands,1270.0,42.0
2019-09,R30,PADD 3,NPM,Panama,307.0,10.0
2019-09,R30,PADD 3,NSF,South Africa,318.0,11.0
2019-09,R30,PADD 3,NTD,Trinidad and Tobago,228.0,8.0
2019-09,R30,PADD 3,NUC,Curacao,78.0,3.0
2019-09,R30,PADD 3,NUK,United Kingdom,640.0,21.0
2019-09,R30,PADD 3,NVQ,Virgin Islands,79.0,3.0
2019-09,R30,PADD 3,Z00,,5656.0,189.0
2019-09,R50,PADD 5,NCA,Canada,378.0,13.0
2019-09,R50,PADD 5,NES,El Salvador,22.0,1.0
2019-09,R50,PADD 5,NMX,Mexico,390.0,13.0
2019-09,R50,PADD 5,Z00,,790.0,26.0
2019-10,NUS,U.S.,NAC,Antigua and Barbuda,122.0,4.0
2019-10,NUS,U.S.,NAR,Argentina,130.0,4.0
2019-10,NUS,U.S.,NBF,Bahama Islands,100.0,3.0
2019-10,NUS,U.S.,NBH,Belize,9.0,0.0
2019-10,NUS,U.S.,NBR,Brazil,651.0,21.0
2019-10,NUS,U.S.,NCA,Canada,1815.0,59.0
2019-10,NUS,U.S.,NCI,Chile,328.0,11.0
2019-10,NUS,U.S.,NCJ,Cayman Islands,9.0,0.0
2019-10,NUS,U.S.,NCS,Costa Rica,120.0,4.0
2019-10,NUS,U.S.,NDR,Dominican Republic,139.0,4.0
2019-10,NUS,U.S.,NES,El Salvador,15.0,0.0
2019-10,NUS,U.S.,NGT,Guatemala,147.0,5.0
2019-10,NUS,U.S.,NHO,Honduras,22.0,1.0
2019-10,NUS,U.S.,NIS,Israel,333.0,11.0
2019-10,NUS,U.S.,NIT,Italy,0.0,0.0
2019-10,NUS,U.S.,NJM,Jamaica,0.0,0.0
2019-10,NUS,U.S.,NLI,Liberia,0.0,0.0
2019-10,NUS,U.S.,NMX,Mexico,1592.0,51.0
2019-10,NUS,U.S.,NNO,Norway,293.0,9.0
2019-10,NUS,U.S.,NNU,Nicaragua,0.0,0.0
2019-10,NUS,U.S.,NPE,Peru,220.0,7.0
2019-10,NUS,U.S.,NPM,Panama,542.0,18.0
2019-10,NUS,U.S.,NPZ,Puerto Rico,0.0,0.0
2019-10,NUS,U.S.,NTD,Trinidad and Tobago,240.0,8.0
2019-10,NUS,U.S.,NTK,Turks and Caicos Islands,3.0,0.0
2019-10,NUS,U.S.,NTU,Turkiye,3.0,0.0
2019-10,NUS,U.S.,NUC,Curacao,49.0,2.0
2019-10,NUS,U.S.,NVE,Venezuela,0.0,0.0
2019-10,NUS,U.S.,Z00,,6867.0,222.0
2019-10,R10,PADD 1,NBF,Bahama Islands,2.0,0.0
2019-10,R10,PADD 1,NCA,Canada,860.0,28.0
2019-10,R10,PADD 1,NDR,Dominican Republic,0.0,0.0
2019-10,R10,PADD 1,NIT,Italy,0.0,0.0
2019-10,R10,PADD 1,NJM,Jamaica,0.0,0.0
2019-10,R10,PADD 1,NPZ,Puerto Rico,0.0,0.0
2019-10,R10,PADD 1,NTD,Trinidad and Tobago,0.0,0.0
2019-10,R10,PADD 1,NTK,Turks and Caicos Islands,3.0,0.0
2019-10,R10,PADD 1,NTU,Turkiye,3.0,0.0
2019-10,R10,PADD 1,NVE,Venezuela,0.0,0.0
2019-10,R10,PADD 1,Z00,,869.0,28.0
2019-10,R20,PADD 2,NCA,Canada,61.0,2.0
2019-10,R20,PADD 2,Z00,,61.0,2.0
2019-10,R30,PADD 3,NAC,Antigua and Barbuda,122.0,4.0
2019-10,R30,PADD 3,NAR,Argentina,130.0,4.0
2019-10,R30,PADD 3,NBF,Bahama Islands,98.0,3.0
2019-10,R30,PADD 3,NBH,Belize,9.0,0.0
2019-10,R30,PADD 3,NBR,Brazil,651.0,21.0
2019-10,R30,PADD 3,NCA,Canada,504.0,16.0
2019-10,R30,PADD 3,NCI,Chile,328.0,11.0
2019-10,R30,PADD 3,NCJ,Cayman Islands,9.0,0.0
2019-10,R30,PADD 3,NCS,Costa Rica,120.0,4.0
2019-10,R30,PADD 3,NDR,Dominican Republic,139.0,4.0
2019-10,R30,PADD 3,NES,El Salvador,15.0,0.0
2019-10,R30,PADD 3,NGT,Guatemala,147.0,5.0
2019-10,R30,PADD 3,NHO,Honduras,22.0,1.0
2019-10,R30,PADD 3,NIS,Israel,333.0,11.0
2019-10,R30,PADD 3,NLI,Liberia,0.0,0.0
2019-10,R30,PADD 3,NMX,Mexico,1162.0,37.0
2019-10,R30,PADD 3,NNO,Norway,293.0,9.0
2019-10,R30,PADD 3,NNU,Nicaragua,0.0,0.0
2019-10,R30,PADD 3,NPE,Peru,220.0,7.0
2019-10,R30,PADD 3,NPM,Panama,542.0,18.0
2019-10,R30,PADD 3,NTD,Trinidad and Tobago,240.0,8.0
2019-10,R30,PADD 3,NUC,Curacao,49.0,2.0
2019-10,R30,PADD 3,Z00,,5118.0,165.0
2019-10,R50,PADD 5,NCA,Canada,390.0,13.0
2019-10,R50,PADD 5,NMX,Mexico,429.0,14.0
2019-10,R50,PADD 5,Z00,,820.0,26.0
2019-11,NUS,U.S.,NAA,Aruba,76.0,3.0
2019-11,NUS,U.S.,NAC,Antigua and Barbuda,30.0,1.0
2019-11,NUS,U.S.,NAR,Argentina,38.0,1.0
2019-11,NUS,U.S.,NBD,Bermuda,40.0,1.0
2019-11,NUS,U.S.,NBF,Bahama Islands,53.0,2.0
2019-11,NUS,U.S.,NBH,Belize,8.0,0.0
2019-11,NUS,U.S.,NBR,Brazil,318.0,11.0
2019-11,NUS,U.S.,NCA,Canada,1602.0,53.0
2019-11,NUS,U.S.,NCI,Chile,312.0,10.0
2019-11,NUS,U.S.,NCJ,Cayman Islands,116.0,4.0
2019-11,NUS,U.S.,NCM,Cameroon,0.0,0.0
2019-11,NUS,U.S.,NCO,Colombia,0.0,0.0
2019-11,NUS,U.S.,NCS,Costa Rica,190.0,6.0
2019-11,NUS,U.S.,NDR,Dominican Republic,230.0,8.0
2019-11,NUS,U.S.,NEC,Ecuador,0.0,0.0
2019-11,NUS,U.S.,NES,El Salvador,148.0,5.0
2019-11,NUS,U.S.,NGT,Guatemala,71.0,2.0
2019-11,NUS,U.S.,NHO,Honduras,35.0,1.0
2019-11,NUS,U.S.,NIS,Israel,333.0,11.0
2019-11,NUS,U.S.,NKS,Korea,2.0,0.0
2019-11,NUS,U.S.,NLY,Libya,0.0,0.0
2019-11,NUS,U.S.,NMX,Mexico,2090.0,70.0
2019-11,NUS,U.S.,NPE,Peru,321.0,11.0
2019-11,NUS,U.S.,NPM,Panama,394.0,13.0
2019-11,NUS,U.S.,NRM,Marshall Islands,0.0,0.0
2019-11,NUS,U.S.,NTK,Turks and Caicos Islands,11.0,0.0
2019-11,NUS,U.S.,NTU,Turkiye,1.0,0.0
2019-11,NUS,U.S.,NUK,United Kingdom,350.0,12.0
2019-11,NUS,U.S.,Z00,,6771.0,226.0
2019-11,R10,PADD 1,NAA,Aruba,0.0,0.0
2019-11,R10,PADD 1,NBF,Bahama Islands,4.0,0.0
2019-11,R10,PADD 1,NCA,Canada,753.0,25.0
2019-11,R10,PADD 1,NCI,Chile,0.0,0.0
2019-11,R10,PADD 1,NCS,Costa Rica,0.0,0.0
2019-11,R10,PADD 1,NEC,Ecuador,0.0,0.0
2019-11,R10,PADD 1,NLY,Libya,0.0,0.0
2019-11,R10,PADD 1,NPE,Peru,0.0,0.0
2019-11,R10,PADD 1,NTK,Turks and Caicos Islands,11.0,0.0
2019-11,R10,PADD 1,NTU,Turkiye,1.0,0.0
2019-11,R10,PADD 1,Z00,,770.0,26.0
2019-11,R20,PADD 2,NCA,Canada,42.0,1.0
2019-11,R20,PADD 2,Z00,,42.0,1.0
2019-11,R30,PADD 3,NAA,Aruba,76.0,3.0
2019-11,R30,PADD 3,NAC,Antigua and Barbuda,30.0,1.0
2019-11,R30,PADD 3,NAR,Argentina,38.0,1.0
2019-11,R30,PADD 3,NBD,Bermuda,40.0,1.0
2019-11,R30,PADD 3,NBF,Bahama Islands,49.0,2.0
2019-11,R30,PADD 3,NBH,Belize,8.0,0.0
2019-11,R30,PADD 3,NBR,Brazil,318.0,11.0
2019-11,R30,PADD 3,NCA,Canada,489.0,16.0
2019-11,R30,PADD 3,NCI,Chile,312.0,10.0
2019-11,R30,PADD 3,NCJ,Cayman Islands,116.0,4.0
2019-11,R30,PADD 3,NCM,Cameroon,0.0,0.0
2019-11,R30,PADD 3,NCO,Colombia,0.0,0.0
2019-11,R30,PADD 3,NCS,Costa Rica,190.0,6.0
2019-11,R30,PADD 3,NDR,Dominican Republic,230.0,8.0
2019-11,R30,PADD 3,NES,El Salvador,148.0,5.0
2019-11,R30,PADD 3,NGT,Guatemala,71.0,2.0
2019-11,R30,PADD 3,NHO,Honduras,35.0,1.0
2019-11,R30,PADD 3,NIS,Israel,333.0,11.0
2019-11,R30,PADD 3,NMX,Mexico,1481.0,49.0
2019-11,R30,PADD 3,NPE,Peru,321.0,11.0
2019-11,R30,PADD 3,NPM,Panama,394.0,13.0
2019-11,R30,PADD 3,NRM,Marshall Islands,0.0,0.0
2019-11,R30,PADD 3,NUK,United Kingdom,350.0,12.0
2019-11,R30,PADD 3,Z00,,5032.0,168.0
2019-11,R50,PADD 5,NCA,Canada,317.0,11.0
2019-11,R50,PADD 5,NKS,Korea,2.0,0.0
2019-11,R50,PADD 5,NMX,Mexico,608.0,20.0
2019-11,R50,PADD 5,Z00,,927.0,31.0
2019-12,NUS,U.S.,NAA,Aruba,70.0,2.0
2019-12,NUS,U.S.,NAC,Antigua and Barbuda,134.0,4.0
2019-12,NUS,U.S.,NAR,Argentina,80.0,3.0
2019-12,NUS,U.S.,NBF,Bahama Islands,165.0,5.0
2019-12,NUS,U.S.,NBR,Brazil,326.0,11.0
2019-12,NUS,U.S.,NCA,Canada,2296.0,74.0
2019-12,NUS,U.S.,NCJ,Cayman Islands,26.0,1.0
2019-12,NUS,U.S.,NCO,Colombia,165.0,5.0
2019-12,NUS,U.S.,NCS,Costa Rica,356.0,11.0
2019-12,NUS,U.S.,NDO,Dominica,70.0,2.0
2019-12,NUS,U.S.,NDR,Dominican Republic,136.0,4.0
2019-12,NUS,U.S.,NES,El Salvador,60.0,2.0
2019-12,NUS,U.S.,NGI,Gibraltar,210.0,7.0
2019-12,NUS,U.S.,NGT,Guatemala,32.0,1.0
2019-12,NUS,U.S.,NHA,Haiti,12.0,0.0
2019-12,NUS,U.S.,NHO,Honduras,66.0,2.0
2019-12,NUS,U.S.,NIS,Israel,154.0,5.0
2019-12,NUS,U.S.,NJM,Jamaica,130.0,4.0
2019-12,NUS,U.S.,NMX,Mexico,2356.0,76.0
2019-12,NUS,U.S.,NPE,Peru,40.0,1.0
2019-12,NUS,U.S.,NPM,Panama,326.0,11.0
2019-12,NUS,U.S.,NPZ,Puerto Rico,0.0,0.0
2019-12,NUS,U.S.,NSN,Singapore,307.0,10.0
2019-12,NUS,U.S.,NTD,Trinidad and Tobago,101.0,3.0
2019-12,NUS,U.S.,NTK,Turks and Caicos Islands,17.0,1.0
2019-12,NUS,U.S.,NUC,Curacao,195.0,6.0
2019-12,NUS,U.S.,NUK,United Kingdom,315.0,10.0
2019-12,NUS,U.S.,NUY,Uruguay,15.0,0.0
2019-12,NUS,U.S.,NVE,Venezuela,0.0,0.0
2019-12,NUS,U.S.,NVM,Vietnam,0.0,0.0
2019-12,NUS,U.S.,Z00,,7950.0,256.0
2019-12,R10,PADD 1,NBF,Bahama Islands,3.0,0.0
2019-12,R10,PADD 1,NCA,Canada,990.0,32.0
2019-12,R10,PADD 1,NHA,Haiti,0.0,0.0
2019-12,R10,PADD 1,NJM,Jamaica,0.0,0.0
2019-12,R10,PADD 1,NPZ,Puerto Rico,0.0,0.0
2019-12,R10,PADD 1,NTD,Trinidad and Tobago,1.0,0.0
2019-12,R10,PADD 1,NTK,Turks and Caicos Islands,17.0,1.0
2019-12,R10,PADD 1,NVE,Venezuela,0.0,0.0
2019-12,R10,PADD 1,NVM,Vietnam,0.0,0.0
2019-12,R10,PADD 1,Z00,,1011.0,33.0
2019-12,R20,PADD 2,NCA,Canada,53.0,2.0
2019-12,R20,PADD 2,Z00,,53.0,2.0
2019-12,R30,PADD 3,NAA,Aruba,70.0,2.0
2019-12,R30,PADD 3,NAC,Antigua and Barbuda,134.0,4.0
2019-12,R30,PADD 3,NAR,Argentina,80.0,3.0
2019-12,R30,PADD 3,NBF,Bahama Islands,162.0,5.0
2019-12,R30,PADD 3,NBR,Brazil,326.0,11.0
2019-12,R30,PADD 3,NCA,Canada,878.0,28.0
2019-12,R30,PADD 3,NCJ,Cayman Islands,26.0,1.0
2019-12,R30,PADD 3,NCO,Colombia,165.0,5.0
2019-12,R30,PADD 3,NCS,Costa Rica,356.0,11.0
2019-12,R30,PADD 3,NDO,Dominica,70.0,2.0
2019-12,R30,PADD 3,NDR,Dominican Republic,136.0,4.0
2019-12,R30,PADD 3,NES,El Salvador,60.0,2.0
2019-12,R30,PADD 3,NGI,Gibraltar,210.0,7.0
2019-12,R30,PADD 3,NGT,Guatemala,32.0,1.0
2019-12,R30,PADD 3,NHA,Haiti,12.0,0.0
2019-12,R30,PADD 3,NHO,Honduras,66.0,2.0
2019-12,R30,PADD 3,NIS,Israel,154.0,5.0
2019-12,R30,PADD 3,NJM,Jamaica,130.0,4.0
2019-12,R30,PADD 3,NMX,Mexico,1838.0,59.0
2019-12,R30,PADD 3,NPE,Peru,40.0,1.0
2019-12,R30,PADD 3,NPM,Panama,326.0,11.0
2019-12,R30,PADD 3,NTD,Trinidad and Tobago,100.0,3.0
2019-12,R30,PADD 3,NUC,Curacao,195.0,6.0
2019-12,R30,PADD 3,NUK,United Kingdom,315.0,10.0
2019-12,R30,PADD 3,NUY,Uruguay,15.0,0.0
2019-12,R30,PADD 3,Z00,,5684.0,183.0
2019-12,R50,PADD 5,NCA,Canada,376.0,12.0
2019-12,R50,PADD 5,NMX,Mexico,518.0,17.0
2019-12,R50,PADD 5,NSN,Singapore,307.0,10.0
2019-12,R50,PADD 5,NVM,Vietnam,0.0,0.0
2019-12,R50,PADD 5,Z00,,1201.0,39.0
2020-01,NUS,U.S.,NAA,Aruba,65.0,2.0
2020-01,NUS,U.S.,NAC,Antigua and Barbuda,106.0,3.0
2020-01,NUS,U.S.,NAR,Argentina,62.0,2.0
2020-01,NUS,U.S.,NBF,Bahama Islands,150.0,5.0
2020-01,NUS,U.S.,NBH,Belize,11.0,0.0
2020-01,NUS,U.S.,NBL,Bolivia,0.0,0.0
2020-01,NUS,U.S.,NBR,Brazil,581.0,19.0
2020-01,NUS,U.S.,NCA,Canada,1832.0,59.0
2020-01,NUS,U.S.,NCJ,Cayman Islands,12.0,0.0
2020-01,NUS,U.S.,NCS,Costa Rica,124.0,4.0
2020-01,NUS,U.S.,NDR,Dominican Republic,245.0,8.0
2020-01,NUS,U.S.,NEC,Ecuador,9.0,0.0
2020-01,NUS,U.S.,NES,El Salvador,25.0,1.0
2020-01,NUS,U.S.,NGT,Guatemala,13.0,0.0
2020-01,NUS,U.S.,NHK,Hong Kong,0.0,0.0
2020-01,NUS,U.S.,NHO,Honduras,58.0,2.0
2020-01,NUS,U.S.,NJM,Jamaica,90.0,3.0
2020-01,NUS,U.S.,NKS,Korea,0.0,0.0
2020-01,NUS,U.S.,NMX,Mexico,1582.0,51.0
2020-01,NUS,U.S.,NMY,Malaysia,0.0,0.0
2020-01,NUS,U.S.,NNU,Nicaragua,0.0,0.0
2020-01,NUS,U.S.,NPE,Peru,489.0,16.0
2020-01,NUS,U.S.,NPM,Panama,515.0,17.0
2020-01,NUS,U.S.,NRP,Philippines,0.0,0.0
2020-01,NUS,U.S.,NSN,Singapore,100.0,3.0
2020-01,NUS,U.S.,NTD,Trinidad and Tobago,194.0,6.0
2020-01,NUS,U.S.,NTK,Turks and Caicos Islands,17.0,1.0
2020-01,NUS,U.S.,NUK,United Kingdom,590.0,19.0
2020-01,NUS,U.S.,NVQ,Virgin Islands,166.0,5.0
2020-01,NUS,U.S.,Z00,,7039.0,227.0
2020-01,R10,PADD 1,NBF,Bahama Islands,2.0,0.0
2020-01,R10,PADD 1,NBL,Bolivia,0.0,0.0
2020-01,R10,PADD 1,NCA,Canada,479.0,15.0
2020-01,R10,PADD 1,NTD,Trinidad and Tobago,0.0,0.0
2020-01,R10,PADD 1,NTK,Turks and Caicos Islands,17.0,1.0
2020-01,R10,PADD 1,Z00,,499.0,16.0
2020-01,R20,PADD 2,NCA,Canada,598.0,19.0
2020-01,R20,PADD 2,Z00,,598.0,19.0
2020-01,R30,PADD 3,NAA,Aruba,65.0,2.0
2020-01,R30,PADD 3,NAC,Antigua and Barbuda,106.0,3.0
2020-01,R30,PADD 3,NAR,Argentina,62.0,2.0
2020-01,R30,PADD 3,NBF,Bahama Islands,148.0,5.0
2020-01,R30,PADD 3,NBH,Belize,11.0,0.0
2020-01,R30,PADD 3,NBR,Brazil,581.0,19.0
2020-01,R30,PADD 3,NCA,Canada,311.0,10.0
2020-01,R30,PADD 3,NCJ,Cayman Islands,12.0,0.0
2020-01,R30,PADD 3,NCS,Costa Rica,124.0,4.0
2020-01,R30,PADD 3,NDR,Dominican Republic,245.0,8.0
2020-01,R30,PADD 3,NEC,Ecuador,9.0,0.0
2020-01,R30,PADD 3,NES,El Salvador,25.0,1.0
2020-01,R30,PADD 3,NGT,Guatemala,13.0,0.0
2020-01,R30,PADD 3,NHO,Honduras,58.0,2.0
2020-01,R30,PADD 3,NJM,Jamaica,90.0,3.0
2020-01,R30,PADD 3,NMX,Mexico,1099.0,35.0
2020-01,R30,PADD 3,NNU,Nicaragua,0.0,0.0
2020-01,R30,PADD 3,NPE,Peru,489.0,16.0
2020-01,R30,PADD 3,NPM,Panama,515.0,17.0
2020-01,R30,PADD 3,NSN,Singapore,100.0,3.0
2020-01,R30,PADD 3,NTD,Trinidad and Tobago,194.0,6.0
2020-01,R30,PADD 3,NUK,United Kingdom,590.0,19.0
2020-01,R30,PADD 3,NVQ,Virgin Islands,166.0,5.0
2020-01,R30,PADD 3,Z00,,5013.0,162.0
2020-01,R50,PADD 5,NCA,Canada,445.0,14.0
2020-01,R50,PADD 5,NHK,Hong Kong,0.0,0.0
2020-01,R50,PADD 5,NKS,Korea,0.0,0.0
2020-01,R50,PADD 5,NMX,Mexico,484.0,16.0
2020-01,R50,PADD 5,NMY,Malaysia,0.0,0.0
2020-01,R50,PADD 5,NRP,Philippines,0.0,0.0
2020-01,R50,PADD 5,Z00,,929.0,30.0
2020-02,NUS,U.S.,NAC,Antigua and Barbuda,51.0,2.0
2020-02,NUS,U.S.,NBB,Barbados,1.0,0.0
2020-02,NUS,U.S.,NBF,Bahama Islands,158.0,5.0
2020-02,NUS,U.S.,NBH,Belize,10.0,0.0
2020-02,NUS,U.S.,NCA,Canada,1148.0,40.0
2020-02,NUS,U.S.,NCH,China,1.0,0.0
2020-02,NUS,U.S.,NCJ,Cayman Islands,12.0,0.0
2020-02,NUS,U.S.,NCO,Colombia,190.0,7.0
2020-02,NUS,U.S.,NCS,Costa Rica,279.0,10.0
2020-02,NUS,U.S.,NDR,Dominican Republic,336.0,12.0
2020-02,NUS,U.S.,NES,El Salvador,20.0,1.0
2020-02,NUS,U.S.,NGT,Guatemala,132.0,5.0
2020-02,NUS,U.S.,NHO,Honduras,63.0,2.0
2020-02,NUS,U.S.,NIT,Italy,317.0,11.0
2020-02,NUS,U.S.,NJM,Jamaica,85.0,3.0
2020-02,NUS,U.S.,NMX,Mexico,2031.0,70.0
2020-02,NUS,U.S.,NNL,Netherlands,309.0,11.0
2020-02,NUS,U.S.,NNS,Suriname,2.0,0.0
2020-02,NUS,U.S.,NPE,Peru,170.0,6.0
2020-02,NUS,U.S.,NPM,Panama,507.0,17.0
2020-02,NUS,U.S.,NTD,Trinidad and Tobago,447.0,15.0
2020-02,NUS,U.S.,NTK,Turks and Caicos Islands,15.0,1.0
2020-02,NUS,U.S.,NUC,Curacao,90.0,3.0
2020-02,NUS,U.S.,NUK,United Kingdom,671.0,23.0
2020-02,NUS,U.S.,NUY,Uruguay,1.0,0.0
2020-02,NUS,U.S.,NVQ,Virgin Islands,104.0,4.0
2020-02,NUS,U.S.,Z00,,7149.0,247.0
2020-02,R10,PADD 1,NBB,Barbados,1.0,0.0
2020-02,R10,PADD 1,NBF,Bahama Islands,3.0,0.0
2020-02,R10,PADD 1,NCA,Canada,362.0,12.0
2020-02,R10,PADD 1,NCH,China,1.0,0.0
2020-02,R10,PADD 1,NNS,Suriname,2.0,0.0
2020-02,R10,PADD 1,NPM,Panama,0.0,0.0
2020-02,R10,PADD 1,NTK,Turks and Caicos Islands,15.0,1.0
2020-02,R10,PADD 1,NUY,Uruguay,1.0,0.0
2020-02,R10,PADD 1,Z00,,384.0,13.0
2020-02,R20,PADD 2,NCA,Canada,47.0,2.0
2020-02,R20,PADD 2,Z00,,47.0,2.0
2020-02,R30,PADD 3,NAC,Antigua and Barbuda,51.0,2.0
2020-02,R30,PADD 3,NBF,Bahama Islands,155.0,5.0
2020-02,R30,PADD 3,NBH,Belize,10.0,0.0
2020-02,R30,PADD 3,NCA,Canada,222.0,8.0
2020-02,R30,PADD 3,NCH,China,0.0,0.0
2020-02,R30,PADD 3,NCJ,Cayman Islands,12.0,0.0
2020-02,R30,PADD 3,NCO,Colombia,190.0,7.0
2020-02,R30,PADD 3,NCS,Costa Rica,279.0,10.0
2020-02,R30,PADD 3,NDR,Dominican Republic,336.0,12.0
2020-02,R30,PADD 3,NES,El Salvador,20.0,1.0
2020-02,R30,PADD 3,NGT,Guatemala,132.0,5.0
2020-02,R30,PADD 3,NHO,Honduras,63.0,2.0
2020-02,R30,PADD 3,NIT,Italy,317.0,11.0
2020-02,R30,PADD 3,NJM,Jamaica,85.0,3.0
2020-02,R30,PADD 3,NMX,Mexico,1762.0,61.0
2020-02,R30,PADD 3,NNL,Netherlands,309.0,11.0
2020-02,R30,PADD 3,NPE,Peru,170.0,6.0
2020-02,R30,PADD 3,NPM,Panama,507.0,17.0
2020-02,R30,PADD 3,NTD,Trinidad and Tobago,447.0,15.0
2020-02,R30,PADD 3,NUC,Curacao,90.0,3.0
2020-02,R30,PADD 3,NUK,United Kingdom,671.0,23.0
2020-02,R30,PADD 3,NVQ,Virgin Islands,104.0,4.0
2020-02,R30,PADD 3,Z00,,5932.0,205.0
2020-02,R50,PADD 5,NCA,Canada,517.0,18.0
2020-02,R50,PADD 5,NMX,Mexico,269.0,9.0
2020-02,R50,PADD 5,Z00,,786.0,27.0
2020-03,NUS,U.S.,NAA,Aruba,82.0,3.0
2020-03,NUS,U.S.,NAC,Antigua and Barbuda,85.0,3.0
2020-03,NUS,U.S.,NBF,Bahama Islands,342.0,11.0
2020-03,NUS,U.S.,NBH,Belize,11.0,0.0
2020-03,NUS,U.S.,NBR,Brazil,45.0,1.0
2020-03,NUS,U.S.,NCA,Canada,1223.0,39.0
2020-03,NUS,U.S.,NCI,Chile,283.0,9.0
2020-03,NUS,U.S.,NCJ,Cayman Islands,12.0,0.0
2020-03,NUS,U.S.,NCS,Costa Rica,202.0,7.0
2020-03,NUS,U.S.,NDR,Dominican Republic,271.0,9.0
2020-03,NUS,U.S.,NES,El Salvador,49.0,2.0
2020-03,NUS,U.S.,NGT,Guatemala,74.0,2.0
2020-03,NUS,U.S.,NHA,Haiti,41.0,1.0
2020-03,NUS,U.S.,NHO,Honduras,21.0,1.0
2020-03,NUS,U.S.,NIS,Israel,0.0,0.0
2020-03,NUS,U.S.,NIT,Italy,265.0,9.0
2020-03,NUS,U.S.,NJM,Jamaica,85.0,3.0
2020-03,NUS,U.S.,NMX,Mexico,2309.0,74.0
2020-03,NUS,U.S.,NNL,Netherlands,323.0,10.0
2020-03,NUS,U.S.,NNU,Nicaragua,156.0,5.0
2020-03,NUS,U.S.,NPM,Panama,319.0,10.0
2020-03,NUS,U.S.,NPZ,Puerto Rico,0.0,0.0
2020-03,NUS,U.S.,NSN,Singapore,0.0,0.0
2020-03,NUS,U.S.,NSP,Spain,4.0,0.0
2020-03,NUS,U.S.,NST,Saint Lucia,0.0,0.0
2020-03,NUS,U.S.,NSZ,Switzerland,0.0,0.0
2020-03,NUS,U.S.,NTD,Trinidad and Tobago,220.0,7.0
2020-03,NUS,U.S.,NTK,Turks and Caicos Islands,12.0,0.0
2020-03,NUS,U.S.,NTW,Taiwan,0.0,0.0
2020-03,NUS,U.S.,NUC,Curacao,100.0,3.0
2020-03,NUS,U.S.,Z00,,6535.0,211.0
2020-03,R10,PADD 1,NAA,Aruba,0.0,0.0
2020-03,R10,PADD 1,NBF,Bahama Islands,3.0,0.0
2020-03,R10,PADD 1,NCA,Canada,703.0,23.0
2020-03,R10,PADD 1,NCI,Chile,0.0,0.0
2020-03,R10,PADD 1,NIS,Israel,0.0,0.0
2020-03,R10,PADD 1,NPM,Panama,0.0,0.0
2020-03,R10,PADD 1,NPZ,Puerto Rico,0.0,0.0
2020-03,R10,PADD 1,NST,Saint Lucia,0.0,0.0
2020-03,R10,PADD 1,NTK,Turks and Caicos Islands,12.0,0.0
2020-03,R10,PADD 1,Z00,,719.0,23.0
2020-03,R20,PADD 2,NCA,Canada,51.0,2.0
2020-03,R20,PADD 2,Z00,,51.0,2.0
2020-03,R30,PADD 3,NAA,Aruba,82.0,3.0
2020-03,R30,PADD 3,NAC,Antigua and Barbuda,85.0,3.0
2020-03,R30,PADD 3,NBF,Bahama Islands,339.0,11.0
2020-03,R30,PADD 3,NBH,Belize,11.0,0.0
2020-03,R30,PADD 3,NBR,Brazil,45.0,1.0
2020-03,R30,PADD 3,NCA,Canada,162.0,5.0
2020-03,R30,PADD 3,NCI,Chile,283.0,9.0
2020-03,R30,PADD 3,NCJ,Cayman Islands,12.0,0.0
2020-03,R30,PADD 3,NCS,Costa Rica,202.0,7.0
2020-03,R30,PADD 3,NDR,Dominican Republic,271.0,9.0
2020-03,R30,PADD 3,NES,El Salvador,49.0,2.0
2020-03,R30,PADD 3,NGT,Guatemala,74.0,2.0
2020-03,R30,PADD 3,NHA,Haiti,41.0,1.0
2020-03,R30,PADD 3,NHO,Honduras,21.0,1.0
2020-03,R30,PADD 3,NIT,Italy,265.0,9.0
2020-03,R30,PADD 3,NJM,Jamaica,85.0,3.0
2020-03,R30,PADD 3,NMX,Mexico,1775.0,57.0
2020-03,R30,PADD 3,NNL,Netherlands,323.0,10.0
2020-03,R30,PADD 3,NNU,Nicaragua,156.0,5.0
2020-03,R30,PADD 3,NPM,Panama,319.0,10.0
2020-03,R30,PADD 3,NSN,Singapore,0.0,0.0
2020-03,R30,PADD 3,NSP,Spain,4.0,0.0
2020-03,R30,PADD 3,NSZ,Switzerland,0.0,0.0
2020-03,R30,PADD 3,NTD,Trinidad and Tobago,220.0,7.0
2020-03,R30,PADD 3,NTW,Taiwan,0.0,0.0
2020-03,R30,PADD 3,NUC,Curacao,100.0,3.0
2020-03,R30,PADD 3,Z00,,4926.0,159.0
2020-03,R50,PADD 5,NCA,Canada,307.0,10.0
2020-03,R50,PADD 5,NMX,Mexico,533.0,17.0
2020-03,R50,PADD 5,Z00,,840.0,27.0
2020-04,NUS,U.S.,NAC,Antigua and Barbuda,69.0,2.0
2020-04,NUS,U.S.,NBF,Bahama Islands,139.0,5.0
2020-04,NUS,U.S.,NBH,Belize,5.0,0.0
2020-04,NUS,U.S.,NCA,Canada,93.0,3.0
2020-04,NUS,U.S.,NCH,China,0.0,0.0
2020-04,NUS,U.S.,NCJ,Cayman Islands,0.0,0.0
2020-04,NUS,U.S.,NCO,Colombia,12.0,0.0
2020-04,NUS,U.S.,NCS,Costa Rica,0.0,0.0
2020-04,NUS,U.S.,NFI,Finland,300.0,10.0
2020-04,NUS,U.S.,NFR,France,260.0,9.0
2020-04,NUS,U.S.,NHO,Honduras,29.0,1.0
2020-04,NUS,U.S.,NIC,Iceland,312.0,10.0
2020-04,NUS,U.S.,NIS,Israel,333.0,11.0
2020-04,NUS,U.S.,NKS,Korea,0.0,0.0
2020-04,NUS,U.S.,NKU,Kuwait,0.0,0.0
2020-04,NUS,U.S.,NMX,Mexico,658.0,22.0
2020-04,NUS,U.S.,NNU,Nicaragua,50.0,2.0
2020-04,NUS,U.S.,NUK,United Kingdom,0.0,0.0
2020-04,NUS,U.S.,NVQ,Virgin Islands,130.0,4.0
2020-04,NUS,U.S.,Z00,,2391.0,80.0
2020-04,R10,PADD 1,NBF,Bahama Islands,1.0,0.0
2020-04,R10,PADD 1,NCS,Costa Rica,0.0,0.0
2020-04,R10,PADD 1,NUK,United Kingdom,0.0,0.0
2020-04,R10,PADD 1,Z00,,1.0,0.0
2020-04,R20,PADD 2,NCA,Canada,7.0,0.0
2020-04,R20,PADD 2,NKU,Kuwait,0.0,0.0
2020-04,R20,PADD 2,Z00,,7.0,0.0
2020-04,R30,PADD 3,NAC,Antigua and Barbuda,69.0,2.0
2020-04,R30,PADD 3,NBF,Bahama Islands,138.0,5.0
2020-04,R30,PADD 3,NBH,Belize,5.0,0.0
2020-04,R30,PADD 3,NCH,China,0.0,0.0
2020-04,R30,PADD 3,NCJ,Cayman Islands,0.0,0.0
2020-04,R30,PADD 3,NCO,Colombia,12.0,0.0
2020-04,R30,PADD 3,NFI,Finland,300.0,10.0
2020-04,R30,PADD 3,NFR,France,260.0,9.0
2020-04,R30,PADD 3,NHO,Honduras,29.0,1.0
2020-04,R30,PADD 3,NIC,Iceland,312.0,10.0
2020-04,R30,PADD 3,NIS,Israel,333.0,11.0
2020-04,R30,PADD 3,NMX,Mexico,305.0,10.0
2020-04,R30,PADD 3,NNU,Nicaragua,50.0,2.0
2020-04,R30,PADD 3,NVQ,Virgin Islands,130.0,4.0
2020-04,R30,PADD 3,Z00,,1943.0,65.0
2020-04,R50,PADD 5,NCA,Canada,86.0,3.0
2020-04,R50,PADD 5,NKS,Korea,0.0,0.0
2020-04,R50,PADD 5,NMX,Mexico,353.0,12.0
2020-04,R50,PADD 5,Z00,,440.0,15.0
2020-05,NUS,U.S.,NAA,Aruba,0.0,0.0
2020-05,NUS,U.S.,NAV,Anguilla,0.0,0.0
2020-05,NUS,U.S.,NBF,Bahama Islands,57.0,2.0
2020-05,NUS,U.S.,NBR,Brazil,0.0,0.0
2020-05,NUS,U.S.,NCA,Canada,71.0,2.0
2020-05,NUS,U.S.,NCH,China,0.0,0.0
2020-05,NUS,U.S.,NCJ,Cayman Islands,0.0,0.0
2020-05,NUS,U.S.,NCS,Costa Rica,1.0,0.0
2020-05,NUS,U.S.,NDR,Dominican Republic,0.0,0.0
2020-05,NUS,U.S.,NEC,Ecuador,0.0,0.0
2020-05,NUS,U.S.,NES,El Salvador,0.0,0.0
2020-05,NUS,U.S.,NGT,Guatemala,0.0,0.0
2020-05,NUS,U.S.,NHK,Hong Kong,0.0,0.0
2020-05,NUS,U.S.,NHO,Honduras,0.0,0.0
2020-05,NUS,U.S.,NIS,Israel,0.0,0.0
2020-05,NUS,U.S.,NIT,Italy,326.0,11.0
2020-05,NUS,U.S.,NLG,Latvia,0.0,0.0
2020-05,NUS,U.S.,NMX,Mexico,151.0,5.0
2020-05,NUS,U.S.,NNU,Nicaragua,44.0,1.0
2020-05,NUS,U.S.,NPL,Poland,0.0,0.0
2020-05,NUS,U.S.,NPM,Panama,0.0,0.0
2020-05,NUS,U.S.,NQA,Qatar,0.0,0.0
2020-05,NUS,U.S.,NRM,Marshall Islands,19.0,1.0
2020-05,NUS,U.S.,NSN,Singapore,0.0,0.0
2020-05,NUS,U.S.,NTC,United Arab Emirates,0.0,0.0
2020-05,NUS,U.S.,NTK,Turks and Caicos Islands,2.0,0.0
2020-05,NUS,U.S.,Z00,,673.0,22.0
2020-05,R10,PADD 1,NAA,Aruba,0.0,0.0
2020-05,R10,PADD 1,NAV,Anguilla,0.0,0.0
2020-05,R10,PADD 1,NBF,Bahama Islands,2.0,0.0
2020-05,R10,PADD 1,NCJ,Cayman Islands,0.0,0.0
2020-05,R10,PADD 1,NCS,Costa Rica,0.0,0.0
2020-05,R10,PADD 1,NDR,Dominican Republic,0.0,0.0
2020-05,R10,PADD 1,NEC,Ecuador,0.0,0.0
2020-05,R10,PADD 1,NES,El Salvador,0.0,0.0
2020-05,R10,PADD 1,NIS,Israel,0.0,0.0
2020-05,R10,PADD 1,NLG,Latvia,0.0,0.0
2020-05,R10,PADD 1,NPL,Poland,0.0,0.0
2020-05,R10,PADD 1,NTK,Turks and Caicos Islands,2.0,0.0
2020-05,R10,PADD 1,Z00,,5.0,0.0
2020-05,R20,PADD 2,NCA,Canada,6.0,0.0
2020-05,R20,PADD 2,Z00,,6.0,0.0
2020-05,R30,PADD 3,NBF,Bahama Islands,56.0,2.0
2020-05,R30,PADD 3,NBR,Brazil,0.0,0.0
2020-05,R30,PADD 3,NCS,Costa Rica,1.0,0.0
2020-05,R30,PADD 3,NEC,Ecuador,0.0,0.0
2020-05,R30,PADD 3,NGT,Guatemala,0.0,0.0
2020-05,R30,PADD 3,NIT,Italy,326.0,11.0
2020-05,R30,PADD 3,NMX,Mexico,127.0,4.0
2020-05,R30,PADD 3,NNU,Nicaragua,44.0,1.0
2020-05,R30,PADD 3,NPM,Panama,0.0,0.0
2020-05,R30,PADD 3,NQA,Qatar,0.0,0.0
2020-05,R30,PADD 3,NRM,Marshall Islands,19.0,1.0
2020-05,R30,PADD 3,NTC,United Arab Emirates,0.0,0.0
2020-05,R30,PADD 3,Z00,,573.0,18.0
2020-05,R40,PADD 4,NCA,Canada,1.0,0.0
2020-05,R40,PADD 4,Z00,,1.0,0.0
2020-05,R50,PADD 5,NCA,Canada,64.0,2.0
2020-05,R50,PADD 5,NCH,China,0.0,0.0
2020-05,R50,PADD 5,NHK,Hong Kong,0.0,0.0
2020-05,R50,PADD 5,NHO,Honduras,0.0,0.0
2020-05,R50,PADD 5,NMX,Mexico,25.0,1.0
2020-05,R50,PADD 5,NSN,Singapore,0.0,0.0
2020-05,R50,PADD 5,Z00,,90.0,3.0
2020-06,NUS,U.S.,NAS,Australia,0.0,0.0
2020-06,NUS,U.S.,NBB,Barbados,0.0,0.0
2020-06,NUS,U.S.,NBF,Bahama Islands,64.0,2.0
2020-06,NUS,U.S.,NCA,Canada,510.0,17.0
2020-06,NUS,U.S.,NCJ,Cayman Islands,0.0,0.0
2020-06,NUS,U.S.,NDR,Dominican Republic,0.0,0.0
2020-06,NUS,U.S.,NEC,Ecuador,7.0,0.0
2020-06,NUS,U.S.,NES,El Salvador,0.0,0.0
2020-06,NUS,U.S.,NGT,Guatemala,18.0,1.0
2020-06,NUS,U.S.,NHO,Honduras,14.0,0.0
2020-06,NUS,U.S.,NIS,Israel,333.0,11.0
2020-06,NUS,U.S.,NJM,Jamaica,0.0,0.0
2020-06,NUS,U.S.,NKS,Korea,0.0,0.0
2020-06,NUS,U.S.,NMX,Mexico,381.0,13.0
2020-06,NUS,U.S.,NPM,Panama,0.0,0.0
2020-06,NUS,U.S.,NPZ,Puerto Rico,1.0,0.0
2020-06,NUS,U.S.,NTC,United Arab Emirates,0.0,0.0
2020-06,NUS,U.S.,NTD,Trinidad and Tobago,0.0,0.0
2020-06,NUS,U.S.,NUK,United Kingdom,0.0,0.0
2020-06,NUS,U.S.,NVM,Vietnam,0.0,0.0
2020-06,NUS,U.S.,Z00,,1331.0,44.0
2020-06,R10,PADD 1,NAS,Australia,0.0,0.0
2020-06,R10,PADD 1,NBB,Barbados,0.0,0.0
2020-06,R10,PADD 1,NBF,Bahama Islands,1.0,0.0
2020-06,R10,PADD 1,NCA,Canada,95.0,3.0
2020-06,R10,PADD 1,NCJ,Cayman Islands,0.0,0.0
2020-06,R10,PADD 1,NDR,Dominican Republic,0.0,0.0
2020-06,R10,PADD 1,NES,El Salvador,0.0,0.0
2020-06,R10,PADD 1,NGT,Guatemala,0.0,0.0
2020-06,R10,PADD 1,NJM,Jamaica,0.0,0.0
2020-06,R10,PADD 1,NPM,Panama,0.0,0.0
2020-06,R10,PADD 1,NPZ,Puerto Rico,1.0,0.0
2020-06,R10,PADD 1,NTD,Trinidad and Tobago,0.0,0.0
2020-06,R10,PADD 1,NVM,Vietnam,0.0,0.0
2020-06,R10,PADD 1,Z00,,98.0,3.0
2020-06,R20,PADD 2,NCA,Canada,30.0,1.0
2020-06,R20,PADD 2,Z00,,30.0,1.0
2020-06,R30,PADD 3,NBF,Bahama Islands,63.0,2.0
2020-06,R30,PADD 3,NCA,Canada,296.0,10.0
2020-06,R30,PADD 3,NDR,Dominican Republic,0.0,0.0
2020-06,R30,PADD 3,NGT,Guatemala,18.0,1.0
2020-06,R30,PADD 3,NHO,Honduras,14.0,0.0
2020-06,R30,PADD 3,NIS,Israel,333.0,11.0
2020-06,R30,PADD 3,NMX,Mexico,349.0,12.0
2020-06,R30,PADD 3,NTC,United Arab Emirates,0.0,0.0
2020-06,R30,PADD 3,Z00,,1074.0,36.0
2020-06,R50,PADD 5,NCA,Canada,89.0,3.0
2020-06,R50,PADD 5,NEC,Ecuador,7.0,0.0
2020-06,R50,PADD 5,NKS,Korea,0.0,0.0
2020-06,R50,PADD 5,NMX,Mexico,32.0,1.0
2020-06,R50,PADD 5,NUK,United Kingdom,0.0,0.0
2020-06,R50,PADD 5,Z00,,129.0,4.0
2020-07,NUS,U.S.,NAA,Aruba,0.0,0.0
2020-07,NUS,U.S.,NAR,Argentina,0.0,0.0
2020-07,NUS,U.S.,NAV,Anguilla,0.0,0.0
2020-07,NUS,U.S.,NBB,Barbados,25.0,1.0
2020-07,NUS,U.S.,NBF,Bahama Islands,2.0,0.0
2020-07,NUS,U.S.,NBR,Brazil,2.0,0.0
2020-07,NUS,U.S.,NCA,Canada,751.0,24.0
2020-07,NUS,U.S.,NCI,Chile,102.0,3.0
2020-07,NUS,U.S.,NCJ,Cayman Islands,0.0,0.0
2020-07,NUS,U.S.,NCS,Costa Rica,0.0,0.0
2020-07,NUS,U.S.,NDR,Dominican Republic,0.0,0.0
2020-07,NUS,U.S.,NES,El Salvador,0.0,0.0
2020-07,NUS,U.S.,NGT,Guatemala,0.0,0.0
2020-07,NUS,U.S.,NHO,Honduras,19.0,1.0
2020-07,NUS,U.S.,NIS,Israel,0.0,0.0
2020-07,NUS,U.S.,NJM,Jamaica,0.0,0.0
2020-07,NUS,U.S.,NMR,Mauritania,1.0,0.0
2020-07,NUS,U.S.,NMX,Mexico,545.0,18.0
2020-07,NUS,U.S.,NNI,Nigeria,0.0,0.0
2020-07,NUS,U.S.,NNU,Nicaragua,100.0,3.0
2020-07,NUS,U.S.,NPE,Peru,0.0,0.0
2020-07,NUS,U.S.,NPM,Panama,56.0,2.0
2020-07,NUS,U.S.,NSN,Singapore,70.0,2.0
2020-07,NUS,U.S.,NTC,United Arab Emirates,0.0,0.0
2020-07,NUS,U.S.,NTD,Trinidad and Tobago,0.0,0.0
2020-07,NUS,U.S.,NTH,Thailand,0.0,0.0
2020-07,NUS,U.S.,NTK,Turks and Caicos Islands,0.0,0.0
2020-07,NUS,U.S.,NTW,Taiwan,1.0,0.0
2020-07,NUS,U.S.,NUK,United Kingdom,0.0,0.0
2020-07,NUS,U.S.,NUY,Uruguay,2.0,0.0
2020-07,NUS,U.S.,NVM,Vietnam,0.0,0.0
2020-07,NUS,U.S.,NVQ,Virgin Islands,0.0,0.0
2020-07,NUS,U.S.,Z00,,1679.0,54.0
2020-07,R10,PADD 1,NAA,Aruba,0.0,0.0
2020-07,R10,PADD 1,NAR,Argentina,0.0,0.0
2020-07,R10,PADD 1,NAV,Anguilla,0.0,0.0
2020-07,R10,PADD 1,NBB,Barbados,0.0,0.0
2020-07,R10,PADD 1,NBF,Bahama Islands,2.0,0.0
2020-07,R10,PADD 1,NBR,Brazil,0.0,0.0
2020-07,R10,PADD 1,NCA,Canada,14.0,0.0
2020-07,R10,PADD 1,NCI,Chile,0.0,0.0
2020-07,R10,PADD 1,NCJ,Cayman Islands,0.0,0.0
2020-07,R10,PADD 1,NCS,Costa Rica,0.0,0.0
2020-07,R10,PADD 1,NDR,Dominican Republic,0.0,0.0
2020-07,R10,PADD 1,NES,El Salvador,0.0,0.0
2020-07,R10,PADD 1,NGT,Guatemala,0.0,0.0
2020-07,R10,PADD 1,NHO,Honduras,0.0,0.0
2020-07,R10,PADD 1,NIS,Israel,0.0,0.0
2020-07,R10,PADD 1,NJM,Jamaica,0.0,0.0
2020-07,R10,PADD 1,NMR,Mauritania,1.0,0.0
2020-07,R10,PADD 1,NNU,Nicaragua,0.0,0.0
2020-07,R10,PADD 1,NPM,Panama,0.0,0.0
2020-07,R10,PADD 1,NTD,Trinidad and Tobago,0.0,0.0
2020-07,R10,PADD 1,NTK,Turks and Caicos Islands,0.0,0.0
2020-07,R10,PADD 1,NUK,United Kingdom,0.0,0.0
2020-07,R10,PADD 1,NUY,Uruguay,2.0,0.0
2020-07,R10,PADD 1,NVM,Vietnam,0.0,0.0
2020-07,R10,PADD 1,NVQ,Virgin Islands,0.0,0.0
2020-07,R10,PADD 1,Z00,,22.0,1.0
2020-07,R20,PADD 2,NCA,Canada,21.0,1.0
2020-07,R20,PADD 2,Z00,,21.0,1.0
2020-07,R30,PADD 3,NBB,Barbados,25.0,1.0
2020-07,R30,PADD 3,NBR,Brazil,2.0,0.0
2020-07,R30,PADD 3,NCA,Canada,607.0,20.0
2020-07,R30,PADD 3,NCI,Chile,102.0,3.0
2020-07,R30,PADD 3,NHO,Honduras,19.0,1.0
2020-07,R30,PADD 3,NMX,Mexico,498.0,16.0
2020-07,R30,PADD 3,NNI,Nigeria,0.0,0.0
2020-07,R30,PADD 3,NNU,Nicaragua,100.0,3.0
2020-07,R30,PADD 3,NPE,Peru,0.0,0.0
2020-07,R30,PADD 3,NPM,Panama,56.0,2.0
2020-07,R30,PADD 3,NSN,Singapore,70.0,2.0
2020-07,R30,PADD 3,NTC,United Arab Emirates,0.0,0.0
2020-07,R30,PADD 3,Z00,,1480.0,48.0
2020-07,R50,PADD 5,NCA,Canada,108.0,3.0
2020-07,R50,PADD 5,NMX,Mexico,47.0,2.0
2020-07,R50,PADD 5,NTH,Thailand,0.0,0.0
2020-07,R50,PADD 5,NTW,Taiwan,1.0,0.0
2020-07,R50,PADD 5,Z00,,156.0,5.0
2020-08,NUS,U.S.,NAC,Antigua and Barbuda,35.0,1.0
2020-08,NUS,U.S.,NAV,Anguilla,0.0,0.0
2020-08,NUS,U.S.,NBB,Barbados,10.0,0.0
2020-08,NUS,U.S.,NBF,Bahama Islands,1.0,0.0
2020-08,NUS,U.S.,NCA,Canada,153.0,5.0
2020-08,NUS,U.S.,NCH,China,1.0,0.0
2020-08,NUS,U.S.,NCS,Costa Rica,52.0,2.0
2020-08,NUS,U.S.,NDR,Dominican Republic,0.0,0.0
2020-08,NUS,U.S.,NGT,Guatemala,52.0,2.0
2020-08,NUS,U.S.,NHO,Honduras,11.0,0.0
2020-08,NUS,U.S.,NMX,Mexico,512.0,17.0
2020-08,NUS,U.S.,NNU,Nicaragua,110.0,4.0
2020-08,NUS,U.S.,NPZ,Puerto Rico,0.0,0.0
2020-08,NUS,U.S.,NSN,Singapore,0.0,0.0
2020-08,NUS,U.S.,NTK,Turks and Caicos Islands,1.0,0.0
2020-08,NUS,U.S.,Z00,,939.0,30.0
2020-08,R10,PADD 1,NAV,Anguilla,0.0,0.0
2020-08,R10,PADD 1,NBF,Bahama Islands,1.0,0.0
2020-08,R10,PADD 1,NDR,Dominican Republic,0.0,0.0
2020-08,R10,PADD 1,NPZ,Puerto Rico,0.0,0.0
2020-08,R10,PADD 1,NTK,Turks and Caicos Islands,1.0,0.0
2020-08,R10,PADD 1,Z00,,3.0,0.0
2020-08,R20,PADD 2,NCA,Canada,17.0,1.0
2020-08,R20,PADD 2,Z00,,17.0,1.0
2020-08,R30,PADD 3,NAC,Antigua and Barbuda,35.0,1.0
2020-08,R30,PADD 3,NBB,Barbados,10.0,0.0
2020-08,R30,PADD 3,NCH,China,1.0,0.0
2020-08,R30,PADD 3,NCS,Costa Rica,52.0,2.0
2020-08,R30,PADD 3,NGT,Guatemala,52.0,2.0
2020-08,R30,PADD 3,NHO,Honduras,11.0,0.0
2020-08,R30,PADD 3,NMX,Mexico,382.0,12.0
2020-08,R30,PADD 3,NNU,Nicaragua,110.0,4.0
2020-08,R30,PADD 3,NSN,Singapore,0.0,0.0
2020-08,R30,PADD 3,Z00,,652.0,21.0
2020-08,R50,PADD 5,NCA,Canada,136.0,4.0
2020-08,R50,PADD 5,NMX,Mexico,131.0,4.0
2020-08,R50,PADD 5,Z00,,267.0,9.0
2020-09,NUS,U.S.,NBF,Bahama Islands,0.0,0.0
2020-09,NUS,U.S.,NCA,Canada,219.0,7.0
2020-09,NUS,U.S.,NCI,Chile,0.0,0.0
2020-09,NUS,U.S.,NCO,Colombia,1.0,0.0
2020-09,NUS,U.S.,NDR,Dominican Republic,0.0,0.0
2020-09,NUS,U.S.,NGT,Guatemala,22.0,1.0
2020-09,NUS,U.S.,NHO,Honduras,21.0,1.0
2020-09,NUS,U.S.,NIS,Israel,333.0,11.0
2020-09,NUS,U.S.,NJA,Japan,0.0,0.0
2020-09,NUS,U.S.,NJM,Jamaica,0.0,0.0
2020-09,NUS,U.S.,NMX,Mexico,643.0,21.0
2020-09,NUS,U.S.,NNL,Netherlands,0.0,0.0
2020-09,NUS,U.S.,NNU,Nicaragua,80.0,3.0
2020-09,NUS,U.S.,NPM,Panama,45.0,2.0
2020-09,NUS,U.S.,NPZ,Puerto Rico,0.0,0.0
2020-09,NUS,U.S.,NTK,Turks and Caicos Islands,2.0,0.0
2020-09,NUS,U.S.,Z00,,1367.0,46.0
2020-09,R10,PADD 1,NBF,Bahama Islands,0.0,0.0
2020-09,R10,PADD 1,NDR,Dominican Republic,0.0,0.0
2020-09,R10,PADD 1,NJA,Japan,0.0,0.0
2020-09,R10,PADD 1,NJM,Jamaica,0.0,0.0
2020-09,R10,PADD 1,NPZ,Puerto Rico,0.0,0.0
2020-09,R10,PADD 1,NTK,Turks and Caicos Islands,2.0,0.0
2020-09,R10,PADD 1,Z00,,2.0,0.0
2020-09,R20,PADD 2,NCA,Canada,28.0,1.0
2020-09,R20,PADD 2,Z00,,28.0,1.0
2020-09,R30,PADD 3,NCA,Canada,75.0,3.0
2020-09,R30,PADD 3,NCI,Chile,0.0,0.0
2020-09,R30,PADD 3,NCO,Colombia,1.0,0.0
2020-09,R30,PADD 3,NGT,Guatemala,22.0,1.0
2020-09,R30,PADD 3,NHO,Honduras,21.0,1.0
2020-09,R30,PADD 3,NIS,Israel,333.0,11.0
2020-09,R30,PADD 3,NMX,Mexico,523.0,17.0
2020-09,R30,PADD 3,NNU,Nicaragua,80.0,3.0
2020-09,R30,PADD 3,NPM,Panama,45.0,2.0
2020-09,R30,PADD 3,Z00,,1100.0,37.0
2020-09,R50,PADD 5,NCA,Canada,117.0,4.0
2020-09,R50,PADD 5,NMX,Mexico,120.0,4.0
2020-09,R50,PADD 5,NNL,Netherlands,0.0,0.0
2020-09,R50,PADD 5,Z00,,237.0,8.0
2020-10,NUS,U.S.,NAR,Argentina,30.0,1.0
2020-10,NUS,U.S.,NBF,Bahama Islands,27.0,1.0
2020-10,NUS,U.S.,NCA,Canada,126.0,4.0
2020-10,NUS,U.S.,NCS,Costa Rica,103.0,3.0
2020-10,NUS,U.S.,NGT,Guatemala,17.0,1.0
2020-10,NUS,U.S.,NHO,Honduras,48.0,2.0
2020-10,NUS,U.S.,NIS,Israel,180.0,6.0
2020-10,NUS,U.S.,NMX,Mexico,662.0,21.0
2020-10,NUS,U.S.,NNL,Netherlands,0.0,0.0
2020-10,NUS,U.S.,NPE,Peru,0.0,0.0
2020-10,NUS,U.S.,NPM,Panama,69.0,2.0
2020-10,NUS,U.S.,NPZ,Puerto Rico,0.0,0.0
2020-10,NUS,U.S.,NTD,Trinidad and Tobago,0.0,0.0
2020-10,NUS,U.S.,NTK,Turks and Caicos Islands,2.0,0.0
2020-10,NUS,U.S.,NUR,Ukraine,0.0,0.0
2020-10,NUS,U.S.,NVQ,Virgin Islands,0.0,0.0
2020-10,NUS,U.S.,Z00,,1265.0,41.0
2020-10,R10,PADD 1,NBF,Bahama Islands,1.0,0.0
2020-10,R10,PADD 1,NPE,Peru,0.0,0.0
2020-10,R10,PADD 1,NPZ,Puerto Rico,0.0,0.0
2020-10,R10,PADD 1,NTD,Trinidad and Tobago,0.0,0.0
2020-10,R10,PADD 1,NTK,Turks and Caicos Islands,2.0,0.0
2020-10,R10,PADD 1,NVQ,Virgin Islands,0.0,0.0
2020-10,R10,PADD 1,Z00,,4.0,0.0
2020-10,R20,PADD 2,NCA,Canada,17.0,1.0
2020-10,R20,PADD 2,Z00,,17.0,1.0
2020-10,R30,PADD 3,NAR,Argentina,30.0,1.0
2020-10,R30,PADD 3,NBF,Bahama Islands,25.0,1.0
2020-10,R30,PADD 3,NCS,Costa Rica,103.0,3.0
2020-10,R30,PADD 3,NGT,Guatemala,17.0,1.0
2020-10,R30,PADD 3,NHO,Honduras,48.0,2.0
2020-10,R30,PADD 3,NIS,Israel,180.0,6.0
2020-10,R30,PADD 3,NMX,Mexico,592.0,19.0
2020-10,R30,PADD 3,NPM,Panama,69.0,2.0
2020-10,R30,PADD 3,NUR,Ukraine,0.0,0.0
2020-10,R30,PADD 3,Z00,,1065.0,34.0
2020-10,R50,PADD 5,NCA,Canada,109.0,4.0
2020-10,R50,PADD 5,NMX,Mexico,70.0,2.0
2020-10,R50,PADD 5,NNL,Netherlands,0.0,0.0
2020-10,R50,PADD 5,Z00,,180.0,6.0
2020-11,NUS,U.S.,NAV,Anguilla,0.0,0.0
2020-11,NUS,U.S.,NBF,Bahama Islands,1.0,0.0
2020-11,NUS,U.S.,NCA,Canada,261.0,9.0
2020-11,NUS,U.S.,NCH,China,1.0,0.0
2020-11,NUS,U.S.,NCI,Chile,126.0,4.0
2020-11,NUS,U.S.,NES,El Salvador,22.0,1.0
2020-11,NUS,U.S.,NGT,Guatemala,33.0,1.0
2020-11,NUS,U.S.,NHO,Honduras,20.0,1.0
2020-11,NUS,U.S.,NIS,Israel,333.0,11.0
2020-11,NUS,U.S.,NMX,Mexico,1156.0,39.0
2020-11,NUS,U.S.,NPM,Panama,410.0,14.0
2020-11,NUS,U.S.,NPZ,Puerto Rico,0.0,0.0
2020-11,NUS,U.S.,NTK,Turks and Caicos Islands,9.0,0.0
2020-11,NUS,U.S.,Z00,,2373.0,79.0
2020-11,R10,PADD 1,NAV,Anguilla,0.0,0.0
2020-11,R10,PADD 1,NBF,Bahama Islands,1.0,0.0
2020-11,R10,PADD 1,NPZ,Puerto Rico,0.0,0.0
2020-11,R10,PADD 1,NTK,Turks and Caicos Islands,9.0,0.0
2020-11,R10,PADD 1,Z00,,11.0,0.0
2020-11,R20,PADD 2,NCA,Canada,27.0,1.0
2020-11,R20,PADD 2,Z00,,27.0,1.0
2020-11,R30,PADD 3,NCA,Canada,100.0,3.0
2020-11,R30,PADD 3,NCI,Chile,126.0,4.0
2020-11,R30,PADD 3,NES,El Salvador,22.0,1.0
2020-11,R30,PADD 3,NGT,Guatemala,33.0,1.0
2020-11,R30,PADD 3,NHO,Honduras,20.0,1.0
2020-11,R30,PADD 3,NIS,Israel,333.0,11.0
2020-11,R30,PADD 3,NMX,Mexico,826.0,28.0
2020-11,R30,PADD 3,NPM,Panama,410.0,14.0
2020-11,R30,PADD 3,Z00,,1870.0,62.0
2020-11,R50,PADD 5,NCA,Canada,135.0,4.0
2020-11,R50,PADD 5,NCH,China,1.0,0.0
2020-11,R50,PADD 5,NMX,Mexico,330.0,11.0
2020-11,R50,PADD 5,Z00,,466.0,16.0
2020-12,NUS,U.S.,NAA,Aruba,55.0,2.0
2020-12,NUS,U.S.,NAC,Antigua and Barbuda,11.0,0.0
2020-12,NUS,U.S.,NAS,Australia,0.0,0.0
2020-12,NUS,U.S.,NBF,Bahama Islands,16.0,1.0
2020-12,NUS,U.S.,NCA,Canada,550.0,18.0
2020-12,NUS,U.S.,NCI,Chile,385.0,12.0
2020-12,NUS,U.S.,NCS,Costa Rica,88.0,3.0
2020-12,NUS,U.S.,NDR,Dominican Republic,15.0,0.0
2020-12,NUS,U.S.,NEC,Ecuador,0.0,0.0
2020-12,NUS,U.S.,NES,El Salvador,2.0,0.0
2020-12,NUS,U.S.,NGT,Guatemala,33.0,1.0
2020-12,NUS,U.S.,NGY,Guyana,0.0,0.0
2020-12,NUS,U.S.,NHO,Honduras,24.0,1.0
2020-12,NUS,U.S.,NIZ,Iraq,1.0,0.0
2020-12,NUS,U.S.,NLE,Lebanon,0.0,0.0
2020-12,NUS,U.S.,NMX,Mexico,998.0,32.0
2020-12,NUS,U.S.,NPM,Panama,249.0,8.0
2020-12,NUS,U.S.,NPZ,Puerto Rico,0.0,0.0
2020-12,NUS,U.S.,NTK,Turks and Caicos Islands,14.0,0.0
2020-12,NUS,U.S.,NUY,Uruguay,114.0,4.0
2020-12,NUS,U.S.,Z00,,2556.0,82.0
2020-12,R10,PADD 1,NBF,Bahama Islands,1.0,0.0
2020-12,R10,PADD 1,NCA,Canada,146.0,5.0
2020-12,R10,PADD 1,NEC,Ecuador,0.0,0.0
2020-12,R10,PADD 1,NGY,Guyana,0.0,0.0
2020-12,R10,PADD 1,NIZ,Iraq,1.0,0.0
2020-12,R10,PADD 1,NPZ,Puerto Rico,0.0,0.0
2020-12,R10,PADD 1,NTK,Turks and Caicos Islands,14.0,0.0
2020-12,R10,PADD 1,Z00,,163.0,5.0
2020-12,R20,PADD 2,NCA,Canada,28.0,1.0
2020-12,R20,PADD 2,Z00,,28.0,1.0
2020-12,R30,PADD 3,NAA,Aruba,55.0,2.0
2020-12,R30,PADD 3,NAC,Antigua and Barbuda,11.0,0.0
2020-12,R30,PADD 3,NBF,Bahama Islands,15.0,0.0
2020-12,R30,PADD 3,NCA,Canada,271.0,9.0
2020-12,R30,PADD 3,NCI,Chile,385.0,12.0
2020-12,R30,PADD 3,NCS,Costa Rica,88.0,3.0
2020-12,R30,PADD 3,NDR,Dominican Republic,15.0,0.0
2020-12,R30,PADD 3,NGT,Guatemala,33.0,1.0
2020-12,R30,PADD 3,NHO,Honduras,24.0,1.0
2020-12,R30,PADD 3,NLE,Lebanon,0.0,0.0
2020-12,R30,PADD 3,NMX,Mexico,813.0,26.0
2020-12,R30,PADD 3,NPM,Panama,249.0,8.0
2020-12,R30,PADD 3,NUY,Uruguay,114.0,4.0
2020-12,R30,PADD 3,Z00,,2072.0,67.0
2020-12,R50,PADD 5,NAS,Australia,0.0,0.0
2020-12,R50,PADD 5,NCA,Canada,106.0,3.0
2020-12,R50,PADD 5,NES,El Salvador,2.0,0.0
2020-12,R50,PADD 5,NMX,Mexico,186.0,6.0
2020-12,R50,PADD 5,Z00,,293.0,9.0
2021-01,NUS,U.S.,NAA,Aruba,70.0,2.0
2021-01,NUS,U.S.,NAC,Antigua and Barbuda,80.0,3.0
2021-01,NUS,U.S.,NBB,Barbados,0.0,0.0
2021-01,NUS,U.S.,NBF,Bahama Islands,67.0,2.0
2021-01,NUS,U.S.,NCA,Canada,107.0,3.0
2021-01,NUS,U.S.,NCI,Chile,188.0,6.0
2021-01,NUS,U.S.,NCS,Costa Rica,99.0,3.0
2021-01,NUS,U.S.,NDR,Dominican Republic,150.0,5.0
2021-01,NUS,U.S.,NES,El Salvador,22.0,1.0
2021-01,NUS,U.S.,NGT,Guatemala,81.0,3.0
2021-01,NUS,U.S.,NHO,Honduras,14.0,0.0
2021-01,NUS,U.S.,NIS,Israel,333.0,11.0
2021-01,NUS,U.S.,NJM,Jamaica,60.0,2.0
2021-01,NUS,U.S.,NMX,Mexico,1212.0,39.0
2021-01,NUS,U.S.,NNU,Nicaragua,0.0,0.0
2021-01,NUS,U.S.,NPE,Peru,194.0,6.0
2021-01,NUS,U.S.,NPM,Panama,171.0,6.0
2021-01,NUS,U.S.,NTK,Turks and Caicos Islands,2.0,0.0
2021-01,NUS,U.S.,Z00,,2852.0,92.0
2021-01,R10,PADD 1,NBF,Bahama Islands,2.0,0.0
2021-01,R10,PADD 1,NCS,Costa Rica,0.0,0.0
2021-01,R10,PADD 1,NDR,Dominican Republic,0.0,0.0
2021-01,R10,PADD 1,NTK,Turks and Caicos Islands,2.0,0.0
2021-01,R10,PADD 1,Z00,,5.0,0.0
2021-01,R20,PADD 2,NCA,Canada,22.0,1.0
2021-01,R20,PADD 2,Z00,,22.0,1.0
2021-01,R30,PADD 3,NAA,Aruba,70.0,2.0
2021-01,R30,PADD 3,NAC,Antigua and Barbuda,80.0,3.0
2021-01,R30,PADD 3,NBB,Barbados,0.0,0.0
2021-01,R30,PADD 3,NBF,Bahama Islands,65.0,2.0
2021-01,R30,PADD 3,NCI,Chile,188.0,6.0
2021-01,R30,PADD 3,NCS,Costa Rica,99.0,3.0
2021-01,R30,PADD 3,NDR,Dominican Republic,150.0,5.0
2021-01,R30,PADD 3,NES,El Salvador,22.0,1.0
2021-01,R30,PADD 3,NGT,Guatemala,81.0,3.0
2021-01,R30,PADD 3,NHO,Honduras,14.0,0.0
2021-01,R30,PADD 3,NIS,Israel,333.0,11.0
2021-01,R30,PADD 3,NJM,Jamaica,60.0,2.0
2021-01,R30,PADD 3,NMX,Mexico,992.0,32.0
2021-01,R30,PADD 3,NNU,Nicaragua,0.0,0.0
2021-01,R30,PADD 3,NPE,Peru,194.0,6.0
2021-01,R30,PADD 3,NPM,Panama,171.0,6.0
2021-01,R30,PADD 3,Z00,,2521.0,81.0
2021-01,R50,PADD 5,NCA,Canada,85.0,3.0
2021-01,R50,PADD 5,NMX,Mexico,220.0,7.0
2021-01,R50,PADD 5,Z00,,305.0,10.0
2021-02,NUS,U.S.,NBF,Bahama Islands,154.0,5.0
2021-02,NUS,U.S.,NCA,Canada,413.0,15.0
2021-02,NUS,U.S.,NCI,Chile,100.0,4.0
2021-02,NUS,U.S.,NCJ,Cayman Islands,6.0,0.0
2021-02,NUS,U.S.,NCS,Costa Rica,92.0,3.0
2021-02,NUS,U.S.,NDR,Dominican Republic,25.0,1.0
2021-02,NUS,U.S.,NES,El Salvador,25.0,1.0
2021-02,NUS,U.S.,NFM,Federated States of Micronesia,0.0,0.0
2021-02,NUS,U.S.,NGT,Guatemala,44.0,2.0
2021-02,NUS,U.S.,NGY,Guyana,0.0,0.0
2021-02,NUS,U.S.,NHO,Honduras,21.0,1.0
2021-02,NUS,U.S.,NMX,Mexico,491.0,18.0
2021-02,NUS,U.S.,NPM,Panama,241.0,9.0
2021-02,NUS,U.S.,NPZ,Puerto Rico,0.0,0.0
2021-02,NUS,U.S.,NTH,Thailand,0.0,0.0
2021-02,NUS,U.S.,NTK,Turks and Caicos Islands,8.0,0.0
2021-02,NUS,U.S.,NUY,Uruguay,280.0,10.0
2021-02,NUS,U.S.,Z00,,1901.0,68.0
2021-02,R10,PADD 1,NBF,Bahama Islands,2.0,0.0
2021-02,R10,PADD 1,NCA,Canada,267.0,10.0
2021-02,R10,PADD 1,NCI,Chile,0.0,0.0
2021-02,R10,PADD 1,NGY,Guyana,0.0,0.0
2021-02,R10,PADD 1,NPZ,Puerto Rico,0.0,0.0
2021-02,R10,PADD 1,NTK,Turks and Caicos Islands,8.0,0.0
2021-02,R10,PADD 1,Z00,,276.0,10.0
2021-02,R20,PADD 2,NCA,Canada,27.0,1.0
2021-02,R20,PADD 2,Z00,,27.0,1.0
2021-02,R30,PADD 3,NBF,Bahama Islands,152.0,5.0
2021-02,R30,PADD 3,NCA,Canada,61.0,2.0
2021-02,R30,PADD 3,NCI,Chile,100.0,4.0
2021-02,R30,PADD 3,NCJ,Cayman Islands,6.0,0.0
2021-02,R30,PADD 3,NCS,Costa Rica,92.0,3.0
2021-02,R30,PADD 3,NDR,Dominican Republic,25.0,1.0
2021-02,R30,PADD 3,NES,El Salvador,25.0,1.0
2021-02,R30,PADD 3,NGT,Guatemala,44.0,2.0
2021-02,R30,PADD 3,NHO,Honduras,21.0,1.0
2021-02,R30,PADD 3,NMX,Mexico,361.0,13.0
2021-02,R30,PADD 3,NPM,Panama,241.0,9.0
2021-02,R30,PADD 3,NUY,Uruguay,280.0,10.0
2021-02,R30,PADD 3,Z00,,1409.0,50.0
2021-02,R50,PADD 5,NCA,Canada,59.0,2.0
2021-02,R50,PADD 5,NFM,Federated States of Micronesia,0.0,0.0
2021-02,R50,PADD 5,NMX,Mexico,130.0,5.0
2021-02,R50,PADD 5,NTH,Thailand,0.0,0.0
2021-02,R50,PADD 5,Z00,,189.0,7.0
2021-03,NUS,U.S.,NAA,Aruba,59.0,2.0
2021-03,NUS,U.S.,NAC,Antigua and Barbuda,28.0,1.0
2021-03,NUS,U.S.,NAS,Australia,0.0,0.0
2021-03,NUS,U.S.,NBB,Barbados,12.0,0.0
2021-03,NUS,U.S.,NBF,Bahama Islands,2.0,0.0
2021-03,NUS,U.S.,NBR,Brazil,119.0,4.0
2021-03,NUS,U.S.,NCA,Canada,450.0,15.0
2021-03,NUS,U.S.,NCH,China,0.0,0.0
2021-03,NUS,U.S.,NCI,Chile,101.0,3.0
2021-03,NUS,U.S.,NCO,Colombia,1.0,0.0
2021-03,NUS,U.S.,NCS,Costa Rica,90.0,3.0
2021-03,NUS,U.S.,NDR,Dominican Republic,0.0,0.0
2021-03,NUS,U.S.,NEC,Ecuador,1.0,0.0
2021-03,NUS,U.S.,NES,El Salvador,20.0,1.0
2021-03,NUS,U.S.,NGT,Guatemala,125.0,4.0
2021-03,NUS,U.S.,NHO,Honduras,22.0,1.0
2021-03,NUS,U.S.,NIZ,Iraq,1.0,0.0
2021-03,NUS,U.S.,NJA,Japan,0.0,0.0
2021-03,NUS,U.S.,NJM,Jamaica,1.0,0.0
2021-03,NUS,U.S.,NKS,Korea,0.0,0.0
2021-03,NUS,U.S.,NMX,Mexico,1029.0,33.0
2021-03,NUS,U.S.,NNI,Nigeria,0.0,0.0
2021-03,NUS,U.S.,NNS,Suriname,0.0,0.0
2021-03,NUS,U.S.,NNU,Nicaragua,55.0,2.0
2021-03,NUS,U.S.,NPE,Peru,2.0,0.0
2021-03,NUS,U.S.,NPM,Panama,119.0,4.0
2021-03,NUS,U.S.,NPZ,Puerto Rico,0.0,0.0
2021-03,NUS,U.S.,NQA,Qatar,0.0,0.0
2021-03,NUS,U.S.,NTD,Trinidad and Tobago,0.0,0.0
2021-03,NUS,U.S.,NTK,Turks and Caicos Islands,14.0,0.0
2021-03,NUS,U.S.,NTO,Togo,0.0,0.0
2021-03,NUS,U.S.,NUK,United Kingdom,0.0,0.0
2021-03,NUS,U.S.,NVM,Vietnam,1.0,0.0
2021-03,NUS,U.S.,Z00,,2254.0,73.0
2021-03,R10,PADD 1,NAA,Aruba,0.0,0.0
2021-03,R10,PADD 1,NAC,Antigua and Barbuda,0.0,0.0
2021-03,R10,PADD 1,NBF,Bahama Islands,2.0,0.0
2021-03,R10,PADD 1,NCA,Canada,240.0,8.0
2021-03,R10,PADD 1,NCH,China,0.0,0.0
2021-03,R10,PADD 1,NCI,Chile,0.0,0.0
2021-03,R10,PADD 1,NGT,Guatemala,0.0,0.0
2021-03,R10,PADD 1,NIZ,Iraq,0.0,0.0
2021-03,R10,PADD 1,NJM,Jamaica,1.0,0.0
2021-03,R10,PADD 1,NNS,Suriname,0.0,0.0
2021-03,R10,PADD 1,NPZ,Puerto Rico,0.0,0.0
2021-03,R10,PADD 1,NTD,Trinidad and Tobago,0.0,0.0
2021-03,R10,PADD 1,NTK,Turks and Caicos Islands,14.0,0.0
2021-03,R10,PADD 1,Z00,,258.0,8.0
2021-03,R20,PADD 2,NCA,Canada,43.0,1.0
2021-03,R20,PADD 2,Z00,,43.0,1.0
2021-03,R30,PADD 3,NAA,Aruba,59.0,2.0
2021-03,R30,PADD 3,NAC,Antigua and Barbuda,28.0,1.0
2021-03,R30,PADD 3,NBB,Barbados,12.0,0.0
2021-03,R30,PADD 3,NBR,Brazil,119.0,4.0
2021-03,R30,PADD 3,NCA,Canada,86.0,3.0
2021-03,R30,PADD 3,NCH,China,0.0,0.0
2021-03,R30,PADD 3,NCI,Chile,101.0,3.0
2021-03,R30,PADD 3,NCO,Colombia,1.0,0.0
2021-03,R30,PADD 3,NCS,Costa Rica,90.0,3.0
2021-03,R30,PADD 3,NDR,Dominican Republic,0.0,0.0
2021-03,R30,PADD 3,NEC,Ecuador,1.0,0.0
2021-03,R30,PADD 3,NES,El Salvador,20.0,1.0
2021-03,R30,PADD 3,NGT,Guatemala,24.0,1.0
2021-03,R30,PADD 3,NHO,Honduras,22.0,1.0
2021-03,R30,PADD 3,NIZ,Iraq,0.0,0.0
2021-03,R30,PADD 3,NMX,Mexico,778.0,25.0
2021-03,R30,PADD 3,NNI,Nigeria,0.0,0.0
2021-03,R30,PADD 3,NNU,Nicaragua,55.0,2.0
2021-03,R30,PADD 3,NPE,Peru,2.0,0.0
2021-03,R30,PADD 3,NPM,Panama,119.0,4.0
2021-03,R30,PADD 3,NQA,Qatar,0.0,0.0
2021-03,R30,PADD 3,NTO,Togo,0.0,0.0
2021-03,R30,PADD 3,Z00,,1517.0,49.0
2021-03,R50,PADD 5,NAS,Australia,0.0,0.0
2021-03,R50,PADD 5,NCA,Canada,82.0,3.0
2021-03,R50,PADD 5,NCH,China,0.0,0.0
2021-03,R50,PADD 5,NGT,Guatemala,100.0,3.0
2021-03,R50,PADD 5,NJA,Japan,0.0,0.0
2021-03,R50,PADD 5,NKS,Korea,0.0,0.0
2021-03,R50,PADD 5,NMX,Mexico,251.0,8.0
2021-03,R50,PADD 5,NUK,United Kingdom,0.0,0.0
2021-03,R50,PADD 5,NVM,Vietnam,1.0,0.0
2021-03,R50,PADD 5,Z00,,435.0,14.0
2021-04,NUS,U.S.,NAC,Antigua and Barbuda,3.0,0.0
2021-04,NUS,U.S.,NAR,Argentina,31.0,1.0
2021-04,NUS,U.S.,NBB,Barbados,11.0,0.0
2021-04,NUS,U.S.,NBF,Bahama Islands,55.0,2.0
2021-04,NUS,U.S.,NBH,Belize,12.0,0.0
2021-04,NUS,U.S.,NCA,Canada,74.0,2.0
2021-04,NUS,U.S.,NCI,Chile,366.0,12.0
2021-04,NUS,U.S.,NCS,Costa Rica,120.0,4.0
2021-04,NUS,U.S.,NDR,Dominican Republic,120.0,4.0
2021-04,NUS,U.S.,NES,El Salvador,30.0,1.0
2021-04,NUS,U.S.,NGT,Guatemala,81.0,3.0
2021-04,NUS,U.S.,NGY,Guyana,0.0,0.0
2021-04,NUS,U.S.,NHO,Honduras,48.0,2.0
2021-04,NUS,U.S.,NIZ,Iraq,0.0,0.0
2021-04,NUS,U.S.,NMX,Mexico,947.0,32.0
2021-04,NUS,U.S.,NNS,Suriname,0.0,0.0
2021-04,NUS,U.S.,NNZ,New Zealand,0.0,0.0
2021-04,NUS,U.S.,NPM,Panama,35.0,1.0
2021-04,NUS,U.S.,NTC,United Arab Emirates,1.0,0.0
2021-04,NUS,U.S.,NTD,Trinidad and Tobago,0.0,0.0
2021-04,NUS,U.S.,NTK,Turks and Caicos Islands,14.0,0.0
2021-04,NUS,U.S.,NTW,Taiwan,0.0,0.0
2021-04,NUS,U.S.,NVM,Vietnam,0.0,0.0
2021-04,NUS,U.S.,Z00,,1949.0,65.0
2021-04,R10,PADD 1,NBF,Bahama Islands,5.0,0.0
2021-04,R10,PADD 1,NCI,Chile,0.0,0.0
2021-04,R10,PADD 1,NGY,Guyana,0.0,0.0
2021-04,R10,PADD 1,NNS,Suriname,0.0,0.0
2021-04,R10,PADD 1,NTC,United Arab Emirates,1.0,0.0
2021-04,R10,PADD 1,NTD,Trinidad and Tobago,0.0,0.0
2021-04,R10,PADD 1,NTK,Turks and Caicos Islands,14.0,0.0
2021-04,R10,PADD 1,NVM,Vietnam,0.0,0.0
2021-04,R10,PADD 1,Z00,,20.0,1.0
2021-04,R20,PADD 2,NCA,Canada,16.0,1.0
2021-04,R20,PADD 2,Z00,,16.0,1.0
2021-04,R30,PADD 3,NAC,Antigua and Barbuda,3.0,0.0
2021-04,R30,PADD 3,NAR,Argentina,31.0,1.0
2021-04,R30,PADD 3,NBB,Barbados,11.0,0.0
2021-04,R30,PADD 3,NBF,Bahama Islands,50.0,2.0
2021-04,R30,PADD 3,NBH,Belize,12.0,0.0
2021-04,R30,PADD 3,NCI,Chile,178.0,6.0
2021-04,R30,PADD 3,NCS,Costa Rica,120.0,4.0
2021-04,R30,PADD 3,NDR,Dominican Republic,120.0,4.0
2021-04,R30,PADD 3,NES,El Salvador,30.0,1.0
2021-04,R30,PADD 3,NGT,Guatemala,31.0,1.0
2021-04,R30,PADD 3,NHO,Honduras,48.0,2.0
2021-04,R30,PADD 3,NIZ,Iraq,0.0,0.0
2021-04,R30,PADD 3,NMX,Mexico,650.0,22.0
2021-04,R30,PADD 3,NPM,Panama,35.0,1.0
2021-04,R30,PADD 3,Z00,,1319.0,44.0
2021-04,R50,PADD 5,NCA,Canada,59.0,2.0
2021-04,R50,PADD 5,NCI,Chile,188.0,6.0
2021-04,R50,PADD 5,NGT,Guatemala,50.0,2.0
2021-04,R50,PADD 5,NMX,Mexico,297.0,10.0
2021-04,R50,PADD 5,NNZ,New Zealand,0.0,0.0
2021-04,R50,PADD 5,NTW,Taiwan,0.0,0.0
2021-04,R50,PADD 5,Z00,,594.0,20.0
2021-05,NUS,U.S.,NAA,Aruba,86.0,3.0
2021-05,NUS,U.S.,NAR,Argentina,20.0,1.0
2021-05,NUS,U.S.,NBB,Barbados,0.0,0.0
2021-05,NUS,U.S.,NBF,Bahama Islands,79.0,3.0
2021-05,NUS,U.S.,NCA,Canada,375.0,12.0
2021-05,NUS,U.S.,NCI,Chile,192.0,6.0
2021-05,NUS,U.S.,NCS,Costa Rica,100.0,3.0
2021-05,NUS,U.S.,NDR,Dominican Republic,100.0,3.0
2021-05,NUS,U.S.,NEC,Ecuador,1.0,0.0
2021-05,NUS,U.S.,NES,El Salvador,30.0,1.0
2021-05,NUS,U.S.,NGT,Guatemala,34.0,1.0
2021-05,NUS,U.S.,NHO,Honduras,25.0,1.0
2021-05,NUS,U.S.,NIN,India,0.0,0.0
2021-05,NUS,U.S.,NIS,Israel,334.0,11.0
2021-05,NUS,U.S.,NIZ,Iraq,1.0,0.0
2021-05,NUS,U.S.,NJA,Japan,0.0,0.0
2021-05,NUS,U.S.,NJM,Jamaica,0.0,0.0
2021-05,NUS,U.S.,NKS,Korea,0.0,0.0
2021-05,NUS,U.S.,NMX,Mexico,1655.0,53.0
2021-05,NUS,U.S.,NNU,Nicaragua,108.0,3.0
2021-05,NUS,U.S.,NPE,Peru,1.0,0.0
2021-05,NUS,U.S.,NPM,Panama,265.0,9.0
2021-05,NUS,U.S.,NPZ,Puerto Rico,0.0,0.0
2021-05,NUS,U.S.,NQA,Qatar,0.0,0.0
2021-05,NUS,U.S.,NSA,Saudi Arabia,2.0,0.0
2021-05,NUS,U.S.,NTC,United Arab Emirates,0.0,0.0
2021-05,NUS,U.S.,NTK,Turks and Caicos Islands,12.0,0.0
2021-05,NUS,U.S.,NTW,Taiwan,0.0,0.0
2021-05,NUS,U.S.,NUK,United Kingdom,0.0,0.0
2021-05,NUS,U.S.,NUR,Ukraine,0.0,0.0
2021-05,NUS,U.S.,Z00,,3422.0,110.0
2021-05,R10,PADD 1,NAR,Argentina,0.0,0.0
2021-05,R10,PADD 1,NBB,Barbados,0.0,0.0
2021-05,R10,PADD 1,NBF,Bahama Islands,4.0,0.0
2021-05,R10,PADD 1,NCA,Canada,297.0,10.0
2021-05,R10,PADD 1,NDR,Dominican Republic,0.0,0.0
2021-05,R10,PADD 1,NIN,India,0.0,0.0
2021-05,R10,PADD 1,NIS,Israel,0.0,0.0
2021-05,R10,PADD 1,NIZ,Iraq,1.0,0.0
2021-05,R10,PADD 1,NJM,Jamaica,0.0,0.0
2021-05,R10,PADD 1,NPM,Panama,0.0,0.0
2021-05,R10,PADD 1,NPZ,Puerto Rico,0.0,0.0
2021-05,R10,PADD 1,NSA,Saudi Arabia,2.0,0.0
2021-05,R10,PADD 1,NTK,Turks and Caicos Islands,12.0,0.0
2021-05,R10,PADD 1,NUK,United Kingdom,0.0,0.0
2021-05,R10,PADD 1,NUR,Ukraine,0.0,0.0
2021-05,R10,PADD 1,Z00,,318.0,10.0
2021-05,R20,PADD 2,NCA,Canada,2.0,0.0
2021-05,R20,PADD 2,Z00,,2.0,0.0
2021-05,R30,PADD 3,NAA,Aruba,86.0,3.0
2021-05,R30,PADD 3,NAR,Argentina,20.0,1.0
2021-05,R30,PADD 3,NBF,Bahama Islands,75.0,2.0
2021-05,R30,PADD 3,NCI,Chile,75.0,2.0
2021-05,R30,PADD 3,NCS,Costa Rica,100.0,3.0
2021-05,R30,PADD 3,NDR,Dominican Republic,100.0,3.0
2021-05,R30,PADD 3,NEC,Ecuador,1.0,0.0
2021-05,R30,PADD 3,NES,El Salvador,30.0,1.0
2021-05,R30,PADD 3,NGT,Guatemala,34.0,1.0
2021-05,R30,PADD 3,NHO,Honduras,25.0,1.0
2021-05,R30,PADD 3,NIS,Israel,333.0,11.0
2021-05,R30,PADD 3,NMX,Mexico,1424.0,46.0
2021-05,R30,PADD 3,NNU,Nicaragua,108.0,3.0
2021-05,R30,PADD 3,NPE,Peru,1.0,0.0
2021-05,R30,PADD 3,NPM,Panama,265.0,9.0
2021-05,R30,PADD 3,NQA,Qatar,0.0,0.0
2021-05,R30,PADD 3,NTC,United Arab Emirates,0.0,0.0
2021-05,R30,PADD 3,Z00,,2678.0,86.0
2021-05,R50,PADD 5,NCA,Canada,76.0,2.0
2021-05,R50,PADD 5,NCI,Chile,117.0,4.0
2021-05,R50,PADD 5,NJA,Japan,0.0,0.0
2021-05,R50,PADD 5,NKS,Korea,0.0,0.0
2021-05,R50,PADD 5,NMX,Mexico,230.0,7.0
2021-05,R50,PADD 5,NTW,Taiwan,0.0,0.0
2021-05,R50,PADD 5,Z00,,424.0,14.0
2021-06,NUS,U.S.,NAA,Aruba,78.0,3.0
2021-06,NUS,U.S.,NAC,Antigua and Barbuda,0.0,0.0
2021-06,NUS,U.S.,NBF,Bahama Islands,5.0,0.0
2021-06,NUS,U.S.,NBH,Belize,20.0,1.0
2021-06,NUS,U.S.,NCA,Canada,416.0,14.0
2021-06,NUS,U.S.,NCI,Chile,193.0,6.0
2021-06,NUS,U.S.,NCO,Colombia,3.0,0.0
2021-06,NUS,U.S.,NCS,Costa Rica,121.0,4.0
2021-06,NUS,U.S.,NDR,Dominican Republic,175.0,6.0
2021-06,NUS,U.S.,NEC,Ecuador,0.0,0.0
2021-06,NUS,U.S.,NEG,Egypt,1.0,0.0
2021-06,NUS,U.S.,NES,El Salvador,35.0,1.0
2021-06,NUS,U.S.,NFR,France,0.0,0.0
2021-06,NUS,U.S.,NGT,Guatemala,16.0,1.0
2021-06,NUS,U.S.,NHO,Honduras,78.0,3.0
2021-06,NUS,U.S.,NIS,Israel,0.0,0.0
2021-06,NUS,U.S.,NMX,Mexico,1346.0,45.0
2021-06,NUS,U.S.,NMY,Malaysia,0.0,0.0
2021-06,NUS,U.S.,NNI,Nigeria,0.0,0.0
2021-06,NUS,U.S.,NNU,Nicaragua,48.0,2.0
2021-06,NUS,U.S.,NPE,Peru,47.0,2.0
2021-06,NUS,U.S.,NPM,Panama,189.0,6.0
2021-06,NUS,U.S.,NSA,Saudi Arabia,1.0,0.0
2021-06,NUS,U.S.,NTD,Trinidad and Tobago,1.0,0.0
2021-06,NUS,U.S.,NTK,Turks and Caicos Islands,14.0,0.0
2021-06,NUS,U.S.,NUC,Curacao,0.0,0.0
2021-06,NUS,U.S.,NVM,Vietnam,1.0,0.0
2021-06,NUS,U.S.,Z00,,2791.0,93.0
2021-06,R10,PADD 1,NAC,Antigua and Barbuda,0.0,0.0
2021-06,R10,PADD 1,NBF,Bahama Islands,5.0,0.0
2021-06,R10,PADD 1,NCA,Canada,271.0,9.0
2021-06,R10,PADD 1,NCS,Costa Rica,1.0,0.0
2021-06,R10,PADD 1,NEC,Ecuador,0.0,0.0
2021-06,R10,PADD 1,NES,El Salvador,0.0,0.0
2021-06,R10,PADD 1,NFR,France,0.0,0.0
2021-06,R10,PADD 1,NIS,Israel,0.0,0.0
2021-06,R10,PADD 1,NSA,Saudi Arabia,1.0,0.0
2021-06,R10,PADD 1,NTD,Trinidad and Tobago,1.0,0.0
2021-06,R10,PADD 1,NTK,Turks and Caicos Islands,14.0,0.0
2021-06,R10,PADD 1,NVM,Vietnam,1.0,0.0
2021-06,R10,PADD 1,Z00,,293.0,10.0
2021-06,R20,PADD 2,NCA,Canada,6.0,0.0
2021-06,R20,PADD 2,Z00,,6.0,0.0
2021-06,R30,PADD 3,NAA,Aruba,78.0,3.0
2021-06,R30,PADD 3,NBH,Belize,20.0,1.0
2021-06,R30,PADD 3,NCI,Chile,75.0,3.0
2021-06,R30,PADD 3,NCO,Colombia,3.0,0.0
2021-06,R30,PADD 3,NCS,Costa Rica,120.0,4.0
2021-06,R30,PADD 3,NDR,Dominican Republic,175.0,6.0
2021-06,R30,PADD 3,NEC,Ecuador,0.0,0.0
2021-06,R30,PADD 3,NEG,Egypt,1.0,0.0
2021-06,R30,PADD 3,NES,El Salvador,35.0,1.0
2021-06,R30,PADD 3,NGT,Guatemala,16.0,1.0
2021-06,R30,PADD 3,NHO,Honduras,78.0,3.0
2021-06,R30,PADD 3,NMX,Mexico,981.0,33.0
2021-06,R30,PADD 3,NNI,Nigeria,0.0,0.0
2021-06,R30,PADD 3,NNU,Nicaragua,48.0,2.0
2021-06,R30,PADD 3,NPE,Peru,47.0,2.0
2021-06,R30,PADD 3,NPM,Panama,189.0,6.0
2021-06,R30,PADD 3,NUC,Curacao,0.0,0.0
2021-06,R30,PADD 3,Z00,,1870.0,62.0
2021-06,R50,PADD 5,NCA,Canada,139.0,5.0
2021-06,R50,PADD 5,NCI,Chile,118.0,4.0
2021-06,R50,PADD 5,NHO,Honduras,0.0,0.0
2021-06,R50,PADD 5,NMX,Mexico,365.0,12.0
2021-06,R50,PADD 5,NMY,Malaysia,0.0,0.0
2021-06,R50,PADD 5,Z00,,622.0,21.0
2021-07,NUS,U.S.,NAA,Aruba,96.0,3.0
2021-07,NUS,U.S.,NAC,Antigua and Barbuda,0.0,0.0
2021-07,NUS,U.S.,NAR,Argentina,0.0,0.0
2021-07,NUS,U.S.,NBF,Bahama Islands,4.0,0.0
2021-07,NUS,U.S.,NCA,Canada,293.0,9.0
2021-07,NUS,U.S.,NCH,China,0.0,0.0
2021-07,NUS,U.S.,NCI,Chile,193.0,6.0
2021-07,NUS,U.S.,NCO,Colombia,3.0,0.0
2021-07,NUS,U.S.,NCS,Costa Rica,50.0,2.0
2021-07,NUS,U.S.,NDR,Dominican Republic,110.0,4.0
2021-07,NUS,U.S.,NEC,Ecuador,0.0,0.0
2021-07,NUS,U.S.,NES,El Salvador,43.0,1.0
2021-07,NUS,U.S.,NGB,Gabon,0.0,0.0
2021-07,NUS,U.S.,NGG,Georgia,0.0,0.0
2021-07,NUS,U.S.,NGT,Guatemala,55.0,2.0
2021-07,NUS,U.S.,NHK,Hong Kong,0.0,0.0
2021-07,NUS,U.S.,NHO,Honduras,102.0,3.0
2021-07,NUS,U.S.,NIN,India,0.0,0.0
2021-07,NUS,U.S.,NKS,Korea,0.0,0.0
2021-07,NUS,U.S.,NLE,Lebanon,0.0,0.0
2021-07,NUS,U.S.,NMX,Mexico,1287.0,42.0
2021-07,NUS,U.S.,NNU,Nicaragua,64.0,2.0
2021-07,NUS,U.S.,NPE,Peru,58.0,2.0
2021-07,NUS,U.S.,NPM,Panama,448.0,14.0
2021-07,NUS,U.S.,NPZ,Puerto Rico,0.0,0.0
2021-07,NUS,U.S.,NSN,Singapore,0.0,0.0
2021-07,NUS,U.S.,NTC,United Arab Emirates,0.0,0.0
2021-07,NUS,U.S.,NTK,Turks and Caicos Islands,13.0,0.0
2021-07,NUS,U.S.,NUK,United Kingdom,0.0,0.0
2021-07,NUS,U.S.,NUR,Ukraine,0.0,0.0
2021-07,NUS,U.S.,NVQ,Virgin Islands,0.0,0.0
2021-07,NUS,U.S.,Z00,,2822.0,91.0
2021-07,R10,PADD 1,NAC,Antigua and Barbuda,0.0,0.0
2021-07,R10,PADD 1,NAR,Argentina,0.0,0.0
2021-07,R10,PADD 1,NBF,Bahama Islands,4.0,0.0
2021-07,R10,PADD 1,NCA,Canada,131.0,4.0
2021-07,R10,PADD 1,NCH,China,0.0,0.0
2021-07,R10,PADD 1,NCO,Colombia,0.0,0.0
2021-07,R10,PADD 1,NGG,Georgia,0.0,0.0
2021-07,R10,PADD 1,NIN,India,0.0,0.0
2021-07,R10,PADD 1,NLE,Lebanon,0.0,0.0
2021-07,R10,PADD 1,NNU,Nicaragua,0.0,0.0
2021-07,R10,PADD 1,NPM,Panama,0.0,0.0
2021-07,R10,PADD 1,NPZ,Puerto Rico,0.0,0.0
2021-07,R10,PADD 1,NTK,Turks and Caicos Islands,13.0,0.0
2021-07,R10,PADD 1,NUR,Ukraine,0.0,0.0
2021-07,R10,PADD 1,NVQ,Virgin Islands,0.0,0.0
2021-07,R10,PADD 1,Z00,,150.0,5.0
2021-07,R20,PADD 2,NCA,Canada,6.0,0.0
2021-07,R20,PADD 2,Z00,,6.0,0.0
2021-07,R30,PADD 3,NAA,Aruba,96.0,3.0
2021-07,R30,PADD 3,NCI,Chile,75.0,2.0
2021-07,R30,PADD 3,NCO,Colombia,3.0,0.0
2021-07,R30,PADD 3,NCS,Costa Rica,50.0,2.0
2021-07,R30,PADD 3,NDR,Dominican Republic,110.0,4.0
2021-07,R30,PADD 3,NEC,Ecuador,0.0,0.0
2021-07,R30,PADD 3,NES,El Salvador,43.0,1.0
2021-07,R30,PADD 3,NGB,Gabon,0.0,0.0
2021-07,R30,PADD 3,NGT,Guatemala,55.0,2.0
2021-07,R30,PADD 3,NHO,Honduras,102.0,3.0
2021-07,R30,PADD 3,NMX,Mexico,998.0,32.0
2021-07,R30,PADD 3,NNU,Nicaragua,64.0,2.0
2021-07,R30,PADD 3,NPE,Peru,58.0,2.0
2021-07,R30,PADD 3,NPM,Panama,447.0,14.0
2021-07,R30,PADD 3,NSN,Singapore,0.0,0.0
2021-07,R30,PADD 3,NTC,United Arab Emirates,0.0,0.0
2021-07,R30,PADD 3,NUK,United Kingdom,0.0,0.0
2021-07,R30,PADD 3,Z00,,2102.0,68.0
2021-07,R50,PADD 5,NCA,Canada,156.0,5.0
2021-07,R50,PADD 5,NCI,Chile,118.0,4.0
2021-07,R50,PADD 5,NHK,Hong Kong,0.0,0.0
2021-07,R50,PADD 5,NKS,Korea,0.0,0.0
2021-07,R50,PADD 5,NMX,Mexico,289.0,9.0
2021-07,R50,PADD 5,Z00,,564.0,18.0
2021-08,NUS,U.S.,NBF,Bahama Islands,40.0,1.0
2021-08,NUS,U.S.,NBR,Brazil,2.0,0.0
2021-08,NUS,U.S.,NCA,Canada,722.0,23.0
2021-08,NUS,U.S.,NCH,China,0.0,0.0
2021-08,NUS,U.S.,NCI,Chile,456.0,15.0
2021-08,NUS,U.S.,NCJ,Cayman Islands,0.0,0.0
2021-08,NUS,U.S.,NCO,Colombia,2.0,0.0
2021-08,NUS,U.S.,NCS,Costa Rica,150.0,5.0
2021-08,NUS,U.S.,NDR,Dominican Republic,110.0,4.0
2021-08,NUS,U.S.,NES,El Salvador,163.0,5.0
2021-08,NUS,U.S.,NGR,Greece,0.0,0.0
2021-08,NUS,U.S.,NGT,Guatemala,51.0,2.0
2021-08,NUS,U.S.,NHO,Honduras,61.0,2.0
2021-08,NUS,U.S.,NIS,Israel,154.0,5.0
2021-08,NUS,U.S.,NKS,Korea,0.0,0.0
2021-08,NUS,U.S.,NMX,Mexico,1944.0,63.0
2021-08,NUS,U.S.,NNU,Nicaragua,0.0,0.0
2021-08,NUS,U.S.,NPE,Peru,112.0,4.0
2021-08,NUS,U.S.,NPM,Panama,206.0,7.0
2021-08,NUS,U.S.,NPZ,Puerto Rico,125.0,4.0
2021-08,NUS,U.S.,NQA,Qatar,0.0,0.0
2021-08,NUS,U.S.,NSN,Singapore,0.0,0.0
2021-08,NUS,U.S.,NTC,United Arab Emirates,0.0,0.0
2021-08,NUS,U.S.,NTK,Turks and Caicos Islands,12.0,0.0
2021-08,NUS,U.S.,NUK,United Kingdom,0.0,0.0
2021-08,NUS,U.S.,NUR,Ukraine,0.0,0.0
2021-08,NUS,U.S.,NUY,Uruguay,12.0,0.0
2021-08,NUS,U.S.,Z00,,4324.0,139.0
2021-08,R10,PADD 1,NBF,Bahama Islands,1.0,0.0
2021-08,R10,PADD 1,NCA,Canada,6.0,0.0
2021-08,R10,PADD 1,NCJ,Cayman Islands,0.0,0.0
2021-08,R10,PADD 1,NDR,Dominican Republic,0.0,0.0
2021-08,R10,PADD 1,NES,El Salvador,0.0,0.0
2021-08,R10,PADD 1,NGR,Greece,0.0,0.0
2021-08,R10,PADD 1,NHO,Honduras,0.0,0.0
2021-08,R10,PADD 1,NKS,Korea,0.0,0.0
2021-08,R10,PADD 1,NNU,Nicaragua,0.0,0.0
2021-08,R10,PADD 1,NPZ,Puerto Rico,0.0,0.0
2021-08,R10,PADD 1,NTK,Turks and Caicos Islands,12.0,0.0
2021-08,R10,PADD 1,NUK,United Kingdom,0.0,0.0
2021-08,R10,PADD 1,NUR,Ukraine,0.0,0.0
2021-08,R10,PADD 1,Z00,,21.0,1.0
2021-08,R20,PADD 2,NCA,Canada,1.0,0.0
2021-08,R20,PADD 2,Z00,,1.0,0.0
2021-08,R30,PADD 3,NBF,Bahama Islands,39.0,1.0
2021-08,R30,PADD 3,NBR,Brazil,2.0,0.0
2021-08,R30,PADD 3,NCA,Canada,483.0,16.0
2021-08,R30,PADD 3,NCI,Chile,343.0,11.0
2021-08,R30,PADD 3,NCO,Colombia,2.0,0.0
2021-08,R30,PADD 3,NCS,Costa Rica,150.0,5.0
2021-08,R30,PADD 3,NDR,Dominican Republic,110.0,4.0
2021-08,R30,PADD 3,NES,El Salvador,113.0,4.0
2021-08,R30,PADD 3,NGT,Guatemala,51.0,2.0
2021-08,R30,PADD 3,NHO,Honduras,61.0,2.0
2021-08,R30,PADD 3,NIS,Israel,154.0,5.0
2021-08,R30,PADD 3,NMX,Mexico,1804.0,58.0
2021-08,R30,PADD 3,NPE,Peru,112.0,4.0
2021-08,R30,PADD 3,NPM,Panama,206.0,7.0
2021-08,R30,PADD 3,NPZ,Puerto Rico,125.0,4.0
2021-08,R30,PADD 3,NQA,Qatar,0.0,0.0
2021-08,R30,PADD 3,NSN,Singapore,0.0,0.0
2021-08,R30,PADD 3,NTC,United Arab Emirates,0.0,0.0
2021-08,R30,PADD 3,NUY,Uruguay,12.0,0.0
2021-08,R30,PADD 3,Z00,,3767.0,122.0
2021-08,R50,PADD 5,NCA,Canada,231.0,7.0
2021-08,R50,PADD 5,NCH,China,0.0,0.0
2021-08,R50,PADD 5,NCI,Chile,113.0,4.0
2021-08,R50,PADD 5,NES,El Salvador,50.0,2.0
2021-08,R50,PADD 5,NMX,Mexico,140.0,5.0
2021-08,R50,PADD 5,Z00,,535.0,17.0
2021-09,NUS,U.S.,NAA,Aruba,85.0,3.0
2021-09,NUS,U.S.,NAR,Argentina,28.0,1.0
2021-09,NUS,U.S.,NBF,Bahama Islands,24.0,1.0
2021-09,NUS,U.S.,NCA,Canada,477.0,16.0
2021-09,NUS,U.S.,NCH,China,0.0,0.0
2021-09,NUS,U.S.,NCI,Chile,405.0,14.0
2021-09,NUS,U.S.,NCS,Costa Rica,100.0,3.0
2021-09,NUS,U.S.,NDR,Dominican Republic,107.0,4.0
2021-09,NUS,U.S.,NES,El Salvador,81.0,3.0
2021-09,NUS,U.S.,NGT,Guatemala,52.0,2.0
2021-09,NUS,U.S.,NHO,Honduras,3.0,0.0
2021-09,NUS,U.S.,NIN,India,0.0,0.0
2021-09,NUS,U.S.,NIS,Israel,333.0,11.0
2021-09,NUS,U.S.,NJM,Jamaica,100.0,3.0
2021-09,NUS,U.S.,NKS,Korea,0.0,0.0
2021-09,NUS,U.S.,NLE,Lebanon,0.0,0.0
2021-09,NUS,U.S.,NMX,Mexico,869.0,29.0
2021-09,NUS,U.S.,NNU,Nicaragua,0.0,0.0
2021-09,NUS,U.S.,NPM,Panama,299.0,10.0
2021-09,NUS,U.S.,NSF,South Africa,0.0,0.0
2021-09,NUS,U.S.,NTD,Trinidad and Tobago,0.0,0.0
2021-09,NUS,U.S.,NTK,Turks and Caicos Islands,7.0,0.0
2021-09,NUS,U.S.,NUC,Curacao,0.0,0.0
2021-09,NUS,U.S.,NUK,United Kingdom,299.0,10.0
2021-09,NUS,U.S.,Z00,,3272.0,109.0
2021-09,R10,PADD 1,NBF,Bahama Islands,2.0,0.0
2021-09,R10,PADD 1,NIN,India,0.0,0.0
2021-09,R10,PADD 1,NLE,Lebanon,0.0,0.0
2021-09,R10,PADD 1,NNU,Nicaragua,0.0,0.0
2021-09,R10,PADD 1,NPM,Panama,0.0,0.0
2021-09,R10,PADD 1,NTD,Trinidad and Tobago,0.0,0.0
2021-09,R10,PADD 1,NTK,Turks and Caicos Islands,7.0,0.0
2021-09,R10,PADD 1,Z00,,10.0,0.0
2021-09,R30,PADD 3,NAA,Aruba,85.0,3.0
2021-09,R30,PADD 3,NAR,Argentina,28.0,1.0
2021-09,R30,PADD 3,NBF,Bahama Islands,22.0,1.0
2021-09,R30,PADD 3,NCA,Canada,231.0,8.0
2021-09,R30,PADD 3,NCI,Chile,287.0,10.0
2021-09,R30,PADD 3,NCS,Costa Rica,100.0,3.0
2021-09,R30,PADD 3,NDR,Dominican Republic,107.0,4.0
2021-09,R30,PADD 3,NES,El Salvador,31.0,1.0
2021-09,R30,PADD 3,NGT,Guatemala,52.0,2.0
2021-09,R30,PADD 3,NHO,Honduras,3.0,0.0
2021-09,R30,PADD 3,NIS,Israel,333.0,11.0
2021-09,R30,PADD 3,NJM,Jamaica,100.0,3.0
2021-09,R30,PADD 3,NMX,Mexico,824.0,27.0
2021-09,R30,PADD 3,NPM,Panama,299.0,10.0
2021-09,R30,PADD 3,NUC,Curacao,0.0,0.0
2021-09,R30,PADD 3,NUK,United Kingdom,299.0,10.0
2021-09,R30,PADD 3,Z00,,2803.0,93.0
2021-09,R50,PADD 5,NCA,Canada,246.0,8.0
2021-09,R50,PADD 5,NCH,China,0.0,0.0
2021-09,R50,PADD 5,NCI,Chile,118.0,4.0
2021-09,R50,PADD 5,NES,El Salvador,50.0,2.0
2021-09,R50,PADD 5,NKS,Korea,0.0,0.0
2021-09,R50,PADD 5,NMX,Mexico,45.0,1.0
2021-09,R50,PADD 5,NSF,South Africa,0.0,0.0
2021-09,R50,PADD 5,Z00,,459.0,15.0
2021-10,NUS,U.S.,NAA,Aruba,65.0,2.0
2021-10,NUS,U.S.,NAR,Argentina,20.0,1.0
2021-10,NUS,U.S.,NBF,Bahama Islands,3.0,0.0
2021-10,NUS,U.S.,NCA,Canada,605.0,20.0
2021-10,NUS,U.S.,NCI,Chile,116.0,4.0
2021-10,NUS,U.S.,NCJ,Cayman Islands,43.0,1.0
2021-10,NUS,U.S.,NCO,Colombia,286.0,9.0
2021-10,NUS,U.S.,NCS,Costa Rica,50.0,2.0
2021-10,NUS,U.S.,NDR,Dominican Republic,95.0,3.0
2021-10,NUS,U.S.,NES,El Salvador,38.0,1.0
2021-10,NUS,U.S.,NGT,Guatemala,138.0,4.0
2021-10,NUS,U.S.,NHO,Honduras,39.0,1.0
2021-10,NUS,U.S.,NIN,India,0.0,0.0
2021-10,NUS,U.S.,NMX,Mexico,1595.0,51.0
2021-10,NUS,U.S.,NPE,Peru,57.0,2.0
2021-10,NUS,U.S.,NPM,Panama,380.0,12.0
2021-10,NUS,U.S.,NPZ,Puerto Rico,0.0,0.0
2021-10,NUS,U.S.,NSA,Saudi Arabia,2.0,0.0
2021-10,NUS,U.S.,NSP,Spain,302.0,10.0
2021-10,NUS,U.S.,NTK,Turks and Caicos Islands,8.0,0.0
2021-10,NUS,U.S.,NTW,Taiwan,0.0,0.0
2021-10,NUS,U.S.,NUK,United Kingdom,50.0,2.0
2021-10,NUS,U.S.,Z00,,3893.0,126.0
2021-10,R10,PADD 1,NBF,Bahama Islands,3.0,0.0
2021-10,R10,PADD 1,NCA,Canada,268.0,9.0
2021-10,R10,PADD 1,NCS,Costa Rica,0.0,0.0
2021-10,R10,PADD 1,NDR,Dominican Republic,0.0,0.0
2021-10,R10,PADD 1,NHO,Honduras,3.0,0.0
2021-10,R10,PADD 1,NIN,India,0.0,0.0
2021-10,R10,PADD 1,NPE,Peru,1.0,0.0
2021-10,R10,PADD 1,NPZ,Puerto Rico,0.0,0.0
2021-10,R10,PADD 1,NSA,Saudi Arabia,2.0,0.0
2021-10,R10,PADD 1,NTK,Turks and Caicos Islands,8.0,0.0
2021-10,R10,PADD 1,Z00,,285.0,9.0
2021-10,R20,PADD 2,NCA,Canada,16.0,1.0
2021-10,R20,PADD 2,Z00,,16.0,1.0
2021-10,R30,PADD 3,NAA,Aruba,65.0,2.0
2021-10,R30,PADD 3,NAR,Argentina,20.0,1.0
2021-10,R30,PADD 3,NCA,Canada,63.0,2.0
2021-10,R30,PADD 3,NCI,Chile,116.0,4.0
2021-10,R30,PADD 3,NCJ,Cayman Islands,43.0,1.0
2021-10,R30,PADD 3,NCO,Colombia,286.0,9.0
2021-10,R30,PADD 3,NCS,Costa Rica,50.0,2.0
2021-10,R30,PADD 3,NDR,Dominican Republic,95.0,3.0
2021-10,R30,PADD 3,NES,El Salvador,38.0,1.0
2021-10,R30,PADD 3,NGT,Guatemala,38.0,1.0
2021-10,R30,PADD 3,NHO,Honduras,36.0,1.0
2021-10,R30,PADD 3,NMX,Mexico,1445.0,47.0
2021-10,R30,PADD 3,NPE,Peru,56.0,2.0
2021-10,R30,PADD 3,NPM,Panama,380.0,12.0
2021-10,R30,PADD 3,NSP,Spain,302.0,10.0
2021-10,R30,PADD 3,NUK,United Kingdom,50.0,2.0
2021-10,R30,PADD 3,Z00,,3084.0,99.0
2021-10,R50,PADD 5,NCA,Canada,258.0,8.0
2021-10,R50,PADD 5,NGT,Guatemala,100.0,3.0
2021-10,R50,PADD 5,NMX,Mexico,150.0,5.0
2021-10,R50,PADD 5,NTW,Taiwan,0.0,0.0
2021-10,R50,PADD 5,Z00,,508.0,16.0
2021-11,NUS,U.S.,NAR,Argentina,31.0,1.0
2021-11,NUS,U.S.,NBF,Bahama Islands,65.0,2.0
2021-11,NUS,U.S.,NBR,Brazil,105.0,4.0
2021-11,NUS,U.S.,NCA,Canada,957.0,32.0
2021-11,NUS,U.S.,NCI,Chile,350.0,12.0
2021-11,NUS,U.S.,NCS,Costa Rica,175.0,6.0
2021-11,NUS,U.S.,NDR,Dominican Republic,130.0,4.0
2021-11,NUS,U.S.,NGI,Gibraltar,149.0,5.0
2021-11,NUS,U.S.,NGT,Guatemala,155.0,5.0
2021-11,NUS,U.S.,NHO,Honduras,216.0,7.0
2021-11,NUS,U.S.,NIS,Israel,333.0,11.0
2021-11,NUS,U.S.,NMX,Mexico,1475.0,49.0
2021-11,NUS,U.S.,NPE,Peru,132.0,4.0
2021-11,NUS,U.S.,NPM,Panama,175.0,6.0
2021-11,NUS,U.S.,NTD,Trinidad and Tobago,0.0,0.0
2021-11,NUS,U.S.,NTK,Turks and Caicos Islands,10.0,0.0
2021-11,NUS,U.S.,NUY,Uruguay,2.0,0.0
2021-11,NUS,U.S.,Z00,,4460.0,149.0
2021-11,R10,PADD 1,NBF,Bahama Islands,5.0,0.0
2021-11,R10,PADD 1,NCA,Canada,91.0,3.0
2021-11,R10,PADD 1,NPE,Peru,1.0,0.0
2021-11,R10,PADD 1,NTD,Trinidad and Tobago,0.0,0.0
2021-11,R10,PADD 1,NTK,Turks and Caicos Islands,10.0,0.0
2021-11,R10,PADD 1,NUY,Uruguay,2.0,0.0
2021-11,R10,PADD 1,Z00,,109.0,4.0
2021-11,R20,PADD 2,NCA,Canada,11.0,0.0
2021-11,R20,PADD 2,Z00,,11.0,0.0
2021-11,R30,PADD 3,NAR,Argentina,31.0,1.0
2021-11,R30,PADD 3,NBF,Bahama Islands,60.0,2.0
2021-11,R30,PADD 3,NBR,Brazil,105.0,4.0
2021-11,R30,PADD 3,NCA,Canada,558.0,19.0
2021-11,R30,PADD 3,NCI,Chile,350.0,12.0
2021-11,R30,PADD 3,NCS,Costa Rica,175.0,6.0
2021-11,R30,PADD 3,NDR,Dominican Republic,130.0,4.0
2021-11,R30,PADD 3,NGI,Gibraltar,149.0,5.0
2021-11,R30,PADD 3,NGT,Guatemala,155.0,5.0
2021-11,R30,PADD 3,NHO,Honduras,216.0,7.0
2021-11,R30,PADD 3,NIS,Israel,333.0,11.0
2021-11,R30,PADD 3,NMX,Mexico,1053.0,35.0
2021-11,R30,PADD 3,NPE,Peru,131.0,4.0
2021-11,R30,PADD 3,NPM,Panama,175.0,6.0
2021-11,R30,PADD 3,Z00,,3622.0,121.0
2021-11,R50,PADD 5,NCA,Canada,297.0,10.0
2021-11,R50,PADD 5,NMX,Mexico,422.0,14.0
2021-11,R50,PADD 5,Z00,,718.0,24.0
2021-12,NUS,U.S.,NAA,Aruba,80.0,3.0
2021-12,NUS,U.S.,NAC,Antigua and Barbuda,30.0,1.0
2021-12,NUS,U.S.,NAR,Argentina,31.0,1.0
2021-12,NUS,U.S.,NBF,Bahama Islands,6.0,0.0
2021-12,NUS,U.S.,NBR,Brazil,16.0,1.0
2021-12,NUS,U.S.,NCA,Canada,686.0,22.0
2021-12,NUS,U.S.,NCI,Chile,313.0,10.0
2021-12,NUS,U.S.,NCJ,Cayman Islands,72.0,2.0
2021-12,NUS,U.S.,NCS,Costa Rica,275.0,9.0
2021-12,NUS,U.S.,NDO,Dominica,0.0,0.0
2021-12,NUS,U.S.,NDR,Dominican Republic,346.0,11.0
2021-12,NUS,U.S.,NEC,Ecuador,1.0,0.0
2021-12,NUS,U.S.,NES,El Salvador,45.0,1.0
2021-12,NUS,U.S.,NGT,Guatemala,130.0,4.0
2021-12,NUS,U.S.,NHO,Honduras,38.0,1.0
2021-12,NUS,U.S.,NIN,India,0.0,0.0
2021-12,NUS,U.S.,NJM,Jamaica,50.0,2.0
2021-12,NUS,U.S.,NMX,Mexico,2184.0,70.0
2021-12,NUS,U.S.,NNU,Nicaragua,0.0,0.0
2021-12,NUS,U.S.,NPE,Peru,400.0,13.0
2021-12,NUS,U.S.,NPM,Panama,534.0,17.0
2021-12,NUS,U.S.,NPZ,Puerto Rico,0.0,0.0
2021-12,NUS,U.S.,NSA,Saudi Arabia,6.0,0.0
2021-12,NUS,U.S.,NTK,Turks and Caicos Islands,17.0,1.0
2021-12,NUS,U.S.,NUC,Curacao,0.0,0.0
2021-12,NUS,U.S.,Z00,,5259.0,170.0
2021-12,R10,PADD 1,NBF,Bahama Islands,6.0,0.0
2021-12,R10,PADD 1,NBR,Brazil,0.0,0.0
2021-12,R10,PADD 1,NCA,Canada,54.0,2.0
2021-12,R10,PADD 1,NEC,Ecuador,1.0,0.0
2021-12,R10,PADD 1,NIN,India,0.0,0.0
2021-12,R10,PADD 1,NNU,Nicaragua,0.0,0.0
2021-12,R10,PADD 1,NPZ,Puerto Rico,0.0,0.0
2021-12,R10,PADD 1,NSA,Saudi Arabia,6.0,0.0
2021-12,R10,PADD 1,NTK,Turks and Caicos Islands,17.0,1.0
2021-12,R10,PADD 1,Z00,,84.0,3.0
2021-12,R20,PADD 2,NCA,Canada,8.0,0.0
2021-12,R20,PADD 2,Z00,,8.0,0.0
2021-12,R30,PADD 3,NAA,Aruba,80.0,3.0
2021-12,R30,PADD 3,NAC,Antigua and Barbuda,30.0,1.0
2021-12,R30,PADD 3,NAR,Argentina,31.0,1.0
2021-12,R30,PADD 3,NBR,Brazil,16.0,1.0
2021-12,R30,PADD 3,NCA,Canada,355.0,11.0
2021-12,R30,PADD 3,NCI,Chile,313.0,10.0
2021-12,R30,PADD 3,NCJ,Cayman Islands,72.0,2.0
2021-12,R30,PADD 3,NCS,Costa Rica,275.0,9.0
2021-12,R30,PADD 3,NDO,Dominica,0.0,0.0
2021-12,R30,PADD 3,NDR,Dominican Republic,346.0,11.0
2021-12,R30,PADD 3,NES,El Salvador,45.0,1.0
2021-12,R30,PADD 3,NGT,Guatemala,30.0,1.0
2021-12,R30,PADD 3,NHO,Honduras,38.0,1.0
2021-12,R30,PADD 3,NJM,Jamaica,50.0,2.0
2021-12,R30,PADD 3,NMX,Mexico,1806.0,58.0
2021-12,R30,PADD 3,NPE,Peru,215.0,7.0
2021-12,R30,PADD 3,NPM,Panama,534.0,17.0
2021-12,R30,PADD 3,NUC,Curacao,0.0,0.0
2021-12,R30,PADD 3,Z00,,4236.0,137.0
2021-12,R50,PADD 5,NCA,Canada,269.0,9.0
2021-12,R50,PADD 5,NGT,Guatemala,100.0,3.0
2021-12,R50,PADD 5,NMX,Mexico,377.0,12.0
2021-12,R50,PADD 5,NPE,Peru,185.0,6.0
2021-12,R50,PADD 5,Z00,,931.0,30.0
2022-01,NUS,U.S.,NAA,Aruba,75.0,2.0
2022-01,NUS,U.S.,NBB,Barbados,0.0,0.0
2022-01,NUS,U.S.,NBF,Bahama Islands,4.0,0.0
2022-01,NUS,U.S.,NBH,Belize,7.0,0.0
2022-01,NUS,U.S.,NCA,Canada,301.0,10.0
2022-01,NUS,U.S.,NCI,Chile,271.0,9.0
2022-01,NUS,U.S.,NCJ,Cayman Islands,55.0,2.0
2022-01,NUS,U.S.,NCS,Costa Rica,130.0,4.0
2022-01,NUS,U.S.,NDR,Dominican Republic,239.0,8.0
2022-01,NUS,U.S.,NEC,Ecuador,9.0,0.0
2022-01,NUS,U.S.,NES,El Salvador,40.0,1.0
2022-01,NUS,U.S.,NGT,Guatemala,40.0,1.0
2022-01,NUS,U.S.,NGY,Guyana,0.0,0.0
2022-01,NUS,U.S.,NHA,Haiti,86.0,3.0
2022-01,NUS,U.S.,NHO,Honduras,197.0,6.0
2022-01,NUS,U.S.,NIN,India,0.0,0.0
2022-01,NUS,U.S.,NIS,Israel,333.0,11.0
2022-01,NUS,U.S.,NJM,Jamaica,78.0,3.0
2022-01,NUS,U.S.,NMX,Mexico,1533.0,49.0
2022-01,NUS,U.S.,NPE,Peru,190.0,6.0
2022-01,NUS,U.S.,NPM,Panama,168.0,5.0
2022-01,NUS,U.S.,NSA,Saudi Arabia,0.0,0.0
2022-01,NUS,U.S.,NTD,Trinidad and Tobago,240.0,8.0
2022-01,NUS,U.S.,NTK,Turks and Caicos Islands,11.0,0.0
2022-01,NUS,U.S.,NUC,Curacao,150.0,5.0
2022-01,NUS,U.S.,NVQ,Virgin Islands,64.0,2.0
2022-01,NUS,U.S.,Z00,,4222.0,136.0
2022-01,R10,PADD 1,NBB,Barbados,0.0,0.0
2022-01,R10,PADD 1,NBF,Bahama Islands,4.0,0.0
2022-01,R10,PADD 1,NCA,Canada,1.0,0.0
2022-01,R10,PADD 1,NGY,Guyana,0.0,0.0
2022-01,R10,PADD 1,NIN,India,0.0,0.0
2022-01,R10,PADD 1,NSA,Saudi Arabia,0.0,0.0
2022-01,R10,PADD 1,NTK,Turks and Caicos Islands,11.0,0.0
2022-01,R10,PADD 1,Z00,,16.0,1.0
2022-01,R20,PADD 2,NCA,Canada,9.0,0.0
2022-01,R20,PADD 2,Z00,,9.0,0.0
2022-01,R30,PADD 3,NAA,Aruba,75.0,2.0
2022-01,R30,PADD 3,NBF,Bahama Islands,0.0,0.0
2022-01,R30,PADD 3,NBH,Belize,7.0,0.0
2022-01,R30,PADD 3,NCA,Canada,50.0,2.0
2022-01,R30,PADD 3,NCI,Chile,271.0,9.0
2022-01,R30,PADD 3,NCJ,Cayman Islands,55.0,2.0
2022-01,R30,PADD 3,NCS,Costa Rica,130.0,4.0
2022-01,R30,PADD 3,NDR,Dominican Republic,239.0,8.0
2022-01,R30,PADD 3,NEC,Ecuador,9.0,0.0
2022-01,R30,PADD 3,NES,El Salvador,40.0,1.0
2022-01,R30,PADD 3,NGT,Guatemala,40.0,1.0
2022-01,R30,PADD 3,NHA,Haiti,86.0,3.0
2022-01,R30,PADD 3,NHO,Honduras,197.0,6.0
2022-01,R30,PADD 3,NIS,Israel,333.0,11.0
2022-01,R30,PADD 3,NJM,Jamaica,78.0,3.0
2022-01,R30,PADD 3,NMX,Mexico,1401.0,45.0
2022-01,R30,PADD 3,NPE,Peru,167.0,5.0
2022-01,R30,PADD 3,NPM,Panama,168.0,5.0
2022-01,R30,PADD 3,NTD,Trinidad and Tobago,240.0,8.0
2022-01,R30,PADD 3,NUC,Curacao,150.0,5.0
2022-01,R30,PADD 3,NVQ,Virgin Islands,64.0,2.0
2022-01,R30,PADD 3,Z00,,3801.0,123.0
2022-01,R50,PADD 5,NCA,Canada,241.0,8.0
2022-01,R50,PADD 5,NMX,Mexico,132.0,4.0
2022-01,R50,PADD 5,NPE,Peru,24.0,1.0
2022-01,R50,PADD 5,Z00,,397.0,13.0
2022-02,NUS,U.S.,NAA,Aruba,70.0,3.0
2022-02,NUS,U.S.,NAC,Antigua and Barbuda,0.0,0.0
2022-02,NUS,U.S.,NAR,Argentina,32.0,1.0
2022-02,NUS,U.S.,NBF,Bahama Islands,102.0,4.0
2022-02,NUS,U.S.,NCA,Canada,945.0,34.0
2022-02,NUS,U.S.,NCI,Chile,487.0,17.0
2022-02,NUS,U.S.,NCS,Costa Rica,192.0,7.0
2022-02,NUS,U.S.,NDR,Dominican Republic,439.0,16.0
2022-02,NUS,U.S.,NES,El Salvador,27.0,1.0
2022-02,NUS,U.S.,NGT,Guatemala,12.0,0.0
2022-02,NUS,U.S.,NHA,Haiti,10.0,0.0
2022-02,NUS,U.S.,NHO,Honduras,58.0,2.0
2022-02,NUS,U.S.,NIN,India,0.0,0.0
2022-02,NUS,U.S.,NMX,Mexico,1387.0,50.0
2022-02,NUS,U.S.,NPE,Peru,92.0,3.0
2022-02,NUS,U.S.,NPM,Panama,318.0,11.0
2022-02,NUS,U.S.,NPZ,Puerto Rico,0.0,0.0
2022-02,NUS,U.S.,NTD,Trinidad and Tobago,0.0,0.0
2022-02,NUS,U.S.,NTK,Turks and Caicos Islands,16.0,1.0
2022-02,NUS,U.S.,Z00,,4187.0,150.0
2022-02,R10,PADD 1,NBF,Bahama Islands,4.0,0.0
2022-02,R10,PADD 1,NCI,Chile,0.0,0.0
2022-02,R10,PADD 1,NCS,Costa Rica,0.0,0.0
2022-02,R10,PADD 1,NIN,India,0.0,0.0
2022-02,R10,PADD 1,NPZ,Puerto Rico,0.0,0.0
2022-02,R10,PADD 1,NTK,Turks and Caicos Islands,16.0,1.0
2022-02,R10,PADD 1,Z00,,22.0,1.0
2022-02,R20,PADD 2,NCA,Canada,8.0,0.0
2022-02,R20,PADD 2,Z00,,8.0,0.0
2022-02,R30,PADD 3,NAA,Aruba,70.0,3.0
2022-02,R30,PADD 3,NAC,Antigua and Barbuda,0.0,0.0
2022-02,R30,PADD 3,NAR,Argentina,32.0,1.0
2022-02,R30,PADD 3,NBF,Bahama Islands,97.0,3.0
2022-02,R30,PADD 3,NCA,Canada,749.0,27.0
2022-02,R30,PADD 3,NCI,Chile,487.0,17.0
2022-02,R30,PADD 3,NCS,Costa Rica,192.0,7.0
2022-02,R30,PADD 3,NDR,Dominican Republic,439.0,16.0
2022-02,R30,PADD 3,NES,El Salvador,27.0,1.0
2022-02,R30,PADD 3,NGT,Guatemala,12.0,0.0
2022-02,R30,PADD 3,NHA,Haiti,10.0,0.0
2022-02,R30,PADD 3,NHO,Honduras,58.0,2.0
2022-02,R30,PADD 3,NMX,Mexico,1161.0,41.0
2022-02,R30,PADD 3,NPE,Peru,92.0,3.0
2022-02,R30,PADD 3,NPM,Panama,318.0,11.0
2022-02,R30,PADD 3,NTD,Trinidad and Tobago,0.0,0.0
2022-02,R30,PADD 3,Z00,,3743.0,134.0
2022-02,R50,PADD 5,NCA,Canada,188.0,7.0
2022-02,R50,PADD 5,NMX,Mexico,226.0,8.0
2022-02,R50,PADD 5,Z00,,415.0,15.0
2022-03,NUS,U.S.,NAC,Antigua and Barbuda,25.0,1.0
2022-03,NUS,U.S.,NAR,Argentina,0.0,0.0
2022-03,NUS,U.S.,NBF,Bahama Islands,26.0,1.0
2022-03,NUS,U.S.,NBL,Bolivia,0.0,0.0
2022-03,NUS,U.S.,NCA,Canada,1116.0,36.0
2022-03,NUS,U.S.,NCI,Chile,490.0,16.0
2022-03,NUS,U.S.,NCJ,Cayman Islands,12.0,0.0
2022-03,NUS,U.S.,NCO,Colombia,241.0,8.0
2022-03,NUS,U.S.,NCS,Costa Rica,178.0,6.0
2022-03,NUS,U.S.,NDR,Dominican Republic,126.0,4.0
2022-03,NUS,U.S.,NEK,Equatorial Guinea,0.0,0.0
2022-03,NUS,U.S.,NES,El Salvador,89.0,3.0
2022-03,NUS,U.S.,NGT,Guatemala,55.0,2.0
2022-03,NUS,U.S.,NHO,Honduras,44.0,1.0
2022-03,NUS,U.S.,NIN,India,0.0,0.0
2022-03,NUS,U.S.,NJA,Japan,0.0,0.0
2022-03,NUS,U.S.,NJM,Jamaica,80.0,3.0
2022-03,NUS,U.S.,NKS,Korea,0.0,0.0
2022-03,NUS,U.S.,NMX,Mexico,1610.0,52.0
2022-03,NUS,U.S.,NNL,Netherlands,100.0,3.0
2022-03,NUS,U.S.,NNU,Nicaragua,0.0,0.0
2022-03,NUS,U.S.,NPE,Peru,278.0,9.0
2022-03,NUS,U.S.,NPM,Panama,675.0,22.0
2022-03,NUS,U.S.,NPZ,Puerto Rico,0.0,0.0
2022-03,NUS,U.S.,NTD,Trinidad and Tobago,290.0,9.0
2022-03,NUS,U.S.,NTK,Turks and Caicos Islands,16.0,1.0
2022-03,NUS,U.S.,NUC,Curacao,0.0,0.0
2022-03,NUS,U.S.,NVQ,Virgin Islands,50.0,2.0
2022-03,NUS,U.S.,Z00,,5504.0,178.0
2022-03,R10,PADD 1,NAR,Argentina,0.0,0.0
2022-03,R10,PADD 1,NBF,Bahama Islands,6.0,0.0
2022-03,R10,PADD 1,NBL,Bolivia,0.0,0.0
2022-03,R10,PADD 1,NCA,Canada,1.0,0.0
2022-03,R10,PADD 1,NCI,Chile,0.0,0.0
2022-03,R10,PADD 1,NDR,Dominican Republic,0.0,0.0
2022-03,R10,PADD 1,NIN,India,0.0,0.0
2022-03,R10,PADD 1,NPZ,Puerto Rico,0.0,0.0
2022-03,R10,PADD 1,NTK,Turks and Caicos Islands,16.0,1.0
2022-03,R10,PADD 1,Z00,,24.0,1.0
2022-03,R20,PADD 2,NCA,Canada,12.0,0.0
2022-03,R20,PADD 2,Z00,,12.0,0.0
2022-03,R30,PADD 3,NAC,Antigua and Barbuda,25.0,1.0
2022-03,R30,PADD 3,NBF,Bahama Islands,20.0,1.0
2022-03,R30,PADD 3,NBL,Bolivia,0.0,0.0
2022-03,R30,PADD 3,NCA,Canada,839.0,27.0
2022-03,R30,PADD 3,NCI,Chile,490.0,16.0
2022-03,R30,PADD 3,NCJ,Cayman Islands,12.0,0.0
2022-03,R30,PADD 3,NCO,Colombia,241.0,8.0
2022-03,R30,PADD 3,NCS,Costa Rica,178.0,6.0
2022-03,R30,PADD 3,NDR,Dominican Republic,126.0,4.0
2022-03,R30,PADD 3,NEK,Equatorial Guinea,0.0,0.0
2022-03,R30,PADD 3,NES,El Salvador,40.0,1.0
2022-03,R30,PADD 3,NGT,Guatemala,55.0,2.0
2022-03,R30,PADD 3,NHO,Honduras,44.0,1.0
2022-03,R30,PADD 3,NJM,Jamaica,80.0,3.0
2022-03,R30,PADD 3,NMX,Mexico,1420.0,46.0
2022-03,R30,PADD 3,NNL,Netherlands,100.0,3.0
2022-03,R30,PADD 3,NNU,Nicaragua,0.0,0.0
2022-03,R30,PADD 3,NPE,Peru,52.0,2.0
2022-03,R30,PADD 3,NPM,Panama,675.0,22.0
2022-03,R30,PADD 3,NTD,Trinidad and Tobago,290.0,9.0
2022-03,R30,PADD 3,NUC,Curacao,0.0,0.0
2022-03,R30,PADD 3,NVQ,Virgin Islands,50.0,2.0
2022-03,R30,PADD 3,Z00,,4738.0,153.0
2022-03,R50,PADD 5,NCA,Canada,264.0,9.0
2022-03,R50,PADD 5,NES,El Salvador,50.0,2.0
2022-03,R50,PADD 5,NJA,Japan,0.0,0.0
2022-03,R50,PADD 5,NKS,Korea,0.0,0.0
2022-03,R50,PADD 5,NMX,Mexico,190.0,6.0
2022-03,R50,PADD 5,NPE,Peru,226.0,7.0
2022-03,R50,PADD 5,Z00,,730.0,24.0
2022-04,NUS,U.S.,NAA,Aruba,75.0,3.0
2022-04,NUS,U.S.,NAC,Antigua and Barbuda,104.0,3.0
2022-04,NUS,U.S.,NAR,Argentina,0.0,0.0
2022-04,NUS,U.S.,NBF,Bahama Islands,154.0,5.0
2022-04,NUS,U.S.,NBL,Bolivia,0.0,0.0
2022-04,NUS,U.S.,NCA,Canada,505.0,17.0
2022-04,NUS,U.S.,NCH,China,0.0,0.0
2022-04,NUS,U.S.,NCI,Chile,459.0,15.0
2022-04,NUS,U.S.,NCJ,Cayman Islands,19.0,1.0
2022-04,NUS,U.S.,NCO,Colombia,55.0,2.0
2022-04,NUS,U.S.,NCS,Costa Rica,230.0,8.0
2022-04,NUS,U.S.,NDR,Dominican Republic,115.0,4.0
2022-04,NUS,U.S.,NES,El Salvador,33.0,1.0
2022-04,NUS,U.S.,NGT,Guatemala,71.0,2.0
2022-04,NUS,U.S.,NHO,Honduras,76.0,3.0
2022-04,NUS,U.S.,NIS,Israel,333.0,11.0
2022-04,NUS,U.S.,NJM,Jamaica,80.0,3.0
2022-04,NUS,U.S.,NKS,Korea,0.0,0.0
2022-04,NUS,U.S.,NLE,Lebanon,0.0,0.0
2022-04,NUS,U.S.,NMX,Mexico,2398.0,80.0
2022-04,NUS,U.S.,NNI,Nigeria,0.0,0.0
2022-04,NUS,U.S.,NNU,Nicaragua,0.0,0.0
2022-04,NUS,U.S.,NPE,Peru,15.0,1.0
2022-04,NUS,U.S.,NPM,Panama,474.0,16.0
2022-04,NUS,U.S.,NPZ,Puerto Rico,140.0,5.0
2022-04,NUS,U.S.,NTD,Trinidad and Tobago,329.0,11.0
2022-04,NUS,U.S.,NTK,Turks and Caicos Islands,21.0,1.0
2022-04,NUS,U.S.,NTW,Taiwan,0.0,0.0
2022-04,NUS,U.S.,NUC,Curacao,220.0,7.0
2022-04,NUS,U.S.,NUK,United Kingdom,0.0,0.0
2022-04,NUS,U.S.,NUY,Uruguay,37.0,1.0
2022-04,NUS,U.S.,NVQ,Virgin Islands,215.0,7.0
2022-04,NUS,U.S.,Z00,,6160.0,205.0
2022-04,R10,PADD 1,NBF,Bahama Islands,4.0,0.0
2022-04,R10,PADD 1,NBL,Bolivia,0.0,0.0
2022-04,R10,PADD 1,NCA,Canada,2.0,0.0
2022-04,R10,PADD 1,NCI,Chile,0.0,0.0
2022-04,R10,PADD 1,NCS,Costa Rica,0.0,0.0
2022-04,R10,PADD 1,NGT,Guatemala,0.0,0.0
2022-04,R10,PADD 1,NNU,Nicaragua,0.0,0.0
2022-04,R10,PADD 1,NPZ,Puerto Rico,0.0,0.0
2022-04,R10,PADD 1,NTK,Turks and Caicos Islands,21.0,1.0
2022-04,R10,PADD 1,NUY,Uruguay,1.0,0.0
2022-04,R10,PADD 1,Z00,,29.0,1.0
2022-04,R20,PADD 2,NCA,Canada,25.0,1.0
2022-04,R20,PADD 2,Z00,,25.0,1.0
2022-04,R30,PADD 3,NAA,Aruba,75.0,3.0
2022-04,R30,PADD 3,NAC,Antigua and Barbuda,104.0,3.0
2022-04,R30,PADD 3,NAR,Argentina,0.0,0.0
2022-04,R30,PADD 3,NBF,Bahama Islands,149.0,5.0
2022-04,R30,PADD 3,NCA,Canada,250.0,8.0
2022-04,R30,PADD 3,NCI,Chile,459.0,15.0
2022-04,R30,PADD 3,NCJ,Cayman Islands,19.0,1.0
2022-04,R30,PADD 3,NCO,Colombia,55.0,2.0
2022-04,R30,PADD 3,NCS,Costa Rica,230.0,8.0
2022-04,R30,PADD 3,NDR,Dominican Republic,115.0,4.0
2022-04,R30,PADD 3,NES,El Salvador,33.0,1.0
2022-04,R30,PADD 3,NGT,Guatemala,71.0,2.0
2022-04,R30,PADD 3,NHO,Honduras,76.0,3.0
2022-04,R30,PADD 3,NIS,Israel,333.0,11.0
2022-04,R30,PADD 3,NJM,Jamaica,80.0,3.0
2022-04,R30,PADD 3,NLE,Lebanon,0.0,0.0
2022-04,R30,PADD 3,NMX,Mexico,2020.0,67.0
2022-04,R30,PADD 3,NNU,Nicaragua,0.0,0.0
2022-04,R30,PADD 3,NPE,Peru,15.0,1.0
2022-04,R30,PADD 3,NPM,Panama,474.0,16.0
2022-04,R30,PADD 3,NPZ,Puerto Rico,140.0,5.0
2022-04,R30,PADD 3,NTD,Trinidad and Tobago,329.0,11.0
2022-04,R30,PADD 3,NTW,Taiwan,0.0,0.0
2022-04,R30,PADD 3,NUC,Curacao,220.0,7.0
2022-04,R30,PADD 3,NUK,United Kingdom,0.0,0.0
2022-04,R30,PADD 3,NUY,Uruguay,37.0,1.0
2022-04,R30,PADD 3,NVQ,Virgin Islands,215.0,7.0
2022-04,R30,PADD 3,Z00,,5500.0,183.0
2022-04,R50,PADD 5,NCA,Canada,227.0,8.0
2022-04,R50,PADD 5,NCH,China,0.0,0.0
2022-04,R50,PADD 5,NKS,Korea,0.0,0.0
2022-04,R50,PADD 5,NMX,Mexico,378.0,13.0
2022-04,R50,PADD 5,NNI,Nigeria,0.0,0.0
2022-04,R50,PADD 5,Z00,,606.0,20.0
2022-05,NUS,U.S.,NAA,Aruba,81.0,3.0
2022-05,NUS,U.S.,NAC,Antigua and Barbuda,121.0,4.0
2022-05,NUS,U.S.,NBF,Bahama Islands,94.0,3.0
2022-05,NUS,U.S.,NBH,Belize,10.0,0.0
2022-05,NUS,U.S.,NBL,Bolivia,0.0,0.0
2022-05,NUS,U.S.,NBR,Brazil,328.0,11.0
2022-05,NUS,U.S.,NCA,Canada,374.0,12.0
2022-05,NUS,U.S.,NCI,Chile,315.0,10.0
2022-05,NUS,U.S.,NCJ,Cayman Islands,37.0,1.0
2022-05,NUS,U.S.,NCO,Colombia,0.0,0.0
2022-05,NUS,U.S.,NCS,Costa Rica,215.0,7.0
2022-05,NUS,U.S.,NCZ,Czechia,0.0,0.0
2022-05,NUS,U.S.,NDR,Dominican Republic,160.0,5.0
2022-05,NUS,U.S.,NES,El Salvador,38.0,1.0
2022-05,NUS,U.S.,NGT,Guatemala,71.0,2.0
2022-05,NUS,U.S.,NHO,Honduras,90.0,3.0
2022-05,NUS,U.S.,NJM,Jamaica,80.0,3.0
2022-05,NUS,U.S.,NMX,Mexico,1725.0,56.0
2022-05,NUS,U.S.,NNI,Nigeria,0.0,0.0
2022-05,NUS,U.S.,NNU,Nicaragua,0.0,0.0
2022-05,NUS,U.S.,NPE,Peru,313.0,10.0
2022-05,NUS,U.S.,NPM,Panama,544.0,18.0
2022-05,NUS,U.S.,NPZ,Puerto Rico,136.0,4.0
2022-05,NUS,U.S.,NSA,Saudi Arabia,1.0,0.0
2022-05,NUS,U.S.,NSE,Seychelles,0.0,0.0
2022-05,NUS,U.S.,NTD,Trinidad and Tobago,0.0,0.0
2022-05,NUS,U.S.,NTK,Turks and Caicos Islands,12.0,0.0
2022-05,NUS,U.S.,NUK,United Kingdom,0.0,0.0
2022-05,NUS,U.S.,NVE,Venezuela,0.0,0.0
2022-05,NUS,U.S.,NVQ,Virgin Islands,98.0,3.0
2022-05,NUS,U.S.,Z00,,4841.0,156.0
2022-05,R10,PADD 1,NBF,Bahama Islands,6.0,0.0
2022-05,R10,PADD 1,NBL,Bolivia,0.0,0.0
2022-05,R10,PADD 1,NCA,Canada,1.0,0.0
2022-05,R10,PADD 1,NCI,Chile,0.0,0.0
2022-05,R10,PADD 1,NGT,Guatemala,0.0,0.0
2022-05,R10,PADD 1,NNU,Nicaragua,0.0,0.0
2022-05,R10,PADD 1,NPM,Panama,0.0,0.0
2022-05,R10,PADD 1,NPZ,Puerto Rico,1.0,0.0
2022-05,R10,PADD 1,NSA,Saudi Arabia,1.0,0.0
2022-05,R10,PADD 1,NSE,Seychelles,0.0,0.0
2022-05,R10,PADD 1,NTD,Trinidad and Tobago,0.0,0.0
2022-05,R10,PADD 1,NTK,Turks and Caicos Islands,12.0,0.0
2022-05,R10,PADD 1,Z00,,21.0,1.0
2022-05,R20,PADD 2,NCA,Canada,32.0,1.0
2022-05,R20,PADD 2,Z00,,32.0,1.0
2022-05,R30,PADD 3,NAA,Aruba,81.0,3.0
2022-05,R30,PADD 3,NAC,Antigua and Barbuda,121.0,4.0
2022-05,R30,PADD 3,NBF,Bahama Islands,88.0,3.0
2022-05,R30,PADD 3,NBH,Belize,10.0,0.0
2022-05,R30,PADD 3,NBR,Brazil,328.0,11.0
2022-05,R30,PADD 3,NCI,Chile,315.0,10.0
2022-05,R30,PADD 3,NCJ,Cayman Islands,37.0,1.0
2022-05,R30,PADD 3,NCO,Colombia,0.0,0.0
2022-05,R30,PADD 3,NCS,Costa Rica,215.0,7.0
2022-05,R30,PADD 3,NDR,Dominican Republic,160.0,5.0
2022-05,R30,PADD 3,NES,El Salvador,38.0,1.0
2022-05,R30,PADD 3,NGT,Guatemala,70.0,2.0
2022-05,R30,PADD 3,NHO,Honduras,90.0,3.0
2022-05,R30,PADD 3,NJM,Jamaica,80.0,3.0
2022-05,R30,PADD 3,NMX,Mexico,1538.0,50.0
2022-05,R30,PADD 3,NNI,Nigeria,0.0,0.0
2022-05,R30,PADD 3,NPE,Peru,113.0,4.0
2022-05,R30,PADD 3,NPM,Panama,544.0,18.0
2022-05,R30,PADD 3,NPZ,Puerto Rico,135.0,4.0
2022-05,R30,PADD 3,NUK,United Kingdom,0.0,0.0
2022-05,R30,PADD 3,NVE,Venezuela,0.0,0.0
2022-05,R30,PADD 3,NVQ,Virgin Islands,98.0,3.0
2022-05,R30,PADD 3,Z00,,4061.0,131.0
2022-05,R50,PADD 5,NCA,Canada,341.0,11.0
2022-05,R50,PADD 5,NCZ,Czechia,0.0,0.0
2022-05,R50,PADD 5,NMX,Mexico,187.0,6.0
2022-05,R50,PADD 5,NPE,Peru,200.0,6.0
2022-05,R50,PADD 5,Z00,,728.0,23.0
2022-06,NUS,U.S.,NAC,Antigua and Barbuda,40.0,1.0
2022-06,NUS,U.S.,NAR,Argentina,18.0,1.0
2022-06,NUS,U.S.,NAS,Australia,0.0,0.0
2022-06,NUS,U.S.,NBF,Bahama Islands,83.0,3.0
2022-06,NUS,U.S.,NBH,Belize,10.0,0.0
2022-06,NUS,U.S.,NBL,Bolivia,0.0,0.0
2022-06,NUS,U.S.,NBR,Brazil,644.0,21.0
2022-06,NUS,U.S.,NCA,Canada,875.0,29.0
2022-06,NUS,U.S.,NCI,Chile,224.0,7.0
2022-06,NUS,U.S.,NCJ,Cayman Islands,141.0,5.0
2022-06,NUS,U.S.,NCO,Colombia,110.0,4.0
2022-06,NUS,U.S.,NCS,Costa Rica,95.0,3.0
2022-06,NUS,U.S.,NDR,Dominican Republic,277.0,9.0
2022-06,NUS,U.S.,NEC,Ecuador,1.0,0.0
2022-06,NUS,U.S.,NES,El Salvador,42.0,1.0
2022-06,NUS,U.S.,NFP,French Polynesia,0.0,0.0
2022-06,NUS,U.S.,NGT,Guatemala,40.0,1.0
2022-06,NUS,U.S.,NGY,Guyana,0.0,0.0
2022-06,NUS,U.S.,NHO,Honduras,31.0,1.0
2022-06,NUS,U.S.,NIS,Israel,312.0,10.0
2022-06,NUS,U.S.,NJM,Jamaica,118.0,4.0
2022-06,NUS,U.S.,NMX,Mexico,1678.0,56.0
2022-06,NUS,U.S.,NNS,Suriname,0.0,0.0
2022-06,NUS,U.S.,NNU,Nicaragua,0.0,0.0
2022-06,NUS,U.S.,NPE,Peru,140.0,5.0
2022-06,NUS,U.S.,NPM,Panama,534.0,18.0
2022-06,NUS,U.S.,NPZ,Puerto Rico,0.0,0.0
2022-06,NUS,U.S.,NTD,Trinidad and Tobago,299.0,10.0
2022-06,NUS,U.S.,NTK,Turks and Caicos Islands,12.0,0.0
2022-06,NUS,U.S.,NTW,Taiwan,0.0,0.0
2022-06,NUS,U.S.,NUK,United Kingdom,0.0,0.0
2022-06,NUS,U.S.,NVM,Vietnam,1.0,0.0
2022-06,NUS,U.S.,NVQ,Virgin Islands,62.0,2.0
2022-06,NUS,U.S.,Z00,,5787.0,193.0
2022-06,R10,PADD 1,NBF,Bahama Islands,4.0,0.0
2022-06,R10,PADD 1,NBL,Bolivia,0.0,0.0
2022-06,R10,PADD 1,NCA,Canada,2.0,0.0
2022-06,R10,PADD 1,NDR,Dominican Republic,4.0,0.0
2022-06,R10,PADD 1,NEC,Ecuador,1.0,0.0
2022-06,R10,PADD 1,NGY,Guyana,0.0,0.0
2022-06,R10,PADD 1,NNS,Suriname,0.0,0.0
2022-06,R10,PADD 1,NTK,Turks and Caicos Islands,12.0,0.0
2022-06,R10,PADD 1,NVM,Vietnam,1.0,0.0
2022-06,R10,PADD 1,Z00,,24.0,1.0
2022-06,R20,PADD 2,NCA,Canada,24.0,1.0
2022-06,R20,PADD 2,Z00,,24.0,1.0
2022-06,R30,PADD 3,NAC,Antigua and Barbuda,40.0,1.0
2022-06,R30,PADD 3,NAR,Argentina,18.0,1.0
2022-06,R30,PADD 3,NBF,Bahama Islands,79.0,3.0
2022-06,R30,PADD 3,NBH,Belize,10.0,0.0
2022-06,R30,PADD 3,NBR,Brazil,644.0,21.0
2022-06,R30,PADD 3,NCA,Canada,546.0,18.0
2022-06,R30,PADD 3,NCI,Chile,224.0,7.0
2022-06,R30,PADD 3,NCJ,Cayman Islands,141.0,5.0
2022-06,R30,PADD 3,NCO,Colombia,110.0,4.0
2022-06,R30,PADD 3,NCS,Costa Rica,95.0,3.0
2022-06,R30,PADD 3,NDR,Dominican Republic,273.0,9.0
2022-06,R30,PADD 3,NES,El Salvador,42.0,1.0
2022-06,R30,PADD 3,NGT,Guatemala,40.0,1.0
2022-06,R30,PADD 3,NHO,Honduras,31.0,1.0
2022-06,R30,PADD 3,NIS,Israel,312.0,10.0
2022-06,R30,PADD 3,NJM,Jamaica,118.0,4.0
2022-06,R30,PADD 3,NMX,Mexico,1501.0,50.0
2022-06,R30,PADD 3,NNU,Nicaragua,0.0,0.0
2022-06,R30,PADD 3,NPE,Peru,140.0,5.0
2022-06,R30,PADD 3,NPM,Panama,534.0,18.0
2022-06,R30,PADD 3,NPZ,Puerto Rico,0.0,0.0
2022-06,R30,PADD 3,NTD,Trinidad and Tobago,299.0,10.0
2022-06,R30,PADD 3,NUK,United Kingdom,0.0,0.0
2022-06,R30,PADD 3,NVQ,Virgin Islands,62.0,2.0
2022-06,R30,PADD 3,Z00,,5259.0,175.0
2022-06,R50,PADD 5,NAS,Australia,0.0,0.0
2022-06,R50,PADD 5,NCA,Canada,303.0,10.0
2022-06,R50,PADD 5,NFP,French Polynesia,0.0,0.0
2022-06,R50,PADD 5,NMX,Mexico,177.0,6.0
2022-06,R50,PADD 5,NTW,Taiwan,0.0,0.0
2022-06,R50,PADD 5,Z00,,479.0,16.0
2022-07,NUS,U.S.,NAA,Aruba,75.0,2.0
2022-07,NUS,U.S.,NAR,Argentina,57.0,2.0
2022-07,NUS,U.S.,NAS,Australia,0.0,0.0
2022-07,NUS,U.S.,NBF,Bahama Islands,237.0,8.0
2022-07,NUS,U.S.,NBH,Belize,10.0,0.0
2022-07,NUS,U.S.,NBR,Brazil,305.0,10.0
2022-07,NUS,U.S.,NCA,Canada,985.0,32.0
2022-07,NUS,U.S.,NCI,Chile,426.0,14.0
2022-07,NUS,U.S.,NCJ,Cayman Islands,86.0,3.0
2022-07,NUS,U.S.,NCO,Colombia,0.0,0.0
2022-07,NUS,U.S.,NCS,Costa Rica,190.0,6.0
2022-07,NUS,U.S.,NDR,Dominican Republic,175.0,6.0
2022-07,NUS,U.S.,NES,El Salvador,0.0,0.0
2022-07,NUS,U.S.,NGT,Guatemala,79.0,3.0
2022-07,NUS,U.S.,NHA,Haiti,27.0,1.0
2022-07,NUS,U.S.,NHO,Honduras,36.0,1.0
2022-07,NUS,U.S.,NJM,Jamaica,215.0,7.0
2022-07,NUS,U.S.,NKZ,Kazakhstan,0.0,0.0
2022-07,NUS,U.S.,NLG,Latvia,0.0,0.0
2022-07,NUS,U.S.,NMX,Mexico,2164.0,70.0
2022-07,NUS,U.S.,NNU,Nicaragua,1.0,0.0
2022-07,NUS,U.S.,NPE,Peru,315.0,10.0
2022-07,NUS,U.S.,NPM,Panama,495.0,16.0
2022-07,NUS,U.S.,NPZ,Puerto Rico,0.0,0.0
2022-07,NUS,U.S.,NSA,Saudi Arabia,2.0,0.0
2022-07,NUS,U.S.,NSN,Singapore,0.0,0.0
2022-07,NUS,U.S.,NTC,United Arab Emirates,0.0,0.0
2022-07,NUS,U.S.,NTK,Turks and Caicos Islands,14.0,0.0
2022-07,NUS,U.S.,NTW,Taiwan,0.0,0.0
2022-07,NUS,U.S.,NUC,Curacao,80.0,3.0
2022-07,NUS,U.S.,NUR,Ukraine,0.0,0.0
2022-07,NUS,U.S.,NVQ,Virgin Islands,235.0,8.0
2022-07,NUS,U.S.,Z00,,6207.0,200.0
2022-07,R10,PADD 1,NBF,Bahama Islands,6.0,0.0
2022-07,R10,PADD 1,NCA,Canada,1.0,0.0
2022-07,R10,PADD 1,NGT,Guatemala,0.0,0.0
2022-07,R10,PADD 1,NJM,Jamaica,0.0,0.0
2022-07,R10,PADD 1,NKZ,Kazakhstan,0.0,0.0
2022-07,R10,PADD 1,NLG,Latvia,0.0,0.0
2022-07,R10,PADD 1,NNU,Nicaragua,1.0,0.0
2022-07,R10,PADD 1,NPM,Panama,0.0,0.0
2022-07,R10,PADD 1,NPZ,Puerto Rico,0.0,0.0
2022-07,R10,PADD 1,NSA,Saudi Arabia,0.0,0.0
2022-07,R10,PADD 1,NTK,Turks and Caicos Islands,14.0,0.0
2022-07,R10,PADD 1,NUR,Ukraine,0.0,0.0
2022-07,R10,PADD 1,Z00,,22.0,1.0
2022-07,R20,PADD 2,NCA,Canada,23.0,1.0
2022-07,R20,PADD 2,Z00,,23.0,1.0
2022-07,R30,PADD 3,NAA,Aruba,75.0,2.0
2022-07,R30,PADD 3,NAR,Argentina,57.0,2.0
2022-07,R30,PADD 3,NBF,Bahama Islands,231.0,7.0
2022-07,R30,PADD 3,NBH,Belize,10.0,0.0
2022-07,R30,PADD 3,NBR,Brazil,305.0,10.0
2022-07,R30,PADD 3,NCA,Canada,637.0,21.0
2022-07,R30,PADD 3,NCI,Chile,100.0,3.0
2022-07,R30,PADD 3,NCJ,Cayman Islands,86.0,3.0
2022-07,R30,PADD 3,NCO,Colombia,0.0,0.0
2022-07,R30,PADD 3,NCS,Costa Rica,190.0,6.0
2022-07,R30,PADD 3,NDR,Dominican Republic,175.0,6.0
2022-07,R30,PADD 3,NES,El Salvador,0.0,0.0
2022-07,R30,PADD 3,NGT,Guatemala,79.0,3.0
2022-07,R30,PADD 3,NHA,Haiti,27.0,1.0
2022-07,R30,PADD 3,NHO,Honduras,36.0,1.0
2022-07,R30,PADD 3,NJM,Jamaica,215.0,7.0
2022-07,R30,PADD 3,NMX,Mexico,1990.0,64.0
2022-07,R30,PADD 3,NNU,Nicaragua,0.0,0.0
2022-07,R30,PADD 3,NPE,Peru,315.0,10.0
2022-07,R30,PADD 3,NPM,Panama,494.0,16.0
2022-07,R30,PADD 3,NSA,Saudi Arabia,2.0,0.0
2022-07,R30,PADD 3,NSN,Singapore,0.0,0.0
2022-07,R30,PADD 3,NTC,United Arab Emirates,0.0,0.0
2022-07,R30,PADD 3,NUC,Curacao,80.0,3.0
2022-07,R30,PADD 3,NVQ,Virgin Islands,235.0,8.0
2022-07,R30,PADD 3,Z00,,5339.0,172.0
2022-07,R40,PADD 4,NCA,Canada,0.0,0.0
2022-07,R40,PADD 4,Z00,,0.0,0.0
2022-07,R50,PADD 5,NAS,Australia,0.0,0.0
2022-07,R50,PADD 5,NCA,Canada,324.0,10.0
2022-07,R50,PADD 5,NCI,Chile,326.0,11.0
2022-07,R50,PADD 5,NMX,Mexico,173.0,6.0
2022-07,R50,PADD 5,NTW,Taiwan,0.0,0.0
2022-07,R50,PADD 5,Z00,,823.0,27.0
2022-08,NUS,U.S.,NAC,Antigua and Barbuda,13.0,0.0
2022-08,NUS,U.S.,NAR,Argentina,38.0,1.0
2022-08,NUS,U.S.,NBF,Bahama Islands,346.0,11.0
2022-08,NUS,U.S.,NBH,Belize,10.0,0.0
2022-08,NUS,U.S.,NCA,Canada,991.0,32.0
2022-08,NUS,U.S.,NCI,Chile,393.0,13.0
2022-08,NUS,U.S.,NCJ,Cayman Islands,8.0,0.0
2022-08,NUS,U.S.,NCS,Costa Rica,185.0,6.0
2022-08,NUS,U.S.,NDR,Dominican Republic,210.0,7.0
2022-08,NUS,U.S.,NES,El Salvador,40.0,1.0
2022-08,NUS,U.S.,NGJ,Grenada,0.0,0.0
2022-08,NUS,U.S.,NGT,Guatemala,37.0,1.0
2022-08,NUS,U.S.,NHO,Honduras,40.0,1.0
2022-08,NUS,U.S.,NJM,Jamaica,72.0,2.0
2022-08,NUS,U.S.,NMX,Mexico,2568.0,83.0
2022-08,NUS,U.S.,NNL,Netherlands,298.0,10.0
2022-08,NUS,U.S.,NNU,Nicaragua,145.0,5.0
2022-08,NUS,U.S.,NPE,Peru,289.0,9.0
2022-08,NUS,U.S.,NPM,Panama,360.0,12.0
2022-08,NUS,U.S.,NPZ,Puerto Rico,343.0,11.0
2022-08,NUS,U.S.,NSN,Singapore,0.0,0.0
2022-08,NUS,U.S.,NTD,Trinidad and Tobago,0.0,0.0
2022-08,NUS,U.S.,NTK,Turks and Caicos Islands,11.0,0.0
2022-08,NUS,U.S.,NUC,Curacao,0.0,0.0
2022-08,NUS,U.S.,Z00,,6396.0,206.0
2022-08,R10,PADD 1,NAC,Antigua and Barbuda,0.0,0.0
2022-08,R10,PADD 1,NBF,Bahama Islands,4.0,0.0
2022-08,R10,PADD 1,NCA,Canada,2.0,0.0
2022-08,R10,PADD 1,NGJ,Grenada,0.0,0.0
2022-08,R10,PADD 1,NNU,Nicaragua,0.0,0.0
2022-08,R10,PADD 1,NTD,Trinidad and Tobago,0.0,0.0
2022-08,R10,PADD 1,NTK,Turks and Caicos Islands,11.0,0.0
2022-08,R10,PADD 1,NUC,Curacao,0.0,0.0
2022-08,R10,PADD 1,Z00,,17.0,1.0
2022-08,R20,PADD 2,NCA,Canada,34.0,1.0
2022-08,R20,PADD 2,Z00,,34.0,1.0
2022-08,R30,PADD 3,NAC,Antigua and Barbuda,13.0,0.0
2022-08,R30,PADD 3,NAR,Argentina,38.0,1.0
2022-08,R30,PADD 3,NBF,Bahama Islands,342.0,11.0
2022-08,R30,PADD 3,NBH,Belize,10.0,0.0
2022-08,R30,PADD 3,NCA,Canada,664.0,21.0
2022-08,R30,PADD 3,NCI,Chile,67.0,2.0
2022-08,R30,PADD 3,NCJ,Cayman Islands,8.0,0.0
2022-08,R30,PADD 3,NCS,Costa Rica,185.0,6.0
2022-08,R30,PADD 3,NDR,Dominican Republic,210.0,7.0
2022-08,R30,PADD 3,NES,El Salvador,40.0,1.0
2022-08,R30,PADD 3,NGT,Guatemala,37.0,1.0
2022-08,R30,PADD 3,NHO,Honduras,40.0,1.0
2022-08,R30,PADD 3,NJM,Jamaica,72.0,2.0
2022-08,R30,PADD 3,NMX,Mexico,2419.0,78.0
2022-08,R30,PADD 3,NNL,Netherlands,298.0,10.0
2022-08,R30,PADD 3,NNU,Nicaragua,145.0,5.0
2022-08,R30,PADD 3,NPE,Peru,289.0,9.0
2022-08,R30,PADD 3,NPM,Panama,360.0,12.0
2022-08,R30,PADD 3,NPZ,Puerto Rico,343.0,11.0
2022-08,R30,PADD 3,NSN,Singapore,0.0,0.0
2022-08,R30,PADD 3,Z00,,5579.0,180.0
2022-08,R40,PADD 4,NCA,Canada,0.0,0.0
2022-08,R40,PADD 4,Z00,,0.0,0.0
2022-08,R50,PADD 5,NCA,Canada,290.0,9.0
2022-08,R50,PADD 5,NCI,Chile,326.0,11.0
2022-08,R50,PADD 5,NMX,Mexico,149.0,5.0
2022-08,R50,PADD 5,Z00,,765.0,25.0
2022-09,NUS,U.S.,NAA,Aruba,81.0,3.0
2022-09,NUS,U.S.,NAC,Antigua and Barbuda,82.0,3.0
2022-09,NUS,U.S.,NAR,Argentina,40.0,1.0
2022-09,NUS,U.S.,NBD,Bermuda,35.0,1.0
2022-09,NUS,U.S.,NBF,Bahama Islands,157.0,5.0
2022-09,NUS,U.S.,NBH,Belize,18.0,1.0
2022-09,NUS,U.S.,NBL,Bolivia,0.0,0.0
2022-09,NUS,U.S.,NBR,Brazil,305.0,10.0
2022-09,NUS,U.S.,NCA,Canada,1010.0,34.0
2022-09,NUS,U.S.,NCI,Chile,1113.0,37.0
2022-09,NUS,U.S.,NCJ,Cayman Islands,99.0,3.0
2022-09,NUS,U.S.,NCO,Colombia,285.0,10.0
2022-09,NUS,U.S.,NCS,Costa Rica,100.0,3.0
2022-09,NUS,U.S.,NDR,Dominican Republic,63.0,2.0
2022-09,NUS,U.S.,NES,El Salvador,34.0,1.0
2022-09,NUS,U.S.,NGT,Guatemala,93.0,3.0
2022-09,NUS,U.S.,NHA,Haiti,18.0,1.0
2022-09,NUS,U.S.,NHO,Honduras,76.0,3.0
2022-09,NUS,U.S.,NIN,India,0.0,0.0
2022-09,NUS,U.S.,NIS,Israel,317.0,11.0
2022-09,NUS,U.S.,NJM,Jamaica,180.0,6.0
2022-09,NUS,U.S.,NJO,Jordan,0.0,0.0
2022-09,NUS,U.S.,NMX,Mexico,988.0,33.0
2022-09,NUS,U.S.,NNL,Netherlands,308.0,10.0
2022-09,NUS,U.S.,NNU,Nicaragua,0.0,0.0
2022-09,NUS,U.S.,NPE,Peru,431.0,14.0
2022-09,NUS,U.S.,NPM,Panama,388.0,13.0
2022-09,NUS,U.S.,NPZ,Puerto Rico,1.0,0.0
2022-09,NUS,U.S.,NTK,Turks and Caicos Islands,3.0,0.0
2022-09,NUS,U.S.,NUC,Curacao,80.0,3.0
2022-09,NUS,U.S.,NVQ,Virgin Islands,42.0,1.0
2022-09,NUS,U.S.,Z00,,6346.0,212.0
2022-09,R10,PADD 1,NAC,Antigua and Barbuda,0.0,0.0
2022-09,R10,PADD 1,NBF,Bahama Islands,1.0,0.0
2022-09,R10,PADD 1,NBL,Bolivia,0.0,0.0
2022-09,R10,PADD 1,NCA,Canada,1.0,0.0
2022-09,R10,PADD 1,NCJ,Cayman Islands,0.0,0.0
2022-09,R10,PADD 1,NCO,Colombia,0.0,0.0
2022-09,R10,PADD 1,NDR,Dominican Republic,3.0,0.0
2022-09,R10,PADD 1,NIN,India,0.0,0.0
2022-09,R10,PADD 1,NNU,Nicaragua,0.0,0.0
2022-09,R10,PADD 1,NPZ,Puerto Rico,1.0,0.0
2022-09,R10,PADD 1,NTK,Turks and Caicos Islands,3.0,0.0
2022-09,R10,PADD 1,Z00,,9.0,0.0
2022-09,R20,PADD 2,NCA,Canada,18.0,1.0
2022-09,R20,PADD 2,Z00,,18.0,1.0
2022-09,R30,PADD 3,NAA,Aruba,81.0,3.0
2022-09,R30,PADD 3,NAC,Antigua and Barbuda,82.0,3.0
2022-09,R30,PADD 3,NAR,Argentina,40.0,1.0
2022-09,R30,PADD 3,NBD,Bermuda,35.0,1.0
2022-09,R30,PADD 3,NBF,Bahama Islands,156.0,5.0
2022-09,R30,PADD 3,NBH,Belize,18.0,1.0
2022-09,R30,PADD 3,NBR,Brazil,305.0,10.0
2022-09,R30,PADD 3,NCA,Canada,690.0,23.0
2022-09,R30,PADD 3,NCI,Chile,1113.0,37.0
2022-09,R30,PADD 3,NCJ,Cayman Islands,99.0,3.0
2022-09,R30,PADD 3,NCO,Colombia,285.0,10.0
2022-09,R30,PADD 3,NCS,Costa Rica,100.0,3.0
2022-09,R30,PADD 3,NDR,Dominican Republic,60.0,2.0
2022-09,R30,PADD 3,NES,El Salvador,34.0,1.0
2022-09,R30,PADD 3,NGT,Guatemala,92.0,3.0
2022-09,R30,PADD 3,NHA,Haiti,18.0,1.0
2022-09,R30,PADD 3,NHO,Honduras,76.0,3.0
2022-09,R30,PADD 3,NIN,India,0.0,0.0
2022-09,R30,PADD 3,NIS,Israel,317.0,11.0
2022-09,R30,PADD 3,NJM,Jamaica,180.0,6.0
2022-09,R30,PADD 3,NMX,Mexico,987.0,33.0
2022-09,R30,PADD 3,NNL,Netherlands,308.0,10.0
2022-09,R30,PADD 3,NPE,Peru,431.0,14.0
2022-09,R30,PADD 3,NPM,Panama,388.0,13.0
2022-09,R30,PADD 3,NUC,Curacao,80.0,3.0
2022-09,R30,PADD 3,NVQ,Virgin Islands,42.0,1.0
2022-09,R30,PADD 3,Z00,,6018.0,201.0
2022-09,R40,PADD 4,NCA,Canada,0.0,0.0
2022-09,R40,PADD 4,Z00,,0.0,0.0
2022-09,R50,PADD 5,NCA,Canada,300.0,10.0
2022-09,R50,PADD 5,NGT,Guatemala,1.0,0.0
2022-09,R50,PADD 5,NJO,Jordan,0.0,0.0
2022-09,R50,PADD 5,NMX,Mexico,0.0,0.0
2022-09,R50,PADD 5,Z00,,301.0,10.0
2022-10,NUS,U.S.,NAR,Argentina,60.0,2.0
2022-10,NUS,U.S.,NBF,Bahama Islands,58.0,2.0
2022-10,NUS,U.S.,NBH,Belize,6.0,0.0
2022-10,NUS,U.S.,NBR,Brazil,238.0,8.0
2022-10,NUS,U.S.,NCA,Canada,1297.0,42.0
2022-10,NUS,U.S.,NCI,Chile,315.0,10.0
2022-10,NUS,U.S.,NCJ,Cayman Islands,13.0,0.0
2022-10,NUS,U.S.,NCO,Colombia,107.0,3.0
2022-10,NUS,U.S.,NCS,Costa Rica,150.0,5.0
2022-10,NUS,U.S.,NDR,Dominican Republic,132.0,4.0
2022-10,NUS,U.S.,NES,El Salvador,182.0,6.0
2022-10,NUS,U.S.,NGT,Guatemala,53.0,2.0
2022-10,NUS,U.S.,NHO,Honduras,50.0,2.0
2022-10,NUS,U.S.,NJM,Jamaica,0.0,0.0
2022-10,NUS,U.S.,NMU,Oman,0.0,0.0
2022-10,NUS,U.S.,NMX,Mexico,933.0,30.0
2022-10,NUS,U.S.,NNL,Netherlands,0.0,0.0
2022-10,NUS,U.S.,NNZ,New Zealand,4.0,0.0
2022-10,NUS,U.S.,NPE,Peru,179.0,6.0
2022-10,NUS,U.S.,NPM,Panama,344.0,11.0
2022-10,NUS,U.S.,NSC,Saint Kitts and Nevis,0.0,0.0
2022-10,NUS,U.S.,NTD,Trinidad and Tobago,130.0,4.0
2022-10,NUS,U.S.,NTK,Turks and Caicos Islands,10.0,0.0
2022-10,NUS,U.S.,NUC,Curacao,80.0,3.0
2022-10,NUS,U.S.,NUK,United Kingdom,0.0,0.0
2022-10,NUS,U.S.,NVM,Vietnam,1.0,0.0
2022-10,NUS,U.S.,NVQ,Virgin Islands,80.0,3.0
2022-10,NUS,U.S.,Z00,,4422.0,143.0
2022-10,R10,PADD 1,NBF,Bahama Islands,4.0,0.0
2022-10,R10,PADD 1,NCA,Canada,186.0,6.0
2022-10,R10,PADD 1,NCO,Colombia,0.0,0.0
2022-10,R10,PADD 1,NDR,Dominican Republic,2.0,0.0
2022-10,R10,PADD 1,NJM,Jamaica,0.0,0.0
2022-10,R10,PADD 1,NMU,Oman,0.0,0.0
2022-10,R10,PADD 1,NPM,Panama,0.0,0.0
2022-10,R10,PADD 1,NSC,Saint Kitts and Nevis,0.0,0.0
2022-10,R10,PADD 1,NTK,Turks and Caicos Islands,10.0,0.0
2022-10,R10,PADD 1,NUK,United Kingdom,0.0,0.0
2022-10,R10,PADD 1,NVM,Vietnam,1.0,0.0
2022-10,R10,PADD 1,Z00,,202.0,7.0
2022-10,R20,PADD 2,NCA,Canada,21.0,1.0
2022-10,R20,PADD 2,Z00,,21.0,1.0
2022-10,R30,PADD 3,NAR,Argentina,60.0,2.0
2022-10,R30,PADD 3,NBF,Bahama Islands,54.0,2.0
2022-10,R30,PADD 3,NBH,Belize,6.0,0.0
2022-10,R30,PADD 3,NBR,Brazil,238.0,8.0
2022-10,R30,PADD 3,NCA,Canada,814.0,26.0
2022-10,R30,PADD 3,NCI,Chile,315.0,10.0
2022-10,R30,PADD 3,NCJ,Cayman Islands,13.0,0.0
2022-10,R30,PADD 3,NCO,Colombia,106.0,3.0
2022-10,R30,PADD 3,NCS,Costa Rica,150.0,5.0
2022-10,R30,PADD 3,NDR,Dominican Republic,130.0,4.0
2022-10,R30,PADD 3,NES,El Salvador,182.0,6.0
2022-10,R30,PADD 3,NGT,Guatemala,53.0,2.0
2022-10,R30,PADD 3,NHO,Honduras,50.0,2.0
2022-10,R30,PADD 3,NMX,Mexico,845.0,27.0
2022-10,R30,PADD 3,NNL,Netherlands,0.0,0.0
2022-10,R30,PADD 3,NPE,Peru,179.0,6.0
2022-10,R30,PADD 3,NPM,Panama,344.0,11.0
2022-10,R30,PADD 3,NTD,Trinidad and Tobago,130.0,4.0
2022-10,R30,PADD 3,NUC,Curacao,80.0,3.0
2022-10,R30,PADD 3,NUK,United Kingdom,0.0,0.0
2022-10,R30,PADD 3,NVQ,Virgin Islands,80.0,3.0
2022-10,R30,PADD 3,Z00,,3830.0,124.0
2022-10,R50,PADD 5,NCA,Canada,277.0,9.0
2022-10,R50,PADD 5,NMX,Mexico,88.0,3.0
2022-10,R50,PADD 5,NNZ,New Zealand,4.0,0.0
2022-10,R50,PADD 5,Z00,,369.0,12.0
2022-11,NUS,U.S.,NAA,Aruba,80.0,3.0
2022-11,NUS,U.S.,NAC,Antigua and Barbuda,40.0,1.0
2022-11,NUS,U.S.,NAR,Argentina,74.0,2.0
2022-11,NUS,U.S.,NBF,Bahama Islands,55.0,2.0
2022-11,NUS,U.S.,NBH,Belize,15.0,1.0
2022-11,NUS,U.S.,NBR,Brazil,472.0,16.0
2022-11,NUS,U.S.,NCA,Canada,870.0,29.0
2022-11,NUS,U.S.,NCI,Chile,357.0,12.0
2022-11,NUS,U.S.,NCJ,Cayman Islands,4.0,0.0
2022-11,NUS,U.S.,NCO,Colombia,105.0,4.0
2022-11,NUS,U.S.,NCS,Costa Rica,120.0,4.0
2022-11,NUS,U.S.,NDR,Dominican Republic,120.0,4.0
2022-11,NUS,U.S.,NES,El Salvador,40.0,1.0
2022-11,NUS,U.S.,NGT,Guatemala,55.0,2.0
2022-11,NUS,U.S.,NHO,Honduras,54.0,2.0
2022-11,NUS,U.S.,NIC,Iceland,648.0,22.0
2022-11,NUS,U.S.,NIS,Israel,333.0,11.0
2022-11,NUS,U.S.,NJM,Jamaica,152.0,5.0
2022-11,NUS,U.S.,NMX,Mexico,600.0,20.0
2022-11,NUS,U.S.,NNU,Nicaragua,0.0,0.0
2022-11,NUS,U.S.,NPE,Peru,280.0,9.0
2022-11,NUS,U.S.,NPM,Panama,524.0,17.0
2022-11,NUS,U.S.,NPZ,Puerto Rico,1.0,0.0
2022-11,NUS,U.S.,NTD,Trinidad and Tobago,0.0,0.0
2022-11,NUS,U.S.,NTK,Turks and Caicos Islands,13.0,0.0
2022-11,NUS,U.S.,NUK,United Kingdom,0.0,0.0
2022-11,NUS,U.S.,NVQ,Virgin Islands,180.0,6.0
2022-11,NUS,U.S.,Z00,,5192.0,173.0
2022-11,R10,PADD 1,NBF,Bahama Islands,4.0,0.0
2022-11,R10,PADD 1,NCA,Canada,0.0,0.0
2022-11,R10,PADD 1,NCO,Colombia,0.0,0.0
2022-11,R10,PADD 1,NNU,Nicaragua,0.0,0.0
2022-11,R10,PADD 1,NPZ,Puerto Rico,1.0,0.0
2022-11,R10,PADD 1,NTD,Trinidad and Tobago,0.0,0.0
2022-11,R10,PADD 1,NTK,Turks and Caicos Islands,13.0,0.0
2022-11,R10,PADD 1,Z00,,18.0,1.0
2022-11,R20,PADD 2,NCA,Canada,11.0,0.0
2022-11,R20,PADD 2,Z00,,11.0,0.0
2022-11,R30,PADD 3,NAA,Aruba,80.0,3.0
2022-11,R30,PADD 3,NAC,Antigua and Barbuda,40.0,1.0
2022-11,R30,PADD 3,NAR,Argentina,74.0,2.0
2022-11,R30,PADD 3,NBF,Bahama Islands,51.0,2.0
2022-11,R30,PADD 3,NBH,Belize,15.0,1.0
2022-11,R30,PADD 3,NBR,Brazil,472.0,16.0
2022-11,R30,PADD 3,NCA,Canada,642.0,21.0
2022-11,R30,PADD 3,NCI,Chile,78.0,3.0
2022-11,R30,PADD 3,NCJ,Cayman Islands,4.0,0.0
2022-11,R30,PADD 3,NCO,Colombia,105.0,4.0
2022-11,R30,PADD 3,NCS,Costa Rica,120.0,4.0
2022-11,R30,PADD 3,NDR,Dominican Republic,120.0,4.0
2022-11,R30,PADD 3,NES,El Salvador,40.0,1.0
2022-11,R30,PADD 3,NGT,Guatemala,55.0,2.0
2022-11,R30,PADD 3,NHO,Honduras,54.0,2.0
2022-11,R30,PADD 3,NIC,Iceland,648.0,22.0
2022-11,R30,PADD 3,NIS,Israel,333.0,11.0
2022-11,R30,PADD 3,NJM,Jamaica,152.0,5.0
2022-11,R30,PADD 3,NMX,Mexico,480.0,16.0
2022-11,R30,PADD 3,NPE,Peru,114.0,4.0
2022-11,R30,PADD 3,NPM,Panama,374.0,12.0
2022-11,R30,PADD 3,NUK,United Kingdom,0.0,0.0
2022-11,R30,PADD 3,NVQ,Virgin Islands,180.0,6.0
2022-11,R30,PADD 3,Z00,,4232.0,141.0
2022-11,R50,PADD 5,NCA,Canada,216.0,7.0
2022-11,R50,PADD 5,NCI,Chile,279.0,9.0
2022-11,R50,PADD 5,NMX,Mexico,120.0,4.0
2022-11,R50,PADD 5,NNU,Nicaragua,0.0,0.0
2022-11,R50,PADD 5,NPE,Peru,166.0,6.0
2022-11,R50,PADD 5,NPM,Panama,150.0,5.0
2022-11,R50,PADD 5,Z00,,931.0,31.0
2022-12,NUS,U.S.,NAA,Aruba,80.0,3.0
2022-12,NUS,U.S.,NAC,Antigua and Barbuda,50.0,2.0
2022-12,NUS,U.S.,NBF,Bahama Islands,116.0,4.0
2022-12,NUS,U.S.,NBR,Brazil,414.0,13.0
2022-12,NUS,U.S.,NCA,Canada,791.0,26.0
2022-12,NUS,U.S.,NCI,Chile,418.0,13.0
2022-12,NUS,U.S.,NCJ,Cayman Islands,22.0,1.0
2022-12,NUS,U.S.,NCS,Costa Rica,160.0,5.0
2022-12,NUS,U.S.,NDR,Dominican Republic,127.0,4.0
2022-12,NUS,U.S.,NES,El Salvador,38.0,1.0
2022-12,NUS,U.S.,NGT,Guatemala,157.0,5.0
2022-12,NUS,U.S.,NHO,Honduras,60.0,2.0
2022-12,NUS,U.S.,NJM,Jamaica,80.0,3.0
2022-12,NUS,U.S.,NMX,Mexico,2246.0,72.0
2022-12,NUS,U.S.,NNU,Nicaragua,0.0,0.0
2022-12,NUS,U.S.,NPE,Peru,86.0,3.0
2022-12,NUS,U.S.,NPM,Panama,340.0,11.0
2022-12,NUS,U.S.,NSA,Saudi Arabia,1.0,0.0
2022-12,NUS,U.S.,NSN,Singapore,250.0,8.0
2022-12,NUS,U.S.,NTD,Trinidad and Tobago,120.0,4.0
2022-12,NUS,U.S.,NTK,Turks and Caicos Islands,14.0,0.0
2022-12,NUS,U.S.,NTW,Taiwan,0.0,0.0
2022-12,NUS,U.S.,NVE,Venezuela,0.0,0.0
2022-12,NUS,U.S.,Z00,,5571.0,180.0
2022-12,R10,PADD 1,NBF,Bahama Islands,6.0,0.0
2022-12,R10,PADD 1,NCA,Canada,364.0,12.0
2022-12,R10,PADD 1,NDR,Dominican Republic,0.0,0.0
2022-12,R10,PADD 1,NJM,Jamaica,0.0,0.0
2022-12,R10,PADD 1,NNU,Nicaragua,0.0,0.0
2022-12,R10,PADD 1,NSA,Saudi Arabia,1.0,0.0
2022-12,R10,PADD 1,NTK,Turks and Caicos Islands,14.0,0.0
2022-12,R10,PADD 1,NVE,Venezuela,0.0,0.0
2022-12,R10,PADD 1,Z00,,386.0,12.0
2022-12,R20,PADD 2,NCA,Canada,13.0,0.0
2022-12,R20,PADD 2,NDR,Dominican Republic,1.0,0.0
2022-12,R20,PADD 2,Z00,,15.0,0.0
2022-12,R30,PADD 3,NAA,Aruba,80.0,3.0
2022-12,R30,PADD 3,NAC,Antigua and Barbuda,50.0,2.0
2022-12,R30,PADD 3,NBF,Bahama Islands,110.0,4.0
2022-12,R30,PADD 3,NBR,Brazil,414.0,13.0
2022-12,R30,PADD 3,NCA,Canada,210.0,7.0
2022-12,R30,PADD 3,NCI,Chile,125.0,4.0
2022-12,R30,PADD 3,NCJ,Cayman Islands,22.0,1.0
2022-12,R30,PADD 3,NCS,Costa Rica,160.0,5.0
2022-12,R30,PADD 3,NDR,Dominican Republic,126.0,4.0
2022-12,R30,PADD 3,NES,El Salvador,38.0,1.0
2022-12,R30,PADD 3,NGT,Guatemala,157.0,5.0
2022-12,R30,PADD 3,NHO,Honduras,60.0,2.0
2022-12,R30,PADD 3,NJM,Jamaica,80.0,3.0
2022-12,R30,PADD 3,NMX,Mexico,2052.0,66.0
2022-12,R30,PADD 3,NPE,Peru,86.0,3.0
2022-12,R30,PADD 3,NPM,Panama,240.0,8.0
2022-12,R30,PADD 3,NTD,Trinidad and Tobago,120.0,4.0
2022-12,R30,PADD 3,Z00,,4130.0,133.0
2022-12,R50,PADD 5,NCA,Canada,203.0,7.0
2022-12,R50,PADD 5,NCI,Chile,293.0,9.0
2022-12,R50,PADD 5,NMX,Mexico,194.0,6.0
2022-12,R50,PADD 5,NPM,Panama,100.0,3.0
2022-12,R50,PADD 5,NSN,Singapore,250.0,8.0
2022-12,R50,PADD 5,NTW,Taiwan,0.0,0.0
2022-12,R50,PADD 5,Z00,,1040.0,34.0
2023-01,NUS,U.S.,NAA,Aruba,0.0,0.0
2023-01,NUS,U.S.,NBD,Bermuda,38.0,1.0
2023-01,NUS,U.S.,NBF,Bahama Islands,82.0,3.0
2023-01,NUS,U.S.,NBR,Brazil,309.0,10.0
2023-01,NUS,U.S.,NCA,Canada,1330.0,43.0
2023-01,NUS,U.S.,NCI,Chile,350.0,11.0
2023-01,NUS,U.S.,NCJ,Cayman Islands,9.0,0.0
2023-01,NUS,U.S.,NCS,Costa Rica,240.0,8.0
2023-01,NUS,U.S.,NDR,Dominican Republic,301.0,10.0
2023-01,NUS,U.S.,NES,El Salvador,32.0,1.0
2023-01,NUS,U.S.,NGT,Guatemala,233.0,8.0
2023-01,NUS,U.S.,NGY,Guyana,0.0,0.0
2023-01,NUS,U.S.,NHO,Honduras,43.0,1.0
2023-01,NUS,U.S.,NIS,Israel,0.0,0.0
2023-01,NUS,U.S.,NJM,Jamaica,270.0,9.0
2023-01,NUS,U.S.,NMX,Mexico,1665.0,54.0
2023-01,NUS,U.S.,NNU,Nicaragua,0.0,0.0
2023-01,NUS,U.S.,NPE,Peru,196.0,6.0
2023-01,NUS,U.S.,NPM,Panama,450.0,15.0
2023-01,NUS,U.S.,NPZ,Puerto Rico,1.0,0.0
2023-01,NUS,U.S.,NSN,Singapore,0.0,0.0
2023-01,NUS,U.S.,NTD,Trinidad and Tobago,120.0,4.0
2023-01,NUS,U.S.,NTK,Turks and Caicos Islands,12.0,0.0
2023-01,NUS,U.S.,NUC,Curacao,79.0,3.0
2023-01,NUS,U.S.,NVE,Venezuela,0.0,0.0
2023-01,NUS,U.S.,NVM,Vietnam,0.0,0.0
2023-01,NUS,U.S.,NVQ,Virgin Islands,246.0,8.0
2023-01,NUS,U.S.,Z00,,6008.0,194.0
2023-01,R10,PADD 1,NBF,Bahama Islands,6.0,0.0
2023-01,R10,PADD 1,NCA,Canada,366.0,12.0
2023-01,R10,PADD 1,NDR,Dominican Republic,4.0,0.0
2023-01,R10,PADD 1,NIS,Israel,0.0,0.0
2023-01,R10,PADD 1,NNU,Nicaragua,0.0,0.0
2023-01,R10,PADD 1,NPZ,Puerto Rico,1.0,0.0
2023-01,R10,PADD 1,NTK,Turks and Caicos Islands,12.0,0.0
2023-01,R10,PADD 1,NVE,Venezuela,0.0,0.0
2023-01,R10,PADD 1,Z00,,389.0,13.0
2023-01,R20,PADD 2,NCA,Canada,36.0,1.0
2023-01,R20,PADD 2,Z00,,36.0,1.0
2023-01,R30,PADD 3,NAA,Aruba,0.0,0.0
2023-01,R30,PADD 3,NBD,Bermuda,38.0,1.0
2023-01,R30,PADD 3,NBF,Bahama Islands,76.0,2.0
2023-01,R30,PADD 3,NBR,Brazil,309.0,10.0
2023-01,R30,PADD 3,NCA,Canada,620.0,20.0
2023-01,R30,PADD 3,NCI,Chile,350.0,11.0
2023-01,R30,PADD 3,NCJ,Cayman Islands,9.0,0.0
2023-01,R30,PADD 3,NCS,Costa Rica,160.0,5.0
2023-01,R30,PADD 3,NDR,Dominican Republic,298.0,10.0
2023-01,R30,PADD 3,NES,El Salvador,32.0,1.0
2023-01,R30,PADD 3,NGT,Guatemala,156.0,5.0
2023-01,R30,PADD 3,NGY,Guyana,0.0,0.0
2023-01,R30,PADD 3,NHO,Honduras,43.0,1.0
2023-01,R30,PADD 3,NJM,Jamaica,270.0,9.0
2023-01,R30,PADD 3,NMX,Mexico,1336.0,43.0
2023-01,R30,PADD 3,NPE,Peru,196.0,6.0
2023-01,R30,PADD 3,NPM,Panama,450.0,15.0
2023-01,R30,PADD 3,NSN,Singapore,0.0,0.0
2023-01,R30,PADD 3,NTD,Trinidad and Tobago,120.0,4.0
2023-01,R30,PADD 3,NUC,Curacao,79.0,3.0
2023-01,R30,PADD 3,NVQ,Virgin Islands,246.0,8.0
2023-01,R30,PADD 3,Z00,,4789.0,154.0
2023-01,R50,PADD 5,NCA,Canada,309.0,10.0
2023-01,R50,PADD 5,NCS,Costa Rica,80.0,3.0
2023-01,R50,PADD 5,NGT,Guatemala,77.0,2.0
2023-01,R50,PADD 5,NMX,Mexico,329.0,11.0
2023-01,R50,PADD 5,NVM,Vietnam,0.0,0.0
2023-01,R50,PADD 5,Z00,,795.0,26.0
2023-02,NUS,U.S.,NAA,Aruba,85.0,3.0
2023-02,NUS,U.S.,NAC,Antigua and Barbuda,50.0,2.0
2023-02,NUS,U.S.,NBF,Bahama Islands,88.0,3.0
2023-02,NUS,U.S.,NBH,Belize,15.0,1.0
2023-02,NUS,U.S.,NCA,Canada,625.0,22.0
2023-02,NUS,U.S.,NCI,Chile,375.0,13.0
2023-02,NUS,U.S.,NCJ,Cayman Islands,12.0,0.0
2023-02,NUS,U.S.,NCS,Costa Rica,136.0,5.0
2023-02,NUS,U.S.,NDR,Dominican Republic,121.0,4.0
2023-02,NUS,U.S.,NES,El Salvador,34.0,1.0
2023-02,NUS,U.S.,NGT,Guatemala,137.0,5.0
2023-02,NUS,U.S.,NHO,Honduras,61.0,2.0
2023-02,NUS,U.S.,NIN,India,0.0,0.0
2023-02,NUS,U.S.,NIS,Israel,333.0,12.0
2023-02,NUS,U.S.,NJM,Jamaica,110.0,4.0
2023-02,NUS,U.S.,NMX,Mexico,1892.0,68.0
2023-02,NUS,U.S.,NPE,Peru,206.0,7.0
2023-02,NUS,U.S.,NPM,Panama,306.0,11.0
2023-02,NUS,U.S.,NPZ,Puerto Rico,135.0,5.0
2023-02,NUS,U.S.,NST,Saint Lucia,0.0,0.0
2023-02,NUS,U.S.,NTD,Trinidad and Tobago,120.0,4.0
2023-02,NUS,U.S.,NTK,Turks and Caicos Islands,13.0,0.0
2023-02,NUS,U.S.,NUC,Curacao,0.0,0.0
2023-02,NUS,U.S.,NVC,Saint Vincent and the Grenadines,0.0,0.0
2023-02,NUS,U.S.,NVE,Venezuela,0.0,0.0
2023-02,NUS,U.S.,NVQ,Virgin Islands,122.0,4.0
2023-02,NUS,U.S.,Z00,,4979.0,178.0
2023-02,R10,PADD 1,NBF,Bahama Islands,4.0,0.0
2023-02,R10,PADD 1,NCA,Canada,297.0,11.0
2023-02,R10,PADD 1,NCS,Costa Rica,2.0,0.0
2023-02,R10,PADD 1,NDR,Dominican Republic,1.0,0.0
2023-02,R10,PADD 1,NGT,Guatemala,0.0,0.0
2023-02,R10,PADD 1,NHO,Honduras,0.0,0.0
2023-02,R10,PADD 1,NIN,India,0.0,0.0
2023-02,R10,PADD 1,NTK,Turks and Caicos Islands,13.0,0.0
2023-02,R10,PADD 1,NVE,Venezuela,0.0,0.0
2023-02,R10,PADD 1,Z00,,318.0,11.0
2023-02,R20,PADD 2,NCA,Canada,24.0,1.0
2023-02,R20,PADD 2,Z00,,24.0,1.0
2023-02,R30,PADD 3,NAA,Aruba,85.0,3.0
2023-02,R30,PADD 3,NAC,Antigua and Barbuda,50.0,2.0
2023-02,R30,PADD 3,NBF,Bahama Islands,84.0,3.0
2023-02,R30,PADD 3,NBH,Belize,15.0,1.0
2023-02,R30,PADD 3,NCA,Canada,55.0,2.0
2023-02,R30,PADD 3,NCI,Chile,75.0,3.0
2023-02,R30,PADD 3,NCJ,Cayman Islands,12.0,0.0
2023-02,R30,PADD 3,NCS,Costa Rica,134.0,5.0
2023-02,R30,PADD 3,NDR,Dominican Republic,120.0,4.0
2023-02,R30,PADD 3,NES,El Salvador,34.0,1.0
2023-02,R30,PADD 3,NGT,Guatemala,137.0,5.0
2023-02,R30,PADD 3,NHO,Honduras,61.0,2.0
2023-02,R30,PADD 3,NIS,Israel,333.0,12.0
2023-02,R30,PADD 3,NJM,Jamaica,110.0,4.0
2023-02,R30,PADD 3,NMX,Mexico,1604.0,57.0
2023-02,R30,PADD 3,NPE,Peru,206.0,7.0
2023-02,R30,PADD 3,NPM,Panama,306.0,11.0
2023-02,R30,PADD 3,NPZ,Puerto Rico,135.0,5.0
2023-02,R30,PADD 3,NST,Saint Lucia,0.0,0.0
2023-02,R30,PADD 3,NTD,Trinidad and Tobago,120.0,4.0
2023-02,R30,PADD 3,NUC,Curacao,0.0,0.0
2023-02,R30,PADD 3,NVC,Saint Vincent and the Grenadines,0.0,0.0
2023-02,R30,PADD 3,NVQ,Virgin Islands,122.0,4.0
2023-02,R30,PADD 3,Z00,,3800.0,136.0
2023-02,R50,PADD 5,NCA,Canada,250.0,9.0
2023-02,R50,PADD 5,NCI,Chile,300.0,11.0
2023-02,R50,PADD 5,NMX,Mexico,288.0,10.0
2023-02,R50,PADD 5,Z00,,838.0,30.0
2023-03,NUS,U.S.,NAA,Aruba,75.0,2.0
2023-03,NUS,U.S.,NAC,Antigua and Barbuda,25.0,1.0
2023-03,NUS,U.S.,NBF,Bahama Islands,45.0,1.0
2023-03,NUS,U.S.,NBH,Belize,10.0,0.0
2023-03,NUS,U.S.,NCA,Canada,1011.0,33.0
2023-03,NUS,U.S.,NCI,Chile,629.0,20.0
2023-03,NUS,U.S.,NCJ,Cayman Islands,40.0,1.0
2023-03,NUS,U.S.,NCS,Costa Rica,332.0,11.0
2023-03,NUS,U.S.,NDR,Dominican Republic,431.0,14.0
2023-03,NUS,U.S.,NES,El Salvador,134.0,4.0
2023-03,NUS,U.S.,NGT,Guatemala,150.0,5.0
2023-03,NUS,U.S.,NHO,Honduras,36.0,1.0
2023-03,NUS,U.S.,NIN,India,0.0,0.0
2023-03,NUS,U.S.,NJM,Jamaica,160.0,5.0
2023-03,NUS,U.S.,NMX,Mexico,1635.0,53.0
2023-03,NUS,U.S.,NNU,Nicaragua,0.0,0.0
2023-03,NUS,U.S.,NPE,Peru,140.0,5.0
2023-03,NUS,U.S.,NPM,Panama,606.0,20.0
2023-03,NUS,U.S.,NPZ,Puerto Rico,131.0,4.0
2023-03,NUS,U.S.,NTK,Turks and Caicos Islands,27.0,1.0
2023-03,NUS,U.S.,NUK,United Kingdom,0.0,0.0
2023-03,NUS,U.S.,NVQ,Virgin Islands,414.0,13.0
2023-03,NUS,U.S.,Z00,,6028.0,194.0
2023-03,R10,PADD 1,NBF,Bahama Islands,8.0,0.0
2023-03,R10,PADD 1,NCA,Canada,0.0,0.0
2023-03,R10,PADD 1,NGT,Guatemala,1.0,0.0
2023-03,R10,PADD 1,NIN,India,0.0,0.0
2023-03,R10,PADD 1,NNU,Nicaragua,0.0,0.0
2023-03,R10,PADD 1,NPZ,Puerto Rico,1.0,0.0
2023-03,R10,PADD 1,NTK,Turks and Caicos Islands,27.0,1.0
2023-03,R10,PADD 1,NUK,United Kingdom,0.0,0.0
2023-03,R10,PADD 1,Z00,,36.0,1.0
2023-03,R20,PADD 2,NCA,Canada,27.0,1.0
2023-03,R20,PADD 2,Z00,,27.0,1.0
2023-03,R30,PADD 3,NAA,Aruba,75.0,2.0
2023-03,R30,PADD 3,NAC,Antigua and Barbuda,25.0,1.0
2023-03,R30,PADD 3,NBF,Bahama Islands,37.0,1.0
2023-03,R30,PADD 3,NBH,Belize,10.0,0.0
2023-03,R30,PADD 3,NCA,Canada,614.0,20.0
2023-03,R30,PADD 3,NCI,Chile,629.0,20.0
2023-03,R30,PADD 3,NCJ,Cayman Islands,40.0,1.0
2023-03,R30,PADD 3,NCS,Costa Rica,332.0,11.0
2023-03,R30,PADD 3,NDR,Dominican Republic,431.0,14.0
2023-03,R30,PADD 3,NES,El Salvador,134.0,4.0
2023-03,R30,PADD 3,NGT,Guatemala,149.0,5.0
2023-03,R30,PADD 3,NHO,Honduras,36.0,1.0
2023-03,R30,PADD 3,NJM,Jamaica,160.0,5.0
2023-03,R30,PADD 3,NMX,Mexico,1241.0,40.0
2023-03,R30,PADD 3,NPE,Peru,140.0,5.0
2023-03,R30,PADD 3,NPM,Panama,516.0,17.0
2023-03,R30,PADD 3,NPZ,Puerto Rico,130.0,4.0
2023-03,R30,PADD 3,NVQ,Virgin Islands,414.0,13.0
2023-03,R30,PADD 3,Z00,,5112.0,165.0
2023-03,R50,PADD 5,NCA,Canada,370.0,12.0
2023-03,R50,PADD 5,NMX,Mexico,393.0,13.0
2023-03,R50,PADD 5,NPM,Panama,90.0,3.0
2023-03,R50,PADD 5,Z00,,853.0,28.0
2023-04,NUS,U.S.,NAA,Aruba,80.0,3.0
2023-04,NUS,U.S.,NBF,Bahama Islands,69.0,2.0
2023-04,NUS,U.S.,NBH,Belize,26.0,1.0
2023-04,NUS,U.S.,NCA,Canada,520.0,17.0
2023-04,NUS,U.S.,NCI,Chile,182.0,6.0
2023-04,NUS,U.S.,NCJ,Cayman Islands,329.0,11.0
2023-04,NUS,U.S.,NCS,Costa Rica,169.0,6.0
2023-04,NUS,U.S.,NDR,Dominican Republic,99.0,3.0
2023-04,NUS,U.S.,NES,El Salvador,25.0,1.0
2023-04,NUS,U.S.,NGT,Guatemala,132.0,4.0
2023-04,NUS,U.S.,NHO,Honduras,64.0,2.0
2023-04,NUS,U.S.,NIN,India,0.0,0.0
2023-04,NUS,U.S.,NJM,Jamaica,100.0,3.0
2023-04,NUS,U.S.,NKS,Korea,0.0,0.0
2023-04,NUS,U.S.,NMX,Mexico,1177.0,39.0
2023-04,NUS,U.S.,NNU,Nicaragua,38.0,1.0
2023-04,NUS,U.S.,NPE,Peru,166.0,6.0
2023-04,NUS,U.S.,NPM,Panama,444.0,15.0
2023-04,NUS,U.S.,NTD,Trinidad and Tobago,130.0,4.0
2023-04,NUS,U.S.,NTK,Turks and Caicos Islands,17.0,1.0
2023-04,NUS,U.S.,NVQ,Virgin Islands,66.0,2.0
2023-04,NUS,U.S.,Z00,,3834.0,128.0
2023-04,R10,PADD 1,NBF,Bahama Islands,9.0,0.0
2023-04,R10,PADD 1,NCA,Canada,1.0,0.0
2023-04,R10,PADD 1,NIN,India,0.0,0.0
2023-04,R10,PADD 1,NNU,Nicaragua,0.0,0.0
2023-04,R10,PADD 1,NPM,Panama,0.0,0.0
2023-04,R10,PADD 1,NTK,Turks and Caicos Islands,17.0,1.0
2023-04,R10,PADD 1,Z00,,27.0,1.0
2023-04,R20,PADD 2,NCA,Canada,28.0,1.0
2023-04,R20,PADD 2,Z00,,28.0,1.0
2023-04,R30,PADD 3,NAA,Aruba,80.0,3.0
2023-04,R30,PADD 3,NBF,Bahama Islands,60.0,2.0
2023-04,R30,PADD 3,NBH,Belize,26.0,1.0
2023-04,R30,PADD 3,NCA,Canada,269.0,9.0
2023-04,R30,PADD 3,NCI,Chile,182.0,6.0
2023-04,R30,PADD 3,NCJ,Cayman Islands,329.0,11.0
2023-04,R30,PADD 3,NCS,Costa Rica,169.0,6.0
2023-04,R30,PADD 3,NDR,Dominican Republic,99.0,3.0
2023-04,R30,PADD 3,NES,El Salvador,25.0,1.0
2023-04,R30,PADD 3,NGT,Guatemala,82.0,3.0
2023-04,R30,PADD 3,NHO,Honduras,64.0,2.0
2023-04,R30,PADD 3,NJM,Jamaica,100.0,3.0
2023-04,R30,PADD 3,NMX,Mexico,1038.0,35.0
2023-04,R30,PADD 3,NNU,Nicaragua,38.0,1.0
2023-04,R30,PADD 3,NPE,Peru,166.0,6.0
2023-04,R30,PADD 3,NPM,Panama,363.0,12.0
2023-04,R30,PADD 3,NTD,Trinidad and Tobago,130.0,4.0
2023-04,R30,PADD 3,NVQ,Virgin Islands,66.0,2.0
2023-04,R30,PADD 3,Z00,,3286.0,110.0
2023-04,R50,PADD 5,NCA,Canada,222.0,7.0
2023-04,R50,PADD 5,NGT,Guatemala,50.0,2.0
2023-04,R50,PADD 5,NKS,Korea,0.0,0.0
2023-04,R50,PADD 5,NMX,Mexico,139.0,5.0
2023-04,R50,PADD 5,NPM,Panama,81.0,3.0
2023-04,R50,PADD 5,Z00,,492.0,16.0
2023-05,NUS,U.S.,NAR,Argentina,19.0,1.0
2023-05,NUS,U.S.,NBA,Bahrain,0.0,0.0
2023-05,NUS,U.S.,NBF,Bahama Islands,89.0,3.0
2023-05,NUS,U.S.,NBH,Belize,10.0,0.0
2023-05,NUS,U.S.,NCA,Canada,559.0,18.0
2023-05,NUS,U.S.,NCH,China,0.0,0.0
2023-05,NUS,U.S.,NCI,Chile,371.0,12.0
2023-05,NUS,U.S.,NCJ,Cayman Islands,7.0,0.0
2023-05,NUS,U.S.,NCS,Costa Rica,123.0,4.0
2023-05,NUS,U.S.,NDR,Dominican Republic,140.0,5.0
2023-05,NUS,U.S.,NES,El Salvador,82.0,3.0
2023-05,NUS,U.S.,NFM,Federated States of Micronesia,0.0,0.0
2023-05,NUS,U.S.,NFR,France,275.0,9.0
2023-05,NUS,U.S.,NGT,Guatemala,85.0,3.0
2023-05,NUS,U.S.,NHO,Honduras,30.0,1.0
2023-05,NUS,U.S.,NIN,India,0.0,0.0
2023-05,NUS,U.S.,NIS,Israel,333.0,11.0
2023-05,NUS,U.S.,NJM,Jamaica,97.0,3.0
2023-05,NUS,U.S.,NMX,Mexico,449.0,14.0
2023-05,NUS,U.S.,NNU,Nicaragua,0.0,0.0
2023-05,NUS,U.S.,NPE,Peru,355.0,11.0
2023-05,NUS,U.S.,NPM,Panama,444.0,14.0
2023-05,NUS,U.S.,NPZ,Puerto Rico,1.0,0.0
2023-05,NUS,U.S.,NSP,Spain,0.0,0.0
2023-05,NUS,U.S.,NSW,Sweden,291.0,9.0
2023-05,NUS,U.S.,NTK,Turks and Caicos Islands,13.0,0.0
2023-05,NUS,U.S.,NUC,Curacao,231.0,7.0
2023-05,NUS,U.S.,Z00,,4005.0,129.0
2023-05,R10,PADD 1,NBA,Bahrain,0.0,0.0
2023-05,R10,PADD 1,NBF,Bahama Islands,7.0,0.0
2023-05,R10,PADD 1,NCA,Canada,0.0,0.0
2023-05,R10,PADD 1,NIN,India,0.0,0.0
2023-05,R10,PADD 1,NNU,Nicaragua,0.0,0.0
2023-05,R10,PADD 1,NPZ,Puerto Rico,1.0,0.0
2023-05,R10,PADD 1,NTK,Turks and Caicos Islands,13.0,0.0
2023-05,R10,PADD 1,Z00,,21.0,1.0
2023-05,R20,PADD 2,NCA,Canada,34.0,1.0
2023-05,R20,PADD 2,Z00,,34.0,1.0
2023-05,R30,PADD 3,NAR,Argentina,19.0,1.0
2023-05,R30,PADD 3,NBF,Bahama Islands,82.0,3.0
2023-05,R30,PADD 3,NBH,Belize,10.0,0.0
2023-05,R30,PADD 3,NCA,Canada,283.0,9.0
2023-05,R30,PADD 3,NCI,Chile,371.0,12.0
2023-05,R30,PADD 3,NCJ,Cayman Islands,7.0,0.0
2023-05,R30,PADD 3,NCS,Costa Rica,123.0,4.0
2023-05,R30,PADD 3,NDR,Dominican Republic,140.0,5.0
2023-05,R30,PADD 3,NES,El Salvador,32.0,1.0
2023-05,R30,PADD 3,NFR,France,275.0,9.0
2023-05,R30,PADD 3,NGT,Guatemala,60.0,2.0
2023-05,R30,PADD 3,NHO,Honduras,30.0,1.0
2023-05,R30,PADD 3,NIS,Israel,333.0,11.0
2023-05,R30,PADD 3,NJM,Jamaica,97.0,3.0
2023-05,R30,PADD 3,NMX,Mexico,292.0,9.0
2023-05,R30,PADD 3,NPE,Peru,355.0,11.0
2023-05,R30,PADD 3,NPM,Panama,444.0,14.0
2023-05,R30,PADD 3,NSP,Spain,0.0,0.0
2023-05,R30,PADD 3,NSW,Sweden,291.0,9.0
2023-05,R30,PADD 3,NUC,Curacao,231.0,7.0
2023-05,R30,PADD 3,Z00,,3477.0,112.0
2023-05,R50,PADD 5,NCA,Canada,241.0,8.0
2023-05,R50,PADD 5,NCH,China,0.0,0.0
2023-05,R50,PADD 5,NES,El Salvador,50.0,2.0
2023-05,R50,PADD 5,NFM,Federated States of Micronesia,0.0,0.0
2023-05,R50,PADD 5,NGT,Guatemala,25.0,1.0
2023-05,R50,PADD 5,NMX,Mexico,157.0,5.0
2023-05,R50,PADD 5,Z00,,473.0,15.0
2023-06,NUS,U.S.,NAA,Aruba,75.0,3.0
2023-06,NUS,U.S.,NAC,Antigua and Barbuda,20.0,1.0
2023-06,NUS,U.S.,NBF,Bahama Islands,86.0,3.0
2023-06,NUS,U.S.,NBH,Belize,10.0,0.0
2023-06,NUS,U.S.,NCA,Canada,1186.0,40.0
2023-06,NUS,U.S.,NCH,China,0.0,0.0
2023-06,NUS,U.S.,NCI,Chile,291.0,10.0
2023-06,NUS,U.S.,NCJ,Cayman Islands,6.0,0.0
2023-06,NUS,U.S.,NCS,Costa Rica,174.0,6.0
2023-06,NUS,U.S.,NDR,Dominican Republic,224.0,7.0
2023-06,NUS,U.S.,NES,El Salvador,189.0,6.0
2023-06,NUS,U.S.,NFR,France,0.0,0.0
2023-06,NUS,U.S.,NGT,Guatemala,58.0,2.0
2023-06,NUS,U.S.,NHO,Honduras,62.0,2.0
2023-06,NUS,U.S.,NIN,India,0.0,0.0
2023-06,NUS,U.S.,NJM,Jamaica,84.0,3.0
2023-06,NUS,U.S.,NMX,Mexico,1240.0,41.0
2023-06,NUS,U.S.,NNU,Nicaragua,0.0,0.0
2023-06,NUS,U.S.,NPA,Paraguay,0.0,0.0
2023-06,NUS,U.S.,NPE,Peru,153.0,5.0
2023-06,NUS,U.S.,NPM,Panama,434.0,14.0
2023-06,NUS,U.S.,NPZ,Puerto Rico,250.0,8.0
2023-06,NUS,U.S.,NTK,Turks and Caicos Islands,9.0,0.0
2023-06,NUS,U.S.,NVQ,Virgin Islands,325.0,11.0
2023-06,NUS,U.S.,Z00,,4879.0,163.0
2023-06,R10,PADD 1,NBF,Bahama Islands,8.0,0.0
2023-06,R10,PADD 1,NCA,Canada,442.0,15.0
2023-06,R10,PADD 1,NCS,Costa Rica,0.0,0.0
2023-06,R10,PADD 1,NDR,Dominican Republic,1.0,0.0
2023-06,R10,PADD 1,NIN,India,0.0,0.0
2023-06,R10,PADD 1,NNU,Nicaragua,0.0,0.0
2023-06,R10,PADD 1,NPA,Paraguay,0.0,0.0
2023-06,R10,PADD 1,NPZ,Puerto Rico,1.0,0.0
2023-06,R10,PADD 1,NTK,Turks and Caicos Islands,9.0,0.0
2023-06,R10,PADD 1,Z00,,461.0,15.0
2023-06,R20,PADD 2,NCA,Canada,44.0,1.0
2023-06,R20,PADD 2,Z00,,44.0,1.0
2023-06,R30,PADD 3,NAA,Aruba,75.0,3.0
2023-06,R30,PADD 3,NAC,Antigua and Barbuda,20.0,1.0
2023-06,R30,PADD 3,NBF,Bahama Islands,79.0,3.0
2023-06,R30,PADD 3,NBH,Belize,10.0,0.0
2023-06,R30,PADD 3,NCA,Canada,439.0,15.0
2023-06,R30,PADD 3,NCI,Chile,291.0,10.0
2023-06,R30,PADD 3,NCJ,Cayman Islands,6.0,0.0
2023-06,R30,PADD 3,NCS,Costa Rica,174.0,6.0
2023-06,R30,PADD 3,NDR,Dominican Republic,224.0,7.0
2023-06,R30,PADD 3,NES,El Salvador,39.0,1.0
2023-06,R30,PADD 3,NFR,France,0.0,0.0
2023-06,R30,PADD 3,NGT,Guatemala,58.0,2.0
2023-06,R30,PADD 3,NHO,Honduras,62.0,2.0
2023-06,R30,PADD 3,NJM,Jamaica,84.0,3.0
2023-06,R30,PADD 3,NMX,Mexico,1030.0,34.0
2023-06,R30,PADD 3,NPE,Peru,153.0,5.0
2023-06,R30,PADD 3,NPM,Panama,434.0,14.0
2023-06,R30,PADD 3,NPZ,Puerto Rico,250.0,8.0
2023-06,R30,PADD 3,NVQ,Virgin Islands,325.0,11.0
2023-06,R30,PADD 3,Z00,,3752.0,125.0
2023-06,R50,PADD 5,NCA,Canada,261.0,9.0
2023-06,R50,PADD 5,NCH,China,0.0,0.0
2023-06,R50,PADD 5,NES,El Salvador,150.0,5.0
2023-06,R50,PADD 5,NMX,Mexico,209.0,7.0
2023-06,R50,PADD 5,Z00,,621.0,21.0
2023-07,NUS,U.S.,NAA,Aruba,83.0,3.0
2023-07,NUS,U.S.,NBF,Bahama Islands,87.0,3.0
2023-07,NUS,U.S.,NBH,Belize,20.0,1.0
2023-07,NUS,U.S.,NCA,Canada,675.0,22.0
2023-07,NUS,U.S.,NCI,Chile,150.0,5.0
2023-07,NUS,U.S.,NCJ,Cayman Islands,6.0,0.0
2023-07,NUS,U.S.,NCS,Costa Rica,168.0,5.0
2023-07,NUS,U.S.,NDR,Dominican Republic,130.0,4.0
2023-07,NUS,U.S.,NES,El Salvador,79.0,3.0
2023-07,NUS,U.S.,NGT,Guatemala,91.0,3.0
2023-07,NUS,U.S.,NHO,Honduras,45.0,1.0
2023-07,NUS,U.S.,NIS,Israel,333.0,11.0
2023-07,NUS,U.S.,NJM,Jamaica,100.0,3.0
2023-07,NUS,U.S.,NMX,Mexico,1836.0,59.0
2023-07,NUS,U.S.,NNU,Nicaragua,0.0,0.0
2023-07,NUS,U.S.,NPE,Peru,326.0,11.0
2023-07,NUS,U.S.,NPM,Panama,426.0,14.0
2023-07,NUS,U.S.,NTK,Turks and Caicos Islands,10.0,0.0
2023-07,NUS,U.S.,NUY,Uruguay,0.0,0.0
2023-07,NUS,U.S.,NVQ,Virgin Islands,100.0,3.0
2023-07,NUS,U.S.,Z00,,4665.0,150.0
2023-07,R10,PADD 1,NBF,Bahama Islands,7.0,0.0
2023-07,R10,PADD 1,NCA,Canada,3.0,0.0
2023-07,R10,PADD 1,NDR,Dominican Republic,2.0,0.0
2023-07,R10,PADD 1,NES,El Salvador,0.0,0.0
2023-07,R10,PADD 1,NNU,Nicaragua,0.0,0.0
2023-07,R10,PADD 1,NTK,Turks and Caicos Islands,10.0,0.0
2023-07,R10,PADD 1,NUY,Uruguay,0.0,0.0
2023-07,R10,PADD 1,Z00,,22.0,1.0
2023-07,R20,PADD 2,NCA,Canada,64.0,2.0
2023-07,R20,PADD 2,Z00,,64.0,2.0
2023-07,R30,PADD 3,NAA,Aruba,83.0,3.0
2023-07,R30,PADD 3,NBF,Bahama Islands,80.0,3.0
2023-07,R30,PADD 3,NBH,Belize,20.0,1.0
2023-07,R30,PADD 3,NCA,Canada,320.0,10.0
2023-07,R30,PADD 3,NCI,Chile,150.0,5.0
2023-07,R30,PADD 3,NCJ,Cayman Islands,6.0,0.0
2023-07,R30,PADD 3,NCS,Costa Rica,168.0,5.0
2023-07,R30,PADD 3,NDR,Dominican Republic,128.0,4.0
2023-07,R30,PADD 3,NES,El Salvador,41.0,1.0
2023-07,R30,PADD 3,NGT,Guatemala,53.0,2.0
2023-07,R30,PADD 3,NHO,Honduras,45.0,1.0
2023-07,R30,PADD 3,NIS,Israel,333.0,11.0
2023-07,R30,PADD 3,NJM,Jamaica,100.0,3.0
2023-07,R30,PADD 3,NMX,Mexico,1665.0,54.0
2023-07,R30,PADD 3,NPE,Peru,326.0,11.0
2023-07,R30,PADD 3,NPM,Panama,426.0,14.0
2023-07,R30,PADD 3,NVQ,Virgin Islands,100.0,3.0
2023-07,R30,PADD 3,Z00,,4045.0,130.0
2023-07,R50,PADD 5,NCA,Canada,288.0,9.0
2023-07,R50,PADD 5,NES,El Salvador,38.0,1.0
2023-07,R50,PADD 5,NGT,Guatemala,38.0,1.0
2023-07,R50,PADD 5,NMX,Mexico,171.0,6.0
2023-07,R50,PADD 5,Z00,,534.0,17.0
2023-08,NUS,U.S.,NAA,Aruba,65.0,2.0
2023-08,NUS,U.S.,NAC,Antigua and Barbuda,50.0,2.0
2023-08,NUS,U.S.,NBF,Bahama Islands,108.0,3.0
2023-08,NUS,U.S.,NBH,Belize,20.0,1.0
2023-08,NUS,U.S.,NCA,Canada,1785.0,58.0
2023-08,NUS,U.S.,NCH,China,0.0,0.0
2023-08,NUS,U.S.,NCI,Chile,91.0,3.0
2023-08,NUS,U.S.,NCJ,Cayman Islands,19.0,1.0
2023-08,NUS,U.S.,NCO,Colombia,0.0,0.0
2023-08,NUS,U.S.,NCS,Costa Rica,211.0,7.0
2023-08,NUS,U.S.,NDR,Dominican Republic,98.0,3.0
2023-08,NUS,U.S.,NES,El Salvador,158.0,5.0
2023-08,NUS,U.S.,NGT,Guatemala,114.0,4.0
2023-08,NUS,U.S.,NHA,Haiti,6.0,0.0
2023-08,NUS,U.S.,NHO,Honduras,76.0,2.0
2023-08,NUS,U.S.,NIN,India,0.0,0.0
2023-08,NUS,U.S.,NJA,Japan,0.0,0.0
2023-08,NUS,U.S.,NJM,Jamaica,159.0,5.0
2023-08,NUS,U.S.,NKS,Korea,1.0,0.0
2023-08,NUS,U.S.,NMX,Mexico,2379.0,77.0
2023-08,NUS,U.S.,NNZ,New Zealand,0.0,0.0
2023-08,NUS,U.S.,NPE,Peru,140.0,5.0
2023-08,NUS,U.S.,NPL,Poland,1.0,0.0
2023-08,NUS,U.S.,NPM,Panama,491.0,16.0
2023-08,NUS,U.S.,NTD,Trinidad and Tobago,230.0,7.0
2023-08,NUS,U.S.,NTK,Turks and Caicos Islands,9.0,0.0
2023-08,NUS,U.S.,NUC,Curacao,80.0,3.0
2023-08,NUS,U.S.,NVQ,Virgin Islands,205.0,7.0
2023-08,NUS,U.S.,Z00,,6495.0,210.0
2023-08,R10,PADD 1,NBF,Bahama Islands,2.0,0.0
2023-08,R10,PADD 1,NCA,Canada,0.0,0.0
2023-08,R10,PADD 1,NCO,Colombia,0.0,0.0
2023-08,R10,PADD 1,NDR,Dominican Republic,1.0,0.0
2023-08,R10,PADD 1,NIN,India,0.0,0.0
2023-08,R10,PADD 1,NNZ,New Zealand,0.0,0.0
2023-08,R10,PADD 1,NPL,Poland,1.0,0.0
2023-08,R10,PADD 1,NPM,Panama,0.0,0.0
2023-08,R10,PADD 1,NTK,Turks and Caicos Islands,9.0,0.0
2023-08,R10,PADD 1,Z00,,14.0,0.0
2023-08,R20,PADD 2,NCA,Canada,88.0,3.0
2023-08,R20,PADD 2,Z00,,88.0,3.0
2023-08,R30,PADD 3,NAA,Aruba,65.0,2.0
2023-08,R30,PADD 3,NAC,Antigua and Barbuda,50.0,2.0
2023-08,R30,PADD 3,NBF,Bahama Islands,105.0,3.0
2023-08,R30,PADD 3,NBH,Belize,20.0,1.0
2023-08,R30,PADD 3,NCA,Canada,1392.0,45.0
2023-08,R30,PADD 3,NCI,Chile,51.0,2.0
2023-08,R30,PADD 3,NCJ,Cayman Islands,19.0,1.0
2023-08,R30,PADD 3,NCS,Costa Rica,211.0,7.0
2023-08,R30,PADD 3,NDR,Dominican Republic,97.0,3.0
2023-08,R30,PADD 3,NES,El Salvador,83.0,3.0
2023-08,R30,PADD 3,NGT,Guatemala,114.0,4.0
2023-08,R30,PADD 3,NHA,Haiti,6.0,0.0
2023-08,R30,PADD 3,NHO,Honduras,76.0,2.0
2023-08,R30,PADD 3,NJM,Jamaica,159.0,5.0
2023-08,R30,PADD 3,NMX,Mexico,1848.0,60.0
2023-08,R30,PADD 3,NPE,Peru,140.0,5.0
2023-08,R30,PADD 3,NPM,Panama,491.0,16.0
2023-08,R30,PADD 3,NTD,Trinidad and Tobago,230.0,7.0
2023-08,R30,PADD 3,NUC,Curacao,80.0,3.0
2023-08,R30,PADD 3,NVQ,Virgin Islands,205.0,7.0
2023-08,R30,PADD 3,Z00,,5442.0,176.0
2023-08,R40,PADD 4,NCA,Canada,0.0,0.0
2023-08,R40,PADD 4,Z00,,0.0,0.0
2023-08,R50,PADD 5,NCA,Canada,304.0,10.0
2023-08,R50,PADD 5,NCH,China,0.0,0.0
2023-08,R50,PADD 5,NCI,Chile,40.0,1.0
2023-08,R50,PADD 5,NES,El Salvador,75.0,2.0
2023-08,R50,PADD 5,NJA,Japan,0.0,0.0
2023-08,R50,PADD 5,NKS,Korea,1.0,0.0
2023-08,R50,PADD 5,NMX,Mexico,531.0,17.0
2023-08,R50,PADD 5,Z00,,951.0,31.0
2023-09,NUS,U.S.,NAC,Antigua and Barbuda,50.0,2.0
2023-09,NUS,U.S.,NAR,Argentina,94.0,3.0
2023-09,NUS,U.S.,NBF,Bahama Islands,86.0,3.0
2023-09,NUS,U.S.,NBH,Belize,15.0,1.0
2023-09,NUS,U.S.,NCA,Canada,856.0,29.0
2023-09,NUS,U.S.,NCI,Chile,1.0,0.0
2023-09,NUS,U.S.,NCJ,Cayman Islands,6.0,0.0
2023-09,NUS,U.S.,NCS,Costa Rica,133.0,4.0
2023-09,NUS,U.S.,NDR,Dominican Republic,243.0,8.0
2023-09,NUS,U.S.,NES,El Salvador,151.0,5.0
2023-09,NUS,U.S.,NGT,Guatemala,70.0,2.0
2023-09,NUS,U.S.,NHO,Honduras,41.0,1.0
2023-09,NUS,U.S.,NIS,Israel,333.0,11.0
2023-09,NUS,U.S.,NJA,Japan,1.0,0.0
2023-09,NUS,U.S.,NJM,Jamaica,75.0,3.0
2023-09,NUS,U.S.,NMX,Mexico,1299.0,43.0
2023-09,NUS,U.S.,NNU,Nicaragua,0.0,0.0
2023-09,NUS,U.S.,NPE,Peru,223.0,7.0
2023-09,NUS,U.S.,NPM,Panama,426.0,14.0
2023-09,NUS,U.S.,NPZ,Puerto Rico,1.0,0.0
2023-09,NUS,U.S.,NSA,Saudi Arabia,1.0,0.0
2023-09,NUS,U.S.,NTD,Trinidad and Tobago,0.0,0.0
2023-09,NUS,U.S.,NTK,Turks and Caicos Islands,2.0,0.0
2023-09,NUS,U.S.,NVQ,Virgin Islands,78.0,3.0
2023-09,NUS,U.S.,Z00,,4185.0,139.0
2023-09,R10,PADD 1,NBF,Bahama Islands,1.0,0.0
2023-09,R10,PADD 1,NCA,Canada,2.0,0.0
2023-09,R10,PADD 1,NDR,Dominican Republic,3.0,0.0
2023-09,R10,PADD 1,NNU,Nicaragua,0.0,0.0
2023-09,R10,PADD 1,NPM,Panama,0.0,0.0
2023-09,R10,PADD 1,NPZ,Puerto Rico,1.0,0.0
2023-09,R10,PADD 1,NSA,Saudi Arabia,1.0,0.0
2023-09,R10,PADD 1,NTD,Trinidad and Tobago,0.0,0.0
2023-09,R10,PADD 1,NTK,Turks and Caicos Islands,2.0,0.0
2023-09,R10,PADD 1,Z00,,9.0,0.0
2023-09,R20,PADD 2,NCA,Canada,83.0,3.0
2023-09,R20,PADD 2,Z00,,83.0,3.0
2023-09,R30,PADD 3,NAC,Antigua and Barbuda,50.0,2.0
2023-09,R30,PADD 3,NAR,Argentina,94.0,3.0
2023-09,R30,PADD 3,NBF,Bahama Islands,85.0,3.0
2023-09,R30,PADD 3,NBH,Belize,15.0,1.0
2023-09,R30,PADD 3,NCA,Canada,472.0,16.0
2023-09,R30,PADD 3,NCI,Chile,1.0,0.0
2023-09,R30,PADD 3,NCJ,Cayman Islands,6.0,0.0
2023-09,R30,PADD 3,NCS,Costa Rica,133.0,4.0
2023-09,R30,PADD 3,NDR,Dominican Republic,240.0,8.0
2023-09,R30,PADD 3,NES,El Salvador,31.0,1.0
2023-09,R30,PADD 3,NGT,Guatemala,70.0,2.0
2023-09,R30,PADD 3,NHO,Honduras,41.0,1.0
2023-09,R30,PADD 3,NIS,Israel,333.0,11.0
2023-09,R30,PADD 3,NJM,Jamaica,75.0,3.0
2023-09,R30,PADD 3,NMX,Mexico,953.0,32.0
2023-09,R30,PADD 3,NPE,Peru,223.0,7.0
2023-09,R30,PADD 3,NPM,Panama,426.0,14.0
2023-09,R30,PADD 3,NVQ,Virgin Islands,78.0,3.0
2023-09,R30,PADD 3,Z00,,3327.0,111.0
2023-09,R50,PADD 5,NCA,Canada,298.0,10.0
2023-09,R50,PADD 5,NES,El Salvador,120.0,4.0
2023-09,R50,PADD 5,NJA,Japan,1.0,0.0
2023-09,R50,PADD 5,NMX,Mexico,346.0,12.0
2023-09,R50,PADD 5,Z00,,765.0,26.0
2023-10,NUS,U.S.,NAA,Aruba,70.0,2.0
2023-10,NUS,U.S.,NBF,Bahama Islands,28.0,1.0
2023-10,NUS,U.S.,NBH,Belize,10.0,0.0
2023-10,NUS,U.S.,NCA,Canada,1168.0,38.0
2023-10,NUS,U.S.,NCI,Chile,54.0,2.0
2023-10,NUS,U.S.,NCJ,Cayman Islands,3.0,0.0
2023-10,NUS,U.S.,NCO,Colombia,0.0,0.0
2023-10,NUS,U.S.,NCS,Costa Rica,207.0,7.0
2023-10,NUS,U.S.,NDR,Dominican Republic,109.0,4.0
2023-10,NUS,U.S.,NEC,Ecuador,0.0,0.0
2023-10,NUS,U.S.,NES,El Salvador,28.0,1.0
2023-10,NUS,U.S.,NFR,France,0.0,0.0
2023-10,NUS,U.S.,NGT,Guatemala,49.0,2.0
2023-10,NUS,U.S.,NHA,Haiti,25.0,1.0
2023-10,NUS,U.S.,NHO,Honduras,35.0,1.0
2023-10,NUS,U.S.,NIN,India,0.0,0.0
2023-10,NUS,U.S.,NJA,Japan,0.0,0.0
2023-10,NUS,U.S.,NJM,Jamaica,100.0,3.0
2023-10,NUS,U.S.,NKS,Korea,0.0,0.0
2023-10,NUS,U.S.,NMX,Mexico,1489.0,48.0
2023-10,NUS,U.S.,NNU,Nicaragua,0.0,0.0
2023-10,NUS,U.S.,NPE,Peru,199.0,6.0
2023-10,NUS,U.S.,NPM,Panama,551.0,18.0
2023-10,NUS,U.S.,NPZ,Puerto Rico,175.0,6.0
2023-10,NUS,U.S.,NTK,Turks and Caicos Islands,8.0,0.0
2023-10,NUS,U.S.,NUC,Curacao,80.0,3.0
2023-10,NUS,U.S.,NVQ,Virgin Islands,150.0,5.0
2023-10,NUS,U.S.,NWS,Samoa,0.0,0.0
2023-10,NUS,U.S.,Z00,,4540.0,146.0
2023-10,R10,PADD 1,NBF,Bahama Islands,3.0,0.0
2023-10,R10,PADD 1,NCA,Canada,1.0,0.0
2023-10,R10,PADD 1,NCI,Chile,1.0,0.0
2023-10,R10,PADD 1,NCO,Colombia,0.0,0.0
2023-10,R10,PADD 1,NCS,Costa Rica,0.0,0.0
2023-10,R10,PADD 1,NEC,Ecuador,0.0,0.0
2023-10,R10,PADD 1,NIN,India,0.0,0.0
2023-10,R10,PADD 1,NNU,Nicaragua,0.0,0.0
2023-10,R10,PADD 1,NTK,Turks and Caicos Islands,8.0,0.0
2023-10,R10,PADD 1,Z00,,14.0,0.0
2023-10,R20,PADD 2,NCA,Canada,86.0,3.0
2023-10,R20,PADD 2,Z00,,86.0,3.0
2023-10,R30,PADD 3,NAA,Aruba,70.0,2.0
2023-10,R30,PADD 3,NBF,Bahama Islands,25.0,1.0
2023-10,R30,PADD 3,NBH,Belize,10.0,0.0
2023-10,R30,PADD 3,NCA,Canada,808.0,26.0
2023-10,R30,PADD 3,NCI,Chile,53.0,2.0
2023-10,R30,PADD 3,NCJ,Cayman Islands,3.0,0.0
2023-10,R30,PADD 3,NCS,Costa Rica,207.0,7.0
2023-10,R30,PADD 3,NDR,Dominican Republic,109.0,4.0
2023-10,R30,PADD 3,NES,El Salvador,28.0,1.0
2023-10,R30,PADD 3,NFR,France,0.0,0.0
2023-10,R30,PADD 3,NGT,Guatemala,49.0,2.0
2023-10,R30,PADD 3,NHA,Haiti,25.0,1.0
2023-10,R30,PADD 3,NHO,Honduras,35.0,1.0
2023-10,R30,PADD 3,NJM,Jamaica,100.0,3.0
2023-10,R30,PADD 3,NMX,Mexico,1090.0,35.0
2023-10,R30,PADD 3,NPE,Peru,199.0,6.0
2023-10,R30,PADD 3,NPM,Panama,551.0,18.0
2023-10,R30,PADD 3,NPZ,Puerto Rico,175.0,6.0
2023-10,R30,PADD 3,NUC,Curacao,80.0,3.0
2023-10,R30,PADD 3,NVQ,Virgin Islands,150.0,5.0
2023-10,R30,PADD 3,Z00,,3768.0,122.0
2023-10,R50,PADD 5,NCA,Canada,272.0,9.0
2023-10,R50,PADD 5,NJA,Japan,0.0,0.0
2023-10,R50,PADD 5,NKS,Korea,0.0,0.0
2023-10,R50,PADD 5,NMX,Mexico,399.0,13.0
2023-10,R50,PADD 5,NWS,Samoa,0.0,0.0
2023-10,R50,PADD 5,Z00,,672.0,22.0
2023-11,NUS,U.S.,NAC,Antigua and Barbuda,46.0,2.0
2023-11,NUS,U.S.,NBF,Bahama Islands,33.0,1.0
2023-11,NUS,U.S.,NBH,Belize,25.0,1.0
2023-11,NUS,U.S.,NCA,Canada,2035.0,68.0
2023-11,NUS,U.S.,NCH,China,0.0,0.0
2023-11,NUS,U.S.,NCI,Chile,26.0,1.0
2023-11,NUS,U.S.,NCS,Costa Rica,168.0,6.0
2023-11,NUS,U.S.,NDR,Dominican Republic,180.0,6.0
2023-11,NUS,U.S.,NES,El Salvador,161.0,5.0
2023-11,NUS,U.S.,NFR,France,306.0,10.0
2023-11,NUS,U.S.,NGM,Germany,0.0,0.0
2023-11,NUS,U.S.,NGT,Guatemala,106.0,4.0
2023-11,NUS,U.S.,NHO,Honduras,65.0,2.0
2023-11,NUS,U.S.,NIN,India,0.0,0.0
2023-11,NUS,U.S.,NIZ,Iraq,0.0,0.0
2023-11,NUS,U.S.,NJM,Jamaica,95.0,3.0
2023-11,NUS,U.S.,NKS,Korea,0.0,0.0
2023-11,NUS,U.S.,NLE,Lebanon,0.0,0.0
2023-11,NUS,U.S.,NMX,Mexico,1372.0,46.0
2023-11,NUS,U.S.,NNU,Nicaragua,0.0,0.0
2023-11,NUS,U.S.,NPE,Peru,263.0,9.0
2023-11,NUS,U.S.,NPM,Panama,520.0,17.0
2023-11,NUS,U.S.,NPZ,Puerto Rico,1.0,0.0
2023-11,NUS,U.S.,NTK,Turks and Caicos Islands,13.0,0.0
2023-11,NUS,U.S.,NUC,Curacao,80.0,3.0
2023-11,NUS,U.S.,NVE,Venezuela,0.0,0.0
2023-11,NUS,U.S.,NVQ,Virgin Islands,150.0,5.0
2023-11,NUS,U.S.,Z00,,5647.0,188.0
2023-11,R10,PADD 1,NBF,Bahama Islands,6.0,0.0
2023-11,R10,PADD 1,NCA,Canada,152.0,5.0
2023-11,R10,PADD 1,NIN,India,0.0,0.0
2023-11,R10,PADD 1,NPZ,Puerto Rico,1.0,0.0
2023-11,R10,PADD 1,NTK,Turks and Caicos Islands,13.0,0.0
2023-11,R10,PADD 1,NVE,Venezuela,0.0,0.0
2023-11,R10,PADD 1,Z00,,171.0,6.0
2023-11,R20,PADD 2,NCA,Canada,90.0,3.0
2023-11,R20,PADD 2,Z00,,90.0,3.0
2023-11,R30,PADD 3,NAC,Antigua and Barbuda,46.0,2.0
2023-11,R30,PADD 3,NBF,Bahama Islands,27.0,1.0
2023-11,R30,PADD 3,NBH,Belize,25.0,1.0
2023-11,R30,PADD 3,NCA,Canada,1587.0,53.0
2023-11,R30,PADD 3,NCH,China,0.0,0.0
2023-11,R30,PADD 3,NCI,Chile,26.0,1.0
2023-11,R30,PADD 3,NCS,Costa Rica,168.0,6.0
2023-11,R30,PADD 3,NDR,Dominican Republic,180.0,6.0
2023-11,R30,PADD 3,NES,El Salvador,44.0,1.0
2023-11,R30,PADD 3,NFR,France,306.0,10.0
2023-11,R30,PADD 3,NGT,Guatemala,106.0,4.0
2023-11,R30,PADD 3,NHO,Honduras,65.0,2.0
2023-11,R30,PADD 3,NJM,Jamaica,95.0,3.0
2023-11,R30,PADD 3,NLE,Lebanon,0.0,0.0
2023-11,R30,PADD 3,NMX,Mexico,962.0,32.0
2023-11,R30,PADD 3,NNU,Nicaragua,0.0,0.0
2023-11,R30,PADD 3,NPE,Peru,263.0,9.0
2023-11,R30,PADD 3,NPM,Panama,322.0,11.0
2023-11,R30,PADD 3,NUC,Curacao,80.0,3.0
2023-11,R30,PADD 3,NVQ,Virgin Islands,150.0,5.0
2023-11,R30,PADD 3,Z00,,4454.0,148.0
2023-11,R50,PADD 5,NCA,Canada,206.0,7.0
2023-11,R50,PADD 5,NES,El Salvador,117.0,4.0
2023-11,R50,PADD 5,NGM,Germany,0.0,0.0
2023-11,R50,PADD 5,NIZ,Iraq,0.0,0.0
2023-11,R50,PADD 5,NKS,Korea,0.0,0.0
2023-11,R50,PADD 5,NMX,Mexico,410.0,14.0
2023-11,R50,PADD 5,NPM,Panama,198.0,7.0
2023-11,R50,PADD 5,Z00,,932.0,31.0
2023-12,NUS,U.S.,NAA,Aruba,85.0,3.0
2023-12,NUS,U.S.,NAC,Antigua and Barbuda,60.0,2.0
2023-12,NUS,U.S.,NBF,Bahama Islands,45.0,1.0
2023-12,NUS,U.S.,NBR,Brazil,105.0,3.0
2023-12,NUS,U.S.,NCA,Canada,978.0,32.0
2023-12,NUS,U.S.,NCI,Chile,566.0,18.0
2023-12,NUS,U.S.,NCJ,Cayman Islands,8.0,0.0
2023-12,NUS,U.S.,NCS,Costa Rica,191.0,6.0
2023-12,NUS,U.S.,NDR,Dominican Republic,350.0,11.0
2023-12,NUS,U.S.,NES,El Salvador,167.0,5.0
2023-12,NUS,U.S.,NFR,France,320.0,10.0
2023-12,NUS,U.S.,NGT,Guatemala,77.0,2.0
2023-12,NUS,U.S.,NHO,Honduras,28.0,1.0
2023-12,NUS,U.S.,NIS,Israel,333.0,11.0
2023-12,NUS,U.S.,NJM,Jamaica,184.0,6.0
2023-12,NUS,U.S.,NJO,Jordan,0.0,0.0
2023-12,NUS,U.S.,NKU,Kuwait,0.0,0.0
2023-12,NUS,U.S.,NMX,Mexico,1894.0,61.0
2023-12,NUS,U.S.,NNO,Norway,0.0,0.0
2023-12,NUS,U.S.,NPE,Peru,166.0,5.0
2023-12,NUS,U.S.,NPM,Panama,542.0,17.0
2023-12,NUS,U.S.,NPZ,Puerto Rico,70.0,2.0
2023-12,NUS,U.S.,NSW,Sweden,293.0,9.0
2023-12,NUS,U.S.,NTD,Trinidad and Tobago,365.0,12.0
2023-12,NUS,U.S.,NTK,Turks and Caicos Islands,15.0,0.0
2023-12,NUS,U.S.,NUC,Curacao,120.0,4.0
2023-12,NUS,U.S.,NUK,United Kingdom,320.0,10.0
2023-12,NUS,U.S.,NVE,Venezuela,1.0,0.0
2023-12,NUS,U.S.,NVM,Vietnam,0.0,0.0
2023-12,NUS,U.S.,NVQ,Virgin Islands,537.0,17.0
2023-12,NUS,U.S.,NWS,Samoa,0.0,0.0
2023-12,NUS,U.S.,Z00,,7820.0,252.0
2023-12,R10,PADD 1,NBF,Bahama Islands,5.0,0.0
2023-12,R10,PADD 1,NCA,Canada,1.0,0.0
2023-12,R10,PADD 1,NDR,Dominican Republic,0.0,0.0
2023-12,R10,PADD 1,NIS,Israel,0.0,0.0
2023-12,R10,PADD 1,NKU,Kuwait,0.0,0.0
2023-12,R10,PADD 1,NTK,Turks and Caicos Islands,15.0,0.0
2023-12,R10,PADD 1,Z00,,21.0,1.0
2023-12,R20,PADD 2,NCA,Canada,110.0,4.0
2023-12,R20,PADD 2,NVM,Vietnam,0.0,0.0
2023-12,R20,PADD 2,Z00,,111.0,4.0
2023-12,R30,PADD 3,NAA,Aruba,85.0,3.0
2023-12,R30,PADD 3,NAC,Antigua and Barbuda,60.0,2.0
2023-12,R30,PADD 3,NBF,Bahama Islands,40.0,1.0
2023-12,R30,PADD 3,NBR,Brazil,105.0,3.0
2023-12,R30,PADD 3,NCA,Canada,657.0,21.0
2023-12,R30,PADD 3,NCI,Chile,566.0,18.0
2023-12,R30,PADD 3,NCJ,Cayman Islands,8.0,0.0
2023-12,R30,PADD 3,NCS,Costa Rica,191.0,6.0
2023-12,R30,PADD 3,NDR,Dominican Republic,350.0,11.0
2023-12,R30,PADD 3,NES,El Salvador,41.0,1.0
2023-12,R30,PADD 3,NFR,France,320.0,10.0
2023-12,R30,PADD 3,NGT,Guatemala,77.0,2.0
2023-12,R30,PADD 3,NHO,Honduras,28.0,1.0
2023-12,R30,PADD 3,NIS,Israel,333.0,11.0
2023-12,R30,PADD 3,NJM,Jamaica,184.0,6.0
2023-12,R30,PADD 3,NMX,Mexico,1622.0,52.0
2023-12,R30,PADD 3,NNO,Norway,0.0,0.0
2023-12,R30,PADD 3,NPE,Peru,166.0,5.0
2023-12,R30,PADD 3,NPM,Panama,542.0,17.0
2023-12,R30,PADD 3,NPZ,Puerto Rico,70.0,2.0
2023-12,R30,PADD 3,NSW,Sweden,293.0,9.0
2023-12,R30,PADD 3,NTD,Trinidad and Tobago,365.0,12.0
2023-12,R30,PADD 3,NUC,Curacao,120.0,4.0
2023-12,R30,PADD 3,NUK,United Kingdom,320.0,10.0
2023-12,R30,PADD 3,NVE,Venezuela,1.0,0.0
2023-12,R30,PADD 3,NVQ,Virgin Islands,537.0,17.0
2023-12,R30,PADD 3,Z00,,7081.0,228.0
2023-12,R50,PADD 5,NCA,Canada,209.0,7.0
2023-12,R50,PADD 5,NES,El Salvador,126.0,4.0
2023-12,R50,PADD 5,NJO,Jordan,0.0,0.0
2023-12,R50,PADD 5,NMX,Mexico,272.0,9.0
2023-12,R50,PADD 5,NWS,Samoa,0.0,0.0
2023-12,R50,PADD 5,Z00,,606.0,20.0
2024-01,NUS,U.S.,NAA,Aruba,80.0,3.0
2024-01,NUS,U.S.,NBF,Bahama Islands,83.0,3.0
2024-01,NUS,U.S.,NBH,Belize,15.0,0.0
2024-01,NUS,U.S.,NCA,Canada,1195.0,39.0
2024-01,NUS,U.S.,NCI,Chile,538.0,17.0
2024-01,NUS,U.S.,NCJ,Cayman Islands,10.0,0.0
2024-01,NUS,U.S.,NCS,Costa Rica,286.0,9.0
2024-01,NUS,U.S.,NDR,Dominican Republic,271.0,9.0
2024-01,NUS,U.S.,NES,El Salvador,205.0,7.0
2024-01,NUS,U.S.,NFR,France,44.0,1.0
2024-01,NUS,U.S.,NGT,Guatemala,120.0,4.0
2024-01,NUS,U.S.,NHA,Haiti,70.0,2.0
2024-01,NUS,U.S.,NHO,Honduras,100.0,3.0
2024-01,NUS,U.S.,NJM,Jamaica,80.0,3.0
2024-01,NUS,U.S.,NMX,Mexico,2105.0,68.0
2024-01,NUS,U.S.,NPE,Peru,140.0,5.0
2024-01,NUS,U.S.,NPM,Panama,628.0,20.0
2024-01,NUS,U.S.,NTC,United Arab Emirates,0.0,0.0
2024-01,NUS,U.S.,NTD,Trinidad and Tobago,230.0,7.0
2024-01,NUS,U.S.,NTK,Turks and Caicos Islands,15.0,0.0
2024-01,NUS,U.S.,NUC,Curacao,70.0,2.0
2024-01,NUS,U.S.,NVE,Venezuela,1.0,0.0
2024-01,NUS,U.S.,NVM,Vietnam,1.0,0.0
2024-01,NUS,U.S.,NVQ,Virgin Islands,368.0,12.0
2024-01,NUS,U.S.,Z00,,6656.0,215.0
2024-01,R10,PADD 1,NBF,Bahama Islands,6.0,0.0
2024-01,R10,PADD 1,NCA,Canada,3.0,0.0
2024-01,R10,PADD 1,NTK,Turks and Caicos Islands,15.0,0.0
2024-01,R10,PADD 1,Z00,,24.0,1.0
2024-01,R20,PADD 2,NCA,Canada,111.0,4.0
2024-01,R20,PADD 2,NTC,United Arab Emirates,0.0,0.0
2024-01,R20,PADD 2,NVM,Vietnam,1.0,0.0
2024-01,R20,PADD 2,Z00,,112.0,4.0
2024-01,R30,PADD 3,NAA,Aruba,80.0,3.0
2024-01,R30,PADD 3,NBF,Bahama Islands,77.0,2.0
2024-01,R30,PADD 3,NBH,Belize,15.0,0.0
2024-01,R30,PADD 3,NCA,Canada,826.0,27.0
2024-01,R30,PADD 3,NCI,Chile,75.0,2.0
2024-01,R30,PADD 3,NCJ,Cayman Islands,10.0,0.0
2024-01,R30,PADD 3,NCS,Costa Rica,286.0,9.0
2024-01,R30,PADD 3,NDR,Dominican Republic,271.0,9.0
2024-01,R30,PADD 3,NES,El Salvador,80.0,3.0
2024-01,R30,PADD 3,NGT,Guatemala,120.0,4.0
2024-01,R30,PADD 3,NHA,Haiti,70.0,2.0
2024-01,R30,PADD 3,NHO,Honduras,100.0,3.0
2024-01,R30,PADD 3,NJM,Jamaica,80.0,3.0
2024-01,R30,PADD 3,NMX,Mexico,1614.0,52.0
2024-01,R30,PADD 3,NPE,Peru,140.0,5.0
2024-01,R30,PADD 3,NPM,Panama,628.0,20.0
2024-01,R30,PADD 3,NTD,Trinidad and Tobago,230.0,7.0
2024-01,R30,PADD 3,NUC,Curacao,70.0,2.0
2024-01,R30,PADD 3,NVE,Venezuela,1.0,0.0
2024-01,R30,PADD 3,NVQ,Virgin Islands,368.0,12.0
2024-01,R30,PADD 3,Z00,,5140.0,166.0
2024-01,R50,PADD 5,NCA,Canada,255.0,8.0
2024-01,R50,PADD 5,NCI,Chile,463.0,15.0
2024-01,R50,PADD 5,NES,El Salvador,125.0,4.0
2024-01,R50,PADD 5,NFR,France,44.0,1.0
2024-01,R50,PADD 5,NMX,Mexico,492.0,16.0
2024-01,R50,PADD 5,Z00,,1379.0,44.0
2024-02,NUS,U.S.,NAA,Aruba,80.0,3.0
2024-02,NUS,U.S.,NBB,Barbados,0.0,0.0
2024-02,NUS,U.S.,NBE,Belgium,0.0,0.0
2024-02,NUS,U.S.,NBF,Bahama Islands,61.0,2.0
2024-02,NUS,U.S.,NBH,Belize,33.0,1.0
2024-02,NUS,U.S.,NCA,Canada,1422.0,49.0
2024-02,NUS,U.S.,NCH,China,0.0,0.0
2024-02,NUS,U.S.,NCI,Chile,265.0,9.0
2024-02,NUS,U.S.,NCJ,Cayman Islands,8.0,0.0
2024-02,NUS,U.S.,NCS,Costa Rica,297.0,10.0
2024-02,NUS,U.S.,NDR,Dominican Republic,334.0,12.0
2024-02,NUS,U.S.,NEC,Ecuador,0.0,0.0
2024-02,NUS,U.S.,NES,El Salvador,48.0,2.0
2024-02,NUS,U.S.,NFM,Federated States of Micronesia,0.0,0.0
2024-02,NUS,U.S.,NGT,Guatemala,81.0,3.0
2024-02,NUS,U.S.,NHO,Honduras,36.0,1.0
2024-02,NUS,U.S.,NIN,India,0.0,0.0
2024-02,NUS,U.S.,NIS,Israel,333.0,11.0
2024-02,NUS,U.S.,NJM,Jamaica,179.0,6.0
2024-02,NUS,U.S.,NKS,Korea,1.0,0.0
2024-02,NUS,U.S.,NMX,Mexico,2025.0,70.0
2024-02,NUS,U.S.,NNL,Netherlands,315.0,11.0
2024-02,NUS,U.S.,NNS,Suriname,0.0,0.0
2024-02,NUS,U.S.,NNU,Nicaragua,0.0,0.0
2024-02,NUS,U.S.,NPE,Peru,212.0,7.0
2024-02,NUS,U.S.,NPM,Panama,406.0,14.0
2024-02,NUS,U.S.,NPZ,Puerto Rico,1.0,0.0
2024-02,NUS,U.S.,NSA,Saudi Arabia,0.0,0.0
2024-02,NUS,U.S.,NST,Saint Lucia,74.0,3.0
2024-02,NUS,U.S.,NTD,Trinidad and Tobago,175.0,6.0
2024-02,NUS,U.S.,NTK,Turks and Caicos Islands,13.0,0.0
2024-02,NUS,U.S.,NTU,Turkiye,0.0,0.0
2024-02,NUS,U.S.,NUC,Curacao,74.0,3.0
2024-02,NUS,U.S.,NUK,United Kingdom,0.0,0.0
2024-02,NUS,U.S.,NVE,Venezuela,1.0,0.0
2024-02,NUS,U.S.,NVM,Vietnam,0.0,0.0
2024-02,NUS,U.S.,NVQ,Virgin Islands,201.0,7.0
2024-02,NUS,U.S.,Z00,,6676.0,230.0
2024-02,R10,PADD 1,NBB,Barbados,0.0,0.0
2024-02,R10,PADD 1,NBE,Belgium,0.0,0.0
2024-02,R10,PADD 1,NBF,Bahama Islands,6.0,0.0
2024-02,R10,PADD 1,NCA,Canada,161.0,6.0
2024-02,R10,PADD 1,NEC,Ecuador,0.0,0.0
2024-02,R10,PADD 1,NIN,India,0.0,0.0
2024-02,R10,PADD 1,NKS,Korea,1.0,0.0
2024-02,R10,PADD 1,NNS,Suriname,0.0,0.0
2024-02,R10,PADD 1,NNU,Nicaragua,0.0,0.0
2024-02,R10,PADD 1,NPM,Panama,0.0,0.0
2024-02,R10,PADD 1,NPZ,Puerto Rico,1.0,0.0
2024-02,R10,PADD 1,NSA,Saudi Arabia,0.0,0.0
2024-02,R10,PADD 1,NTK,Turks and Caicos Islands,13.0,0.0
2024-02,R10,PADD 1,NTU,Turkiye,0.0,0.0
2024-02,R10,PADD 1,Z00,,181.0,6.0
2024-02,R20,PADD 2,NCA,Canada,54.0,2.0
2024-02,R20,PADD 2,Z00,,54.0,2.0
2024-02,R30,PADD 3,NAA,Aruba,80.0,3.0
2024-02,R30,PADD 3,NBF,Bahama Islands,55.0,2.0
2024-02,R30,PADD 3,NBH,Belize,33.0,1.0
2024-02,R30,PADD 3,NCA,Canada,828.0,29.0
2024-02,R30,PADD 3,NCI,Chile,75.0,3.0
2024-02,R30,PADD 3,NCJ,Cayman Islands,8.0,0.0
2024-02,R30,PADD 3,NCS,Costa Rica,297.0,10.0
2024-02,R30,PADD 3,NDR,Dominican Republic,334.0,12.0
2024-02,R30,PADD 3,NES,El Salvador,48.0,2.0
2024-02,R30,PADD 3,NGT,Guatemala,81.0,3.0
2024-02,R30,PADD 3,NHO,Honduras,36.0,1.0
2024-02,R30,PADD 3,NIS,Israel,333.0,11.0
2024-02,R30,PADD 3,NJM,Jamaica,179.0,6.0
2024-02,R30,PADD 3,NMX,Mexico,1689.0,58.0
2024-02,R30,PADD 3,NNL,Netherlands,315.0,11.0
2024-02,R30,PADD 3,NPE,Peru,212.0,7.0
2024-02,R30,PADD 3,NPM,Panama,406.0,14.0
2024-02,R30,PADD 3,NST,Saint Lucia,74.0,3.0
2024-02,R30,PADD 3,NTD,Trinidad and Tobago,175.0,6.0
2024-02,R30,PADD 3,NUC,Curacao,74.0,3.0
2024-02,R30,PADD 3,NUK,United Kingdom,0.0,0.0
2024-02,R30,PADD 3,NVE,Venezuela,1.0,0.0
2024-02,R30,PADD 3,NVQ,Virgin Islands,201.0,7.0
2024-02,R30,PADD 3,Z00,,5535.0,191.0
2024-02,R50,PADD 5,NCA,Canada,379.0,13.0
2024-02,R50,PADD 5,NCH,China,0.0,0.0
2024-02,R50,PADD 5,NCI,Chile,190.0,7.0
2024-02,R50,PADD 5,NFM,Federated States of Micronesia,0.0,0.0
2024-02,R50,PADD 5,NKS,Korea,0.0,0.0
2024-02,R50,PADD 5,NMX,Mexico,336.0,12.0
2024-02,R50,PADD 5,NVM,Vietnam,0.0,0.0
2024-02,R50,PADD 5,Z00,,906.0,31.0
2024-03,NUS,U.S.,NAA,Aruba,95.0,3.0
2024-03,NUS,U.S.,NAC,Antigua and Barbuda,50.0,2.0
2024-03,NUS,U.S.,NAR,Argentina,100.0,3.0
2024-03,NUS,U.S.,NBF,Bahama Islands,57.0,2.0
2024-03,NUS,U.S.,NBH,Belize,15.0,0.0
2024-03,NUS,U.S.,NCA,Canada,992.0,32.0
2024-03,NUS,U.S.,NCI,Chile,586.0,19.0
2024-03,NUS,U.S.,NCJ,Cayman Islands,19.0,1.0
2024-03,NUS,U.S.,NCO,Colombia,0.0,0.0
2024-03,NUS,U.S.,NCS,Costa Rica,140.0,5.0
2024-03,NUS,U.S.,NDR,Dominican Republic,469.0,15.0
2024-03,NUS,U.S.,NES,El Salvador,201.0,6.0
2024-03,NUS,U.S.,NGT,Guatemala,70.0,2.0
2024-03,NUS,U.S.,NHO,Honduras,37.0,1.0
2024-03,NUS,U.S.,NIN,India,0.0,0.0
2024-03,NUS,U.S.,NJM,Jamaica,99.0,3.0
2024-03,NUS,U.S.,NKU,Kuwait,0.0,0.0
2024-03,NUS,U.S.,NMX,Mexico,1261.0,41.0
2024-03,NUS,U.S.,NNU,Nicaragua,0.0,0.0
2024-03,NUS,U.S.,NPE,Peru,197.0,6.0
2024-03,NUS,U.S.,NPM,Panama,608.0,20.0
2024-03,NUS,U.S.,NTK,Turks and Caicos Islands,13.0,0.0
2024-03,NUS,U.S.,NTS,Tunisia,0.0,0.0
2024-03,NUS,U.S.,NVE,Venezuela,0.0,0.0
2024-03,NUS,U.S.,NVQ,Virgin Islands,393.0,13.0
2024-03,NUS,U.S.,Z00,,5405.0,174.0
2024-03,R10,PADD 1,NBF,Bahama Islands,7.0,0.0
2024-03,R10,PADD 1,NCA,Canada,96.0,3.0
2024-03,R10,PADD 1,NCO,Colombia,0.0,0.0
2024-03,R10,PADD 1,NIN,India,0.0,0.0
2024-03,R10,PADD 1,NJM,Jamaica,0.0,0.0
2024-03,R10,PADD 1,NNU,Nicaragua,0.0,0.0
2024-03,R10,PADD 1,NTK,Turks and Caicos Islands,13.0,0.0
2024-03,R10,PADD 1,NTS,Tunisia,0.0,0.0
2024-03,R10,PADD 1,Z00,,117.0,4.0
2024-03,R20,PADD 2,NCA,Canada,59.0,2.0
2024-03,R20,PADD 2,Z00,,59.0,2.0
2024-03,R30,PADD 3,NAA,Aruba,95.0,3.0
2024-03,R30,PADD 3,NAC,Antigua and Barbuda,50.0,2.0
2024-03,R30,PADD 3,NBF,Bahama Islands,50.0,2.0
2024-03,R30,PADD 3,NBH,Belize,15.0,0.0
2024-03,R30,PADD 3,NCA,Canada,609.0,20.0
2024-03,R30,PADD 3,NCI,Chile,422.0,14.0
2024-03,R30,PADD 3,NCJ,Cayman Islands,19.0,1.0
2024-03,R30,PADD 3,NCS,Costa Rica,140.0,5.0
2024-03,R30,PADD 3,NDR,Dominican Republic,469.0,15.0
2024-03,R30,PADD 3,NES,El Salvador,76.0,2.0
2024-03,R30,PADD 3,NGT,Guatemala,70.0,2.0
2024-03,R30,PADD 3,NHO,Honduras,37.0,1.0
2024-03,R30,PADD 3,NJM,Jamaica,99.0,3.0
2024-03,R30,PADD 3,NMX,Mexico,981.0,32.0
2024-03,R30,PADD 3,NPE,Peru,197.0,6.0
2024-03,R30,PADD 3,NPM,Panama,608.0,20.0
2024-03,R30,PADD 3,NVE,Venezuela,0.0,0.0
2024-03,R30,PADD 3,NVQ,Virgin Islands,393.0,13.0
2024-03,R30,PADD 3,Z00,,4330.0,140.0
2024-03,R40,PADD 4,NCA,Canada,3.0,0.0
2024-03,R40,PADD 4,Z00,,3.0,0.0
2024-03,R50,PADD 5,NAR,Argentina,100.0,3.0
2024-03,R50,PADD 5,NCA,Canada,226.0,7.0
2024-03,R50,PADD 5,NCI,Chile,165.0,5.0
2024-03,R50,PADD 5,NES,El Salvador,125.0,4.0
2024-03,R50,PADD 5,NKU,Kuwait,0.0,0.0
2024-03,R50,PADD 5,NMX,Mexico,280.0,9.0
2024-03,R50,PADD 5,NPM,Panama,236.0,8.0
2024-03,R50,PADD 5,Z00,,897.0,29.0
2024-04,NUS,U.S.,NAA,Aruba,80.0,3.0
2024-04,NUS,U.S.,NAC,Antigua and Barbuda,60.0,2.0
2024-04,NUS,U.S.,NBF,Bahama Islands,64.0,2.0
2024-04,NUS,U.S.,NBH,Belize,27.0,1.0
2024-04,NUS,U.S.,NBR,Brazil,126.0,4.0
2024-04,NUS,U.S.,NCA,Canada,1395.0,47.0
2024-04,NUS,U.S.,NCI,Chile,75.0,3.0
2024-04,NUS,U.S.,NCJ,Cayman Islands,10.0,0.0
2024-04,NUS,U.S.,NCO,Colombia,8.0,0.0
2024-04,NUS,U.S.,NCS,Costa Rica,200.0,7.0
2024-04,NUS,U.S.,NDR,Dominican Republic,218.0,7.0
2024-04,NUS,U.S.,NES,El Salvador,40.0,1.0
2024-04,NUS,U.S.,NGT,Guatemala,102.0,3.0
2024-04,NUS,U.S.,NHO,Honduras,64.0,2.0
2024-04,NUS,U.S.,NIN,India,0.0,0.0
2024-04,NUS,U.S.,NIS,Israel,333.0,11.0
2024-04,NUS,U.S.,NJA,Japan,0.0,0.0
2024-04,NUS,U.S.,NJM,Jamaica,112.0,4.0
2024-04,NUS,U.S.,NMX,Mexico,1944.0,65.0
2024-04,NUS,U.S.,NNU,Nicaragua,0.0,0.0
2024-04,NUS,U.S.,NPE,Peru,151.0,5.0
2024-04,NUS,U.S.,NPM,Panama,515.0,17.0
2024-04,NUS,U.S.,NPZ,Puerto Rico,2.0,0.0
2024-04,NUS,U.S.,NQA,Qatar,1.0,0.0
2024-04,NUS,U.S.,NTK,Turks and Caicos Islands,11.0,0.0
2024-04,NUS,U.S.,NTW,Taiwan,0.0,0.0
2024-04,NUS,U.S.,NUC,Curacao,75.0,2.0
2024-04,NUS,U.S.,NUK,United Kingdom,0.0,0.0
2024-04,NUS,U.S.,NVM,Vietnam,0.0,0.0
2024-04,NUS,U.S.,NVQ,Virgin Islands,170.0,6.0
2024-04,NUS,U.S.,Z00,,5784.0,193.0
2024-04,R10,PADD 1,NBF,Bahama Islands,7.0,0.0
2024-04,R10,PADD 1,NCA,Canada,1.0,0.0
2024-04,R10,PADD 1,NCS,Costa Rica,3.0,0.0
2024-04,R10,PADD 1,NGT,Guatemala,0.0,0.0
2024-04,R10,PADD 1,NIN,India,0.0,0.0
2024-04,R10,PADD 1,NJM,Jamaica,0.0,0.0
2024-04,R10,PADD 1,NNU,Nicaragua,0.0,0.0
2024-04,R10,PADD 1,NPZ,Puerto Rico,2.0,0.0
2024-04,R10,PADD 1,NQA,Qatar,1.0,0.0
2024-04,R10,PADD 1,NTK,Turks and Caicos Islands,11.0,0.0
2024-04,R10,PADD 1,Z00,,25.0,1.0
2024-04,R20,PADD 2,NCA,Canada,61.0,2.0
2024-04,R20,PADD 2,NJA,Japan,0.0,0.0
2024-04,R20,PADD 2,NVM,Vietnam,0.0,0.0
2024-04,R20,PADD 2,Z00,,61.0,2.0
2024-04,R30,PADD 3,NAA,Aruba,80.0,3.0
2024-04,R30,PADD 3,NAC,Antigua and Barbuda,60.0,2.0
2024-04,R30,PADD 3,NBF,Bahama Islands,57.0,2.0
2024-04,R30,PADD 3,NBH,Belize,27.0,1.0
2024-04,R30,PADD 3,NBR,Brazil,126.0,4.0
2024-04,R30,PADD 3,NCA,Canada,1150.0,38.0
2024-04,R30,PADD 3,NCI,Chile,75.0,3.0
2024-04,R30,PADD 3,NCJ,Cayman Islands,10.0,0.0
2024-04,R30,PADD 3,NCS,Costa Rica,197.0,7.0
2024-04,R30,PADD 3,NDR,Dominican Republic,218.0,7.0
2024-04,R30,PADD 3,NES,El Salvador,40.0,1.0
2024-04,R30,PADD 3,NGT,Guatemala,102.0,3.0
2024-04,R30,PADD 3,NHO,Honduras,64.0,2.0
2024-04,R30,PADD 3,NIS,Israel,333.0,11.0
2024-04,R30,PADD 3,NJM,Jamaica,112.0,4.0
2024-04,R30,PADD 3,NMX,Mexico,1741.0,58.0
2024-04,R30,PADD 3,NPE,Peru,151.0,5.0
2024-04,R30,PADD 3,NPM,Panama,515.0,17.0
2024-04,R30,PADD 3,NUC,Curacao,75.0,2.0
2024-04,R30,PADD 3,NUK,United Kingdom,0.0,0.0
2024-04,R30,PADD 3,NVQ,Virgin Islands,170.0,6.0
2024-04,R30,PADD 3,Z00,,5303.0,177.0
2024-04,R50,PADD 5,NCA,Canada,183.0,6.0
2024-04,R50,PADD 5,NCO,Colombia,8.0,0.0
2024-04,R50,PADD 5,NMX,Mexico,203.0,7.0
2024-04,R50,PADD 5,NTW,Taiwan,0.0,0.0
2024-04,R50,PADD 5,Z00,,395.0,13.0
2024-05,NUS,U.S.,NAC,Antigua and Barbuda,40.0,1.0
2024-05,NUS,U.S.,NBF,Bahama Islands,110.0,4.0
2024-05,NUS,U.S.,NBH,Belize,13.0,0.0
2024-05,NUS,U.S.,NBR,Brazil,0.0,0.0
2024-05,NUS,U.S.,NCA,Canada,292.0,9.0
2024-05,NUS,U.S.,NCI,Chile,75.0,2.0
2024-05,NUS,U.S.,NCJ,Cayman Islands,18.0,1.0
2024-05,NUS,U.S.,NCS,Costa Rica,132.0,4.0
2024-05,NUS,U.S.,NDR,Dominican Republic,226.0,7.0
2024-05,NUS,U.S.,NES,El Salvador,40.0,1.0
2024-05,NUS,U.S.,NFM,Federated States of Micronesia,0.0,0.0
2024-05,NUS,U.S.,NGT,Guatemala,69.0,2.0
2024-05,NUS,U.S.,NHA,Haiti,17.0,1.0
2024-05,NUS,U.S.,NHO,Honduras,18.0,1.0
2024-05,NUS,U.S.,NIN,India,0.0,0.0
2024-05,NUS,U.S.,NIS,Israel,239.0,8.0
2024-05,NUS,U.S.,NJM,Jamaica,208.0,7.0
2024-05,NUS,U.S.,NKS,Korea,71.0,2.0
2024-05,NUS,U.S.,NMX,Mexico,2312.0,75.0
2024-05,NUS,U.S.,NNU,Nicaragua,0.0,0.0
2024-05,NUS,U.S.,NPE,Peru,168.0,5.0
2024-05,NUS,U.S.,NPM,Panama,696.0,22.0
2024-05,NUS,U.S.,NPZ,Puerto Rico,56.0,2.0
2024-05,NUS,U.S.,NSA,Saudi Arabia,0.0,0.0
2024-05,NUS,U.S.,NSP,Spain,0.0,0.0
2024-05,NUS,U.S.,NTK,Turks and Caicos Islands,12.0,0.0
2024-05,NUS,U.S.,NVC,Saint Vincent and the Grenadines,0.0,0.0
2024-05,NUS,U.S.,NVQ,Virgin Islands,196.0,6.0
2024-05,NUS,U.S.,Z00,,5007.0,162.0
2024-05,R10,PADD 1,NBF,Bahama Islands,7.0,0.0
2024-05,R10,PADD 1,NBR,Brazil,0.0,0.0
2024-05,R10,PADD 1,NCA,Canada,1.0,0.0
2024-05,R10,PADD 1,NDR,Dominican Republic,1.0,0.0
2024-05,R10,PADD 1,NIN,India,0.0,0.0
2024-05,R10,PADD 1,NJM,Jamaica,0.0,0.0
2024-05,R10,PADD 1,NNU,Nicaragua,0.0,0.0
2024-05,R10,PADD 1,NSP,Spain,0.0,0.0
2024-05,R10,PADD 1,NTK,Turks and Caicos Islands,12.0,0.0
2024-05,R10,PADD 1,NVC,Saint Vincent and the Grenadines,0.0,0.0
2024-05,R10,PADD 1,Z00,,21.0,1.0
2024-05,R20,PADD 2,NCA,Canada,87.0,3.0
2024-05,R20,PADD 2,Z00,,87.0,3.0
2024-05,R30,PADD 3,NAC,Antigua and Barbuda,40.0,1.0
2024-05,R30,PADD 3,NBF,Bahama Islands,103.0,3.0
2024-05,R30,PADD 3,NBH,Belize,13.0,0.0
2024-05,R30,PADD 3,NCI,Chile,75.0,2.0
2024-05,R30,PADD 3,NCJ,Cayman Islands,18.0,1.0
2024-05,R30,PADD 3,NCS,Costa Rica,132.0,4.0
2024-05,R30,PADD 3,NDR,Dominican Republic,225.0,7.0
2024-05,R30,PADD 3,NES,El Salvador,40.0,1.0
2024-05,R30,PADD 3,NGT,Guatemala,69.0,2.0
2024-05,R30,PADD 3,NHA,Haiti,17.0,1.0
2024-05,R30,PADD 3,NHO,Honduras,18.0,1.0
2024-05,R30,PADD 3,NIS,Israel,239.0,8.0
2024-05,R30,PADD 3,NJM,Jamaica,208.0,7.0
2024-05,R30,PADD 3,NMX,Mexico,1923.0,62.0
2024-05,R30,PADD 3,NPE,Peru,168.0,5.0
2024-05,R30,PADD 3,NPM,Panama,572.0,18.0
2024-05,R30,PADD 3,NPZ,Puerto Rico,56.0,2.0
2024-05,R30,PADD 3,NSA,Saudi Arabia,0.0,0.0
2024-05,R30,PADD 3,NVQ,Virgin Islands,196.0,6.0
2024-05,R30,PADD 3,Z00,,4112.0,133.0
2024-05,R50,PADD 5,NCA,Canada,204.0,7.0
2024-05,R50,PADD 5,NFM,Federated States of Micronesia,0.0,0.0
2024-05,R50,PADD 5,NKS,Korea,71.0,2.0
2024-05,R50,PADD 5,NMX,Mexico,389.0,13.0
2024-05,R50,PADD 5,NPM,Panama,124.0,4.0
2024-05,R50,PADD 5,Z00,,788.0,25.0
2024-06,NUS,U.S.,NAA,Aruba,85.0,3.0
2024-06,NUS,U.S.,NBF,Bahama Islands,31.0,1.0
2024-06,NUS,U.S.,NBH,Belize,10.0,0.0
2024-06,NUS,U.S.,NBR,Brazil,445.0,15.0
2024-06,NUS,U.S.,NCA,Canada,1358.0,45.0
2024-06,NUS,U.S.,NCI,Chile,632.0,21.0
2024-06,NUS,U.S.,NCJ,Cayman Islands,7.0,0.0
2024-06,NUS,U.S.,NCO,Colombia,0.0,0.0
2024-06,NUS,U.S.,NCS,Costa Rica,126.0,4.0
2024-06,NUS,U.S.,NDR,Dominican Republic,237.0,8.0
2024-06,NUS,U.S.,NEC,Ecuador,0.0,0.0
2024-06,NUS,U.S.,NES,El Salvador,181.0,6.0
2024-06,NUS,U.S.,NFR,France,0.0,0.0
2024-06,NUS,U.S.,NGT,Guatemala,82.0,3.0
2024-06,NUS,U.S.,NHA,Haiti,10.0,0.0
2024-06,NUS,U.S.,NHO,Honduras,41.0,1.0
2024-06,NUS,U.S.,NIN,India,0.0,0.0
2024-06,NUS,U.S.,NJM,Jamaica,151.0,5.0
2024-06,NUS,U.S.,NMX,Mexico,2409.0,80.0
2024-06,NUS,U.S.,NNS,Suriname,0.0,0.0
2024-06,NUS,U.S.,NPE,Peru,168.0,6.0
2024-06,NUS,U.S.,NPM,Panama,527.0,18.0
2024-06,NUS,U.S.,NPZ,Puerto Rico,0.0,0.0
2024-06,NUS,U.S.,NSN,Singapore,95.0,3.0
2024-06,NUS,U.S.,NSP,Spain,0.0,0.0
2024-06,NUS,U.S.,NTD,Trinidad and Tobago,199.0,7.0
2024-06,NUS,U.S.,NTK,Turks and Caicos Islands,7.0,0.0
2024-06,NUS,U.S.,NUC,Curacao,80.0,3.0
2024-06,NUS,U.S.,NVQ,Virgin Islands,349.0,12.0
2024-06,NUS,U.S.,Z00,,7229.0,241.0
2024-06,R10,PADD 1,NBF,Bahama Islands,6.0,0.0
2024-06,R10,PADD 1,NCA,Canada,233.0,8.0
2024-06,R10,PADD 1,NCO,Colombia,0.0,0.0
2024-06,R10,PADD 1,NEC,Ecuador,0.0,0.0
2024-06,R10,PADD 1,NIN,India,0.0,0.0
2024-06,R10,PADD 1,NNS,Suriname,0.0,0.0
2024-06,R10,PADD 1,NPZ,Puerto Rico,0.0,0.0
2024-06,R10,PADD 1,NSP,Spain,0.0,0.0
2024-06,R10,PADD 1,NTK,Turks and Caicos Islands,7.0,0.0
2024-06,R10,PADD 1,Z00,,246.0,8.0
2024-06,R20,PADD 2,NCA,Canada,118.0,4.0
2024-06,R20,PADD 2,NFR,France,0.0,0.0
2024-06,R20,PADD 2,Z00,,118.0,4.0
2024-06,R30,PADD 3,NAA,Aruba,85.0,3.0
2024-06,R30,PADD 3,NBF,Bahama Islands,25.0,1.0
2024-06,R30,PADD 3,NBH,Belize,10.0,0.0
2024-06,R30,PADD 3,NBR,Brazil,445.0,15.0
2024-06,R30,PADD 3,NCA,Canada,747.0,25.0
2024-06,R30,PADD 3,NCI,Chile,467.0,16.0
2024-06,R30,PADD 3,NCJ,Cayman Islands,7.0,0.0
2024-06,R30,PADD 3,NCS,Costa Rica,126.0,4.0
2024-06,R30,PADD 3,NDR,Dominican Republic,237.0,8.0
2024-06,R30,PADD 3,NES,El Salvador,81.0,3.0
2024-06,R30,PADD 3,NGT,Guatemala,82.0,3.0
2024-06,R30,PADD 3,NHA,Haiti,10.0,0.0
2024-06,R30,PADD 3,NHO,Honduras,41.0,1.0
2024-06,R30,PADD 3,NJM,Jamaica,151.0,5.0
2024-06,R30,PADD 3,NMX,Mexico,1906.0,64.0
2024-06,R30,PADD 3,NPE,Peru,168.0,6.0
2024-06,R30,PADD 3,NPM,Panama,527.0,18.0
2024-06,R30,PADD 3,NTD,Trinidad and Tobago,199.0,7.0
2024-06,R30,PADD 3,NUC,Curacao,80.0,3.0
2024-06,R30,PADD 3,NVQ,Virgin Islands,349.0,12.0
2024-06,R30,PADD 3,Z00,,5741.0,191.0
2024-06,R40,PADD 4,NCA,Canada,24.0,1.0
2024-06,R40,PADD 4,Z00,,24.0,1.0
2024-06,R50,PADD 5,NCA,Canada,238.0,8.0
2024-06,R50,PADD 5,NCI,Chile,166.0,6.0
2024-06,R50,PADD 5,NES,El Salvador,100.0,3.0
2024-06,R50,PADD 5,NMX,Mexico,503.0,17.0
2024-06,R50,PADD 5,NSN,Singapore,95.0,3.0
2024-06,R50,PADD 5,Z00,,1101.0,37.0
2024-07,NUS,U.S.,NAA,Aruba,81.0,3.0
2024-07,NUS,U.S.,NAS,Australia,0.0,0.0
2024-07,NUS,U.S.,NBF,Bahama Islands,34.0,1.0
2024-07,NUS,U.S.,NBH,Belize,38.0,1.0
2024-07,NUS,U.S.,NCA,Canada,358.0,12.0
2024-07,NUS,U.S.,NCI,Chile,75.0,2.0
2024-07,NUS,U.S.,NCJ,Cayman Islands,11.0,0.0
2024-07,NUS,U.S.,NCS,Costa Rica,229.0,7.0
2024-07,NUS,U.S.,NDR,Dominican Republic,279.0,9.0
2024-07,NUS,U.S.,NES,El Salvador,95.0,3.0
2024-07,NUS,U.S.,NGT,Guatemala,119.0,4.0
2024-07,NUS,U.S.,NHO,Honduras,78.0,3.0
2024-07,NUS,U.S.,NIS,Israel,328.0,11.0
2024-07,NUS,U.S.,NIT,Italy,0.0,0.0
2024-07,NUS,U.S.,NJM,Jamaica,180.0,6.0
2024-07,NUS,U.S.,NMX,Mexico,2125.0,69.0
2024-07,NUS,U.S.,NPE,Peru,168.0,5.0
2024-07,NUS,U.S.,NPM,Panama,531.0,17.0
2024-07,NUS,U.S.,NTD,Trinidad and Tobago,220.0,7.0
2024-07,NUS,U.S.,NTK,Turks and Caicos Islands,6.0,0.0
2024-07,NUS,U.S.,NUC,Curacao,80.0,3.0
2024-07,NUS,U.S.,NVM,Vietnam,0.0,0.0
2024-07,NUS,U.S.,NVQ,Virgin Islands,288.0,9.0
2024-07,NUS,U.S.,Z00,,5323.0,172.0
2024-07,R10,PADD 1,NAS,Australia,0.0,0.0
2024-07,R10,PADD 1,NBF,Bahama Islands,4.0,0.0
2024-07,R10,PADD 1,NPM,Panama,0.0,0.0
2024-07,R10,PADD 1,NTK,Turks and Caicos Islands,6.0,0.0
2024-07,R10,PADD 1,Z00,,10.0,0.0
2024-07,R20,PADD 2,NCA,Canada,119.0,4.0
2024-07,R20,PADD 2,NVM,Vietnam,0.0,0.0
2024-07,R20,PADD 2,Z00,,119.0,4.0
2024-07,R30,PADD 3,NAA,Aruba,81.0,3.0
2024-07,R30,PADD 3,NBF,Bahama Islands,30.0,1.0
2024-07,R30,PADD 3,NBH,Belize,38.0,1.0
2024-07,R30,PADD 3,NCA,Canada,92.0,3.0
2024-07,R30,PADD 3,NCI,Chile,75.0,2.0
2024-07,R30,PADD 3,NCJ,Cayman Islands,11.0,0.0
2024-07,R30,PADD 3,NCS,Costa Rica,229.0,7.0
2024-07,R30,PADD 3,NDR,Dominican Republic,279.0,9.0
2024-07,R30,PADD 3,NES,El Salvador,20.0,1.0
2024-07,R30,PADD 3,NGT,Guatemala,119.0,4.0
2024-07,R30,PADD 3,NHO,Honduras,78.0,3.0
2024-07,R30,PADD 3,NIS,Israel,328.0,11.0
2024-07,R30,PADD 3,NIT,Italy,0.0,0.0
2024-07,R30,PADD 3,NJM,Jamaica,180.0,6.0
2024-07,R30,PADD 3,NMX,Mexico,1708.0,55.0
2024-07,R30,PADD 3,NPE,Peru,168.0,5.0
2024-07,R30,PADD 3,NPM,Panama,531.0,17.0
2024-07,R30,PADD 3,NTD,Trinidad and Tobago,220.0,7.0
2024-07,R30,PADD 3,NUC,Curacao,80.0,3.0
2024-07,R30,PADD 3,NVQ,Virgin Islands,288.0,9.0
2024-07,R30,PADD 3,Z00,,4555.0,147.0
2024-07,R40,PADD 4,NCA,Canada,24.0,1.0
2024-07,R40,PADD 4,Z00,,24.0,1.0
2024-07,R50,PADD 5,NCA,Canada,123.0,4.0
2024-07,R50,PADD 5,NES,El Salvador,75.0,2.0
2024-07,R50,PADD 5,NMX,Mexico,417.0,13.0
2024-07,R50,PADD 5,Z00,,615.0,20.0
2024-08,NUS,U.S.,NAA,Aruba,65.0,2.0
2024-08,NUS,U.S.,NBF,Bahama Islands,39.0,1.0
2024-08,NUS,U.S.,NBR,Brazil,0.0,0.0
2024-08,NUS,U.S.,NCA,Canada,1345.0,43.0
2024-08,NUS,U.S.,NCI,Chile,75.0,2.0
2024-08,NUS,U.S.,NCJ,Cayman Islands,13.0,0.0
2024-08,NUS,U.S.,NCO,Colombia,128.0,4.0
2024-08,NUS,U.S.,NCS,Costa Rica,212.0,7.0
2024-08,NUS,U.S.,NDR,Dominican Republic,59.0,2.0
2024-08,NUS,U.S.,NEC,Ecuador,0.0,0.0
2024-08,NUS,U.S.,NES,El Salvador,234.0,8.0
2024-08,NUS,U.S.,NFR,France,313.0,10.0
2024-08,NUS,U.S.,NGT,Guatemala,76.0,2.0
2024-08,NUS,U.S.,NGY,Guyana,0.0,0.0
2024-08,NUS,U.S.,NHO,Honduras,64.0,2.0
2024-08,NUS,U.S.,NIC,Iceland,309.0,10.0
2024-08,NUS,U.S.,NIN,India,0.0,0.0
2024-08,NUS,U.S.,NIV,Ivory Coast (Cote d'Ivore),0.0,0.0
2024-08,NUS,U.S.,NJM,Jamaica,90.0,3.0
2024-08,NUS,U.S.,NKU,Kuwait,0.0,0.0
2024-08,NUS,U.S.,NLE,Lebanon,0.0,0.0
2024-08,NUS,U.S.,NMX,Mexico,1938.0,63.0
2024-08,NUS,U.S.,NNL,Netherlands,289.0,9.0
2024-08,NUS,U.S.,NNN,Sint Maarten,0.0,0.0
2024-08,NUS,U.S.,NPE,Peru,200.0,6.0
2024-08,NUS,U.S.,NPM,Panama,553.0,18.0
2024-08,NUS,U.S.,NPZ,Puerto Rico,200.0,6.0
2024-08,NUS,U.S.,NTC,United Arab Emirates,0.0,0.0
2024-08,NUS,U.S.,NTD,Trinidad and Tobago,185.0,6.0
2024-08,NUS,U.S.,NTK,Turks and Caicos Islands,5.0,0.0
2024-08,NUS,U.S.,NUK,United Kingdom,595.0,19.0
2024-08,NUS,U.S.,NVQ,Virgin Islands,124.0,4.0
2024-08,NUS,U.S.,Z00,,7113.0,229.0
2024-08,R10,PADD 1,NBF,Bahama Islands,4.0,0.0
2024-08,R10,PADD 1,NBR,Brazil,0.0,0.0
2024-08,R10,PADD 1,NCA,Canada,4.0,0.0
2024-08,R10,PADD 1,NCO,Colombia,28.0,1.0
2024-08,R10,PADD 1,NEC,Ecuador,0.0,0.0
2024-08,R10,PADD 1,NES,El Salvador,0.0,0.0
2024-08,R10,PADD 1,NGY,Guyana,0.0,0.0
2024-08,R10,PADD 1,NIN,India,0.0,0.0
2024-08,R10,PADD 1,NKU,Kuwait,0.0,0.0
2024-08,R10,PADD 1,NNN,Sint Maarten,0.0,0.0
2024-08,R10,PADD 1,NTC,United Arab Emirates,0.0,0.0
2024-08,R10,PADD 1,NTK,Turks and Caicos Islands,5.0,0.0
2024-08,R10,PADD 1,Z00,,42.0,1.0
2024-08,R20,PADD 2,NCA,Canada,125.0,4.0
2024-08,R20,PADD 2,Z00,,125.0,4.0
2024-08,R30,PADD 3,NAA,Aruba,65.0,2.0
2024-08,R30,PADD 3,NBF,Bahama Islands,35.0,1.0
2024-08,R30,PADD 3,NCA,Canada,802.0,26.0
2024-08,R30,PADD 3,NCI,Chile,75.0,2.0
2024-08,R30,PADD 3,NCJ,Cayman Islands,13.0,0.0
2024-08,R30,PADD 3,NCO,Colombia,100.0,3.0
2024-08,R30,PADD 3,NCS,Costa Rica,212.0,7.0
2024-08,R30,PADD 3,NDR,Dominican Republic,59.0,2.0
2024-08,R30,PADD 3,NES,El Salvador,84.0,3.0
2024-08,R30,PADD 3,NFR,France,313.0,10.0
2024-08,R30,PADD 3,NGT,Guatemala,76.0,2.0
2024-08,R30,PADD 3,NHO,Honduras,64.0,2.0
2024-08,R30,PADD 3,NIC,Iceland,309.0,10.0
2024-08,R30,PADD 3,NIV,Ivory Coast (Cote d'Ivore),0.0,0.0
2024-08,R30,PADD 3,NJM,Jamaica,90.0,3.0
2024-08,R30,PADD 3,NLE,Lebanon,0.0,0.0
2024-08,R30,PADD 3,NMX,Mexico,1387.0,45.0
2024-08,R30,PADD 3,NNL,Netherlands,289.0,9.0
2024-08,R30,PADD 3,NPE,Peru,200.0,6.0
2024-08,R30,PADD 3,NPM,Panama,553.0,18.0
2024-08,R30,PADD 3,NPZ,Puerto Rico,200.0,6.0
2024-08,R30,PADD 3,NTC,United Arab Emirates,0.0,0.0
2024-08,R30,PADD 3,NTD,Trinidad and Tobago,185.0,6.0
2024-08,R30,PADD 3,NUK,United Kingdom,595.0,19.0
2024-08,R30,PADD 3,NVQ,Virgin Islands,124.0,4.0
2024-08,R30,PADD 3,Z00,,5831.0,188.0
2024-08,R40,PADD 4,NCA,Canada,25.0,1.0
2024-08,R40,PADD 4,Z00,,25.0,1.0
2024-08,R50,PADD 5,NCA,Canada,389.0,13.0
2024-08,R50,PADD 5,NES,El Salvador,149.0,5.0
2024-08,R50,PADD 5,NKU,Kuwait,0.0,0.0
2024-08,R50,PADD 5,NMX,Mexico,551.0,18.0
2024-08,R50,PADD 5,Z00,,1090.0,35.0
2024-09,NUS,U.S.,NBF,Bahama Islands,32.0,1.0
2024-09,NUS,U.S.,NBR,Brazil,88.0,3.0
2024-09,NUS,U.S.,NCA,Canada,912.0,30.0
2024-09,NUS,U.S.,NCI,Chile,140.0,5.0
2024-09,NUS,U.S.,NCJ,Cayman Islands,12.0,0.0
2024-09,NUS,U.S.,NCO,Colombia,192.0,6.0
2024-09,NUS,U.S.,NCS,Costa Rica,188.0,6.0
2024-09,NUS,U.S.,NDA,Denmark,0.0,0.0
2024-09,NUS,U.S.,NDR,Dominican Republic,220.0,7.0
2024-09,NUS,U.S.,NEC,Ecuador,45.0,2.0
2024-09,NUS,U.S.,NES,El Salvador,46.0,2.0
2024-09,NUS,U.S.,NGT,Guatemala,76.0,3.0
2024-09,NUS,U.S.,NHK,Hong Kong,0.0,0.0
2024-09,NUS,U.S.,NHO,Honduras,29.0,1.0
2024-09,NUS,U.S.,NIC,Iceland,298.0,10.0
2024-09,NUS,U.S.,NID,Indonesia,0.0,0.0
2024-09,NUS,U.S.,NIN,India,0.0,0.0
2024-09,NUS,U.S.,NIS,Israel,333.0,11.0
2024-09,NUS,U.S.,NJA,Japan,0.0,0.0
2024-09,NUS,U.S.,NJM,Jamaica,100.0,3.0
2024-09,NUS,U.S.,NMX,Mexico,1357.0,45.0
2024-09,NUS,U.S.,NMY,Malaysia,0.0,0.0
2024-09,NUS,U.S.,NNL,Netherlands,430.0,14.0
2024-09,NUS,U.S.,NNU,Nicaragua,0.0,0.0
2024-09,NUS,U.S.,NPE,Peru,234.0,8.0
2024-09,NUS,U.S.,NPM,Panama,563.0,19.0
2024-09,NUS,U.S.,NPZ,Puerto Rico,0.0,0.0
2024-09,NUS,U.S.,NTD,Trinidad and Tobago,200.0,7.0
2024-09,NUS,U.S.,NTK,Turks and Caicos Islands,1.0,0.0
2024-09,NUS,U.S.,NUC,Curacao,160.0,5.0
2024-09,NUS,U.S.,NUK,United Kingdom,319.0,11.0
2024-09,NUS,U.S.,NVE,Venezuela,0.0,0.0
2024-09,NUS,U.S.,NVQ,Virgin Islands,225.0,8.0
2024-09,NUS,U.S.,Z00,,6202.0,207.0
2024-09,R10,PADD 1,NBF,Bahama Islands,2.0,0.0
2024-09,R10,PADD 1,NCA,Canada,0.0,0.0
2024-09,R10,PADD 1,NCO,Colombia,192.0,6.0
2024-09,R10,PADD 1,NCS,Costa Rica,0.0,0.0
2024-09,R10,PADD 1,NDA,Denmark,0.0,0.0
2024-09,R10,PADD 1,NDR,Dominican Republic,0.0,0.0
2024-09,R10,PADD 1,NES,El Salvador,0.0,0.0
2024-09,R10,PADD 1,NGT,Guatemala,0.0,0.0
2024-09,R10,PADD 1,NHO,Honduras,0.0,0.0
2024-09,R10,PADD 1,NIN,India,0.0,0.0
2024-09,R10,PADD 1,NPM,Panama,0.0,0.0
2024-09,R10,PADD 1,NPZ,Puerto Rico,0.0,0.0
2024-09,R10,PADD 1,NTK,Turks and Caicos Islands,1.0,0.0
2024-09,R10,PADD 1,NVE,Venezuela,0.0,0.0
2024-09,R10,PADD 1,Z00,,196.0,7.0
2024-09,R20,PADD 2,NCA,Canada,79.0,3.0
2024-09,R20,PADD 2,Z00,,79.0,3.0
2024-09,R30,PADD 3,NBF,Bahama Islands,30.0,1.0
2024-09,R30,PADD 3,NBR,Brazil,88.0,3.0
2024-09,R30,PADD 3,NCA,Canada,400.0,13.0
2024-09,R30,PADD 3,NCI,Chile,140.0,5.0
2024-09,R30,PADD 3,NCJ,Cayman Islands,12.0,0.0
2024-09,R30,PADD 3,NCS,Costa Rica,188.0,6.0
2024-09,R30,PADD 3,NDR,Dominican Republic,220.0,7.0
2024-09,R30,PADD 3,NEC,Ecuador,45.0,2.0
2024-09,R30,PADD 3,NES,El Salvador,46.0,2.0
2024-09,R30,PADD 3,NGT,Guatemala,76.0,3.0
2024-09,R30,PADD 3,NHO,Honduras,29.0,1.0
2024-09,R30,PADD 3,NIC,Iceland,298.0,10.0
2024-09,R30,PADD 3,NID,Indonesia,0.0,0.0
2024-09,R30,PADD 3,NIS,Israel,333.0,11.0
2024-09,R30,PADD 3,NJM,Jamaica,100.0,3.0
2024-09,R30,PADD 3,NMX,Mexico,1027.0,34.0
2024-09,R30,PADD 3,NMY,Malaysia,0.0,0.0
2024-09,R30,PADD 3,NNL,Netherlands,430.0,14.0
2024-09,R30,PADD 3,NNU,Nicaragua,0.0,0.0
2024-09,R30,PADD 3,NPE,Peru,234.0,8.0
2024-09,R30,PADD 3,NPM,Panama,563.0,19.0
2024-09,R30,PADD 3,NTD,Trinidad and Tobago,200.0,7.0
2024-09,R30,PADD 3,NUC,Curacao,160.0,5.0
2024-09,R30,PADD 3,NUK,United Kingdom,319.0,11.0
2024-09,R30,PADD 3,NVQ,Virgin Islands,225.0,8.0
2024-09,R30,PADD 3,Z00,,5165.0,172.0
2024-09,R40,PADD 4,NCA,Canada,0.0,0.0
2024-09,R40,PADD 4,Z00,,0.0,0.0
2024-09,R50,PADD 5,NCA,Canada,432.0,14.0
2024-09,R50,PADD 5,NHK,Hong Kong,0.0,0.0
2024-09,R50,PADD 5,NHO,Honduras,0.0,0.0
2024-09,R50,PADD 5,NJA,Japan,0.0,0.0
2024-09,R50,PADD 5,NMX,Mexico,329.0,11.0
2024-09,R50,PADD 5,NMY,Malaysia,0.0,0.0
2024-09,R50,PADD 5,Z00,,762.0,25.0
2024-10,NUS,U.S.,NAA,Aruba,70.0,2.0
2024-10,NUS,U.S.,NAR,Argentina,54.0,2.0
2024-10,NUS,U.S.,NBF,Bahama Islands,24.0,1.0
2024-10,NUS,U.S.,NBH,Belize,10.0,0.0
2024-10,NUS,U.S.,NBR,Brazil,413.0,13.0
2024-10,NUS,U.S.,NCA,Canada,640.0,21.0
2024-10,NUS,U.S.,NCH,China,0.0,0.0
2024-10,NUS,U.S.,NCI,Chile,543.0,18.0
2024-10,NUS,U.S.,NCJ,Cayman Islands,6.0,0.0
2024-10,NUS,U.S.,NCS,Costa Rica,149.0,5.0
2024-10,NUS,U.S.,NDR,Dominican Republic,305.0,10.0
2024-10,NUS,U.S.,NES,El Salvador,110.0,4.0
2024-10,NUS,U.S.,NFR,France,588.0,19.0
2024-10,NUS,U.S.,NGT,Guatemala,74.0,2.0
2024-10,NUS,U.S.,NHO,Honduras,39.0,1.0
2024-10,NUS,U.S.,NIN,India,0.0,0.0
2024-10,NUS,U.S.,NJM,Jamaica,91.0,3.0
2024-10,NUS,U.S.,NKU,Kuwait,0.0,0.0
2024-10,NUS,U.S.,NMO,Morocco,101.0,3.0
2024-10,NUS,U.S.,NMX,Mexico,1259.0,41.0
2024-10,NUS,U.S.,NNL,Netherlands,0.0,0.0
2024-10,NUS,U.S.,NPE,Peru,231.0,7.0
2024-10,NUS,U.S.,NPM,Panama,679.0,22.0
2024-10,NUS,U.S.,NPZ,Puerto Rico,190.0,6.0
2024-10,NUS,U.S.,NSP,Spain,220.0,7.0
2024-10,NUS,U.S.,NST,Saint Lucia,50.0,2.0
2024-10,NUS,U.S.,NSZ,Switzerland,0.0,0.0
2024-10,NUS,U.S.,NTD,Trinidad and Tobago,221.0,7.0
2024-10,NUS,U.S.,NTK,Turks and Caicos Islands,4.0,0.0
2024-10,NUS,U.S.,NUC,Curacao,80.0,3.0
2024-10,NUS,U.S.,NUK,United Kingdom,0.0,0.0
2024-10,NUS,U.S.,NVQ,Virgin Islands,403.0,13.0
2024-10,NUS,U.S.,Z00,,6551.0,211.0
2024-10,R10,PADD 1,NBF,Bahama Islands,6.0,0.0
2024-10,R10,PADD 1,NCA,Canada,12.0,0.0
2024-10,R10,PADD 1,NCS,Costa Rica,0.0,0.0
2024-10,R10,PADD 1,NIN,India,0.0,0.0
2024-10,R10,PADD 1,NNL,Netherlands,0.0,0.0
2024-10,R10,PADD 1,NPM,Panama,0.0,0.0
2024-10,R10,PADD 1,NPZ,Puerto Rico,190.0,6.0
2024-10,R10,PADD 1,NTK,Turks and Caicos Islands,4.0,0.0
2024-10,R10,PADD 1,Z00,,211.0,7.0
2024-10,R20,PADD 2,NCA,Canada,69.0,2.0
2024-10,R20,PADD 2,NKU,Kuwait,0.0,0.0
2024-10,R20,PADD 2,NUK,United Kingdom,0.0,0.0
2024-10,R20,PADD 2,Z00,,70.0,2.0
2024-10,R30,PADD 3,NAA,Aruba,70.0,2.0
2024-10,R30,PADD 3,NAR,Argentina,54.0,2.0
2024-10,R30,PADD 3,NBF,Bahama Islands,18.0,1.0
2024-10,R30,PADD 3,NBH,Belize,10.0,0.0
2024-10,R30,PADD 3,NBR,Brazil,413.0,13.0
2024-10,R30,PADD 3,NCA,Canada,479.0,15.0
2024-10,R30,PADD 3,NCI,Chile,377.0,12.0
2024-10,R30,PADD 3,NCJ,Cayman Islands,6.0,0.0
2024-10,R30,PADD 3,NCS,Costa Rica,149.0,5.0
2024-10,R30,PADD 3,NDR,Dominican Republic,305.0,10.0
2024-10,R30,PADD 3,NES,El Salvador,40.0,1.0
2024-10,R30,PADD 3,NFR,France,588.0,19.0
2024-10,R30,PADD 3,NGT,Guatemala,74.0,2.0
2024-10,R30,PADD 3,NHO,Honduras,39.0,1.0
2024-10,R30,PADD 3,NJM,Jamaica,91.0,3.0
2024-10,R30,PADD 3,NMO,Morocco,101.0,3.0
2024-10,R30,PADD 3,NMX,Mexico,1171.0,38.0
2024-10,R30,PADD 3,NPE,Peru,231.0,7.0
2024-10,R30,PADD 3,NPM,Panama,679.0,22.0
2024-10,R30,PADD 3,NSP,Spain,220.0,7.0
2024-10,R30,PADD 3,NST,Saint Lucia,50.0,2.0
2024-10,R30,PADD 3,NSZ,Switzerland,0.0,0.0
2024-10,R30,PADD 3,NTD,Trinidad and Tobago,221.0,7.0
2024-10,R30,PADD 3,NUC,Curacao,80.0,3.0
2024-10,R30,PADD 3,NUK,United Kingdom,0.0,0.0
2024-10,R30,PADD 3,NVQ,Virgin Islands,403.0,13.0
2024-10,R30,PADD 3,Z00,,5867.0,189.0
2024-10,R50,PADD 5,NCA,Canada,80.0,3.0
2024-10,R50,PADD 5,NCH,China,0.0,0.0
2024-10,R50,PADD 5,NCI,Chile,165.0,5.0
2024-10,R50,PADD 5,NES,El Salvador,70.0,2.0
2024-10,R50,PADD 5,NKU,Kuwait,0.0,0.0
2024-10,R50,PADD 5,NMX,Mexico,87.0,3.0
2024-10,R50,PADD 5,Z00,,403.0,13.0
2024-11,NUS,U.S.,NAA,Aruba,50.0,2.0
2024-11,NUS,U.S.,NBF,Bahama Islands,4.0,0.0
2024-11,NUS,U.S.,NBH,Belize,30.0,1.0
2024-11,NUS,U.S.,NBR,Brazil,447.0,15.0
2024-11,NUS,U.S.,NCA,Canada,896.0,30.0
2024-11,NUS,U.S.,NCI,Chile,452.0,15.0
2024-11,NUS,U.S.,NCO,Colombia,1.0,0.0
2024-11,NUS,U.S.,NCS,Costa Rica,110.0,4.0
2024-11,NUS,U.S.,NDR,Dominican Republic,150.0,5.0
2024-11,NUS,U.S.,NES,El Salvador,105.0,4.0
2024-11,NUS,U.S.,NFR,France,325.0,11.0
2024-11,NUS,U.S.,NGT,Guatemala,99.0,3.0
2024-11,NUS,U.S.,NHO,Honduras,53.0,2.0
2024-11,NUS,U.S.,NIC,Iceland,302.0,10.0
2024-11,NUS,U.S.,NIS,Israel,0.0,0.0
2024-11,NUS,U.S.,NJA,Japan,0.0,0.0
2024-11,NUS,U.S.,NJM,Jamaica,90.0,3.0
2024-11,NUS,U.S.,NKS,Korea,2.0,0.0
2024-11,NUS,U.S.,NKU,Kuwait,0.0,0.0
2024-11,NUS,U.S.,NMX,Mexico,2108.0,70.0
2024-11,NUS,U.S.,NNL,Netherlands,479.0,16.0
2024-11,NUS,U.S.,NNS,Suriname,0.0,0.0
2024-11,NUS,U.S.,NPE,Peru,230.0,8.0
2024-11,NUS,U.S.,NPM,Panama,452.0,15.0
2024-11,NUS,U.S.,NPZ,Puerto Rico,0.0,0.0
2024-11,NUS,U.S.,NQA,Qatar,1.0,0.0
2024-11,NUS,U.S.,NST,Saint Lucia,275.0,9.0
2024-11,NUS,U.S.,NTD,Trinidad and Tobago,214.0,7.0
2024-11,NUS,U.S.,NTK,Turks and Caicos Islands,2.0,0.0
2024-11,NUS,U.S.,NUC,Curacao,80.0,3.0
2024-11,NUS,U.S.,NUK,United Kingdom,13.0,0.0
2024-11,NUS,U.S.,NVQ,Virgin Islands,494.0,16.0
2024-11,NUS,U.S.,Z00,,7464.0,249.0
2024-11,R10,PADD 1,NBF,Bahama Islands,4.0,0.0
2024-11,R10,PADD 1,NCA,Canada,14.0,0.0
2024-11,R10,PADD 1,NIS,Israel,0.0,0.0
2024-11,R10,PADD 1,NKS,Korea,2.0,0.0
2024-11,R10,PADD 1,NNS,Suriname,0.0,0.0
2024-11,R10,PADD 1,NPE,Peru,0.0,0.0
2024-11,R10,PADD 1,NPZ,Puerto Rico,0.0,0.0
2024-11,R10,PADD 1,NQA,Qatar,1.0,0.0
2024-11,R10,PADD 1,NTD,Trinidad and Tobago,0.0,0.0
2024-11,R10,PADD 1,NTK,Turks and Caicos Islands,2.0,0.0
2024-11,R10,PADD 1,Z00,,23.0,1.0
2024-11,R20,PADD 2,NCA,Canada,59.0,2.0
2024-11,R20,PADD 2,Z00,,59.0,2.0
2024-11,R30,PADD 3,NAA,Aruba,50.0,2.0
2024-11,R30,PADD 3,NBH,Belize,30.0,1.0
2024-11,R30,PADD 3,NBR,Brazil,447.0,15.0
2024-11,R30,PADD 3,NCA,Canada,730.0,24.0
2024-11,R30,PADD 3,NCI,Chile,152.0,5.0
2024-11,R30,PADD 3,NCO,Colombia,1.0,0.0
2024-11,R30,PADD 3,NCS,Costa Rica,110.0,4.0
2024-11,R30,PADD 3,NDR,Dominican Republic,150.0,5.0
2024-11,R30,PADD 3,NES,El Salvador,35.0,1.0
2024-11,R30,PADD 3,NFR,France,325.0,11.0
2024-11,R30,PADD 3,NGT,Guatemala,99.0,3.0
2024-11,R30,PADD 3,NHO,Honduras,53.0,2.0
2024-11,R30,PADD 3,NIC,Iceland,302.0,10.0
2024-11,R30,PADD 3,NJA,Japan,0.0,0.0
2024-11,R30,PADD 3,NJM,Jamaica,90.0,3.0
2024-11,R30,PADD 3,NMX,Mexico,1393.0,46.0
2024-11,R30,PADD 3,NNL,Netherlands,479.0,16.0
2024-11,R30,PADD 3,NPE,Peru,230.0,8.0
2024-11,R30,PADD 3,NPM,Panama,452.0,15.0
2024-11,R30,PADD 3,NST,Saint Lucia,275.0,9.0
2024-11,R30,PADD 3,NTD,Trinidad and Tobago,214.0,7.0
2024-11,R30,PADD 3,NUC,Curacao,80.0,3.0
2024-11,R30,PADD 3,NUK,United Kingdom,13.0,0.0
2024-11,R30,PADD 3,NVQ,Virgin Islands,494.0,16.0
2024-11,R30,PADD 3,Z00,,6203.0,207.0
2024-11,R50,PADD 5,NCA,Canada,94.0,3.0
2024-11,R50,PADD 5,NCI,Chile,300.0,10.0
2024-11,R50,PADD 5,NES,El Salvador,70.0,2.0
2024-11,R50,PADD 5,NKU,Kuwait,0.0,0.0
2024-11,R50,PADD 5,NMX,Mexico,715.0,24.0
2024-11,R50,PADD 5,Z00,,1179.0,39.0
2024-12,NUS,U.S.,NAA,Aruba,50.0,2.0
2024-12,NUS,U.S.,NBF,Bahama Islands,41.0,1.0
2024-12,NUS,U.S.,NBH,Belize,13.0,0.0
2024-12,NUS,U.S.,NBR,Brazil,0.0,0.0
2024-12,NUS,U.S.,NCA,Canada,890.0,29.0
2024-12,NUS,U.S.,NCI,Chile,194.0,6.0
2024-12,NUS,U.S.,NCJ,Cayman Islands,12.0,0.0
2024-12,NUS,U.S.,NCO,Colombia,150.0,5.0
2024-12,NUS,U.S.,NCS,Costa Rica,255.0,8.0
2024-12,NUS,U.S.,NDR,Dominican Republic,447.0,14.0
2024-12,NUS,U.S.,NES,El Salvador,161.0,5.0
2024-12,NUS,U.S.,NGT,Guatemala,69.0,2.0
2024-12,NUS,U.S.,NHO,Honduras,38.0,1.0
2024-12,NUS,U.S.,NIS,Israel,333.0,11.0
2024-12,NUS,U.S.,NJM,Jamaica,132.0,4.0
2024-12,NUS,U.S.,NKU,Kuwait,0.0,0.0
2024-12,NUS,U.S.,NMX,Mexico,2174.0,70.0
2024-12,NUS,U.S.,NPE,Peru,224.0,7.0
2024-12,NUS,U.S.,NPM,Panama,1015.0,33.0
2024-12,NUS,U.S.,NPZ,Puerto Rico,190.0,6.0
2024-12,NUS,U.S.,NSN,Singapore,56.0,2.0
2024-12,NUS,U.S.,NSP,Spain,1.0,0.0
2024-12,NUS,U.S.,NTC,United Arab Emirates,0.0,0.0
2024-12,NUS,U.S.,NTD,Trinidad and Tobago,220.0,7.0
2024-12,NUS,U.S.,NTK,Turks and Caicos Islands,7.0,0.0
2024-12,NUS,U.S.,NUC,Curacao,80.0,3.0
2024-12,NUS,U.S.,NUK,United Kingdom,300.0,10.0
2024-12,NUS,U.S.,NVQ,Virgin Islands,441.0,14.0
2024-12,NUS,U.S.,Z00,,7496.0,242.0
2024-12,R10,PADD 1,NBF,Bahama Islands,6.0,0.0
2024-12,R10,PADD 1,NBR,Brazil,0.0,0.0
2024-12,R10,PADD 1,NCA,Canada,111.0,4.0
2024-12,R10,PADD 1,NDR,Dominican Republic,1.0,0.0
2024-12,R10,PADD 1,NPM,Panama,0.0,0.0
2024-12,R10,PADD 1,NTK,Turks and Caicos Islands,7.0,0.0
2024-12,R10,PADD 1,Z00,,126.0,4.0
2024-12,R20,PADD 2,NCA,Canada,106.0,3.0
2024-12,R20,PADD 2,NKU,Kuwait,0.0,0.0
2024-12,R20,PADD 2,NTC,United Arab Emirates,0.0,0.0
2024-12,R20,PADD 2,Z00,,107.0,3.0
2024-12,R30,PADD 3,NAA,Aruba,50.0,2.0
2024-12,R30,PADD 3,NBF,Bahama Islands,35.0,1.0
2024-12,R30,PADD 3,NBH,Belize,13.0,0.0
2024-12,R30,PADD 3,NCA,Canada,587.0,19.0
2024-12,R30,PADD 3,NCI,Chile,84.0,3.0
2024-12,R30,PADD 3,NCJ,Cayman Islands,12.0,0.0
2024-12,R30,PADD 3,NCO,Colombia,150.0,5.0
2024-12,R30,PADD 3,NCS,Costa Rica,255.0,8.0
2024-12,R30,PADD 3,NDR,Dominican Republic,446.0,14.0
2024-12,R30,PADD 3,NES,El Salvador,86.0,3.0
2024-12,R30,PADD 3,NGT,Guatemala,69.0,2.0
2024-12,R30,PADD 3,NHO,Honduras,38.0,1.0
2024-12,R30,PADD 3,NIS,Israel,333.0,11.0
2024-12,R30,PADD 3,NJM,Jamaica,132.0,4.0
2024-12,R30,PADD 3,NMX,Mexico,1514.0,49.0
2024-12,R30,PADD 3,NPE,Peru,224.0,7.0
2024-12,R30,PADD 3,NPM,Panama,955.0,31.0
2024-12,R30,PADD 3,NPZ,Puerto Rico,190.0,6.0
2024-12,R30,PADD 3,NSP,Spain,1.0,0.0
2024-12,R30,PADD 3,NTD,Trinidad and Tobago,220.0,7.0
2024-12,R30,PADD 3,NUC,Curacao,80.0,3.0
2024-12,R30,PADD 3,NUK,United Kingdom,300.0,10.0
2024-12,R30,PADD 3,NVQ,Virgin Islands,441.0,14.0
2024-12,R30,PADD 3,Z00,,6217.0,201.0
2024-12,R50,PADD 5,NCA,Canada,85.0,3.0
2024-12,R50,PADD 5,NCI,Chile,110.0,4.0
2024-12,R50,PADD 5,NES,El Salvador,75.0,2.0
2024-12,R50,PADD 5,NMX,Mexico,660.0,21.0
2024-12,R50,PADD 5,NPM,Panama,59.0,2.0
2024-12,R50,PADD 5,NSN,Singapore,56.0,2.0
2024-12,R50,PADD 5,Z00,,1046.0,34.0
2025-01,NUS,U.S.,NAR,Argentina,98.0,3.0
2025-01,NUS,U.S.,NAS,Australia,0.0,0.0
2025-01,NUS,U.S.,NBF,Bahama Islands,47.0,2.0
2025-01,NUS,U.S.,NBH,Belize,24.0,1.0
2025-01,NUS,U.S.,NCA,Canada,1762.0,57.0
2025-01,NUS,U.S.,NCI,Chile,145.0,5.0
2025-01,NUS,U.S.,NCS,Costa Rica,230.0,7.0
2025-01,NUS,U.S.,NDR,Dominican Republic,236.0,8.0
2025-01,NUS,U.S.,NEC,Ecuador,0.0,0.0
2025-01,NUS,U.S.,NES,El Salvador,140.0,5.0
2025-01,NUS,U.S.,NGT,Guatemala,155.0,5.0
2025-01,NUS,U.S.,NHO,Honduras,64.0,2.0
2025-01,NUS,U.S.,NJM,Jamaica,166.0,5.0
2025-01,NUS,U.S.,NMX,Mexico,2063.0,67.0
2025-01,NUS,U.S.,NNU,Nicaragua,20.0,1.0
2025-01,NUS,U.S.,NPE,Peru,166.0,5.0
2025-01,NUS,U.S.,NPM,Panama,758.0,24.0
2025-01,NUS,U.S.,NSA,Saudi Arabia,0.0,0.0
2025-01,NUS,U.S.,NST,Saint Lucia,470.0,15.0
2025-01,NUS,U.S.,NTD,Trinidad and Tobago,205.0,7.0
2025-01,NUS,U.S.,NTK,Turks and Caicos Islands,15.0,0.0
2025-01,NUS,U.S.,NUC,Curacao,4.0,0.0
2025-01,NUS,U.S.,NUR,Ukraine,0.0,0.0
2025-01,NUS,U.S.,NVE,Venezuela,0.0,0.0
2025-01,NUS,U.S.,NVQ,Virgin Islands,184.0,6.0
2025-01,NUS,U.S.,Z00,,6953.0,224.0
2025-01,R10,PADD 1,NBF,Bahama Islands,7.0,0.0
2025-01,R10,PADD 1,NCA,Canada,1.0,0.0
2025-01,R10,PADD 1,NEC,Ecuador,0.0,0.0
2025-01,R10,PADD 1,NGT,Guatemala,0.0,0.0
2025-01,R10,PADD 1,NTD,Trinidad and Tobago,0.0,0.0
2025-01,R10,PADD 1,NTK,Turks and Caicos Islands,15.0,0.0
2025-01,R10,PADD 1,NVE,Venezuela,0.0,0.0
2025-01,R10,PADD 1,Z00,,23.0,1.0
2025-01,R20,PADD 2,NCA,Canada,146.0,5.0
2025-01,R20,PADD 2,NUR,Ukraine,0.0,0.0
2025-01,R20,PADD 2,Z00,,146.0,5.0
2025-01,R30,PADD 3,NAR,Argentina,98.0,3.0
2025-01,R30,PADD 3,NBF,Bahama Islands,40.0,1.0
2025-01,R30,PADD 3,NBH,Belize,24.0,1.0
2025-01,R30,PADD 3,NCA,Canada,1529.0,49.0
2025-01,R30,PADD 3,NCI,Chile,145.0,5.0
2025-01,R30,PADD 3,NCS,Costa Rica,230.0,7.0
2025-01,R30,PADD 3,NDR,Dominican Republic,236.0,8.0
2025-01,R30,PADD 3,NES,El Salvador,65.0,2.0
2025-01,R30,PADD 3,NGT,Guatemala,155.0,5.0
2025-01,R30,PADD 3,NHO,Honduras,64.0,2.0
2025-01,R30,PADD 3,NJM,Jamaica,166.0,5.0
2025-01,R30,PADD 3,NMX,Mexico,1417.0,46.0
2025-01,R30,PADD 3,NNU,Nicaragua,20.0,1.0
2025-01,R30,PADD 3,NPE,Peru,166.0,5.0
2025-01,R30,PADD 3,NPM,Panama,533.0,17.0
2025-01,R30,PADD 3,NSA,Saudi Arabia,0.0,0.0
2025-01,R30,PADD 3,NST,Saint Lucia,470.0,15.0
2025-01,R30,PADD 3,NTD,Trinidad and Tobago,205.0,7.0
2025-01,R30,PADD 3,NUC,Curacao,4.0,0.0
2025-01,R30,PADD 3,NVQ,Virgin Islands,184.0,6.0
2025-01,R30,PADD 3,Z00,,5753.0,186.0
2025-01,R50,PADD 5,NAS,Australia,0.0,0.0
2025-01,R50,PADD 5,NCA,Canada,86.0,3.0
2025-01,R50,PADD 5,NES,El Salvador,75.0,2.0
2025-01,R50,PADD 5,NMX,Mexico,646.0,21.0
2025-01,R50,PADD 5,NPM,Panama,225.0,7.0
2025-01,R50,PADD 5,Z00,,1032.0,33.0
2025-02,NUS,U.S.,NAA,Aruba,65.0,2.0
2025-02,NUS,U.S.,NBE,Belgium,0.0,0.0
2025-02,NUS,U.S.,NBF,Bahama Islands,6.0,0.0
2025-02,NUS,U.S.,NBH,Belize,23.0,1.0
2025-02,NUS,U.S.,NBR,Brazil,100.0,4.0
2025-02,NUS,U.S.,NCA,Canada,1105.0,39.0
2025-02,NUS,U.S.,NCH,China,0.0,0.0
2025-02,NUS,U.S.,NCI,Chile,479.0,17.0
2025-02,NUS,U.S.,NCO,Colombia,100.0,4.0
2025-02,NUS,U.S.,NCS,Costa Rica,193.0,7.0
2025-02,NUS,U.S.,NDR,Dominican Republic,151.0,5.0
2025-02,NUS,U.S.,NEC,Ecuador,110.0,4.0
2025-02,NUS,U.S.,NES,El Salvador,117.0,4.0
2025-02,NUS,U.S.,NGT,Guatemala,63.0,2.0
2025-02,NUS,U.S.,NHO,Honduras,31.0,1.0
2025-02,NUS,U.S.,NJM,Jamaica,90.0,3.0
2025-02,NUS,U.S.,NMX,Mexico,1660.0,59.0
2025-02,NUS,U.S.,NNS,Suriname,0.0,0.0
2025-02,NUS,U.S.,NPE,Peru,144.0,5.0
2025-02,NUS,U.S.,NPM,Panama,136.0,5.0
2025-02,NUS,U.S.,NST,Saint Lucia,200.0,7.0
2025-02,NUS,U.S.,NTD,Trinidad and Tobago,206.0,7.0
2025-02,NUS,U.S.,NTK,Turks and Caicos Islands,8.0,0.0
2025-02,NUS,U.S.,NUC,Curacao,100.0,4.0
2025-02,NUS,U.S.,NVE,Venezuela,1.0,0.0
2025-02,NUS,U.S.,NVQ,Virgin Islands,130.0,5.0
2025-02,NUS,U.S.,Z00,,5218.0,186.0
2025-02,R10,PADD 1,NBE,Belgium,0.0,0.0
2025-02,R10,PADD 1,NBF,Bahama Islands,6.0,0.0
2025-02,R10,PADD 1,NBR,Brazil,0.0,0.0
2025-02,R10,PADD 1,NNS,Suriname,0.0,0.0
2025-02,R10,PADD 1,NTK,Turks and Caicos Islands,8.0,0.0
2025-02,R10,PADD 1,NVE,Venezuela,1.0,0.0
2025-02,R10,PADD 1,Z00,,14.0,1.0
2025-02,R20,PADD 2,NCA,Canada,113.0,4.0
2025-02,R20,PADD 2,Z00,,113.0,4.0
2025-02,R30,PADD 3,NAA,Aruba,65.0,2.0
2025-02,R30,PADD 3,NBH,Belize,23.0,1.0
2025-02,R30,PADD 3,NBR,Brazil,100.0,4.0
2025-02,R30,PADD 3,NCA,Canada,894.0,32.0
2025-02,R30,PADD 3,NCI,Chile,384.0,14.0
2025-02,R30,PADD 3,NCO,Colombia,100.0,4.0
2025-02,R30,PADD 3,NCS,Costa Rica,193.0,7.0
2025-02,R30,PADD 3,NDR,Dominican Republic,151.0,5.0
2025-02,R30,PADD 3,NES,El Salvador,42.0,2.0
2025-02,R30,PADD 3,NGT,Guatemala,63.0,2.0
2025-02,R30,PADD 3,NHO,Honduras,31.0,1.0
2025-02,R30,PADD 3,NJM,Jamaica,90.0,3.0
2025-02,R30,PADD 3,NMX,Mexico,1238.0,44.0
2025-02,R30,PADD 3,NPE,Peru,144.0,5.0
2025-02,R30,PADD 3,NPM,Panama,136.0,5.0
2025-02,R30,PADD 3,NST,Saint Lucia,200.0,7.0
2025-02,R30,PADD 3,NTD,Trinidad and Tobago,206.0,7.0
2025-02,R30,PADD 3,NUC,Curacao,100.0,4.0
2025-02,R30,PADD 3,NVQ,Virgin Islands,130.0,5.0
2025-02,R30,PADD 3,Z00,,4290.0,153.0
2025-02,R40,PADD 4,NCA,Canada,7.0,0.0
2025-02,R40,PADD 4,Z00,,7.0,0.0
2025-02,R50,PADD 5,NCA,Canada,91.0,3.0
2025-02,R50,PADD 5,NCH,China,0.0,0.0
2025-02,R50,PADD 5,NCI,Chile,95.0,3.0
2025-02,R50,PADD 5,NEC,Ecuador,110.0,4.0
2025-02,R50,PADD 5,NES,El Salvador,75.0,3.0
2025-02,R50,PADD 5,NMX,Mexico,422.0,15.0
2025-02,R50,PADD 5,Z00,,793.0,28.0
2025-03,NUS,U.S.,NAA,Aruba,51.0,2.0
2025-03,NUS,U.S.,NAR,Argentina,164.0,5.0
2025-03,NUS,U.S.,NBF,Bahama Islands,53.0,2.0
2025-03,NUS,U.S.,NBH,Belize,15.0,0.0
2025-03,NUS,U.S.,NCA,Canada,1527.0,49.0
2025-03,NUS,U.S.,NCI,Chile,461.0,15.0
2025-03,NUS,U.S.,NCJ,Cayman Islands,12.0,0.0
2025-03,NUS,U.S.,NCO,Colombia,179.0,6.0
2025-03,NUS,U.S.,NCS,Costa Rica,294.0,9.0
2025-03,NUS,U.S.,NDR,Dominican Republic,519.0,17.0
2025-03,NUS,U.S.,NEG,Egypt,0.0,0.0
2025-03,NUS,U.S.,NES,El Salvador,176.0,6.0
2025-03,NUS,U.S.,NGT,Guatemala,83.0,3.0
2025-03,NUS,U.S.,NHO,Honduras,47.0,2.0
2025-03,NUS,U.S.,NIN,India,0.0,0.0
2025-03,NUS,U.S.,NIS,Israel,333.0,11.0
2025-03,NUS,U.S.,NJM,Jamaica,106.0,3.0
2025-03,NUS,U.S.,NLE,Lebanon,1.0,0.0
2025-03,NUS,U.S.,NMX,Mexico,1610.0,52.0
2025-03,NUS,U.S.,NPE,Peru,194.0,6.0
2025-03,NUS,U.S.,NPM,Panama,580.0,19.0
2025-03,NUS,U.S.,NSP,Spain,325.0,10.0
2025-03,NUS,U.S.,NST,Saint Lucia,200.0,6.0
2025-03,NUS,U.S.,NTD,Trinidad and Tobago,200.0,6.0
2025-03,NUS,U.S.,NTK,Turks and Caicos Islands,14.0,0.0
2025-03,NUS,U.S.,NUC,Curacao,100.0,3.0
2025-03,NUS,U.S.,NUK,United Kingdom,311.0,10.0
2025-03,NUS,U.S.,NVE,Venezuela,0.0,0.0
2025-03,NUS,U.S.,Z00,,7556.0,244.0
2025-03,R10,PADD 1,NBF,Bahama Islands,8.0,0.0
2025-03,R10,PADD 1,NCJ,Cayman Islands,0.0,0.0
2025-03,R10,PADD 1,NEG,Egypt,0.0,0.0
2025-03,R10,PADD 1,NIN,India,0.0,0.0
2025-03,R10,PADD 1,NTK,Turks and Caicos Islands,14.0,0.0
2025-03,R10,PADD 1,Z00,,23.0,1.0
2025-03,R20,PADD 2,NCA,Canada,123.0,4.0
2025-03,R20,PADD 2,Z00,,123.0,4.0
2025-03,R30,PADD 3,NAA,Aruba,51.0,2.0
2025-03,R30,PADD 3,NAR,Argentina,164.0,5.0
2025-03,R30,PADD 3,NBF,Bahama Islands,45.0,1.0
2025-03,R30,PADD 3,NBH,Belize,15.0,0.0
2025-03,R30,PADD 3,NCA,Canada,1298.0,42.0
2025-03,R30,PADD 3,NCI,Chile,461.0,15.0
2025-03,R30,PADD 3,NCJ,Cayman Islands,12.0,0.0
2025-03,R30,PADD 3,NCO,Colombia,179.0,6.0
2025-03,R30,PADD 3,NCS,Costa Rica,294.0,9.0
2025-03,R30,PADD 3,NDR,Dominican Republic,519.0,17.0
2025-03,R30,PADD 3,NES,El Salvador,102.0,3.0
2025-03,R30,PADD 3,NGT,Guatemala,83.0,3.0
2025-03,R30,PADD 3,NHO,Honduras,47.0,2.0
2025-03,R30,PADD 3,NIS,Israel,333.0,11.0
2025-03,R30,PADD 3,NJM,Jamaica,106.0,3.0
2025-03,R30,PADD 3,NLE,Lebanon,1.0,0.0
2025-03,R30,PADD 3,NMX,Mexico,1318.0,43.0
2025-03,R30,PADD 3,NPE,Peru,194.0,6.0
2025-03,R30,PADD 3,NPM,Panama,580.0,19.0
2025-03,R30,PADD 3,NSP,Spain,325.0,10.0
2025-03,R30,PADD 3,NST,Saint Lucia,200.0,6.0
2025-03,R30,PADD 3,NTD,Trinidad and Tobago,200.0,6.0
2025-03,R30,PADD 3,NUC,Curacao,100.0,3.0
2025-03,R30,PADD 3,NUK,United Kingdom,311.0,10.0
2025-03,R30,PADD 3,NVE,Venezuela,0.0,0.0
2025-03,R30,PADD 3,Z00,,6938.0,224.0
2025-03,R40,PADD 4,NCA,Canada,13.0,0.0
2025-03,R40,PADD 4,Z00,,13.0,0.0
2025-03,R50,PADD 5,NCA,Canada,92.0,3.0
2025-03,R50,PADD 5,NES,El Salvador,74.0,2.0
2025-03,R50,PADD 5,NMX,Mexico,292.0,9.0
2025-03,R50,PADD 5,Z00,,459.0,15.0
2025-04,NUS,U.S.,NAA,Aruba,40.0,1.0
2025-04,NUS,U.S.,NBF,Bahama Islands,51.0,2.0
2025-04,NUS,U.S.,NBH,Belize,25.0,1.0
2025-04,NUS,U.S.,NBR,Brazil,164.0,5.0
2025-04,NUS,U.S.,NCA,Canada,913.0,30.0
2025-04,NUS,U.S.,NCI,Chile,208.0,7.0
2025-04,NUS,U.S.,NCS,Costa Rica,156.0,5.0
2025-04,NUS,U.S.,NDR,Dominican Republic,408.0,14.0
2025-04,NUS,U.S.,NES,El Salvador,44.0,1.0
2025-04,NUS,U.S.,NGT,Guatemala,102.0,3.0
2025-04,NUS,U.S.,NHO,Honduras,47.0,2.0
2025-04,NUS,U.S.,NJM,Jamaica,180.0,6.0
2025-04,NUS,U.S.,NMX,Mexico,1607.0,54.0
2025-04,NUS,U.S.,NPE,Peru,193.0,6.0
2025-04,NUS,U.S.,NPM,Panama,584.0,19.0
2025-04,NUS,U.S.,NPZ,Puerto Rico,0.0,0.0
2025-04,NUS,U.S.,NST,Saint Lucia,201.0,7.0
2025-04,NUS,U.S.,NTD,Trinidad and Tobago,288.0,10.0
2025-04,NUS,U.S.,NTK,Turks and Caicos Islands,14.0,0.0
2025-04,NUS,U.S.,NTW,Taiwan,1.0,0.0
2025-04,NUS,U.S.,NUC,Curacao,80.0,3.0
2025-04,NUS,U.S.,NVE,Venezuela,1.0,0.0
2025-04,NUS,U.S.,NVQ,Virgin Islands,355.0,12.0
2025-04,NUS,U.S.,Z00,,5662.0,189.0
2025-04,R10,PADD 1,NBF,Bahama Islands,11.0,0.0
2025-04,R10,PADD 1,NGT,Guatemala,0.0,0.0
2025-04,R10,PADD 1,NPZ,Puerto Rico,0.0,0.0
2025-04,R10,PADD 1,NTK,Turks and Caicos Islands,14.0,0.0
2025-04,R10,PADD 1,NVE,Venezuela,1.0,0.0
2025-04,R10,PADD 1,Z00,,26.0,1.0
2025-04,R20,PADD 2,NCA,Canada,172.0,6.0
2025-04,R20,PADD 2,Z00,,172.0,6.0
2025-04,R30,PADD 3,NAA,Aruba,40.0,1.0
2025-04,R30,PADD 3,NBF,Bahama Islands,40.0,1.0
2025-04,R30,PADD 3,NBH,Belize,25.0,1.0
2025-04,R30,PADD 3,NBR,Brazil,164.0,5.0
2025-04,R30,PADD 3,NCA,Canada,646.0,22.0
2025-04,R30,PADD 3,NCI,Chile,208.0,7.0
2025-04,R30,PADD 3,NCS,Costa Rica,156.0,5.0
2025-04,R30,PADD 3,NDR,Dominican Republic,408.0,14.0
2025-04,R30,PADD 3,NES,El Salvador,44.0,1.0
2025-04,R30,PADD 3,NGT,Guatemala,102.0,3.0
2025-04,R30,PADD 3,NHO,Honduras,47.0,2.0
2025-04,R30,PADD 3,NJM,Jamaica,180.0,6.0
2025-04,R30,PADD 3,NMX,Mexico,1454.0,48.0
2025-04,R30,PADD 3,NPE,Peru,193.0,6.0
2025-04,R30,PADD 3,NPM,Panama,584.0,19.0
2025-04,R30,PADD 3,NPZ,Puerto Rico,0.0,0.0
2025-04,R30,PADD 3,NST,Saint Lucia,201.0,7.0
2025-04,R30,PADD 3,NTD,Trinidad and Tobago,288.0,10.0
2025-04,R30,PADD 3,NUC,Curacao,80.0,3.0
2025-04,R30,PADD 3,NVQ,Virgin Islands,355.0,12.0
2025-04,R30,PADD 3,Z00,,5215.0,174.0
2025-04,R40,PADD 4,NCA,Canada,16.0,1.0
2025-04,R40,PADD 4,Z00,,16.0,1.0
2025-04,R50,PADD 5,NCA,Canada,78.0,3.0
2025-04,R50,PADD 5,NMX,Mexico,153.0,5.0
2025-04,R50,PADD 5,NTW,Taiwan,1.0,0.0
2025-04,R50,PADD 5,Z00,,233.0,8.0
2025-05,NUS,U.S.,NAA,Aruba,75.0,2.0
2025-05,NUS,U.S.,NBF,Bahama Islands,45.0,1.0
2025-05,NUS,U.S.,NBH,Belize,10.0,0.0
2025-05,NUS,U.S.,NBR,Brazil,298.0,10.0
2025-05,NUS,U.S.,NCA,Canada,1087.0,35.0
2025-05,NUS,U.S.,NCI,Chile,233.0,8.0
2025-05,NUS,U.S.,NCJ,Cayman Islands,0.0,0.0
2025-05,NUS,U.S.,NCS,Costa Rica,193.0,6.0
2025-05,NUS,U.S.,NDR,Dominican Republic,143.0,5.0
2025-05,NUS,U.S.,NES,El Salvador,225.0,7.0
2025-05,NUS,U.S.,NGT,Guatemala,58.0,2.0
2025-05,NUS,U.S.,NHO,Honduras,26.0,1.0
2025-05,NUS,U.S.,NIN,India,0.0,0.0
2025-05,NUS,U.S.,NIS,Israel,333.0,11.0
2025-05,NUS,U.S.,NJM,Jamaica,90.0,3.0
2025-05,NUS,U.S.,NMX,Mexico,1150.0,37.0
2025-05,NUS,U.S.,NPE,Peru,280.0,9.0
2025-05,NUS,U.S.,NPM,Panama,469.0,15.0
2025-05,NUS,U.S.,NSA,Saudi Arabia,0.0,0.0
2025-05,NUS,U.S.,NSW,Sweden,310.0,10.0
2025-05,NUS,U.S.,NTD,Trinidad and Tobago,219.0,7.0
2025-05,NUS,U.S.,NTK,Turks and Caicos Islands,9.0,0.0
2025-05,NUS,U.S.,NTU,Turkiye,0.0,0.0
2025-05,NUS,U.S.,NUC,Curacao,146.0,5.0
2025-05,NUS,U.S.,NUK,United Kingdom,312.0,10.0
2025-05,NUS,U.S.,NVQ,Virgin Islands,522.0,17.0
2025-05,NUS,U.S.,Z00,,6234.0,201.0
2025-05,R10,PADD 1,NBF,Bahama Islands,7.0,0.0
2025-05,R10,PADD 1,NCJ,Cayman Islands,0.0,0.0
2025-05,R10,PADD 1,NCS,Costa Rica,0.0,0.0
2025-05,R10,PADD 1,NIN,India,0.0,0.0
2025-05,R10,PADD 1,NSA,Saudi Arabia,0.0,0.0
2025-05,R10,PADD 1,NTK,Turks and Caicos Islands,9.0,0.0
2025-05,R10,PADD 1,NTU,Turkiye,0.0,0.0
2025-05,R10,PADD 1,Z00,,16.0,1.0
2025-05,R20,PADD 2,NCA,Canada,165.0,5.0
2025-05,R20,PADD 2,NIN,India,0.0,0.0
2025-05,R20,PADD 2,Z00,,165.0,5.0
2025-05,R30,PADD 3,NAA,Aruba,75.0,2.0
2025-05,R30,PADD 3,NBF,Bahama Islands,38.0,1.0
2025-05,R30,PADD 3,NBH,Belize,10.0,0.0
2025-05,R30,PADD 3,NBR,Brazil,298.0,10.0
2025-05,R30,PADD 3,NCA,Canada,818.0,26.0
2025-05,R30,PADD 3,NCI,Chile,233.0,8.0
2025-05,R30,PADD 3,NCS,Costa Rica,193.0,6.0
2025-05,R30,PADD 3,NDR,Dominican Republic,143.0,5.0
2025-05,R30,PADD 3,NES,El Salvador,94.0,3.0
2025-05,R30,PADD 3,NGT,Guatemala,58.0,2.0
2025-05,R30,PADD 3,NHO,Honduras,26.0,1.0
2025-05,R30,PADD 3,NIS,Israel,333.0,11.0
2025-05,R30,PADD 3,NJM,Jamaica,90.0,3.0
2025-05,R30,PADD 3,NMX,Mexico,960.0,31.0
2025-05,R30,PADD 3,NPE,Peru,280.0,9.0
2025-05,R30,PADD 3,NPM,Panama,469.0,15.0
2025-05,R30,PADD 3,NSW,Sweden,310.0,10.0
2025-05,R30,PADD 3,NTD,Trinidad and Tobago,219.0,7.0
2025-05,R30,PADD 3,NUC,Curacao,146.0,5.0
2025-05,R30,PADD 3,NUK,United Kingdom,312.0,10.0
2025-05,R30,PADD 3,NVQ,Virgin Islands,522.0,17.0
2025-05,R30,PADD 3,Z00,,5629.0,182.0
2025-05,R40,PADD 4,NCA,Canada,6.0,0.0
2025-05,R40,PADD 4,Z00,,6.0,0.0
2025-05,R50,PADD 5,NCA,Canada,98.0,3.0
2025-05,R50,PADD 5,NES,El Salvador,131.0,4.0
2025-05,R50,PADD 5,NMX,Mexico,190.0,6.0
2025-05,R50,PADD 5,Z00,,419.0,14.0
2025-06,NUS,U.S.,NAA,Aruba,65.0,2.0
2025-06,NUS,U.S.,NBF,Bahama Islands,37.0,1.0
2025-06,NUS,U.S.,NBH,Belize,15.0,1.0
2025-06,NUS,U.S.,NBR,Brazil,768.0,26.0
2025-06,NUS,U.S.,NCA,Canada,1460.0,49.0
2025-06,NUS,U.S.,NCH,China,0.0,0.0
2025-06,NUS,U.S.,NCI,Chile,422.0,14.0
2025-06,NUS,U.S.,NCJ,Cayman Islands,8.0,0.0
2025-06,NUS,U.S.,NCS,Costa Rica,181.0,6.0
2025-06,NUS,U.S.,NDR,Dominican Republic,371.0,12.0
2025-06,NUS,U.S.,NEC,Ecuador,130.0,4.0
2025-06,NUS,U.S.,NES,El Salvador,57.0,2.0
2025-06,NUS,U.S.,NGT,Guatemala,79.0,3.0
2025-06,NUS,U.S.,NHO,Honduras,60.0,2.0
2025-06,NUS,U.S.,NIN,India,0.0,0.0
2025-06,NUS,U.S.,NJM,Jamaica,90.0,3.0
2025-06,NUS,U.S.,NMX,Mexico,1082.0,36.0
2025-06,NUS,U.S.,NNL,Netherlands,970.0,32.0
2025-06,NUS,U.S.,NNS,Suriname,0.0,0.0
2025-06,NUS,U.S.,NNU,Nicaragua,0.0,0.0
2025-06,NUS,U.S.,NPE,Peru,196.0,7.0
2025-06,NUS,U.S.,NPM,Panama,621.0,21.0
2025-06,NUS,U.S.,NTD,Trinidad and Tobago,210.0,7.0
2025-06,NUS,U.S.,NTK,Turks and Caicos Islands,3.0,0.0
2025-06,NUS,U.S.,NUC,Curacao,108.0,4.0
2025-06,NUS,U.S.,NUK,United Kingdom,410.0,14.0
2025-06,NUS,U.S.,NVQ,Virgin Islands,200.0,7.0
2025-06,NUS,U.S.,Z00,,7544.0,251.0
2025-06,R10,PADD 1,NBF,Bahama Islands,7.0,0.0
2025-06,R10,PADD 1,NBR,Brazil,0.0,0.0
2025-06,R10,PADD 1,NCA,Canada,129.0,4.0
2025-06,R10,PADD 1,NIN,India,0.0,0.0
2025-06,R10,PADD 1,NNS,Suriname,0.0,0.0
2025-06,R10,PADD 1,NNU,Nicaragua,0.0,0.0
2025-06,R10,PADD 1,NPM,Panama,0.0,0.0
2025-06,R10,PADD 1,NTK,Turks and Caicos Islands,3.0,0.0
2025-06,R10,PADD 1,Z00,,140.0,5.0
2025-06,R20,PADD 2,NCA,Canada,159.0,5.0
2025-06,R20,PADD 2,NCH,China,0.0,0.0
2025-06,R20,PADD 2,Z00,,159.0,5.0
2025-06,R30,PADD 3,NAA,Aruba,65.0,2.0
2025-06,R30,PADD 3,NBF,Bahama Islands,30.0,1.0
2025-06,R30,PADD 3,NBH,Belize,15.0,1.0
2025-06,R30,PADD 3,NBR,Brazil,768.0,26.0
2025-06,R30,PADD 3,NCA,Canada,1086.0,36.0
2025-06,R30,PADD 3,NCI,Chile,422.0,14.0
2025-06,R30,PADD 3,NCJ,Cayman Islands,8.0,0.0
2025-06,R30,PADD 3,NCS,Costa Rica,181.0,6.0
2025-06,R30,PADD 3,NDR,Dominican Republic,371.0,12.0
2025-06,R30,PADD 3,NEC,Ecuador,130.0,4.0
2025-06,R30,PADD 3,NES,El Salvador,57.0,2.0
2025-06,R30,PADD 3,NGT,Guatemala,79.0,3.0
2025-06,R30,PADD 3,NHO,Honduras,60.0,2.0
2025-06,R30,PADD 3,NJM,Jamaica,90.0,3.0
2025-06,R30,PADD 3,NMX,Mexico,861.0,29.0
2025-06,R30,PADD 3,NNL,Netherlands,970.0,32.0
2025-06,R30,PADD 3,NPE,Peru,196.0,7.0
2025-06,R30,PADD 3,NPM,Panama,621.0,21.0
2025-06,R30,PADD 3,NTD,Trinidad and Tobago,210.0,7.0
2025-06,R30,PADD 3,NUC,Curacao,108.0,4.0
2025-06,R30,PADD 3,NUK,United Kingdom,410.0,14.0
2025-06,R30,PADD 3,NVQ,Virgin Islands,200.0,7.0
2025-06,R30,PADD 3,Z00,,6938.0,231.0
2025-06,R40,PADD 4,NCA,Canada,4.0,0.0
2025-06,R40,PADD 4,Z00,,4.0,0.0
2025-06,R50,PADD 5,NCA,Canada,81.0,3.0
2025-06,R50,PADD 5,NMX,Mexico,222.0,7.0
2025-06,R50,PADD 5,Z00,,302.0,10.0
2025-07,NUS,U.S.,NAA,Aruba,70.0,2.0
2025-07,NUS,U.S.,NAR,Argentina,35.0,1.0
2025-07,NUS,U.S.,NBE,Belgium,1.0,0.0
2025-07,NUS,U.S.,NBF,Bahama Islands,45.0,1.0
2025-07,NUS,U.S.,NBH,Belize,35.0,1.0
2025-07,NUS,U.S.,NBR,Brazil,115.0,4.0
2025-07,NUS,U.S.,NCA,Canada,1000.0,32.0
2025-07,NUS,U.S.,NCI,Chile,75.0,2.0
2025-07,NUS,U.S.,NCJ,Cayman Islands,12.0,0.0
2025-07,NUS,U.S.,NCS,Costa Rica,209.0,7.0
2025-07,NUS,U.S.,NDR,Dominican Republic,118.0,4.0
2025-07,NUS,U.S.,NES,El Salvador,202.0,7.0
2025-07,NUS,U.S.,NGT,Guatemala,128.0,4.0
2025-07,NUS,U.S.,NHO,Honduras,61.0,2.0
2025-07,NUS,U.S.,NIS,Israel,333.0,11.0
2025-07,NUS,U.S.,NIT,Italy,0.0,0.0
2025-07,NUS,U.S.,NJA,Japan,0.0,0.0
2025-07,NUS,U.S.,NJM,Jamaica,90.0,3.0
2025-07,NUS,U.S.,NMX,Mexico,1949.0,63.0
2025-07,NUS,U.S.,NMY,Malaysia,2.0,0.0
2025-07,NUS,U.S.,NPE,Peru,259.0,8.0
2025-07,NUS,U.S.,NPL,Poland,0.0,0.0
2025-07,NUS,U.S.,NPM,Panama,629.0,20.0
2025-07,NUS,U.S.,NSC,Saint Kitts and Nevis,0.0,0.0
2025-07,NUS,U.S.,NTD,Trinidad and Tobago,220.0,7.0
2025-07,NUS,U.S.,NTK,Turks and Caicos Islands,2.0,0.0
2025-07,NUS,U.S.,NTU,Turkiye,0.0,0.0
2025-07,NUS,U.S.,NUC,Curacao,100.0,3.0
2025-07,NUS,U.S.,NUK,United Kingdom,0.0,0.0
2025-07,NUS,U.S.,NVQ,Virgin Islands,113.0,4.0
2025-07,NUS,U.S.,Z00,,5803.0,187.0
2025-07,R10,PADD 1,NBE,Belgium,1.0,0.0
2025-07,R10,PADD 1,NBF,Bahama Islands,8.0,0.0
2025-07,R10,PADD 1,NCA,Canada,72.0,2.0
2025-07,R10,PADD 1,NIT,Italy,0.0,0.0
2025-07,R10,PADD 1,NSC,Saint Kitts and Nevis,0.0,0.0
2025-07,R10,PADD 1,NTK,Turks and Caicos Islands,2.0,0.0
2025-07,R10,PADD 1,Z00,,82.0,3.0
2025-07,R20,PADD 2,NCA,Canada,139.0,4.0
2025-07,R20,PADD 2,Z00,,139.0,4.0
2025-07,R30,PADD 3,NAA,Aruba,70.0,2.0
2025-07,R30,PADD 3,NAR,Argentina,35.0,1.0
2025-07,R30,PADD 3,NBF,Bahama Islands,37.0,1.0
2025-07,R30,PADD 3,NBH,Belize,35.0,1.0
2025-07,R30,PADD 3,NBR,Brazil,115.0,4.0
2025-07,R30,PADD 3,NCA,Canada,684.0,22.0
2025-07,R30,PADD 3,NCI,Chile,75.0,2.0
2025-07,R30,PADD 3,NCJ,Cayman Islands,12.0,0.0
2025-07,R30,PADD 3,NCS,Costa Rica,209.0,7.0
2025-07,R30,PADD 3,NDR,Dominican Republic,118.0,4.0
2025-07,R30,PADD 3,NES,El Salvador,42.0,1.0
2025-07,R30,PADD 3,NGT,Guatemala,128.0,4.0
2025-07,R30,PADD 3,NHO,Honduras,61.0,2.0
2025-07,R30,PADD 3,NIS,Israel,333.0,11.0
2025-07,R30,PADD 3,NJM,Jamaica,90.0,3.0
2025-07,R30,PADD 3,NMX,Mexico,1758.0,57.0
2025-07,R30,PADD 3,NPE,Peru,259.0,8.0
2025-07,R30,PADD 3,NPL,Poland,0.0,0.0
2025-07,R30,PADD 3,NPM,Panama,629.0,20.0
2025-07,R30,PADD 3,NTD,Trinidad and Tobago,220.0,7.0
2025-07,R30,PADD 3,NTU,Turkey,0.0,0.0
2025-07,R30,PADD 3,NUC,Curacao,100.0,3.0
2025-07,R30,PADD 3,NUK,United Kingdom,0.0,0.0
2025-07,R30,PADD 3,NVQ,Virgin Islands,113.0,4.0
2025-07,R30,PADD 3,Z00,,5124.0,165.0
2025-07,R40,PADD 4,NCA,Canada,9.0,0.0
2025-07,R40,PADD 4,Z00,,9.0,0.0
2025-07,R50,PADD 5,NCA,Canada,96.0,3.0
2025-07,R50,PADD 5,NES,El Salvador,160.0,5.0
2025-07,R50,PADD 5,NJA,Japan,0.0,0.0
2025-07,R50,PADD 5,NMX,Mexico,191.0,6.0
2025-07,R50,PADD 5,NMY,Malaysia,2.0,0.0
2025-07,R50,PADD 5,Z00,,449.0,14.0
2025-08,NUS,U.S.,NAA,Aruba,65.0,2.0
2025-08,NUS,U.S.,NAR,Argentina,0.0,0.0
2025-08,NUS,U.S.,NBE,Belgium,0.0,0.0
2025-08,NUS,U.S.,NBF,Bahama Islands,102.0,3.0
2025-08,NUS,U.S.,NBH,Belize,10.0,0.0
2025-08,NUS,U.S.,NBR,Brazil,433.0,14.0
2025-08,NUS,U.S.,NCA,Canada,1410.0,45.0
2025-08,NUS,U.S.,NCI,Chile,404.0,13.0
2025-08,NUS,U.S.,NCJ,Cayman Islands,0.0,0.0
2025-08,NUS,U.S.,NCS,Costa Rica,84.0,3.0
2025-08,NUS,U.S.,NDR,Dominican Republic,261.0,8.0
2025-08,NUS,U.S.,NES,El Salvador,90.0,3.0
2025-08,NUS,U.S.,NGT,Guatemala,149.0,5.0
2025-08,NUS,U.S.,NHO,Honduras,59.0,2.0
2025-08,NUS,U.S.,NIN,India,0.0,0.0
2025-08,NUS,U.S.,NIS,Israel,0.0,0.0
2025-08,NUS,U.S.,NIT,Italy,0.0,0.0
2025-08,NUS,U.S.,NJA,Japan,0.0,0.0
2025-08,NUS,U.S.,NJM,Jamaica,180.0,6.0
2025-08,NUS,U.S.,NMX,Mexico,1394.0,45.0
2025-08,NUS,U.S.,NMY,Malaysia,0.0,0.0
2025-08,NUS,U.S.,NNS,Suriname,0.0,0.0
2025-08,NUS,U.S.,NPE,Peru,250.0,8.0
2025-08,NUS,U.S.,NPL,Poland,0.0,0.0
2025-08,NUS,U.S.,NPM,Panama,493.0,16.0
2025-08,NUS,U.S.,NPZ,Puerto Rico,2.0,0.0
2025-08,NUS,U.S.,NSA,Saudi Arabia,0.0,0.0
2025-08,NUS,U.S.,NSC,Saint Kitts and Nevis,0.0,0.0
2025-08,NUS,U.S.,NST,Saint Lucia,105.0,3.0
2025-08,NUS,U.S.,NSW,Sweden,315.0,10.0
2025-08,NUS,U.S.,NTC,United Arab Emirates,0.0,0.0
2025-08,NUS,U.S.,NTD,Trinidad and Tobago,188.0,6.0
2025-08,NUS,U.S.,NTK,Turks and Caicos Islands,0.0,0.0
2025-08,NUS,U.S.,NTU,Turkiye,0.0,0.0
2025-08,NUS,U.S.,NUC,Curacao,150.0,5.0
2025-08,NUS,U.S.,NUK,United Kingdom,0.0,0.0
2025-08,NUS,U.S.,NVQ,Virgin Islands,116.0,4.0
2025-08,NUS,U.S.,Z00,,6263.0,202.0
2025-08,R10,PADD 1,NBE,Belgium,0.0,0.0
2025-08,R10,PADD 1,NBF,Bahama Islands,3.0,0.0
2025-08,R10,PADD 1,NBR,Brazil,0.0,0.0
2025-08,R10,PADD 1,NCA,Canada,0.0,0.0
2025-08,R10,PADD 1,NIN,India,0.0,0.0
2025-08,R10,PADD 1,NIT,Italy,0.0,0.0
2025-08,R10,PADD 1,NNS,Suriname,0.0,0.0
2025-08,R10,PADD 1,NPZ,Puerto Rico,2.0,0.0
2025-08,R10,PADD 1,NSC,Saint Kitts and Nevis,0.0,0.0
2025-08,R10,PADD 1,NTK,Turks and Caicos Islands,0.0,0.0
2025-08,R10,PADD 1,Z00,,5.0,0.0
2025-08,R20,PADD 2,NCA,Canada,168.0,5.0
2025-08,R20,PADD 2,Z00,,168.0,5.0
2025-08,R30,PADD 3,NAA,Aruba,65.0,2.0
2025-08,R30,PADD 3,NAR,Argentina,0.0,0.0
2025-08,R30,PADD 3,NBF,Bahama Islands,100.0,3.0
2025-08,R30,PADD 3,NBH,Belize,10.0,0.0
2025-08,R30,PADD 3,NBR,Brazil,433.0,14.0
2025-08,R30,PADD 3,NCA,Canada,1140.0,37.0
2025-08,R30,PADD 3,NCI,Chile,404.0,13.0
2025-08,R30,PADD 3,NCJ,Cayman Islands,0.0,0.0
2025-08,R30,PADD 3,NCS,Costa Rica,84.0,3.0
2025-08,R30,PADD 3,NDR,Dominican Republic,261.0,8.0
2025-08,R30,PADD 3,NES,El Salvador,0.0,0.0
2025-08,R30,PADD 3,NGT,Guatemala,149.0,5.0
2025-08,R30,PADD 3,NHO,Honduras,59.0,2.0
2025-08,R30,PADD 3,NIS,Israel,0.0,0.0
2025-08,R30,PADD 3,NJM,Jamaica,180.0,6.0
2025-08,R30,PADD 3,NMX,Mexico,1144.0,37.0
2025-08,R30,PADD 3,NPE,Peru,250.0,8.0
2025-08,R30,PADD 3,NPL,Poland,0.0,0.0
2025-08,R30,PADD 3,NPM,Panama,493.0,16.0
2025-08,R30,PADD 3,NSA,Saudi Arabia,0.0,0.0
2025-08,R30,PADD 3,NST,Saint Lucia,105.0,3.0
2025-08,R30,PADD 3,NSW,Sweden,315.0,10.0
2025-08,R30,PADD 3,NTD,Trinidad and Tobago,188.0,6.0
2025-08,R30,PADD 3,NTU,Turkey,0.0,0.0
2025-08,R30,PADD 3,NUC,Curacao,150.0,5.0
2025-08,R30,PADD 3,NUK,United Kingdom,0.0,0.0
2025-08,R30,PADD 3,NVQ,Virgin Islands,116.0,4.0
2025-08,R30,PADD 3,Z00,,5648.0,182.0
2025-08,R40,PADD 4,NCA,Canada,14.0,0.0
2025-08,R40,PADD 4,Z00,,14.0,0.0
2025-08,R50,PADD 5,NCA,Canada,88.0,3.0
2025-08,R50,PADD 5,NES,El Salvador,90.0,3.0
2025-08,R50,PADD 5,NJA,Japan,0.0,0.0
2025-08,R50,PADD 5,NMX,Mexico,250.0,8.0
2025-08,R50,PADD 5,NMY,Malaysia,0.0,0.0
2025-08,R50,PADD 5,NTC,United Arab Emirates,0.0,0.0
2025-08,R50,PADD 5,Z00,,429.0,14.0
2025-09,NUS,U.S.,NAA,Aruba,0.0,0.0
2025-09,NUS,U.S.,NBF,Bahama Islands,1.0,0.0
2025-09,NUS,U.S.,NBH,Belize,12.0,0.0
2025-09,NUS,U.S.,NBR,Brazil,652.0,22.0
2025-09,NUS,U.S.,NCA,Canada,1443.0,48.0
2025-09,NUS,U.S.,NCI,Chile,397.0,13.0
2025-09,NUS,U.S.,NCS,Costa Rica,144.0,5.0
2025-09,NUS,U.S.,NDR,Dominican Republic,250.0,8.0
2025-09,NUS,U.S.,NES,El Salvador,98.0,3.0
2025-09,NUS,U.S.,NGT,Guatemala,63.0,2.0
2025-09,NUS,U.S.,NHO,Honduras,31.0,1.0
2025-09,NUS,U.S.,NIN,India,0.0,0.0
2025-09,NUS,U.S.,NIS,Israel,333.0,11.0
2025-09,NUS,U.S.,NJM,Jamaica,90.0,3.0
2025-09,NUS,U.S.,NMX,Mexico,1711.0,57.0
2025-09,NUS,U.S.,NNS,Suriname,0.0,0.0
2025-09,NUS,U.S.,NPE,Peru,215.0,7.0
2025-09,NUS,U.S.,NPM,Panama,781.0,26.0
2025-09,NUS,U.S.,NPZ,Puerto Rico,0.0,0.0
2025-09,NUS,U.S.,NRO,Romania,1.0,0.0
2025-09,NUS,U.S.,NSA,Saudi Arabia,0.0,0.0
2025-09,NUS,U.S.,NST,Saint Lucia,0.0,0.0
2025-09,NUS,U.S.,NSW,Sweden,0.0,0.0
2025-09,NUS,U.S.,NTC,United Arab Emirates,0.0,0.0
2025-09,NUS,U.S.,NTD,Trinidad and Tobago,180.0,6.0
2025-09,NUS,U.S.,NTK,Turks and Caicos Islands,0.0,0.0
2025-09,NUS,U.S.,NUC,Curacao,90.0,3.0
2025-09,NUS,U.S.,NUK,United Kingdom,609.0,20.0
2025-09,NUS,U.S.,NVQ,Virgin Islands,0.0,0.0
2025-09,NUS,U.S.,Z00,,7104.0,237.0
2025-09,R10,PADD 1,NBF,Bahama Islands,1.0,0.0
2025-09,R10,PADD 1,NBR,Brazil,0.0,0.0
2025-09,R10,PADD 1,NCA,Canada,3.0,0.0
2025-09,R10,PADD 1,NGT,Guatemala,0.0,0.0
2025-09,R10,PADD 1,NIN,India,0.0,0.0
2025-09,R10,PADD 1,NJM,Jamaica,0.0,0.0
2025-09,R10,PADD 1,NNS,Suriname,0.0,0.0
2025-09,R10,PADD 1,NPZ,Puerto Rico,0.0,0.0
2025-09,R10,PADD 1,NTK,Turks and Caicos Islands,0.0,0.0
2025-09,R10,PADD 1,Z00,,6.0,0.0
2025-09,R20,PADD 2,NCA,Canada,277.0,9.0
2025-09,R20,PADD 2,Z00,,277.0,9.0
2025-09,R30,PADD 3,NAA,Aruba,0.0,0.0
2025-09,R30,PADD 3,NBF,Bahama Islands,0.0,0.0
2025-09,R30,PADD 3,NBH,Belize,12.0,0.0
2025-09,R30,PADD 3,NBR,Brazil,652.0,22.0
2025-09,R30,PADD 3,NCA,Canada,749.0,25.0
2025-09,R30,PADD 3,NCI,Chile,397.0,13.0
2025-09,R30,PADD 3,NCS,Costa Rica,144.0,5.0
2025-09,R30,PADD 3,NDR,Dominican Republic,250.0,8.0
2025-09,R30,PADD 3,NES,El Salvador,40.0,1.0
2025-09,R30,PADD 3,NGT,Guatemala,63.0,2.0
2025-09,R30,PADD 3,NHO,Honduras,31.0,1.0
2025-09,R30,PADD 3,NIS,Israel,333.0,11.0
2025-09,R30,PADD 3,NJM,Jamaica,90.0,3.0
2025-09,R30,PADD 3,NMX,Mexico,1411.0,47.0
2025-09,R30,PADD 3,NPE,Peru,215.0,7.0
2025-09,R30,PADD 3,NPM,Panama,781.0,26.0
2025-09,R30,PADD 3,NSA,Saudi Arabia,0.0,0.0
2025-09,R30,PADD 3,NST,Saint Lucia,0.0,0.0
2025-09,R30,PADD 3,NSW,Sweden,0.0,0.0
2025-09,R30,PADD 3,NTD,Trinidad and Tobago,180.0,6.0
2025-09,R30,PADD 3,NUC,Curacao,90.0,3.0
2025-09,R30,PADD 3,NUK,United Kingdom,609.0,20.0
2025-09,R30,PADD 3,NVQ,Virgin Islands,0.0,0.0
2025-09,R30,PADD 3,Z00,,6049.0,202.0
2025-09,R40,PADD 4,NCA,Canada,13.0,0.0
2025-09,R40,PADD 4,Z00,,13.0,0.0
2025-09,R50,PADD 5,NCA,Canada,400.0,13.0
2025-09,R50,PADD 5,NES,El Salvador,58.0,2.0
2025-09,R50,PADD 5,NMX,Mexico,300.0,10.0
2025-09,R50,PADD 5,NRO,Romania,1.0,0.0
2025-09,R50,PADD 5,NTC,United Arab Emirates,0.0,0.0
2025-09,R50,PADD 5,Z00,,760.0,25.0
2025-10,NUS,U.S.,NBA,Bahrain,1.0,0.0
2025-10,NUS,U.S.,NBF,Bahama Islands,18.0,1.0
2025-10,NUS,U.S.,NBH,Belize,12.0,0.0
2025-10,NUS,U.S.,NBR,Brazil,940.0,30.0
2025-10,NUS,U.S.,NCA,Canada,672.0,22.0
2025-10,NUS,U.S.,NCI,Chile,134.0,4.0
2025-10,NUS,U.S.,NCJ,Cayman Islands,6.0,0.0
2025-10,NUS,U.S.,NCS,Costa Rica,155.0,5.0
2025-10,NUS,U.S.,NDR,Dominican Republic,151.0,5.0
2025-10,NUS,U.S.,NES,El Salvador,131.0,4.0
2025-10,NUS,U.S.,NGT,Guatemala,64.0,2.0
2025-10,NUS,U.S.,NHO,Honduras,66.0,2.0
2025-10,NUS,U.S.,NIN,India,0.0,0.0
2025-10,NUS,U.S.,NIS,Israel,0.0,0.0
2025-10,NUS,U.S.,NJM,Jamaica,40.0,1.0
2025-10,NUS,U.S.,NMX,Mexico,720.0,23.0
2025-10,NUS,U.S.,NPE,Peru,172.0,6.0
2025-10,NUS,U.S.,NPM,Panama,512.0,17.0
2025-10,NUS,U.S.,NPZ,Puerto Rico,49.0,2.0
2025-10,NUS,U.S.,NRO,Romania,0.0,0.0
2025-10,NUS,U.S.,NST,Saint Lucia,149.0,5.0
2025-10,NUS,U.S.,NTD,Trinidad and Tobago,180.0,6.0
2025-10,NUS,U.S.,NTK,Turks and Caicos Islands,1.0,0.0
2025-10,NUS,U.S.,NTW,Taiwan,0.0,0.0
2025-10,NUS,U.S.,NUC,Curacao,140.0,5.0
2025-10,NUS,U.S.,NUK,United Kingdom,212.0,7.0
2025-10,NUS,U.S.,NVQ,Virgin Islands,103.0,3.0
2025-10,NUS,U.S.,Z00,,4626.0,149.0
2025-10,R10,PADD 1,NBA,Bahrain,1.0,0.0
2025-10,R10,PADD 1,NBF,Bahama Islands,3.0,0.0
2025-10,R10,PADD 1,NCA,Canada,132.0,4.0
2025-10,R10,PADD 1,NGT,Guatemala,0.0,0.0
2025-10,R10,PADD 1,NIN,India,0.0,0.0
2025-10,R10,PADD 1,NJM,Jamaica,0.0,0.0
2025-10,R10,PADD 1,NPM,Panama,0.0,0.0
2025-10,R10,PADD 1,NTK,Turks and Caicos Islands,1.0,0.0
2025-10,R10,PADD 1,Z00,,136.0,4.0
2025-10,R20,PADD 2,NCA,Canada,222.0,7.0
2025-10,R20,PADD 2,Z00,,222.0,7.0
2025-10,R30,PADD 3,NBF,Bahama Islands,15.0,0.0
2025-10,R30,PADD 3,NBH,Belize,12.0,0.0
2025-10,R30,PADD 3,NBR,Brazil,940.0,30.0
2025-10,R30,PADD 3,NCA,Canada,220.0,7.0
2025-10,R30,PADD 3,NCI,Chile,134.0,4.0
2025-10,R30,PADD 3,NCJ,Cayman Islands,6.0,0.0
2025-10,R30,PADD 3,NCS,Costa Rica,155.0,5.0
2025-10,R30,PADD 3,NDR,Dominican Republic,151.0,5.0
2025-10,R30,PADD 3,NES,El Salvador,91.0,3.0
2025-10,R30,PADD 3,NGT,Guatemala,64.0,2.0
2025-10,R30,PADD 3,NHO,Honduras,66.0,2.0
2025-10,R30,PADD 3,NIS,Israel,0.0,0.0
2025-10,R30,PADD 3,NJM,Jamaica,40.0,1.0
2025-10,R30,PADD 3,NMX,Mexico,560.0,18.0
2025-10,R30,PADD 3,NPE,Peru,172.0,6.0
2025-10,R30,PADD 3,NPM,Panama,512.0,17.0
2025-10,R30,PADD 3,NPZ,Puerto Rico,49.0,2.0
2025-10,R30,PADD 3,NST,Saint Lucia,149.0,5.0
2025-10,R30,PADD 3,NTD,Trinidad and Tobago,180.0,6.0
2025-10,R30,PADD 3,NUC,Curacao,140.0,5.0
2025-10,R30,PADD 3,NUK,United Kingdom,212.0,7.0
2025-10,R30,PADD 3,NVQ,Virgin Islands,103.0,3.0
2025-10,R30,PADD 3,Z00,,3970.0,128.0
2025-10,R40,PADD 4,NCA,Canada,5.0,0.0
2025-10,R40,PADD 4,Z00,,5.0,0.0
2025-10,R50,PADD 5,NCA,Canada,93.0,3.0
2025-10,R50,PADD 5,NES,El Salvador,40.0,1.0
2025-10,R50,PADD 5,NMX,Mexico,160.0,5.0
2025-10,R50,PADD 5,NRO,Romania,0.0,0.0
2025-10,R50,PADD 5,NTW,Taiwan,0.0,0.0
2025-10,R50,PADD 5,Z00,,293.0,9.0
2025-11,NUS,U.S.,NAA,Aruba,85.0,3.0
2025-11,NUS,U.S.,NAR,Argentina,119.0,4.0
2025-11,NUS,U.S.,NBF,Bahama Islands,21.0,1.0
2025-11,NUS,U.S.,NBH,Belize,22.0,1.0
2025-11,NUS,U.S.,NCA,Canada,1282.0,43.0
2025-11,NUS,U.S.,NCI,Chile,380.0,13.0
2025-11,NUS,U.S.,NCS,Costa Rica,105.0,3.0
2025-11,NUS,U.S.,NDR,Dominican Republic,150.0,5.0
2025-11,NUS,U.S.,NES,El Salvador,179.0,6.0
2025-11,NUS,U.S.,NGT,Guatemala,119.0,4.0
2025-11,NUS,U.S.,NHO,Honduras,61.0,2.0
2025-11,NUS,U.S.,NIS,Israel,333.0,11.0
2025-11,NUS,U.S.,NJM,Jamaica,40.0,1.0
2025-11,NUS,U.S.,NKS,Korea,1.0,0.0
2025-11,NUS,U.S.,NMX,Mexico,1075.0,36.0
2025-11,NUS,U.S.,NNL,Netherlands,236.0,8.0
2025-11,NUS,U.S.,NPE,Peru,404.0,13.0
2025-11,NUS,U.S.,NPM,Panama,664.0,22.0
2025-11,NUS,U.S.,NSP,Spain,1.0,0.0
2025-11,NUS,U.S.,NTD,Trinidad and Tobago,220.0,7.0
2025-11,NUS,U.S.,NTK,Turks and Caicos Islands,1.0,0.0
2025-11,NUS,U.S.,NUC,Curacao,80.0,3.0
2025-11,NUS,U.S.,NUK,United Kingdom,855.0,29.0
2025-11,NUS,U.S.,NVE,Venezuela,0.0,0.0
2025-11,NUS,U.S.,NVQ,Virgin Islands,90.0,3.0
2025-11,NUS,U.S.,Z00,,6523.0,217.0
2025-11,R10,PADD 1,NBF,Bahama Islands,5.0,0.0
2025-11,R10,PADD 1,NCA,Canada,651.0,22.0
2025-11,R10,PADD 1,NTK,Turks and Caicos Islands,1.0,0.0
2025-11,R10,PADD 1,NVE,Venezuela,0.0,0.0
2025-11,R10,PADD 1,Z00,,658.0,22.0
2025-11,R20,PADD 2,NCA,Canada,192.0,6.0
2025-11,R20,PADD 2,Z00,,192.0,6.0
2025-11,R30,PADD 3,NAA,Aruba,85.0,3.0
2025-11,R30,PADD 3,NAR,Argentina,119.0,4.0
2025-11,R30,PADD 3,NBF,Bahama Islands,15.0,1.0
2025-11,R30,PADD 3,NBH,Belize,22.0,1.0
2025-11,R30,PADD 3,NCA,Canada,75.0,2.0
2025-11,R30,PADD 3,NCI,Chile,380.0,13.0
2025-11,R30,PADD 3,NCS,Costa Rica,105.0,3.0
2025-11,R30,PADD 3,NDR,Dominican Republic,150.0,5.0
2025-11,R30,PADD 3,NES,El Salvador,100.0,3.0
2025-11,R30,PADD 3,NGT,Guatemala,119.0,4.0
2025-11,R30,PADD 3,NHO,Honduras,61.0,2.0
2025-11,R30,PADD 3,NIS,Israel,333.0,11.0
2025-11,R30,PADD 3,NJM,Jamaica,40.0,1.0
2025-11,R30,PADD 3,NMX,Mexico,853.0,28.0
2025-11,R30,PADD 3,NNL,Netherlands,236.0,8.0
2025-11,R30,PADD 3,NPE,Peru,404.0,13.0
2025-11,R30,PADD 3,NPM,Panama,664.0,22.0
2025-11,R30,PADD 3,NSP,Spain,1.0,0.0
2025-11,R30,PADD 3,NTD,Trinidad and Tobago,220.0,7.0
2025-11,R30,PADD 3,NUC,Curacao,80.0,3.0
2025-11,R30,PADD 3,NUK,United Kingdom,855.0,29.0
2025-11,R30,PADD 3,NVQ,Virgin Islands,90.0,3.0
2025-11,R30,PADD 3,Z00,,5007.0,167.0
2025-11,R40,PADD 4,NCA,Canada,6.0,0.0
2025-11,R40,PADD 4,Z00,,6.0,0.0
2025-11,R50,PADD 5,NCA,Canada,358.0,12.0
2025-11,R50,PADD 5,NES,El Salvador,79.0,3.0
2025-11,R50,PADD 5,NKS,Korea,1.0,0.0
2025-11,R50,PADD 5,NMX,Mexico,223.0,7.0
2025-11,R50,PADD 5,Z00,,661.0,22.0
2025-12,NUS,U.S.,NAA,Aruba,90.0,3.0
2025-12,NUS,U.S.,NAC,Antigua and Barbuda,56.0,2.0
2025-12,NUS,U.S.,NBE,Belgium,0.0,0.0
2025-12,NUS,U.S.,NBF,Bahama Islands,38.0,1.0
2025-12,NUS,U.S.,NBH,Belize,10.0,0.0
2025-12,NUS,U.S.,NBR,Brazil,652.0,21.0
2025-12,NUS,U.S.,NCA,Canada,1446.0,47.0
2025-12,NUS,U.S.,NCI,Chile,460.0,15.0
2025-12,NUS,U.S.,NCJ,Cayman Islands,12.0,0.0
2025-12,NUS,U.S.,NCO,Colombia,55.0,2.0
2025-12,NUS,U.S.,NCS,Costa Rica,263.0,8.0
2025-12,NUS,U.S.,NDR,Dominican Republic,452.0,15.0
2025-12,NUS,U.S.,NES,El Salvador,125.0,4.0
2025-12,NUS,U.S.,NGT,Guatemala,85.0,3.0
2025-12,NUS,U.S.,NHO,Honduras,29.0,1.0
2025-12,NUS,U.S.,NIN,India,0.0,0.0
2025-12,NUS,U.S.,NJM,Jamaica,60.0,2.0
2025-12,NUS,U.S.,NMX,Mexico,2192.0,71.0
2025-12,NUS,U.S.,NPE,Peru,350.0,11.0
2025-12,NUS,U.S.,NPM,Panama,398.0,13.0
2025-12,NUS,U.S.,NPZ,Puerto Rico,0.0,0.0
2025-12,NUS,U.S.,NST,Saint Lucia,150.0,5.0
2025-12,NUS,U.S.,NTD,Trinidad and Tobago,211.0,7.0
2025-12,NUS,U.S.,NTK,Turks and Caicos Islands,0.0,0.0
2025-12,NUS,U.S.,NUC,Curacao,80.0,3.0
2025-12,NUS,U.S.,NUK,United Kingdom,1532.0,49.0
2025-12,NUS,U.S.,NVQ,Virgin Islands,552.0,18.0
2025-12,NUS,U.S.,Z00,,9300.0,300.0
2025-12,R10,PADD 1,NBE,Belgium,0.0,0.0
2025-12,R10,PADD 1,NBF,Bahama Islands,8.0,0.0
2025-12,R10,PADD 1,NCA,Canada,466.0,15.0
2025-12,R10,PADD 1,NCJ,Cayman Islands,0.0,0.0
2025-12,R10,PADD 1,NCS,Costa Rica,0.0,0.0
2025-12,R10,PADD 1,NIN,India,0.0,0.0
2025-12,R10,PADD 1,NPZ,Puerto Rico,0.0,0.0
2025-12,R10,PADD 1,NTK,Turks and Caicos Islands,0.0,0.0
2025-12,R10,PADD 1,Z00,,474.0,15.0
2025-12,R20,PADD 2,NCA,Canada,142.0,5.0
2025-12,R20,PADD 2,Z00,,142.0,5.0
2025-12,R30,PADD 3,NAA,Aruba,90.0,3.0
2025-12,R30,PADD 3,NAC,Antigua and Barbuda,56.0,2.0
2025-12,R30,PADD 3,NBF,Bahama Islands,30.0,1.0
2025-12,R30,PADD 3,NBH,Belize,10.0,0.0
2025-12,R30,PADD 3,NBR,Brazil,652.0,21.0
2025-12,R30,PADD 3,NCA,Canada,706.0,23.0
2025-12,R30,PADD 3,NCI,Chile,145.0,5.0
2025-12,R30,PADD 3,NCJ,Cayman Islands,12.0,0.0
2025-12,R30,PADD 3,NCO,Colombia,55.0,2.0
2025-12,R30,PADD 3,NCS,Costa Rica,263.0,8.0
2025-12,R30,PADD 3,NDR,Dominican Republic,452.0,15.0
2025-12,R30,PADD 3,NES,El Salvador,45.0,1.0
2025-12,R30,PADD 3,NGT,Guatemala,85.0,3.0
2025-12,R30,PADD 3,NHO,Honduras,29.0,1.0
2025-12,R30,PADD 3,NJM,Jamaica,60.0,2.0
2025-12,R30,PADD 3,NMX,Mexico,1908.0,62.0
2025-12,R30,PADD 3,NPE,Peru,350.0,11.0
2025-12,R30,PADD 3,NPM,Panama,398.0,13.0
2025-12,R30,PADD 3,NST,Saint Lucia,150.0,5.0
2025-12,R30,PADD 3,NTD,Trinidad and Tobago,211.0,7.0
2025-12,R30,PADD 3,NUC,Curacao,80.0,3.0
2025-12,R30,PADD 3,NUK,United Kingdom,1532.0,49.0
2025-12,R30,PADD 3,NVQ,Virgin Islands,552.0,18.0
2025-12,R30,PADD 3,Z00,,7873.0,254.0
2025-12,R40,PADD 4,NCA,Canada,21.0,1.0
2025-12,R40,PADD 4,Z00,,21.0,1.0
2025-12,R50,PADD 5,NCA,Canada,111.0,4.0
2025-12,R50,PADD 5,NCI,Chile,315.0,10.0
2025-12,R50,PADD 5,NES,El Salvador,80.0,3.0
2025-12,R50,PADD 5,NMX,Mexico,283.0,9.0
2025-12,R50,PADD 5,Z00,,790.0,25.0
2026-01,NUS,U.S.,NBE,Belgium,301.0,10.0
2026-01,NUS,U.S.,NBF,Bahama Islands,44.0,1.0
2026-01,NUS,U.S.,NBH,Belize,40.0,1.0
2026-01,NUS,U.S.,NBR,Brazil,1239.0,40.0
2026-01,NUS,U.S.,NCA,Canada,658.0,21.0
2026-01,NUS,U.S.,NCH,China,0.0,0.0
2026-01,NUS,U.S.,NCI,Chile,462.0,15.0
2026-01,NUS,U.S.,NCJ,Cayman Islands,30.0,1.0
2026-01,NUS,U.S.,NCS,Costa Rica,230.0,7.0
2026-01,NUS,U.S.,NDR,Dominican Republic,353.0,11.0
2026-01,NUS,U.S.,NES,El Salvador,141.0,5.0
2026-01,NUS,U.S.,NGT,Guatemala,75.0,2.0
2026-01,NUS,U.S.,NHO,Honduras,149.0,5.0
2026-01,NUS,U.S.,NIN,India,0.0,0.0
2026-01,NUS,U.S.,NJA,Japan,0.0,0.0
2026-01,NUS,U.S.,NJM,Jamaica,70.0,2.0
2026-01,NUS,U.S.,NMX,Mexico,1433.0,46.0
2026-01,NUS,U.S.,NNL,Netherlands,643.0,21.0
2026-01,NUS,U.S.,NNN,Sint Maarten,0.0,0.0
2026-01,NUS,U.S.,NPE,Peru,224.0,7.0
2026-01,NUS,U.S.,NPM,Panama,680.0,22.0
2026-01,NUS,U.S.,NST,Saint Lucia,150.0,5.0
2026-01,NUS,U.S.,NTD,Trinidad and Tobago,109.0,4.0
2026-01,NUS,U.S.,NTK,Turks and Caicos Islands,2.0,0.0
2026-01,NUS,U.S.,NUC,Curacao,80.0,3.0
2026-01,NUS,U.S.,NUK,United Kingdom,1271.0,41.0
2026-01,NUS,U.S.,NVC,Saint Vincent and the Grenadines,0.0,0.0
2026-01,NUS,U.S.,Z00,,8384.0,270.0
2026-01,R10,PADD 1,NBF,Bahama Islands,4.0,0.0
2026-01,R10,PADD 1,NCA,Canada,490.0,16.0
2026-01,R10,PADD 1,NIN,India,0.0,0.0
2026-01,R10,PADD 1,NNN,Sint Maarten,0.0,0.0
2026-01,R10,PADD 1,NPM,Panama,0.0,0.0
2026-01,R10,PADD 1,NTK,Turks and Caicos Islands,2.0,0.0
2026-01,R10,PADD 1,NVC,Saint Vincent and the Grenadines,0.0,0.0
2026-01,R10,PADD 1,Z00,,497.0,16.0
2026-01,R20,PADD 2,NCA,Canada,145.0,5.0
2026-01,R20,PADD 2,NCH,China,0.0,0.0
2026-01,R20,PADD 2,Z00,,145.0,5.0
2026-01,R30,PADD 3,NBE,Belgium,301.0,10.0
2026-01,R30,PADD 3,NBF,Bahama Islands,40.0,1.0
2026-01,R30,PADD 3,NBH,Belize,40.0,1.0
2026-01,R30,PADD 3,NBR,Brazil,1239.0,40.0
2026-01,R30,PADD 3,NCI,Chile,147.0,5.0
2026-01,R30,PADD 3,NCJ,Cayman Islands,30.0,1.0
2026-01,R30,PADD 3,NCS,Costa Rica,230.0,7.0
2026-01,R30,PADD 3,NDR,Dominican Republic,353.0,11.0
2026-01,R30,PADD 3,NES,El Salvador,45.0,1.0
2026-01,R30,PADD 3,NGT,Guatemala,75.0,2.0
2026-01,R30,PADD 3,NHO,Honduras,149.0,5.0
2026-01,R30,PADD 3,NJM,Jamaica,70.0,2.0
2026-01,R30,PADD 3,NMX,Mexico,1125.0,36.0
2026-01,R30,PADD 3,NNL,Netherlands,643.0,21.0
2026-01,R30,PADD 3,NPE,Peru,224.0,7.0
2026-01,R30,PADD 3,NPM,Panama,680.0,22.0
2026-01,R30,PADD 3,NST,Saint Lucia,150.0,5.0
2026-01,R30,PADD 3,NTD,Trinidad and Tobago,109.0,4.0
2026-01,R30,PADD 3,NUC,Curacao,80.0,3.0
2026-01,R30,PADD 3,NUK,United Kingdom,1271.0,41.0
2026-01,R30,PADD 3,Z00,,7001.0,226.0
2026-01,R50,PADD 5,NCA,Canada,23.0,1.0
2026-01,R50,PADD 5,NCI,Chile,315.0,10.0
2026-01,R50,PADD 5,NES,El Salvador,96.0,3.0
2026-01,R50,PADD 5,NJA,Japan,0.0,0.0
2026-01,R50,PADD 5,NMX,Mexico,308.0,10.0
2026-01,R50,PADD 5,Z00,,742.0,24.0
2026-02,NUS,U.S.,NAC,Antigua and Barbuda,32.0,1.0
2026-02,NUS,U.S.,NBE,Belgium,300.0,11.0
2026-02,NUS,U.S.,NBF,Bahama Islands,52.0,2.0
2026-02,NUS,U.S.,NBH,Belize,20.0,1.0
2026-02,NUS,U.S.,NCA,Canada,1564.0,56.0
2026-02,NUS,U.S.,NCI,Chile,562.0,20.0
2026-02,NUS,U.S.,NCJ,Cayman Islands,12.0,0.0
2026-02,NUS,U.S.,NCS,Costa Rica,224.0,8.0
2026-02,NUS,U.S.,NDR,Dominican Republic,206.0,7.0
2026-02,NUS,U.S.,NES,El Salvador,175.0,6.0
2026-02,NUS,U.S.,NGT,Guatemala,97.0,3.0
2026-02,NUS,U.S.,NHO,Honduras,27.0,1.0
2026-02,NUS,U.S.,NIN,India,0.0,0.0
2026-02,NUS,U.S.,NIS,Israel,333.0,12.0
2026-02,NUS,U.S.,NJA,Japan,2.0,0.0
2026-02,NUS,U.S.,NJM,Jamaica,230.0,8.0
2026-02,NUS,U.S.,NLE,Lebanon,1.0,0.0
2026-02,NUS,U.S.,NMX,Mexico,1763.0,63.0
2026-02,NUS,U.S.,NPE,Peru,437.0,16.0
2026-02,NUS,U.S.,NPM,Panama,612.0,22.0
2026-02,NUS,U.S.,NTC,United Arab Emirates,0.0,0.0
2026-02,NUS,U.S.,NTD,Trinidad and Tobago,197.0,7.0
2026-02,NUS,U.S.,NTK,Turks and Caicos Islands,0.0,0.0
2026-02,NUS,U.S.,NUC,Curacao,90.0,3.0
2026-02,NUS,U.S.,NVQ,Virgin Islands,548.0,20.0
2026-02,NUS,U.S.,Z00,,7485.0,267.0
2026-02,R10,PADD 1,NBF,Bahama Islands,7.0,0.0
2026-02,R10,PADD 1,NCA,Canada,615.0,22.0
2026-02,R10,PADD 1,NIN,India,0.0,0.0
2026-02,R10,PADD 1,NJA,Japan,2.0,0.0
2026-02,R10,PADD 1,NTC,United Arab Emirates,0.0,0.0
2026-02,R10,PADD 1,NTK,Turks and Caicos Islands,0.0,0.0
2026-02,R10,PADD 1,Z00,,624.0,22.0
2026-02,R20,PADD 2,NCA,Canada,253.0,9.0
2026-02,R20,PADD 2,Z00,,253.0,9.0
2026-02,R30,PADD 3,NAC,Antigua and Barbuda,32.0,1.0
2026-02,R30,PADD 3,NBE,Belgium,300.0,11.0
2026-02,R30,PADD 3,NBF,Bahama Islands,45.0,2.0
2026-02,R30,PADD 3,NBH,Belize,20.0,1.0
2026-02,R30,PADD 3,NCA,Canada,665.0,24.0
2026-02,R30,PADD 3,NCI,Chile,82.0,3.0
2026-02,R30,PADD 3,NCJ,Cayman Islands,12.0,0.0
2026-02,R30,PADD 3,NCS,Costa Rica,224.0,8.0
2026-02,R30,PADD 3,NDR,Dominican Republic,206.0,7.0
2026-02,R30,PADD 3,NES,El Salvador,85.0,3.0
2026-02,R30,PADD 3,NGT,Guatemala,97.0,3.0
2026-02,R30,PADD 3,NHO,Honduras,27.0,1.0
2026-02,R30,PADD 3,NIS,Israel,333.0,12.0
2026-02,R30,PADD 3,NJM,Jamaica,230.0,8.0
2026-02,R30,PADD 3,NLE,Lebanon,1.0,0.0
2026-02,R30,PADD 3,NMX,Mexico,1394.0,50.0
2026-02,R30,PADD 3,NPE,Peru,437.0,16.0
2026-02,R30,PADD 3,NPM,Panama,612.0,22.0
2026-02,R30,PADD 3,NTD,Trinidad and Tobago,197.0,7.0
2026-02,R30,PADD 3,NUC,Curacao,90.0,3.0
2026-02,R30,PADD 3,NVQ,Virgin Islands,548.0,20.0
2026-02,R30,PADD 3,Z00,,5638.0,201.0
2026-02,R40,PADD 4,NCA,Canada,14.0,1.0
2026-02,R40,PADD 4,Z00,,14.0,1.0
2026-02,R50,PADD 5,NCA,Canada,17.0,1.0
2026-02,R50,PADD 5,NCI,Chile,480.0,17.0
2026-02,R50,PADD 5,NES,El Salvador,90.0,3.0
2026-02,R50,PADD 5,NMX,Mexico,369.0,13.0
2026-02,R50,PADD 5,Z00,,956.0,34.0
2026-03,NUS,U.S.,NAS,Australia,313.0,10.0
2026-03,NUS,U.S.,NBF,Bahama Islands,49.0,2.0
2026-03,NUS,U.S.,NBH,Belize,15.0,0.0
2026-03,NUS,U.S.,NBR,Brazil,315.0,10.0
2026-03,NUS,U.S.,NCA,Canada,898.0,29.0
2026-03,NUS,U.S.,NCI,Chile,184.0,6.0
2026-03,NUS,U.S.,NCJ,Cayman Islands,12.0,0.0
2026-03,NUS,U.S.,NCS,Costa Rica,271.0,9.0
2026-03,NUS,U.S.,NDR,Dominican Republic,402.0,13.0
2026-03,NUS,U.S.,NEC,Ecuador,225.0,7.0
2026-03,NUS,U.S.,NES,El Salvador,64.0,2.0
2026-03,NUS,U.S.,NGM,Germany,7.0,0.0
2026-03,NUS,U.S.,NGT,Guatemala,98.0,3.0
2026-03,NUS,U.S.,NHO,Honduras,313.0,10.0
2026-03,NUS,U.S.,NIN,India,0.0,0.0
2026-03,NUS,U.S.,NJM,Jamaica,58.0,2.0
2026-03,NUS,U.S.,NMX,Mexico,1940.0,63.0
2026-03,NUS,U.S.,NMY,Malaysia,315.0,10.0
2026-03,NUS,U.S.,NNL,Netherlands,638.0,21.0
2026-03,NUS,U.S.,NNN,Sint Maarten,0.0,0.0
2026-03,NUS,U.S.,NPE,Peru,420.0,14.0
2026-03,NUS,U.S.,NPM,Panama,593.0,19.0
2026-03,NUS,U.S.,NPZ,Puerto Rico,0.0,0.0
2026-03,NUS,U.S.,NSF,South Africa,48.0,2.0
2026-03,NUS,U.S.,NSI,Slovenia,150.0,5.0
2026-03,NUS,U.S.,NSP,Spain,293.0,9.0
2026-03,NUS,U.S.,NST,Saint Lucia,270.0,9.0
2026-03,NUS,U.S.,NSW,Sweden,330.0,11.0
2026-03,NUS,U.S.,NTD,Trinidad and Tobago,201.0,6.0
2026-03,NUS,U.S.,NTK,Turks and Caicos Islands,7.0,0.0
2026-03,NUS,U.S.,NUC,Curacao,90.0,3.0
2026-03,NUS,U.S.,NUK,United Kingdom,2418.0,78.0
2026-03,NUS,U.S.,NVQ,Virgin Islands,715.0,23.0
2026-03,NUS,U.S.,Z00,,11653.0,376.0
2026-03,R10,PADD 1,NBF,Bahama Islands,9.0,0.0
2026-03,R10,PADD 1,NCA,Canada,264.0,9.0
2026-03,R10,PADD 1,NCS,Costa Rica,0.0,0.0
2026-03,R10,PADD 1,NIN,India,0.0,0.0
2026-03,R10,PADD 1,NNN,Sint Maarten,0.0,0.0
2026-03,R10,PADD 1,NTK,Turks and Caicos Islands,7.0,0.0
2026-03,R10,PADD 1,NUK,United Kingdom,855.0,28.0
2026-03,R10,PADD 1,Z00,,1135.0,37.0
2026-03,R20,PADD 2,NCA,Canada,117.0,4.0
2026-03,R20,PADD 2,Z00,,117.0,4.0
2026-03,R30,PADD 3,NAS,Australia,313.0,10.0
2026-03,R30,PADD 3,NBF,Bahama Islands,41.0,1.0
2026-03,R30,PADD 3,NBH,Belize,15.0,0.0
2026-03,R30,PADD 3,NBR,Brazil,315.0,10.0
2026-03,R30,PADD 3,NCA,Canada,290.0,9.0
2026-03,R30,PADD 3,NCI,Chile,184.0,6.0
2026-03,R30,PADD 3,NCJ,Cayman Islands,12.0,0.0
2026-03,R30,PADD 3,NCS,Costa Rica,271.0,9.0
2026-03,R30,PADD 3,NDR,Dominican Republic,402.0,13.0
2026-03,R30,PADD 3,NEC,Ecuador,225.0,7.0
2026-03,R30,PADD 3,NES,El Salvador,64.0,2.0
2026-03,R30,PADD 3,NGM,Germany,7.0,0.0
2026-03,R30,PADD 3,NGT,Guatemala,98.0,3.0
2026-03,R30,PADD 3,NHO,Honduras,313.0,10.0
2026-03,R30,PADD 3,NJM,Jamaica,58.0,2.0
2026-03,R30,PADD 3,NMX,Mexico,1423.0,46.0
2026-03,R30,PADD 3,NNL,Netherlands,638.0,21.0
2026-03,R30,PADD 3,NPE,Peru,420.0,14.0
2026-03,R30,PADD 3,NPM,Panama,593.0,19.0
2026-03,R30,PADD 3,NPZ,Puerto Rico,0.0,0.0
2026-03,R30,PADD 3,NSF,South Africa,48.0,2.0
2026-03,R30,PADD 3,NSI,Slovenia,150.0,5.0
2026-03,R30,PADD 3,NSP,Spain,293.0,9.0
2026-03,R30,PADD 3,NST,Saint Lucia,270.0,9.0
2026-03,R30,PADD 3,NSW,Sweden,330.0,11.0
2026-03,R30,PADD 3,NTD,Trinidad and Tobago,201.0,6.0
2026-03,R30,PADD 3,NUC,Curacao,90.0,3.0
2026-03,R30,PADD 3,NUK,United Kingdom,1563.0,50.0
2026-03,R30,PADD 3,NVQ,Virgin Islands,715.0,23.0
2026-03,R30,PADD 3,Z00,,9341.0,301.0
2026-03,R40,PADD 4,NCA,Canada,46.0,1.0
2026-03,R40,PADD 4,Z00,,46.0,1.0
2026-03,R50,PADD 5,NCA,Canada,181.0,6.0
2026-03,R50,PADD 5,NMX,Mexico,517.0,17.0
2026-03,R50,PADD 5,NMY,Malaysia,315.0,10.0
2026-03,R50,PADD 5,Z00,,1014.0,33.0
2026-04,NUS,U.S.,NAC,Antigua and Barbuda,37.0,1.0
2026-04,NUS,U.S.,NBF,Bahama Islands,57.0,2.0
2026-04,NUS,U.S.,NBH,Belize,45.0,2.0
2026-04,NUS,U.S.,NBR,Brazil,136.0,5.0
2026-04,NUS,U.S.,NCA,Canada,1232.0,41.0
2026-04,NUS,U.S.,NCI,Chile,168.0,6.0
2026-04,NUS,U.S.,NCJ,Cayman Islands,10.0,0.0
2026-04,NUS,U.S.,NCS,Costa Rica,222.0,7.0
2026-04,NUS,U.S.,NDR,Dominican Republic,359.0,12.0
2026-04,NUS,U.S.,NES,El Salvador,107.0,4.0
2026-04,NUS,U.S.,NGT,Guatemala,101.0,3.0
2026-04,NUS,U.S.,NGY,Guyana,0.0,0.0
2026-04,NUS,U.S.,NHO,Honduras,58.0,2.0
2026-04,NUS,U.S.,NIN,India,0.0,0.0
2026-04,NUS,U.S.,NIT,Italy,165.0,5.0
2026-04,NUS,U.S.,NJM,Jamaica,125.0,4.0
2026-04,NUS,U.S.,NMX,Mexico,1141.0,38.0
2026-04,NUS,U.S.,NNL,Netherlands,644.0,21.0
2026-04,NUS,U.S.,NNS,Suriname,0.0,0.0
2026-04,NUS,U.S.,NNU,Nicaragua,0.0,0.0
2026-04,NUS,U.S.,NPE,Peru,334.0,11.0
2026-04,NUS,U.S.,NPM,Panama,704.0,23.0
2026-04,NUS,U.S.,NPZ,Puerto Rico,0.0,0.0
2026-04,NUS,U.S.,NRP,Philippines,692.0,23.0
2026-04,NUS,U.S.,NSF,South Africa,75.0,3.0
2026-04,NUS,U.S.,NST,Saint Lucia,75.0,3.0
2026-04,NUS,U.S.,NTD,Trinidad and Tobago,160.0,5.0
2026-04,NUS,U.S.,NTK,Turks and Caicos Islands,4.0,0.0
2026-04,NUS,U.S.,NUC,Curacao,90.0,3.0
2026-04,NUS,U.S.,NUK,United Kingdom,2704.0,90.0
2026-04,NUS,U.S.,NVQ,Virgin Islands,566.0,19.0
2026-04,NUS,U.S.,Z00,,10012.0,334.0
2026-04,R10,PADD 1,NBF,Bahama Islands,10.0,0.0
2026-04,R10,PADD 1,NBR,Brazil,0.0,0.0
2026-04,R10,PADD 1,NCA,Canada,154.0,5.0
2026-04,R10,PADD 1,NGY,Guyana,0.0,0.0
2026-04,R10,PADD 1,NIN,India,0.0,0.0
2026-04,R10,PADD 1,NNS,Suriname,0.0,0.0
2026-04,R10,PADD 1,NNU,Nicaragua,0.0,0.0
2026-04,R10,PADD 1,NPZ,Puerto Rico,0.0,0.0
2026-04,R10,PADD 1,NTK,Turks and Caicos Islands,4.0,0.0
2026-04,R10,PADD 1,NUK,United Kingdom,294.0,10.0
2026-04,R10,PADD 1,NVQ,Virgin Islands,0.0,0.0
2026-04,R10,PADD 1,Z00,,464.0,15.0
2026-04,R20,PADD 2,NCA,Canada,179.0,6.0
2026-04,R20,PADD 2,Z00,,179.0,6.0
2026-04,R30,PADD 3,NAC,Antigua and Barbuda,37.0,1.0
2026-04,R30,PADD 3,NBF,Bahama Islands,47.0,2.0
2026-04,R30,PADD 3,NBH,Belize,45.0,2.0
2026-04,R30,PADD 3,NBR,Brazil,136.0,5.0
2026-04,R30,PADD 3,NCA,Canada,570.0,19.0
2026-04,R30,PADD 3,NCI,Chile,168.0,6.0
2026-04,R30,PADD 3,NCJ,Cayman Islands,10.0,0.0
2026-04,R30,PADD 3,NCS,Costa Rica,222.0,7.0
2026-04,R30,PADD 3,NDR,Dominican Republic,359.0,12.0
2026-04,R30,PADD 3,NES,El Salvador,48.0,2.0
2026-04,R30,PADD 3,NGT,Guatemala,101.0,3.0
2026-04,R30,PADD 3,NHO,Honduras,58.0,2.0
2026-04,R30,PADD 3,NIT,Italy,165.0,5.0
2026-04,R30,PADD 3,NJM,Jamaica,125.0,4.0
2026-04,R30,PADD 3,NMX,Mexico,991.0,33.0
2026-04,R30,PADD 3,NNL,Netherlands,644.0,21.0
2026-04,R30,PADD 3,NPE,Peru,334.0,11.0
2026-04,R30,PADD 3,NPM,Panama,704.0,23.0
2026-04,R30,PADD 3,NSF,South Africa,75.0,3.0
2026-04,R30,PADD 3,NST,Saint Lucia,75.0,3.0
2026-04,R30,PADD 3,NTD,Trinidad and Tobago,160.0,5.0
2026-04,R30,PADD 3,NUC,Curacao,90.0,3.0
2026-04,R30,PADD 3,NUK,United Kingdom,2410.0,80.0
2026-04,R30,PADD 3,NVQ,Virgin Islands,566.0,19.0
2026-04,R30,PADD 3,Z00,,8139.0,271.0
2026-04,R50,PADD 5,NCA,Canada,329.0,11.0
2026-04,R50,PADD 5,NES,El Salvador,59.0,2.0
2026-04,R50,PADD 5,NMX,Mexico,150.0,5.0
2026-04,R50,PADD 5,NRP,Philippines,692.0,23.0
2026-04,R50,PADD 5,Z00,,1230.0,41.0
2026-05,NUS,U.S.,NAA,Aruba,91.0,3.0
2026-05,NUS,U.S.,NAC,Antigua and Barbuda,9.0,0.0
2026-05,NUS,U.S.,NBE,Belgium,1125.0,36.0
2026-05,NUS,U.S.,NBF,Bahama Islands,87.0,3.0
2026-05,NUS,U.S.,NBH,Belize,15.0,0.0
2026-05,NUS,U.S.,NCA,Canada,659.0,21.0
2026-05,NUS,U.S.,NCI,Chile,500.0,16.0
2026-05,NUS,U.S.,NCS,Costa Rica,425.0,14.0
2026-05,NUS,U.S.,NCU,Cuba,0.0,0.0
2026-05,NUS,U.S.,NDR,Dominican Republic,146.0,5.0
2026-05,NUS,U.S.,NEC,Ecuador,90.0,3.0
2026-05,NUS,U.S.,NES,El Salvador,96.0,3.0
2026-05,NUS,U.S.,NGG,Georgia,0.0,0.0
2026-05,NUS,U.S.,NGT,Guatemala,82.0,3.0
2026-05,NUS,U.S.,NHO,Honduras,50.0,2.0
2026-05,NUS,U.S.,NJA,Japan,0.0,0.0
2026-05,NUS,U.S.,NJM,Jamaica,90.0,3.0
2026-05,NUS,U.S.,NMO,Morocco,327.0,11.0
2026-05,NUS,U.S.,NMX,Mexico,1680.0,54.0
2026-05,NUS,U.S.,NNL,Netherlands,2175.0,70.0
2026-05,NUS,U.S.,NPE,Peru,288.0,9.0
2026-05,NUS,U.S.,NPM,Panama,506.0,16.0
2026-05,NUS,U.S.,NPZ,Puerto Rico,84.0,3.0
2026-05,NUS,U.S.,NSP,Spain,581.0,19.0
2026-05,NUS,U.S.,NTD,Trinidad and Tobago,160.0,5.0
2026-05,NUS,U.S.,NTK,Turks and Caicos Islands,3.0,0.0
2026-05,NUS,U.S.,NUC,Curacao,90.0,3.0
2026-05,NUS,U.S.,NUK,United Kingdom,1003.0,32.0
2026-05,NUS,U.S.,NVQ,Virgin Islands,46.0,1.0
2026-05,NUS,U.S.,Z00,,10410.0,336.0
2026-05,R10,PADD 1,NBF,Bahama Islands,7.0,0.0
2026-05,R10,PADD 1,NCA,Canada,345.0,11.0
2026-05,R10,PADD 1,NCU,Cuba,0.0,0.0
2026-05,R10,PADD 1,NJA,Japan,0.0,0.0
2026-05,R10,PADD 1,NTK,Turks and Caicos Islands,3.0,0.0
2026-05,R10,PADD 1,NUK,United Kingdom,0.0,0.0
2026-05,R10,PADD 1,NVQ,Virgin Islands,0.0,0.0
2026-05,R10,PADD 1,Z00,,356.0,11.0
2026-05,R20,PADD 2,NCA,Canada,188.0,6.0
2026-05,R20,PADD 2,Z00,,188.0,6.0
2026-05,R30,PADD 3,NAA,Aruba,91.0,3.0
2026-05,R30,PADD 3,NAC,Antigua and Barbuda,9.0,0.0
2026-05,R30,PADD 3,NBE,Belgium,1125.0,36.0
2026-05,R30,PADD 3,NBF,Bahama Islands,80.0,3.0
2026-05,R30,PADD 3,NBH,Belize,15.0,0.0
2026-05,R30,PADD 3,NCI,Chile,500.0,16.0
2026-05,R30,PADD 3,NCS,Costa Rica,425.0,14.0
2026-05,R30,PADD 3,NDR,Dominican Republic,146.0,5.0
2026-05,R30,PADD 3,NEC,Ecuador,90.0,3.0
2026-05,R30,PADD 3,NES,El Salvador,96.0,3.0
2026-05,R30,PADD 3,NGG,Georgia,0.0,0.0
2026-05,R30,PADD 3,NGT,Guatemala,82.0,3.0
2026-05,R30,PADD 3,NHO,Honduras,50.0,2.0
2026-05,R30,PADD 3,NJM,Jamaica,90.0,3.0
2026-05,R30,PADD 3,NMO,Morocco,327.0,11.0
2026-05,R30,PADD 3,NMX,Mexico,1475.0,48.0
2026-05,R30,PADD 3,NNL,Netherlands,2175.0,70.0
2026-05,R30,PADD 3,NPE,Peru,288.0,9.0
2026-05,R30,PADD 3,NPM,Panama,506.0,16.0
2026-05,R30,PADD 3,NPZ,Puerto Rico,84.0,3.0
2026-05,R30,PADD 3,NSP,Spain,581.0,19.0
2026-05,R30,PADD 3,NTD,Trinidad and Tobago,160.0,5.0
2026-05,R30,PADD 3,NUC,Curacao,90.0,3.0
2026-05,R30,PADD 3,NUK,United Kingdom,1003.0,32.0
2026-05,R30,PADD 3,NVQ,Virgin Islands,45.0,1.0
2026-05,R30,PADD 3,Z00,,9535.0,308.0
2026-05,R50,PADD 5,NCA,Canada,125.0,4.0
2026-05,R50,PADD 5,NJA,Japan,0.0,0.0
2026-05,R50,PADD 5,NMX,Mexico,205.0,7.0
2026-05,R50,PADD 5,Z00,,331.0,11.0
2026-06,NUS,U.S.,NBE,Belgium,646.0,22.0
2026-06,NUS,U.S.,NBF,Bahama Islands,31.0,1.0
2026-06,NUS,U.S.,NCA,Canada,764.0,25.0
2026-06,NUS,U.S.,NCI,Chile,162.0,5.0
2026-06,NUS,U.S.,NCJ,Cayman Islands,12.0,0.0
2026-06,NUS,U.S.,NCS,Costa Rica,195.0,6.0
2026-06,NUS,U.S.,NDR,Dominican Republic,213.0,7.0
2026-06,NUS,U.S.,NES,El Salvador,157.0,5.0
2026-06,NUS,U.S.,NFR,France,616.0,21.0
2026-06,NUS,U.S.,NGI,Gibraltar,299.0,10.0
2026-06,NUS,U.S.,NGT,Guatemala,61.0,2.0
2026-06,NUS,U.S.,NHO,Honduras,59.0,2.0
2026-06,NUS,U.S.,NIN,India,2.0,0.0
2026-06,NUS,U.S.,NIS,Israel,333.0,11.0
2026-06,NUS,U.S.,NIT,Italy,295.0,10.0
2026-06,NUS,U.S.,NJM,Jamaica,85.0,3.0
2026-06,NUS,U.S.,NMX,Mexico,1876.0,63.0
2026-06,NUS,U.S.,NNL,Netherlands,1504.0,50.0
2026-06,NUS,U.S.,NNU,Nicaragua,0.0,0.0
2026-06,NUS,U.S.,NPE,Peru,301.0,10.0
2026-06,NUS,U.S.,NPM,Panama,775.0,26.0
2026-06,NUS,U.S.,NPZ,Puerto Rico,286.0,10.0
2026-06,NUS,U.S.,NST,Saint Lucia,165.0,6.0
2026-06,NUS,U.S.,NTD,Trinidad and Tobago,394.0,13.0
2026-06,NUS,U.S.,NTK,Turks and Caicos Islands,6.0,0.0
2026-06,NUS,U.S.,NUK,United Kingdom,1115.0,37.0
2026-06,NUS,U.S.,NVQ,Virgin Islands,151.0,5.0
2026-06,NUS,U.S.,Z00,,10502.0,350.0
2026-06,R10,PADD 1,NBF,Bahama Islands,6.0,0.0
2026-06,R10,PADD 1,NCA,Canada,339.0,11.0
2026-06,R10,PADD 1,NDR,Dominican Republic,0.0,0.0
2026-06,R10,PADD 1,NHO,Honduras,2.0,0.0
2026-06,R10,PADD 1,NIN,India,2.0,0.0
2026-06,R10,PADD 1,NIS,Israel,0.0,0.0
2026-06,R10,PADD 1,NJM,Jamaica,0.0,0.0
2026-06,R10,PADD 1,NNU,Nicaragua,0.0,0.0
2026-06,R10,PADD 1,NTK,Turks and Caicos Islands,6.0,0.0
2026-06,R10,PADD 1,Z00,,355.0,12.0
2026-06,R20,PADD 2,NCA,Canada,242.0,8.0
2026-06,R20,PADD 2,Z00,,242.0,8.0
2026-06,R30,PADD 3,NBE,Belgium,646.0,22.0
2026-06,R30,PADD 3,NBF,Bahama Islands,25.0,1.0
2026-06,R30,PADD 3,NCA,Canada,152.0,5.0
2026-06,R30,PADD 3,NCI,Chile,162.0,5.0
2026-06,R30,PADD 3,NCJ,Cayman Islands,12.0,0.0
2026-06,R30,PADD 3,NCS,Costa Rica,195.0,6.0
2026-06,R30,PADD 3,NDR,Dominican Republic,213.0,7.0
2026-06,R30,PADD 3,NES,El Salvador,67.0,2.0
2026-06,R30,PADD 3,NFR,France,616.0,21.0
2026-06,R30,PADD 3,NGI,Gibraltar,299.0,10.0
2026-06,R30,PADD 3,NGT,Guatemala,61.0,2.0
2026-06,R30,PADD 3,NHO,Honduras,57.0,2.0
2026-06,R30,PADD 3,NIS,Israel,333.0,11.0
2026-06,R30,PADD 3,NIT,Italy,295.0,10.0
2026-06,R30,PADD 3,NJM,Jamaica,85.0,3.0
2026-06,R30,PADD 3,NMX,Mexico,1729.0,58.0
2026-06,R30,PADD 3,NNL,Netherlands,1504.0,50.0
2026-06,R30,PADD 3,NPE,Peru,301.0,10.0
2026-06,R30,PADD 3,NPM,Panama,775.0,26.0
2026-06,R30,PADD 3,NPZ,Puerto Rico,286.0,10.0
2026-06,R30,PADD 3,NST,Saint Lucia,165.0,6.0
2026-06,R30,PADD 3,NTD,Trinidad and Tobago,394.0,13.0
2026-06,R30,PADD 3,NUK,United Kingdom,1115.0,37.0
2026-06,R30,PADD 3,NVQ,Virgin Islands,151.0,5.0
2026-06,R30,PADD 3,Z00,,9637.0,321.0
2026-06,R50,PADD 5,NCA,Canada,31.0,1.0
2026-06,R50,PADD 5,NES,El Salvador,90.0,3.0
2026-06,R50,PADD 5,NMX,Mexico,147.0,5.0
2026-06,R50,PADD 5,Z00,,268.0,9.0
