period,duoarea,area-name,product,product-name,process,process-name,series,series-description,value,units
1981-01,R50-Z00,PADD 5,EPJK,Kerosene-Type Jet Fuel,IM0,Imports,MKJIMP51,West Coast (PADD 5) Imports of Kerosene-Type Jet Fuel (Thousand Barrels),95,MBBL
1981-01,R50-Z00,PADD 5,EPJK,Kerosene-Type Jet Fuel,IM0,Imports,MKJIMP52,West Coast (PADD 5) Imports of Kerosene-Type Jet Fuel (Thousand Barrels per Day),3,MBBL/D
1981-02,R50-Z00,PADD 5,EPJK,Kerosene-Type Jet Fuel,IM0,Imports,MKJIMP51,West Coast (PADD 5) Imports of Kerosene-Type Jet Fuel (Thousand Barrels),29,MBBL
1981-02,R50-Z00,PADD 5,EPJK,Kerosene-Type Jet Fuel,IM0,Imports,MKJIMP52,West Coast (PADD 5) Imports of Kerosene-Type Jet Fuel (Thousand Barrels per Day),1,MBBL/D
1981-03,R50-Z00,PADD 5,EPJK,Kerosene-Type Jet Fuel,IM0,Imports,MKJIMP51,West Coast (PADD 5) Imports of Kerosene-Type Jet Fuel (Thousand Barrels),134,MBBL
1981-03,R50-Z00,PADD 5,EPJK,Kerosene-Type Jet Fuel,IM0,Imports,MKJIMP52,West Coast (PADD 5) Imports of Kerosene-Type Jet Fuel (Thousand Barrels per Day),4,MBBL/D
1981-04,R50-Z00,PADD 5,EPJK,Kerosene-Type Jet Fuel,IM0,Imports,MKJIMP51,West Coast (PADD 5) Imports of Kerosene-Type Jet Fuel (Thousand Barrels),43,MBBL
1981-04,R50-Z00,PADD 5,EPJK,Kerosene-Type Jet Fuel,IM0,Imports,MKJIMP52,West Coast (PADD 5) Imports of Kerosene-Type Jet Fuel (Thousand Barrels per Day),1,MBBL/D
1981-05,R50-Z00,PADD 5,EPJK,Kerosene-Type Jet Fuel,IM0,Imports,MKJIMP51,West Coast (PADD 5) Imports of Kerosene-Type Jet Fuel (Thousand Barrels),480,MBBL
1981-05,R50-Z00,PADD 5,EPJK,Kerosene-Type Jet Fuel,IM0,Imports,MKJIMP52,West Coast (PADD 5) Imports of Kerosene-Type Jet Fuel (Thousand Barrels per Day),15,MBBL/D
1981-06,R50-Z00,PADD 5,EPJK,Kerosene-Type Jet Fuel,IM0,Imports,MKJIMP51,West Coast (PADD 5) Imports of Kerosene-Type Jet Fuel (Thousand Barrels),1079,MBBL
1981-06,R50-Z00,PADD 5,EPJK,Kerosene-Type Jet Fuel,IM0,Imports,MKJIMP52,West Coast (PADD 5) Imports of Kerosene-Type Jet Fuel (Thousand Barrels per Day),36,MBBL/D
1981-07,R50-Z00,PADD 5,EPJK,Kerosene-Type Jet Fuel,IM0,Imports,MKJIMP51,West Coast (PADD 5) Imports of Kerosene-Type Jet Fuel (Thousand Barrels),10,MBBL
1981-07,R50-Z00,PADD 5,EPJK,Kerosene-Type Jet Fuel,IM0,Imports,MKJIMP52,West Coast (PADD 5) Imports of Kerosene-Type Jet Fuel (Thousand Barrels per Day),0,MBBL/D
1981-08,R50-Z00,PADD 5,EPJK,Kerosene-Type Jet Fuel,IM0,Imports,MKJIMP51,West Coast (PADD 5) Imports of Kerosene-Type Jet Fuel (Thousand Barrels),692,MBBL
1981-08,R50-Z00,PADD 5,EPJK,Kerosene-Type Jet Fuel,IM0,Imports,MKJIMP52,West Coast (PADD 5) Imports of Kerosene-Type Jet Fuel (Thousand Barrels per Day),22,MBBL/D
1981-09,R50-Z00,PADD 5,EPJK,Kerosene-Type Jet Fuel,IM0,Imports,MKJIMP51,West Coast (PADD 5) Imports of Kerosene-Type Jet Fuel (Thousand Barrels),567,MBBL
1981-09,R50-Z00,PADD 5,EPJK,Kerosene-Type Jet Fuel,IM0,Imports,MKJIMP52,West Coast (PADD 5) Imports of Kerosene-Type Jet Fuel (Thousand Barrels per Day),19,MBBL/D
1981-10,R50-Z00,PADD 5,EPJK,Kerosene-Type Jet Fuel,IM0,Imports,MKJIMP51,West Coast (PADD 5) Imports of Kerosene-Type Jet Fuel (Thousand Barrels),206,MBBL
1981-10,R50-Z00,PADD 5,EPJK,Kerosene-Type Jet Fuel,IM0,Imports,MKJIMP52,West Coast (PADD 5) Imports of Kerosene-Type Jet Fuel (Thousand Barrels per Day),7,MBBL/D
1981-11,R50-Z00,PADD 5,EPJK,Kerosene-Type Jet Fuel,IM0,Imports,MKJIMP51,West Coast (PADD 5) Imports of Kerosene-Type Jet Fuel (Thousand Barrels),272,MBBL
1981-11,R50-Z00,PADD 5,EPJK,Kerosene-Type Jet Fuel,IM0,Imports,MKJIMP52,West Coast (PADD 5) Imports of Kerosene-Type Jet Fuel (Thousand Barrels per Day),9,MBBL/D
1981-12,R50-Z00,PADD 5,EPJK,Kerosene-Type Jet Fuel,IM0,Imports,MKJIMP51,West Coast (PADD 5) Imports of Kerosene-Type Jet Fuel (Thousand Barrels),107,MBBL
1981-12,R50-Z00,PADD 5,EPJK,Kerosene-Type Jet Fuel,IM0,Imports,MKJIMP52,West Coast (PADD 5) Imports of Kerosene-Type Jet Fuel (Thousand Barrels per Day),3,MBBL/D
1982-01,R50-Z00,PADD 5,EPJK,Kerosene-Type Jet Fuel,IM0,Imports,MKJIMP51,West Coast (PADD 5) Imports of Kerosene-Type Jet Fuel (Thousand Barrels),31,MBBL
1982-01,R50-Z00,PADD 5,EPJK,Kerosene-Type Jet Fuel,IM0,Imports,MKJIMP52,West Coast (PADD 5) Imports of Kerosene-Type Jet Fuel (Thousand Barrels per Day),1,MBBL/D
1982-02,R50-Z00,PADD 5,EPJK,Kerosene-Type Jet Fuel,IM0,Imports,MKJIMP51,West Coast (PADD 5) Imports of Kerosene-Type Jet Fuel (Thousand Barrels),26,MBBL
1982-02,R50-Z00,PADD 5,EPJK,Kerosene-Type Jet Fuel,IM0,Imports,MKJIMP52,West Coast (PADD 5) Imports of Kerosene-Type Jet Fuel (Thousand Barrels per Day),1,MBBL/D
1982-07,R50-Z00,PADD 5,EPJK,Kerosene-Type Jet Fuel,IM0,Imports,MKJIMP51,West Coast (PADD 5) Imports of Kerosene-Type Jet Fuel (Thousand Barrels),706,MBBL
1982-07,R50-Z00,PADD 5,EPJK,Kerosene-Type Jet Fuel,IM0,Imports,MKJIMP52,West Coast (PADD 5) Imports of Kerosene-Type Jet Fuel (Thousand Barrels per Day),23,MBBL/D
1982-08,R50-Z00,PADD 5,EPJK,Kerosene-Type Jet Fuel,IM0,Imports,MKJIMP51,West Coast (PADD 5) Imports of Kerosene-Type Jet Fuel (Thousand Barrels),262,MBBL
1982-08,R50-Z00,PADD 5,EPJK,Kerosene-Type Jet Fuel,IM0,Imports,MKJIMP52,West Coast (PADD 5) Imports of Kerosene-Type Jet Fuel (Thousand Barrels per Day),8,MBBL/D
1982-11,R50-Z00,PADD 5,EPJK,Kerosene-Type Jet Fuel,IM0,Imports,MKJIMP51,West Coast (PADD 5) Imports of Kerosene-Type Jet Fuel (Thousand Barrels),331,MBBL
1982-11,R50-Z00,PADD 5,EPJK,Kerosene-Type Jet Fuel,IM0,Imports,MKJIMP52,West Coast (PADD 5) Imports of Kerosene-Type Jet Fuel (Thousand Barrels per Day),11,MBBL/D
1983-03,R50-Z00,PADD 5,EPJK,Kerosene-Type Jet Fuel,IM0,Imports,MKJIMP51,West Coast (PADD 5) Imports of Kerosene-Type Jet Fuel (Thousand Barrels),100,MBBL
1983-03,R50-Z00,PADD 5,EPJK,Kerosene-Type Jet Fuel,IM0,Imports,MKJIMP52,West Coast (PADD 5) Imports of Kerosene-Type Jet Fuel (Thousand Barrels per Day),3,MBBL/D
1983-04,R50-Z00,PADD 5,EPJK,Kerosene-Type Jet Fuel,IM0,Imports,MKJIMP51,West Coast (PADD 5) Imports of Kerosene-Type Jet Fuel (Thousand Barrels),116,MBBL
1983-04,R50-Z00,PADD 5,EPJK,Kerosene-Type Jet Fuel,IM0,Imports,MKJIMP52,West Coast (PADD 5) Imports of Kerosene-Type Jet Fuel (Thousand Barrels per Day),4,MBBL/D
1983-05,R50-Z00,PADD 5,EPJK,Kerosene-Type Jet Fuel,IM0,Imports,MKJIMP51,West Coast (PADD 5) Imports of Kerosene-Type Jet Fuel (Thousand Barrels),274,MBBL
1983-05,R50-Z00,PADD 5,EPJK,Kerosene-Type Jet Fuel,IM0,Imports,MKJIMP52,West Coast (PADD 5) Imports of Kerosene-Type Jet Fuel (Thousand Barrels per Day),9,MBBL/D
1983-06,R50-Z00,PADD 5,EPJK,Kerosene-Type Jet Fuel,IM0,Imports,MKJIMP51,West Coast (PADD 5) Imports of Kerosene-Type Jet Fuel (Thousand Barrels),122,MBBL
1983-06,R50-Z00,PADD 5,EPJK,Kerosene-Type Jet Fuel,IM0,Imports,MKJIMP52,West Coast (PADD 5) Imports of Kerosene-Type Jet Fuel (Thousand Barrels per Day),4,MBBL/D
1983-07,R50-Z00,PADD 5,EPJK,Kerosene-Type Jet Fuel,IM0,Imports,MKJIMP51,West Coast (PADD 5) Imports of Kerosene-Type Jet Fuel (Thousand Barrels),144,MBBL
1983-07,R50-Z00,PADD 5,EPJK,Kerosene-Type Jet Fuel,IM0,Imports,MKJIMP52,West Coast (PADD 5) Imports of Kerosene-Type Jet Fuel (Thousand Barrels per Day),5,MBBL/D
1983-08,R50-Z00,PADD 5,EPJK,Kerosene-Type Jet Fuel,IM0,Imports,MKJIMP51,West Coast (PADD 5) Imports of Kerosene-Type Jet Fuel (Thousand Barrels),183,MBBL
1983-08,R50-Z00,PADD 5,EPJK,Kerosene-Type Jet Fuel,IM0,Imports,MKJIMP52,West Coast (PADD 5) Imports of Kerosene-Type Jet Fuel (Thousand Barrels per Day),6,MBBL/D
1983-09,R50-Z00,PADD 5,EPJK,Kerosene-Type Jet Fuel,IM0,Imports,MKJIMP51,West Coast (PADD 5) Imports of Kerosene-Type Jet Fuel (Thousand Barrels),94,MBBL
1983-09,R50-Z00,PADD 5,EPJK,Kerosene-Type Jet Fuel,IM0,Imports,MKJIMP52,West Coast (PADD 5) Imports of Kerosene-Type Jet Fuel (Thousand Barrels per Day),3,MBBL/D
1983-10,R50-Z00,PADD 5,EPJK,Kerosene-Type Jet Fuel,IM0,Imports,MKJIMP51,West Coast (PADD 5) Imports of Kerosene-Type Jet Fuel (Thousand Barrels),78,MBBL
1983-10,R50-Z00,PADD 5,EPJK,Kerosene-Type Jet Fuel,IM0,Imports,MKJIMP52,West Coast (PADD 5) Imports of Kerosene-Type Jet Fuel (Thousand Barrels per Day),3,MBBL/D
1983-11,R50-Z00,PADD 5,EPJK,Kerosene-Type Jet Fuel,IM0,Imports,MKJIMP51,West Coast (PADD 5) Imports of Kerosene-Type Jet Fuel (Thousand Barrels),214,MBBL
1983-11,R50-Z00,PADD 5,EPJK,Kerosene-Type Jet Fuel,IM0,Imports,MKJIMP52,West Coast (PADD 5) Imports of Kerosene-Type Jet Fuel (Thousand Barrels per Day),7,MBBL/D
1983-12,R50-Z00,PADD 5,EPJK,Kerosene-Type Jet Fuel,IM0,Imports,MKJIMP51,West Coast (PADD 5) Imports of Kerosene-Type Jet Fuel (Thousand Barrels),68,MBBL
1983-12,R50-Z00,PADD 5,EPJK,Kerosene-Type Jet Fuel,IM0,Imports,MKJIMP52,West Coast (PADD 5) Imports of Kerosene-Type Jet Fuel (Thousand Barrels per Day),2,MBBL/D
1984-01,R50-Z00,PADD 5,EPJK,Kerosene-Type Jet Fuel,IM0,Imports,MKJIMP51,West Coast (PADD 5) Imports of Kerosene-Type Jet Fuel (Thousand Barrels),260,MBBL
1984-01,R50-Z00,PADD 5,EPJK,Kerosene-Type Jet Fuel,IM0,Imports,MKJIMP52,West Coast (PADD 5) Imports of Kerosene-Type Jet Fuel (Thousand Barrels per Day),8,MBBL/D
1984-02,R50-Z00,PADD 5,EPJK,Kerosene-Type Jet Fuel,IM0,Imports,MKJIMP51,West Coast (PADD 5) Imports of Kerosene-Type Jet Fuel (Thousand Barrels),6,MBBL
1984-02,R50-Z00,PADD 5,EPJK,Kerosene-Type Jet Fuel,IM0,Imports,MKJIMP52,West Coast (PADD 5) Imports of Kerosene-Type Jet Fuel (Thousand Barrels per Day),0,MBBL/D
1984-03,R50-Z00,PADD 5,EPJK,Kerosene-Type Jet Fuel,IM0,Imports,MKJIMP51,West Coast (PADD 5) Imports of Kerosene-Type Jet Fuel (Thousand Barrels),142,MBBL
1984-03,R50-Z00,PADD 5,EPJK,Kerosene-Type Jet Fuel,IM0,Imports,MKJIMP52,West Coast (PADD 5) Imports of Kerosene-Type Jet Fuel (Thousand Barrels per Day),5,MBBL/D
1984-04,R50-Z00,PADD 5,EPJK,Kerosene-Type Jet Fuel,IM0,Imports,MKJIMP51,West Coast (PADD 5) Imports of Kerosene-Type Jet Fuel (Thousand Barrels),313,MBBL
1984-04,R50-Z00,PADD 5,EPJK,Kerosene-Type Jet Fuel,IM0,Imports,MKJIMP52,West Coast (PADD 5) Imports of Kerosene-Type Jet Fuel (Thousand Barrels per Day),10,MBBL/D
1984-05,R50-Z00,PADD 5,EPJK,Kerosene-Type Jet Fuel,IM0,Imports,MKJIMP51,West Coast (PADD 5) Imports of Kerosene-Type Jet Fuel (Thousand Barrels),35,MBBL
1984-05,R50-Z00,PADD 5,EPJK,Kerosene-Type Jet Fuel,IM0,Imports,MKJIMP52,West Coast (PADD 5) Imports of Kerosene-Type Jet Fuel (Thousand Barrels per Day),1,MBBL/D
1984-06,R50-Z00,PADD 5,EPJK,Kerosene-Type Jet Fuel,IM0,Imports,MKJIMP51,West Coast (PADD 5) Imports of Kerosene-Type Jet Fuel (Thousand Barrels),90,MBBL
1984-06,R50-Z00,PADD 5,EPJK,Kerosene-Type Jet Fuel,IM0,Imports,MKJIMP52,West Coast (PADD 5) Imports of Kerosene-Type Jet Fuel (Thousand Barrels per Day),3,MBBL/D
1984-07,R50-Z00,PADD 5,EPJK,Kerosene-Type Jet Fuel,IM0,Imports,MKJIMP51,West Coast (PADD 5) Imports of Kerosene-Type Jet Fuel (Thousand Barrels),340,MBBL
1984-07,R50-Z00,PADD 5,EPJK,Kerosene-Type Jet Fuel,IM0,Imports,MKJIMP52,West Coast (PADD 5) Imports of Kerosene-Type Jet Fuel (Thousand Barrels per Day),11,MBBL/D
1984-08,R50-Z00,PADD 5,EPJK,Kerosene-Type Jet Fuel,IM0,Imports,MKJIMP51,West Coast (PADD 5) Imports of Kerosene-Type Jet Fuel (Thousand Barrels),478,MBBL
1984-08,R50-Z00,PADD 5,EPJK,Kerosene-Type Jet Fuel,IM0,Imports,MKJIMP52,West Coast (PADD 5) Imports of Kerosene-Type Jet Fuel (Thousand Barrels per Day),15,MBBL/D
1984-09,R50-Z00,PADD 5,EPJK,Kerosene-Type Jet Fuel,IM0,Imports,MKJIMP51,West Coast (PADD 5) Imports of Kerosene-Type Jet Fuel (Thousand Barrels),113,MBBL
1984-09,R50-Z00,PADD 5,EPJK,Kerosene-Type Jet Fuel,IM0,Imports,MKJIMP52,West Coast (PADD 5) Imports of Kerosene-Type Jet Fuel (Thousand Barrels per Day),4,MBBL/D
1984-10,R50-Z00,PADD 5,EPJK,Kerosene-Type Jet Fuel,IM0,Imports,MKJIMP51,West Coast (PADD 5) Imports of Kerosene-Type Jet Fuel (Thousand Barrels),365,MBBL
1984-10,R50-Z00,PADD 5,EPJK,Kerosene-Type Jet Fuel,IM0,Imports,MKJIMP52,West Coast (PADD 5) Imports of Kerosene-Type Jet Fuel (Thousand Barrels per Day),12,MBBL/D
1984-11,R50-Z00,PADD 5,EPJK,Kerosene-Type Jet Fuel,IM0,Imports,MKJIMP51,West Coast (PADD 5) Imports of Kerosene-Type Jet Fuel (Thousand Barrels),183,MBBL
1984-11,R50-Z00,PADD 5,EPJK,Kerosene-Type Jet Fuel,IM0,Imports,MKJIMP52,West Coast (PADD 5) Imports of Kerosene-Type Jet Fuel (Thousand Barrels per Day),6,MBBL/D
1984-12,R50-Z00,PADD 5,EPJK,Kerosene-Type Jet Fuel,IM0,Imports,MKJIMP51,West Coast (PADD 5) Imports of Kerosene-Type Jet Fuel (Thousand Barrels),621,MBBL
1984-12,R50-Z00,PADD 5,EPJK,Kerosene-Type Jet Fuel,IM0,Imports,MKJIMP52,West Coast (PADD 5) Imports of Kerosene-Type Jet Fuel (Thousand Barrels per Day),20,MBBL/D
1985-01,R50-Z00,PADD 5,EPJK,Kerosene-Type Jet Fuel,IM0,Imports,MKJIMP51,West Coast (PADD 5) Imports of Kerosene-Type Jet Fuel (Thousand Barrels),452,MBBL
1985-01,R50-Z00,PADD 5,EPJK,Kerosene-Type Jet Fuel,IM0,Imports,MKJIMP52,West Coast (PADD 5) Imports of Kerosene-Type Jet Fuel (Thousand Barrels per Day),15,MBBL/D
1985-02,R50-Z00,PADD 5,EPJK,Kerosene-Type Jet Fuel,IM0,Imports,MKJIMP51,West Coast (PADD 5) Imports of Kerosene-Type Jet Fuel (Thousand Barrels),148,MBBL
1985-02,R50-Z00,PADD 5,EPJK,Kerosene-Type Jet Fuel,IM0,Imports,MKJIMP52,West Coast (PADD 5) Imports of Kerosene-Type Jet Fuel (Thousand Barrels per Day),5,MBBL/D
1985-03,R50-Z00,PADD 5,EPJK,Kerosene-Type Jet Fuel,IM0,Imports,MKJIMP51,West Coast (PADD 5) Imports of Kerosene-Type Jet Fuel (Thousand Barrels),158,MBBL
1985-03,R50-Z00,PADD 5,EPJK,Kerosene-Type Jet Fuel,IM0,Imports,MKJIMP52,West Coast (PADD 5) Imports of Kerosene-Type Jet Fuel (Thousand Barrels per Day),5,MBBL/D
1985-04,R50-Z00,PADD 5,EPJK,Kerosene-Type Jet Fuel,IM0,Imports,MKJIMP51,West Coast (PADD 5) Imports of Kerosene-Type Jet Fuel (Thousand Barrels),240,MBBL
1985-04,R50-Z00,PADD 5,EPJK,Kerosene-Type Jet Fuel,IM0,Imports,MKJIMP52,West Coast (PADD 5) Imports of Kerosene-Type Jet Fuel (Thousand Barrels per Day),8,MBBL/D
1985-05,R50-Z00,PADD 5,EPJK,Kerosene-Type Jet Fuel,IM0,Imports,MKJIMP51,West Coast (PADD 5) Imports of Kerosene-Type Jet Fuel (Thousand Barrels),210,MBBL
1985-05,R50-Z00,PADD 5,EPJK,Kerosene-Type Jet Fuel,IM0,Imports,MKJIMP52,West Coast (PADD 5) Imports of Kerosene-Type Jet Fuel (Thousand Barrels per Day),7,MBBL/D
1985-06,R50-Z00,PADD 5,EPJK,Kerosene-Type Jet Fuel,IM0,Imports,MKJIMP51,West Coast (PADD 5) Imports of Kerosene-Type Jet Fuel (Thousand Barrels),311,MBBL
1985-06,R50-Z00,PADD 5,EPJK,Kerosene-Type Jet Fuel,IM0,Imports,MKJIMP52,West Coast (PADD 5) Imports of Kerosene-Type Jet Fuel (Thousand Barrels per Day),10,MBBL/D
1985-07,R50-Z00,PADD 5,EPJK,Kerosene-Type Jet Fuel,IM0,Imports,MKJIMP51,West Coast (PADD 5) Imports of Kerosene-Type Jet Fuel (Thousand Barrels),430,MBBL
1985-07,R50-Z00,PADD 5,EPJK,Kerosene-Type Jet Fuel,IM0,Imports,MKJIMP52,West Coast (PADD 5) Imports of Kerosene-Type Jet Fuel (Thousand Barrels per Day),14,MBBL/D
1985-08,R50-Z00,PADD 5,EPJK,Kerosene-Type Jet Fuel,IM0,Imports,MKJIMP51,West Coast (PADD 5) Imports of Kerosene-Type Jet Fuel (Thousand Barrels),188,MBBL
1985-08,R50-Z00,PADD 5,EPJK,Kerosene-Type Jet Fuel,IM0,Imports,MKJIMP52,West Coast (PADD 5) Imports of Kerosene-Type Jet Fuel (Thousand Barrels per Day),6,MBBL/D
1985-09,R50-Z00,PADD 5,EPJK,Kerosene-Type Jet Fuel,IM0,Imports,MKJIMP51,West Coast (PADD 5) Imports of Kerosene-Type Jet Fuel (Thousand Barrels),201,MBBL
1985-09,R50-Z00,PADD 5,EPJK,Kerosene-Type Jet Fuel,IM0,Imports,MKJIMP52,West Coast (PADD 5) Imports of Kerosene-Type Jet Fuel (Thousand Barrels per Day),7,MBBL/D
1985-10,R50-Z00,PADD 5,EPJK,Kerosene-Type Jet Fuel,IM0,Imports,MKJIMP51,West Coast (PADD 5) Imports of Kerosene-Type Jet Fuel (Thousand Barrels),195,MBBL
1985-10,R50-Z00,PADD 5,EPJK,Kerosene-Type Jet Fuel,IM0,Imports,MKJIMP52,West Coast (PADD 5) Imports of Kerosene-Type Jet Fuel (Thousand Barrels per Day),6,MBBL/D
1985-11,R50-Z00,PADD 5,EPJK,Kerosene-Type Jet Fuel,IM0,Imports,MKJIMP51,West Coast (PADD 5) Imports of Kerosene-Type Jet Fuel (Thousand Barrels),173,MBBL
1985-11,R50-Z00,PADD 5,EPJK,Kerosene-Type Jet Fuel,IM0,Imports,MKJIMP52,West Coast (PADD 5) Imports of Kerosene-Type Jet Fuel (Thousand Barrels per Day),6,MBBL/D
1985-12,R50-Z00,PADD 5,EPJK,Kerosene-Type Jet Fuel,IM0,Imports,MKJIMP51,West Coast (PADD 5) Imports of Kerosene-Type Jet Fuel (Thousand Barrels),211,MBBL
1985-12,R50-Z00,PADD 5,EPJK,Kerosene-Type Jet Fuel,IM0,Imports,MKJIMP52,West Coast (PADD 5) Imports of Kerosene-Type Jet Fuel (Thousand Barrels per Day),7,MBBL/D
1986-01,R50-Z00,PADD 5,EPJK,Kerosene-Type Jet Fuel,IM0,Imports,MKJIMP51,West Coast (PADD 5) Imports of Kerosene-Type Jet Fuel (Thousand Barrels),198,MBBL
1986-01,R50-Z00,PADD 5,EPJK,Kerosene-Type Jet Fuel,IM0,Imports,MKJIMP52,West Coast (PADD 5) Imports of Kerosene-Type Jet Fuel (Thousand Barrels per Day),6,MBBL/D
1986-02,R50-Z00,PADD 5,EPJK,Kerosene-Type Jet Fuel,IM0,Imports,MKJIMP51,West Coast (PADD 5) Imports of Kerosene-Type Jet Fuel (Thousand Barrels),283,MBBL
1986-02,R50-Z00,PADD 5,EPJK,Kerosene-Type Jet Fuel,IM0,Imports,MKJIMP52,West Coast (PADD 5) Imports of Kerosene-Type Jet Fuel (Thousand Barrels per Day),10,MBBL/D
1986-03,R50-Z00,PADD 5,EPJK,Kerosene-Type Jet Fuel,IM0,Imports,MKJIMP51,West Coast (PADD 5) Imports of Kerosene-Type Jet Fuel (Thousand Barrels),144,MBBL
1986-03,R50-Z00,PADD 5,EPJK,Kerosene-Type Jet Fuel,IM0,Imports,MKJIMP52,West Coast (PADD 5) Imports of Kerosene-Type Jet Fuel (Thousand Barrels per Day),5,MBBL/D
1986-04,R50-Z00,PADD 5,EPJK,Kerosene-Type Jet Fuel,IM0,Imports,MKJIMP51,West Coast (PADD 5) Imports of Kerosene-Type Jet Fuel (Thousand Barrels),488,MBBL
1986-04,R50-Z00,PADD 5,EPJK,Kerosene-Type Jet Fuel,IM0,Imports,MKJIMP52,West Coast (PADD 5) Imports of Kerosene-Type Jet Fuel (Thousand Barrels per Day),16,MBBL/D
1986-05,R50-Z00,PADD 5,EPJK,Kerosene-Type Jet Fuel,IM0,Imports,MKJIMP51,West Coast (PADD 5) Imports of Kerosene-Type Jet Fuel (Thousand Barrels),466,MBBL
1986-05,R50-Z00,PADD 5,EPJK,Kerosene-Type Jet Fuel,IM0,Imports,MKJIMP52,West Coast (PADD 5) Imports of Kerosene-Type Jet Fuel (Thousand Barrels per Day),15,MBBL/D
1986-06,R50-Z00,PADD 5,EPJK,Kerosene-Type Jet Fuel,IM0,Imports,MKJIMP51,West Coast (PADD 5) Imports of Kerosene-Type Jet Fuel (Thousand Barrels),870,MBBL
1986-06,R50-Z00,PADD 5,EPJK,Kerosene-Type Jet Fuel,IM0,Imports,MKJIMP52,West Coast (PADD 5) Imports of Kerosene-Type Jet Fuel (Thousand Barrels per Day),29,MBBL/D
1986-07,R50-Z00,PADD 5,EPJK,Kerosene-Type Jet Fuel,IM0,Imports,MKJIMP51,West Coast (PADD 5) Imports of Kerosene-Type Jet Fuel (Thousand Barrels),803,MBBL
1986-07,R50-Z00,PADD 5,EPJK,Kerosene-Type Jet Fuel,IM0,Imports,MKJIMP52,West Coast (PADD 5) Imports of Kerosene-Type Jet Fuel (Thousand Barrels per Day),26,MBBL/D
1986-08,R50-Z00,PADD 5,EPJK,Kerosene-Type Jet Fuel,IM0,Imports,MKJIMP51,West Coast (PADD 5) Imports of Kerosene-Type Jet Fuel (Thousand Barrels),269,MBBL
1986-08,R50-Z00,PADD 5,EPJK,Kerosene-Type Jet Fuel,IM0,Imports,MKJIMP52,West Coast (PADD 5) Imports of Kerosene-Type Jet Fuel (Thousand Barrels per Day),9,MBBL/D
1986-09,R50-Z00,PADD 5,EPJK,Kerosene-Type Jet Fuel,IM0,Imports,MKJIMP51,West Coast (PADD 5) Imports of Kerosene-Type Jet Fuel (Thousand Barrels),682,MBBL
1986-09,R50-Z00,PADD 5,EPJK,Kerosene-Type Jet Fuel,IM0,Imports,MKJIMP52,West Coast (PADD 5) Imports of Kerosene-Type Jet Fuel (Thousand Barrels per Day),23,MBBL/D
1986-10,R50-Z00,PADD 5,EPJK,Kerosene-Type Jet Fuel,IM0,Imports,MKJIMP51,West Coast (PADD 5) Imports of Kerosene-Type Jet Fuel (Thousand Barrels),369,MBBL
1986-10,R50-Z00,PADD 5,EPJK,Kerosene-Type Jet Fuel,IM0,Imports,MKJIMP52,West Coast (PADD 5) Imports of Kerosene-Type Jet Fuel (Thousand Barrels per Day),12,MBBL/D
1986-11,R50-Z00,PADD 5,EPJK,Kerosene-Type Jet Fuel,IM0,Imports,MKJIMP51,West Coast (PADD 5) Imports of Kerosene-Type Jet Fuel (Thousand Barrels),443,MBBL
1986-11,R50-Z00,PADD 5,EPJK,Kerosene-Type Jet Fuel,IM0,Imports,MKJIMP52,West Coast (PADD 5) Imports of Kerosene-Type Jet Fuel (Thousand Barrels per Day),15,MBBL/D
1986-12,R50-Z00,PADD 5,EPJK,Kerosene-Type Jet Fuel,IM0,Imports,MKJIMP51,West Coast (PADD 5) Imports of Kerosene-Type Jet Fuel (Thousand Barrels),158,MBBL
1986-12,R50-Z00,PADD 5,EPJK,Kerosene-Type Jet Fuel,IM0,Imports,MKJIMP52,West Coast (PADD 5) Imports of Kerosene-Type Jet Fuel (Thousand Barrels per Day),5,MBBL/D
1987-02,R50-Z00,PADD 5,EPJK,Kerosene-Type Jet Fuel,IM0,Imports,MKJIMP51,West Coast (PADD 5) Imports of Kerosene-Type Jet Fuel (Thousand Barrels),5,MBBL
1987-02,R50-Z00,PADD 5,EPJK,Kerosene-Type Jet Fuel,IM0,Imports,MKJIMP52,West Coast (PADD 5) Imports of Kerosene-Type Jet Fuel (Thousand Barrels per Day),0,MBBL/D
1987-03,R50-Z00,PADD 5,EPJK,Kerosene-Type Jet Fuel,IM0,Imports,MKJIMP51,West Coast (PADD 5) Imports of Kerosene-Type Jet Fuel (Thousand Barrels),115,MBBL
1987-03,R50-Z00,PADD 5,EPJK,Kerosene-Type Jet Fuel,IM0,Imports,MKJIMP52,West Coast (PADD 5) Imports of Kerosene-Type Jet Fuel (Thousand Barrels per Day),4,MBBL/D
1987-04,R50-Z00,PADD 5,EPJK,Kerosene-Type Jet Fuel,IM0,Imports,MKJIMP51,West Coast (PADD 5) Imports of Kerosene-Type Jet Fuel (Thousand Barrels),156,MBBL
1987-04,R50-Z00,PADD 5,EPJK,Kerosene-Type Jet Fuel,IM0,Imports,MKJIMP52,West Coast (PADD 5) Imports of Kerosene-Type Jet Fuel (Thousand Barrels per Day),5,MBBL/D
1987-05,R50-Z00,PADD 5,EPJK,Kerosene-Type Jet Fuel,IM0,Imports,MKJIMP51,West Coast (PADD 5) Imports of Kerosene-Type Jet Fuel (Thousand Barrels),479,MBBL
1987-05,R50-Z00,PADD 5,EPJK,Kerosene-Type Jet Fuel,IM0,Imports,MKJIMP52,West Coast (PADD 5) Imports of Kerosene-Type Jet Fuel (Thousand Barrels per Day),15,MBBL/D
1987-06,R50-Z00,PADD 5,EPJK,Kerosene-Type Jet Fuel,IM0,Imports,MKJIMP51,West Coast (PADD 5) Imports of Kerosene-Type Jet Fuel (Thousand Barrels),115,MBBL
1987-06,R50-Z00,PADD 5,EPJK,Kerosene-Type Jet Fuel,IM0,Imports,MKJIMP52,West Coast (PADD 5) Imports of Kerosene-Type Jet Fuel (Thousand Barrels per Day),4,MBBL/D
1987-07,R50-Z00,PADD 5,EPJK,Kerosene-Type Jet Fuel,IM0,Imports,MKJIMP51,West Coast (PADD 5) Imports of Kerosene-Type Jet Fuel (Thousand Barrels),712,MBBL
1987-07,R50-Z00,PADD 5,EPJK,Kerosene-Type Jet Fuel,IM0,Imports,MKJIMP52,West Coast (PADD 5) Imports of Kerosene-Type Jet Fuel (Thousand Barrels per Day),23,MBBL/D
1987-08,R50-Z00,PADD 5,EPJK,Kerosene-Type Jet Fuel,IM0,Imports,MKJIMP51,West Coast (PADD 5) Imports of Kerosene-Type Jet Fuel (Thousand Barrels),224,MBBL
1987-08,R50-Z00,PADD 5,EPJK,Kerosene-Type Jet Fuel,IM0,Imports,MKJIMP52,West Coast (PADD 5) Imports of Kerosene-Type Jet Fuel (Thousand Barrels per Day),7,MBBL/D
1987-09,R50-Z00,PADD 5,EPJK,Kerosene-Type Jet Fuel,IM0,Imports,MKJIMP51,West Coast (PADD 5) Imports of Kerosene-Type Jet Fuel (Thousand Barrels),753,MBBL
1987-09,R50-Z00,PADD 5,EPJK,Kerosene-Type Jet Fuel,IM0,Imports,MKJIMP52,West Coast (PADD 5) Imports of Kerosene-Type Jet Fuel (Thousand Barrels per Day),25,MBBL/D
1987-10,R50-Z00,PADD 5,EPJK,Kerosene-Type Jet Fuel,IM0,Imports,MKJIMP51,West Coast (PADD 5) Imports of Kerosene-Type Jet Fuel (Thousand Barrels),652,MBBL
1987-10,R50-Z00,PADD 5,EPJK,Kerosene-Type Jet Fuel,IM0,Imports,MKJIMP52,West Coast (PADD 5) Imports of Kerosene-Type Jet Fuel (Thousand Barrels per Day),21,MBBL/D
1987-11,R50-Z00,PADD 5,EPJK,Kerosene-Type Jet Fuel,IM0,Imports,MKJIMP51,West Coast (PADD 5) Imports of Kerosene-Type Jet Fuel (Thousand Barrels),7,MBBL
1987-11,R50-Z00,PADD 5,EPJK,Kerosene-Type Jet Fuel,IM0,Imports,MKJIMP52,West Coast (PADD 5) Imports of Kerosene-Type Jet Fuel (Thousand Barrels per Day),0,MBBL/D
1987-12,R50-Z00,PADD 5,EPJK,Kerosene-Type Jet Fuel,IM0,Imports,MKJIMP51,West Coast (PADD 5) Imports of Kerosene-Type Jet Fuel (Thousand Barrels),245,MBBL
1987-12,R50-Z00,PADD 5,EPJK,Kerosene-Type Jet Fuel,IM0,Imports,MKJIMP52,West Coast (PADD 5) Imports of Kerosene-Type Jet Fuel (Thousand Barrels per Day),8,MBBL/D
1988-01,R50-Z00,PADD 5,EPJK,Kerosene-Type Jet Fuel,IM0,Imports,MKJIMP51,West Coast (PADD 5) Imports of Kerosene-Type Jet Fuel (Thousand Barrels),126,MBBL
1988-01,R50-Z00,PADD 5,EPJK,Kerosene-Type Jet Fuel,IM0,Imports,MKJIMP52,West Coast (PADD 5) Imports of Kerosene-Type Jet Fuel (Thousand Barrels per Day),4,MBBL/D
1988-02,R50-Z00,PADD 5,EPJK,Kerosene-Type Jet Fuel,IM0,Imports,MKJIMP51,West Coast (PADD 5) Imports of Kerosene-Type Jet Fuel (Thousand Barrels),291,MBBL
1988-02,R50-Z00,PADD 5,EPJK,Kerosene-Type Jet Fuel,IM0,Imports,MKJIMP52,West Coast (PADD 5) Imports of Kerosene-Type Jet Fuel (Thousand Barrels per Day),10,MBBL/D
1988-03,R50-Z00,PADD 5,EPJK,Kerosene-Type Jet Fuel,IM0,Imports,MKJIMP51,West Coast (PADD 5) Imports of Kerosene-Type Jet Fuel (Thousand Barrels),594,MBBL
1988-03,R50-Z00,PADD 5,EPJK,Kerosene-Type Jet Fuel,IM0,Imports,MKJIMP52,West Coast (PADD 5) Imports of Kerosene-Type Jet Fuel (Thousand Barrels per Day),19,MBBL/D
1988-04,R50-Z00,PADD 5,EPJK,Kerosene-Type Jet Fuel,IM0,Imports,MKJIMP51,West Coast (PADD 5) Imports of Kerosene-Type Jet Fuel (Thousand Barrels),306,MBBL
1988-04,R50-Z00,PADD 5,EPJK,Kerosene-Type Jet Fuel,IM0,Imports,MKJIMP52,West Coast (PADD 5) Imports of Kerosene-Type Jet Fuel (Thousand Barrels per Day),10,MBBL/D
1988-05,R50-Z00,PADD 5,EPJK,Kerosene-Type Jet Fuel,IM0,Imports,MKJIMP51,West Coast (PADD 5) Imports of Kerosene-Type Jet Fuel (Thousand Barrels),230,MBBL
1988-05,R50-Z00,PADD 5,EPJK,Kerosene-Type Jet Fuel,IM0,Imports,MKJIMP52,West Coast (PADD 5) Imports of Kerosene-Type Jet Fuel (Thousand Barrels per Day),7,MBBL/D
1988-06,R50-Z00,PADD 5,EPJK,Kerosene-Type Jet Fuel,IM0,Imports,MKJIMP51,West Coast (PADD 5) Imports of Kerosene-Type Jet Fuel (Thousand Barrels),106,MBBL
1988-06,R50-Z00,PADD 5,EPJK,Kerosene-Type Jet Fuel,IM0,Imports,MKJIMP52,West Coast (PADD 5) Imports of Kerosene-Type Jet Fuel (Thousand Barrels per Day),4,MBBL/D
1988-07,R50-Z00,PADD 5,EPJK,Kerosene-Type Jet Fuel,IM0,Imports,MKJIMP51,West Coast (PADD 5) Imports of Kerosene-Type Jet Fuel (Thousand Barrels),619,MBBL
1988-07,R50-Z00,PADD 5,EPJK,Kerosene-Type Jet Fuel,IM0,Imports,MKJIMP52,West Coast (PADD 5) Imports of Kerosene-Type Jet Fuel (Thousand Barrels per Day),20,MBBL/D
1988-08,R50-Z00,PADD 5,EPJK,Kerosene-Type Jet Fuel,IM0,Imports,MKJIMP51,West Coast (PADD 5) Imports of Kerosene-Type Jet Fuel (Thousand Barrels),1052,MBBL
1988-08,R50-Z00,PADD 5,EPJK,Kerosene-Type Jet Fuel,IM0,Imports,MKJIMP52,West Coast (PADD 5) Imports of Kerosene-Type Jet Fuel (Thousand Barrels per Day),34,MBBL/D
1988-09,R50-Z00,PADD 5,EPJK,Kerosene-Type Jet Fuel,IM0,Imports,MKJIMP51,West Coast (PADD 5) Imports of Kerosene-Type Jet Fuel (Thousand Barrels),229,MBBL
1988-09,R50-Z00,PADD 5,EPJK,Kerosene-Type Jet Fuel,IM0,Imports,MKJIMP52,West Coast (PADD 5) Imports of Kerosene-Type Jet Fuel (Thousand Barrels per Day),8,MBBL/D
1988-10,R50-Z00,PADD 5,EPJK,Kerosene-Type Jet Fuel,IM0,Imports,MKJIMP51,West Coast (PADD 5) Imports of Kerosene-Type Jet Fuel (Thousand Barrels),871,MBBL
1988-10,R50-Z00,PADD 5,EPJK,Kerosene-Type Jet Fuel,IM0,Imports,MKJIMP52,West Coast (PADD 5) Imports of Kerosene-Type Jet Fuel (Thousand Barrels per Day),28,MBBL/D
1988-11,R50-Z00,PADD 5,EPJK,Kerosene-Type Jet Fuel,IM0,Imports,MKJIMP51,West Coast (PADD 5) Imports of Kerosene-Type Jet Fuel (Thousand Barrels),296,MBBL
1988-11,R50-Z00,PADD 5,EPJK,Kerosene-Type Jet Fuel,IM0,Imports,MKJIMP52,West Coast (PADD 5) Imports of Kerosene-Type Jet Fuel (Thousand Barrels per Day),10,MBBL/D
1988-12,R50-Z00,PADD 5,EPJK,Kerosene-Type Jet Fuel,IM0,Imports,MKJIMP51,West Coast (PADD 5) Imports of Kerosene-Type Jet Fuel (Thousand Barrels),176,MBBL
1988-12,R50-Z00,PADD 5,EPJK,Kerosene-Type Jet Fuel,IM0,Imports,MKJIMP52,West Coast (PADD 5) Imports of Kerosene-Type Jet Fuel (Thousand Barrels per Day),6,MBBL/D
1989-01,R50-Z00,PADD 5,EPJK,Kerosene-Type Jet Fuel,IM0,Imports,MKJIMP51,West Coast (PADD 5) Imports of Kerosene-Type Jet Fuel (Thousand Barrels),83,MBBL
1989-01,R50-Z00,PADD 5,EPJK,Kerosene-Type Jet Fuel,IM0,Imports,MKJIMP52,West Coast (PADD 5) Imports of Kerosene-Type Jet Fuel (Thousand Barrels per Day),3,MBBL/D
1989-02,R50-Z00,PADD 5,EPJK,Kerosene-Type Jet Fuel,IM0,Imports,MKJIMP51,West Coast (PADD 5) Imports of Kerosene-Type Jet Fuel (Thousand Barrels),22,MBBL
1989-02,R50-Z00,PADD 5,EPJK,Kerosene-Type Jet Fuel,IM0,Imports,MKJIMP52,West Coast (PADD 5) Imports of Kerosene-Type Jet Fuel (Thousand Barrels per Day),1,MBBL/D
1989-03,R50-Z00,PADD 5,EPJK,Kerosene-Type Jet Fuel,IM0,Imports,MKJIMP51,West Coast (PADD 5) Imports of Kerosene-Type Jet Fuel (Thousand Barrels),442,MBBL
1989-03,R50-Z00,PADD 5,EPJK,Kerosene-Type Jet Fuel,IM0,Imports,MKJIMP52,West Coast (PADD 5) Imports of Kerosene-Type Jet Fuel (Thousand Barrels per Day),14,MBBL/D
1989-04,R50-Z00,PADD 5,EPJK,Kerosene-Type Jet Fuel,IM0,Imports,MKJIMP51,West Coast (PADD 5) Imports of Kerosene-Type Jet Fuel (Thousand Barrels),617,MBBL
1989-04,R50-Z00,PADD 5,EPJK,Kerosene-Type Jet Fuel,IM0,Imports,MKJIMP52,West Coast (PADD 5) Imports of Kerosene-Type Jet Fuel (Thousand Barrels per Day),21,MBBL/D
1989-05,R50-Z00,PADD 5,EPJK,Kerosene-Type Jet Fuel,IM0,Imports,MKJIMP51,West Coast (PADD 5) Imports of Kerosene-Type Jet Fuel (Thousand Barrels),620,MBBL
1989-05,R50-Z00,PADD 5,EPJK,Kerosene-Type Jet Fuel,IM0,Imports,MKJIMP52,West Coast (PADD 5) Imports of Kerosene-Type Jet Fuel (Thousand Barrels per Day),20,MBBL/D
1989-06,R50-Z00,PADD 5,EPJK,Kerosene-Type Jet Fuel,IM0,Imports,MKJIMP51,West Coast (PADD 5) Imports of Kerosene-Type Jet Fuel (Thousand Barrels),801,MBBL
1989-06,R50-Z00,PADD 5,EPJK,Kerosene-Type Jet Fuel,IM0,Imports,MKJIMP52,West Coast (PADD 5) Imports of Kerosene-Type Jet Fuel (Thousand Barrels per Day),27,MBBL/D
1989-08,R50-Z00,PADD 5,EPJK,Kerosene-Type Jet Fuel,IM0,Imports,MKJIMP51,West Coast (PADD 5) Imports of Kerosene-Type Jet Fuel (Thousand Barrels),55,MBBL
1989-08,R50-Z00,PADD 5,EPJK,Kerosene-Type Jet Fuel,IM0,Imports,MKJIMP52,West Coast (PADD 5) Imports of Kerosene-Type Jet Fuel (Thousand Barrels per Day),2,MBBL/D
1989-09,R50-Z00,PADD 5,EPJK,Kerosene-Type Jet Fuel,IM0,Imports,MKJIMP51,West Coast (PADD 5) Imports of Kerosene-Type Jet Fuel (Thousand Barrels),133,MBBL
1989-09,R50-Z00,PADD 5,EPJK,Kerosene-Type Jet Fuel,IM0,Imports,MKJIMP52,West Coast (PADD 5) Imports of Kerosene-Type Jet Fuel (Thousand Barrels per Day),4,MBBL/D
1989-10,R50-Z00,PADD 5,EPJK,Kerosene-Type Jet Fuel,IM0,Imports,MKJIMP51,West Coast (PADD 5) Imports of Kerosene-Type Jet Fuel (Thousand Barrels),123,MBBL
1989-10,R50-Z00,PADD 5,EPJK,Kerosene-Type Jet Fuel,IM0,Imports,MKJIMP52,West Coast (PADD 5) Imports of Kerosene-Type Jet Fuel (Thousand Barrels per Day),4,MBBL/D
1989-11,R50-Z00,PADD 5,EPJK,Kerosene-Type Jet Fuel,IM0,Imports,MKJIMP51,West Coast (PADD 5) Imports of Kerosene-Type Jet Fuel (Thousand Barrels),261,MBBL
1989-11,R50-Z00,PADD 5,EPJK,Kerosene-Type Jet Fuel,IM0,Imports,MKJIMP52,West Coast (PADD 5) Imports of Kerosene-Type Jet Fuel (Thousand Barrels per Day),9,MBBL/D
1989-12,R50-Z00,PADD 5,EPJK,Kerosene-Type Jet Fuel,IM0,Imports,MKJIMP51,West Coast (PADD 5) Imports of Kerosene-Type Jet Fuel (Thousand Barrels),3,MBBL
1989-12,R50-Z00,PADD 5,EPJK,Kerosene-Type Jet Fuel,IM0,Imports,MKJIMP52,West Coast (PADD 5) Imports of Kerosene-Type Jet Fuel (Thousand Barrels per Day),0,MBBL/D
1990-01,R50-Z00,PADD 5,EPJK,Kerosene-Type Jet Fuel,IM0,Imports,MKJIMP51,West Coast (PADD 5) Imports of Kerosene-Type Jet Fuel (Thousand Barrels),75,MBBL
1990-01,R50-Z00,PADD 5,EPJK,Kerosene-Type Jet Fuel,IM0,Imports,MKJIMP52,West Coast (PADD 5) Imports of Kerosene-Type Jet Fuel (Thousand Barrels per Day),2,MBBL/D
1990-02,R50-Z00,PADD 5,EPJK,Kerosene-Type Jet Fuel,IM0,Imports,MKJIMP51,West Coast (PADD 5) Imports of Kerosene-Type Jet Fuel (Thousand Barrels),224,MBBL
1990-02,R50-Z00,PADD 5,EPJK,Kerosene-Type Jet Fuel,IM0,Imports,MKJIMP52,West Coast (PADD 5) Imports of Kerosene-Type Jet Fuel (Thousand Barrels per Day),8,MBBL/D
1990-03,R50-Z00,PADD 5,EPJK,Kerosene-Type Jet Fuel,IM0,Imports,MKJIMP51,West Coast (PADD 5) Imports of Kerosene-Type Jet Fuel (Thousand Barrels),100,MBBL
1990-03,R50-Z00,PADD 5,EPJK,Kerosene-Type Jet Fuel,IM0,Imports,MKJIMP52,West Coast (PADD 5) Imports of Kerosene-Type Jet Fuel (Thousand Barrels per Day),3,MBBL/D
1990-04,R50-Z00,PADD 5,EPJK,Kerosene-Type Jet Fuel,IM0,Imports,MKJIMP51,West Coast (PADD 5) Imports of Kerosene-Type Jet Fuel (Thousand Barrels),9,MBBL
1990-04,R50-Z00,PADD 5,EPJK,Kerosene-Type Jet Fuel,IM0,Imports,MKJIMP52,West Coast (PADD 5) Imports of Kerosene-Type Jet Fuel (Thousand Barrels per Day),0,MBBL/D
1990-05,R50-Z00,PADD 5,EPJK,Kerosene-Type Jet Fuel,IM0,Imports,MKJIMP51,West Coast (PADD 5) Imports of Kerosene-Type Jet Fuel (Thousand Barrels),758,MBBL
1990-05,R50-Z00,PADD 5,EPJK,Kerosene-Type Jet Fuel,IM0,Imports,MKJIMP52,West Coast (PADD 5) Imports of Kerosene-Type Jet Fuel (Thousand Barrels per Day),24,MBBL/D
1990-06,R50-Z00,PADD 5,EPJK,Kerosene-Type Jet Fuel,IM0,Imports,MKJIMP51,West Coast (PADD 5) Imports of Kerosene-Type Jet Fuel (Thousand Barrels),464,MBBL
1990-06,R50-Z00,PADD 5,EPJK,Kerosene-Type Jet Fuel,IM0,Imports,MKJIMP52,West Coast (PADD 5) Imports of Kerosene-Type Jet Fuel (Thousand Barrels per Day),15,MBBL/D
1990-07,R50-Z00,PADD 5,EPJK,Kerosene-Type Jet Fuel,IM0,Imports,MKJIMP51,West Coast (PADD 5) Imports of Kerosene-Type Jet Fuel (Thousand Barrels),275,MBBL
1990-07,R50-Z00,PADD 5,EPJK,Kerosene-Type Jet Fuel,IM0,Imports,MKJIMP52,West Coast (PADD 5) Imports of Kerosene-Type Jet Fuel (Thousand Barrels per Day),9,MBBL/D
1990-08,R50-Z00,PADD 5,EPJK,Kerosene-Type Jet Fuel,IM0,Imports,MKJIMP51,West Coast (PADD 5) Imports of Kerosene-Type Jet Fuel (Thousand Barrels),512,MBBL
1990-08,R50-Z00,PADD 5,EPJK,Kerosene-Type Jet Fuel,IM0,Imports,MKJIMP52,West Coast (PADD 5) Imports of Kerosene-Type Jet Fuel (Thousand Barrels per Day),17,MBBL/D
1990-09,R50-Z00,PADD 5,EPJK,Kerosene-Type Jet Fuel,IM0,Imports,MKJIMP51,West Coast (PADD 5) Imports of Kerosene-Type Jet Fuel (Thousand Barrels),528,MBBL
1990-09,R50-Z00,PADD 5,EPJK,Kerosene-Type Jet Fuel,IM0,Imports,MKJIMP52,West Coast (PADD 5) Imports of Kerosene-Type Jet Fuel (Thousand Barrels per Day),18,MBBL/D
1990-10,R50-Z00,PADD 5,EPJK,Kerosene-Type Jet Fuel,IM0,Imports,MKJIMP51,West Coast (PADD 5) Imports of Kerosene-Type Jet Fuel (Thousand Barrels),449,MBBL
1990-10,R50-Z00,PADD 5,EPJK,Kerosene-Type Jet Fuel,IM0,Imports,MKJIMP52,West Coast (PADD 5) Imports of Kerosene-Type Jet Fuel (Thousand Barrels per Day),14,MBBL/D
1990-11,R50-Z00,PADD 5,EPJK,Kerosene-Type Jet Fuel,IM0,Imports,MKJIMP51,West Coast (PADD 5) Imports of Kerosene-Type Jet Fuel (Thousand Barrels),447,MBBL
1990-11,R50-Z00,PADD 5,EPJK,Kerosene-Type Jet Fuel,IM0,Imports,MKJIMP52,West Coast (PADD 5) Imports of Kerosene-Type Jet Fuel (Thousand Barrels per Day),15,MBBL/D
1990-12,R50-Z00,PADD 5,EPJK,Kerosene-Type Jet Fuel,IM0,Imports,MKJIMP51,West Coast (PADD 5) Imports of Kerosene-Type Jet Fuel (Thousand Barrels),521,MBBL
1990-12,R50-Z00,PADD 5,EPJK,Kerosene-Type Jet Fuel,IM0,Imports,MKJIMP52,West Coast (PADD 5) Imports of Kerosene-Type Jet Fuel (Thousand Barrels per Day),17,MBBL/D
1991-01,R50-Z00,PADD 5,EPJK,Kerosene-Type Jet Fuel,IM0,Imports,MKJIMP51,West Coast (PADD 5) Imports of Kerosene-Type Jet Fuel (Thousand Barrels),75,MBBL
1991-01,R50-Z00,PADD 5,EPJK,Kerosene-Type Jet Fuel,IM0,Imports,MKJIMP52,West Coast (PADD 5) Imports of Kerosene-Type Jet Fuel (Thousand Barrels per Day),2,MBBL/D
1991-02,R50-Z00,PADD 5,EPJK,Kerosene-Type Jet Fuel,IM0,Imports,MKJIMP51,West Coast (PADD 5) Imports of Kerosene-Type Jet Fuel (Thousand Barrels),0,MBBL
1991-02,R50-Z00,PADD 5,EPJK,Kerosene-Type Jet Fuel,IM0,Imports,MKJIMP52,West Coast (PADD 5) Imports of Kerosene-Type Jet Fuel (Thousand Barrels per Day),0,MBBL/D
1991-03,R50-Z00,PADD 5,EPJK,Kerosene-Type Jet Fuel,IM0,Imports,MKJIMP51,West Coast (PADD 5) Imports of Kerosene-Type Jet Fuel (Thousand Barrels),180,MBBL
1991-03,R50-Z00,PADD 5,EPJK,Kerosene-Type Jet Fuel,IM0,Imports,MKJIMP52,West Coast (PADD 5) Imports of Kerosene-Type Jet Fuel (Thousand Barrels per Day),6,MBBL/D
1991-04,R50-Z00,PADD 5,EPJK,Kerosene-Type Jet Fuel,IM0,Imports,MKJIMP51,West Coast (PADD 5) Imports of Kerosene-Type Jet Fuel (Thousand Barrels),415,MBBL
1991-04,R50-Z00,PADD 5,EPJK,Kerosene-Type Jet Fuel,IM0,Imports,MKJIMP52,West Coast (PADD 5) Imports of Kerosene-Type Jet Fuel (Thousand Barrels per Day),14,MBBL/D
1991-05,R50-Z00,PADD 5,EPJK,Kerosene-Type Jet Fuel,IM0,Imports,MKJIMP51,West Coast (PADD 5) Imports of Kerosene-Type Jet Fuel (Thousand Barrels),191,MBBL
1991-05,R50-Z00,PADD 5,EPJK,Kerosene-Type Jet Fuel,IM0,Imports,MKJIMP52,West Coast (PADD 5) Imports of Kerosene-Type Jet Fuel (Thousand Barrels per Day),6,MBBL/D
1991-06,R50-Z00,PADD 5,EPJK,Kerosene-Type Jet Fuel,IM0,Imports,MKJIMP51,West Coast (PADD 5) Imports of Kerosene-Type Jet Fuel (Thousand Barrels),5,MBBL
1991-06,R50-Z00,PADD 5,EPJK,Kerosene-Type Jet Fuel,IM0,Imports,MKJIMP52,West Coast (PADD 5) Imports of Kerosene-Type Jet Fuel (Thousand Barrels per Day),0,MBBL/D
1991-07,R50-Z00,PADD 5,EPJK,Kerosene-Type Jet Fuel,IM0,Imports,MKJIMP51,West Coast (PADD 5) Imports of Kerosene-Type Jet Fuel (Thousand Barrels),13,MBBL
1991-07,R50-Z00,PADD 5,EPJK,Kerosene-Type Jet Fuel,IM0,Imports,MKJIMP52,West Coast (PADD 5) Imports of Kerosene-Type Jet Fuel (Thousand Barrels per Day),0,MBBL/D
1991-08,R50-Z00,PADD 5,EPJK,Kerosene-Type Jet Fuel,IM0,Imports,MKJIMP51,West Coast (PADD 5) Imports of Kerosene-Type Jet Fuel (Thousand Barrels),6,MBBL
1991-08,R50-Z00,PADD 5,EPJK,Kerosene-Type Jet Fuel,IM0,Imports,MKJIMP52,West Coast (PADD 5) Imports of Kerosene-Type Jet Fuel (Thousand Barrels per Day),0,MBBL/D
1991-09,R50-Z00,PADD 5,EPJK,Kerosene-Type Jet Fuel,IM0,Imports,MKJIMP51,West Coast (PADD 5) Imports of Kerosene-Type Jet Fuel (Thousand Barrels),487,MBBL
1991-09,R50-Z00,PADD 5,EPJK,Kerosene-Type Jet Fuel,IM0,Imports,MKJIMP52,West Coast (PADD 5) Imports of Kerosene-Type Jet Fuel (Thousand Barrels per Day),16,MBBL/D
1991-10,R50-Z00,PADD 5,EPJK,Kerosene-Type Jet Fuel,IM0,Imports,MKJIMP51,West Coast (PADD 5) Imports of Kerosene-Type Jet Fuel (Thousand Barrels),13,MBBL
1991-10,R50-Z00,PADD 5,EPJK,Kerosene-Type Jet Fuel,IM0,Imports,MKJIMP52,West Coast (PADD 5) Imports of Kerosene-Type Jet Fuel (Thousand Barrels per Day),0,MBBL/D
1991-11,R50-Z00,PADD 5,EPJK,Kerosene-Type Jet Fuel,IM0,Imports,MKJIMP51,West Coast (PADD 5) Imports of Kerosene-Type Jet Fuel (Thousand Barrels),213,MBBL
1991-11,R50-Z00,PADD 5,EPJK,Kerosene-Type Jet Fuel,IM0,Imports,MKJIMP52,West Coast (PADD 5) Imports of Kerosene-Type Jet Fuel (Thousand Barrels per Day),7,MBBL/D
1991-12,R50-Z00,PADD 5,EPJK,Kerosene-Type Jet Fuel,IM0,Imports,MKJIMP51,West Coast (PADD 5) Imports of Kerosene-Type Jet Fuel (Thousand Barrels),11,MBBL
1991-12,R50-Z00,PADD 5,EPJK,Kerosene-Type Jet Fuel,IM0,Imports,MKJIMP52,West Coast (PADD 5) Imports of Kerosene-Type Jet Fuel (Thousand Barrels per Day),0,MBBL/D
1992-01,R50-Z00,PADD 5,EPJK,Kerosene-Type Jet Fuel,IM0,Imports,MKJIMP51,West Coast (PADD 5) Imports of Kerosene-Type Jet Fuel (Thousand Barrels),13,MBBL
1992-01,R50-Z00,PADD 5,EPJK,Kerosene-Type Jet Fuel,IM0,Imports,MKJIMP52,West Coast (PADD 5) Imports of Kerosene-Type Jet Fuel (Thousand Barrels per Day),0,MBBL/D
1992-02,R50-Z00,PADD 5,EPJK,Kerosene-Type Jet Fuel,IM0,Imports,MKJIMP51,West Coast (PADD 5) Imports of Kerosene-Type Jet Fuel (Thousand Barrels),22,MBBL
1992-02,R50-Z00,PADD 5,EPJK,Kerosene-Type Jet Fuel,IM0,Imports,MKJIMP52,West Coast (PADD 5) Imports of Kerosene-Type Jet Fuel (Thousand Barrels per Day),1,MBBL/D
1992-03,R50-Z00,PADD 5,EPJK,Kerosene-Type Jet Fuel,IM0,Imports,MKJIMP51,West Coast (PADD 5) Imports of Kerosene-Type Jet Fuel (Thousand Barrels),4,MBBL
1992-03,R50-Z00,PADD 5,EPJK,Kerosene-Type Jet Fuel,IM0,Imports,MKJIMP52,West Coast (PADD 5) Imports of Kerosene-Type Jet Fuel (Thousand Barrels per Day),0,MBBL/D
1992-04,R50-Z00,PADD 5,EPJK,Kerosene-Type Jet Fuel,IM0,Imports,MKJIMP51,West Coast (PADD 5) Imports of Kerosene-Type Jet Fuel (Thousand Barrels),444,MBBL
1992-04,R50-Z00,PADD 5,EPJK,Kerosene-Type Jet Fuel,IM0,Imports,MKJIMP52,West Coast (PADD 5) Imports of Kerosene-Type Jet Fuel (Thousand Barrels per Day),15,MBBL/D
1992-05,R50-Z00,PADD 5,EPJK,Kerosene-Type Jet Fuel,IM0,Imports,MKJIMP51,West Coast (PADD 5) Imports of Kerosene-Type Jet Fuel (Thousand Barrels),236,MBBL
1992-05,R50-Z00,PADD 5,EPJK,Kerosene-Type Jet Fuel,IM0,Imports,MKJIMP52,West Coast (PADD 5) Imports of Kerosene-Type Jet Fuel (Thousand Barrels per Day),8,MBBL/D
1992-06,R50-Z00,PADD 5,EPJK,Kerosene-Type Jet Fuel,IM0,Imports,MKJIMP51,West Coast (PADD 5) Imports of Kerosene-Type Jet Fuel (Thousand Barrels),25,MBBL
1992-06,R50-Z00,PADD 5,EPJK,Kerosene-Type Jet Fuel,IM0,Imports,MKJIMP52,West Coast (PADD 5) Imports of Kerosene-Type Jet Fuel (Thousand Barrels per Day),1,MBBL/D
1992-07,R50-Z00,PADD 5,EPJK,Kerosene-Type Jet Fuel,IM0,Imports,MKJIMP51,West Coast (PADD 5) Imports of Kerosene-Type Jet Fuel (Thousand Barrels),0,MBBL
1992-07,R50-Z00,PADD 5,EPJK,Kerosene-Type Jet Fuel,IM0,Imports,MKJIMP52,West Coast (PADD 5) Imports of Kerosene-Type Jet Fuel (Thousand Barrels per Day),0,MBBL/D
1992-08,R50-Z00,PADD 5,EPJK,Kerosene-Type Jet Fuel,IM0,Imports,MKJIMP51,West Coast (PADD 5) Imports of Kerosene-Type Jet Fuel (Thousand Barrels),50,MBBL
1992-08,R50-Z00,PADD 5,EPJK,Kerosene-Type Jet Fuel,IM0,Imports,MKJIMP52,West Coast (PADD 5) Imports of Kerosene-Type Jet Fuel (Thousand Barrels per Day),2,MBBL/D
1992-09,R50-Z00,PADD 5,EPJK,Kerosene-Type Jet Fuel,IM0,Imports,MKJIMP51,West Coast (PADD 5) Imports of Kerosene-Type Jet Fuel (Thousand Barrels),489,MBBL
1992-09,R50-Z00,PADD 5,EPJK,Kerosene-Type Jet Fuel,IM0,Imports,MKJIMP52,West Coast (PADD 5) Imports of Kerosene-Type Jet Fuel (Thousand Barrels per Day),16,MBBL/D
1992-10,R50-Z00,PADD 5,EPJK,Kerosene-Type Jet Fuel,IM0,Imports,MKJIMP51,West Coast (PADD 5) Imports of Kerosene-Type Jet Fuel (Thousand Barrels),81,MBBL
1992-10,R50-Z00,PADD 5,EPJK,Kerosene-Type Jet Fuel,IM0,Imports,MKJIMP52,West Coast (PADD 5) Imports of Kerosene-Type Jet Fuel (Thousand Barrels per Day),3,MBBL/D
1992-11,R50-Z00,PADD 5,EPJK,Kerosene-Type Jet Fuel,IM0,Imports,MKJIMP51,West Coast (PADD 5) Imports of Kerosene-Type Jet Fuel (Thousand Barrels),3,MBBL
1992-11,R50-Z00,PADD 5,EPJK,Kerosene-Type Jet Fuel,IM0,Imports,MKJIMP52,West Coast (PADD 5) Imports of Kerosene-Type Jet Fuel (Thousand Barrels per Day),0,MBBL/D
1992-12,R50-Z00,PADD 5,EPJK,Kerosene-Type Jet Fuel,IM0,Imports,MKJIMP51,West Coast (PADD 5) Imports of Kerosene-Type Jet Fuel (Thousand Barrels),3,MBBL
1992-12,R50-Z00,PADD 5,EPJK,Kerosene-Type Jet Fuel,IM0,Imports,MKJIMP52,West Coast (PADD 5) Imports of Kerosene-Type Jet Fuel (Thousand Barrels per Day),0,MBBL/D
1993-01,R50-Z00,PADD 5,EPJK,Kerosene-Type Jet Fuel,IM0,Imports,MKJIMP51,West Coast (PADD 5) Imports of Kerosene-Type Jet Fuel (Thousand Barrels),9,MBBL
1993-01,R50-Z00,PADD 5,EPJK,Kerosene-Type Jet Fuel,IM0,Imports,MKJIMP52,West Coast (PADD 5) Imports of Kerosene-Type Jet Fuel (Thousand Barrels per Day),0,MBBL/D
1993-02,R50-Z00,PADD 5,EPJK,Kerosene-Type Jet Fuel,IM0,Imports,MKJIMP51,West Coast (PADD 5) Imports of Kerosene-Type Jet Fuel (Thousand Barrels),308,MBBL
1993-02,R50-Z00,PADD 5,EPJK,Kerosene-Type Jet Fuel,IM0,Imports,MKJIMP52,West Coast (PADD 5) Imports of Kerosene-Type Jet Fuel (Thousand Barrels per Day),11,MBBL/D
1993-03,R50-Z00,PADD 5,EPJK,Kerosene-Type Jet Fuel,IM0,Imports,MKJIMP51,West Coast (PADD 5) Imports of Kerosene-Type Jet Fuel (Thousand Barrels),4,MBBL
1993-03,R50-Z00,PADD 5,EPJK,Kerosene-Type Jet Fuel,IM0,Imports,MKJIMP52,West Coast (PADD 5) Imports of Kerosene-Type Jet Fuel (Thousand Barrels per Day),0,MBBL/D
1993-04,R50-Z00,PADD 5,EPJK,Kerosene-Type Jet Fuel,IM0,Imports,MKJIMP51,West Coast (PADD 5) Imports of Kerosene-Type Jet Fuel (Thousand Barrels),7,MBBL
1993-04,R50-Z00,PADD 5,EPJK,Kerosene-Type Jet Fuel,IM0,Imports,MKJIMP52,West Coast (PADD 5) Imports of Kerosene-Type Jet Fuel (Thousand Barrels per Day),0,MBBL/D
1993-05,R50-Z00,PADD 5,EPJK,Kerosene-Type Jet Fuel,IM0,Imports,MKJIMP51,West Coast (PADD 5) Imports of Kerosene-Type Jet Fuel (Thousand Barrels),14,MBBL
1993-05,R50-Z00,PADD 5,EPJK,Kerosene-Type Jet Fuel,IM0,Imports,MKJIMP52,West Coast (PADD 5) Imports of Kerosene-Type Jet Fuel (Thousand Barrels per Day),0,MBBL/D
1993-06,R50-Z00,PADD 5,EPJK,Kerosene-Type Jet Fuel,IM0,Imports,MKJIMP51,West Coast (PADD 5) Imports of Kerosene-Type Jet Fuel (Thousand Barrels),12,MBBL
1993-06,R50-Z00,PADD 5,EPJK,Kerosene-Type Jet Fuel,IM0,Imports,MKJIMP52,West Coast (PADD 5) Imports of Kerosene-Type Jet Fuel (Thousand Barrels per Day),0,MBBL/D
1993-07,R50-Z00,PADD 5,EPJK,Kerosene-Type Jet Fuel,IM0,Imports,MKJIMP51,West Coast (PADD 5) Imports of Kerosene-Type Jet Fuel (Thousand Barrels),67,MBBL
1993-07,R50-Z00,PADD 5,EPJK,Kerosene-Type Jet Fuel,IM0,Imports,MKJIMP52,West Coast (PADD 5) Imports of Kerosene-Type Jet Fuel (Thousand Barrels per Day),2,MBBL/D
1993-08,R50-Z00,PADD 5,EPJK,Kerosene-Type Jet Fuel,IM0,Imports,MKJIMP51,West Coast (PADD 5) Imports of Kerosene-Type Jet Fuel (Thousand Barrels),12,MBBL
1993-08,R50-Z00,PADD 5,EPJK,Kerosene-Type Jet Fuel,IM0,Imports,MKJIMP52,West Coast (PADD 5) Imports of Kerosene-Type Jet Fuel (Thousand Barrels per Day),0,MBBL/D
1993-09,R50-Z00,PADD 5,EPJK,Kerosene-Type Jet Fuel,IM0,Imports,MKJIMP51,West Coast (PADD 5) Imports of Kerosene-Type Jet Fuel (Thousand Barrels),610,MBBL
1993-09,R50-Z00,PADD 5,EPJK,Kerosene-Type Jet Fuel,IM0,Imports,MKJIMP52,West Coast (PADD 5) Imports of Kerosene-Type Jet Fuel (Thousand Barrels per Day),20,MBBL/D
1993-10,R50-Z00,PADD 5,EPJK,Kerosene-Type Jet Fuel,IM0,Imports,MKJIMP51,West Coast (PADD 5) Imports of Kerosene-Type Jet Fuel (Thousand Barrels),1112,MBBL
1993-10,R50-Z00,PADD 5,EPJK,Kerosene-Type Jet Fuel,IM0,Imports,MKJIMP52,West Coast (PADD 5) Imports of Kerosene-Type Jet Fuel (Thousand Barrels per Day),36,MBBL/D
1993-11,R50-Z00,PADD 5,EPJK,Kerosene-Type Jet Fuel,IM0,Imports,MKJIMP51,West Coast (PADD 5) Imports of Kerosene-Type Jet Fuel (Thousand Barrels),604,MBBL
1993-11,R50-Z00,PADD 5,EPJK,Kerosene-Type Jet Fuel,IM0,Imports,MKJIMP52,West Coast (PADD 5) Imports of Kerosene-Type Jet Fuel (Thousand Barrels per Day),20,MBBL/D
1993-12,R50-Z00,PADD 5,EPJK,Kerosene-Type Jet Fuel,IM0,Imports,MKJIMP51,West Coast (PADD 5) Imports of Kerosene-Type Jet Fuel (Thousand Barrels),243,MBBL
1993-12,R50-Z00,PADD 5,EPJK,Kerosene-Type Jet Fuel,IM0,Imports,MKJIMP52,West Coast (PADD 5) Imports of Kerosene-Type Jet Fuel (Thousand Barrels per Day),8,MBBL/D
1994-01,R50-Z00,PADD 5,EPJK,Kerosene-Type Jet Fuel,IM0,Imports,MKJIMP51,West Coast (PADD 5) Imports of Kerosene-Type Jet Fuel (Thousand Barrels),26,MBBL
1994-01,R50-Z00,PADD 5,EPJK,Kerosene-Type Jet Fuel,IM0,Imports,MKJIMP52,West Coast (PADD 5) Imports of Kerosene-Type Jet Fuel (Thousand Barrels per Day),1,MBBL/D
1994-02,R50-Z00,PADD 5,EPJK,Kerosene-Type Jet Fuel,IM0,Imports,MKJIMP51,West Coast (PADD 5) Imports of Kerosene-Type Jet Fuel (Thousand Barrels),27,MBBL
1994-02,R50-Z00,PADD 5,EPJK,Kerosene-Type Jet Fuel,IM0,Imports,MKJIMP52,West Coast (PADD 5) Imports of Kerosene-Type Jet Fuel (Thousand Barrels per Day),1,MBBL/D
1994-03,R50-Z00,PADD 5,EPJK,Kerosene-Type Jet Fuel,IM0,Imports,MKJIMP51,West Coast (PADD 5) Imports of Kerosene-Type Jet Fuel (Thousand Barrels),676,MBBL
1994-03,R50-Z00,PADD 5,EPJK,Kerosene-Type Jet Fuel,IM0,Imports,MKJIMP52,West Coast (PADD 5) Imports of Kerosene-Type Jet Fuel (Thousand Barrels per Day),22,MBBL/D
1994-04,R50-Z00,PADD 5,EPJK,Kerosene-Type Jet Fuel,IM0,Imports,MKJIMP51,West Coast (PADD 5) Imports of Kerosene-Type Jet Fuel (Thousand Barrels),482,MBBL
1994-04,R50-Z00,PADD 5,EPJK,Kerosene-Type Jet Fuel,IM0,Imports,MKJIMP52,West Coast (PADD 5) Imports of Kerosene-Type Jet Fuel (Thousand Barrels per Day),16,MBBL/D
1994-05,R50-Z00,PADD 5,EPJK,Kerosene-Type Jet Fuel,IM0,Imports,MKJIMP51,West Coast (PADD 5) Imports of Kerosene-Type Jet Fuel (Thousand Barrels),248,MBBL
1994-05,R50-Z00,PADD 5,EPJK,Kerosene-Type Jet Fuel,IM0,Imports,MKJIMP52,West Coast (PADD 5) Imports of Kerosene-Type Jet Fuel (Thousand Barrels per Day),8,MBBL/D
1994-06,R50-Z00,PADD 5,EPJK,Kerosene-Type Jet Fuel,IM0,Imports,MKJIMP51,West Coast (PADD 5) Imports of Kerosene-Type Jet Fuel (Thousand Barrels),453,MBBL
1994-06,R50-Z00,PADD 5,EPJK,Kerosene-Type Jet Fuel,IM0,Imports,MKJIMP52,West Coast (PADD 5) Imports of Kerosene-Type Jet Fuel (Thousand Barrels per Day),15,MBBL/D
1994-07,R50-Z00,PADD 5,EPJK,Kerosene-Type Jet Fuel,IM0,Imports,MKJIMP51,West Coast (PADD 5) Imports of Kerosene-Type Jet Fuel (Thousand Barrels),40,MBBL
1994-07,R50-Z00,PADD 5,EPJK,Kerosene-Type Jet Fuel,IM0,Imports,MKJIMP52,West Coast (PADD 5) Imports of Kerosene-Type Jet Fuel (Thousand Barrels per Day),1,MBBL/D
1994-08,R50-Z00,PADD 5,EPJK,Kerosene-Type Jet Fuel,IM0,Imports,MKJIMP51,West Coast (PADD 5) Imports of Kerosene-Type Jet Fuel (Thousand Barrels),1,MBBL
1994-08,R50-Z00,PADD 5,EPJK,Kerosene-Type Jet Fuel,IM0,Imports,MKJIMP52,West Coast (PADD 5) Imports of Kerosene-Type Jet Fuel (Thousand Barrels per Day),0,MBBL/D
1994-09,R50-Z00,PADD 5,EPJK,Kerosene-Type Jet Fuel,IM0,Imports,MKJIMP51,West Coast (PADD 5) Imports of Kerosene-Type Jet Fuel (Thousand Barrels),421,MBBL
1994-09,R50-Z00,PADD 5,EPJK,Kerosene-Type Jet Fuel,IM0,Imports,MKJIMP52,West Coast (PADD 5) Imports of Kerosene-Type Jet Fuel (Thousand Barrels per Day),14,MBBL/D
1994-10,R50-Z00,PADD 5,EPJK,Kerosene-Type Jet Fuel,IM0,Imports,MKJIMP51,West Coast (PADD 5) Imports of Kerosene-Type Jet Fuel (Thousand Barrels),502,MBBL
1994-10,R50-Z00,PADD 5,EPJK,Kerosene-Type Jet Fuel,IM0,Imports,MKJIMP52,West Coast (PADD 5) Imports of Kerosene-Type Jet Fuel (Thousand Barrels per Day),16,MBBL/D
1994-12,R50-Z00,PADD 5,EPJK,Kerosene-Type Jet Fuel,IM0,Imports,MKJIMP51,West Coast (PADD 5) Imports of Kerosene-Type Jet Fuel (Thousand Barrels),388,MBBL
1994-12,R50-Z00,PADD 5,EPJK,Kerosene-Type Jet Fuel,IM0,Imports,MKJIMP52,West Coast (PADD 5) Imports of Kerosene-Type Jet Fuel (Thousand Barrels per Day),13,MBBL/D
1995-01,R50-Z00,PADD 5,EPJK,Kerosene-Type Jet Fuel,IM0,Imports,MKJIMP51,West Coast (PADD 5) Imports of Kerosene-Type Jet Fuel (Thousand Barrels),69,MBBL
1995-01,R50-Z00,PADD 5,EPJK,Kerosene-Type Jet Fuel,IM0,Imports,MKJIMP52,West Coast (PADD 5) Imports of Kerosene-Type Jet Fuel (Thousand Barrels per Day),2,MBBL/D
1995-02,R50-Z00,PADD 5,EPJK,Kerosene-Type Jet Fuel,IM0,Imports,MKJIMP51,West Coast (PADD 5) Imports of Kerosene-Type Jet Fuel (Thousand Barrels),530,MBBL
1995-02,R50-Z00,PADD 5,EPJK,Kerosene-Type Jet Fuel,IM0,Imports,MKJIMP52,West Coast (PADD 5) Imports of Kerosene-Type Jet Fuel (Thousand Barrels per Day),19,MBBL/D
1995-03,R50-Z00,PADD 5,EPJK,Kerosene-Type Jet Fuel,IM0,Imports,MKJIMP51,West Coast (PADD 5) Imports of Kerosene-Type Jet Fuel (Thousand Barrels),25,MBBL
1995-03,R50-Z00,PADD 5,EPJK,Kerosene-Type Jet Fuel,IM0,Imports,MKJIMP52,West Coast (PADD 5) Imports of Kerosene-Type Jet Fuel (Thousand Barrels per Day),1,MBBL/D
1995-04,R50-Z00,PADD 5,EPJK,Kerosene-Type Jet Fuel,IM0,Imports,MKJIMP51,West Coast (PADD 5) Imports of Kerosene-Type Jet Fuel (Thousand Barrels),58,MBBL
1995-04,R50-Z00,PADD 5,EPJK,Kerosene-Type Jet Fuel,IM0,Imports,MKJIMP52,West Coast (PADD 5) Imports of Kerosene-Type Jet Fuel (Thousand Barrels per Day),2,MBBL/D
1995-05,R50-Z00,PADD 5,EPJK,Kerosene-Type Jet Fuel,IM0,Imports,MKJIMP51,West Coast (PADD 5) Imports of Kerosene-Type Jet Fuel (Thousand Barrels),0,MBBL
1995-05,R50-Z00,PADD 5,EPJK,Kerosene-Type Jet Fuel,IM0,Imports,MKJIMP52,West Coast (PADD 5) Imports of Kerosene-Type Jet Fuel (Thousand Barrels per Day),0,MBBL/D
1995-06,R50-Z00,PADD 5,EPJK,Kerosene-Type Jet Fuel,IM0,Imports,MKJIMP51,West Coast (PADD 5) Imports of Kerosene-Type Jet Fuel (Thousand Barrels),63,MBBL
1995-06,R50-Z00,PADD 5,EPJK,Kerosene-Type Jet Fuel,IM0,Imports,MKJIMP52,West Coast (PADD 5) Imports of Kerosene-Type Jet Fuel (Thousand Barrels per Day),2,MBBL/D
1995-07,R50-Z00,PADD 5,EPJK,Kerosene-Type Jet Fuel,IM0,Imports,MKJIMP51,West Coast (PADD 5) Imports of Kerosene-Type Jet Fuel (Thousand Barrels),2,MBBL
1995-07,R50-Z00,PADD 5,EPJK,Kerosene-Type Jet Fuel,IM0,Imports,MKJIMP52,West Coast (PADD 5) Imports of Kerosene-Type Jet Fuel (Thousand Barrels per Day),0,MBBL/D
1995-08,R50-Z00,PADD 5,EPJK,Kerosene-Type Jet Fuel,IM0,Imports,MKJIMP51,West Coast (PADD 5) Imports of Kerosene-Type Jet Fuel (Thousand Barrels),2,MBBL
1995-08,R50-Z00,PADD 5,EPJK,Kerosene-Type Jet Fuel,IM0,Imports,MKJIMP52,West Coast (PADD 5) Imports of Kerosene-Type Jet Fuel (Thousand Barrels per Day),0,MBBL/D
1995-09,R50-Z00,PADD 5,EPJK,Kerosene-Type Jet Fuel,IM0,Imports,MKJIMP51,West Coast (PADD 5) Imports of Kerosene-Type Jet Fuel (Thousand Barrels),613,MBBL
1995-09,R50-Z00,PADD 5,EPJK,Kerosene-Type Jet Fuel,IM0,Imports,MKJIMP52,West Coast (PADD 5) Imports of Kerosene-Type Jet Fuel (Thousand Barrels per Day),20,MBBL/D
1995-10,R50-Z00,PADD 5,EPJK,Kerosene-Type Jet Fuel,IM0,Imports,MKJIMP51,West Coast (PADD 5) Imports of Kerosene-Type Jet Fuel (Thousand Barrels),484,MBBL
1995-10,R50-Z00,PADD 5,EPJK,Kerosene-Type Jet Fuel,IM0,Imports,MKJIMP52,West Coast (PADD 5) Imports of Kerosene-Type Jet Fuel (Thousand Barrels per Day),16,MBBL/D
1995-11,R50-Z00,PADD 5,EPJK,Kerosene-Type Jet Fuel,IM0,Imports,MKJIMP51,West Coast (PADD 5) Imports of Kerosene-Type Jet Fuel (Thousand Barrels),1554,MBBL
1995-11,R50-Z00,PADD 5,EPJK,Kerosene-Type Jet Fuel,IM0,Imports,MKJIMP52,West Coast (PADD 5) Imports of Kerosene-Type Jet Fuel (Thousand Barrels per Day),52,MBBL/D
1995-12,R50-Z00,PADD 5,EPJK,Kerosene-Type Jet Fuel,IM0,Imports,MKJIMP51,West Coast (PADD 5) Imports of Kerosene-Type Jet Fuel (Thousand Barrels),0,MBBL
1995-12,R50-Z00,PADD 5,EPJK,Kerosene-Type Jet Fuel,IM0,Imports,MKJIMP52,West Coast (PADD 5) Imports of Kerosene-Type Jet Fuel (Thousand Barrels per Day),0,MBBL/D
1996-01,R50-Z00,PADD 5,EPJK,Kerosene-Type Jet Fuel,IM0,Imports,MKJIMP51,West Coast (PADD 5) Imports of Kerosene-Type Jet Fuel (Thousand Barrels),2,MBBL
1996-01,R50-Z00,PADD 5,EPJK,Kerosene-Type Jet Fuel,IM0,Imports,MKJIMP52,West Coast (PADD 5) Imports of Kerosene-Type Jet Fuel (Thousand Barrels per Day),0,MBBL/D
1996-02,R50-Z00,PADD 5,EPJK,Kerosene-Type Jet Fuel,IM0,Imports,MKJIMP51,West Coast (PADD 5) Imports of Kerosene-Type Jet Fuel (Thousand Barrels),1,MBBL
1996-02,R50-Z00,PADD 5,EPJK,Kerosene-Type Jet Fuel,IM0,Imports,MKJIMP52,West Coast (PADD 5) Imports of Kerosene-Type Jet Fuel (Thousand Barrels per Day),0,MBBL/D
1996-03,R50-Z00,PADD 5,EPJK,Kerosene-Type Jet Fuel,IM0,Imports,MKJIMP51,West Coast (PADD 5) Imports of Kerosene-Type Jet Fuel (Thousand Barrels),2,MBBL
1996-03,R50-Z00,PADD 5,EPJK,Kerosene-Type Jet Fuel,IM0,Imports,MKJIMP52,West Coast (PADD 5) Imports of Kerosene-Type Jet Fuel (Thousand Barrels per Day),0,MBBL/D
1996-04,R50-Z00,PADD 5,EPJK,Kerosene-Type Jet Fuel,IM0,Imports,MKJIMP51,West Coast (PADD 5) Imports of Kerosene-Type Jet Fuel (Thousand Barrels),3,MBBL
1996-04,R50-Z00,PADD 5,EPJK,Kerosene-Type Jet Fuel,IM0,Imports,MKJIMP52,West Coast (PADD 5) Imports of Kerosene-Type Jet Fuel (Thousand Barrels per Day),0,MBBL/D
1996-05,R50-Z00,PADD 5,EPJK,Kerosene-Type Jet Fuel,IM0,Imports,MKJIMP51,West Coast (PADD 5) Imports of Kerosene-Type Jet Fuel (Thousand Barrels),410,MBBL
1996-05,R50-Z00,PADD 5,EPJK,Kerosene-Type Jet Fuel,IM0,Imports,MKJIMP52,West Coast (PADD 5) Imports of Kerosene-Type Jet Fuel (Thousand Barrels per Day),13,MBBL/D
1996-06,R50-Z00,PADD 5,EPJK,Kerosene-Type Jet Fuel,IM0,Imports,MKJIMP51,West Coast (PADD 5) Imports of Kerosene-Type Jet Fuel (Thousand Barrels),354,MBBL
1996-06,R50-Z00,PADD 5,EPJK,Kerosene-Type Jet Fuel,IM0,Imports,MKJIMP52,West Coast (PADD 5) Imports of Kerosene-Type Jet Fuel (Thousand Barrels per Day),12,MBBL/D
1996-07,R50-Z00,PADD 5,EPJK,Kerosene-Type Jet Fuel,IM0,Imports,MKJIMP51,West Coast (PADD 5) Imports of Kerosene-Type Jet Fuel (Thousand Barrels),84,MBBL
1996-07,R50-Z00,PADD 5,EPJK,Kerosene-Type Jet Fuel,IM0,Imports,MKJIMP52,West Coast (PADD 5) Imports of Kerosene-Type Jet Fuel (Thousand Barrels per Day),3,MBBL/D
1996-08,R50-Z00,PADD 5,EPJK,Kerosene-Type Jet Fuel,IM0,Imports,MKJIMP51,West Coast (PADD 5) Imports of Kerosene-Type Jet Fuel (Thousand Barrels),402,MBBL
1996-08,R50-Z00,PADD 5,EPJK,Kerosene-Type Jet Fuel,IM0,Imports,MKJIMP52,West Coast (PADD 5) Imports of Kerosene-Type Jet Fuel (Thousand Barrels per Day),13,MBBL/D
1996-09,R50-Z00,PADD 5,EPJK,Kerosene-Type Jet Fuel,IM0,Imports,MKJIMP51,West Coast (PADD 5) Imports of Kerosene-Type Jet Fuel (Thousand Barrels),738,MBBL
1996-09,R50-Z00,PADD 5,EPJK,Kerosene-Type Jet Fuel,IM0,Imports,MKJIMP52,West Coast (PADD 5) Imports of Kerosene-Type Jet Fuel (Thousand Barrels per Day),25,MBBL/D
1996-10,R50-Z00,PADD 5,EPJK,Kerosene-Type Jet Fuel,IM0,Imports,MKJIMP51,West Coast (PADD 5) Imports of Kerosene-Type Jet Fuel (Thousand Barrels),134,MBBL
1996-10,R50-Z00,PADD 5,EPJK,Kerosene-Type Jet Fuel,IM0,Imports,MKJIMP52,West Coast (PADD 5) Imports of Kerosene-Type Jet Fuel (Thousand Barrels per Day),4,MBBL/D
1996-11,R50-Z00,PADD 5,EPJK,Kerosene-Type Jet Fuel,IM0,Imports,MKJIMP51,West Coast (PADD 5) Imports of Kerosene-Type Jet Fuel (Thousand Barrels),2,MBBL
1996-11,R50-Z00,PADD 5,EPJK,Kerosene-Type Jet Fuel,IM0,Imports,MKJIMP52,West Coast (PADD 5) Imports of Kerosene-Type Jet Fuel (Thousand Barrels per Day),0,MBBL/D
1996-12,R50-Z00,PADD 5,EPJK,Kerosene-Type Jet Fuel,IM0,Imports,MKJIMP51,West Coast (PADD 5) Imports of Kerosene-Type Jet Fuel (Thousand Barrels),120,MBBL
1996-12,R50-Z00,PADD 5,EPJK,Kerosene-Type Jet Fuel,IM0,Imports,MKJIMP52,West Coast (PADD 5) Imports of Kerosene-Type Jet Fuel (Thousand Barrels per Day),4,MBBL/D
1997-01,R50-Z00,PADD 5,EPJK,Kerosene-Type Jet Fuel,IM0,Imports,MKJIMP51,West Coast (PADD 5) Imports of Kerosene-Type Jet Fuel (Thousand Barrels),6,MBBL
1997-01,R50-Z00,PADD 5,EPJK,Kerosene-Type Jet Fuel,IM0,Imports,MKJIMP52,West Coast (PADD 5) Imports of Kerosene-Type Jet Fuel (Thousand Barrels per Day),0,MBBL/D
1997-02,R50-Z00,PADD 5,EPJK,Kerosene-Type Jet Fuel,IM0,Imports,MKJIMP51,West Coast (PADD 5) Imports of Kerosene-Type Jet Fuel (Thousand Barrels),621,MBBL
1997-02,R50-Z00,PADD 5,EPJK,Kerosene-Type Jet Fuel,IM0,Imports,MKJIMP52,West Coast (PADD 5) Imports of Kerosene-Type Jet Fuel (Thousand Barrels per Day),22,MBBL/D
1997-03,R50-Z00,PADD 5,EPJK,Kerosene-Type Jet Fuel,IM0,Imports,MKJIMP51,West Coast (PADD 5) Imports of Kerosene-Type Jet Fuel (Thousand Barrels),5,MBBL
1997-03,R50-Z00,PADD 5,EPJK,Kerosene-Type Jet Fuel,IM0,Imports,MKJIMP52,West Coast (PADD 5) Imports of Kerosene-Type Jet Fuel (Thousand Barrels per Day),0,MBBL/D
1997-04,R50-Z00,PADD 5,EPJK,Kerosene-Type Jet Fuel,IM0,Imports,MKJIMP51,West Coast (PADD 5) Imports of Kerosene-Type Jet Fuel (Thousand Barrels),132,MBBL
1997-04,R50-Z00,PADD 5,EPJK,Kerosene-Type Jet Fuel,IM0,Imports,MKJIMP52,West Coast (PADD 5) Imports of Kerosene-Type Jet Fuel (Thousand Barrels per Day),4,MBBL/D
1997-05,R50-Z00,PADD 5,EPJK,Kerosene-Type Jet Fuel,IM0,Imports,MKJIMP51,West Coast (PADD 5) Imports of Kerosene-Type Jet Fuel (Thousand Barrels),44,MBBL
1997-05,R50-Z00,PADD 5,EPJK,Kerosene-Type Jet Fuel,IM0,Imports,MKJIMP52,West Coast (PADD 5) Imports of Kerosene-Type Jet Fuel (Thousand Barrels per Day),1,MBBL/D
1997-06,R50-Z00,PADD 5,EPJK,Kerosene-Type Jet Fuel,IM0,Imports,MKJIMP51,West Coast (PADD 5) Imports of Kerosene-Type Jet Fuel (Thousand Barrels),3,MBBL
1997-06,R50-Z00,PADD 5,EPJK,Kerosene-Type Jet Fuel,IM0,Imports,MKJIMP52,West Coast (PADD 5) Imports of Kerosene-Type Jet Fuel (Thousand Barrels per Day),0,MBBL/D
1997-07,R50-Z00,PADD 5,EPJK,Kerosene-Type Jet Fuel,IM0,Imports,MKJIMP51,West Coast (PADD 5) Imports of Kerosene-Type Jet Fuel (Thousand Barrels),100,MBBL
1997-07,R50-Z00,PADD 5,EPJK,Kerosene-Type Jet Fuel,IM0,Imports,MKJIMP52,West Coast (PADD 5) Imports of Kerosene-Type Jet Fuel (Thousand Barrels per Day),3,MBBL/D
1997-08,R50-Z00,PADD 5,EPJK,Kerosene-Type Jet Fuel,IM0,Imports,MKJIMP51,West Coast (PADD 5) Imports of Kerosene-Type Jet Fuel (Thousand Barrels),143,MBBL
1997-08,R50-Z00,PADD 5,EPJK,Kerosene-Type Jet Fuel,IM0,Imports,MKJIMP52,West Coast (PADD 5) Imports of Kerosene-Type Jet Fuel (Thousand Barrels per Day),5,MBBL/D
1997-09,R50-Z00,PADD 5,EPJK,Kerosene-Type Jet Fuel,IM0,Imports,MKJIMP51,West Coast (PADD 5) Imports of Kerosene-Type Jet Fuel (Thousand Barrels),345,MBBL
1997-09,R50-Z00,PADD 5,EPJK,Kerosene-Type Jet Fuel,IM0,Imports,MKJIMP52,West Coast (PADD 5) Imports of Kerosene-Type Jet Fuel (Thousand Barrels per Day),12,MBBL/D
1997-10,R50-Z00,PADD 5,EPJK,Kerosene-Type Jet Fuel,IM0,Imports,MKJIMP51,West Coast (PADD 5) Imports of Kerosene-Type Jet Fuel (Thousand Barrels),123,MBBL
1997-10,R50-Z00,PADD 5,EPJK,Kerosene-Type Jet Fuel,IM0,Imports,MKJIMP52,West Coast (PADD 5) Imports of Kerosene-Type Jet Fuel (Thousand Barrels per Day),4,MBBL/D
1997-11,R50-Z00,PADD 5,EPJK,Kerosene-Type Jet Fuel,IM0,Imports,MKJIMP51,West Coast (PADD 5) Imports of Kerosene-Type Jet Fuel (Thousand Barrels),202,MBBL
1997-11,R50-Z00,PADD 5,EPJK,Kerosene-Type Jet Fuel,IM0,Imports,MKJIMP52,West Coast (PADD 5) Imports of Kerosene-Type Jet Fuel (Thousand Barrels per Day),7,MBBL/D
1997-12,R50-Z00,PADD 5,EPJK,Kerosene-Type Jet Fuel,IM0,Imports,MKJIMP51,West Coast (PADD 5) Imports of Kerosene-Type Jet Fuel (Thousand Barrels),229,MBBL
1997-12,R50-Z00,PADD 5,EPJK,Kerosene-Type Jet Fuel,IM0,Imports,MKJIMP52,West Coast (PADD 5) Imports of Kerosene-Type Jet Fuel (Thousand Barrels per Day),7,MBBL/D
1998-01,R50-Z00,PADD 5,EPJK,Kerosene-Type Jet Fuel,IM0,Imports,MKJIMP51,West Coast (PADD 5) Imports of Kerosene-Type Jet Fuel (Thousand Barrels),475,MBBL
1998-01,R50-Z00,PADD 5,EPJK,Kerosene-Type Jet Fuel,IM0,Imports,MKJIMP52,West Coast (PADD 5) Imports of Kerosene-Type Jet Fuel (Thousand Barrels per Day),15,MBBL/D
1998-02,R50-Z00,PADD 5,EPJK,Kerosene-Type Jet Fuel,IM0,Imports,MKJIMP51,West Coast (PADD 5) Imports of Kerosene-Type Jet Fuel (Thousand Barrels),955,MBBL
1998-02,R50-Z00,PADD 5,EPJK,Kerosene-Type Jet Fuel,IM0,Imports,MKJIMP52,West Coast (PADD 5) Imports of Kerosene-Type Jet Fuel (Thousand Barrels per Day),34,MBBL/D
1998-03,R50-Z00,PADD 5,EPJK,Kerosene-Type Jet Fuel,IM0,Imports,MKJIMP51,West Coast (PADD 5) Imports of Kerosene-Type Jet Fuel (Thousand Barrels),1439,MBBL
1998-03,R50-Z00,PADD 5,EPJK,Kerosene-Type Jet Fuel,IM0,Imports,MKJIMP52,West Coast (PADD 5) Imports of Kerosene-Type Jet Fuel (Thousand Barrels per Day),46,MBBL/D
1998-04,R50-Z00,PADD 5,EPJK,Kerosene-Type Jet Fuel,IM0,Imports,MKJIMP51,West Coast (PADD 5) Imports of Kerosene-Type Jet Fuel (Thousand Barrels),1403,MBBL
1998-04,R50-Z00,PADD 5,EPJK,Kerosene-Type Jet Fuel,IM0,Imports,MKJIMP52,West Coast (PADD 5) Imports of Kerosene-Type Jet Fuel (Thousand Barrels per Day),47,MBBL/D
1998-05,R50-Z00,PADD 5,EPJK,Kerosene-Type Jet Fuel,IM0,Imports,MKJIMP51,West Coast (PADD 5) Imports of Kerosene-Type Jet Fuel (Thousand Barrels),1558,MBBL
1998-05,R50-Z00,PADD 5,EPJK,Kerosene-Type Jet Fuel,IM0,Imports,MKJIMP52,West Coast (PADD 5) Imports of Kerosene-Type Jet Fuel (Thousand Barrels per Day),50,MBBL/D
1998-06,R50-Z00,PADD 5,EPJK,Kerosene-Type Jet Fuel,IM0,Imports,MKJIMP51,West Coast (PADD 5) Imports of Kerosene-Type Jet Fuel (Thousand Barrels),1508,MBBL
1998-06,R50-Z00,PADD 5,EPJK,Kerosene-Type Jet Fuel,IM0,Imports,MKJIMP52,West Coast (PADD 5) Imports of Kerosene-Type Jet Fuel (Thousand Barrels per Day),50,MBBL/D
1998-07,R50-Z00,PADD 5,EPJK,Kerosene-Type Jet Fuel,IM0,Imports,MKJIMP51,West Coast (PADD 5) Imports of Kerosene-Type Jet Fuel (Thousand Barrels),1954,MBBL
1998-07,R50-Z00,PADD 5,EPJK,Kerosene-Type Jet Fuel,IM0,Imports,MKJIMP52,West Coast (PADD 5) Imports of Kerosene-Type Jet Fuel (Thousand Barrels per Day),63,MBBL/D
1998-08,R50-Z00,PADD 5,EPJK,Kerosene-Type Jet Fuel,IM0,Imports,MKJIMP51,West Coast (PADD 5) Imports of Kerosene-Type Jet Fuel (Thousand Barrels),2392,MBBL
1998-08,R50-Z00,PADD 5,EPJK,Kerosene-Type Jet Fuel,IM0,Imports,MKJIMP52,West Coast (PADD 5) Imports of Kerosene-Type Jet Fuel (Thousand Barrels per Day),77,MBBL/D
1998-09,R50-Z00,PADD 5,EPJK,Kerosene-Type Jet Fuel,IM0,Imports,MKJIMP51,West Coast (PADD 5) Imports of Kerosene-Type Jet Fuel (Thousand Barrels),1168,MBBL
1998-09,R50-Z00,PADD 5,EPJK,Kerosene-Type Jet Fuel,IM0,Imports,MKJIMP52,West Coast (PADD 5) Imports of Kerosene-Type Jet Fuel (Thousand Barrels per Day),39,MBBL/D
1998-10,R50-Z00,PADD 5,EPJK,Kerosene-Type Jet Fuel,IM0,Imports,MKJIMP51,West Coast (PADD 5) Imports of Kerosene-Type Jet Fuel (Thousand Barrels),1662,MBBL
1998-10,R50-Z00,PADD 5,EPJK,Kerosene-Type Jet Fuel,IM0,Imports,MKJIMP52,West Coast (PADD 5) Imports of Kerosene-Type Jet Fuel (Thousand Barrels per Day),54,MBBL/D
1998-11,R50-Z00,PADD 5,EPJK,Kerosene-Type Jet Fuel,IM0,Imports,MKJIMP51,West Coast (PADD 5) Imports of Kerosene-Type Jet Fuel (Thousand Barrels),1112,MBBL
1998-11,R50-Z00,PADD 5,EPJK,Kerosene-Type Jet Fuel,IM0,Imports,MKJIMP52,West Coast (PADD 5) Imports of Kerosene-Type Jet Fuel (Thousand Barrels per Day),37,MBBL/D
1998-12,R50-Z00,PADD 5,EPJK,Kerosene-Type Jet Fuel,IM0,Imports,MKJIMP51,West Coast (PADD 5) Imports of Kerosene-Type Jet Fuel (Thousand Barrels),1273,MBBL
1998-12,R50-Z00,PADD 5,EPJK,Kerosene-Type Jet Fuel,IM0,Imports,MKJIMP52,West Coast (PADD 5) Imports of Kerosene-Type Jet Fuel (Thousand Barrels per Day),41,MBBL/D
1999-01,R50-Z00,PADD 5,EPJK,Kerosene-Type Jet Fuel,IM0,Imports,MKJIMP51,West Coast (PADD 5) Imports of Kerosene-Type Jet Fuel (Thousand Barrels),1744,MBBL
1999-01,R50-Z00,PADD 5,EPJK,Kerosene-Type Jet Fuel,IM0,Imports,MKJIMP52,West Coast (PADD 5) Imports of Kerosene-Type Jet Fuel (Thousand Barrels per Day),56,MBBL/D
1999-02,R50-Z00,PADD 5,EPJK,Kerosene-Type Jet Fuel,IM0,Imports,MKJIMP51,West Coast (PADD 5) Imports of Kerosene-Type Jet Fuel (Thousand Barrels),1074,MBBL
1999-02,R50-Z00,PADD 5,EPJK,Kerosene-Type Jet Fuel,IM0,Imports,MKJIMP52,West Coast (PADD 5) Imports of Kerosene-Type Jet Fuel (Thousand Barrels per Day),38,MBBL/D
1999-03,R50-Z00,PADD 5,EPJK,Kerosene-Type Jet Fuel,IM0,Imports,MKJIMP51,West Coast (PADD 5) Imports of Kerosene-Type Jet Fuel (Thousand Barrels),625,MBBL
1999-03,R50-Z00,PADD 5,EPJK,Kerosene-Type Jet Fuel,IM0,Imports,MKJIMP52,West Coast (PADD 5) Imports of Kerosene-Type Jet Fuel (Thousand Barrels per Day),20,MBBL/D
1999-04,R50-Z00,PADD 5,EPJK,Kerosene-Type Jet Fuel,IM0,Imports,MKJIMP51,West Coast (PADD 5) Imports of Kerosene-Type Jet Fuel (Thousand Barrels),2816,MBBL
1999-04,R50-Z00,PADD 5,EPJK,Kerosene-Type Jet Fuel,IM0,Imports,MKJIMP52,West Coast (PADD 5) Imports of Kerosene-Type Jet Fuel (Thousand Barrels per Day),94,MBBL/D
1999-05,R50-Z00,PADD 5,EPJK,Kerosene-Type Jet Fuel,IM0,Imports,MKJIMP51,West Coast (PADD 5) Imports of Kerosene-Type Jet Fuel (Thousand Barrels),2536,MBBL
1999-05,R50-Z00,PADD 5,EPJK,Kerosene-Type Jet Fuel,IM0,Imports,MKJIMP52,West Coast (PADD 5) Imports of Kerosene-Type Jet Fuel (Thousand Barrels per Day),82,MBBL/D
1999-06,R50-Z00,PADD 5,EPJK,Kerosene-Type Jet Fuel,IM0,Imports,MKJIMP51,West Coast (PADD 5) Imports of Kerosene-Type Jet Fuel (Thousand Barrels),1210,MBBL
1999-06,R50-Z00,PADD 5,EPJK,Kerosene-Type Jet Fuel,IM0,Imports,MKJIMP52,West Coast (PADD 5) Imports of Kerosene-Type Jet Fuel (Thousand Barrels per Day),40,MBBL/D
1999-07,R50-Z00,PADD 5,EPJK,Kerosene-Type Jet Fuel,IM0,Imports,MKJIMP51,West Coast (PADD 5) Imports of Kerosene-Type Jet Fuel (Thousand Barrels),3325,MBBL
1999-07,R50-Z00,PADD 5,EPJK,Kerosene-Type Jet Fuel,IM0,Imports,MKJIMP52,West Coast (PADD 5) Imports of Kerosene-Type Jet Fuel (Thousand Barrels per Day),107,MBBL/D
1999-08,R50-Z00,PADD 5,EPJK,Kerosene-Type Jet Fuel,IM0,Imports,MKJIMP51,West Coast (PADD 5) Imports of Kerosene-Type Jet Fuel (Thousand Barrels),3730,MBBL
1999-08,R50-Z00,PADD 5,EPJK,Kerosene-Type Jet Fuel,IM0,Imports,MKJIMP52,West Coast (PADD 5) Imports of Kerosene-Type Jet Fuel (Thousand Barrels per Day),120,MBBL/D
1999-09,R50-Z00,PADD 5,EPJK,Kerosene-Type Jet Fuel,IM0,Imports,MKJIMP51,West Coast (PADD 5) Imports of Kerosene-Type Jet Fuel (Thousand Barrels),2831,MBBL
1999-09,R50-Z00,PADD 5,EPJK,Kerosene-Type Jet Fuel,IM0,Imports,MKJIMP52,West Coast (PADD 5) Imports of Kerosene-Type Jet Fuel (Thousand Barrels per Day),94,MBBL/D
1999-10,R50-Z00,PADD 5,EPJK,Kerosene-Type Jet Fuel,IM0,Imports,MKJIMP51,West Coast (PADD 5) Imports of Kerosene-Type Jet Fuel (Thousand Barrels),761,MBBL
1999-10,R50-Z00,PADD 5,EPJK,Kerosene-Type Jet Fuel,IM0,Imports,MKJIMP52,West Coast (PADD 5) Imports of Kerosene-Type Jet Fuel (Thousand Barrels per Day),25,MBBL/D
1999-11,R50-Z00,PADD 5,EPJK,Kerosene-Type Jet Fuel,IM0,Imports,MKJIMP51,West Coast (PADD 5) Imports of Kerosene-Type Jet Fuel (Thousand Barrels),1757,MBBL
1999-11,R50-Z00,PADD 5,EPJK,Kerosene-Type Jet Fuel,IM0,Imports,MKJIMP52,West Coast (PADD 5) Imports of Kerosene-Type Jet Fuel (Thousand Barrels per Day),59,MBBL/D
1999-12,R50-Z00,PADD 5,EPJK,Kerosene-Type Jet Fuel,IM0,Imports,MKJIMP51,West Coast (PADD 5) Imports of Kerosene-Type Jet Fuel (Thousand Barrels),2108,MBBL
1999-12,R50-Z00,PADD 5,EPJK,Kerosene-Type Jet Fuel,IM0,Imports,MKJIMP52,West Coast (PADD 5) Imports of Kerosene-Type Jet Fuel (Thousand Barrels per Day),68,MBBL/D
2000-01,R50-Z00,PADD 5,EPJK,Kerosene-Type Jet Fuel,IM0,Imports,MKJIMP51,West Coast (PADD 5) Imports of Kerosene-Type Jet Fuel (Thousand Barrels),1687,MBBL
2000-01,R50-Z00,PADD 5,EPJK,Kerosene-Type Jet Fuel,IM0,Imports,MKJIMP52,West Coast (PADD 5) Imports of Kerosene-Type Jet Fuel (Thousand Barrels per Day),54,MBBL/D
2000-02,R50-Z00,PADD 5,EPJK,Kerosene-Type Jet Fuel,IM0,Imports,MKJIMP51,West Coast (PADD 5) Imports of Kerosene-Type Jet Fuel (Thousand Barrels),1647,MBBL
2000-02,R50-Z00,PADD 5,EPJK,Kerosene-Type Jet Fuel,IM0,Imports,MKJIMP52,West Coast (PADD 5) Imports of Kerosene-Type Jet Fuel (Thousand Barrels per Day),57,MBBL/D
2000-03,R50-Z00,PADD 5,EPJK,Kerosene-Type Jet Fuel,IM0,Imports,MKJIMP51,West Coast (PADD 5) Imports of Kerosene-Type Jet Fuel (Thousand Barrels),2073,MBBL
2000-03,R50-Z00,PADD 5,EPJK,Kerosene-Type Jet Fuel,IM0,Imports,MKJIMP52,West Coast (PADD 5) Imports of Kerosene-Type Jet Fuel (Thousand Barrels per Day),67,MBBL/D
2000-04,R50-Z00,PADD 5,EPJK,Kerosene-Type Jet Fuel,IM0,Imports,MKJIMP51,West Coast (PADD 5) Imports of Kerosene-Type Jet Fuel (Thousand Barrels),2187,MBBL
2000-04,R50-Z00,PADD 5,EPJK,Kerosene-Type Jet Fuel,IM0,Imports,MKJIMP52,West Coast (PADD 5) Imports of Kerosene-Type Jet Fuel (Thousand Barrels per Day),73,MBBL/D
2000-05,R50-Z00,PADD 5,EPJK,Kerosene-Type Jet Fuel,IM0,Imports,MKJIMP51,West Coast (PADD 5) Imports of Kerosene-Type Jet Fuel (Thousand Barrels),2363,MBBL
2000-05,R50-Z00,PADD 5,EPJK,Kerosene-Type Jet Fuel,IM0,Imports,MKJIMP52,West Coast (PADD 5) Imports of Kerosene-Type Jet Fuel (Thousand Barrels per Day),76,MBBL/D
2000-06,R50-Z00,PADD 5,EPJK,Kerosene-Type Jet Fuel,IM0,Imports,MKJIMP51,West Coast (PADD 5) Imports of Kerosene-Type Jet Fuel (Thousand Barrels),3686,MBBL
2000-06,R50-Z00,PADD 5,EPJK,Kerosene-Type Jet Fuel,IM0,Imports,MKJIMP52,West Coast (PADD 5) Imports of Kerosene-Type Jet Fuel (Thousand Barrels per Day),123,MBBL/D
2000-07,R50-Z00,PADD 5,EPJK,Kerosene-Type Jet Fuel,IM0,Imports,MKJIMP51,West Coast (PADD 5) Imports of Kerosene-Type Jet Fuel (Thousand Barrels),2954,MBBL
2000-07,R50-Z00,PADD 5,EPJK,Kerosene-Type Jet Fuel,IM0,Imports,MKJIMP52,West Coast (PADD 5) Imports of Kerosene-Type Jet Fuel (Thousand Barrels per Day),95,MBBL/D
2000-08,R50-Z00,PADD 5,EPJK,Kerosene-Type Jet Fuel,IM0,Imports,MKJIMP51,West Coast (PADD 5) Imports of Kerosene-Type Jet Fuel (Thousand Barrels),5319,MBBL
2000-08,R50-Z00,PADD 5,EPJK,Kerosene-Type Jet Fuel,IM0,Imports,MKJIMP52,West Coast (PADD 5) Imports of Kerosene-Type Jet Fuel (Thousand Barrels per Day),172,MBBL/D
2000-09,R50-Z00,PADD 5,EPJK,Kerosene-Type Jet Fuel,IM0,Imports,MKJIMP51,West Coast (PADD 5) Imports of Kerosene-Type Jet Fuel (Thousand Barrels),2418,MBBL
2000-09,R50-Z00,PADD 5,EPJK,Kerosene-Type Jet Fuel,IM0,Imports,MKJIMP52,West Coast (PADD 5) Imports of Kerosene-Type Jet Fuel (Thousand Barrels per Day),81,MBBL/D
2000-10,R50-Z00,PADD 5,EPJK,Kerosene-Type Jet Fuel,IM0,Imports,MKJIMP51,West Coast (PADD 5) Imports of Kerosene-Type Jet Fuel (Thousand Barrels),4639,MBBL
2000-10,R50-Z00,PADD 5,EPJK,Kerosene-Type Jet Fuel,IM0,Imports,MKJIMP52,West Coast (PADD 5) Imports of Kerosene-Type Jet Fuel (Thousand Barrels per Day),150,MBBL/D
2000-11,R50-Z00,PADD 5,EPJK,Kerosene-Type Jet Fuel,IM0,Imports,MKJIMP51,West Coast (PADD 5) Imports of Kerosene-Type Jet Fuel (Thousand Barrels),3192,MBBL
2000-11,R50-Z00,PADD 5,EPJK,Kerosene-Type Jet Fuel,IM0,Imports,MKJIMP52,West Coast (PADD 5) Imports of Kerosene-Type Jet Fuel (Thousand Barrels per Day),106,MBBL/D
2000-12,R50-Z00,PADD 5,EPJK,Kerosene-Type Jet Fuel,IM0,Imports,MKJIMP51,West Coast (PADD 5) Imports of Kerosene-Type Jet Fuel (Thousand Barrels),4452,MBBL
2000-12,R50-Z00,PADD 5,EPJK,Kerosene-Type Jet Fuel,IM0,Imports,MKJIMP52,West Coast (PADD 5) Imports of Kerosene-Type Jet Fuel (Thousand Barrels per Day),144,MBBL/D
2001-01,R50-Z00,PADD 5,EPJK,Kerosene-Type Jet Fuel,IM0,Imports,MKJIMP51,West Coast (PADD 5) Imports of Kerosene-Type Jet Fuel (Thousand Barrels),3079,MBBL
2001-01,R50-Z00,PADD 5,EPJK,Kerosene-Type Jet Fuel,IM0,Imports,MKJIMP52,West Coast (PADD 5) Imports of Kerosene-Type Jet Fuel (Thousand Barrels per Day),99,MBBL/D
2001-02,R50-Z00,PADD 5,EPJK,Kerosene-Type Jet Fuel,IM0,Imports,MKJIMP51,West Coast (PADD 5) Imports of Kerosene-Type Jet Fuel (Thousand Barrels),2558,MBBL
2001-02,R50-Z00,PADD 5,EPJK,Kerosene-Type Jet Fuel,IM0,Imports,MKJIMP52,West Coast (PADD 5) Imports of Kerosene-Type Jet Fuel (Thousand Barrels per Day),91,MBBL/D
2001-03,R50-Z00,PADD 5,EPJK,Kerosene-Type Jet Fuel,IM0,Imports,MKJIMP51,West Coast (PADD 5) Imports of Kerosene-Type Jet Fuel (Thousand Barrels),2309,MBBL
2001-03,R50-Z00,PADD 5,EPJK,Kerosene-Type Jet Fuel,IM0,Imports,MKJIMP52,West Coast (PADD 5) Imports of Kerosene-Type Jet Fuel (Thousand Barrels per Day),74,MBBL/D
2001-04,R50-Z00,PADD 5,EPJK,Kerosene-Type Jet Fuel,IM0,Imports,MKJIMP51,West Coast (PADD 5) Imports of Kerosene-Type Jet Fuel (Thousand Barrels),2053,MBBL
2001-04,R50-Z00,PADD 5,EPJK,Kerosene-Type Jet Fuel,IM0,Imports,MKJIMP52,West Coast (PADD 5) Imports of Kerosene-Type Jet Fuel (Thousand Barrels per Day),68,MBBL/D
2001-05,R50-Z00,PADD 5,EPJK,Kerosene-Type Jet Fuel,IM0,Imports,MKJIMP51,West Coast (PADD 5) Imports of Kerosene-Type Jet Fuel (Thousand Barrels),3184,MBBL
2001-05,R50-Z00,PADD 5,EPJK,Kerosene-Type Jet Fuel,IM0,Imports,MKJIMP52,West Coast (PADD 5) Imports of Kerosene-Type Jet Fuel (Thousand Barrels per Day),103,MBBL/D
2001-06,R50-Z00,PADD 5,EPJK,Kerosene-Type Jet Fuel,IM0,Imports,MKJIMP51,West Coast (PADD 5) Imports of Kerosene-Type Jet Fuel (Thousand Barrels),2931,MBBL
2001-06,R50-Z00,PADD 5,EPJK,Kerosene-Type Jet Fuel,IM0,Imports,MKJIMP52,West Coast (PADD 5) Imports of Kerosene-Type Jet Fuel (Thousand Barrels per Day),98,MBBL/D
2001-07,R50-Z00,PADD 5,EPJK,Kerosene-Type Jet Fuel,IM0,Imports,MKJIMP51,West Coast (PADD 5) Imports of Kerosene-Type Jet Fuel (Thousand Barrels),2281,MBBL
2001-07,R50-Z00,PADD 5,EPJK,Kerosene-Type Jet Fuel,IM0,Imports,MKJIMP52,West Coast (PADD 5) Imports of Kerosene-Type Jet Fuel (Thousand Barrels per Day),74,MBBL/D
2001-08,R50-Z00,PADD 5,EPJK,Kerosene-Type Jet Fuel,IM0,Imports,MKJIMP51,West Coast (PADD 5) Imports of Kerosene-Type Jet Fuel (Thousand Barrels),2021,MBBL
2001-08,R50-Z00,PADD 5,EPJK,Kerosene-Type Jet Fuel,IM0,Imports,MKJIMP52,West Coast (PADD 5) Imports of Kerosene-Type Jet Fuel (Thousand Barrels per Day),65,MBBL/D
2001-09,R50-Z00,PADD 5,EPJK,Kerosene-Type Jet Fuel,IM0,Imports,MKJIMP51,West Coast (PADD 5) Imports of Kerosene-Type Jet Fuel (Thousand Barrels),2985,MBBL
2001-09,R50-Z00,PADD 5,EPJK,Kerosene-Type Jet Fuel,IM0,Imports,MKJIMP52,West Coast (PADD 5) Imports of Kerosene-Type Jet Fuel (Thousand Barrels per Day),100,MBBL/D
2001-10,R50-Z00,PADD 5,EPJK,Kerosene-Type Jet Fuel,IM0,Imports,MKJIMP51,West Coast (PADD 5) Imports of Kerosene-Type Jet Fuel (Thousand Barrels),1245,MBBL
2001-10,R50-Z00,PADD 5,EPJK,Kerosene-Type Jet Fuel,IM0,Imports,MKJIMP52,West Coast (PADD 5) Imports of Kerosene-Type Jet Fuel (Thousand Barrels per Day),40,MBBL/D
2001-11,R50-Z00,PADD 5,EPJK,Kerosene-Type Jet Fuel,IM0,Imports,MKJIMP51,West Coast (PADD 5) Imports of Kerosene-Type Jet Fuel (Thousand Barrels),1421,MBBL
2001-11,R50-Z00,PADD 5,EPJK,Kerosene-Type Jet Fuel,IM0,Imports,MKJIMP52,West Coast (PADD 5) Imports of Kerosene-Type Jet Fuel (Thousand Barrels per Day),47,MBBL/D
2001-12,R50-Z00,PADD 5,EPJK,Kerosene-Type Jet Fuel,IM0,Imports,MKJIMP51,West Coast (PADD 5) Imports of Kerosene-Type Jet Fuel (Thousand Barrels),1721,MBBL
2001-12,R50-Z00,PADD 5,EPJK,Kerosene-Type Jet Fuel,IM0,Imports,MKJIMP52,West Coast (PADD 5) Imports of Kerosene-Type Jet Fuel (Thousand Barrels per Day),56,MBBL/D
2002-01,R50-Z00,PADD 5,EPJK,Kerosene-Type Jet Fuel,IM0,Imports,MKJIMP51,West Coast (PADD 5) Imports of Kerosene-Type Jet Fuel (Thousand Barrels),1441,MBBL
2002-01,R50-Z00,PADD 5,EPJK,Kerosene-Type Jet Fuel,IM0,Imports,MKJIMP52,West Coast (PADD 5) Imports of Kerosene-Type Jet Fuel (Thousand Barrels per Day),46,MBBL/D
2002-02,R50-Z00,PADD 5,EPJK,Kerosene-Type Jet Fuel,IM0,Imports,MKJIMP51,West Coast (PADD 5) Imports of Kerosene-Type Jet Fuel (Thousand Barrels),1520,MBBL
2002-02,R50-Z00,PADD 5,EPJK,Kerosene-Type Jet Fuel,IM0,Imports,MKJIMP52,West Coast (PADD 5) Imports of Kerosene-Type Jet Fuel (Thousand Barrels per Day),54,MBBL/D
2002-03,R50-Z00,PADD 5,EPJK,Kerosene-Type Jet Fuel,IM0,Imports,MKJIMP51,West Coast (PADD 5) Imports of Kerosene-Type Jet Fuel (Thousand Barrels),1577,MBBL
2002-03,R50-Z00,PADD 5,EPJK,Kerosene-Type Jet Fuel,IM0,Imports,MKJIMP52,West Coast (PADD 5) Imports of Kerosene-Type Jet Fuel (Thousand Barrels per Day),51,MBBL/D
2002-04,R50-Z00,PADD 5,EPJK,Kerosene-Type Jet Fuel,IM0,Imports,MKJIMP51,West Coast (PADD 5) Imports of Kerosene-Type Jet Fuel (Thousand Barrels),2833,MBBL
2002-04,R50-Z00,PADD 5,EPJK,Kerosene-Type Jet Fuel,IM0,Imports,MKJIMP52,West Coast (PADD 5) Imports of Kerosene-Type Jet Fuel (Thousand Barrels per Day),94,MBBL/D
2002-05,R50-Z00,PADD 5,EPJK,Kerosene-Type Jet Fuel,IM0,Imports,MKJIMP51,West Coast (PADD 5) Imports of Kerosene-Type Jet Fuel (Thousand Barrels),1655,MBBL
2002-05,R50-Z00,PADD 5,EPJK,Kerosene-Type Jet Fuel,IM0,Imports,MKJIMP52,West Coast (PADD 5) Imports of Kerosene-Type Jet Fuel (Thousand Barrels per Day),53,MBBL/D
2002-06,R50-Z00,PADD 5,EPJK,Kerosene-Type Jet Fuel,IM0,Imports,MKJIMP51,West Coast (PADD 5) Imports of Kerosene-Type Jet Fuel (Thousand Barrels),1204,MBBL
2002-06,R50-Z00,PADD 5,EPJK,Kerosene-Type Jet Fuel,IM0,Imports,MKJIMP52,West Coast (PADD 5) Imports of Kerosene-Type Jet Fuel (Thousand Barrels per Day),40,MBBL/D
2002-07,R50-Z00,PADD 5,EPJK,Kerosene-Type Jet Fuel,IM0,Imports,MKJIMP51,West Coast (PADD 5) Imports of Kerosene-Type Jet Fuel (Thousand Barrels),1898,MBBL
2002-07,R50-Z00,PADD 5,EPJK,Kerosene-Type Jet Fuel,IM0,Imports,MKJIMP52,West Coast (PADD 5) Imports of Kerosene-Type Jet Fuel (Thousand Barrels per Day),61,MBBL/D
2002-08,R50-Z00,PADD 5,EPJK,Kerosene-Type Jet Fuel,IM0,Imports,MKJIMP51,West Coast (PADD 5) Imports of Kerosene-Type Jet Fuel (Thousand Barrels),2321,MBBL
2002-08,R50-Z00,PADD 5,EPJK,Kerosene-Type Jet Fuel,IM0,Imports,MKJIMP52,West Coast (PADD 5) Imports of Kerosene-Type Jet Fuel (Thousand Barrels per Day),75,MBBL/D
2002-09,R50-Z00,PADD 5,EPJK,Kerosene-Type Jet Fuel,IM0,Imports,MKJIMP51,West Coast (PADD 5) Imports of Kerosene-Type Jet Fuel (Thousand Barrels),2260,MBBL
2002-09,R50-Z00,PADD 5,EPJK,Kerosene-Type Jet Fuel,IM0,Imports,MKJIMP52,West Coast (PADD 5) Imports of Kerosene-Type Jet Fuel (Thousand Barrels per Day),75,MBBL/D
2002-10,R50-Z00,PADD 5,EPJK,Kerosene-Type Jet Fuel,IM0,Imports,MKJIMP51,West Coast (PADD 5) Imports of Kerosene-Type Jet Fuel (Thousand Barrels),2757,MBBL
2002-10,R50-Z00,PADD 5,EPJK,Kerosene-Type Jet Fuel,IM0,Imports,MKJIMP52,West Coast (PADD 5) Imports of Kerosene-Type Jet Fuel (Thousand Barrels per Day),89,MBBL/D
2002-11,R50-Z00,PADD 5,EPJK,Kerosene-Type Jet Fuel,IM0,Imports,MKJIMP51,West Coast (PADD 5) Imports of Kerosene-Type Jet Fuel (Thousand Barrels),1657,MBBL
2002-11,R50-Z00,PADD 5,EPJK,Kerosene-Type Jet Fuel,IM0,Imports,MKJIMP52,West Coast (PADD 5) Imports of Kerosene-Type Jet Fuel (Thousand Barrels per Day),55,MBBL/D
2002-12,R50-Z00,PADD 5,EPJK,Kerosene-Type Jet Fuel,IM0,Imports,MKJIMP51,West Coast (PADD 5) Imports of Kerosene-Type Jet Fuel (Thousand Barrels),805,MBBL
2002-12,R50-Z00,PADD 5,EPJK,Kerosene-Type Jet Fuel,IM0,Imports,MKJIMP52,West Coast (PADD 5) Imports of Kerosene-Type Jet Fuel (Thousand Barrels per Day),26,MBBL/D
2003-01,R50-Z00,PADD 5,EPJK,Kerosene-Type Jet Fuel,IM0,Imports,MKJIMP51,West Coast (PADD 5) Imports of Kerosene-Type Jet Fuel (Thousand Barrels),1226,MBBL
2003-01,R50-Z00,PADD 5,EPJK,Kerosene-Type Jet Fuel,IM0,Imports,MKJIMP52,West Coast (PADD 5) Imports of Kerosene-Type Jet Fuel (Thousand Barrels per Day),40,MBBL/D
2003-02,R50-Z00,PADD 5,EPJK,Kerosene-Type Jet Fuel,IM0,Imports,MKJIMP51,West Coast (PADD 5) Imports of Kerosene-Type Jet Fuel (Thousand Barrels),1028,MBBL
2003-02,R50-Z00,PADD 5,EPJK,Kerosene-Type Jet Fuel,IM0,Imports,MKJIMP52,West Coast (PADD 5) Imports of Kerosene-Type Jet Fuel (Thousand Barrels per Day),37,MBBL/D
2003-03,R50-Z00,PADD 5,EPJK,Kerosene-Type Jet Fuel,IM0,Imports,MKJIMP51,West Coast (PADD 5) Imports of Kerosene-Type Jet Fuel (Thousand Barrels),855,MBBL
2003-03,R50-Z00,PADD 5,EPJK,Kerosene-Type Jet Fuel,IM0,Imports,MKJIMP52,West Coast (PADD 5) Imports of Kerosene-Type Jet Fuel (Thousand Barrels per Day),28,MBBL/D
2003-04,R50-Z00,PADD 5,EPJK,Kerosene-Type Jet Fuel,IM0,Imports,MKJIMP51,West Coast (PADD 5) Imports of Kerosene-Type Jet Fuel (Thousand Barrels),1434,MBBL
2003-04,R50-Z00,PADD 5,EPJK,Kerosene-Type Jet Fuel,IM0,Imports,MKJIMP52,West Coast (PADD 5) Imports of Kerosene-Type Jet Fuel (Thousand Barrels per Day),48,MBBL/D
2003-05,R50-Z00,PADD 5,EPJK,Kerosene-Type Jet Fuel,IM0,Imports,MKJIMP51,West Coast (PADD 5) Imports of Kerosene-Type Jet Fuel (Thousand Barrels),1019,MBBL
2003-05,R50-Z00,PADD 5,EPJK,Kerosene-Type Jet Fuel,IM0,Imports,MKJIMP52,West Coast (PADD 5) Imports of Kerosene-Type Jet Fuel (Thousand Barrels per Day),33,MBBL/D
2003-06,R50-Z00,PADD 5,EPJK,Kerosene-Type Jet Fuel,IM0,Imports,MKJIMP51,West Coast (PADD 5) Imports of Kerosene-Type Jet Fuel (Thousand Barrels),1153,MBBL
2003-06,R50-Z00,PADD 5,EPJK,Kerosene-Type Jet Fuel,IM0,Imports,MKJIMP52,West Coast (PADD 5) Imports of Kerosene-Type Jet Fuel (Thousand Barrels per Day),38,MBBL/D
2003-07,R50-Z00,PADD 5,EPJK,Kerosene-Type Jet Fuel,IM0,Imports,MKJIMP51,West Coast (PADD 5) Imports of Kerosene-Type Jet Fuel (Thousand Barrels),1370,MBBL
2003-07,R50-Z00,PADD 5,EPJK,Kerosene-Type Jet Fuel,IM0,Imports,MKJIMP52,West Coast (PADD 5) Imports of Kerosene-Type Jet Fuel (Thousand Barrels per Day),44,MBBL/D
2003-08,R50-Z00,PADD 5,EPJK,Kerosene-Type Jet Fuel,IM0,Imports,MKJIMP51,West Coast (PADD 5) Imports of Kerosene-Type Jet Fuel (Thousand Barrels),1642,MBBL
2003-08,R50-Z00,PADD 5,EPJK,Kerosene-Type Jet Fuel,IM0,Imports,MKJIMP52,West Coast (PADD 5) Imports of Kerosene-Type Jet Fuel (Thousand Barrels per Day),53,MBBL/D
2003-09,R50-Z00,PADD 5,EPJK,Kerosene-Type Jet Fuel,IM0,Imports,MKJIMP51,West Coast (PADD 5) Imports of Kerosene-Type Jet Fuel (Thousand Barrels),2447,MBBL
2003-09,R50-Z00,PADD 5,EPJK,Kerosene-Type Jet Fuel,IM0,Imports,MKJIMP52,West Coast (PADD 5) Imports of Kerosene-Type Jet Fuel (Thousand Barrels per Day),82,MBBL/D
2003-10,R50-Z00,PADD 5,EPJK,Kerosene-Type Jet Fuel,IM0,Imports,MKJIMP51,West Coast (PADD 5) Imports of Kerosene-Type Jet Fuel (Thousand Barrels),1312,MBBL
2003-10,R50-Z00,PADD 5,EPJK,Kerosene-Type Jet Fuel,IM0,Imports,MKJIMP52,West Coast (PADD 5) Imports of Kerosene-Type Jet Fuel (Thousand Barrels per Day),42,MBBL/D
2003-11,R50-Z00,PADD 5,EPJK,Kerosene-Type Jet Fuel,IM0,Imports,MKJIMP51,West Coast (PADD 5) Imports of Kerosene-Type Jet Fuel (Thousand Barrels),313,MBBL
2003-11,R50-Z00,PADD 5,EPJK,Kerosene-Type Jet Fuel,IM0,Imports,MKJIMP52,West Coast (PADD 5) Imports of Kerosene-Type Jet Fuel (Thousand Barrels per Day),10,MBBL/D
2003-12,R50-Z00,PADD 5,EPJK,Kerosene-Type Jet Fuel,IM0,Imports,MKJIMP51,West Coast (PADD 5) Imports of Kerosene-Type Jet Fuel (Thousand Barrels),1374,MBBL
2003-12,R50-Z00,PADD 5,EPJK,Kerosene-Type Jet Fuel,IM0,Imports,MKJIMP52,West Coast (PADD 5) Imports of Kerosene-Type Jet Fuel (Thousand Barrels per Day),44,MBBL/D
2004-01,R50-Z00,PADD 5,EPJK,Kerosene-Type Jet Fuel,IM0,Imports,MKJIMP51,West Coast (PADD 5) Imports of Kerosene-Type Jet Fuel (Thousand Barrels),731,MBBL
2004-01,R50-Z00,PADD 5,EPJK,Kerosene-Type Jet Fuel,IM0,Imports,MKJIMP52,West Coast (PADD 5) Imports of Kerosene-Type Jet Fuel (Thousand Barrels per Day),24,MBBL/D
2004-02,R50-Z00,PADD 5,EPJK,Kerosene-Type Jet Fuel,IM0,Imports,MKJIMP51,West Coast (PADD 5) Imports of Kerosene-Type Jet Fuel (Thousand Barrels),1449,MBBL
2004-02,R50-Z00,PADD 5,EPJK,Kerosene-Type Jet Fuel,IM0,Imports,MKJIMP52,West Coast (PADD 5) Imports of Kerosene-Type Jet Fuel (Thousand Barrels per Day),50,MBBL/D
2004-03,R50-Z00,PADD 5,EPJK,Kerosene-Type Jet Fuel,IM0,Imports,MKJIMP51,West Coast (PADD 5) Imports of Kerosene-Type Jet Fuel (Thousand Barrels),1005,MBBL
2004-03,R50-Z00,PADD 5,EPJK,Kerosene-Type Jet Fuel,IM0,Imports,MKJIMP52,West Coast (PADD 5) Imports of Kerosene-Type Jet Fuel (Thousand Barrels per Day),32,MBBL/D
2004-04,R50-Z00,PADD 5,EPJK,Kerosene-Type Jet Fuel,IM0,Imports,MKJIMP51,West Coast (PADD 5) Imports of Kerosene-Type Jet Fuel (Thousand Barrels),1132,MBBL
2004-04,R50-Z00,PADD 5,EPJK,Kerosene-Type Jet Fuel,IM0,Imports,MKJIMP52,West Coast (PADD 5) Imports of Kerosene-Type Jet Fuel (Thousand Barrels per Day),38,MBBL/D
2004-05,R50-Z00,PADD 5,EPJK,Kerosene-Type Jet Fuel,IM0,Imports,MKJIMP51,West Coast (PADD 5) Imports of Kerosene-Type Jet Fuel (Thousand Barrels),4257,MBBL
2004-05,R50-Z00,PADD 5,EPJK,Kerosene-Type Jet Fuel,IM0,Imports,MKJIMP52,West Coast (PADD 5) Imports of Kerosene-Type Jet Fuel (Thousand Barrels per Day),137,MBBL/D
2004-06,R50-Z00,PADD 5,EPJK,Kerosene-Type Jet Fuel,IM0,Imports,MKJIMP51,West Coast (PADD 5) Imports of Kerosene-Type Jet Fuel (Thousand Barrels),3516,MBBL
2004-06,R50-Z00,PADD 5,EPJK,Kerosene-Type Jet Fuel,IM0,Imports,MKJIMP52,West Coast (PADD 5) Imports of Kerosene-Type Jet Fuel (Thousand Barrels per Day),117,MBBL/D
2004-07,R50-Z00,PADD 5,EPJK,Kerosene-Type Jet Fuel,IM0,Imports,MKJIMP51,West Coast (PADD 5) Imports of Kerosene-Type Jet Fuel (Thousand Barrels),1810,MBBL
2004-07,R50-Z00,PADD 5,EPJK,Kerosene-Type Jet Fuel,IM0,Imports,MKJIMP52,West Coast (PADD 5) Imports of Kerosene-Type Jet Fuel (Thousand Barrels per Day),58,MBBL/D
2004-08,R50-Z00,PADD 5,EPJK,Kerosene-Type Jet Fuel,IM0,Imports,MKJIMP51,West Coast (PADD 5) Imports of Kerosene-Type Jet Fuel (Thousand Barrels),4341,MBBL
2004-08,R50-Z00,PADD 5,EPJK,Kerosene-Type Jet Fuel,IM0,Imports,MKJIMP52,West Coast (PADD 5) Imports of Kerosene-Type Jet Fuel (Thousand Barrels per Day),140,MBBL/D
2004-09,R50-Z00,PADD 5,EPJK,Kerosene-Type Jet Fuel,IM0,Imports,MKJIMP51,West Coast (PADD 5) Imports of Kerosene-Type Jet Fuel (Thousand Barrels),2538,MBBL
2004-09,R50-Z00,PADD 5,EPJK,Kerosene-Type Jet Fuel,IM0,Imports,MKJIMP52,West Coast (PADD 5) Imports of Kerosene-Type Jet Fuel (Thousand Barrels per Day),85,MBBL/D
2004-10,R50-Z00,PADD 5,EPJK,Kerosene-Type Jet Fuel,IM0,Imports,MKJIMP51,West Coast (PADD 5) Imports of Kerosene-Type Jet Fuel (Thousand Barrels),2819,MBBL
2004-10,R50-Z00,PADD 5,EPJK,Kerosene-Type Jet Fuel,IM0,Imports,MKJIMP52,West Coast (PADD 5) Imports of Kerosene-Type Jet Fuel (Thousand Barrels per Day),91,MBBL/D
2004-11,R50-Z00,PADD 5,EPJK,Kerosene-Type Jet Fuel,IM0,Imports,MKJIMP51,West Coast (PADD 5) Imports of Kerosene-Type Jet Fuel (Thousand Barrels),3115,MBBL
2004-11,R50-Z00,PADD 5,EPJK,Kerosene-Type Jet Fuel,IM0,Imports,MKJIMP52,West Coast (PADD 5) Imports of Kerosene-Type Jet Fuel (Thousand Barrels per Day),104,MBBL/D
2004-12,R50-Z00,PADD 5,EPJK,Kerosene-Type Jet Fuel,IM0,Imports,MKJIMP51,West Coast (PADD 5) Imports of Kerosene-Type Jet Fuel (Thousand Barrels),1167,MBBL
2004-12,R50-Z00,PADD 5,EPJK,Kerosene-Type Jet Fuel,IM0,Imports,MKJIMP52,West Coast (PADD 5) Imports of Kerosene-Type Jet Fuel (Thousand Barrels per Day),38,MBBL/D
2005-01,R50-Z00,PADD 5,EPJK,Kerosene-Type Jet Fuel,IM0,Imports,MKJIMP51,West Coast (PADD 5) Imports of Kerosene-Type Jet Fuel (Thousand Barrels),1351,MBBL
2005-01,R50-Z00,PADD 5,EPJK,Kerosene-Type Jet Fuel,IM0,Imports,MKJIMP52,West Coast (PADD 5) Imports of Kerosene-Type Jet Fuel (Thousand Barrels per Day),44,MBBL/D
2005-02,R50-Z00,PADD 5,EPJK,Kerosene-Type Jet Fuel,IM0,Imports,MKJIMP51,West Coast (PADD 5) Imports of Kerosene-Type Jet Fuel (Thousand Barrels),805,MBBL
2005-02,R50-Z00,PADD 5,EPJK,Kerosene-Type Jet Fuel,IM0,Imports,MKJIMP52,West Coast (PADD 5) Imports of Kerosene-Type Jet Fuel (Thousand Barrels per Day),29,MBBL/D
2005-03,R50-Z00,PADD 5,EPJK,Kerosene-Type Jet Fuel,IM0,Imports,MKJIMP51,West Coast (PADD 5) Imports of Kerosene-Type Jet Fuel (Thousand Barrels),2268,MBBL
2005-03,R50-Z00,PADD 5,EPJK,Kerosene-Type Jet Fuel,IM0,Imports,MKJIMP52,West Coast (PADD 5) Imports of Kerosene-Type Jet Fuel (Thousand Barrels per Day),73,MBBL/D
2005-04,R50-Z00,PADD 5,EPJK,Kerosene-Type Jet Fuel,IM0,Imports,MKJIMP51,West Coast (PADD 5) Imports of Kerosene-Type Jet Fuel (Thousand Barrels),2119,MBBL
2005-04,R50-Z00,PADD 5,EPJK,Kerosene-Type Jet Fuel,IM0,Imports,MKJIMP52,West Coast (PADD 5) Imports of Kerosene-Type Jet Fuel (Thousand Barrels per Day),71,MBBL/D
2005-05,R50-Z00,PADD 5,EPJK,Kerosene-Type Jet Fuel,IM0,Imports,MKJIMP51,West Coast (PADD 5) Imports of Kerosene-Type Jet Fuel (Thousand Barrels),1770,MBBL
2005-05,R50-Z00,PADD 5,EPJK,Kerosene-Type Jet Fuel,IM0,Imports,MKJIMP52,West Coast (PADD 5) Imports of Kerosene-Type Jet Fuel (Thousand Barrels per Day),57,MBBL/D
2005-06,R50-Z00,PADD 5,EPJK,Kerosene-Type Jet Fuel,IM0,Imports,MKJIMP51,West Coast (PADD 5) Imports of Kerosene-Type Jet Fuel (Thousand Barrels),1108,MBBL
2005-06,R50-Z00,PADD 5,EPJK,Kerosene-Type Jet Fuel,IM0,Imports,MKJIMP52,West Coast (PADD 5) Imports of Kerosene-Type Jet Fuel (Thousand Barrels per Day),37,MBBL/D
2005-07,R50-Z00,PADD 5,EPJK,Kerosene-Type Jet Fuel,IM0,Imports,MKJIMP51,West Coast (PADD 5) Imports of Kerosene-Type Jet Fuel (Thousand Barrels),2717,MBBL
2005-07,R50-Z00,PADD 5,EPJK,Kerosene-Type Jet Fuel,IM0,Imports,MKJIMP52,West Coast (PADD 5) Imports of Kerosene-Type Jet Fuel (Thousand Barrels per Day),88,MBBL/D
2005-08,R50-Z00,PADD 5,EPJK,Kerosene-Type Jet Fuel,IM0,Imports,MKJIMP51,West Coast (PADD 5) Imports of Kerosene-Type Jet Fuel (Thousand Barrels),2979,MBBL
2005-08,R50-Z00,PADD 5,EPJK,Kerosene-Type Jet Fuel,IM0,Imports,MKJIMP52,West Coast (PADD 5) Imports of Kerosene-Type Jet Fuel (Thousand Barrels per Day),96,MBBL/D
2005-09,R50-Z00,PADD 5,EPJK,Kerosene-Type Jet Fuel,IM0,Imports,MKJIMP51,West Coast (PADD 5) Imports of Kerosene-Type Jet Fuel (Thousand Barrels),3933,MBBL
2005-09,R50-Z00,PADD 5,EPJK,Kerosene-Type Jet Fuel,IM0,Imports,MKJIMP52,West Coast (PADD 5) Imports of Kerosene-Type Jet Fuel (Thousand Barrels per Day),131,MBBL/D
2005-10,R50-Z00,PADD 5,EPJK,Kerosene-Type Jet Fuel,IM0,Imports,MKJIMP51,West Coast (PADD 5) Imports of Kerosene-Type Jet Fuel (Thousand Barrels),3088,MBBL
2005-10,R50-Z00,PADD 5,EPJK,Kerosene-Type Jet Fuel,IM0,Imports,MKJIMP52,West Coast (PADD 5) Imports of Kerosene-Type Jet Fuel (Thousand Barrels per Day),100,MBBL/D
2005-11,R50-Z00,PADD 5,EPJK,Kerosene-Type Jet Fuel,IM0,Imports,MKJIMP51,West Coast (PADD 5) Imports of Kerosene-Type Jet Fuel (Thousand Barrels),1743,MBBL
2005-11,R50-Z00,PADD 5,EPJK,Kerosene-Type Jet Fuel,IM0,Imports,MKJIMP52,West Coast (PADD 5) Imports of Kerosene-Type Jet Fuel (Thousand Barrels per Day),58,MBBL/D
2005-12,R50-Z00,PADD 5,EPJK,Kerosene-Type Jet Fuel,IM0,Imports,MKJIMP51,West Coast (PADD 5) Imports of Kerosene-Type Jet Fuel (Thousand Barrels),2727,MBBL
2005-12,R50-Z00,PADD 5,EPJK,Kerosene-Type Jet Fuel,IM0,Imports,MKJIMP52,West Coast (PADD 5) Imports of Kerosene-Type Jet Fuel (Thousand Barrels per Day),88,MBBL/D
2006-01,R50-Z00,PADD 5,EPJK,Kerosene-Type Jet Fuel,IM0,Imports,MKJIMP51,West Coast (PADD 5) Imports of Kerosene-Type Jet Fuel (Thousand Barrels),1763,MBBL
2006-01,R50-Z00,PADD 5,EPJK,Kerosene-Type Jet Fuel,IM0,Imports,MKJIMP52,West Coast (PADD 5) Imports of Kerosene-Type Jet Fuel (Thousand Barrels per Day),57,MBBL/D
2006-02,R50-Z00,PADD 5,EPJK,Kerosene-Type Jet Fuel,IM0,Imports,MKJIMP51,West Coast (PADD 5) Imports of Kerosene-Type Jet Fuel (Thousand Barrels),1063,MBBL
2006-02,R50-Z00,PADD 5,EPJK,Kerosene-Type Jet Fuel,IM0,Imports,MKJIMP52,West Coast (PADD 5) Imports of Kerosene-Type Jet Fuel (Thousand Barrels per Day),38,MBBL/D
2006-03,R50-Z00,PADD 5,EPJK,Kerosene-Type Jet Fuel,IM0,Imports,MKJIMP51,West Coast (PADD 5) Imports of Kerosene-Type Jet Fuel (Thousand Barrels),1369,MBBL
2006-03,R50-Z00,PADD 5,EPJK,Kerosene-Type Jet Fuel,IM0,Imports,MKJIMP52,West Coast (PADD 5) Imports of Kerosene-Type Jet Fuel (Thousand Barrels per Day),44,MBBL/D
2006-04,R50-Z00,PADD 5,EPJK,Kerosene-Type Jet Fuel,IM0,Imports,MKJIMP51,West Coast (PADD 5) Imports of Kerosene-Type Jet Fuel (Thousand Barrels),2782,MBBL
2006-04,R50-Z00,PADD 5,EPJK,Kerosene-Type Jet Fuel,IM0,Imports,MKJIMP52,West Coast (PADD 5) Imports of Kerosene-Type Jet Fuel (Thousand Barrels per Day),93,MBBL/D
2006-05,R50-Z00,PADD 5,EPJK,Kerosene-Type Jet Fuel,IM0,Imports,MKJIMP51,West Coast (PADD 5) Imports of Kerosene-Type Jet Fuel (Thousand Barrels),2527,MBBL
2006-05,R50-Z00,PADD 5,EPJK,Kerosene-Type Jet Fuel,IM0,Imports,MKJIMP52,West Coast (PADD 5) Imports of Kerosene-Type Jet Fuel (Thousand Barrels per Day),82,MBBL/D
2006-06,R50-Z00,PADD 5,EPJK,Kerosene-Type Jet Fuel,IM0,Imports,MKJIMP51,West Coast (PADD 5) Imports of Kerosene-Type Jet Fuel (Thousand Barrels),3179,MBBL
2006-06,R50-Z00,PADD 5,EPJK,Kerosene-Type Jet Fuel,IM0,Imports,MKJIMP52,West Coast (PADD 5) Imports of Kerosene-Type Jet Fuel (Thousand Barrels per Day),106,MBBL/D
2006-07,R50-Z00,PADD 5,EPJK,Kerosene-Type Jet Fuel,IM0,Imports,MKJIMP51,West Coast (PADD 5) Imports of Kerosene-Type Jet Fuel (Thousand Barrels),3320,MBBL
2006-07,R50-Z00,PADD 5,EPJK,Kerosene-Type Jet Fuel,IM0,Imports,MKJIMP52,West Coast (PADD 5) Imports of Kerosene-Type Jet Fuel (Thousand Barrels per Day),107,MBBL/D
2006-08,R50-Z00,PADD 5,EPJK,Kerosene-Type Jet Fuel,IM0,Imports,MKJIMP51,West Coast (PADD 5) Imports of Kerosene-Type Jet Fuel (Thousand Barrels),4334,MBBL
2006-08,R50-Z00,PADD 5,EPJK,Kerosene-Type Jet Fuel,IM0,Imports,MKJIMP52,West Coast (PADD 5) Imports of Kerosene-Type Jet Fuel (Thousand Barrels per Day),140,MBBL/D
2006-09,R50-Z00,PADD 5,EPJK,Kerosene-Type Jet Fuel,IM0,Imports,MKJIMP51,West Coast (PADD 5) Imports of Kerosene-Type Jet Fuel (Thousand Barrels),4471,MBBL
2006-09,R50-Z00,PADD 5,EPJK,Kerosene-Type Jet Fuel,IM0,Imports,MKJIMP52,West Coast (PADD 5) Imports of Kerosene-Type Jet Fuel (Thousand Barrels per Day),149,MBBL/D
2006-10,R50-Z00,PADD 5,EPJK,Kerosene-Type Jet Fuel,IM0,Imports,MKJIMP51,West Coast (PADD 5) Imports of Kerosene-Type Jet Fuel (Thousand Barrels),2679,MBBL
2006-10,R50-Z00,PADD 5,EPJK,Kerosene-Type Jet Fuel,IM0,Imports,MKJIMP52,West Coast (PADD 5) Imports of Kerosene-Type Jet Fuel (Thousand Barrels per Day),86,MBBL/D
2006-11,R50-Z00,PADD 5,EPJK,Kerosene-Type Jet Fuel,IM0,Imports,MKJIMP51,West Coast (PADD 5) Imports of Kerosene-Type Jet Fuel (Thousand Barrels),909,MBBL
2006-11,R50-Z00,PADD 5,EPJK,Kerosene-Type Jet Fuel,IM0,Imports,MKJIMP52,West Coast (PADD 5) Imports of Kerosene-Type Jet Fuel (Thousand Barrels per Day),30,MBBL/D
2006-12,R50-Z00,PADD 5,EPJK,Kerosene-Type Jet Fuel,IM0,Imports,MKJIMP51,West Coast (PADD 5) Imports of Kerosene-Type Jet Fuel (Thousand Barrels),3178,MBBL
2006-12,R50-Z00,PADD 5,EPJK,Kerosene-Type Jet Fuel,IM0,Imports,MKJIMP52,West Coast (PADD 5) Imports of Kerosene-Type Jet Fuel (Thousand Barrels per Day),103,MBBL/D
2007-01,R50-Z00,PADD 5,EPJK,Kerosene-Type Jet Fuel,IM0,Imports,MKJIMP51,West Coast (PADD 5) Imports of Kerosene-Type Jet Fuel (Thousand Barrels),2720,MBBL
2007-01,R50-Z00,PADD 5,EPJK,Kerosene-Type Jet Fuel,IM0,Imports,MKJIMP52,West Coast (PADD 5) Imports of Kerosene-Type Jet Fuel (Thousand Barrels per Day),88,MBBL/D
2007-02,R50-Z00,PADD 5,EPJK,Kerosene-Type Jet Fuel,IM0,Imports,MKJIMP51,West Coast (PADD 5) Imports of Kerosene-Type Jet Fuel (Thousand Barrels),3437,MBBL
2007-02,R50-Z00,PADD 5,EPJK,Kerosene-Type Jet Fuel,IM0,Imports,MKJIMP52,West Coast (PADD 5) Imports of Kerosene-Type Jet Fuel (Thousand Barrels per Day),123,MBBL/D
2007-03,R50-Z00,PADD 5,EPJK,Kerosene-Type Jet Fuel,IM0,Imports,MKJIMP51,West Coast (PADD 5) Imports of Kerosene-Type Jet Fuel (Thousand Barrels),4533,MBBL
2007-03,R50-Z00,PADD 5,EPJK,Kerosene-Type Jet Fuel,IM0,Imports,MKJIMP52,West Coast (PADD 5) Imports of Kerosene-Type Jet Fuel (Thousand Barrels per Day),146,MBBL/D
2007-04,R50-Z00,PADD 5,EPJK,Kerosene-Type Jet Fuel,IM0,Imports,MKJIMP51,West Coast (PADD 5) Imports of Kerosene-Type Jet Fuel (Thousand Barrels),4806,MBBL
2007-04,R50-Z00,PADD 5,EPJK,Kerosene-Type Jet Fuel,IM0,Imports,MKJIMP52,West Coast (PADD 5) Imports of Kerosene-Type Jet Fuel (Thousand Barrels per Day),160,MBBL/D
2007-05,R50-Z00,PADD 5,EPJK,Kerosene-Type Jet Fuel,IM0,Imports,MKJIMP51,West Coast (PADD 5) Imports of Kerosene-Type Jet Fuel (Thousand Barrels),3640,MBBL
2007-05,R50-Z00,PADD 5,EPJK,Kerosene-Type Jet Fuel,IM0,Imports,MKJIMP52,West Coast (PADD 5) Imports of Kerosene-Type Jet Fuel (Thousand Barrels per Day),117,MBBL/D
2007-06,R50-Z00,PADD 5,EPJK,Kerosene-Type Jet Fuel,IM0,Imports,MKJIMP51,West Coast (PADD 5) Imports of Kerosene-Type Jet Fuel (Thousand Barrels),3709,MBBL
2007-06,R50-Z00,PADD 5,EPJK,Kerosene-Type Jet Fuel,IM0,Imports,MKJIMP52,West Coast (PADD 5) Imports of Kerosene-Type Jet Fuel (Thousand Barrels per Day),124,MBBL/D
2007-07,R50-Z00,PADD 5,EPJK,Kerosene-Type Jet Fuel,IM0,Imports,MKJIMP51,West Coast (PADD 5) Imports of Kerosene-Type Jet Fuel (Thousand Barrels),5068,MBBL
2007-07,R50-Z00,PADD 5,EPJK,Kerosene-Type Jet Fuel,IM0,Imports,MKJIMP52,West Coast (PADD 5) Imports of Kerosene-Type Jet Fuel (Thousand Barrels per Day),163,MBBL/D
2007-08,R50-Z00,PADD 5,EPJK,Kerosene-Type Jet Fuel,IM0,Imports,MKJIMP51,West Coast (PADD 5) Imports of Kerosene-Type Jet Fuel (Thousand Barrels),3603,MBBL
2007-08,R50-Z00,PADD 5,EPJK,Kerosene-Type Jet Fuel,IM0,Imports,MKJIMP52,West Coast (PADD 5) Imports of Kerosene-Type Jet Fuel (Thousand Barrels per Day),116,MBBL/D
2007-09,R50-Z00,PADD 5,EPJK,Kerosene-Type Jet Fuel,IM0,Imports,MKJIMP51,West Coast (PADD 5) Imports of Kerosene-Type Jet Fuel (Thousand Barrels),2910,MBBL
2007-09,R50-Z00,PADD 5,EPJK,Kerosene-Type Jet Fuel,IM0,Imports,MKJIMP52,West Coast (PADD 5) Imports of Kerosene-Type Jet Fuel (Thousand Barrels per Day),97,MBBL/D
2007-10,R50-Z00,PADD 5,EPJK,Kerosene-Type Jet Fuel,IM0,Imports,MKJIMP51,West Coast (PADD 5) Imports of Kerosene-Type Jet Fuel (Thousand Barrels),2993,MBBL
2007-10,R50-Z00,PADD 5,EPJK,Kerosene-Type Jet Fuel,IM0,Imports,MKJIMP52,West Coast (PADD 5) Imports of Kerosene-Type Jet Fuel (Thousand Barrels per Day),97,MBBL/D
2007-11,R50-Z00,PADD 5,EPJK,Kerosene-Type Jet Fuel,IM0,Imports,MKJIMP51,West Coast (PADD 5) Imports of Kerosene-Type Jet Fuel (Thousand Barrels),3072,MBBL
2007-11,R50-Z00,PADD 5,EPJK,Kerosene-Type Jet Fuel,IM0,Imports,MKJIMP52,West Coast (PADD 5) Imports of Kerosene-Type Jet Fuel (Thousand Barrels per Day),102,MBBL/D
2007-12,R50-Z00,PADD 5,EPJK,Kerosene-Type Jet Fuel,IM0,Imports,MKJIMP51,West Coast (PADD 5) Imports of Kerosene-Type Jet Fuel (Thousand Barrels),1523,MBBL
2007-12,R50-Z00,PADD 5,EPJK,Kerosene-Type Jet Fuel,IM0,Imports,MKJIMP52,West Coast (PADD 5) Imports of Kerosene-Type Jet Fuel (Thousand Barrels per Day),49,MBBL/D
2008-01,R50-Z00,PADD 5,EPJK,Kerosene-Type Jet Fuel,IM0,Imports,MKJIMP51,West Coast (PADD 5) Imports of Kerosene-Type Jet Fuel (Thousand Barrels),2041,MBBL
2008-01,R50-Z00,PADD 5,EPJK,Kerosene-Type Jet Fuel,IM0,Imports,MKJIMP52,West Coast (PADD 5) Imports of Kerosene-Type Jet Fuel (Thousand Barrels per Day),66,MBBL/D
2008-02,R50-Z00,PADD 5,EPJK,Kerosene-Type Jet Fuel,IM0,Imports,MKJIMP51,West Coast (PADD 5) Imports of Kerosene-Type Jet Fuel (Thousand Barrels),804,MBBL
2008-02,R50-Z00,PADD 5,EPJK,Kerosene-Type Jet Fuel,IM0,Imports,MKJIMP52,West Coast (PADD 5) Imports of Kerosene-Type Jet Fuel (Thousand Barrels per Day),28,MBBL/D
2008-03,R50-Z00,PADD 5,EPJK,Kerosene-Type Jet Fuel,IM0,Imports,MKJIMP51,West Coast (PADD 5) Imports of Kerosene-Type Jet Fuel (Thousand Barrels),1043,MBBL
2008-03,R50-Z00,PADD 5,EPJK,Kerosene-Type Jet Fuel,IM0,Imports,MKJIMP52,West Coast (PADD 5) Imports of Kerosene-Type Jet Fuel (Thousand Barrels per Day),34,MBBL/D
2008-04,R50-Z00,PADD 5,EPJK,Kerosene-Type Jet Fuel,IM0,Imports,MKJIMP51,West Coast (PADD 5) Imports of Kerosene-Type Jet Fuel (Thousand Barrels),2140,MBBL
2008-04,R50-Z00,PADD 5,EPJK,Kerosene-Type Jet Fuel,IM0,Imports,MKJIMP52,West Coast (PADD 5) Imports of Kerosene-Type Jet Fuel (Thousand Barrels per Day),71,MBBL/D
2008-05,R50-Z00,PADD 5,EPJK,Kerosene-Type Jet Fuel,IM0,Imports,MKJIMP51,West Coast (PADD 5) Imports of Kerosene-Type Jet Fuel (Thousand Barrels),1393,MBBL
2008-05,R50-Z00,PADD 5,EPJK,Kerosene-Type Jet Fuel,IM0,Imports,MKJIMP52,West Coast (PADD 5) Imports of Kerosene-Type Jet Fuel (Thousand Barrels per Day),45,MBBL/D
2008-06,R50-Z00,PADD 5,EPJK,Kerosene-Type Jet Fuel,IM0,Imports,MKJIMP51,West Coast (PADD 5) Imports of Kerosene-Type Jet Fuel (Thousand Barrels),608,MBBL
2008-06,R50-Z00,PADD 5,EPJK,Kerosene-Type Jet Fuel,IM0,Imports,MKJIMP52,West Coast (PADD 5) Imports of Kerosene-Type Jet Fuel (Thousand Barrels per Day),20,MBBL/D
2008-07,R50-Z00,PADD 5,EPJK,Kerosene-Type Jet Fuel,IM0,Imports,MKJIMP51,West Coast (PADD 5) Imports of Kerosene-Type Jet Fuel (Thousand Barrels),445,MBBL
2008-07,R50-Z00,PADD 5,EPJK,Kerosene-Type Jet Fuel,IM0,Imports,MKJIMP52,West Coast (PADD 5) Imports of Kerosene-Type Jet Fuel (Thousand Barrels per Day),14,MBBL/D
2008-08,R50-Z00,PADD 5,EPJK,Kerosene-Type Jet Fuel,IM0,Imports,MKJIMP51,West Coast (PADD 5) Imports of Kerosene-Type Jet Fuel (Thousand Barrels),748,MBBL
2008-08,R50-Z00,PADD 5,EPJK,Kerosene-Type Jet Fuel,IM0,Imports,MKJIMP52,West Coast (PADD 5) Imports of Kerosene-Type Jet Fuel (Thousand Barrels per Day),24,MBBL/D
2008-09,R50-Z00,PADD 5,EPJK,Kerosene-Type Jet Fuel,IM0,Imports,MKJIMP51,West Coast (PADD 5) Imports of Kerosene-Type Jet Fuel (Thousand Barrels),340,MBBL
2008-09,R50-Z00,PADD 5,EPJK,Kerosene-Type Jet Fuel,IM0,Imports,MKJIMP52,West Coast (PADD 5) Imports of Kerosene-Type Jet Fuel (Thousand Barrels per Day),11,MBBL/D
2008-10,R50-Z00,PADD 5,EPJK,Kerosene-Type Jet Fuel,IM0,Imports,MKJIMP51,West Coast (PADD 5) Imports of Kerosene-Type Jet Fuel (Thousand Barrels),170,MBBL
2008-10,R50-Z00,PADD 5,EPJK,Kerosene-Type Jet Fuel,IM0,Imports,MKJIMP52,West Coast (PADD 5) Imports of Kerosene-Type Jet Fuel (Thousand Barrels per Day),5,MBBL/D
2008-11,R50-Z00,PADD 5,EPJK,Kerosene-Type Jet Fuel,IM0,Imports,MKJIMP51,West Coast (PADD 5) Imports of Kerosene-Type Jet Fuel (Thousand Barrels),122,MBBL
2008-11,R50-Z00,PADD 5,EPJK,Kerosene-Type Jet Fuel,IM0,Imports,MKJIMP52,West Coast (PADD 5) Imports of Kerosene-Type Jet Fuel (Thousand Barrels per Day),4,MBBL/D
2008-12,R50-Z00,PADD 5,EPJK,Kerosene-Type Jet Fuel,IM0,Imports,MKJIMP51,West Coast (PADD 5) Imports of Kerosene-Type Jet Fuel (Thousand Barrels),371,MBBL
2008-12,R50-Z00,PADD 5,EPJK,Kerosene-Type Jet Fuel,IM0,Imports,MKJIMP52,West Coast (PADD 5) Imports of Kerosene-Type Jet Fuel (Thousand Barrels per Day),12,MBBL/D
2009-01,R50-Z00,PADD 5,EPJK,Kerosene-Type Jet Fuel,IM0,Imports,MKJIMP51,West Coast (PADD 5) Imports of Kerosene-Type Jet Fuel (Thousand Barrels),32,MBBL
2009-01,R50-Z00,PADD 5,EPJK,Kerosene-Type Jet Fuel,IM0,Imports,MKJIMP52,West Coast (PADD 5) Imports of Kerosene-Type Jet Fuel (Thousand Barrels per Day),1,MBBL/D
2009-02,R50-Z00,PADD 5,EPJK,Kerosene-Type Jet Fuel,IM0,Imports,MKJIMP51,West Coast (PADD 5) Imports of Kerosene-Type Jet Fuel (Thousand Barrels),138,MBBL
2009-02,R50-Z00,PADD 5,EPJK,Kerosene-Type Jet Fuel,IM0,Imports,MKJIMP52,West Coast (PADD 5) Imports of Kerosene-Type Jet Fuel (Thousand Barrels per Day),5,MBBL/D
2009-03,R50-Z00,PADD 5,EPJK,Kerosene-Type Jet Fuel,IM0,Imports,MKJIMP51,West Coast (PADD 5) Imports of Kerosene-Type Jet Fuel (Thousand Barrels),1322,MBBL
2009-03,R50-Z00,PADD 5,EPJK,Kerosene-Type Jet Fuel,IM0,Imports,MKJIMP52,West Coast (PADD 5) Imports of Kerosene-Type Jet Fuel (Thousand Barrels per Day),43,MBBL/D
2009-04,R50-Z00,PADD 5,EPJK,Kerosene-Type Jet Fuel,IM0,Imports,MKJIMP51,West Coast (PADD 5) Imports of Kerosene-Type Jet Fuel (Thousand Barrels),924,MBBL
2009-04,R50-Z00,PADD 5,EPJK,Kerosene-Type Jet Fuel,IM0,Imports,MKJIMP52,West Coast (PADD 5) Imports of Kerosene-Type Jet Fuel (Thousand Barrels per Day),31,MBBL/D
2009-05,R50-Z00,PADD 5,EPJK,Kerosene-Type Jet Fuel,IM0,Imports,MKJIMP51,West Coast (PADD 5) Imports of Kerosene-Type Jet Fuel (Thousand Barrels),629,MBBL
2009-05,R50-Z00,PADD 5,EPJK,Kerosene-Type Jet Fuel,IM0,Imports,MKJIMP52,West Coast (PADD 5) Imports of Kerosene-Type Jet Fuel (Thousand Barrels per Day),20,MBBL/D
2009-06,R50-Z00,PADD 5,EPJK,Kerosene-Type Jet Fuel,IM0,Imports,MKJIMP51,West Coast (PADD 5) Imports of Kerosene-Type Jet Fuel (Thousand Barrels),824,MBBL
2009-06,R50-Z00,PADD 5,EPJK,Kerosene-Type Jet Fuel,IM0,Imports,MKJIMP52,West Coast (PADD 5) Imports of Kerosene-Type Jet Fuel (Thousand Barrels per Day),27,MBBL/D
2009-07,R50-Z00,PADD 5,EPJK,Kerosene-Type Jet Fuel,IM0,Imports,MKJIMP51,West Coast (PADD 5) Imports of Kerosene-Type Jet Fuel (Thousand Barrels),1599,MBBL
2009-07,R50-Z00,PADD 5,EPJK,Kerosene-Type Jet Fuel,IM0,Imports,MKJIMP52,West Coast (PADD 5) Imports of Kerosene-Type Jet Fuel (Thousand Barrels per Day),52,MBBL/D
2009-08,R50-Z00,PADD 5,EPJK,Kerosene-Type Jet Fuel,IM0,Imports,MKJIMP51,West Coast (PADD 5) Imports of Kerosene-Type Jet Fuel (Thousand Barrels),1419,MBBL
2009-08,R50-Z00,PADD 5,EPJK,Kerosene-Type Jet Fuel,IM0,Imports,MKJIMP52,West Coast (PADD 5) Imports of Kerosene-Type Jet Fuel (Thousand Barrels per Day),46,MBBL/D
2009-09,R50-Z00,PADD 5,EPJK,Kerosene-Type Jet Fuel,IM0,Imports,MKJIMP51,West Coast (PADD 5) Imports of Kerosene-Type Jet Fuel (Thousand Barrels),1478,MBBL
2009-09,R50-Z00,PADD 5,EPJK,Kerosene-Type Jet Fuel,IM0,Imports,MKJIMP52,West Coast (PADD 5) Imports of Kerosene-Type Jet Fuel (Thousand Barrels per Day),49,MBBL/D
2009-10,R50-Z00,PADD 5,EPJK,Kerosene-Type Jet Fuel,IM0,Imports,MKJIMP51,West Coast (PADD 5) Imports of Kerosene-Type Jet Fuel (Thousand Barrels),1868,MBBL
2009-10,R50-Z00,PADD 5,EPJK,Kerosene-Type Jet Fuel,IM0,Imports,MKJIMP52,West Coast (PADD 5) Imports of Kerosene-Type Jet Fuel (Thousand Barrels per Day),60,MBBL/D
2009-11,R50-Z00,PADD 5,EPJK,Kerosene-Type Jet Fuel,IM0,Imports,MKJIMP51,West Coast (PADD 5) Imports of Kerosene-Type Jet Fuel (Thousand Barrels),854,MBBL
2009-11,R50-Z00,PADD 5,EPJK,Kerosene-Type Jet Fuel,IM0,Imports,MKJIMP52,West Coast (PADD 5) Imports of Kerosene-Type Jet Fuel (Thousand Barrels per Day),28,MBBL/D
2009-12,R50-Z00,PADD 5,EPJK,Kerosene-Type Jet Fuel,IM0,Imports,MKJIMP51,West Coast (PADD 5) Imports of Kerosene-Type Jet Fuel (Thousand Barrels),510,MBBL
2009-12,R50-Z00,PADD 5,EPJK,Kerosene-Type Jet Fuel,IM0,Imports,MKJIMP52,West Coast (PADD 5) Imports of Kerosene-Type Jet Fuel (Thousand Barrels per Day),16,MBBL/D
2010-01,R50-Z00,PADD 5,EPJK,Kerosene-Type Jet Fuel,IM0,Imports,MKJIMP51,West Coast (PADD 5) Imports of Kerosene-Type Jet Fuel (Thousand Barrels),803,MBBL
2010-01,R50-Z00,PADD 5,EPJK,Kerosene-Type Jet Fuel,IM0,Imports,MKJIMP52,West Coast (PADD 5) Imports of Kerosene-Type Jet Fuel (Thousand Barrels per Day),26,MBBL/D
2010-02,R50-Z00,PADD 5,EPJK,Kerosene-Type Jet Fuel,IM0,Imports,MKJIMP51,West Coast (PADD 5) Imports of Kerosene-Type Jet Fuel (Thousand Barrels),954,MBBL
2010-02,R50-Z00,PADD 5,EPJK,Kerosene-Type Jet Fuel,IM0,Imports,MKJIMP52,West Coast (PADD 5) Imports of Kerosene-Type Jet Fuel (Thousand Barrels per Day),34,MBBL/D
2010-03,R50-Z00,PADD 5,EPJK,Kerosene-Type Jet Fuel,IM0,Imports,MKJIMP51,West Coast (PADD 5) Imports of Kerosene-Type Jet Fuel (Thousand Barrels),230,MBBL
2010-03,R50-Z00,PADD 5,EPJK,Kerosene-Type Jet Fuel,IM0,Imports,MKJIMP52,West Coast (PADD 5) Imports of Kerosene-Type Jet Fuel (Thousand Barrels per Day),7,MBBL/D
2010-04,R50-Z00,PADD 5,EPJK,Kerosene-Type Jet Fuel,IM0,Imports,MKJIMP51,West Coast (PADD 5) Imports of Kerosene-Type Jet Fuel (Thousand Barrels),981,MBBL
2010-04,R50-Z00,PADD 5,EPJK,Kerosene-Type Jet Fuel,IM0,Imports,MKJIMP52,West Coast (PADD 5) Imports of Kerosene-Type Jet Fuel (Thousand Barrels per Day),33,MBBL/D
2010-05,R50-Z00,PADD 5,EPJK,Kerosene-Type Jet Fuel,IM0,Imports,MKJIMP51,West Coast (PADD 5) Imports of Kerosene-Type Jet Fuel (Thousand Barrels),1509,MBBL
2010-05,R50-Z00,PADD 5,EPJK,Kerosene-Type Jet Fuel,IM0,Imports,MKJIMP52,West Coast (PADD 5) Imports of Kerosene-Type Jet Fuel (Thousand Barrels per Day),49,MBBL/D
2010-06,R50-Z00,PADD 5,EPJK,Kerosene-Type Jet Fuel,IM0,Imports,MKJIMP51,West Coast (PADD 5) Imports of Kerosene-Type Jet Fuel (Thousand Barrels),2482,MBBL
2010-06,R50-Z00,PADD 5,EPJK,Kerosene-Type Jet Fuel,IM0,Imports,MKJIMP52,West Coast (PADD 5) Imports of Kerosene-Type Jet Fuel (Thousand Barrels per Day),83,MBBL/D
2010-07,R50-Z00,PADD 5,EPJK,Kerosene-Type Jet Fuel,IM0,Imports,MKJIMP51,West Coast (PADD 5) Imports of Kerosene-Type Jet Fuel (Thousand Barrels),2466,MBBL
2010-07,R50-Z00,PADD 5,EPJK,Kerosene-Type Jet Fuel,IM0,Imports,MKJIMP52,West Coast (PADD 5) Imports of Kerosene-Type Jet Fuel (Thousand Barrels per Day),80,MBBL/D
2010-08,R50-Z00,PADD 5,EPJK,Kerosene-Type Jet Fuel,IM0,Imports,MKJIMP51,West Coast (PADD 5) Imports of Kerosene-Type Jet Fuel (Thousand Barrels),2165,MBBL
2010-08,R50-Z00,PADD 5,EPJK,Kerosene-Type Jet Fuel,IM0,Imports,MKJIMP52,West Coast (PADD 5) Imports of Kerosene-Type Jet Fuel (Thousand Barrels per Day),70,MBBL/D
2010-09,R50-Z00,PADD 5,EPJK,Kerosene-Type Jet Fuel,IM0,Imports,MKJIMP51,West Coast (PADD 5) Imports of Kerosene-Type Jet Fuel (Thousand Barrels),1755,MBBL
2010-09,R50-Z00,PADD 5,EPJK,Kerosene-Type Jet Fuel,IM0,Imports,MKJIMP52,West Coast (PADD 5) Imports of Kerosene-Type Jet Fuel (Thousand Barrels per Day),59,MBBL/D
2010-10,R50-Z00,PADD 5,EPJK,Kerosene-Type Jet Fuel,IM0,Imports,MKJIMP51,West Coast (PADD 5) Imports of Kerosene-Type Jet Fuel (Thousand Barrels),1106,MBBL
2010-10,R50-Z00,PADD 5,EPJK,Kerosene-Type Jet Fuel,IM0,Imports,MKJIMP52,West Coast (PADD 5) Imports of Kerosene-Type Jet Fuel (Thousand Barrels per Day),36,MBBL/D
2010-11,R50-Z00,PADD 5,EPJK,Kerosene-Type Jet Fuel,IM0,Imports,MKJIMP51,West Coast (PADD 5) Imports of Kerosene-Type Jet Fuel (Thousand Barrels),1954,MBBL
2010-11,R50-Z00,PADD 5,EPJK,Kerosene-Type Jet Fuel,IM0,Imports,MKJIMP52,West Coast (PADD 5) Imports of Kerosene-Type Jet Fuel (Thousand Barrels per Day),65,MBBL/D
2010-12,R50-Z00,PADD 5,EPJK,Kerosene-Type Jet Fuel,IM0,Imports,MKJIMP51,West Coast (PADD 5) Imports of Kerosene-Type Jet Fuel (Thousand Barrels),1157,MBBL
2010-12,R50-Z00,PADD 5,EPJK,Kerosene-Type Jet Fuel,IM0,Imports,MKJIMP52,West Coast (PADD 5) Imports of Kerosene-Type Jet Fuel (Thousand Barrels per Day),37,MBBL/D
2011-01,R50-Z00,PADD 5,EPJK,Kerosene-Type Jet Fuel,IM0,Imports,MKJIMP51,West Coast (PADD 5) Imports of Kerosene-Type Jet Fuel (Thousand Barrels),1014,MBBL
2011-01,R50-Z00,PADD 5,EPJK,Kerosene-Type Jet Fuel,IM0,Imports,MKJIMP52,West Coast (PADD 5) Imports of Kerosene-Type Jet Fuel (Thousand Barrels per Day),33,MBBL/D
2011-02,R50-Z00,PADD 5,EPJK,Kerosene-Type Jet Fuel,IM0,Imports,MKJIMP51,West Coast (PADD 5) Imports of Kerosene-Type Jet Fuel (Thousand Barrels),486,MBBL
2011-02,R50-Z00,PADD 5,EPJK,Kerosene-Type Jet Fuel,IM0,Imports,MKJIMP52,West Coast (PADD 5) Imports of Kerosene-Type Jet Fuel (Thousand Barrels per Day),17,MBBL/D
2011-03,R50-Z00,PADD 5,EPJK,Kerosene-Type Jet Fuel,IM0,Imports,MKJIMP51,West Coast (PADD 5) Imports of Kerosene-Type Jet Fuel (Thousand Barrels),490,MBBL
2011-03,R50-Z00,PADD 5,EPJK,Kerosene-Type Jet Fuel,IM0,Imports,MKJIMP52,West Coast (PADD 5) Imports of Kerosene-Type Jet Fuel (Thousand Barrels per Day),16,MBBL/D
2011-04,R50-Z00,PADD 5,EPJK,Kerosene-Type Jet Fuel,IM0,Imports,MKJIMP51,West Coast (PADD 5) Imports of Kerosene-Type Jet Fuel (Thousand Barrels),914,MBBL
2011-04,R50-Z00,PADD 5,EPJK,Kerosene-Type Jet Fuel,IM0,Imports,MKJIMP52,West Coast (PADD 5) Imports of Kerosene-Type Jet Fuel (Thousand Barrels per Day),30,MBBL/D
2011-05,R50-Z00,PADD 5,EPJK,Kerosene-Type Jet Fuel,IM0,Imports,MKJIMP51,West Coast (PADD 5) Imports of Kerosene-Type Jet Fuel (Thousand Barrels),1401,MBBL
2011-05,R50-Z00,PADD 5,EPJK,Kerosene-Type Jet Fuel,IM0,Imports,MKJIMP52,West Coast (PADD 5) Imports of Kerosene-Type Jet Fuel (Thousand Barrels per Day),45,MBBL/D
2011-06,R50-Z00,PADD 5,EPJK,Kerosene-Type Jet Fuel,IM0,Imports,MKJIMP51,West Coast (PADD 5) Imports of Kerosene-Type Jet Fuel (Thousand Barrels),1324,MBBL
2011-06,R50-Z00,PADD 5,EPJK,Kerosene-Type Jet Fuel,IM0,Imports,MKJIMP52,West Coast (PADD 5) Imports of Kerosene-Type Jet Fuel (Thousand Barrels per Day),44,MBBL/D
2011-07,R50-Z00,PADD 5,EPJK,Kerosene-Type Jet Fuel,IM0,Imports,MKJIMP51,West Coast (PADD 5) Imports of Kerosene-Type Jet Fuel (Thousand Barrels),1248,MBBL
2011-07,R50-Z00,PADD 5,EPJK,Kerosene-Type Jet Fuel,IM0,Imports,MKJIMP52,West Coast (PADD 5) Imports of Kerosene-Type Jet Fuel (Thousand Barrels per Day),40,MBBL/D
2011-08,R50-Z00,PADD 5,EPJK,Kerosene-Type Jet Fuel,IM0,Imports,MKJIMP51,West Coast (PADD 5) Imports of Kerosene-Type Jet Fuel (Thousand Barrels),1159,MBBL
2011-08,R50-Z00,PADD 5,EPJK,Kerosene-Type Jet Fuel,IM0,Imports,MKJIMP52,West Coast (PADD 5) Imports of Kerosene-Type Jet Fuel (Thousand Barrels per Day),37,MBBL/D
2011-09,R50-Z00,PADD 5,EPJK,Kerosene-Type Jet Fuel,IM0,Imports,MKJIMP51,West Coast (PADD 5) Imports of Kerosene-Type Jet Fuel (Thousand Barrels),547,MBBL
2011-09,R50-Z00,PADD 5,EPJK,Kerosene-Type Jet Fuel,IM0,Imports,MKJIMP52,West Coast (PADD 5) Imports of Kerosene-Type Jet Fuel (Thousand Barrels per Day),18,MBBL/D
2011-10,R50-Z00,PADD 5,EPJK,Kerosene-Type Jet Fuel,IM0,Imports,MKJIMP51,West Coast (PADD 5) Imports of Kerosene-Type Jet Fuel (Thousand Barrels),940,MBBL
2011-10,R50-Z00,PADD 5,EPJK,Kerosene-Type Jet Fuel,IM0,Imports,MKJIMP52,West Coast (PADD 5) Imports of Kerosene-Type Jet Fuel (Thousand Barrels per Day),30,MBBL/D
2011-11,R50-Z00,PADD 5,EPJK,Kerosene-Type Jet Fuel,IM0,Imports,MKJIMP51,West Coast (PADD 5) Imports of Kerosene-Type Jet Fuel (Thousand Barrels),1392,MBBL
2011-11,R50-Z00,PADD 5,EPJK,Kerosene-Type Jet Fuel,IM0,Imports,MKJIMP52,West Coast (PADD 5) Imports of Kerosene-Type Jet Fuel (Thousand Barrels per Day),46,MBBL/D
2011-12,R50-Z00,PADD 5,EPJK,Kerosene-Type Jet Fuel,IM0,Imports,MKJIMP51,West Coast (PADD 5) Imports of Kerosene-Type Jet Fuel (Thousand Barrels),121,MBBL
2011-12,R50-Z00,PADD 5,EPJK,Kerosene-Type Jet Fuel,IM0,Imports,MKJIMP52,West Coast (PADD 5) Imports of Kerosene-Type Jet Fuel (Thousand Barrels per Day),4,MBBL/D
2012-01,R50-Z00,PADD 5,EPJK,Kerosene-Type Jet Fuel,IM0,Imports,MKJIMP51,West Coast (PADD 5) Imports of Kerosene-Type Jet Fuel (Thousand Barrels),89,MBBL
2012-01,R50-Z00,PADD 5,EPJK,Kerosene-Type Jet Fuel,IM0,Imports,MKJIMP52,West Coast (PADD 5) Imports of Kerosene-Type Jet Fuel (Thousand Barrels per Day),3,MBBL/D
2012-02,R50-Z00,PADD 5,EPJK,Kerosene-Type Jet Fuel,IM0,Imports,MKJIMP51,West Coast (PADD 5) Imports of Kerosene-Type Jet Fuel (Thousand Barrels),375,MBBL
2012-02,R50-Z00,PADD 5,EPJK,Kerosene-Type Jet Fuel,IM0,Imports,MKJIMP52,West Coast (PADD 5) Imports of Kerosene-Type Jet Fuel (Thousand Barrels per Day),13,MBBL/D
2012-03,R50-Z00,PADD 5,EPJK,Kerosene-Type Jet Fuel,IM0,Imports,MKJIMP51,West Coast (PADD 5) Imports of Kerosene-Type Jet Fuel (Thousand Barrels),79,MBBL
2012-03,R50-Z00,PADD 5,EPJK,Kerosene-Type Jet Fuel,IM0,Imports,MKJIMP52,West Coast (PADD 5) Imports of Kerosene-Type Jet Fuel (Thousand Barrels per Day),3,MBBL/D
2012-04,R50-Z00,PADD 5,EPJK,Kerosene-Type Jet Fuel,IM0,Imports,MKJIMP51,West Coast (PADD 5) Imports of Kerosene-Type Jet Fuel (Thousand Barrels),1051,MBBL
2012-04,R50-Z00,PADD 5,EPJK,Kerosene-Type Jet Fuel,IM0,Imports,MKJIMP52,West Coast (PADD 5) Imports of Kerosene-Type Jet Fuel (Thousand Barrels per Day),35,MBBL/D
2012-05,R50-Z00,PADD 5,EPJK,Kerosene-Type Jet Fuel,IM0,Imports,MKJIMP51,West Coast (PADD 5) Imports of Kerosene-Type Jet Fuel (Thousand Barrels),1004,MBBL
2012-05,R50-Z00,PADD 5,EPJK,Kerosene-Type Jet Fuel,IM0,Imports,MKJIMP52,West Coast (PADD 5) Imports of Kerosene-Type Jet Fuel (Thousand Barrels per Day),32,MBBL/D
2012-06,R50-Z00,PADD 5,EPJK,Kerosene-Type Jet Fuel,IM0,Imports,MKJIMP51,West Coast (PADD 5) Imports of Kerosene-Type Jet Fuel (Thousand Barrels),717,MBBL
2012-06,R50-Z00,PADD 5,EPJK,Kerosene-Type Jet Fuel,IM0,Imports,MKJIMP52,West Coast (PADD 5) Imports of Kerosene-Type Jet Fuel (Thousand Barrels per Day),24,MBBL/D
2012-07,R50-Z00,PADD 5,EPJK,Kerosene-Type Jet Fuel,IM0,Imports,MKJIMP51,West Coast (PADD 5) Imports of Kerosene-Type Jet Fuel (Thousand Barrels),360,MBBL
2012-07,R50-Z00,PADD 5,EPJK,Kerosene-Type Jet Fuel,IM0,Imports,MKJIMP52,West Coast (PADD 5) Imports of Kerosene-Type Jet Fuel (Thousand Barrels per Day),12,MBBL/D
2012-08,R50-Z00,PADD 5,EPJK,Kerosene-Type Jet Fuel,IM0,Imports,MKJIMP51,West Coast (PADD 5) Imports of Kerosene-Type Jet Fuel (Thousand Barrels),1866,MBBL
2012-08,R50-Z00,PADD 5,EPJK,Kerosene-Type Jet Fuel,IM0,Imports,MKJIMP52,West Coast (PADD 5) Imports of Kerosene-Type Jet Fuel (Thousand Barrels per Day),60,MBBL/D
2012-09,R50-Z00,PADD 5,EPJK,Kerosene-Type Jet Fuel,IM0,Imports,MKJIMP51,West Coast (PADD 5) Imports of Kerosene-Type Jet Fuel (Thousand Barrels),1561,MBBL
2012-09,R50-Z00,PADD 5,EPJK,Kerosene-Type Jet Fuel,IM0,Imports,MKJIMP52,West Coast (PADD 5) Imports of Kerosene-Type Jet Fuel (Thousand Barrels per Day),52,MBBL/D
2012-10,R50-Z00,PADD 5,EPJK,Kerosene-Type Jet Fuel,IM0,Imports,MKJIMP51,West Coast (PADD 5) Imports of Kerosene-Type Jet Fuel (Thousand Barrels),2686,MBBL
2012-10,R50-Z00,PADD 5,EPJK,Kerosene-Type Jet Fuel,IM0,Imports,MKJIMP52,West Coast (PADD 5) Imports of Kerosene-Type Jet Fuel (Thousand Barrels per Day),87,MBBL/D
2012-11,R50-Z00,PADD 5,EPJK,Kerosene-Type Jet Fuel,IM0,Imports,MKJIMP51,West Coast (PADD 5) Imports of Kerosene-Type Jet Fuel (Thousand Barrels),791,MBBL
2012-11,R50-Z00,PADD 5,EPJK,Kerosene-Type Jet Fuel,IM0,Imports,MKJIMP52,West Coast (PADD 5) Imports of Kerosene-Type Jet Fuel (Thousand Barrels per Day),26,MBBL/D
2012-12,R50-Z00,PADD 5,EPJK,Kerosene-Type Jet Fuel,IM0,Imports,MKJIMP51,West Coast (PADD 5) Imports of Kerosene-Type Jet Fuel (Thousand Barrels),936,MBBL
2012-12,R50-Z00,PADD 5,EPJK,Kerosene-Type Jet Fuel,IM0,Imports,MKJIMP52,West Coast (PADD 5) Imports of Kerosene-Type Jet Fuel (Thousand Barrels per Day),30,MBBL/D
2013-01,R50-Z00,PADD 5,EPJK,Kerosene-Type Jet Fuel,IM0,Imports,MKJIMP51,West Coast (PADD 5) Imports of Kerosene-Type Jet Fuel (Thousand Barrels),340,MBBL
2013-01,R50-Z00,PADD 5,EPJK,Kerosene-Type Jet Fuel,IM0,Imports,MKJIMP52,West Coast (PADD 5) Imports of Kerosene-Type Jet Fuel (Thousand Barrels per Day),11,MBBL/D
2013-02,R50-Z00,PADD 5,EPJK,Kerosene-Type Jet Fuel,IM0,Imports,MKJIMP51,West Coast (PADD 5) Imports of Kerosene-Type Jet Fuel (Thousand Barrels),859,MBBL
2013-02,R50-Z00,PADD 5,EPJK,Kerosene-Type Jet Fuel,IM0,Imports,MKJIMP52,West Coast (PADD 5) Imports of Kerosene-Type Jet Fuel (Thousand Barrels per Day),31,MBBL/D
2013-03,R50-Z00,PADD 5,EPJK,Kerosene-Type Jet Fuel,IM0,Imports,MKJIMP51,West Coast (PADD 5) Imports of Kerosene-Type Jet Fuel (Thousand Barrels),300,MBBL
2013-03,R50-Z00,PADD 5,EPJK,Kerosene-Type Jet Fuel,IM0,Imports,MKJIMP52,West Coast (PADD 5) Imports of Kerosene-Type Jet Fuel (Thousand Barrels per Day),10,MBBL/D
2013-04,R50-Z00,PADD 5,EPJK,Kerosene-Type Jet Fuel,IM0,Imports,MKJIMP51,West Coast (PADD 5) Imports of Kerosene-Type Jet Fuel (Thousand Barrels),1420,MBBL
2013-04,R50-Z00,PADD 5,EPJK,Kerosene-Type Jet Fuel,IM0,Imports,MKJIMP52,West Coast (PADD 5) Imports of Kerosene-Type Jet Fuel (Thousand Barrels per Day),47,MBBL/D
2013-05,R50-Z00,PADD 5,EPJK,Kerosene-Type Jet Fuel,IM0,Imports,MKJIMP51,West Coast (PADD 5) Imports of Kerosene-Type Jet Fuel (Thousand Barrels),2232,MBBL
2013-05,R50-Z00,PADD 5,EPJK,Kerosene-Type Jet Fuel,IM0,Imports,MKJIMP52,West Coast (PADD 5) Imports of Kerosene-Type Jet Fuel (Thousand Barrels per Day),72,MBBL/D
2013-06,R50-Z00,PADD 5,EPJK,Kerosene-Type Jet Fuel,IM0,Imports,MKJIMP51,West Coast (PADD 5) Imports of Kerosene-Type Jet Fuel (Thousand Barrels),2002,MBBL
2013-06,R50-Z00,PADD 5,EPJK,Kerosene-Type Jet Fuel,IM0,Imports,MKJIMP52,West Coast (PADD 5) Imports of Kerosene-Type Jet Fuel (Thousand Barrels per Day),67,MBBL/D
2013-07,R50-Z00,PADD 5,EPJK,Kerosene-Type Jet Fuel,IM0,Imports,MKJIMP51,West Coast (PADD 5) Imports of Kerosene-Type Jet Fuel (Thousand Barrels),1526,MBBL
2013-07,R50-Z00,PADD 5,EPJK,Kerosene-Type Jet Fuel,IM0,Imports,MKJIMP52,West Coast (PADD 5) Imports of Kerosene-Type Jet Fuel (Thousand Barrels per Day),49,MBBL/D
2013-08,R50-Z00,PADD 5,EPJK,Kerosene-Type Jet Fuel,IM0,Imports,MKJIMP51,West Coast (PADD 5) Imports of Kerosene-Type Jet Fuel (Thousand Barrels),1122,MBBL
2013-08,R50-Z00,PADD 5,EPJK,Kerosene-Type Jet Fuel,IM0,Imports,MKJIMP52,West Coast (PADD 5) Imports of Kerosene-Type Jet Fuel (Thousand Barrels per Day),36,MBBL/D
2013-09,R50-Z00,PADD 5,EPJK,Kerosene-Type Jet Fuel,IM0,Imports,MKJIMP51,West Coast (PADD 5) Imports of Kerosene-Type Jet Fuel (Thousand Barrels),1045,MBBL
2013-09,R50-Z00,PADD 5,EPJK,Kerosene-Type Jet Fuel,IM0,Imports,MKJIMP52,West Coast (PADD 5) Imports of Kerosene-Type Jet Fuel (Thousand Barrels per Day),35,MBBL/D
2013-10,R50-Z00,PADD 5,EPJK,Kerosene-Type Jet Fuel,IM0,Imports,MKJIMP51,West Coast (PADD 5) Imports of Kerosene-Type Jet Fuel (Thousand Barrels),979,MBBL
2013-10,R50-Z00,PADD 5,EPJK,Kerosene-Type Jet Fuel,IM0,Imports,MKJIMP52,West Coast (PADD 5) Imports of Kerosene-Type Jet Fuel (Thousand Barrels per Day),32,MBBL/D
2013-11,R50-Z00,PADD 5,EPJK,Kerosene-Type Jet Fuel,IM0,Imports,MKJIMP51,West Coast (PADD 5) Imports of Kerosene-Type Jet Fuel (Thousand Barrels),1110,MBBL
2013-11,R50-Z00,PADD 5,EPJK,Kerosene-Type Jet Fuel,IM0,Imports,MKJIMP52,West Coast (PADD 5) Imports of Kerosene-Type Jet Fuel (Thousand Barrels per Day),37,MBBL/D
2013-12,R50-Z00,PADD 5,EPJK,Kerosene-Type Jet Fuel,IM0,Imports,MKJIMP51,West Coast (PADD 5) Imports of Kerosene-Type Jet Fuel (Thousand Barrels),325,MBBL
2013-12,R50-Z00,PADD 5,EPJK,Kerosene-Type Jet Fuel,IM0,Imports,MKJIMP52,West Coast (PADD 5) Imports of Kerosene-Type Jet Fuel (Thousand Barrels per Day),10,MBBL/D
2014-01,R50-Z00,PADD 5,EPJK,Kerosene-Type Jet Fuel,IM0,Imports,MKJIMP51,West Coast (PADD 5) Imports of Kerosene-Type Jet Fuel (Thousand Barrels),324,MBBL
2014-01,R50-Z00,PADD 5,EPJK,Kerosene-Type Jet Fuel,IM0,Imports,MKJIMP52,West Coast (PADD 5) Imports of Kerosene-Type Jet Fuel (Thousand Barrels per Day),10,MBBL/D
2014-02,R50-Z00,PADD 5,EPJK,Kerosene-Type Jet Fuel,IM0,Imports,MKJIMP51,West Coast (PADD 5) Imports of Kerosene-Type Jet Fuel (Thousand Barrels),295,MBBL
2014-02,R50-Z00,PADD 5,EPJK,Kerosene-Type Jet Fuel,IM0,Imports,MKJIMP52,West Coast (PADD 5) Imports of Kerosene-Type Jet Fuel (Thousand Barrels per Day),11,MBBL/D
2014-03,R50-Z00,PADD 5,EPJK,Kerosene-Type Jet Fuel,IM0,Imports,MKJIMP51,West Coast (PADD 5) Imports of Kerosene-Type Jet Fuel (Thousand Barrels),9,MBBL
2014-03,R50-Z00,PADD 5,EPJK,Kerosene-Type Jet Fuel,IM0,Imports,MKJIMP52,West Coast (PADD 5) Imports of Kerosene-Type Jet Fuel (Thousand Barrels per Day),0,MBBL/D
2014-04,R50-Z00,PADD 5,EPJK,Kerosene-Type Jet Fuel,IM0,Imports,MKJIMP51,West Coast (PADD 5) Imports of Kerosene-Type Jet Fuel (Thousand Barrels),875,MBBL
2014-04,R50-Z00,PADD 5,EPJK,Kerosene-Type Jet Fuel,IM0,Imports,MKJIMP52,West Coast (PADD 5) Imports of Kerosene-Type Jet Fuel (Thousand Barrels per Day),29,MBBL/D
2014-05,R50-Z00,PADD 5,EPJK,Kerosene-Type Jet Fuel,IM0,Imports,MKJIMP51,West Coast (PADD 5) Imports of Kerosene-Type Jet Fuel (Thousand Barrels),1330,MBBL
2014-05,R50-Z00,PADD 5,EPJK,Kerosene-Type Jet Fuel,IM0,Imports,MKJIMP52,West Coast (PADD 5) Imports of Kerosene-Type Jet Fuel (Thousand Barrels per Day),43,MBBL/D
2014-06,R50-Z00,PADD 5,EPJK,Kerosene-Type Jet Fuel,IM0,Imports,MKJIMP51,West Coast (PADD 5) Imports of Kerosene-Type Jet Fuel (Thousand Barrels),1511,MBBL
2014-06,R50-Z00,PADD 5,EPJK,Kerosene-Type Jet Fuel,IM0,Imports,MKJIMP52,West Coast (PADD 5) Imports of Kerosene-Type Jet Fuel (Thousand Barrels per Day),50,MBBL/D
2014-07,R50-Z00,PADD 5,EPJK,Kerosene-Type Jet Fuel,IM0,Imports,MKJIMP51,West Coast (PADD 5) Imports of Kerosene-Type Jet Fuel (Thousand Barrels),1603,MBBL
2014-07,R50-Z00,PADD 5,EPJK,Kerosene-Type Jet Fuel,IM0,Imports,MKJIMP52,West Coast (PADD 5) Imports of Kerosene-Type Jet Fuel (Thousand Barrels per Day),52,MBBL/D
2014-08,R50-Z00,PADD 5,EPJK,Kerosene-Type Jet Fuel,IM0,Imports,MKJIMP51,West Coast (PADD 5) Imports of Kerosene-Type Jet Fuel (Thousand Barrels),332,MBBL
2014-08,R50-Z00,PADD 5,EPJK,Kerosene-Type Jet Fuel,IM0,Imports,MKJIMP52,West Coast (PADD 5) Imports of Kerosene-Type Jet Fuel (Thousand Barrels per Day),11,MBBL/D
2014-09,R50-Z00,PADD 5,EPJK,Kerosene-Type Jet Fuel,IM0,Imports,MKJIMP51,West Coast (PADD 5) Imports of Kerosene-Type Jet Fuel (Thousand Barrels),1387,MBBL
2014-09,R50-Z00,PADD 5,EPJK,Kerosene-Type Jet Fuel,IM0,Imports,MKJIMP52,West Coast (PADD 5) Imports of Kerosene-Type Jet Fuel (Thousand Barrels per Day),46,MBBL/D
2014-10,R50-Z00,PADD 5,EPJK,Kerosene-Type Jet Fuel,IM0,Imports,MKJIMP51,West Coast (PADD 5) Imports of Kerosene-Type Jet Fuel (Thousand Barrels),756,MBBL
2014-10,R50-Z00,PADD 5,EPJK,Kerosene-Type Jet Fuel,IM0,Imports,MKJIMP52,West Coast (PADD 5) Imports of Kerosene-Type Jet Fuel (Thousand Barrels per Day),24,MBBL/D
2014-11,R50-Z00,PADD 5,EPJK,Kerosene-Type Jet Fuel,IM0,Imports,MKJIMP51,West Coast (PADD 5) Imports of Kerosene-Type Jet Fuel (Thousand Barrels),315,MBBL
2014-11,R50-Z00,PADD 5,EPJK,Kerosene-Type Jet Fuel,IM0,Imports,MKJIMP52,West Coast (PADD 5) Imports of Kerosene-Type Jet Fuel (Thousand Barrels per Day),11,MBBL/D
2014-12,R50-Z00,PADD 5,EPJK,Kerosene-Type Jet Fuel,IM0,Imports,MKJIMP51,West Coast (PADD 5) Imports of Kerosene-Type Jet Fuel (Thousand Barrels),315,MBBL
2014-12,R50-Z00,PADD 5,EPJK,Kerosene-Type Jet Fuel,IM0,Imports,MKJIMP52,West Coast (PADD 5) Imports of Kerosene-Type Jet Fuel (Thousand Barrels per Day),10,MBBL/D
2015-01,R50-Z00,PADD 5,EPJK,Kerosene-Type Jet Fuel,IM0,Imports,MKJIMP51,West Coast (PADD 5) Imports of Kerosene-Type Jet Fuel (Thousand Barrels),823,MBBL
2015-01,R50-Z00,PADD 5,EPJK,Kerosene-Type Jet Fuel,IM0,Imports,MKJIMP52,West Coast (PADD 5) Imports of Kerosene-Type Jet Fuel (Thousand Barrels per Day),27,MBBL/D
2015-02,R50-Z00,PADD 5,EPJK,Kerosene-Type Jet Fuel,IM0,Imports,MKJIMP51,West Coast (PADD 5) Imports of Kerosene-Type Jet Fuel (Thousand Barrels),848,MBBL
2015-02,R50-Z00,PADD 5,EPJK,Kerosene-Type Jet Fuel,IM0,Imports,MKJIMP52,West Coast (PADD 5) Imports of Kerosene-Type Jet Fuel (Thousand Barrels per Day),30,MBBL/D
2015-03,R50-Z00,PADD 5,EPJK,Kerosene-Type Jet Fuel,IM0,Imports,MKJIMP51,West Coast (PADD 5) Imports of Kerosene-Type Jet Fuel (Thousand Barrels),1820,MBBL
2015-03,R50-Z00,PADD 5,EPJK,Kerosene-Type Jet Fuel,IM0,Imports,MKJIMP52,West Coast (PADD 5) Imports of Kerosene-Type Jet Fuel (Thousand Barrels per Day),59,MBBL/D
2015-04,R50-Z00,PADD 5,EPJK,Kerosene-Type Jet Fuel,IM0,Imports,MKJIMP51,West Coast (PADD 5) Imports of Kerosene-Type Jet Fuel (Thousand Barrels),1344,MBBL
2015-04,R50-Z00,PADD 5,EPJK,Kerosene-Type Jet Fuel,IM0,Imports,MKJIMP52,West Coast (PADD 5) Imports of Kerosene-Type Jet Fuel (Thousand Barrels per Day),45,MBBL/D
2015-05,R50-Z00,PADD 5,EPJK,Kerosene-Type Jet Fuel,IM0,Imports,MKJIMP51,West Coast (PADD 5) Imports of Kerosene-Type Jet Fuel (Thousand Barrels),2368,MBBL
2015-05,R50-Z00,PADD 5,EPJK,Kerosene-Type Jet Fuel,IM0,Imports,MKJIMP52,West Coast (PADD 5) Imports of Kerosene-Type Jet Fuel (Thousand Barrels per Day),76,MBBL/D
2015-06,R50-Z00,PADD 5,EPJK,Kerosene-Type Jet Fuel,IM0,Imports,MKJIMP51,West Coast (PADD 5) Imports of Kerosene-Type Jet Fuel (Thousand Barrels),3777,MBBL
2015-06,R50-Z00,PADD 5,EPJK,Kerosene-Type Jet Fuel,IM0,Imports,MKJIMP52,West Coast (PADD 5) Imports of Kerosene-Type Jet Fuel (Thousand Barrels per Day),126,MBBL/D
2015-07,R50-Z00,PADD 5,EPJK,Kerosene-Type Jet Fuel,IM0,Imports,MKJIMP51,West Coast (PADD 5) Imports of Kerosene-Type Jet Fuel (Thousand Barrels),3014,MBBL
2015-07,R50-Z00,PADD 5,EPJK,Kerosene-Type Jet Fuel,IM0,Imports,MKJIMP52,West Coast (PADD 5) Imports of Kerosene-Type Jet Fuel (Thousand Barrels per Day),97,MBBL/D
2015-08,R50-Z00,PADD 5,EPJK,Kerosene-Type Jet Fuel,IM0,Imports,MKJIMP51,West Coast (PADD 5) Imports of Kerosene-Type Jet Fuel (Thousand Barrels),2787,MBBL
2015-08,R50-Z00,PADD 5,EPJK,Kerosene-Type Jet Fuel,IM0,Imports,MKJIMP52,West Coast (PADD 5) Imports of Kerosene-Type Jet Fuel (Thousand Barrels per Day),90,MBBL/D
2015-09,R50-Z00,PADD 5,EPJK,Kerosene-Type Jet Fuel,IM0,Imports,MKJIMP51,West Coast (PADD 5) Imports of Kerosene-Type Jet Fuel (Thousand Barrels),743,MBBL
2015-09,R50-Z00,PADD 5,EPJK,Kerosene-Type Jet Fuel,IM0,Imports,MKJIMP52,West Coast (PADD 5) Imports of Kerosene-Type Jet Fuel (Thousand Barrels per Day),25,MBBL/D
2015-10,R50-Z00,PADD 5,EPJK,Kerosene-Type Jet Fuel,IM0,Imports,MKJIMP51,West Coast (PADD 5) Imports of Kerosene-Type Jet Fuel (Thousand Barrels),1326,MBBL
2015-10,R50-Z00,PADD 5,EPJK,Kerosene-Type Jet Fuel,IM0,Imports,MKJIMP52,West Coast (PADD 5) Imports of Kerosene-Type Jet Fuel (Thousand Barrels per Day),43,MBBL/D
2015-11,R50-Z00,PADD 5,EPJK,Kerosene-Type Jet Fuel,IM0,Imports,MKJIMP51,West Coast (PADD 5) Imports of Kerosene-Type Jet Fuel (Thousand Barrels),1730,MBBL
2015-11,R50-Z00,PADD 5,EPJK,Kerosene-Type Jet Fuel,IM0,Imports,MKJIMP52,West Coast (PADD 5) Imports of Kerosene-Type Jet Fuel (Thousand Barrels per Day),58,MBBL/D
2015-12,R50-Z00,PADD 5,EPJK,Kerosene-Type Jet Fuel,IM0,Imports,MKJIMP51,West Coast (PADD 5) Imports of Kerosene-Type Jet Fuel (Thousand Barrels),1961,MBBL
2015-12,R50-Z00,PADD 5,EPJK,Kerosene-Type Jet Fuel,IM0,Imports,MKJIMP52,West Coast (PADD 5) Imports of Kerosene-Type Jet Fuel (Thousand Barrels per Day),63,MBBL/D
2016-01,R50-Z00,PADD 5,EPJK,Kerosene-Type Jet Fuel,IM0,Imports,MKJIMP51,West Coast (PADD 5) Imports of Kerosene-Type Jet Fuel (Thousand Barrels),2389,MBBL
2016-01,R50-Z00,PADD 5,EPJK,Kerosene-Type Jet Fuel,IM0,Imports,MKJIMP52,West Coast (PADD 5) Imports of Kerosene-Type Jet Fuel (Thousand Barrels per Day),77,MBBL/D
2016-02,R50-Z00,PADD 5,EPJK,Kerosene-Type Jet Fuel,IM0,Imports,MKJIMP51,West Coast (PADD 5) Imports of Kerosene-Type Jet Fuel (Thousand Barrels),846,MBBL
2016-02,R50-Z00,PADD 5,EPJK,Kerosene-Type Jet Fuel,IM0,Imports,MKJIMP52,West Coast (PADD 5) Imports of Kerosene-Type Jet Fuel (Thousand Barrels per Day),29,MBBL/D
2016-03,R50-Z00,PADD 5,EPJK,Kerosene-Type Jet Fuel,IM0,Imports,MKJIMP51,West Coast (PADD 5) Imports of Kerosene-Type Jet Fuel (Thousand Barrels),2473,MBBL
2016-03,R50-Z00,PADD 5,EPJK,Kerosene-Type Jet Fuel,IM0,Imports,MKJIMP52,West Coast (PADD 5) Imports of Kerosene-Type Jet Fuel (Thousand Barrels per Day),80,MBBL/D
2016-04,R50-Z00,PADD 5,EPJK,Kerosene-Type Jet Fuel,IM0,Imports,MKJIMP51,West Coast (PADD 5) Imports of Kerosene-Type Jet Fuel (Thousand Barrels),2015,MBBL
2016-04,R50-Z00,PADD 5,EPJK,Kerosene-Type Jet Fuel,IM0,Imports,MKJIMP52,West Coast (PADD 5) Imports of Kerosene-Type Jet Fuel (Thousand Barrels per Day),67,MBBL/D
2016-05,R50-Z00,PADD 5,EPJK,Kerosene-Type Jet Fuel,IM0,Imports,MKJIMP51,West Coast (PADD 5) Imports of Kerosene-Type Jet Fuel (Thousand Barrels),3951,MBBL
2016-05,R50-Z00,PADD 5,EPJK,Kerosene-Type Jet Fuel,IM0,Imports,MKJIMP52,West Coast (PADD 5) Imports of Kerosene-Type Jet Fuel (Thousand Barrels per Day),127,MBBL/D
2016-06,R50-Z00,PADD 5,EPJK,Kerosene-Type Jet Fuel,IM0,Imports,MKJIMP51,West Coast (PADD 5) Imports of Kerosene-Type Jet Fuel (Thousand Barrels),2473,MBBL
2016-06,R50-Z00,PADD 5,EPJK,Kerosene-Type Jet Fuel,IM0,Imports,MKJIMP52,West Coast (PADD 5) Imports of Kerosene-Type Jet Fuel (Thousand Barrels per Day),82,MBBL/D
2016-07,R50-Z00,PADD 5,EPJK,Kerosene-Type Jet Fuel,IM0,Imports,MKJIMP51,West Coast (PADD 5) Imports of Kerosene-Type Jet Fuel (Thousand Barrels),3785,MBBL
2016-07,R50-Z00,PADD 5,EPJK,Kerosene-Type Jet Fuel,IM0,Imports,MKJIMP52,West Coast (PADD 5) Imports of Kerosene-Type Jet Fuel (Thousand Barrels per Day),122,MBBL/D
2016-08,R50-Z00,PADD 5,EPJK,Kerosene-Type Jet Fuel,IM0,Imports,MKJIMP51,West Coast (PADD 5) Imports of Kerosene-Type Jet Fuel (Thousand Barrels),3281,MBBL
2016-08,R50-Z00,PADD 5,EPJK,Kerosene-Type Jet Fuel,IM0,Imports,MKJIMP52,West Coast (PADD 5) Imports of Kerosene-Type Jet Fuel (Thousand Barrels per Day),106,MBBL/D
2016-09,R50-Z00,PADD 5,EPJK,Kerosene-Type Jet Fuel,IM0,Imports,MKJIMP51,West Coast (PADD 5) Imports of Kerosene-Type Jet Fuel (Thousand Barrels),2170,MBBL
2016-09,R50-Z00,PADD 5,EPJK,Kerosene-Type Jet Fuel,IM0,Imports,MKJIMP52,West Coast (PADD 5) Imports of Kerosene-Type Jet Fuel (Thousand Barrels per Day),72,MBBL/D
2016-10,R50-Z00,PADD 5,EPJK,Kerosene-Type Jet Fuel,IM0,Imports,MKJIMP51,West Coast (PADD 5) Imports of Kerosene-Type Jet Fuel (Thousand Barrels),3608,MBBL
2016-10,R50-Z00,PADD 5,EPJK,Kerosene-Type Jet Fuel,IM0,Imports,MKJIMP52,West Coast (PADD 5) Imports of Kerosene-Type Jet Fuel (Thousand Barrels per Day),116,MBBL/D
2016-11,R50-Z00,PADD 5,EPJK,Kerosene-Type Jet Fuel,IM0,Imports,MKJIMP51,West Coast (PADD 5) Imports of Kerosene-Type Jet Fuel (Thousand Barrels),3583,MBBL
2016-11,R50-Z00,PADD 5,EPJK,Kerosene-Type Jet Fuel,IM0,Imports,MKJIMP52,West Coast (PADD 5) Imports of Kerosene-Type Jet Fuel (Thousand Barrels per Day),119,MBBL/D
2016-12,R50-Z00,PADD 5,EPJK,Kerosene-Type Jet Fuel,IM0,Imports,MKJIMP51,West Coast (PADD 5) Imports of Kerosene-Type Jet Fuel (Thousand Barrels),2494,MBBL
2016-12,R50-Z00,PADD 5,EPJK,Kerosene-Type Jet Fuel,IM0,Imports,MKJIMP52,West Coast (PADD 5) Imports of Kerosene-Type Jet Fuel (Thousand Barrels per Day),80,MBBL/D
2017-01,R50-Z00,PADD 5,EPJK,Kerosene-Type Jet Fuel,IM0,Imports,MKJIMP51,West Coast (PADD 5) Imports of Kerosene-Type Jet Fuel (Thousand Barrels),2749,MBBL
2017-01,R50-Z00,PADD 5,EPJK,Kerosene-Type Jet Fuel,IM0,Imports,MKJIMP52,West Coast (PADD 5) Imports of Kerosene-Type Jet Fuel (Thousand Barrels per Day),89,MBBL/D
2017-02,R50-Z00,PADD 5,EPJK,Kerosene-Type Jet Fuel,IM0,Imports,MKJIMP51,West Coast (PADD 5) Imports of Kerosene-Type Jet Fuel (Thousand Barrels),2533,MBBL
2017-02,R50-Z00,PADD 5,EPJK,Kerosene-Type Jet Fuel,IM0,Imports,MKJIMP52,West Coast (PADD 5) Imports of Kerosene-Type Jet Fuel (Thousand Barrels per Day),90,MBBL/D
2017-03,R50-Z00,PADD 5,EPJK,Kerosene-Type Jet Fuel,IM0,Imports,MKJIMP51,West Coast (PADD 5) Imports of Kerosene-Type Jet Fuel (Thousand Barrels),2627,MBBL
2017-03,R50-Z00,PADD 5,EPJK,Kerosene-Type Jet Fuel,IM0,Imports,MKJIMP52,West Coast (PADD 5) Imports of Kerosene-Type Jet Fuel (Thousand Barrels per Day),85,MBBL/D
2017-04,R50-Z00,PADD 5,EPJK,Kerosene-Type Jet Fuel,IM0,Imports,MKJIMP51,West Coast (PADD 5) Imports of Kerosene-Type Jet Fuel (Thousand Barrels),3223,MBBL
2017-04,R50-Z00,PADD 5,EPJK,Kerosene-Type Jet Fuel,IM0,Imports,MKJIMP52,West Coast (PADD 5) Imports of Kerosene-Type Jet Fuel (Thousand Barrels per Day),107,MBBL/D
2017-05,R50-Z00,PADD 5,EPJK,Kerosene-Type Jet Fuel,IM0,Imports,MKJIMP51,West Coast (PADD 5) Imports of Kerosene-Type Jet Fuel (Thousand Barrels),2891,MBBL
2017-05,R50-Z00,PADD 5,EPJK,Kerosene-Type Jet Fuel,IM0,Imports,MKJIMP52,West Coast (PADD 5) Imports of Kerosene-Type Jet Fuel (Thousand Barrels per Day),93,MBBL/D
2017-06,R50-Z00,PADD 5,EPJK,Kerosene-Type Jet Fuel,IM0,Imports,MKJIMP51,West Coast (PADD 5) Imports of Kerosene-Type Jet Fuel (Thousand Barrels),1913,MBBL
2017-06,R50-Z00,PADD 5,EPJK,Kerosene-Type Jet Fuel,IM0,Imports,MKJIMP52,West Coast (PADD 5) Imports of Kerosene-Type Jet Fuel (Thousand Barrels per Day),64,MBBL/D
2017-07,R50-Z00,PADD 5,EPJK,Kerosene-Type Jet Fuel,IM0,Imports,MKJIMP51,West Coast (PADD 5) Imports of Kerosene-Type Jet Fuel (Thousand Barrels),3425,MBBL
2017-07,R50-Z00,PADD 5,EPJK,Kerosene-Type Jet Fuel,IM0,Imports,MKJIMP52,West Coast (PADD 5) Imports of Kerosene-Type Jet Fuel (Thousand Barrels per Day),110,MBBL/D
2017-08,R50-Z00,PADD 5,EPJK,Kerosene-Type Jet Fuel,IM0,Imports,MKJIMP51,West Coast (PADD 5) Imports of Kerosene-Type Jet Fuel (Thousand Barrels),3594,MBBL
2017-08,R50-Z00,PADD 5,EPJK,Kerosene-Type Jet Fuel,IM0,Imports,MKJIMP52,West Coast (PADD 5) Imports of Kerosene-Type Jet Fuel (Thousand Barrels per Day),116,MBBL/D
2017-09,R50-Z00,PADD 5,EPJK,Kerosene-Type Jet Fuel,IM0,Imports,MKJIMP51,West Coast (PADD 5) Imports of Kerosene-Type Jet Fuel (Thousand Barrels),2609,MBBL
2017-09,R50-Z00,PADD 5,EPJK,Kerosene-Type Jet Fuel,IM0,Imports,MKJIMP52,West Coast (PADD 5) Imports of Kerosene-Type Jet Fuel (Thousand Barrels per Day),87,MBBL/D
2017-10,R50-Z00,PADD 5,EPJK,Kerosene-Type Jet Fuel,IM0,Imports,MKJIMP51,West Coast (PADD 5) Imports of Kerosene-Type Jet Fuel (Thousand Barrels),3476,MBBL
2017-10,R50-Z00,PADD 5,EPJK,Kerosene-Type Jet Fuel,IM0,Imports,MKJIMP52,West Coast (PADD 5) Imports of Kerosene-Type Jet Fuel (Thousand Barrels per Day),112,MBBL/D
2017-11,R50-Z00,PADD 5,EPJK,Kerosene-Type Jet Fuel,IM0,Imports,MKJIMP51,West Coast (PADD 5) Imports of Kerosene-Type Jet Fuel (Thousand Barrels),2992,MBBL
2017-11,R50-Z00,PADD 5,EPJK,Kerosene-Type Jet Fuel,IM0,Imports,MKJIMP52,West Coast (PADD 5) Imports of Kerosene-Type Jet Fuel (Thousand Barrels per Day),100,MBBL/D
2017-12,R50-Z00,PADD 5,EPJK,Kerosene-Type Jet Fuel,IM0,Imports,MKJIMP51,West Coast (PADD 5) Imports of Kerosene-Type Jet Fuel (Thousand Barrels),2305,MBBL
2017-12,R50-Z00,PADD 5,EPJK,Kerosene-Type Jet Fuel,IM0,Imports,MKJIMP52,West Coast (PADD 5) Imports of Kerosene-Type Jet Fuel (Thousand Barrels per Day),74,MBBL/D
2018-01,R50-Z00,PADD 5,EPJK,Kerosene-Type Jet Fuel,IM0,Imports,MKJIMP51,West Coast (PADD 5) Imports of Kerosene-Type Jet Fuel (Thousand Barrels),1609,MBBL
2018-01,R50-Z00,PADD 5,EPJK,Kerosene-Type Jet Fuel,IM0,Imports,MKJIMP52,West Coast (PADD 5) Imports of Kerosene-Type Jet Fuel (Thousand Barrels per Day),52,MBBL/D
2018-02,R50-Z00,PADD 5,EPJK,Kerosene-Type Jet Fuel,IM0,Imports,MKJIMP51,West Coast (PADD 5) Imports of Kerosene-Type Jet Fuel (Thousand Barrels),1322,MBBL
2018-02,R50-Z00,PADD 5,EPJK,Kerosene-Type Jet Fuel,IM0,Imports,MKJIMP52,West Coast (PADD 5) Imports of Kerosene-Type Jet Fuel (Thousand Barrels per Day),47,MBBL/D
2018-03,R50-Z00,PADD 5,EPJK,Kerosene-Type Jet Fuel,IM0,Imports,MKJIMP51,West Coast (PADD 5) Imports of Kerosene-Type Jet Fuel (Thousand Barrels),1507,MBBL
2018-03,R50-Z00,PADD 5,EPJK,Kerosene-Type Jet Fuel,IM0,Imports,MKJIMP52,West Coast (PADD 5) Imports of Kerosene-Type Jet Fuel (Thousand Barrels per Day),49,MBBL/D
2018-04,R50-Z00,PADD 5,EPJK,Kerosene-Type Jet Fuel,IM0,Imports,MKJIMP51,West Coast (PADD 5) Imports of Kerosene-Type Jet Fuel (Thousand Barrels),1440,MBBL
2018-04,R50-Z00,PADD 5,EPJK,Kerosene-Type Jet Fuel,IM0,Imports,MKJIMP52,West Coast (PADD 5) Imports of Kerosene-Type Jet Fuel (Thousand Barrels per Day),48,MBBL/D
2018-05,R50-Z00,PADD 5,EPJK,Kerosene-Type Jet Fuel,IM0,Imports,MKJIMP51,West Coast (PADD 5) Imports of Kerosene-Type Jet Fuel (Thousand Barrels),2440,MBBL
2018-05,R50-Z00,PADD 5,EPJK,Kerosene-Type Jet Fuel,IM0,Imports,MKJIMP52,West Coast (PADD 5) Imports of Kerosene-Type Jet Fuel (Thousand Barrels per Day),79,MBBL/D
2018-06,R50-Z00,PADD 5,EPJK,Kerosene-Type Jet Fuel,IM0,Imports,MKJIMP51,West Coast (PADD 5) Imports of Kerosene-Type Jet Fuel (Thousand Barrels),3134,MBBL
2018-06,R50-Z00,PADD 5,EPJK,Kerosene-Type Jet Fuel,IM0,Imports,MKJIMP52,West Coast (PADD 5) Imports of Kerosene-Type Jet Fuel (Thousand Barrels per Day),104,MBBL/D
2018-07,R50-Z00,PADD 5,EPJK,Kerosene-Type Jet Fuel,IM0,Imports,MKJIMP51,West Coast (PADD 5) Imports of Kerosene-Type Jet Fuel (Thousand Barrels),3286,MBBL
2018-07,R50-Z00,PADD 5,EPJK,Kerosene-Type Jet Fuel,IM0,Imports,MKJIMP52,West Coast (PADD 5) Imports of Kerosene-Type Jet Fuel (Thousand Barrels per Day),106,MBBL/D
2018-08,R50-Z00,PADD 5,EPJK,Kerosene-Type Jet Fuel,IM0,Imports,MKJIMP51,West Coast (PADD 5) Imports of Kerosene-Type Jet Fuel (Thousand Barrels),3358,MBBL
2018-08,R50-Z00,PADD 5,EPJK,Kerosene-Type Jet Fuel,IM0,Imports,MKJIMP52,West Coast (PADD 5) Imports of Kerosene-Type Jet Fuel (Thousand Barrels per Day),108,MBBL/D
2018-09,R50-Z00,PADD 5,EPJK,Kerosene-Type Jet Fuel,IM0,Imports,MKJIMP51,West Coast (PADD 5) Imports of Kerosene-Type Jet Fuel (Thousand Barrels),3261,MBBL
2018-09,R50-Z00,PADD 5,EPJK,Kerosene-Type Jet Fuel,IM0,Imports,MKJIMP52,West Coast (PADD 5) Imports of Kerosene-Type Jet Fuel (Thousand Barrels per Day),109,MBBL/D
2018-10,R50-Z00,PADD 5,EPJK,Kerosene-Type Jet Fuel,IM0,Imports,MKJIMP51,West Coast (PADD 5) Imports of Kerosene-Type Jet Fuel (Thousand Barrels),2530,MBBL
2018-10,R50-Z00,PADD 5,EPJK,Kerosene-Type Jet Fuel,IM0,Imports,MKJIMP52,West Coast (PADD 5) Imports of Kerosene-Type Jet Fuel (Thousand Barrels per Day),82,MBBL/D
2018-11,R50-Z00,PADD 5,EPJK,Kerosene-Type Jet Fuel,IM0,Imports,MKJIMP51,West Coast (PADD 5) Imports of Kerosene-Type Jet Fuel (Thousand Barrels),2095,MBBL
2018-11,R50-Z00,PADD 5,EPJK,Kerosene-Type Jet Fuel,IM0,Imports,MKJIMP52,West Coast (PADD 5) Imports of Kerosene-Type Jet Fuel (Thousand Barrels per Day),70,MBBL/D
2018-12,R50-Z00,PADD 5,EPJK,Kerosene-Type Jet Fuel,IM0,Imports,MKJIMP51,West Coast (PADD 5) Imports of Kerosene-Type Jet Fuel (Thousand Barrels),2302,MBBL
2018-12,R50-Z00,PADD 5,EPJK,Kerosene-Type Jet Fuel,IM0,Imports,MKJIMP52,West Coast (PADD 5) Imports of Kerosene-Type Jet Fuel (Thousand Barrels per Day),74,MBBL/D
2019-01,R50-Z00,PADD 5,EPJK,Kerosene-Type Jet Fuel,IM0,Imports,MKJIMP51,West Coast (PADD 5) Imports of Kerosene-Type Jet Fuel (Thousand Barrels),1732,MBBL
2019-01,R50-Z00,PADD 5,EPJK,Kerosene-Type Jet Fuel,IM0,Imports,MKJIMP52,West Coast (PADD 5) Imports of Kerosene-Type Jet Fuel (Thousand Barrels per Day),56,MBBL/D
2019-02,R50-Z00,PADD 5,EPJK,Kerosene-Type Jet Fuel,IM0,Imports,MKJIMP51,West Coast (PADD 5) Imports of Kerosene-Type Jet Fuel (Thousand Barrels),2279,MBBL
2019-02,R50-Z00,PADD 5,EPJK,Kerosene-Type Jet Fuel,IM0,Imports,MKJIMP52,West Coast (PADD 5) Imports of Kerosene-Type Jet Fuel (Thousand Barrels per Day),81,MBBL/D
2019-03,R50-Z00,PADD 5,EPJK,Kerosene-Type Jet Fuel,IM0,Imports,MKJIMP51,West Coast (PADD 5) Imports of Kerosene-Type Jet Fuel (Thousand Barrels),2565,MBBL
2019-03,R50-Z00,PADD 5,EPJK,Kerosene-Type Jet Fuel,IM0,Imports,MKJIMP52,West Coast (PADD 5) Imports of Kerosene-Type Jet Fuel (Thousand Barrels per Day),83,MBBL/D
2019-04,R50-Z00,PADD 5,EPJK,Kerosene-Type Jet Fuel,IM0,Imports,MKJIMP51,West Coast (PADD 5) Imports of Kerosene-Type Jet Fuel (Thousand Barrels),4128,MBBL
2019-04,R50-Z00,PADD 5,EPJK,Kerosene-Type Jet Fuel,IM0,Imports,MKJIMP52,West Coast (PADD 5) Imports of Kerosene-Type Jet Fuel (Thousand Barrels per Day),138,MBBL/D
2019-05,R50-Z00,PADD 5,EPJK,Kerosene-Type Jet Fuel,IM0,Imports,MKJIMP51,West Coast (PADD 5) Imports of Kerosene-Type Jet Fuel (Thousand Barrels),4289,MBBL
2019-05,R50-Z00,PADD 5,EPJK,Kerosene-Type Jet Fuel,IM0,Imports,MKJIMP52,West Coast (PADD 5) Imports of Kerosene-Type Jet Fuel (Thousand Barrels per Day),138,MBBL/D
2019-06,R50-Z00,PADD 5,EPJK,Kerosene-Type Jet Fuel,IM0,Imports,MKJIMP51,West Coast (PADD 5) Imports of Kerosene-Type Jet Fuel (Thousand Barrels),3172,MBBL
2019-06,R50-Z00,PADD 5,EPJK,Kerosene-Type Jet Fuel,IM0,Imports,MKJIMP52,West Coast (PADD 5) Imports of Kerosene-Type Jet Fuel (Thousand Barrels per Day),106,MBBL/D
2019-07,R50-Z00,PADD 5,EPJK,Kerosene-Type Jet Fuel,IM0,Imports,MKJIMP51,West Coast (PADD 5) Imports of Kerosene-Type Jet Fuel (Thousand Barrels),4718,MBBL
2019-07,R50-Z00,PADD 5,EPJK,Kerosene-Type Jet Fuel,IM0,Imports,MKJIMP52,West Coast (PADD 5) Imports of Kerosene-Type Jet Fuel (Thousand Barrels per Day),152,MBBL/D
2019-08,R50-Z00,PADD 5,EPJK,Kerosene-Type Jet Fuel,IM0,Imports,MKJIMP51,West Coast (PADD 5) Imports of Kerosene-Type Jet Fuel (Thousand Barrels),3310,MBBL
2019-08,R50-Z00,PADD 5,EPJK,Kerosene-Type Jet Fuel,IM0,Imports,MKJIMP52,West Coast (PADD 5) Imports of Kerosene-Type Jet Fuel (Thousand Barrels per Day),107,MBBL/D
2019-09,R50-Z00,PADD 5,EPJK,Kerosene-Type Jet Fuel,IM0,Imports,MKJIMP51,West Coast (PADD 5) Imports of Kerosene-Type Jet Fuel (Thousand Barrels),4244,MBBL
2019-09,R50-Z00,PADD 5,EPJK,Kerosene-Type Jet Fuel,IM0,Imports,MKJIMP52,West Coast (PADD 5) Imports of Kerosene-Type Jet Fuel (Thousand Barrels per Day),141,MBBL/D
2019-10,R50-Z00,PADD 5,EPJK,Kerosene-Type Jet Fuel,IM0,Imports,MKJIMP51,West Coast (PADD 5) Imports of Kerosene-Type Jet Fuel (Thousand Barrels),3438,MBBL
2019-10,R50-Z00,PADD 5,EPJK,Kerosene-Type Jet Fuel,IM0,Imports,MKJIMP52,West Coast (PADD 5) Imports of Kerosene-Type Jet Fuel (Thousand Barrels per Day),111,MBBL/D
2019-11,R50-Z00,PADD 5,EPJK,Kerosene-Type Jet Fuel,IM0,Imports,MKJIMP51,West Coast (PADD 5) Imports of Kerosene-Type Jet Fuel (Thousand Barrels),2725,MBBL
2019-11,R50-Z00,PADD 5,EPJK,Kerosene-Type Jet Fuel,IM0,Imports,MKJIMP52,West Coast (PADD 5) Imports of Kerosene-Type Jet Fuel (Thousand Barrels per Day),91,MBBL/D
2019-12,R50-Z00,PADD 5,EPJK,Kerosene-Type Jet Fuel,IM0,Imports,MKJIMP51,West Coast (PADD 5) Imports of Kerosene-Type Jet Fuel (Thousand Barrels),3764,MBBL
2019-12,R50-Z00,PADD 5,EPJK,Kerosene-Type Jet Fuel,IM0,Imports,MKJIMP52,West Coast (PADD 5) Imports of Kerosene-Type Jet Fuel (Thousand Barrels per Day),121,MBBL/D
2020-01,R50-Z00,PADD 5,EPJK,Kerosene-Type Jet Fuel,IM0,Imports,MKJIMP51,West Coast (PADD 5) Imports of Kerosene-Type Jet Fuel (Thousand Barrels),3621,MBBL
2020-01,R50-Z00,PADD 5,EPJK,Kerosene-Type Jet Fuel,IM0,Imports,MKJIMP52,West Coast (PADD 5) Imports of Kerosene-Type Jet Fuel (Thousand Barrels per Day),117,MBBL/D
2020-02,R50-Z00,PADD 5,EPJK,Kerosene-Type Jet Fuel,IM0,Imports,MKJIMP51,West Coast (PADD 5) Imports of Kerosene-Type Jet Fuel (Thousand Barrels),3454,MBBL
2020-02,R50-Z00,PADD 5,EPJK,Kerosene-Type Jet Fuel,IM0,Imports,MKJIMP52,West Coast (PADD 5) Imports of Kerosene-Type Jet Fuel (Thousand Barrels per Day),119,MBBL/D
2020-03,R50-Z00,PADD 5,EPJK,Kerosene-Type Jet Fuel,IM0,Imports,MKJIMP51,West Coast (PADD 5) Imports of Kerosene-Type Jet Fuel (Thousand Barrels),3796,MBBL
2020-03,R50-Z00,PADD 5,EPJK,Kerosene-Type Jet Fuel,IM0,Imports,MKJIMP52,West Coast (PADD 5) Imports of Kerosene-Type Jet Fuel (Thousand Barrels per Day),122,MBBL/D
2020-04,R50-Z00,PADD 5,EPJK,Kerosene-Type Jet Fuel,IM0,Imports,MKJIMP51,West Coast (PADD 5) Imports of Kerosene-Type Jet Fuel (Thousand Barrels),2568,MBBL
2020-04,R50-Z00,PADD 5,EPJK,Kerosene-Type Jet Fuel,IM0,Imports,MKJIMP52,West Coast (PADD 5) Imports of Kerosene-Type Jet Fuel (Thousand Barrels per Day),86,MBBL/D
2020-05,R50-Z00,PADD 5,EPJK,Kerosene-Type Jet Fuel,IM0,Imports,MKJIMP51,West Coast (PADD 5) Imports of Kerosene-Type Jet Fuel (Thousand Barrels),1674,MBBL
2020-05,R50-Z00,PADD 5,EPJK,Kerosene-Type Jet Fuel,IM0,Imports,MKJIMP52,West Coast (PADD 5) Imports of Kerosene-Type Jet Fuel (Thousand Barrels per Day),54,MBBL/D
2020-06,R50-Z00,PADD 5,EPJK,Kerosene-Type Jet Fuel,IM0,Imports,MKJIMP51,West Coast (PADD 5) Imports of Kerosene-Type Jet Fuel (Thousand Barrels),2161,MBBL
2020-06,R50-Z00,PADD 5,EPJK,Kerosene-Type Jet Fuel,IM0,Imports,MKJIMP52,West Coast (PADD 5) Imports of Kerosene-Type Jet Fuel (Thousand Barrels per Day),72,MBBL/D
2020-07,R50-Z00,PADD 5,EPJK,Kerosene-Type Jet Fuel,IM0,Imports,MKJIMP51,West Coast (PADD 5) Imports of Kerosene-Type Jet Fuel (Thousand Barrels),3561,MBBL
2020-07,R50-Z00,PADD 5,EPJK,Kerosene-Type Jet Fuel,IM0,Imports,MKJIMP52,West Coast (PADD 5) Imports of Kerosene-Type Jet Fuel (Thousand Barrels per Day),115,MBBL/D
2020-08,R50-Z00,PADD 5,EPJK,Kerosene-Type Jet Fuel,IM0,Imports,MKJIMP51,West Coast (PADD 5) Imports of Kerosene-Type Jet Fuel (Thousand Barrels),3358,MBBL
2020-08,R50-Z00,PADD 5,EPJK,Kerosene-Type Jet Fuel,IM0,Imports,MKJIMP52,West Coast (PADD 5) Imports of Kerosene-Type Jet Fuel (Thousand Barrels per Day),108,MBBL/D
2020-09,R50-Z00,PADD 5,EPJK,Kerosene-Type Jet Fuel,IM0,Imports,MKJIMP51,West Coast (PADD 5) Imports of Kerosene-Type Jet Fuel (Thousand Barrels),2399,MBBL
2020-09,R50-Z00,PADD 5,EPJK,Kerosene-Type Jet Fuel,IM0,Imports,MKJIMP52,West Coast (PADD 5) Imports of Kerosene-Type Jet Fuel (Thousand Barrels per Day),80,MBBL/D
2020-10,R50-Z00,PADD 5,EPJK,Kerosene-Type Jet Fuel,IM0,Imports,MKJIMP51,West Coast (PADD 5) Imports of Kerosene-Type Jet Fuel (Thousand Barrels),2598,MBBL
2020-10,R50-Z00,PADD 5,EPJK,Kerosene-Type Jet Fuel,IM0,Imports,MKJIMP52,West Coast (PADD 5) Imports of Kerosene-Type Jet Fuel (Thousand Barrels per Day),84,MBBL/D
2020-11,R50-Z00,PADD 5,EPJK,Kerosene-Type Jet Fuel,IM0,Imports,MKJIMP51,West Coast (PADD 5) Imports of Kerosene-Type Jet Fuel (Thousand Barrels),2813,MBBL
2020-11,R50-Z00,PADD 5,EPJK,Kerosene-Type Jet Fuel,IM0,Imports,MKJIMP52,West Coast (PADD 5) Imports of Kerosene-Type Jet Fuel (Thousand Barrels per Day),94,MBBL/D
2020-12,R50-Z00,PADD 5,EPJK,Kerosene-Type Jet Fuel,IM0,Imports,MKJIMP51,West Coast (PADD 5) Imports of Kerosene-Type Jet Fuel (Thousand Barrels),2867,MBBL
2020-12,R50-Z00,PADD 5,EPJK,Kerosene-Type Jet Fuel,IM0,Imports,MKJIMP52,West Coast (PADD 5) Imports of Kerosene-Type Jet Fuel (Thousand Barrels per Day),92,MBBL/D
2021-01,R50-Z00,PADD 5,EPJK,Kerosene-Type Jet Fuel,IM0,Imports,MKJIMP51,West Coast (PADD 5) Imports of Kerosene-Type Jet Fuel (Thousand Barrels),2721,MBBL
2021-01,R50-Z00,PADD 5,EPJK,Kerosene-Type Jet Fuel,IM0,Imports,MKJIMP52,West Coast (PADD 5) Imports of Kerosene-Type Jet Fuel (Thousand Barrels per Day),88,MBBL/D
2021-02,R50-Z00,PADD 5,EPJK,Kerosene-Type Jet Fuel,IM0,Imports,MKJIMP51,West Coast (PADD 5) Imports of Kerosene-Type Jet Fuel (Thousand Barrels),2537,MBBL
2021-02,R50-Z00,PADD 5,EPJK,Kerosene-Type Jet Fuel,IM0,Imports,MKJIMP52,West Coast (PADD 5) Imports of Kerosene-Type Jet Fuel (Thousand Barrels per Day),91,MBBL/D
2021-03,R50-Z00,PADD 5,EPJK,Kerosene-Type Jet Fuel,IM0,Imports,MKJIMP51,West Coast (PADD 5) Imports of Kerosene-Type Jet Fuel (Thousand Barrels),1856,MBBL
2021-03,R50-Z00,PADD 5,EPJK,Kerosene-Type Jet Fuel,IM0,Imports,MKJIMP52,West Coast (PADD 5) Imports of Kerosene-Type Jet Fuel (Thousand Barrels per Day),60,MBBL/D
2021-04,R50-Z00,PADD 5,EPJK,Kerosene-Type Jet Fuel,IM0,Imports,MKJIMP51,West Coast (PADD 5) Imports of Kerosene-Type Jet Fuel (Thousand Barrels),2725,MBBL
2021-04,R50-Z00,PADD 5,EPJK,Kerosene-Type Jet Fuel,IM0,Imports,MKJIMP52,West Coast (PADD 5) Imports of Kerosene-Type Jet Fuel (Thousand Barrels per Day),91,MBBL/D
2021-05,R50-Z00,PADD 5,EPJK,Kerosene-Type Jet Fuel,IM0,Imports,MKJIMP51,West Coast (PADD 5) Imports of Kerosene-Type Jet Fuel (Thousand Barrels),3343,MBBL
2021-05,R50-Z00,PADD 5,EPJK,Kerosene-Type Jet Fuel,IM0,Imports,MKJIMP52,West Coast (PADD 5) Imports of Kerosene-Type Jet Fuel (Thousand Barrels per Day),108,MBBL/D
2021-06,R50-Z00,PADD 5,EPJK,Kerosene-Type Jet Fuel,IM0,Imports,MKJIMP51,West Coast (PADD 5) Imports of Kerosene-Type Jet Fuel (Thousand Barrels),2456,MBBL
2021-06,R50-Z00,PADD 5,EPJK,Kerosene-Type Jet Fuel,IM0,Imports,MKJIMP52,West Coast (PADD 5) Imports of Kerosene-Type Jet Fuel (Thousand Barrels per Day),82,MBBL/D
2021-07,R50-Z00,PADD 5,EPJK,Kerosene-Type Jet Fuel,IM0,Imports,MKJIMP51,West Coast (PADD 5) Imports of Kerosene-Type Jet Fuel (Thousand Barrels),2484,MBBL
2021-07,R50-Z00,PADD 5,EPJK,Kerosene-Type Jet Fuel,IM0,Imports,MKJIMP52,West Coast (PADD 5) Imports of Kerosene-Type Jet Fuel (Thousand Barrels per Day),80,MBBL/D
2021-08,R50-Z00,PADD 5,EPJK,Kerosene-Type Jet Fuel,IM0,Imports,MKJIMP51,West Coast (PADD 5) Imports of Kerosene-Type Jet Fuel (Thousand Barrels),4854,MBBL
2021-08,R50-Z00,PADD 5,EPJK,Kerosene-Type Jet Fuel,IM0,Imports,MKJIMP52,West Coast (PADD 5) Imports of Kerosene-Type Jet Fuel (Thousand Barrels per Day),157,MBBL/D
2021-09,R50-Z00,PADD 5,EPJK,Kerosene-Type Jet Fuel,IM0,Imports,MKJIMP51,West Coast (PADD 5) Imports of Kerosene-Type Jet Fuel (Thousand Barrels),4473,MBBL
2021-09,R50-Z00,PADD 5,EPJK,Kerosene-Type Jet Fuel,IM0,Imports,MKJIMP52,West Coast (PADD 5) Imports of Kerosene-Type Jet Fuel (Thousand Barrels per Day),149,MBBL/D
2021-10,R50-Z00,PADD 5,EPJK,Kerosene-Type Jet Fuel,IM0,Imports,MKJIMP51,West Coast (PADD 5) Imports of Kerosene-Type Jet Fuel (Thousand Barrels),2812,MBBL
2021-10,R50-Z00,PADD 5,EPJK,Kerosene-Type Jet Fuel,IM0,Imports,MKJIMP52,West Coast (PADD 5) Imports of Kerosene-Type Jet Fuel (Thousand Barrels per Day),91,MBBL/D
2021-11,R50-Z00,PADD 5,EPJK,Kerosene-Type Jet Fuel,IM0,Imports,MKJIMP51,West Coast (PADD 5) Imports of Kerosene-Type Jet Fuel (Thousand Barrels),2597,MBBL
2021-11,R50-Z00,PADD 5,EPJK,Kerosene-Type Jet Fuel,IM0,Imports,MKJIMP52,West Coast (PADD 5) Imports of Kerosene-Type Jet Fuel (Thousand Barrels per Day),87,MBBL/D
2021-12,R50-Z00,PADD 5,EPJK,Kerosene-Type Jet Fuel,IM0,Imports,MKJIMP51,West Coast (PADD 5) Imports of Kerosene-Type Jet Fuel (Thousand Barrels),1730,MBBL
2021-12,R50-Z00,PADD 5,EPJK,Kerosene-Type Jet Fuel,IM0,Imports,MKJIMP52,West Coast (PADD 5) Imports of Kerosene-Type Jet Fuel (Thousand Barrels per Day),56,MBBL/D
2022-01,R50-Z00,PADD 5,EPJK,Kerosene-Type Jet Fuel,IM0,Imports,MKJIMP51,West Coast (PADD 5) Imports of Kerosene-Type Jet Fuel (Thousand Barrels),2967,MBBL
2022-01,R50-Z00,PADD 5,EPJK,Kerosene-Type Jet Fuel,IM0,Imports,MKJIMP52,West Coast (PADD 5) Imports of Kerosene-Type Jet Fuel (Thousand Barrels per Day),96,MBBL/D
2022-02,R50-Z00,PADD 5,EPJK,Kerosene-Type Jet Fuel,IM0,Imports,MKJIMP51,West Coast (PADD 5) Imports of Kerosene-Type Jet Fuel (Thousand Barrels),2145,MBBL
2022-02,R50-Z00,PADD 5,EPJK,Kerosene-Type Jet Fuel,IM0,Imports,MKJIMP52,West Coast (PADD 5) Imports of Kerosene-Type Jet Fuel (Thousand Barrels per Day),77,MBBL/D
2022-03,R50-Z00,PADD 5,EPJK,Kerosene-Type Jet Fuel,IM0,Imports,MKJIMP51,West Coast (PADD 5) Imports of Kerosene-Type Jet Fuel (Thousand Barrels),2419,MBBL
2022-03,R50-Z00,PADD 5,EPJK,Kerosene-Type Jet Fuel,IM0,Imports,MKJIMP52,West Coast (PADD 5) Imports of Kerosene-Type Jet Fuel (Thousand Barrels per Day),78,MBBL/D
2022-04,R50-Z00,PADD 5,EPJK,Kerosene-Type Jet Fuel,IM0,Imports,MKJIMP51,West Coast (PADD 5) Imports of Kerosene-Type Jet Fuel (Thousand Barrels),2376,MBBL
2022-04,R50-Z00,PADD 5,EPJK,Kerosene-Type Jet Fuel,IM0,Imports,MKJIMP52,West Coast (PADD 5) Imports of Kerosene-Type Jet Fuel (Thousand Barrels per Day),79,MBBL/D
2022-05,R50-Z00,PADD 5,EPJK,Kerosene-Type Jet Fuel,IM0,Imports,MKJIMP51,West Coast (PADD 5) Imports of Kerosene-Type Jet Fuel (Thousand Barrels),3191,MBBL
2022-05,R50-Z00,PADD 5,EPJK,Kerosene-Type Jet Fuel,IM0,Imports,MKJIMP52,West Coast (PADD 5) Imports of Kerosene-Type Jet Fuel (Thousand Barrels per Day),103,MBBL/D
2022-06,R50-Z00,PADD 5,EPJK,Kerosene-Type Jet Fuel,IM0,Imports,MKJIMP51,West Coast (PADD 5) Imports of Kerosene-Type Jet Fuel (Thousand Barrels),3392,MBBL
2022-06,R50-Z00,PADD 5,EPJK,Kerosene-Type Jet Fuel,IM0,Imports,MKJIMP52,West Coast (PADD 5) Imports of Kerosene-Type Jet Fuel (Thousand Barrels per Day),113,MBBL/D
2022-07,R50-Z00,PADD 5,EPJK,Kerosene-Type Jet Fuel,IM0,Imports,MKJIMP51,West Coast (PADD 5) Imports of Kerosene-Type Jet Fuel (Thousand Barrels),3593,MBBL
2022-07,R50-Z00,PADD 5,EPJK,Kerosene-Type Jet Fuel,IM0,Imports,MKJIMP52,West Coast (PADD 5) Imports of Kerosene-Type Jet Fuel (Thousand Barrels per Day),116,MBBL/D
2022-08,R50-Z00,PADD 5,EPJK,Kerosene-Type Jet Fuel,IM0,Imports,MKJIMP51,West Coast (PADD 5) Imports of Kerosene-Type Jet Fuel (Thousand Barrels),2102,MBBL
2022-08,R50-Z00,PADD 5,EPJK,Kerosene-Type Jet Fuel,IM0,Imports,MKJIMP52,West Coast (PADD 5) Imports of Kerosene-Type Jet Fuel (Thousand Barrels per Day),68,MBBL/D
2022-09,R50-Z00,PADD 5,EPJK,Kerosene-Type Jet Fuel,IM0,Imports,MKJIMP51,West Coast (PADD 5) Imports of Kerosene-Type Jet Fuel (Thousand Barrels),2247,MBBL
2022-09,R50-Z00,PADD 5,EPJK,Kerosene-Type Jet Fuel,IM0,Imports,MKJIMP52,West Coast (PADD 5) Imports of Kerosene-Type Jet Fuel (Thousand Barrels per Day),75,MBBL/D
2022-10,R50-Z00,PADD 5,EPJK,Kerosene-Type Jet Fuel,IM0,Imports,MKJIMP51,West Coast (PADD 5) Imports of Kerosene-Type Jet Fuel (Thousand Barrels),2322,MBBL
2022-10,R50-Z00,PADD 5,EPJK,Kerosene-Type Jet Fuel,IM0,Imports,MKJIMP52,West Coast (PADD 5) Imports of Kerosene-Type Jet Fuel (Thousand Barrels per Day),75,MBBL/D
2022-11,R50-Z00,PADD 5,EPJK,Kerosene-Type Jet Fuel,IM0,Imports,MKJIMP51,West Coast (PADD 5) Imports of Kerosene-Type Jet Fuel (Thousand Barrels),2577,MBBL
2022-11,R50-Z00,PADD 5,EPJK,Kerosene-Type Jet Fuel,IM0,Imports,MKJIMP52,West Coast (PADD 5) Imports of Kerosene-Type Jet Fuel (Thousand Barrels per Day),86,MBBL/D
2022-12,R50-Z00,PADD 5,EPJK,Kerosene-Type Jet Fuel,IM0,Imports,MKJIMP51,West Coast (PADD 5) Imports of Kerosene-Type Jet Fuel (Thousand Barrels),2417,MBBL
2022-12,R50-Z00,PADD 5,EPJK,Kerosene-Type Jet Fuel,IM0,Imports,MKJIMP52,West Coast (PADD 5) Imports of Kerosene-Type Jet Fuel (Thousand Barrels per Day),78,MBBL/D
2023-01,R50-Z00,PADD 5,EPJK,Kerosene-Type Jet Fuel,IM0,Imports,MKJIMP51,West Coast (PADD 5) Imports of Kerosene-Type Jet Fuel (Thousand Barrels),2513,MBBL
2023-01,R50-Z00,PADD 5,EPJK,Kerosene-Type Jet Fuel,IM0,Imports,MKJIMP52,West Coast (PADD 5) Imports of Kerosene-Type Jet Fuel (Thousand Barrels per Day),81,MBBL/D
2023-02,R50-Z00,PADD 5,EPJK,Kerosene-Type Jet Fuel,IM0,Imports,MKJIMP51,West Coast (PADD 5) Imports of Kerosene-Type Jet Fuel (Thousand Barrels),2907,MBBL
2023-02,R50-Z00,PADD 5,EPJK,Kerosene-Type Jet Fuel,IM0,Imports,MKJIMP52,West Coast (PADD 5) Imports of Kerosene-Type Jet Fuel (Thousand Barrels per Day),104,MBBL/D
2023-03,R50-Z00,PADD 5,EPJK,Kerosene-Type Jet Fuel,IM0,Imports,MKJIMP51,West Coast (PADD 5) Imports of Kerosene-Type Jet Fuel (Thousand Barrels),3262,MBBL
2023-03,R50-Z00,PADD 5,EPJK,Kerosene-Type Jet Fuel,IM0,Imports,MKJIMP52,West Coast (PADD 5) Imports of Kerosene-Type Jet Fuel (Thousand Barrels per Day),105,MBBL/D
2023-04,R50-Z00,PADD 5,EPJK,Kerosene-Type Jet Fuel,IM0,Imports,MKJIMP51,West Coast (PADD 5) Imports of Kerosene-Type Jet Fuel (Thousand Barrels),2056,MBBL
2023-04,R50-Z00,PADD 5,EPJK,Kerosene-Type Jet Fuel,IM0,Imports,MKJIMP52,West Coast (PADD 5) Imports of Kerosene-Type Jet Fuel (Thousand Barrels per Day),69,MBBL/D
2023-05,R50-Z00,PADD 5,EPJK,Kerosene-Type Jet Fuel,IM0,Imports,MKJIMP51,West Coast (PADD 5) Imports of Kerosene-Type Jet Fuel (Thousand Barrels),2810,MBBL
2023-05,R50-Z00,PADD 5,EPJK,Kerosene-Type Jet Fuel,IM0,Imports,MKJIMP52,West Coast (PADD 5) Imports of Kerosene-Type Jet Fuel (Thousand Barrels per Day),91,MBBL/D
2023-06,R50-Z00,PADD 5,EPJK,Kerosene-Type Jet Fuel,IM0,Imports,MKJIMP51,West Coast (PADD 5) Imports of Kerosene-Type Jet Fuel (Thousand Barrels),3231,MBBL
2023-06,R50-Z00,PADD 5,EPJK,Kerosene-Type Jet Fuel,IM0,Imports,MKJIMP52,West Coast (PADD 5) Imports of Kerosene-Type Jet Fuel (Thousand Barrels per Day),108,MBBL/D
2023-07,R50-Z00,PADD 5,EPJK,Kerosene-Type Jet Fuel,IM0,Imports,MKJIMP51,West Coast (PADD 5) Imports of Kerosene-Type Jet Fuel (Thousand Barrels),2691,MBBL
2023-07,R50-Z00,PADD 5,EPJK,Kerosene-Type Jet Fuel,IM0,Imports,MKJIMP52,West Coast (PADD 5) Imports of Kerosene-Type Jet Fuel (Thousand Barrels per Day),87,MBBL/D
2023-08,R50-Z00,PADD 5,EPJK,Kerosene-Type Jet Fuel,IM0,Imports,MKJIMP51,West Coast (PADD 5) Imports of Kerosene-Type Jet Fuel (Thousand Barrels),2018,MBBL
2023-08,R50-Z00,PADD 5,EPJK,Kerosene-Type Jet Fuel,IM0,Imports,MKJIMP52,West Coast (PADD 5) Imports of Kerosene-Type Jet Fuel (Thousand Barrels per Day),65,MBBL/D
2023-09,R50-Z00,PADD 5,EPJK,Kerosene-Type Jet Fuel,IM0,Imports,MKJIMP51,West Coast (PADD 5) Imports of Kerosene-Type Jet Fuel (Thousand Barrels),1655,MBBL
2023-09,R50-Z00,PADD 5,EPJK,Kerosene-Type Jet Fuel,IM0,Imports,MKJIMP52,West Coast (PADD 5) Imports of Kerosene-Type Jet Fuel (Thousand Barrels per Day),55,MBBL/D
2023-10,R50-Z00,PADD 5,EPJK,Kerosene-Type Jet Fuel,IM0,Imports,MKJIMP51,West Coast (PADD 5) Imports of Kerosene-Type Jet Fuel (Thousand Barrels),3135,MBBL
2023-10,R50-Z00,PADD 5,EPJK,Kerosene-Type Jet Fuel,IM0,Imports,MKJIMP52,West Coast (PADD 5) Imports of Kerosene-Type Jet Fuel (Thousand Barrels per Day),101,MBBL/D
2023-11,R50-Z00,PADD 5,EPJK,Kerosene-Type Jet Fuel,IM0,Imports,MKJIMP51,West Coast (PADD 5) Imports of Kerosene-Type Jet Fuel (Thousand Barrels),1795,MBBL
2023-11,R50-Z00,PADD 5,EPJK,Kerosene-Type Jet Fuel,IM0,Imports,MKJIMP52,West Coast (PADD 5) Imports of Kerosene-Type Jet Fuel (Thousand Barrels per Day),60,MBBL/D
2023-12,R50-Z00,PADD 5,EPJK,Kerosene-Type Jet Fuel,IM0,Imports,MKJIMP51,West Coast (PADD 5) Imports of Kerosene-Type Jet Fuel (Thousand Barrels),2412,MBBL
2023-12,R50-Z00,PADD 5,EPJK,Kerosene-Type Jet Fuel,IM0,Imports,MKJIMP52,West Coast (PADD 5) Imports of Kerosene-Type Jet Fuel (Thousand Barrels per Day),78,MBBL/D
2024-01,R50-Z00,PADD 5,EPJK,Kerosene-Type Jet Fuel,IM0,Imports,MKJIMP51,West Coast (PADD 5) Imports of Kerosene-Type Jet Fuel (Thousand Barrels),2317,MBBL
2024-01,R50-Z00,PADD 5,EPJK,Kerosene-Type Jet Fuel,IM0,Imports,MKJIMP52,West Coast (PADD 5) Imports of Kerosene-Type Jet Fuel (Thousand Barrels per Day),75,MBBL/D
2024-02,R50-Z00,PADD 5,EPJK,Kerosene-Type Jet Fuel,IM0,Imports,MKJIMP51,West Coast (PADD 5) Imports of Kerosene-Type Jet Fuel (Thousand Barrels),1851,MBBL
2024-02,R50-Z00,PADD 5,EPJK,Kerosene-Type Jet Fuel,IM0,Imports,MKJIMP52,West Coast (PADD 5) Imports of Kerosene-Type Jet Fuel (Thousand Barrels per Day),64,MBBL/D
2024-03,R50-Z00,PADD 5,EPJK,Kerosene-Type Jet Fuel,IM0,Imports,MKJIMP51,West Coast (PADD 5) Imports of Kerosene-Type Jet Fuel (Thousand Barrels),2980,MBBL
2024-03,R50-Z00,PADD 5,EPJK,Kerosene-Type Jet Fuel,IM0,Imports,MKJIMP52,West Coast (PADD 5) Imports of Kerosene-Type Jet Fuel (Thousand Barrels per Day),96,MBBL/D
2024-04,R50-Z00,PADD 5,EPJK,Kerosene-Type Jet Fuel,IM0,Imports,MKJIMP51,West Coast (PADD 5) Imports of Kerosene-Type Jet Fuel (Thousand Barrels),2853,MBBL
2024-04,R50-Z00,PADD 5,EPJK,Kerosene-Type Jet Fuel,IM0,Imports,MKJIMP52,West Coast (PADD 5) Imports of Kerosene-Type Jet Fuel (Thousand Barrels per Day),95,MBBL/D
2024-05,R50-Z00,PADD 5,EPJK,Kerosene-Type Jet Fuel,IM0,Imports,MKJIMP51,West Coast (PADD 5) Imports of Kerosene-Type Jet Fuel (Thousand Barrels),1958,MBBL
2024-05,R50-Z00,PADD 5,EPJK,Kerosene-Type Jet Fuel,IM0,Imports,MKJIMP52,West Coast (PADD 5) Imports of Kerosene-Type Jet Fuel (Thousand Barrels per Day),63,MBBL/D
2024-06,R50-Z00,PADD 5,EPJK,Kerosene-Type Jet Fuel,IM0,Imports,MKJIMP51,West Coast (PADD 5) Imports of Kerosene-Type Jet Fuel (Thousand Barrels),2864,MBBL
2024-06,R50-Z00,PADD 5,EPJK,Kerosene-Type Jet Fuel,IM0,Imports,MKJIMP52,West Coast (PADD 5) Imports of Kerosene-Type Jet Fuel (Thousand Barrels per Day),95,MBBL/D
2024-07,R50-Z00,PADD 5,EPJK,Kerosene-Type Jet Fuel,IM0,Imports,MKJIMP51,West Coast (PADD 5) Imports of Kerosene-Type Jet Fuel (Thousand Barrels),2236,MBBL
2024-07,R50-Z00,PADD 5,EPJK,Kerosene-Type Jet Fuel,IM0,Imports,MKJIMP52,West Coast (PADD 5) Imports of Kerosene-Type Jet Fuel (Thousand Barrels per Day),72,MBBL/D
2024-08,R50-Z00,PADD 5,EPJK,Kerosene-Type Jet Fuel,IM0,Imports,MKJIMP51,West Coast (PADD 5) Imports of Kerosene-Type Jet Fuel (Thousand Barrels),3002,MBBL
2024-08,R50-Z00,PADD 5,EPJK,Kerosene-Type Jet Fuel,IM0,Imports,MKJIMP52,West Coast (PADD 5) Imports of Kerosene-Type Jet Fuel (Thousand Barrels per Day),97,MBBL/D
2024-09,R50-Z00,PADD 5,EPJK,Kerosene-Type Jet Fuel,IM0,Imports,MKJIMP51,West Coast (PADD 5) Imports of Kerosene-Type Jet Fuel (Thousand Barrels),2099,MBBL
2024-09,R50-Z00,PADD 5,EPJK,Kerosene-Type Jet Fuel,IM0,Imports,MKJIMP52,West Coast (PADD 5) Imports of Kerosene-Type Jet Fuel (Thousand Barrels per Day),70,MBBL/D
2024-10,R50-Z00,PADD 5,EPJK,Kerosene-Type Jet Fuel,IM0,Imports,MKJIMP51,West Coast (PADD 5) Imports of Kerosene-Type Jet Fuel (Thousand Barrels),2948,MBBL
2024-10,R50-Z00,PADD 5,EPJK,Kerosene-Type Jet Fuel,IM0,Imports,MKJIMP52,West Coast (PADD 5) Imports of Kerosene-Type Jet Fuel (Thousand Barrels per Day),95,MBBL/D
2024-11,R50-Z00,PADD 5,EPJK,Kerosene-Type Jet Fuel,IM0,Imports,MKJIMP51,West Coast (PADD 5) Imports of Kerosene-Type Jet Fuel (Thousand Barrels),1801,MBBL
2024-11,R50-Z00,PADD 5,EPJK,Kerosene-Type Jet Fuel,IM0,Imports,MKJIMP52,West Coast (PADD 5) Imports of Kerosene-Type Jet Fuel (Thousand Barrels per Day),60,MBBL/D
2024-12,R50-Z00,PADD 5,EPJK,Kerosene-Type Jet Fuel,IM0,Imports,MKJIMP51,West Coast (PADD 5) Imports of Kerosene-Type Jet Fuel (Thousand Barrels),2675,MBBL
2024-12,R50-Z00,PADD 5,EPJK,Kerosene-Type Jet Fuel,IM0,Imports,MKJIMP52,West Coast (PADD 5) Imports of Kerosene-Type Jet Fuel (Thousand Barrels per Day),86,MBBL/D
2025-01,R50-Z00,PADD 5,EPJK,Kerosene-Type Jet Fuel,IM0,Imports,MKJIMP51,West Coast (PADD 5) Imports of Kerosene-Type Jet Fuel (Thousand Barrels),2857,MBBL
2025-01,R50-Z00,PADD 5,EPJK,Kerosene-Type Jet Fuel,IM0,Imports,MKJIMP52,West Coast (PADD 5) Imports of Kerosene-Type Jet Fuel (Thousand Barrels per Day),92,MBBL/D
2025-02,R50-Z00,PADD 5,EPJK,Kerosene-Type Jet Fuel,IM0,Imports,MKJIMP51,West Coast (PADD 5) Imports of Kerosene-Type Jet Fuel (Thousand Barrels),2421,MBBL
2025-02,R50-Z00,PADD 5,EPJK,Kerosene-Type Jet Fuel,IM0,Imports,MKJIMP52,West Coast (PADD 5) Imports of Kerosene-Type Jet Fuel (Thousand Barrels per Day),86,MBBL/D
2025-03,R50-Z00,PADD 5,EPJK,Kerosene-Type Jet Fuel,IM0,Imports,MKJIMP51,West Coast (PADD 5) Imports of Kerosene-Type Jet Fuel (Thousand Barrels),2549,MBBL
2025-03,R50-Z00,PADD 5,EPJK,Kerosene-Type Jet Fuel,IM0,Imports,MKJIMP52,West Coast (PADD 5) Imports of Kerosene-Type Jet Fuel (Thousand Barrels per Day),82,MBBL/D
2025-04,R50-Z00,PADD 5,EPJK,Kerosene-Type Jet Fuel,IM0,Imports,MKJIMP51,West Coast (PADD 5) Imports of Kerosene-Type Jet Fuel (Thousand Barrels),3203,MBBL
2025-04,R50-Z00,PADD 5,EPJK,Kerosene-Type Jet Fuel,IM0,Imports,MKJIMP52,West Coast (PADD 5) Imports of Kerosene-Type Jet Fuel (Thousand Barrels per Day),107,MBBL/D
2025-05,R50-Z00,PADD 5,EPJK,Kerosene-Type Jet Fuel,IM0,Imports,MKJIMP51,West Coast (PADD 5) Imports of Kerosene-Type Jet Fuel (Thousand Barrels),4334,MBBL
2025-05,R50-Z00,PADD 5,EPJK,Kerosene-Type Jet Fuel,IM0,Imports,MKJIMP52,West Coast (PADD 5) Imports of Kerosene-Type Jet Fuel (Thousand Barrels per Day),140,MBBL/D
2025-06,R50-Z00,PADD 5,EPJK,Kerosene-Type Jet Fuel,IM0,Imports,MKJIMP51,West Coast (PADD 5) Imports of Kerosene-Type Jet Fuel (Thousand Barrels),2573,MBBL
2025-06,R50-Z00,PADD 5,EPJK,Kerosene-Type Jet Fuel,IM0,Imports,MKJIMP52,West Coast (PADD 5) Imports of Kerosene-Type Jet Fuel (Thousand Barrels per Day),86,MBBL/D
2025-07,R50-Z00,PADD 5,EPJK,Kerosene-Type Jet Fuel,IM0,Imports,MKJIMP51,West Coast (PADD 5) Imports of Kerosene-Type Jet Fuel (Thousand Barrels),3260,MBBL
2025-07,R50-Z00,PADD 5,EPJK,Kerosene-Type Jet Fuel,IM0,Imports,MKJIMP52,West Coast (PADD 5) Imports of Kerosene-Type Jet Fuel (Thousand Barrels per Day),105,MBBL/D
2025-08,R50-Z00,PADD 5,EPJK,Kerosene-Type Jet Fuel,IM0,Imports,MKJIMP51,West Coast (PADD 5) Imports of Kerosene-Type Jet Fuel (Thousand Barrels),2824,MBBL
2025-08,R50-Z00,PADD 5,EPJK,Kerosene-Type Jet Fuel,IM0,Imports,MKJIMP52,West Coast (PADD 5) Imports of Kerosene-Type Jet Fuel (Thousand Barrels per Day),91,MBBL/D
2025-09,R50-Z00,PADD 5,EPJK,Kerosene-Type Jet Fuel,IM0,Imports,MKJIMP51,West Coast (PADD 5) Imports of Kerosene-Type Jet Fuel (Thousand Barrels),2944,MBBL
2025-09,R50-Z00,PADD 5,EPJK,Kerosene-Type Jet Fuel,IM0,Imports,MKJIMP52,West Coast (PADD 5) Imports of Kerosene-Type Jet Fuel (Thousand Barrels per Day),98,MBBL/D
2025-10,R50-Z00,PADD 5,EPJK,Kerosene-Type Jet Fuel,IM0,Imports,MKJIMP51,West Coast (PADD 5) Imports of Kerosene-Type Jet Fuel (Thousand Barrels),3399,MBBL
2025-10,R50-Z00,PADD 5,EPJK,Kerosene-Type Jet Fuel,IM0,Imports,MKJIMP52,West Coast (PADD 5) Imports of Kerosene-Type Jet Fuel (Thousand Barrels per Day),110,MBBL/D
2025-11,R50-Z00,PADD 5,EPJK,Kerosene-Type Jet Fuel,IM0,Imports,MKJIMP51,West Coast (PADD 5) Imports of Kerosene-Type Jet Fuel (Thousand Barrels),4188,MBBL
2025-11,R50-Z00,PADD 5,EPJK,Kerosene-Type Jet Fuel,IM0,Imports,MKJIMP52,West Coast (PADD 5) Imports of Kerosene-Type Jet Fuel (Thousand Barrels per Day),140,MBBL/D
2025-12,R50-Z00,PADD 5,EPJK,Kerosene-Type Jet Fuel,IM0,Imports,MKJIMP51,West Coast (PADD 5) Imports of Kerosene-Type Jet Fuel (Thousand Barrels),3047,MBBL
2025-12,R50-Z00,PADD 5,EPJK,Kerosene-Type Jet Fuel,IM0,Imports,MKJIMP52,West Coast (PADD 5) Imports of Kerosene-Type Jet Fuel (Thousand Barrels per Day),98,MBBL/D
2026-01,R50-Z00,PADD 5,EPJK,Kerosene-Type Jet Fuel,IM0,Imports,MKJIMP51,West Coast (PADD 5) Imports of Kerosene-Type Jet Fuel (Thousand Barrels),3391,MBBL
2026-01,R50-Z00,PADD 5,EPJK,Kerosene-Type Jet Fuel,IM0,Imports,MKJIMP52,West Coast (PADD 5) Imports of Kerosene-Type Jet Fuel (Thousand Barrels per Day),109,MBBL/D
2026-02,R50-Z00,PADD 5,EPJK,Kerosene-Type Jet Fuel,IM0,Imports,MKJIMP51,West Coast (PADD 5) Imports of Kerosene-Type Jet Fuel (Thousand Barrels),3411,MBBL
2026-02,R50-Z00,PADD 5,EPJK,Kerosene-Type Jet Fuel,IM0,Imports,MKJIMP52,West Coast (PADD 5) Imports of Kerosene-Type Jet Fuel (Thousand Barrels per Day),122,MBBL/D
2026-03,R50-Z00,PADD 5,EPJK,Kerosene-Type Jet Fuel,IM0,Imports,MKJIMP51,West Coast (PADD 5) Imports of Kerosene-Type Jet Fuel (Thousand Barrels),2158,MBBL
2026-03,R50-Z00,PADD 5,EPJK,Kerosene-Type Jet Fuel,IM0,Imports,MKJIMP52,West Coast (PADD 5) Imports of Kerosene-Type Jet Fuel (Thousand Barrels per Day),70,MBBL/D
2026-04,R50-Z00,PADD 5,EPJK,Kerosene-Type Jet Fuel,IM0,Imports,MKJIMP51,West Coast (PADD 5) Imports of Kerosene-Type Jet Fuel (Thousand Barrels),1955,MBBL
2026-04,R50-Z00,PADD 5,EPJK,Kerosene-Type Jet Fuel,IM0,Imports,MKJIMP52,West Coast (PADD 5) Imports of Kerosene-Type Jet Fuel (Thousand Barrels per Day),65,MBBL/D
2026-05,R50-Z00,PADD 5,EPJK,Kerosene-Type Jet Fuel,IM0,Imports,MKJIMP51,West Coast (PADD 5) Imports of Kerosene-Type Jet Fuel (Thousand Barrels),1360,MBBL
2026-05,R50-Z00,PADD 5,EPJK,Kerosene-Type Jet Fuel,IM0,Imports,MKJIMP52,West Coast (PADD 5) Imports of Kerosene-Type Jet Fuel (Thousand Barrels per Day),44,MBBL/D
2026-06,R50-Z00,PADD 5,EPJK,Kerosene-Type Jet Fuel,IM0,Imports,MKJIMP51,West Coast (PADD 5) Imports of Kerosene-Type Jet Fuel (Thousand Barrels),1952,MBBL
2026-06,R50-Z00,PADD 5,EPJK,Kerosene-Type Jet Fuel,IM0,Imports,MKJIMP52,West Coast (PADD 5) Imports of Kerosene-Type Jet Fuel (Thousand Barrels per Day),65,MBBL/D
