period,duoarea,area-name,product,product-name,process,process-name,series,series-description,value,units
1984-01,R20-Z00,PADD 2,EPJK,Kerosene-Type Jet Fuel,EEX,Exports,MKJEXP21,Midwest (PADD 2) Exports of Kerosene-Type Jet Fuel (Thousand Barrels),100,MBBL
1984-01,R20-Z00,PADD 2,EPJK,Kerosene-Type Jet Fuel,EEX,Exports,MKJEXP22,Midwest (PADD 2) Exports of Kerosene-Type Jet Fuel (Thousand Barrels per Day),3,MBBL/D
1984-02,R20-Z00,PADD 2,EPJK,Kerosene-Type Jet Fuel,EEX,Exports,MKJEXP21,Midwest (PADD 2) Exports of Kerosene-Type Jet Fuel (Thousand Barrels),40,MBBL
1984-02,R20-Z00,PADD 2,EPJK,Kerosene-Type Jet Fuel,EEX,Exports,MKJEXP22,Midwest (PADD 2) Exports of Kerosene-Type Jet Fuel (Thousand Barrels per Day),1,MBBL/D
1985-12,R20-Z00,PADD 2,EPJK,Kerosene-Type Jet Fuel,EEX,Exports,MKJEXP21,Midwest (PADD 2) Exports of Kerosene-Type Jet Fuel (Thousand Barrels),97,MBBL
1985-12,R20-Z00,PADD 2,EPJK,Kerosene-Type Jet Fuel,EEX,Exports,MKJEXP22,Midwest (PADD 2) Exports of Kerosene-Type Jet Fuel (Thousand Barrels per Day),3,MBBL/D
1986-01,R20-Z00,PADD 2,EPJK,Kerosene-Type Jet Fuel,EEX,Exports,MKJEXP21,Midwest (PADD 2) Exports of Kerosene-Type Jet Fuel (Thousand Barrels),47,MBBL
1986-01,R20-Z00,PADD 2,EPJK,Kerosene-Type Jet Fuel,EEX,Exports,MKJEXP22,Midwest (PADD 2) Exports of Kerosene-Type Jet Fuel (Thousand Barrels per Day),2,MBBL/D
1986-04,R20-Z00,PADD 2,EPJK,Kerosene-Type Jet Fuel,EEX,Exports,MKJEXP21,Midwest (PADD 2) Exports of Kerosene-Type Jet Fuel (Thousand Barrels),1,MBBL
1986-04,R20-Z00,PADD 2,EPJK,Kerosene-Type Jet Fuel,EEX,Exports,MKJEXP22,Midwest (PADD 2) Exports of Kerosene-Type Jet Fuel (Thousand Barrels per Day),0,MBBL/D
1986-05,R20-Z00,PADD 2,EPJK,Kerosene-Type Jet Fuel,EEX,Exports,MKJEXP21,Midwest (PADD 2) Exports of Kerosene-Type Jet Fuel (Thousand Barrels),5,MBBL
1986-05,R20-Z00,PADD 2,EPJK,Kerosene-Type Jet Fuel,EEX,Exports,MKJEXP22,Midwest (PADD 2) Exports of Kerosene-Type Jet Fuel (Thousand Barrels per Day),0,MBBL/D
1986-06,R20-Z00,PADD 2,EPJK,Kerosene-Type Jet Fuel,EEX,Exports,MKJEXP21,Midwest (PADD 2) Exports of Kerosene-Type Jet Fuel (Thousand Barrels),8,MBBL
1986-06,R20-Z00,PADD 2,EPJK,Kerosene-Type Jet Fuel,EEX,Exports,MKJEXP22,Midwest (PADD 2) Exports of Kerosene-Type Jet Fuel (Thousand Barrels per Day),0,MBBL/D
1986-07,R20-Z00,PADD 2,EPJK,Kerosene-Type Jet Fuel,EEX,Exports,MKJEXP21,Midwest (PADD 2) Exports of Kerosene-Type Jet Fuel (Thousand Barrels),1,MBBL
1986-07,R20-Z00,PADD 2,EPJK,Kerosene-Type Jet Fuel,EEX,Exports,MKJEXP22,Midwest (PADD 2) Exports of Kerosene-Type Jet Fuel (Thousand Barrels per Day),0,MBBL/D
1986-08,R20-Z00,PADD 2,EPJK,Kerosene-Type Jet Fuel,EEX,Exports,MKJEXP21,Midwest (PADD 2) Exports of Kerosene-Type Jet Fuel (Thousand Barrels),0,MBBL
1986-08,R20-Z00,PADD 2,EPJK,Kerosene-Type Jet Fuel,EEX,Exports,MKJEXP22,Midwest (PADD 2) Exports of Kerosene-Type Jet Fuel (Thousand Barrels per Day),0,MBBL/D
1987-05,R20-Z00,PADD 2,EPJK,Kerosene-Type Jet Fuel,EEX,Exports,MKJEXP21,Midwest (PADD 2) Exports of Kerosene-Type Jet Fuel (Thousand Barrels),0,MBBL
1987-05,R20-Z00,PADD 2,EPJK,Kerosene-Type Jet Fuel,EEX,Exports,MKJEXP22,Midwest (PADD 2) Exports of Kerosene-Type Jet Fuel (Thousand Barrels per Day),0,MBBL/D
1987-06,R20-Z00,PADD 2,EPJK,Kerosene-Type Jet Fuel,EEX,Exports,MKJEXP21,Midwest (PADD 2) Exports of Kerosene-Type Jet Fuel (Thousand Barrels),1,MBBL
1987-06,R20-Z00,PADD 2,EPJK,Kerosene-Type Jet Fuel,EEX,Exports,MKJEXP22,Midwest (PADD 2) Exports of Kerosene-Type Jet Fuel (Thousand Barrels per Day),0,MBBL/D
1987-07,R20-Z00,PADD 2,EPJK,Kerosene-Type Jet Fuel,EEX,Exports,MKJEXP21,Midwest (PADD 2) Exports of Kerosene-Type Jet Fuel (Thousand Barrels),3,MBBL
1987-07,R20-Z00,PADD 2,EPJK,Kerosene-Type Jet Fuel,EEX,Exports,MKJEXP22,Midwest (PADD 2) Exports of Kerosene-Type Jet Fuel (Thousand Barrels per Day),0,MBBL/D
1987-09,R20-Z00,PADD 2,EPJK,Kerosene-Type Jet Fuel,EEX,Exports,MKJEXP21,Midwest (PADD 2) Exports of Kerosene-Type Jet Fuel (Thousand Barrels),70,MBBL
1987-09,R20-Z00,PADD 2,EPJK,Kerosene-Type Jet Fuel,EEX,Exports,MKJEXP22,Midwest (PADD 2) Exports of Kerosene-Type Jet Fuel (Thousand Barrels per Day),2,MBBL/D
1987-11,R20-Z00,PADD 2,EPJK,Kerosene-Type Jet Fuel,EEX,Exports,MKJEXP21,Midwest (PADD 2) Exports of Kerosene-Type Jet Fuel (Thousand Barrels),1,MBBL
1987-11,R20-Z00,PADD 2,EPJK,Kerosene-Type Jet Fuel,EEX,Exports,MKJEXP22,Midwest (PADD 2) Exports of Kerosene-Type Jet Fuel (Thousand Barrels per Day),0,MBBL/D
1987-12,R20-Z00,PADD 2,EPJK,Kerosene-Type Jet Fuel,EEX,Exports,MKJEXP21,Midwest (PADD 2) Exports of Kerosene-Type Jet Fuel (Thousand Barrels),0,MBBL
1987-12,R20-Z00,PADD 2,EPJK,Kerosene-Type Jet Fuel,EEX,Exports,MKJEXP22,Midwest (PADD 2) Exports of Kerosene-Type Jet Fuel (Thousand Barrels per Day),0,MBBL/D
1988-02,R20-Z00,PADD 2,EPJK,Kerosene-Type Jet Fuel,EEX,Exports,MKJEXP21,Midwest (PADD 2) Exports of Kerosene-Type Jet Fuel (Thousand Barrels),2,MBBL
1988-02,R20-Z00,PADD 2,EPJK,Kerosene-Type Jet Fuel,EEX,Exports,MKJEXP22,Midwest (PADD 2) Exports of Kerosene-Type Jet Fuel (Thousand Barrels per Day),0,MBBL/D
1988-03,R20-Z00,PADD 2,EPJK,Kerosene-Type Jet Fuel,EEX,Exports,MKJEXP21,Midwest (PADD 2) Exports of Kerosene-Type Jet Fuel (Thousand Barrels),0,MBBL
1988-03,R20-Z00,PADD 2,EPJK,Kerosene-Type Jet Fuel,EEX,Exports,MKJEXP22,Midwest (PADD 2) Exports of Kerosene-Type Jet Fuel (Thousand Barrels per Day),0,MBBL/D
1988-07,R20-Z00,PADD 2,EPJK,Kerosene-Type Jet Fuel,EEX,Exports,MKJEXP21,Midwest (PADD 2) Exports of Kerosene-Type Jet Fuel (Thousand Barrels),1,MBBL
1988-07,R20-Z00,PADD 2,EPJK,Kerosene-Type Jet Fuel,EEX,Exports,MKJEXP22,Midwest (PADD 2) Exports of Kerosene-Type Jet Fuel (Thousand Barrels per Day),0,MBBL/D
1988-08,R20-Z00,PADD 2,EPJK,Kerosene-Type Jet Fuel,EEX,Exports,MKJEXP21,Midwest (PADD 2) Exports of Kerosene-Type Jet Fuel (Thousand Barrels),0,MBBL
1988-08,R20-Z00,PADD 2,EPJK,Kerosene-Type Jet Fuel,EEX,Exports,MKJEXP22,Midwest (PADD 2) Exports of Kerosene-Type Jet Fuel (Thousand Barrels per Day),0,MBBL/D
1988-10,R20-Z00,PADD 2,EPJK,Kerosene-Type Jet Fuel,EEX,Exports,MKJEXP21,Midwest (PADD 2) Exports of Kerosene-Type Jet Fuel (Thousand Barrels),1,MBBL
1988-10,R20-Z00,PADD 2,EPJK,Kerosene-Type Jet Fuel,EEX,Exports,MKJEXP22,Midwest (PADD 2) Exports of Kerosene-Type Jet Fuel (Thousand Barrels per Day),0,MBBL/D
1988-11,R20-Z00,PADD 2,EPJK,Kerosene-Type Jet Fuel,EEX,Exports,MKJEXP21,Midwest (PADD 2) Exports of Kerosene-Type Jet Fuel (Thousand Barrels),1,MBBL
1988-11,R20-Z00,PADD 2,EPJK,Kerosene-Type Jet Fuel,EEX,Exports,MKJEXP22,Midwest (PADD 2) Exports of Kerosene-Type Jet Fuel (Thousand Barrels per Day),0,MBBL/D
1988-12,R20-Z00,PADD 2,EPJK,Kerosene-Type Jet Fuel,EEX,Exports,MKJEXP21,Midwest (PADD 2) Exports of Kerosene-Type Jet Fuel (Thousand Barrels),1,MBBL
1988-12,R20-Z00,PADD 2,EPJK,Kerosene-Type Jet Fuel,EEX,Exports,MKJEXP22,Midwest (PADD 2) Exports of Kerosene-Type Jet Fuel (Thousand Barrels per Day),0,MBBL/D
1989-01,R20-Z00,PADD 2,EPJK,Kerosene-Type Jet Fuel,EEX,Exports,MKJEXP21,Midwest (PADD 2) Exports of Kerosene-Type Jet Fuel (Thousand Barrels),1,MBBL
1989-01,R20-Z00,PADD 2,EPJK,Kerosene-Type Jet Fuel,EEX,Exports,MKJEXP22,Midwest (PADD 2) Exports of Kerosene-Type Jet Fuel (Thousand Barrels per Day),0,MBBL/D
1989-02,R20-Z00,PADD 2,EPJK,Kerosene-Type Jet Fuel,EEX,Exports,MKJEXP21,Midwest (PADD 2) Exports of Kerosene-Type Jet Fuel (Thousand Barrels),1,MBBL
1989-02,R20-Z00,PADD 2,EPJK,Kerosene-Type Jet Fuel,EEX,Exports,MKJEXP22,Midwest (PADD 2) Exports of Kerosene-Type Jet Fuel (Thousand Barrels per Day),0,MBBL/D
1989-03,R20-Z00,PADD 2,EPJK,Kerosene-Type Jet Fuel,EEX,Exports,MKJEXP21,Midwest (PADD 2) Exports of Kerosene-Type Jet Fuel (Thousand Barrels),1,MBBL
1989-03,R20-Z00,PADD 2,EPJK,Kerosene-Type Jet Fuel,EEX,Exports,MKJEXP22,Midwest (PADD 2) Exports of Kerosene-Type Jet Fuel (Thousand Barrels per Day),0,MBBL/D
1989-04,R20-Z00,PADD 2,EPJK,Kerosene-Type Jet Fuel,EEX,Exports,MKJEXP21,Midwest (PADD 2) Exports of Kerosene-Type Jet Fuel (Thousand Barrels),2,MBBL
1989-04,R20-Z00,PADD 2,EPJK,Kerosene-Type Jet Fuel,EEX,Exports,MKJEXP22,Midwest (PADD 2) Exports of Kerosene-Type Jet Fuel (Thousand Barrels per Day),0,MBBL/D
1989-05,R20-Z00,PADD 2,EPJK,Kerosene-Type Jet Fuel,EEX,Exports,MKJEXP21,Midwest (PADD 2) Exports of Kerosene-Type Jet Fuel (Thousand Barrels),1,MBBL
1989-05,R20-Z00,PADD 2,EPJK,Kerosene-Type Jet Fuel,EEX,Exports,MKJEXP22,Midwest (PADD 2) Exports of Kerosene-Type Jet Fuel (Thousand Barrels per Day),0,MBBL/D
1989-06,R20-Z00,PADD 2,EPJK,Kerosene-Type Jet Fuel,EEX,Exports,MKJEXP21,Midwest (PADD 2) Exports of Kerosene-Type Jet Fuel (Thousand Barrels),1,MBBL
1989-06,R20-Z00,PADD 2,EPJK,Kerosene-Type Jet Fuel,EEX,Exports,MKJEXP22,Midwest (PADD 2) Exports of Kerosene-Type Jet Fuel (Thousand Barrels per Day),0,MBBL/D
1989-07,R20-Z00,PADD 2,EPJK,Kerosene-Type Jet Fuel,EEX,Exports,MKJEXP21,Midwest (PADD 2) Exports of Kerosene-Type Jet Fuel (Thousand Barrels),26,MBBL
1989-07,R20-Z00,PADD 2,EPJK,Kerosene-Type Jet Fuel,EEX,Exports,MKJEXP22,Midwest (PADD 2) Exports of Kerosene-Type Jet Fuel (Thousand Barrels per Day),1,MBBL/D
1989-08,R20-Z00,PADD 2,EPJK,Kerosene-Type Jet Fuel,EEX,Exports,MKJEXP21,Midwest (PADD 2) Exports of Kerosene-Type Jet Fuel (Thousand Barrels),1,MBBL
1989-08,R20-Z00,PADD 2,EPJK,Kerosene-Type Jet Fuel,EEX,Exports,MKJEXP22,Midwest (PADD 2) Exports of Kerosene-Type Jet Fuel (Thousand Barrels per Day),0,MBBL/D
1989-09,R20-Z00,PADD 2,EPJK,Kerosene-Type Jet Fuel,EEX,Exports,MKJEXP21,Midwest (PADD 2) Exports of Kerosene-Type Jet Fuel (Thousand Barrels),2,MBBL
1989-09,R20-Z00,PADD 2,EPJK,Kerosene-Type Jet Fuel,EEX,Exports,MKJEXP22,Midwest (PADD 2) Exports of Kerosene-Type Jet Fuel (Thousand Barrels per Day),0,MBBL/D
1989-10,R20-Z00,PADD 2,EPJK,Kerosene-Type Jet Fuel,EEX,Exports,MKJEXP21,Midwest (PADD 2) Exports of Kerosene-Type Jet Fuel (Thousand Barrels),1,MBBL
1989-10,R20-Z00,PADD 2,EPJK,Kerosene-Type Jet Fuel,EEX,Exports,MKJEXP22,Midwest (PADD 2) Exports of Kerosene-Type Jet Fuel (Thousand Barrels per Day),0,MBBL/D
1989-11,R20-Z00,PADD 2,EPJK,Kerosene-Type Jet Fuel,EEX,Exports,MKJEXP21,Midwest (PADD 2) Exports of Kerosene-Type Jet Fuel (Thousand Barrels),1,MBBL
1989-11,R20-Z00,PADD 2,EPJK,Kerosene-Type Jet Fuel,EEX,Exports,MKJEXP22,Midwest (PADD 2) Exports of Kerosene-Type Jet Fuel (Thousand Barrels per Day),0,MBBL/D
1989-12,R20-Z00,PADD 2,EPJK,Kerosene-Type Jet Fuel,EEX,Exports,MKJEXP21,Midwest (PADD 2) Exports of Kerosene-Type Jet Fuel (Thousand Barrels),52,MBBL
1989-12,R20-Z00,PADD 2,EPJK,Kerosene-Type Jet Fuel,EEX,Exports,MKJEXP22,Midwest (PADD 2) Exports of Kerosene-Type Jet Fuel (Thousand Barrels per Day),2,MBBL/D
1990-01,R20-Z00,PADD 2,EPJK,Kerosene-Type Jet Fuel,EEX,Exports,MKJEXP21,Midwest (PADD 2) Exports of Kerosene-Type Jet Fuel (Thousand Barrels),1,MBBL
1990-01,R20-Z00,PADD 2,EPJK,Kerosene-Type Jet Fuel,EEX,Exports,MKJEXP22,Midwest (PADD 2) Exports of Kerosene-Type Jet Fuel (Thousand Barrels per Day),0,MBBL/D
1990-02,R20-Z00,PADD 2,EPJK,Kerosene-Type Jet Fuel,EEX,Exports,MKJEXP21,Midwest (PADD 2) Exports of Kerosene-Type Jet Fuel (Thousand Barrels),2,MBBL
1990-02,R20-Z00,PADD 2,EPJK,Kerosene-Type Jet Fuel,EEX,Exports,MKJEXP22,Midwest (PADD 2) Exports of Kerosene-Type Jet Fuel (Thousand Barrels per Day),0,MBBL/D
1990-03,R20-Z00,PADD 2,EPJK,Kerosene-Type Jet Fuel,EEX,Exports,MKJEXP21,Midwest (PADD 2) Exports of Kerosene-Type Jet Fuel (Thousand Barrels),3,MBBL
1990-03,R20-Z00,PADD 2,EPJK,Kerosene-Type Jet Fuel,EEX,Exports,MKJEXP22,Midwest (PADD 2) Exports of Kerosene-Type Jet Fuel (Thousand Barrels per Day),0,MBBL/D
1990-04,R20-Z00,PADD 2,EPJK,Kerosene-Type Jet Fuel,EEX,Exports,MKJEXP21,Midwest (PADD 2) Exports of Kerosene-Type Jet Fuel (Thousand Barrels),25,MBBL
1990-04,R20-Z00,PADD 2,EPJK,Kerosene-Type Jet Fuel,EEX,Exports,MKJEXP22,Midwest (PADD 2) Exports of Kerosene-Type Jet Fuel (Thousand Barrels per Day),1,MBBL/D
1990-05,R20-Z00,PADD 2,EPJK,Kerosene-Type Jet Fuel,EEX,Exports,MKJEXP21,Midwest (PADD 2) Exports of Kerosene-Type Jet Fuel (Thousand Barrels),3,MBBL
1990-05,R20-Z00,PADD 2,EPJK,Kerosene-Type Jet Fuel,EEX,Exports,MKJEXP22,Midwest (PADD 2) Exports of Kerosene-Type Jet Fuel (Thousand Barrels per Day),0,MBBL/D
1990-06,R20-Z00,PADD 2,EPJK,Kerosene-Type Jet Fuel,EEX,Exports,MKJEXP21,Midwest (PADD 2) Exports of Kerosene-Type Jet Fuel (Thousand Barrels),19,MBBL
1990-06,R20-Z00,PADD 2,EPJK,Kerosene-Type Jet Fuel,EEX,Exports,MKJEXP22,Midwest (PADD 2) Exports of Kerosene-Type Jet Fuel (Thousand Barrels per Day),1,MBBL/D
1990-07,R20-Z00,PADD 2,EPJK,Kerosene-Type Jet Fuel,EEX,Exports,MKJEXP21,Midwest (PADD 2) Exports of Kerosene-Type Jet Fuel (Thousand Barrels),20,MBBL
1990-07,R20-Z00,PADD 2,EPJK,Kerosene-Type Jet Fuel,EEX,Exports,MKJEXP22,Midwest (PADD 2) Exports of Kerosene-Type Jet Fuel (Thousand Barrels per Day),1,MBBL/D
1990-08,R20-Z00,PADD 2,EPJK,Kerosene-Type Jet Fuel,EEX,Exports,MKJEXP21,Midwest (PADD 2) Exports of Kerosene-Type Jet Fuel (Thousand Barrels),12,MBBL
1990-08,R20-Z00,PADD 2,EPJK,Kerosene-Type Jet Fuel,EEX,Exports,MKJEXP22,Midwest (PADD 2) Exports of Kerosene-Type Jet Fuel (Thousand Barrels per Day),0,MBBL/D
1990-09,R20-Z00,PADD 2,EPJK,Kerosene-Type Jet Fuel,EEX,Exports,MKJEXP21,Midwest (PADD 2) Exports of Kerosene-Type Jet Fuel (Thousand Barrels),2,MBBL
1990-09,R20-Z00,PADD 2,EPJK,Kerosene-Type Jet Fuel,EEX,Exports,MKJEXP22,Midwest (PADD 2) Exports of Kerosene-Type Jet Fuel (Thousand Barrels per Day),0,MBBL/D
1990-10,R20-Z00,PADD 2,EPJK,Kerosene-Type Jet Fuel,EEX,Exports,MKJEXP21,Midwest (PADD 2) Exports of Kerosene-Type Jet Fuel (Thousand Barrels),184,MBBL
1990-10,R20-Z00,PADD 2,EPJK,Kerosene-Type Jet Fuel,EEX,Exports,MKJEXP22,Midwest (PADD 2) Exports of Kerosene-Type Jet Fuel (Thousand Barrels per Day),6,MBBL/D
1990-11,R20-Z00,PADD 2,EPJK,Kerosene-Type Jet Fuel,EEX,Exports,MKJEXP21,Midwest (PADD 2) Exports of Kerosene-Type Jet Fuel (Thousand Barrels),161,MBBL
1990-11,R20-Z00,PADD 2,EPJK,Kerosene-Type Jet Fuel,EEX,Exports,MKJEXP22,Midwest (PADD 2) Exports of Kerosene-Type Jet Fuel (Thousand Barrels per Day),5,MBBL/D
1990-12,R20-Z00,PADD 2,EPJK,Kerosene-Type Jet Fuel,EEX,Exports,MKJEXP21,Midwest (PADD 2) Exports of Kerosene-Type Jet Fuel (Thousand Barrels),223,MBBL
1990-12,R20-Z00,PADD 2,EPJK,Kerosene-Type Jet Fuel,EEX,Exports,MKJEXP22,Midwest (PADD 2) Exports of Kerosene-Type Jet Fuel (Thousand Barrels per Day),7,MBBL/D
1991-01,R20-Z00,PADD 2,EPJK,Kerosene-Type Jet Fuel,EEX,Exports,MKJEXP21,Midwest (PADD 2) Exports of Kerosene-Type Jet Fuel (Thousand Barrels),0,MBBL
1991-01,R20-Z00,PADD 2,EPJK,Kerosene-Type Jet Fuel,EEX,Exports,MKJEXP22,Midwest (PADD 2) Exports of Kerosene-Type Jet Fuel (Thousand Barrels per Day),0,MBBL/D
1991-02,R20-Z00,PADD 2,EPJK,Kerosene-Type Jet Fuel,EEX,Exports,MKJEXP21,Midwest (PADD 2) Exports of Kerosene-Type Jet Fuel (Thousand Barrels),0,MBBL
1991-02,R20-Z00,PADD 2,EPJK,Kerosene-Type Jet Fuel,EEX,Exports,MKJEXP22,Midwest (PADD 2) Exports of Kerosene-Type Jet Fuel (Thousand Barrels per Day),0,MBBL/D
1991-03,R20-Z00,PADD 2,EPJK,Kerosene-Type Jet Fuel,EEX,Exports,MKJEXP21,Midwest (PADD 2) Exports of Kerosene-Type Jet Fuel (Thousand Barrels),0,MBBL
1991-03,R20-Z00,PADD 2,EPJK,Kerosene-Type Jet Fuel,EEX,Exports,MKJEXP22,Midwest (PADD 2) Exports of Kerosene-Type Jet Fuel (Thousand Barrels per Day),0,MBBL/D
1991-04,R20-Z00,PADD 2,EPJK,Kerosene-Type Jet Fuel,EEX,Exports,MKJEXP21,Midwest (PADD 2) Exports of Kerosene-Type Jet Fuel (Thousand Barrels),0,MBBL
1991-04,R20-Z00,PADD 2,EPJK,Kerosene-Type Jet Fuel,EEX,Exports,MKJEXP22,Midwest (PADD 2) Exports of Kerosene-Type Jet Fuel (Thousand Barrels per Day),0,MBBL/D
1991-05,R20-Z00,PADD 2,EPJK,Kerosene-Type Jet Fuel,EEX,Exports,MKJEXP21,Midwest (PADD 2) Exports of Kerosene-Type Jet Fuel (Thousand Barrels),208,MBBL
1991-05,R20-Z00,PADD 2,EPJK,Kerosene-Type Jet Fuel,EEX,Exports,MKJEXP22,Midwest (PADD 2) Exports of Kerosene-Type Jet Fuel (Thousand Barrels per Day),7,MBBL/D
1991-06,R20-Z00,PADD 2,EPJK,Kerosene-Type Jet Fuel,EEX,Exports,MKJEXP21,Midwest (PADD 2) Exports of Kerosene-Type Jet Fuel (Thousand Barrels),0,MBBL
1991-06,R20-Z00,PADD 2,EPJK,Kerosene-Type Jet Fuel,EEX,Exports,MKJEXP22,Midwest (PADD 2) Exports of Kerosene-Type Jet Fuel (Thousand Barrels per Day),0,MBBL/D
1991-07,R20-Z00,PADD 2,EPJK,Kerosene-Type Jet Fuel,EEX,Exports,MKJEXP21,Midwest (PADD 2) Exports of Kerosene-Type Jet Fuel (Thousand Barrels),51,MBBL
1991-07,R20-Z00,PADD 2,EPJK,Kerosene-Type Jet Fuel,EEX,Exports,MKJEXP22,Midwest (PADD 2) Exports of Kerosene-Type Jet Fuel (Thousand Barrels per Day),2,MBBL/D
1991-08,R20-Z00,PADD 2,EPJK,Kerosene-Type Jet Fuel,EEX,Exports,MKJEXP21,Midwest (PADD 2) Exports of Kerosene-Type Jet Fuel (Thousand Barrels),35,MBBL
1991-08,R20-Z00,PADD 2,EPJK,Kerosene-Type Jet Fuel,EEX,Exports,MKJEXP22,Midwest (PADD 2) Exports of Kerosene-Type Jet Fuel (Thousand Barrels per Day),1,MBBL/D
1991-09,R20-Z00,PADD 2,EPJK,Kerosene-Type Jet Fuel,EEX,Exports,MKJEXP21,Midwest (PADD 2) Exports of Kerosene-Type Jet Fuel (Thousand Barrels),48,MBBL
1991-09,R20-Z00,PADD 2,EPJK,Kerosene-Type Jet Fuel,EEX,Exports,MKJEXP22,Midwest (PADD 2) Exports of Kerosene-Type Jet Fuel (Thousand Barrels per Day),2,MBBL/D
1991-10,R20-Z00,PADD 2,EPJK,Kerosene-Type Jet Fuel,EEX,Exports,MKJEXP21,Midwest (PADD 2) Exports of Kerosene-Type Jet Fuel (Thousand Barrels),31,MBBL
1991-10,R20-Z00,PADD 2,EPJK,Kerosene-Type Jet Fuel,EEX,Exports,MKJEXP22,Midwest (PADD 2) Exports of Kerosene-Type Jet Fuel (Thousand Barrels per Day),1,MBBL/D
1991-11,R20-Z00,PADD 2,EPJK,Kerosene-Type Jet Fuel,EEX,Exports,MKJEXP21,Midwest (PADD 2) Exports of Kerosene-Type Jet Fuel (Thousand Barrels),0,MBBL
1991-11,R20-Z00,PADD 2,EPJK,Kerosene-Type Jet Fuel,EEX,Exports,MKJEXP22,Midwest (PADD 2) Exports of Kerosene-Type Jet Fuel (Thousand Barrels per Day),0,MBBL/D
1991-12,R20-Z00,PADD 2,EPJK,Kerosene-Type Jet Fuel,EEX,Exports,MKJEXP21,Midwest (PADD 2) Exports of Kerosene-Type Jet Fuel (Thousand Barrels),40,MBBL
1991-12,R20-Z00,PADD 2,EPJK,Kerosene-Type Jet Fuel,EEX,Exports,MKJEXP22,Midwest (PADD 2) Exports of Kerosene-Type Jet Fuel (Thousand Barrels per Day),1,MBBL/D
1992-01,R20-Z00,PADD 2,EPJK,Kerosene-Type Jet Fuel,EEX,Exports,MKJEXP21,Midwest (PADD 2) Exports of Kerosene-Type Jet Fuel (Thousand Barrels),0,MBBL
1992-01,R20-Z00,PADD 2,EPJK,Kerosene-Type Jet Fuel,EEX,Exports,MKJEXP22,Midwest (PADD 2) Exports of Kerosene-Type Jet Fuel (Thousand Barrels per Day),0,MBBL/D
1992-02,R20-Z00,PADD 2,EPJK,Kerosene-Type Jet Fuel,EEX,Exports,MKJEXP21,Midwest (PADD 2) Exports of Kerosene-Type Jet Fuel (Thousand Barrels),2,MBBL
1992-02,R20-Z00,PADD 2,EPJK,Kerosene-Type Jet Fuel,EEX,Exports,MKJEXP22,Midwest (PADD 2) Exports of Kerosene-Type Jet Fuel (Thousand Barrels per Day),0,MBBL/D
1992-03,R20-Z00,PADD 2,EPJK,Kerosene-Type Jet Fuel,EEX,Exports,MKJEXP21,Midwest (PADD 2) Exports of Kerosene-Type Jet Fuel (Thousand Barrels),79,MBBL
1992-03,R20-Z00,PADD 2,EPJK,Kerosene-Type Jet Fuel,EEX,Exports,MKJEXP22,Midwest (PADD 2) Exports of Kerosene-Type Jet Fuel (Thousand Barrels per Day),3,MBBL/D
1992-04,R20-Z00,PADD 2,EPJK,Kerosene-Type Jet Fuel,EEX,Exports,MKJEXP21,Midwest (PADD 2) Exports of Kerosene-Type Jet Fuel (Thousand Barrels),25,MBBL
1992-04,R20-Z00,PADD 2,EPJK,Kerosene-Type Jet Fuel,EEX,Exports,MKJEXP22,Midwest (PADD 2) Exports of Kerosene-Type Jet Fuel (Thousand Barrels per Day),1,MBBL/D
1992-05,R20-Z00,PADD 2,EPJK,Kerosene-Type Jet Fuel,EEX,Exports,MKJEXP21,Midwest (PADD 2) Exports of Kerosene-Type Jet Fuel (Thousand Barrels),40,MBBL
1992-05,R20-Z00,PADD 2,EPJK,Kerosene-Type Jet Fuel,EEX,Exports,MKJEXP22,Midwest (PADD 2) Exports of Kerosene-Type Jet Fuel (Thousand Barrels per Day),1,MBBL/D
1992-06,R20-Z00,PADD 2,EPJK,Kerosene-Type Jet Fuel,EEX,Exports,MKJEXP21,Midwest (PADD 2) Exports of Kerosene-Type Jet Fuel (Thousand Barrels),25,MBBL
1992-06,R20-Z00,PADD 2,EPJK,Kerosene-Type Jet Fuel,EEX,Exports,MKJEXP22,Midwest (PADD 2) Exports of Kerosene-Type Jet Fuel (Thousand Barrels per Day),1,MBBL/D
1992-07,R20-Z00,PADD 2,EPJK,Kerosene-Type Jet Fuel,EEX,Exports,MKJEXP21,Midwest (PADD 2) Exports of Kerosene-Type Jet Fuel (Thousand Barrels),62,MBBL
1992-07,R20-Z00,PADD 2,EPJK,Kerosene-Type Jet Fuel,EEX,Exports,MKJEXP22,Midwest (PADD 2) Exports of Kerosene-Type Jet Fuel (Thousand Barrels per Day),2,MBBL/D
1992-08,R20-Z00,PADD 2,EPJK,Kerosene-Type Jet Fuel,EEX,Exports,MKJEXP21,Midwest (PADD 2) Exports of Kerosene-Type Jet Fuel (Thousand Barrels),50,MBBL
1992-08,R20-Z00,PADD 2,EPJK,Kerosene-Type Jet Fuel,EEX,Exports,MKJEXP22,Midwest (PADD 2) Exports of Kerosene-Type Jet Fuel (Thousand Barrels per Day),2,MBBL/D
1992-09,R20-Z00,PADD 2,EPJK,Kerosene-Type Jet Fuel,EEX,Exports,MKJEXP21,Midwest (PADD 2) Exports of Kerosene-Type Jet Fuel (Thousand Barrels),0,MBBL
1992-09,R20-Z00,PADD 2,EPJK,Kerosene-Type Jet Fuel,EEX,Exports,MKJEXP22,Midwest (PADD 2) Exports of Kerosene-Type Jet Fuel (Thousand Barrels per Day),0,MBBL/D
1992-10,R20-Z00,PADD 2,EPJK,Kerosene-Type Jet Fuel,EEX,Exports,MKJEXP21,Midwest (PADD 2) Exports of Kerosene-Type Jet Fuel (Thousand Barrels),0,MBBL
1992-10,R20-Z00,PADD 2,EPJK,Kerosene-Type Jet Fuel,EEX,Exports,MKJEXP22,Midwest (PADD 2) Exports of Kerosene-Type Jet Fuel (Thousand Barrels per Day),0,MBBL/D
1992-11,R20-Z00,PADD 2,EPJK,Kerosene-Type Jet Fuel,EEX,Exports,MKJEXP21,Midwest (PADD 2) Exports of Kerosene-Type Jet Fuel (Thousand Barrels),4,MBBL
1992-11,R20-Z00,PADD 2,EPJK,Kerosene-Type Jet Fuel,EEX,Exports,MKJEXP22,Midwest (PADD 2) Exports of Kerosene-Type Jet Fuel (Thousand Barrels per Day),0,MBBL/D
1992-12,R20-Z00,PADD 2,EPJK,Kerosene-Type Jet Fuel,EEX,Exports,MKJEXP21,Midwest (PADD 2) Exports of Kerosene-Type Jet Fuel (Thousand Barrels),0,MBBL
1992-12,R20-Z00,PADD 2,EPJK,Kerosene-Type Jet Fuel,EEX,Exports,MKJEXP22,Midwest (PADD 2) Exports of Kerosene-Type Jet Fuel (Thousand Barrels per Day),0,MBBL/D
1993-01,R20-Z00,PADD 2,EPJK,Kerosene-Type Jet Fuel,EEX,Exports,MKJEXP21,Midwest (PADD 2) Exports of Kerosene-Type Jet Fuel (Thousand Barrels),43,MBBL
1993-01,R20-Z00,PADD 2,EPJK,Kerosene-Type Jet Fuel,EEX,Exports,MKJEXP22,Midwest (PADD 2) Exports of Kerosene-Type Jet Fuel (Thousand Barrels per Day),1,MBBL/D
1993-02,R20-Z00,PADD 2,EPJK,Kerosene-Type Jet Fuel,EEX,Exports,MKJEXP21,Midwest (PADD 2) Exports of Kerosene-Type Jet Fuel (Thousand Barrels),4,MBBL
1993-02,R20-Z00,PADD 2,EPJK,Kerosene-Type Jet Fuel,EEX,Exports,MKJEXP22,Midwest (PADD 2) Exports of Kerosene-Type Jet Fuel (Thousand Barrels per Day),0,MBBL/D
1993-03,R20-Z00,PADD 2,EPJK,Kerosene-Type Jet Fuel,EEX,Exports,MKJEXP21,Midwest (PADD 2) Exports of Kerosene-Type Jet Fuel (Thousand Barrels),0,MBBL
1993-03,R20-Z00,PADD 2,EPJK,Kerosene-Type Jet Fuel,EEX,Exports,MKJEXP22,Midwest (PADD 2) Exports of Kerosene-Type Jet Fuel (Thousand Barrels per Day),0,MBBL/D
1993-04,R20-Z00,PADD 2,EPJK,Kerosene-Type Jet Fuel,EEX,Exports,MKJEXP21,Midwest (PADD 2) Exports of Kerosene-Type Jet Fuel (Thousand Barrels),0,MBBL
1993-04,R20-Z00,PADD 2,EPJK,Kerosene-Type Jet Fuel,EEX,Exports,MKJEXP22,Midwest (PADD 2) Exports of Kerosene-Type Jet Fuel (Thousand Barrels per Day),0,MBBL/D
1993-05,R20-Z00,PADD 2,EPJK,Kerosene-Type Jet Fuel,EEX,Exports,MKJEXP21,Midwest (PADD 2) Exports of Kerosene-Type Jet Fuel (Thousand Barrels),75,MBBL
1993-05,R20-Z00,PADD 2,EPJK,Kerosene-Type Jet Fuel,EEX,Exports,MKJEXP22,Midwest (PADD 2) Exports of Kerosene-Type Jet Fuel (Thousand Barrels per Day),2,MBBL/D
1993-06,R20-Z00,PADD 2,EPJK,Kerosene-Type Jet Fuel,EEX,Exports,MKJEXP21,Midwest (PADD 2) Exports of Kerosene-Type Jet Fuel (Thousand Barrels),30,MBBL
1993-06,R20-Z00,PADD 2,EPJK,Kerosene-Type Jet Fuel,EEX,Exports,MKJEXP22,Midwest (PADD 2) Exports of Kerosene-Type Jet Fuel (Thousand Barrels per Day),1,MBBL/D
1993-07,R20-Z00,PADD 2,EPJK,Kerosene-Type Jet Fuel,EEX,Exports,MKJEXP21,Midwest (PADD 2) Exports of Kerosene-Type Jet Fuel (Thousand Barrels),0,MBBL
1993-07,R20-Z00,PADD 2,EPJK,Kerosene-Type Jet Fuel,EEX,Exports,MKJEXP22,Midwest (PADD 2) Exports of Kerosene-Type Jet Fuel (Thousand Barrels per Day),0,MBBL/D
1993-08,R20-Z00,PADD 2,EPJK,Kerosene-Type Jet Fuel,EEX,Exports,MKJEXP21,Midwest (PADD 2) Exports of Kerosene-Type Jet Fuel (Thousand Barrels),30,MBBL
1993-08,R20-Z00,PADD 2,EPJK,Kerosene-Type Jet Fuel,EEX,Exports,MKJEXP22,Midwest (PADD 2) Exports of Kerosene-Type Jet Fuel (Thousand Barrels per Day),1,MBBL/D
1993-09,R20-Z00,PADD 2,EPJK,Kerosene-Type Jet Fuel,EEX,Exports,MKJEXP21,Midwest (PADD 2) Exports of Kerosene-Type Jet Fuel (Thousand Barrels),0,MBBL
1993-09,R20-Z00,PADD 2,EPJK,Kerosene-Type Jet Fuel,EEX,Exports,MKJEXP22,Midwest (PADD 2) Exports of Kerosene-Type Jet Fuel (Thousand Barrels per Day),0,MBBL/D
1993-10,R20-Z00,PADD 2,EPJK,Kerosene-Type Jet Fuel,EEX,Exports,MKJEXP21,Midwest (PADD 2) Exports of Kerosene-Type Jet Fuel (Thousand Barrels),0,MBBL
1993-10,R20-Z00,PADD 2,EPJK,Kerosene-Type Jet Fuel,EEX,Exports,MKJEXP22,Midwest (PADD 2) Exports of Kerosene-Type Jet Fuel (Thousand Barrels per Day),0,MBBL/D
1993-11,R20-Z00,PADD 2,EPJK,Kerosene-Type Jet Fuel,EEX,Exports,MKJEXP21,Midwest (PADD 2) Exports of Kerosene-Type Jet Fuel (Thousand Barrels),66,MBBL
1993-11,R20-Z00,PADD 2,EPJK,Kerosene-Type Jet Fuel,EEX,Exports,MKJEXP22,Midwest (PADD 2) Exports of Kerosene-Type Jet Fuel (Thousand Barrels per Day),2,MBBL/D
1993-12,R20-Z00,PADD 2,EPJK,Kerosene-Type Jet Fuel,EEX,Exports,MKJEXP21,Midwest (PADD 2) Exports of Kerosene-Type Jet Fuel (Thousand Barrels),38,MBBL
1993-12,R20-Z00,PADD 2,EPJK,Kerosene-Type Jet Fuel,EEX,Exports,MKJEXP22,Midwest (PADD 2) Exports of Kerosene-Type Jet Fuel (Thousand Barrels per Day),1,MBBL/D
1994-01,R20-Z00,PADD 2,EPJK,Kerosene-Type Jet Fuel,EEX,Exports,MKJEXP21,Midwest (PADD 2) Exports of Kerosene-Type Jet Fuel (Thousand Barrels),63,MBBL
1994-01,R20-Z00,PADD 2,EPJK,Kerosene-Type Jet Fuel,EEX,Exports,MKJEXP22,Midwest (PADD 2) Exports of Kerosene-Type Jet Fuel (Thousand Barrels per Day),2,MBBL/D
1994-02,R20-Z00,PADD 2,EPJK,Kerosene-Type Jet Fuel,EEX,Exports,MKJEXP21,Midwest (PADD 2) Exports of Kerosene-Type Jet Fuel (Thousand Barrels),21,MBBL
1994-02,R20-Z00,PADD 2,EPJK,Kerosene-Type Jet Fuel,EEX,Exports,MKJEXP22,Midwest (PADD 2) Exports of Kerosene-Type Jet Fuel (Thousand Barrels per Day),1,MBBL/D
1994-03,R20-Z00,PADD 2,EPJK,Kerosene-Type Jet Fuel,EEX,Exports,MKJEXP21,Midwest (PADD 2) Exports of Kerosene-Type Jet Fuel (Thousand Barrels),0,MBBL
1994-03,R20-Z00,PADD 2,EPJK,Kerosene-Type Jet Fuel,EEX,Exports,MKJEXP22,Midwest (PADD 2) Exports of Kerosene-Type Jet Fuel (Thousand Barrels per Day),0,MBBL/D
1994-04,R20-Z00,PADD 2,EPJK,Kerosene-Type Jet Fuel,EEX,Exports,MKJEXP21,Midwest (PADD 2) Exports of Kerosene-Type Jet Fuel (Thousand Barrels),0,MBBL
1994-04,R20-Z00,PADD 2,EPJK,Kerosene-Type Jet Fuel,EEX,Exports,MKJEXP22,Midwest (PADD 2) Exports of Kerosene-Type Jet Fuel (Thousand Barrels per Day),0,MBBL/D
1994-05,R20-Z00,PADD 2,EPJK,Kerosene-Type Jet Fuel,EEX,Exports,MKJEXP21,Midwest (PADD 2) Exports of Kerosene-Type Jet Fuel (Thousand Barrels),0,MBBL
1994-05,R20-Z00,PADD 2,EPJK,Kerosene-Type Jet Fuel,EEX,Exports,MKJEXP22,Midwest (PADD 2) Exports of Kerosene-Type Jet Fuel (Thousand Barrels per Day),0,MBBL/D
1994-06,R20-Z00,PADD 2,EPJK,Kerosene-Type Jet Fuel,EEX,Exports,MKJEXP21,Midwest (PADD 2) Exports of Kerosene-Type Jet Fuel (Thousand Barrels),0,MBBL
1994-06,R20-Z00,PADD 2,EPJK,Kerosene-Type Jet Fuel,EEX,Exports,MKJEXP22,Midwest (PADD 2) Exports of Kerosene-Type Jet Fuel (Thousand Barrels per Day),0,MBBL/D
1994-07,R20-Z00,PADD 2,EPJK,Kerosene-Type Jet Fuel,EEX,Exports,MKJEXP21,Midwest (PADD 2) Exports of Kerosene-Type Jet Fuel (Thousand Barrels),0,MBBL
1994-07,R20-Z00,PADD 2,EPJK,Kerosene-Type Jet Fuel,EEX,Exports,MKJEXP22,Midwest (PADD 2) Exports of Kerosene-Type Jet Fuel (Thousand Barrels per Day),0,MBBL/D
1994-08,R20-Z00,PADD 2,EPJK,Kerosene-Type Jet Fuel,EEX,Exports,MKJEXP21,Midwest (PADD 2) Exports of Kerosene-Type Jet Fuel (Thousand Barrels),0,MBBL
1994-08,R20-Z00,PADD 2,EPJK,Kerosene-Type Jet Fuel,EEX,Exports,MKJEXP22,Midwest (PADD 2) Exports of Kerosene-Type Jet Fuel (Thousand Barrels per Day),0,MBBL/D
1994-09,R20-Z00,PADD 2,EPJK,Kerosene-Type Jet Fuel,EEX,Exports,MKJEXP21,Midwest (PADD 2) Exports of Kerosene-Type Jet Fuel (Thousand Barrels),0,MBBL
1994-09,R20-Z00,PADD 2,EPJK,Kerosene-Type Jet Fuel,EEX,Exports,MKJEXP22,Midwest (PADD 2) Exports of Kerosene-Type Jet Fuel (Thousand Barrels per Day),0,MBBL/D
1994-10,R20-Z00,PADD 2,EPJK,Kerosene-Type Jet Fuel,EEX,Exports,MKJEXP21,Midwest (PADD 2) Exports of Kerosene-Type Jet Fuel (Thousand Barrels),0,MBBL
1994-10,R20-Z00,PADD 2,EPJK,Kerosene-Type Jet Fuel,EEX,Exports,MKJEXP22,Midwest (PADD 2) Exports of Kerosene-Type Jet Fuel (Thousand Barrels per Day),0,MBBL/D
1995-01,R20-Z00,PADD 2,EPJK,Kerosene-Type Jet Fuel,EEX,Exports,MKJEXP21,Midwest (PADD 2) Exports of Kerosene-Type Jet Fuel (Thousand Barrels),0,MBBL
1995-02,R20-Z00,PADD 2,EPJK,Kerosene-Type Jet Fuel,EEX,Exports,MKJEXP21,Midwest (PADD 2) Exports of Kerosene-Type Jet Fuel (Thousand Barrels),0,MBBL
1995-03,R20-Z00,PADD 2,EPJK,Kerosene-Type Jet Fuel,EEX,Exports,MKJEXP21,Midwest (PADD 2) Exports of Kerosene-Type Jet Fuel (Thousand Barrels),0,MBBL
1995-04,R20-Z00,PADD 2,EPJK,Kerosene-Type Jet Fuel,EEX,Exports,MKJEXP21,Midwest (PADD 2) Exports of Kerosene-Type Jet Fuel (Thousand Barrels),0,MBBL
1995-05,R20-Z00,PADD 2,EPJK,Kerosene-Type Jet Fuel,EEX,Exports,MKJEXP21,Midwest (PADD 2) Exports of Kerosene-Type Jet Fuel (Thousand Barrels),0,MBBL
1995-06,R20-Z00,PADD 2,EPJK,Kerosene-Type Jet Fuel,EEX,Exports,MKJEXP21,Midwest (PADD 2) Exports of Kerosene-Type Jet Fuel (Thousand Barrels),37,MBBL
1995-06,R20-Z00,PADD 2,EPJK,Kerosene-Type Jet Fuel,EEX,Exports,MKJEXP22,Midwest (PADD 2) Exports of Kerosene-Type Jet Fuel (Thousand Barrels per Day),1,MBBL/D
1995-07,R20-Z00,PADD 2,EPJK,Kerosene-Type Jet Fuel,EEX,Exports,MKJEXP21,Midwest (PADD 2) Exports of Kerosene-Type Jet Fuel (Thousand Barrels),0,MBBL
1995-08,R20-Z00,PADD 2,EPJK,Kerosene-Type Jet Fuel,EEX,Exports,MKJEXP21,Midwest (PADD 2) Exports of Kerosene-Type Jet Fuel (Thousand Barrels),0,MBBL
1995-09,R20-Z00,PADD 2,EPJK,Kerosene-Type Jet Fuel,EEX,Exports,MKJEXP21,Midwest (PADD 2) Exports of Kerosene-Type Jet Fuel (Thousand Barrels),22,MBBL
1995-09,R20-Z00,PADD 2,EPJK,Kerosene-Type Jet Fuel,EEX,Exports,MKJEXP22,Midwest (PADD 2) Exports of Kerosene-Type Jet Fuel (Thousand Barrels per Day),1,MBBL/D
1995-10,R20-Z00,PADD 2,EPJK,Kerosene-Type Jet Fuel,EEX,Exports,MKJEXP21,Midwest (PADD 2) Exports of Kerosene-Type Jet Fuel (Thousand Barrels),0,MBBL
1995-11,R20-Z00,PADD 2,EPJK,Kerosene-Type Jet Fuel,EEX,Exports,MKJEXP21,Midwest (PADD 2) Exports of Kerosene-Type Jet Fuel (Thousand Barrels),47,MBBL
1995-11,R20-Z00,PADD 2,EPJK,Kerosene-Type Jet Fuel,EEX,Exports,MKJEXP22,Midwest (PADD 2) Exports of Kerosene-Type Jet Fuel (Thousand Barrels per Day),2,MBBL/D
1995-12,R20-Z00,PADD 2,EPJK,Kerosene-Type Jet Fuel,EEX,Exports,MKJEXP21,Midwest (PADD 2) Exports of Kerosene-Type Jet Fuel (Thousand Barrels),0,MBBL
1996-01,R20-Z00,PADD 2,EPJK,Kerosene-Type Jet Fuel,EEX,Exports,MKJEXP21,Midwest (PADD 2) Exports of Kerosene-Type Jet Fuel (Thousand Barrels),0,MBBL
1996-02,R20-Z00,PADD 2,EPJK,Kerosene-Type Jet Fuel,EEX,Exports,MKJEXP21,Midwest (PADD 2) Exports of Kerosene-Type Jet Fuel (Thousand Barrels),0,MBBL
1996-03,R20-Z00,PADD 2,EPJK,Kerosene-Type Jet Fuel,EEX,Exports,MKJEXP21,Midwest (PADD 2) Exports of Kerosene-Type Jet Fuel (Thousand Barrels),21,MBBL
1996-03,R20-Z00,PADD 2,EPJK,Kerosene-Type Jet Fuel,EEX,Exports,MKJEXP22,Midwest (PADD 2) Exports of Kerosene-Type Jet Fuel (Thousand Barrels per Day),1,MBBL/D
1996-04,R20-Z00,PADD 2,EPJK,Kerosene-Type Jet Fuel,EEX,Exports,MKJEXP21,Midwest (PADD 2) Exports of Kerosene-Type Jet Fuel (Thousand Barrels),4,MBBL
1996-04,R20-Z00,PADD 2,EPJK,Kerosene-Type Jet Fuel,EEX,Exports,MKJEXP22,Midwest (PADD 2) Exports of Kerosene-Type Jet Fuel (Thousand Barrels per Day),0,MBBL/D
1996-05,R20-Z00,PADD 2,EPJK,Kerosene-Type Jet Fuel,EEX,Exports,MKJEXP21,Midwest (PADD 2) Exports of Kerosene-Type Jet Fuel (Thousand Barrels),0,MBBL
1996-06,R20-Z00,PADD 2,EPJK,Kerosene-Type Jet Fuel,EEX,Exports,MKJEXP21,Midwest (PADD 2) Exports of Kerosene-Type Jet Fuel (Thousand Barrels),0,MBBL
1996-07,R20-Z00,PADD 2,EPJK,Kerosene-Type Jet Fuel,EEX,Exports,MKJEXP21,Midwest (PADD 2) Exports of Kerosene-Type Jet Fuel (Thousand Barrels),0,MBBL
1996-08,R20-Z00,PADD 2,EPJK,Kerosene-Type Jet Fuel,EEX,Exports,MKJEXP21,Midwest (PADD 2) Exports of Kerosene-Type Jet Fuel (Thousand Barrels),0,MBBL
1996-09,R20-Z00,PADD 2,EPJK,Kerosene-Type Jet Fuel,EEX,Exports,MKJEXP21,Midwest (PADD 2) Exports of Kerosene-Type Jet Fuel (Thousand Barrels),0,MBBL
1996-10,R20-Z00,PADD 2,EPJK,Kerosene-Type Jet Fuel,EEX,Exports,MKJEXP21,Midwest (PADD 2) Exports of Kerosene-Type Jet Fuel (Thousand Barrels),92,MBBL
1996-10,R20-Z00,PADD 2,EPJK,Kerosene-Type Jet Fuel,EEX,Exports,MKJEXP22,Midwest (PADD 2) Exports of Kerosene-Type Jet Fuel (Thousand Barrels per Day),3,MBBL/D
1996-11,R20-Z00,PADD 2,EPJK,Kerosene-Type Jet Fuel,EEX,Exports,MKJEXP21,Midwest (PADD 2) Exports of Kerosene-Type Jet Fuel (Thousand Barrels),0,MBBL
1996-11,R20-Z00,PADD 2,EPJK,Kerosene-Type Jet Fuel,EEX,Exports,MKJEXP22,Midwest (PADD 2) Exports of Kerosene-Type Jet Fuel (Thousand Barrels per Day),0,MBBL/D
1996-12,R20-Z00,PADD 2,EPJK,Kerosene-Type Jet Fuel,EEX,Exports,MKJEXP21,Midwest (PADD 2) Exports of Kerosene-Type Jet Fuel (Thousand Barrels),0,MBBL
1997-01,R20-Z00,PADD 2,EPJK,Kerosene-Type Jet Fuel,EEX,Exports,MKJEXP21,Midwest (PADD 2) Exports of Kerosene-Type Jet Fuel (Thousand Barrels),1,MBBL
1997-01,R20-Z00,PADD 2,EPJK,Kerosene-Type Jet Fuel,EEX,Exports,MKJEXP22,Midwest (PADD 2) Exports of Kerosene-Type Jet Fuel (Thousand Barrels per Day),0,MBBL/D
1997-02,R20-Z00,PADD 2,EPJK,Kerosene-Type Jet Fuel,EEX,Exports,MKJEXP21,Midwest (PADD 2) Exports of Kerosene-Type Jet Fuel (Thousand Barrels),1,MBBL
1997-02,R20-Z00,PADD 2,EPJK,Kerosene-Type Jet Fuel,EEX,Exports,MKJEXP22,Midwest (PADD 2) Exports of Kerosene-Type Jet Fuel (Thousand Barrels per Day),0,MBBL/D
1997-03,R20-Z00,PADD 2,EPJK,Kerosene-Type Jet Fuel,EEX,Exports,MKJEXP21,Midwest (PADD 2) Exports of Kerosene-Type Jet Fuel (Thousand Barrels),5,MBBL
1997-03,R20-Z00,PADD 2,EPJK,Kerosene-Type Jet Fuel,EEX,Exports,MKJEXP22,Midwest (PADD 2) Exports of Kerosene-Type Jet Fuel (Thousand Barrels per Day),0,MBBL/D
1997-04,R20-Z00,PADD 2,EPJK,Kerosene-Type Jet Fuel,EEX,Exports,MKJEXP21,Midwest (PADD 2) Exports of Kerosene-Type Jet Fuel (Thousand Barrels),1,MBBL
1997-04,R20-Z00,PADD 2,EPJK,Kerosene-Type Jet Fuel,EEX,Exports,MKJEXP22,Midwest (PADD 2) Exports of Kerosene-Type Jet Fuel (Thousand Barrels per Day),0,MBBL/D
1997-05,R20-Z00,PADD 2,EPJK,Kerosene-Type Jet Fuel,EEX,Exports,MKJEXP21,Midwest (PADD 2) Exports of Kerosene-Type Jet Fuel (Thousand Barrels),1,MBBL
1997-05,R20-Z00,PADD 2,EPJK,Kerosene-Type Jet Fuel,EEX,Exports,MKJEXP22,Midwest (PADD 2) Exports of Kerosene-Type Jet Fuel (Thousand Barrels per Day),0,MBBL/D
1997-06,R20-Z00,PADD 2,EPJK,Kerosene-Type Jet Fuel,EEX,Exports,MKJEXP21,Midwest (PADD 2) Exports of Kerosene-Type Jet Fuel (Thousand Barrels),0,MBBL
1997-06,R20-Z00,PADD 2,EPJK,Kerosene-Type Jet Fuel,EEX,Exports,MKJEXP22,Midwest (PADD 2) Exports of Kerosene-Type Jet Fuel (Thousand Barrels per Day),0,MBBL/D
1997-07,R20-Z00,PADD 2,EPJK,Kerosene-Type Jet Fuel,EEX,Exports,MKJEXP21,Midwest (PADD 2) Exports of Kerosene-Type Jet Fuel (Thousand Barrels),0,MBBL
1997-08,R20-Z00,PADD 2,EPJK,Kerosene-Type Jet Fuel,EEX,Exports,MKJEXP21,Midwest (PADD 2) Exports of Kerosene-Type Jet Fuel (Thousand Barrels),0,MBBL
1997-09,R20-Z00,PADD 2,EPJK,Kerosene-Type Jet Fuel,EEX,Exports,MKJEXP21,Midwest (PADD 2) Exports of Kerosene-Type Jet Fuel (Thousand Barrels),26,MBBL
1997-09,R20-Z00,PADD 2,EPJK,Kerosene-Type Jet Fuel,EEX,Exports,MKJEXP22,Midwest (PADD 2) Exports of Kerosene-Type Jet Fuel (Thousand Barrels per Day),1,MBBL/D
1997-10,R20-Z00,PADD 2,EPJK,Kerosene-Type Jet Fuel,EEX,Exports,MKJEXP21,Midwest (PADD 2) Exports of Kerosene-Type Jet Fuel (Thousand Barrels),0,MBBL
1997-10,R20-Z00,PADD 2,EPJK,Kerosene-Type Jet Fuel,EEX,Exports,MKJEXP22,Midwest (PADD 2) Exports of Kerosene-Type Jet Fuel (Thousand Barrels per Day),0,MBBL/D
1997-11,R20-Z00,PADD 2,EPJK,Kerosene-Type Jet Fuel,EEX,Exports,MKJEXP21,Midwest (PADD 2) Exports of Kerosene-Type Jet Fuel (Thousand Barrels),0,MBBL
1997-11,R20-Z00,PADD 2,EPJK,Kerosene-Type Jet Fuel,EEX,Exports,MKJEXP22,Midwest (PADD 2) Exports of Kerosene-Type Jet Fuel (Thousand Barrels per Day),0,MBBL/D
1997-12,R20-Z00,PADD 2,EPJK,Kerosene-Type Jet Fuel,EEX,Exports,MKJEXP21,Midwest (PADD 2) Exports of Kerosene-Type Jet Fuel (Thousand Barrels),1,MBBL
1997-12,R20-Z00,PADD 2,EPJK,Kerosene-Type Jet Fuel,EEX,Exports,MKJEXP22,Midwest (PADD 2) Exports of Kerosene-Type Jet Fuel (Thousand Barrels per Day),0,MBBL/D
1998-01,R20-Z00,PADD 2,EPJK,Kerosene-Type Jet Fuel,EEX,Exports,MKJEXP21,Midwest (PADD 2) Exports of Kerosene-Type Jet Fuel (Thousand Barrels),0,MBBL
1998-01,R20-Z00,PADD 2,EPJK,Kerosene-Type Jet Fuel,EEX,Exports,MKJEXP22,Midwest (PADD 2) Exports of Kerosene-Type Jet Fuel (Thousand Barrels per Day),0,MBBL/D
1998-02,R20-Z00,PADD 2,EPJK,Kerosene-Type Jet Fuel,EEX,Exports,MKJEXP21,Midwest (PADD 2) Exports of Kerosene-Type Jet Fuel (Thousand Barrels),142,MBBL
1998-02,R20-Z00,PADD 2,EPJK,Kerosene-Type Jet Fuel,EEX,Exports,MKJEXP22,Midwest (PADD 2) Exports of Kerosene-Type Jet Fuel (Thousand Barrels per Day),5,MBBL/D
1998-03,R20-Z00,PADD 2,EPJK,Kerosene-Type Jet Fuel,EEX,Exports,MKJEXP21,Midwest (PADD 2) Exports of Kerosene-Type Jet Fuel (Thousand Barrels),59,MBBL
1998-03,R20-Z00,PADD 2,EPJK,Kerosene-Type Jet Fuel,EEX,Exports,MKJEXP22,Midwest (PADD 2) Exports of Kerosene-Type Jet Fuel (Thousand Barrels per Day),2,MBBL/D
1998-04,R20-Z00,PADD 2,EPJK,Kerosene-Type Jet Fuel,EEX,Exports,MKJEXP21,Midwest (PADD 2) Exports of Kerosene-Type Jet Fuel (Thousand Barrels),10,MBBL
1998-04,R20-Z00,PADD 2,EPJK,Kerosene-Type Jet Fuel,EEX,Exports,MKJEXP22,Midwest (PADD 2) Exports of Kerosene-Type Jet Fuel (Thousand Barrels per Day),0,MBBL/D
1998-05,R20-Z00,PADD 2,EPJK,Kerosene-Type Jet Fuel,EEX,Exports,MKJEXP21,Midwest (PADD 2) Exports of Kerosene-Type Jet Fuel (Thousand Barrels),49,MBBL
1998-05,R20-Z00,PADD 2,EPJK,Kerosene-Type Jet Fuel,EEX,Exports,MKJEXP22,Midwest (PADD 2) Exports of Kerosene-Type Jet Fuel (Thousand Barrels per Day),2,MBBL/D
1998-06,R20-Z00,PADD 2,EPJK,Kerosene-Type Jet Fuel,EEX,Exports,MKJEXP21,Midwest (PADD 2) Exports of Kerosene-Type Jet Fuel (Thousand Barrels),36,MBBL
1998-06,R20-Z00,PADD 2,EPJK,Kerosene-Type Jet Fuel,EEX,Exports,MKJEXP22,Midwest (PADD 2) Exports of Kerosene-Type Jet Fuel (Thousand Barrels per Day),1,MBBL/D
1998-07,R20-Z00,PADD 2,EPJK,Kerosene-Type Jet Fuel,EEX,Exports,MKJEXP21,Midwest (PADD 2) Exports of Kerosene-Type Jet Fuel (Thousand Barrels),83,MBBL
1998-07,R20-Z00,PADD 2,EPJK,Kerosene-Type Jet Fuel,EEX,Exports,MKJEXP22,Midwest (PADD 2) Exports of Kerosene-Type Jet Fuel (Thousand Barrels per Day),3,MBBL/D
1998-08,R20-Z00,PADD 2,EPJK,Kerosene-Type Jet Fuel,EEX,Exports,MKJEXP21,Midwest (PADD 2) Exports of Kerosene-Type Jet Fuel (Thousand Barrels),0,MBBL
1998-09,R20-Z00,PADD 2,EPJK,Kerosene-Type Jet Fuel,EEX,Exports,MKJEXP21,Midwest (PADD 2) Exports of Kerosene-Type Jet Fuel (Thousand Barrels),0,MBBL
1998-10,R20-Z00,PADD 2,EPJK,Kerosene-Type Jet Fuel,EEX,Exports,MKJEXP21,Midwest (PADD 2) Exports of Kerosene-Type Jet Fuel (Thousand Barrels),0,MBBL
1998-11,R20-Z00,PADD 2,EPJK,Kerosene-Type Jet Fuel,EEX,Exports,MKJEXP21,Midwest (PADD 2) Exports of Kerosene-Type Jet Fuel (Thousand Barrels),0,MBBL
1998-12,R20-Z00,PADD 2,EPJK,Kerosene-Type Jet Fuel,EEX,Exports,MKJEXP21,Midwest (PADD 2) Exports of Kerosene-Type Jet Fuel (Thousand Barrels),29,MBBL
1998-12,R20-Z00,PADD 2,EPJK,Kerosene-Type Jet Fuel,EEX,Exports,MKJEXP22,Midwest (PADD 2) Exports of Kerosene-Type Jet Fuel (Thousand Barrels per Day),1,MBBL/D
1999-01,R20-Z00,PADD 2,EPJK,Kerosene-Type Jet Fuel,EEX,Exports,MKJEXP21,Midwest (PADD 2) Exports of Kerosene-Type Jet Fuel (Thousand Barrels),0,MBBL
1999-02,R20-Z00,PADD 2,EPJK,Kerosene-Type Jet Fuel,EEX,Exports,MKJEXP21,Midwest (PADD 2) Exports of Kerosene-Type Jet Fuel (Thousand Barrels),0,MBBL
1999-03,R20-Z00,PADD 2,EPJK,Kerosene-Type Jet Fuel,EEX,Exports,MKJEXP21,Midwest (PADD 2) Exports of Kerosene-Type Jet Fuel (Thousand Barrels),0,MBBL
1999-04,R20-Z00,PADD 2,EPJK,Kerosene-Type Jet Fuel,EEX,Exports,MKJEXP21,Midwest (PADD 2) Exports of Kerosene-Type Jet Fuel (Thousand Barrels),0,MBBL
1999-05,R20-Z00,PADD 2,EPJK,Kerosene-Type Jet Fuel,EEX,Exports,MKJEXP21,Midwest (PADD 2) Exports of Kerosene-Type Jet Fuel (Thousand Barrels),0,MBBL
1999-06,R20-Z00,PADD 2,EPJK,Kerosene-Type Jet Fuel,EEX,Exports,MKJEXP21,Midwest (PADD 2) Exports of Kerosene-Type Jet Fuel (Thousand Barrels),0,MBBL
1999-07,R20-Z00,PADD 2,EPJK,Kerosene-Type Jet Fuel,EEX,Exports,MKJEXP21,Midwest (PADD 2) Exports of Kerosene-Type Jet Fuel (Thousand Barrels),0,MBBL
1999-08,R20-Z00,PADD 2,EPJK,Kerosene-Type Jet Fuel,EEX,Exports,MKJEXP21,Midwest (PADD 2) Exports of Kerosene-Type Jet Fuel (Thousand Barrels),0,MBBL
1999-09,R20-Z00,PADD 2,EPJK,Kerosene-Type Jet Fuel,EEX,Exports,MKJEXP21,Midwest (PADD 2) Exports of Kerosene-Type Jet Fuel (Thousand Barrels),251,MBBL
1999-09,R20-Z00,PADD 2,EPJK,Kerosene-Type Jet Fuel,EEX,Exports,MKJEXP22,Midwest (PADD 2) Exports of Kerosene-Type Jet Fuel (Thousand Barrels per Day),8,MBBL/D
1999-10,R20-Z00,PADD 2,EPJK,Kerosene-Type Jet Fuel,EEX,Exports,MKJEXP21,Midwest (PADD 2) Exports of Kerosene-Type Jet Fuel (Thousand Barrels),0,MBBL
1999-11,R20-Z00,PADD 2,EPJK,Kerosene-Type Jet Fuel,EEX,Exports,MKJEXP21,Midwest (PADD 2) Exports of Kerosene-Type Jet Fuel (Thousand Barrels),123,MBBL
1999-11,R20-Z00,PADD 2,EPJK,Kerosene-Type Jet Fuel,EEX,Exports,MKJEXP22,Midwest (PADD 2) Exports of Kerosene-Type Jet Fuel (Thousand Barrels per Day),4,MBBL/D
1999-12,R20-Z00,PADD 2,EPJK,Kerosene-Type Jet Fuel,EEX,Exports,MKJEXP21,Midwest (PADD 2) Exports of Kerosene-Type Jet Fuel (Thousand Barrels),65,MBBL
1999-12,R20-Z00,PADD 2,EPJK,Kerosene-Type Jet Fuel,EEX,Exports,MKJEXP22,Midwest (PADD 2) Exports of Kerosene-Type Jet Fuel (Thousand Barrels per Day),2,MBBL/D
2000-01,R20-Z00,PADD 2,EPJK,Kerosene-Type Jet Fuel,EEX,Exports,MKJEXP21,Midwest (PADD 2) Exports of Kerosene-Type Jet Fuel (Thousand Barrels),0,MBBL
2000-02,R20-Z00,PADD 2,EPJK,Kerosene-Type Jet Fuel,EEX,Exports,MKJEXP21,Midwest (PADD 2) Exports of Kerosene-Type Jet Fuel (Thousand Barrels),0,MBBL
2000-02,R20-Z00,PADD 2,EPJK,Kerosene-Type Jet Fuel,EEX,Exports,MKJEXP22,Midwest (PADD 2) Exports of Kerosene-Type Jet Fuel (Thousand Barrels per Day),0,MBBL/D
2000-03,R20-Z00,PADD 2,EPJK,Kerosene-Type Jet Fuel,EEX,Exports,MKJEXP21,Midwest (PADD 2) Exports of Kerosene-Type Jet Fuel (Thousand Barrels),0,MBBL
2000-04,R20-Z00,PADD 2,EPJK,Kerosene-Type Jet Fuel,EEX,Exports,MKJEXP21,Midwest (PADD 2) Exports of Kerosene-Type Jet Fuel (Thousand Barrels),25,MBBL
2000-04,R20-Z00,PADD 2,EPJK,Kerosene-Type Jet Fuel,EEX,Exports,MKJEXP22,Midwest (PADD 2) Exports of Kerosene-Type Jet Fuel (Thousand Barrels per Day),1,MBBL/D
2000-05,R20-Z00,PADD 2,EPJK,Kerosene-Type Jet Fuel,EEX,Exports,MKJEXP21,Midwest (PADD 2) Exports of Kerosene-Type Jet Fuel (Thousand Barrels),0,MBBL
2000-05,R20-Z00,PADD 2,EPJK,Kerosene-Type Jet Fuel,EEX,Exports,MKJEXP22,Midwest (PADD 2) Exports of Kerosene-Type Jet Fuel (Thousand Barrels per Day),0,MBBL/D
2000-06,R20-Z00,PADD 2,EPJK,Kerosene-Type Jet Fuel,EEX,Exports,MKJEXP21,Midwest (PADD 2) Exports of Kerosene-Type Jet Fuel (Thousand Barrels),1,MBBL
2000-06,R20-Z00,PADD 2,EPJK,Kerosene-Type Jet Fuel,EEX,Exports,MKJEXP22,Midwest (PADD 2) Exports of Kerosene-Type Jet Fuel (Thousand Barrels per Day),0,MBBL/D
2000-07,R20-Z00,PADD 2,EPJK,Kerosene-Type Jet Fuel,EEX,Exports,MKJEXP21,Midwest (PADD 2) Exports of Kerosene-Type Jet Fuel (Thousand Barrels),0,MBBL
2000-07,R20-Z00,PADD 2,EPJK,Kerosene-Type Jet Fuel,EEX,Exports,MKJEXP22,Midwest (PADD 2) Exports of Kerosene-Type Jet Fuel (Thousand Barrels per Day),0,MBBL/D
2000-08,R20-Z00,PADD 2,EPJK,Kerosene-Type Jet Fuel,EEX,Exports,MKJEXP21,Midwest (PADD 2) Exports of Kerosene-Type Jet Fuel (Thousand Barrels),91,MBBL
2000-08,R20-Z00,PADD 2,EPJK,Kerosene-Type Jet Fuel,EEX,Exports,MKJEXP22,Midwest (PADD 2) Exports of Kerosene-Type Jet Fuel (Thousand Barrels per Day),3,MBBL/D
2000-09,R20-Z00,PADD 2,EPJK,Kerosene-Type Jet Fuel,EEX,Exports,MKJEXP21,Midwest (PADD 2) Exports of Kerosene-Type Jet Fuel (Thousand Barrels),0,MBBL
2000-10,R20-Z00,PADD 2,EPJK,Kerosene-Type Jet Fuel,EEX,Exports,MKJEXP21,Midwest (PADD 2) Exports of Kerosene-Type Jet Fuel (Thousand Barrels),64,MBBL
2000-10,R20-Z00,PADD 2,EPJK,Kerosene-Type Jet Fuel,EEX,Exports,MKJEXP22,Midwest (PADD 2) Exports of Kerosene-Type Jet Fuel (Thousand Barrels per Day),2,MBBL/D
2000-11,R20-Z00,PADD 2,EPJK,Kerosene-Type Jet Fuel,EEX,Exports,MKJEXP21,Midwest (PADD 2) Exports of Kerosene-Type Jet Fuel (Thousand Barrels),0,MBBL
2000-12,R20-Z00,PADD 2,EPJK,Kerosene-Type Jet Fuel,EEX,Exports,MKJEXP21,Midwest (PADD 2) Exports of Kerosene-Type Jet Fuel (Thousand Barrels),0,MBBL
2001-01,R20-Z00,PADD 2,EPJK,Kerosene-Type Jet Fuel,EEX,Exports,MKJEXP21,Midwest (PADD 2) Exports of Kerosene-Type Jet Fuel (Thousand Barrels),0,MBBL
2001-01,R20-Z00,PADD 2,EPJK,Kerosene-Type Jet Fuel,EEX,Exports,MKJEXP22,Midwest (PADD 2) Exports of Kerosene-Type Jet Fuel (Thousand Barrels per Day),0,MBBL/D
2001-02,R20-Z00,PADD 2,EPJK,Kerosene-Type Jet Fuel,EEX,Exports,MKJEXP21,Midwest (PADD 2) Exports of Kerosene-Type Jet Fuel (Thousand Barrels),67,MBBL
2001-02,R20-Z00,PADD 2,EPJK,Kerosene-Type Jet Fuel,EEX,Exports,MKJEXP22,Midwest (PADD 2) Exports of Kerosene-Type Jet Fuel (Thousand Barrels per Day),2,MBBL/D
2001-03,R20-Z00,PADD 2,EPJK,Kerosene-Type Jet Fuel,EEX,Exports,MKJEXP21,Midwest (PADD 2) Exports of Kerosene-Type Jet Fuel (Thousand Barrels),31,MBBL
2001-03,R20-Z00,PADD 2,EPJK,Kerosene-Type Jet Fuel,EEX,Exports,MKJEXP22,Midwest (PADD 2) Exports of Kerosene-Type Jet Fuel (Thousand Barrels per Day),1,MBBL/D
2001-04,R20-Z00,PADD 2,EPJK,Kerosene-Type Jet Fuel,EEX,Exports,MKJEXP21,Midwest (PADD 2) Exports of Kerosene-Type Jet Fuel (Thousand Barrels),228,MBBL
2001-04,R20-Z00,PADD 2,EPJK,Kerosene-Type Jet Fuel,EEX,Exports,MKJEXP22,Midwest (PADD 2) Exports of Kerosene-Type Jet Fuel (Thousand Barrels per Day),8,MBBL/D
2001-05,R20-Z00,PADD 2,EPJK,Kerosene-Type Jet Fuel,EEX,Exports,MKJEXP21,Midwest (PADD 2) Exports of Kerosene-Type Jet Fuel (Thousand Barrels),0,MBBL
2001-05,R20-Z00,PADD 2,EPJK,Kerosene-Type Jet Fuel,EEX,Exports,MKJEXP22,Midwest (PADD 2) Exports of Kerosene-Type Jet Fuel (Thousand Barrels per Day),0,MBBL/D
2001-06,R20-Z00,PADD 2,EPJK,Kerosene-Type Jet Fuel,EEX,Exports,MKJEXP21,Midwest (PADD 2) Exports of Kerosene-Type Jet Fuel (Thousand Barrels),0,MBBL
2001-06,R20-Z00,PADD 2,EPJK,Kerosene-Type Jet Fuel,EEX,Exports,MKJEXP22,Midwest (PADD 2) Exports of Kerosene-Type Jet Fuel (Thousand Barrels per Day),0,MBBL/D
2001-07,R20-Z00,PADD 2,EPJK,Kerosene-Type Jet Fuel,EEX,Exports,MKJEXP21,Midwest (PADD 2) Exports of Kerosene-Type Jet Fuel (Thousand Barrels),1,MBBL
2001-07,R20-Z00,PADD 2,EPJK,Kerosene-Type Jet Fuel,EEX,Exports,MKJEXP22,Midwest (PADD 2) Exports of Kerosene-Type Jet Fuel (Thousand Barrels per Day),0,MBBL/D
2001-08,R20-Z00,PADD 2,EPJK,Kerosene-Type Jet Fuel,EEX,Exports,MKJEXP21,Midwest (PADD 2) Exports of Kerosene-Type Jet Fuel (Thousand Barrels),73,MBBL
2001-08,R20-Z00,PADD 2,EPJK,Kerosene-Type Jet Fuel,EEX,Exports,MKJEXP22,Midwest (PADD 2) Exports of Kerosene-Type Jet Fuel (Thousand Barrels per Day),2,MBBL/D
2001-09,R20-Z00,PADD 2,EPJK,Kerosene-Type Jet Fuel,EEX,Exports,MKJEXP21,Midwest (PADD 2) Exports of Kerosene-Type Jet Fuel (Thousand Barrels),0,MBBL
2001-09,R20-Z00,PADD 2,EPJK,Kerosene-Type Jet Fuel,EEX,Exports,MKJEXP22,Midwest (PADD 2) Exports of Kerosene-Type Jet Fuel (Thousand Barrels per Day),0,MBBL/D
2001-10,R20-Z00,PADD 2,EPJK,Kerosene-Type Jet Fuel,EEX,Exports,MKJEXP21,Midwest (PADD 2) Exports of Kerosene-Type Jet Fuel (Thousand Barrels),0,MBBL
2001-11,R20-Z00,PADD 2,EPJK,Kerosene-Type Jet Fuel,EEX,Exports,MKJEXP21,Midwest (PADD 2) Exports of Kerosene-Type Jet Fuel (Thousand Barrels),0,MBBL
2001-11,R20-Z00,PADD 2,EPJK,Kerosene-Type Jet Fuel,EEX,Exports,MKJEXP22,Midwest (PADD 2) Exports of Kerosene-Type Jet Fuel (Thousand Barrels per Day),0,MBBL/D
2001-12,R20-Z00,PADD 2,EPJK,Kerosene-Type Jet Fuel,EEX,Exports,MKJEXP21,Midwest (PADD 2) Exports of Kerosene-Type Jet Fuel (Thousand Barrels),0,MBBL
2002-04,R20-Z00,PADD 2,EPJK,Kerosene-Type Jet Fuel,EEX,Exports,MKJEXP21,Midwest (PADD 2) Exports of Kerosene-Type Jet Fuel (Thousand Barrels),0,MBBL
2002-04,R20-Z00,PADD 2,EPJK,Kerosene-Type Jet Fuel,EEX,Exports,MKJEXP22,Midwest (PADD 2) Exports of Kerosene-Type Jet Fuel (Thousand Barrels per Day),0,MBBL/D
2002-06,R20-Z00,PADD 2,EPJK,Kerosene-Type Jet Fuel,EEX,Exports,MKJEXP21,Midwest (PADD 2) Exports of Kerosene-Type Jet Fuel (Thousand Barrels),0,MBBL
2002-06,R20-Z00,PADD 2,EPJK,Kerosene-Type Jet Fuel,EEX,Exports,MKJEXP22,Midwest (PADD 2) Exports of Kerosene-Type Jet Fuel (Thousand Barrels per Day),0,MBBL/D
2003-01,R20-Z00,PADD 2,EPJK,Kerosene-Type Jet Fuel,EEX,Exports,MKJEXP21,Midwest (PADD 2) Exports of Kerosene-Type Jet Fuel (Thousand Barrels),0,MBBL
2003-01,R20-Z00,PADD 2,EPJK,Kerosene-Type Jet Fuel,EEX,Exports,MKJEXP22,Midwest (PADD 2) Exports of Kerosene-Type Jet Fuel (Thousand Barrels per Day),0,MBBL/D
2003-02,R20-Z00,PADD 2,EPJK,Kerosene-Type Jet Fuel,EEX,Exports,MKJEXP21,Midwest (PADD 2) Exports of Kerosene-Type Jet Fuel (Thousand Barrels),0,MBBL
2003-03,R20-Z00,PADD 2,EPJK,Kerosene-Type Jet Fuel,EEX,Exports,MKJEXP21,Midwest (PADD 2) Exports of Kerosene-Type Jet Fuel (Thousand Barrels),0,MBBL
2003-04,R20-Z00,PADD 2,EPJK,Kerosene-Type Jet Fuel,EEX,Exports,MKJEXP21,Midwest (PADD 2) Exports of Kerosene-Type Jet Fuel (Thousand Barrels),2,MBBL
2003-04,R20-Z00,PADD 2,EPJK,Kerosene-Type Jet Fuel,EEX,Exports,MKJEXP22,Midwest (PADD 2) Exports of Kerosene-Type Jet Fuel (Thousand Barrels per Day),0,MBBL/D
2003-05,R20-Z00,PADD 2,EPJK,Kerosene-Type Jet Fuel,EEX,Exports,MKJEXP21,Midwest (PADD 2) Exports of Kerosene-Type Jet Fuel (Thousand Barrels),3,MBBL
2003-05,R20-Z00,PADD 2,EPJK,Kerosene-Type Jet Fuel,EEX,Exports,MKJEXP22,Midwest (PADD 2) Exports of Kerosene-Type Jet Fuel (Thousand Barrels per Day),0,MBBL/D
2003-06,R20-Z00,PADD 2,EPJK,Kerosene-Type Jet Fuel,EEX,Exports,MKJEXP21,Midwest (PADD 2) Exports of Kerosene-Type Jet Fuel (Thousand Barrels),0,MBBL
2003-06,R20-Z00,PADD 2,EPJK,Kerosene-Type Jet Fuel,EEX,Exports,MKJEXP22,Midwest (PADD 2) Exports of Kerosene-Type Jet Fuel (Thousand Barrels per Day),0,MBBL/D
2003-07,R20-Z00,PADD 2,EPJK,Kerosene-Type Jet Fuel,EEX,Exports,MKJEXP21,Midwest (PADD 2) Exports of Kerosene-Type Jet Fuel (Thousand Barrels),0,MBBL
2003-08,R20-Z00,PADD 2,EPJK,Kerosene-Type Jet Fuel,EEX,Exports,MKJEXP21,Midwest (PADD 2) Exports of Kerosene-Type Jet Fuel (Thousand Barrels),0,MBBL
2003-09,R20-Z00,PADD 2,EPJK,Kerosene-Type Jet Fuel,EEX,Exports,MKJEXP21,Midwest (PADD 2) Exports of Kerosene-Type Jet Fuel (Thousand Barrels),0,MBBL
2003-10,R20-Z00,PADD 2,EPJK,Kerosene-Type Jet Fuel,EEX,Exports,MKJEXP21,Midwest (PADD 2) Exports of Kerosene-Type Jet Fuel (Thousand Barrels),1,MBBL
2003-10,R20-Z00,PADD 2,EPJK,Kerosene-Type Jet Fuel,EEX,Exports,MKJEXP22,Midwest (PADD 2) Exports of Kerosene-Type Jet Fuel (Thousand Barrels per Day),0,MBBL/D
2003-11,R20-Z00,PADD 2,EPJK,Kerosene-Type Jet Fuel,EEX,Exports,MKJEXP21,Midwest (PADD 2) Exports of Kerosene-Type Jet Fuel (Thousand Barrels),0,MBBL
2003-12,R20-Z00,PADD 2,EPJK,Kerosene-Type Jet Fuel,EEX,Exports,MKJEXP21,Midwest (PADD 2) Exports of Kerosene-Type Jet Fuel (Thousand Barrels),0,MBBL
2004-01,R20-Z00,PADD 2,EPJK,Kerosene-Type Jet Fuel,EEX,Exports,MKJEXP21,Midwest (PADD 2) Exports of Kerosene-Type Jet Fuel (Thousand Barrels),0,MBBL
2004-01,R20-Z00,PADD 2,EPJK,Kerosene-Type Jet Fuel,EEX,Exports,MKJEXP22,Midwest (PADD 2) Exports of Kerosene-Type Jet Fuel (Thousand Barrels per Day),0,MBBL/D
2004-02,R20-Z00,PADD 2,EPJK,Kerosene-Type Jet Fuel,EEX,Exports,MKJEXP21,Midwest (PADD 2) Exports of Kerosene-Type Jet Fuel (Thousand Barrels),0,MBBL
2004-02,R20-Z00,PADD 2,EPJK,Kerosene-Type Jet Fuel,EEX,Exports,MKJEXP22,Midwest (PADD 2) Exports of Kerosene-Type Jet Fuel (Thousand Barrels per Day),0,MBBL/D
2004-04,R20-Z00,PADD 2,EPJK,Kerosene-Type Jet Fuel,EEX,Exports,MKJEXP21,Midwest (PADD 2) Exports of Kerosene-Type Jet Fuel (Thousand Barrels),0,MBBL
2004-04,R20-Z00,PADD 2,EPJK,Kerosene-Type Jet Fuel,EEX,Exports,MKJEXP22,Midwest (PADD 2) Exports of Kerosene-Type Jet Fuel (Thousand Barrels per Day),0,MBBL/D
2004-06,R20-Z00,PADD 2,EPJK,Kerosene-Type Jet Fuel,EEX,Exports,MKJEXP21,Midwest (PADD 2) Exports of Kerosene-Type Jet Fuel (Thousand Barrels),2,MBBL
2004-06,R20-Z00,PADD 2,EPJK,Kerosene-Type Jet Fuel,EEX,Exports,MKJEXP22,Midwest (PADD 2) Exports of Kerosene-Type Jet Fuel (Thousand Barrels per Day),0,MBBL/D
2004-07,R20-Z00,PADD 2,EPJK,Kerosene-Type Jet Fuel,EEX,Exports,MKJEXP21,Midwest (PADD 2) Exports of Kerosene-Type Jet Fuel (Thousand Barrels),1,MBBL
2004-07,R20-Z00,PADD 2,EPJK,Kerosene-Type Jet Fuel,EEX,Exports,MKJEXP22,Midwest (PADD 2) Exports of Kerosene-Type Jet Fuel (Thousand Barrels per Day),0,MBBL/D
2004-09,R20-Z00,PADD 2,EPJK,Kerosene-Type Jet Fuel,EEX,Exports,MKJEXP21,Midwest (PADD 2) Exports of Kerosene-Type Jet Fuel (Thousand Barrels),1,MBBL
2004-09,R20-Z00,PADD 2,EPJK,Kerosene-Type Jet Fuel,EEX,Exports,MKJEXP22,Midwest (PADD 2) Exports of Kerosene-Type Jet Fuel (Thousand Barrels per Day),0,MBBL/D
2004-10,R20-Z00,PADD 2,EPJK,Kerosene-Type Jet Fuel,EEX,Exports,MKJEXP21,Midwest (PADD 2) Exports of Kerosene-Type Jet Fuel (Thousand Barrels),3,MBBL
2004-10,R20-Z00,PADD 2,EPJK,Kerosene-Type Jet Fuel,EEX,Exports,MKJEXP22,Midwest (PADD 2) Exports of Kerosene-Type Jet Fuel (Thousand Barrels per Day),0,MBBL/D
2004-11,R20-Z00,PADD 2,EPJK,Kerosene-Type Jet Fuel,EEX,Exports,MKJEXP21,Midwest (PADD 2) Exports of Kerosene-Type Jet Fuel (Thousand Barrels),7,MBBL
2004-11,R20-Z00,PADD 2,EPJK,Kerosene-Type Jet Fuel,EEX,Exports,MKJEXP22,Midwest (PADD 2) Exports of Kerosene-Type Jet Fuel (Thousand Barrels per Day),0,MBBL/D
2004-12,R20-Z00,PADD 2,EPJK,Kerosene-Type Jet Fuel,EEX,Exports,MKJEXP21,Midwest (PADD 2) Exports of Kerosene-Type Jet Fuel (Thousand Barrels),85,MBBL
2004-12,R20-Z00,PADD 2,EPJK,Kerosene-Type Jet Fuel,EEX,Exports,MKJEXP22,Midwest (PADD 2) Exports of Kerosene-Type Jet Fuel (Thousand Barrels per Day),3,MBBL/D
2005-01,R20-Z00,PADD 2,EPJK,Kerosene-Type Jet Fuel,EEX,Exports,MKJEXP21,Midwest (PADD 2) Exports of Kerosene-Type Jet Fuel (Thousand Barrels),2,MBBL
2005-01,R20-Z00,PADD 2,EPJK,Kerosene-Type Jet Fuel,EEX,Exports,MKJEXP22,Midwest (PADD 2) Exports of Kerosene-Type Jet Fuel (Thousand Barrels per Day),0,MBBL/D
2005-02,R20-Z00,PADD 2,EPJK,Kerosene-Type Jet Fuel,EEX,Exports,MKJEXP21,Midwest (PADD 2) Exports of Kerosene-Type Jet Fuel (Thousand Barrels),26,MBBL
2005-02,R20-Z00,PADD 2,EPJK,Kerosene-Type Jet Fuel,EEX,Exports,MKJEXP22,Midwest (PADD 2) Exports of Kerosene-Type Jet Fuel (Thousand Barrels per Day),1,MBBL/D
2005-03,R20-Z00,PADD 2,EPJK,Kerosene-Type Jet Fuel,EEX,Exports,MKJEXP21,Midwest (PADD 2) Exports of Kerosene-Type Jet Fuel (Thousand Barrels),2,MBBL
2005-03,R20-Z00,PADD 2,EPJK,Kerosene-Type Jet Fuel,EEX,Exports,MKJEXP22,Midwest (PADD 2) Exports of Kerosene-Type Jet Fuel (Thousand Barrels per Day),0,MBBL/D
2005-04,R20-Z00,PADD 2,EPJK,Kerosene-Type Jet Fuel,EEX,Exports,MKJEXP21,Midwest (PADD 2) Exports of Kerosene-Type Jet Fuel (Thousand Barrels),2,MBBL
2005-04,R20-Z00,PADD 2,EPJK,Kerosene-Type Jet Fuel,EEX,Exports,MKJEXP22,Midwest (PADD 2) Exports of Kerosene-Type Jet Fuel (Thousand Barrels per Day),0,MBBL/D
2005-05,R20-Z00,PADD 2,EPJK,Kerosene-Type Jet Fuel,EEX,Exports,MKJEXP21,Midwest (PADD 2) Exports of Kerosene-Type Jet Fuel (Thousand Barrels),204,MBBL
2005-05,R20-Z00,PADD 2,EPJK,Kerosene-Type Jet Fuel,EEX,Exports,MKJEXP22,Midwest (PADD 2) Exports of Kerosene-Type Jet Fuel (Thousand Barrels per Day),7,MBBL/D
2005-06,R20-Z00,PADD 2,EPJK,Kerosene-Type Jet Fuel,EEX,Exports,MKJEXP21,Midwest (PADD 2) Exports of Kerosene-Type Jet Fuel (Thousand Barrels),4,MBBL
2005-06,R20-Z00,PADD 2,EPJK,Kerosene-Type Jet Fuel,EEX,Exports,MKJEXP22,Midwest (PADD 2) Exports of Kerosene-Type Jet Fuel (Thousand Barrels per Day),0,MBBL/D
2005-07,R20-Z00,PADD 2,EPJK,Kerosene-Type Jet Fuel,EEX,Exports,MKJEXP21,Midwest (PADD 2) Exports of Kerosene-Type Jet Fuel (Thousand Barrels),52,MBBL
2005-07,R20-Z00,PADD 2,EPJK,Kerosene-Type Jet Fuel,EEX,Exports,MKJEXP22,Midwest (PADD 2) Exports of Kerosene-Type Jet Fuel (Thousand Barrels per Day),2,MBBL/D
2005-08,R20-Z00,PADD 2,EPJK,Kerosene-Type Jet Fuel,EEX,Exports,MKJEXP21,Midwest (PADD 2) Exports of Kerosene-Type Jet Fuel (Thousand Barrels),144,MBBL
2005-08,R20-Z00,PADD 2,EPJK,Kerosene-Type Jet Fuel,EEX,Exports,MKJEXP22,Midwest (PADD 2) Exports of Kerosene-Type Jet Fuel (Thousand Barrels per Day),5,MBBL/D
2005-09,R20-Z00,PADD 2,EPJK,Kerosene-Type Jet Fuel,EEX,Exports,MKJEXP21,Midwest (PADD 2) Exports of Kerosene-Type Jet Fuel (Thousand Barrels),102,MBBL
2005-09,R20-Z00,PADD 2,EPJK,Kerosene-Type Jet Fuel,EEX,Exports,MKJEXP22,Midwest (PADD 2) Exports of Kerosene-Type Jet Fuel (Thousand Barrels per Day),3,MBBL/D
2005-10,R20-Z00,PADD 2,EPJK,Kerosene-Type Jet Fuel,EEX,Exports,MKJEXP21,Midwest (PADD 2) Exports of Kerosene-Type Jet Fuel (Thousand Barrels),2,MBBL
2005-10,R20-Z00,PADD 2,EPJK,Kerosene-Type Jet Fuel,EEX,Exports,MKJEXP22,Midwest (PADD 2) Exports of Kerosene-Type Jet Fuel (Thousand Barrels per Day),0,MBBL/D
2005-11,R20-Z00,PADD 2,EPJK,Kerosene-Type Jet Fuel,EEX,Exports,MKJEXP21,Midwest (PADD 2) Exports of Kerosene-Type Jet Fuel (Thousand Barrels),1,MBBL
2005-11,R20-Z00,PADD 2,EPJK,Kerosene-Type Jet Fuel,EEX,Exports,MKJEXP22,Midwest (PADD 2) Exports of Kerosene-Type Jet Fuel (Thousand Barrels per Day),0,MBBL/D
2005-12,R20-Z00,PADD 2,EPJK,Kerosene-Type Jet Fuel,EEX,Exports,MKJEXP21,Midwest (PADD 2) Exports of Kerosene-Type Jet Fuel (Thousand Barrels),2,MBBL
2005-12,R20-Z00,PADD 2,EPJK,Kerosene-Type Jet Fuel,EEX,Exports,MKJEXP22,Midwest (PADD 2) Exports of Kerosene-Type Jet Fuel (Thousand Barrels per Day),0,MBBL/D
2006-01,R20-Z00,PADD 2,EPJK,Kerosene-Type Jet Fuel,EEX,Exports,MKJEXP21,Midwest (PADD 2) Exports of Kerosene-Type Jet Fuel (Thousand Barrels),10,MBBL
2006-01,R20-Z00,PADD 2,EPJK,Kerosene-Type Jet Fuel,EEX,Exports,MKJEXP22,Midwest (PADD 2) Exports of Kerosene-Type Jet Fuel (Thousand Barrels per Day),0,MBBL/D
2006-02,R20-Z00,PADD 2,EPJK,Kerosene-Type Jet Fuel,EEX,Exports,MKJEXP21,Midwest (PADD 2) Exports of Kerosene-Type Jet Fuel (Thousand Barrels),11,MBBL
2006-02,R20-Z00,PADD 2,EPJK,Kerosene-Type Jet Fuel,EEX,Exports,MKJEXP22,Midwest (PADD 2) Exports of Kerosene-Type Jet Fuel (Thousand Barrels per Day),0,MBBL/D
2006-03,R20-Z00,PADD 2,EPJK,Kerosene-Type Jet Fuel,EEX,Exports,MKJEXP21,Midwest (PADD 2) Exports of Kerosene-Type Jet Fuel (Thousand Barrels),28,MBBL
2006-03,R20-Z00,PADD 2,EPJK,Kerosene-Type Jet Fuel,EEX,Exports,MKJEXP22,Midwest (PADD 2) Exports of Kerosene-Type Jet Fuel (Thousand Barrels per Day),1,MBBL/D
2006-04,R20-Z00,PADD 2,EPJK,Kerosene-Type Jet Fuel,EEX,Exports,MKJEXP21,Midwest (PADD 2) Exports of Kerosene-Type Jet Fuel (Thousand Barrels),2,MBBL
2006-04,R20-Z00,PADD 2,EPJK,Kerosene-Type Jet Fuel,EEX,Exports,MKJEXP22,Midwest (PADD 2) Exports of Kerosene-Type Jet Fuel (Thousand Barrels per Day),0,MBBL/D
2006-05,R20-Z00,PADD 2,EPJK,Kerosene-Type Jet Fuel,EEX,Exports,MKJEXP21,Midwest (PADD 2) Exports of Kerosene-Type Jet Fuel (Thousand Barrels),3,MBBL
2006-05,R20-Z00,PADD 2,EPJK,Kerosene-Type Jet Fuel,EEX,Exports,MKJEXP22,Midwest (PADD 2) Exports of Kerosene-Type Jet Fuel (Thousand Barrels per Day),0,MBBL/D
2006-06,R20-Z00,PADD 2,EPJK,Kerosene-Type Jet Fuel,EEX,Exports,MKJEXP21,Midwest (PADD 2) Exports of Kerosene-Type Jet Fuel (Thousand Barrels),78,MBBL
2006-06,R20-Z00,PADD 2,EPJK,Kerosene-Type Jet Fuel,EEX,Exports,MKJEXP22,Midwest (PADD 2) Exports of Kerosene-Type Jet Fuel (Thousand Barrels per Day),3,MBBL/D
2006-07,R20-Z00,PADD 2,EPJK,Kerosene-Type Jet Fuel,EEX,Exports,MKJEXP21,Midwest (PADD 2) Exports of Kerosene-Type Jet Fuel (Thousand Barrels),29,MBBL
2006-07,R20-Z00,PADD 2,EPJK,Kerosene-Type Jet Fuel,EEX,Exports,MKJEXP22,Midwest (PADD 2) Exports of Kerosene-Type Jet Fuel (Thousand Barrels per Day),1,MBBL/D
2006-08,R20-Z00,PADD 2,EPJK,Kerosene-Type Jet Fuel,EEX,Exports,MKJEXP21,Midwest (PADD 2) Exports of Kerosene-Type Jet Fuel (Thousand Barrels),129,MBBL
2006-08,R20-Z00,PADD 2,EPJK,Kerosene-Type Jet Fuel,EEX,Exports,MKJEXP22,Midwest (PADD 2) Exports of Kerosene-Type Jet Fuel (Thousand Barrels per Day),4,MBBL/D
2006-09,R20-Z00,PADD 2,EPJK,Kerosene-Type Jet Fuel,EEX,Exports,MKJEXP21,Midwest (PADD 2) Exports of Kerosene-Type Jet Fuel (Thousand Barrels),221,MBBL
2006-09,R20-Z00,PADD 2,EPJK,Kerosene-Type Jet Fuel,EEX,Exports,MKJEXP22,Midwest (PADD 2) Exports of Kerosene-Type Jet Fuel (Thousand Barrels per Day),7,MBBL/D
2006-10,R20-Z00,PADD 2,EPJK,Kerosene-Type Jet Fuel,EEX,Exports,MKJEXP21,Midwest (PADD 2) Exports of Kerosene-Type Jet Fuel (Thousand Barrels),109,MBBL
2006-10,R20-Z00,PADD 2,EPJK,Kerosene-Type Jet Fuel,EEX,Exports,MKJEXP22,Midwest (PADD 2) Exports of Kerosene-Type Jet Fuel (Thousand Barrels per Day),4,MBBL/D
2006-11,R20-Z00,PADD 2,EPJK,Kerosene-Type Jet Fuel,EEX,Exports,MKJEXP21,Midwest (PADD 2) Exports of Kerosene-Type Jet Fuel (Thousand Barrels),556,MBBL
2006-11,R20-Z00,PADD 2,EPJK,Kerosene-Type Jet Fuel,EEX,Exports,MKJEXP22,Midwest (PADD 2) Exports of Kerosene-Type Jet Fuel (Thousand Barrels per Day),19,MBBL/D
2006-12,R20-Z00,PADD 2,EPJK,Kerosene-Type Jet Fuel,EEX,Exports,MKJEXP21,Midwest (PADD 2) Exports of Kerosene-Type Jet Fuel (Thousand Barrels),245,MBBL
2006-12,R20-Z00,PADD 2,EPJK,Kerosene-Type Jet Fuel,EEX,Exports,MKJEXP22,Midwest (PADD 2) Exports of Kerosene-Type Jet Fuel (Thousand Barrels per Day),8,MBBL/D
2007-01,R20-Z00,PADD 2,EPJK,Kerosene-Type Jet Fuel,EEX,Exports,MKJEXP21,Midwest (PADD 2) Exports of Kerosene-Type Jet Fuel (Thousand Barrels),134,MBBL
2007-01,R20-Z00,PADD 2,EPJK,Kerosene-Type Jet Fuel,EEX,Exports,MKJEXP22,Midwest (PADD 2) Exports of Kerosene-Type Jet Fuel (Thousand Barrels per Day),4,MBBL/D
2007-02,R20-Z00,PADD 2,EPJK,Kerosene-Type Jet Fuel,EEX,Exports,MKJEXP21,Midwest (PADD 2) Exports of Kerosene-Type Jet Fuel (Thousand Barrels),206,MBBL
2007-02,R20-Z00,PADD 2,EPJK,Kerosene-Type Jet Fuel,EEX,Exports,MKJEXP22,Midwest (PADD 2) Exports of Kerosene-Type Jet Fuel (Thousand Barrels per Day),7,MBBL/D
2007-03,R20-Z00,PADD 2,EPJK,Kerosene-Type Jet Fuel,EEX,Exports,MKJEXP21,Midwest (PADD 2) Exports of Kerosene-Type Jet Fuel (Thousand Barrels),198,MBBL
2007-03,R20-Z00,PADD 2,EPJK,Kerosene-Type Jet Fuel,EEX,Exports,MKJEXP22,Midwest (PADD 2) Exports of Kerosene-Type Jet Fuel (Thousand Barrels per Day),6,MBBL/D
2007-04,R20-Z00,PADD 2,EPJK,Kerosene-Type Jet Fuel,EEX,Exports,MKJEXP21,Midwest (PADD 2) Exports of Kerosene-Type Jet Fuel (Thousand Barrels),135,MBBL
2007-04,R20-Z00,PADD 2,EPJK,Kerosene-Type Jet Fuel,EEX,Exports,MKJEXP22,Midwest (PADD 2) Exports of Kerosene-Type Jet Fuel (Thousand Barrels per Day),5,MBBL/D
2007-05,R20-Z00,PADD 2,EPJK,Kerosene-Type Jet Fuel,EEX,Exports,MKJEXP21,Midwest (PADD 2) Exports of Kerosene-Type Jet Fuel (Thousand Barrels),106,MBBL
2007-05,R20-Z00,PADD 2,EPJK,Kerosene-Type Jet Fuel,EEX,Exports,MKJEXP22,Midwest (PADD 2) Exports of Kerosene-Type Jet Fuel (Thousand Barrels per Day),3,MBBL/D
2007-06,R20-Z00,PADD 2,EPJK,Kerosene-Type Jet Fuel,EEX,Exports,MKJEXP21,Midwest (PADD 2) Exports of Kerosene-Type Jet Fuel (Thousand Barrels),264,MBBL
2007-06,R20-Z00,PADD 2,EPJK,Kerosene-Type Jet Fuel,EEX,Exports,MKJEXP22,Midwest (PADD 2) Exports of Kerosene-Type Jet Fuel (Thousand Barrels per Day),9,MBBL/D
2007-07,R20-Z00,PADD 2,EPJK,Kerosene-Type Jet Fuel,EEX,Exports,MKJEXP21,Midwest (PADD 2) Exports of Kerosene-Type Jet Fuel (Thousand Barrels),90,MBBL
2007-07,R20-Z00,PADD 2,EPJK,Kerosene-Type Jet Fuel,EEX,Exports,MKJEXP22,Midwest (PADD 2) Exports of Kerosene-Type Jet Fuel (Thousand Barrels per Day),3,MBBL/D
2007-08,R20-Z00,PADD 2,EPJK,Kerosene-Type Jet Fuel,EEX,Exports,MKJEXP21,Midwest (PADD 2) Exports of Kerosene-Type Jet Fuel (Thousand Barrels),50,MBBL
2007-08,R20-Z00,PADD 2,EPJK,Kerosene-Type Jet Fuel,EEX,Exports,MKJEXP22,Midwest (PADD 2) Exports of Kerosene-Type Jet Fuel (Thousand Barrels per Day),2,MBBL/D
2007-09,R20-Z00,PADD 2,EPJK,Kerosene-Type Jet Fuel,EEX,Exports,MKJEXP21,Midwest (PADD 2) Exports of Kerosene-Type Jet Fuel (Thousand Barrels),243,MBBL
2007-09,R20-Z00,PADD 2,EPJK,Kerosene-Type Jet Fuel,EEX,Exports,MKJEXP22,Midwest (PADD 2) Exports of Kerosene-Type Jet Fuel (Thousand Barrels per Day),8,MBBL/D
2007-10,R20-Z00,PADD 2,EPJK,Kerosene-Type Jet Fuel,EEX,Exports,MKJEXP21,Midwest (PADD 2) Exports of Kerosene-Type Jet Fuel (Thousand Barrels),318,MBBL
2007-10,R20-Z00,PADD 2,EPJK,Kerosene-Type Jet Fuel,EEX,Exports,MKJEXP22,Midwest (PADD 2) Exports of Kerosene-Type Jet Fuel (Thousand Barrels per Day),10,MBBL/D
2007-11,R20-Z00,PADD 2,EPJK,Kerosene-Type Jet Fuel,EEX,Exports,MKJEXP21,Midwest (PADD 2) Exports of Kerosene-Type Jet Fuel (Thousand Barrels),419,MBBL
2007-11,R20-Z00,PADD 2,EPJK,Kerosene-Type Jet Fuel,EEX,Exports,MKJEXP22,Midwest (PADD 2) Exports of Kerosene-Type Jet Fuel (Thousand Barrels per Day),14,MBBL/D
2007-12,R20-Z00,PADD 2,EPJK,Kerosene-Type Jet Fuel,EEX,Exports,MKJEXP21,Midwest (PADD 2) Exports of Kerosene-Type Jet Fuel (Thousand Barrels),247,MBBL
2007-12,R20-Z00,PADD 2,EPJK,Kerosene-Type Jet Fuel,EEX,Exports,MKJEXP22,Midwest (PADD 2) Exports of Kerosene-Type Jet Fuel (Thousand Barrels per Day),8,MBBL/D
2008-01,R20-Z00,PADD 2,EPJK,Kerosene-Type Jet Fuel,EEX,Exports,MKJEXP21,Midwest (PADD 2) Exports of Kerosene-Type Jet Fuel (Thousand Barrels),766,MBBL
2008-01,R20-Z00,PADD 2,EPJK,Kerosene-Type Jet Fuel,EEX,Exports,MKJEXP22,Midwest (PADD 2) Exports of Kerosene-Type Jet Fuel (Thousand Barrels per Day),25,MBBL/D
2008-02,R20-Z00,PADD 2,EPJK,Kerosene-Type Jet Fuel,EEX,Exports,MKJEXP21,Midwest (PADD 2) Exports of Kerosene-Type Jet Fuel (Thousand Barrels),332,MBBL
2008-02,R20-Z00,PADD 2,EPJK,Kerosene-Type Jet Fuel,EEX,Exports,MKJEXP22,Midwest (PADD 2) Exports of Kerosene-Type Jet Fuel (Thousand Barrels per Day),11,MBBL/D
2008-03,R20-Z00,PADD 2,EPJK,Kerosene-Type Jet Fuel,EEX,Exports,MKJEXP21,Midwest (PADD 2) Exports of Kerosene-Type Jet Fuel (Thousand Barrels),312,MBBL
2008-03,R20-Z00,PADD 2,EPJK,Kerosene-Type Jet Fuel,EEX,Exports,MKJEXP22,Midwest (PADD 2) Exports of Kerosene-Type Jet Fuel (Thousand Barrels per Day),10,MBBL/D
2008-04,R20-Z00,PADD 2,EPJK,Kerosene-Type Jet Fuel,EEX,Exports,MKJEXP21,Midwest (PADD 2) Exports of Kerosene-Type Jet Fuel (Thousand Barrels),211,MBBL
2008-04,R20-Z00,PADD 2,EPJK,Kerosene-Type Jet Fuel,EEX,Exports,MKJEXP22,Midwest (PADD 2) Exports of Kerosene-Type Jet Fuel (Thousand Barrels per Day),7,MBBL/D
2008-05,R20-Z00,PADD 2,EPJK,Kerosene-Type Jet Fuel,EEX,Exports,MKJEXP21,Midwest (PADD 2) Exports of Kerosene-Type Jet Fuel (Thousand Barrels),336,MBBL
2008-05,R20-Z00,PADD 2,EPJK,Kerosene-Type Jet Fuel,EEX,Exports,MKJEXP22,Midwest (PADD 2) Exports of Kerosene-Type Jet Fuel (Thousand Barrels per Day),11,MBBL/D
2008-06,R20-Z00,PADD 2,EPJK,Kerosene-Type Jet Fuel,EEX,Exports,MKJEXP21,Midwest (PADD 2) Exports of Kerosene-Type Jet Fuel (Thousand Barrels),106,MBBL
2008-06,R20-Z00,PADD 2,EPJK,Kerosene-Type Jet Fuel,EEX,Exports,MKJEXP22,Midwest (PADD 2) Exports of Kerosene-Type Jet Fuel (Thousand Barrels per Day),4,MBBL/D
2008-07,R20-Z00,PADD 2,EPJK,Kerosene-Type Jet Fuel,EEX,Exports,MKJEXP21,Midwest (PADD 2) Exports of Kerosene-Type Jet Fuel (Thousand Barrels),71,MBBL
2008-07,R20-Z00,PADD 2,EPJK,Kerosene-Type Jet Fuel,EEX,Exports,MKJEXP22,Midwest (PADD 2) Exports of Kerosene-Type Jet Fuel (Thousand Barrels per Day),2,MBBL/D
2008-08,R20-Z00,PADD 2,EPJK,Kerosene-Type Jet Fuel,EEX,Exports,MKJEXP21,Midwest (PADD 2) Exports of Kerosene-Type Jet Fuel (Thousand Barrels),108,MBBL
2008-08,R20-Z00,PADD 2,EPJK,Kerosene-Type Jet Fuel,EEX,Exports,MKJEXP22,Midwest (PADD 2) Exports of Kerosene-Type Jet Fuel (Thousand Barrels per Day),3,MBBL/D
2008-09,R20-Z00,PADD 2,EPJK,Kerosene-Type Jet Fuel,EEX,Exports,MKJEXP21,Midwest (PADD 2) Exports of Kerosene-Type Jet Fuel (Thousand Barrels),92,MBBL
2008-09,R20-Z00,PADD 2,EPJK,Kerosene-Type Jet Fuel,EEX,Exports,MKJEXP22,Midwest (PADD 2) Exports of Kerosene-Type Jet Fuel (Thousand Barrels per Day),3,MBBL/D
2008-10,R20-Z00,PADD 2,EPJK,Kerosene-Type Jet Fuel,EEX,Exports,MKJEXP21,Midwest (PADD 2) Exports of Kerosene-Type Jet Fuel (Thousand Barrels),386,MBBL
2008-10,R20-Z00,PADD 2,EPJK,Kerosene-Type Jet Fuel,EEX,Exports,MKJEXP22,Midwest (PADD 2) Exports of Kerosene-Type Jet Fuel (Thousand Barrels per Day),12,MBBL/D
2008-11,R20-Z00,PADD 2,EPJK,Kerosene-Type Jet Fuel,EEX,Exports,MKJEXP21,Midwest (PADD 2) Exports of Kerosene-Type Jet Fuel (Thousand Barrels),238,MBBL
2008-11,R20-Z00,PADD 2,EPJK,Kerosene-Type Jet Fuel,EEX,Exports,MKJEXP22,Midwest (PADD 2) Exports of Kerosene-Type Jet Fuel (Thousand Barrels per Day),8,MBBL/D
2008-12,R20-Z00,PADD 2,EPJK,Kerosene-Type Jet Fuel,EEX,Exports,MKJEXP21,Midwest (PADD 2) Exports of Kerosene-Type Jet Fuel (Thousand Barrels),194,MBBL
2008-12,R20-Z00,PADD 2,EPJK,Kerosene-Type Jet Fuel,EEX,Exports,MKJEXP22,Midwest (PADD 2) Exports of Kerosene-Type Jet Fuel (Thousand Barrels per Day),6,MBBL/D
2009-01,R20-Z00,PADD 2,EPJK,Kerosene-Type Jet Fuel,EEX,Exports,MKJEXP21,Midwest (PADD 2) Exports of Kerosene-Type Jet Fuel (Thousand Barrels),239,MBBL
2009-01,R20-Z00,PADD 2,EPJK,Kerosene-Type Jet Fuel,EEX,Exports,MKJEXP22,Midwest (PADD 2) Exports of Kerosene-Type Jet Fuel (Thousand Barrels per Day),8,MBBL/D
2009-02,R20-Z00,PADD 2,EPJK,Kerosene-Type Jet Fuel,EEX,Exports,MKJEXP21,Midwest (PADD 2) Exports of Kerosene-Type Jet Fuel (Thousand Barrels),56,MBBL
2009-02,R20-Z00,PADD 2,EPJK,Kerosene-Type Jet Fuel,EEX,Exports,MKJEXP22,Midwest (PADD 2) Exports of Kerosene-Type Jet Fuel (Thousand Barrels per Day),2,MBBL/D
2009-03,R20-Z00,PADD 2,EPJK,Kerosene-Type Jet Fuel,EEX,Exports,MKJEXP21,Midwest (PADD 2) Exports of Kerosene-Type Jet Fuel (Thousand Barrels),136,MBBL
2009-03,R20-Z00,PADD 2,EPJK,Kerosene-Type Jet Fuel,EEX,Exports,MKJEXP22,Midwest (PADD 2) Exports of Kerosene-Type Jet Fuel (Thousand Barrels per Day),4,MBBL/D
2009-04,R20-Z00,PADD 2,EPJK,Kerosene-Type Jet Fuel,EEX,Exports,MKJEXP21,Midwest (PADD 2) Exports of Kerosene-Type Jet Fuel (Thousand Barrels),76,MBBL
2009-04,R20-Z00,PADD 2,EPJK,Kerosene-Type Jet Fuel,EEX,Exports,MKJEXP22,Midwest (PADD 2) Exports of Kerosene-Type Jet Fuel (Thousand Barrels per Day),3,MBBL/D
2009-05,R20-Z00,PADD 2,EPJK,Kerosene-Type Jet Fuel,EEX,Exports,MKJEXP21,Midwest (PADD 2) Exports of Kerosene-Type Jet Fuel (Thousand Barrels),86,MBBL
2009-05,R20-Z00,PADD 2,EPJK,Kerosene-Type Jet Fuel,EEX,Exports,MKJEXP22,Midwest (PADD 2) Exports of Kerosene-Type Jet Fuel (Thousand Barrels per Day),3,MBBL/D
2009-06,R20-Z00,PADD 2,EPJK,Kerosene-Type Jet Fuel,EEX,Exports,MKJEXP21,Midwest (PADD 2) Exports of Kerosene-Type Jet Fuel (Thousand Barrels),210,MBBL
2009-06,R20-Z00,PADD 2,EPJK,Kerosene-Type Jet Fuel,EEX,Exports,MKJEXP22,Midwest (PADD 2) Exports of Kerosene-Type Jet Fuel (Thousand Barrels per Day),7,MBBL/D
2009-07,R20-Z00,PADD 2,EPJK,Kerosene-Type Jet Fuel,EEX,Exports,MKJEXP21,Midwest (PADD 2) Exports of Kerosene-Type Jet Fuel (Thousand Barrels),115,MBBL
2009-07,R20-Z00,PADD 2,EPJK,Kerosene-Type Jet Fuel,EEX,Exports,MKJEXP22,Midwest (PADD 2) Exports of Kerosene-Type Jet Fuel (Thousand Barrels per Day),4,MBBL/D
2009-08,R20-Z00,PADD 2,EPJK,Kerosene-Type Jet Fuel,EEX,Exports,MKJEXP21,Midwest (PADD 2) Exports of Kerosene-Type Jet Fuel (Thousand Barrels),457,MBBL
2009-08,R20-Z00,PADD 2,EPJK,Kerosene-Type Jet Fuel,EEX,Exports,MKJEXP22,Midwest (PADD 2) Exports of Kerosene-Type Jet Fuel (Thousand Barrels per Day),15,MBBL/D
2009-09,R20-Z00,PADD 2,EPJK,Kerosene-Type Jet Fuel,EEX,Exports,MKJEXP21,Midwest (PADD 2) Exports of Kerosene-Type Jet Fuel (Thousand Barrels),175,MBBL
2009-09,R20-Z00,PADD 2,EPJK,Kerosene-Type Jet Fuel,EEX,Exports,MKJEXP22,Midwest (PADD 2) Exports of Kerosene-Type Jet Fuel (Thousand Barrels per Day),6,MBBL/D
2009-10,R20-Z00,PADD 2,EPJK,Kerosene-Type Jet Fuel,EEX,Exports,MKJEXP21,Midwest (PADD 2) Exports of Kerosene-Type Jet Fuel (Thousand Barrels),175,MBBL
2009-10,R20-Z00,PADD 2,EPJK,Kerosene-Type Jet Fuel,EEX,Exports,MKJEXP22,Midwest (PADD 2) Exports of Kerosene-Type Jet Fuel (Thousand Barrels per Day),6,MBBL/D
2009-11,R20-Z00,PADD 2,EPJK,Kerosene-Type Jet Fuel,EEX,Exports,MKJEXP21,Midwest (PADD 2) Exports of Kerosene-Type Jet Fuel (Thousand Barrels),133,MBBL
2009-11,R20-Z00,PADD 2,EPJK,Kerosene-Type Jet Fuel,EEX,Exports,MKJEXP22,Midwest (PADD 2) Exports of Kerosene-Type Jet Fuel (Thousand Barrels per Day),4,MBBL/D
2009-12,R20-Z00,PADD 2,EPJK,Kerosene-Type Jet Fuel,EEX,Exports,MKJEXP21,Midwest (PADD 2) Exports of Kerosene-Type Jet Fuel (Thousand Barrels),93,MBBL
2009-12,R20-Z00,PADD 2,EPJK,Kerosene-Type Jet Fuel,EEX,Exports,MKJEXP22,Midwest (PADD 2) Exports of Kerosene-Type Jet Fuel (Thousand Barrels per Day),3,MBBL/D
2010-01,R20-Z00,PADD 2,EPJK,Kerosene-Type Jet Fuel,EEX,Exports,MKJEXP21,Midwest (PADD 2) Exports of Kerosene-Type Jet Fuel (Thousand Barrels),116,MBBL
2010-01,R20-Z00,PADD 2,EPJK,Kerosene-Type Jet Fuel,EEX,Exports,MKJEXP22,Midwest (PADD 2) Exports of Kerosene-Type Jet Fuel (Thousand Barrels per Day),4,MBBL/D
2010-02,R20-Z00,PADD 2,EPJK,Kerosene-Type Jet Fuel,EEX,Exports,MKJEXP21,Midwest (PADD 2) Exports of Kerosene-Type Jet Fuel (Thousand Barrels),77,MBBL
2010-02,R20-Z00,PADD 2,EPJK,Kerosene-Type Jet Fuel,EEX,Exports,MKJEXP22,Midwest (PADD 2) Exports of Kerosene-Type Jet Fuel (Thousand Barrels per Day),3,MBBL/D
2010-03,R20-Z00,PADD 2,EPJK,Kerosene-Type Jet Fuel,EEX,Exports,MKJEXP21,Midwest (PADD 2) Exports of Kerosene-Type Jet Fuel (Thousand Barrels),93,MBBL
2010-03,R20-Z00,PADD 2,EPJK,Kerosene-Type Jet Fuel,EEX,Exports,MKJEXP22,Midwest (PADD 2) Exports of Kerosene-Type Jet Fuel (Thousand Barrels per Day),3,MBBL/D
2010-04,R20-Z00,PADD 2,EPJK,Kerosene-Type Jet Fuel,EEX,Exports,MKJEXP21,Midwest (PADD 2) Exports of Kerosene-Type Jet Fuel (Thousand Barrels),108,MBBL
2010-04,R20-Z00,PADD 2,EPJK,Kerosene-Type Jet Fuel,EEX,Exports,MKJEXP22,Midwest (PADD 2) Exports of Kerosene-Type Jet Fuel (Thousand Barrels per Day),4,MBBL/D
2010-05,R20-Z00,PADD 2,EPJK,Kerosene-Type Jet Fuel,EEX,Exports,MKJEXP21,Midwest (PADD 2) Exports of Kerosene-Type Jet Fuel (Thousand Barrels),109,MBBL
2010-05,R20-Z00,PADD 2,EPJK,Kerosene-Type Jet Fuel,EEX,Exports,MKJEXP22,Midwest (PADD 2) Exports of Kerosene-Type Jet Fuel (Thousand Barrels per Day),4,MBBL/D
2010-06,R20-Z00,PADD 2,EPJK,Kerosene-Type Jet Fuel,EEX,Exports,MKJEXP21,Midwest (PADD 2) Exports of Kerosene-Type Jet Fuel (Thousand Barrels),104,MBBL
2010-06,R20-Z00,PADD 2,EPJK,Kerosene-Type Jet Fuel,EEX,Exports,MKJEXP22,Midwest (PADD 2) Exports of Kerosene-Type Jet Fuel (Thousand Barrels per Day),3,MBBL/D
2010-07,R20-Z00,PADD 2,EPJK,Kerosene-Type Jet Fuel,EEX,Exports,MKJEXP21,Midwest (PADD 2) Exports of Kerosene-Type Jet Fuel (Thousand Barrels),114,MBBL
2010-07,R20-Z00,PADD 2,EPJK,Kerosene-Type Jet Fuel,EEX,Exports,MKJEXP22,Midwest (PADD 2) Exports of Kerosene-Type Jet Fuel (Thousand Barrels per Day),4,MBBL/D
2010-08,R20-Z00,PADD 2,EPJK,Kerosene-Type Jet Fuel,EEX,Exports,MKJEXP21,Midwest (PADD 2) Exports of Kerosene-Type Jet Fuel (Thousand Barrels),119,MBBL
2010-08,R20-Z00,PADD 2,EPJK,Kerosene-Type Jet Fuel,EEX,Exports,MKJEXP22,Midwest (PADD 2) Exports of Kerosene-Type Jet Fuel (Thousand Barrels per Day),4,MBBL/D
2010-09,R20-Z00,PADD 2,EPJK,Kerosene-Type Jet Fuel,EEX,Exports,MKJEXP21,Midwest (PADD 2) Exports of Kerosene-Type Jet Fuel (Thousand Barrels),178,MBBL
2010-09,R20-Z00,PADD 2,EPJK,Kerosene-Type Jet Fuel,EEX,Exports,MKJEXP22,Midwest (PADD 2) Exports of Kerosene-Type Jet Fuel (Thousand Barrels per Day),6,MBBL/D
2010-10,R20-Z00,PADD 2,EPJK,Kerosene-Type Jet Fuel,EEX,Exports,MKJEXP21,Midwest (PADD 2) Exports of Kerosene-Type Jet Fuel (Thousand Barrels),90,MBBL
2010-10,R20-Z00,PADD 2,EPJK,Kerosene-Type Jet Fuel,EEX,Exports,MKJEXP22,Midwest (PADD 2) Exports of Kerosene-Type Jet Fuel (Thousand Barrels per Day),3,MBBL/D
2010-11,R20-Z00,PADD 2,EPJK,Kerosene-Type Jet Fuel,EEX,Exports,MKJEXP21,Midwest (PADD 2) Exports of Kerosene-Type Jet Fuel (Thousand Barrels),83,MBBL
2010-11,R20-Z00,PADD 2,EPJK,Kerosene-Type Jet Fuel,EEX,Exports,MKJEXP22,Midwest (PADD 2) Exports of Kerosene-Type Jet Fuel (Thousand Barrels per Day),3,MBBL/D
2010-12,R20-Z00,PADD 2,EPJK,Kerosene-Type Jet Fuel,EEX,Exports,MKJEXP21,Midwest (PADD 2) Exports of Kerosene-Type Jet Fuel (Thousand Barrels),109,MBBL
2010-12,R20-Z00,PADD 2,EPJK,Kerosene-Type Jet Fuel,EEX,Exports,MKJEXP22,Midwest (PADD 2) Exports of Kerosene-Type Jet Fuel (Thousand Barrels per Day),4,MBBL/D
2011-01,R20-Z00,PADD 2,EPJK,Kerosene-Type Jet Fuel,EEX,Exports,MKJEXP21,Midwest (PADD 2) Exports of Kerosene-Type Jet Fuel (Thousand Barrels),129,MBBL
2011-01,R20-Z00,PADD 2,EPJK,Kerosene-Type Jet Fuel,EEX,Exports,MKJEXP22,Midwest (PADD 2) Exports of Kerosene-Type Jet Fuel (Thousand Barrels per Day),4,MBBL/D
2011-02,R20-Z00,PADD 2,EPJK,Kerosene-Type Jet Fuel,EEX,Exports,MKJEXP21,Midwest (PADD 2) Exports of Kerosene-Type Jet Fuel (Thousand Barrels),124,MBBL
2011-02,R20-Z00,PADD 2,EPJK,Kerosene-Type Jet Fuel,EEX,Exports,MKJEXP22,Midwest (PADD 2) Exports of Kerosene-Type Jet Fuel (Thousand Barrels per Day),4,MBBL/D
2011-03,R20-Z00,PADD 2,EPJK,Kerosene-Type Jet Fuel,EEX,Exports,MKJEXP21,Midwest (PADD 2) Exports of Kerosene-Type Jet Fuel (Thousand Barrels),129,MBBL
2011-03,R20-Z00,PADD 2,EPJK,Kerosene-Type Jet Fuel,EEX,Exports,MKJEXP22,Midwest (PADD 2) Exports of Kerosene-Type Jet Fuel (Thousand Barrels per Day),4,MBBL/D
2011-04,R20-Z00,PADD 2,EPJK,Kerosene-Type Jet Fuel,EEX,Exports,MKJEXP21,Midwest (PADD 2) Exports of Kerosene-Type Jet Fuel (Thousand Barrels),100,MBBL
2011-04,R20-Z00,PADD 2,EPJK,Kerosene-Type Jet Fuel,EEX,Exports,MKJEXP22,Midwest (PADD 2) Exports of Kerosene-Type Jet Fuel (Thousand Barrels per Day),3,MBBL/D
2011-05,R20-Z00,PADD 2,EPJK,Kerosene-Type Jet Fuel,EEX,Exports,MKJEXP21,Midwest (PADD 2) Exports of Kerosene-Type Jet Fuel (Thousand Barrels),105,MBBL
2011-05,R20-Z00,PADD 2,EPJK,Kerosene-Type Jet Fuel,EEX,Exports,MKJEXP22,Midwest (PADD 2) Exports of Kerosene-Type Jet Fuel (Thousand Barrels per Day),3,MBBL/D
2011-06,R20-Z00,PADD 2,EPJK,Kerosene-Type Jet Fuel,EEX,Exports,MKJEXP21,Midwest (PADD 2) Exports of Kerosene-Type Jet Fuel (Thousand Barrels),137,MBBL
2011-06,R20-Z00,PADD 2,EPJK,Kerosene-Type Jet Fuel,EEX,Exports,MKJEXP22,Midwest (PADD 2) Exports of Kerosene-Type Jet Fuel (Thousand Barrels per Day),5,MBBL/D
2011-07,R20-Z00,PADD 2,EPJK,Kerosene-Type Jet Fuel,EEX,Exports,MKJEXP21,Midwest (PADD 2) Exports of Kerosene-Type Jet Fuel (Thousand Barrels),220,MBBL
2011-07,R20-Z00,PADD 2,EPJK,Kerosene-Type Jet Fuel,EEX,Exports,MKJEXP22,Midwest (PADD 2) Exports of Kerosene-Type Jet Fuel (Thousand Barrels per Day),7,MBBL/D
2011-08,R20-Z00,PADD 2,EPJK,Kerosene-Type Jet Fuel,EEX,Exports,MKJEXP21,Midwest (PADD 2) Exports of Kerosene-Type Jet Fuel (Thousand Barrels),132,MBBL
2011-08,R20-Z00,PADD 2,EPJK,Kerosene-Type Jet Fuel,EEX,Exports,MKJEXP22,Midwest (PADD 2) Exports of Kerosene-Type Jet Fuel (Thousand Barrels per Day),4,MBBL/D
2011-09,R20-Z00,PADD 2,EPJK,Kerosene-Type Jet Fuel,EEX,Exports,MKJEXP21,Midwest (PADD 2) Exports of Kerosene-Type Jet Fuel (Thousand Barrels),284,MBBL
2011-09,R20-Z00,PADD 2,EPJK,Kerosene-Type Jet Fuel,EEX,Exports,MKJEXP22,Midwest (PADD 2) Exports of Kerosene-Type Jet Fuel (Thousand Barrels per Day),9,MBBL/D
2011-10,R20-Z00,PADD 2,EPJK,Kerosene-Type Jet Fuel,EEX,Exports,MKJEXP21,Midwest (PADD 2) Exports of Kerosene-Type Jet Fuel (Thousand Barrels),136,MBBL
2011-10,R20-Z00,PADD 2,EPJK,Kerosene-Type Jet Fuel,EEX,Exports,MKJEXP22,Midwest (PADD 2) Exports of Kerosene-Type Jet Fuel (Thousand Barrels per Day),4,MBBL/D
2011-11,R20-Z00,PADD 2,EPJK,Kerosene-Type Jet Fuel,EEX,Exports,MKJEXP21,Midwest (PADD 2) Exports of Kerosene-Type Jet Fuel (Thousand Barrels),111,MBBL
2011-11,R20-Z00,PADD 2,EPJK,Kerosene-Type Jet Fuel,EEX,Exports,MKJEXP22,Midwest (PADD 2) Exports of Kerosene-Type Jet Fuel (Thousand Barrels per Day),4,MBBL/D
2011-12,R20-Z00,PADD 2,EPJK,Kerosene-Type Jet Fuel,EEX,Exports,MKJEXP21,Midwest (PADD 2) Exports of Kerosene-Type Jet Fuel (Thousand Barrels),904,MBBL
2011-12,R20-Z00,PADD 2,EPJK,Kerosene-Type Jet Fuel,EEX,Exports,MKJEXP22,Midwest (PADD 2) Exports of Kerosene-Type Jet Fuel (Thousand Barrels per Day),29,MBBL/D
2012-01,R20-Z00,PADD 2,EPJK,Kerosene-Type Jet Fuel,EEX,Exports,MKJEXP21,Midwest (PADD 2) Exports of Kerosene-Type Jet Fuel (Thousand Barrels),351,MBBL
2012-01,R20-Z00,PADD 2,EPJK,Kerosene-Type Jet Fuel,EEX,Exports,MKJEXP22,Midwest (PADD 2) Exports of Kerosene-Type Jet Fuel (Thousand Barrels per Day),11,MBBL/D
2012-02,R20-Z00,PADD 2,EPJK,Kerosene-Type Jet Fuel,EEX,Exports,MKJEXP21,Midwest (PADD 2) Exports of Kerosene-Type Jet Fuel (Thousand Barrels),390,MBBL
2012-02,R20-Z00,PADD 2,EPJK,Kerosene-Type Jet Fuel,EEX,Exports,MKJEXP22,Midwest (PADD 2) Exports of Kerosene-Type Jet Fuel (Thousand Barrels per Day),13,MBBL/D
2012-03,R20-Z00,PADD 2,EPJK,Kerosene-Type Jet Fuel,EEX,Exports,MKJEXP21,Midwest (PADD 2) Exports of Kerosene-Type Jet Fuel (Thousand Barrels),535,MBBL
2012-03,R20-Z00,PADD 2,EPJK,Kerosene-Type Jet Fuel,EEX,Exports,MKJEXP22,Midwest (PADD 2) Exports of Kerosene-Type Jet Fuel (Thousand Barrels per Day),17,MBBL/D
2012-04,R20-Z00,PADD 2,EPJK,Kerosene-Type Jet Fuel,EEX,Exports,MKJEXP21,Midwest (PADD 2) Exports of Kerosene-Type Jet Fuel (Thousand Barrels),241,MBBL
2012-04,R20-Z00,PADD 2,EPJK,Kerosene-Type Jet Fuel,EEX,Exports,MKJEXP22,Midwest (PADD 2) Exports of Kerosene-Type Jet Fuel (Thousand Barrels per Day),8,MBBL/D
2012-05,R20-Z00,PADD 2,EPJK,Kerosene-Type Jet Fuel,EEX,Exports,MKJEXP21,Midwest (PADD 2) Exports of Kerosene-Type Jet Fuel (Thousand Barrels),182,MBBL
2012-05,R20-Z00,PADD 2,EPJK,Kerosene-Type Jet Fuel,EEX,Exports,MKJEXP22,Midwest (PADD 2) Exports of Kerosene-Type Jet Fuel (Thousand Barrels per Day),6,MBBL/D
2012-06,R20-Z00,PADD 2,EPJK,Kerosene-Type Jet Fuel,EEX,Exports,MKJEXP21,Midwest (PADD 2) Exports of Kerosene-Type Jet Fuel (Thousand Barrels),200,MBBL
2012-06,R20-Z00,PADD 2,EPJK,Kerosene-Type Jet Fuel,EEX,Exports,MKJEXP22,Midwest (PADD 2) Exports of Kerosene-Type Jet Fuel (Thousand Barrels per Day),7,MBBL/D
2012-07,R20-Z00,PADD 2,EPJK,Kerosene-Type Jet Fuel,EEX,Exports,MKJEXP21,Midwest (PADD 2) Exports of Kerosene-Type Jet Fuel (Thousand Barrels),249,MBBL
2012-07,R20-Z00,PADD 2,EPJK,Kerosene-Type Jet Fuel,EEX,Exports,MKJEXP22,Midwest (PADD 2) Exports of Kerosene-Type Jet Fuel (Thousand Barrels per Day),8,MBBL/D
2012-08,R20-Z00,PADD 2,EPJK,Kerosene-Type Jet Fuel,EEX,Exports,MKJEXP21,Midwest (PADD 2) Exports of Kerosene-Type Jet Fuel (Thousand Barrels),242,MBBL
2012-08,R20-Z00,PADD 2,EPJK,Kerosene-Type Jet Fuel,EEX,Exports,MKJEXP22,Midwest (PADD 2) Exports of Kerosene-Type Jet Fuel (Thousand Barrels per Day),8,MBBL/D
2012-09,R20-Z00,PADD 2,EPJK,Kerosene-Type Jet Fuel,EEX,Exports,MKJEXP21,Midwest (PADD 2) Exports of Kerosene-Type Jet Fuel (Thousand Barrels),246,MBBL
2012-09,R20-Z00,PADD 2,EPJK,Kerosene-Type Jet Fuel,EEX,Exports,MKJEXP22,Midwest (PADD 2) Exports of Kerosene-Type Jet Fuel (Thousand Barrels per Day),8,MBBL/D
2012-10,R20-Z00,PADD 2,EPJK,Kerosene-Type Jet Fuel,EEX,Exports,MKJEXP21,Midwest (PADD 2) Exports of Kerosene-Type Jet Fuel (Thousand Barrels),138,MBBL
2012-10,R20-Z00,PADD 2,EPJK,Kerosene-Type Jet Fuel,EEX,Exports,MKJEXP22,Midwest (PADD 2) Exports of Kerosene-Type Jet Fuel (Thousand Barrels per Day),4,MBBL/D
2012-11,R20-Z00,PADD 2,EPJK,Kerosene-Type Jet Fuel,EEX,Exports,MKJEXP21,Midwest (PADD 2) Exports of Kerosene-Type Jet Fuel (Thousand Barrels),139,MBBL
2012-11,R20-Z00,PADD 2,EPJK,Kerosene-Type Jet Fuel,EEX,Exports,MKJEXP22,Midwest (PADD 2) Exports of Kerosene-Type Jet Fuel (Thousand Barrels per Day),5,MBBL/D
2012-12,R20-Z00,PADD 2,EPJK,Kerosene-Type Jet Fuel,EEX,Exports,MKJEXP21,Midwest (PADD 2) Exports of Kerosene-Type Jet Fuel (Thousand Barrels),100,MBBL
2012-12,R20-Z00,PADD 2,EPJK,Kerosene-Type Jet Fuel,EEX,Exports,MKJEXP22,Midwest (PADD 2) Exports of Kerosene-Type Jet Fuel (Thousand Barrels per Day),3,MBBL/D
2013-01,R20-Z00,PADD 2,EPJK,Kerosene-Type Jet Fuel,EEX,Exports,MKJEXP21,Midwest (PADD 2) Exports of Kerosene-Type Jet Fuel (Thousand Barrels),168,MBBL
2013-01,R20-Z00,PADD 2,EPJK,Kerosene-Type Jet Fuel,EEX,Exports,MKJEXP22,Midwest (PADD 2) Exports of Kerosene-Type Jet Fuel (Thousand Barrels per Day),5,MBBL/D
2013-02,R20-Z00,PADD 2,EPJK,Kerosene-Type Jet Fuel,EEX,Exports,MKJEXP21,Midwest (PADD 2) Exports of Kerosene-Type Jet Fuel (Thousand Barrels),143,MBBL
2013-02,R20-Z00,PADD 2,EPJK,Kerosene-Type Jet Fuel,EEX,Exports,MKJEXP22,Midwest (PADD 2) Exports of Kerosene-Type Jet Fuel (Thousand Barrels per Day),5,MBBL/D
2013-03,R20-Z00,PADD 2,EPJK,Kerosene-Type Jet Fuel,EEX,Exports,MKJEXP21,Midwest (PADD 2) Exports of Kerosene-Type Jet Fuel (Thousand Barrels),148,MBBL
2013-03,R20-Z00,PADD 2,EPJK,Kerosene-Type Jet Fuel,EEX,Exports,MKJEXP22,Midwest (PADD 2) Exports of Kerosene-Type Jet Fuel (Thousand Barrels per Day),5,MBBL/D
2013-04,R20-Z00,PADD 2,EPJK,Kerosene-Type Jet Fuel,EEX,Exports,MKJEXP21,Midwest (PADD 2) Exports of Kerosene-Type Jet Fuel (Thousand Barrels),522,MBBL
2013-04,R20-Z00,PADD 2,EPJK,Kerosene-Type Jet Fuel,EEX,Exports,MKJEXP22,Midwest (PADD 2) Exports of Kerosene-Type Jet Fuel (Thousand Barrels per Day),17,MBBL/D
2013-05,R20-Z00,PADD 2,EPJK,Kerosene-Type Jet Fuel,EEX,Exports,MKJEXP21,Midwest (PADD 2) Exports of Kerosene-Type Jet Fuel (Thousand Barrels),60,MBBL
2013-05,R20-Z00,PADD 2,EPJK,Kerosene-Type Jet Fuel,EEX,Exports,MKJEXP22,Midwest (PADD 2) Exports of Kerosene-Type Jet Fuel (Thousand Barrels per Day),2,MBBL/D
2013-06,R20-Z00,PADD 2,EPJK,Kerosene-Type Jet Fuel,EEX,Exports,MKJEXP21,Midwest (PADD 2) Exports of Kerosene-Type Jet Fuel (Thousand Barrels),305,MBBL
2013-06,R20-Z00,PADD 2,EPJK,Kerosene-Type Jet Fuel,EEX,Exports,MKJEXP22,Midwest (PADD 2) Exports of Kerosene-Type Jet Fuel (Thousand Barrels per Day),10,MBBL/D
2013-07,R20-Z00,PADD 2,EPJK,Kerosene-Type Jet Fuel,EEX,Exports,MKJEXP21,Midwest (PADD 2) Exports of Kerosene-Type Jet Fuel (Thousand Barrels),267,MBBL
2013-07,R20-Z00,PADD 2,EPJK,Kerosene-Type Jet Fuel,EEX,Exports,MKJEXP22,Midwest (PADD 2) Exports of Kerosene-Type Jet Fuel (Thousand Barrels per Day),9,MBBL/D
2013-08,R20-Z00,PADD 2,EPJK,Kerosene-Type Jet Fuel,EEX,Exports,MKJEXP21,Midwest (PADD 2) Exports of Kerosene-Type Jet Fuel (Thousand Barrels),97,MBBL
2013-08,R20-Z00,PADD 2,EPJK,Kerosene-Type Jet Fuel,EEX,Exports,MKJEXP22,Midwest (PADD 2) Exports of Kerosene-Type Jet Fuel (Thousand Barrels per Day),3,MBBL/D
2013-09,R20-Z00,PADD 2,EPJK,Kerosene-Type Jet Fuel,EEX,Exports,MKJEXP21,Midwest (PADD 2) Exports of Kerosene-Type Jet Fuel (Thousand Barrels),88,MBBL
2013-09,R20-Z00,PADD 2,EPJK,Kerosene-Type Jet Fuel,EEX,Exports,MKJEXP22,Midwest (PADD 2) Exports of Kerosene-Type Jet Fuel (Thousand Barrels per Day),3,MBBL/D
2013-10,R20-Z00,PADD 2,EPJK,Kerosene-Type Jet Fuel,EEX,Exports,MKJEXP21,Midwest (PADD 2) Exports of Kerosene-Type Jet Fuel (Thousand Barrels),633,MBBL
2013-10,R20-Z00,PADD 2,EPJK,Kerosene-Type Jet Fuel,EEX,Exports,MKJEXP22,Midwest (PADD 2) Exports of Kerosene-Type Jet Fuel (Thousand Barrels per Day),20,MBBL/D
2013-11,R20-Z00,PADD 2,EPJK,Kerosene-Type Jet Fuel,EEX,Exports,MKJEXP21,Midwest (PADD 2) Exports of Kerosene-Type Jet Fuel (Thousand Barrels),615,MBBL
2013-11,R20-Z00,PADD 2,EPJK,Kerosene-Type Jet Fuel,EEX,Exports,MKJEXP22,Midwest (PADD 2) Exports of Kerosene-Type Jet Fuel (Thousand Barrels per Day),20,MBBL/D
2013-12,R20-Z00,PADD 2,EPJK,Kerosene-Type Jet Fuel,EEX,Exports,MKJEXP21,Midwest (PADD 2) Exports of Kerosene-Type Jet Fuel (Thousand Barrels),950,MBBL
2013-12,R20-Z00,PADD 2,EPJK,Kerosene-Type Jet Fuel,EEX,Exports,MKJEXP22,Midwest (PADD 2) Exports of Kerosene-Type Jet Fuel (Thousand Barrels per Day),31,MBBL/D
2014-01,R20-Z00,PADD 2,EPJK,Kerosene-Type Jet Fuel,EEX,Exports,MKJEXP21,Midwest (PADD 2) Exports of Kerosene-Type Jet Fuel (Thousand Barrels),878,MBBL
2014-01,R20-Z00,PADD 2,EPJK,Kerosene-Type Jet Fuel,EEX,Exports,MKJEXP22,Midwest (PADD 2) Exports of Kerosene-Type Jet Fuel (Thousand Barrels per Day),28,MBBL/D
2014-02,R20-Z00,PADD 2,EPJK,Kerosene-Type Jet Fuel,EEX,Exports,MKJEXP21,Midwest (PADD 2) Exports of Kerosene-Type Jet Fuel (Thousand Barrels),196,MBBL
2014-02,R20-Z00,PADD 2,EPJK,Kerosene-Type Jet Fuel,EEX,Exports,MKJEXP22,Midwest (PADD 2) Exports of Kerosene-Type Jet Fuel (Thousand Barrels per Day),7,MBBL/D
2014-03,R20-Z00,PADD 2,EPJK,Kerosene-Type Jet Fuel,EEX,Exports,MKJEXP21,Midwest (PADD 2) Exports of Kerosene-Type Jet Fuel (Thousand Barrels),502,MBBL
2014-03,R20-Z00,PADD 2,EPJK,Kerosene-Type Jet Fuel,EEX,Exports,MKJEXP22,Midwest (PADD 2) Exports of Kerosene-Type Jet Fuel (Thousand Barrels per Day),16,MBBL/D
2014-04,R20-Z00,PADD 2,EPJK,Kerosene-Type Jet Fuel,EEX,Exports,MKJEXP21,Midwest (PADD 2) Exports of Kerosene-Type Jet Fuel (Thousand Barrels),951,MBBL
2014-04,R20-Z00,PADD 2,EPJK,Kerosene-Type Jet Fuel,EEX,Exports,MKJEXP22,Midwest (PADD 2) Exports of Kerosene-Type Jet Fuel (Thousand Barrels per Day),32,MBBL/D
2014-05,R20-Z00,PADD 2,EPJK,Kerosene-Type Jet Fuel,EEX,Exports,MKJEXP21,Midwest (PADD 2) Exports of Kerosene-Type Jet Fuel (Thousand Barrels),321,MBBL
2014-05,R20-Z00,PADD 2,EPJK,Kerosene-Type Jet Fuel,EEX,Exports,MKJEXP22,Midwest (PADD 2) Exports of Kerosene-Type Jet Fuel (Thousand Barrels per Day),10,MBBL/D
2014-06,R20-Z00,PADD 2,EPJK,Kerosene-Type Jet Fuel,EEX,Exports,MKJEXP21,Midwest (PADD 2) Exports of Kerosene-Type Jet Fuel (Thousand Barrels),304,MBBL
2014-06,R20-Z00,PADD 2,EPJK,Kerosene-Type Jet Fuel,EEX,Exports,MKJEXP22,Midwest (PADD 2) Exports of Kerosene-Type Jet Fuel (Thousand Barrels per Day),10,MBBL/D
2014-07,R20-Z00,PADD 2,EPJK,Kerosene-Type Jet Fuel,EEX,Exports,MKJEXP21,Midwest (PADD 2) Exports of Kerosene-Type Jet Fuel (Thousand Barrels),679,MBBL
2014-07,R20-Z00,PADD 2,EPJK,Kerosene-Type Jet Fuel,EEX,Exports,MKJEXP22,Midwest (PADD 2) Exports of Kerosene-Type Jet Fuel (Thousand Barrels per Day),22,MBBL/D
2014-08,R20-Z00,PADD 2,EPJK,Kerosene-Type Jet Fuel,EEX,Exports,MKJEXP21,Midwest (PADD 2) Exports of Kerosene-Type Jet Fuel (Thousand Barrels),603,MBBL
2014-08,R20-Z00,PADD 2,EPJK,Kerosene-Type Jet Fuel,EEX,Exports,MKJEXP22,Midwest (PADD 2) Exports of Kerosene-Type Jet Fuel (Thousand Barrels per Day),19,MBBL/D
2014-09,R20-Z00,PADD 2,EPJK,Kerosene-Type Jet Fuel,EEX,Exports,MKJEXP21,Midwest (PADD 2) Exports of Kerosene-Type Jet Fuel (Thousand Barrels),489,MBBL
2014-09,R20-Z00,PADD 2,EPJK,Kerosene-Type Jet Fuel,EEX,Exports,MKJEXP22,Midwest (PADD 2) Exports of Kerosene-Type Jet Fuel (Thousand Barrels per Day),16,MBBL/D
2014-10,R20-Z00,PADD 2,EPJK,Kerosene-Type Jet Fuel,EEX,Exports,MKJEXP21,Midwest (PADD 2) Exports of Kerosene-Type Jet Fuel (Thousand Barrels),1265,MBBL
2014-10,R20-Z00,PADD 2,EPJK,Kerosene-Type Jet Fuel,EEX,Exports,MKJEXP22,Midwest (PADD 2) Exports of Kerosene-Type Jet Fuel (Thousand Barrels per Day),41,MBBL/D
2014-11,R20-Z00,PADD 2,EPJK,Kerosene-Type Jet Fuel,EEX,Exports,MKJEXP21,Midwest (PADD 2) Exports of Kerosene-Type Jet Fuel (Thousand Barrels),477,MBBL
2014-11,R20-Z00,PADD 2,EPJK,Kerosene-Type Jet Fuel,EEX,Exports,MKJEXP22,Midwest (PADD 2) Exports of Kerosene-Type Jet Fuel (Thousand Barrels per Day),16,MBBL/D
2014-12,R20-Z00,PADD 2,EPJK,Kerosene-Type Jet Fuel,EEX,Exports,MKJEXP21,Midwest (PADD 2) Exports of Kerosene-Type Jet Fuel (Thousand Barrels),818,MBBL
2014-12,R20-Z00,PADD 2,EPJK,Kerosene-Type Jet Fuel,EEX,Exports,MKJEXP22,Midwest (PADD 2) Exports of Kerosene-Type Jet Fuel (Thousand Barrels per Day),26,MBBL/D
2015-01,R20-Z00,PADD 2,EPJK,Kerosene-Type Jet Fuel,EEX,Exports,MKJEXP21,Midwest (PADD 2) Exports of Kerosene-Type Jet Fuel (Thousand Barrels),987,MBBL
2015-01,R20-Z00,PADD 2,EPJK,Kerosene-Type Jet Fuel,EEX,Exports,MKJEXP22,Midwest (PADD 2) Exports of Kerosene-Type Jet Fuel (Thousand Barrels per Day),32,MBBL/D
2015-02,R20-Z00,PADD 2,EPJK,Kerosene-Type Jet Fuel,EEX,Exports,MKJEXP21,Midwest (PADD 2) Exports of Kerosene-Type Jet Fuel (Thousand Barrels),383,MBBL
2015-02,R20-Z00,PADD 2,EPJK,Kerosene-Type Jet Fuel,EEX,Exports,MKJEXP22,Midwest (PADD 2) Exports of Kerosene-Type Jet Fuel (Thousand Barrels per Day),14,MBBL/D
2015-03,R20-Z00,PADD 2,EPJK,Kerosene-Type Jet Fuel,EEX,Exports,MKJEXP21,Midwest (PADD 2) Exports of Kerosene-Type Jet Fuel (Thousand Barrels),1044,MBBL
2015-03,R20-Z00,PADD 2,EPJK,Kerosene-Type Jet Fuel,EEX,Exports,MKJEXP22,Midwest (PADD 2) Exports of Kerosene-Type Jet Fuel (Thousand Barrels per Day),34,MBBL/D
2015-04,R20-Z00,PADD 2,EPJK,Kerosene-Type Jet Fuel,EEX,Exports,MKJEXP21,Midwest (PADD 2) Exports of Kerosene-Type Jet Fuel (Thousand Barrels),1192,MBBL
2015-04,R20-Z00,PADD 2,EPJK,Kerosene-Type Jet Fuel,EEX,Exports,MKJEXP22,Midwest (PADD 2) Exports of Kerosene-Type Jet Fuel (Thousand Barrels per Day),40,MBBL/D
2015-05,R20-Z00,PADD 2,EPJK,Kerosene-Type Jet Fuel,EEX,Exports,MKJEXP21,Midwest (PADD 2) Exports of Kerosene-Type Jet Fuel (Thousand Barrels),656,MBBL
2015-05,R20-Z00,PADD 2,EPJK,Kerosene-Type Jet Fuel,EEX,Exports,MKJEXP22,Midwest (PADD 2) Exports of Kerosene-Type Jet Fuel (Thousand Barrels per Day),21,MBBL/D
2015-06,R20-Z00,PADD 2,EPJK,Kerosene-Type Jet Fuel,EEX,Exports,MKJEXP21,Midwest (PADD 2) Exports of Kerosene-Type Jet Fuel (Thousand Barrels),368,MBBL
2015-06,R20-Z00,PADD 2,EPJK,Kerosene-Type Jet Fuel,EEX,Exports,MKJEXP22,Midwest (PADD 2) Exports of Kerosene-Type Jet Fuel (Thousand Barrels per Day),12,MBBL/D
2015-07,R20-Z00,PADD 2,EPJK,Kerosene-Type Jet Fuel,EEX,Exports,MKJEXP21,Midwest (PADD 2) Exports of Kerosene-Type Jet Fuel (Thousand Barrels),844,MBBL
2015-07,R20-Z00,PADD 2,EPJK,Kerosene-Type Jet Fuel,EEX,Exports,MKJEXP22,Midwest (PADD 2) Exports of Kerosene-Type Jet Fuel (Thousand Barrels per Day),27,MBBL/D
2015-08,R20-Z00,PADD 2,EPJK,Kerosene-Type Jet Fuel,EEX,Exports,MKJEXP21,Midwest (PADD 2) Exports of Kerosene-Type Jet Fuel (Thousand Barrels),90,MBBL
2015-08,R20-Z00,PADD 2,EPJK,Kerosene-Type Jet Fuel,EEX,Exports,MKJEXP22,Midwest (PADD 2) Exports of Kerosene-Type Jet Fuel (Thousand Barrels per Day),3,MBBL/D
2015-09,R20-Z00,PADD 2,EPJK,Kerosene-Type Jet Fuel,EEX,Exports,MKJEXP21,Midwest (PADD 2) Exports of Kerosene-Type Jet Fuel (Thousand Barrels),86,MBBL
2015-09,R20-Z00,PADD 2,EPJK,Kerosene-Type Jet Fuel,EEX,Exports,MKJEXP22,Midwest (PADD 2) Exports of Kerosene-Type Jet Fuel (Thousand Barrels per Day),3,MBBL/D
2015-10,R20-Z00,PADD 2,EPJK,Kerosene-Type Jet Fuel,EEX,Exports,MKJEXP21,Midwest (PADD 2) Exports of Kerosene-Type Jet Fuel (Thousand Barrels),654,MBBL
2015-10,R20-Z00,PADD 2,EPJK,Kerosene-Type Jet Fuel,EEX,Exports,MKJEXP22,Midwest (PADD 2) Exports of Kerosene-Type Jet Fuel (Thousand Barrels per Day),21,MBBL/D
2015-11,R20-Z00,PADD 2,EPJK,Kerosene-Type Jet Fuel,EEX,Exports,MKJEXP21,Midwest (PADD 2) Exports of Kerosene-Type Jet Fuel (Thousand Barrels),1561,MBBL
2015-11,R20-Z00,PADD 2,EPJK,Kerosene-Type Jet Fuel,EEX,Exports,MKJEXP22,Midwest (PADD 2) Exports of Kerosene-Type Jet Fuel (Thousand Barrels per Day),52,MBBL/D
2015-12,R20-Z00,PADD 2,EPJK,Kerosene-Type Jet Fuel,EEX,Exports,MKJEXP21,Midwest (PADD 2) Exports of Kerosene-Type Jet Fuel (Thousand Barrels),890,MBBL
2015-12,R20-Z00,PADD 2,EPJK,Kerosene-Type Jet Fuel,EEX,Exports,MKJEXP22,Midwest (PADD 2) Exports of Kerosene-Type Jet Fuel (Thousand Barrels per Day),29,MBBL/D
2016-01,R20-Z00,PADD 2,EPJK,Kerosene-Type Jet Fuel,EEX,Exports,MKJEXP21,Midwest (PADD 2) Exports of Kerosene-Type Jet Fuel (Thousand Barrels),1005,MBBL
2016-01,R20-Z00,PADD 2,EPJK,Kerosene-Type Jet Fuel,EEX,Exports,MKJEXP22,Midwest (PADD 2) Exports of Kerosene-Type Jet Fuel (Thousand Barrels per Day),32,MBBL/D
2016-02,R20-Z00,PADD 2,EPJK,Kerosene-Type Jet Fuel,EEX,Exports,MKJEXP21,Midwest (PADD 2) Exports of Kerosene-Type Jet Fuel (Thousand Barrels),614,MBBL
2016-02,R20-Z00,PADD 2,EPJK,Kerosene-Type Jet Fuel,EEX,Exports,MKJEXP22,Midwest (PADD 2) Exports of Kerosene-Type Jet Fuel (Thousand Barrels per Day),21,MBBL/D
2016-03,R20-Z00,PADD 2,EPJK,Kerosene-Type Jet Fuel,EEX,Exports,MKJEXP21,Midwest (PADD 2) Exports of Kerosene-Type Jet Fuel (Thousand Barrels),324,MBBL
2016-03,R20-Z00,PADD 2,EPJK,Kerosene-Type Jet Fuel,EEX,Exports,MKJEXP22,Midwest (PADD 2) Exports of Kerosene-Type Jet Fuel (Thousand Barrels per Day),10,MBBL/D
2016-04,R20-Z00,PADD 2,EPJK,Kerosene-Type Jet Fuel,EEX,Exports,MKJEXP21,Midwest (PADD 2) Exports of Kerosene-Type Jet Fuel (Thousand Barrels),50,MBBL
2016-04,R20-Z00,PADD 2,EPJK,Kerosene-Type Jet Fuel,EEX,Exports,MKJEXP22,Midwest (PADD 2) Exports of Kerosene-Type Jet Fuel (Thousand Barrels per Day),2,MBBL/D
2016-05,R20-Z00,PADD 2,EPJK,Kerosene-Type Jet Fuel,EEX,Exports,MKJEXP21,Midwest (PADD 2) Exports of Kerosene-Type Jet Fuel (Thousand Barrels),336,MBBL
2016-05,R20-Z00,PADD 2,EPJK,Kerosene-Type Jet Fuel,EEX,Exports,MKJEXP22,Midwest (PADD 2) Exports of Kerosene-Type Jet Fuel (Thousand Barrels per Day),11,MBBL/D
2016-06,R20-Z00,PADD 2,EPJK,Kerosene-Type Jet Fuel,EEX,Exports,MKJEXP21,Midwest (PADD 2) Exports of Kerosene-Type Jet Fuel (Thousand Barrels),935,MBBL
2016-06,R20-Z00,PADD 2,EPJK,Kerosene-Type Jet Fuel,EEX,Exports,MKJEXP22,Midwest (PADD 2) Exports of Kerosene-Type Jet Fuel (Thousand Barrels per Day),31,MBBL/D
2016-07,R20-Z00,PADD 2,EPJK,Kerosene-Type Jet Fuel,EEX,Exports,MKJEXP21,Midwest (PADD 2) Exports of Kerosene-Type Jet Fuel (Thousand Barrels),89,MBBL
2016-07,R20-Z00,PADD 2,EPJK,Kerosene-Type Jet Fuel,EEX,Exports,MKJEXP22,Midwest (PADD 2) Exports of Kerosene-Type Jet Fuel (Thousand Barrels per Day),3,MBBL/D
2016-08,R20-Z00,PADD 2,EPJK,Kerosene-Type Jet Fuel,EEX,Exports,MKJEXP21,Midwest (PADD 2) Exports of Kerosene-Type Jet Fuel (Thousand Barrels),139,MBBL
2016-08,R20-Z00,PADD 2,EPJK,Kerosene-Type Jet Fuel,EEX,Exports,MKJEXP22,Midwest (PADD 2) Exports of Kerosene-Type Jet Fuel (Thousand Barrels per Day),4,MBBL/D
2016-09,R20-Z00,PADD 2,EPJK,Kerosene-Type Jet Fuel,EEX,Exports,MKJEXP21,Midwest (PADD 2) Exports of Kerosene-Type Jet Fuel (Thousand Barrels),77,MBBL
2016-09,R20-Z00,PADD 2,EPJK,Kerosene-Type Jet Fuel,EEX,Exports,MKJEXP22,Midwest (PADD 2) Exports of Kerosene-Type Jet Fuel (Thousand Barrels per Day),3,MBBL/D
2016-10,R20-Z00,PADD 2,EPJK,Kerosene-Type Jet Fuel,EEX,Exports,MKJEXP21,Midwest (PADD 2) Exports of Kerosene-Type Jet Fuel (Thousand Barrels),350,MBBL
2016-10,R20-Z00,PADD 2,EPJK,Kerosene-Type Jet Fuel,EEX,Exports,MKJEXP22,Midwest (PADD 2) Exports of Kerosene-Type Jet Fuel (Thousand Barrels per Day),11,MBBL/D
2016-11,R20-Z00,PADD 2,EPJK,Kerosene-Type Jet Fuel,EEX,Exports,MKJEXP21,Midwest (PADD 2) Exports of Kerosene-Type Jet Fuel (Thousand Barrels),623,MBBL
2016-11,R20-Z00,PADD 2,EPJK,Kerosene-Type Jet Fuel,EEX,Exports,MKJEXP22,Midwest (PADD 2) Exports of Kerosene-Type Jet Fuel (Thousand Barrels per Day),21,MBBL/D
2016-12,R20-Z00,PADD 2,EPJK,Kerosene-Type Jet Fuel,EEX,Exports,MKJEXP21,Midwest (PADD 2) Exports of Kerosene-Type Jet Fuel (Thousand Barrels),110,MBBL
2016-12,R20-Z00,PADD 2,EPJK,Kerosene-Type Jet Fuel,EEX,Exports,MKJEXP22,Midwest (PADD 2) Exports of Kerosene-Type Jet Fuel (Thousand Barrels per Day),4,MBBL/D
2017-01,R20-Z00,PADD 2,EPJK,Kerosene-Type Jet Fuel,EEX,Exports,MKJEXP21,Midwest (PADD 2) Exports of Kerosene-Type Jet Fuel (Thousand Barrels),740,MBBL
2017-01,R20-Z00,PADD 2,EPJK,Kerosene-Type Jet Fuel,EEX,Exports,MKJEXP22,Midwest (PADD 2) Exports of Kerosene-Type Jet Fuel (Thousand Barrels per Day),24,MBBL/D
2017-02,R20-Z00,PADD 2,EPJK,Kerosene-Type Jet Fuel,EEX,Exports,MKJEXP21,Midwest (PADD 2) Exports of Kerosene-Type Jet Fuel (Thousand Barrels),34,MBBL
2017-02,R20-Z00,PADD 2,EPJK,Kerosene-Type Jet Fuel,EEX,Exports,MKJEXP22,Midwest (PADD 2) Exports of Kerosene-Type Jet Fuel (Thousand Barrels per Day),1,MBBL/D
2017-03,R20-Z00,PADD 2,EPJK,Kerosene-Type Jet Fuel,EEX,Exports,MKJEXP21,Midwest (PADD 2) Exports of Kerosene-Type Jet Fuel (Thousand Barrels),40,MBBL
2017-03,R20-Z00,PADD 2,EPJK,Kerosene-Type Jet Fuel,EEX,Exports,MKJEXP22,Midwest (PADD 2) Exports of Kerosene-Type Jet Fuel (Thousand Barrels per Day),1,MBBL/D
2017-04,R20-Z00,PADD 2,EPJK,Kerosene-Type Jet Fuel,EEX,Exports,MKJEXP21,Midwest (PADD 2) Exports of Kerosene-Type Jet Fuel (Thousand Barrels),307,MBBL
2017-04,R20-Z00,PADD 2,EPJK,Kerosene-Type Jet Fuel,EEX,Exports,MKJEXP22,Midwest (PADD 2) Exports of Kerosene-Type Jet Fuel (Thousand Barrels per Day),10,MBBL/D
2017-05,R20-Z00,PADD 2,EPJK,Kerosene-Type Jet Fuel,EEX,Exports,MKJEXP21,Midwest (PADD 2) Exports of Kerosene-Type Jet Fuel (Thousand Barrels),222,MBBL
2017-05,R20-Z00,PADD 2,EPJK,Kerosene-Type Jet Fuel,EEX,Exports,MKJEXP22,Midwest (PADD 2) Exports of Kerosene-Type Jet Fuel (Thousand Barrels per Day),7,MBBL/D
2017-06,R20-Z00,PADD 2,EPJK,Kerosene-Type Jet Fuel,EEX,Exports,MKJEXP21,Midwest (PADD 2) Exports of Kerosene-Type Jet Fuel (Thousand Barrels),37,MBBL
2017-06,R20-Z00,PADD 2,EPJK,Kerosene-Type Jet Fuel,EEX,Exports,MKJEXP22,Midwest (PADD 2) Exports of Kerosene-Type Jet Fuel (Thousand Barrels per Day),1,MBBL/D
2017-07,R20-Z00,PADD 2,EPJK,Kerosene-Type Jet Fuel,EEX,Exports,MKJEXP21,Midwest (PADD 2) Exports of Kerosene-Type Jet Fuel (Thousand Barrels),37,MBBL
2017-07,R20-Z00,PADD 2,EPJK,Kerosene-Type Jet Fuel,EEX,Exports,MKJEXP22,Midwest (PADD 2) Exports of Kerosene-Type Jet Fuel (Thousand Barrels per Day),1,MBBL/D
2017-08,R20-Z00,PADD 2,EPJK,Kerosene-Type Jet Fuel,EEX,Exports,MKJEXP21,Midwest (PADD 2) Exports of Kerosene-Type Jet Fuel (Thousand Barrels),249,MBBL
2017-08,R20-Z00,PADD 2,EPJK,Kerosene-Type Jet Fuel,EEX,Exports,MKJEXP22,Midwest (PADD 2) Exports of Kerosene-Type Jet Fuel (Thousand Barrels per Day),8,MBBL/D
2017-09,R20-Z00,PADD 2,EPJK,Kerosene-Type Jet Fuel,EEX,Exports,MKJEXP21,Midwest (PADD 2) Exports of Kerosene-Type Jet Fuel (Thousand Barrels),186,MBBL
2017-09,R20-Z00,PADD 2,EPJK,Kerosene-Type Jet Fuel,EEX,Exports,MKJEXP22,Midwest (PADD 2) Exports of Kerosene-Type Jet Fuel (Thousand Barrels per Day),6,MBBL/D
2017-10,R20-Z00,PADD 2,EPJK,Kerosene-Type Jet Fuel,EEX,Exports,MKJEXP21,Midwest (PADD 2) Exports of Kerosene-Type Jet Fuel (Thousand Barrels),40,MBBL
2017-10,R20-Z00,PADD 2,EPJK,Kerosene-Type Jet Fuel,EEX,Exports,MKJEXP22,Midwest (PADD 2) Exports of Kerosene-Type Jet Fuel (Thousand Barrels per Day),1,MBBL/D
2017-11,R20-Z00,PADD 2,EPJK,Kerosene-Type Jet Fuel,EEX,Exports,MKJEXP21,Midwest (PADD 2) Exports of Kerosene-Type Jet Fuel (Thousand Barrels),477,MBBL
2017-11,R20-Z00,PADD 2,EPJK,Kerosene-Type Jet Fuel,EEX,Exports,MKJEXP22,Midwest (PADD 2) Exports of Kerosene-Type Jet Fuel (Thousand Barrels per Day),16,MBBL/D
2017-12,R20-Z00,PADD 2,EPJK,Kerosene-Type Jet Fuel,EEX,Exports,MKJEXP21,Midwest (PADD 2) Exports of Kerosene-Type Jet Fuel (Thousand Barrels),40,MBBL
2017-12,R20-Z00,PADD 2,EPJK,Kerosene-Type Jet Fuel,EEX,Exports,MKJEXP22,Midwest (PADD 2) Exports of Kerosene-Type Jet Fuel (Thousand Barrels per Day),1,MBBL/D
2018-01,R20-Z00,PADD 2,EPJK,Kerosene-Type Jet Fuel,EEX,Exports,MKJEXP21,Midwest (PADD 2) Exports of Kerosene-Type Jet Fuel (Thousand Barrels),45,MBBL
2018-01,R20-Z00,PADD 2,EPJK,Kerosene-Type Jet Fuel,EEX,Exports,MKJEXP22,Midwest (PADD 2) Exports of Kerosene-Type Jet Fuel (Thousand Barrels per Day),1,MBBL/D
2018-02,R20-Z00,PADD 2,EPJK,Kerosene-Type Jet Fuel,EEX,Exports,MKJEXP21,Midwest (PADD 2) Exports of Kerosene-Type Jet Fuel (Thousand Barrels),35,MBBL
2018-02,R20-Z00,PADD 2,EPJK,Kerosene-Type Jet Fuel,EEX,Exports,MKJEXP22,Midwest (PADD 2) Exports of Kerosene-Type Jet Fuel (Thousand Barrels per Day),1,MBBL/D
2018-03,R20-Z00,PADD 2,EPJK,Kerosene-Type Jet Fuel,EEX,Exports,MKJEXP21,Midwest (PADD 2) Exports of Kerosene-Type Jet Fuel (Thousand Barrels),37,MBBL
2018-03,R20-Z00,PADD 2,EPJK,Kerosene-Type Jet Fuel,EEX,Exports,MKJEXP22,Midwest (PADD 2) Exports of Kerosene-Type Jet Fuel (Thousand Barrels per Day),1,MBBL/D
2018-04,R20-Z00,PADD 2,EPJK,Kerosene-Type Jet Fuel,EEX,Exports,MKJEXP21,Midwest (PADD 2) Exports of Kerosene-Type Jet Fuel (Thousand Barrels),42,MBBL
2018-04,R20-Z00,PADD 2,EPJK,Kerosene-Type Jet Fuel,EEX,Exports,MKJEXP22,Midwest (PADD 2) Exports of Kerosene-Type Jet Fuel (Thousand Barrels per Day),1,MBBL/D
2018-05,R20-Z00,PADD 2,EPJK,Kerosene-Type Jet Fuel,EEX,Exports,MKJEXP21,Midwest (PADD 2) Exports of Kerosene-Type Jet Fuel (Thousand Barrels),47,MBBL
2018-05,R20-Z00,PADD 2,EPJK,Kerosene-Type Jet Fuel,EEX,Exports,MKJEXP22,Midwest (PADD 2) Exports of Kerosene-Type Jet Fuel (Thousand Barrels per Day),2,MBBL/D
2018-06,R20-Z00,PADD 2,EPJK,Kerosene-Type Jet Fuel,EEX,Exports,MKJEXP21,Midwest (PADD 2) Exports of Kerosene-Type Jet Fuel (Thousand Barrels),55,MBBL
2018-06,R20-Z00,PADD 2,EPJK,Kerosene-Type Jet Fuel,EEX,Exports,MKJEXP22,Midwest (PADD 2) Exports of Kerosene-Type Jet Fuel (Thousand Barrels per Day),2,MBBL/D
2018-07,R20-Z00,PADD 2,EPJK,Kerosene-Type Jet Fuel,EEX,Exports,MKJEXP21,Midwest (PADD 2) Exports of Kerosene-Type Jet Fuel (Thousand Barrels),57,MBBL
2018-07,R20-Z00,PADD 2,EPJK,Kerosene-Type Jet Fuel,EEX,Exports,MKJEXP22,Midwest (PADD 2) Exports of Kerosene-Type Jet Fuel (Thousand Barrels per Day),2,MBBL/D
2018-08,R20-Z00,PADD 2,EPJK,Kerosene-Type Jet Fuel,EEX,Exports,MKJEXP21,Midwest (PADD 2) Exports of Kerosene-Type Jet Fuel (Thousand Barrels),68,MBBL
2018-08,R20-Z00,PADD 2,EPJK,Kerosene-Type Jet Fuel,EEX,Exports,MKJEXP22,Midwest (PADD 2) Exports of Kerosene-Type Jet Fuel (Thousand Barrels per Day),2,MBBL/D
2018-09,R20-Z00,PADD 2,EPJK,Kerosene-Type Jet Fuel,EEX,Exports,MKJEXP21,Midwest (PADD 2) Exports of Kerosene-Type Jet Fuel (Thousand Barrels),36,MBBL
2018-09,R20-Z00,PADD 2,EPJK,Kerosene-Type Jet Fuel,EEX,Exports,MKJEXP22,Midwest (PADD 2) Exports of Kerosene-Type Jet Fuel (Thousand Barrels per Day),1,MBBL/D
2018-10,R20-Z00,PADD 2,EPJK,Kerosene-Type Jet Fuel,EEX,Exports,MKJEXP21,Midwest (PADD 2) Exports of Kerosene-Type Jet Fuel (Thousand Barrels),47,MBBL
2018-10,R20-Z00,PADD 2,EPJK,Kerosene-Type Jet Fuel,EEX,Exports,MKJEXP22,Midwest (PADD 2) Exports of Kerosene-Type Jet Fuel (Thousand Barrels per Day),2,MBBL/D
2018-11,R20-Z00,PADD 2,EPJK,Kerosene-Type Jet Fuel,EEX,Exports,MKJEXP21,Midwest (PADD 2) Exports of Kerosene-Type Jet Fuel (Thousand Barrels),44,MBBL
2018-11,R20-Z00,PADD 2,EPJK,Kerosene-Type Jet Fuel,EEX,Exports,MKJEXP22,Midwest (PADD 2) Exports of Kerosene-Type Jet Fuel (Thousand Barrels per Day),1,MBBL/D
2018-12,R20-Z00,PADD 2,EPJK,Kerosene-Type Jet Fuel,EEX,Exports,MKJEXP21,Midwest (PADD 2) Exports of Kerosene-Type Jet Fuel (Thousand Barrels),45,MBBL
2018-12,R20-Z00,PADD 2,EPJK,Kerosene-Type Jet Fuel,EEX,Exports,MKJEXP22,Midwest (PADD 2) Exports of Kerosene-Type Jet Fuel (Thousand Barrels per Day),1,MBBL/D
2019-01,R20-Z00,PADD 2,EPJK,Kerosene-Type Jet Fuel,EEX,Exports,MKJEXP21,Midwest (PADD 2) Exports of Kerosene-Type Jet Fuel (Thousand Barrels),49,MBBL
2019-01,R20-Z00,PADD 2,EPJK,Kerosene-Type Jet Fuel,EEX,Exports,MKJEXP22,Midwest (PADD 2) Exports of Kerosene-Type Jet Fuel (Thousand Barrels per Day),2,MBBL/D
2019-02,R20-Z00,PADD 2,EPJK,Kerosene-Type Jet Fuel,EEX,Exports,MKJEXP21,Midwest (PADD 2) Exports of Kerosene-Type Jet Fuel (Thousand Barrels),30,MBBL
2019-02,R20-Z00,PADD 2,EPJK,Kerosene-Type Jet Fuel,EEX,Exports,MKJEXP22,Midwest (PADD 2) Exports of Kerosene-Type Jet Fuel (Thousand Barrels per Day),1,MBBL/D
2019-03,R20-Z00,PADD 2,EPJK,Kerosene-Type Jet Fuel,EEX,Exports,MKJEXP21,Midwest (PADD 2) Exports of Kerosene-Type Jet Fuel (Thousand Barrels),116,MBBL
2019-03,R20-Z00,PADD 2,EPJK,Kerosene-Type Jet Fuel,EEX,Exports,MKJEXP22,Midwest (PADD 2) Exports of Kerosene-Type Jet Fuel (Thousand Barrels per Day),4,MBBL/D
2019-04,R20-Z00,PADD 2,EPJK,Kerosene-Type Jet Fuel,EEX,Exports,MKJEXP21,Midwest (PADD 2) Exports of Kerosene-Type Jet Fuel (Thousand Barrels),39,MBBL
2019-04,R20-Z00,PADD 2,EPJK,Kerosene-Type Jet Fuel,EEX,Exports,MKJEXP22,Midwest (PADD 2) Exports of Kerosene-Type Jet Fuel (Thousand Barrels per Day),1,MBBL/D
2019-05,R20-Z00,PADD 2,EPJK,Kerosene-Type Jet Fuel,EEX,Exports,MKJEXP21,Midwest (PADD 2) Exports of Kerosene-Type Jet Fuel (Thousand Barrels),37,MBBL
2019-05,R20-Z00,PADD 2,EPJK,Kerosene-Type Jet Fuel,EEX,Exports,MKJEXP22,Midwest (PADD 2) Exports of Kerosene-Type Jet Fuel (Thousand Barrels per Day),1,MBBL/D
2019-06,R20-Z00,PADD 2,EPJK,Kerosene-Type Jet Fuel,EEX,Exports,MKJEXP21,Midwest (PADD 2) Exports of Kerosene-Type Jet Fuel (Thousand Barrels),38,MBBL
2019-06,R20-Z00,PADD 2,EPJK,Kerosene-Type Jet Fuel,EEX,Exports,MKJEXP22,Midwest (PADD 2) Exports of Kerosene-Type Jet Fuel (Thousand Barrels per Day),1,MBBL/D
2019-07,R20-Z00,PADD 2,EPJK,Kerosene-Type Jet Fuel,EEX,Exports,MKJEXP21,Midwest (PADD 2) Exports of Kerosene-Type Jet Fuel (Thousand Barrels),47,MBBL
2019-07,R20-Z00,PADD 2,EPJK,Kerosene-Type Jet Fuel,EEX,Exports,MKJEXP22,Midwest (PADD 2) Exports of Kerosene-Type Jet Fuel (Thousand Barrels per Day),2,MBBL/D
2019-08,R20-Z00,PADD 2,EPJK,Kerosene-Type Jet Fuel,EEX,Exports,MKJEXP21,Midwest (PADD 2) Exports of Kerosene-Type Jet Fuel (Thousand Barrels),43,MBBL
2019-08,R20-Z00,PADD 2,EPJK,Kerosene-Type Jet Fuel,EEX,Exports,MKJEXP22,Midwest (PADD 2) Exports of Kerosene-Type Jet Fuel (Thousand Barrels per Day),1,MBBL/D
2019-09,R20-Z00,PADD 2,EPJK,Kerosene-Type Jet Fuel,EEX,Exports,MKJEXP21,Midwest (PADD 2) Exports of Kerosene-Type Jet Fuel (Thousand Barrels),52,MBBL
2019-09,R20-Z00,PADD 2,EPJK,Kerosene-Type Jet Fuel,EEX,Exports,MKJEXP22,Midwest (PADD 2) Exports of Kerosene-Type Jet Fuel (Thousand Barrels per Day),2,MBBL/D
2019-10,R20-Z00,PADD 2,EPJK,Kerosene-Type Jet Fuel,EEX,Exports,MKJEXP21,Midwest (PADD 2) Exports of Kerosene-Type Jet Fuel (Thousand Barrels),61,MBBL
2019-10,R20-Z00,PADD 2,EPJK,Kerosene-Type Jet Fuel,EEX,Exports,MKJEXP22,Midwest (PADD 2) Exports of Kerosene-Type Jet Fuel (Thousand Barrels per Day),2,MBBL/D
2019-11,R20-Z00,PADD 2,EPJK,Kerosene-Type Jet Fuel,EEX,Exports,MKJEXP21,Midwest (PADD 2) Exports of Kerosene-Type Jet Fuel (Thousand Barrels),42,MBBL
2019-11,R20-Z00,PADD 2,EPJK,Kerosene-Type Jet Fuel,EEX,Exports,MKJEXP22,Midwest (PADD 2) Exports of Kerosene-Type Jet Fuel (Thousand Barrels per Day),1,MBBL/D
2019-12,R20-Z00,PADD 2,EPJK,Kerosene-Type Jet Fuel,EEX,Exports,MKJEXP21,Midwest (PADD 2) Exports of Kerosene-Type Jet Fuel (Thousand Barrels),53,MBBL
2019-12,R20-Z00,PADD 2,EPJK,Kerosene-Type Jet Fuel,EEX,Exports,MKJEXP22,Midwest (PADD 2) Exports of Kerosene-Type Jet Fuel (Thousand Barrels per Day),2,MBBL/D
2020-01,R20-Z00,PADD 2,EPJK,Kerosene-Type Jet Fuel,EEX,Exports,MKJEXP21,Midwest (PADD 2) Exports of Kerosene-Type Jet Fuel (Thousand Barrels),598,MBBL
2020-01,R20-Z00,PADD 2,EPJK,Kerosene-Type Jet Fuel,EEX,Exports,MKJEXP22,Midwest (PADD 2) Exports of Kerosene-Type Jet Fuel (Thousand Barrels per Day),19,MBBL/D
2020-02,R20-Z00,PADD 2,EPJK,Kerosene-Type Jet Fuel,EEX,Exports,MKJEXP21,Midwest (PADD 2) Exports of Kerosene-Type Jet Fuel (Thousand Barrels),47,MBBL
2020-02,R20-Z00,PADD 2,EPJK,Kerosene-Type Jet Fuel,EEX,Exports,MKJEXP22,Midwest (PADD 2) Exports of Kerosene-Type Jet Fuel (Thousand Barrels per Day),2,MBBL/D
2020-03,R20-Z00,PADD 2,EPJK,Kerosene-Type Jet Fuel,EEX,Exports,MKJEXP21,Midwest (PADD 2) Exports of Kerosene-Type Jet Fuel (Thousand Barrels),51,MBBL
2020-03,R20-Z00,PADD 2,EPJK,Kerosene-Type Jet Fuel,EEX,Exports,MKJEXP22,Midwest (PADD 2) Exports of Kerosene-Type Jet Fuel (Thousand Barrels per Day),2,MBBL/D
2020-04,R20-Z00,PADD 2,EPJK,Kerosene-Type Jet Fuel,EEX,Exports,MKJEXP21,Midwest (PADD 2) Exports of Kerosene-Type Jet Fuel (Thousand Barrels),7,MBBL
2020-04,R20-Z00,PADD 2,EPJK,Kerosene-Type Jet Fuel,EEX,Exports,MKJEXP22,Midwest (PADD 2) Exports of Kerosene-Type Jet Fuel (Thousand Barrels per Day),0,MBBL/D
2020-05,R20-Z00,PADD 2,EPJK,Kerosene-Type Jet Fuel,EEX,Exports,MKJEXP21,Midwest (PADD 2) Exports of Kerosene-Type Jet Fuel (Thousand Barrels),6,MBBL
2020-05,R20-Z00,PADD 2,EPJK,Kerosene-Type Jet Fuel,EEX,Exports,MKJEXP22,Midwest (PADD 2) Exports of Kerosene-Type Jet Fuel (Thousand Barrels per Day),0,MBBL/D
2020-06,R20-Z00,PADD 2,EPJK,Kerosene-Type Jet Fuel,EEX,Exports,MKJEXP21,Midwest (PADD 2) Exports of Kerosene-Type Jet Fuel (Thousand Barrels),30,MBBL
2020-06,R20-Z00,PADD 2,EPJK,Kerosene-Type Jet Fuel,EEX,Exports,MKJEXP22,Midwest (PADD 2) Exports of Kerosene-Type Jet Fuel (Thousand Barrels per Day),1,MBBL/D
2020-07,R20-Z00,PADD 2,EPJK,Kerosene-Type Jet Fuel,EEX,Exports,MKJEXP21,Midwest (PADD 2) Exports of Kerosene-Type Jet Fuel (Thousand Barrels),21,MBBL
2020-07,R20-Z00,PADD 2,EPJK,Kerosene-Type Jet Fuel,EEX,Exports,MKJEXP22,Midwest (PADD 2) Exports of Kerosene-Type Jet Fuel (Thousand Barrels per Day),1,MBBL/D
2020-08,R20-Z00,PADD 2,EPJK,Kerosene-Type Jet Fuel,EEX,Exports,MKJEXP21,Midwest (PADD 2) Exports of Kerosene-Type Jet Fuel (Thousand Barrels),17,MBBL
2020-08,R20-Z00,PADD 2,EPJK,Kerosene-Type Jet Fuel,EEX,Exports,MKJEXP22,Midwest (PADD 2) Exports of Kerosene-Type Jet Fuel (Thousand Barrels per Day),1,MBBL/D
2020-09,R20-Z00,PADD 2,EPJK,Kerosene-Type Jet Fuel,EEX,Exports,MKJEXP21,Midwest (PADD 2) Exports of Kerosene-Type Jet Fuel (Thousand Barrels),28,MBBL
2020-09,R20-Z00,PADD 2,EPJK,Kerosene-Type Jet Fuel,EEX,Exports,MKJEXP22,Midwest (PADD 2) Exports of Kerosene-Type Jet Fuel (Thousand Barrels per Day),1,MBBL/D
2020-10,R20-Z00,PADD 2,EPJK,Kerosene-Type Jet Fuel,EEX,Exports,MKJEXP21,Midwest (PADD 2) Exports of Kerosene-Type Jet Fuel (Thousand Barrels),17,MBBL
2020-10,R20-Z00,PADD 2,EPJK,Kerosene-Type Jet Fuel,EEX,Exports,MKJEXP22,Midwest (PADD 2) Exports of Kerosene-Type Jet Fuel (Thousand Barrels per Day),1,MBBL/D
2020-11,R20-Z00,PADD 2,EPJK,Kerosene-Type Jet Fuel,EEX,Exports,MKJEXP21,Midwest (PADD 2) Exports of Kerosene-Type Jet Fuel (Thousand Barrels),27,MBBL
2020-11,R20-Z00,PADD 2,EPJK,Kerosene-Type Jet Fuel,EEX,Exports,MKJEXP22,Midwest (PADD 2) Exports of Kerosene-Type Jet Fuel (Thousand Barrels per Day),1,MBBL/D
2020-12,R20-Z00,PADD 2,EPJK,Kerosene-Type Jet Fuel,EEX,Exports,MKJEXP21,Midwest (PADD 2) Exports of Kerosene-Type Jet Fuel (Thousand Barrels),28,MBBL
2020-12,R20-Z00,PADD 2,EPJK,Kerosene-Type Jet Fuel,EEX,Exports,MKJEXP22,Midwest (PADD 2) Exports of Kerosene-Type Jet Fuel (Thousand Barrels per Day),1,MBBL/D
2021-01,R20-Z00,PADD 2,EPJK,Kerosene-Type Jet Fuel,EEX,Exports,MKJEXP21,Midwest (PADD 2) Exports of Kerosene-Type Jet Fuel (Thousand Barrels),22,MBBL
2021-01,R20-Z00,PADD 2,EPJK,Kerosene-Type Jet Fuel,EEX,Exports,MKJEXP22,Midwest (PADD 2) Exports of Kerosene-Type Jet Fuel (Thousand Barrels per Day),1,MBBL/D
2021-02,R20-Z00,PADD 2,EPJK,Kerosene-Type Jet Fuel,EEX,Exports,MKJEXP21,Midwest (PADD 2) Exports of Kerosene-Type Jet Fuel (Thousand Barrels),27,MBBL
2021-02,R20-Z00,PADD 2,EPJK,Kerosene-Type Jet Fuel,EEX,Exports,MKJEXP22,Midwest (PADD 2) Exports of Kerosene-Type Jet Fuel (Thousand Barrels per Day),1,MBBL/D
2021-03,R20-Z00,PADD 2,EPJK,Kerosene-Type Jet Fuel,EEX,Exports,MKJEXP21,Midwest (PADD 2) Exports of Kerosene-Type Jet Fuel (Thousand Barrels),43,MBBL
2021-03,R20-Z00,PADD 2,EPJK,Kerosene-Type Jet Fuel,EEX,Exports,MKJEXP22,Midwest (PADD 2) Exports of Kerosene-Type Jet Fuel (Thousand Barrels per Day),1,MBBL/D
2021-04,R20-Z00,PADD 2,EPJK,Kerosene-Type Jet Fuel,EEX,Exports,MKJEXP21,Midwest (PADD 2) Exports of Kerosene-Type Jet Fuel (Thousand Barrels),16,MBBL
2021-04,R20-Z00,PADD 2,EPJK,Kerosene-Type Jet Fuel,EEX,Exports,MKJEXP22,Midwest (PADD 2) Exports of Kerosene-Type Jet Fuel (Thousand Barrels per Day),1,MBBL/D
2021-05,R20-Z00,PADD 2,EPJK,Kerosene-Type Jet Fuel,EEX,Exports,MKJEXP21,Midwest (PADD 2) Exports of Kerosene-Type Jet Fuel (Thousand Barrels),2,MBBL
2021-05,R20-Z00,PADD 2,EPJK,Kerosene-Type Jet Fuel,EEX,Exports,MKJEXP22,Midwest (PADD 2) Exports of Kerosene-Type Jet Fuel (Thousand Barrels per Day),0,MBBL/D
2021-06,R20-Z00,PADD 2,EPJK,Kerosene-Type Jet Fuel,EEX,Exports,MKJEXP21,Midwest (PADD 2) Exports of Kerosene-Type Jet Fuel (Thousand Barrels),6,MBBL
2021-06,R20-Z00,PADD 2,EPJK,Kerosene-Type Jet Fuel,EEX,Exports,MKJEXP22,Midwest (PADD 2) Exports of Kerosene-Type Jet Fuel (Thousand Barrels per Day),0,MBBL/D
2021-07,R20-Z00,PADD 2,EPJK,Kerosene-Type Jet Fuel,EEX,Exports,MKJEXP21,Midwest (PADD 2) Exports of Kerosene-Type Jet Fuel (Thousand Barrels),6,MBBL
2021-07,R20-Z00,PADD 2,EPJK,Kerosene-Type Jet Fuel,EEX,Exports,MKJEXP22,Midwest (PADD 2) Exports of Kerosene-Type Jet Fuel (Thousand Barrels per Day),0,MBBL/D
2021-08,R20-Z00,PADD 2,EPJK,Kerosene-Type Jet Fuel,EEX,Exports,MKJEXP21,Midwest (PADD 2) Exports of Kerosene-Type Jet Fuel (Thousand Barrels),1,MBBL
2021-08,R20-Z00,PADD 2,EPJK,Kerosene-Type Jet Fuel,EEX,Exports,MKJEXP22,Midwest (PADD 2) Exports of Kerosene-Type Jet Fuel (Thousand Barrels per Day),0,MBBL/D
2021-10,R20-Z00,PADD 2,EPJK,Kerosene-Type Jet Fuel,EEX,Exports,MKJEXP21,Midwest (PADD 2) Exports of Kerosene-Type Jet Fuel (Thousand Barrels),16,MBBL
2021-10,R20-Z00,PADD 2,EPJK,Kerosene-Type Jet Fuel,EEX,Exports,MKJEXP22,Midwest (PADD 2) Exports of Kerosene-Type Jet Fuel (Thousand Barrels per Day),1,MBBL/D
2021-11,R20-Z00,PADD 2,EPJK,Kerosene-Type Jet Fuel,EEX,Exports,MKJEXP21,Midwest (PADD 2) Exports of Kerosene-Type Jet Fuel (Thousand Barrels),11,MBBL
2021-11,R20-Z00,PADD 2,EPJK,Kerosene-Type Jet Fuel,EEX,Exports,MKJEXP22,Midwest (PADD 2) Exports of Kerosene-Type Jet Fuel (Thousand Barrels per Day),0,MBBL/D
2021-12,R20-Z00,PADD 2,EPJK,Kerosene-Type Jet Fuel,EEX,Exports,MKJEXP21,Midwest (PADD 2) Exports of Kerosene-Type Jet Fuel (Thousand Barrels),8,MBBL
2021-12,R20-Z00,PADD 2,EPJK,Kerosene-Type Jet Fuel,EEX,Exports,MKJEXP22,Midwest (PADD 2) Exports of Kerosene-Type Jet Fuel (Thousand Barrels per Day),0,MBBL/D
2022-01,R20-Z00,PADD 2,EPJK,Kerosene-Type Jet Fuel,EEX,Exports,MKJEXP21,Midwest (PADD 2) Exports of Kerosene-Type Jet Fuel (Thousand Barrels),9,MBBL
2022-01,R20-Z00,PADD 2,EPJK,Kerosene-Type Jet Fuel,EEX,Exports,MKJEXP22,Midwest (PADD 2) Exports of Kerosene-Type Jet Fuel (Thousand Barrels per Day),0,MBBL/D
2022-02,R20-Z00,PADD 2,EPJK,Kerosene-Type Jet Fuel,EEX,Exports,MKJEXP21,Midwest (PADD 2) Exports of Kerosene-Type Jet Fuel (Thousand Barrels),8,MBBL
2022-02,R20-Z00,PADD 2,EPJK,Kerosene-Type Jet Fuel,EEX,Exports,MKJEXP22,Midwest (PADD 2) Exports of Kerosene-Type Jet Fuel (Thousand Barrels per Day),0,MBBL/D
2022-03,R20-Z00,PADD 2,EPJK,Kerosene-Type Jet Fuel,EEX,Exports,MKJEXP21,Midwest (PADD 2) Exports of Kerosene-Type Jet Fuel (Thousand Barrels),12,MBBL
2022-03,R20-Z00,PADD 2,EPJK,Kerosene-Type Jet Fuel,EEX,Exports,MKJEXP22,Midwest (PADD 2) Exports of Kerosene-Type Jet Fuel (Thousand Barrels per Day),0,MBBL/D
2022-04,R20-Z00,PADD 2,EPJK,Kerosene-Type Jet Fuel,EEX,Exports,MKJEXP21,Midwest (PADD 2) Exports of Kerosene-Type Jet Fuel (Thousand Barrels),25,MBBL
2022-04,R20-Z00,PADD 2,EPJK,Kerosene-Type Jet Fuel,EEX,Exports,MKJEXP22,Midwest (PADD 2) Exports of Kerosene-Type Jet Fuel (Thousand Barrels per Day),1,MBBL/D
2022-05,R20-Z00,PADD 2,EPJK,Kerosene-Type Jet Fuel,EEX,Exports,MKJEXP21,Midwest (PADD 2) Exports of Kerosene-Type Jet Fuel (Thousand Barrels),32,MBBL
2022-05,R20-Z00,PADD 2,EPJK,Kerosene-Type Jet Fuel,EEX,Exports,MKJEXP22,Midwest (PADD 2) Exports of Kerosene-Type Jet Fuel (Thousand Barrels per Day),1,MBBL/D
2022-06,R20-Z00,PADD 2,EPJK,Kerosene-Type Jet Fuel,EEX,Exports,MKJEXP21,Midwest (PADD 2) Exports of Kerosene-Type Jet Fuel (Thousand Barrels),24,MBBL
2022-06,R20-Z00,PADD 2,EPJK,Kerosene-Type Jet Fuel,EEX,Exports,MKJEXP22,Midwest (PADD 2) Exports of Kerosene-Type Jet Fuel (Thousand Barrels per Day),1,MBBL/D
2022-07,R20-Z00,PADD 2,EPJK,Kerosene-Type Jet Fuel,EEX,Exports,MKJEXP21,Midwest (PADD 2) Exports of Kerosene-Type Jet Fuel (Thousand Barrels),23,MBBL
2022-07,R20-Z00,PADD 2,EPJK,Kerosene-Type Jet Fuel,EEX,Exports,MKJEXP22,Midwest (PADD 2) Exports of Kerosene-Type Jet Fuel (Thousand Barrels per Day),1,MBBL/D
2022-08,R20-Z00,PADD 2,EPJK,Kerosene-Type Jet Fuel,EEX,Exports,MKJEXP21,Midwest (PADD 2) Exports of Kerosene-Type Jet Fuel (Thousand Barrels),34,MBBL
2022-08,R20-Z00,PADD 2,EPJK,Kerosene-Type Jet Fuel,EEX,Exports,MKJEXP22,Midwest (PADD 2) Exports of Kerosene-Type Jet Fuel (Thousand Barrels per Day),1,MBBL/D
2022-09,R20-Z00,PADD 2,EPJK,Kerosene-Type Jet Fuel,EEX,Exports,MKJEXP21,Midwest (PADD 2) Exports of Kerosene-Type Jet Fuel (Thousand Barrels),18,MBBL
2022-09,R20-Z00,PADD 2,EPJK,Kerosene-Type Jet Fuel,EEX,Exports,MKJEXP22,Midwest (PADD 2) Exports of Kerosene-Type Jet Fuel (Thousand Barrels per Day),1,MBBL/D
2022-10,R20-Z00,PADD 2,EPJK,Kerosene-Type Jet Fuel,EEX,Exports,MKJEXP21,Midwest (PADD 2) Exports of Kerosene-Type Jet Fuel (Thousand Barrels),21,MBBL
2022-10,R20-Z00,PADD 2,EPJK,Kerosene-Type Jet Fuel,EEX,Exports,MKJEXP22,Midwest (PADD 2) Exports of Kerosene-Type Jet Fuel (Thousand Barrels per Day),1,MBBL/D
2022-11,R20-Z00,PADD 2,EPJK,Kerosene-Type Jet Fuel,EEX,Exports,MKJEXP21,Midwest (PADD 2) Exports of Kerosene-Type Jet Fuel (Thousand Barrels),11,MBBL
2022-11,R20-Z00,PADD 2,EPJK,Kerosene-Type Jet Fuel,EEX,Exports,MKJEXP22,Midwest (PADD 2) Exports of Kerosene-Type Jet Fuel (Thousand Barrels per Day),0,MBBL/D
2022-12,R20-Z00,PADD 2,EPJK,Kerosene-Type Jet Fuel,EEX,Exports,MKJEXP21,Midwest (PADD 2) Exports of Kerosene-Type Jet Fuel (Thousand Barrels),15,MBBL
2022-12,R20-Z00,PADD 2,EPJK,Kerosene-Type Jet Fuel,EEX,Exports,MKJEXP22,Midwest (PADD 2) Exports of Kerosene-Type Jet Fuel (Thousand Barrels per Day),0,MBBL/D
2023-01,R20-Z00,PADD 2,EPJK,Kerosene-Type Jet Fuel,EEX,Exports,MKJEXP21,Midwest (PADD 2) Exports of Kerosene-Type Jet Fuel (Thousand Barrels),36,MBBL
2023-01,R20-Z00,PADD 2,EPJK,Kerosene-Type Jet Fuel,EEX,Exports,MKJEXP22,Midwest (PADD 2) Exports of Kerosene-Type Jet Fuel (Thousand Barrels per Day),1,MBBL/D
2023-02,R20-Z00,PADD 2,EPJK,Kerosene-Type Jet Fuel,EEX,Exports,MKJEXP21,Midwest (PADD 2) Exports of Kerosene-Type Jet Fuel (Thousand Barrels),24,MBBL
2023-02,R20-Z00,PADD 2,EPJK,Kerosene-Type Jet Fuel,EEX,Exports,MKJEXP22,Midwest (PADD 2) Exports of Kerosene-Type Jet Fuel (Thousand Barrels per Day),1,MBBL/D
2023-03,R20-Z00,PADD 2,EPJK,Kerosene-Type Jet Fuel,EEX,Exports,MKJEXP21,Midwest (PADD 2) Exports of Kerosene-Type Jet Fuel (Thousand Barrels),27,MBBL
2023-03,R20-Z00,PADD 2,EPJK,Kerosene-Type Jet Fuel,EEX,Exports,MKJEXP22,Midwest (PADD 2) Exports of Kerosene-Type Jet Fuel (Thousand Barrels per Day),1,MBBL/D
2023-04,R20-Z00,PADD 2,EPJK,Kerosene-Type Jet Fuel,EEX,Exports,MKJEXP21,Midwest (PADD 2) Exports of Kerosene-Type Jet Fuel (Thousand Barrels),28,MBBL
2023-04,R20-Z00,PADD 2,EPJK,Kerosene-Type Jet Fuel,EEX,Exports,MKJEXP22,Midwest (PADD 2) Exports of Kerosene-Type Jet Fuel (Thousand Barrels per Day),1,MBBL/D
2023-05,R20-Z00,PADD 2,EPJK,Kerosene-Type Jet Fuel,EEX,Exports,MKJEXP21,Midwest (PADD 2) Exports of Kerosene-Type Jet Fuel (Thousand Barrels),34,MBBL
2023-05,R20-Z00,PADD 2,EPJK,Kerosene-Type Jet Fuel,EEX,Exports,MKJEXP22,Midwest (PADD 2) Exports of Kerosene-Type Jet Fuel (Thousand Barrels per Day),1,MBBL/D
2023-06,R20-Z00,PADD 2,EPJK,Kerosene-Type Jet Fuel,EEX,Exports,MKJEXP21,Midwest (PADD 2) Exports of Kerosene-Type Jet Fuel (Thousand Barrels),44,MBBL
2023-06,R20-Z00,PADD 2,EPJK,Kerosene-Type Jet Fuel,EEX,Exports,MKJEXP22,Midwest (PADD 2) Exports of Kerosene-Type Jet Fuel (Thousand Barrels per Day),1,MBBL/D
2023-07,R20-Z00,PADD 2,EPJK,Kerosene-Type Jet Fuel,EEX,Exports,MKJEXP21,Midwest (PADD 2) Exports of Kerosene-Type Jet Fuel (Thousand Barrels),64,MBBL
2023-07,R20-Z00,PADD 2,EPJK,Kerosene-Type Jet Fuel,EEX,Exports,MKJEXP22,Midwest (PADD 2) Exports of Kerosene-Type Jet Fuel (Thousand Barrels per Day),2,MBBL/D
2023-08,R20-Z00,PADD 2,EPJK,Kerosene-Type Jet Fuel,EEX,Exports,MKJEXP21,Midwest (PADD 2) Exports of Kerosene-Type Jet Fuel (Thousand Barrels),88,MBBL
2023-08,R20-Z00,PADD 2,EPJK,Kerosene-Type Jet Fuel,EEX,Exports,MKJEXP22,Midwest (PADD 2) Exports of Kerosene-Type Jet Fuel (Thousand Barrels per Day),3,MBBL/D
2023-09,R20-Z00,PADD 2,EPJK,Kerosene-Type Jet Fuel,EEX,Exports,MKJEXP21,Midwest (PADD 2) Exports of Kerosene-Type Jet Fuel (Thousand Barrels),83,MBBL
2023-09,R20-Z00,PADD 2,EPJK,Kerosene-Type Jet Fuel,EEX,Exports,MKJEXP22,Midwest (PADD 2) Exports of Kerosene-Type Jet Fuel (Thousand Barrels per Day),3,MBBL/D
2023-10,R20-Z00,PADD 2,EPJK,Kerosene-Type Jet Fuel,EEX,Exports,MKJEXP21,Midwest (PADD 2) Exports of Kerosene-Type Jet Fuel (Thousand Barrels),86,MBBL
2023-10,R20-Z00,PADD 2,EPJK,Kerosene-Type Jet Fuel,EEX,Exports,MKJEXP22,Midwest (PADD 2) Exports of Kerosene-Type Jet Fuel (Thousand Barrels per Day),3,MBBL/D
2023-11,R20-Z00,PADD 2,EPJK,Kerosene-Type Jet Fuel,EEX,Exports,MKJEXP21,Midwest (PADD 2) Exports of Kerosene-Type Jet Fuel (Thousand Barrels),90,MBBL
2023-11,R20-Z00,PADD 2,EPJK,Kerosene-Type Jet Fuel,EEX,Exports,MKJEXP22,Midwest (PADD 2) Exports of Kerosene-Type Jet Fuel (Thousand Barrels per Day),3,MBBL/D
2023-12,R20-Z00,PADD 2,EPJK,Kerosene-Type Jet Fuel,EEX,Exports,MKJEXP21,Midwest (PADD 2) Exports of Kerosene-Type Jet Fuel (Thousand Barrels),111,MBBL
2023-12,R20-Z00,PADD 2,EPJK,Kerosene-Type Jet Fuel,EEX,Exports,MKJEXP22,Midwest (PADD 2) Exports of Kerosene-Type Jet Fuel (Thousand Barrels per Day),4,MBBL/D
2024-01,R20-Z00,PADD 2,EPJK,Kerosene-Type Jet Fuel,EEX,Exports,MKJEXP21,Midwest (PADD 2) Exports of Kerosene-Type Jet Fuel (Thousand Barrels),112,MBBL
2024-01,R20-Z00,PADD 2,EPJK,Kerosene-Type Jet Fuel,EEX,Exports,MKJEXP22,Midwest (PADD 2) Exports of Kerosene-Type Jet Fuel (Thousand Barrels per Day),4,MBBL/D
2024-02,R20-Z00,PADD 2,EPJK,Kerosene-Type Jet Fuel,EEX,Exports,MKJEXP21,Midwest (PADD 2) Exports of Kerosene-Type Jet Fuel (Thousand Barrels),54,MBBL
2024-02,R20-Z00,PADD 2,EPJK,Kerosene-Type Jet Fuel,EEX,Exports,MKJEXP22,Midwest (PADD 2) Exports of Kerosene-Type Jet Fuel (Thousand Barrels per Day),2,MBBL/D
2024-03,R20-Z00,PADD 2,EPJK,Kerosene-Type Jet Fuel,EEX,Exports,MKJEXP21,Midwest (PADD 2) Exports of Kerosene-Type Jet Fuel (Thousand Barrels),59,MBBL
2024-03,R20-Z00,PADD 2,EPJK,Kerosene-Type Jet Fuel,EEX,Exports,MKJEXP22,Midwest (PADD 2) Exports of Kerosene-Type Jet Fuel (Thousand Barrels per Day),2,MBBL/D
2024-04,R20-Z00,PADD 2,EPJK,Kerosene-Type Jet Fuel,EEX,Exports,MKJEXP21,Midwest (PADD 2) Exports of Kerosene-Type Jet Fuel (Thousand Barrels),61,MBBL
2024-04,R20-Z00,PADD 2,EPJK,Kerosene-Type Jet Fuel,EEX,Exports,MKJEXP22,Midwest (PADD 2) Exports of Kerosene-Type Jet Fuel (Thousand Barrels per Day),2,MBBL/D
2024-05,R20-Z00,PADD 2,EPJK,Kerosene-Type Jet Fuel,EEX,Exports,MKJEXP21,Midwest (PADD 2) Exports of Kerosene-Type Jet Fuel (Thousand Barrels),87,MBBL
2024-05,R20-Z00,PADD 2,EPJK,Kerosene-Type Jet Fuel,EEX,Exports,MKJEXP22,Midwest (PADD 2) Exports of Kerosene-Type Jet Fuel (Thousand Barrels per Day),3,MBBL/D
2024-06,R20-Z00,PADD 2,EPJK,Kerosene-Type Jet Fuel,EEX,Exports,MKJEXP21,Midwest (PADD 2) Exports of Kerosene-Type Jet Fuel (Thousand Barrels),118,MBBL
2024-06,R20-Z00,PADD 2,EPJK,Kerosene-Type Jet Fuel,EEX,Exports,MKJEXP22,Midwest (PADD 2) Exports of Kerosene-Type Jet Fuel (Thousand Barrels per Day),4,MBBL/D
2024-07,R20-Z00,PADD 2,EPJK,Kerosene-Type Jet Fuel,EEX,Exports,MKJEXP21,Midwest (PADD 2) Exports of Kerosene-Type Jet Fuel (Thousand Barrels),119,MBBL
2024-07,R20-Z00,PADD 2,EPJK,Kerosene-Type Jet Fuel,EEX,Exports,MKJEXP22,Midwest (PADD 2) Exports of Kerosene-Type Jet Fuel (Thousand Barrels per Day),4,MBBL/D
2024-08,R20-Z00,PADD 2,EPJK,Kerosene-Type Jet Fuel,EEX,Exports,MKJEXP21,Midwest (PADD 2) Exports of Kerosene-Type Jet Fuel (Thousand Barrels),125,MBBL
2024-08,R20-Z00,PADD 2,EPJK,Kerosene-Type Jet Fuel,EEX,Exports,MKJEXP22,Midwest (PADD 2) Exports of Kerosene-Type Jet Fuel (Thousand Barrels per Day),4,MBBL/D
2024-09,R20-Z00,PADD 2,EPJK,Kerosene-Type Jet Fuel,EEX,Exports,MKJEXP21,Midwest (PADD 2) Exports of Kerosene-Type Jet Fuel (Thousand Barrels),79,MBBL
2024-09,R20-Z00,PADD 2,EPJK,Kerosene-Type Jet Fuel,EEX,Exports,MKJEXP22,Midwest (PADD 2) Exports of Kerosene-Type Jet Fuel (Thousand Barrels per Day),3,MBBL/D
2024-10,R20-Z00,PADD 2,EPJK,Kerosene-Type Jet Fuel,EEX,Exports,MKJEXP21,Midwest (PADD 2) Exports of Kerosene-Type Jet Fuel (Thousand Barrels),70,MBBL
2024-10,R20-Z00,PADD 2,EPJK,Kerosene-Type Jet Fuel,EEX,Exports,MKJEXP22,Midwest (PADD 2) Exports of Kerosene-Type Jet Fuel (Thousand Barrels per Day),2,MBBL/D
2024-11,R20-Z00,PADD 2,EPJK,Kerosene-Type Jet Fuel,EEX,Exports,MKJEXP21,Midwest (PADD 2) Exports of Kerosene-Type Jet Fuel (Thousand Barrels),59,MBBL
2024-11,R20-Z00,PADD 2,EPJK,Kerosene-Type Jet Fuel,EEX,Exports,MKJEXP22,Midwest (PADD 2) Exports of Kerosene-Type Jet Fuel (Thousand Barrels per Day),2,MBBL/D
2024-12,R20-Z00,PADD 2,EPJK,Kerosene-Type Jet Fuel,EEX,Exports,MKJEXP21,Midwest (PADD 2) Exports of Kerosene-Type Jet Fuel (Thousand Barrels),107,MBBL
2024-12,R20-Z00,PADD 2,EPJK,Kerosene-Type Jet Fuel,EEX,Exports,MKJEXP22,Midwest (PADD 2) Exports of Kerosene-Type Jet Fuel (Thousand Barrels per Day),3,MBBL/D
2025-01,R20-Z00,PADD 2,EPJK,Kerosene-Type Jet Fuel,EEX,Exports,MKJEXP21,Midwest (PADD 2) Exports of Kerosene-Type Jet Fuel (Thousand Barrels),146,MBBL
2025-01,R20-Z00,PADD 2,EPJK,Kerosene-Type Jet Fuel,EEX,Exports,MKJEXP22,Midwest (PADD 2) Exports of Kerosene-Type Jet Fuel (Thousand Barrels per Day),5,MBBL/D
2025-02,R20-Z00,PADD 2,EPJK,Kerosene-Type Jet Fuel,EEX,Exports,MKJEXP21,Midwest (PADD 2) Exports of Kerosene-Type Jet Fuel (Thousand Barrels),113,MBBL
2025-02,R20-Z00,PADD 2,EPJK,Kerosene-Type Jet Fuel,EEX,Exports,MKJEXP22,Midwest (PADD 2) Exports of Kerosene-Type Jet Fuel (Thousand Barrels per Day),4,MBBL/D
2025-03,R20-Z00,PADD 2,EPJK,Kerosene-Type Jet Fuel,EEX,Exports,MKJEXP21,Midwest (PADD 2) Exports of Kerosene-Type Jet Fuel (Thousand Barrels),123,MBBL
2025-03,R20-Z00,PADD 2,EPJK,Kerosene-Type Jet Fuel,EEX,Exports,MKJEXP22,Midwest (PADD 2) Exports of Kerosene-Type Jet Fuel (Thousand Barrels per Day),4,MBBL/D
2025-04,R20-Z00,PADD 2,EPJK,Kerosene-Type Jet Fuel,EEX,Exports,MKJEXP21,Midwest (PADD 2) Exports of Kerosene-Type Jet Fuel (Thousand Barrels),172,MBBL
2025-04,R20-Z00,PADD 2,EPJK,Kerosene-Type Jet Fuel,EEX,Exports,MKJEXP22,Midwest (PADD 2) Exports of Kerosene-Type Jet Fuel (Thousand Barrels per Day),6,MBBL/D
2025-05,R20-Z00,PADD 2,EPJK,Kerosene-Type Jet Fuel,EEX,Exports,MKJEXP21,Midwest (PADD 2) Exports of Kerosene-Type Jet Fuel (Thousand Barrels),165,MBBL
2025-05,R20-Z00,PADD 2,EPJK,Kerosene-Type Jet Fuel,EEX,Exports,MKJEXP22,Midwest (PADD 2) Exports of Kerosene-Type Jet Fuel (Thousand Barrels per Day),5,MBBL/D
2025-06,R20-Z00,PADD 2,EPJK,Kerosene-Type Jet Fuel,EEX,Exports,MKJEXP21,Midwest (PADD 2) Exports of Kerosene-Type Jet Fuel (Thousand Barrels),159,MBBL
2025-06,R20-Z00,PADD 2,EPJK,Kerosene-Type Jet Fuel,EEX,Exports,MKJEXP22,Midwest (PADD 2) Exports of Kerosene-Type Jet Fuel (Thousand Barrels per Day),5,MBBL/D
2025-07,R20-Z00,PADD 2,EPJK,Kerosene-Type Jet Fuel,EEX,Exports,MKJEXP21,Midwest (PADD 2) Exports of Kerosene-Type Jet Fuel (Thousand Barrels),139,MBBL
2025-07,R20-Z00,PADD 2,EPJK,Kerosene-Type Jet Fuel,EEX,Exports,MKJEXP22,Midwest (PADD 2) Exports of Kerosene-Type Jet Fuel (Thousand Barrels per Day),4,MBBL/D
2025-08,R20-Z00,PADD 2,EPJK,Kerosene-Type Jet Fuel,EEX,Exports,MKJEXP21,Midwest (PADD 2) Exports of Kerosene-Type Jet Fuel (Thousand Barrels),168,MBBL
2025-08,R20-Z00,PADD 2,EPJK,Kerosene-Type Jet Fuel,EEX,Exports,MKJEXP22,Midwest (PADD 2) Exports of Kerosene-Type Jet Fuel (Thousand Barrels per Day),5,MBBL/D
2025-09,R20-Z00,PADD 2,EPJK,Kerosene-Type Jet Fuel,EEX,Exports,MKJEXP21,Midwest (PADD 2) Exports of Kerosene-Type Jet Fuel (Thousand Barrels),277,MBBL
2025-09,R20-Z00,PADD 2,EPJK,Kerosene-Type Jet Fuel,EEX,Exports,MKJEXP22,Midwest (PADD 2) Exports of Kerosene-Type Jet Fuel (Thousand Barrels per Day),9,MBBL/D
2025-10,R20-Z00,PADD 2,EPJK,Kerosene-Type Jet Fuel,EEX,Exports,MKJEXP21,Midwest (PADD 2) Exports of Kerosene-Type Jet Fuel (Thousand Barrels),222,MBBL
2025-10,R20-Z00,PADD 2,EPJK,Kerosene-Type Jet Fuel,EEX,Exports,MKJEXP22,Midwest (PADD 2) Exports of Kerosene-Type Jet Fuel (Thousand Barrels per Day),7,MBBL/D
2025-11,R20-Z00,PADD 2,EPJK,Kerosene-Type Jet Fuel,EEX,Exports,MKJEXP21,Midwest (PADD 2) Exports of Kerosene-Type Jet Fuel (Thousand Barrels),192,MBBL
2025-11,R20-Z00,PADD 2,EPJK,Kerosene-Type Jet Fuel,EEX,Exports,MKJEXP22,Midwest (PADD 2) Exports of Kerosene-Type Jet Fuel (Thousand Barrels per Day),6,MBBL/D
2025-12,R20-Z00,PADD 2,EPJK,Kerosene-Type Jet Fuel,EEX,Exports,MKJEXP21,Midwest (PADD 2) Exports of Kerosene-Type Jet Fuel (Thousand Barrels),142,MBBL
2025-12,R20-Z00,PADD 2,EPJK,Kerosene-Type Jet Fuel,EEX,Exports,MKJEXP22,Midwest (PADD 2) Exports of Kerosene-Type Jet Fuel (Thousand Barrels per Day),5,MBBL/D
2026-01,R20-Z00,PADD 2,EPJK,Kerosene-Type Jet Fuel,EEX,Exports,MKJEXP21,Midwest (PADD 2) Exports of Kerosene-Type Jet Fuel (Thousand Barrels),145,MBBL
2026-01,R20-Z00,PADD 2,EPJK,Kerosene-Type Jet Fuel,EEX,Exports,MKJEXP22,Midwest (PADD 2) Exports of Kerosene-Type Jet Fuel (Thousand Barrels per Day),5,MBBL/D
2026-02,R20-Z00,PADD 2,EPJK,Kerosene-Type Jet Fuel,EEX,Exports,MKJEXP21,Midwest (PADD 2) Exports of Kerosene-Type Jet Fuel (Thousand Barrels),253,MBBL
2026-02,R20-Z00,PADD 2,EPJK,Kerosene-Type Jet Fuel,EEX,Exports,MKJEXP22,Midwest (PADD 2) Exports of Kerosene-Type Jet Fuel (Thousand Barrels per Day),9,MBBL/D
2026-03,R20-Z00,PADD 2,EPJK,Kerosene-Type Jet Fuel,EEX,Exports,MKJEXP21,Midwest (PADD 2) Exports of Kerosene-Type Jet Fuel (Thousand Barrels),117,MBBL
2026-03,R20-Z00,PADD 2,EPJK,Kerosene-Type Jet Fuel,EEX,Exports,MKJEXP22,Midwest (PADD 2) Exports of Kerosene-Type Jet Fuel (Thousand Barrels per Day),4,MBBL/D
2026-04,R20-Z00,PADD 2,EPJK,Kerosene-Type Jet Fuel,EEX,Exports,MKJEXP21,Midwest (PADD 2) Exports of Kerosene-Type Jet Fuel (Thousand Barrels),179,MBBL
2026-04,R20-Z00,PADD 2,EPJK,Kerosene-Type Jet Fuel,EEX,Exports,MKJEXP22,Midwest (PADD 2) Exports of Kerosene-Type Jet Fuel (Thousand Barrels per Day),6,MBBL/D
2026-05,R20-Z00,PADD 2,EPJK,Kerosene-Type Jet Fuel,EEX,Exports,MKJEXP21,Midwest (PADD 2) Exports of Kerosene-Type Jet Fuel (Thousand Barrels),188,MBBL
2026-05,R20-Z00,PADD 2,EPJK,Kerosene-Type Jet Fuel,EEX,Exports,MKJEXP22,Midwest (PADD 2) Exports of Kerosene-Type Jet Fuel (Thousand Barrels per Day),6,MBBL/D
2026-06,R20-Z00,PADD 2,EPJK,Kerosene-Type Jet Fuel,EEX,Exports,MKJEXP21,Midwest (PADD 2) Exports of Kerosene-Type Jet Fuel (Thousand Barrels),242,MBBL
2026-06,R20-Z00,PADD 2,EPJK,Kerosene-Type Jet Fuel,EEX,Exports,MKJEXP22,Midwest (PADD 2) Exports of Kerosene-Type Jet Fuel (Thousand Barrels per Day),8,MBBL/D
