period,duoarea,area-name,product,product-name,process,process-name,series,series-description,value,units
1981-01,R10-Z00,PADD 1,EPJK,Kerosene-Type Jet Fuel,IM0,Imports,MKJIMP11,East Coast (PADD 1) Imports of Kerosene-Type Jet Fuel (Thousand Barrels),122,MBBL
1981-01,R10-Z00,PADD 1,EPJK,Kerosene-Type Jet Fuel,IM0,Imports,MKJIMP12,East Coast (PADD 1) Imports of Kerosene-Type Jet Fuel (Thousand Barrels per Day),4,MBBL/D
1981-02,R10-Z00,PADD 1,EPJK,Kerosene-Type Jet Fuel,IM0,Imports,MKJIMP11,East Coast (PADD 1) Imports of Kerosene-Type Jet Fuel (Thousand Barrels),691,MBBL
1981-02,R10-Z00,PADD 1,EPJK,Kerosene-Type Jet Fuel,IM0,Imports,MKJIMP12,East Coast (PADD 1) Imports of Kerosene-Type Jet Fuel (Thousand Barrels per Day),25,MBBL/D
1981-03,R10-Z00,PADD 1,EPJK,Kerosene-Type Jet Fuel,IM0,Imports,MKJIMP11,East Coast (PADD 1) Imports of Kerosene-Type Jet Fuel (Thousand Barrels),1499,MBBL
1981-03,R10-Z00,PADD 1,EPJK,Kerosene-Type Jet Fuel,IM0,Imports,MKJIMP12,East Coast (PADD 1) Imports of Kerosene-Type Jet Fuel (Thousand Barrels per Day),48,MBBL/D
1981-04,R10-Z00,PADD 1,EPJK,Kerosene-Type Jet Fuel,IM0,Imports,MKJIMP11,East Coast (PADD 1) Imports of Kerosene-Type Jet Fuel (Thousand Barrels),1256,MBBL
1981-04,R10-Z00,PADD 1,EPJK,Kerosene-Type Jet Fuel,IM0,Imports,MKJIMP12,East Coast (PADD 1) Imports of Kerosene-Type Jet Fuel (Thousand Barrels per Day),42,MBBL/D
1981-05,R10-Z00,PADD 1,EPJK,Kerosene-Type Jet Fuel,IM0,Imports,MKJIMP11,East Coast (PADD 1) Imports of Kerosene-Type Jet Fuel (Thousand Barrels),540,MBBL
1981-05,R10-Z00,PADD 1,EPJK,Kerosene-Type Jet Fuel,IM0,Imports,MKJIMP12,East Coast (PADD 1) Imports of Kerosene-Type Jet Fuel (Thousand Barrels per Day),17,MBBL/D
1981-06,R10-Z00,PADD 1,EPJK,Kerosene-Type Jet Fuel,IM0,Imports,MKJIMP11,East Coast (PADD 1) Imports of Kerosene-Type Jet Fuel (Thousand Barrels),517,MBBL
1981-06,R10-Z00,PADD 1,EPJK,Kerosene-Type Jet Fuel,IM0,Imports,MKJIMP12,East Coast (PADD 1) Imports of Kerosene-Type Jet Fuel (Thousand Barrels per Day),17,MBBL/D
1981-07,R10-Z00,PADD 1,EPJK,Kerosene-Type Jet Fuel,IM0,Imports,MKJIMP11,East Coast (PADD 1) Imports of Kerosene-Type Jet Fuel (Thousand Barrels),631,MBBL
1981-07,R10-Z00,PADD 1,EPJK,Kerosene-Type Jet Fuel,IM0,Imports,MKJIMP12,East Coast (PADD 1) Imports of Kerosene-Type Jet Fuel (Thousand Barrels per Day),20,MBBL/D
1981-08,R10-Z00,PADD 1,EPJK,Kerosene-Type Jet Fuel,IM0,Imports,MKJIMP11,East Coast (PADD 1) Imports of Kerosene-Type Jet Fuel (Thousand Barrels),449,MBBL
1981-08,R10-Z00,PADD 1,EPJK,Kerosene-Type Jet Fuel,IM0,Imports,MKJIMP12,East Coast (PADD 1) Imports of Kerosene-Type Jet Fuel (Thousand Barrels per Day),14,MBBL/D
1981-09,R10-Z00,PADD 1,EPJK,Kerosene-Type Jet Fuel,IM0,Imports,MKJIMP11,East Coast (PADD 1) Imports of Kerosene-Type Jet Fuel (Thousand Barrels),799,MBBL
1981-09,R10-Z00,PADD 1,EPJK,Kerosene-Type Jet Fuel,IM0,Imports,MKJIMP12,East Coast (PADD 1) Imports of Kerosene-Type Jet Fuel (Thousand Barrels per Day),27,MBBL/D
1981-10,R10-Z00,PADD 1,EPJK,Kerosene-Type Jet Fuel,IM0,Imports,MKJIMP11,East Coast (PADD 1) Imports of Kerosene-Type Jet Fuel (Thousand Barrels),229,MBBL
1981-10,R10-Z00,PADD 1,EPJK,Kerosene-Type Jet Fuel,IM0,Imports,MKJIMP12,East Coast (PADD 1) Imports of Kerosene-Type Jet Fuel (Thousand Barrels per Day),7,MBBL/D
1981-11,R10-Z00,PADD 1,EPJK,Kerosene-Type Jet Fuel,IM0,Imports,MKJIMP11,East Coast (PADD 1) Imports of Kerosene-Type Jet Fuel (Thousand Barrels),1,MBBL
1981-11,R10-Z00,PADD 1,EPJK,Kerosene-Type Jet Fuel,IM0,Imports,MKJIMP12,East Coast (PADD 1) Imports of Kerosene-Type Jet Fuel (Thousand Barrels per Day),0,MBBL/D
1981-12,R10-Z00,PADD 1,EPJK,Kerosene-Type Jet Fuel,IM0,Imports,MKJIMP11,East Coast (PADD 1) Imports of Kerosene-Type Jet Fuel (Thousand Barrels),74,MBBL
1981-12,R10-Z00,PADD 1,EPJK,Kerosene-Type Jet Fuel,IM0,Imports,MKJIMP12,East Coast (PADD 1) Imports of Kerosene-Type Jet Fuel (Thousand Barrels per Day),2,MBBL/D
1982-01,R10-Z00,PADD 1,EPJK,Kerosene-Type Jet Fuel,IM0,Imports,MKJIMP11,East Coast (PADD 1) Imports of Kerosene-Type Jet Fuel (Thousand Barrels),187,MBBL
1982-01,R10-Z00,PADD 1,EPJK,Kerosene-Type Jet Fuel,IM0,Imports,MKJIMP12,East Coast (PADD 1) Imports of Kerosene-Type Jet Fuel (Thousand Barrels per Day),6,MBBL/D
1982-02,R10-Z00,PADD 1,EPJK,Kerosene-Type Jet Fuel,IM0,Imports,MKJIMP11,East Coast (PADD 1) Imports of Kerosene-Type Jet Fuel (Thousand Barrels),1506,MBBL
1982-02,R10-Z00,PADD 1,EPJK,Kerosene-Type Jet Fuel,IM0,Imports,MKJIMP12,East Coast (PADD 1) Imports of Kerosene-Type Jet Fuel (Thousand Barrels per Day),54,MBBL/D
1982-03,R10-Z00,PADD 1,EPJK,Kerosene-Type Jet Fuel,IM0,Imports,MKJIMP11,East Coast (PADD 1) Imports of Kerosene-Type Jet Fuel (Thousand Barrels),1200,MBBL
1982-03,R10-Z00,PADD 1,EPJK,Kerosene-Type Jet Fuel,IM0,Imports,MKJIMP12,East Coast (PADD 1) Imports of Kerosene-Type Jet Fuel (Thousand Barrels per Day),39,MBBL/D
1982-04,R10-Z00,PADD 1,EPJK,Kerosene-Type Jet Fuel,IM0,Imports,MKJIMP11,East Coast (PADD 1) Imports of Kerosene-Type Jet Fuel (Thousand Barrels),1242,MBBL
1982-04,R10-Z00,PADD 1,EPJK,Kerosene-Type Jet Fuel,IM0,Imports,MKJIMP12,East Coast (PADD 1) Imports of Kerosene-Type Jet Fuel (Thousand Barrels per Day),41,MBBL/D
1982-05,R10-Z00,PADD 1,EPJK,Kerosene-Type Jet Fuel,IM0,Imports,MKJIMP11,East Coast (PADD 1) Imports of Kerosene-Type Jet Fuel (Thousand Barrels),579,MBBL
1982-05,R10-Z00,PADD 1,EPJK,Kerosene-Type Jet Fuel,IM0,Imports,MKJIMP12,East Coast (PADD 1) Imports of Kerosene-Type Jet Fuel (Thousand Barrels per Day),19,MBBL/D
1982-06,R10-Z00,PADD 1,EPJK,Kerosene-Type Jet Fuel,IM0,Imports,MKJIMP11,East Coast (PADD 1) Imports of Kerosene-Type Jet Fuel (Thousand Barrels),84,MBBL
1982-06,R10-Z00,PADD 1,EPJK,Kerosene-Type Jet Fuel,IM0,Imports,MKJIMP12,East Coast (PADD 1) Imports of Kerosene-Type Jet Fuel (Thousand Barrels per Day),3,MBBL/D
1982-08,R10-Z00,PADD 1,EPJK,Kerosene-Type Jet Fuel,IM0,Imports,MKJIMP11,East Coast (PADD 1) Imports of Kerosene-Type Jet Fuel (Thousand Barrels),338,MBBL
1982-08,R10-Z00,PADD 1,EPJK,Kerosene-Type Jet Fuel,IM0,Imports,MKJIMP12,East Coast (PADD 1) Imports of Kerosene-Type Jet Fuel (Thousand Barrels per Day),11,MBBL/D
1982-09,R10-Z00,PADD 1,EPJK,Kerosene-Type Jet Fuel,IM0,Imports,MKJIMP11,East Coast (PADD 1) Imports of Kerosene-Type Jet Fuel (Thousand Barrels),430,MBBL
1982-09,R10-Z00,PADD 1,EPJK,Kerosene-Type Jet Fuel,IM0,Imports,MKJIMP12,East Coast (PADD 1) Imports of Kerosene-Type Jet Fuel (Thousand Barrels per Day),14,MBBL/D
1982-10,R10-Z00,PADD 1,EPJK,Kerosene-Type Jet Fuel,IM0,Imports,MKJIMP11,East Coast (PADD 1) Imports of Kerosene-Type Jet Fuel (Thousand Barrels),534,MBBL
1982-10,R10-Z00,PADD 1,EPJK,Kerosene-Type Jet Fuel,IM0,Imports,MKJIMP12,East Coast (PADD 1) Imports of Kerosene-Type Jet Fuel (Thousand Barrels per Day),17,MBBL/D
1982-11,R10-Z00,PADD 1,EPJK,Kerosene-Type Jet Fuel,IM0,Imports,MKJIMP11,East Coast (PADD 1) Imports of Kerosene-Type Jet Fuel (Thousand Barrels),861,MBBL
1982-11,R10-Z00,PADD 1,EPJK,Kerosene-Type Jet Fuel,IM0,Imports,MKJIMP12,East Coast (PADD 1) Imports of Kerosene-Type Jet Fuel (Thousand Barrels per Day),29,MBBL/D
1982-12,R10-Z00,PADD 1,EPJK,Kerosene-Type Jet Fuel,IM0,Imports,MKJIMP11,East Coast (PADD 1) Imports of Kerosene-Type Jet Fuel (Thousand Barrels),225,MBBL
1982-12,R10-Z00,PADD 1,EPJK,Kerosene-Type Jet Fuel,IM0,Imports,MKJIMP12,East Coast (PADD 1) Imports of Kerosene-Type Jet Fuel (Thousand Barrels per Day),7,MBBL/D
1983-01,R10-Z00,PADD 1,EPJK,Kerosene-Type Jet Fuel,IM0,Imports,MKJIMP11,East Coast (PADD 1) Imports of Kerosene-Type Jet Fuel (Thousand Barrels),830,MBBL
1983-01,R10-Z00,PADD 1,EPJK,Kerosene-Type Jet Fuel,IM0,Imports,MKJIMP12,East Coast (PADD 1) Imports of Kerosene-Type Jet Fuel (Thousand Barrels per Day),27,MBBL/D
1983-02,R10-Z00,PADD 1,EPJK,Kerosene-Type Jet Fuel,IM0,Imports,MKJIMP11,East Coast (PADD 1) Imports of Kerosene-Type Jet Fuel (Thousand Barrels),227,MBBL
1983-02,R10-Z00,PADD 1,EPJK,Kerosene-Type Jet Fuel,IM0,Imports,MKJIMP12,East Coast (PADD 1) Imports of Kerosene-Type Jet Fuel (Thousand Barrels per Day),8,MBBL/D
1983-03,R10-Z00,PADD 1,EPJK,Kerosene-Type Jet Fuel,IM0,Imports,MKJIMP11,East Coast (PADD 1) Imports of Kerosene-Type Jet Fuel (Thousand Barrels),997,MBBL
1983-03,R10-Z00,PADD 1,EPJK,Kerosene-Type Jet Fuel,IM0,Imports,MKJIMP12,East Coast (PADD 1) Imports of Kerosene-Type Jet Fuel (Thousand Barrels per Day),32,MBBL/D
1983-04,R10-Z00,PADD 1,EPJK,Kerosene-Type Jet Fuel,IM0,Imports,MKJIMP11,East Coast (PADD 1) Imports of Kerosene-Type Jet Fuel (Thousand Barrels),314,MBBL
1983-04,R10-Z00,PADD 1,EPJK,Kerosene-Type Jet Fuel,IM0,Imports,MKJIMP12,East Coast (PADD 1) Imports of Kerosene-Type Jet Fuel (Thousand Barrels per Day),10,MBBL/D
1983-05,R10-Z00,PADD 1,EPJK,Kerosene-Type Jet Fuel,IM0,Imports,MKJIMP11,East Coast (PADD 1) Imports of Kerosene-Type Jet Fuel (Thousand Barrels),604,MBBL
1983-05,R10-Z00,PADD 1,EPJK,Kerosene-Type Jet Fuel,IM0,Imports,MKJIMP12,East Coast (PADD 1) Imports of Kerosene-Type Jet Fuel (Thousand Barrels per Day),19,MBBL/D
1983-06,R10-Z00,PADD 1,EPJK,Kerosene-Type Jet Fuel,IM0,Imports,MKJIMP11,East Coast (PADD 1) Imports of Kerosene-Type Jet Fuel (Thousand Barrels),596,MBBL
1983-06,R10-Z00,PADD 1,EPJK,Kerosene-Type Jet Fuel,IM0,Imports,MKJIMP12,East Coast (PADD 1) Imports of Kerosene-Type Jet Fuel (Thousand Barrels per Day),20,MBBL/D
1983-07,R10-Z00,PADD 1,EPJK,Kerosene-Type Jet Fuel,IM0,Imports,MKJIMP11,East Coast (PADD 1) Imports of Kerosene-Type Jet Fuel (Thousand Barrels),673,MBBL
1983-07,R10-Z00,PADD 1,EPJK,Kerosene-Type Jet Fuel,IM0,Imports,MKJIMP12,East Coast (PADD 1) Imports of Kerosene-Type Jet Fuel (Thousand Barrels per Day),22,MBBL/D
1983-08,R10-Z00,PADD 1,EPJK,Kerosene-Type Jet Fuel,IM0,Imports,MKJIMP11,East Coast (PADD 1) Imports of Kerosene-Type Jet Fuel (Thousand Barrels),945,MBBL
1983-08,R10-Z00,PADD 1,EPJK,Kerosene-Type Jet Fuel,IM0,Imports,MKJIMP12,East Coast (PADD 1) Imports of Kerosene-Type Jet Fuel (Thousand Barrels per Day),30,MBBL/D
1983-09,R10-Z00,PADD 1,EPJK,Kerosene-Type Jet Fuel,IM0,Imports,MKJIMP11,East Coast (PADD 1) Imports of Kerosene-Type Jet Fuel (Thousand Barrels),967,MBBL
1983-09,R10-Z00,PADD 1,EPJK,Kerosene-Type Jet Fuel,IM0,Imports,MKJIMP12,East Coast (PADD 1) Imports of Kerosene-Type Jet Fuel (Thousand Barrels per Day),32,MBBL/D
1983-10,R10-Z00,PADD 1,EPJK,Kerosene-Type Jet Fuel,IM0,Imports,MKJIMP11,East Coast (PADD 1) Imports of Kerosene-Type Jet Fuel (Thousand Barrels),1453,MBBL
1983-10,R10-Z00,PADD 1,EPJK,Kerosene-Type Jet Fuel,IM0,Imports,MKJIMP12,East Coast (PADD 1) Imports of Kerosene-Type Jet Fuel (Thousand Barrels per Day),47,MBBL/D
1983-11,R10-Z00,PADD 1,EPJK,Kerosene-Type Jet Fuel,IM0,Imports,MKJIMP11,East Coast (PADD 1) Imports of Kerosene-Type Jet Fuel (Thousand Barrels),410,MBBL
1983-11,R10-Z00,PADD 1,EPJK,Kerosene-Type Jet Fuel,IM0,Imports,MKJIMP12,East Coast (PADD 1) Imports of Kerosene-Type Jet Fuel (Thousand Barrels per Day),14,MBBL/D
1983-12,R10-Z00,PADD 1,EPJK,Kerosene-Type Jet Fuel,IM0,Imports,MKJIMP11,East Coast (PADD 1) Imports of Kerosene-Type Jet Fuel (Thousand Barrels),431,MBBL
1983-12,R10-Z00,PADD 1,EPJK,Kerosene-Type Jet Fuel,IM0,Imports,MKJIMP12,East Coast (PADD 1) Imports of Kerosene-Type Jet Fuel (Thousand Barrels per Day),14,MBBL/D
1984-01,R10-Z00,PADD 1,EPJK,Kerosene-Type Jet Fuel,IM0,Imports,MKJIMP11,East Coast (PADD 1) Imports of Kerosene-Type Jet Fuel (Thousand Barrels),1318,MBBL
1984-01,R10-Z00,PADD 1,EPJK,Kerosene-Type Jet Fuel,IM0,Imports,MKJIMP12,East Coast (PADD 1) Imports of Kerosene-Type Jet Fuel (Thousand Barrels per Day),43,MBBL/D
1984-02,R10-Z00,PADD 1,EPJK,Kerosene-Type Jet Fuel,IM0,Imports,MKJIMP11,East Coast (PADD 1) Imports of Kerosene-Type Jet Fuel (Thousand Barrels),3195,MBBL
1984-02,R10-Z00,PADD 1,EPJK,Kerosene-Type Jet Fuel,IM0,Imports,MKJIMP12,East Coast (PADD 1) Imports of Kerosene-Type Jet Fuel (Thousand Barrels per Day),110,MBBL/D
1984-03,R10-Z00,PADD 1,EPJK,Kerosene-Type Jet Fuel,IM0,Imports,MKJIMP11,East Coast (PADD 1) Imports of Kerosene-Type Jet Fuel (Thousand Barrels),1024,MBBL
1984-03,R10-Z00,PADD 1,EPJK,Kerosene-Type Jet Fuel,IM0,Imports,MKJIMP12,East Coast (PADD 1) Imports of Kerosene-Type Jet Fuel (Thousand Barrels per Day),33,MBBL/D
1984-04,R10-Z00,PADD 1,EPJK,Kerosene-Type Jet Fuel,IM0,Imports,MKJIMP11,East Coast (PADD 1) Imports of Kerosene-Type Jet Fuel (Thousand Barrels),948,MBBL
1984-04,R10-Z00,PADD 1,EPJK,Kerosene-Type Jet Fuel,IM0,Imports,MKJIMP12,East Coast (PADD 1) Imports of Kerosene-Type Jet Fuel (Thousand Barrels per Day),32,MBBL/D
1984-05,R10-Z00,PADD 1,EPJK,Kerosene-Type Jet Fuel,IM0,Imports,MKJIMP11,East Coast (PADD 1) Imports of Kerosene-Type Jet Fuel (Thousand Barrels),854,MBBL
1984-05,R10-Z00,PADD 1,EPJK,Kerosene-Type Jet Fuel,IM0,Imports,MKJIMP12,East Coast (PADD 1) Imports of Kerosene-Type Jet Fuel (Thousand Barrels per Day),28,MBBL/D
1984-06,R10-Z00,PADD 1,EPJK,Kerosene-Type Jet Fuel,IM0,Imports,MKJIMP11,East Coast (PADD 1) Imports of Kerosene-Type Jet Fuel (Thousand Barrels),986,MBBL
1984-06,R10-Z00,PADD 1,EPJK,Kerosene-Type Jet Fuel,IM0,Imports,MKJIMP12,East Coast (PADD 1) Imports of Kerosene-Type Jet Fuel (Thousand Barrels per Day),33,MBBL/D
1984-07,R10-Z00,PADD 1,EPJK,Kerosene-Type Jet Fuel,IM0,Imports,MKJIMP11,East Coast (PADD 1) Imports of Kerosene-Type Jet Fuel (Thousand Barrels),907,MBBL
1984-07,R10-Z00,PADD 1,EPJK,Kerosene-Type Jet Fuel,IM0,Imports,MKJIMP12,East Coast (PADD 1) Imports of Kerosene-Type Jet Fuel (Thousand Barrels per Day),29,MBBL/D
1984-08,R10-Z00,PADD 1,EPJK,Kerosene-Type Jet Fuel,IM0,Imports,MKJIMP11,East Coast (PADD 1) Imports of Kerosene-Type Jet Fuel (Thousand Barrels),1914,MBBL
1984-08,R10-Z00,PADD 1,EPJK,Kerosene-Type Jet Fuel,IM0,Imports,MKJIMP12,East Coast (PADD 1) Imports of Kerosene-Type Jet Fuel (Thousand Barrels per Day),62,MBBL/D
1984-09,R10-Z00,PADD 1,EPJK,Kerosene-Type Jet Fuel,IM0,Imports,MKJIMP11,East Coast (PADD 1) Imports of Kerosene-Type Jet Fuel (Thousand Barrels),889,MBBL
1984-09,R10-Z00,PADD 1,EPJK,Kerosene-Type Jet Fuel,IM0,Imports,MKJIMP12,East Coast (PADD 1) Imports of Kerosene-Type Jet Fuel (Thousand Barrels per Day),30,MBBL/D
1984-10,R10-Z00,PADD 1,EPJK,Kerosene-Type Jet Fuel,IM0,Imports,MKJIMP11,East Coast (PADD 1) Imports of Kerosene-Type Jet Fuel (Thousand Barrels),1372,MBBL
1984-10,R10-Z00,PADD 1,EPJK,Kerosene-Type Jet Fuel,IM0,Imports,MKJIMP12,East Coast (PADD 1) Imports of Kerosene-Type Jet Fuel (Thousand Barrels per Day),44,MBBL/D
1984-11,R10-Z00,PADD 1,EPJK,Kerosene-Type Jet Fuel,IM0,Imports,MKJIMP11,East Coast (PADD 1) Imports of Kerosene-Type Jet Fuel (Thousand Barrels),473,MBBL
1984-11,R10-Z00,PADD 1,EPJK,Kerosene-Type Jet Fuel,IM0,Imports,MKJIMP12,East Coast (PADD 1) Imports of Kerosene-Type Jet Fuel (Thousand Barrels per Day),16,MBBL/D
1984-12,R10-Z00,PADD 1,EPJK,Kerosene-Type Jet Fuel,IM0,Imports,MKJIMP11,East Coast (PADD 1) Imports of Kerosene-Type Jet Fuel (Thousand Barrels),545,MBBL
1984-12,R10-Z00,PADD 1,EPJK,Kerosene-Type Jet Fuel,IM0,Imports,MKJIMP12,East Coast (PADD 1) Imports of Kerosene-Type Jet Fuel (Thousand Barrels per Day),18,MBBL/D
1985-01,R10-Z00,PADD 1,EPJK,Kerosene-Type Jet Fuel,IM0,Imports,MKJIMP11,East Coast (PADD 1) Imports of Kerosene-Type Jet Fuel (Thousand Barrels),1056,MBBL
1985-01,R10-Z00,PADD 1,EPJK,Kerosene-Type Jet Fuel,IM0,Imports,MKJIMP12,East Coast (PADD 1) Imports of Kerosene-Type Jet Fuel (Thousand Barrels per Day),34,MBBL/D
1985-02,R10-Z00,PADD 1,EPJK,Kerosene-Type Jet Fuel,IM0,Imports,MKJIMP11,East Coast (PADD 1) Imports of Kerosene-Type Jet Fuel (Thousand Barrels),661,MBBL
1985-02,R10-Z00,PADD 1,EPJK,Kerosene-Type Jet Fuel,IM0,Imports,MKJIMP12,East Coast (PADD 1) Imports of Kerosene-Type Jet Fuel (Thousand Barrels per Day),24,MBBL/D
1985-03,R10-Z00,PADD 1,EPJK,Kerosene-Type Jet Fuel,IM0,Imports,MKJIMP11,East Coast (PADD 1) Imports of Kerosene-Type Jet Fuel (Thousand Barrels),773,MBBL
1985-03,R10-Z00,PADD 1,EPJK,Kerosene-Type Jet Fuel,IM0,Imports,MKJIMP12,East Coast (PADD 1) Imports of Kerosene-Type Jet Fuel (Thousand Barrels per Day),25,MBBL/D
1985-04,R10-Z00,PADD 1,EPJK,Kerosene-Type Jet Fuel,IM0,Imports,MKJIMP11,East Coast (PADD 1) Imports of Kerosene-Type Jet Fuel (Thousand Barrels),172,MBBL
1985-04,R10-Z00,PADD 1,EPJK,Kerosene-Type Jet Fuel,IM0,Imports,MKJIMP12,East Coast (PADD 1) Imports of Kerosene-Type Jet Fuel (Thousand Barrels per Day),6,MBBL/D
1985-05,R10-Z00,PADD 1,EPJK,Kerosene-Type Jet Fuel,IM0,Imports,MKJIMP11,East Coast (PADD 1) Imports of Kerosene-Type Jet Fuel (Thousand Barrels),536,MBBL
1985-05,R10-Z00,PADD 1,EPJK,Kerosene-Type Jet Fuel,IM0,Imports,MKJIMP12,East Coast (PADD 1) Imports of Kerosene-Type Jet Fuel (Thousand Barrels per Day),17,MBBL/D
1985-06,R10-Z00,PADD 1,EPJK,Kerosene-Type Jet Fuel,IM0,Imports,MKJIMP11,East Coast (PADD 1) Imports of Kerosene-Type Jet Fuel (Thousand Barrels),291,MBBL
1985-06,R10-Z00,PADD 1,EPJK,Kerosene-Type Jet Fuel,IM0,Imports,MKJIMP12,East Coast (PADD 1) Imports of Kerosene-Type Jet Fuel (Thousand Barrels per Day),10,MBBL/D
1985-07,R10-Z00,PADD 1,EPJK,Kerosene-Type Jet Fuel,IM0,Imports,MKJIMP11,East Coast (PADD 1) Imports of Kerosene-Type Jet Fuel (Thousand Barrels),808,MBBL
1985-07,R10-Z00,PADD 1,EPJK,Kerosene-Type Jet Fuel,IM0,Imports,MKJIMP12,East Coast (PADD 1) Imports of Kerosene-Type Jet Fuel (Thousand Barrels per Day),26,MBBL/D
1985-08,R10-Z00,PADD 1,EPJK,Kerosene-Type Jet Fuel,IM0,Imports,MKJIMP11,East Coast (PADD 1) Imports of Kerosene-Type Jet Fuel (Thousand Barrels),106,MBBL
1985-08,R10-Z00,PADD 1,EPJK,Kerosene-Type Jet Fuel,IM0,Imports,MKJIMP12,East Coast (PADD 1) Imports of Kerosene-Type Jet Fuel (Thousand Barrels per Day),3,MBBL/D
1985-09,R10-Z00,PADD 1,EPJK,Kerosene-Type Jet Fuel,IM0,Imports,MKJIMP11,East Coast (PADD 1) Imports of Kerosene-Type Jet Fuel (Thousand Barrels),819,MBBL
1985-09,R10-Z00,PADD 1,EPJK,Kerosene-Type Jet Fuel,IM0,Imports,MKJIMP12,East Coast (PADD 1) Imports of Kerosene-Type Jet Fuel (Thousand Barrels per Day),27,MBBL/D
1985-10,R10-Z00,PADD 1,EPJK,Kerosene-Type Jet Fuel,IM0,Imports,MKJIMP11,East Coast (PADD 1) Imports of Kerosene-Type Jet Fuel (Thousand Barrels),1096,MBBL
1985-10,R10-Z00,PADD 1,EPJK,Kerosene-Type Jet Fuel,IM0,Imports,MKJIMP12,East Coast (PADD 1) Imports of Kerosene-Type Jet Fuel (Thousand Barrels per Day),35,MBBL/D
1985-11,R10-Z00,PADD 1,EPJK,Kerosene-Type Jet Fuel,IM0,Imports,MKJIMP11,East Coast (PADD 1) Imports of Kerosene-Type Jet Fuel (Thousand Barrels),798,MBBL
1985-11,R10-Z00,PADD 1,EPJK,Kerosene-Type Jet Fuel,IM0,Imports,MKJIMP12,East Coast (PADD 1) Imports of Kerosene-Type Jet Fuel (Thousand Barrels per Day),27,MBBL/D
1985-12,R10-Z00,PADD 1,EPJK,Kerosene-Type Jet Fuel,IM0,Imports,MKJIMP11,East Coast (PADD 1) Imports of Kerosene-Type Jet Fuel (Thousand Barrels),888,MBBL
1985-12,R10-Z00,PADD 1,EPJK,Kerosene-Type Jet Fuel,IM0,Imports,MKJIMP12,East Coast (PADD 1) Imports of Kerosene-Type Jet Fuel (Thousand Barrels per Day),29,MBBL/D
1986-01,R10-Z00,PADD 1,EPJK,Kerosene-Type Jet Fuel,IM0,Imports,MKJIMP11,East Coast (PADD 1) Imports of Kerosene-Type Jet Fuel (Thousand Barrels),578,MBBL
1986-01,R10-Z00,PADD 1,EPJK,Kerosene-Type Jet Fuel,IM0,Imports,MKJIMP12,East Coast (PADD 1) Imports of Kerosene-Type Jet Fuel (Thousand Barrels per Day),19,MBBL/D
1986-02,R10-Z00,PADD 1,EPJK,Kerosene-Type Jet Fuel,IM0,Imports,MKJIMP11,East Coast (PADD 1) Imports of Kerosene-Type Jet Fuel (Thousand Barrels),645,MBBL
1986-02,R10-Z00,PADD 1,EPJK,Kerosene-Type Jet Fuel,IM0,Imports,MKJIMP12,East Coast (PADD 1) Imports of Kerosene-Type Jet Fuel (Thousand Barrels per Day),23,MBBL/D
1986-03,R10-Z00,PADD 1,EPJK,Kerosene-Type Jet Fuel,IM0,Imports,MKJIMP11,East Coast (PADD 1) Imports of Kerosene-Type Jet Fuel (Thousand Barrels),614,MBBL
1986-03,R10-Z00,PADD 1,EPJK,Kerosene-Type Jet Fuel,IM0,Imports,MKJIMP12,East Coast (PADD 1) Imports of Kerosene-Type Jet Fuel (Thousand Barrels per Day),20,MBBL/D
1986-04,R10-Z00,PADD 1,EPJK,Kerosene-Type Jet Fuel,IM0,Imports,MKJIMP11,East Coast (PADD 1) Imports of Kerosene-Type Jet Fuel (Thousand Barrels),679,MBBL
1986-04,R10-Z00,PADD 1,EPJK,Kerosene-Type Jet Fuel,IM0,Imports,MKJIMP12,East Coast (PADD 1) Imports of Kerosene-Type Jet Fuel (Thousand Barrels per Day),23,MBBL/D
1986-05,R10-Z00,PADD 1,EPJK,Kerosene-Type Jet Fuel,IM0,Imports,MKJIMP11,East Coast (PADD 1) Imports of Kerosene-Type Jet Fuel (Thousand Barrels),733,MBBL
1986-05,R10-Z00,PADD 1,EPJK,Kerosene-Type Jet Fuel,IM0,Imports,MKJIMP12,East Coast (PADD 1) Imports of Kerosene-Type Jet Fuel (Thousand Barrels per Day),24,MBBL/D
1986-06,R10-Z00,PADD 1,EPJK,Kerosene-Type Jet Fuel,IM0,Imports,MKJIMP11,East Coast (PADD 1) Imports of Kerosene-Type Jet Fuel (Thousand Barrels),1417,MBBL
1986-06,R10-Z00,PADD 1,EPJK,Kerosene-Type Jet Fuel,IM0,Imports,MKJIMP12,East Coast (PADD 1) Imports of Kerosene-Type Jet Fuel (Thousand Barrels per Day),47,MBBL/D
1986-07,R10-Z00,PADD 1,EPJK,Kerosene-Type Jet Fuel,IM0,Imports,MKJIMP11,East Coast (PADD 1) Imports of Kerosene-Type Jet Fuel (Thousand Barrels),2470,MBBL
1986-07,R10-Z00,PADD 1,EPJK,Kerosene-Type Jet Fuel,IM0,Imports,MKJIMP12,East Coast (PADD 1) Imports of Kerosene-Type Jet Fuel (Thousand Barrels per Day),80,MBBL/D
1986-08,R10-Z00,PADD 1,EPJK,Kerosene-Type Jet Fuel,IM0,Imports,MKJIMP11,East Coast (PADD 1) Imports of Kerosene-Type Jet Fuel (Thousand Barrels),2108,MBBL
1986-08,R10-Z00,PADD 1,EPJK,Kerosene-Type Jet Fuel,IM0,Imports,MKJIMP12,East Coast (PADD 1) Imports of Kerosene-Type Jet Fuel (Thousand Barrels per Day),68,MBBL/D
1986-09,R10-Z00,PADD 1,EPJK,Kerosene-Type Jet Fuel,IM0,Imports,MKJIMP11,East Coast (PADD 1) Imports of Kerosene-Type Jet Fuel (Thousand Barrels),950,MBBL
1986-09,R10-Z00,PADD 1,EPJK,Kerosene-Type Jet Fuel,IM0,Imports,MKJIMP12,East Coast (PADD 1) Imports of Kerosene-Type Jet Fuel (Thousand Barrels per Day),32,MBBL/D
1986-10,R10-Z00,PADD 1,EPJK,Kerosene-Type Jet Fuel,IM0,Imports,MKJIMP11,East Coast (PADD 1) Imports of Kerosene-Type Jet Fuel (Thousand Barrels),585,MBBL
1986-10,R10-Z00,PADD 1,EPJK,Kerosene-Type Jet Fuel,IM0,Imports,MKJIMP12,East Coast (PADD 1) Imports of Kerosene-Type Jet Fuel (Thousand Barrels per Day),19,MBBL/D
1986-11,R10-Z00,PADD 1,EPJK,Kerosene-Type Jet Fuel,IM0,Imports,MKJIMP11,East Coast (PADD 1) Imports of Kerosene-Type Jet Fuel (Thousand Barrels),754,MBBL
1986-11,R10-Z00,PADD 1,EPJK,Kerosene-Type Jet Fuel,IM0,Imports,MKJIMP12,East Coast (PADD 1) Imports of Kerosene-Type Jet Fuel (Thousand Barrels per Day),25,MBBL/D
1986-12,R10-Z00,PADD 1,EPJK,Kerosene-Type Jet Fuel,IM0,Imports,MKJIMP11,East Coast (PADD 1) Imports of Kerosene-Type Jet Fuel (Thousand Barrels),696,MBBL
1986-12,R10-Z00,PADD 1,EPJK,Kerosene-Type Jet Fuel,IM0,Imports,MKJIMP12,East Coast (PADD 1) Imports of Kerosene-Type Jet Fuel (Thousand Barrels per Day),22,MBBL/D
1987-01,R10-Z00,PADD 1,EPJK,Kerosene-Type Jet Fuel,IM0,Imports,MKJIMP11,East Coast (PADD 1) Imports of Kerosene-Type Jet Fuel (Thousand Barrels),1148,MBBL
1987-01,R10-Z00,PADD 1,EPJK,Kerosene-Type Jet Fuel,IM0,Imports,MKJIMP12,East Coast (PADD 1) Imports of Kerosene-Type Jet Fuel (Thousand Barrels per Day),37,MBBL/D
1987-02,R10-Z00,PADD 1,EPJK,Kerosene-Type Jet Fuel,IM0,Imports,MKJIMP11,East Coast (PADD 1) Imports of Kerosene-Type Jet Fuel (Thousand Barrels),1785,MBBL
1987-02,R10-Z00,PADD 1,EPJK,Kerosene-Type Jet Fuel,IM0,Imports,MKJIMP12,East Coast (PADD 1) Imports of Kerosene-Type Jet Fuel (Thousand Barrels per Day),64,MBBL/D
1987-03,R10-Z00,PADD 1,EPJK,Kerosene-Type Jet Fuel,IM0,Imports,MKJIMP11,East Coast (PADD 1) Imports of Kerosene-Type Jet Fuel (Thousand Barrels),2052,MBBL
1987-03,R10-Z00,PADD 1,EPJK,Kerosene-Type Jet Fuel,IM0,Imports,MKJIMP12,East Coast (PADD 1) Imports of Kerosene-Type Jet Fuel (Thousand Barrels per Day),66,MBBL/D
1987-04,R10-Z00,PADD 1,EPJK,Kerosene-Type Jet Fuel,IM0,Imports,MKJIMP11,East Coast (PADD 1) Imports of Kerosene-Type Jet Fuel (Thousand Barrels),1716,MBBL
1987-04,R10-Z00,PADD 1,EPJK,Kerosene-Type Jet Fuel,IM0,Imports,MKJIMP12,East Coast (PADD 1) Imports of Kerosene-Type Jet Fuel (Thousand Barrels per Day),57,MBBL/D
1987-05,R10-Z00,PADD 1,EPJK,Kerosene-Type Jet Fuel,IM0,Imports,MKJIMP11,East Coast (PADD 1) Imports of Kerosene-Type Jet Fuel (Thousand Barrels),1523,MBBL
1987-05,R10-Z00,PADD 1,EPJK,Kerosene-Type Jet Fuel,IM0,Imports,MKJIMP12,East Coast (PADD 1) Imports of Kerosene-Type Jet Fuel (Thousand Barrels per Day),49,MBBL/D
1987-06,R10-Z00,PADD 1,EPJK,Kerosene-Type Jet Fuel,IM0,Imports,MKJIMP11,East Coast (PADD 1) Imports of Kerosene-Type Jet Fuel (Thousand Barrels),1418,MBBL
1987-06,R10-Z00,PADD 1,EPJK,Kerosene-Type Jet Fuel,IM0,Imports,MKJIMP12,East Coast (PADD 1) Imports of Kerosene-Type Jet Fuel (Thousand Barrels per Day),47,MBBL/D
1987-07,R10-Z00,PADD 1,EPJK,Kerosene-Type Jet Fuel,IM0,Imports,MKJIMP11,East Coast (PADD 1) Imports of Kerosene-Type Jet Fuel (Thousand Barrels),1424,MBBL
1987-07,R10-Z00,PADD 1,EPJK,Kerosene-Type Jet Fuel,IM0,Imports,MKJIMP12,East Coast (PADD 1) Imports of Kerosene-Type Jet Fuel (Thousand Barrels per Day),46,MBBL/D
1987-08,R10-Z00,PADD 1,EPJK,Kerosene-Type Jet Fuel,IM0,Imports,MKJIMP11,East Coast (PADD 1) Imports of Kerosene-Type Jet Fuel (Thousand Barrels),1249,MBBL
1987-08,R10-Z00,PADD 1,EPJK,Kerosene-Type Jet Fuel,IM0,Imports,MKJIMP12,East Coast (PADD 1) Imports of Kerosene-Type Jet Fuel (Thousand Barrels per Day),40,MBBL/D
1987-09,R10-Z00,PADD 1,EPJK,Kerosene-Type Jet Fuel,IM0,Imports,MKJIMP11,East Coast (PADD 1) Imports of Kerosene-Type Jet Fuel (Thousand Barrels),1534,MBBL
1987-09,R10-Z00,PADD 1,EPJK,Kerosene-Type Jet Fuel,IM0,Imports,MKJIMP12,East Coast (PADD 1) Imports of Kerosene-Type Jet Fuel (Thousand Barrels per Day),51,MBBL/D
1987-10,R10-Z00,PADD 1,EPJK,Kerosene-Type Jet Fuel,IM0,Imports,MKJIMP11,East Coast (PADD 1) Imports of Kerosene-Type Jet Fuel (Thousand Barrels),844,MBBL
1987-10,R10-Z00,PADD 1,EPJK,Kerosene-Type Jet Fuel,IM0,Imports,MKJIMP12,East Coast (PADD 1) Imports of Kerosene-Type Jet Fuel (Thousand Barrels per Day),27,MBBL/D
1987-11,R10-Z00,PADD 1,EPJK,Kerosene-Type Jet Fuel,IM0,Imports,MKJIMP11,East Coast (PADD 1) Imports of Kerosene-Type Jet Fuel (Thousand Barrels),1272,MBBL
1987-11,R10-Z00,PADD 1,EPJK,Kerosene-Type Jet Fuel,IM0,Imports,MKJIMP12,East Coast (PADD 1) Imports of Kerosene-Type Jet Fuel (Thousand Barrels per Day),42,MBBL/D
1987-12,R10-Z00,PADD 1,EPJK,Kerosene-Type Jet Fuel,IM0,Imports,MKJIMP11,East Coast (PADD 1) Imports of Kerosene-Type Jet Fuel (Thousand Barrels),1663,MBBL
1987-12,R10-Z00,PADD 1,EPJK,Kerosene-Type Jet Fuel,IM0,Imports,MKJIMP12,East Coast (PADD 1) Imports of Kerosene-Type Jet Fuel (Thousand Barrels per Day),54,MBBL/D
1988-01,R10-Z00,PADD 1,EPJK,Kerosene-Type Jet Fuel,IM0,Imports,MKJIMP11,East Coast (PADD 1) Imports of Kerosene-Type Jet Fuel (Thousand Barrels),1070,MBBL
1988-01,R10-Z00,PADD 1,EPJK,Kerosene-Type Jet Fuel,IM0,Imports,MKJIMP12,East Coast (PADD 1) Imports of Kerosene-Type Jet Fuel (Thousand Barrels per Day),35,MBBL/D
1988-02,R10-Z00,PADD 1,EPJK,Kerosene-Type Jet Fuel,IM0,Imports,MKJIMP11,East Coast (PADD 1) Imports of Kerosene-Type Jet Fuel (Thousand Barrels),1290,MBBL
1988-02,R10-Z00,PADD 1,EPJK,Kerosene-Type Jet Fuel,IM0,Imports,MKJIMP12,East Coast (PADD 1) Imports of Kerosene-Type Jet Fuel (Thousand Barrels per Day),44,MBBL/D
1988-03,R10-Z00,PADD 1,EPJK,Kerosene-Type Jet Fuel,IM0,Imports,MKJIMP11,East Coast (PADD 1) Imports of Kerosene-Type Jet Fuel (Thousand Barrels),2058,MBBL
1988-03,R10-Z00,PADD 1,EPJK,Kerosene-Type Jet Fuel,IM0,Imports,MKJIMP12,East Coast (PADD 1) Imports of Kerosene-Type Jet Fuel (Thousand Barrels per Day),66,MBBL/D
1988-04,R10-Z00,PADD 1,EPJK,Kerosene-Type Jet Fuel,IM0,Imports,MKJIMP11,East Coast (PADD 1) Imports of Kerosene-Type Jet Fuel (Thousand Barrels),1870,MBBL
1988-04,R10-Z00,PADD 1,EPJK,Kerosene-Type Jet Fuel,IM0,Imports,MKJIMP12,East Coast (PADD 1) Imports of Kerosene-Type Jet Fuel (Thousand Barrels per Day),62,MBBL/D
1988-05,R10-Z00,PADD 1,EPJK,Kerosene-Type Jet Fuel,IM0,Imports,MKJIMP11,East Coast (PADD 1) Imports of Kerosene-Type Jet Fuel (Thousand Barrels),1903,MBBL
1988-05,R10-Z00,PADD 1,EPJK,Kerosene-Type Jet Fuel,IM0,Imports,MKJIMP12,East Coast (PADD 1) Imports of Kerosene-Type Jet Fuel (Thousand Barrels per Day),61,MBBL/D
1988-06,R10-Z00,PADD 1,EPJK,Kerosene-Type Jet Fuel,IM0,Imports,MKJIMP11,East Coast (PADD 1) Imports of Kerosene-Type Jet Fuel (Thousand Barrels),1906,MBBL
1988-06,R10-Z00,PADD 1,EPJK,Kerosene-Type Jet Fuel,IM0,Imports,MKJIMP12,East Coast (PADD 1) Imports of Kerosene-Type Jet Fuel (Thousand Barrels per Day),64,MBBL/D
1988-07,R10-Z00,PADD 1,EPJK,Kerosene-Type Jet Fuel,IM0,Imports,MKJIMP11,East Coast (PADD 1) Imports of Kerosene-Type Jet Fuel (Thousand Barrels),1553,MBBL
1988-07,R10-Z00,PADD 1,EPJK,Kerosene-Type Jet Fuel,IM0,Imports,MKJIMP12,East Coast (PADD 1) Imports of Kerosene-Type Jet Fuel (Thousand Barrels per Day),50,MBBL/D
1988-08,R10-Z00,PADD 1,EPJK,Kerosene-Type Jet Fuel,IM0,Imports,MKJIMP11,East Coast (PADD 1) Imports of Kerosene-Type Jet Fuel (Thousand Barrels),1460,MBBL
1988-08,R10-Z00,PADD 1,EPJK,Kerosene-Type Jet Fuel,IM0,Imports,MKJIMP12,East Coast (PADD 1) Imports of Kerosene-Type Jet Fuel (Thousand Barrels per Day),47,MBBL/D
1988-09,R10-Z00,PADD 1,EPJK,Kerosene-Type Jet Fuel,IM0,Imports,MKJIMP11,East Coast (PADD 1) Imports of Kerosene-Type Jet Fuel (Thousand Barrels),1443,MBBL
1988-09,R10-Z00,PADD 1,EPJK,Kerosene-Type Jet Fuel,IM0,Imports,MKJIMP12,East Coast (PADD 1) Imports of Kerosene-Type Jet Fuel (Thousand Barrels per Day),48,MBBL/D
1988-10,R10-Z00,PADD 1,EPJK,Kerosene-Type Jet Fuel,IM0,Imports,MKJIMP11,East Coast (PADD 1) Imports of Kerosene-Type Jet Fuel (Thousand Barrels),2867,MBBL
1988-10,R10-Z00,PADD 1,EPJK,Kerosene-Type Jet Fuel,IM0,Imports,MKJIMP12,East Coast (PADD 1) Imports of Kerosene-Type Jet Fuel (Thousand Barrels per Day),92,MBBL/D
1988-11,R10-Z00,PADD 1,EPJK,Kerosene-Type Jet Fuel,IM0,Imports,MKJIMP11,East Coast (PADD 1) Imports of Kerosene-Type Jet Fuel (Thousand Barrels),1722,MBBL
1988-11,R10-Z00,PADD 1,EPJK,Kerosene-Type Jet Fuel,IM0,Imports,MKJIMP12,East Coast (PADD 1) Imports of Kerosene-Type Jet Fuel (Thousand Barrels per Day),57,MBBL/D
1988-12,R10-Z00,PADD 1,EPJK,Kerosene-Type Jet Fuel,IM0,Imports,MKJIMP11,East Coast (PADD 1) Imports of Kerosene-Type Jet Fuel (Thousand Barrels),1630,MBBL
1988-12,R10-Z00,PADD 1,EPJK,Kerosene-Type Jet Fuel,IM0,Imports,MKJIMP12,East Coast (PADD 1) Imports of Kerosene-Type Jet Fuel (Thousand Barrels per Day),53,MBBL/D
1989-01,R10-Z00,PADD 1,EPJK,Kerosene-Type Jet Fuel,IM0,Imports,MKJIMP11,East Coast (PADD 1) Imports of Kerosene-Type Jet Fuel (Thousand Barrels),2333,MBBL
1989-01,R10-Z00,PADD 1,EPJK,Kerosene-Type Jet Fuel,IM0,Imports,MKJIMP12,East Coast (PADD 1) Imports of Kerosene-Type Jet Fuel (Thousand Barrels per Day),75,MBBL/D
1989-02,R10-Z00,PADD 1,EPJK,Kerosene-Type Jet Fuel,IM0,Imports,MKJIMP11,East Coast (PADD 1) Imports of Kerosene-Type Jet Fuel (Thousand Barrels),2486,MBBL
1989-02,R10-Z00,PADD 1,EPJK,Kerosene-Type Jet Fuel,IM0,Imports,MKJIMP12,East Coast (PADD 1) Imports of Kerosene-Type Jet Fuel (Thousand Barrels per Day),89,MBBL/D
1989-03,R10-Z00,PADD 1,EPJK,Kerosene-Type Jet Fuel,IM0,Imports,MKJIMP11,East Coast (PADD 1) Imports of Kerosene-Type Jet Fuel (Thousand Barrels),1787,MBBL
1989-03,R10-Z00,PADD 1,EPJK,Kerosene-Type Jet Fuel,IM0,Imports,MKJIMP12,East Coast (PADD 1) Imports of Kerosene-Type Jet Fuel (Thousand Barrels per Day),58,MBBL/D
1989-04,R10-Z00,PADD 1,EPJK,Kerosene-Type Jet Fuel,IM0,Imports,MKJIMP11,East Coast (PADD 1) Imports of Kerosene-Type Jet Fuel (Thousand Barrels),2100,MBBL
1989-04,R10-Z00,PADD 1,EPJK,Kerosene-Type Jet Fuel,IM0,Imports,MKJIMP12,East Coast (PADD 1) Imports of Kerosene-Type Jet Fuel (Thousand Barrels per Day),70,MBBL/D
1989-05,R10-Z00,PADD 1,EPJK,Kerosene-Type Jet Fuel,IM0,Imports,MKJIMP11,East Coast (PADD 1) Imports of Kerosene-Type Jet Fuel (Thousand Barrels),1868,MBBL
1989-05,R10-Z00,PADD 1,EPJK,Kerosene-Type Jet Fuel,IM0,Imports,MKJIMP12,East Coast (PADD 1) Imports of Kerosene-Type Jet Fuel (Thousand Barrels per Day),60,MBBL/D
1989-06,R10-Z00,PADD 1,EPJK,Kerosene-Type Jet Fuel,IM0,Imports,MKJIMP11,East Coast (PADD 1) Imports of Kerosene-Type Jet Fuel (Thousand Barrels),1812,MBBL
1989-06,R10-Z00,PADD 1,EPJK,Kerosene-Type Jet Fuel,IM0,Imports,MKJIMP12,East Coast (PADD 1) Imports of Kerosene-Type Jet Fuel (Thousand Barrels per Day),60,MBBL/D
1989-07,R10-Z00,PADD 1,EPJK,Kerosene-Type Jet Fuel,IM0,Imports,MKJIMP11,East Coast (PADD 1) Imports of Kerosene-Type Jet Fuel (Thousand Barrels),1936,MBBL
1989-07,R10-Z00,PADD 1,EPJK,Kerosene-Type Jet Fuel,IM0,Imports,MKJIMP12,East Coast (PADD 1) Imports of Kerosene-Type Jet Fuel (Thousand Barrels per Day),62,MBBL/D
1989-08,R10-Z00,PADD 1,EPJK,Kerosene-Type Jet Fuel,IM0,Imports,MKJIMP11,East Coast (PADD 1) Imports of Kerosene-Type Jet Fuel (Thousand Barrels),1634,MBBL
1989-08,R10-Z00,PADD 1,EPJK,Kerosene-Type Jet Fuel,IM0,Imports,MKJIMP12,East Coast (PADD 1) Imports of Kerosene-Type Jet Fuel (Thousand Barrels per Day),53,MBBL/D
1989-09,R10-Z00,PADD 1,EPJK,Kerosene-Type Jet Fuel,IM0,Imports,MKJIMP11,East Coast (PADD 1) Imports of Kerosene-Type Jet Fuel (Thousand Barrels),1851,MBBL
1989-09,R10-Z00,PADD 1,EPJK,Kerosene-Type Jet Fuel,IM0,Imports,MKJIMP12,East Coast (PADD 1) Imports of Kerosene-Type Jet Fuel (Thousand Barrels per Day),62,MBBL/D
1989-10,R10-Z00,PADD 1,EPJK,Kerosene-Type Jet Fuel,IM0,Imports,MKJIMP11,East Coast (PADD 1) Imports of Kerosene-Type Jet Fuel (Thousand Barrels),1128,MBBL
1989-10,R10-Z00,PADD 1,EPJK,Kerosene-Type Jet Fuel,IM0,Imports,MKJIMP12,East Coast (PADD 1) Imports of Kerosene-Type Jet Fuel (Thousand Barrels per Day),36,MBBL/D
1989-11,R10-Z00,PADD 1,EPJK,Kerosene-Type Jet Fuel,IM0,Imports,MKJIMP11,East Coast (PADD 1) Imports of Kerosene-Type Jet Fuel (Thousand Barrels),1655,MBBL
1989-11,R10-Z00,PADD 1,EPJK,Kerosene-Type Jet Fuel,IM0,Imports,MKJIMP12,East Coast (PADD 1) Imports of Kerosene-Type Jet Fuel (Thousand Barrels per Day),55,MBBL/D
1989-12,R10-Z00,PADD 1,EPJK,Kerosene-Type Jet Fuel,IM0,Imports,MKJIMP11,East Coast (PADD 1) Imports of Kerosene-Type Jet Fuel (Thousand Barrels),2092,MBBL
1989-12,R10-Z00,PADD 1,EPJK,Kerosene-Type Jet Fuel,IM0,Imports,MKJIMP12,East Coast (PADD 1) Imports of Kerosene-Type Jet Fuel (Thousand Barrels per Day),67,MBBL/D
1990-01,R10-Z00,PADD 1,EPJK,Kerosene-Type Jet Fuel,IM0,Imports,MKJIMP11,East Coast (PADD 1) Imports of Kerosene-Type Jet Fuel (Thousand Barrels),3239,MBBL
1990-01,R10-Z00,PADD 1,EPJK,Kerosene-Type Jet Fuel,IM0,Imports,MKJIMP12,East Coast (PADD 1) Imports of Kerosene-Type Jet Fuel (Thousand Barrels per Day),104,MBBL/D
1990-02,R10-Z00,PADD 1,EPJK,Kerosene-Type Jet Fuel,IM0,Imports,MKJIMP11,East Coast (PADD 1) Imports of Kerosene-Type Jet Fuel (Thousand Barrels),3467,MBBL
1990-02,R10-Z00,PADD 1,EPJK,Kerosene-Type Jet Fuel,IM0,Imports,MKJIMP12,East Coast (PADD 1) Imports of Kerosene-Type Jet Fuel (Thousand Barrels per Day),124,MBBL/D
1990-03,R10-Z00,PADD 1,EPJK,Kerosene-Type Jet Fuel,IM0,Imports,MKJIMP11,East Coast (PADD 1) Imports of Kerosene-Type Jet Fuel (Thousand Barrels),2998,MBBL
1990-03,R10-Z00,PADD 1,EPJK,Kerosene-Type Jet Fuel,IM0,Imports,MKJIMP12,East Coast (PADD 1) Imports of Kerosene-Type Jet Fuel (Thousand Barrels per Day),97,MBBL/D
1990-04,R10-Z00,PADD 1,EPJK,Kerosene-Type Jet Fuel,IM0,Imports,MKJIMP11,East Coast (PADD 1) Imports of Kerosene-Type Jet Fuel (Thousand Barrels),2247,MBBL
1990-04,R10-Z00,PADD 1,EPJK,Kerosene-Type Jet Fuel,IM0,Imports,MKJIMP12,East Coast (PADD 1) Imports of Kerosene-Type Jet Fuel (Thousand Barrels per Day),75,MBBL/D
1990-05,R10-Z00,PADD 1,EPJK,Kerosene-Type Jet Fuel,IM0,Imports,MKJIMP11,East Coast (PADD 1) Imports of Kerosene-Type Jet Fuel (Thousand Barrels),1961,MBBL
1990-05,R10-Z00,PADD 1,EPJK,Kerosene-Type Jet Fuel,IM0,Imports,MKJIMP12,East Coast (PADD 1) Imports of Kerosene-Type Jet Fuel (Thousand Barrels per Day),63,MBBL/D
1990-06,R10-Z00,PADD 1,EPJK,Kerosene-Type Jet Fuel,IM0,Imports,MKJIMP11,East Coast (PADD 1) Imports of Kerosene-Type Jet Fuel (Thousand Barrels),2739,MBBL
1990-06,R10-Z00,PADD 1,EPJK,Kerosene-Type Jet Fuel,IM0,Imports,MKJIMP12,East Coast (PADD 1) Imports of Kerosene-Type Jet Fuel (Thousand Barrels per Day),91,MBBL/D
1990-07,R10-Z00,PADD 1,EPJK,Kerosene-Type Jet Fuel,IM0,Imports,MKJIMP11,East Coast (PADD 1) Imports of Kerosene-Type Jet Fuel (Thousand Barrels),2283,MBBL
1990-07,R10-Z00,PADD 1,EPJK,Kerosene-Type Jet Fuel,IM0,Imports,MKJIMP12,East Coast (PADD 1) Imports of Kerosene-Type Jet Fuel (Thousand Barrels per Day),74,MBBL/D
1990-08,R10-Z00,PADD 1,EPJK,Kerosene-Type Jet Fuel,IM0,Imports,MKJIMP11,East Coast (PADD 1) Imports of Kerosene-Type Jet Fuel (Thousand Barrels),1704,MBBL
1990-08,R10-Z00,PADD 1,EPJK,Kerosene-Type Jet Fuel,IM0,Imports,MKJIMP12,East Coast (PADD 1) Imports of Kerosene-Type Jet Fuel (Thousand Barrels per Day),55,MBBL/D
1990-09,R10-Z00,PADD 1,EPJK,Kerosene-Type Jet Fuel,IM0,Imports,MKJIMP11,East Coast (PADD 1) Imports of Kerosene-Type Jet Fuel (Thousand Barrels),1363,MBBL
1990-09,R10-Z00,PADD 1,EPJK,Kerosene-Type Jet Fuel,IM0,Imports,MKJIMP12,East Coast (PADD 1) Imports of Kerosene-Type Jet Fuel (Thousand Barrels per Day),45,MBBL/D
1990-10,R10-Z00,PADD 1,EPJK,Kerosene-Type Jet Fuel,IM0,Imports,MKJIMP11,East Coast (PADD 1) Imports of Kerosene-Type Jet Fuel (Thousand Barrels),1148,MBBL
1990-10,R10-Z00,PADD 1,EPJK,Kerosene-Type Jet Fuel,IM0,Imports,MKJIMP12,East Coast (PADD 1) Imports of Kerosene-Type Jet Fuel (Thousand Barrels per Day),37,MBBL/D
1990-11,R10-Z00,PADD 1,EPJK,Kerosene-Type Jet Fuel,IM0,Imports,MKJIMP11,East Coast (PADD 1) Imports of Kerosene-Type Jet Fuel (Thousand Barrels),1327,MBBL
1990-11,R10-Z00,PADD 1,EPJK,Kerosene-Type Jet Fuel,IM0,Imports,MKJIMP12,East Coast (PADD 1) Imports of Kerosene-Type Jet Fuel (Thousand Barrels per Day),44,MBBL/D
1990-12,R10-Z00,PADD 1,EPJK,Kerosene-Type Jet Fuel,IM0,Imports,MKJIMP11,East Coast (PADD 1) Imports of Kerosene-Type Jet Fuel (Thousand Barrels),1531,MBBL
1990-12,R10-Z00,PADD 1,EPJK,Kerosene-Type Jet Fuel,IM0,Imports,MKJIMP12,East Coast (PADD 1) Imports of Kerosene-Type Jet Fuel (Thousand Barrels per Day),49,MBBL/D
1991-01,R10-Z00,PADD 1,EPJK,Kerosene-Type Jet Fuel,IM0,Imports,MKJIMP11,East Coast (PADD 1) Imports of Kerosene-Type Jet Fuel (Thousand Barrels),1389,MBBL
1991-01,R10-Z00,PADD 1,EPJK,Kerosene-Type Jet Fuel,IM0,Imports,MKJIMP12,East Coast (PADD 1) Imports of Kerosene-Type Jet Fuel (Thousand Barrels per Day),45,MBBL/D
1991-02,R10-Z00,PADD 1,EPJK,Kerosene-Type Jet Fuel,IM0,Imports,MKJIMP11,East Coast (PADD 1) Imports of Kerosene-Type Jet Fuel (Thousand Barrels),813,MBBL
1991-02,R10-Z00,PADD 1,EPJK,Kerosene-Type Jet Fuel,IM0,Imports,MKJIMP12,East Coast (PADD 1) Imports of Kerosene-Type Jet Fuel (Thousand Barrels per Day),29,MBBL/D
1991-03,R10-Z00,PADD 1,EPJK,Kerosene-Type Jet Fuel,IM0,Imports,MKJIMP11,East Coast (PADD 1) Imports of Kerosene-Type Jet Fuel (Thousand Barrels),1346,MBBL
1991-03,R10-Z00,PADD 1,EPJK,Kerosene-Type Jet Fuel,IM0,Imports,MKJIMP12,East Coast (PADD 1) Imports of Kerosene-Type Jet Fuel (Thousand Barrels per Day),43,MBBL/D
1991-04,R10-Z00,PADD 1,EPJK,Kerosene-Type Jet Fuel,IM0,Imports,MKJIMP11,East Coast (PADD 1) Imports of Kerosene-Type Jet Fuel (Thousand Barrels),1403,MBBL
1991-04,R10-Z00,PADD 1,EPJK,Kerosene-Type Jet Fuel,IM0,Imports,MKJIMP12,East Coast (PADD 1) Imports of Kerosene-Type Jet Fuel (Thousand Barrels per Day),47,MBBL/D
1991-05,R10-Z00,PADD 1,EPJK,Kerosene-Type Jet Fuel,IM0,Imports,MKJIMP11,East Coast (PADD 1) Imports of Kerosene-Type Jet Fuel (Thousand Barrels),2061,MBBL
1991-05,R10-Z00,PADD 1,EPJK,Kerosene-Type Jet Fuel,IM0,Imports,MKJIMP12,East Coast (PADD 1) Imports of Kerosene-Type Jet Fuel (Thousand Barrels per Day),66,MBBL/D
1991-06,R10-Z00,PADD 1,EPJK,Kerosene-Type Jet Fuel,IM0,Imports,MKJIMP11,East Coast (PADD 1) Imports of Kerosene-Type Jet Fuel (Thousand Barrels),1696,MBBL
1991-06,R10-Z00,PADD 1,EPJK,Kerosene-Type Jet Fuel,IM0,Imports,MKJIMP12,East Coast (PADD 1) Imports of Kerosene-Type Jet Fuel (Thousand Barrels per Day),57,MBBL/D
1991-07,R10-Z00,PADD 1,EPJK,Kerosene-Type Jet Fuel,IM0,Imports,MKJIMP11,East Coast (PADD 1) Imports of Kerosene-Type Jet Fuel (Thousand Barrels),1860,MBBL
1991-07,R10-Z00,PADD 1,EPJK,Kerosene-Type Jet Fuel,IM0,Imports,MKJIMP12,East Coast (PADD 1) Imports of Kerosene-Type Jet Fuel (Thousand Barrels per Day),60,MBBL/D
1991-08,R10-Z00,PADD 1,EPJK,Kerosene-Type Jet Fuel,IM0,Imports,MKJIMP11,East Coast (PADD 1) Imports of Kerosene-Type Jet Fuel (Thousand Barrels),2027,MBBL
1991-08,R10-Z00,PADD 1,EPJK,Kerosene-Type Jet Fuel,IM0,Imports,MKJIMP12,East Coast (PADD 1) Imports of Kerosene-Type Jet Fuel (Thousand Barrels per Day),65,MBBL/D
1991-09,R10-Z00,PADD 1,EPJK,Kerosene-Type Jet Fuel,IM0,Imports,MKJIMP11,East Coast (PADD 1) Imports of Kerosene-Type Jet Fuel (Thousand Barrels),2073,MBBL
1991-09,R10-Z00,PADD 1,EPJK,Kerosene-Type Jet Fuel,IM0,Imports,MKJIMP12,East Coast (PADD 1) Imports of Kerosene-Type Jet Fuel (Thousand Barrels per Day),69,MBBL/D
1991-10,R10-Z00,PADD 1,EPJK,Kerosene-Type Jet Fuel,IM0,Imports,MKJIMP11,East Coast (PADD 1) Imports of Kerosene-Type Jet Fuel (Thousand Barrels),1570,MBBL
1991-10,R10-Z00,PADD 1,EPJK,Kerosene-Type Jet Fuel,IM0,Imports,MKJIMP12,East Coast (PADD 1) Imports of Kerosene-Type Jet Fuel (Thousand Barrels per Day),51,MBBL/D
1991-11,R10-Z00,PADD 1,EPJK,Kerosene-Type Jet Fuel,IM0,Imports,MKJIMP11,East Coast (PADD 1) Imports of Kerosene-Type Jet Fuel (Thousand Barrels),1134,MBBL
1991-11,R10-Z00,PADD 1,EPJK,Kerosene-Type Jet Fuel,IM0,Imports,MKJIMP12,East Coast (PADD 1) Imports of Kerosene-Type Jet Fuel (Thousand Barrels per Day),38,MBBL/D
1991-12,R10-Z00,PADD 1,EPJK,Kerosene-Type Jet Fuel,IM0,Imports,MKJIMP11,East Coast (PADD 1) Imports of Kerosene-Type Jet Fuel (Thousand Barrels),842,MBBL
1991-12,R10-Z00,PADD 1,EPJK,Kerosene-Type Jet Fuel,IM0,Imports,MKJIMP12,East Coast (PADD 1) Imports of Kerosene-Type Jet Fuel (Thousand Barrels per Day),27,MBBL/D
1992-01,R10-Z00,PADD 1,EPJK,Kerosene-Type Jet Fuel,IM0,Imports,MKJIMP11,East Coast (PADD 1) Imports of Kerosene-Type Jet Fuel (Thousand Barrels),933,MBBL
1992-01,R10-Z00,PADD 1,EPJK,Kerosene-Type Jet Fuel,IM0,Imports,MKJIMP12,East Coast (PADD 1) Imports of Kerosene-Type Jet Fuel (Thousand Barrels per Day),30,MBBL/D
1992-02,R10-Z00,PADD 1,EPJK,Kerosene-Type Jet Fuel,IM0,Imports,MKJIMP11,East Coast (PADD 1) Imports of Kerosene-Type Jet Fuel (Thousand Barrels),1327,MBBL
1992-02,R10-Z00,PADD 1,EPJK,Kerosene-Type Jet Fuel,IM0,Imports,MKJIMP12,East Coast (PADD 1) Imports of Kerosene-Type Jet Fuel (Thousand Barrels per Day),46,MBBL/D
1992-03,R10-Z00,PADD 1,EPJK,Kerosene-Type Jet Fuel,IM0,Imports,MKJIMP11,East Coast (PADD 1) Imports of Kerosene-Type Jet Fuel (Thousand Barrels),1451,MBBL
1992-03,R10-Z00,PADD 1,EPJK,Kerosene-Type Jet Fuel,IM0,Imports,MKJIMP12,East Coast (PADD 1) Imports of Kerosene-Type Jet Fuel (Thousand Barrels per Day),47,MBBL/D
1992-04,R10-Z00,PADD 1,EPJK,Kerosene-Type Jet Fuel,IM0,Imports,MKJIMP11,East Coast (PADD 1) Imports of Kerosene-Type Jet Fuel (Thousand Barrels),1671,MBBL
1992-04,R10-Z00,PADD 1,EPJK,Kerosene-Type Jet Fuel,IM0,Imports,MKJIMP12,East Coast (PADD 1) Imports of Kerosene-Type Jet Fuel (Thousand Barrels per Day),56,MBBL/D
1992-05,R10-Z00,PADD 1,EPJK,Kerosene-Type Jet Fuel,IM0,Imports,MKJIMP11,East Coast (PADD 1) Imports of Kerosene-Type Jet Fuel (Thousand Barrels),2396,MBBL
1992-05,R10-Z00,PADD 1,EPJK,Kerosene-Type Jet Fuel,IM0,Imports,MKJIMP12,East Coast (PADD 1) Imports of Kerosene-Type Jet Fuel (Thousand Barrels per Day),77,MBBL/D
1992-06,R10-Z00,PADD 1,EPJK,Kerosene-Type Jet Fuel,IM0,Imports,MKJIMP11,East Coast (PADD 1) Imports of Kerosene-Type Jet Fuel (Thousand Barrels),2008,MBBL
1992-06,R10-Z00,PADD 1,EPJK,Kerosene-Type Jet Fuel,IM0,Imports,MKJIMP12,East Coast (PADD 1) Imports of Kerosene-Type Jet Fuel (Thousand Barrels per Day),67,MBBL/D
1992-07,R10-Z00,PADD 1,EPJK,Kerosene-Type Jet Fuel,IM0,Imports,MKJIMP11,East Coast (PADD 1) Imports of Kerosene-Type Jet Fuel (Thousand Barrels),2450,MBBL
1992-07,R10-Z00,PADD 1,EPJK,Kerosene-Type Jet Fuel,IM0,Imports,MKJIMP12,East Coast (PADD 1) Imports of Kerosene-Type Jet Fuel (Thousand Barrels per Day),79,MBBL/D
1992-08,R10-Z00,PADD 1,EPJK,Kerosene-Type Jet Fuel,IM0,Imports,MKJIMP11,East Coast (PADD 1) Imports of Kerosene-Type Jet Fuel (Thousand Barrels),2599,MBBL
1992-08,R10-Z00,PADD 1,EPJK,Kerosene-Type Jet Fuel,IM0,Imports,MKJIMP12,East Coast (PADD 1) Imports of Kerosene-Type Jet Fuel (Thousand Barrels per Day),84,MBBL/D
1992-09,R10-Z00,PADD 1,EPJK,Kerosene-Type Jet Fuel,IM0,Imports,MKJIMP11,East Coast (PADD 1) Imports of Kerosene-Type Jet Fuel (Thousand Barrels),2204,MBBL
1992-09,R10-Z00,PADD 1,EPJK,Kerosene-Type Jet Fuel,IM0,Imports,MKJIMP12,East Coast (PADD 1) Imports of Kerosene-Type Jet Fuel (Thousand Barrels per Day),73,MBBL/D
1992-10,R10-Z00,PADD 1,EPJK,Kerosene-Type Jet Fuel,IM0,Imports,MKJIMP11,East Coast (PADD 1) Imports of Kerosene-Type Jet Fuel (Thousand Barrels),2451,MBBL
1992-10,R10-Z00,PADD 1,EPJK,Kerosene-Type Jet Fuel,IM0,Imports,MKJIMP12,East Coast (PADD 1) Imports of Kerosene-Type Jet Fuel (Thousand Barrels per Day),79,MBBL/D
1992-11,R10-Z00,PADD 1,EPJK,Kerosene-Type Jet Fuel,IM0,Imports,MKJIMP11,East Coast (PADD 1) Imports of Kerosene-Type Jet Fuel (Thousand Barrels),2194,MBBL
1992-11,R10-Z00,PADD 1,EPJK,Kerosene-Type Jet Fuel,IM0,Imports,MKJIMP12,East Coast (PADD 1) Imports of Kerosene-Type Jet Fuel (Thousand Barrels per Day),73,MBBL/D
1992-12,R10-Z00,PADD 1,EPJK,Kerosene-Type Jet Fuel,IM0,Imports,MKJIMP11,East Coast (PADD 1) Imports of Kerosene-Type Jet Fuel (Thousand Barrels),2453,MBBL
1992-12,R10-Z00,PADD 1,EPJK,Kerosene-Type Jet Fuel,IM0,Imports,MKJIMP12,East Coast (PADD 1) Imports of Kerosene-Type Jet Fuel (Thousand Barrels per Day),79,MBBL/D
1993-01,R10-Z00,PADD 1,EPJK,Kerosene-Type Jet Fuel,IM0,Imports,MKJIMP11,East Coast (PADD 1) Imports of Kerosene-Type Jet Fuel (Thousand Barrels),2302,MBBL
1993-01,R10-Z00,PADD 1,EPJK,Kerosene-Type Jet Fuel,IM0,Imports,MKJIMP12,East Coast (PADD 1) Imports of Kerosene-Type Jet Fuel (Thousand Barrels per Day),74,MBBL/D
1993-02,R10-Z00,PADD 1,EPJK,Kerosene-Type Jet Fuel,IM0,Imports,MKJIMP11,East Coast (PADD 1) Imports of Kerosene-Type Jet Fuel (Thousand Barrels),2499,MBBL
1993-02,R10-Z00,PADD 1,EPJK,Kerosene-Type Jet Fuel,IM0,Imports,MKJIMP12,East Coast (PADD 1) Imports of Kerosene-Type Jet Fuel (Thousand Barrels per Day),89,MBBL/D
1993-03,R10-Z00,PADD 1,EPJK,Kerosene-Type Jet Fuel,IM0,Imports,MKJIMP11,East Coast (PADD 1) Imports of Kerosene-Type Jet Fuel (Thousand Barrels),2054,MBBL
1993-03,R10-Z00,PADD 1,EPJK,Kerosene-Type Jet Fuel,IM0,Imports,MKJIMP12,East Coast (PADD 1) Imports of Kerosene-Type Jet Fuel (Thousand Barrels per Day),66,MBBL/D
1993-04,R10-Z00,PADD 1,EPJK,Kerosene-Type Jet Fuel,IM0,Imports,MKJIMP11,East Coast (PADD 1) Imports of Kerosene-Type Jet Fuel (Thousand Barrels),2552,MBBL
1993-04,R10-Z00,PADD 1,EPJK,Kerosene-Type Jet Fuel,IM0,Imports,MKJIMP12,East Coast (PADD 1) Imports of Kerosene-Type Jet Fuel (Thousand Barrels per Day),85,MBBL/D
1993-05,R10-Z00,PADD 1,EPJK,Kerosene-Type Jet Fuel,IM0,Imports,MKJIMP11,East Coast (PADD 1) Imports of Kerosene-Type Jet Fuel (Thousand Barrels),2021,MBBL
1993-05,R10-Z00,PADD 1,EPJK,Kerosene-Type Jet Fuel,IM0,Imports,MKJIMP12,East Coast (PADD 1) Imports of Kerosene-Type Jet Fuel (Thousand Barrels per Day),65,MBBL/D
1993-06,R10-Z00,PADD 1,EPJK,Kerosene-Type Jet Fuel,IM0,Imports,MKJIMP11,East Coast (PADD 1) Imports of Kerosene-Type Jet Fuel (Thousand Barrels),2365,MBBL
1993-06,R10-Z00,PADD 1,EPJK,Kerosene-Type Jet Fuel,IM0,Imports,MKJIMP12,East Coast (PADD 1) Imports of Kerosene-Type Jet Fuel (Thousand Barrels per Day),79,MBBL/D
1993-07,R10-Z00,PADD 1,EPJK,Kerosene-Type Jet Fuel,IM0,Imports,MKJIMP11,East Coast (PADD 1) Imports of Kerosene-Type Jet Fuel (Thousand Barrels),2224,MBBL
1993-07,R10-Z00,PADD 1,EPJK,Kerosene-Type Jet Fuel,IM0,Imports,MKJIMP12,East Coast (PADD 1) Imports of Kerosene-Type Jet Fuel (Thousand Barrels per Day),72,MBBL/D
1993-08,R10-Z00,PADD 1,EPJK,Kerosene-Type Jet Fuel,IM0,Imports,MKJIMP11,East Coast (PADD 1) Imports of Kerosene-Type Jet Fuel (Thousand Barrels),2475,MBBL
1993-08,R10-Z00,PADD 1,EPJK,Kerosene-Type Jet Fuel,IM0,Imports,MKJIMP12,East Coast (PADD 1) Imports of Kerosene-Type Jet Fuel (Thousand Barrels per Day),80,MBBL/D
1993-09,R10-Z00,PADD 1,EPJK,Kerosene-Type Jet Fuel,IM0,Imports,MKJIMP11,East Coast (PADD 1) Imports of Kerosene-Type Jet Fuel (Thousand Barrels),2019,MBBL
1993-09,R10-Z00,PADD 1,EPJK,Kerosene-Type Jet Fuel,IM0,Imports,MKJIMP12,East Coast (PADD 1) Imports of Kerosene-Type Jet Fuel (Thousand Barrels per Day),67,MBBL/D
1993-10,R10-Z00,PADD 1,EPJK,Kerosene-Type Jet Fuel,IM0,Imports,MKJIMP11,East Coast (PADD 1) Imports of Kerosene-Type Jet Fuel (Thousand Barrels),2317,MBBL
1993-10,R10-Z00,PADD 1,EPJK,Kerosene-Type Jet Fuel,IM0,Imports,MKJIMP12,East Coast (PADD 1) Imports of Kerosene-Type Jet Fuel (Thousand Barrels per Day),75,MBBL/D
1993-11,R10-Z00,PADD 1,EPJK,Kerosene-Type Jet Fuel,IM0,Imports,MKJIMP11,East Coast (PADD 1) Imports of Kerosene-Type Jet Fuel (Thousand Barrels),2289,MBBL
1993-11,R10-Z00,PADD 1,EPJK,Kerosene-Type Jet Fuel,IM0,Imports,MKJIMP12,East Coast (PADD 1) Imports of Kerosene-Type Jet Fuel (Thousand Barrels per Day),76,MBBL/D
1993-12,R10-Z00,PADD 1,EPJK,Kerosene-Type Jet Fuel,IM0,Imports,MKJIMP11,East Coast (PADD 1) Imports of Kerosene-Type Jet Fuel (Thousand Barrels),2774,MBBL
1993-12,R10-Z00,PADD 1,EPJK,Kerosene-Type Jet Fuel,IM0,Imports,MKJIMP12,East Coast (PADD 1) Imports of Kerosene-Type Jet Fuel (Thousand Barrels per Day),89,MBBL/D
1994-01,R10-Z00,PADD 1,EPJK,Kerosene-Type Jet Fuel,IM0,Imports,MKJIMP11,East Coast (PADD 1) Imports of Kerosene-Type Jet Fuel (Thousand Barrels),3219,MBBL
1994-01,R10-Z00,PADD 1,EPJK,Kerosene-Type Jet Fuel,IM0,Imports,MKJIMP12,East Coast (PADD 1) Imports of Kerosene-Type Jet Fuel (Thousand Barrels per Day),104,MBBL/D
1994-02,R10-Z00,PADD 1,EPJK,Kerosene-Type Jet Fuel,IM0,Imports,MKJIMP11,East Coast (PADD 1) Imports of Kerosene-Type Jet Fuel (Thousand Barrels),3784,MBBL
1994-02,R10-Z00,PADD 1,EPJK,Kerosene-Type Jet Fuel,IM0,Imports,MKJIMP12,East Coast (PADD 1) Imports of Kerosene-Type Jet Fuel (Thousand Barrels per Day),135,MBBL/D
1994-03,R10-Z00,PADD 1,EPJK,Kerosene-Type Jet Fuel,IM0,Imports,MKJIMP11,East Coast (PADD 1) Imports of Kerosene-Type Jet Fuel (Thousand Barrels),2895,MBBL
1994-03,R10-Z00,PADD 1,EPJK,Kerosene-Type Jet Fuel,IM0,Imports,MKJIMP12,East Coast (PADD 1) Imports of Kerosene-Type Jet Fuel (Thousand Barrels per Day),93,MBBL/D
1994-04,R10-Z00,PADD 1,EPJK,Kerosene-Type Jet Fuel,IM0,Imports,MKJIMP11,East Coast (PADD 1) Imports of Kerosene-Type Jet Fuel (Thousand Barrels),2451,MBBL
1994-04,R10-Z00,PADD 1,EPJK,Kerosene-Type Jet Fuel,IM0,Imports,MKJIMP12,East Coast (PADD 1) Imports of Kerosene-Type Jet Fuel (Thousand Barrels per Day),82,MBBL/D
1994-05,R10-Z00,PADD 1,EPJK,Kerosene-Type Jet Fuel,IM0,Imports,MKJIMP11,East Coast (PADD 1) Imports of Kerosene-Type Jet Fuel (Thousand Barrels),3187,MBBL
1994-05,R10-Z00,PADD 1,EPJK,Kerosene-Type Jet Fuel,IM0,Imports,MKJIMP12,East Coast (PADD 1) Imports of Kerosene-Type Jet Fuel (Thousand Barrels per Day),103,MBBL/D
1994-06,R10-Z00,PADD 1,EPJK,Kerosene-Type Jet Fuel,IM0,Imports,MKJIMP11,East Coast (PADD 1) Imports of Kerosene-Type Jet Fuel (Thousand Barrels),3430,MBBL
1994-06,R10-Z00,PADD 1,EPJK,Kerosene-Type Jet Fuel,IM0,Imports,MKJIMP12,East Coast (PADD 1) Imports of Kerosene-Type Jet Fuel (Thousand Barrels per Day),114,MBBL/D
1994-07,R10-Z00,PADD 1,EPJK,Kerosene-Type Jet Fuel,IM0,Imports,MKJIMP11,East Coast (PADD 1) Imports of Kerosene-Type Jet Fuel (Thousand Barrels),2659,MBBL
1994-07,R10-Z00,PADD 1,EPJK,Kerosene-Type Jet Fuel,IM0,Imports,MKJIMP12,East Coast (PADD 1) Imports of Kerosene-Type Jet Fuel (Thousand Barrels per Day),86,MBBL/D
1994-08,R10-Z00,PADD 1,EPJK,Kerosene-Type Jet Fuel,IM0,Imports,MKJIMP11,East Coast (PADD 1) Imports of Kerosene-Type Jet Fuel (Thousand Barrels),2728,MBBL
1994-08,R10-Z00,PADD 1,EPJK,Kerosene-Type Jet Fuel,IM0,Imports,MKJIMP12,East Coast (PADD 1) Imports of Kerosene-Type Jet Fuel (Thousand Barrels per Day),88,MBBL/D
1994-09,R10-Z00,PADD 1,EPJK,Kerosene-Type Jet Fuel,IM0,Imports,MKJIMP11,East Coast (PADD 1) Imports of Kerosene-Type Jet Fuel (Thousand Barrels),3062,MBBL
1994-09,R10-Z00,PADD 1,EPJK,Kerosene-Type Jet Fuel,IM0,Imports,MKJIMP12,East Coast (PADD 1) Imports of Kerosene-Type Jet Fuel (Thousand Barrels per Day),102,MBBL/D
1994-10,R10-Z00,PADD 1,EPJK,Kerosene-Type Jet Fuel,IM0,Imports,MKJIMP11,East Coast (PADD 1) Imports of Kerosene-Type Jet Fuel (Thousand Barrels),2506,MBBL
1994-10,R10-Z00,PADD 1,EPJK,Kerosene-Type Jet Fuel,IM0,Imports,MKJIMP12,East Coast (PADD 1) Imports of Kerosene-Type Jet Fuel (Thousand Barrels per Day),81,MBBL/D
1994-11,R10-Z00,PADD 1,EPJK,Kerosene-Type Jet Fuel,IM0,Imports,MKJIMP11,East Coast (PADD 1) Imports of Kerosene-Type Jet Fuel (Thousand Barrels),2443,MBBL
1994-11,R10-Z00,PADD 1,EPJK,Kerosene-Type Jet Fuel,IM0,Imports,MKJIMP12,East Coast (PADD 1) Imports of Kerosene-Type Jet Fuel (Thousand Barrels per Day),81,MBBL/D
1994-12,R10-Z00,PADD 1,EPJK,Kerosene-Type Jet Fuel,IM0,Imports,MKJIMP11,East Coast (PADD 1) Imports of Kerosene-Type Jet Fuel (Thousand Barrels),2970,MBBL
1994-12,R10-Z00,PADD 1,EPJK,Kerosene-Type Jet Fuel,IM0,Imports,MKJIMP12,East Coast (PADD 1) Imports of Kerosene-Type Jet Fuel (Thousand Barrels per Day),96,MBBL/D
1995-01,R10-Z00,PADD 1,EPJK,Kerosene-Type Jet Fuel,IM0,Imports,MKJIMP11,East Coast (PADD 1) Imports of Kerosene-Type Jet Fuel (Thousand Barrels),2230,MBBL
1995-01,R10-Z00,PADD 1,EPJK,Kerosene-Type Jet Fuel,IM0,Imports,MKJIMP12,East Coast (PADD 1) Imports of Kerosene-Type Jet Fuel (Thousand Barrels per Day),72,MBBL/D
1995-02,R10-Z00,PADD 1,EPJK,Kerosene-Type Jet Fuel,IM0,Imports,MKJIMP11,East Coast (PADD 1) Imports of Kerosene-Type Jet Fuel (Thousand Barrels),2883,MBBL
1995-02,R10-Z00,PADD 1,EPJK,Kerosene-Type Jet Fuel,IM0,Imports,MKJIMP12,East Coast (PADD 1) Imports of Kerosene-Type Jet Fuel (Thousand Barrels per Day),103,MBBL/D
1995-03,R10-Z00,PADD 1,EPJK,Kerosene-Type Jet Fuel,IM0,Imports,MKJIMP11,East Coast (PADD 1) Imports of Kerosene-Type Jet Fuel (Thousand Barrels),3034,MBBL
1995-03,R10-Z00,PADD 1,EPJK,Kerosene-Type Jet Fuel,IM0,Imports,MKJIMP12,East Coast (PADD 1) Imports of Kerosene-Type Jet Fuel (Thousand Barrels per Day),98,MBBL/D
1995-04,R10-Z00,PADD 1,EPJK,Kerosene-Type Jet Fuel,IM0,Imports,MKJIMP11,East Coast (PADD 1) Imports of Kerosene-Type Jet Fuel (Thousand Barrels),2143,MBBL
1995-04,R10-Z00,PADD 1,EPJK,Kerosene-Type Jet Fuel,IM0,Imports,MKJIMP12,East Coast (PADD 1) Imports of Kerosene-Type Jet Fuel (Thousand Barrels per Day),71,MBBL/D
1995-05,R10-Z00,PADD 1,EPJK,Kerosene-Type Jet Fuel,IM0,Imports,MKJIMP11,East Coast (PADD 1) Imports of Kerosene-Type Jet Fuel (Thousand Barrels),2953,MBBL
1995-05,R10-Z00,PADD 1,EPJK,Kerosene-Type Jet Fuel,IM0,Imports,MKJIMP12,East Coast (PADD 1) Imports of Kerosene-Type Jet Fuel (Thousand Barrels per Day),95,MBBL/D
1995-06,R10-Z00,PADD 1,EPJK,Kerosene-Type Jet Fuel,IM0,Imports,MKJIMP11,East Coast (PADD 1) Imports of Kerosene-Type Jet Fuel (Thousand Barrels),2235,MBBL
1995-06,R10-Z00,PADD 1,EPJK,Kerosene-Type Jet Fuel,IM0,Imports,MKJIMP12,East Coast (PADD 1) Imports of Kerosene-Type Jet Fuel (Thousand Barrels per Day),75,MBBL/D
1995-07,R10-Z00,PADD 1,EPJK,Kerosene-Type Jet Fuel,IM0,Imports,MKJIMP11,East Coast (PADD 1) Imports of Kerosene-Type Jet Fuel (Thousand Barrels),2065,MBBL
1995-07,R10-Z00,PADD 1,EPJK,Kerosene-Type Jet Fuel,IM0,Imports,MKJIMP12,East Coast (PADD 1) Imports of Kerosene-Type Jet Fuel (Thousand Barrels per Day),67,MBBL/D
1995-08,R10-Z00,PADD 1,EPJK,Kerosene-Type Jet Fuel,IM0,Imports,MKJIMP11,East Coast (PADD 1) Imports of Kerosene-Type Jet Fuel (Thousand Barrels),2520,MBBL
1995-08,R10-Z00,PADD 1,EPJK,Kerosene-Type Jet Fuel,IM0,Imports,MKJIMP12,East Coast (PADD 1) Imports of Kerosene-Type Jet Fuel (Thousand Barrels per Day),81,MBBL/D
1995-09,R10-Z00,PADD 1,EPJK,Kerosene-Type Jet Fuel,IM0,Imports,MKJIMP11,East Coast (PADD 1) Imports of Kerosene-Type Jet Fuel (Thousand Barrels),2625,MBBL
1995-09,R10-Z00,PADD 1,EPJK,Kerosene-Type Jet Fuel,IM0,Imports,MKJIMP12,East Coast (PADD 1) Imports of Kerosene-Type Jet Fuel (Thousand Barrels per Day),88,MBBL/D
1995-10,R10-Z00,PADD 1,EPJK,Kerosene-Type Jet Fuel,IM0,Imports,MKJIMP11,East Coast (PADD 1) Imports of Kerosene-Type Jet Fuel (Thousand Barrels),2593,MBBL
1995-10,R10-Z00,PADD 1,EPJK,Kerosene-Type Jet Fuel,IM0,Imports,MKJIMP12,East Coast (PADD 1) Imports of Kerosene-Type Jet Fuel (Thousand Barrels per Day),84,MBBL/D
1995-11,R10-Z00,PADD 1,EPJK,Kerosene-Type Jet Fuel,IM0,Imports,MKJIMP11,East Coast (PADD 1) Imports of Kerosene-Type Jet Fuel (Thousand Barrels),3361,MBBL
1995-11,R10-Z00,PADD 1,EPJK,Kerosene-Type Jet Fuel,IM0,Imports,MKJIMP12,East Coast (PADD 1) Imports of Kerosene-Type Jet Fuel (Thousand Barrels per Day),112,MBBL/D
1995-12,R10-Z00,PADD 1,EPJK,Kerosene-Type Jet Fuel,IM0,Imports,MKJIMP11,East Coast (PADD 1) Imports of Kerosene-Type Jet Fuel (Thousand Barrels),2553,MBBL
1995-12,R10-Z00,PADD 1,EPJK,Kerosene-Type Jet Fuel,IM0,Imports,MKJIMP12,East Coast (PADD 1) Imports of Kerosene-Type Jet Fuel (Thousand Barrels per Day),82,MBBL/D
1996-01,R10-Z00,PADD 1,EPJK,Kerosene-Type Jet Fuel,IM0,Imports,MKJIMP11,East Coast (PADD 1) Imports of Kerosene-Type Jet Fuel (Thousand Barrels),2445,MBBL
1996-01,R10-Z00,PADD 1,EPJK,Kerosene-Type Jet Fuel,IM0,Imports,MKJIMP12,East Coast (PADD 1) Imports of Kerosene-Type Jet Fuel (Thousand Barrels per Day),79,MBBL/D
1996-02,R10-Z00,PADD 1,EPJK,Kerosene-Type Jet Fuel,IM0,Imports,MKJIMP11,East Coast (PADD 1) Imports of Kerosene-Type Jet Fuel (Thousand Barrels),2611,MBBL
1996-02,R10-Z00,PADD 1,EPJK,Kerosene-Type Jet Fuel,IM0,Imports,MKJIMP12,East Coast (PADD 1) Imports of Kerosene-Type Jet Fuel (Thousand Barrels per Day),90,MBBL/D
1996-03,R10-Z00,PADD 1,EPJK,Kerosene-Type Jet Fuel,IM0,Imports,MKJIMP11,East Coast (PADD 1) Imports of Kerosene-Type Jet Fuel (Thousand Barrels),2796,MBBL
1996-03,R10-Z00,PADD 1,EPJK,Kerosene-Type Jet Fuel,IM0,Imports,MKJIMP12,East Coast (PADD 1) Imports of Kerosene-Type Jet Fuel (Thousand Barrels per Day),90,MBBL/D
1996-04,R10-Z00,PADD 1,EPJK,Kerosene-Type Jet Fuel,IM0,Imports,MKJIMP11,East Coast (PADD 1) Imports of Kerosene-Type Jet Fuel (Thousand Barrels),3338,MBBL
1996-04,R10-Z00,PADD 1,EPJK,Kerosene-Type Jet Fuel,IM0,Imports,MKJIMP12,East Coast (PADD 1) Imports of Kerosene-Type Jet Fuel (Thousand Barrels per Day),111,MBBL/D
1996-05,R10-Z00,PADD 1,EPJK,Kerosene-Type Jet Fuel,IM0,Imports,MKJIMP11,East Coast (PADD 1) Imports of Kerosene-Type Jet Fuel (Thousand Barrels),2777,MBBL
1996-05,R10-Z00,PADD 1,EPJK,Kerosene-Type Jet Fuel,IM0,Imports,MKJIMP12,East Coast (PADD 1) Imports of Kerosene-Type Jet Fuel (Thousand Barrels per Day),90,MBBL/D
1996-06,R10-Z00,PADD 1,EPJK,Kerosene-Type Jet Fuel,IM0,Imports,MKJIMP11,East Coast (PADD 1) Imports of Kerosene-Type Jet Fuel (Thousand Barrels),3427,MBBL
1996-06,R10-Z00,PADD 1,EPJK,Kerosene-Type Jet Fuel,IM0,Imports,MKJIMP12,East Coast (PADD 1) Imports of Kerosene-Type Jet Fuel (Thousand Barrels per Day),114,MBBL/D
1996-07,R10-Z00,PADD 1,EPJK,Kerosene-Type Jet Fuel,IM0,Imports,MKJIMP11,East Coast (PADD 1) Imports of Kerosene-Type Jet Fuel (Thousand Barrels),2648,MBBL
1996-07,R10-Z00,PADD 1,EPJK,Kerosene-Type Jet Fuel,IM0,Imports,MKJIMP12,East Coast (PADD 1) Imports of Kerosene-Type Jet Fuel (Thousand Barrels per Day),85,MBBL/D
1996-08,R10-Z00,PADD 1,EPJK,Kerosene-Type Jet Fuel,IM0,Imports,MKJIMP11,East Coast (PADD 1) Imports of Kerosene-Type Jet Fuel (Thousand Barrels),2832,MBBL
1996-08,R10-Z00,PADD 1,EPJK,Kerosene-Type Jet Fuel,IM0,Imports,MKJIMP12,East Coast (PADD 1) Imports of Kerosene-Type Jet Fuel (Thousand Barrels per Day),91,MBBL/D
1996-09,R10-Z00,PADD 1,EPJK,Kerosene-Type Jet Fuel,IM0,Imports,MKJIMP11,East Coast (PADD 1) Imports of Kerosene-Type Jet Fuel (Thousand Barrels),4017,MBBL
1996-09,R10-Z00,PADD 1,EPJK,Kerosene-Type Jet Fuel,IM0,Imports,MKJIMP12,East Coast (PADD 1) Imports of Kerosene-Type Jet Fuel (Thousand Barrels per Day),134,MBBL/D
1996-10,R10-Z00,PADD 1,EPJK,Kerosene-Type Jet Fuel,IM0,Imports,MKJIMP11,East Coast (PADD 1) Imports of Kerosene-Type Jet Fuel (Thousand Barrels),3764,MBBL
1996-10,R10-Z00,PADD 1,EPJK,Kerosene-Type Jet Fuel,IM0,Imports,MKJIMP12,East Coast (PADD 1) Imports of Kerosene-Type Jet Fuel (Thousand Barrels per Day),121,MBBL/D
1996-11,R10-Z00,PADD 1,EPJK,Kerosene-Type Jet Fuel,IM0,Imports,MKJIMP11,East Coast (PADD 1) Imports of Kerosene-Type Jet Fuel (Thousand Barrels),2594,MBBL
1996-11,R10-Z00,PADD 1,EPJK,Kerosene-Type Jet Fuel,IM0,Imports,MKJIMP12,East Coast (PADD 1) Imports of Kerosene-Type Jet Fuel (Thousand Barrels per Day),86,MBBL/D
1996-12,R10-Z00,PADD 1,EPJK,Kerosene-Type Jet Fuel,IM0,Imports,MKJIMP11,East Coast (PADD 1) Imports of Kerosene-Type Jet Fuel (Thousand Barrels),3288,MBBL
1996-12,R10-Z00,PADD 1,EPJK,Kerosene-Type Jet Fuel,IM0,Imports,MKJIMP12,East Coast (PADD 1) Imports of Kerosene-Type Jet Fuel (Thousand Barrels per Day),106,MBBL/D
1997-01,R10-Z00,PADD 1,EPJK,Kerosene-Type Jet Fuel,IM0,Imports,MKJIMP11,East Coast (PADD 1) Imports of Kerosene-Type Jet Fuel (Thousand Barrels),3086,MBBL
1997-01,R10-Z00,PADD 1,EPJK,Kerosene-Type Jet Fuel,IM0,Imports,MKJIMP12,East Coast (PADD 1) Imports of Kerosene-Type Jet Fuel (Thousand Barrels per Day),100,MBBL/D
1997-02,R10-Z00,PADD 1,EPJK,Kerosene-Type Jet Fuel,IM0,Imports,MKJIMP11,East Coast (PADD 1) Imports of Kerosene-Type Jet Fuel (Thousand Barrels),2599,MBBL
1997-02,R10-Z00,PADD 1,EPJK,Kerosene-Type Jet Fuel,IM0,Imports,MKJIMP12,East Coast (PADD 1) Imports of Kerosene-Type Jet Fuel (Thousand Barrels per Day),93,MBBL/D
1997-03,R10-Z00,PADD 1,EPJK,Kerosene-Type Jet Fuel,IM0,Imports,MKJIMP11,East Coast (PADD 1) Imports of Kerosene-Type Jet Fuel (Thousand Barrels),3273,MBBL
1997-03,R10-Z00,PADD 1,EPJK,Kerosene-Type Jet Fuel,IM0,Imports,MKJIMP12,East Coast (PADD 1) Imports of Kerosene-Type Jet Fuel (Thousand Barrels per Day),106,MBBL/D
1997-04,R10-Z00,PADD 1,EPJK,Kerosene-Type Jet Fuel,IM0,Imports,MKJIMP11,East Coast (PADD 1) Imports of Kerosene-Type Jet Fuel (Thousand Barrels),2793,MBBL
1997-04,R10-Z00,PADD 1,EPJK,Kerosene-Type Jet Fuel,IM0,Imports,MKJIMP12,East Coast (PADD 1) Imports of Kerosene-Type Jet Fuel (Thousand Barrels per Day),93,MBBL/D
1997-05,R10-Z00,PADD 1,EPJK,Kerosene-Type Jet Fuel,IM0,Imports,MKJIMP11,East Coast (PADD 1) Imports of Kerosene-Type Jet Fuel (Thousand Barrels),2760,MBBL
1997-05,R10-Z00,PADD 1,EPJK,Kerosene-Type Jet Fuel,IM0,Imports,MKJIMP12,East Coast (PADD 1) Imports of Kerosene-Type Jet Fuel (Thousand Barrels per Day),89,MBBL/D
1997-06,R10-Z00,PADD 1,EPJK,Kerosene-Type Jet Fuel,IM0,Imports,MKJIMP11,East Coast (PADD 1) Imports of Kerosene-Type Jet Fuel (Thousand Barrels),3220,MBBL
1997-06,R10-Z00,PADD 1,EPJK,Kerosene-Type Jet Fuel,IM0,Imports,MKJIMP12,East Coast (PADD 1) Imports of Kerosene-Type Jet Fuel (Thousand Barrels per Day),107,MBBL/D
1997-07,R10-Z00,PADD 1,EPJK,Kerosene-Type Jet Fuel,IM0,Imports,MKJIMP11,East Coast (PADD 1) Imports of Kerosene-Type Jet Fuel (Thousand Barrels),2541,MBBL
1997-07,R10-Z00,PADD 1,EPJK,Kerosene-Type Jet Fuel,IM0,Imports,MKJIMP12,East Coast (PADD 1) Imports of Kerosene-Type Jet Fuel (Thousand Barrels per Day),82,MBBL/D
1997-08,R10-Z00,PADD 1,EPJK,Kerosene-Type Jet Fuel,IM0,Imports,MKJIMP11,East Coast (PADD 1) Imports of Kerosene-Type Jet Fuel (Thousand Barrels),3024,MBBL
1997-08,R10-Z00,PADD 1,EPJK,Kerosene-Type Jet Fuel,IM0,Imports,MKJIMP12,East Coast (PADD 1) Imports of Kerosene-Type Jet Fuel (Thousand Barrels per Day),98,MBBL/D
1997-09,R10-Z00,PADD 1,EPJK,Kerosene-Type Jet Fuel,IM0,Imports,MKJIMP11,East Coast (PADD 1) Imports of Kerosene-Type Jet Fuel (Thousand Barrels),2168,MBBL
1997-09,R10-Z00,PADD 1,EPJK,Kerosene-Type Jet Fuel,IM0,Imports,MKJIMP12,East Coast (PADD 1) Imports of Kerosene-Type Jet Fuel (Thousand Barrels per Day),72,MBBL/D
1997-10,R10-Z00,PADD 1,EPJK,Kerosene-Type Jet Fuel,IM0,Imports,MKJIMP11,East Coast (PADD 1) Imports of Kerosene-Type Jet Fuel (Thousand Barrels),2262,MBBL
1997-10,R10-Z00,PADD 1,EPJK,Kerosene-Type Jet Fuel,IM0,Imports,MKJIMP12,East Coast (PADD 1) Imports of Kerosene-Type Jet Fuel (Thousand Barrels per Day),73,MBBL/D
1997-11,R10-Z00,PADD 1,EPJK,Kerosene-Type Jet Fuel,IM0,Imports,MKJIMP11,East Coast (PADD 1) Imports of Kerosene-Type Jet Fuel (Thousand Barrels),1438,MBBL
1997-11,R10-Z00,PADD 1,EPJK,Kerosene-Type Jet Fuel,IM0,Imports,MKJIMP12,East Coast (PADD 1) Imports of Kerosene-Type Jet Fuel (Thousand Barrels per Day),48,MBBL/D
1997-12,R10-Z00,PADD 1,EPJK,Kerosene-Type Jet Fuel,IM0,Imports,MKJIMP11,East Coast (PADD 1) Imports of Kerosene-Type Jet Fuel (Thousand Barrels),1713,MBBL
1997-12,R10-Z00,PADD 1,EPJK,Kerosene-Type Jet Fuel,IM0,Imports,MKJIMP12,East Coast (PADD 1) Imports of Kerosene-Type Jet Fuel (Thousand Barrels per Day),55,MBBL/D
1998-01,R10-Z00,PADD 1,EPJK,Kerosene-Type Jet Fuel,IM0,Imports,MKJIMP11,East Coast (PADD 1) Imports of Kerosene-Type Jet Fuel (Thousand Barrels),2159,MBBL
1998-01,R10-Z00,PADD 1,EPJK,Kerosene-Type Jet Fuel,IM0,Imports,MKJIMP12,East Coast (PADD 1) Imports of Kerosene-Type Jet Fuel (Thousand Barrels per Day),70,MBBL/D
1998-02,R10-Z00,PADD 1,EPJK,Kerosene-Type Jet Fuel,IM0,Imports,MKJIMP11,East Coast (PADD 1) Imports of Kerosene-Type Jet Fuel (Thousand Barrels),2472,MBBL
1998-02,R10-Z00,PADD 1,EPJK,Kerosene-Type Jet Fuel,IM0,Imports,MKJIMP12,East Coast (PADD 1) Imports of Kerosene-Type Jet Fuel (Thousand Barrels per Day),88,MBBL/D
1998-03,R10-Z00,PADD 1,EPJK,Kerosene-Type Jet Fuel,IM0,Imports,MKJIMP11,East Coast (PADD 1) Imports of Kerosene-Type Jet Fuel (Thousand Barrels),3029,MBBL
1998-03,R10-Z00,PADD 1,EPJK,Kerosene-Type Jet Fuel,IM0,Imports,MKJIMP12,East Coast (PADD 1) Imports of Kerosene-Type Jet Fuel (Thousand Barrels per Day),98,MBBL/D
1998-04,R10-Z00,PADD 1,EPJK,Kerosene-Type Jet Fuel,IM0,Imports,MKJIMP11,East Coast (PADD 1) Imports of Kerosene-Type Jet Fuel (Thousand Barrels),1779,MBBL
1998-04,R10-Z00,PADD 1,EPJK,Kerosene-Type Jet Fuel,IM0,Imports,MKJIMP12,East Coast (PADD 1) Imports of Kerosene-Type Jet Fuel (Thousand Barrels per Day),59,MBBL/D
1998-05,R10-Z00,PADD 1,EPJK,Kerosene-Type Jet Fuel,IM0,Imports,MKJIMP11,East Coast (PADD 1) Imports of Kerosene-Type Jet Fuel (Thousand Barrels),3130,MBBL
1998-05,R10-Z00,PADD 1,EPJK,Kerosene-Type Jet Fuel,IM0,Imports,MKJIMP12,East Coast (PADD 1) Imports of Kerosene-Type Jet Fuel (Thousand Barrels per Day),101,MBBL/D
1998-06,R10-Z00,PADD 1,EPJK,Kerosene-Type Jet Fuel,IM0,Imports,MKJIMP11,East Coast (PADD 1) Imports of Kerosene-Type Jet Fuel (Thousand Barrels),1958,MBBL
1998-06,R10-Z00,PADD 1,EPJK,Kerosene-Type Jet Fuel,IM0,Imports,MKJIMP12,East Coast (PADD 1) Imports of Kerosene-Type Jet Fuel (Thousand Barrels per Day),65,MBBL/D
1998-07,R10-Z00,PADD 1,EPJK,Kerosene-Type Jet Fuel,IM0,Imports,MKJIMP11,East Coast (PADD 1) Imports of Kerosene-Type Jet Fuel (Thousand Barrels),1667,MBBL
1998-07,R10-Z00,PADD 1,EPJK,Kerosene-Type Jet Fuel,IM0,Imports,MKJIMP12,East Coast (PADD 1) Imports of Kerosene-Type Jet Fuel (Thousand Barrels per Day),54,MBBL/D
1998-08,R10-Z00,PADD 1,EPJK,Kerosene-Type Jet Fuel,IM0,Imports,MKJIMP11,East Coast (PADD 1) Imports of Kerosene-Type Jet Fuel (Thousand Barrels),2124,MBBL
1998-08,R10-Z00,PADD 1,EPJK,Kerosene-Type Jet Fuel,IM0,Imports,MKJIMP12,East Coast (PADD 1) Imports of Kerosene-Type Jet Fuel (Thousand Barrels per Day),69,MBBL/D
1998-09,R10-Z00,PADD 1,EPJK,Kerosene-Type Jet Fuel,IM0,Imports,MKJIMP11,East Coast (PADD 1) Imports of Kerosene-Type Jet Fuel (Thousand Barrels),1557,MBBL
1998-09,R10-Z00,PADD 1,EPJK,Kerosene-Type Jet Fuel,IM0,Imports,MKJIMP12,East Coast (PADD 1) Imports of Kerosene-Type Jet Fuel (Thousand Barrels per Day),52,MBBL/D
1998-10,R10-Z00,PADD 1,EPJK,Kerosene-Type Jet Fuel,IM0,Imports,MKJIMP11,East Coast (PADD 1) Imports of Kerosene-Type Jet Fuel (Thousand Barrels),2673,MBBL
1998-10,R10-Z00,PADD 1,EPJK,Kerosene-Type Jet Fuel,IM0,Imports,MKJIMP12,East Coast (PADD 1) Imports of Kerosene-Type Jet Fuel (Thousand Barrels per Day),86,MBBL/D
1998-11,R10-Z00,PADD 1,EPJK,Kerosene-Type Jet Fuel,IM0,Imports,MKJIMP11,East Coast (PADD 1) Imports of Kerosene-Type Jet Fuel (Thousand Barrels),2818,MBBL
1998-11,R10-Z00,PADD 1,EPJK,Kerosene-Type Jet Fuel,IM0,Imports,MKJIMP12,East Coast (PADD 1) Imports of Kerosene-Type Jet Fuel (Thousand Barrels per Day),94,MBBL/D
1998-12,R10-Z00,PADD 1,EPJK,Kerosene-Type Jet Fuel,IM0,Imports,MKJIMP11,East Coast (PADD 1) Imports of Kerosene-Type Jet Fuel (Thousand Barrels),2743,MBBL
1998-12,R10-Z00,PADD 1,EPJK,Kerosene-Type Jet Fuel,IM0,Imports,MKJIMP12,East Coast (PADD 1) Imports of Kerosene-Type Jet Fuel (Thousand Barrels per Day),88,MBBL/D
1999-01,R10-Z00,PADD 1,EPJK,Kerosene-Type Jet Fuel,IM0,Imports,MKJIMP11,East Coast (PADD 1) Imports of Kerosene-Type Jet Fuel (Thousand Barrels),2357,MBBL
1999-01,R10-Z00,PADD 1,EPJK,Kerosene-Type Jet Fuel,IM0,Imports,MKJIMP12,East Coast (PADD 1) Imports of Kerosene-Type Jet Fuel (Thousand Barrels per Day),76,MBBL/D
1999-02,R10-Z00,PADD 1,EPJK,Kerosene-Type Jet Fuel,IM0,Imports,MKJIMP11,East Coast (PADD 1) Imports of Kerosene-Type Jet Fuel (Thousand Barrels),3314,MBBL
1999-02,R10-Z00,PADD 1,EPJK,Kerosene-Type Jet Fuel,IM0,Imports,MKJIMP12,East Coast (PADD 1) Imports of Kerosene-Type Jet Fuel (Thousand Barrels per Day),118,MBBL/D
1999-03,R10-Z00,PADD 1,EPJK,Kerosene-Type Jet Fuel,IM0,Imports,MKJIMP11,East Coast (PADD 1) Imports of Kerosene-Type Jet Fuel (Thousand Barrels),2013,MBBL
1999-03,R10-Z00,PADD 1,EPJK,Kerosene-Type Jet Fuel,IM0,Imports,MKJIMP12,East Coast (PADD 1) Imports of Kerosene-Type Jet Fuel (Thousand Barrels per Day),65,MBBL/D
1999-04,R10-Z00,PADD 1,EPJK,Kerosene-Type Jet Fuel,IM0,Imports,MKJIMP11,East Coast (PADD 1) Imports of Kerosene-Type Jet Fuel (Thousand Barrels),2034,MBBL
1999-04,R10-Z00,PADD 1,EPJK,Kerosene-Type Jet Fuel,IM0,Imports,MKJIMP12,East Coast (PADD 1) Imports of Kerosene-Type Jet Fuel (Thousand Barrels per Day),68,MBBL/D
1999-05,R10-Z00,PADD 1,EPJK,Kerosene-Type Jet Fuel,IM0,Imports,MKJIMP11,East Coast (PADD 1) Imports of Kerosene-Type Jet Fuel (Thousand Barrels),2053,MBBL
1999-05,R10-Z00,PADD 1,EPJK,Kerosene-Type Jet Fuel,IM0,Imports,MKJIMP12,East Coast (PADD 1) Imports of Kerosene-Type Jet Fuel (Thousand Barrels per Day),66,MBBL/D
1999-06,R10-Z00,PADD 1,EPJK,Kerosene-Type Jet Fuel,IM0,Imports,MKJIMP11,East Coast (PADD 1) Imports of Kerosene-Type Jet Fuel (Thousand Barrels),734,MBBL
1999-06,R10-Z00,PADD 1,EPJK,Kerosene-Type Jet Fuel,IM0,Imports,MKJIMP12,East Coast (PADD 1) Imports of Kerosene-Type Jet Fuel (Thousand Barrels per Day),24,MBBL/D
1999-07,R10-Z00,PADD 1,EPJK,Kerosene-Type Jet Fuel,IM0,Imports,MKJIMP11,East Coast (PADD 1) Imports of Kerosene-Type Jet Fuel (Thousand Barrels),1472,MBBL
1999-07,R10-Z00,PADD 1,EPJK,Kerosene-Type Jet Fuel,IM0,Imports,MKJIMP12,East Coast (PADD 1) Imports of Kerosene-Type Jet Fuel (Thousand Barrels per Day),47,MBBL/D
1999-08,R10-Z00,PADD 1,EPJK,Kerosene-Type Jet Fuel,IM0,Imports,MKJIMP11,East Coast (PADD 1) Imports of Kerosene-Type Jet Fuel (Thousand Barrels),1717,MBBL
1999-08,R10-Z00,PADD 1,EPJK,Kerosene-Type Jet Fuel,IM0,Imports,MKJIMP12,East Coast (PADD 1) Imports of Kerosene-Type Jet Fuel (Thousand Barrels per Day),55,MBBL/D
1999-09,R10-Z00,PADD 1,EPJK,Kerosene-Type Jet Fuel,IM0,Imports,MKJIMP11,East Coast (PADD 1) Imports of Kerosene-Type Jet Fuel (Thousand Barrels),1714,MBBL
1999-09,R10-Z00,PADD 1,EPJK,Kerosene-Type Jet Fuel,IM0,Imports,MKJIMP12,East Coast (PADD 1) Imports of Kerosene-Type Jet Fuel (Thousand Barrels per Day),57,MBBL/D
1999-10,R10-Z00,PADD 1,EPJK,Kerosene-Type Jet Fuel,IM0,Imports,MKJIMP11,East Coast (PADD 1) Imports of Kerosene-Type Jet Fuel (Thousand Barrels),2256,MBBL
1999-10,R10-Z00,PADD 1,EPJK,Kerosene-Type Jet Fuel,IM0,Imports,MKJIMP12,East Coast (PADD 1) Imports of Kerosene-Type Jet Fuel (Thousand Barrels per Day),73,MBBL/D
1999-11,R10-Z00,PADD 1,EPJK,Kerosene-Type Jet Fuel,IM0,Imports,MKJIMP11,East Coast (PADD 1) Imports of Kerosene-Type Jet Fuel (Thousand Barrels),689,MBBL
1999-11,R10-Z00,PADD 1,EPJK,Kerosene-Type Jet Fuel,IM0,Imports,MKJIMP12,East Coast (PADD 1) Imports of Kerosene-Type Jet Fuel (Thousand Barrels per Day),23,MBBL/D
1999-12,R10-Z00,PADD 1,EPJK,Kerosene-Type Jet Fuel,IM0,Imports,MKJIMP11,East Coast (PADD 1) Imports of Kerosene-Type Jet Fuel (Thousand Barrels),1860,MBBL
1999-12,R10-Z00,PADD 1,EPJK,Kerosene-Type Jet Fuel,IM0,Imports,MKJIMP12,East Coast (PADD 1) Imports of Kerosene-Type Jet Fuel (Thousand Barrels per Day),60,MBBL/D
2000-01,R10-Z00,PADD 1,EPJK,Kerosene-Type Jet Fuel,IM0,Imports,MKJIMP11,East Coast (PADD 1) Imports of Kerosene-Type Jet Fuel (Thousand Barrels),2082,MBBL
2000-01,R10-Z00,PADD 1,EPJK,Kerosene-Type Jet Fuel,IM0,Imports,MKJIMP12,East Coast (PADD 1) Imports of Kerosene-Type Jet Fuel (Thousand Barrels per Day),67,MBBL/D
2000-02,R10-Z00,PADD 1,EPJK,Kerosene-Type Jet Fuel,IM0,Imports,MKJIMP11,East Coast (PADD 1) Imports of Kerosene-Type Jet Fuel (Thousand Barrels),3373,MBBL
2000-02,R10-Z00,PADD 1,EPJK,Kerosene-Type Jet Fuel,IM0,Imports,MKJIMP12,East Coast (PADD 1) Imports of Kerosene-Type Jet Fuel (Thousand Barrels per Day),116,MBBL/D
2000-03,R10-Z00,PADD 1,EPJK,Kerosene-Type Jet Fuel,IM0,Imports,MKJIMP11,East Coast (PADD 1) Imports of Kerosene-Type Jet Fuel (Thousand Barrels),1543,MBBL
2000-03,R10-Z00,PADD 1,EPJK,Kerosene-Type Jet Fuel,IM0,Imports,MKJIMP12,East Coast (PADD 1) Imports of Kerosene-Type Jet Fuel (Thousand Barrels per Day),50,MBBL/D
2000-04,R10-Z00,PADD 1,EPJK,Kerosene-Type Jet Fuel,IM0,Imports,MKJIMP11,East Coast (PADD 1) Imports of Kerosene-Type Jet Fuel (Thousand Barrels),1623,MBBL
2000-04,R10-Z00,PADD 1,EPJK,Kerosene-Type Jet Fuel,IM0,Imports,MKJIMP12,East Coast (PADD 1) Imports of Kerosene-Type Jet Fuel (Thousand Barrels per Day),54,MBBL/D
2000-05,R10-Z00,PADD 1,EPJK,Kerosene-Type Jet Fuel,IM0,Imports,MKJIMP11,East Coast (PADD 1) Imports of Kerosene-Type Jet Fuel (Thousand Barrels),2088,MBBL
2000-05,R10-Z00,PADD 1,EPJK,Kerosene-Type Jet Fuel,IM0,Imports,MKJIMP12,East Coast (PADD 1) Imports of Kerosene-Type Jet Fuel (Thousand Barrels per Day),67,MBBL/D
2000-06,R10-Z00,PADD 1,EPJK,Kerosene-Type Jet Fuel,IM0,Imports,MKJIMP11,East Coast (PADD 1) Imports of Kerosene-Type Jet Fuel (Thousand Barrels),2124,MBBL
2000-06,R10-Z00,PADD 1,EPJK,Kerosene-Type Jet Fuel,IM0,Imports,MKJIMP12,East Coast (PADD 1) Imports of Kerosene-Type Jet Fuel (Thousand Barrels per Day),71,MBBL/D
2000-07,R10-Z00,PADD 1,EPJK,Kerosene-Type Jet Fuel,IM0,Imports,MKJIMP11,East Coast (PADD 1) Imports of Kerosene-Type Jet Fuel (Thousand Barrels),918,MBBL
2000-07,R10-Z00,PADD 1,EPJK,Kerosene-Type Jet Fuel,IM0,Imports,MKJIMP12,East Coast (PADD 1) Imports of Kerosene-Type Jet Fuel (Thousand Barrels per Day),30,MBBL/D
2000-08,R10-Z00,PADD 1,EPJK,Kerosene-Type Jet Fuel,IM0,Imports,MKJIMP11,East Coast (PADD 1) Imports of Kerosene-Type Jet Fuel (Thousand Barrels),1521,MBBL
2000-08,R10-Z00,PADD 1,EPJK,Kerosene-Type Jet Fuel,IM0,Imports,MKJIMP12,East Coast (PADD 1) Imports of Kerosene-Type Jet Fuel (Thousand Barrels per Day),49,MBBL/D
2000-09,R10-Z00,PADD 1,EPJK,Kerosene-Type Jet Fuel,IM0,Imports,MKJIMP11,East Coast (PADD 1) Imports of Kerosene-Type Jet Fuel (Thousand Barrels),1409,MBBL
2000-09,R10-Z00,PADD 1,EPJK,Kerosene-Type Jet Fuel,IM0,Imports,MKJIMP12,East Coast (PADD 1) Imports of Kerosene-Type Jet Fuel (Thousand Barrels per Day),47,MBBL/D
2000-10,R10-Z00,PADD 1,EPJK,Kerosene-Type Jet Fuel,IM0,Imports,MKJIMP11,East Coast (PADD 1) Imports of Kerosene-Type Jet Fuel (Thousand Barrels),1124,MBBL
2000-10,R10-Z00,PADD 1,EPJK,Kerosene-Type Jet Fuel,IM0,Imports,MKJIMP12,East Coast (PADD 1) Imports of Kerosene-Type Jet Fuel (Thousand Barrels per Day),36,MBBL/D
2000-11,R10-Z00,PADD 1,EPJK,Kerosene-Type Jet Fuel,IM0,Imports,MKJIMP11,East Coast (PADD 1) Imports of Kerosene-Type Jet Fuel (Thousand Barrels),1655,MBBL
2000-11,R10-Z00,PADD 1,EPJK,Kerosene-Type Jet Fuel,IM0,Imports,MKJIMP12,East Coast (PADD 1) Imports of Kerosene-Type Jet Fuel (Thousand Barrels per Day),55,MBBL/D
2000-12,R10-Z00,PADD 1,EPJK,Kerosene-Type Jet Fuel,IM0,Imports,MKJIMP11,East Coast (PADD 1) Imports of Kerosene-Type Jet Fuel (Thousand Barrels),2953,MBBL
2000-12,R10-Z00,PADD 1,EPJK,Kerosene-Type Jet Fuel,IM0,Imports,MKJIMP12,East Coast (PADD 1) Imports of Kerosene-Type Jet Fuel (Thousand Barrels per Day),95,MBBL/D
2001-01,R10-Z00,PADD 1,EPJK,Kerosene-Type Jet Fuel,IM0,Imports,MKJIMP11,East Coast (PADD 1) Imports of Kerosene-Type Jet Fuel (Thousand Barrels),4203,MBBL
2001-01,R10-Z00,PADD 1,EPJK,Kerosene-Type Jet Fuel,IM0,Imports,MKJIMP12,East Coast (PADD 1) Imports of Kerosene-Type Jet Fuel (Thousand Barrels per Day),136,MBBL/D
2001-02,R10-Z00,PADD 1,EPJK,Kerosene-Type Jet Fuel,IM0,Imports,MKJIMP11,East Coast (PADD 1) Imports of Kerosene-Type Jet Fuel (Thousand Barrels),3885,MBBL
2001-02,R10-Z00,PADD 1,EPJK,Kerosene-Type Jet Fuel,IM0,Imports,MKJIMP12,East Coast (PADD 1) Imports of Kerosene-Type Jet Fuel (Thousand Barrels per Day),139,MBBL/D
2001-03,R10-Z00,PADD 1,EPJK,Kerosene-Type Jet Fuel,IM0,Imports,MKJIMP11,East Coast (PADD 1) Imports of Kerosene-Type Jet Fuel (Thousand Barrels),2187,MBBL
2001-03,R10-Z00,PADD 1,EPJK,Kerosene-Type Jet Fuel,IM0,Imports,MKJIMP12,East Coast (PADD 1) Imports of Kerosene-Type Jet Fuel (Thousand Barrels per Day),71,MBBL/D
2001-04,R10-Z00,PADD 1,EPJK,Kerosene-Type Jet Fuel,IM0,Imports,MKJIMP11,East Coast (PADD 1) Imports of Kerosene-Type Jet Fuel (Thousand Barrels),2543,MBBL
2001-04,R10-Z00,PADD 1,EPJK,Kerosene-Type Jet Fuel,IM0,Imports,MKJIMP12,East Coast (PADD 1) Imports of Kerosene-Type Jet Fuel (Thousand Barrels per Day),85,MBBL/D
2001-05,R10-Z00,PADD 1,EPJK,Kerosene-Type Jet Fuel,IM0,Imports,MKJIMP11,East Coast (PADD 1) Imports of Kerosene-Type Jet Fuel (Thousand Barrels),2229,MBBL
2001-05,R10-Z00,PADD 1,EPJK,Kerosene-Type Jet Fuel,IM0,Imports,MKJIMP12,East Coast (PADD 1) Imports of Kerosene-Type Jet Fuel (Thousand Barrels per Day),72,MBBL/D
2001-06,R10-Z00,PADD 1,EPJK,Kerosene-Type Jet Fuel,IM0,Imports,MKJIMP11,East Coast (PADD 1) Imports of Kerosene-Type Jet Fuel (Thousand Barrels),1897,MBBL
2001-06,R10-Z00,PADD 1,EPJK,Kerosene-Type Jet Fuel,IM0,Imports,MKJIMP12,East Coast (PADD 1) Imports of Kerosene-Type Jet Fuel (Thousand Barrels per Day),63,MBBL/D
2001-07,R10-Z00,PADD 1,EPJK,Kerosene-Type Jet Fuel,IM0,Imports,MKJIMP11,East Coast (PADD 1) Imports of Kerosene-Type Jet Fuel (Thousand Barrels),1718,MBBL
2001-07,R10-Z00,PADD 1,EPJK,Kerosene-Type Jet Fuel,IM0,Imports,MKJIMP12,East Coast (PADD 1) Imports of Kerosene-Type Jet Fuel (Thousand Barrels per Day),55,MBBL/D
2001-08,R10-Z00,PADD 1,EPJK,Kerosene-Type Jet Fuel,IM0,Imports,MKJIMP11,East Coast (PADD 1) Imports of Kerosene-Type Jet Fuel (Thousand Barrels),1797,MBBL
2001-08,R10-Z00,PADD 1,EPJK,Kerosene-Type Jet Fuel,IM0,Imports,MKJIMP12,East Coast (PADD 1) Imports of Kerosene-Type Jet Fuel (Thousand Barrels per Day),58,MBBL/D
2001-09,R10-Z00,PADD 1,EPJK,Kerosene-Type Jet Fuel,IM0,Imports,MKJIMP11,East Coast (PADD 1) Imports of Kerosene-Type Jet Fuel (Thousand Barrels),1989,MBBL
2001-09,R10-Z00,PADD 1,EPJK,Kerosene-Type Jet Fuel,IM0,Imports,MKJIMP12,East Coast (PADD 1) Imports of Kerosene-Type Jet Fuel (Thousand Barrels per Day),66,MBBL/D
2001-10,R10-Z00,PADD 1,EPJK,Kerosene-Type Jet Fuel,IM0,Imports,MKJIMP11,East Coast (PADD 1) Imports of Kerosene-Type Jet Fuel (Thousand Barrels),711,MBBL
2001-10,R10-Z00,PADD 1,EPJK,Kerosene-Type Jet Fuel,IM0,Imports,MKJIMP12,East Coast (PADD 1) Imports of Kerosene-Type Jet Fuel (Thousand Barrels per Day),23,MBBL/D
2001-11,R10-Z00,PADD 1,EPJK,Kerosene-Type Jet Fuel,IM0,Imports,MKJIMP11,East Coast (PADD 1) Imports of Kerosene-Type Jet Fuel (Thousand Barrels),1693,MBBL
2001-11,R10-Z00,PADD 1,EPJK,Kerosene-Type Jet Fuel,IM0,Imports,MKJIMP12,East Coast (PADD 1) Imports of Kerosene-Type Jet Fuel (Thousand Barrels per Day),56,MBBL/D
2001-12,R10-Z00,PADD 1,EPJK,Kerosene-Type Jet Fuel,IM0,Imports,MKJIMP11,East Coast (PADD 1) Imports of Kerosene-Type Jet Fuel (Thousand Barrels),1203,MBBL
2001-12,R10-Z00,PADD 1,EPJK,Kerosene-Type Jet Fuel,IM0,Imports,MKJIMP12,East Coast (PADD 1) Imports of Kerosene-Type Jet Fuel (Thousand Barrels per Day),39,MBBL/D
2002-01,R10-Z00,PADD 1,EPJK,Kerosene-Type Jet Fuel,IM0,Imports,MKJIMP11,East Coast (PADD 1) Imports of Kerosene-Type Jet Fuel (Thousand Barrels),1642,MBBL
2002-01,R10-Z00,PADD 1,EPJK,Kerosene-Type Jet Fuel,IM0,Imports,MKJIMP12,East Coast (PADD 1) Imports of Kerosene-Type Jet Fuel (Thousand Barrels per Day),53,MBBL/D
2002-02,R10-Z00,PADD 1,EPJK,Kerosene-Type Jet Fuel,IM0,Imports,MKJIMP11,East Coast (PADD 1) Imports of Kerosene-Type Jet Fuel (Thousand Barrels),1472,MBBL
2002-02,R10-Z00,PADD 1,EPJK,Kerosene-Type Jet Fuel,IM0,Imports,MKJIMP12,East Coast (PADD 1) Imports of Kerosene-Type Jet Fuel (Thousand Barrels per Day),53,MBBL/D
2002-03,R10-Z00,PADD 1,EPJK,Kerosene-Type Jet Fuel,IM0,Imports,MKJIMP11,East Coast (PADD 1) Imports of Kerosene-Type Jet Fuel (Thousand Barrels),1788,MBBL
2002-03,R10-Z00,PADD 1,EPJK,Kerosene-Type Jet Fuel,IM0,Imports,MKJIMP12,East Coast (PADD 1) Imports of Kerosene-Type Jet Fuel (Thousand Barrels per Day),58,MBBL/D
2002-04,R10-Z00,PADD 1,EPJK,Kerosene-Type Jet Fuel,IM0,Imports,MKJIMP11,East Coast (PADD 1) Imports of Kerosene-Type Jet Fuel (Thousand Barrels),1263,MBBL
2002-04,R10-Z00,PADD 1,EPJK,Kerosene-Type Jet Fuel,IM0,Imports,MKJIMP12,East Coast (PADD 1) Imports of Kerosene-Type Jet Fuel (Thousand Barrels per Day),42,MBBL/D
2002-05,R10-Z00,PADD 1,EPJK,Kerosene-Type Jet Fuel,IM0,Imports,MKJIMP11,East Coast (PADD 1) Imports of Kerosene-Type Jet Fuel (Thousand Barrels),798,MBBL
2002-05,R10-Z00,PADD 1,EPJK,Kerosene-Type Jet Fuel,IM0,Imports,MKJIMP12,East Coast (PADD 1) Imports of Kerosene-Type Jet Fuel (Thousand Barrels per Day),26,MBBL/D
2002-06,R10-Z00,PADD 1,EPJK,Kerosene-Type Jet Fuel,IM0,Imports,MKJIMP11,East Coast (PADD 1) Imports of Kerosene-Type Jet Fuel (Thousand Barrels),1211,MBBL
2002-06,R10-Z00,PADD 1,EPJK,Kerosene-Type Jet Fuel,IM0,Imports,MKJIMP12,East Coast (PADD 1) Imports of Kerosene-Type Jet Fuel (Thousand Barrels per Day),40,MBBL/D
2002-07,R10-Z00,PADD 1,EPJK,Kerosene-Type Jet Fuel,IM0,Imports,MKJIMP11,East Coast (PADD 1) Imports of Kerosene-Type Jet Fuel (Thousand Barrels),966,MBBL
2002-07,R10-Z00,PADD 1,EPJK,Kerosene-Type Jet Fuel,IM0,Imports,MKJIMP12,East Coast (PADD 1) Imports of Kerosene-Type Jet Fuel (Thousand Barrels per Day),31,MBBL/D
2002-08,R10-Z00,PADD 1,EPJK,Kerosene-Type Jet Fuel,IM0,Imports,MKJIMP11,East Coast (PADD 1) Imports of Kerosene-Type Jet Fuel (Thousand Barrels),1135,MBBL
2002-08,R10-Z00,PADD 1,EPJK,Kerosene-Type Jet Fuel,IM0,Imports,MKJIMP12,East Coast (PADD 1) Imports of Kerosene-Type Jet Fuel (Thousand Barrels per Day),37,MBBL/D
2002-09,R10-Z00,PADD 1,EPJK,Kerosene-Type Jet Fuel,IM0,Imports,MKJIMP11,East Coast (PADD 1) Imports of Kerosene-Type Jet Fuel (Thousand Barrels),1070,MBBL
2002-09,R10-Z00,PADD 1,EPJK,Kerosene-Type Jet Fuel,IM0,Imports,MKJIMP12,East Coast (PADD 1) Imports of Kerosene-Type Jet Fuel (Thousand Barrels per Day),36,MBBL/D
2002-10,R10-Z00,PADD 1,EPJK,Kerosene-Type Jet Fuel,IM0,Imports,MKJIMP11,East Coast (PADD 1) Imports of Kerosene-Type Jet Fuel (Thousand Barrels),2555,MBBL
2002-10,R10-Z00,PADD 1,EPJK,Kerosene-Type Jet Fuel,IM0,Imports,MKJIMP12,East Coast (PADD 1) Imports of Kerosene-Type Jet Fuel (Thousand Barrels per Day),82,MBBL/D
2002-11,R10-Z00,PADD 1,EPJK,Kerosene-Type Jet Fuel,IM0,Imports,MKJIMP11,East Coast (PADD 1) Imports of Kerosene-Type Jet Fuel (Thousand Barrels),1699,MBBL
2002-11,R10-Z00,PADD 1,EPJK,Kerosene-Type Jet Fuel,IM0,Imports,MKJIMP12,East Coast (PADD 1) Imports of Kerosene-Type Jet Fuel (Thousand Barrels per Day),57,MBBL/D
2002-12,R10-Z00,PADD 1,EPJK,Kerosene-Type Jet Fuel,IM0,Imports,MKJIMP11,East Coast (PADD 1) Imports of Kerosene-Type Jet Fuel (Thousand Barrels),1525,MBBL
2002-12,R10-Z00,PADD 1,EPJK,Kerosene-Type Jet Fuel,IM0,Imports,MKJIMP12,East Coast (PADD 1) Imports of Kerosene-Type Jet Fuel (Thousand Barrels per Day),49,MBBL/D
2003-01,R10-Z00,PADD 1,EPJK,Kerosene-Type Jet Fuel,IM0,Imports,MKJIMP11,East Coast (PADD 1) Imports of Kerosene-Type Jet Fuel (Thousand Barrels),1685,MBBL
2003-01,R10-Z00,PADD 1,EPJK,Kerosene-Type Jet Fuel,IM0,Imports,MKJIMP12,East Coast (PADD 1) Imports of Kerosene-Type Jet Fuel (Thousand Barrels per Day),54,MBBL/D
2003-02,R10-Z00,PADD 1,EPJK,Kerosene-Type Jet Fuel,IM0,Imports,MKJIMP11,East Coast (PADD 1) Imports of Kerosene-Type Jet Fuel (Thousand Barrels),2029,MBBL
2003-02,R10-Z00,PADD 1,EPJK,Kerosene-Type Jet Fuel,IM0,Imports,MKJIMP12,East Coast (PADD 1) Imports of Kerosene-Type Jet Fuel (Thousand Barrels per Day),72,MBBL/D
2003-03,R10-Z00,PADD 1,EPJK,Kerosene-Type Jet Fuel,IM0,Imports,MKJIMP11,East Coast (PADD 1) Imports of Kerosene-Type Jet Fuel (Thousand Barrels),2776,MBBL
2003-03,R10-Z00,PADD 1,EPJK,Kerosene-Type Jet Fuel,IM0,Imports,MKJIMP12,East Coast (PADD 1) Imports of Kerosene-Type Jet Fuel (Thousand Barrels per Day),90,MBBL/D
2003-04,R10-Z00,PADD 1,EPJK,Kerosene-Type Jet Fuel,IM0,Imports,MKJIMP11,East Coast (PADD 1) Imports of Kerosene-Type Jet Fuel (Thousand Barrels),1483,MBBL
2003-04,R10-Z00,PADD 1,EPJK,Kerosene-Type Jet Fuel,IM0,Imports,MKJIMP12,East Coast (PADD 1) Imports of Kerosene-Type Jet Fuel (Thousand Barrels per Day),49,MBBL/D
2003-05,R10-Z00,PADD 1,EPJK,Kerosene-Type Jet Fuel,IM0,Imports,MKJIMP11,East Coast (PADD 1) Imports of Kerosene-Type Jet Fuel (Thousand Barrels),2730,MBBL
2003-05,R10-Z00,PADD 1,EPJK,Kerosene-Type Jet Fuel,IM0,Imports,MKJIMP12,East Coast (PADD 1) Imports of Kerosene-Type Jet Fuel (Thousand Barrels per Day),88,MBBL/D
2003-06,R10-Z00,PADD 1,EPJK,Kerosene-Type Jet Fuel,IM0,Imports,MKJIMP11,East Coast (PADD 1) Imports of Kerosene-Type Jet Fuel (Thousand Barrels),2366,MBBL
2003-06,R10-Z00,PADD 1,EPJK,Kerosene-Type Jet Fuel,IM0,Imports,MKJIMP12,East Coast (PADD 1) Imports of Kerosene-Type Jet Fuel (Thousand Barrels per Day),79,MBBL/D
2003-07,R10-Z00,PADD 1,EPJK,Kerosene-Type Jet Fuel,IM0,Imports,MKJIMP11,East Coast (PADD 1) Imports of Kerosene-Type Jet Fuel (Thousand Barrels),2483,MBBL
2003-07,R10-Z00,PADD 1,EPJK,Kerosene-Type Jet Fuel,IM0,Imports,MKJIMP12,East Coast (PADD 1) Imports of Kerosene-Type Jet Fuel (Thousand Barrels per Day),80,MBBL/D
2003-08,R10-Z00,PADD 1,EPJK,Kerosene-Type Jet Fuel,IM0,Imports,MKJIMP11,East Coast (PADD 1) Imports of Kerosene-Type Jet Fuel (Thousand Barrels),2296,MBBL
2003-08,R10-Z00,PADD 1,EPJK,Kerosene-Type Jet Fuel,IM0,Imports,MKJIMP12,East Coast (PADD 1) Imports of Kerosene-Type Jet Fuel (Thousand Barrels per Day),74,MBBL/D
2003-09,R10-Z00,PADD 1,EPJK,Kerosene-Type Jet Fuel,IM0,Imports,MKJIMP11,East Coast (PADD 1) Imports of Kerosene-Type Jet Fuel (Thousand Barrels),1576,MBBL
2003-09,R10-Z00,PADD 1,EPJK,Kerosene-Type Jet Fuel,IM0,Imports,MKJIMP12,East Coast (PADD 1) Imports of Kerosene-Type Jet Fuel (Thousand Barrels per Day),53,MBBL/D
2003-10,R10-Z00,PADD 1,EPJK,Kerosene-Type Jet Fuel,IM0,Imports,MKJIMP11,East Coast (PADD 1) Imports of Kerosene-Type Jet Fuel (Thousand Barrels),1819,MBBL
2003-10,R10-Z00,PADD 1,EPJK,Kerosene-Type Jet Fuel,IM0,Imports,MKJIMP12,East Coast (PADD 1) Imports of Kerosene-Type Jet Fuel (Thousand Barrels per Day),59,MBBL/D
2003-11,R10-Z00,PADD 1,EPJK,Kerosene-Type Jet Fuel,IM0,Imports,MKJIMP11,East Coast (PADD 1) Imports of Kerosene-Type Jet Fuel (Thousand Barrels),1008,MBBL
2003-11,R10-Z00,PADD 1,EPJK,Kerosene-Type Jet Fuel,IM0,Imports,MKJIMP12,East Coast (PADD 1) Imports of Kerosene-Type Jet Fuel (Thousand Barrels per Day),34,MBBL/D
2003-12,R10-Z00,PADD 1,EPJK,Kerosene-Type Jet Fuel,IM0,Imports,MKJIMP11,East Coast (PADD 1) Imports of Kerosene-Type Jet Fuel (Thousand Barrels),1668,MBBL
2003-12,R10-Z00,PADD 1,EPJK,Kerosene-Type Jet Fuel,IM0,Imports,MKJIMP12,East Coast (PADD 1) Imports of Kerosene-Type Jet Fuel (Thousand Barrels per Day),54,MBBL/D
2004-01,R10-Z00,PADD 1,EPJK,Kerosene-Type Jet Fuel,IM0,Imports,MKJIMP11,East Coast (PADD 1) Imports of Kerosene-Type Jet Fuel (Thousand Barrels),1670,MBBL
2004-01,R10-Z00,PADD 1,EPJK,Kerosene-Type Jet Fuel,IM0,Imports,MKJIMP12,East Coast (PADD 1) Imports of Kerosene-Type Jet Fuel (Thousand Barrels per Day),54,MBBL/D
2004-02,R10-Z00,PADD 1,EPJK,Kerosene-Type Jet Fuel,IM0,Imports,MKJIMP11,East Coast (PADD 1) Imports of Kerosene-Type Jet Fuel (Thousand Barrels),1657,MBBL
2004-02,R10-Z00,PADD 1,EPJK,Kerosene-Type Jet Fuel,IM0,Imports,MKJIMP12,East Coast (PADD 1) Imports of Kerosene-Type Jet Fuel (Thousand Barrels per Day),57,MBBL/D
2004-03,R10-Z00,PADD 1,EPJK,Kerosene-Type Jet Fuel,IM0,Imports,MKJIMP11,East Coast (PADD 1) Imports of Kerosene-Type Jet Fuel (Thousand Barrels),1125,MBBL
2004-03,R10-Z00,PADD 1,EPJK,Kerosene-Type Jet Fuel,IM0,Imports,MKJIMP12,East Coast (PADD 1) Imports of Kerosene-Type Jet Fuel (Thousand Barrels per Day),36,MBBL/D
2004-04,R10-Z00,PADD 1,EPJK,Kerosene-Type Jet Fuel,IM0,Imports,MKJIMP11,East Coast (PADD 1) Imports of Kerosene-Type Jet Fuel (Thousand Barrels),1122,MBBL
2004-04,R10-Z00,PADD 1,EPJK,Kerosene-Type Jet Fuel,IM0,Imports,MKJIMP12,East Coast (PADD 1) Imports of Kerosene-Type Jet Fuel (Thousand Barrels per Day),37,MBBL/D
2004-05,R10-Z00,PADD 1,EPJK,Kerosene-Type Jet Fuel,IM0,Imports,MKJIMP11,East Coast (PADD 1) Imports of Kerosene-Type Jet Fuel (Thousand Barrels),1156,MBBL
2004-05,R10-Z00,PADD 1,EPJK,Kerosene-Type Jet Fuel,IM0,Imports,MKJIMP12,East Coast (PADD 1) Imports of Kerosene-Type Jet Fuel (Thousand Barrels per Day),37,MBBL/D
2004-06,R10-Z00,PADD 1,EPJK,Kerosene-Type Jet Fuel,IM0,Imports,MKJIMP11,East Coast (PADD 1) Imports of Kerosene-Type Jet Fuel (Thousand Barrels),2004,MBBL
2004-06,R10-Z00,PADD 1,EPJK,Kerosene-Type Jet Fuel,IM0,Imports,MKJIMP12,East Coast (PADD 1) Imports of Kerosene-Type Jet Fuel (Thousand Barrels per Day),67,MBBL/D
2004-07,R10-Z00,PADD 1,EPJK,Kerosene-Type Jet Fuel,IM0,Imports,MKJIMP11,East Coast (PADD 1) Imports of Kerosene-Type Jet Fuel (Thousand Barrels),1401,MBBL
2004-07,R10-Z00,PADD 1,EPJK,Kerosene-Type Jet Fuel,IM0,Imports,MKJIMP12,East Coast (PADD 1) Imports of Kerosene-Type Jet Fuel (Thousand Barrels per Day),45,MBBL/D
2004-08,R10-Z00,PADD 1,EPJK,Kerosene-Type Jet Fuel,IM0,Imports,MKJIMP11,East Coast (PADD 1) Imports of Kerosene-Type Jet Fuel (Thousand Barrels),680,MBBL
2004-08,R10-Z00,PADD 1,EPJK,Kerosene-Type Jet Fuel,IM0,Imports,MKJIMP12,East Coast (PADD 1) Imports of Kerosene-Type Jet Fuel (Thousand Barrels per Day),22,MBBL/D
2004-09,R10-Z00,PADD 1,EPJK,Kerosene-Type Jet Fuel,IM0,Imports,MKJIMP11,East Coast (PADD 1) Imports of Kerosene-Type Jet Fuel (Thousand Barrels),982,MBBL
2004-09,R10-Z00,PADD 1,EPJK,Kerosene-Type Jet Fuel,IM0,Imports,MKJIMP12,East Coast (PADD 1) Imports of Kerosene-Type Jet Fuel (Thousand Barrels per Day),33,MBBL/D
2004-10,R10-Z00,PADD 1,EPJK,Kerosene-Type Jet Fuel,IM0,Imports,MKJIMP11,East Coast (PADD 1) Imports of Kerosene-Type Jet Fuel (Thousand Barrels),2096,MBBL
2004-10,R10-Z00,PADD 1,EPJK,Kerosene-Type Jet Fuel,IM0,Imports,MKJIMP12,East Coast (PADD 1) Imports of Kerosene-Type Jet Fuel (Thousand Barrels per Day),68,MBBL/D
2004-11,R10-Z00,PADD 1,EPJK,Kerosene-Type Jet Fuel,IM0,Imports,MKJIMP11,East Coast (PADD 1) Imports of Kerosene-Type Jet Fuel (Thousand Barrels),1930,MBBL
2004-11,R10-Z00,PADD 1,EPJK,Kerosene-Type Jet Fuel,IM0,Imports,MKJIMP12,East Coast (PADD 1) Imports of Kerosene-Type Jet Fuel (Thousand Barrels per Day),64,MBBL/D
2004-12,R10-Z00,PADD 1,EPJK,Kerosene-Type Jet Fuel,IM0,Imports,MKJIMP11,East Coast (PADD 1) Imports of Kerosene-Type Jet Fuel (Thousand Barrels),2029,MBBL
2004-12,R10-Z00,PADD 1,EPJK,Kerosene-Type Jet Fuel,IM0,Imports,MKJIMP12,East Coast (PADD 1) Imports of Kerosene-Type Jet Fuel (Thousand Barrels per Day),65,MBBL/D
2005-01,R10-Z00,PADD 1,EPJK,Kerosene-Type Jet Fuel,IM0,Imports,MKJIMP11,East Coast (PADD 1) Imports of Kerosene-Type Jet Fuel (Thousand Barrels),1860,MBBL
2005-01,R10-Z00,PADD 1,EPJK,Kerosene-Type Jet Fuel,IM0,Imports,MKJIMP12,East Coast (PADD 1) Imports of Kerosene-Type Jet Fuel (Thousand Barrels per Day),60,MBBL/D
2005-02,R10-Z00,PADD 1,EPJK,Kerosene-Type Jet Fuel,IM0,Imports,MKJIMP11,East Coast (PADD 1) Imports of Kerosene-Type Jet Fuel (Thousand Barrels),3050,MBBL
2005-02,R10-Z00,PADD 1,EPJK,Kerosene-Type Jet Fuel,IM0,Imports,MKJIMP12,East Coast (PADD 1) Imports of Kerosene-Type Jet Fuel (Thousand Barrels per Day),109,MBBL/D
2005-03,R10-Z00,PADD 1,EPJK,Kerosene-Type Jet Fuel,IM0,Imports,MKJIMP11,East Coast (PADD 1) Imports of Kerosene-Type Jet Fuel (Thousand Barrels),3036,MBBL
2005-03,R10-Z00,PADD 1,EPJK,Kerosene-Type Jet Fuel,IM0,Imports,MKJIMP12,East Coast (PADD 1) Imports of Kerosene-Type Jet Fuel (Thousand Barrels per Day),98,MBBL/D
2005-04,R10-Z00,PADD 1,EPJK,Kerosene-Type Jet Fuel,IM0,Imports,MKJIMP11,East Coast (PADD 1) Imports of Kerosene-Type Jet Fuel (Thousand Barrels),1885,MBBL
2005-04,R10-Z00,PADD 1,EPJK,Kerosene-Type Jet Fuel,IM0,Imports,MKJIMP12,East Coast (PADD 1) Imports of Kerosene-Type Jet Fuel (Thousand Barrels per Day),63,MBBL/D
2005-05,R10-Z00,PADD 1,EPJK,Kerosene-Type Jet Fuel,IM0,Imports,MKJIMP11,East Coast (PADD 1) Imports of Kerosene-Type Jet Fuel (Thousand Barrels),2866,MBBL
2005-05,R10-Z00,PADD 1,EPJK,Kerosene-Type Jet Fuel,IM0,Imports,MKJIMP12,East Coast (PADD 1) Imports of Kerosene-Type Jet Fuel (Thousand Barrels per Day),92,MBBL/D
2005-06,R10-Z00,PADD 1,EPJK,Kerosene-Type Jet Fuel,IM0,Imports,MKJIMP11,East Coast (PADD 1) Imports of Kerosene-Type Jet Fuel (Thousand Barrels),1912,MBBL
2005-06,R10-Z00,PADD 1,EPJK,Kerosene-Type Jet Fuel,IM0,Imports,MKJIMP12,East Coast (PADD 1) Imports of Kerosene-Type Jet Fuel (Thousand Barrels per Day),64,MBBL/D
2005-07,R10-Z00,PADD 1,EPJK,Kerosene-Type Jet Fuel,IM0,Imports,MKJIMP11,East Coast (PADD 1) Imports of Kerosene-Type Jet Fuel (Thousand Barrels),2660,MBBL
2005-07,R10-Z00,PADD 1,EPJK,Kerosene-Type Jet Fuel,IM0,Imports,MKJIMP12,East Coast (PADD 1) Imports of Kerosene-Type Jet Fuel (Thousand Barrels per Day),86,MBBL/D
2005-08,R10-Z00,PADD 1,EPJK,Kerosene-Type Jet Fuel,IM0,Imports,MKJIMP11,East Coast (PADD 1) Imports of Kerosene-Type Jet Fuel (Thousand Barrels),1549,MBBL
2005-08,R10-Z00,PADD 1,EPJK,Kerosene-Type Jet Fuel,IM0,Imports,MKJIMP12,East Coast (PADD 1) Imports of Kerosene-Type Jet Fuel (Thousand Barrels per Day),50,MBBL/D
2005-09,R10-Z00,PADD 1,EPJK,Kerosene-Type Jet Fuel,IM0,Imports,MKJIMP11,East Coast (PADD 1) Imports of Kerosene-Type Jet Fuel (Thousand Barrels),4161,MBBL
2005-09,R10-Z00,PADD 1,EPJK,Kerosene-Type Jet Fuel,IM0,Imports,MKJIMP12,East Coast (PADD 1) Imports of Kerosene-Type Jet Fuel (Thousand Barrels per Day),139,MBBL/D
2005-10,R10-Z00,PADD 1,EPJK,Kerosene-Type Jet Fuel,IM0,Imports,MKJIMP11,East Coast (PADD 1) Imports of Kerosene-Type Jet Fuel (Thousand Barrels),5107,MBBL
2005-10,R10-Z00,PADD 1,EPJK,Kerosene-Type Jet Fuel,IM0,Imports,MKJIMP12,East Coast (PADD 1) Imports of Kerosene-Type Jet Fuel (Thousand Barrels per Day),165,MBBL/D
2005-11,R10-Z00,PADD 1,EPJK,Kerosene-Type Jet Fuel,IM0,Imports,MKJIMP11,East Coast (PADD 1) Imports of Kerosene-Type Jet Fuel (Thousand Barrels),4608,MBBL
2005-11,R10-Z00,PADD 1,EPJK,Kerosene-Type Jet Fuel,IM0,Imports,MKJIMP12,East Coast (PADD 1) Imports of Kerosene-Type Jet Fuel (Thousand Barrels per Day),154,MBBL/D
2005-12,R10-Z00,PADD 1,EPJK,Kerosene-Type Jet Fuel,IM0,Imports,MKJIMP11,East Coast (PADD 1) Imports of Kerosene-Type Jet Fuel (Thousand Barrels),3808,MBBL
2005-12,R10-Z00,PADD 1,EPJK,Kerosene-Type Jet Fuel,IM0,Imports,MKJIMP12,East Coast (PADD 1) Imports of Kerosene-Type Jet Fuel (Thousand Barrels per Day),123,MBBL/D
2006-01,R10-Z00,PADD 1,EPJK,Kerosene-Type Jet Fuel,IM0,Imports,MKJIMP11,East Coast (PADD 1) Imports of Kerosene-Type Jet Fuel (Thousand Barrels),3722,MBBL
2006-01,R10-Z00,PADD 1,EPJK,Kerosene-Type Jet Fuel,IM0,Imports,MKJIMP12,East Coast (PADD 1) Imports of Kerosene-Type Jet Fuel (Thousand Barrels per Day),120,MBBL/D
2006-02,R10-Z00,PADD 1,EPJK,Kerosene-Type Jet Fuel,IM0,Imports,MKJIMP11,East Coast (PADD 1) Imports of Kerosene-Type Jet Fuel (Thousand Barrels),2366,MBBL
2006-02,R10-Z00,PADD 1,EPJK,Kerosene-Type Jet Fuel,IM0,Imports,MKJIMP12,East Coast (PADD 1) Imports of Kerosene-Type Jet Fuel (Thousand Barrels per Day),85,MBBL/D
2006-03,R10-Z00,PADD 1,EPJK,Kerosene-Type Jet Fuel,IM0,Imports,MKJIMP11,East Coast (PADD 1) Imports of Kerosene-Type Jet Fuel (Thousand Barrels),2023,MBBL
2006-03,R10-Z00,PADD 1,EPJK,Kerosene-Type Jet Fuel,IM0,Imports,MKJIMP12,East Coast (PADD 1) Imports of Kerosene-Type Jet Fuel (Thousand Barrels per Day),65,MBBL/D
2006-04,R10-Z00,PADD 1,EPJK,Kerosene-Type Jet Fuel,IM0,Imports,MKJIMP11,East Coast (PADD 1) Imports of Kerosene-Type Jet Fuel (Thousand Barrels),3739,MBBL
2006-04,R10-Z00,PADD 1,EPJK,Kerosene-Type Jet Fuel,IM0,Imports,MKJIMP12,East Coast (PADD 1) Imports of Kerosene-Type Jet Fuel (Thousand Barrels per Day),125,MBBL/D
2006-05,R10-Z00,PADD 1,EPJK,Kerosene-Type Jet Fuel,IM0,Imports,MKJIMP11,East Coast (PADD 1) Imports of Kerosene-Type Jet Fuel (Thousand Barrels),4056,MBBL
2006-05,R10-Z00,PADD 1,EPJK,Kerosene-Type Jet Fuel,IM0,Imports,MKJIMP12,East Coast (PADD 1) Imports of Kerosene-Type Jet Fuel (Thousand Barrels per Day),131,MBBL/D
2006-06,R10-Z00,PADD 1,EPJK,Kerosene-Type Jet Fuel,IM0,Imports,MKJIMP11,East Coast (PADD 1) Imports of Kerosene-Type Jet Fuel (Thousand Barrels),2507,MBBL
2006-06,R10-Z00,PADD 1,EPJK,Kerosene-Type Jet Fuel,IM0,Imports,MKJIMP12,East Coast (PADD 1) Imports of Kerosene-Type Jet Fuel (Thousand Barrels per Day),84,MBBL/D
2006-07,R10-Z00,PADD 1,EPJK,Kerosene-Type Jet Fuel,IM0,Imports,MKJIMP11,East Coast (PADD 1) Imports of Kerosene-Type Jet Fuel (Thousand Barrels),2842,MBBL
2006-07,R10-Z00,PADD 1,EPJK,Kerosene-Type Jet Fuel,IM0,Imports,MKJIMP12,East Coast (PADD 1) Imports of Kerosene-Type Jet Fuel (Thousand Barrels per Day),92,MBBL/D
2006-08,R10-Z00,PADD 1,EPJK,Kerosene-Type Jet Fuel,IM0,Imports,MKJIMP11,East Coast (PADD 1) Imports of Kerosene-Type Jet Fuel (Thousand Barrels),2997,MBBL
2006-08,R10-Z00,PADD 1,EPJK,Kerosene-Type Jet Fuel,IM0,Imports,MKJIMP12,East Coast (PADD 1) Imports of Kerosene-Type Jet Fuel (Thousand Barrels per Day),97,MBBL/D
2006-09,R10-Z00,PADD 1,EPJK,Kerosene-Type Jet Fuel,IM0,Imports,MKJIMP11,East Coast (PADD 1) Imports of Kerosene-Type Jet Fuel (Thousand Barrels),2502,MBBL
2006-09,R10-Z00,PADD 1,EPJK,Kerosene-Type Jet Fuel,IM0,Imports,MKJIMP12,East Coast (PADD 1) Imports of Kerosene-Type Jet Fuel (Thousand Barrels per Day),83,MBBL/D
2006-10,R10-Z00,PADD 1,EPJK,Kerosene-Type Jet Fuel,IM0,Imports,MKJIMP11,East Coast (PADD 1) Imports of Kerosene-Type Jet Fuel (Thousand Barrels),1928,MBBL
2006-10,R10-Z00,PADD 1,EPJK,Kerosene-Type Jet Fuel,IM0,Imports,MKJIMP12,East Coast (PADD 1) Imports of Kerosene-Type Jet Fuel (Thousand Barrels per Day),62,MBBL/D
2006-11,R10-Z00,PADD 1,EPJK,Kerosene-Type Jet Fuel,IM0,Imports,MKJIMP11,East Coast (PADD 1) Imports of Kerosene-Type Jet Fuel (Thousand Barrels),2102,MBBL
2006-11,R10-Z00,PADD 1,EPJK,Kerosene-Type Jet Fuel,IM0,Imports,MKJIMP12,East Coast (PADD 1) Imports of Kerosene-Type Jet Fuel (Thousand Barrels per Day),70,MBBL/D
2006-12,R10-Z00,PADD 1,EPJK,Kerosene-Type Jet Fuel,IM0,Imports,MKJIMP11,East Coast (PADD 1) Imports of Kerosene-Type Jet Fuel (Thousand Barrels),2617,MBBL
2006-12,R10-Z00,PADD 1,EPJK,Kerosene-Type Jet Fuel,IM0,Imports,MKJIMP12,East Coast (PADD 1) Imports of Kerosene-Type Jet Fuel (Thousand Barrels per Day),84,MBBL/D
2007-01,R10-Z00,PADD 1,EPJK,Kerosene-Type Jet Fuel,IM0,Imports,MKJIMP11,East Coast (PADD 1) Imports of Kerosene-Type Jet Fuel (Thousand Barrels),2706,MBBL
2007-01,R10-Z00,PADD 1,EPJK,Kerosene-Type Jet Fuel,IM0,Imports,MKJIMP12,East Coast (PADD 1) Imports of Kerosene-Type Jet Fuel (Thousand Barrels per Day),87,MBBL/D
2007-02,R10-Z00,PADD 1,EPJK,Kerosene-Type Jet Fuel,IM0,Imports,MKJIMP11,East Coast (PADD 1) Imports of Kerosene-Type Jet Fuel (Thousand Barrels),2824,MBBL
2007-02,R10-Z00,PADD 1,EPJK,Kerosene-Type Jet Fuel,IM0,Imports,MKJIMP12,East Coast (PADD 1) Imports of Kerosene-Type Jet Fuel (Thousand Barrels per Day),101,MBBL/D
2007-03,R10-Z00,PADD 1,EPJK,Kerosene-Type Jet Fuel,IM0,Imports,MKJIMP11,East Coast (PADD 1) Imports of Kerosene-Type Jet Fuel (Thousand Barrels),2915,MBBL
2007-03,R10-Z00,PADD 1,EPJK,Kerosene-Type Jet Fuel,IM0,Imports,MKJIMP12,East Coast (PADD 1) Imports of Kerosene-Type Jet Fuel (Thousand Barrels per Day),94,MBBL/D
2007-04,R10-Z00,PADD 1,EPJK,Kerosene-Type Jet Fuel,IM0,Imports,MKJIMP11,East Coast (PADD 1) Imports of Kerosene-Type Jet Fuel (Thousand Barrels),4668,MBBL
2007-04,R10-Z00,PADD 1,EPJK,Kerosene-Type Jet Fuel,IM0,Imports,MKJIMP12,East Coast (PADD 1) Imports of Kerosene-Type Jet Fuel (Thousand Barrels per Day),156,MBBL/D
2007-05,R10-Z00,PADD 1,EPJK,Kerosene-Type Jet Fuel,IM0,Imports,MKJIMP11,East Coast (PADD 1) Imports of Kerosene-Type Jet Fuel (Thousand Barrels),3349,MBBL
2007-05,R10-Z00,PADD 1,EPJK,Kerosene-Type Jet Fuel,IM0,Imports,MKJIMP12,East Coast (PADD 1) Imports of Kerosene-Type Jet Fuel (Thousand Barrels per Day),108,MBBL/D
2007-06,R10-Z00,PADD 1,EPJK,Kerosene-Type Jet Fuel,IM0,Imports,MKJIMP11,East Coast (PADD 1) Imports of Kerosene-Type Jet Fuel (Thousand Barrels),2597,MBBL
2007-06,R10-Z00,PADD 1,EPJK,Kerosene-Type Jet Fuel,IM0,Imports,MKJIMP12,East Coast (PADD 1) Imports of Kerosene-Type Jet Fuel (Thousand Barrels per Day),87,MBBL/D
2007-07,R10-Z00,PADD 1,EPJK,Kerosene-Type Jet Fuel,IM0,Imports,MKJIMP11,East Coast (PADD 1) Imports of Kerosene-Type Jet Fuel (Thousand Barrels),2944,MBBL
2007-07,R10-Z00,PADD 1,EPJK,Kerosene-Type Jet Fuel,IM0,Imports,MKJIMP12,East Coast (PADD 1) Imports of Kerosene-Type Jet Fuel (Thousand Barrels per Day),95,MBBL/D
2007-08,R10-Z00,PADD 1,EPJK,Kerosene-Type Jet Fuel,IM0,Imports,MKJIMP11,East Coast (PADD 1) Imports of Kerosene-Type Jet Fuel (Thousand Barrels),3066,MBBL
2007-08,R10-Z00,PADD 1,EPJK,Kerosene-Type Jet Fuel,IM0,Imports,MKJIMP12,East Coast (PADD 1) Imports of Kerosene-Type Jet Fuel (Thousand Barrels per Day),99,MBBL/D
2007-09,R10-Z00,PADD 1,EPJK,Kerosene-Type Jet Fuel,IM0,Imports,MKJIMP11,East Coast (PADD 1) Imports of Kerosene-Type Jet Fuel (Thousand Barrels),2809,MBBL
2007-09,R10-Z00,PADD 1,EPJK,Kerosene-Type Jet Fuel,IM0,Imports,MKJIMP12,East Coast (PADD 1) Imports of Kerosene-Type Jet Fuel (Thousand Barrels per Day),94,MBBL/D
2007-10,R10-Z00,PADD 1,EPJK,Kerosene-Type Jet Fuel,IM0,Imports,MKJIMP11,East Coast (PADD 1) Imports of Kerosene-Type Jet Fuel (Thousand Barrels),2626,MBBL
2007-10,R10-Z00,PADD 1,EPJK,Kerosene-Type Jet Fuel,IM0,Imports,MKJIMP12,East Coast (PADD 1) Imports of Kerosene-Type Jet Fuel (Thousand Barrels per Day),85,MBBL/D
2007-11,R10-Z00,PADD 1,EPJK,Kerosene-Type Jet Fuel,IM0,Imports,MKJIMP11,East Coast (PADD 1) Imports of Kerosene-Type Jet Fuel (Thousand Barrels),2310,MBBL
2007-11,R10-Z00,PADD 1,EPJK,Kerosene-Type Jet Fuel,IM0,Imports,MKJIMP12,East Coast (PADD 1) Imports of Kerosene-Type Jet Fuel (Thousand Barrels per Day),77,MBBL/D
2007-12,R10-Z00,PADD 1,EPJK,Kerosene-Type Jet Fuel,IM0,Imports,MKJIMP11,East Coast (PADD 1) Imports of Kerosene-Type Jet Fuel (Thousand Barrels),2675,MBBL
2007-12,R10-Z00,PADD 1,EPJK,Kerosene-Type Jet Fuel,IM0,Imports,MKJIMP12,East Coast (PADD 1) Imports of Kerosene-Type Jet Fuel (Thousand Barrels per Day),86,MBBL/D
2008-01,R10-Z00,PADD 1,EPJK,Kerosene-Type Jet Fuel,IM0,Imports,MKJIMP11,East Coast (PADD 1) Imports of Kerosene-Type Jet Fuel (Thousand Barrels),2697,MBBL
2008-01,R10-Z00,PADD 1,EPJK,Kerosene-Type Jet Fuel,IM0,Imports,MKJIMP12,East Coast (PADD 1) Imports of Kerosene-Type Jet Fuel (Thousand Barrels per Day),87,MBBL/D
2008-02,R10-Z00,PADD 1,EPJK,Kerosene-Type Jet Fuel,IM0,Imports,MKJIMP11,East Coast (PADD 1) Imports of Kerosene-Type Jet Fuel (Thousand Barrels),2246,MBBL
2008-02,R10-Z00,PADD 1,EPJK,Kerosene-Type Jet Fuel,IM0,Imports,MKJIMP12,East Coast (PADD 1) Imports of Kerosene-Type Jet Fuel (Thousand Barrels per Day),77,MBBL/D
2008-03,R10-Z00,PADD 1,EPJK,Kerosene-Type Jet Fuel,IM0,Imports,MKJIMP11,East Coast (PADD 1) Imports of Kerosene-Type Jet Fuel (Thousand Barrels),2321,MBBL
2008-03,R10-Z00,PADD 1,EPJK,Kerosene-Type Jet Fuel,IM0,Imports,MKJIMP12,East Coast (PADD 1) Imports of Kerosene-Type Jet Fuel (Thousand Barrels per Day),75,MBBL/D
2008-04,R10-Z00,PADD 1,EPJK,Kerosene-Type Jet Fuel,IM0,Imports,MKJIMP11,East Coast (PADD 1) Imports of Kerosene-Type Jet Fuel (Thousand Barrels),3244,MBBL
2008-04,R10-Z00,PADD 1,EPJK,Kerosene-Type Jet Fuel,IM0,Imports,MKJIMP12,East Coast (PADD 1) Imports of Kerosene-Type Jet Fuel (Thousand Barrels per Day),108,MBBL/D
2008-05,R10-Z00,PADD 1,EPJK,Kerosene-Type Jet Fuel,IM0,Imports,MKJIMP11,East Coast (PADD 1) Imports of Kerosene-Type Jet Fuel (Thousand Barrels),2923,MBBL
2008-05,R10-Z00,PADD 1,EPJK,Kerosene-Type Jet Fuel,IM0,Imports,MKJIMP12,East Coast (PADD 1) Imports of Kerosene-Type Jet Fuel (Thousand Barrels per Day),94,MBBL/D
2008-06,R10-Z00,PADD 1,EPJK,Kerosene-Type Jet Fuel,IM0,Imports,MKJIMP11,East Coast (PADD 1) Imports of Kerosene-Type Jet Fuel (Thousand Barrels),2095,MBBL
2008-06,R10-Z00,PADD 1,EPJK,Kerosene-Type Jet Fuel,IM0,Imports,MKJIMP12,East Coast (PADD 1) Imports of Kerosene-Type Jet Fuel (Thousand Barrels per Day),70,MBBL/D
2008-07,R10-Z00,PADD 1,EPJK,Kerosene-Type Jet Fuel,IM0,Imports,MKJIMP11,East Coast (PADD 1) Imports of Kerosene-Type Jet Fuel (Thousand Barrels),1779,MBBL
2008-07,R10-Z00,PADD 1,EPJK,Kerosene-Type Jet Fuel,IM0,Imports,MKJIMP12,East Coast (PADD 1) Imports of Kerosene-Type Jet Fuel (Thousand Barrels per Day),57,MBBL/D
2008-08,R10-Z00,PADD 1,EPJK,Kerosene-Type Jet Fuel,IM0,Imports,MKJIMP11,East Coast (PADD 1) Imports of Kerosene-Type Jet Fuel (Thousand Barrels),1600,MBBL
2008-08,R10-Z00,PADD 1,EPJK,Kerosene-Type Jet Fuel,IM0,Imports,MKJIMP12,East Coast (PADD 1) Imports of Kerosene-Type Jet Fuel (Thousand Barrels per Day),52,MBBL/D
2008-09,R10-Z00,PADD 1,EPJK,Kerosene-Type Jet Fuel,IM0,Imports,MKJIMP11,East Coast (PADD 1) Imports of Kerosene-Type Jet Fuel (Thousand Barrels),2218,MBBL
2008-09,R10-Z00,PADD 1,EPJK,Kerosene-Type Jet Fuel,IM0,Imports,MKJIMP12,East Coast (PADD 1) Imports of Kerosene-Type Jet Fuel (Thousand Barrels per Day),74,MBBL/D
2008-10,R10-Z00,PADD 1,EPJK,Kerosene-Type Jet Fuel,IM0,Imports,MKJIMP11,East Coast (PADD 1) Imports of Kerosene-Type Jet Fuel (Thousand Barrels),2770,MBBL
2008-10,R10-Z00,PADD 1,EPJK,Kerosene-Type Jet Fuel,IM0,Imports,MKJIMP12,East Coast (PADD 1) Imports of Kerosene-Type Jet Fuel (Thousand Barrels per Day),89,MBBL/D
2008-11,R10-Z00,PADD 1,EPJK,Kerosene-Type Jet Fuel,IM0,Imports,MKJIMP11,East Coast (PADD 1) Imports of Kerosene-Type Jet Fuel (Thousand Barrels),1297,MBBL
2008-11,R10-Z00,PADD 1,EPJK,Kerosene-Type Jet Fuel,IM0,Imports,MKJIMP12,East Coast (PADD 1) Imports of Kerosene-Type Jet Fuel (Thousand Barrels per Day),43,MBBL/D
2008-12,R10-Z00,PADD 1,EPJK,Kerosene-Type Jet Fuel,IM0,Imports,MKJIMP11,East Coast (PADD 1) Imports of Kerosene-Type Jet Fuel (Thousand Barrels),1715,MBBL
2008-12,R10-Z00,PADD 1,EPJK,Kerosene-Type Jet Fuel,IM0,Imports,MKJIMP12,East Coast (PADD 1) Imports of Kerosene-Type Jet Fuel (Thousand Barrels per Day),55,MBBL/D
2009-01,R10-Z00,PADD 1,EPJK,Kerosene-Type Jet Fuel,IM0,Imports,MKJIMP11,East Coast (PADD 1) Imports of Kerosene-Type Jet Fuel (Thousand Barrels),2708,MBBL
2009-01,R10-Z00,PADD 1,EPJK,Kerosene-Type Jet Fuel,IM0,Imports,MKJIMP12,East Coast (PADD 1) Imports of Kerosene-Type Jet Fuel (Thousand Barrels per Day),87,MBBL/D
2009-02,R10-Z00,PADD 1,EPJK,Kerosene-Type Jet Fuel,IM0,Imports,MKJIMP11,East Coast (PADD 1) Imports of Kerosene-Type Jet Fuel (Thousand Barrels),1848,MBBL
2009-02,R10-Z00,PADD 1,EPJK,Kerosene-Type Jet Fuel,IM0,Imports,MKJIMP12,East Coast (PADD 1) Imports of Kerosene-Type Jet Fuel (Thousand Barrels per Day),66,MBBL/D
2009-03,R10-Z00,PADD 1,EPJK,Kerosene-Type Jet Fuel,IM0,Imports,MKJIMP11,East Coast (PADD 1) Imports of Kerosene-Type Jet Fuel (Thousand Barrels),1507,MBBL
2009-03,R10-Z00,PADD 1,EPJK,Kerosene-Type Jet Fuel,IM0,Imports,MKJIMP12,East Coast (PADD 1) Imports of Kerosene-Type Jet Fuel (Thousand Barrels per Day),49,MBBL/D
2009-04,R10-Z00,PADD 1,EPJK,Kerosene-Type Jet Fuel,IM0,Imports,MKJIMP11,East Coast (PADD 1) Imports of Kerosene-Type Jet Fuel (Thousand Barrels),1759,MBBL
2009-04,R10-Z00,PADD 1,EPJK,Kerosene-Type Jet Fuel,IM0,Imports,MKJIMP12,East Coast (PADD 1) Imports of Kerosene-Type Jet Fuel (Thousand Barrels per Day),59,MBBL/D
2009-05,R10-Z00,PADD 1,EPJK,Kerosene-Type Jet Fuel,IM0,Imports,MKJIMP11,East Coast (PADD 1) Imports of Kerosene-Type Jet Fuel (Thousand Barrels),1398,MBBL
2009-05,R10-Z00,PADD 1,EPJK,Kerosene-Type Jet Fuel,IM0,Imports,MKJIMP12,East Coast (PADD 1) Imports of Kerosene-Type Jet Fuel (Thousand Barrels per Day),45,MBBL/D
2009-06,R10-Z00,PADD 1,EPJK,Kerosene-Type Jet Fuel,IM0,Imports,MKJIMP11,East Coast (PADD 1) Imports of Kerosene-Type Jet Fuel (Thousand Barrels),1137,MBBL
2009-06,R10-Z00,PADD 1,EPJK,Kerosene-Type Jet Fuel,IM0,Imports,MKJIMP12,East Coast (PADD 1) Imports of Kerosene-Type Jet Fuel (Thousand Barrels per Day),38,MBBL/D
2009-07,R10-Z00,PADD 1,EPJK,Kerosene-Type Jet Fuel,IM0,Imports,MKJIMP11,East Coast (PADD 1) Imports of Kerosene-Type Jet Fuel (Thousand Barrels),1570,MBBL
2009-07,R10-Z00,PADD 1,EPJK,Kerosene-Type Jet Fuel,IM0,Imports,MKJIMP12,East Coast (PADD 1) Imports of Kerosene-Type Jet Fuel (Thousand Barrels per Day),51,MBBL/D
2009-08,R10-Z00,PADD 1,EPJK,Kerosene-Type Jet Fuel,IM0,Imports,MKJIMP11,East Coast (PADD 1) Imports of Kerosene-Type Jet Fuel (Thousand Barrels),1422,MBBL
2009-08,R10-Z00,PADD 1,EPJK,Kerosene-Type Jet Fuel,IM0,Imports,MKJIMP12,East Coast (PADD 1) Imports of Kerosene-Type Jet Fuel (Thousand Barrels per Day),46,MBBL/D
2009-09,R10-Z00,PADD 1,EPJK,Kerosene-Type Jet Fuel,IM0,Imports,MKJIMP11,East Coast (PADD 1) Imports of Kerosene-Type Jet Fuel (Thousand Barrels),1261,MBBL
2009-09,R10-Z00,PADD 1,EPJK,Kerosene-Type Jet Fuel,IM0,Imports,MKJIMP12,East Coast (PADD 1) Imports of Kerosene-Type Jet Fuel (Thousand Barrels per Day),42,MBBL/D
2009-10,R10-Z00,PADD 1,EPJK,Kerosene-Type Jet Fuel,IM0,Imports,MKJIMP11,East Coast (PADD 1) Imports of Kerosene-Type Jet Fuel (Thousand Barrels),735,MBBL
2009-10,R10-Z00,PADD 1,EPJK,Kerosene-Type Jet Fuel,IM0,Imports,MKJIMP12,East Coast (PADD 1) Imports of Kerosene-Type Jet Fuel (Thousand Barrels per Day),24,MBBL/D
2009-11,R10-Z00,PADD 1,EPJK,Kerosene-Type Jet Fuel,IM0,Imports,MKJIMP11,East Coast (PADD 1) Imports of Kerosene-Type Jet Fuel (Thousand Barrels),1280,MBBL
2009-11,R10-Z00,PADD 1,EPJK,Kerosene-Type Jet Fuel,IM0,Imports,MKJIMP12,East Coast (PADD 1) Imports of Kerosene-Type Jet Fuel (Thousand Barrels per Day),43,MBBL/D
2009-12,R10-Z00,PADD 1,EPJK,Kerosene-Type Jet Fuel,IM0,Imports,MKJIMP11,East Coast (PADD 1) Imports of Kerosene-Type Jet Fuel (Thousand Barrels),1188,MBBL
2009-12,R10-Z00,PADD 1,EPJK,Kerosene-Type Jet Fuel,IM0,Imports,MKJIMP12,East Coast (PADD 1) Imports of Kerosene-Type Jet Fuel (Thousand Barrels per Day),38,MBBL/D
2010-01,R10-Z00,PADD 1,EPJK,Kerosene-Type Jet Fuel,IM0,Imports,MKJIMP11,East Coast (PADD 1) Imports of Kerosene-Type Jet Fuel (Thousand Barrels),3062,MBBL
2010-01,R10-Z00,PADD 1,EPJK,Kerosene-Type Jet Fuel,IM0,Imports,MKJIMP12,East Coast (PADD 1) Imports of Kerosene-Type Jet Fuel (Thousand Barrels per Day),99,MBBL/D
2010-02,R10-Z00,PADD 1,EPJK,Kerosene-Type Jet Fuel,IM0,Imports,MKJIMP11,East Coast (PADD 1) Imports of Kerosene-Type Jet Fuel (Thousand Barrels),1144,MBBL
2010-02,R10-Z00,PADD 1,EPJK,Kerosene-Type Jet Fuel,IM0,Imports,MKJIMP12,East Coast (PADD 1) Imports of Kerosene-Type Jet Fuel (Thousand Barrels per Day),41,MBBL/D
2010-03,R10-Z00,PADD 1,EPJK,Kerosene-Type Jet Fuel,IM0,Imports,MKJIMP11,East Coast (PADD 1) Imports of Kerosene-Type Jet Fuel (Thousand Barrels),1753,MBBL
2010-03,R10-Z00,PADD 1,EPJK,Kerosene-Type Jet Fuel,IM0,Imports,MKJIMP12,East Coast (PADD 1) Imports of Kerosene-Type Jet Fuel (Thousand Barrels per Day),57,MBBL/D
2010-04,R10-Z00,PADD 1,EPJK,Kerosene-Type Jet Fuel,IM0,Imports,MKJIMP11,East Coast (PADD 1) Imports of Kerosene-Type Jet Fuel (Thousand Barrels),1641,MBBL
2010-04,R10-Z00,PADD 1,EPJK,Kerosene-Type Jet Fuel,IM0,Imports,MKJIMP12,East Coast (PADD 1) Imports of Kerosene-Type Jet Fuel (Thousand Barrels per Day),55,MBBL/D
2010-05,R10-Z00,PADD 1,EPJK,Kerosene-Type Jet Fuel,IM0,Imports,MKJIMP11,East Coast (PADD 1) Imports of Kerosene-Type Jet Fuel (Thousand Barrels),982,MBBL
2010-05,R10-Z00,PADD 1,EPJK,Kerosene-Type Jet Fuel,IM0,Imports,MKJIMP12,East Coast (PADD 1) Imports of Kerosene-Type Jet Fuel (Thousand Barrels per Day),32,MBBL/D
2010-06,R10-Z00,PADD 1,EPJK,Kerosene-Type Jet Fuel,IM0,Imports,MKJIMP11,East Coast (PADD 1) Imports of Kerosene-Type Jet Fuel (Thousand Barrels),925,MBBL
2010-06,R10-Z00,PADD 1,EPJK,Kerosene-Type Jet Fuel,IM0,Imports,MKJIMP12,East Coast (PADD 1) Imports of Kerosene-Type Jet Fuel (Thousand Barrels per Day),31,MBBL/D
2010-07,R10-Z00,PADD 1,EPJK,Kerosene-Type Jet Fuel,IM0,Imports,MKJIMP11,East Coast (PADD 1) Imports of Kerosene-Type Jet Fuel (Thousand Barrels),1019,MBBL
2010-07,R10-Z00,PADD 1,EPJK,Kerosene-Type Jet Fuel,IM0,Imports,MKJIMP12,East Coast (PADD 1) Imports of Kerosene-Type Jet Fuel (Thousand Barrels per Day),33,MBBL/D
2010-08,R10-Z00,PADD 1,EPJK,Kerosene-Type Jet Fuel,IM0,Imports,MKJIMP11,East Coast (PADD 1) Imports of Kerosene-Type Jet Fuel (Thousand Barrels),1013,MBBL
2010-08,R10-Z00,PADD 1,EPJK,Kerosene-Type Jet Fuel,IM0,Imports,MKJIMP12,East Coast (PADD 1) Imports of Kerosene-Type Jet Fuel (Thousand Barrels per Day),33,MBBL/D
2010-09,R10-Z00,PADD 1,EPJK,Kerosene-Type Jet Fuel,IM0,Imports,MKJIMP11,East Coast (PADD 1) Imports of Kerosene-Type Jet Fuel (Thousand Barrels),1893,MBBL
2010-09,R10-Z00,PADD 1,EPJK,Kerosene-Type Jet Fuel,IM0,Imports,MKJIMP12,East Coast (PADD 1) Imports of Kerosene-Type Jet Fuel (Thousand Barrels per Day),63,MBBL/D
2010-10,R10-Z00,PADD 1,EPJK,Kerosene-Type Jet Fuel,IM0,Imports,MKJIMP11,East Coast (PADD 1) Imports of Kerosene-Type Jet Fuel (Thousand Barrels),1071,MBBL
2010-10,R10-Z00,PADD 1,EPJK,Kerosene-Type Jet Fuel,IM0,Imports,MKJIMP12,East Coast (PADD 1) Imports of Kerosene-Type Jet Fuel (Thousand Barrels per Day),35,MBBL/D
2010-11,R10-Z00,PADD 1,EPJK,Kerosene-Type Jet Fuel,IM0,Imports,MKJIMP11,East Coast (PADD 1) Imports of Kerosene-Type Jet Fuel (Thousand Barrels),1062,MBBL
2010-11,R10-Z00,PADD 1,EPJK,Kerosene-Type Jet Fuel,IM0,Imports,MKJIMP12,East Coast (PADD 1) Imports of Kerosene-Type Jet Fuel (Thousand Barrels per Day),35,MBBL/D
2010-12,R10-Z00,PADD 1,EPJK,Kerosene-Type Jet Fuel,IM0,Imports,MKJIMP11,East Coast (PADD 1) Imports of Kerosene-Type Jet Fuel (Thousand Barrels),1103,MBBL
2010-12,R10-Z00,PADD 1,EPJK,Kerosene-Type Jet Fuel,IM0,Imports,MKJIMP12,East Coast (PADD 1) Imports of Kerosene-Type Jet Fuel (Thousand Barrels per Day),36,MBBL/D
2011-01,R10-Z00,PADD 1,EPJK,Kerosene-Type Jet Fuel,IM0,Imports,MKJIMP11,East Coast (PADD 1) Imports of Kerosene-Type Jet Fuel (Thousand Barrels),989,MBBL
2011-01,R10-Z00,PADD 1,EPJK,Kerosene-Type Jet Fuel,IM0,Imports,MKJIMP12,East Coast (PADD 1) Imports of Kerosene-Type Jet Fuel (Thousand Barrels per Day),32,MBBL/D
2011-02,R10-Z00,PADD 1,EPJK,Kerosene-Type Jet Fuel,IM0,Imports,MKJIMP11,East Coast (PADD 1) Imports of Kerosene-Type Jet Fuel (Thousand Barrels),1418,MBBL
2011-02,R10-Z00,PADD 1,EPJK,Kerosene-Type Jet Fuel,IM0,Imports,MKJIMP12,East Coast (PADD 1) Imports of Kerosene-Type Jet Fuel (Thousand Barrels per Day),51,MBBL/D
2011-03,R10-Z00,PADD 1,EPJK,Kerosene-Type Jet Fuel,IM0,Imports,MKJIMP11,East Coast (PADD 1) Imports of Kerosene-Type Jet Fuel (Thousand Barrels),1513,MBBL
2011-03,R10-Z00,PADD 1,EPJK,Kerosene-Type Jet Fuel,IM0,Imports,MKJIMP12,East Coast (PADD 1) Imports of Kerosene-Type Jet Fuel (Thousand Barrels per Day),49,MBBL/D
2011-04,R10-Z00,PADD 1,EPJK,Kerosene-Type Jet Fuel,IM0,Imports,MKJIMP11,East Coast (PADD 1) Imports of Kerosene-Type Jet Fuel (Thousand Barrels),1476,MBBL
2011-04,R10-Z00,PADD 1,EPJK,Kerosene-Type Jet Fuel,IM0,Imports,MKJIMP12,East Coast (PADD 1) Imports of Kerosene-Type Jet Fuel (Thousand Barrels per Day),49,MBBL/D
2011-05,R10-Z00,PADD 1,EPJK,Kerosene-Type Jet Fuel,IM0,Imports,MKJIMP11,East Coast (PADD 1) Imports of Kerosene-Type Jet Fuel (Thousand Barrels),1430,MBBL
2011-05,R10-Z00,PADD 1,EPJK,Kerosene-Type Jet Fuel,IM0,Imports,MKJIMP12,East Coast (PADD 1) Imports of Kerosene-Type Jet Fuel (Thousand Barrels per Day),46,MBBL/D
2011-06,R10-Z00,PADD 1,EPJK,Kerosene-Type Jet Fuel,IM0,Imports,MKJIMP11,East Coast (PADD 1) Imports of Kerosene-Type Jet Fuel (Thousand Barrels),1150,MBBL
2011-06,R10-Z00,PADD 1,EPJK,Kerosene-Type Jet Fuel,IM0,Imports,MKJIMP12,East Coast (PADD 1) Imports of Kerosene-Type Jet Fuel (Thousand Barrels per Day),38,MBBL/D
2011-07,R10-Z00,PADD 1,EPJK,Kerosene-Type Jet Fuel,IM0,Imports,MKJIMP11,East Coast (PADD 1) Imports of Kerosene-Type Jet Fuel (Thousand Barrels),1383,MBBL
2011-07,R10-Z00,PADD 1,EPJK,Kerosene-Type Jet Fuel,IM0,Imports,MKJIMP12,East Coast (PADD 1) Imports of Kerosene-Type Jet Fuel (Thousand Barrels per Day),45,MBBL/D
2011-08,R10-Z00,PADD 1,EPJK,Kerosene-Type Jet Fuel,IM0,Imports,MKJIMP11,East Coast (PADD 1) Imports of Kerosene-Type Jet Fuel (Thousand Barrels),877,MBBL
2011-08,R10-Z00,PADD 1,EPJK,Kerosene-Type Jet Fuel,IM0,Imports,MKJIMP12,East Coast (PADD 1) Imports of Kerosene-Type Jet Fuel (Thousand Barrels per Day),28,MBBL/D
2011-09,R10-Z00,PADD 1,EPJK,Kerosene-Type Jet Fuel,IM0,Imports,MKJIMP11,East Coast (PADD 1) Imports of Kerosene-Type Jet Fuel (Thousand Barrels),841,MBBL
2011-09,R10-Z00,PADD 1,EPJK,Kerosene-Type Jet Fuel,IM0,Imports,MKJIMP12,East Coast (PADD 1) Imports of Kerosene-Type Jet Fuel (Thousand Barrels per Day),28,MBBL/D
2011-10,R10-Z00,PADD 1,EPJK,Kerosene-Type Jet Fuel,IM0,Imports,MKJIMP11,East Coast (PADD 1) Imports of Kerosene-Type Jet Fuel (Thousand Barrels),628,MBBL
2011-10,R10-Z00,PADD 1,EPJK,Kerosene-Type Jet Fuel,IM0,Imports,MKJIMP12,East Coast (PADD 1) Imports of Kerosene-Type Jet Fuel (Thousand Barrels per Day),20,MBBL/D
2011-11,R10-Z00,PADD 1,EPJK,Kerosene-Type Jet Fuel,IM0,Imports,MKJIMP11,East Coast (PADD 1) Imports of Kerosene-Type Jet Fuel (Thousand Barrels),721,MBBL
2011-11,R10-Z00,PADD 1,EPJK,Kerosene-Type Jet Fuel,IM0,Imports,MKJIMP12,East Coast (PADD 1) Imports of Kerosene-Type Jet Fuel (Thousand Barrels per Day),24,MBBL/D
2011-12,R10-Z00,PADD 1,EPJK,Kerosene-Type Jet Fuel,IM0,Imports,MKJIMP11,East Coast (PADD 1) Imports of Kerosene-Type Jet Fuel (Thousand Barrels),514,MBBL
2011-12,R10-Z00,PADD 1,EPJK,Kerosene-Type Jet Fuel,IM0,Imports,MKJIMP12,East Coast (PADD 1) Imports of Kerosene-Type Jet Fuel (Thousand Barrels per Day),17,MBBL/D
2012-01,R10-Z00,PADD 1,EPJK,Kerosene-Type Jet Fuel,IM0,Imports,MKJIMP11,East Coast (PADD 1) Imports of Kerosene-Type Jet Fuel (Thousand Barrels),112,MBBL
2012-01,R10-Z00,PADD 1,EPJK,Kerosene-Type Jet Fuel,IM0,Imports,MKJIMP12,East Coast (PADD 1) Imports of Kerosene-Type Jet Fuel (Thousand Barrels per Day),4,MBBL/D
2012-02,R10-Z00,PADD 1,EPJK,Kerosene-Type Jet Fuel,IM0,Imports,MKJIMP11,East Coast (PADD 1) Imports of Kerosene-Type Jet Fuel (Thousand Barrels),809,MBBL
2012-02,R10-Z00,PADD 1,EPJK,Kerosene-Type Jet Fuel,IM0,Imports,MKJIMP12,East Coast (PADD 1) Imports of Kerosene-Type Jet Fuel (Thousand Barrels per Day),28,MBBL/D
2012-03,R10-Z00,PADD 1,EPJK,Kerosene-Type Jet Fuel,IM0,Imports,MKJIMP11,East Coast (PADD 1) Imports of Kerosene-Type Jet Fuel (Thousand Barrels),66,MBBL
2012-03,R10-Z00,PADD 1,EPJK,Kerosene-Type Jet Fuel,IM0,Imports,MKJIMP12,East Coast (PADD 1) Imports of Kerosene-Type Jet Fuel (Thousand Barrels per Day),2,MBBL/D
2012-04,R10-Z00,PADD 1,EPJK,Kerosene-Type Jet Fuel,IM0,Imports,MKJIMP11,East Coast (PADD 1) Imports of Kerosene-Type Jet Fuel (Thousand Barrels),301,MBBL
2012-04,R10-Z00,PADD 1,EPJK,Kerosene-Type Jet Fuel,IM0,Imports,MKJIMP12,East Coast (PADD 1) Imports of Kerosene-Type Jet Fuel (Thousand Barrels per Day),10,MBBL/D
2012-05,R10-Z00,PADD 1,EPJK,Kerosene-Type Jet Fuel,IM0,Imports,MKJIMP11,East Coast (PADD 1) Imports of Kerosene-Type Jet Fuel (Thousand Barrels),527,MBBL
2012-05,R10-Z00,PADD 1,EPJK,Kerosene-Type Jet Fuel,IM0,Imports,MKJIMP12,East Coast (PADD 1) Imports of Kerosene-Type Jet Fuel (Thousand Barrels per Day),17,MBBL/D
2012-06,R10-Z00,PADD 1,EPJK,Kerosene-Type Jet Fuel,IM0,Imports,MKJIMP11,East Coast (PADD 1) Imports of Kerosene-Type Jet Fuel (Thousand Barrels),556,MBBL
2012-06,R10-Z00,PADD 1,EPJK,Kerosene-Type Jet Fuel,IM0,Imports,MKJIMP12,East Coast (PADD 1) Imports of Kerosene-Type Jet Fuel (Thousand Barrels per Day),19,MBBL/D
2012-07,R10-Z00,PADD 1,EPJK,Kerosene-Type Jet Fuel,IM0,Imports,MKJIMP11,East Coast (PADD 1) Imports of Kerosene-Type Jet Fuel (Thousand Barrels),1116,MBBL
2012-07,R10-Z00,PADD 1,EPJK,Kerosene-Type Jet Fuel,IM0,Imports,MKJIMP12,East Coast (PADD 1) Imports of Kerosene-Type Jet Fuel (Thousand Barrels per Day),36,MBBL/D
2012-08,R10-Z00,PADD 1,EPJK,Kerosene-Type Jet Fuel,IM0,Imports,MKJIMP11,East Coast (PADD 1) Imports of Kerosene-Type Jet Fuel (Thousand Barrels),1954,MBBL
2012-08,R10-Z00,PADD 1,EPJK,Kerosene-Type Jet Fuel,IM0,Imports,MKJIMP12,East Coast (PADD 1) Imports of Kerosene-Type Jet Fuel (Thousand Barrels per Day),63,MBBL/D
2012-09,R10-Z00,PADD 1,EPJK,Kerosene-Type Jet Fuel,IM0,Imports,MKJIMP11,East Coast (PADD 1) Imports of Kerosene-Type Jet Fuel (Thousand Barrels),945,MBBL
2012-09,R10-Z00,PADD 1,EPJK,Kerosene-Type Jet Fuel,IM0,Imports,MKJIMP12,East Coast (PADD 1) Imports of Kerosene-Type Jet Fuel (Thousand Barrels per Day),32,MBBL/D
2012-10,R10-Z00,PADD 1,EPJK,Kerosene-Type Jet Fuel,IM0,Imports,MKJIMP11,East Coast (PADD 1) Imports of Kerosene-Type Jet Fuel (Thousand Barrels),598,MBBL
2012-10,R10-Z00,PADD 1,EPJK,Kerosene-Type Jet Fuel,IM0,Imports,MKJIMP12,East Coast (PADD 1) Imports of Kerosene-Type Jet Fuel (Thousand Barrels per Day),19,MBBL/D
2012-11,R10-Z00,PADD 1,EPJK,Kerosene-Type Jet Fuel,IM0,Imports,MKJIMP11,East Coast (PADD 1) Imports of Kerosene-Type Jet Fuel (Thousand Barrels),555,MBBL
2012-11,R10-Z00,PADD 1,EPJK,Kerosene-Type Jet Fuel,IM0,Imports,MKJIMP12,East Coast (PADD 1) Imports of Kerosene-Type Jet Fuel (Thousand Barrels per Day),19,MBBL/D
2012-12,R10-Z00,PADD 1,EPJK,Kerosene-Type Jet Fuel,IM0,Imports,MKJIMP11,East Coast (PADD 1) Imports of Kerosene-Type Jet Fuel (Thousand Barrels),762,MBBL
2012-12,R10-Z00,PADD 1,EPJK,Kerosene-Type Jet Fuel,IM0,Imports,MKJIMP12,East Coast (PADD 1) Imports of Kerosene-Type Jet Fuel (Thousand Barrels per Day),25,MBBL/D
2013-01,R10-Z00,PADD 1,EPJK,Kerosene-Type Jet Fuel,IM0,Imports,MKJIMP11,East Coast (PADD 1) Imports of Kerosene-Type Jet Fuel (Thousand Barrels),1436,MBBL
2013-01,R10-Z00,PADD 1,EPJK,Kerosene-Type Jet Fuel,IM0,Imports,MKJIMP12,East Coast (PADD 1) Imports of Kerosene-Type Jet Fuel (Thousand Barrels per Day),46,MBBL/D
2013-02,R10-Z00,PADD 1,EPJK,Kerosene-Type Jet Fuel,IM0,Imports,MKJIMP11,East Coast (PADD 1) Imports of Kerosene-Type Jet Fuel (Thousand Barrels),1098,MBBL
2013-02,R10-Z00,PADD 1,EPJK,Kerosene-Type Jet Fuel,IM0,Imports,MKJIMP12,East Coast (PADD 1) Imports of Kerosene-Type Jet Fuel (Thousand Barrels per Day),39,MBBL/D
2013-03,R10-Z00,PADD 1,EPJK,Kerosene-Type Jet Fuel,IM0,Imports,MKJIMP11,East Coast (PADD 1) Imports of Kerosene-Type Jet Fuel (Thousand Barrels),1065,MBBL
2013-03,R10-Z00,PADD 1,EPJK,Kerosene-Type Jet Fuel,IM0,Imports,MKJIMP12,East Coast (PADD 1) Imports of Kerosene-Type Jet Fuel (Thousand Barrels per Day),34,MBBL/D
2013-04,R10-Z00,PADD 1,EPJK,Kerosene-Type Jet Fuel,IM0,Imports,MKJIMP11,East Coast (PADD 1) Imports of Kerosene-Type Jet Fuel (Thousand Barrels),1696,MBBL
2013-04,R10-Z00,PADD 1,EPJK,Kerosene-Type Jet Fuel,IM0,Imports,MKJIMP12,East Coast (PADD 1) Imports of Kerosene-Type Jet Fuel (Thousand Barrels per Day),57,MBBL/D
2013-05,R10-Z00,PADD 1,EPJK,Kerosene-Type Jet Fuel,IM0,Imports,MKJIMP11,East Coast (PADD 1) Imports of Kerosene-Type Jet Fuel (Thousand Barrels),1270,MBBL
2013-05,R10-Z00,PADD 1,EPJK,Kerosene-Type Jet Fuel,IM0,Imports,MKJIMP12,East Coast (PADD 1) Imports of Kerosene-Type Jet Fuel (Thousand Barrels per Day),41,MBBL/D
2013-06,R10-Z00,PADD 1,EPJK,Kerosene-Type Jet Fuel,IM0,Imports,MKJIMP11,East Coast (PADD 1) Imports of Kerosene-Type Jet Fuel (Thousand Barrels),957,MBBL
2013-06,R10-Z00,PADD 1,EPJK,Kerosene-Type Jet Fuel,IM0,Imports,MKJIMP12,East Coast (PADD 1) Imports of Kerosene-Type Jet Fuel (Thousand Barrels per Day),32,MBBL/D
2013-07,R10-Z00,PADD 1,EPJK,Kerosene-Type Jet Fuel,IM0,Imports,MKJIMP11,East Coast (PADD 1) Imports of Kerosene-Type Jet Fuel (Thousand Barrels),1438,MBBL
2013-07,R10-Z00,PADD 1,EPJK,Kerosene-Type Jet Fuel,IM0,Imports,MKJIMP12,East Coast (PADD 1) Imports of Kerosene-Type Jet Fuel (Thousand Barrels per Day),46,MBBL/D
2013-08,R10-Z00,PADD 1,EPJK,Kerosene-Type Jet Fuel,IM0,Imports,MKJIMP11,East Coast (PADD 1) Imports of Kerosene-Type Jet Fuel (Thousand Barrels),2715,MBBL
2013-08,R10-Z00,PADD 1,EPJK,Kerosene-Type Jet Fuel,IM0,Imports,MKJIMP12,East Coast (PADD 1) Imports of Kerosene-Type Jet Fuel (Thousand Barrels per Day),88,MBBL/D
2013-09,R10-Z00,PADD 1,EPJK,Kerosene-Type Jet Fuel,IM0,Imports,MKJIMP11,East Coast (PADD 1) Imports of Kerosene-Type Jet Fuel (Thousand Barrels),1002,MBBL
2013-09,R10-Z00,PADD 1,EPJK,Kerosene-Type Jet Fuel,IM0,Imports,MKJIMP12,East Coast (PADD 1) Imports of Kerosene-Type Jet Fuel (Thousand Barrels per Day),33,MBBL/D
2013-10,R10-Z00,PADD 1,EPJK,Kerosene-Type Jet Fuel,IM0,Imports,MKJIMP11,East Coast (PADD 1) Imports of Kerosene-Type Jet Fuel (Thousand Barrels),2072,MBBL
2013-10,R10-Z00,PADD 1,EPJK,Kerosene-Type Jet Fuel,IM0,Imports,MKJIMP12,East Coast (PADD 1) Imports of Kerosene-Type Jet Fuel (Thousand Barrels per Day),67,MBBL/D
2013-11,R10-Z00,PADD 1,EPJK,Kerosene-Type Jet Fuel,IM0,Imports,MKJIMP11,East Coast (PADD 1) Imports of Kerosene-Type Jet Fuel (Thousand Barrels),1122,MBBL
2013-11,R10-Z00,PADD 1,EPJK,Kerosene-Type Jet Fuel,IM0,Imports,MKJIMP12,East Coast (PADD 1) Imports of Kerosene-Type Jet Fuel (Thousand Barrels per Day),37,MBBL/D
2013-12,R10-Z00,PADD 1,EPJK,Kerosene-Type Jet Fuel,IM0,Imports,MKJIMP11,East Coast (PADD 1) Imports of Kerosene-Type Jet Fuel (Thousand Barrels),1578,MBBL
2013-12,R10-Z00,PADD 1,EPJK,Kerosene-Type Jet Fuel,IM0,Imports,MKJIMP12,East Coast (PADD 1) Imports of Kerosene-Type Jet Fuel (Thousand Barrels per Day),51,MBBL/D
2014-01,R10-Z00,PADD 1,EPJK,Kerosene-Type Jet Fuel,IM0,Imports,MKJIMP11,East Coast (PADD 1) Imports of Kerosene-Type Jet Fuel (Thousand Barrels),974,MBBL
2014-01,R10-Z00,PADD 1,EPJK,Kerosene-Type Jet Fuel,IM0,Imports,MKJIMP12,East Coast (PADD 1) Imports of Kerosene-Type Jet Fuel (Thousand Barrels per Day),31,MBBL/D
2014-02,R10-Z00,PADD 1,EPJK,Kerosene-Type Jet Fuel,IM0,Imports,MKJIMP11,East Coast (PADD 1) Imports of Kerosene-Type Jet Fuel (Thousand Barrels),2208,MBBL
2014-02,R10-Z00,PADD 1,EPJK,Kerosene-Type Jet Fuel,IM0,Imports,MKJIMP12,East Coast (PADD 1) Imports of Kerosene-Type Jet Fuel (Thousand Barrels per Day),79,MBBL/D
2014-03,R10-Z00,PADD 1,EPJK,Kerosene-Type Jet Fuel,IM0,Imports,MKJIMP11,East Coast (PADD 1) Imports of Kerosene-Type Jet Fuel (Thousand Barrels),2803,MBBL
2014-03,R10-Z00,PADD 1,EPJK,Kerosene-Type Jet Fuel,IM0,Imports,MKJIMP12,East Coast (PADD 1) Imports of Kerosene-Type Jet Fuel (Thousand Barrels per Day),90,MBBL/D
2014-04,R10-Z00,PADD 1,EPJK,Kerosene-Type Jet Fuel,IM0,Imports,MKJIMP11,East Coast (PADD 1) Imports of Kerosene-Type Jet Fuel (Thousand Barrels),3457,MBBL
2014-04,R10-Z00,PADD 1,EPJK,Kerosene-Type Jet Fuel,IM0,Imports,MKJIMP12,East Coast (PADD 1) Imports of Kerosene-Type Jet Fuel (Thousand Barrels per Day),115,MBBL/D
2014-05,R10-Z00,PADD 1,EPJK,Kerosene-Type Jet Fuel,IM0,Imports,MKJIMP11,East Coast (PADD 1) Imports of Kerosene-Type Jet Fuel (Thousand Barrels),1796,MBBL
2014-05,R10-Z00,PADD 1,EPJK,Kerosene-Type Jet Fuel,IM0,Imports,MKJIMP12,East Coast (PADD 1) Imports of Kerosene-Type Jet Fuel (Thousand Barrels per Day),58,MBBL/D
2014-06,R10-Z00,PADD 1,EPJK,Kerosene-Type Jet Fuel,IM0,Imports,MKJIMP11,East Coast (PADD 1) Imports of Kerosene-Type Jet Fuel (Thousand Barrels),1745,MBBL
2014-06,R10-Z00,PADD 1,EPJK,Kerosene-Type Jet Fuel,IM0,Imports,MKJIMP12,East Coast (PADD 1) Imports of Kerosene-Type Jet Fuel (Thousand Barrels per Day),58,MBBL/D
2014-07,R10-Z00,PADD 1,EPJK,Kerosene-Type Jet Fuel,IM0,Imports,MKJIMP11,East Coast (PADD 1) Imports of Kerosene-Type Jet Fuel (Thousand Barrels),1045,MBBL
2014-07,R10-Z00,PADD 1,EPJK,Kerosene-Type Jet Fuel,IM0,Imports,MKJIMP12,East Coast (PADD 1) Imports of Kerosene-Type Jet Fuel (Thousand Barrels per Day),34,MBBL/D
2014-08,R10-Z00,PADD 1,EPJK,Kerosene-Type Jet Fuel,IM0,Imports,MKJIMP11,East Coast (PADD 1) Imports of Kerosene-Type Jet Fuel (Thousand Barrels),1557,MBBL
2014-08,R10-Z00,PADD 1,EPJK,Kerosene-Type Jet Fuel,IM0,Imports,MKJIMP12,East Coast (PADD 1) Imports of Kerosene-Type Jet Fuel (Thousand Barrels per Day),50,MBBL/D
2014-09,R10-Z00,PADD 1,EPJK,Kerosene-Type Jet Fuel,IM0,Imports,MKJIMP11,East Coast (PADD 1) Imports of Kerosene-Type Jet Fuel (Thousand Barrels),2599,MBBL
2014-09,R10-Z00,PADD 1,EPJK,Kerosene-Type Jet Fuel,IM0,Imports,MKJIMP12,East Coast (PADD 1) Imports of Kerosene-Type Jet Fuel (Thousand Barrels per Day),87,MBBL/D
2014-10,R10-Z00,PADD 1,EPJK,Kerosene-Type Jet Fuel,IM0,Imports,MKJIMP11,East Coast (PADD 1) Imports of Kerosene-Type Jet Fuel (Thousand Barrels),1962,MBBL
2014-10,R10-Z00,PADD 1,EPJK,Kerosene-Type Jet Fuel,IM0,Imports,MKJIMP12,East Coast (PADD 1) Imports of Kerosene-Type Jet Fuel (Thousand Barrels per Day),63,MBBL/D
2014-11,R10-Z00,PADD 1,EPJK,Kerosene-Type Jet Fuel,IM0,Imports,MKJIMP11,East Coast (PADD 1) Imports of Kerosene-Type Jet Fuel (Thousand Barrels),2085,MBBL
2014-11,R10-Z00,PADD 1,EPJK,Kerosene-Type Jet Fuel,IM0,Imports,MKJIMP12,East Coast (PADD 1) Imports of Kerosene-Type Jet Fuel (Thousand Barrels per Day),70,MBBL/D
2014-12,R10-Z00,PADD 1,EPJK,Kerosene-Type Jet Fuel,IM0,Imports,MKJIMP11,East Coast (PADD 1) Imports of Kerosene-Type Jet Fuel (Thousand Barrels),2841,MBBL
2014-12,R10-Z00,PADD 1,EPJK,Kerosene-Type Jet Fuel,IM0,Imports,MKJIMP12,East Coast (PADD 1) Imports of Kerosene-Type Jet Fuel (Thousand Barrels per Day),92,MBBL/D
2015-01,R10-Z00,PADD 1,EPJK,Kerosene-Type Jet Fuel,IM0,Imports,MKJIMP11,East Coast (PADD 1) Imports of Kerosene-Type Jet Fuel (Thousand Barrels),3282,MBBL
2015-01,R10-Z00,PADD 1,EPJK,Kerosene-Type Jet Fuel,IM0,Imports,MKJIMP12,East Coast (PADD 1) Imports of Kerosene-Type Jet Fuel (Thousand Barrels per Day),106,MBBL/D
2015-02,R10-Z00,PADD 1,EPJK,Kerosene-Type Jet Fuel,IM0,Imports,MKJIMP11,East Coast (PADD 1) Imports of Kerosene-Type Jet Fuel (Thousand Barrels),2708,MBBL
2015-02,R10-Z00,PADD 1,EPJK,Kerosene-Type Jet Fuel,IM0,Imports,MKJIMP12,East Coast (PADD 1) Imports of Kerosene-Type Jet Fuel (Thousand Barrels per Day),97,MBBL/D
2015-03,R10-Z00,PADD 1,EPJK,Kerosene-Type Jet Fuel,IM0,Imports,MKJIMP11,East Coast (PADD 1) Imports of Kerosene-Type Jet Fuel (Thousand Barrels),3224,MBBL
2015-03,R10-Z00,PADD 1,EPJK,Kerosene-Type Jet Fuel,IM0,Imports,MKJIMP12,East Coast (PADD 1) Imports of Kerosene-Type Jet Fuel (Thousand Barrels per Day),104,MBBL/D
2015-04,R10-Z00,PADD 1,EPJK,Kerosene-Type Jet Fuel,IM0,Imports,MKJIMP11,East Coast (PADD 1) Imports of Kerosene-Type Jet Fuel (Thousand Barrels),2690,MBBL
2015-04,R10-Z00,PADD 1,EPJK,Kerosene-Type Jet Fuel,IM0,Imports,MKJIMP12,East Coast (PADD 1) Imports of Kerosene-Type Jet Fuel (Thousand Barrels per Day),90,MBBL/D
2015-05,R10-Z00,PADD 1,EPJK,Kerosene-Type Jet Fuel,IM0,Imports,MKJIMP11,East Coast (PADD 1) Imports of Kerosene-Type Jet Fuel (Thousand Barrels),2896,MBBL
2015-05,R10-Z00,PADD 1,EPJK,Kerosene-Type Jet Fuel,IM0,Imports,MKJIMP12,East Coast (PADD 1) Imports of Kerosene-Type Jet Fuel (Thousand Barrels per Day),93,MBBL/D
2015-06,R10-Z00,PADD 1,EPJK,Kerosene-Type Jet Fuel,IM0,Imports,MKJIMP11,East Coast (PADD 1) Imports of Kerosene-Type Jet Fuel (Thousand Barrels),2339,MBBL
2015-06,R10-Z00,PADD 1,EPJK,Kerosene-Type Jet Fuel,IM0,Imports,MKJIMP12,East Coast (PADD 1) Imports of Kerosene-Type Jet Fuel (Thousand Barrels per Day),78,MBBL/D
2015-07,R10-Z00,PADD 1,EPJK,Kerosene-Type Jet Fuel,IM0,Imports,MKJIMP11,East Coast (PADD 1) Imports of Kerosene-Type Jet Fuel (Thousand Barrels),1932,MBBL
2015-07,R10-Z00,PADD 1,EPJK,Kerosene-Type Jet Fuel,IM0,Imports,MKJIMP12,East Coast (PADD 1) Imports of Kerosene-Type Jet Fuel (Thousand Barrels per Day),62,MBBL/D
2015-08,R10-Z00,PADD 1,EPJK,Kerosene-Type Jet Fuel,IM0,Imports,MKJIMP11,East Coast (PADD 1) Imports of Kerosene-Type Jet Fuel (Thousand Barrels),1320,MBBL
2015-08,R10-Z00,PADD 1,EPJK,Kerosene-Type Jet Fuel,IM0,Imports,MKJIMP12,East Coast (PADD 1) Imports of Kerosene-Type Jet Fuel (Thousand Barrels per Day),43,MBBL/D
2015-09,R10-Z00,PADD 1,EPJK,Kerosene-Type Jet Fuel,IM0,Imports,MKJIMP11,East Coast (PADD 1) Imports of Kerosene-Type Jet Fuel (Thousand Barrels),1226,MBBL
2015-09,R10-Z00,PADD 1,EPJK,Kerosene-Type Jet Fuel,IM0,Imports,MKJIMP12,East Coast (PADD 1) Imports of Kerosene-Type Jet Fuel (Thousand Barrels per Day),41,MBBL/D
2015-10,R10-Z00,PADD 1,EPJK,Kerosene-Type Jet Fuel,IM0,Imports,MKJIMP11,East Coast (PADD 1) Imports of Kerosene-Type Jet Fuel (Thousand Barrels),1239,MBBL
2015-10,R10-Z00,PADD 1,EPJK,Kerosene-Type Jet Fuel,IM0,Imports,MKJIMP12,East Coast (PADD 1) Imports of Kerosene-Type Jet Fuel (Thousand Barrels per Day),40,MBBL/D
2015-11,R10-Z00,PADD 1,EPJK,Kerosene-Type Jet Fuel,IM0,Imports,MKJIMP11,East Coast (PADD 1) Imports of Kerosene-Type Jet Fuel (Thousand Barrels),1319,MBBL
2015-11,R10-Z00,PADD 1,EPJK,Kerosene-Type Jet Fuel,IM0,Imports,MKJIMP12,East Coast (PADD 1) Imports of Kerosene-Type Jet Fuel (Thousand Barrels per Day),44,MBBL/D
2015-12,R10-Z00,PADD 1,EPJK,Kerosene-Type Jet Fuel,IM0,Imports,MKJIMP11,East Coast (PADD 1) Imports of Kerosene-Type Jet Fuel (Thousand Barrels),1394,MBBL
2015-12,R10-Z00,PADD 1,EPJK,Kerosene-Type Jet Fuel,IM0,Imports,MKJIMP12,East Coast (PADD 1) Imports of Kerosene-Type Jet Fuel (Thousand Barrels per Day),45,MBBL/D
2016-01,R10-Z00,PADD 1,EPJK,Kerosene-Type Jet Fuel,IM0,Imports,MKJIMP11,East Coast (PADD 1) Imports of Kerosene-Type Jet Fuel (Thousand Barrels),2395,MBBL
2016-01,R10-Z00,PADD 1,EPJK,Kerosene-Type Jet Fuel,IM0,Imports,MKJIMP12,East Coast (PADD 1) Imports of Kerosene-Type Jet Fuel (Thousand Barrels per Day),77,MBBL/D
2016-02,R10-Z00,PADD 1,EPJK,Kerosene-Type Jet Fuel,IM0,Imports,MKJIMP11,East Coast (PADD 1) Imports of Kerosene-Type Jet Fuel (Thousand Barrels),2538,MBBL
2016-02,R10-Z00,PADD 1,EPJK,Kerosene-Type Jet Fuel,IM0,Imports,MKJIMP12,East Coast (PADD 1) Imports of Kerosene-Type Jet Fuel (Thousand Barrels per Day),88,MBBL/D
2016-03,R10-Z00,PADD 1,EPJK,Kerosene-Type Jet Fuel,IM0,Imports,MKJIMP11,East Coast (PADD 1) Imports of Kerosene-Type Jet Fuel (Thousand Barrels),2316,MBBL
2016-03,R10-Z00,PADD 1,EPJK,Kerosene-Type Jet Fuel,IM0,Imports,MKJIMP12,East Coast (PADD 1) Imports of Kerosene-Type Jet Fuel (Thousand Barrels per Day),75,MBBL/D
2016-04,R10-Z00,PADD 1,EPJK,Kerosene-Type Jet Fuel,IM0,Imports,MKJIMP11,East Coast (PADD 1) Imports of Kerosene-Type Jet Fuel (Thousand Barrels),1632,MBBL
2016-04,R10-Z00,PADD 1,EPJK,Kerosene-Type Jet Fuel,IM0,Imports,MKJIMP12,East Coast (PADD 1) Imports of Kerosene-Type Jet Fuel (Thousand Barrels per Day),54,MBBL/D
2016-05,R10-Z00,PADD 1,EPJK,Kerosene-Type Jet Fuel,IM0,Imports,MKJIMP11,East Coast (PADD 1) Imports of Kerosene-Type Jet Fuel (Thousand Barrels),1678,MBBL
2016-05,R10-Z00,PADD 1,EPJK,Kerosene-Type Jet Fuel,IM0,Imports,MKJIMP12,East Coast (PADD 1) Imports of Kerosene-Type Jet Fuel (Thousand Barrels per Day),54,MBBL/D
2016-06,R10-Z00,PADD 1,EPJK,Kerosene-Type Jet Fuel,IM0,Imports,MKJIMP11,East Coast (PADD 1) Imports of Kerosene-Type Jet Fuel (Thousand Barrels),1501,MBBL
2016-06,R10-Z00,PADD 1,EPJK,Kerosene-Type Jet Fuel,IM0,Imports,MKJIMP12,East Coast (PADD 1) Imports of Kerosene-Type Jet Fuel (Thousand Barrels per Day),50,MBBL/D
2016-07,R10-Z00,PADD 1,EPJK,Kerosene-Type Jet Fuel,IM0,Imports,MKJIMP11,East Coast (PADD 1) Imports of Kerosene-Type Jet Fuel (Thousand Barrels),1603,MBBL
2016-07,R10-Z00,PADD 1,EPJK,Kerosene-Type Jet Fuel,IM0,Imports,MKJIMP12,East Coast (PADD 1) Imports of Kerosene-Type Jet Fuel (Thousand Barrels per Day),52,MBBL/D
2016-08,R10-Z00,PADD 1,EPJK,Kerosene-Type Jet Fuel,IM0,Imports,MKJIMP11,East Coast (PADD 1) Imports of Kerosene-Type Jet Fuel (Thousand Barrels),1260,MBBL
2016-08,R10-Z00,PADD 1,EPJK,Kerosene-Type Jet Fuel,IM0,Imports,MKJIMP12,East Coast (PADD 1) Imports of Kerosene-Type Jet Fuel (Thousand Barrels per Day),41,MBBL/D
2016-09,R10-Z00,PADD 1,EPJK,Kerosene-Type Jet Fuel,IM0,Imports,MKJIMP11,East Coast (PADD 1) Imports of Kerosene-Type Jet Fuel (Thousand Barrels),1985,MBBL
2016-09,R10-Z00,PADD 1,EPJK,Kerosene-Type Jet Fuel,IM0,Imports,MKJIMP12,East Coast (PADD 1) Imports of Kerosene-Type Jet Fuel (Thousand Barrels per Day),66,MBBL/D
2016-10,R10-Z00,PADD 1,EPJK,Kerosene-Type Jet Fuel,IM0,Imports,MKJIMP11,East Coast (PADD 1) Imports of Kerosene-Type Jet Fuel (Thousand Barrels),1172,MBBL
2016-10,R10-Z00,PADD 1,EPJK,Kerosene-Type Jet Fuel,IM0,Imports,MKJIMP12,East Coast (PADD 1) Imports of Kerosene-Type Jet Fuel (Thousand Barrels per Day),38,MBBL/D
2016-11,R10-Z00,PADD 1,EPJK,Kerosene-Type Jet Fuel,IM0,Imports,MKJIMP11,East Coast (PADD 1) Imports of Kerosene-Type Jet Fuel (Thousand Barrels),1004,MBBL
2016-11,R10-Z00,PADD 1,EPJK,Kerosene-Type Jet Fuel,IM0,Imports,MKJIMP12,East Coast (PADD 1) Imports of Kerosene-Type Jet Fuel (Thousand Barrels per Day),33,MBBL/D
2016-12,R10-Z00,PADD 1,EPJK,Kerosene-Type Jet Fuel,IM0,Imports,MKJIMP11,East Coast (PADD 1) Imports of Kerosene-Type Jet Fuel (Thousand Barrels),1501,MBBL
2016-12,R10-Z00,PADD 1,EPJK,Kerosene-Type Jet Fuel,IM0,Imports,MKJIMP12,East Coast (PADD 1) Imports of Kerosene-Type Jet Fuel (Thousand Barrels per Day),48,MBBL/D
2017-01,R10-Z00,PADD 1,EPJK,Kerosene-Type Jet Fuel,IM0,Imports,MKJIMP11,East Coast (PADD 1) Imports of Kerosene-Type Jet Fuel (Thousand Barrels),1332,MBBL
2017-01,R10-Z00,PADD 1,EPJK,Kerosene-Type Jet Fuel,IM0,Imports,MKJIMP12,East Coast (PADD 1) Imports of Kerosene-Type Jet Fuel (Thousand Barrels per Day),43,MBBL/D
2017-02,R10-Z00,PADD 1,EPJK,Kerosene-Type Jet Fuel,IM0,Imports,MKJIMP11,East Coast (PADD 1) Imports of Kerosene-Type Jet Fuel (Thousand Barrels),1591,MBBL
2017-02,R10-Z00,PADD 1,EPJK,Kerosene-Type Jet Fuel,IM0,Imports,MKJIMP12,East Coast (PADD 1) Imports of Kerosene-Type Jet Fuel (Thousand Barrels per Day),57,MBBL/D
2017-03,R10-Z00,PADD 1,EPJK,Kerosene-Type Jet Fuel,IM0,Imports,MKJIMP11,East Coast (PADD 1) Imports of Kerosene-Type Jet Fuel (Thousand Barrels),1185,MBBL
2017-03,R10-Z00,PADD 1,EPJK,Kerosene-Type Jet Fuel,IM0,Imports,MKJIMP12,East Coast (PADD 1) Imports of Kerosene-Type Jet Fuel (Thousand Barrels per Day),38,MBBL/D
2017-04,R10-Z00,PADD 1,EPJK,Kerosene-Type Jet Fuel,IM0,Imports,MKJIMP11,East Coast (PADD 1) Imports of Kerosene-Type Jet Fuel (Thousand Barrels),2261,MBBL
2017-04,R10-Z00,PADD 1,EPJK,Kerosene-Type Jet Fuel,IM0,Imports,MKJIMP12,East Coast (PADD 1) Imports of Kerosene-Type Jet Fuel (Thousand Barrels per Day),75,MBBL/D
2017-05,R10-Z00,PADD 1,EPJK,Kerosene-Type Jet Fuel,IM0,Imports,MKJIMP11,East Coast (PADD 1) Imports of Kerosene-Type Jet Fuel (Thousand Barrels),1010,MBBL
2017-05,R10-Z00,PADD 1,EPJK,Kerosene-Type Jet Fuel,IM0,Imports,MKJIMP12,East Coast (PADD 1) Imports of Kerosene-Type Jet Fuel (Thousand Barrels per Day),33,MBBL/D
2017-06,R10-Z00,PADD 1,EPJK,Kerosene-Type Jet Fuel,IM0,Imports,MKJIMP11,East Coast (PADD 1) Imports of Kerosene-Type Jet Fuel (Thousand Barrels),1662,MBBL
2017-06,R10-Z00,PADD 1,EPJK,Kerosene-Type Jet Fuel,IM0,Imports,MKJIMP12,East Coast (PADD 1) Imports of Kerosene-Type Jet Fuel (Thousand Barrels per Day),55,MBBL/D
2017-07,R10-Z00,PADD 1,EPJK,Kerosene-Type Jet Fuel,IM0,Imports,MKJIMP11,East Coast (PADD 1) Imports of Kerosene-Type Jet Fuel (Thousand Barrels),902,MBBL
2017-07,R10-Z00,PADD 1,EPJK,Kerosene-Type Jet Fuel,IM0,Imports,MKJIMP12,East Coast (PADD 1) Imports of Kerosene-Type Jet Fuel (Thousand Barrels per Day),29,MBBL/D
2017-08,R10-Z00,PADD 1,EPJK,Kerosene-Type Jet Fuel,IM0,Imports,MKJIMP11,East Coast (PADD 1) Imports of Kerosene-Type Jet Fuel (Thousand Barrels),1751,MBBL
2017-08,R10-Z00,PADD 1,EPJK,Kerosene-Type Jet Fuel,IM0,Imports,MKJIMP12,East Coast (PADD 1) Imports of Kerosene-Type Jet Fuel (Thousand Barrels per Day),56,MBBL/D
2017-09,R10-Z00,PADD 1,EPJK,Kerosene-Type Jet Fuel,IM0,Imports,MKJIMP11,East Coast (PADD 1) Imports of Kerosene-Type Jet Fuel (Thousand Barrels),3284,MBBL
2017-09,R10-Z00,PADD 1,EPJK,Kerosene-Type Jet Fuel,IM0,Imports,MKJIMP12,East Coast (PADD 1) Imports of Kerosene-Type Jet Fuel (Thousand Barrels per Day),109,MBBL/D
2017-10,R10-Z00,PADD 1,EPJK,Kerosene-Type Jet Fuel,IM0,Imports,MKJIMP11,East Coast (PADD 1) Imports of Kerosene-Type Jet Fuel (Thousand Barrels),3619,MBBL
2017-10,R10-Z00,PADD 1,EPJK,Kerosene-Type Jet Fuel,IM0,Imports,MKJIMP12,East Coast (PADD 1) Imports of Kerosene-Type Jet Fuel (Thousand Barrels per Day),117,MBBL/D
2017-11,R10-Z00,PADD 1,EPJK,Kerosene-Type Jet Fuel,IM0,Imports,MKJIMP11,East Coast (PADD 1) Imports of Kerosene-Type Jet Fuel (Thousand Barrels),2690,MBBL
2017-11,R10-Z00,PADD 1,EPJK,Kerosene-Type Jet Fuel,IM0,Imports,MKJIMP12,East Coast (PADD 1) Imports of Kerosene-Type Jet Fuel (Thousand Barrels per Day),90,MBBL/D
2017-12,R10-Z00,PADD 1,EPJK,Kerosene-Type Jet Fuel,IM0,Imports,MKJIMP11,East Coast (PADD 1) Imports of Kerosene-Type Jet Fuel (Thousand Barrels),2363,MBBL
2017-12,R10-Z00,PADD 1,EPJK,Kerosene-Type Jet Fuel,IM0,Imports,MKJIMP12,East Coast (PADD 1) Imports of Kerosene-Type Jet Fuel (Thousand Barrels per Day),76,MBBL/D
2018-01,R10-Z00,PADD 1,EPJK,Kerosene-Type Jet Fuel,IM0,Imports,MKJIMP11,East Coast (PADD 1) Imports of Kerosene-Type Jet Fuel (Thousand Barrels),2142,MBBL
2018-01,R10-Z00,PADD 1,EPJK,Kerosene-Type Jet Fuel,IM0,Imports,MKJIMP12,East Coast (PADD 1) Imports of Kerosene-Type Jet Fuel (Thousand Barrels per Day),69,MBBL/D
2018-02,R10-Z00,PADD 1,EPJK,Kerosene-Type Jet Fuel,IM0,Imports,MKJIMP11,East Coast (PADD 1) Imports of Kerosene-Type Jet Fuel (Thousand Barrels),1268,MBBL
2018-02,R10-Z00,PADD 1,EPJK,Kerosene-Type Jet Fuel,IM0,Imports,MKJIMP12,East Coast (PADD 1) Imports of Kerosene-Type Jet Fuel (Thousand Barrels per Day),45,MBBL/D
2018-03,R10-Z00,PADD 1,EPJK,Kerosene-Type Jet Fuel,IM0,Imports,MKJIMP11,East Coast (PADD 1) Imports of Kerosene-Type Jet Fuel (Thousand Barrels),1140,MBBL
2018-03,R10-Z00,PADD 1,EPJK,Kerosene-Type Jet Fuel,IM0,Imports,MKJIMP12,East Coast (PADD 1) Imports of Kerosene-Type Jet Fuel (Thousand Barrels per Day),37,MBBL/D
2018-04,R10-Z00,PADD 1,EPJK,Kerosene-Type Jet Fuel,IM0,Imports,MKJIMP11,East Coast (PADD 1) Imports of Kerosene-Type Jet Fuel (Thousand Barrels),1202,MBBL
2018-04,R10-Z00,PADD 1,EPJK,Kerosene-Type Jet Fuel,IM0,Imports,MKJIMP12,East Coast (PADD 1) Imports of Kerosene-Type Jet Fuel (Thousand Barrels per Day),40,MBBL/D
2018-05,R10-Z00,PADD 1,EPJK,Kerosene-Type Jet Fuel,IM0,Imports,MKJIMP11,East Coast (PADD 1) Imports of Kerosene-Type Jet Fuel (Thousand Barrels),1889,MBBL
2018-05,R10-Z00,PADD 1,EPJK,Kerosene-Type Jet Fuel,IM0,Imports,MKJIMP12,East Coast (PADD 1) Imports of Kerosene-Type Jet Fuel (Thousand Barrels per Day),61,MBBL/D
2018-06,R10-Z00,PADD 1,EPJK,Kerosene-Type Jet Fuel,IM0,Imports,MKJIMP11,East Coast (PADD 1) Imports of Kerosene-Type Jet Fuel (Thousand Barrels),1489,MBBL
2018-06,R10-Z00,PADD 1,EPJK,Kerosene-Type Jet Fuel,IM0,Imports,MKJIMP12,East Coast (PADD 1) Imports of Kerosene-Type Jet Fuel (Thousand Barrels per Day),50,MBBL/D
2018-07,R10-Z00,PADD 1,EPJK,Kerosene-Type Jet Fuel,IM0,Imports,MKJIMP11,East Coast (PADD 1) Imports of Kerosene-Type Jet Fuel (Thousand Barrels),1378,MBBL
2018-07,R10-Z00,PADD 1,EPJK,Kerosene-Type Jet Fuel,IM0,Imports,MKJIMP12,East Coast (PADD 1) Imports of Kerosene-Type Jet Fuel (Thousand Barrels per Day),44,MBBL/D
2018-08,R10-Z00,PADD 1,EPJK,Kerosene-Type Jet Fuel,IM0,Imports,MKJIMP11,East Coast (PADD 1) Imports of Kerosene-Type Jet Fuel (Thousand Barrels),1324,MBBL
2018-08,R10-Z00,PADD 1,EPJK,Kerosene-Type Jet Fuel,IM0,Imports,MKJIMP12,East Coast (PADD 1) Imports of Kerosene-Type Jet Fuel (Thousand Barrels per Day),43,MBBL/D
2018-09,R10-Z00,PADD 1,EPJK,Kerosene-Type Jet Fuel,IM0,Imports,MKJIMP11,East Coast (PADD 1) Imports of Kerosene-Type Jet Fuel (Thousand Barrels),2149,MBBL
2018-09,R10-Z00,PADD 1,EPJK,Kerosene-Type Jet Fuel,IM0,Imports,MKJIMP12,East Coast (PADD 1) Imports of Kerosene-Type Jet Fuel (Thousand Barrels per Day),72,MBBL/D
2018-10,R10-Z00,PADD 1,EPJK,Kerosene-Type Jet Fuel,IM0,Imports,MKJIMP11,East Coast (PADD 1) Imports of Kerosene-Type Jet Fuel (Thousand Barrels),1036,MBBL
2018-10,R10-Z00,PADD 1,EPJK,Kerosene-Type Jet Fuel,IM0,Imports,MKJIMP12,East Coast (PADD 1) Imports of Kerosene-Type Jet Fuel (Thousand Barrels per Day),33,MBBL/D
2018-11,R10-Z00,PADD 1,EPJK,Kerosene-Type Jet Fuel,IM0,Imports,MKJIMP11,East Coast (PADD 1) Imports of Kerosene-Type Jet Fuel (Thousand Barrels),973,MBBL
2018-11,R10-Z00,PADD 1,EPJK,Kerosene-Type Jet Fuel,IM0,Imports,MKJIMP12,East Coast (PADD 1) Imports of Kerosene-Type Jet Fuel (Thousand Barrels per Day),32,MBBL/D
2018-12,R10-Z00,PADD 1,EPJK,Kerosene-Type Jet Fuel,IM0,Imports,MKJIMP11,East Coast (PADD 1) Imports of Kerosene-Type Jet Fuel (Thousand Barrels),926,MBBL
2018-12,R10-Z00,PADD 1,EPJK,Kerosene-Type Jet Fuel,IM0,Imports,MKJIMP12,East Coast (PADD 1) Imports of Kerosene-Type Jet Fuel (Thousand Barrels per Day),30,MBBL/D
2019-01,R10-Z00,PADD 1,EPJK,Kerosene-Type Jet Fuel,IM0,Imports,MKJIMP11,East Coast (PADD 1) Imports of Kerosene-Type Jet Fuel (Thousand Barrels),1344,MBBL
2019-01,R10-Z00,PADD 1,EPJK,Kerosene-Type Jet Fuel,IM0,Imports,MKJIMP12,East Coast (PADD 1) Imports of Kerosene-Type Jet Fuel (Thousand Barrels per Day),43,MBBL/D
2019-02,R10-Z00,PADD 1,EPJK,Kerosene-Type Jet Fuel,IM0,Imports,MKJIMP11,East Coast (PADD 1) Imports of Kerosene-Type Jet Fuel (Thousand Barrels),1632,MBBL
2019-02,R10-Z00,PADD 1,EPJK,Kerosene-Type Jet Fuel,IM0,Imports,MKJIMP12,East Coast (PADD 1) Imports of Kerosene-Type Jet Fuel (Thousand Barrels per Day),58,MBBL/D
2019-03,R10-Z00,PADD 1,EPJK,Kerosene-Type Jet Fuel,IM0,Imports,MKJIMP11,East Coast (PADD 1) Imports of Kerosene-Type Jet Fuel (Thousand Barrels),1911,MBBL
2019-03,R10-Z00,PADD 1,EPJK,Kerosene-Type Jet Fuel,IM0,Imports,MKJIMP12,East Coast (PADD 1) Imports of Kerosene-Type Jet Fuel (Thousand Barrels per Day),62,MBBL/D
2019-04,R10-Z00,PADD 1,EPJK,Kerosene-Type Jet Fuel,IM0,Imports,MKJIMP11,East Coast (PADD 1) Imports of Kerosene-Type Jet Fuel (Thousand Barrels),1782,MBBL
2019-04,R10-Z00,PADD 1,EPJK,Kerosene-Type Jet Fuel,IM0,Imports,MKJIMP12,East Coast (PADD 1) Imports of Kerosene-Type Jet Fuel (Thousand Barrels per Day),59,MBBL/D
2019-05,R10-Z00,PADD 1,EPJK,Kerosene-Type Jet Fuel,IM0,Imports,MKJIMP11,East Coast (PADD 1) Imports of Kerosene-Type Jet Fuel (Thousand Barrels),1526,MBBL
2019-05,R10-Z00,PADD 1,EPJK,Kerosene-Type Jet Fuel,IM0,Imports,MKJIMP12,East Coast (PADD 1) Imports of Kerosene-Type Jet Fuel (Thousand Barrels per Day),49,MBBL/D
2019-06,R10-Z00,PADD 1,EPJK,Kerosene-Type Jet Fuel,IM0,Imports,MKJIMP11,East Coast (PADD 1) Imports of Kerosene-Type Jet Fuel (Thousand Barrels),2055,MBBL
2019-06,R10-Z00,PADD 1,EPJK,Kerosene-Type Jet Fuel,IM0,Imports,MKJIMP12,East Coast (PADD 1) Imports of Kerosene-Type Jet Fuel (Thousand Barrels per Day),69,MBBL/D
2019-07,R10-Z00,PADD 1,EPJK,Kerosene-Type Jet Fuel,IM0,Imports,MKJIMP11,East Coast (PADD 1) Imports of Kerosene-Type Jet Fuel (Thousand Barrels),1906,MBBL
2019-07,R10-Z00,PADD 1,EPJK,Kerosene-Type Jet Fuel,IM0,Imports,MKJIMP12,East Coast (PADD 1) Imports of Kerosene-Type Jet Fuel (Thousand Barrels per Day),61,MBBL/D
2019-08,R10-Z00,PADD 1,EPJK,Kerosene-Type Jet Fuel,IM0,Imports,MKJIMP11,East Coast (PADD 1) Imports of Kerosene-Type Jet Fuel (Thousand Barrels),2129,MBBL
2019-08,R10-Z00,PADD 1,EPJK,Kerosene-Type Jet Fuel,IM0,Imports,MKJIMP12,East Coast (PADD 1) Imports of Kerosene-Type Jet Fuel (Thousand Barrels per Day),69,MBBL/D
2019-09,R10-Z00,PADD 1,EPJK,Kerosene-Type Jet Fuel,IM0,Imports,MKJIMP11,East Coast (PADD 1) Imports of Kerosene-Type Jet Fuel (Thousand Barrels),1329,MBBL
2019-09,R10-Z00,PADD 1,EPJK,Kerosene-Type Jet Fuel,IM0,Imports,MKJIMP12,East Coast (PADD 1) Imports of Kerosene-Type Jet Fuel (Thousand Barrels per Day),44,MBBL/D
2019-10,R10-Z00,PADD 1,EPJK,Kerosene-Type Jet Fuel,IM0,Imports,MKJIMP11,East Coast (PADD 1) Imports of Kerosene-Type Jet Fuel (Thousand Barrels),1156,MBBL
2019-10,R10-Z00,PADD 1,EPJK,Kerosene-Type Jet Fuel,IM0,Imports,MKJIMP12,East Coast (PADD 1) Imports of Kerosene-Type Jet Fuel (Thousand Barrels per Day),37,MBBL/D
2019-11,R10-Z00,PADD 1,EPJK,Kerosene-Type Jet Fuel,IM0,Imports,MKJIMP11,East Coast (PADD 1) Imports of Kerosene-Type Jet Fuel (Thousand Barrels),1210,MBBL
2019-11,R10-Z00,PADD 1,EPJK,Kerosene-Type Jet Fuel,IM0,Imports,MKJIMP12,East Coast (PADD 1) Imports of Kerosene-Type Jet Fuel (Thousand Barrels per Day),40,MBBL/D
2019-12,R10-Z00,PADD 1,EPJK,Kerosene-Type Jet Fuel,IM0,Imports,MKJIMP11,East Coast (PADD 1) Imports of Kerosene-Type Jet Fuel (Thousand Barrels),1526,MBBL
2019-12,R10-Z00,PADD 1,EPJK,Kerosene-Type Jet Fuel,IM0,Imports,MKJIMP12,East Coast (PADD 1) Imports of Kerosene-Type Jet Fuel (Thousand Barrels per Day),49,MBBL/D
2020-01,R10-Z00,PADD 1,EPJK,Kerosene-Type Jet Fuel,IM0,Imports,MKJIMP11,East Coast (PADD 1) Imports of Kerosene-Type Jet Fuel (Thousand Barrels),952,MBBL
2020-01,R10-Z00,PADD 1,EPJK,Kerosene-Type Jet Fuel,IM0,Imports,MKJIMP12,East Coast (PADD 1) Imports of Kerosene-Type Jet Fuel (Thousand Barrels per Day),31,MBBL/D
2020-02,R10-Z00,PADD 1,EPJK,Kerosene-Type Jet Fuel,IM0,Imports,MKJIMP11,East Coast (PADD 1) Imports of Kerosene-Type Jet Fuel (Thousand Barrels),1289,MBBL
2020-02,R10-Z00,PADD 1,EPJK,Kerosene-Type Jet Fuel,IM0,Imports,MKJIMP12,East Coast (PADD 1) Imports of Kerosene-Type Jet Fuel (Thousand Barrels per Day),44,MBBL/D
2020-03,R10-Z00,PADD 1,EPJK,Kerosene-Type Jet Fuel,IM0,Imports,MKJIMP11,East Coast (PADD 1) Imports of Kerosene-Type Jet Fuel (Thousand Barrels),832,MBBL
2020-03,R10-Z00,PADD 1,EPJK,Kerosene-Type Jet Fuel,IM0,Imports,MKJIMP12,East Coast (PADD 1) Imports of Kerosene-Type Jet Fuel (Thousand Barrels per Day),27,MBBL/D
2020-04,R10-Z00,PADD 1,EPJK,Kerosene-Type Jet Fuel,IM0,Imports,MKJIMP11,East Coast (PADD 1) Imports of Kerosene-Type Jet Fuel (Thousand Barrels),1062,MBBL
2020-04,R10-Z00,PADD 1,EPJK,Kerosene-Type Jet Fuel,IM0,Imports,MKJIMP12,East Coast (PADD 1) Imports of Kerosene-Type Jet Fuel (Thousand Barrels per Day),35,MBBL/D
2020-05,R10-Z00,PADD 1,EPJK,Kerosene-Type Jet Fuel,IM0,Imports,MKJIMP11,East Coast (PADD 1) Imports of Kerosene-Type Jet Fuel (Thousand Barrels),1424,MBBL
2020-05,R10-Z00,PADD 1,EPJK,Kerosene-Type Jet Fuel,IM0,Imports,MKJIMP12,East Coast (PADD 1) Imports of Kerosene-Type Jet Fuel (Thousand Barrels per Day),46,MBBL/D
2020-06,R10-Z00,PADD 1,EPJK,Kerosene-Type Jet Fuel,IM0,Imports,MKJIMP11,East Coast (PADD 1) Imports of Kerosene-Type Jet Fuel (Thousand Barrels),1907,MBBL
2020-06,R10-Z00,PADD 1,EPJK,Kerosene-Type Jet Fuel,IM0,Imports,MKJIMP12,East Coast (PADD 1) Imports of Kerosene-Type Jet Fuel (Thousand Barrels per Day),64,MBBL/D
2020-07,R10-Z00,PADD 1,EPJK,Kerosene-Type Jet Fuel,IM0,Imports,MKJIMP11,East Coast (PADD 1) Imports of Kerosene-Type Jet Fuel (Thousand Barrels),1373,MBBL
2020-07,R10-Z00,PADD 1,EPJK,Kerosene-Type Jet Fuel,IM0,Imports,MKJIMP12,East Coast (PADD 1) Imports of Kerosene-Type Jet Fuel (Thousand Barrels per Day),44,MBBL/D
2020-08,R10-Z00,PADD 1,EPJK,Kerosene-Type Jet Fuel,IM0,Imports,MKJIMP11,East Coast (PADD 1) Imports of Kerosene-Type Jet Fuel (Thousand Barrels),1734,MBBL
2020-08,R10-Z00,PADD 1,EPJK,Kerosene-Type Jet Fuel,IM0,Imports,MKJIMP12,East Coast (PADD 1) Imports of Kerosene-Type Jet Fuel (Thousand Barrels per Day),56,MBBL/D
2020-09,R10-Z00,PADD 1,EPJK,Kerosene-Type Jet Fuel,IM0,Imports,MKJIMP11,East Coast (PADD 1) Imports of Kerosene-Type Jet Fuel (Thousand Barrels),1788,MBBL
2020-09,R10-Z00,PADD 1,EPJK,Kerosene-Type Jet Fuel,IM0,Imports,MKJIMP12,East Coast (PADD 1) Imports of Kerosene-Type Jet Fuel (Thousand Barrels per Day),60,MBBL/D
2020-10,R10-Z00,PADD 1,EPJK,Kerosene-Type Jet Fuel,IM0,Imports,MKJIMP11,East Coast (PADD 1) Imports of Kerosene-Type Jet Fuel (Thousand Barrels),1887,MBBL
2020-10,R10-Z00,PADD 1,EPJK,Kerosene-Type Jet Fuel,IM0,Imports,MKJIMP12,East Coast (PADD 1) Imports of Kerosene-Type Jet Fuel (Thousand Barrels per Day),61,MBBL/D
2020-11,R10-Z00,PADD 1,EPJK,Kerosene-Type Jet Fuel,IM0,Imports,MKJIMP11,East Coast (PADD 1) Imports of Kerosene-Type Jet Fuel (Thousand Barrels),1595,MBBL
2020-11,R10-Z00,PADD 1,EPJK,Kerosene-Type Jet Fuel,IM0,Imports,MKJIMP12,East Coast (PADD 1) Imports of Kerosene-Type Jet Fuel (Thousand Barrels per Day),53,MBBL/D
2020-12,R10-Z00,PADD 1,EPJK,Kerosene-Type Jet Fuel,IM0,Imports,MKJIMP11,East Coast (PADD 1) Imports of Kerosene-Type Jet Fuel (Thousand Barrels),1344,MBBL
2020-12,R10-Z00,PADD 1,EPJK,Kerosene-Type Jet Fuel,IM0,Imports,MKJIMP12,East Coast (PADD 1) Imports of Kerosene-Type Jet Fuel (Thousand Barrels per Day),43,MBBL/D
2021-01,R10-Z00,PADD 1,EPJK,Kerosene-Type Jet Fuel,IM0,Imports,MKJIMP11,East Coast (PADD 1) Imports of Kerosene-Type Jet Fuel (Thousand Barrels),1117,MBBL
2021-01,R10-Z00,PADD 1,EPJK,Kerosene-Type Jet Fuel,IM0,Imports,MKJIMP12,East Coast (PADD 1) Imports of Kerosene-Type Jet Fuel (Thousand Barrels per Day),36,MBBL/D
2021-02,R10-Z00,PADD 1,EPJK,Kerosene-Type Jet Fuel,IM0,Imports,MKJIMP11,East Coast (PADD 1) Imports of Kerosene-Type Jet Fuel (Thousand Barrels),596,MBBL
2021-02,R10-Z00,PADD 1,EPJK,Kerosene-Type Jet Fuel,IM0,Imports,MKJIMP12,East Coast (PADD 1) Imports of Kerosene-Type Jet Fuel (Thousand Barrels per Day),21,MBBL/D
2021-03,R10-Z00,PADD 1,EPJK,Kerosene-Type Jet Fuel,IM0,Imports,MKJIMP11,East Coast (PADD 1) Imports of Kerosene-Type Jet Fuel (Thousand Barrels),1022,MBBL
2021-03,R10-Z00,PADD 1,EPJK,Kerosene-Type Jet Fuel,IM0,Imports,MKJIMP12,East Coast (PADD 1) Imports of Kerosene-Type Jet Fuel (Thousand Barrels per Day),33,MBBL/D
2021-04,R10-Z00,PADD 1,EPJK,Kerosene-Type Jet Fuel,IM0,Imports,MKJIMP11,East Coast (PADD 1) Imports of Kerosene-Type Jet Fuel (Thousand Barrels),1499,MBBL
2021-04,R10-Z00,PADD 1,EPJK,Kerosene-Type Jet Fuel,IM0,Imports,MKJIMP12,East Coast (PADD 1) Imports of Kerosene-Type Jet Fuel (Thousand Barrels per Day),50,MBBL/D
2021-05,R10-Z00,PADD 1,EPJK,Kerosene-Type Jet Fuel,IM0,Imports,MKJIMP11,East Coast (PADD 1) Imports of Kerosene-Type Jet Fuel (Thousand Barrels),2214,MBBL
2021-05,R10-Z00,PADD 1,EPJK,Kerosene-Type Jet Fuel,IM0,Imports,MKJIMP12,East Coast (PADD 1) Imports of Kerosene-Type Jet Fuel (Thousand Barrels per Day),71,MBBL/D
2021-06,R10-Z00,PADD 1,EPJK,Kerosene-Type Jet Fuel,IM0,Imports,MKJIMP11,East Coast (PADD 1) Imports of Kerosene-Type Jet Fuel (Thousand Barrels),2876,MBBL
2021-06,R10-Z00,PADD 1,EPJK,Kerosene-Type Jet Fuel,IM0,Imports,MKJIMP12,East Coast (PADD 1) Imports of Kerosene-Type Jet Fuel (Thousand Barrels per Day),96,MBBL/D
2021-07,R10-Z00,PADD 1,EPJK,Kerosene-Type Jet Fuel,IM0,Imports,MKJIMP11,East Coast (PADD 1) Imports of Kerosene-Type Jet Fuel (Thousand Barrels),1762,MBBL
2021-07,R10-Z00,PADD 1,EPJK,Kerosene-Type Jet Fuel,IM0,Imports,MKJIMP12,East Coast (PADD 1) Imports of Kerosene-Type Jet Fuel (Thousand Barrels per Day),57,MBBL/D
2021-08,R10-Z00,PADD 1,EPJK,Kerosene-Type Jet Fuel,IM0,Imports,MKJIMP11,East Coast (PADD 1) Imports of Kerosene-Type Jet Fuel (Thousand Barrels),2038,MBBL
2021-08,R10-Z00,PADD 1,EPJK,Kerosene-Type Jet Fuel,IM0,Imports,MKJIMP12,East Coast (PADD 1) Imports of Kerosene-Type Jet Fuel (Thousand Barrels per Day),66,MBBL/D
2021-09,R10-Z00,PADD 1,EPJK,Kerosene-Type Jet Fuel,IM0,Imports,MKJIMP11,East Coast (PADD 1) Imports of Kerosene-Type Jet Fuel (Thousand Barrels),2175,MBBL
2021-09,R10-Z00,PADD 1,EPJK,Kerosene-Type Jet Fuel,IM0,Imports,MKJIMP12,East Coast (PADD 1) Imports of Kerosene-Type Jet Fuel (Thousand Barrels per Day),73,MBBL/D
2021-10,R10-Z00,PADD 1,EPJK,Kerosene-Type Jet Fuel,IM0,Imports,MKJIMP11,East Coast (PADD 1) Imports of Kerosene-Type Jet Fuel (Thousand Barrels),3955,MBBL
2021-10,R10-Z00,PADD 1,EPJK,Kerosene-Type Jet Fuel,IM0,Imports,MKJIMP12,East Coast (PADD 1) Imports of Kerosene-Type Jet Fuel (Thousand Barrels per Day),128,MBBL/D
2021-11,R10-Z00,PADD 1,EPJK,Kerosene-Type Jet Fuel,IM0,Imports,MKJIMP11,East Coast (PADD 1) Imports of Kerosene-Type Jet Fuel (Thousand Barrels),780,MBBL
2021-11,R10-Z00,PADD 1,EPJK,Kerosene-Type Jet Fuel,IM0,Imports,MKJIMP12,East Coast (PADD 1) Imports of Kerosene-Type Jet Fuel (Thousand Barrels per Day),26,MBBL/D
2021-12,R10-Z00,PADD 1,EPJK,Kerosene-Type Jet Fuel,IM0,Imports,MKJIMP11,East Coast (PADD 1) Imports of Kerosene-Type Jet Fuel (Thousand Barrels),2671,MBBL
2021-12,R10-Z00,PADD 1,EPJK,Kerosene-Type Jet Fuel,IM0,Imports,MKJIMP12,East Coast (PADD 1) Imports of Kerosene-Type Jet Fuel (Thousand Barrels per Day),86,MBBL/D
2022-01,R10-Z00,PADD 1,EPJK,Kerosene-Type Jet Fuel,IM0,Imports,MKJIMP11,East Coast (PADD 1) Imports of Kerosene-Type Jet Fuel (Thousand Barrels),933,MBBL
2022-01,R10-Z00,PADD 1,EPJK,Kerosene-Type Jet Fuel,IM0,Imports,MKJIMP12,East Coast (PADD 1) Imports of Kerosene-Type Jet Fuel (Thousand Barrels per Day),30,MBBL/D
2022-02,R10-Z00,PADD 1,EPJK,Kerosene-Type Jet Fuel,IM0,Imports,MKJIMP11,East Coast (PADD 1) Imports of Kerosene-Type Jet Fuel (Thousand Barrels),906,MBBL
2022-02,R10-Z00,PADD 1,EPJK,Kerosene-Type Jet Fuel,IM0,Imports,MKJIMP12,East Coast (PADD 1) Imports of Kerosene-Type Jet Fuel (Thousand Barrels per Day),32,MBBL/D
2022-03,R10-Z00,PADD 1,EPJK,Kerosene-Type Jet Fuel,IM0,Imports,MKJIMP11,East Coast (PADD 1) Imports of Kerosene-Type Jet Fuel (Thousand Barrels),1396,MBBL
2022-03,R10-Z00,PADD 1,EPJK,Kerosene-Type Jet Fuel,IM0,Imports,MKJIMP12,East Coast (PADD 1) Imports of Kerosene-Type Jet Fuel (Thousand Barrels per Day),45,MBBL/D
2022-04,R10-Z00,PADD 1,EPJK,Kerosene-Type Jet Fuel,IM0,Imports,MKJIMP11,East Coast (PADD 1) Imports of Kerosene-Type Jet Fuel (Thousand Barrels),1258,MBBL
2022-04,R10-Z00,PADD 1,EPJK,Kerosene-Type Jet Fuel,IM0,Imports,MKJIMP12,East Coast (PADD 1) Imports of Kerosene-Type Jet Fuel (Thousand Barrels per Day),42,MBBL/D
2022-05,R10-Z00,PADD 1,EPJK,Kerosene-Type Jet Fuel,IM0,Imports,MKJIMP11,East Coast (PADD 1) Imports of Kerosene-Type Jet Fuel (Thousand Barrels),586,MBBL
2022-05,R10-Z00,PADD 1,EPJK,Kerosene-Type Jet Fuel,IM0,Imports,MKJIMP12,East Coast (PADD 1) Imports of Kerosene-Type Jet Fuel (Thousand Barrels per Day),19,MBBL/D
2022-06,R10-Z00,PADD 1,EPJK,Kerosene-Type Jet Fuel,IM0,Imports,MKJIMP11,East Coast (PADD 1) Imports of Kerosene-Type Jet Fuel (Thousand Barrels),365,MBBL
2022-06,R10-Z00,PADD 1,EPJK,Kerosene-Type Jet Fuel,IM0,Imports,MKJIMP12,East Coast (PADD 1) Imports of Kerosene-Type Jet Fuel (Thousand Barrels per Day),12,MBBL/D
2022-07,R10-Z00,PADD 1,EPJK,Kerosene-Type Jet Fuel,IM0,Imports,MKJIMP11,East Coast (PADD 1) Imports of Kerosene-Type Jet Fuel (Thousand Barrels),640,MBBL
2022-07,R10-Z00,PADD 1,EPJK,Kerosene-Type Jet Fuel,IM0,Imports,MKJIMP12,East Coast (PADD 1) Imports of Kerosene-Type Jet Fuel (Thousand Barrels per Day),21,MBBL/D
2022-08,R10-Z00,PADD 1,EPJK,Kerosene-Type Jet Fuel,IM0,Imports,MKJIMP11,East Coast (PADD 1) Imports of Kerosene-Type Jet Fuel (Thousand Barrels),524,MBBL
2022-08,R10-Z00,PADD 1,EPJK,Kerosene-Type Jet Fuel,IM0,Imports,MKJIMP12,East Coast (PADD 1) Imports of Kerosene-Type Jet Fuel (Thousand Barrels per Day),17,MBBL/D
2022-09,R10-Z00,PADD 1,EPJK,Kerosene-Type Jet Fuel,IM0,Imports,MKJIMP11,East Coast (PADD 1) Imports of Kerosene-Type Jet Fuel (Thousand Barrels),185,MBBL
2022-09,R10-Z00,PADD 1,EPJK,Kerosene-Type Jet Fuel,IM0,Imports,MKJIMP12,East Coast (PADD 1) Imports of Kerosene-Type Jet Fuel (Thousand Barrels per Day),6,MBBL/D
2022-10,R10-Z00,PADD 1,EPJK,Kerosene-Type Jet Fuel,IM0,Imports,MKJIMP11,East Coast (PADD 1) Imports of Kerosene-Type Jet Fuel (Thousand Barrels),1740,MBBL
2022-10,R10-Z00,PADD 1,EPJK,Kerosene-Type Jet Fuel,IM0,Imports,MKJIMP12,East Coast (PADD 1) Imports of Kerosene-Type Jet Fuel (Thousand Barrels per Day),56,MBBL/D
2022-11,R10-Z00,PADD 1,EPJK,Kerosene-Type Jet Fuel,IM0,Imports,MKJIMP11,East Coast (PADD 1) Imports of Kerosene-Type Jet Fuel (Thousand Barrels),1733,MBBL
2022-11,R10-Z00,PADD 1,EPJK,Kerosene-Type Jet Fuel,IM0,Imports,MKJIMP12,East Coast (PADD 1) Imports of Kerosene-Type Jet Fuel (Thousand Barrels per Day),58,MBBL/D
2022-12,R10-Z00,PADD 1,EPJK,Kerosene-Type Jet Fuel,IM0,Imports,MKJIMP11,East Coast (PADD 1) Imports of Kerosene-Type Jet Fuel (Thousand Barrels),1224,MBBL
2022-12,R10-Z00,PADD 1,EPJK,Kerosene-Type Jet Fuel,IM0,Imports,MKJIMP12,East Coast (PADD 1) Imports of Kerosene-Type Jet Fuel (Thousand Barrels per Day),39,MBBL/D
2023-01,R10-Z00,PADD 1,EPJK,Kerosene-Type Jet Fuel,IM0,Imports,MKJIMP11,East Coast (PADD 1) Imports of Kerosene-Type Jet Fuel (Thousand Barrels),1054,MBBL
2023-01,R10-Z00,PADD 1,EPJK,Kerosene-Type Jet Fuel,IM0,Imports,MKJIMP12,East Coast (PADD 1) Imports of Kerosene-Type Jet Fuel (Thousand Barrels per Day),34,MBBL/D
2023-02,R10-Z00,PADD 1,EPJK,Kerosene-Type Jet Fuel,IM0,Imports,MKJIMP11,East Coast (PADD 1) Imports of Kerosene-Type Jet Fuel (Thousand Barrels),2314,MBBL
2023-02,R10-Z00,PADD 1,EPJK,Kerosene-Type Jet Fuel,IM0,Imports,MKJIMP12,East Coast (PADD 1) Imports of Kerosene-Type Jet Fuel (Thousand Barrels per Day),83,MBBL/D
2023-03,R10-Z00,PADD 1,EPJK,Kerosene-Type Jet Fuel,IM0,Imports,MKJIMP11,East Coast (PADD 1) Imports of Kerosene-Type Jet Fuel (Thousand Barrels),1148,MBBL
2023-03,R10-Z00,PADD 1,EPJK,Kerosene-Type Jet Fuel,IM0,Imports,MKJIMP12,East Coast (PADD 1) Imports of Kerosene-Type Jet Fuel (Thousand Barrels per Day),37,MBBL/D
2023-04,R10-Z00,PADD 1,EPJK,Kerosene-Type Jet Fuel,IM0,Imports,MKJIMP11,East Coast (PADD 1) Imports of Kerosene-Type Jet Fuel (Thousand Barrels),2043,MBBL
2023-04,R10-Z00,PADD 1,EPJK,Kerosene-Type Jet Fuel,IM0,Imports,MKJIMP12,East Coast (PADD 1) Imports of Kerosene-Type Jet Fuel (Thousand Barrels per Day),68,MBBL/D
2023-05,R10-Z00,PADD 1,EPJK,Kerosene-Type Jet Fuel,IM0,Imports,MKJIMP11,East Coast (PADD 1) Imports of Kerosene-Type Jet Fuel (Thousand Barrels),1886,MBBL
2023-05,R10-Z00,PADD 1,EPJK,Kerosene-Type Jet Fuel,IM0,Imports,MKJIMP12,East Coast (PADD 1) Imports of Kerosene-Type Jet Fuel (Thousand Barrels per Day),61,MBBL/D
2023-06,R10-Z00,PADD 1,EPJK,Kerosene-Type Jet Fuel,IM0,Imports,MKJIMP11,East Coast (PADD 1) Imports of Kerosene-Type Jet Fuel (Thousand Barrels),1072,MBBL
2023-06,R10-Z00,PADD 1,EPJK,Kerosene-Type Jet Fuel,IM0,Imports,MKJIMP12,East Coast (PADD 1) Imports of Kerosene-Type Jet Fuel (Thousand Barrels per Day),36,MBBL/D
2023-07,R10-Z00,PADD 1,EPJK,Kerosene-Type Jet Fuel,IM0,Imports,MKJIMP11,East Coast (PADD 1) Imports of Kerosene-Type Jet Fuel (Thousand Barrels),1242,MBBL
2023-07,R10-Z00,PADD 1,EPJK,Kerosene-Type Jet Fuel,IM0,Imports,MKJIMP12,East Coast (PADD 1) Imports of Kerosene-Type Jet Fuel (Thousand Barrels per Day),40,MBBL/D
2023-08,R10-Z00,PADD 1,EPJK,Kerosene-Type Jet Fuel,IM0,Imports,MKJIMP11,East Coast (PADD 1) Imports of Kerosene-Type Jet Fuel (Thousand Barrels),883,MBBL
2023-08,R10-Z00,PADD 1,EPJK,Kerosene-Type Jet Fuel,IM0,Imports,MKJIMP12,East Coast (PADD 1) Imports of Kerosene-Type Jet Fuel (Thousand Barrels per Day),28,MBBL/D
2023-09,R10-Z00,PADD 1,EPJK,Kerosene-Type Jet Fuel,IM0,Imports,MKJIMP11,East Coast (PADD 1) Imports of Kerosene-Type Jet Fuel (Thousand Barrels),1612,MBBL
2023-09,R10-Z00,PADD 1,EPJK,Kerosene-Type Jet Fuel,IM0,Imports,MKJIMP12,East Coast (PADD 1) Imports of Kerosene-Type Jet Fuel (Thousand Barrels per Day),54,MBBL/D
2023-10,R10-Z00,PADD 1,EPJK,Kerosene-Type Jet Fuel,IM0,Imports,MKJIMP11,East Coast (PADD 1) Imports of Kerosene-Type Jet Fuel (Thousand Barrels),10,MBBL
2023-10,R10-Z00,PADD 1,EPJK,Kerosene-Type Jet Fuel,IM0,Imports,MKJIMP12,East Coast (PADD 1) Imports of Kerosene-Type Jet Fuel (Thousand Barrels per Day),0,MBBL/D
2023-11,R10-Z00,PADD 1,EPJK,Kerosene-Type Jet Fuel,IM0,Imports,MKJIMP11,East Coast (PADD 1) Imports of Kerosene-Type Jet Fuel (Thousand Barrels),834,MBBL
2023-11,R10-Z00,PADD 1,EPJK,Kerosene-Type Jet Fuel,IM0,Imports,MKJIMP12,East Coast (PADD 1) Imports of Kerosene-Type Jet Fuel (Thousand Barrels per Day),28,MBBL/D
2023-12,R10-Z00,PADD 1,EPJK,Kerosene-Type Jet Fuel,IM0,Imports,MKJIMP11,East Coast (PADD 1) Imports of Kerosene-Type Jet Fuel (Thousand Barrels),1479,MBBL
2023-12,R10-Z00,PADD 1,EPJK,Kerosene-Type Jet Fuel,IM0,Imports,MKJIMP12,East Coast (PADD 1) Imports of Kerosene-Type Jet Fuel (Thousand Barrels per Day),48,MBBL/D
2024-01,R10-Z00,PADD 1,EPJK,Kerosene-Type Jet Fuel,IM0,Imports,MKJIMP11,East Coast (PADD 1) Imports of Kerosene-Type Jet Fuel (Thousand Barrels),927,MBBL
2024-01,R10-Z00,PADD 1,EPJK,Kerosene-Type Jet Fuel,IM0,Imports,MKJIMP12,East Coast (PADD 1) Imports of Kerosene-Type Jet Fuel (Thousand Barrels per Day),30,MBBL/D
2024-02,R10-Z00,PADD 1,EPJK,Kerosene-Type Jet Fuel,IM0,Imports,MKJIMP11,East Coast (PADD 1) Imports of Kerosene-Type Jet Fuel (Thousand Barrels),420,MBBL
2024-02,R10-Z00,PADD 1,EPJK,Kerosene-Type Jet Fuel,IM0,Imports,MKJIMP12,East Coast (PADD 1) Imports of Kerosene-Type Jet Fuel (Thousand Barrels per Day),14,MBBL/D
2024-03,R10-Z00,PADD 1,EPJK,Kerosene-Type Jet Fuel,IM0,Imports,MKJIMP11,East Coast (PADD 1) Imports of Kerosene-Type Jet Fuel (Thousand Barrels),1294,MBBL
2024-03,R10-Z00,PADD 1,EPJK,Kerosene-Type Jet Fuel,IM0,Imports,MKJIMP12,East Coast (PADD 1) Imports of Kerosene-Type Jet Fuel (Thousand Barrels per Day),42,MBBL/D
2024-04,R10-Z00,PADD 1,EPJK,Kerosene-Type Jet Fuel,IM0,Imports,MKJIMP11,East Coast (PADD 1) Imports of Kerosene-Type Jet Fuel (Thousand Barrels),315,MBBL
2024-04,R10-Z00,PADD 1,EPJK,Kerosene-Type Jet Fuel,IM0,Imports,MKJIMP12,East Coast (PADD 1) Imports of Kerosene-Type Jet Fuel (Thousand Barrels per Day),11,MBBL/D
2024-05,R10-Z00,PADD 1,EPJK,Kerosene-Type Jet Fuel,IM0,Imports,MKJIMP11,East Coast (PADD 1) Imports of Kerosene-Type Jet Fuel (Thousand Barrels),1606,MBBL
2024-05,R10-Z00,PADD 1,EPJK,Kerosene-Type Jet Fuel,IM0,Imports,MKJIMP12,East Coast (PADD 1) Imports of Kerosene-Type Jet Fuel (Thousand Barrels per Day),52,MBBL/D
2024-06,R10-Z00,PADD 1,EPJK,Kerosene-Type Jet Fuel,IM0,Imports,MKJIMP11,East Coast (PADD 1) Imports of Kerosene-Type Jet Fuel (Thousand Barrels),1139,MBBL
2024-06,R10-Z00,PADD 1,EPJK,Kerosene-Type Jet Fuel,IM0,Imports,MKJIMP12,East Coast (PADD 1) Imports of Kerosene-Type Jet Fuel (Thousand Barrels per Day),38,MBBL/D
2024-07,R10-Z00,PADD 1,EPJK,Kerosene-Type Jet Fuel,IM0,Imports,MKJIMP11,East Coast (PADD 1) Imports of Kerosene-Type Jet Fuel (Thousand Barrels),454,MBBL
2024-07,R10-Z00,PADD 1,EPJK,Kerosene-Type Jet Fuel,IM0,Imports,MKJIMP12,East Coast (PADD 1) Imports of Kerosene-Type Jet Fuel (Thousand Barrels per Day),15,MBBL/D
2024-08,R10-Z00,PADD 1,EPJK,Kerosene-Type Jet Fuel,IM0,Imports,MKJIMP11,East Coast (PADD 1) Imports of Kerosene-Type Jet Fuel (Thousand Barrels),729,MBBL
2024-08,R10-Z00,PADD 1,EPJK,Kerosene-Type Jet Fuel,IM0,Imports,MKJIMP12,East Coast (PADD 1) Imports of Kerosene-Type Jet Fuel (Thousand Barrels per Day),24,MBBL/D
2024-09,R10-Z00,PADD 1,EPJK,Kerosene-Type Jet Fuel,IM0,Imports,MKJIMP11,East Coast (PADD 1) Imports of Kerosene-Type Jet Fuel (Thousand Barrels),88,MBBL
2024-09,R10-Z00,PADD 1,EPJK,Kerosene-Type Jet Fuel,IM0,Imports,MKJIMP12,East Coast (PADD 1) Imports of Kerosene-Type Jet Fuel (Thousand Barrels per Day),3,MBBL/D
2024-10,R10-Z00,PADD 1,EPJK,Kerosene-Type Jet Fuel,IM0,Imports,MKJIMP11,East Coast (PADD 1) Imports of Kerosene-Type Jet Fuel (Thousand Barrels),245,MBBL
2024-10,R10-Z00,PADD 1,EPJK,Kerosene-Type Jet Fuel,IM0,Imports,MKJIMP12,East Coast (PADD 1) Imports of Kerosene-Type Jet Fuel (Thousand Barrels per Day),8,MBBL/D
2024-11,R10-Z00,PADD 1,EPJK,Kerosene-Type Jet Fuel,IM0,Imports,MKJIMP11,East Coast (PADD 1) Imports of Kerosene-Type Jet Fuel (Thousand Barrels),864,MBBL
2024-11,R10-Z00,PADD 1,EPJK,Kerosene-Type Jet Fuel,IM0,Imports,MKJIMP12,East Coast (PADD 1) Imports of Kerosene-Type Jet Fuel (Thousand Barrels per Day),29,MBBL/D
2024-12,R10-Z00,PADD 1,EPJK,Kerosene-Type Jet Fuel,IM0,Imports,MKJIMP11,East Coast (PADD 1) Imports of Kerosene-Type Jet Fuel (Thousand Barrels),674,MBBL
2024-12,R10-Z00,PADD 1,EPJK,Kerosene-Type Jet Fuel,IM0,Imports,MKJIMP12,East Coast (PADD 1) Imports of Kerosene-Type Jet Fuel (Thousand Barrels per Day),22,MBBL/D
2025-01,R10-Z00,PADD 1,EPJK,Kerosene-Type Jet Fuel,IM0,Imports,MKJIMP11,East Coast (PADD 1) Imports of Kerosene-Type Jet Fuel (Thousand Barrels),1129,MBBL
2025-01,R10-Z00,PADD 1,EPJK,Kerosene-Type Jet Fuel,IM0,Imports,MKJIMP12,East Coast (PADD 1) Imports of Kerosene-Type Jet Fuel (Thousand Barrels per Day),36,MBBL/D
2025-02,R10-Z00,PADD 1,EPJK,Kerosene-Type Jet Fuel,IM0,Imports,MKJIMP11,East Coast (PADD 1) Imports of Kerosene-Type Jet Fuel (Thousand Barrels),1197,MBBL
2025-02,R10-Z00,PADD 1,EPJK,Kerosene-Type Jet Fuel,IM0,Imports,MKJIMP12,East Coast (PADD 1) Imports of Kerosene-Type Jet Fuel (Thousand Barrels per Day),43,MBBL/D
2025-03,R10-Z00,PADD 1,EPJK,Kerosene-Type Jet Fuel,IM0,Imports,MKJIMP11,East Coast (PADD 1) Imports of Kerosene-Type Jet Fuel (Thousand Barrels),1661,MBBL
2025-03,R10-Z00,PADD 1,EPJK,Kerosene-Type Jet Fuel,IM0,Imports,MKJIMP12,East Coast (PADD 1) Imports of Kerosene-Type Jet Fuel (Thousand Barrels per Day),54,MBBL/D
2025-04,R10-Z00,PADD 1,EPJK,Kerosene-Type Jet Fuel,IM0,Imports,MKJIMP11,East Coast (PADD 1) Imports of Kerosene-Type Jet Fuel (Thousand Barrels),1161,MBBL
2025-04,R10-Z00,PADD 1,EPJK,Kerosene-Type Jet Fuel,IM0,Imports,MKJIMP12,East Coast (PADD 1) Imports of Kerosene-Type Jet Fuel (Thousand Barrels per Day),39,MBBL/D
2025-05,R10-Z00,PADD 1,EPJK,Kerosene-Type Jet Fuel,IM0,Imports,MKJIMP11,East Coast (PADD 1) Imports of Kerosene-Type Jet Fuel (Thousand Barrels),458,MBBL
2025-05,R10-Z00,PADD 1,EPJK,Kerosene-Type Jet Fuel,IM0,Imports,MKJIMP12,East Coast (PADD 1) Imports of Kerosene-Type Jet Fuel (Thousand Barrels per Day),15,MBBL/D
2025-06,R10-Z00,PADD 1,EPJK,Kerosene-Type Jet Fuel,IM0,Imports,MKJIMP11,East Coast (PADD 1) Imports of Kerosene-Type Jet Fuel (Thousand Barrels),357,MBBL
2025-06,R10-Z00,PADD 1,EPJK,Kerosene-Type Jet Fuel,IM0,Imports,MKJIMP12,East Coast (PADD 1) Imports of Kerosene-Type Jet Fuel (Thousand Barrels per Day),12,MBBL/D
2025-07,R10-Z00,PADD 1,EPJK,Kerosene-Type Jet Fuel,IM0,Imports,MKJIMP11,East Coast (PADD 1) Imports of Kerosene-Type Jet Fuel (Thousand Barrels),569,MBBL
2025-07,R10-Z00,PADD 1,EPJK,Kerosene-Type Jet Fuel,IM0,Imports,MKJIMP12,East Coast (PADD 1) Imports of Kerosene-Type Jet Fuel (Thousand Barrels per Day),18,MBBL/D
2025-08,R10-Z00,PADD 1,EPJK,Kerosene-Type Jet Fuel,IM0,Imports,MKJIMP11,East Coast (PADD 1) Imports of Kerosene-Type Jet Fuel (Thousand Barrels),613,MBBL
2025-08,R10-Z00,PADD 1,EPJK,Kerosene-Type Jet Fuel,IM0,Imports,MKJIMP12,East Coast (PADD 1) Imports of Kerosene-Type Jet Fuel (Thousand Barrels per Day),20,MBBL/D
2025-09,R10-Z00,PADD 1,EPJK,Kerosene-Type Jet Fuel,IM0,Imports,MKJIMP11,East Coast (PADD 1) Imports of Kerosene-Type Jet Fuel (Thousand Barrels),129,MBBL
2025-09,R10-Z00,PADD 1,EPJK,Kerosene-Type Jet Fuel,IM0,Imports,MKJIMP12,East Coast (PADD 1) Imports of Kerosene-Type Jet Fuel (Thousand Barrels per Day),4,MBBL/D
2025-10,R10-Z00,PADD 1,EPJK,Kerosene-Type Jet Fuel,IM0,Imports,MKJIMP11,East Coast (PADD 1) Imports of Kerosene-Type Jet Fuel (Thousand Barrels),931,MBBL
2025-10,R10-Z00,PADD 1,EPJK,Kerosene-Type Jet Fuel,IM0,Imports,MKJIMP12,East Coast (PADD 1) Imports of Kerosene-Type Jet Fuel (Thousand Barrels per Day),30,MBBL/D
2025-11,R10-Z00,PADD 1,EPJK,Kerosene-Type Jet Fuel,IM0,Imports,MKJIMP11,East Coast (PADD 1) Imports of Kerosene-Type Jet Fuel (Thousand Barrels),875,MBBL
2025-11,R10-Z00,PADD 1,EPJK,Kerosene-Type Jet Fuel,IM0,Imports,MKJIMP12,East Coast (PADD 1) Imports of Kerosene-Type Jet Fuel (Thousand Barrels per Day),29,MBBL/D
2025-12,R10-Z00,PADD 1,EPJK,Kerosene-Type Jet Fuel,IM0,Imports,MKJIMP11,East Coast (PADD 1) Imports of Kerosene-Type Jet Fuel (Thousand Barrels),497,MBBL
2025-12,R10-Z00,PADD 1,EPJK,Kerosene-Type Jet Fuel,IM0,Imports,MKJIMP12,East Coast (PADD 1) Imports of Kerosene-Type Jet Fuel (Thousand Barrels per Day),16,MBBL/D
2026-01,R10-Z00,PADD 1,EPJK,Kerosene-Type Jet Fuel,IM0,Imports,MKJIMP11,East Coast (PADD 1) Imports of Kerosene-Type Jet Fuel (Thousand Barrels),217,MBBL
2026-01,R10-Z00,PADD 1,EPJK,Kerosene-Type Jet Fuel,IM0,Imports,MKJIMP12,East Coast (PADD 1) Imports of Kerosene-Type Jet Fuel (Thousand Barrels per Day),7,MBBL/D
2026-02,R10-Z00,PADD 1,EPJK,Kerosene-Type Jet Fuel,IM0,Imports,MKJIMP11,East Coast (PADD 1) Imports of Kerosene-Type Jet Fuel (Thousand Barrels),517,MBBL
2026-02,R10-Z00,PADD 1,EPJK,Kerosene-Type Jet Fuel,IM0,Imports,MKJIMP12,East Coast (PADD 1) Imports of Kerosene-Type Jet Fuel (Thousand Barrels per Day),18,MBBL/D
2026-03,R10-Z00,PADD 1,EPJK,Kerosene-Type Jet Fuel,IM0,Imports,MKJIMP11,East Coast (PADD 1) Imports of Kerosene-Type Jet Fuel (Thousand Barrels),562,MBBL
2026-03,R10-Z00,PADD 1,EPJK,Kerosene-Type Jet Fuel,IM0,Imports,MKJIMP12,East Coast (PADD 1) Imports of Kerosene-Type Jet Fuel (Thousand Barrels per Day),18,MBBL/D
2026-04,R10-Z00,PADD 1,EPJK,Kerosene-Type Jet Fuel,IM0,Imports,MKJIMP11,East Coast (PADD 1) Imports of Kerosene-Type Jet Fuel (Thousand Barrels),416,MBBL
2026-04,R10-Z00,PADD 1,EPJK,Kerosene-Type Jet Fuel,IM0,Imports,MKJIMP12,East Coast (PADD 1) Imports of Kerosene-Type Jet Fuel (Thousand Barrels per Day),14,MBBL/D
2026-05,R10-Z00,PADD 1,EPJK,Kerosene-Type Jet Fuel,IM0,Imports,MKJIMP11,East Coast (PADD 1) Imports of Kerosene-Type Jet Fuel (Thousand Barrels),390,MBBL
2026-05,R10-Z00,PADD 1,EPJK,Kerosene-Type Jet Fuel,IM0,Imports,MKJIMP12,East Coast (PADD 1) Imports of Kerosene-Type Jet Fuel (Thousand Barrels per Day),13,MBBL/D
2026-06,R10-Z00,PADD 1,EPJK,Kerosene-Type Jet Fuel,IM0,Imports,MKJIMP11,East Coast (PADD 1) Imports of Kerosene-Type Jet Fuel (Thousand Barrels),535,MBBL
2026-06,R10-Z00,PADD 1,EPJK,Kerosene-Type Jet Fuel,IM0,Imports,MKJIMP12,East Coast (PADD 1) Imports of Kerosene-Type Jet Fuel (Thousand Barrels per Day),18,MBBL/D
