period,R10,R20,R30,R40,R50,us_exports_mbbl,share_final_R10,share_final_R20,share_final_R30,share_final_R40,share_final_R50,share_rt_R10,share_rt_R20,share_rt_R30,share_rt_R40,share_rt_R50
1981-01,0.0,0.0,0.0,0.0,28.0,28.0,0.0,0.0,0.0,0.0,1.0,,,,,
1981-02,0.0,0.0,0.0,0.0,21.0,21.0,0.0,0.0,0.0,0.0,1.0,,,,,
1981-03,0.0,0.0,0.0,0.0,10.0,10.0,0.0,0.0,0.0,0.0,1.0,0.0,0.0,0.0,0.0,1.0
1981-04,0.0,0.0,0.0,0.0,18.0,18.0,0.0,0.0,0.0,0.0,1.0,0.0,0.0,0.0,0.0,1.0
1981-05,0.0,0.0,0.0,0.0,16.0,16.0,0.0,0.0,0.0,0.0,1.0,0.0,0.0,0.0,0.0,1.0
1981-06,0.0,0.0,0.0,0.0,12.0,12.0,0.0,0.0,0.0,0.0,1.0,0.0,0.0,0.0,0.0,1.0
1981-07,0.0,0.0,0.0,0.0,19.0,19.0,0.0,0.0,0.0,0.0,1.0,0.0,0.0,0.0,0.0,1.0
1981-08,0.0,0.0,0.0,0.0,21.0,22.0,0.0,0.0,0.0,0.0,1.0,0.0,0.0,0.0,0.0,1.0
1981-09,0.0,0.0,0.0,0.0,20.0,20.0,0.0,0.0,0.0,0.0,1.0,0.0,0.0,0.0,0.0,1.0
1981-10,1.0,0.0,0.0,1.0,12.0,14.0,0.0714285714285714,0.0,0.0,0.0714285714285714,0.8571428571428571,0.0,0.0,0.0,0.0,1.0
1981-11,0.0,0.0,0.0,0.0,23.0,23.0,0.0,0.0,0.0,0.0,1.0,0.0,0.0,0.0,0.0,1.0
1981-12,0.0,0.0,206.0,0.0,16.0,222.0,0.0,0.0,0.927927927927928,0.0,0.072072072072072,0.0098039215686274,0.0,0.0,0.0098039215686274,0.9803921568627452
1982-01,1.0,0.0,227.0,0.0,27.0,255.0,0.0039215686274509,0.0,0.8901960784313726,0.0,0.1058823529411764,0.0091743119266055,0.0,0.0,0.0091743119266055,0.981651376146789
1982-02,0.0,0.0,226.0,0.0,19.0,245.0,0.0,0.0,0.9224489795918368,0.0,0.0775510204081632,0.0031347962382445,0.0,0.6457680250783698,0.0031347962382445,0.347962382445141
1982-03,0.0,0.0,0.0,0.0,80.0,80.0,0.0,0.0,0.0,0.0,1.0,0.0036036036036036,0.0,0.7801801801801802,0.0018018018018018,0.2144144144144144
1982-04,0.0,0.0,0.0,0.0,44.0,44.0,0.0,0.0,0.0,0.0,1.0,0.0025673940949935,0.0,0.8459563543003851,0.0012836970474967,0.1501925545571245
1982-05,0.0,0.0,0.0,0.0,27.0,27.0,0.0,0.0,0.0,0.0,1.0,0.00238379022646,0.0,0.7854588796185935,0.00119189511323,0.2109654350417163
1982-06,0.0,0.0,0.0,0.0,38.0,38.0,0.0,0.0,0.0,0.0,1.0,0.001150747986191,0.0,0.7583429228998849,0.0,0.240506329113924
1982-07,0.0,0.0,0.0,0.0,32.0,32.0,0.0,0.0,0.0,0.0,1.0,0.0011454753722794,0.0,0.7548682703321878,0.0,0.2439862542955326
1982-08,0.0,0.0,0.0,0.0,32.0,32.0,0.0,0.0,0.0,0.0,1.0,0.0014513788098693,0.0,0.6574746008708273,0.0,0.3410740203193033
1982-09,0.0,0.0,0.0,0.0,41.0,41.0,0.0,0.0,0.0,0.0,1.0,0.0,0.0,0.4849785407725321,0.0,0.5150214592274678
1982-10,0.0,0.0,0.0,0.0,35.0,35.0,0.0,0.0,0.0,0.0,1.0,0.0,0.0,0.0,0.0,1.0
1982-11,0.0,0.0,245.0,0.0,23.0,269.0,0.0,0.0,0.914179104477612,0.0,0.085820895522388,0.0,0.0,0.0,0.0,1.0
1982-12,293.0,0.0,373.0,0.0,26.0,692.0,0.4234104046242775,0.0,0.5390173410404624,0.0,0.0375722543352601,0.0,0.0,0.0,0.0,1.0
1983-01,0.0,0.0,235.0,0.0,37.0,272.0,0.0,0.0,0.8639705882352942,0.0,0.1360294117647058,0.0,0.0,0.5493273542600896,0.0,0.4506726457399103
1983-02,0.0,0.0,0.0,0.0,223.0,223.0,0.0,0.0,0.0,0.0,1.0,0.2663636363636363,0.0,0.5618181818181819,0.0,0.1718181818181818
1983-03,0.0,0.0,0.0,0.0,27.0,27.0,0.0,0.0,0.0,0.0,1.0,0.2186567164179104,0.0,0.6365671641791045,0.0,0.144776119402985
1983-04,0.0,0.0,0.0,0.0,17.0,17.0,0.0,0.0,0.0,0.0,1.0,0.1913781841933376,0.0,0.5571521881123449,0.0,0.2514696276943174
1983-05,0.0,0.0,0.0,0.0,40.0,40.0,0.0,0.0,0.0,0.0,1.0,0.1931443638760711,0.0,0.5622940013183916,0.0,0.2445616348055372
1983-06,0.0,0.0,0.0,0.0,21.0,21.0,0.0,0.0,0.0,0.0,1.0,0.1954636424282855,0.0,0.5690460306871247,0.0,0.2354903268845897
1983-07,0.0,0.0,0.0,0.0,37.0,37.0,0.0,0.0,0.0,0.0,1.0,0.2305271439811172,0.0,0.4783634933123525,0.0,0.2911093627065303
1983-08,120.0,0.0,0.0,0.0,72.0,193.0,0.625,0.0,0.0,0.0,0.375,0.0,0.0,0.3916666666666666,0.0,0.6083333333333333
1983-09,0.0,0.0,240.0,0.0,29.0,270.0,0.0,0.0,0.8921933085501859,0.0,0.1078066914498141,0.0,0.0,0.0,0.0,1.0
1983-10,0.0,0.0,0.0,0.0,24.0,24.0,0.0,0.0,0.0,0.0,1.0,0.3592814371257484,0.0,0.0,0.0,0.6407185628742514
1983-11,122.0,0.0,206.0,0.0,45.0,373.0,0.3270777479892761,0.0,0.5522788203753352,0.0,0.1206434316353887,0.2083333333333333,0.0,0.4166666666666667,0.0,0.375
1983-12,0.0,0.0,444.0,0.0,14.0,458.0,0.0,0.0,0.9694323144104804,0.0,0.0305676855895196,0.2058319039451114,0.0,0.4116638078902229,0.0,0.3825042881646655
1984-01,97.0,100.0,0.0,0.0,122.0,318.0,0.3040752351097179,0.3134796238244514,0.0,0.0,0.3824451410658308,0.2641921397379912,0.0,0.4868995633187772,0.0,0.2489082969432314
1984-02,0.0,40.0,0.0,0.0,28.0,68.0,0.0,0.5882352941176471,0.0,0.0,0.4117647058823529,0.1788617886178861,0.0,0.6577974870657797,0.0,0.1633407243163341
1984-03,0.0,0.0,0.0,0.0,21.0,21.0,0.0,0.0,0.0,0.0,1.0,0.2073394495412844,0.0611620795107033,0.5443425076452599,0.0,0.1871559633027522
1984-04,79.0,0.0,0.0,0.0,70.0,148.0,0.5302013422818792,0.0,0.0,0.0,0.4697986577181208,0.1449371277299801,0.0926538716082064,0.5890138980807412,0.0,0.1733951025810721
1984-05,0.0,0.0,0.0,0.0,22.0,22.0,0.0,0.0,0.0,0.0,1.0,0.173396674584323,0.1108471892319873,0.5146476642913698,0.0,0.2011084718923198
1984-06,0.0,0.0,155.0,0.0,36.0,191.0,0.0,0.0,0.8115183246073299,0.0,0.1884816753926701,0.2146974063400576,0.100864553314121,0.468299711815562,0.0,0.2161383285302593
1984-07,0.0,0.0,276.0,0.0,30.0,306.0,0.0,0.0,0.9019607843137256,0.0,0.0980392156862745,0.1697203471552555,0.1350048216007714,0.4281581485053037,0.0,0.2671166827386692
1984-08,0.0,0.0,0.0,0.0,52.0,52.0,0.0,0.0,0.0,0.0,1.0,0.2285714285714285,0.1818181818181818,0.2012987012987012,0.0,0.3883116883116883
1984-09,0.0,0.0,0.0,0.0,27.0,27.0,0.0,0.0,0.0,0.0,1.0,0.1043593130779392,0.0528401585204755,0.5693527080581243,0.0,0.2734478203434611
1984-10,0.0,0.0,0.0,0.0,158.0,158.0,0.0,0.0,0.0,0.0,1.0,0.1066126855600539,0.0,0.5816464237516868,0.0,0.311740890688259
1984-11,0.0,0.0,221.0,0.0,108.0,329.0,0.0,0.0,0.6717325227963525,0.0,0.3282674772036474,0.1057563587684069,0.0,0.5769745649263721,0.0,0.3172690763052208
1984-12,0.0,0.0,521.0,0.0,217.0,738.0,0.0,0.0,0.7059620596205962,0.0,0.2940379403794038,0.0,0.0,0.5701058201058201,0.0,0.4298941798941799
1985-01,0.0,0.0,0.0,0.0,79.0,79.0,0.0,0.0,0.0,0.0,1.0,0.0,0.0,0.6133584195672624,0.0,0.3866415804327375
1985-02,0.0,0.0,491.0,0.0,133.0,624.0,0.0,0.0,0.7868589743589743,0.0,0.2131410256410256,0.0,0.0,0.6322981366459627,0.0,0.3677018633540372
1985-03,0.0,0.0,10.0,0.0,172.0,182.0,0.0,0.0,0.0549450549450549,0.0,0.945054945054945,0.0,0.0,0.5365148228488793,0.0,0.4634851771511207
1985-04,0.0,0.0,37.0,0.0,112.0,149.0,0.0,0.0,0.2483221476510067,0.0,0.7516778523489933,0.0,0.0,0.6306905370843989,0.0,0.369309462915601
1985-05,0.0,0.0,78.0,0.0,69.0,147.0,0.0,0.0,0.5306122448979592,0.0,0.4693877551020408,0.0,0.0,0.5890995260663507,0.0,0.4109004739336493
1985-06,0.0,0.0,44.0,0.0,58.0,102.0,0.0,0.0,0.4313725490196078,0.0,0.5686274509803921,0.0,0.0,0.6092336982389338,0.0,0.3907663017610661
1985-07,0.0,0.0,72.0,0.0,34.0,106.0,0.0,0.0,0.6792452830188679,0.0,0.320754716981132,0.0,0.0,0.5924960917144346,0.0,0.4075039082855654
1985-08,0.0,0.0,293.0,0.0,367.0,660.0,0.0,0.0,0.4439393939393939,0.0,0.556060606060606,0.0,0.0,0.514419329696025,0.0,0.485580670303975
1985-09,0.0,0.0,38.0,0.0,95.0,133.0,0.0,0.0,0.2857142857142857,0.0,0.7142857142857143,0.0,0.0,0.5587786259541985,0.0,0.4412213740458015
1985-10,0.0,0.0,663.0,0.0,110.0,773.0,0.0,0.0,0.8576972833117723,0.0,0.1423027166882277,0.0,0.0,0.3967310549777117,0.0,0.6032689450222882
1985-11,0.0,0.0,827.0,0.0,21.0,848.0,0.0,0.0,0.9752358490566038,0.0,0.0247641509433962,0.0,0.0,0.433307632999229,0.0,0.566692367000771
1985-12,0.0,97.0,415.0,0.0,47.0,559.0,0.0,0.1735241502683363,0.7423971377459749,0.0,0.0840787119856887,0.0,0.0,0.6184279021343051,0.0,0.3815720978656949
1986-01,0.0,47.0,1113.0,0.0,28.0,1188.0,0.0,0.0395622895622895,0.9368686868686869,0.0,0.0235690235690235,0.0,0.0,0.7387490465293669,0.0,0.2612509534706331
1986-02,0.0,0.0,400.0,0.0,29.0,429.0,0.0,0.0,0.9324009324009324,0.0,0.0675990675990676,0.0,0.0315037349788892,0.7495940240337772,0.0,0.2189022409873335
1986-03,0.0,0.0,240.0,0.0,92.0,333.0,0.0,0.0,0.7228915662650602,0.0,0.2771084337349397,0.0,0.0346070656092285,0.8048546022590723,0.0,0.1605383321316991
1986-04,0.0,1.0,332.0,0.0,38.0,371.0,0.0,0.0026954177897574,0.894878706199461,0.0,0.1024258760107816,0.0,0.0366412213740458,0.8793893129770992,0.0,0.0839694656488549
1986-05,2.0,5.0,400.0,0.0,21.0,428.0,0.0046728971962616,0.0116822429906542,0.9345794392523364,0.0,0.0490654205607476,0.0,0.0348752724630661,0.8859287963187212,0.0,0.0791959312182126
1986-06,7.0,8.0,155.0,0.0,13.0,184.0,0.0382513661202185,0.0437158469945355,0.8469945355191256,0.0,0.0710382513661202,0.0,0.038905285752616,0.8926750737858868,0.0,0.0684196404614971
1986-07,22.0,1.0,38.0,0.0,239.0,300.0,0.0733333333333333,0.0033333333333333,0.1266666666666666,0.0,0.7966666666666666,0.000604777744179,0.045358330813426,0.8769277290595707,0.0,0.0771091623828243
1986-08,7.0,0.0,71.0,0.0,60.0,138.0,0.0507246376811594,0.0,0.5144927536231884,0.0,0.4347826086956521,0.0030706243602865,0.0208120095530535,0.9007164790174002,0.0,0.0754008870692596
1986-09,1.0,0.0,299.0,0.0,121.0,420.0,0.002375296912114,0.0,0.7102137767220903,0.0,0.2874109263657957,0.0151737640724424,0.0073421439060205,0.7660303475281449,0.0,0.211453744493392
1986-10,0.0,0.0,417.0,0.0,360.0,778.0,0.0,0.0,0.5366795366795367,0.0,0.4633204633204633,0.0216894977168949,0.0085616438356164,0.7054794520547945,0.0,0.264269406392694
1986-11,0.0,0.0,588.0,0.0,80.0,668.0,0.0,0.0,0.8802395209580839,0.0,0.1197604790419161,0.0211841390548614,0.0081477457903313,0.7034220532319392,0.0,0.267246061922868
1986-12,0.0,0.0,577.0,0.0,49.0,626.0,0.0,0.0,0.9217252396166136,0.0,0.0782747603833865,0.0173564753004005,0.0062305295950155,0.6141522029372496,0.0,0.3622607921673342
1987-01,0.0,0.0,1122.0,0.0,281.0,1404.0,0.0,0.0,0.7997148966500357,0.0,0.2002851033499643,0.0148773622838761,0.0036188178528347,0.6304784881383193,0.0,0.3510253317249698
1987-02,0.0,0.0,436.0,0.0,129.0,565.0,0.0,0.0,0.7716814159292036,0.0,0.2283185840707964,0.0102389078498293,0.0003412969283276,0.6791808873720137,0.0,0.3102389078498293
1987-03,0.0,0.0,77.0,0.0,136.0,214.0,0.0,0.0,0.3615023474178404,0.0,0.6384976525821596,0.0019836350111579,0.0,0.7622117530374412,0.0,0.2358046119514009
1987-04,0.0,0.0,70.0,0.0,50.0,121.0,0.0,0.0,0.5833333333333333,0.0,0.4166666666666667,0.0002242152466367,0.0,0.7710762331838564,0.0,0.2286995515695067
1987-05,1.0,0.0,62.0,0.0,55.0,117.0,0.0084745762711864,0.0,0.5254237288135594,0.0,0.4661016949152542,0.0,0.0,0.7565851364063969,0.0,0.243414863593603
1987-06,2.0,1.0,70.0,0.0,73.0,146.0,0.0136986301369863,0.0068493150684931,0.4794520547945205,0.0,0.5,0.0,0.0,0.7983310152990265,0.0,0.2016689847009735
1987-07,0.0,3.0,81.0,1.0,54.0,139.0,0.0,0.0215827338129496,0.5827338129496403,0.0071942446043165,0.3884892086330935,0.0003284072249589,0.0,0.7697865353037767,0.0,0.2298850574712643
1987-08,0.0,0.0,37.0,0.0,37.0,74.0,0.0,0.0,0.5,0.0,0.5,0.0011695906432748,0.0003898635477582,0.7161793372319688,0.0,0.282261208576998
1987-09,4.0,70.0,873.0,0.0,82.0,1029.0,0.0038872691933916,0.0680272108843537,0.8483965014577259,0.0,0.0796890184645286,0.0023059185242121,0.0030745580322828,0.611837048424289,0.0007686395080707,0.3820138355111452
1987-10,72.0,0.0,952.0,0.0,62.0,1086.0,0.0662983425414364,0.0,0.8766114180478821,0.0,0.0570902394106814,0.0037037037037037,0.0049382716049382,0.4901234567901234,0.0012345679012345,0.5
1987-11,22.0,1.0,1215.0,0.0,99.0,1336.0,0.0164547494390426,0.0007479431563201,0.9087509349289452,0.0,0.0740463724756918,0.0043050430504305,0.045510455104551,0.7337023370233703,0.0006150061500615,0.2158671586715867
1987-12,74.0,0.0,1871.0,0.0,341.0,2287.0,0.0323709536307961,0.0,0.8184601924759406,0.0,0.1491688538932633,0.0304783950617284,0.0285493827160493,0.8005401234567903,0.0003858024691358,0.1400462962962963
1988-01,33.0,0.0,1932.0,0.0,560.0,2524.0,0.013069306930693,0.0,0.7651485148514852,0.0,0.2217821782178217,0.0262398320650747,0.019679874048806,0.847021779060614,0.0002623983206507,0.1067961165048543
1988-02,35.0,2.0,688.0,0.0,250.0,974.0,0.0358974358974358,0.002051282051282,0.7056410256410256,0.0,0.2564102564102563,0.0289027054276592,0.0124348848932952,0.8450680557889431,0.0001680389850445,0.1134263149050579
1988-03,129.0,0.0,1168.0,0.0,327.0,1624.0,0.0794334975369458,0.0,0.7192118226600985,0.0,0.2013546798029556,0.0245891807604653,0.0085162528487465,0.8252368957658631,0.0,0.141657670624925
1988-04,21.0,0.0,324.0,0.0,47.0,392.0,0.0535714285714285,0.0,0.826530612244898,0.0,0.1198979591836734,0.0259796492747347,0.0079021433210651,0.8152197445334488,0.0,0.1508984628707512
1988-05,8.0,0.0,108.0,0.0,3.0,119.0,0.0672268907563025,0.0,0.907563025210084,0.0,0.0252100840336134,0.0371199023695718,0.000305095087969,0.795891386148683,0.0,0.166683616393776
1988-06,8.0,0.0,416.0,0.0,39.0,463.0,0.0172786177105831,0.0,0.8984881209503239,0.0,0.0842332613390928,0.0343582448845606,0.0003282634861582,0.7876135244556297,0.0,0.1776999671736513
1988-07,21.0,1.0,20.0,0.0,65.0,107.0,0.1962616822429906,0.0093457943925233,0.1869158878504672,0.0,0.6074766355140186,0.0378740058073475,0.0002524933720489,0.76896856457518,0.0,0.1929049362454235
1988-08,15.0,0.0,24.0,0.0,401.0,440.0,0.034090909090909,0.0,0.0545454545454545,0.0,0.9113636363636364,0.0383732371269268,0.0003279763857002,0.7602492620531323,0.0,0.2010495244342407
1988-09,0.0,0.0,153.0,0.0,111.0,265.0,0.0,0.0,0.5795454545454545,0.0,0.4204545454545454,0.0603260869565217,0.0008152173913043,0.7402173913043479,0.0,0.1986413043478261
1988-10,4.0,1.0,27.0,0.0,22.0,54.0,0.074074074074074,0.0185185185185185,0.5,0.0,0.4074074074074074,0.0642289348171701,0.0003179650238473,0.6550079491255962,0.0,0.2804451510333863
1988-11,0.0,1.0,54.0,0.0,215.0,271.0,0.0,0.0037037037037037,0.1999999999999999,0.0,0.7962962962962963,0.0408963585434173,0.0005602240896358,0.5854341736694678,0.0,0.373109243697479
1988-12,0.0,1.0,1011.0,0.0,1458.0,2470.0,0.0,0.0004048582995951,0.4093117408906883,0.0,0.5902834008097166,0.0387007601935038,0.0013821700069108,0.5169315825846579,0.0,0.4429854872149275
1989-01,0.0,1.0,890.0,0.0,1406.0,2297.0,0.0,0.0004353504571179,0.3874619068350022,0.0,0.6121027427078798,0.030037546933667,0.0018773466833541,0.4342928660826032,0.0,0.5337922403003754
1989-02,0.0,1.0,224.0,0.0,342.0,566.0,0.0,0.001763668430335,0.3950617283950617,0.0,0.6031746031746031,0.0110957004160887,0.0011095700416088,0.3575589459084604,0.0,0.6302357836338419
1989-03,0.0,1.0,13.0,0.0,4.0,19.0,0.0,0.0555555555555555,0.7222222222222222,0.0,0.2222222222222222,0.0032786885245901,0.0006902502157031,0.372562553925798,0.0,0.6234685073339086
1989-04,0.0,2.0,463.0,0.0,12.0,477.0,0.0,0.0041928721174004,0.9706498951781972,0.0,0.0251572327044025,0.0006754474839581,0.0008443093549476,0.3983451536643025,0.0,0.6001350894967916
1989-05,0.0,1.0,26.0,0.0,9.0,36.0,0.0,0.0277777777777777,0.7222222222222222,0.0,0.25,0.0007047216349541,0.0010570824524312,0.3909443269908386,0.0,0.6072938689217758
1989-06,0.0,1.0,26.0,0.0,7.0,35.0,0.0,0.0294117647058823,0.7647058823529411,0.0,0.2058823529411764,0.0,0.0011477291359239,0.4353172651254304,0.0,0.5635350057386457
1989-07,1.0,26.0,251.0,0.0,10.0,287.0,0.0034722222222222,0.0902777777777777,0.8715277777777778,0.0,0.0347222222222222,0.0,0.0011935208866155,0.4479113384484228,0.0,0.5508951406649616
1989-08,1.0,1.0,401.0,0.0,64.0,467.0,0.0021413276231263,0.0021413276231263,0.8586723768736617,0.0,0.1370449678800856,0.0,0.0020414114902303,0.478856809565471,0.0,0.5191017789442985
1989-09,0.0,2.0,913.0,0.0,103.0,1018.0,0.0,0.0019646365422396,0.8968565815324165,0.0,0.1011787819253438,0.0007042253521126,0.0225352112676056,0.7063380281690141,0.0,0.2704225352112676
1989-10,0.0,1.0,813.0,0.0,35.0,849.0,0.0,0.0011778563015312,0.9575971731448764,0.0,0.0412249705535924,0.0015151515151515,0.0242424242424242,0.893939393939394,0.0,0.0803030303030302
1989-11,47.0,1.0,1134.0,0.0,2.0,1183.0,0.0396959459459459,0.0008445945945945,0.9577702702702702,0.0,0.0016891891891891,0.0008620689655172,0.0142241379310344,0.896551724137931,0.0,0.0883620689655172
1989-12,0.0,52.0,1256.0,0.0,1.0,1309.0,0.0,0.0397249809014514,0.959511077158136,0.0,0.0007639419404125,0.00074294205052,0.0118870728083209,0.9026745913818722,0.0,0.0846953937592867
1990-01,0.0,1.0,291.0,0.0,376.0,668.0,0.0,0.0014970059880239,0.4356287425149701,0.0,0.562874251497006,0.0127604166666666,0.0083333333333333,0.9213541666666666,0.0,0.0575520833333333
1990-02,29.0,2.0,1005.0,0.0,357.0,1393.0,0.0208183776022972,0.0014357501794687,0.7214644651830582,0.0,0.2562814070351759,0.0095796676441837,0.0162267839687194,0.932160312805474,0.0,0.0420332355816226
1990-03,0.0,3.0,175.0,0.0,337.0,515.0,0.0,0.0058252427184466,0.3398058252427184,0.0,0.654368932038835,0.0087352138307552,0.0105550500454959,0.8749772520473157,0.0,0.1057324840764331
1990-04,0.0,25.0,165.0,0.0,140.0,331.0,0.0,0.0757575757575757,0.5000000000000001,0.0,0.4242424242424242,0.0118361625914966,0.0091885999065566,0.8428593676997352,0.0,0.1361158698022115
1990-05,1.0,3.0,234.0,0.0,0.0,238.0,0.0042016806722689,0.0126050420168067,0.9831932773109244,0.0,0.0,0.0128421764109496,0.0101385603244339,0.7897938492734031,0.0,0.1872254139912132
1990-06,1.0,19.0,132.0,0.0,56.0,207.0,0.0048076923076923,0.0913461538461538,0.6346153846153846,0.0,0.2692307692307692,0.0140766808668271,0.0155584367475458,0.7456936469716614,0.0,0.2246712354139655
1990-07,1.0,20.0,225.0,0.0,57.0,302.0,0.0033003300330033,0.066006600660066,0.7425742574257425,0.0,0.1881188118811881,0.0067370312149112,0.019312822816079,0.701998652593757,0.0,0.2719514933752526
1990-08,41.0,12.0,566.0,0.0,308.0,927.0,0.0442286947141316,0.0129449838187702,0.6105717367853291,0.0,0.3322545846817691,0.0092482100238663,0.0158114558472553,0.597255369928401,0.0,0.3776849642004773
1990-09,449.0,2.0,897.0,0.0,1.0,1349.0,0.3328391401037806,0.0014825796886582,0.6649369903632321,0.0,0.0007412898443291,0.0107130900569132,0.0241044526280549,0.6481419484432541,0.0,0.3170405088717776
1990-10,85.0,184.0,1235.0,0.0,742.0,2246.0,0.0378450578806767,0.0819234194122885,0.54986642920748,0.0,0.3303650934995548,0.017453391511305,0.0325267750892503,0.5938119793732646,0.0,0.3562078540261801
1990-11,333.0,161.0,2381.0,0.0,1342.0,4218.0,0.0789660896371828,0.0381788000948541,0.564619397676073,0.0,0.31823571259189,0.1469448584202682,0.0241430700447093,0.6614008941877795,0.0,0.1675111773472429
1990-12,329.0,223.0,730.0,0.0,571.0,1854.0,0.1775499190501889,0.1203453858607663,0.3939557474365893,0.0,0.3081489476524555,0.1096566116486435,0.0455321570859419,0.623980269398596,0.0,0.2208309618668184
1991-01,278.0,0.0,1094.0,0.0,892.0,2265.0,0.1227915194346289,0.0,0.4832155477031802,0.0,0.3939929328621909,0.0983783783783783,0.043027027027027,0.5876756756756757,0.0,0.2709189189189189
1991-02,463.0,0.0,2529.0,0.0,1400.0,4393.0,0.1054189435336976,0.0,0.5758196721311475,0.0,0.3187613843351548,0.1136301055530059,0.0552547039926571,0.5538320330426801,0.0,0.2772831574116567
1991-03,0.0,0.0,444.0,0.0,753.0,1197.0,0.0,0.0,0.3709273182957393,0.0,0.6290726817042607,0.1178438083385189,0.0452706907280647,0.5369477286869944,0.0,0.2999377722464219
1991-04,0.0,0.0,702.0,0.0,55.0,758.0,0.0,0.0,0.927344782034346,0.0,0.0726552179656539,0.1186814533423197,0.0349243306169965,0.5432265179829667,0.0,0.303167698057717
1991-05,1.0,208.0,717.0,0.0,121.0,1047.0,0.0009551098376313,0.1986628462273161,0.6848137535816619,0.0,0.1155682903533906,0.0920279547281835,0.0351289504607582,0.5203166553280969,0.0,0.3525264394829612
1991-06,32.0,0.0,19.0,0.0,339.0,391.0,0.082051282051282,0.0,0.0487179487179487,0.0,0.8692307692307693,0.0955722070844686,0.0261580381471389,0.5367847411444142,0.0,0.3414850136239782
1991-07,160.0,51.0,419.0,0.0,209.0,840.0,0.1907032181168057,0.0607866507747318,0.499404052443385,0.0,0.2491060786650774,0.0930495221546481,0.0374456993918331,0.5400521285838401,0.0,0.3294526498696785
1991-08,40.0,35.0,191.0,0.0,59.0,326.0,0.123076923076923,0.1076923076923077,0.5876923076923076,0.0,0.1815384615384615,0.0770379217676918,0.0207026973225838,0.5479247536578083,0.0,0.354334627251916
1991-09,211.0,48.0,35.0,0.0,1.0,295.0,0.7152542372881356,0.1627118644067796,0.1186440677966101,0.0,0.0033898305084745,0.0760844351658548,0.030039434006031,0.5601948503827419,0.0,0.3336812804453723
1991-10,362.0,31.0,622.0,0.0,327.0,1342.0,0.2697466467958271,0.0230998509687034,0.4634873323397913,0.0,0.2436661698956781,0.0511525795828759,0.0645444566410538,0.5470911086717893,0.0,0.337211855104281
1991-11,0.0,0.0,56.0,0.0,80.0,137.0,0.0,0.0,0.411764705882353,0.0,0.5882352941176471,0.1215439364905557,0.0936216808102929,0.5702162606077197,0.0,0.2146181220914317
1991-12,222.0,40.0,579.0,0.0,431.0,1273.0,0.1745283018867924,0.0314465408805031,0.455188679245283,0.0,0.3388364779874214,0.1901840490797545,0.0880132137800849,0.4726285983954695,0.0,0.2491741387446908
1992-01,1.0,0.0,218.0,1.0,1156.0,1375.0,0.0007267441860465,0.0,0.1584302325581395,0.0007267441860465,0.8401162790697675,0.2419597234746017,0.0495942290351668,0.4033663961526901,0.0,0.3050796513375413
1992-02,0.0,2.0,118.0,0.0,1047.0,1168.0,0.0,0.001713796058269,0.1011139674378749,0.0,0.897172236503856,0.2363981943454502,0.0487051556189118,0.4518888096935139,0.0,0.263007840342124
1992-03,0.0,79.0,25.0,0.0,89.0,194.0,0.0,0.4093264248704663,0.1295336787564766,0.0,0.4611398963730569,0.1761483354403708,0.0324483775811209,0.3584070796460177,0.0002107037505267,0.4327855035819637
1992-04,0.0,25.0,244.0,0.0,98.0,368.0,0.0,0.0681198910081744,0.6648501362397821,0.0,0.2670299727520436,0.1424481030780243,0.0216535433070866,0.2913385826771653,0.0001789549033643,0.5443808160343594
1992-05,0.0,40.0,132.0,0.0,30.0,202.0,0.0,0.198019801980198,0.6534653465346535,0.0,0.1485148514851485,0.1066350710900474,0.0277068902661319,0.2949325555960627,0.0001822821728034,0.5705432008749545
1992-06,0.0,25.0,233.0,0.0,325.0,583.0,0.0,0.0428816466552315,0.3996569468267582,0.0,0.5574614065180102,0.049434715140767,0.0323653291953003,0.2748836178230991,0.0002216803369541,0.6430946575038794
1992-07,1.0,62.0,899.0,0.0,662.0,1623.0,0.000615763546798,0.0381773399014778,0.5535714285714286,0.0,0.4076354679802956,0.0487218702206685,0.0406379724710509,0.2875245794188333,0.0002184837229626,0.6228970941664846
1992-08,1.0,50.0,360.0,0.0,89.0,500.0,0.002,0.1,0.72,0.0,0.178,0.0002572016460905,0.0439814814814814,0.2494855967078189,0.0002572016460905,0.7060185185185186
1992-09,1.0,0.0,212.0,0.0,119.0,333.0,0.003012048192771,0.0,0.6385542168674698,0.0,0.358433734939759,0.0002417794970986,0.0563346228239845,0.3991779497098646,0.0,0.5442456479690522
1992-10,3.0,0.0,922.0,0.0,340.0,1266.0,0.0023715415019762,0.0,0.7288537549407115,0.0,0.2687747035573122,0.0005765350245027,0.0810031709426347,0.545690400691842,0.0,0.3727298933410204
1992-11,491.0,4.0,335.0,0.0,296.0,1125.0,0.436056838365897,0.0035523978685612,0.297513321492007,0.0,0.2628774422735346,0.0008314855875831,0.0559866962305986,0.5764966740576497,0.0,0.3666851441241685
1992-12,25.0,0.0,2757.0,0.0,657.0,3439.0,0.0072695551032276,0.0,0.8016865367839489,0.0,0.1910439081128234,0.0013315579227696,0.0392809587217043,0.6120727918331114,0.0,0.3473146915224145
1993-01,230.0,43.0,1749.0,0.0,953.0,2976.0,0.0773109243697478,0.014453781512605,0.5878991596638654,0.0,0.3203361344537815,0.0915285451197053,0.0259668508287292,0.5453038674033149,0.0,0.3372007366482504
1993-02,4.0,4.0,154.0,0.0,290.0,451.0,0.0088495575221238,0.0088495575221238,0.3407079646017699,0.0,0.6415929203539822,0.0629978276611151,0.0139995172580255,0.6619599324161236,0.0,0.2610427226647357
1993-03,0.0,0.0,1482.0,0.0,1092.0,2575.0,0.0,0.0,0.5757575757575758,0.0,0.4242424242424242,0.0779288160215835,0.0100653730414029,0.6573622496627581,0.0,0.2546435612742555
1993-04,0.0,0.0,792.0,0.0,1041.0,1833.0,0.0,0.0,0.4320785597381342,0.0,0.5679214402618658,0.0786317655647095,0.0053185942225466,0.6391698821566378,0.0,0.2768797580561059
1993-05,1.0,75.0,494.0,0.0,891.0,1460.0,0.000684462696783,0.0513347022587269,0.3381245722108145,0.0,0.6098562628336756,0.0636463528019609,0.0043107091539176,0.6253909221536641,0.0,0.3066520158904572
1993-06,24.0,30.0,34.0,0.0,947.0,1035.0,0.0231884057971014,0.0289855072463768,0.0328502415458937,0.0,0.914975845410628,0.0604887490926687,0.0041132349383014,0.5862569562061457,0.0,0.3491410597628841
1993-07,1.0,0.0,735.0,0.0,1063.0,1799.0,0.0005558643690939,0.0,0.4085603112840467,0.0,0.5908838243468594,0.0204177791738652,0.0095806502277367,0.5833202450133501,0.0,0.3866813255850479
1993-08,0.0,30.0,558.0,0.0,429.0,1017.0,0.0,0.0294985250737463,0.5486725663716814,0.0,0.4218289085545723,0.0250726040658276,0.0147144240077444,0.4554695062923524,0.0,0.5047434656340755
1993-09,3.0,0.0,291.0,0.0,120.0,414.0,0.0072463768115942,0.0,0.7028985507246377,0.0,0.2898550724637681,0.0032772558444395,0.0119073629014638,0.4032117107275508,0.0,0.5816036705265457
1993-10,0.0,0.0,276.0,0.0,120.0,396.0,0.0,0.0,0.696969696969697,0.0,0.303030303030303,0.0026751723428336,0.0138903179339438,0.4213396439962959,0.0,0.5620948657269267
1993-11,53.0,66.0,556.0,0.0,90.0,765.0,0.0692810457516339,0.0862745098039215,0.726797385620915,0.0,0.1176470588235294,0.0038364863077126,0.0178595052255589,0.3841778012964678,0.0,0.5941262071702605
1993-12,1.0,38.0,607.0,0.0,417.0,1063.0,0.0009407337723424,0.0357478833490122,0.5710253998118533,0.0,0.3922859830667921,0.0047370140476968,0.0220516171185886,0.3900686050310356,0.0,0.5831427638026788
1994-01,44.0,63.0,42.0,0.0,413.0,561.0,0.0782918149466192,0.1120996441281138,0.0747330960854092,0.0,0.7348754448398576,0.0149281238481385,0.0232215259859933,0.451529671949871,0.0,0.510320678215997
1994-02,0.0,21.0,11.0,0.0,690.0,722.0,0.0,0.0290858725761772,0.0152354570637119,0.0,0.9556786703601108,0.0106343967730106,0.0245691235790245,0.5542720938760543,0.0,0.4105243857719105
1994-03,1.0,0.0,384.0,0.0,60.0,445.0,0.0022471910112359,0.0,0.8629213483146068,0.0,0.1348314606741573,0.0239506758359023,0.0467156746502252,0.5525254920559639,0.0,0.3768081574579084
1994-04,0.0,0.0,10.0,0.0,60.0,71.0,0.0,0.0,0.1428571428571428,0.0,0.8571428571428571,0.0257521672616012,0.0479347271800101,0.4546149923508414,0.0,0.4716981132075472
1994-05,0.0,0.0,251.0,0.0,30.0,282.0,0.0,0.0,0.8932384341637011,0.0,0.1067615658362989,0.0250442701745509,0.0475588160890462,0.4745762711864407,0.0,0.452820642549962
1994-06,1.0,0.0,243.0,0.0,61.0,305.0,0.0032786885245901,0.0,0.7967213114754098,0.0,0.2,0.0272952853598014,0.0518334711883099,0.4438930245381858,0.0,0.4769782189137028
1994-07,1.0,0.0,90.0,0.0,249.0,340.0,0.0029411764705882,0.0,0.2647058823529412,0.0,0.7323529411764705,0.0146356983773464,0.0388164174355711,0.4152083996181991,0.0,0.5313394845688834
1994-08,1.0,0.0,162.0,0.0,149.0,311.0,0.0032051282051282,0.0,0.5192307692307693,0.0,0.4775641025641026,0.0192872117400419,0.0352201257861635,0.3945492662473795,0.0,0.5509433962264151
1994-09,7.0,0.0,147.0,0.0,630.0,784.0,0.0089285714285714,0.0,0.1875,0.0,0.8035714285714286,0.001386962552011,0.0097087378640776,0.4572353213129912,0.0,0.53166897827092
1994-10,120.0,0.0,228.0,0.0,192.0,541.0,0.2222222222222222,0.0,0.4222222222222222,0.0,0.3555555555555555,0.002281802624073,0.0,0.65031374786081,0.0,0.3474044495151169
1994-11,59.0,0.0,345.0,0.0,120.0,524.0,0.1125954198473282,0.0,0.6583969465648855,0.0,0.2290076335877862,0.0047801147227533,0.0,0.4316443594646271,0.0,0.5635755258126195
1994-12,24.0,0.0,348.0,0.0,630.0,1002.0,0.0239520958083832,0.0,0.3473053892215569,0.0,0.6287425149700598,0.0507416081186573,0.0,0.4375487900078064,0.0,0.5117096018735363
1995-01,0.0,0.0,385.0,0.0,381.0,766.0,0.0,0.0,0.5026109660574413,0.0,0.4973890339425587,0.067379679144385,0.0,0.4331550802139037,0.0,0.4994652406417112
1995-02,0.0,0.0,367.0,0.0,179.0,545.0,0.0,0.0,0.6721611721611722,0.0,0.3278388278388279,0.0605368360936607,0.0,0.376927470017133,0.0,0.5625356938892062
1995-03,0.0,0.0,86.0,0.0,442.0,528.0,0.0,0.0,0.1628787878787878,0.0,0.8371212121212122,0.0537169042769857,0.0,0.4111507128309572,0.0,0.535132382892057
1995-04,1.0,0.0,47.0,0.0,91.0,138.0,0.0071942446043165,0.0,0.3381294964028777,0.0,0.6546762589928058,0.0504565112926477,0.0,0.4372897645362806,0.0,0.5122537241710716
1995-05,1.0,0.0,159.0,0.0,61.0,221.0,0.004524886877828,0.0,0.7194570135746606,0.0,0.2760180995475113,0.0519713261648745,0.0,0.4503328213005632,0.0,0.4976958525345622
1995-06,33.0,37.0,0.0,0.0,241.0,311.0,0.1061093247588424,0.1189710610932476,0.0,0.0,0.77491961414791,0.023965763195435,0.0,0.4502139800285307,0.0,0.5258202567760343
1995-07,50.0,0.0,346.0,0.0,175.0,572.0,0.0875656742556917,0.0,0.6059544658493871,0.0,0.3064798598949212,0.0081199250468457,0.0,0.4347282948157402,0.0,0.5571517801374142
1995-08,1.0,0.0,384.0,0.0,150.0,535.0,0.0018691588785046,0.0,0.7177570093457943,0.0,0.2803738317757009,0.0139386698526483,0.0147351652727996,0.4157706093189964,0.0,0.5555555555555555
1995-09,84.0,22.0,396.0,0.0,85.0,587.0,0.1431005110732538,0.0374787052810902,0.6746166950596252,0.0,0.1448040885860306,0.0367012089810017,0.0159758203799654,0.4339378238341968,0.0,0.5133851468048359
1995-10,352.0,0.0,1242.0,0.0,181.0,1774.0,0.1983098591549295,0.0,0.6997183098591548,0.0,0.1019718309859154,0.0373101952277657,0.0160520607375271,0.4433839479392624,0.0,0.5032537960954447
1995-11,250.0,47.0,25.0,0.0,64.0,387.0,0.6476683937823834,0.121761658031088,0.0647668393782383,0.0,0.1658031088082901,0.071912013536379,0.0249576988155668,0.5634517766497462,0.0,0.3396785109983079
1995-12,125.0,0.0,1694.0,0.0,121.0,1940.0,0.0644329896907216,0.0,0.8731958762886598,0.0,0.0623711340206185,0.13025,0.01475,0.63175,0.0,0.22325
1996-01,294.0,0.0,2472.0,0.0,677.0,3443.0,0.0853906476909671,0.0,0.7179785071158873,0.0,0.1966308451931455,0.1848739495798319,0.0254501800720288,0.5745498199279713,0.0,0.215126050420168
1996-02,0.0,0.0,380.0,0.0,1549.0,1929.0,0.0,0.0,0.1969932607568688,0.0,0.8030067392431312,0.1487745944080082,0.0119088712461166,0.7053848809112876,0.0,0.1339316534345875
1996-03,0.0,21.0,767.0,0.0,755.0,1543.0,0.0,0.0136098509397278,0.4970836033700583,0.0,0.4893065456902138,0.1276252019386106,0.0079621509346872,0.7169397645972767,0.0,0.1474728825294253
1996-04,0.0,4.0,140.0,0.0,188.0,333.0,0.0,0.0120481927710843,0.4216867469879518,0.0,0.5662650602409639,0.1098409542743538,0.006858846918489,0.6171968190854871,0.0,0.26610337972167
1996-05,1.0,0.0,376.0,0.0,37.0,414.0,0.002415458937198,0.0,0.9082125603864736,0.0,0.0893719806763285,0.0926833696441539,0.0061728395061728,0.5973129992737836,0.0,0.3038307915758896
1996-06,24.0,0.0,35.0,0.0,266.0,325.0,0.0738461538461538,0.0,0.1076923076923077,0.0,0.8184615384615385,0.0698840488874961,0.0075211532434973,0.572234409276089,0.0,0.3503603885929176
1996-07,71.0,0.0,525.0,0.0,241.0,837.0,0.084826762246117,0.0,0.6272401433691757,0.0,0.2879330943847072,0.0437454431830017,0.0026038954275596,0.6071242578898031,0.0,0.3465264034996354
1996-08,1.0,0.0,875.0,0.0,164.0,1040.0,0.0009615384615384,0.0,0.8413461538461539,0.0,0.1576923076923077,0.0399449035812672,0.0031304783370899,0.5221637866265966,0.0,0.4347608314550463
1996-09,1.0,0.0,1389.0,0.0,135.0,1525.0,0.000655737704918,0.0,0.9108196721311476,0.0,0.0885245901639344,0.0178438661710037,0.0046468401486988,0.4131970260223048,0.0,0.5643122676579926
1996-10,126.0,92.0,227.0,0.0,375.0,821.0,0.1536585365853658,0.1121951219512195,0.2768292682926829,0.0,0.4573170731707317,0.0215987530616789,0.0055666889334224,0.6052104208416834,0.0,0.3676241371632153
1996-11,127.0,0.0,520.0,0.0,693.0,1340.0,0.094776119402985,0.0,0.3880597014925373,0.0,0.5171641791044777,0.0219092331768388,0.0008942544153811,0.746702436843282,0.0,0.2304940755644981
1996-12,105.0,0.0,1790.0,0.0,1523.0,3418.0,0.0307197191339964,0.0,0.5236980690462258,0.0,0.4455822118197776,0.0451521870590606,0.0185446482563999,0.690788147550897,0.0,0.2455150171336424
1997-01,124.0,1.0,991.0,0.0,1292.0,2407.0,0.0514950166112956,0.0004152823920265,0.4115448504983389,0.0,0.5365448504983389,0.0594530321046373,0.0156276541532189,0.6065907932733141,0.0,0.3183285204688296
1997-02,69.0,1.0,362.0,0.0,203.0,635.0,0.1086614173228346,0.0015748031496062,0.5700787401574803,0.0,0.3196850393700787,0.0479955456570155,0.0102449888641425,0.5930957683741649,0.0,0.348663697104677
1997-03,68.0,5.0,40.0,0.0,230.0,342.0,0.1982507288629737,0.0145772594752186,0.1166180758017492,0.0,0.6705539358600583,0.0458724291536347,0.0088143303952232,0.5489527059046536,0.0,0.3963605345464885
1997-04,1.0,1.0,466.0,0.0,154.0,621.0,0.0016077170418006,0.0016077170418006,0.7491961414790996,0.0,0.247588424437299,0.0544056771141336,0.009264734870885,0.5203035679085354,0.0,0.4160260201064459
1997-05,3.0,1.0,93.0,0.0,177.0,275.0,0.010948905109489,0.0036496350364963,0.3394160583941606,0.0,0.6459854014598541,0.0690539937527889,0.0110441767068273,0.4384203480589023,0.0,0.4814814814814815
1997-06,4.0,0.0,578.0,0.0,564.0,1146.0,0.0034904013961605,0.0,0.5043630017452007,0.0,0.4921465968586387,0.056354095368469,0.000912616929044,0.4755874971480721,0.0,0.4671457905544148
1997-07,2.0,0.0,801.0,0.0,201.0,1004.0,0.0019920318725099,0.0,0.797808764940239,0.0,0.2001992031872509,0.048051948051948,0.0011688311688311,0.485974025974026,0.0,0.4648051948051948
1997-08,2.0,0.0,642.0,0.0,176.0,819.0,0.0024390243902439,0.0,0.7829268292682927,0.0,0.2146341463414634,0.0495578481945467,0.0016580692704495,0.4661016949152542,0.0,0.4826823876197493
1997-09,34.0,26.0,235.0,0.0,175.0,471.0,0.0723404255319148,0.0553191489361702,0.5,0.0,0.3723404255319149,0.0365308151093439,0.0019880715705765,0.5815109343936381,0.0,0.3799701789264413
1997-10,5.0,0.0,932.0,0.0,278.0,1214.0,0.0041152263374485,0.0,0.7670781893004114,0.0,0.2288065843621398,0.0190068899976241,0.0016631028747921,0.6224756474221906,0.0,0.3568543597053932
1997-11,191.0,0.0,955.0,0.0,179.0,1325.0,0.1441509433962264,0.0,0.7207547169811321,0.0,0.1350943396226415,0.0106088560885608,0.0064575645756457,0.6492158671586716,0.0,0.3337177121771217
1997-12,480.0,1.0,1669.0,0.0,279.0,2429.0,0.1976121860848085,0.0004116920543433,0.6871140386990531,0.0,0.1148620831617949,0.0101440454453235,0.0054777845404747,0.6656522621221344,0.0,0.3187259078920673
1998-01,311.0,0.0,444.0,0.0,382.0,1137.0,0.2735268249780123,0.0,0.3905013192612137,0.0,0.335971855760774,0.0397993311036789,0.0043478260869565,0.6928093645484951,0.0,0.2630434782608695
1998-02,28.0,142.0,327.0,0.0,213.0,710.0,0.0394366197183098,0.2,0.4605633802816901,0.0,0.3,0.0983064849235852,0.0037174721189591,0.7206388544678507,0.0,0.1773371884896048
1998-03,3.0,59.0,495.0,0.0,341.0,899.0,0.0033407572383073,0.0657015590200445,0.5512249443207127,0.0,0.3797327394209354,0.1383180097349919,0.003650621957815,0.6594104921579232,0.0,0.1986208761492699
1998-04,2.0,10.0,443.0,0.0,501.0,957.0,0.002092050209205,0.0104602510460251,0.4633891213389121,0.0,0.5240585774058577,0.1439747460883887,0.0231951688169091,0.6261323085369201,0.0,0.206697776557782
1998-05,112.0,49.0,275.0,0.0,267.0,702.0,0.1593172119487909,0.069701280227596,0.3911806543385491,0.0,0.379800853485064,0.1319678506611356,0.0261861550427793,0.6250972258231786,0.0,0.2167487684729064
1998-06,2.0,36.0,265.0,0.0,434.0,737.0,0.0027137042062415,0.0488466757123473,0.3595658073270013,0.0,0.5888738127544098,0.136150234741784,0.0284372904091213,0.5812206572769953,0.0,0.2541918175720993
1998-07,0.0,83.0,579.0,0.0,134.0,796.0,0.0,0.1042713567839195,0.7273869346733668,0.0,0.1683417085427135,0.1369822918191131,0.0381969852187911,0.5346114444607054,0.0,0.2902092785013903
1998-08,2.0,0.0,46.0,0.0,177.0,225.0,0.0088888888888888,0.0,0.2044444444444444,0.0,0.7866666666666666,0.0890877261233223,0.0575763470141995,0.4374635284964014,0.0,0.4158723983660766
1998-09,1.0,0.0,296.0,0.0,453.0,751.0,0.0013333333333333,0.0,0.3946666666666666,0.0,0.604,0.030625,0.0789583333333333,0.4966666666666666,0.0,0.39375
1998-10,1.0,0.0,287.0,0.0,375.0,663.0,0.0015082956259426,0.0,0.4328808446455505,0.0,0.5656108597285068,0.0280417149478563,0.0549246813441483,0.487369640787949,0.0,0.4296639629200463
1998-11,298.0,0.0,330.0,0.0,94.0,722.0,0.4127423822714681,0.0,0.4570637119113573,0.0,0.1301939058171745,0.0285577153827693,0.0427165826733861,0.45692344612431,0.0,0.4718022558195344
1998-12,113.0,29.0,232.0,0.0,131.0,506.0,0.2237623762376237,0.0574257425742574,0.4594059405940594,0.0,0.2594059405940594,0.0304594734124935,0.0433660299432111,0.4512132163138874,0.0,0.4749612803304078
1999-01,292.0,0.0,277.0,0.0,215.0,785.0,0.3724489795918367,0.0,0.3533163265306122,0.0,0.274234693877551,0.0780888774723863,0.0305676855895196,0.4631389673773439,0.0,0.42820446956075
1999-02,132.0,0.0,31.0,0.0,62.0,225.0,0.5866666666666667,0.0,0.1377777777777777,0.0,0.2755555555555555,0.1133570062824364,0.0305927342256214,0.4834744605299098,0.0,0.3725757989620322
1999-03,0.0,0.0,552.0,0.0,145.0,697.0,0.0,0.0,0.7919655667144907,0.0,0.2080344332855093,0.1937517127980268,0.0079473828446149,0.4023020005480954,0.0,0.3959989038092628
1999-04,308.0,0.0,374.0,0.0,54.0,736.0,0.4184782608695652,0.0,0.5081521739130435,0.0,0.0733695652173913,0.2293779117566456,0.0079473828446149,0.3981912852836393,0.0,0.3644834201151
1999-05,83.0,0.0,822.0,0.0,92.0,997.0,0.0832497492477432,0.0,0.8244734202607824,0.0,0.0922768304914744,0.2324805339265851,0.0080645161290322,0.475250278086763,0.0,0.2842046718576195
1999-06,279.0,0.0,404.0,0.0,110.0,792.0,0.3518284993694829,0.0,0.5094577553593946,0.0,0.1387137452711223,0.3115290269828291,0.0079040610520577,0.4895066775688198,0.0,0.1910602343962932
1999-07,1.0,0.0,819.0,0.0,254.0,1073.0,0.0009310986964618,0.0,0.7625698324022346,0.0,0.2364990689013035,0.2352941176470588,0.0073529411764705,0.5801217038539553,0.0,0.1772312373225152
1999-08,1.0,0.0,64.0,0.0,181.0,246.0,0.0040650406504065,0.0,0.2601626016260163,0.0,0.7357723577235772,0.2585066162570889,0.0,0.5812854442344045,0.0,0.1602079395085066
1999-09,1.0,251.0,404.0,0.0,340.0,995.0,0.001004016064257,0.2520080321285141,0.4056224899598393,0.0,0.3413654618473895,0.1775762936753648,0.0,0.6638655462184874,0.0,0.1585581601061477
1999-10,1.0,0.0,632.0,0.0,167.0,800.0,0.00125,0.0,0.79,0.0,0.20875,0.147919876733436,0.0,0.6680607528065154,0.0,0.1840193704600484
1999-11,738.0,123.0,541.0,0.0,423.0,1825.0,0.4043835616438356,0.0673972602739726,0.2964383561643836,0.0,0.2317808219178082,0.1389921520033044,0.0518380834365964,0.5962412226352747,0.0,0.2129285419248244
1999-12,183.0,65.0,841.0,0.0,496.0,1585.0,0.1154574132492113,0.0410094637223974,0.5305993690851736,0.0,0.3129337539432177,0.0746025275173257,0.0511618426416632,0.641051773338769,0.0,0.2331838565022421
2000-01,0.0,0.0,103.0,0.0,305.0,408.0,0.0,0.0,0.2524509803921568,0.0,0.7475490196078431,0.17806069061737,0.0652249738402511,0.4994768050226717,0.0,0.257237530519707
2000-02,1.0,0.0,269.0,0.0,232.0,503.0,0.0019920318725099,0.0,0.5358565737051793,0.0,0.4621513944223108,0.1417407293901317,0.0672693840024517,0.5058228623965676,0.0,0.2851670242108489
2000-03,182.0,0.0,567.0,0.0,281.0,1030.0,0.1766990291262136,0.0,0.5504854368932038,0.0,0.2728155339805825,0.157679180887372,0.0749146757679181,0.4411262798634812,0.0,0.3262798634812287
2000-04,183.0,25.0,699.0,0.0,204.0,1111.0,0.1647164716471647,0.0225022502250225,0.6291629162916291,0.0,0.1836183618361836,0.1510791366906475,0.0717789404839764,0.4561805101373447,0.0,0.3209614126880314
2000-05,2.0,0.0,630.0,0.0,464.0,1095.0,0.0018248175182481,0.0,0.5748175182481752,0.0,0.4233576642335766,0.1796747967479675,0.0305691056910569,0.4801626016260163,0.0,0.3095934959349594
2000-06,1.0,1.0,651.0,0.0,145.0,798.0,0.0012531328320802,0.0012531328320802,0.8157894736842105,0.0,0.181704260651629,0.1991951710261569,0.0329670329670329,0.4674199040396223,0.0,0.3004178919671877
2000-07,1.0,0.0,415.0,0.0,224.0,641.0,0.0015625,0.0,0.6484375,0.0,0.35,0.0961270062805303,0.0157013258897418,0.5423935799023029,0.0,0.345778087927425
2000-08,3.0,91.0,252.0,0.0,236.0,583.0,0.0051546391752577,0.1563573883161512,0.4329896907216494,0.0,0.4054982817869415,0.0746208291203235,0.0052578361981799,0.5902932254802831,0.0,0.3298281092012133
2000-09,96.0,0.0,615.0,0.0,297.0,1008.0,0.0952380952380952,0.0,0.6101190476190477,0.0,0.2946428571428571,0.071469963299208,0.0050222136372416,0.6241066254587598,0.0,0.2994011976047904
2000-10,2.0,64.0,836.0,0.0,387.0,1289.0,0.0015515903801396,0.0496508921644685,0.6485647788983708,0.0,0.3002327385570209,0.0707627924671866,0.0222560395662925,0.6113753091116607,0.0,0.2956058588548602
2000-11,746.0,0.0,868.0,0.0,288.0,1902.0,0.3922187171398528,0.0,0.4563617245005257,0.0,0.1514195583596214,0.0546322827125119,0.022349570200573,0.6231136580706782,0.0,0.2999044890162369
2000-12,76.0,0.0,828.0,0.0,318.0,1221.0,0.0621931260229132,0.0,0.6775777414075286,0.0,0.2602291325695581,0.0193977461666358,0.0288195085904304,0.6279327544799557,0.0,0.323849990762978
2001-01,148.0,0.0,350.0,0.0,341.0,839.0,0.1764004767580453,0.0,0.4171632896305125,0.0,0.4064362336114422,0.1365171249397009,0.0250844187168355,0.584820710725197,0.0,0.2535777456182666
2001-02,2.0,67.0,106.0,0.0,262.0,437.0,0.0045766590389016,0.1533180778032036,0.2425629290617849,0.0,0.5995423340961098,0.1390937829293993,0.0233328315520096,0.5741381905765467,0.0,0.2634351949420442
2001-03,40.0,31.0,887.0,0.0,304.0,1262.0,0.0316957210776545,0.0245641838351822,0.7028526148969889,0.0,0.2408874801901743,0.1565331774334989,0.0226541946799181,0.547939199064601,0.0,0.2728734288219819
2001-04,3.0,228.0,104.0,0.0,173.0,506.0,0.0059055118110236,0.4488188976377953,0.2047244094488189,0.0,0.3405511811023622,0.1597730327012095,0.0195609974615499,0.5380020904882783,0.0,0.2826638793489622
2001-05,4.0,0.0,240.0,0.0,269.0,513.0,0.0077972709551656,0.0,0.4678362573099415,0.0,0.5243664717348928,0.1458782908933966,0.0233059991368148,0.5574737447849231,0.0,0.2733419651848655
2001-06,2.0,0.0,320.0,0.0,222.0,544.0,0.0036764705882352,0.0,0.5882352941176471,0.0,0.4080882352941176,0.1645056726094003,0.052836304700162,0.5094003241491086,0.0,0.273257698541329
2001-07,2.0,1.0,537.0,0.0,181.0,722.0,0.0027739251040221,0.001386962552011,0.7447988904299585,0.0,0.2510402219140083,0.0571010248901903,0.0681865718468939,0.5260405772850868,0.0,0.3486718259778289
2001-08,88.0,73.0,238.0,0.0,343.0,743.0,0.1185983827493261,0.0983827493261455,0.320754716981132,0.0,0.4622641509433962,0.0485010967584694,0.0794540580063368,0.4891542773580307,0.0,0.382890567877163
2001-09,118.0,0.0,308.0,0.0,193.0,620.0,0.1906300484652665,0.0,0.4975767366720517,0.0,0.3117932148626817,0.0132998745294855,0.0820577164366374,0.550564617314931,0.0,0.3540777917189461
2001-10,305.0,0.0,543.0,0.0,118.0,966.0,0.3157349896480331,0.0,0.562111801242236,0.0,0.1221532091097308,0.0324009324009324,0.0776223776223776,0.5421911421911422,0.0,0.3477855477855477
2001-11,95.0,0.0,1426.0,0.0,396.0,1917.0,0.0495565988523735,0.0,0.7438706311945749,0.0,0.2065727699530516,0.0595009596928982,0.0828077872223745,0.4790238552234713,0.0,0.3786673978612558
2001-12,170.0,0.0,1153.0,0.0,103.0,1426.0,0.1192145862552594,0.0,0.8085553997194951,0.0,0.0722300140252454,0.1264311814859927,0.0180267965895249,0.5325213154689403,0.0,0.323020706455542
2002-01,0.0,0.0,263.0,0.0,0.0,264.0,0.0,0.0,1.0,0.0,0.0,0.1107278998003267,0.0134325648938101,0.6120893084044291,0.0,0.263750226901434
2002-02,0.0,0.0,1130.0,0.0,0.0,1130.0,0.0,0.0,1.0,0.0,0.0,0.1217336879987482,0.01157878266312,0.6579565013299953,0.0,0.2087310280081364
2002-03,7.0,0.0,55.0,0.0,0.0,62.0,0.1129032258064516,0.0,0.8870967741935484,0.0,0.0,0.1307938648238665,0.0123040620259565,0.6625653126580145,0.0,0.1943367604921625
2002-04,3.0,0.0,35.0,0.0,0.0,38.0,0.0789473684210526,0.0,0.9210526315789472,0.0,0.0,0.1088435374149659,0.0,0.7630121816168328,0.0,0.1281442809682012
2002-05,3.0,0.0,91.0,0.0,0.0,94.0,0.0319148936170212,0.0,0.9680851063829788,0.0,0.0,0.1001040943789035,0.0,0.7928521859819571,0.0,0.1070437196391394
2002-06,3.0,0.0,26.0,0.0,0.0,29.0,0.1034482758620689,0.0,0.896551724137931,0.0,0.0,0.0568651778329197,0.0,0.8399503722084367,0.0,0.1031844499586435
2002-07,2.0,0.0,66.0,0.0,0.0,67.0,0.0294117647058823,0.0,0.9705882352941176,0.0,0.0,0.0607368071689346,0.0,0.9050779953534684,0.0,0.034185197477597
2002-08,2.0,0.0,48.0,0.0,0.0,50.0,0.04,0.0,0.96,0.0,0.0,0.0099009900990099,0.0,0.9900990099009902,0.0,0.0
2002-09,4.0,0.0,420.0,0.0,0.0,424.0,0.0094339622641509,0.0,0.9905660377358492,0.0,0.0,0.0126671358198451,0.0,0.9873328641801548,0.0,0.0
2002-10,2.0,0.0,37.0,0.0,0.0,39.0,0.0512820512820512,0.0,0.9487179487179488,0.0,0.0,0.0586510263929618,0.0,0.941348973607038,0.0,0.0
2002-11,2.0,0.0,350.0,0.0,0.0,351.0,0.0056818181818181,0.0,0.9943181818181818,0.0,0.0,0.0241820768136557,0.0,0.9758179231863442,0.0,0.0
2002-12,1.0,0.0,446.0,0.0,0.0,447.0,0.0022371364653243,0.0,0.9977628635346756,0.0,0.0,0.0227272727272727,0.0,0.9772727272727272,0.0,0.0
2003-01,8.0,0.0,1117.0,0.0,0.0,1125.0,0.0071111111111111,0.0,0.9928888888888888,0.0,0.0,0.0155925155925155,0.0,0.9844074844074844,0.0,0.0
2003-02,5.0,0.0,513.0,0.0,0.0,519.0,0.0096525096525096,0.0,0.9903474903474904,0.0,0.0,0.0094202898550724,0.0,0.9905797101449276,0.0,0.0
2003-03,8.0,0.0,898.0,0.0,161.0,1067.0,0.007497656982193,0.0,0.8416119962511716,0.0,0.1508903467666354,0.0077964710709889,0.0,0.9922035289290112,0.0,0.0
2003-04,102.0,2.0,225.0,0.0,689.0,1018.0,0.1001964636542239,0.0019646365422396,0.2210216110019646,0.0,0.6768172888015717,0.0075731497418244,0.0,0.9924268502581756,0.0,0.0
2003-05,6.0,3.0,122.0,0.0,472.0,603.0,0.0099502487562189,0.0049751243781094,0.2023217247097844,0.0,0.7827529021558872,0.0073280721533258,0.0,0.9472942502818488,0.0,0.0453776775648252
2003-06,6.0,0.0,28.0,0.0,165.0,200.0,0.0301507537688442,0.0,0.1407035175879397,0.0,0.829145728643216,0.0278330019880715,0.0004417936823503,0.7839628893306826,0.0,0.1877623149988955
2003-07,7.0,0.0,195.0,0.0,171.0,373.0,0.0187667560321715,0.0,0.5227882037533512,0.0,0.4584450402144772,0.027208036835496,0.0010464629552113,0.6950606948514023,0.0,0.2766848053578903
2003-08,9.0,0.0,6.0,0.0,199.0,214.0,0.0420560747663551,0.0,0.02803738317757,0.0,0.9299065420560748,0.0298013245033112,0.0011037527593818,0.6408388520971302,0.0,0.3282560706401766
2003-09,13.0,0.0,301.0,0.0,274.0,588.0,0.0221088435374149,0.0,0.5119047619047619,0.0,0.4659863945578231,0.0354685018528321,0.0013234515616728,0.5243515087347803,0.0,0.4388565378507147
2003-10,6.0,1.0,135.0,0.0,742.0,883.0,0.006787330316742,0.001131221719457,0.1527149321266968,0.0,0.839366515837104,0.0397236614853195,0.0014392630972941,0.4242947610823258,0.0,0.5345423143350604
2003-11,3.0,0.0,41.0,0.0,250.0,295.0,0.010204081632653,0.0,0.1394557823129251,0.0,0.8503401360544218,0.0477462437395659,0.001669449081803,0.2928213689482471,0.0,0.657762938230384
2003-12,7.0,0.0,373.0,0.0,168.0,549.0,0.0127737226277372,0.0,0.6806569343065693,0.0,0.3065693430656934,0.0164278224397063,0.0013981125480601,0.2750786438308283,0.0,0.7070954211814051
2004-01,8.0,0.0,338.0,0.0,332.0,678.0,0.0117994100294985,0.0,0.4985250737463126,0.0,0.4896755162241888,0.0172413793103448,0.0003918495297805,0.2766457680250783,0.0,0.7057210031347962
2004-02,6.0,0.0,426.0,0.0,124.0,556.0,0.0107913669064748,0.0,0.7661870503597122,0.0,0.2230215827338129,0.015511892450879,0.0003447087211306,0.3622888659083074,0.0,0.6218545329196828
2004-03,243.0,0.0,149.0,0.0,819.0,1211.0,0.2006606110652353,0.0,0.1230388109000825,0.0,0.6763005780346821,0.0143480973175296,0.0003119151590767,0.372426699937617,0.0,0.6129132875857767
2004-04,7.0,0.0,47.0,0.0,517.0,571.0,0.0122591943957968,0.0,0.0823117338003502,0.0,0.9054290718038528,0.012119503945885,0.000281848928974,0.4549041713641488,0.0,0.5326944757609922
2004-05,5.0,0.0,385.0,0.0,526.0,916.0,0.0054585152838427,0.0,0.4203056768558952,0.0,0.574235807860262,0.0654519299928074,0.0002397506593143,0.3505154639175258,0.0,0.5837928554303525
2004-06,4.0,2.0,539.0,0.0,305.0,850.0,0.0047058823529411,0.0023529411764705,0.6341176470588236,0.0,0.3588235294117647,0.071021254536029,0.0,0.3561430793157075,0.0,0.5728356661482633
2004-07,6.0,1.0,38.0,0.0,273.0,318.0,0.0188679245283018,0.0031446540880503,0.1194968553459119,0.0,0.8584905660377359,0.0616071428571428,0.0,0.3834821428571428,0.0,0.5549107142857143
2004-08,2.0,0.0,799.0,0.0,799.0,1600.0,0.00125,0.0,0.499375,0.0,0.499375,0.0570890840652446,0.000418235048097,0.3939774153074027,0.0,0.5485152655792556
2004-09,385.0,1.0,1452.0,0.0,477.0,2314.0,0.1663066954643628,0.0004319654427645,0.6272138228941685,0.0,0.2060475161987041,0.0612844866576209,0.0006784260515603,0.3582089552238806,0.0,0.5798281320669381
2004-10,37.0,3.0,145.0,0.0,1381.0,1566.0,0.0236270753512132,0.0019157088122605,0.0925925925925925,0.0,0.8818646232439336,0.048847420417124,0.0005488474204171,0.3580314672521039,0.0,0.592572264910355
2004-11,2.0,7.0,803.0,0.0,829.0,1641.0,0.0012187690432663,0.004265691651432,0.4893357708714199,0.0,0.5051797684338818,0.0622526636225266,0.0006088280060882,0.4961948249619483,0.0,0.4409436834094368
2004-12,914.0,85.0,1142.0,0.0,438.0,2579.0,0.3544009305932531,0.0329585110507948,0.44280728964715,0.0,0.1698332687088018,0.0580304031725049,0.000925313945803,0.4438863185723727,0.0,0.4971579643093192
2005-01,66.0,2.0,123.0,0.0,687.0,878.0,0.0751708428246013,0.0022779043280182,0.1400911161731207,0.0,0.7824601366742597,0.0525934861278649,0.0016887816646562,0.4554885404101327,0.0,0.4902291917973462
2005-02,351.0,26.0,683.0,0.0,816.0,1875.0,0.1871002132196162,0.0138592750533049,0.3640724946695096,0.0,0.4349680170575693,0.1343447449845294,0.0096816049505938,0.4370695678211397,0.0,0.4189040822437368
2005-03,68.0,2.0,1175.0,0.0,990.0,2235.0,0.0304250559284116,0.0008948545861297,0.5257270693512305,0.0,0.4429530201342282,0.1329048114188486,0.0092636355043009,0.4219680499101995,0.0,0.4358635031666509
2005-04,827.0,2.0,1693.0,0.0,405.0,2927.0,0.2825418517253161,0.0006832934745473,0.5784079262043048,0.0,0.1383669285958319,0.1616766467065868,0.0114233072316904,0.4005527406725011,0.0,0.4263473053892216
2005-05,489.0,204.0,2090.0,2.0,791.0,3575.0,0.136744966442953,0.0570469798657718,0.5844519015659955,0.000559284116331,0.2211968680089485,0.1334570765661253,0.0116009280742459,0.3778190255220418,0.0,0.4771229698375869
2005-06,3.0,4.0,1228.0,3.0,801.0,2040.0,0.0014713094654242,0.0019617459538989,0.6022560078469837,0.0014713094654242,0.3928396272682687,0.1835860250494397,0.0102175346077785,0.4630026367831246,0.0,0.3431938035596572
2005-07,51.0,52.0,862.0,0.0,462.0,1428.0,0.035739313244569,0.0364400840925017,0.6040644709180097,0.0,0.3237561317449194,0.1929500390874849,0.02281287754957,0.4907966740103759,0.00014213630872,0.293298273043849
2005-08,295.0,144.0,435.0,0.0,833.0,1706.0,0.1728178090216754,0.0843585237258348,0.2548330404217926,0.0,0.4879906268306971,0.1333234794176336,0.0177370482595521,0.5167393392949523,0.0003695218387406,0.3318306111891212
2005-09,27.0,102.0,55.0,0.0,284.0,469.0,0.0576923076923076,0.2179487179487179,0.1175213675213675,0.0,0.6068376068376069,0.127059659090909,0.0205965909090909,0.5490767045454545,0.0003551136363636,0.3029119318181818
2005-10,43.0,2.0,89.0,0.0,216.0,351.0,0.1228571428571428,0.0057142857142857,0.2542857142857143,0.0,0.6171428571428571,0.1245776723456257,0.0293293077420746,0.5379196319459421,0.0003594277909567,0.3078139601754007
2005-11,51.0,1.0,35.0,0.0,981.0,1068.0,0.047752808988764,0.0009363295880149,0.0327715355805243,0.0,0.9185393258426966,0.1393280632411067,0.0418313570487483,0.5239624505928854,0.0004117259552042,0.2944664031620553
2005-12,73.0,2.0,204.0,0.0,372.0,651.0,0.1121351766513056,0.0030721966205837,0.3133640552995391,0.0,0.5714285714285714,0.0949095850318804,0.0530991951499947,0.4974391136197345,0.0005226298735235,0.3540294763248667
2006-01,27.0,10.0,232.0,0.0,473.0,742.0,0.036388140161725,0.013477088948787,0.3126684636118598,0.0,0.637466307277628,0.0665816687916135,0.0432072531520045,0.3830570902394106,0.0004249893752656,0.5067289984417056
2006-02,3.0,11.0,144.0,0.0,555.0,712.0,0.0042075736325385,0.0154277699859747,0.2019635343618513,0.0,0.7784011220196354,0.0952213013577852,0.0534297302063128,0.2962440486686651,0.0,0.5551049197672369
2006-03,3.0,28.0,447.0,0.0,626.0,1105.0,0.0027173913043478,0.0253623188405797,0.4048913043478261,0.0,0.5670289855072463,0.1034897713598074,0.0523465703971119,0.210589651022864,0.0,0.6335740072202166
2006-04,88.0,2.0,719.0,0.0,454.0,1263.0,0.0696753760886777,0.0015835312747426,0.569279493269992,0.0,0.3594615993665875,0.0561122244488977,0.032064128256513,0.190130260521042,0.0,0.7216933867735471
2006-05,115.0,3.0,280.0,0.0,608.0,1005.0,0.1143141153081511,0.0029821073558648,0.2783300198807157,0.0,0.6043737574552683,0.0432152117545375,0.0116681071737251,0.2487035436473638,0.0,0.6964131374243734
2006-06,255.0,78.0,179.0,0.0,493.0,1005.0,0.2537313432835821,0.0776119402985074,0.1781094527363184,0.0,0.490547263681592,0.0442158455152499,0.0097455332972387,0.3214221259700415,0.0,0.6246164952174698
2006-07,267.0,29.0,267.0,0.0,489.0,1050.0,0.2538022813688213,0.0275665399239543,0.2538022813688213,0.0,0.464828897338403,0.0563971527651031,0.0102208432195656,0.3697755064792845,0.0,0.5636064975360467
2006-08,175.0,129.0,694.0,0.0,521.0,1518.0,0.1152073732718894,0.0849242922975642,0.45687952600395,0.0,0.3429888084265964,0.0841762386422081,0.0226298645636893,0.3430481741813818,0.0,0.5501457226127208
2006-09,78.0,221.0,949.0,0.0,540.0,1789.0,0.0436241610738255,0.1236017897091722,0.5307606263982103,0.0,0.3020134228187919,0.1189972326224971,0.0245808237017743,0.3314341526941234,0.0,0.5249877909816051
2006-10,680.0,109.0,607.0,0.0,327.0,1724.0,0.3946604759141033,0.0632617527568195,0.3522925130586186,0.0,0.1897852582704585,0.1299467549287667,0.0387106058425672,0.3721398762411857,0.0,0.4592027629874802
2006-11,231.0,556.0,312.0,0.0,382.0,1481.0,0.1559756920999324,0.37542201215395,0.2106684672518568,0.0,0.2579338284942606,0.1281278658456701,0.0605266605528625,0.4045591510546311,0.0,0.4067863225468361
2006-12,489.0,245.0,424.0,0.0,319.0,1477.0,0.3310765064319567,0.1658767772511848,0.2870683818551117,0.0,0.2159783344617467,0.1939948103299147,0.0703076732979118,0.3677251946126282,0.0,0.3679723217595453
2007-01,218.0,134.0,408.0,0.0,454.0,1213.0,0.1795716639209225,0.1103789126853377,0.3360790774299835,0.0,0.3739703459637561,0.1967787114845938,0.1309523809523809,0.3510737628384687,0.0,0.3211951447245565
2007-02,98.0,206.0,396.0,0.0,171.0,870.0,0.1125143513203214,0.2365097588978186,0.4546498277841562,0.0,0.1963260619977038,0.2123893805309734,0.1425884955752212,0.3598451327433629,0.0,0.2851769911504425
2007-03,476.0,198.0,283.0,0.0,674.0,1631.0,0.2918454935622318,0.1213979153893317,0.173513182096873,0.0,0.4132434089515635,0.2033253640512932,0.1514888067811345,0.3688328624212127,0.0,0.2763529667463595
2007-04,165.0,135.0,399.0,0.0,325.0,1024.0,0.1611328125,0.1318359375,0.3896484375,0.0,0.3173828125,0.2097264437689969,0.1719663315407996,0.3619359364040215,0.0,0.2563712882861819
2007-05,52.0,106.0,290.0,0.0,153.0,602.0,0.086522462562396,0.1763727121464226,0.4825291181364393,0.0,0.2545757071547421,0.2610456115279266,0.1724425390020245,0.2893890675241157,0.0,0.277122781945933
2007-06,42.0,264.0,265.0,0.0,183.0,754.0,0.0557029177718832,0.3501326259946949,0.3514588859416445,0.0,0.2427055702917772,0.2178487918939984,0.1914783060535204,0.2886464016627695,0.0,0.3020265003897116
2007-07,57.0,90.0,506.0,0.0,987.0,1641.0,0.0347560975609756,0.0548780487804878,0.3085365853658536,0.0,0.6018292682926829,0.2197125256673511,0.1501906717512466,0.322675271340569,0.0,0.3074215312408331
2007-08,4.0,50.0,451.0,0.0,321.0,826.0,0.0048426150121065,0.0605326876513317,0.5460048426150121,0.0,0.3886198547215496,0.172436423297785,0.171123872026251,0.3348646431501231,0.0,0.3215750615258408
2007-09,6.0,243.0,532.0,0.0,477.0,1257.0,0.0047694753577106,0.1931637519872813,0.4228934817170111,0.0,0.3791732909379968,0.1364821346419261,0.153197362367735,0.328017175279865,0.0,0.3823033277104739
2007-10,219.0,318.0,211.0,0.0,269.0,1017.0,0.2153392330383481,0.3126843657817109,0.207472959685349,0.0,0.2645034414945919,0.1229153798641136,0.1301729462631254,0.3387893761581223,0.0,0.4081222977146386
2007-11,312.0,419.0,707.0,0.0,1312.0,2750.0,0.1134545454545454,0.1523636363636363,0.2570909090909091,0.0,0.477090909090909,0.0534163526134687,0.145502212026872,0.4002949369162706,0.0,0.4007864984433885
2007-12,7.0,247.0,858.0,0.0,316.0,1427.0,0.0049019607843137,0.17296918767507,0.6008403361344538,0.0,0.2212885154061624,0.0623359580052493,0.1756889763779527,0.3699146981627296,0.0,0.3920603674540682
2008-01,7.0,766.0,722.0,0.0,341.0,1836.0,0.0038126361655773,0.4172113289760348,0.3932461873638344,0.0,0.1857298474945533,0.0776228016979987,0.1678593086719223,0.3240751970891449,0.0,0.4304426925409339
2008-02,7.0,332.0,726.0,0.0,891.0,1956.0,0.0035787321063394,0.1697341513292433,0.3711656441717791,0.0,0.455521472392638,0.0678327166722726,0.1532683036214822,0.366072429644579,0.0,0.4128265500616661
2008-03,9.0,312.0,868.0,1.0,795.0,1984.0,0.0045340050377833,0.1571788413098236,0.43727959697733,0.0005037783375314,0.4005037783375315,0.0608886450905101,0.2241360394953373,0.3818979703784969,0.0,0.3330773450356555
2008-04,5.0,211.0,517.0,1.0,226.0,959.0,0.0052083333333333,0.2197916666666666,0.5385416666666666,0.0010416666666666,0.2354166666666666,0.0544655929721815,0.2269399707174231,0.3666178623718887,0.0,0.3519765739385066
2008-05,475.0,336.0,976.0,1.0,558.0,2346.0,0.2024722932651321,0.1432225063938619,0.4160272804774083,0.0004262574595055,0.237851662404092,0.0511301494713817,0.2181917608457893,0.3729493255559606,9.114108640174992e-05,0.3576376230404666
2008-06,398.0,106.0,1866.0,0.0,219.0,2590.0,0.1537273078408652,0.0409424488219389,0.7207415990730012,0.0,0.0845886442641946,0.0317911131470453,0.2095281722400366,0.4029317453046266,0.0001832340815391,0.3555657352267521
2008-07,7.0,71.0,1477.0,0.0,1343.0,2899.0,0.002415458937198,0.0244996549344375,0.5096618357487923,0.0,0.4634230503795721,0.0485205974693178,0.2096850918085815,0.4440110360574636,0.0002854152792312,0.2974978593854058
2008-08,250.0,108.0,1002.0,0.0,551.0,1910.0,0.1308215593929879,0.0565149136577708,0.5243328100470958,0.0,0.2883307169021455,0.0771932830705963,0.1767477724468814,0.486206305688828,0.0002570253598355,0.2595956134338588
2008-09,2.0,92.0,393.0,0.0,373.0,860.0,0.0023255813953488,0.1069767441860465,0.4569767441860465,0.0,0.4337209302325581,0.070755457829433,0.1074289304224909,0.5049473849536674,0.0002355897596984,0.3166326370347103
2008-10,69.0,386.0,224.0,0.0,1198.0,1876.0,0.0367607884922749,0.2056473095364944,0.1193393713372402,0.0,0.6382525306339905,0.0901568287493104,0.0901568287493104,0.5284892426511151,0.0002364252502167,0.2909606746000472
2008-11,1.0,238.0,401.0,0.0,907.0,1547.0,0.0006464124111182,0.1538461538461538,0.2592113768584357,0.0,0.5862960568842922,0.0983223797993773,0.0799031476997578,0.5388273953649256,0.0001729505361466,0.2827741265997924
2008-12,282.0,194.0,480.0,0.0,672.0,1627.0,0.1732186732186732,0.1191646191646191,0.2948402948402949,0.0,0.4127764127764127,0.0962262639211601,0.0880538418395961,0.4757631600032049,8.012178511337233e-05,0.3398766124509254
2009-01,4.0,239.0,908.0,0.0,1227.0,2379.0,0.0016820857863751,0.1005046257359125,0.3818334735071488,0.0,0.5159798149705636,0.0622324944358842,0.0856873822975518,0.4590823489128574,0.0,0.3929977743537065
2009-02,3.0,56.0,391.0,0.0,721.0,1171.0,0.0025619128949615,0.0478223740392826,0.3339026473099915,0.0,0.6157130657557643,0.0569909523365357,0.1015763454901595,0.3709542020333924,0.0,0.4704785001399122
2009-03,28.0,136.0,1117.0,5.0,613.0,1899.0,0.0147446024223275,0.0716166403370194,0.588204318062138,0.0026329647182727,0.3228014744602422,0.0596019998039407,0.1232232134104499,0.3340848936378786,0.0,0.4830898931477306
2009-04,3.0,76.0,1268.0,5.0,629.0,1981.0,0.0015143866733972,0.0383644623927309,0.6400807672892479,0.0025239777889954,0.3175164058556284,0.0381566430609872,0.1273649719902758,0.2956347109185075,0.0,0.5388436740302294
2009-05,3.0,86.0,1361.0,2.0,1204.0,2656.0,0.0011295180722891,0.0323795180722891,0.5124246987951807,0.0007530120481927,0.4533132530120481,0.0368571428571428,0.1189523809523809,0.3353333333333333,0.0004761904761904,0.5083809523809525
2009-06,4.0,210.0,467.0,1.0,589.0,1270.0,0.003147128245476,0.1652242328874901,0.3674272226593233,0.000786782061369,0.4634146341463414,0.0302715956242927,0.0885514900037721,0.4304979253112033,0.0009430403621274,0.4497359486986043
2009-07,5.0,115.0,789.0,2.0,594.0,1505.0,0.0033222591362126,0.0764119601328903,0.5242524916943522,0.001328903654485,0.3946843853820598,0.0275761973875181,0.0671903013745411,0.4716981132075472,0.0010245026893195,0.432510885341074
2009-08,45.0,457.0,463.0,0.0,723.0,1688.0,0.0266587677725118,0.2707345971563981,0.2742890995260663,0.0,0.4283175355450237,0.0039626629094751,0.0707115181401902,0.4853821768228249,0.0011447692849594,0.4387988728425502
2009-09,361.0,175.0,804.0,9.0,552.0,1901.0,0.1899000526038927,0.0920568122041031,0.4229352972119937,0.0047343503419253,0.2903734876380852,0.004388056853954,0.0647715348659734,0.5144519698559573,0.0014308881045502,0.4149575503195651
2009-10,533.0,175.0,1578.0,15.0,649.0,2949.0,0.1806779661016949,0.059322033898305,0.5349152542372881,0.0050847457627118,0.2199999999999999,0.008,0.0981818181818181,0.4968181818181818,0.0013636363636363,0.3956363636363637
2009-11,166.0,133.0,1336.0,7.0,584.0,2226.0,0.0745732255166217,0.0597484276729559,0.6001796945193172,0.0031446540880503,0.2623539982030548,0.0382657698600254,0.1017087802217778,0.4682784948191238,0.0017269587347754,0.3900199963642974
2009-12,407.0,93.0,1631.0,8.0,1465.0,3605.0,0.1129300776914539,0.0258046614872364,0.4525527192008879,0.002219755826859,0.4064927857935627,0.0794419847965917,0.101745885890903,0.4562693175173335,0.0024225210926405,0.3601202907025311
2010-01,2.0,116.0,1342.0,8.0,2046.0,3514.0,0.0005691519635742,0.0330108138873079,0.3819009675583381,0.002276607854297,0.5822424587364826,0.0965254310718308,0.1096092193050862,0.4711030240013863,0.0029460185425872,0.3198163070791092
2010-02,2.0,77.0,1132.0,1.0,641.0,1852.0,0.0010793308148947,0.0415542363734484,0.6109012412304371,0.0005396654074473,0.3459255261737722,0.1093412137811734,0.0827447023208879,0.4757820383451059,0.0029551679400317,0.3291768776128009
2010-03,45.0,93.0,1493.0,5.0,538.0,2173.0,0.0206991720331186,0.0427782888684452,0.6867525298988041,0.0022999080036798,0.2474701011959521,0.0953220424353081,0.0723414971982622,0.4504186866460996,0.0029591387017565,0.3789586350185733
2010-04,2.0,108.0,1383.0,0.0,789.0,2281.0,0.0008764241893076,0.0473269062226117,0.6060473269062225,0.0,0.345749342681858,0.0916625124626121,0.0479187437686939,0.487475074775673,0.0029910269192422,0.3699526420737787
2010-05,282.0,109.0,1358.0,0.0,692.0,2441.0,0.1155264235968865,0.0446538303973781,0.5563293732077018,0.0,0.2834903727980336,0.0707677225660192,0.042093009006801,0.5215366705471478,0.0026959132406102,0.3629066846394216
2010-06,1.0,104.0,1232.0,0.0,364.0,1701.0,0.0005878894767783,0.06114050558495,0.7242798353909465,0.0,0.2139917695473251,0.039864562703635,0.039609020635022,0.5313358461636747,0.0018526799974445,0.3873378905002235
2010-07,335.0,114.0,1648.0,0.0,441.0,2539.0,0.131993695823483,0.0449172576832151,0.6493301812450748,0.0,0.1737588652482269,0.0466347365767582,0.0375598689185782,0.5255230652886312,0.0013864381144441,0.3888958911015881
2010-08,2.0,119.0,2021.0,0.0,488.0,2630.0,0.0007604562737642,0.0452471482889733,0.7684410646387833,0.0,0.185551330798479,0.0239169351951306,0.0434658073755818,0.5685642678123881,0.0010025062656641,0.3630504833512352
2010-09,31.0,178.0,1611.0,0.0,605.0,2426.0,0.0127835051546391,0.0734020618556701,0.6643298969072166,0.0,0.2494845360824742,0.0513511432750789,0.0465778735853414,0.6348448687350835,0.0004619293248133,0.2667641850796828
2010-10,21.0,90.0,1179.0,0.0,683.0,1973.0,0.0106436898124683,0.0456158134820071,0.5975671566142929,0.0,0.3461733400912316,0.0484527095743135,0.046999854714514,0.6635914572134243,0.0003632137149498,0.2405927647827982
2010-11,4.0,83.0,2356.0,0.0,639.0,3082.0,0.0012978585334198,0.026930564568462,0.764438676184296,0.0,0.2073329007138221,0.0465862880787615,0.0522223014910465,0.6601269886566312,0.0,0.2410644217735607
2010-12,272.0,109.0,3109.0,0.0,651.0,4141.0,0.065684617242212,0.0263221444095629,0.7507848345810191,0.0,0.157208403767206,0.049022468631456,0.052086372920922,0.6601254741756639,0.0,0.238765684271958
2011-01,59.0,129.0,3018.0,0.0,700.0,3906.0,0.0151049667178699,0.0330261136712749,0.7726574500768049,0.0,0.1792114695340501,0.0274583594675587,0.0479475921667015,0.7001881664227472,0.0,0.2244058819429925
2011-02,477.0,124.0,1484.0,2.0,699.0,2786.0,0.1712132089016511,0.0445082555635319,0.5326633165829145,0.0007178750897343,0.250897343862168,0.0396092679730776,0.0412770266245756,0.7102269343022217,0.0,0.2088867711001251
2011-03,2.0,129.0,1794.0,7.0,783.0,2715.0,0.0007366482504604,0.0475138121546961,0.6607734806629835,0.0025782688766114,0.2883977900552486,0.0214242440931872,0.038993225753153,0.7321694112463513,0.0,0.2074131189073084
2011-04,241.0,100.0,2035.0,0.0,683.0,3059.0,0.0787839163125204,0.03269042170644,0.6652500817260543,0.0,0.2232755802549852,0.0471795991918309,0.0389340905367771,0.6966089663080872,0.0001092120351662,0.2171681319281385
2011-05,481.0,105.0,763.0,0.0,384.0,1733.0,0.2775533756491633,0.0605885747259088,0.4402769763416042,0.0,0.2215810732833237,0.0448852335644788,0.0356931677686394,0.6955867333225824,0.0004837929366231,0.2233510724076761
2011-06,241.0,137.0,1233.0,0.0,611.0,2221.0,0.1084608460846084,0.0616561656165616,0.5549054905490549,0.0,0.274977497749775,0.0535832190563258,0.0342323124587333,0.7006958200010158,0.0004571080298643,0.2110315404540606
2011-07,238.0,220.0,2285.0,0.0,647.0,3390.0,0.0702064896755162,0.0648967551622418,0.6740412979351033,0.0,0.1908554572271386,0.0835332606324972,0.0379498364231188,0.6653762268266085,0.0004907306434023,0.2126499454743729
2011-08,494.0,132.0,1242.0,0.0,937.0,2806.0,0.1761140819964349,0.0470588235294117,0.4427807486631016,0.0,0.3340463458110517,0.0914073442543085,0.0440898849034772,0.6288898361853723,0.0005480786797393,0.2350648559771024
2011-09,1.0,284.0,1380.0,0.0,1424.0,3089.0,0.0003237293622531,0.0919391388798964,0.4467465199093557,0.0,0.4609906118484946,0.1056271612700408,0.0512417478780257,0.603206538824269,0.000565859792518,0.2393586922351461
2011-10,5.0,136.0,1742.0,0.0,536.0,2419.0,0.0020669698222405,0.0562215791649441,0.7201322860686235,0.0,0.2215791649441918,0.1065687013313237,0.0516829942225571,0.5872896257221804,0.0004395880432052,0.2540190906807335
2011-11,97.0,111.0,2412.0,0.0,554.0,3173.0,0.0305608065532451,0.0349716446124763,0.7599243856332704,0.0,0.1745431632010082,0.1040618480795189,0.0600073628666094,0.5484108479568045,0.0,0.2875199410970671
2011-12,4.0,904.0,1930.0,0.0,1189.0,4027.0,0.0009932952570151,0.2244847280854233,0.4792649615098088,0.0,0.2952570151477526,0.0932430706348192,0.0647592285093881,0.5521139353685017,0.0,0.2898837654872908
2012-01,6.0,351.0,1702.0,11.0,1492.0,3562.0,0.0016844469399213,0.0985401459854014,0.4778214486243683,0.0030881527231892,0.4188658057271196,0.0629276565881045,0.0596526112638166,0.6020235101467922,0.0,0.2753962220012866
2012-02,272.0,390.0,1853.0,0.0,1134.0,3650.0,0.0745409701288024,0.1068785968758564,0.5078103590024664,0.0,0.3107700739928747,0.0443821413457469,0.094530258146424,0.5814113415150233,0.0,0.2796762589928057
2012-03,82.0,535.0,1391.0,0.0,1083.0,3090.0,0.0265286315108379,0.1730831446133937,0.4500161759948237,0.0,0.3503720478809447,0.0318200880687775,0.1005451876703711,0.5456070455022017,0.0005766408052002,0.3214510379534493
2012-04,16.0,241.0,1491.0,0.0,949.0,2697.0,0.0059325176121616,0.089358546533185,0.5528364849833148,0.0,0.3518724508713385,0.0193273092369477,0.1092369477911646,0.5531626506024097,0.0005522088353413,0.3177208835341365
2012-05,54.0,182.0,2616.0,0.0,1012.0,3864.0,0.0139751552795031,0.0471014492753623,0.6770186335403726,0.0,0.2619047619047619,0.0233912257805441,0.1218251179600441,0.5536592711575143,0.0005521533982531,0.3005722317036442
2012-06,8.0,200.0,3269.0,1.0,1084.0,4562.0,0.0017536168347216,0.0438404208680403,0.7165716790881193,0.0002192021043402,0.2376150811047786,0.0236138613861386,0.1253465346534653,0.5336138613861386,0.0005445544554455,0.3168811881188119
2012-07,10.0,249.0,2920.0,0.0,1211.0,4390.0,0.0022779043280182,0.0567198177676537,0.6651480637813212,0.0,0.2758542141230068,0.0207754906653901,0.1246050741981809,0.5257539492580182,0.0005265677357587,0.328338918142652
2012-08,416.0,242.0,1194.0,1.0,1557.0,3410.0,0.1219941348973607,0.0709677419354838,0.3501466275659824,0.0002932551319648,0.4565982404692082,0.020443407234539,0.088634772462077,0.5751225204200701,0.0005600933488914,0.3152392065344224
2012-09,3.0,246.0,2620.0,0.0,1051.0,3920.0,0.0007653061224489,0.0627551020408163,0.6683673469387755,0.0,0.2681122448979592,0.0198624904507257,0.0807531568777243,0.6084572866579787,4.493776120073698e-05,0.2908821282523705
2012-10,5.0,138.0,3588.0,0.0,906.0,4637.0,0.0010782833728703,0.0297606210912227,0.7737761483717921,0.0,0.1953849471641147,0.0266194240029072,0.074906877441628,0.5851276460434269,9.085127646043429e-05,0.3132552012355774
2012-11,155.0,139.0,3564.0,0.0,943.0,4801.0,0.0322849406373672,0.0289523016038325,0.74234534471985,0.0,0.1964174130389502,0.0221949831458214,0.0595368384187716,0.6176946985947555,8.755417414525237e-05,0.3004859256665061
2012-12,9.0,100.0,4815.0,0.0,949.0,5874.0,0.0015324365741529,0.0170270730461433,0.8198535671718031,0.0,0.1615869232079005,0.0200137190816285,0.0507202517854981,0.6539563410402293,8.070048016785701e-05,0.2752289876124763
2013-01,128.0,168.0,3756.0,0.0,1024.0,5075.0,0.0252167060677698,0.0330969267139479,0.7399527186761229,0.0,0.2017336485421591,0.0232115085536547,0.0472006220839813,0.6669906687402799,7.776049766718506e-05,0.2625194401244168
2013-02,7.0,143.0,1506.0,0.0,1080.0,2736.0,0.0025584795321637,0.052266081871345,0.5504385964912281,0.0,0.3947368421052631,0.0221227479560504,0.0412119418445488,0.691835300210869,3.6994561799415486e-05,0.2447930154267322
2013-03,129.0,148.0,2604.0,0.0,1213.0,4093.0,0.0315095261358085,0.0361504640937958,0.6360527601367856,0.0,0.2962872496336101,0.025832521557167,0.0372695457661363,0.7048742648915828,3.60789407223004e-05,0.2319875888443915
2013-04,56.0,522.0,2740.0,0.0,786.0,4103.0,0.0136452241715399,0.1271929824561403,0.6676413255360625,0.0,0.1915204678362573,0.0113522907961394,0.0345375882853233,0.7339792182819954,0.0,0.2201309026365418
2013-05,144.0,60.0,2882.0,0.0,631.0,3718.0,0.0387409200968522,0.0161420500403551,0.7753564702717245,0.0,0.169760559591068,0.0159091744130506,0.0307160965572987,0.7286989749053899,0.0,0.2246757541242605
2013-06,7.0,305.0,4298.0,0.0,771.0,5382.0,0.0013008734435978,0.0566809143281917,0.7987362943690763,0.0,0.143281917859134,0.0181382101633937,0.045720281816819,0.7114750412232049,0.0,0.2246664667965822
2013-07,39.0,267.0,3501.0,2.0,872.0,4681.0,0.0083315530869472,0.0570390942106387,0.7479171117282631,0.0004272591326639,0.1862849818414868,0.0184765625,0.0445703125,0.7149609375,0.0,0.2219921875
2013-08,7.0,97.0,5111.0,2.0,822.0,6039.0,0.0011591323066732,0.0160622619639013,0.8463321742010267,0.0003311806590495,0.1361152508693492,0.0187589612872391,0.0536084116616217,0.7083797992671658,0.0,0.2192528277839732
2013-09,4.0,88.0,3019.0,0.0,1112.0,4222.0,0.0009471939379587,0.0208382666350935,0.7148946246744021,0.0,0.2633199147525456,0.0154574515437219,0.0584712499494193,0.709383725164893,8.09290656739368e-05,0.2166066442762918
2013-10,274.0,633.0,2687.0,0.0,687.0,4281.0,0.0640037374445223,0.1478626489138051,0.6276570894650783,0.0,0.1604765241765942,0.0136350656767561,0.0499357509994288,0.7544260422615648,0.0001427755568246,0.1818603655054254
2013-11,8.0,615.0,4607.0,0.0,834.0,6064.0,0.0013192612137203,0.1014182058047493,0.7597295514511874,0.0,0.137532981530343,0.009131284419968,0.0475750577367205,0.7657132705631551,0.0001421211582874,0.1774382661218689
2013-12,11.0,950.0,4592.0,0.0,1040.0,6593.0,0.0016684362202335,0.1440922190201729,0.6964962839375095,0.0,0.157743060822084,0.0167714144481321,0.0511969493679824,0.7590565638019914,0.0001412329637737,0.1728338394181202
2014-01,45.0,878.0,1887.0,0.0,1396.0,4206.0,0.0106990014265335,0.2087494056110318,0.4486447931526391,0.0,0.3319067998097955,0.0110535067983957,0.0653754605627832,0.7572141250122274,0.0001304248589781,0.1662264827676155
2014-02,17.0,196.0,3418.0,0.0,456.0,4087.0,0.0041595302177636,0.0479569366283337,0.8363102520185955,0.0,0.111573281135307,0.0107587591355352,0.0831216084815407,0.7376493836454314,0.00012546657884,0.1683447821586525
2014-03,72.0,502.0,2579.0,0.0,1230.0,4382.0,0.0164271047227926,0.1145334245950262,0.5884097650011407,0.0,0.2806297056810404,0.0111125262688658,0.1038336623575113,0.6974145067821437,6.36820989619818e-05,0.1875756224925173
2014-04,14.0,951.0,1925.0,0.0,539.0,3428.0,0.0040828229804607,0.2773403324584426,0.5613881598133567,0.0,0.1571886847477398,0.0121884973178515,0.114076186596048,0.6861546818768248,0.0,0.1875806342092754
2014-05,71.0,321.0,3748.0,0.0,769.0,4908.0,0.0144632308005703,0.0653900998166632,0.7634956202892645,0.0,0.1566510490935017,0.0144188559465117,0.1274397244546498,0.6675896535422435,0.0,0.1905517660565948
2014-06,310.0,304.0,3437.0,0.0,505.0,4556.0,0.0680421422300263,0.0667251975417032,0.7543898156277437,0.0,0.1108428446005267,0.0058062721646617,0.1422710520826089,0.660871983867603,0.0,0.1910506918851262
2014-07,275.0,679.0,4467.0,1.0,976.0,6399.0,0.0429821819318537,0.1061269146608315,0.6981869334166927,0.0001562988433885,0.1525476711472335,0.0083312203426667,0.1375738037454268,0.6574057304306878,0.0,0.1966892454812185
2014-08,39.0,603.0,5232.0,0.0,715.0,6590.0,0.0059189558354833,0.0915161633024738,0.7940506905448474,0.0,0.1085141903171953,0.0206883066093077,0.1232694563942119,0.6646069612827532,0.0,0.191435275713727
2014-09,33.0,489.0,2613.0,0.0,1001.0,4136.0,0.0079787234042553,0.1182301740812379,0.6317698259187621,0.0,0.2420212765957446,0.0273395288523881,0.1063684172610042,0.7050644766227216,3.602045962106477e-05,0.1611915568042648
2014-10,41.0,1265.0,3595.0,0.0,1376.0,6278.0,0.0065317826987414,0.2015293930221443,0.572725824438426,0.0,0.2192129998406882,0.0258062384351044,0.1110229976209357,0.7067142479513615,3.30425588157547e-05,0.1564234734337827
2014-11,10.0,477.0,3927.0,0.0,1264.0,5679.0,0.0017611835153222,0.0840084536808735,0.6916167664670659,0.0,0.2226135963367383,0.0247193257154279,0.1115034813605623,0.7136622580537695,3.331445514208615e-05,0.1500816204150981
2014-12,19.0,818.0,3166.0,0.0,813.0,4815.0,0.0039451827242524,0.1698504983388704,0.6573920265780732,0.0,0.168812292358804,0.0233987524722349,0.111395101171459,0.7026319793092957,3.0427506465845125e-05,0.1625437395405446
2015-01,76.0,987.0,5821.0,0.0,587.0,7472.0,0.0101726676482398,0.1321108285370097,0.7791460313211084,0.0,0.078570472493642,0.0210501278468216,0.1134863530950823,0.6918891597787953,2.973181899268597e-05,0.173544627460308
2015-02,15.0,383.0,4019.0,0.0,980.0,5397.0,0.0027793218454697,0.0709653511209931,0.7446729664628498,0.0,0.1815823605706874,0.012303062488936,0.1277807281524753,0.6785861804449165,2.9503746975865936e-05,0.1813005251666961
2015-03,27.0,1044.0,2723.0,0.0,1001.0,4795.0,0.00563086548488,0.2177267987486965,0.5678832116788322,0.0,0.2087591240875912,0.0062344496239311,0.1326679440615437,0.696485257528527,0.0,0.1646123487859982
2015-04,8.0,1192.0,3936.0,0.0,673.0,5810.0,0.0013771733516956,0.205198829402651,0.6775692890342573,0.0,0.1158547082113961,0.0057438934122871,0.1308364174685418,0.6851517394522576,0.0,0.1782679496669134
2015-05,7.0,656.0,2843.0,0.0,503.0,4008.0,0.0017460713394861,0.1636318283861312,0.7091544025941632,0.0,0.1254676976802195,0.0054597200441424,0.1444502526572574,0.6752337805657199,0.0,0.1748562467328803
2015-06,13.0,368.0,3275.0,0.0,743.0,4399.0,0.0029552170947942,0.0836553762218686,0.7444873834962491,0.0,0.1689020231870879,0.004563386916328,0.1442913501737031,0.6945769298710476,0.0,0.1565683330389213
2015-07,14.0,844.0,3943.0,0.0,815.0,5616.0,0.0024928774928774,0.1502849002849003,0.7021011396011396,0.0,0.1451210826210826,0.0047063194723968,0.1572901507879988,0.6969068334520234,0.0,0.1410966962875809
2015-08,10.0,90.0,3969.0,0.0,697.0,4766.0,0.0020981955518254,0.0188837599664288,0.8327738145195133,0.0,0.1462442299622325,0.0045796737766624,0.1452321204516938,0.7094416562107905,0.0,0.1407465495608532
2015-09,5.0,86.0,4135.0,0.0,639.0,4865.0,0.001027749229188,0.0176772867420349,0.8499486125385406,0.0,0.1313463514902363,0.002797668609492,0.1494421315570358,0.6907243963363864,0.0,0.1570358034970857
2015-10,8.0,654.0,2402.0,0.0,608.0,3673.0,0.0021786492374727,0.1781045751633987,0.6541394335511982,0.0,0.1655773420479303,0.0026876233244879,0.1426821800367421,0.7038511260801524,0.0,0.1507790705586174
2015-11,13.0,1561.0,3638.0,0.0,520.0,5732.0,0.0022679692951849,0.2723307745987439,0.6346824842986741,0.0,0.090718771807397,0.001934564213956,0.1098289437958186,0.7501018191691555,0.0,0.1381346728210697
2015-12,17.0,890.0,3046.0,0.0,838.0,4790.0,0.0035483197662283,0.1857649759966604,0.635775412231267,0.0,0.1749112920058443,0.0020858491601712,0.0987301935814396,0.7526256083726718,0.0,0.1465583488857174
2016-01,15.0,1005.0,4978.0,0.0,372.0,6369.0,0.0023547880690737,0.1577708006279434,0.7814756671899529,0.0,0.0583987441130298,0.0021686746987951,0.1240275387263339,0.7353528399311532,0.0,0.1384509466437177
2016-02,15.0,614.0,3733.0,0.0,594.0,4955.0,0.0030266343825665,0.1238902340597255,0.753228410008071,0.0,0.1198547215496367,0.0022756606208817,0.1401059710617485,0.7177841179267713,0.0,0.1398342503905984
2016-03,14.0,324.0,3233.0,0.0,337.0,3908.0,0.003582395087001,0.0829068577277379,0.8272773797338793,0.0,0.0862333674513817,0.0022519539011789,0.1419393297125447,0.7341369717843422,0.0,0.121671744601934
2016-04,273.0,50.0,4086.0,0.0,513.0,4921.0,0.055465258025193,0.0101584721657862,0.8301503453880538,0.0,0.104225924420967,0.0024024221681037,0.1582965839531363,0.7217797669979596,0.0,0.1175212268808003
2016-05,22.0,336.0,4666.0,0.0,687.0,5711.0,0.0038522150236385,0.0588338294519348,0.8170197863771669,0.0,0.1202941691472596,0.0027863671888273,0.1715314825512249,0.7146012436712087,0.0,0.111080906588739
2016-06,14.0,935.0,4261.0,0.0,939.0,6150.0,0.0022767929744673,0.1520572450805009,0.6929582045861116,0.0,0.1527077573589201,0.0113106685354802,0.1448547866618859,0.7403761530688744,0.0,0.1034583917337592
2016-07,12.0,89.0,3666.0,0.0,680.0,4448.0,0.0026984483921744,0.0200134922419608,0.8243759838093097,0.0,0.1529120755565549,0.011611977297932,0.1049970643877617,0.7744145084480396,0.0,0.1089764498662665
2016-08,17.0,139.0,4910.0,0.0,1119.0,6186.0,0.0027485852869846,0.0224737267582861,0.793856103476152,0.0,0.1809215844785772,0.0110257371314342,0.1019490254872563,0.779516491754123,0.0,0.1075087456271864
2016-09,8.0,77.0,3959.0,0.0,1074.0,5118.0,0.0015631105900742,0.0150449394294646,0.7735443532629933,0.0,0.2098475967174677,0.0116306117701791,0.0780247898182301,0.7857309008739575,0.0,0.1246136975376333
2016-10,107.0,350.0,3133.0,0.0,659.0,4249.0,0.0251823958578489,0.0823723228995057,0.7373499646975759,0.0,0.1550953165450694,0.0112381074005491,0.0597982248898537,0.792478130387587,0.0,0.1364855373220101
2016-11,166.0,623.0,4295.0,0.0,835.0,5919.0,0.0280452779185673,0.1052542659232978,0.7256293292785944,0.0,0.1410711268795404,0.0106356817902373,0.049981556621173,0.7853190704537072,0.0,0.1540636911348826
2016-12,16.0,110.0,5010.0,0.0,1080.0,6215.0,0.0025740025740025,0.0176962676962676,0.8059845559845561,0.0,0.1737451737451737,0.0056498948491791,0.0604538748862173,0.7719953545309017,0.0,0.1619008757337016
2017-01,29.0,740.0,3742.0,0.0,886.0,5397.0,0.005373355567908,0.1371132110431721,0.6933481563831758,0.0,0.1641652770057439,0.0101038450743755,0.0690117566345464,0.7554183428446689,0.0,0.165466055446409
2017-02,17.0,34.0,4007.0,0.0,915.0,4974.0,0.0034184596822843,0.0068369193645686,0.8057510557007842,0.0,0.1839935652523627,0.0101450177382211,0.043194124603224,0.7771519263085829,0.0,0.169508931349972
2017-03,147.0,40.0,4405.0,0.0,844.0,5437.0,0.0270419426048565,0.0073583517292126,0.8103384841795438,0.0,0.155261221486387,0.0103675492685285,0.0616309998790956,0.7571333575142063,0.0,0.1708680933381695
2017-04,140.0,307.0,4898.0,0.0,734.0,6079.0,0.0230301036354663,0.0505017272577726,0.8057246257608159,0.0,0.120743543345945,0.010761797188755,0.0606802208835341,0.7575928714859438,0.0,0.170965110441767
2017-05,242.0,222.0,4147.0,0.0,729.0,5340.0,0.045318352059925,0.0415730337078651,0.7765917602996255,0.0,0.1365168539325842,0.0149735942839391,0.0589313451382416,0.7639639639639639,0.0,0.1621310966138552
2017-06,303.0,37.0,5853.0,0.0,872.0,7065.0,0.0428874734607218,0.0052370842179759,0.8284501061571126,0.0,0.1234253361641896,0.0151381540270429,0.0544973544973544,0.7747501469723692,0.0,0.1556143445032334
2017-07,186.0,37.0,5156.0,0.0,1443.0,6821.0,0.0272647317502198,0.0054236294341835,0.7557900908824392,0.0,0.2115215479331574,0.0176729164797703,0.0434496576059328,0.783738524565653,0.0,0.1551389013486439
2017-08,242.0,249.0,4344.0,0.0,1298.0,6133.0,0.0394586662318604,0.0406000326104679,0.7082993640958748,0.0,0.2116419370617968,0.0256051326917468,0.0402449693788276,0.7889180519101779,0.0,0.1452318460192476
2017-09,13.0,186.0,2635.0,0.0,1027.0,3862.0,0.0033670033670033,0.0481740481740481,0.6824656824656824,0.0,0.265993265993266,0.0289794204115917,0.0189556208875822,0.7970320593588128,0.0,0.1550328993420131
2017-10,6.0,40.0,4090.0,0.0,463.0,4600.0,0.0013046314416177,0.0086975429441182,0.8893237660360948,0.0,0.1006740595781691,0.0341694915254237,0.0241898305084745,0.7810983050847458,0.0,0.1605423728813559
2017-11,12.0,477.0,4890.0,0.0,663.0,6041.0,0.0019860973187686,0.0789473684210526,0.8093346573982125,0.0,0.1097318768619662,0.0318980169971671,0.0294050991501416,0.7658073654390934,0.0,0.1728895184135977
2017-12,17.0,40.0,4439.0,0.0,916.0,5412.0,0.0031411677753141,0.007390983000739,0.8202143385070214,0.0,0.1692535107169253,0.0293317563571851,0.0227971614429331,0.7754287403903016,0.0,0.1724423418095801
2018-01,320.0,45.0,4931.0,0.0,805.0,6100.0,0.0524504179642681,0.0073758400262252,0.8082281593181446,0.0,0.131945582691362,0.0220728810613521,0.0297201784369387,0.7811830137303748,0.0,0.1670239267713342
2018-02,20.0,35.0,4031.0,0.0,854.0,4939.0,0.0040485829959514,0.0070850202429149,0.815991902834008,0.0,0.1728744939271254,0.0144817305059478,0.0313060938878578,0.7774498767835955,0.0,0.1767622988225988
2018-03,25.0,37.0,6278.0,0.0,1330.0,7670.0,0.0032594524119947,0.0048239895697522,0.8185136897001304,0.0,0.1734028683181225,0.0189747418190867,0.0322570610924474,0.7878872713699141,0.0,0.1608809257185517
2018-04,766.0,42.0,5357.0,0.0,616.0,6781.0,0.1129626898687509,0.006193776729096,0.790001474708745,0.0,0.090842058693408,0.0125343240187368,0.026586981101599,0.8081408496204168,0.0,0.1527378452592473
2018-05,1070.0,47.0,5958.0,0.0,517.0,7592.0,0.1409378292939936,0.006190727081138,0.7847734457323499,0.0,0.0680979978925184,0.0115061557933494,0.0193878725117938,0.8243872972040042,0.0,0.1447186744908526
2018-06,14.0,55.0,5817.0,0.0,561.0,6448.0,0.002171552660152,0.0085310997363114,0.9022801302931596,0.0,0.0870172173103769,0.0313971742543171,0.0182969739619985,0.8099929627023222,0.0,0.1403128890813619
2018-07,427.0,57.0,7011.0,0.0,835.0,8330.0,0.0512605042016806,0.0068427370948379,0.8416566626650661,0.0,0.1002400960384153,0.0576163757273483,0.0063902743142144,0.8051226101413134,0.0,0.1308707398171238
2018-08,238.0,68.0,5849.0,0.0,759.0,6915.0,0.0344229100376048,0.0098351171536013,0.8459647092855076,0.0,0.109777263523286,0.0560319749057701,0.0066024132958943,0.8189016215122309,0.0,0.1184639902861045
2018-09,557.0,36.0,3613.0,0.0,788.0,4994.0,0.1115338406087304,0.0072086503804565,0.723468161794153,0.0,0.15778934721666,0.055603448275862,0.006537356321839,0.8250000000000001,0.0,0.1128591954022988
2018-10,673.0,47.0,6803.0,0.0,1060.0,8582.0,0.0784108120703716,0.0054759408132354,0.7926133053710823,0.0,0.1234999417453105,0.0580783829514794,0.0069968445602963,0.829331869941007,0.0,0.1055929025472172
2018-11,736.0,44.0,4950.0,0.0,719.0,6449.0,0.1141262211195534,0.0068227632191037,0.7675608621491704,0.0,0.1114901535121724,0.0748209849481221,0.0074285157581957,0.818476301816942,0.0,0.0992741974767402
2018-12,698.0,45.0,5034.0,0.0,765.0,6542.0,0.1066952002445735,0.0068786303882604,0.769489452766738,0.0,0.116936716600428,0.0695053663089127,0.0072328511432571,0.8178021465235652,0.0,0.105459636024265
2019-01,543.0,49.0,6875.0,0.0,717.0,8183.0,0.0663489736070381,0.0059872922776148,0.8400537634408602,0.0,0.0876099706744868,0.0634034086823117,0.0073591101948845,0.8160462161708656,0.0,0.113191264951938
2019-02,277.0,30.0,4137.0,0.0,922.0,5366.0,0.0516213194185613,0.0055907566157286,0.7709653373089825,0.0,0.1718225866567275,0.0796182913995982,0.0071032239548454,0.7954654166268057,0.0,0.1178130680187505
2019-03,377.0,116.0,4022.0,0.0,850.0,5365.0,0.0702702702702702,0.0216216216216216,0.7496738117427773,0.0,0.1584342963653308,0.0826813229011664,0.0069361109777756,0.794988719819517,0.0,0.1153938463015408
2019-04,673.0,39.0,4473.0,0.0,660.0,5843.0,0.1151411462788708,0.006672369546621,0.7652694610778443,0.0,0.1129170230966638,0.0868438107582631,0.0062565431975671,0.7829901789720325,0.0,0.1239094670721372
2019-05,747.0,37.0,4836.0,0.0,393.0,6014.0,0.1242308331947447,0.0061533344420422,0.8042574422085482,0.0,0.0653583901546648,0.0816024105312554,0.0081750598928103,0.7859171626861616,0.0,0.1243053668897725
2019-06,599.0,38.0,5109.0,0.0,653.0,6399.0,0.0936083763087982,0.0059384278793561,0.7984060009376465,0.0,0.1020471948741991,0.0875208603745596,0.0085560647400068,0.7811978490636009,0.0,0.1227252258218325
2019-07,504.0,47.0,5025.0,0.0,902.0,6478.0,0.0778017906761346,0.0072553257178141,0.7757023772769374,0.0,0.1392405063291139,0.0888382687927107,0.0084684443253383,0.7872705346375453,0.0,0.1154227522444057
2019-08,324.0,43.0,6831.0,0.0,687.0,7885.0,0.0410906785034876,0.0054533925174381,0.8663284717818643,0.0,0.0871274571972098,0.0865167330248574,0.0083127084902614,0.7923167975895835,0.0,0.1128537608952975
2019-09,782.0,52.0,5656.0,0.0,790.0,7279.0,0.1074175824175824,0.0071428571428571,0.7769230769230769,0.0,0.1085164835164835,0.0895787514802909,0.008656177747702,0.7782665087689618,0.0,0.1234985620030451
2019-10,869.0,61.0,5118.0,0.0,820.0,6867.0,0.1265288293535236,0.0088817705299941,0.7451951077460688,0.0,0.1193942923704135,0.0848756087929445,0.0084243780439647,0.7975779913123602,0.0,0.1091220218507305
2019-11,770.0,42.0,5032.0,0.0,927.0,6771.0,0.1137202776547038,0.0062029242357111,0.7431693989071039,0.0,0.1369073992024811,0.0909523809523809,0.0064160401002506,0.8002506265664159,0.0,0.1023809523809523
2019-12,1011.0,53.0,5684.0,0.0,1201.0,7950.0,0.1271858095357906,0.0066675053465844,0.7150584979242671,0.0,0.1510881871933576,0.0934682208049263,0.0067932458519658,0.7960071353517583,0.0,0.1037313979913496
2020-01,499.0,598.0,5013.0,0.0,929.0,7039.0,0.0708907515272055,0.0849552493251882,0.712175024861486,0.0,0.1319789742861201,0.0923202418368081,0.0067896643554617,0.7862335356637317,0.0,0.1146565581439984
2020-02,384.0,47.0,5932.0,0.0,786.0,7149.0,0.053713806126731,0.0065743460623863,0.8297664008952301,0.0,0.1099454469156525,0.0985403992505378,0.0068932016377136,0.7713446369503365,0.0,0.1232217621614119
2020-03,719.0,51.0,4926.0,0.0,840.0,6535.0,0.1100061199510404,0.0078029375764993,0.753671970624235,0.0,0.1285189718482252,0.0971638655462185,0.0193871026671538,0.7611892583120206,0.0,0.1222597734746072
2020-04,1.0,7.0,1943.0,0.0,440.0,2391.0,0.000418235048097,0.0029276453366792,0.8126306984525303,0.0,0.1840234211626934,0.100218320327016,0.0198114083983649,0.7533212560386474,0.0,0.1266490152359717
2020-05,5.0,6.0,573.0,1.0,90.0,673.0,0.0074074074074074,0.0088888888888888,0.8488888888888889,0.0014814814814814,0.1333333333333333,0.1004915863112119,0.020136131593874,0.7493146152391756,0.0,0.1300576668557383
2020-06,98.0,30.0,1074.0,0.0,129.0,1331.0,0.0736288504883546,0.0225394440270473,0.8069120961682945,0.0,0.0969196093163035,0.0894409937888198,0.0210915818686401,0.7540636976344655,0.0,0.1354037267080745
2020-07,22.0,21.0,1480.0,0.0,156.0,1679.0,0.0131030375223347,0.0125074449076831,0.8814770696843359,0.0,0.0929124478856462,0.0825167774662087,0.024008317842402,0.7584044865937805,3.150697879580327e-05,0.1350389111188128
2020-08,3.0,17.0,652.0,0.0,267.0,939.0,0.0031948881789137,0.0181043663471778,0.6943556975505857,0.0,0.2843450479233226,0.0679113092631662,0.0294176187253692,0.7746904979897297,3.9807332510648464e-05,0.1279407666892241
2020-09,2.0,28.0,1100.0,0.0,237.0,1367.0,0.0014630577907827,0.0204828090709583,0.8046817849305048,0.0,0.1733723482077542,0.0621932088457061,0.0081979656899954,0.8060320833965892,5.060472648145337e-05,0.1235261373412276
2020-10,4.0,17.0,1065.0,0.0,180.0,1265.0,0.0031595576619273,0.0134281200631911,0.8412322274881517,0.0,0.1421800947867298,0.0625784074976016,0.00974097852557,0.7857722677293189,7.379529186037931e-05,0.141834550955649
2020-11,11.0,27.0,1870.0,0.0,466.0,2373.0,0.0046335299073294,0.0113732097725358,0.7877000842459982,0.0,0.1962931760741364,0.0156287282271534,0.0130040563111429,0.8138869005010737,0.0001193032689095,0.1573610116917203
2020-12,163.0,28.0,2072.0,0.0,293.0,2556.0,0.0637715179968701,0.0109546165884194,0.810641627543036,0.0,0.1146322378716745,0.0184649304120159,0.0163979605897753,0.8190712415598734,0.0001377979881493,0.145928069450186
2021-01,5.0,22.0,2521.0,0.0,305.0,2852.0,0.0017525411847178,0.0077111812127585,0.8836312653347353,0.0,0.1069050122677883,0.0156319785618579,0.0156319785618579,0.8085082626172398,0.0,0.1602277802590442
2021-02,276.0,27.0,1409.0,0.0,189.0,1901.0,0.1451867438190426,0.0142030510257759,0.7411888479747502,0.0,0.0994213571804313,0.0201355466064237,0.013554660642373,0.809252529221098,0.0,0.157057263530105
2021-03,258.0,43.0,1517.0,0.0,435.0,2254.0,0.114513981358189,0.0190856635596981,0.6733244562805148,0.0,0.1930758988015978,0.0165565830030823,0.0122413033905768,0.817261118450022,0.0,0.1539409951563188
2021-04,20.0,16.0,1319.0,0.0,594.0,1949.0,0.0102616726526423,0.0082093381221139,0.676757311441765,0.0,0.3047716777834787,0.0374279451165056,0.01209710156694,0.8148899894454817,0.0,0.1355849638710725
2021-05,318.0,2.0,2678.0,0.0,424.0,3422.0,0.0929281122150789,0.0005844535359438,0.7825832846288721,0.0,0.1239041496201052,0.0543058395819132,0.0124214193743846,0.79178974475498,0.0,0.1414829962887222
2021-06,293.0,6.0,1870.0,0.0,622.0,2791.0,0.1049802938015048,0.0021497671085632,0.6700107488355428,0.0,0.2228591902543891,0.0527869796917758,0.0117384415958519,0.7711363963704451,0.0,0.1643381823419271
2021-07,150.0,6.0,2102.0,0.0,564.0,2822.0,0.0531537916371367,0.0021261516654854,0.7448618001417435,0.0,0.1998582565556343,0.0696397482255256,0.0092406588991562,0.7711262890049552,0.0,0.1499933038703629
2021-08,21.0,1.0,3767.0,0.0,535.0,4324.0,0.0048566142460684,0.0002312673450508,0.8711840888066605,0.0,0.1237280296022201,0.0771309908365746,0.0076471751598655,0.7458632737820555,0.0,0.1693585602215044
2021-09,10.0,0.0,2803.0,0.0,459.0,3272.0,0.0030562347188264,0.0,0.8566625916870416,0.0,0.140281173594132,0.0868674857973312,0.0066058924560708,0.7197119830889153,0.0,0.1868146386576826
2021-10,285.0,16.0,3084.0,0.0,508.0,3893.0,0.0732083226303621,0.0041099409195992,0.7921911122527614,0.0,0.1304906241972771,0.0603610272763509,0.0042138830362735,0.7546836740504527,0.0,0.1807414156369227
2021-11,109.0,11.0,3622.0,0.0,718.0,4460.0,0.024439461883408,0.0024663677130044,0.8121076233183857,0.0,0.1609865470852018,0.0437029063509149,0.0016684607104413,0.782508073196986,0.0,0.1721205597416576
2021-12,84.0,8.0,4236.0,0.0,931.0,5259.0,0.0159726183685111,0.001521201749382,0.8054763262977752,0.0,0.1770298535843316,0.0524751510426817,0.0015104268173845,0.7943870590528163,0.0,0.1516273630871175
2022-01,16.0,9.0,3801.0,0.0,397.0,4222.0,0.0037887757518351,0.0021311863604072,0.900071039545347,0.0,0.0940089983424106,0.0402560059363695,0.0018551154809386,0.7999257953807625,0.0,0.1579630832019293
2022-02,22.0,8.0,3743.0,0.0,415.0,4187.0,0.0052531041069723,0.0019102196752626,0.8937440305635148,0.0,0.0990926456542502,0.0274240532667498,0.0017478152309612,0.8162297128589263,0.0,0.1545984186433624
2022-03,24.0,12.0,4738.0,0.0,730.0,5504.0,0.004360465116279,0.0021802325581395,0.860828488372093,0.0,0.1326308139534883,0.0206440957886044,0.0017694939247375,0.8380716448429083,0.0,0.1395147654437497
2022-04,29.0,25.0,5500.0,0.0,606.0,6160.0,0.0047077922077922,0.0040584415584415,0.8928571428571429,0.0,0.0983766233766233,0.0207946234433682,0.0020557422415497,0.8416287803913817,0.0,0.1355208539237003
2022-05,21.0,32.0,4061.0,0.0,728.0,4841.0,0.0043370508054522,0.0066088393225939,0.8387030152829409,0.0,0.1503510945890128,0.0196171032077596,0.0023249900098085,0.8436807498092782,0.0,0.1343771569731536
2022-06,24.0,24.0,5259.0,0.0,479.0,5787.0,0.0041479433114414,0.0041479433114414,0.908918078119599,0.0,0.0827860352575181,0.0095321205611868,0.0024501577498825,0.8605759548902463,0.0,0.1274417667986842
2022-07,22.0,23.0,5339.0,0.0,823.0,6207.0,0.0035443853713549,0.0037054937973256,0.8601578862574513,0.0,0.1325922345738682,0.0064952279957582,0.0031150583244962,0.8642298515376459,0.0,0.1261598621420996
2022-08,17.0,34.0,5579.0,0.0,765.0,6396.0,0.0026583268178264,0.0053166536356528,0.8724003127443316,0.0,0.1196247068021892,0.0044295345731687,0.0035827117871217,0.8827150441324952,0.0,0.1092727095072142
2022-09,9.0,18.0,6018.0,0.0,301.0,6346.0,0.0014182161991805,0.0028364323983611,0.948313898518752,0.0,0.0474314528837062,0.0043442347110472,0.0037935570716186,0.8761893107351547,0.0,0.1156728974821794
2022-10,202.0,21.0,3830.0,0.0,369.0,4422.0,0.0456806874717322,0.0047489823609226,0.8661239258254184,0.0,0.0834464043419267,0.0039261764200149,0.0042987333065856,0.8733879750100304,0.0,0.118387115263369
2022-11,18.0,11.0,4232.0,0.0,931.0,5192.0,0.0034668721109399,0.0021186440677966,0.8151001540832049,0.0,0.1793143297380585,0.0034139243340049,0.0043653458697112,0.8886277143496754,0.0,0.1035930154466084
2022-12,386.0,15.0,4130.0,0.0,1040.0,5571.0,0.0692873810805959,0.0026925148088314,0.7413390773649255,0.0,0.1866810267456471,0.0086769809988822,0.0044708512265427,0.8849344079063475,0.0,0.1019177598682275
2023-01,389.0,36.0,4789.0,0.0,795.0,6008.0,0.0647362289898485,0.0059910134797803,0.7969712098518889,0.0,0.1323015476784823,0.0085012227786188,0.0038139047397228,0.8808955397694189,0.0,0.1067893327122394
2023-02,318.0,24.0,3800.0,0.0,838.0,4979.0,0.0638554216867469,0.0048192771084337,0.7630522088353413,0.0,0.1682730923694778,0.0191603433627281,0.0035742536548208,0.85336770866903,0.0,0.123897694313421
2023-03,36.0,27.0,5112.0,0.0,853.0,6028.0,0.0059721300597213,0.0044790975447909,0.8480424684804247,0.0,0.141506303915063,0.0300869308973036,0.0039781936054221,0.8421393841166936,0.0,0.1237954913805805
2023-04,27.0,28.0,3286.0,0.0,492.0,3834.0,0.0070440907905035,0.0073049830420036,0.8572919384294287,0.0,0.1283589877380641,0.0406519065190651,0.0038437884378843,0.8240774907749078,0.0,0.1314268142681426
2023-05,21.0,34.0,3477.0,0.0,473.0,4005.0,0.0052434456928838,0.0084893882646691,0.8681647940074907,0.0,0.1181023720349563,0.0418918079622383,0.0041612322216011,0.8040804918949134,0.0,0.1498664679212471
2023-06,461.0,44.0,3752.0,0.0,621.0,4879.0,0.0945059450594505,0.009020090200902,0.7691676916769168,0.0,0.1273062730627306,0.0371366210103438,0.0044601904279884,0.8018536677948945,0.0,0.1565495207667731
2023-07,22.0,64.0,4045.0,0.0,534.0,4665.0,0.0047159699892818,0.0137191854233654,0.8670953912111469,0.0,0.1144694533762057,0.0386840202458423,0.005390126865181,0.808321830013804,0.0,0.1476040228751725
2023-08,14.0,88.0,5442.0,0.0,951.0,6495.0,0.0021555042340261,0.0135488837567359,0.8378752886836027,0.0,0.1464203233256351,0.0421080953822352,0.0064911041603605,0.8144485924730098,0.0,0.1369522079843944
2023-09,9.0,83.0,3327.0,0.0,765.0,4185.0,0.002151051625239,0.0198374760994263,0.7951720841300192,0.0,0.1828393881453155,0.0311740462855331,0.007784705343619,0.8267991123322415,0.0,0.1342421360386065
2023-10,14.0,86.0,3768.0,0.0,672.0,4540.0,0.0030837004405286,0.018942731277533,0.829955947136564,0.0,0.1480176211453744,0.0194288389513108,0.0095304975922953,0.8398207597645799,0.0,0.1312199036918138
2023-11,171.0,90.0,4454.0,0.0,932.0,5647.0,0.0302815654329732,0.0159376660173543,0.7887373826810696,0.0,0.1650433858686028,0.019743406985032,0.0121525302922309,0.8313970064148254,0.0,0.1367070563079116
2023-12,21.0,111.0,7081.0,0.0,606.0,7820.0,0.0026857654431512,0.0141961887709425,0.9056145287121116,0.0,0.0775035170737946,0.018806271074495,0.0138700594431118,0.8277192616539786,0.0,0.1396044078284145
2024-01,24.0,112.0,5140.0,0.0,1379.0,6656.0,0.0036063110443275,0.0168294515401953,0.772351615326822,0.0,0.2072126220886551,0.0227235357953237,0.0149626755236936,0.8151534085303693,0.0,0.1471603801506133
2024-02,181.0,54.0,5535.0,0.0,906.0,6676.0,0.0271120431396045,0.0080886758538046,0.829089275014979,0.0,0.1357100059916117,0.0075262368815592,0.0156521739130434,0.8430884557721139,0.0,0.1337331334332833
2024-03,117.0,59.0,4330.0,3.0,897.0,5405.0,0.0216426193118756,0.0109137994820569,0.800961894191639,0.0005549389567147,0.1659267480577136,0.0071590265987549,0.0161290322580645,0.8265987549518959,0.0,0.1501131861912846
2024-04,25.0,61.0,5303.0,0.0,395.0,5784.0,0.0043222683264177,0.0105463347164592,0.9168395573997234,0.0,0.0682918395573997,0.0118239914416823,0.0150896652684327,0.8250049266631007,0.0,0.1480814166267841
2024-05,21.0,87.0,4112.0,0.0,788.0,5007.0,0.0041932907348242,0.0173722044728434,0.8210862619808306,0.0,0.1573482428115016,0.0143700840976512,0.013934627003783,0.8248646000598754,8.164820510029122e-05,0.14674904063359
2024-06,246.0,118.0,5741.0,24.0,1101.0,7229.0,0.0340248962655601,0.0163208852005532,0.7940525587828493,0.0033195020746887,0.1522821576763485,0.0141890646800221,0.0128201753231368,0.8382604575249428,7.897438597414905e-05,0.1346513280859241
2024-07,10.0,119.0,4555.0,24.0,615.0,5323.0,0.0018786398647379,0.0223558143903813,0.855720458388127,0.004508735675371,0.1155363516813826,0.0104155510335225,0.0129591946021205,0.8434454321516547,8.032558637678055e-05,0.1330994966263253
2024-08,42.0,125.0,5831.0,25.0,1090.0,7113.0,0.0059046815689582,0.0175734570504709,0.8197666244903697,0.0035146914100941,0.1532405454801068,0.0167033923664952,0.0133572730487771,0.820506542615414,0.0007345139965722,0.1486982779727413
2024-09,196.0,79.0,5165.0,0.0,762.0,6202.0,0.0316027088036117,0.0127378265075782,0.8327958722992583,0.0,0.1228635923895517,0.0169362350749428,0.0140570751122025,0.8348434809608491,0.0014395799813701,0.1327236288706354
2024-10,211.0,70.0,5867.0,0.0,403.0,6551.0,0.0322088230804457,0.0106853915432758,0.8955884597771333,0.0,0.0615173255991451,0.0128541155476243,0.0158654918581307,0.8329243809948694,0.0021191166629489,0.1362368949364265
2024-11,23.0,59.0,6203.0,0.0,1179.0,7464.0,0.0030814576634512,0.0079046087888531,0.8310557341907824,0.0,0.1579581993569132,0.0147299509001636,0.0160665575559192,0.8376159301691217,0.0019912711402073,0.1295962902345881
2024-12,126.0,107.0,6217.0,0.0,1046.0,7496.0,0.0168089647812166,0.014274279615795,0.8293756670224119,0.0,0.1395410885805763,0.0193977609746974,0.0159777700590482,0.8355198119004997,0.0019504635690811,0.1271541934966735
2025-01,23.0,146.0,5753.0,0.0,1032.0,6953.0,0.0033074489502444,0.0209951107276387,0.8272936439459304,0.0,0.1484037963761863,0.0182533911691698,0.0142918035253115,0.8364967530025325,0.0018303537848206,0.1291276985181656
2025-02,14.0,113.0,4290.0,7.0,793.0,5218.0,0.0026835345984282,0.0216599578301705,0.8223116733755031,0.0013417672992141,0.1520030668966838,0.0151435901267777,0.0139231363172183,0.842810530772871,0.0012204538095593,0.1269022889735734
2025-03,23.0,123.0,6938.0,13.0,459.0,7556.0,0.0030439385918475,0.0162784542085759,0.9182106934886184,0.0017204870301746,0.0607464266807834,0.0148635710866443,0.0140258496888463,0.8385830540928675,0.0005983724269985,0.1319291527046434
2025-04,26.0,172.0,5215.0,16.0,233.0,5662.0,0.0045920169551395,0.0303779583186153,0.9210526315789472,0.0028258565877781,0.0411515365595196,0.0148681175408685,0.0143917360345,0.8398104503058871,0.0001755089760304,0.1307541871427138
2025-05,16.0,165.0,5629.0,6.0,419.0,6234.0,0.0025661587810745,0.0264635124298315,0.9028067361668004,0.0009623095429029,0.0672012830793905,0.0101847810272079,0.0149861777971773,0.8552306125418304,0.0004849895727241,0.1191134390610602
2025-06,140.0,159.0,6938.0,4.0,302.0,7544.0,0.0185602545406337,0.0210791462282911,0.9197931857351186,0.0005302929868752,0.0400371205090812,0.0058241839946467,0.0178443084091303,0.8579146942922997,0.0008922154204565,0.1175245978834667
2025-07,82.0,139.0,5124.0,9.0,449.0,5803.0,0.0141306220920213,0.0239531276925728,0.8829915560916767,0.0015509219369291,0.0773737721867999,0.0058282208588957,0.0211145194274028,0.8701942740286299,0.0010736196319018,0.1017893660531697
2025-08,5.0,168.0,5648.0,14.0,429.0,6263.0,0.0007982120051085,0.0268199233716475,0.9016602809706258,0.0022349936143039,0.0684865900383141,0.0061786708198228,0.0224168304950596,0.8875584037582659,0.0011744580897183,0.0826716368371333
2025-09,6.0,277.0,6049.0,13.0,760.0,7104.0,0.000844475721323,0.0389866291344123,0.8513722730471499,0.0018296973961998,0.1069669247009148,0.0079177188552188,0.0229114057239057,0.897885101010101,0.0014467592592592,0.0698390151515151
2025-10,136.0,222.0,3970.0,5.0,293.0,4626.0,0.0293990488543017,0.0479896238651102,0.8581928231733679,0.0010808473843493,0.0633376567228707,0.0074751043186647,0.0237052965722038,0.9085835701303024,0.0015871796841,0.058648849294729
2025-11,658.0,192.0,5007.0,6.0,661.0,6523.0,0.1008583690987124,0.029429797670141,0.7674739423666462,0.0009196811771919,0.1013182096873084,0.0071221381953796,0.0279705790945819,0.8961721744535379,0.0016057184295037,0.0671293898269968
2025-12,474.0,142.0,7873.0,21.0,790.0,9300.0,0.0509677419354838,0.015268817204301,0.8465591397849462,0.002258064516129,0.0849462365591397,0.0102459016393442,0.0300723866297636,0.8877474984032361,0.0013572493080689,0.0705769640195869
2026-01,497.0,145.0,7001.0,0.0,742.0,8384.0,0.0592725104353011,0.0172927847346452,0.8349433512224209,0.0,0.0884913536076326,0.0271226726528456,0.0305559223557374,0.8645450944143668,0.0013468902680575,0.0764294203089924
2026-02,624.0,253.0,5638.0,14.0,956.0,7485.0,0.0833667334669338,0.0338009352037408,0.7532398129592518,0.0018704074816299,0.1277221108884435,0.0343496037554893,0.0287718944020998,0.8498056635202665,0.0017162182625813,0.0853566200595628
2026-03,1135.0,117.0,9341.0,46.0,1014.0,11653.0,0.0973998112074144,0.0100403329614691,0.8015961554964387,0.0039474813352784,0.0870162189993992,0.0420813193062268,0.0271538242820585,0.8422898303478342,0.0013979717562316,0.0870770543076485
2026-04,464.0,179.0,8139.0,0.0,1230.0,10012.0,0.0463443867359169,0.0178785457451058,0.8129244906112665,0.0,0.1228525769077107,0.0551525618883131,0.0283477259643062,0.8183765112262522,0.0013586643638457,0.0967645365572826
2026-05,356.0,188.0,9535.0,0.0,331.0,10410.0,0.0341978866474543,0.018059558117195,0.9159462055715658,0.0,0.0317963496637848,0.0734579867842327,0.0223250578450378,0.8094136284993642,0.0019177453984532,0.0928855814729118
2026-06,355.0,242.0,9637.0,0.0,268.0,10502.0,0.0338030851266425,0.0230432298609788,0.917634736240716,0.0,0.0255189487716625,0.0721902584381266,0.0192657283682227,0.8058434378455368,0.0016304653385558,0.1010701100095579
