period,duoarea,area-name,product,product-name,process,process-name,series,series-description,value,units
2010-06-04,NUS-Z00,U.S.,EPJK,Kerosene-Type Jet Fuel,EEX,Exports,WKJEXUS2,U.S. Exports of Kerosene-Type Jet Fuel (Thousand Barrels per Day),59,MBBL/D
2010-06-11,NUS-Z00,U.S.,EPJK,Kerosene-Type Jet Fuel,EEX,Exports,WKJEXUS2,U.S. Exports of Kerosene-Type Jet Fuel (Thousand Barrels per Day),59,MBBL/D
2010-06-18,NUS-Z00,U.S.,EPJK,Kerosene-Type Jet Fuel,EEX,Exports,WKJEXUS2,U.S. Exports of Kerosene-Type Jet Fuel (Thousand Barrels per Day),61,MBBL/D
2010-06-25,NUS-Z00,U.S.,EPJK,Kerosene-Type Jet Fuel,EEX,Exports,WKJEXUS2,U.S. Exports of Kerosene-Type Jet Fuel (Thousand Barrels per Day),61,MBBL/D
2010-07-02,NUS-Z00,U.S.,EPJK,Kerosene-Type Jet Fuel,EEX,Exports,WKJEXUS2,U.S. Exports of Kerosene-Type Jet Fuel (Thousand Barrels per Day),61,MBBL/D
2010-07-09,NUS-Z00,U.S.,EPJK,Kerosene-Type Jet Fuel,EEX,Exports,WKJEXUS2,U.S. Exports of Kerosene-Type Jet Fuel (Thousand Barrels per Day),61,MBBL/D
2010-07-16,NUS-Z00,U.S.,EPJK,Kerosene-Type Jet Fuel,EEX,Exports,WKJEXUS2,U.S. Exports of Kerosene-Type Jet Fuel (Thousand Barrels per Day),62,MBBL/D
2010-07-23,NUS-Z00,U.S.,EPJK,Kerosene-Type Jet Fuel,EEX,Exports,WKJEXUS2,U.S. Exports of Kerosene-Type Jet Fuel (Thousand Barrels per Day),62,MBBL/D
2010-07-30,NUS-Z00,U.S.,EPJK,Kerosene-Type Jet Fuel,EEX,Exports,WKJEXUS2,U.S. Exports of Kerosene-Type Jet Fuel (Thousand Barrels per Day),62,MBBL/D
2010-08-06,NUS-Z00,U.S.,EPJK,Kerosene-Type Jet Fuel,EEX,Exports,WKJEXUS2,U.S. Exports of Kerosene-Type Jet Fuel (Thousand Barrels per Day),62,MBBL/D
2010-08-13,NUS-Z00,U.S.,EPJK,Kerosene-Type Jet Fuel,EEX,Exports,WKJEXUS2,U.S. Exports of Kerosene-Type Jet Fuel (Thousand Barrels per Day),56,MBBL/D
2010-08-20,NUS-Z00,U.S.,EPJK,Kerosene-Type Jet Fuel,EEX,Exports,WKJEXUS2,U.S. Exports of Kerosene-Type Jet Fuel (Thousand Barrels per Day),56,MBBL/D
2010-08-27,NUS-Z00,U.S.,EPJK,Kerosene-Type Jet Fuel,EEX,Exports,WKJEXUS2,U.S. Exports of Kerosene-Type Jet Fuel (Thousand Barrels per Day),56,MBBL/D
2010-09-03,NUS-Z00,U.S.,EPJK,Kerosene-Type Jet Fuel,EEX,Exports,WKJEXUS2,U.S. Exports of Kerosene-Type Jet Fuel (Thousand Barrels per Day),56,MBBL/D
2010-09-10,NUS-Z00,U.S.,EPJK,Kerosene-Type Jet Fuel,EEX,Exports,WKJEXUS2,U.S. Exports of Kerosene-Type Jet Fuel (Thousand Barrels per Day),61,MBBL/D
2010-09-17,NUS-Z00,U.S.,EPJK,Kerosene-Type Jet Fuel,EEX,Exports,WKJEXUS2,U.S. Exports of Kerosene-Type Jet Fuel (Thousand Barrels per Day),61,MBBL/D
2010-09-24,NUS-Z00,U.S.,EPJK,Kerosene-Type Jet Fuel,EEX,Exports,WKJEXUS2,U.S. Exports of Kerosene-Type Jet Fuel (Thousand Barrels per Day),61,MBBL/D
2010-10-01,NUS-Z00,U.S.,EPJK,Kerosene-Type Jet Fuel,EEX,Exports,WKJEXUS2,U.S. Exports of Kerosene-Type Jet Fuel (Thousand Barrels per Day),61,MBBL/D
2010-10-08,NUS-Z00,U.S.,EPJK,Kerosene-Type Jet Fuel,EEX,Exports,WKJEXUS2,U.S. Exports of Kerosene-Type Jet Fuel (Thousand Barrels per Day),61,MBBL/D
2010-10-15,NUS-Z00,U.S.,EPJK,Kerosene-Type Jet Fuel,EEX,Exports,WKJEXUS2,U.S. Exports of Kerosene-Type Jet Fuel (Thousand Barrels per Day),65,MBBL/D
2010-10-22,NUS-Z00,U.S.,EPJK,Kerosene-Type Jet Fuel,EEX,Exports,WKJEXUS2,U.S. Exports of Kerosene-Type Jet Fuel (Thousand Barrels per Day),65,MBBL/D
2010-10-29,NUS-Z00,U.S.,EPJK,Kerosene-Type Jet Fuel,EEX,Exports,WKJEXUS2,U.S. Exports of Kerosene-Type Jet Fuel (Thousand Barrels per Day),65,MBBL/D
2010-11-05,NUS-Z00,U.S.,EPJK,Kerosene-Type Jet Fuel,EEX,Exports,WKJEXUS2,U.S. Exports of Kerosene-Type Jet Fuel (Thousand Barrels per Day),65,MBBL/D
2010-11-12,NUS-Z00,U.S.,EPJK,Kerosene-Type Jet Fuel,EEX,Exports,WKJEXUS2,U.S. Exports of Kerosene-Type Jet Fuel (Thousand Barrels per Day),65,MBBL/D
2010-11-19,NUS-Z00,U.S.,EPJK,Kerosene-Type Jet Fuel,EEX,Exports,WKJEXUS2,U.S. Exports of Kerosene-Type Jet Fuel (Thousand Barrels per Day),65,MBBL/D
2010-11-26,NUS-Z00,U.S.,EPJK,Kerosene-Type Jet Fuel,EEX,Exports,WKJEXUS2,U.S. Exports of Kerosene-Type Jet Fuel (Thousand Barrels per Day),65,MBBL/D
2010-12-03,NUS-Z00,U.S.,EPJK,Kerosene-Type Jet Fuel,EEX,Exports,WKJEXUS2,U.S. Exports of Kerosene-Type Jet Fuel (Thousand Barrels per Day),65,MBBL/D
2010-12-10,NUS-Z00,U.S.,EPJK,Kerosene-Type Jet Fuel,EEX,Exports,WKJEXUS2,U.S. Exports of Kerosene-Type Jet Fuel (Thousand Barrels per Day),59,MBBL/D
2010-12-17,NUS-Z00,U.S.,EPJK,Kerosene-Type Jet Fuel,EEX,Exports,WKJEXUS2,U.S. Exports of Kerosene-Type Jet Fuel (Thousand Barrels per Day),59,MBBL/D
2010-12-24,NUS-Z00,U.S.,EPJK,Kerosene-Type Jet Fuel,EEX,Exports,WKJEXUS2,U.S. Exports of Kerosene-Type Jet Fuel (Thousand Barrels per Day),59,MBBL/D
2010-12-31,NUS-Z00,U.S.,EPJK,Kerosene-Type Jet Fuel,EEX,Exports,WKJEXUS2,U.S. Exports of Kerosene-Type Jet Fuel (Thousand Barrels per Day),59,MBBL/D
2011-01-07,NUS-Z00,U.S.,EPJK,Kerosene-Type Jet Fuel,EEX,Exports,WKJEXUS2,U.S. Exports of Kerosene-Type Jet Fuel (Thousand Barrels per Day),59,MBBL/D
2011-01-14,NUS-Z00,U.S.,EPJK,Kerosene-Type Jet Fuel,EEX,Exports,WKJEXUS2,U.S. Exports of Kerosene-Type Jet Fuel (Thousand Barrels per Day),70,MBBL/D
2011-01-21,NUS-Z00,U.S.,EPJK,Kerosene-Type Jet Fuel,EEX,Exports,WKJEXUS2,U.S. Exports of Kerosene-Type Jet Fuel (Thousand Barrels per Day),70,MBBL/D
2011-01-28,NUS-Z00,U.S.,EPJK,Kerosene-Type Jet Fuel,EEX,Exports,WKJEXUS2,U.S. Exports of Kerosene-Type Jet Fuel (Thousand Barrels per Day),70,MBBL/D
2011-02-04,NUS-Z00,U.S.,EPJK,Kerosene-Type Jet Fuel,EEX,Exports,WKJEXUS2,U.S. Exports of Kerosene-Type Jet Fuel (Thousand Barrels per Day),70,MBBL/D
2011-02-11,NUS-Z00,U.S.,EPJK,Kerosene-Type Jet Fuel,EEX,Exports,WKJEXUS2,U.S. Exports of Kerosene-Type Jet Fuel (Thousand Barrels per Day),87,MBBL/D
2011-02-18,NUS-Z00,U.S.,EPJK,Kerosene-Type Jet Fuel,EEX,Exports,WKJEXUS2,U.S. Exports of Kerosene-Type Jet Fuel (Thousand Barrels per Day),87,MBBL/D
2011-02-25,NUS-Z00,U.S.,EPJK,Kerosene-Type Jet Fuel,EEX,Exports,WKJEXUS2,U.S. Exports of Kerosene-Type Jet Fuel (Thousand Barrels per Day),87,MBBL/D
2011-03-04,NUS-Z00,U.S.,EPJK,Kerosene-Type Jet Fuel,EEX,Exports,WKJEXUS2,U.S. Exports of Kerosene-Type Jet Fuel (Thousand Barrels per Day),87,MBBL/D
2011-03-11,NUS-Z00,U.S.,EPJK,Kerosene-Type Jet Fuel,EEX,Exports,WKJEXUS2,U.S. Exports of Kerosene-Type Jet Fuel (Thousand Barrels per Day),88,MBBL/D
2011-03-18,NUS-Z00,U.S.,EPJK,Kerosene-Type Jet Fuel,EEX,Exports,WKJEXUS2,U.S. Exports of Kerosene-Type Jet Fuel (Thousand Barrels per Day),88,MBBL/D
2011-03-25,NUS-Z00,U.S.,EPJK,Kerosene-Type Jet Fuel,EEX,Exports,WKJEXUS2,U.S. Exports of Kerosene-Type Jet Fuel (Thousand Barrels per Day),88,MBBL/D
2011-04-01,NUS-Z00,U.S.,EPJK,Kerosene-Type Jet Fuel,EEX,Exports,WKJEXUS2,U.S. Exports of Kerosene-Type Jet Fuel (Thousand Barrels per Day),88,MBBL/D
2011-04-08,NUS-Z00,U.S.,EPJK,Kerosene-Type Jet Fuel,EEX,Exports,WKJEXUS2,U.S. Exports of Kerosene-Type Jet Fuel (Thousand Barrels per Day),88,MBBL/D
2011-04-15,NUS-Z00,U.S.,EPJK,Kerosene-Type Jet Fuel,EEX,Exports,WKJEXUS2,U.S. Exports of Kerosene-Type Jet Fuel (Thousand Barrels per Day),76,MBBL/D
2011-04-22,NUS-Z00,U.S.,EPJK,Kerosene-Type Jet Fuel,EEX,Exports,WKJEXUS2,U.S. Exports of Kerosene-Type Jet Fuel (Thousand Barrels per Day),76,MBBL/D
2011-04-29,NUS-Z00,U.S.,EPJK,Kerosene-Type Jet Fuel,EEX,Exports,WKJEXUS2,U.S. Exports of Kerosene-Type Jet Fuel (Thousand Barrels per Day),76,MBBL/D
2011-05-06,NUS-Z00,U.S.,EPJK,Kerosene-Type Jet Fuel,EEX,Exports,WKJEXUS2,U.S. Exports of Kerosene-Type Jet Fuel (Thousand Barrels per Day),76,MBBL/D
2011-05-13,NUS-Z00,U.S.,EPJK,Kerosene-Type Jet Fuel,EEX,Exports,WKJEXUS2,U.S. Exports of Kerosene-Type Jet Fuel (Thousand Barrels per Day),72,MBBL/D
2011-05-20,NUS-Z00,U.S.,EPJK,Kerosene-Type Jet Fuel,EEX,Exports,WKJEXUS2,U.S. Exports of Kerosene-Type Jet Fuel (Thousand Barrels per Day),72,MBBL/D
2011-05-27,NUS-Z00,U.S.,EPJK,Kerosene-Type Jet Fuel,EEX,Exports,WKJEXUS2,U.S. Exports of Kerosene-Type Jet Fuel (Thousand Barrels per Day),72,MBBL/D
2011-06-03,NUS-Z00,U.S.,EPJK,Kerosene-Type Jet Fuel,EEX,Exports,WKJEXUS2,U.S. Exports of Kerosene-Type Jet Fuel (Thousand Barrels per Day),72,MBBL/D
2011-06-10,NUS-Z00,U.S.,EPJK,Kerosene-Type Jet Fuel,EEX,Exports,WKJEXUS2,U.S. Exports of Kerosene-Type Jet Fuel (Thousand Barrels per Day),79,MBBL/D
2011-06-17,NUS-Z00,U.S.,EPJK,Kerosene-Type Jet Fuel,EEX,Exports,WKJEXUS2,U.S. Exports of Kerosene-Type Jet Fuel (Thousand Barrels per Day),79,MBBL/D
2011-06-24,NUS-Z00,U.S.,EPJK,Kerosene-Type Jet Fuel,EEX,Exports,WKJEXUS2,U.S. Exports of Kerosene-Type Jet Fuel (Thousand Barrels per Day),79,MBBL/D
2011-07-01,NUS-Z00,U.S.,EPJK,Kerosene-Type Jet Fuel,EEX,Exports,WKJEXUS2,U.S. Exports of Kerosene-Type Jet Fuel (Thousand Barrels per Day),79,MBBL/D
2011-07-08,NUS-Z00,U.S.,EPJK,Kerosene-Type Jet Fuel,EEX,Exports,WKJEXUS2,U.S. Exports of Kerosene-Type Jet Fuel (Thousand Barrels per Day),79,MBBL/D
2011-07-15,NUS-Z00,U.S.,EPJK,Kerosene-Type Jet Fuel,EEX,Exports,WKJEXUS2,U.S. Exports of Kerosene-Type Jet Fuel (Thousand Barrels per Day),62,MBBL/D
2011-07-22,NUS-Z00,U.S.,EPJK,Kerosene-Type Jet Fuel,EEX,Exports,WKJEXUS2,U.S. Exports of Kerosene-Type Jet Fuel (Thousand Barrels per Day),62,MBBL/D
2011-07-29,NUS-Z00,U.S.,EPJK,Kerosene-Type Jet Fuel,EEX,Exports,WKJEXUS2,U.S. Exports of Kerosene-Type Jet Fuel (Thousand Barrels per Day),62,MBBL/D
2011-08-05,NUS-Z00,U.S.,EPJK,Kerosene-Type Jet Fuel,EEX,Exports,WKJEXUS2,U.S. Exports of Kerosene-Type Jet Fuel (Thousand Barrels per Day),62,MBBL/D
2011-08-12,NUS-Z00,U.S.,EPJK,Kerosene-Type Jet Fuel,EEX,Exports,WKJEXUS2,U.S. Exports of Kerosene-Type Jet Fuel (Thousand Barrels per Day),67,MBBL/D
2011-08-19,NUS-Z00,U.S.,EPJK,Kerosene-Type Jet Fuel,EEX,Exports,WKJEXUS2,U.S. Exports of Kerosene-Type Jet Fuel (Thousand Barrels per Day),67,MBBL/D
2011-08-26,NUS-Z00,U.S.,EPJK,Kerosene-Type Jet Fuel,EEX,Exports,WKJEXUS2,U.S. Exports of Kerosene-Type Jet Fuel (Thousand Barrels per Day),67,MBBL/D
2011-09-02,NUS-Z00,U.S.,EPJK,Kerosene-Type Jet Fuel,EEX,Exports,WKJEXUS2,U.S. Exports of Kerosene-Type Jet Fuel (Thousand Barrels per Day),67,MBBL/D
2011-09-09,NUS-Z00,U.S.,EPJK,Kerosene-Type Jet Fuel,EEX,Exports,WKJEXUS2,U.S. Exports of Kerosene-Type Jet Fuel (Thousand Barrels per Day),67,MBBL/D
2011-09-16,NUS-Z00,U.S.,EPJK,Kerosene-Type Jet Fuel,EEX,Exports,WKJEXUS2,U.S. Exports of Kerosene-Type Jet Fuel (Thousand Barrels per Day),78,MBBL/D
2011-09-23,NUS-Z00,U.S.,EPJK,Kerosene-Type Jet Fuel,EEX,Exports,WKJEXUS2,U.S. Exports of Kerosene-Type Jet Fuel (Thousand Barrels per Day),78,MBBL/D
2011-09-30,NUS-Z00,U.S.,EPJK,Kerosene-Type Jet Fuel,EEX,Exports,WKJEXUS2,U.S. Exports of Kerosene-Type Jet Fuel (Thousand Barrels per Day),78,MBBL/D
2011-10-07,NUS-Z00,U.S.,EPJK,Kerosene-Type Jet Fuel,EEX,Exports,WKJEXUS2,U.S. Exports of Kerosene-Type Jet Fuel (Thousand Barrels per Day),78,MBBL/D
2011-10-14,NUS-Z00,U.S.,EPJK,Kerosene-Type Jet Fuel,EEX,Exports,WKJEXUS2,U.S. Exports of Kerosene-Type Jet Fuel (Thousand Barrels per Day),78,MBBL/D
2011-10-21,NUS-Z00,U.S.,EPJK,Kerosene-Type Jet Fuel,EEX,Exports,WKJEXUS2,U.S. Exports of Kerosene-Type Jet Fuel (Thousand Barrels per Day),78,MBBL/D
2011-10-28,NUS-Z00,U.S.,EPJK,Kerosene-Type Jet Fuel,EEX,Exports,WKJEXUS2,U.S. Exports of Kerosene-Type Jet Fuel (Thousand Barrels per Day),78,MBBL/D
2011-11-04,NUS-Z00,U.S.,EPJK,Kerosene-Type Jet Fuel,EEX,Exports,WKJEXUS2,U.S. Exports of Kerosene-Type Jet Fuel (Thousand Barrels per Day),78,MBBL/D
2011-11-11,NUS-Z00,U.S.,EPJK,Kerosene-Type Jet Fuel,EEX,Exports,WKJEXUS2,U.S. Exports of Kerosene-Type Jet Fuel (Thousand Barrels per Day),80,MBBL/D
2011-11-18,NUS-Z00,U.S.,EPJK,Kerosene-Type Jet Fuel,EEX,Exports,WKJEXUS2,U.S. Exports of Kerosene-Type Jet Fuel (Thousand Barrels per Day),80,MBBL/D
2011-11-25,NUS-Z00,U.S.,EPJK,Kerosene-Type Jet Fuel,EEX,Exports,WKJEXUS2,U.S. Exports of Kerosene-Type Jet Fuel (Thousand Barrels per Day),80,MBBL/D
2011-12-02,NUS-Z00,U.S.,EPJK,Kerosene-Type Jet Fuel,EEX,Exports,WKJEXUS2,U.S. Exports of Kerosene-Type Jet Fuel (Thousand Barrels per Day),80,MBBL/D
2011-12-09,NUS-Z00,U.S.,EPJK,Kerosene-Type Jet Fuel,EEX,Exports,WKJEXUS2,U.S. Exports of Kerosene-Type Jet Fuel (Thousand Barrels per Day),73,MBBL/D
2011-12-16,NUS-Z00,U.S.,EPJK,Kerosene-Type Jet Fuel,EEX,Exports,WKJEXUS2,U.S. Exports of Kerosene-Type Jet Fuel (Thousand Barrels per Day),73,MBBL/D
2011-12-23,NUS-Z00,U.S.,EPJK,Kerosene-Type Jet Fuel,EEX,Exports,WKJEXUS2,U.S. Exports of Kerosene-Type Jet Fuel (Thousand Barrels per Day),73,MBBL/D
2011-12-30,NUS-Z00,U.S.,EPJK,Kerosene-Type Jet Fuel,EEX,Exports,WKJEXUS2,U.S. Exports of Kerosene-Type Jet Fuel (Thousand Barrels per Day),73,MBBL/D
2012-01-06,NUS-Z00,U.S.,EPJK,Kerosene-Type Jet Fuel,EEX,Exports,WKJEXUS2,U.S. Exports of Kerosene-Type Jet Fuel (Thousand Barrels per Day),73,MBBL/D
2012-01-13,NUS-Z00,U.S.,EPJK,Kerosene-Type Jet Fuel,EEX,Exports,WKJEXUS2,U.S. Exports of Kerosene-Type Jet Fuel (Thousand Barrels per Day),71,MBBL/D
2012-01-20,NUS-Z00,U.S.,EPJK,Kerosene-Type Jet Fuel,EEX,Exports,WKJEXUS2,U.S. Exports of Kerosene-Type Jet Fuel (Thousand Barrels per Day),71,MBBL/D
2012-01-27,NUS-Z00,U.S.,EPJK,Kerosene-Type Jet Fuel,EEX,Exports,WKJEXUS2,U.S. Exports of Kerosene-Type Jet Fuel (Thousand Barrels per Day),71,MBBL/D
2012-02-03,NUS-Z00,U.S.,EPJK,Kerosene-Type Jet Fuel,EEX,Exports,WKJEXUS2,U.S. Exports of Kerosene-Type Jet Fuel (Thousand Barrels per Day),71,MBBL/D
2012-02-10,NUS-Z00,U.S.,EPJK,Kerosene-Type Jet Fuel,EEX,Exports,WKJEXUS2,U.S. Exports of Kerosene-Type Jet Fuel (Thousand Barrels per Day),92,MBBL/D
2012-02-17,NUS-Z00,U.S.,EPJK,Kerosene-Type Jet Fuel,EEX,Exports,WKJEXUS2,U.S. Exports of Kerosene-Type Jet Fuel (Thousand Barrels per Day),92,MBBL/D
2012-02-24,NUS-Z00,U.S.,EPJK,Kerosene-Type Jet Fuel,EEX,Exports,WKJEXUS2,U.S. Exports of Kerosene-Type Jet Fuel (Thousand Barrels per Day),92,MBBL/D
2012-03-02,NUS-Z00,U.S.,EPJK,Kerosene-Type Jet Fuel,EEX,Exports,WKJEXUS2,U.S. Exports of Kerosene-Type Jet Fuel (Thousand Barrels per Day),92,MBBL/D
2012-03-09,NUS-Z00,U.S.,EPJK,Kerosene-Type Jet Fuel,EEX,Exports,WKJEXUS2,U.S. Exports of Kerosene-Type Jet Fuel (Thousand Barrels per Day),92,MBBL/D
2012-03-16,NUS-Z00,U.S.,EPJK,Kerosene-Type Jet Fuel,EEX,Exports,WKJEXUS2,U.S. Exports of Kerosene-Type Jet Fuel (Thousand Barrels per Day),93,MBBL/D
2012-03-23,NUS-Z00,U.S.,EPJK,Kerosene-Type Jet Fuel,EEX,Exports,WKJEXUS2,U.S. Exports of Kerosene-Type Jet Fuel (Thousand Barrels per Day),93,MBBL/D
2012-03-30,NUS-Z00,U.S.,EPJK,Kerosene-Type Jet Fuel,EEX,Exports,WKJEXUS2,U.S. Exports of Kerosene-Type Jet Fuel (Thousand Barrels per Day),93,MBBL/D
2012-04-06,NUS-Z00,U.S.,EPJK,Kerosene-Type Jet Fuel,EEX,Exports,WKJEXUS2,U.S. Exports of Kerosene-Type Jet Fuel (Thousand Barrels per Day),93,MBBL/D
2012-04-13,NUS-Z00,U.S.,EPJK,Kerosene-Type Jet Fuel,EEX,Exports,WKJEXUS2,U.S. Exports of Kerosene-Type Jet Fuel (Thousand Barrels per Day),94,MBBL/D
2012-04-20,NUS-Z00,U.S.,EPJK,Kerosene-Type Jet Fuel,EEX,Exports,WKJEXUS2,U.S. Exports of Kerosene-Type Jet Fuel (Thousand Barrels per Day),94,MBBL/D
2012-04-27,NUS-Z00,U.S.,EPJK,Kerosene-Type Jet Fuel,EEX,Exports,WKJEXUS2,U.S. Exports of Kerosene-Type Jet Fuel (Thousand Barrels per Day),94,MBBL/D
2012-05-04,NUS-Z00,U.S.,EPJK,Kerosene-Type Jet Fuel,EEX,Exports,WKJEXUS2,U.S. Exports of Kerosene-Type Jet Fuel (Thousand Barrels per Day),94,MBBL/D
2012-05-11,NUS-Z00,U.S.,EPJK,Kerosene-Type Jet Fuel,EEX,Exports,WKJEXUS2,U.S. Exports of Kerosene-Type Jet Fuel (Thousand Barrels per Day),84,MBBL/D
2012-05-18,NUS-Z00,U.S.,EPJK,Kerosene-Type Jet Fuel,EEX,Exports,WKJEXUS2,U.S. Exports of Kerosene-Type Jet Fuel (Thousand Barrels per Day),84,MBBL/D
2012-05-25,NUS-Z00,U.S.,EPJK,Kerosene-Type Jet Fuel,EEX,Exports,WKJEXUS2,U.S. Exports of Kerosene-Type Jet Fuel (Thousand Barrels per Day),84,MBBL/D
2012-06-01,NUS-Z00,U.S.,EPJK,Kerosene-Type Jet Fuel,EEX,Exports,WKJEXUS2,U.S. Exports of Kerosene-Type Jet Fuel (Thousand Barrels per Day),84,MBBL/D
2012-06-08,NUS-Z00,U.S.,EPJK,Kerosene-Type Jet Fuel,EEX,Exports,WKJEXUS2,U.S. Exports of Kerosene-Type Jet Fuel (Thousand Barrels per Day),80,MBBL/D
2012-06-15,NUS-Z00,U.S.,EPJK,Kerosene-Type Jet Fuel,EEX,Exports,WKJEXUS2,U.S. Exports of Kerosene-Type Jet Fuel (Thousand Barrels per Day),80,MBBL/D
2012-06-22,NUS-Z00,U.S.,EPJK,Kerosene-Type Jet Fuel,EEX,Exports,WKJEXUS2,U.S. Exports of Kerosene-Type Jet Fuel (Thousand Barrels per Day),80,MBBL/D
2012-06-29,NUS-Z00,U.S.,EPJK,Kerosene-Type Jet Fuel,EEX,Exports,WKJEXUS2,U.S. Exports of Kerosene-Type Jet Fuel (Thousand Barrels per Day),80,MBBL/D
2012-07-06,NUS-Z00,U.S.,EPJK,Kerosene-Type Jet Fuel,EEX,Exports,WKJEXUS2,U.S. Exports of Kerosene-Type Jet Fuel (Thousand Barrels per Day),80,MBBL/D
2012-07-13,NUS-Z00,U.S.,EPJK,Kerosene-Type Jet Fuel,EEX,Exports,WKJEXUS2,U.S. Exports of Kerosene-Type Jet Fuel (Thousand Barrels per Day),80,MBBL/D
2012-07-20,NUS-Z00,U.S.,EPJK,Kerosene-Type Jet Fuel,EEX,Exports,WKJEXUS2,U.S. Exports of Kerosene-Type Jet Fuel (Thousand Barrels per Day),90,MBBL/D
2012-07-27,NUS-Z00,U.S.,EPJK,Kerosene-Type Jet Fuel,EEX,Exports,WKJEXUS2,U.S. Exports of Kerosene-Type Jet Fuel (Thousand Barrels per Day),90,MBBL/D
2012-08-03,NUS-Z00,U.S.,EPJK,Kerosene-Type Jet Fuel,EEX,Exports,WKJEXUS2,U.S. Exports of Kerosene-Type Jet Fuel (Thousand Barrels per Day),90,MBBL/D
2012-08-10,NUS-Z00,U.S.,EPJK,Kerosene-Type Jet Fuel,EEX,Exports,WKJEXUS2,U.S. Exports of Kerosene-Type Jet Fuel (Thousand Barrels per Day),108,MBBL/D
2012-08-17,NUS-Z00,U.S.,EPJK,Kerosene-Type Jet Fuel,EEX,Exports,WKJEXUS2,U.S. Exports of Kerosene-Type Jet Fuel (Thousand Barrels per Day),108,MBBL/D
2012-08-24,NUS-Z00,U.S.,EPJK,Kerosene-Type Jet Fuel,EEX,Exports,WKJEXUS2,U.S. Exports of Kerosene-Type Jet Fuel (Thousand Barrels per Day),108,MBBL/D
2012-08-31,NUS-Z00,U.S.,EPJK,Kerosene-Type Jet Fuel,EEX,Exports,WKJEXUS2,U.S. Exports of Kerosene-Type Jet Fuel (Thousand Barrels per Day),108,MBBL/D
2012-09-07,NUS-Z00,U.S.,EPJK,Kerosene-Type Jet Fuel,EEX,Exports,WKJEXUS2,U.S. Exports of Kerosene-Type Jet Fuel (Thousand Barrels per Day),108,MBBL/D
2012-09-14,NUS-Z00,U.S.,EPJK,Kerosene-Type Jet Fuel,EEX,Exports,WKJEXUS2,U.S. Exports of Kerosene-Type Jet Fuel (Thousand Barrels per Day),97,MBBL/D
2012-09-21,NUS-Z00,U.S.,EPJK,Kerosene-Type Jet Fuel,EEX,Exports,WKJEXUS2,U.S. Exports of Kerosene-Type Jet Fuel (Thousand Barrels per Day),97,MBBL/D
2012-09-28,NUS-Z00,U.S.,EPJK,Kerosene-Type Jet Fuel,EEX,Exports,WKJEXUS2,U.S. Exports of Kerosene-Type Jet Fuel (Thousand Barrels per Day),97,MBBL/D
2012-10-05,NUS-Z00,U.S.,EPJK,Kerosene-Type Jet Fuel,EEX,Exports,WKJEXUS2,U.S. Exports of Kerosene-Type Jet Fuel (Thousand Barrels per Day),97,MBBL/D
2012-10-12,NUS-Z00,U.S.,EPJK,Kerosene-Type Jet Fuel,EEX,Exports,WKJEXUS2,U.S. Exports of Kerosene-Type Jet Fuel (Thousand Barrels per Day),92,MBBL/D
2012-10-19,NUS-Z00,U.S.,EPJK,Kerosene-Type Jet Fuel,EEX,Exports,WKJEXUS2,U.S. Exports of Kerosene-Type Jet Fuel (Thousand Barrels per Day),92,MBBL/D
2012-10-26,NUS-Z00,U.S.,EPJK,Kerosene-Type Jet Fuel,EEX,Exports,WKJEXUS2,U.S. Exports of Kerosene-Type Jet Fuel (Thousand Barrels per Day),92,MBBL/D
2012-11-02,NUS-Z00,U.S.,EPJK,Kerosene-Type Jet Fuel,EEX,Exports,WKJEXUS2,U.S. Exports of Kerosene-Type Jet Fuel (Thousand Barrels per Day),92,MBBL/D
2012-11-09,NUS-Z00,U.S.,EPJK,Kerosene-Type Jet Fuel,EEX,Exports,WKJEXUS2,U.S. Exports of Kerosene-Type Jet Fuel (Thousand Barrels per Day),98,MBBL/D
2012-11-16,NUS-Z00,U.S.,EPJK,Kerosene-Type Jet Fuel,EEX,Exports,WKJEXUS2,U.S. Exports of Kerosene-Type Jet Fuel (Thousand Barrels per Day),98,MBBL/D
2012-11-23,NUS-Z00,U.S.,EPJK,Kerosene-Type Jet Fuel,EEX,Exports,WKJEXUS2,U.S. Exports of Kerosene-Type Jet Fuel (Thousand Barrels per Day),98,MBBL/D
2012-11-30,NUS-Z00,U.S.,EPJK,Kerosene-Type Jet Fuel,EEX,Exports,WKJEXUS2,U.S. Exports of Kerosene-Type Jet Fuel (Thousand Barrels per Day),98,MBBL/D
2012-12-07,NUS-Z00,U.S.,EPJK,Kerosene-Type Jet Fuel,EEX,Exports,WKJEXUS2,U.S. Exports of Kerosene-Type Jet Fuel (Thousand Barrels per Day),98,MBBL/D
2012-12-14,NUS-Z00,U.S.,EPJK,Kerosene-Type Jet Fuel,EEX,Exports,WKJEXUS2,U.S. Exports of Kerosene-Type Jet Fuel (Thousand Barrels per Day),109,MBBL/D
2012-12-21,NUS-Z00,U.S.,EPJK,Kerosene-Type Jet Fuel,EEX,Exports,WKJEXUS2,U.S. Exports of Kerosene-Type Jet Fuel (Thousand Barrels per Day),109,MBBL/D
2012-12-28,NUS-Z00,U.S.,EPJK,Kerosene-Type Jet Fuel,EEX,Exports,WKJEXUS2,U.S. Exports of Kerosene-Type Jet Fuel (Thousand Barrels per Day),109,MBBL/D
2013-01-04,NUS-Z00,U.S.,EPJK,Kerosene-Type Jet Fuel,EEX,Exports,WKJEXUS2,U.S. Exports of Kerosene-Type Jet Fuel (Thousand Barrels per Day),109,MBBL/D
2013-01-11,NUS-Z00,U.S.,EPJK,Kerosene-Type Jet Fuel,EEX,Exports,WKJEXUS2,U.S. Exports of Kerosene-Type Jet Fuel (Thousand Barrels per Day),109,MBBL/D
2013-01-18,NUS-Z00,U.S.,EPJK,Kerosene-Type Jet Fuel,EEX,Exports,WKJEXUS2,U.S. Exports of Kerosene-Type Jet Fuel (Thousand Barrels per Day),122,MBBL/D
2013-01-25,NUS-Z00,U.S.,EPJK,Kerosene-Type Jet Fuel,EEX,Exports,WKJEXUS2,U.S. Exports of Kerosene-Type Jet Fuel (Thousand Barrels per Day),122,MBBL/D
2013-02-01,NUS-Z00,U.S.,EPJK,Kerosene-Type Jet Fuel,EEX,Exports,WKJEXUS2,U.S. Exports of Kerosene-Type Jet Fuel (Thousand Barrels per Day),122,MBBL/D
2013-02-08,NUS-Z00,U.S.,EPJK,Kerosene-Type Jet Fuel,EEX,Exports,WKJEXUS2,U.S. Exports of Kerosene-Type Jet Fuel (Thousand Barrels per Day),122,MBBL/D
2013-02-15,NUS-Z00,U.S.,EPJK,Kerosene-Type Jet Fuel,EEX,Exports,WKJEXUS2,U.S. Exports of Kerosene-Type Jet Fuel (Thousand Barrels per Day),122,MBBL/D
2013-02-22,NUS-Z00,U.S.,EPJK,Kerosene-Type Jet Fuel,EEX,Exports,WKJEXUS2,U.S. Exports of Kerosene-Type Jet Fuel (Thousand Barrels per Day),144,MBBL/D
2013-03-01,NUS-Z00,U.S.,EPJK,Kerosene-Type Jet Fuel,EEX,Exports,WKJEXUS2,U.S. Exports of Kerosene-Type Jet Fuel (Thousand Barrels per Day),144,MBBL/D
2013-03-08,NUS-Z00,U.S.,EPJK,Kerosene-Type Jet Fuel,EEX,Exports,WKJEXUS2,U.S. Exports of Kerosene-Type Jet Fuel (Thousand Barrels per Day),144,MBBL/D
2013-03-15,NUS-Z00,U.S.,EPJK,Kerosene-Type Jet Fuel,EEX,Exports,WKJEXUS2,U.S. Exports of Kerosene-Type Jet Fuel (Thousand Barrels per Day),133,MBBL/D
2013-03-22,NUS-Z00,U.S.,EPJK,Kerosene-Type Jet Fuel,EEX,Exports,WKJEXUS2,U.S. Exports of Kerosene-Type Jet Fuel (Thousand Barrels per Day),133,MBBL/D
2013-03-29,NUS-Z00,U.S.,EPJK,Kerosene-Type Jet Fuel,EEX,Exports,WKJEXUS2,U.S. Exports of Kerosene-Type Jet Fuel (Thousand Barrels per Day),133,MBBL/D
2013-04-05,NUS-Z00,U.S.,EPJK,Kerosene-Type Jet Fuel,EEX,Exports,WKJEXUS2,U.S. Exports of Kerosene-Type Jet Fuel (Thousand Barrels per Day),133,MBBL/D
2013-04-12,NUS-Z00,U.S.,EPJK,Kerosene-Type Jet Fuel,EEX,Exports,WKJEXUS2,U.S. Exports of Kerosene-Type Jet Fuel (Thousand Barrels per Day),133,MBBL/D
2013-04-19,NUS-Z00,U.S.,EPJK,Kerosene-Type Jet Fuel,EEX,Exports,WKJEXUS2,U.S. Exports of Kerosene-Type Jet Fuel (Thousand Barrels per Day),104,MBBL/D
2013-04-26,NUS-Z00,U.S.,EPJK,Kerosene-Type Jet Fuel,EEX,Exports,WKJEXUS2,U.S. Exports of Kerosene-Type Jet Fuel (Thousand Barrels per Day),104,MBBL/D
2013-05-03,NUS-Z00,U.S.,EPJK,Kerosene-Type Jet Fuel,EEX,Exports,WKJEXUS2,U.S. Exports of Kerosene-Type Jet Fuel (Thousand Barrels per Day),104,MBBL/D
2013-05-10,NUS-Z00,U.S.,EPJK,Kerosene-Type Jet Fuel,EEX,Exports,WKJEXUS2,U.S. Exports of Kerosene-Type Jet Fuel (Thousand Barrels per Day),104,MBBL/D
2013-05-17,NUS-Z00,U.S.,EPJK,Kerosene-Type Jet Fuel,EEX,Exports,WKJEXUS2,U.S. Exports of Kerosene-Type Jet Fuel (Thousand Barrels per Day),106,MBBL/D
2013-05-24,NUS-Z00,U.S.,EPJK,Kerosene-Type Jet Fuel,EEX,Exports,WKJEXUS2,U.S. Exports of Kerosene-Type Jet Fuel (Thousand Barrels per Day),106,MBBL/D
2013-05-31,NUS-Z00,U.S.,EPJK,Kerosene-Type Jet Fuel,EEX,Exports,WKJEXUS2,U.S. Exports of Kerosene-Type Jet Fuel (Thousand Barrels per Day),106,MBBL/D
2013-06-07,NUS-Z00,U.S.,EPJK,Kerosene-Type Jet Fuel,EEX,Exports,WKJEXUS2,U.S. Exports of Kerosene-Type Jet Fuel (Thousand Barrels per Day),106,MBBL/D
2013-06-14,NUS-Z00,U.S.,EPJK,Kerosene-Type Jet Fuel,EEX,Exports,WKJEXUS2,U.S. Exports of Kerosene-Type Jet Fuel (Thousand Barrels per Day),106,MBBL/D
2013-06-21,NUS-Z00,U.S.,EPJK,Kerosene-Type Jet Fuel,EEX,Exports,WKJEXUS2,U.S. Exports of Kerosene-Type Jet Fuel (Thousand Barrels per Day),114,MBBL/D
2013-06-28,NUS-Z00,U.S.,EPJK,Kerosene-Type Jet Fuel,EEX,Exports,WKJEXUS2,U.S. Exports of Kerosene-Type Jet Fuel (Thousand Barrels per Day),114,MBBL/D
2013-07-05,NUS-Z00,U.S.,EPJK,Kerosene-Type Jet Fuel,EEX,Exports,WKJEXUS2,U.S. Exports of Kerosene-Type Jet Fuel (Thousand Barrels per Day),114,MBBL/D
2013-07-12,NUS-Z00,U.S.,EPJK,Kerosene-Type Jet Fuel,EEX,Exports,WKJEXUS2,U.S. Exports of Kerosene-Type Jet Fuel (Thousand Barrels per Day),114,MBBL/D
2013-07-19,NUS-Z00,U.S.,EPJK,Kerosene-Type Jet Fuel,EEX,Exports,WKJEXUS2,U.S. Exports of Kerosene-Type Jet Fuel (Thousand Barrels per Day),118,MBBL/D
2013-07-26,NUS-Z00,U.S.,EPJK,Kerosene-Type Jet Fuel,EEX,Exports,WKJEXUS2,U.S. Exports of Kerosene-Type Jet Fuel (Thousand Barrels per Day),118,MBBL/D
2013-08-02,NUS-Z00,U.S.,EPJK,Kerosene-Type Jet Fuel,EEX,Exports,WKJEXUS2,U.S. Exports of Kerosene-Type Jet Fuel (Thousand Barrels per Day),118,MBBL/D
2013-08-09,NUS-Z00,U.S.,EPJK,Kerosene-Type Jet Fuel,EEX,Exports,WKJEXUS2,U.S. Exports of Kerosene-Type Jet Fuel (Thousand Barrels per Day),118,MBBL/D
2013-08-16,NUS-Z00,U.S.,EPJK,Kerosene-Type Jet Fuel,EEX,Exports,WKJEXUS2,U.S. Exports of Kerosene-Type Jet Fuel (Thousand Barrels per Day),145,MBBL/D
2013-08-23,NUS-Z00,U.S.,EPJK,Kerosene-Type Jet Fuel,EEX,Exports,WKJEXUS2,U.S. Exports of Kerosene-Type Jet Fuel (Thousand Barrels per Day),145,MBBL/D
2013-08-30,NUS-Z00,U.S.,EPJK,Kerosene-Type Jet Fuel,EEX,Exports,WKJEXUS2,U.S. Exports of Kerosene-Type Jet Fuel (Thousand Barrels per Day),145,MBBL/D
2013-09-06,NUS-Z00,U.S.,EPJK,Kerosene-Type Jet Fuel,EEX,Exports,WKJEXUS2,U.S. Exports of Kerosene-Type Jet Fuel (Thousand Barrels per Day),145,MBBL/D
2013-09-13,NUS-Z00,U.S.,EPJK,Kerosene-Type Jet Fuel,EEX,Exports,WKJEXUS2,U.S. Exports of Kerosene-Type Jet Fuel (Thousand Barrels per Day),145,MBBL/D
2013-09-20,NUS-Z00,U.S.,EPJK,Kerosene-Type Jet Fuel,EEX,Exports,WKJEXUS2,U.S. Exports of Kerosene-Type Jet Fuel (Thousand Barrels per Day),140,MBBL/D
2013-09-27,NUS-Z00,U.S.,EPJK,Kerosene-Type Jet Fuel,EEX,Exports,WKJEXUS2,U.S. Exports of Kerosene-Type Jet Fuel (Thousand Barrels per Day),140,MBBL/D
2013-10-04,NUS-Z00,U.S.,EPJK,Kerosene-Type Jet Fuel,EEX,Exports,WKJEXUS2,U.S. Exports of Kerosene-Type Jet Fuel (Thousand Barrels per Day),140,MBBL/D
2013-10-11,NUS-Z00,U.S.,EPJK,Kerosene-Type Jet Fuel,EEX,Exports,WKJEXUS2,U.S. Exports of Kerosene-Type Jet Fuel (Thousand Barrels per Day),140,MBBL/D
2013-10-18,NUS-Z00,U.S.,EPJK,Kerosene-Type Jet Fuel,EEX,Exports,WKJEXUS2,U.S. Exports of Kerosene-Type Jet Fuel (Thousand Barrels per Day),140,MBBL/D
2013-10-25,NUS-Z00,U.S.,EPJK,Kerosene-Type Jet Fuel,EEX,Exports,WKJEXUS2,U.S. Exports of Kerosene-Type Jet Fuel (Thousand Barrels per Day),165,MBBL/D
2013-11-01,NUS-Z00,U.S.,EPJK,Kerosene-Type Jet Fuel,EEX,Exports,WKJEXUS2,U.S. Exports of Kerosene-Type Jet Fuel (Thousand Barrels per Day),165,MBBL/D
2013-11-08,NUS-Z00,U.S.,EPJK,Kerosene-Type Jet Fuel,EEX,Exports,WKJEXUS2,U.S. Exports of Kerosene-Type Jet Fuel (Thousand Barrels per Day),165,MBBL/D
2013-11-15,NUS-Z00,U.S.,EPJK,Kerosene-Type Jet Fuel,EEX,Exports,WKJEXUS2,U.S. Exports of Kerosene-Type Jet Fuel (Thousand Barrels per Day),165,MBBL/D
2013-11-22,NUS-Z00,U.S.,EPJK,Kerosene-Type Jet Fuel,EEX,Exports,WKJEXUS2,U.S. Exports of Kerosene-Type Jet Fuel (Thousand Barrels per Day),126,MBBL/D
2013-11-29,NUS-Z00,U.S.,EPJK,Kerosene-Type Jet Fuel,EEX,Exports,WKJEXUS2,U.S. Exports of Kerosene-Type Jet Fuel (Thousand Barrels per Day),126,MBBL/D
2013-12-06,NUS-Z00,U.S.,EPJK,Kerosene-Type Jet Fuel,EEX,Exports,WKJEXUS2,U.S. Exports of Kerosene-Type Jet Fuel (Thousand Barrels per Day),126,MBBL/D
2013-12-13,NUS-Z00,U.S.,EPJK,Kerosene-Type Jet Fuel,EEX,Exports,WKJEXUS2,U.S. Exports of Kerosene-Type Jet Fuel (Thousand Barrels per Day),126,MBBL/D
2013-12-20,NUS-Z00,U.S.,EPJK,Kerosene-Type Jet Fuel,EEX,Exports,WKJEXUS2,U.S. Exports of Kerosene-Type Jet Fuel (Thousand Barrels per Day),123,MBBL/D
2013-12-27,NUS-Z00,U.S.,EPJK,Kerosene-Type Jet Fuel,EEX,Exports,WKJEXUS2,U.S. Exports of Kerosene-Type Jet Fuel (Thousand Barrels per Day),123,MBBL/D
2014-01-03,NUS-Z00,U.S.,EPJK,Kerosene-Type Jet Fuel,EEX,Exports,WKJEXUS2,U.S. Exports of Kerosene-Type Jet Fuel (Thousand Barrels per Day),123,MBBL/D
2014-01-10,NUS-Z00,U.S.,EPJK,Kerosene-Type Jet Fuel,EEX,Exports,WKJEXUS2,U.S. Exports of Kerosene-Type Jet Fuel (Thousand Barrels per Day),123,MBBL/D
2014-01-17,NUS-Z00,U.S.,EPJK,Kerosene-Type Jet Fuel,EEX,Exports,WKJEXUS2,U.S. Exports of Kerosene-Type Jet Fuel (Thousand Barrels per Day),123,MBBL/D
2014-01-24,NUS-Z00,U.S.,EPJK,Kerosene-Type Jet Fuel,EEX,Exports,WKJEXUS2,U.S. Exports of Kerosene-Type Jet Fuel (Thousand Barrels per Day),156,MBBL/D
2014-01-31,NUS-Z00,U.S.,EPJK,Kerosene-Type Jet Fuel,EEX,Exports,WKJEXUS2,U.S. Exports of Kerosene-Type Jet Fuel (Thousand Barrels per Day),156,MBBL/D
2014-02-07,NUS-Z00,U.S.,EPJK,Kerosene-Type Jet Fuel,EEX,Exports,WKJEXUS2,U.S. Exports of Kerosene-Type Jet Fuel (Thousand Barrels per Day),156,MBBL/D
2014-02-14,NUS-Z00,U.S.,EPJK,Kerosene-Type Jet Fuel,EEX,Exports,WKJEXUS2,U.S. Exports of Kerosene-Type Jet Fuel (Thousand Barrels per Day),156,MBBL/D
2014-02-21,NUS-Z00,U.S.,EPJK,Kerosene-Type Jet Fuel,EEX,Exports,WKJEXUS2,U.S. Exports of Kerosene-Type Jet Fuel (Thousand Barrels per Day),174,MBBL/D
2014-02-28,NUS-Z00,U.S.,EPJK,Kerosene-Type Jet Fuel,EEX,Exports,WKJEXUS2,U.S. Exports of Kerosene-Type Jet Fuel (Thousand Barrels per Day),174,MBBL/D
2014-03-07,NUS-Z00,U.S.,EPJK,Kerosene-Type Jet Fuel,EEX,Exports,WKJEXUS2,U.S. Exports of Kerosene-Type Jet Fuel (Thousand Barrels per Day),174,MBBL/D
2014-03-14,NUS-Z00,U.S.,EPJK,Kerosene-Type Jet Fuel,EEX,Exports,WKJEXUS2,U.S. Exports of Kerosene-Type Jet Fuel (Thousand Barrels per Day),174,MBBL/D
2014-03-21,NUS-Z00,U.S.,EPJK,Kerosene-Type Jet Fuel,EEX,Exports,WKJEXUS2,U.S. Exports of Kerosene-Type Jet Fuel (Thousand Barrels per Day),174,MBBL/D
2014-03-28,NUS-Z00,U.S.,EPJK,Kerosene-Type Jet Fuel,EEX,Exports,WKJEXUS2,U.S. Exports of Kerosene-Type Jet Fuel (Thousand Barrels per Day),135,MBBL/D
2014-04-04,NUS-Z00,U.S.,EPJK,Kerosene-Type Jet Fuel,EEX,Exports,WKJEXUS2,U.S. Exports of Kerosene-Type Jet Fuel (Thousand Barrels per Day),135,MBBL/D
2014-04-11,NUS-Z00,U.S.,EPJK,Kerosene-Type Jet Fuel,EEX,Exports,WKJEXUS2,U.S. Exports of Kerosene-Type Jet Fuel (Thousand Barrels per Day),135,MBBL/D
2014-04-18,NUS-Z00,U.S.,EPJK,Kerosene-Type Jet Fuel,EEX,Exports,WKJEXUS2,U.S. Exports of Kerosene-Type Jet Fuel (Thousand Barrels per Day),135,MBBL/D
2014-04-25,NUS-Z00,U.S.,EPJK,Kerosene-Type Jet Fuel,EEX,Exports,WKJEXUS2,U.S. Exports of Kerosene-Type Jet Fuel (Thousand Barrels per Day),122,MBBL/D
2014-05-02,NUS-Z00,U.S.,EPJK,Kerosene-Type Jet Fuel,EEX,Exports,WKJEXUS2,U.S. Exports of Kerosene-Type Jet Fuel (Thousand Barrels per Day),122,MBBL/D
2014-05-09,NUS-Z00,U.S.,EPJK,Kerosene-Type Jet Fuel,EEX,Exports,WKJEXUS2,U.S. Exports of Kerosene-Type Jet Fuel (Thousand Barrels per Day),122,MBBL/D
2014-05-16,NUS-Z00,U.S.,EPJK,Kerosene-Type Jet Fuel,EEX,Exports,WKJEXUS2,U.S. Exports of Kerosene-Type Jet Fuel (Thousand Barrels per Day),122,MBBL/D
2014-05-23,NUS-Z00,U.S.,EPJK,Kerosene-Type Jet Fuel,EEX,Exports,WKJEXUS2,U.S. Exports of Kerosene-Type Jet Fuel (Thousand Barrels per Day),123,MBBL/D
2014-05-30,NUS-Z00,U.S.,EPJK,Kerosene-Type Jet Fuel,EEX,Exports,WKJEXUS2,U.S. Exports of Kerosene-Type Jet Fuel (Thousand Barrels per Day),123,MBBL/D
2014-06-06,NUS-Z00,U.S.,EPJK,Kerosene-Type Jet Fuel,EEX,Exports,WKJEXUS2,U.S. Exports of Kerosene-Type Jet Fuel (Thousand Barrels per Day),123,MBBL/D
2014-06-13,NUS-Z00,U.S.,EPJK,Kerosene-Type Jet Fuel,EEX,Exports,WKJEXUS2,U.S. Exports of Kerosene-Type Jet Fuel (Thousand Barrels per Day),123,MBBL/D
2014-06-20,NUS-Z00,U.S.,EPJK,Kerosene-Type Jet Fuel,EEX,Exports,WKJEXUS2,U.S. Exports of Kerosene-Type Jet Fuel (Thousand Barrels per Day),112,MBBL/D
2014-06-27,NUS-Z00,U.S.,EPJK,Kerosene-Type Jet Fuel,EEX,Exports,WKJEXUS2,U.S. Exports of Kerosene-Type Jet Fuel (Thousand Barrels per Day),112,MBBL/D
2014-07-04,NUS-Z00,U.S.,EPJK,Kerosene-Type Jet Fuel,EEX,Exports,WKJEXUS2,U.S. Exports of Kerosene-Type Jet Fuel (Thousand Barrels per Day),112,MBBL/D
2014-07-11,NUS-Z00,U.S.,EPJK,Kerosene-Type Jet Fuel,EEX,Exports,WKJEXUS2,U.S. Exports of Kerosene-Type Jet Fuel (Thousand Barrels per Day),112,MBBL/D
2014-07-18,NUS-Z00,U.S.,EPJK,Kerosene-Type Jet Fuel,EEX,Exports,WKJEXUS2,U.S. Exports of Kerosene-Type Jet Fuel (Thousand Barrels per Day),112,MBBL/D
2014-07-25,NUS-Z00,U.S.,EPJK,Kerosene-Type Jet Fuel,EEX,Exports,WKJEXUS2,U.S. Exports of Kerosene-Type Jet Fuel (Thousand Barrels per Day),131,MBBL/D
2014-08-01,NUS-Z00,U.S.,EPJK,Kerosene-Type Jet Fuel,EEX,Exports,WKJEXUS2,U.S. Exports of Kerosene-Type Jet Fuel (Thousand Barrels per Day),131,MBBL/D
2014-08-08,NUS-Z00,U.S.,EPJK,Kerosene-Type Jet Fuel,EEX,Exports,WKJEXUS2,U.S. Exports of Kerosene-Type Jet Fuel (Thousand Barrels per Day),131,MBBL/D
2014-08-15,NUS-Z00,U.S.,EPJK,Kerosene-Type Jet Fuel,EEX,Exports,WKJEXUS2,U.S. Exports of Kerosene-Type Jet Fuel (Thousand Barrels per Day),131,MBBL/D
2014-08-22,NUS-Z00,U.S.,EPJK,Kerosene-Type Jet Fuel,EEX,Exports,WKJEXUS2,U.S. Exports of Kerosene-Type Jet Fuel (Thousand Barrels per Day),136,MBBL/D
2014-08-29,NUS-Z00,U.S.,EPJK,Kerosene-Type Jet Fuel,EEX,Exports,WKJEXUS2,U.S. Exports of Kerosene-Type Jet Fuel (Thousand Barrels per Day),136,MBBL/D
2014-09-05,NUS-Z00,U.S.,EPJK,Kerosene-Type Jet Fuel,EEX,Exports,WKJEXUS2,U.S. Exports of Kerosene-Type Jet Fuel (Thousand Barrels per Day),136,MBBL/D
2014-09-12,NUS-Z00,U.S.,EPJK,Kerosene-Type Jet Fuel,EEX,Exports,WKJEXUS2,U.S. Exports of Kerosene-Type Jet Fuel (Thousand Barrels per Day),136,MBBL/D
2014-09-19,NUS-Z00,U.S.,EPJK,Kerosene-Type Jet Fuel,EEX,Exports,WKJEXUS2,U.S. Exports of Kerosene-Type Jet Fuel (Thousand Barrels per Day),136,MBBL/D
2014-09-26,NUS-Z00,U.S.,EPJK,Kerosene-Type Jet Fuel,EEX,Exports,WKJEXUS2,U.S. Exports of Kerosene-Type Jet Fuel (Thousand Barrels per Day),164,MBBL/D
2014-10-03,NUS-Z00,U.S.,EPJK,Kerosene-Type Jet Fuel,EEX,Exports,WKJEXUS2,U.S. Exports of Kerosene-Type Jet Fuel (Thousand Barrels per Day),164,MBBL/D
2014-10-10,NUS-Z00,U.S.,EPJK,Kerosene-Type Jet Fuel,EEX,Exports,WKJEXUS2,U.S. Exports of Kerosene-Type Jet Fuel (Thousand Barrels per Day),164,MBBL/D
2014-10-17,NUS-Z00,U.S.,EPJK,Kerosene-Type Jet Fuel,EEX,Exports,WKJEXUS2,U.S. Exports of Kerosene-Type Jet Fuel (Thousand Barrels per Day),164,MBBL/D
2014-10-24,NUS-Z00,U.S.,EPJK,Kerosene-Type Jet Fuel,EEX,Exports,WKJEXUS2,U.S. Exports of Kerosene-Type Jet Fuel (Thousand Barrels per Day),177,MBBL/D
2014-10-31,NUS-Z00,U.S.,EPJK,Kerosene-Type Jet Fuel,EEX,Exports,WKJEXUS2,U.S. Exports of Kerosene-Type Jet Fuel (Thousand Barrels per Day),177,MBBL/D
2014-11-07,NUS-Z00,U.S.,EPJK,Kerosene-Type Jet Fuel,EEX,Exports,WKJEXUS2,U.S. Exports of Kerosene-Type Jet Fuel (Thousand Barrels per Day),177,MBBL/D
2014-11-14,NUS-Z00,U.S.,EPJK,Kerosene-Type Jet Fuel,EEX,Exports,WKJEXUS2,U.S. Exports of Kerosene-Type Jet Fuel (Thousand Barrels per Day),177,MBBL/D
2014-11-21,NUS-Z00,U.S.,EPJK,Kerosene-Type Jet Fuel,EEX,Exports,WKJEXUS2,U.S. Exports of Kerosene-Type Jet Fuel (Thousand Barrels per Day),145,MBBL/D
2014-11-28,NUS-Z00,U.S.,EPJK,Kerosene-Type Jet Fuel,EEX,Exports,WKJEXUS2,U.S. Exports of Kerosene-Type Jet Fuel (Thousand Barrels per Day),145,MBBL/D
2014-12-05,NUS-Z00,U.S.,EPJK,Kerosene-Type Jet Fuel,EEX,Exports,WKJEXUS2,U.S. Exports of Kerosene-Type Jet Fuel (Thousand Barrels per Day),145,MBBL/D
2014-12-12,NUS-Z00,U.S.,EPJK,Kerosene-Type Jet Fuel,EEX,Exports,WKJEXUS2,U.S. Exports of Kerosene-Type Jet Fuel (Thousand Barrels per Day),145,MBBL/D
2014-12-19,NUS-Z00,U.S.,EPJK,Kerosene-Type Jet Fuel,EEX,Exports,WKJEXUS2,U.S. Exports of Kerosene-Type Jet Fuel (Thousand Barrels per Day),150,MBBL/D
2014-12-26,NUS-Z00,U.S.,EPJK,Kerosene-Type Jet Fuel,EEX,Exports,WKJEXUS2,U.S. Exports of Kerosene-Type Jet Fuel (Thousand Barrels per Day),150,MBBL/D
2015-01-02,NUS-Z00,U.S.,EPJK,Kerosene-Type Jet Fuel,EEX,Exports,WKJEXUS2,U.S. Exports of Kerosene-Type Jet Fuel (Thousand Barrels per Day),150,MBBL/D
2015-01-09,NUS-Z00,U.S.,EPJK,Kerosene-Type Jet Fuel,EEX,Exports,WKJEXUS2,U.S. Exports of Kerosene-Type Jet Fuel (Thousand Barrels per Day),150,MBBL/D
2015-01-16,NUS-Z00,U.S.,EPJK,Kerosene-Type Jet Fuel,EEX,Exports,WKJEXUS2,U.S. Exports of Kerosene-Type Jet Fuel (Thousand Barrels per Day),150,MBBL/D
2015-01-23,NUS-Z00,U.S.,EPJK,Kerosene-Type Jet Fuel,EEX,Exports,WKJEXUS2,U.S. Exports of Kerosene-Type Jet Fuel (Thousand Barrels per Day),161,MBBL/D
2015-01-30,NUS-Z00,U.S.,EPJK,Kerosene-Type Jet Fuel,EEX,Exports,WKJEXUS2,U.S. Exports of Kerosene-Type Jet Fuel (Thousand Barrels per Day),161,MBBL/D
2015-02-06,NUS-Z00,U.S.,EPJK,Kerosene-Type Jet Fuel,EEX,Exports,WKJEXUS2,U.S. Exports of Kerosene-Type Jet Fuel (Thousand Barrels per Day),161,MBBL/D
2015-02-13,NUS-Z00,U.S.,EPJK,Kerosene-Type Jet Fuel,EEX,Exports,WKJEXUS2,U.S. Exports of Kerosene-Type Jet Fuel (Thousand Barrels per Day),161,MBBL/D
2015-02-20,NUS-Z00,U.S.,EPJK,Kerosene-Type Jet Fuel,EEX,Exports,WKJEXUS2,U.S. Exports of Kerosene-Type Jet Fuel (Thousand Barrels per Day),151,MBBL/D
2015-02-27,NUS-Z00,U.S.,EPJK,Kerosene-Type Jet Fuel,EEX,Exports,WKJEXUS2,U.S. Exports of Kerosene-Type Jet Fuel (Thousand Barrels per Day),151,MBBL/D
2015-03-06,NUS-Z00,U.S.,EPJK,Kerosene-Type Jet Fuel,EEX,Exports,WKJEXUS2,U.S. Exports of Kerosene-Type Jet Fuel (Thousand Barrels per Day),151,MBBL/D
2015-03-13,NUS-Z00,U.S.,EPJK,Kerosene-Type Jet Fuel,EEX,Exports,WKJEXUS2,U.S. Exports of Kerosene-Type Jet Fuel (Thousand Barrels per Day),151,MBBL/D
2015-03-20,NUS-Z00,U.S.,EPJK,Kerosene-Type Jet Fuel,EEX,Exports,WKJEXUS2,U.S. Exports of Kerosene-Type Jet Fuel (Thousand Barrels per Day),165,MBBL/D
2015-03-27,NUS-Z00,U.S.,EPJK,Kerosene-Type Jet Fuel,EEX,Exports,WKJEXUS2,U.S. Exports of Kerosene-Type Jet Fuel (Thousand Barrels per Day),165,MBBL/D
2015-04-03,NUS-Z00,U.S.,EPJK,Kerosene-Type Jet Fuel,EEX,Exports,WKJEXUS2,U.S. Exports of Kerosene-Type Jet Fuel (Thousand Barrels per Day),165,MBBL/D
2015-04-10,NUS-Z00,U.S.,EPJK,Kerosene-Type Jet Fuel,EEX,Exports,WKJEXUS2,U.S. Exports of Kerosene-Type Jet Fuel (Thousand Barrels per Day),165,MBBL/D
2015-04-17,NUS-Z00,U.S.,EPJK,Kerosene-Type Jet Fuel,EEX,Exports,WKJEXUS2,U.S. Exports of Kerosene-Type Jet Fuel (Thousand Barrels per Day),165,MBBL/D
2015-04-24,NUS-Z00,U.S.,EPJK,Kerosene-Type Jet Fuel,EEX,Exports,WKJEXUS2,U.S. Exports of Kerosene-Type Jet Fuel (Thousand Barrels per Day),188,MBBL/D
2015-05-01,NUS-Z00,U.S.,EPJK,Kerosene-Type Jet Fuel,EEX,Exports,WKJEXUS2,U.S. Exports of Kerosene-Type Jet Fuel (Thousand Barrels per Day),188,MBBL/D
2015-05-08,NUS-Z00,U.S.,EPJK,Kerosene-Type Jet Fuel,EEX,Exports,WKJEXUS2,U.S. Exports of Kerosene-Type Jet Fuel (Thousand Barrels per Day),188,MBBL/D
2015-05-15,NUS-Z00,U.S.,EPJK,Kerosene-Type Jet Fuel,EEX,Exports,WKJEXUS2,U.S. Exports of Kerosene-Type Jet Fuel (Thousand Barrels per Day),188,MBBL/D
2015-05-22,NUS-Z00,U.S.,EPJK,Kerosene-Type Jet Fuel,EEX,Exports,WKJEXUS2,U.S. Exports of Kerosene-Type Jet Fuel (Thousand Barrels per Day),160,MBBL/D
2015-05-29,NUS-Z00,U.S.,EPJK,Kerosene-Type Jet Fuel,EEX,Exports,WKJEXUS2,U.S. Exports of Kerosene-Type Jet Fuel (Thousand Barrels per Day),160,MBBL/D
2015-06-05,NUS-Z00,U.S.,EPJK,Kerosene-Type Jet Fuel,EEX,Exports,WKJEXUS2,U.S. Exports of Kerosene-Type Jet Fuel (Thousand Barrels per Day),160,MBBL/D
2015-06-12,NUS-Z00,U.S.,EPJK,Kerosene-Type Jet Fuel,EEX,Exports,WKJEXUS2,U.S. Exports of Kerosene-Type Jet Fuel (Thousand Barrels per Day),160,MBBL/D
2015-06-19,NUS-Z00,U.S.,EPJK,Kerosene-Type Jet Fuel,EEX,Exports,WKJEXUS2,U.S. Exports of Kerosene-Type Jet Fuel (Thousand Barrels per Day),144,MBBL/D
2015-06-26,NUS-Z00,U.S.,EPJK,Kerosene-Type Jet Fuel,EEX,Exports,WKJEXUS2,U.S. Exports of Kerosene-Type Jet Fuel (Thousand Barrels per Day),144,MBBL/D
2015-07-03,NUS-Z00,U.S.,EPJK,Kerosene-Type Jet Fuel,EEX,Exports,WKJEXUS2,U.S. Exports of Kerosene-Type Jet Fuel (Thousand Barrels per Day),144,MBBL/D
2015-07-10,NUS-Z00,U.S.,EPJK,Kerosene-Type Jet Fuel,EEX,Exports,WKJEXUS2,U.S. Exports of Kerosene-Type Jet Fuel (Thousand Barrels per Day),144,MBBL/D
2015-07-17,NUS-Z00,U.S.,EPJK,Kerosene-Type Jet Fuel,EEX,Exports,WKJEXUS2,U.S. Exports of Kerosene-Type Jet Fuel (Thousand Barrels per Day),144,MBBL/D
2015-07-24,NUS-Z00,U.S.,EPJK,Kerosene-Type Jet Fuel,EEX,Exports,WKJEXUS2,U.S. Exports of Kerosene-Type Jet Fuel (Thousand Barrels per Day),144,MBBL/D
2015-07-31,NUS-Z00,U.S.,EPJK,Kerosene-Type Jet Fuel,EEX,Exports,WKJEXUS2,U.S. Exports of Kerosene-Type Jet Fuel (Thousand Barrels per Day),149,MBBL/D
2015-08-07,NUS-Z00,U.S.,EPJK,Kerosene-Type Jet Fuel,EEX,Exports,WKJEXUS2,U.S. Exports of Kerosene-Type Jet Fuel (Thousand Barrels per Day),149,MBBL/D
2015-08-14,NUS-Z00,U.S.,EPJK,Kerosene-Type Jet Fuel,EEX,Exports,WKJEXUS2,U.S. Exports of Kerosene-Type Jet Fuel (Thousand Barrels per Day),149,MBBL/D
2015-08-21,NUS-Z00,U.S.,EPJK,Kerosene-Type Jet Fuel,EEX,Exports,WKJEXUS2,U.S. Exports of Kerosene-Type Jet Fuel (Thousand Barrels per Day),133,MBBL/D
2015-08-28,NUS-Z00,U.S.,EPJK,Kerosene-Type Jet Fuel,EEX,Exports,WKJEXUS2,U.S. Exports of Kerosene-Type Jet Fuel (Thousand Barrels per Day),133,MBBL/D
2015-09-04,NUS-Z00,U.S.,EPJK,Kerosene-Type Jet Fuel,EEX,Exports,WKJEXUS2,U.S. Exports of Kerosene-Type Jet Fuel (Thousand Barrels per Day),133,MBBL/D
2015-09-11,NUS-Z00,U.S.,EPJK,Kerosene-Type Jet Fuel,EEX,Exports,WKJEXUS2,U.S. Exports of Kerosene-Type Jet Fuel (Thousand Barrels per Day),133,MBBL/D
2015-09-18,NUS-Z00,U.S.,EPJK,Kerosene-Type Jet Fuel,EEX,Exports,WKJEXUS2,U.S. Exports of Kerosene-Type Jet Fuel (Thousand Barrels per Day),133,MBBL/D
2015-09-25,NUS-Z00,U.S.,EPJK,Kerosene-Type Jet Fuel,EEX,Exports,WKJEXUS2,U.S. Exports of Kerosene-Type Jet Fuel (Thousand Barrels per Day),143,MBBL/D
2015-10-02,NUS-Z00,U.S.,EPJK,Kerosene-Type Jet Fuel,EEX,Exports,WKJEXUS2,U.S. Exports of Kerosene-Type Jet Fuel (Thousand Barrels per Day),143,MBBL/D
2015-10-09,NUS-Z00,U.S.,EPJK,Kerosene-Type Jet Fuel,EEX,Exports,WKJEXUS2,U.S. Exports of Kerosene-Type Jet Fuel (Thousand Barrels per Day),143,MBBL/D
2015-10-16,NUS-Z00,U.S.,EPJK,Kerosene-Type Jet Fuel,EEX,Exports,WKJEXUS2,U.S. Exports of Kerosene-Type Jet Fuel (Thousand Barrels per Day),143,MBBL/D
2015-10-23,NUS-Z00,U.S.,EPJK,Kerosene-Type Jet Fuel,EEX,Exports,WKJEXUS2,U.S. Exports of Kerosene-Type Jet Fuel (Thousand Barrels per Day),162,MBBL/D
2015-10-30,NUS-Z00,U.S.,EPJK,Kerosene-Type Jet Fuel,EEX,Exports,WKJEXUS2,U.S. Exports of Kerosene-Type Jet Fuel (Thousand Barrels per Day),162,MBBL/D
2015-11-06,NUS-Z00,U.S.,EPJK,Kerosene-Type Jet Fuel,EEX,Exports,WKJEXUS2,U.S. Exports of Kerosene-Type Jet Fuel (Thousand Barrels per Day),162,MBBL/D
2015-11-13,NUS-Z00,U.S.,EPJK,Kerosene-Type Jet Fuel,EEX,Exports,WKJEXUS2,U.S. Exports of Kerosene-Type Jet Fuel (Thousand Barrels per Day),162,MBBL/D
2015-11-20,NUS-Z00,U.S.,EPJK,Kerosene-Type Jet Fuel,EEX,Exports,WKJEXUS2,U.S. Exports of Kerosene-Type Jet Fuel (Thousand Barrels per Day),145,MBBL/D
2015-11-27,NUS-Z00,U.S.,EPJK,Kerosene-Type Jet Fuel,EEX,Exports,WKJEXUS2,U.S. Exports of Kerosene-Type Jet Fuel (Thousand Barrels per Day),145,MBBL/D
2015-12-04,NUS-Z00,U.S.,EPJK,Kerosene-Type Jet Fuel,EEX,Exports,WKJEXUS2,U.S. Exports of Kerosene-Type Jet Fuel (Thousand Barrels per Day),145,MBBL/D
2015-12-11,NUS-Z00,U.S.,EPJK,Kerosene-Type Jet Fuel,EEX,Exports,WKJEXUS2,U.S. Exports of Kerosene-Type Jet Fuel (Thousand Barrels per Day),145,MBBL/D
2015-12-18,NUS-Z00,U.S.,EPJK,Kerosene-Type Jet Fuel,EEX,Exports,WKJEXUS2,U.S. Exports of Kerosene-Type Jet Fuel (Thousand Barrels per Day),142,MBBL/D
2015-12-25,NUS-Z00,U.S.,EPJK,Kerosene-Type Jet Fuel,EEX,Exports,WKJEXUS2,U.S. Exports of Kerosene-Type Jet Fuel (Thousand Barrels per Day),142,MBBL/D
2016-01-01,NUS-Z00,U.S.,EPJK,Kerosene-Type Jet Fuel,EEX,Exports,WKJEXUS2,U.S. Exports of Kerosene-Type Jet Fuel (Thousand Barrels per Day),142,MBBL/D
2016-01-08,NUS-Z00,U.S.,EPJK,Kerosene-Type Jet Fuel,EEX,Exports,WKJEXUS2,U.S. Exports of Kerosene-Type Jet Fuel (Thousand Barrels per Day),142,MBBL/D
2016-01-15,NUS-Z00,U.S.,EPJK,Kerosene-Type Jet Fuel,EEX,Exports,WKJEXUS2,U.S. Exports of Kerosene-Type Jet Fuel (Thousand Barrels per Day),142,MBBL/D
2016-01-22,NUS-Z00,U.S.,EPJK,Kerosene-Type Jet Fuel,EEX,Exports,WKJEXUS2,U.S. Exports of Kerosene-Type Jet Fuel (Thousand Barrels per Day),142,MBBL/D
2016-01-29,NUS-Z00,U.S.,EPJK,Kerosene-Type Jet Fuel,EEX,Exports,WKJEXUS2,U.S. Exports of Kerosene-Type Jet Fuel (Thousand Barrels per Day),142,MBBL/D
2016-02-05,NUS-Z00,U.S.,EPJK,Kerosene-Type Jet Fuel,EEX,Exports,WKJEXUS2,U.S. Exports of Kerosene-Type Jet Fuel (Thousand Barrels per Day),142,MBBL/D
2016-02-12,NUS-Z00,U.S.,EPJK,Kerosene-Type Jet Fuel,EEX,Exports,WKJEXUS2,U.S. Exports of Kerosene-Type Jet Fuel (Thousand Barrels per Day),142,MBBL/D
2016-02-19,NUS-Z00,U.S.,EPJK,Kerosene-Type Jet Fuel,EEX,Exports,WKJEXUS2,U.S. Exports of Kerosene-Type Jet Fuel (Thousand Barrels per Day),142,MBBL/D
2016-02-26,NUS-Z00,U.S.,EPJK,Kerosene-Type Jet Fuel,EEX,Exports,WKJEXUS2,U.S. Exports of Kerosene-Type Jet Fuel (Thousand Barrels per Day),162,MBBL/D
2016-03-04,NUS-Z00,U.S.,EPJK,Kerosene-Type Jet Fuel,EEX,Exports,WKJEXUS2,U.S. Exports of Kerosene-Type Jet Fuel (Thousand Barrels per Day),162,MBBL/D
2016-03-11,NUS-Z00,U.S.,EPJK,Kerosene-Type Jet Fuel,EEX,Exports,WKJEXUS2,U.S. Exports of Kerosene-Type Jet Fuel (Thousand Barrels per Day),162,MBBL/D
2016-03-18,NUS-Z00,U.S.,EPJK,Kerosene-Type Jet Fuel,EEX,Exports,WKJEXUS2,U.S. Exports of Kerosene-Type Jet Fuel (Thousand Barrels per Day),162,MBBL/D
2016-03-25,NUS-Z00,U.S.,EPJK,Kerosene-Type Jet Fuel,EEX,Exports,WKJEXUS2,U.S. Exports of Kerosene-Type Jet Fuel (Thousand Barrels per Day),162,MBBL/D
2016-04-01,NUS-Z00,U.S.,EPJK,Kerosene-Type Jet Fuel,EEX,Exports,WKJEXUS2,U.S. Exports of Kerosene-Type Jet Fuel (Thousand Barrels per Day),174,MBBL/D
2016-04-08,NUS-Z00,U.S.,EPJK,Kerosene-Type Jet Fuel,EEX,Exports,WKJEXUS2,U.S. Exports of Kerosene-Type Jet Fuel (Thousand Barrels per Day),174,MBBL/D
2016-04-15,NUS-Z00,U.S.,EPJK,Kerosene-Type Jet Fuel,EEX,Exports,WKJEXUS2,U.S. Exports of Kerosene-Type Jet Fuel (Thousand Barrels per Day),174,MBBL/D
2016-04-22,NUS-Z00,U.S.,EPJK,Kerosene-Type Jet Fuel,EEX,Exports,WKJEXUS2,U.S. Exports of Kerosene-Type Jet Fuel (Thousand Barrels per Day),170,MBBL/D
2016-04-29,NUS-Z00,U.S.,EPJK,Kerosene-Type Jet Fuel,EEX,Exports,WKJEXUS2,U.S. Exports of Kerosene-Type Jet Fuel (Thousand Barrels per Day),170,MBBL/D
2016-05-06,NUS-Z00,U.S.,EPJK,Kerosene-Type Jet Fuel,EEX,Exports,WKJEXUS2,U.S. Exports of Kerosene-Type Jet Fuel (Thousand Barrels per Day),170,MBBL/D
2016-05-13,NUS-Z00,U.S.,EPJK,Kerosene-Type Jet Fuel,EEX,Exports,WKJEXUS2,U.S. Exports of Kerosene-Type Jet Fuel (Thousand Barrels per Day),170,MBBL/D
2016-05-20,NUS-Z00,U.S.,EPJK,Kerosene-Type Jet Fuel,EEX,Exports,WKJEXUS2,U.S. Exports of Kerosene-Type Jet Fuel (Thousand Barrels per Day),170,MBBL/D
2016-05-27,NUS-Z00,U.S.,EPJK,Kerosene-Type Jet Fuel,EEX,Exports,WKJEXUS2,U.S. Exports of Kerosene-Type Jet Fuel (Thousand Barrels per Day),152,MBBL/D
2016-06-03,NUS-Z00,U.S.,EPJK,Kerosene-Type Jet Fuel,EEX,Exports,WKJEXUS2,U.S. Exports of Kerosene-Type Jet Fuel (Thousand Barrels per Day),152,MBBL/D
2016-06-10,NUS-Z00,U.S.,EPJK,Kerosene-Type Jet Fuel,EEX,Exports,WKJEXUS2,U.S. Exports of Kerosene-Type Jet Fuel (Thousand Barrels per Day),152,MBBL/D
2016-06-17,NUS-Z00,U.S.,EPJK,Kerosene-Type Jet Fuel,EEX,Exports,WKJEXUS2,U.S. Exports of Kerosene-Type Jet Fuel (Thousand Barrels per Day),152,MBBL/D
2016-06-24,NUS-Z00,U.S.,EPJK,Kerosene-Type Jet Fuel,EEX,Exports,WKJEXUS2,U.S. Exports of Kerosene-Type Jet Fuel (Thousand Barrels per Day),138,MBBL/D
2016-07-01,NUS-Z00,U.S.,EPJK,Kerosene-Type Jet Fuel,EEX,Exports,WKJEXUS2,U.S. Exports of Kerosene-Type Jet Fuel (Thousand Barrels per Day),138,MBBL/D
2016-07-08,NUS-Z00,U.S.,EPJK,Kerosene-Type Jet Fuel,EEX,Exports,WKJEXUS2,U.S. Exports of Kerosene-Type Jet Fuel (Thousand Barrels per Day),138,MBBL/D
2016-07-15,NUS-Z00,U.S.,EPJK,Kerosene-Type Jet Fuel,EEX,Exports,WKJEXUS2,U.S. Exports of Kerosene-Type Jet Fuel (Thousand Barrels per Day),138,MBBL/D
2016-07-22,NUS-Z00,U.S.,EPJK,Kerosene-Type Jet Fuel,EEX,Exports,WKJEXUS2,U.S. Exports of Kerosene-Type Jet Fuel (Thousand Barrels per Day),156,MBBL/D
2016-07-29,NUS-Z00,U.S.,EPJK,Kerosene-Type Jet Fuel,EEX,Exports,WKJEXUS2,U.S. Exports of Kerosene-Type Jet Fuel (Thousand Barrels per Day),156,MBBL/D
2016-08-05,NUS-Z00,U.S.,EPJK,Kerosene-Type Jet Fuel,EEX,Exports,WKJEXUS2,U.S. Exports of Kerosene-Type Jet Fuel (Thousand Barrels per Day),156,MBBL/D
2016-08-12,NUS-Z00,U.S.,EPJK,Kerosene-Type Jet Fuel,EEX,Exports,WKJEXUS2,U.S. Exports of Kerosene-Type Jet Fuel (Thousand Barrels per Day),156,MBBL/D
2016-08-19,NUS-Z00,U.S.,EPJK,Kerosene-Type Jet Fuel,EEX,Exports,WKJEXUS2,U.S. Exports of Kerosene-Type Jet Fuel (Thousand Barrels per Day),156,MBBL/D
2016-08-26,NUS-Z00,U.S.,EPJK,Kerosene-Type Jet Fuel,EEX,Exports,WKJEXUS2,U.S. Exports of Kerosene-Type Jet Fuel (Thousand Barrels per Day),225,MBBL/D
2016-09-02,NUS-Z00,U.S.,EPJK,Kerosene-Type Jet Fuel,EEX,Exports,WKJEXUS2,U.S. Exports of Kerosene-Type Jet Fuel (Thousand Barrels per Day),102,MBBL/D
2016-09-09,NUS-Z00,U.S.,EPJK,Kerosene-Type Jet Fuel,EEX,Exports,WKJEXUS2,U.S. Exports of Kerosene-Type Jet Fuel (Thousand Barrels per Day),129,MBBL/D
2016-09-16,NUS-Z00,U.S.,EPJK,Kerosene-Type Jet Fuel,EEX,Exports,WKJEXUS2,U.S. Exports of Kerosene-Type Jet Fuel (Thousand Barrels per Day),187,MBBL/D
2016-09-23,NUS-Z00,U.S.,EPJK,Kerosene-Type Jet Fuel,EEX,Exports,WKJEXUS2,U.S. Exports of Kerosene-Type Jet Fuel (Thousand Barrels per Day),229,MBBL/D
2016-09-30,NUS-Z00,U.S.,EPJK,Kerosene-Type Jet Fuel,EEX,Exports,WKJEXUS2,U.S. Exports of Kerosene-Type Jet Fuel (Thousand Barrels per Day),70,MBBL/D
2016-10-07,NUS-Z00,U.S.,EPJK,Kerosene-Type Jet Fuel,EEX,Exports,WKJEXUS2,U.S. Exports of Kerosene-Type Jet Fuel (Thousand Barrels per Day),88,MBBL/D
2016-10-14,NUS-Z00,U.S.,EPJK,Kerosene-Type Jet Fuel,EEX,Exports,WKJEXUS2,U.S. Exports of Kerosene-Type Jet Fuel (Thousand Barrels per Day),97,MBBL/D
2016-10-21,NUS-Z00,U.S.,EPJK,Kerosene-Type Jet Fuel,EEX,Exports,WKJEXUS2,U.S. Exports of Kerosene-Type Jet Fuel (Thousand Barrels per Day),93,MBBL/D
2016-10-28,NUS-Z00,U.S.,EPJK,Kerosene-Type Jet Fuel,EEX,Exports,WKJEXUS2,U.S. Exports of Kerosene-Type Jet Fuel (Thousand Barrels per Day),77,MBBL/D
2016-11-04,NUS-Z00,U.S.,EPJK,Kerosene-Type Jet Fuel,EEX,Exports,WKJEXUS2,U.S. Exports of Kerosene-Type Jet Fuel (Thousand Barrels per Day),84,MBBL/D
2016-11-11,NUS-Z00,U.S.,EPJK,Kerosene-Type Jet Fuel,EEX,Exports,WKJEXUS2,U.S. Exports of Kerosene-Type Jet Fuel (Thousand Barrels per Day),88,MBBL/D
2016-11-18,NUS-Z00,U.S.,EPJK,Kerosene-Type Jet Fuel,EEX,Exports,WKJEXUS2,U.S. Exports of Kerosene-Type Jet Fuel (Thousand Barrels per Day),104,MBBL/D
2016-11-25,NUS-Z00,U.S.,EPJK,Kerosene-Type Jet Fuel,EEX,Exports,WKJEXUS2,U.S. Exports of Kerosene-Type Jet Fuel (Thousand Barrels per Day),245,MBBL/D
2016-12-02,NUS-Z00,U.S.,EPJK,Kerosene-Type Jet Fuel,EEX,Exports,WKJEXUS2,U.S. Exports of Kerosene-Type Jet Fuel (Thousand Barrels per Day),223,MBBL/D
2016-12-09,NUS-Z00,U.S.,EPJK,Kerosene-Type Jet Fuel,EEX,Exports,WKJEXUS2,U.S. Exports of Kerosene-Type Jet Fuel (Thousand Barrels per Day),189,MBBL/D
2016-12-16,NUS-Z00,U.S.,EPJK,Kerosene-Type Jet Fuel,EEX,Exports,WKJEXUS2,U.S. Exports of Kerosene-Type Jet Fuel (Thousand Barrels per Day),275,MBBL/D
2016-12-23,NUS-Z00,U.S.,EPJK,Kerosene-Type Jet Fuel,EEX,Exports,WKJEXUS2,U.S. Exports of Kerosene-Type Jet Fuel (Thousand Barrels per Day),184,MBBL/D
2016-12-30,NUS-Z00,U.S.,EPJK,Kerosene-Type Jet Fuel,EEX,Exports,WKJEXUS2,U.S. Exports of Kerosene-Type Jet Fuel (Thousand Barrels per Day),149,MBBL/D
2017-01-06,NUS-Z00,U.S.,EPJK,Kerosene-Type Jet Fuel,EEX,Exports,WKJEXUS2,U.S. Exports of Kerosene-Type Jet Fuel (Thousand Barrels per Day),190,MBBL/D
2017-01-13,NUS-Z00,U.S.,EPJK,Kerosene-Type Jet Fuel,EEX,Exports,WKJEXUS2,U.S. Exports of Kerosene-Type Jet Fuel (Thousand Barrels per Day),96,MBBL/D
2017-01-20,NUS-Z00,U.S.,EPJK,Kerosene-Type Jet Fuel,EEX,Exports,WKJEXUS2,U.S. Exports of Kerosene-Type Jet Fuel (Thousand Barrels per Day),235,MBBL/D
2017-01-27,NUS-Z00,U.S.,EPJK,Kerosene-Type Jet Fuel,EEX,Exports,WKJEXUS2,U.S. Exports of Kerosene-Type Jet Fuel (Thousand Barrels per Day),179,MBBL/D
2017-02-03,NUS-Z00,U.S.,EPJK,Kerosene-Type Jet Fuel,EEX,Exports,WKJEXUS2,U.S. Exports of Kerosene-Type Jet Fuel (Thousand Barrels per Day),310,MBBL/D
2017-02-10,NUS-Z00,U.S.,EPJK,Kerosene-Type Jet Fuel,EEX,Exports,WKJEXUS2,U.S. Exports of Kerosene-Type Jet Fuel (Thousand Barrels per Day),192,MBBL/D
2017-02-17,NUS-Z00,U.S.,EPJK,Kerosene-Type Jet Fuel,EEX,Exports,WKJEXUS2,U.S. Exports of Kerosene-Type Jet Fuel (Thousand Barrels per Day),147,MBBL/D
2017-02-24,NUS-Z00,U.S.,EPJK,Kerosene-Type Jet Fuel,EEX,Exports,WKJEXUS2,U.S. Exports of Kerosene-Type Jet Fuel (Thousand Barrels per Day),116,MBBL/D
2017-03-03,NUS-Z00,U.S.,EPJK,Kerosene-Type Jet Fuel,EEX,Exports,WKJEXUS2,U.S. Exports of Kerosene-Type Jet Fuel (Thousand Barrels per Day),155,MBBL/D
2017-03-10,NUS-Z00,U.S.,EPJK,Kerosene-Type Jet Fuel,EEX,Exports,WKJEXUS2,U.S. Exports of Kerosene-Type Jet Fuel (Thousand Barrels per Day),189,MBBL/D
2017-03-17,NUS-Z00,U.S.,EPJK,Kerosene-Type Jet Fuel,EEX,Exports,WKJEXUS2,U.S. Exports of Kerosene-Type Jet Fuel (Thousand Barrels per Day),191,MBBL/D
2017-03-24,NUS-Z00,U.S.,EPJK,Kerosene-Type Jet Fuel,EEX,Exports,WKJEXUS2,U.S. Exports of Kerosene-Type Jet Fuel (Thousand Barrels per Day),157,MBBL/D
2017-03-31,NUS-Z00,U.S.,EPJK,Kerosene-Type Jet Fuel,EEX,Exports,WKJEXUS2,U.S. Exports of Kerosene-Type Jet Fuel (Thousand Barrels per Day),195,MBBL/D
2017-04-07,NUS-Z00,U.S.,EPJK,Kerosene-Type Jet Fuel,EEX,Exports,WKJEXUS2,U.S. Exports of Kerosene-Type Jet Fuel (Thousand Barrels per Day),209,MBBL/D
2017-04-14,NUS-Z00,U.S.,EPJK,Kerosene-Type Jet Fuel,EEX,Exports,WKJEXUS2,U.S. Exports of Kerosene-Type Jet Fuel (Thousand Barrels per Day),192,MBBL/D
2017-04-21,NUS-Z00,U.S.,EPJK,Kerosene-Type Jet Fuel,EEX,Exports,WKJEXUS2,U.S. Exports of Kerosene-Type Jet Fuel (Thousand Barrels per Day),245,MBBL/D
2017-04-28,NUS-Z00,U.S.,EPJK,Kerosene-Type Jet Fuel,EEX,Exports,WKJEXUS2,U.S. Exports of Kerosene-Type Jet Fuel (Thousand Barrels per Day),129,MBBL/D
2017-05-05,NUS-Z00,U.S.,EPJK,Kerosene-Type Jet Fuel,EEX,Exports,WKJEXUS2,U.S. Exports of Kerosene-Type Jet Fuel (Thousand Barrels per Day),160,MBBL/D
2017-05-12,NUS-Z00,U.S.,EPJK,Kerosene-Type Jet Fuel,EEX,Exports,WKJEXUS2,U.S. Exports of Kerosene-Type Jet Fuel (Thousand Barrels per Day),139,MBBL/D
2017-05-19,NUS-Z00,U.S.,EPJK,Kerosene-Type Jet Fuel,EEX,Exports,WKJEXUS2,U.S. Exports of Kerosene-Type Jet Fuel (Thousand Barrels per Day),90,MBBL/D
2017-05-26,NUS-Z00,U.S.,EPJK,Kerosene-Type Jet Fuel,EEX,Exports,WKJEXUS2,U.S. Exports of Kerosene-Type Jet Fuel (Thousand Barrels per Day),114,MBBL/D
2017-06-02,NUS-Z00,U.S.,EPJK,Kerosene-Type Jet Fuel,EEX,Exports,WKJEXUS2,U.S. Exports of Kerosene-Type Jet Fuel (Thousand Barrels per Day),207,MBBL/D
2017-06-09,NUS-Z00,U.S.,EPJK,Kerosene-Type Jet Fuel,EEX,Exports,WKJEXUS2,U.S. Exports of Kerosene-Type Jet Fuel (Thousand Barrels per Day),139,MBBL/D
2017-06-16,NUS-Z00,U.S.,EPJK,Kerosene-Type Jet Fuel,EEX,Exports,WKJEXUS2,U.S. Exports of Kerosene-Type Jet Fuel (Thousand Barrels per Day),64,MBBL/D
2017-06-23,NUS-Z00,U.S.,EPJK,Kerosene-Type Jet Fuel,EEX,Exports,WKJEXUS2,U.S. Exports of Kerosene-Type Jet Fuel (Thousand Barrels per Day),213,MBBL/D
2017-06-30,NUS-Z00,U.S.,EPJK,Kerosene-Type Jet Fuel,EEX,Exports,WKJEXUS2,U.S. Exports of Kerosene-Type Jet Fuel (Thousand Barrels per Day),118,MBBL/D
2017-07-07,NUS-Z00,U.S.,EPJK,Kerosene-Type Jet Fuel,EEX,Exports,WKJEXUS2,U.S. Exports of Kerosene-Type Jet Fuel (Thousand Barrels per Day),148,MBBL/D
2017-07-14,NUS-Z00,U.S.,EPJK,Kerosene-Type Jet Fuel,EEX,Exports,WKJEXUS2,U.S. Exports of Kerosene-Type Jet Fuel (Thousand Barrels per Day),349,MBBL/D
2017-07-21,NUS-Z00,U.S.,EPJK,Kerosene-Type Jet Fuel,EEX,Exports,WKJEXUS2,U.S. Exports of Kerosene-Type Jet Fuel (Thousand Barrels per Day),132,MBBL/D
2017-07-28,NUS-Z00,U.S.,EPJK,Kerosene-Type Jet Fuel,EEX,Exports,WKJEXUS2,U.S. Exports of Kerosene-Type Jet Fuel (Thousand Barrels per Day),114,MBBL/D
2017-08-04,NUS-Z00,U.S.,EPJK,Kerosene-Type Jet Fuel,EEX,Exports,WKJEXUS2,U.S. Exports of Kerosene-Type Jet Fuel (Thousand Barrels per Day),150,MBBL/D
2017-08-11,NUS-Z00,U.S.,EPJK,Kerosene-Type Jet Fuel,EEX,Exports,WKJEXUS2,U.S. Exports of Kerosene-Type Jet Fuel (Thousand Barrels per Day),206,MBBL/D
2017-08-18,NUS-Z00,U.S.,EPJK,Kerosene-Type Jet Fuel,EEX,Exports,WKJEXUS2,U.S. Exports of Kerosene-Type Jet Fuel (Thousand Barrels per Day),175,MBBL/D
2017-08-25,NUS-Z00,U.S.,EPJK,Kerosene-Type Jet Fuel,EEX,Exports,WKJEXUS2,U.S. Exports of Kerosene-Type Jet Fuel (Thousand Barrels per Day),162,MBBL/D
2017-09-01,NUS-Z00,U.S.,EPJK,Kerosene-Type Jet Fuel,EEX,Exports,WKJEXUS2,U.S. Exports of Kerosene-Type Jet Fuel (Thousand Barrels per Day),54,MBBL/D
2017-09-08,NUS-Z00,U.S.,EPJK,Kerosene-Type Jet Fuel,EEX,Exports,WKJEXUS2,U.S. Exports of Kerosene-Type Jet Fuel (Thousand Barrels per Day),82,MBBL/D
2017-09-15,NUS-Z00,U.S.,EPJK,Kerosene-Type Jet Fuel,EEX,Exports,WKJEXUS2,U.S. Exports of Kerosene-Type Jet Fuel (Thousand Barrels per Day),27,MBBL/D
2017-09-22,NUS-Z00,U.S.,EPJK,Kerosene-Type Jet Fuel,EEX,Exports,WKJEXUS2,U.S. Exports of Kerosene-Type Jet Fuel (Thousand Barrels per Day),83,MBBL/D
2017-09-29,NUS-Z00,U.S.,EPJK,Kerosene-Type Jet Fuel,EEX,Exports,WKJEXUS2,U.S. Exports of Kerosene-Type Jet Fuel (Thousand Barrels per Day),121,MBBL/D
2017-10-06,NUS-Z00,U.S.,EPJK,Kerosene-Type Jet Fuel,EEX,Exports,WKJEXUS2,U.S. Exports of Kerosene-Type Jet Fuel (Thousand Barrels per Day),38,MBBL/D
2017-10-13,NUS-Z00,U.S.,EPJK,Kerosene-Type Jet Fuel,EEX,Exports,WKJEXUS2,U.S. Exports of Kerosene-Type Jet Fuel (Thousand Barrels per Day),166,MBBL/D
2017-10-20,NUS-Z00,U.S.,EPJK,Kerosene-Type Jet Fuel,EEX,Exports,WKJEXUS2,U.S. Exports of Kerosene-Type Jet Fuel (Thousand Barrels per Day),106,MBBL/D
2017-10-27,NUS-Z00,U.S.,EPJK,Kerosene-Type Jet Fuel,EEX,Exports,WKJEXUS2,U.S. Exports of Kerosene-Type Jet Fuel (Thousand Barrels per Day),121,MBBL/D
2017-11-03,NUS-Z00,U.S.,EPJK,Kerosene-Type Jet Fuel,EEX,Exports,WKJEXUS2,U.S. Exports of Kerosene-Type Jet Fuel (Thousand Barrels per Day),163,MBBL/D
2017-11-10,NUS-Z00,U.S.,EPJK,Kerosene-Type Jet Fuel,EEX,Exports,WKJEXUS2,U.S. Exports of Kerosene-Type Jet Fuel (Thousand Barrels per Day),79,MBBL/D
2017-11-17,NUS-Z00,U.S.,EPJK,Kerosene-Type Jet Fuel,EEX,Exports,WKJEXUS2,U.S. Exports of Kerosene-Type Jet Fuel (Thousand Barrels per Day),104,MBBL/D
2017-11-24,NUS-Z00,U.S.,EPJK,Kerosene-Type Jet Fuel,EEX,Exports,WKJEXUS2,U.S. Exports of Kerosene-Type Jet Fuel (Thousand Barrels per Day),195,MBBL/D
2017-12-01,NUS-Z00,U.S.,EPJK,Kerosene-Type Jet Fuel,EEX,Exports,WKJEXUS2,U.S. Exports of Kerosene-Type Jet Fuel (Thousand Barrels per Day),121,MBBL/D
2017-12-08,NUS-Z00,U.S.,EPJK,Kerosene-Type Jet Fuel,EEX,Exports,WKJEXUS2,U.S. Exports of Kerosene-Type Jet Fuel (Thousand Barrels per Day),116,MBBL/D
2017-12-15,NUS-Z00,U.S.,EPJK,Kerosene-Type Jet Fuel,EEX,Exports,WKJEXUS2,U.S. Exports of Kerosene-Type Jet Fuel (Thousand Barrels per Day),60,MBBL/D
2017-12-22,NUS-Z00,U.S.,EPJK,Kerosene-Type Jet Fuel,EEX,Exports,WKJEXUS2,U.S. Exports of Kerosene-Type Jet Fuel (Thousand Barrels per Day),169,MBBL/D
2017-12-29,NUS-Z00,U.S.,EPJK,Kerosene-Type Jet Fuel,EEX,Exports,WKJEXUS2,U.S. Exports of Kerosene-Type Jet Fuel (Thousand Barrels per Day),54,MBBL/D
2018-01-05,NUS-Z00,U.S.,EPJK,Kerosene-Type Jet Fuel,EEX,Exports,WKJEXUS2,U.S. Exports of Kerosene-Type Jet Fuel (Thousand Barrels per Day),188,MBBL/D
2018-01-12,NUS-Z00,U.S.,EPJK,Kerosene-Type Jet Fuel,EEX,Exports,WKJEXUS2,U.S. Exports of Kerosene-Type Jet Fuel (Thousand Barrels per Day),56,MBBL/D
2018-01-19,NUS-Z00,U.S.,EPJK,Kerosene-Type Jet Fuel,EEX,Exports,WKJEXUS2,U.S. Exports of Kerosene-Type Jet Fuel (Thousand Barrels per Day),207,MBBL/D
2018-01-26,NUS-Z00,U.S.,EPJK,Kerosene-Type Jet Fuel,EEX,Exports,WKJEXUS2,U.S. Exports of Kerosene-Type Jet Fuel (Thousand Barrels per Day),87,MBBL/D
2018-02-02,NUS-Z00,U.S.,EPJK,Kerosene-Type Jet Fuel,EEX,Exports,WKJEXUS2,U.S. Exports of Kerosene-Type Jet Fuel (Thousand Barrels per Day),97,MBBL/D
2018-02-09,NUS-Z00,U.S.,EPJK,Kerosene-Type Jet Fuel,EEX,Exports,WKJEXUS2,U.S. Exports of Kerosene-Type Jet Fuel (Thousand Barrels per Day),81,MBBL/D
2018-02-16,NUS-Z00,U.S.,EPJK,Kerosene-Type Jet Fuel,EEX,Exports,WKJEXUS2,U.S. Exports of Kerosene-Type Jet Fuel (Thousand Barrels per Day),77,MBBL/D
2018-02-23,NUS-Z00,U.S.,EPJK,Kerosene-Type Jet Fuel,EEX,Exports,WKJEXUS2,U.S. Exports of Kerosene-Type Jet Fuel (Thousand Barrels per Day),94,MBBL/D
2018-03-02,NUS-Z00,U.S.,EPJK,Kerosene-Type Jet Fuel,EEX,Exports,WKJEXUS2,U.S. Exports of Kerosene-Type Jet Fuel (Thousand Barrels per Day),199,MBBL/D
2018-03-09,NUS-Z00,U.S.,EPJK,Kerosene-Type Jet Fuel,EEX,Exports,WKJEXUS2,U.S. Exports of Kerosene-Type Jet Fuel (Thousand Barrels per Day),133,MBBL/D
2018-03-16,NUS-Z00,U.S.,EPJK,Kerosene-Type Jet Fuel,EEX,Exports,WKJEXUS2,U.S. Exports of Kerosene-Type Jet Fuel (Thousand Barrels per Day),359,MBBL/D
2018-03-23,NUS-Z00,U.S.,EPJK,Kerosene-Type Jet Fuel,EEX,Exports,WKJEXUS2,U.S. Exports of Kerosene-Type Jet Fuel (Thousand Barrels per Day),194,MBBL/D
2018-03-30,NUS-Z00,U.S.,EPJK,Kerosene-Type Jet Fuel,EEX,Exports,WKJEXUS2,U.S. Exports of Kerosene-Type Jet Fuel (Thousand Barrels per Day),264,MBBL/D
2018-04-06,NUS-Z00,U.S.,EPJK,Kerosene-Type Jet Fuel,EEX,Exports,WKJEXUS2,U.S. Exports of Kerosene-Type Jet Fuel (Thousand Barrels per Day),219,MBBL/D
2018-04-13,NUS-Z00,U.S.,EPJK,Kerosene-Type Jet Fuel,EEX,Exports,WKJEXUS2,U.S. Exports of Kerosene-Type Jet Fuel (Thousand Barrels per Day),208,MBBL/D
2018-04-20,NUS-Z00,U.S.,EPJK,Kerosene-Type Jet Fuel,EEX,Exports,WKJEXUS2,U.S. Exports of Kerosene-Type Jet Fuel (Thousand Barrels per Day),253,MBBL/D
2018-04-27,NUS-Z00,U.S.,EPJK,Kerosene-Type Jet Fuel,EEX,Exports,WKJEXUS2,U.S. Exports of Kerosene-Type Jet Fuel (Thousand Barrels per Day),177,MBBL/D
2018-05-04,NUS-Z00,U.S.,EPJK,Kerosene-Type Jet Fuel,EEX,Exports,WKJEXUS2,U.S. Exports of Kerosene-Type Jet Fuel (Thousand Barrels per Day),182,MBBL/D
2018-05-11,NUS-Z00,U.S.,EPJK,Kerosene-Type Jet Fuel,EEX,Exports,WKJEXUS2,U.S. Exports of Kerosene-Type Jet Fuel (Thousand Barrels per Day),216,MBBL/D
2018-05-18,NUS-Z00,U.S.,EPJK,Kerosene-Type Jet Fuel,EEX,Exports,WKJEXUS2,U.S. Exports of Kerosene-Type Jet Fuel (Thousand Barrels per Day),203,MBBL/D
2018-05-25,NUS-Z00,U.S.,EPJK,Kerosene-Type Jet Fuel,EEX,Exports,WKJEXUS2,U.S. Exports of Kerosene-Type Jet Fuel (Thousand Barrels per Day),103,MBBL/D
2018-06-01,NUS-Z00,U.S.,EPJK,Kerosene-Type Jet Fuel,EEX,Exports,WKJEXUS2,U.S. Exports of Kerosene-Type Jet Fuel (Thousand Barrels per Day),248,MBBL/D
2018-06-08,NUS-Z00,U.S.,EPJK,Kerosene-Type Jet Fuel,EEX,Exports,WKJEXUS2,U.S. Exports of Kerosene-Type Jet Fuel (Thousand Barrels per Day),238,MBBL/D
2018-06-15,NUS-Z00,U.S.,EPJK,Kerosene-Type Jet Fuel,EEX,Exports,WKJEXUS2,U.S. Exports of Kerosene-Type Jet Fuel (Thousand Barrels per Day),273,MBBL/D
2018-06-22,NUS-Z00,U.S.,EPJK,Kerosene-Type Jet Fuel,EEX,Exports,WKJEXUS2,U.S. Exports of Kerosene-Type Jet Fuel (Thousand Barrels per Day),220,MBBL/D
2018-06-29,NUS-Z00,U.S.,EPJK,Kerosene-Type Jet Fuel,EEX,Exports,WKJEXUS2,U.S. Exports of Kerosene-Type Jet Fuel (Thousand Barrels per Day),242,MBBL/D
2018-07-06,NUS-Z00,U.S.,EPJK,Kerosene-Type Jet Fuel,EEX,Exports,WKJEXUS2,U.S. Exports of Kerosene-Type Jet Fuel (Thousand Barrels per Day),218,MBBL/D
2018-07-13,NUS-Z00,U.S.,EPJK,Kerosene-Type Jet Fuel,EEX,Exports,WKJEXUS2,U.S. Exports of Kerosene-Type Jet Fuel (Thousand Barrels per Day),220,MBBL/D
2018-07-20,NUS-Z00,U.S.,EPJK,Kerosene-Type Jet Fuel,EEX,Exports,WKJEXUS2,U.S. Exports of Kerosene-Type Jet Fuel (Thousand Barrels per Day),234,MBBL/D
2018-07-27,NUS-Z00,U.S.,EPJK,Kerosene-Type Jet Fuel,EEX,Exports,WKJEXUS2,U.S. Exports of Kerosene-Type Jet Fuel (Thousand Barrels per Day),234,MBBL/D
2018-08-03,NUS-Z00,U.S.,EPJK,Kerosene-Type Jet Fuel,EEX,Exports,WKJEXUS2,U.S. Exports of Kerosene-Type Jet Fuel (Thousand Barrels per Day),269,MBBL/D
2018-08-10,NUS-Z00,U.S.,EPJK,Kerosene-Type Jet Fuel,EEX,Exports,WKJEXUS2,U.S. Exports of Kerosene-Type Jet Fuel (Thousand Barrels per Day),166,MBBL/D
2018-08-17,NUS-Z00,U.S.,EPJK,Kerosene-Type Jet Fuel,EEX,Exports,WKJEXUS2,U.S. Exports of Kerosene-Type Jet Fuel (Thousand Barrels per Day),195,MBBL/D
2018-08-24,NUS-Z00,U.S.,EPJK,Kerosene-Type Jet Fuel,EEX,Exports,WKJEXUS2,U.S. Exports of Kerosene-Type Jet Fuel (Thousand Barrels per Day),226,MBBL/D
2018-08-31,NUS-Z00,U.S.,EPJK,Kerosene-Type Jet Fuel,EEX,Exports,WKJEXUS2,U.S. Exports of Kerosene-Type Jet Fuel (Thousand Barrels per Day),100,MBBL/D
2018-09-07,NUS-Z00,U.S.,EPJK,Kerosene-Type Jet Fuel,EEX,Exports,WKJEXUS2,U.S. Exports of Kerosene-Type Jet Fuel (Thousand Barrels per Day),220,MBBL/D
2018-09-14,NUS-Z00,U.S.,EPJK,Kerosene-Type Jet Fuel,EEX,Exports,WKJEXUS2,U.S. Exports of Kerosene-Type Jet Fuel (Thousand Barrels per Day),172,MBBL/D
2018-09-21,NUS-Z00,U.S.,EPJK,Kerosene-Type Jet Fuel,EEX,Exports,WKJEXUS2,U.S. Exports of Kerosene-Type Jet Fuel (Thousand Barrels per Day),152,MBBL/D
2018-09-28,NUS-Z00,U.S.,EPJK,Kerosene-Type Jet Fuel,EEX,Exports,WKJEXUS2,U.S. Exports of Kerosene-Type Jet Fuel (Thousand Barrels per Day),121,MBBL/D
2018-10-05,NUS-Z00,U.S.,EPJK,Kerosene-Type Jet Fuel,EEX,Exports,WKJEXUS2,U.S. Exports of Kerosene-Type Jet Fuel (Thousand Barrels per Day),204,MBBL/D
2018-10-12,NUS-Z00,U.S.,EPJK,Kerosene-Type Jet Fuel,EEX,Exports,WKJEXUS2,U.S. Exports of Kerosene-Type Jet Fuel (Thousand Barrels per Day),377,MBBL/D
2018-10-19,NUS-Z00,U.S.,EPJK,Kerosene-Type Jet Fuel,EEX,Exports,WKJEXUS2,U.S. Exports of Kerosene-Type Jet Fuel (Thousand Barrels per Day),195,MBBL/D
2018-10-26,NUS-Z00,U.S.,EPJK,Kerosene-Type Jet Fuel,EEX,Exports,WKJEXUS2,U.S. Exports of Kerosene-Type Jet Fuel (Thousand Barrels per Day),243,MBBL/D
2018-11-02,NUS-Z00,U.S.,EPJK,Kerosene-Type Jet Fuel,EEX,Exports,WKJEXUS2,U.S. Exports of Kerosene-Type Jet Fuel (Thousand Barrels per Day),228,MBBL/D
2018-11-09,NUS-Z00,U.S.,EPJK,Kerosene-Type Jet Fuel,EEX,Exports,WKJEXUS2,U.S. Exports of Kerosene-Type Jet Fuel (Thousand Barrels per Day),159,MBBL/D
2018-11-16,NUS-Z00,U.S.,EPJK,Kerosene-Type Jet Fuel,EEX,Exports,WKJEXUS2,U.S. Exports of Kerosene-Type Jet Fuel (Thousand Barrels per Day),225,MBBL/D
2018-11-23,NUS-Z00,U.S.,EPJK,Kerosene-Type Jet Fuel,EEX,Exports,WKJEXUS2,U.S. Exports of Kerosene-Type Jet Fuel (Thousand Barrels per Day),193,MBBL/D
2018-11-30,NUS-Z00,U.S.,EPJK,Kerosene-Type Jet Fuel,EEX,Exports,WKJEXUS2,U.S. Exports of Kerosene-Type Jet Fuel (Thousand Barrels per Day),195,MBBL/D
2018-12-07,NUS-Z00,U.S.,EPJK,Kerosene-Type Jet Fuel,EEX,Exports,WKJEXUS2,U.S. Exports of Kerosene-Type Jet Fuel (Thousand Barrels per Day),210,MBBL/D
2018-12-14,NUS-Z00,U.S.,EPJK,Kerosene-Type Jet Fuel,EEX,Exports,WKJEXUS2,U.S. Exports of Kerosene-Type Jet Fuel (Thousand Barrels per Day),212,MBBL/D
2018-12-21,NUS-Z00,U.S.,EPJK,Kerosene-Type Jet Fuel,EEX,Exports,WKJEXUS2,U.S. Exports of Kerosene-Type Jet Fuel (Thousand Barrels per Day),219,MBBL/D
2018-12-28,NUS-Z00,U.S.,EPJK,Kerosene-Type Jet Fuel,EEX,Exports,WKJEXUS2,U.S. Exports of Kerosene-Type Jet Fuel (Thousand Barrels per Day),255,MBBL/D
2019-01-04,NUS-Z00,U.S.,EPJK,Kerosene-Type Jet Fuel,EEX,Exports,WKJEXUS2,U.S. Exports of Kerosene-Type Jet Fuel (Thousand Barrels per Day),294,MBBL/D
2019-01-11,NUS-Z00,U.S.,EPJK,Kerosene-Type Jet Fuel,EEX,Exports,WKJEXUS2,U.S. Exports of Kerosene-Type Jet Fuel (Thousand Barrels per Day),215,MBBL/D
2019-01-18,NUS-Z00,U.S.,EPJK,Kerosene-Type Jet Fuel,EEX,Exports,WKJEXUS2,U.S. Exports of Kerosene-Type Jet Fuel (Thousand Barrels per Day),256,MBBL/D
2019-01-25,NUS-Z00,U.S.,EPJK,Kerosene-Type Jet Fuel,EEX,Exports,WKJEXUS2,U.S. Exports of Kerosene-Type Jet Fuel (Thousand Barrels per Day),108,MBBL/D
2019-02-01,NUS-Z00,U.S.,EPJK,Kerosene-Type Jet Fuel,EEX,Exports,WKJEXUS2,U.S. Exports of Kerosene-Type Jet Fuel (Thousand Barrels per Day),193,MBBL/D
2019-02-08,NUS-Z00,U.S.,EPJK,Kerosene-Type Jet Fuel,EEX,Exports,WKJEXUS2,U.S. Exports of Kerosene-Type Jet Fuel (Thousand Barrels per Day),254,MBBL/D
2019-02-15,NUS-Z00,U.S.,EPJK,Kerosene-Type Jet Fuel,EEX,Exports,WKJEXUS2,U.S. Exports of Kerosene-Type Jet Fuel (Thousand Barrels per Day),266,MBBL/D
2019-02-22,NUS-Z00,U.S.,EPJK,Kerosene-Type Jet Fuel,EEX,Exports,WKJEXUS2,U.S. Exports of Kerosene-Type Jet Fuel (Thousand Barrels per Day),138,MBBL/D
2019-03-01,NUS-Z00,U.S.,EPJK,Kerosene-Type Jet Fuel,EEX,Exports,WKJEXUS2,U.S. Exports of Kerosene-Type Jet Fuel (Thousand Barrels per Day),182,MBBL/D
2019-03-08,NUS-Z00,U.S.,EPJK,Kerosene-Type Jet Fuel,EEX,Exports,WKJEXUS2,U.S. Exports of Kerosene-Type Jet Fuel (Thousand Barrels per Day),199,MBBL/D
2019-03-15,NUS-Z00,U.S.,EPJK,Kerosene-Type Jet Fuel,EEX,Exports,WKJEXUS2,U.S. Exports of Kerosene-Type Jet Fuel (Thousand Barrels per Day),154,MBBL/D
2019-03-22,NUS-Z00,U.S.,EPJK,Kerosene-Type Jet Fuel,EEX,Exports,WKJEXUS2,U.S. Exports of Kerosene-Type Jet Fuel (Thousand Barrels per Day),205,MBBL/D
2019-03-29,NUS-Z00,U.S.,EPJK,Kerosene-Type Jet Fuel,EEX,Exports,WKJEXUS2,U.S. Exports of Kerosene-Type Jet Fuel (Thousand Barrels per Day),121,MBBL/D
2019-04-05,NUS-Z00,U.S.,EPJK,Kerosene-Type Jet Fuel,EEX,Exports,WKJEXUS2,U.S. Exports of Kerosene-Type Jet Fuel (Thousand Barrels per Day),215,MBBL/D
2019-04-12,NUS-Z00,U.S.,EPJK,Kerosene-Type Jet Fuel,EEX,Exports,WKJEXUS2,U.S. Exports of Kerosene-Type Jet Fuel (Thousand Barrels per Day),254,MBBL/D
2019-04-19,NUS-Z00,U.S.,EPJK,Kerosene-Type Jet Fuel,EEX,Exports,WKJEXUS2,U.S. Exports of Kerosene-Type Jet Fuel (Thousand Barrels per Day),155,MBBL/D
2019-04-26,NUS-Z00,U.S.,EPJK,Kerosene-Type Jet Fuel,EEX,Exports,WKJEXUS2,U.S. Exports of Kerosene-Type Jet Fuel (Thousand Barrels per Day),143,MBBL/D
2019-05-03,NUS-Z00,U.S.,EPJK,Kerosene-Type Jet Fuel,EEX,Exports,WKJEXUS2,U.S. Exports of Kerosene-Type Jet Fuel (Thousand Barrels per Day),271,MBBL/D
2019-05-10,NUS-Z00,U.S.,EPJK,Kerosene-Type Jet Fuel,EEX,Exports,WKJEXUS2,U.S. Exports of Kerosene-Type Jet Fuel (Thousand Barrels per Day),126,MBBL/D
2019-05-17,NUS-Z00,U.S.,EPJK,Kerosene-Type Jet Fuel,EEX,Exports,WKJEXUS2,U.S. Exports of Kerosene-Type Jet Fuel (Thousand Barrels per Day),248,MBBL/D
2019-05-24,NUS-Z00,U.S.,EPJK,Kerosene-Type Jet Fuel,EEX,Exports,WKJEXUS2,U.S. Exports of Kerosene-Type Jet Fuel (Thousand Barrels per Day),184,MBBL/D
2019-05-31,NUS-Z00,U.S.,EPJK,Kerosene-Type Jet Fuel,EEX,Exports,WKJEXUS2,U.S. Exports of Kerosene-Type Jet Fuel (Thousand Barrels per Day),89,MBBL/D
2019-06-07,NUS-Z00,U.S.,EPJK,Kerosene-Type Jet Fuel,EEX,Exports,WKJEXUS2,U.S. Exports of Kerosene-Type Jet Fuel (Thousand Barrels per Day),211,MBBL/D
2019-06-14,NUS-Z00,U.S.,EPJK,Kerosene-Type Jet Fuel,EEX,Exports,WKJEXUS2,U.S. Exports of Kerosene-Type Jet Fuel (Thousand Barrels per Day),227,MBBL/D
2019-06-21,NUS-Z00,U.S.,EPJK,Kerosene-Type Jet Fuel,EEX,Exports,WKJEXUS2,U.S. Exports of Kerosene-Type Jet Fuel (Thousand Barrels per Day),165,MBBL/D
2019-06-28,NUS-Z00,U.S.,EPJK,Kerosene-Type Jet Fuel,EEX,Exports,WKJEXUS2,U.S. Exports of Kerosene-Type Jet Fuel (Thousand Barrels per Day),179,MBBL/D
2019-07-05,NUS-Z00,U.S.,EPJK,Kerosene-Type Jet Fuel,EEX,Exports,WKJEXUS2,U.S. Exports of Kerosene-Type Jet Fuel (Thousand Barrels per Day),169,MBBL/D
2019-07-12,NUS-Z00,U.S.,EPJK,Kerosene-Type Jet Fuel,EEX,Exports,WKJEXUS2,U.S. Exports of Kerosene-Type Jet Fuel (Thousand Barrels per Day),207,MBBL/D
2019-07-19,NUS-Z00,U.S.,EPJK,Kerosene-Type Jet Fuel,EEX,Exports,WKJEXUS2,U.S. Exports of Kerosene-Type Jet Fuel (Thousand Barrels per Day),179,MBBL/D
2019-07-26,NUS-Z00,U.S.,EPJK,Kerosene-Type Jet Fuel,EEX,Exports,WKJEXUS2,U.S. Exports of Kerosene-Type Jet Fuel (Thousand Barrels per Day),261,MBBL/D
2019-08-02,NUS-Z00,U.S.,EPJK,Kerosene-Type Jet Fuel,EEX,Exports,WKJEXUS2,U.S. Exports of Kerosene-Type Jet Fuel (Thousand Barrels per Day),108,MBBL/D
2019-08-09,NUS-Z00,U.S.,EPJK,Kerosene-Type Jet Fuel,EEX,Exports,WKJEXUS2,U.S. Exports of Kerosene-Type Jet Fuel (Thousand Barrels per Day),262,MBBL/D
2019-08-16,NUS-Z00,U.S.,EPJK,Kerosene-Type Jet Fuel,EEX,Exports,WKJEXUS2,U.S. Exports of Kerosene-Type Jet Fuel (Thousand Barrels per Day),289,MBBL/D
2019-08-23,NUS-Z00,U.S.,EPJK,Kerosene-Type Jet Fuel,EEX,Exports,WKJEXUS2,U.S. Exports of Kerosene-Type Jet Fuel (Thousand Barrels per Day),193,MBBL/D
2019-08-30,NUS-Z00,U.S.,EPJK,Kerosene-Type Jet Fuel,EEX,Exports,WKJEXUS2,U.S. Exports of Kerosene-Type Jet Fuel (Thousand Barrels per Day),144,MBBL/D
2019-09-06,NUS-Z00,U.S.,EPJK,Kerosene-Type Jet Fuel,EEX,Exports,WKJEXUS2,U.S. Exports of Kerosene-Type Jet Fuel (Thousand Barrels per Day),283,MBBL/D
2019-09-13,NUS-Z00,U.S.,EPJK,Kerosene-Type Jet Fuel,EEX,Exports,WKJEXUS2,U.S. Exports of Kerosene-Type Jet Fuel (Thousand Barrels per Day),292,MBBL/D
2019-09-20,NUS-Z00,U.S.,EPJK,Kerosene-Type Jet Fuel,EEX,Exports,WKJEXUS2,U.S. Exports of Kerosene-Type Jet Fuel (Thousand Barrels per Day),130,MBBL/D
2019-09-27,NUS-Z00,U.S.,EPJK,Kerosene-Type Jet Fuel,EEX,Exports,WKJEXUS2,U.S. Exports of Kerosene-Type Jet Fuel (Thousand Barrels per Day),216,MBBL/D
2019-10-04,NUS-Z00,U.S.,EPJK,Kerosene-Type Jet Fuel,EEX,Exports,WKJEXUS2,U.S. Exports of Kerosene-Type Jet Fuel (Thousand Barrels per Day),231,MBBL/D
2019-10-11,NUS-Z00,U.S.,EPJK,Kerosene-Type Jet Fuel,EEX,Exports,WKJEXUS2,U.S. Exports of Kerosene-Type Jet Fuel (Thousand Barrels per Day),245,MBBL/D
2019-10-18,NUS-Z00,U.S.,EPJK,Kerosene-Type Jet Fuel,EEX,Exports,WKJEXUS2,U.S. Exports of Kerosene-Type Jet Fuel (Thousand Barrels per Day),165,MBBL/D
2019-10-25,NUS-Z00,U.S.,EPJK,Kerosene-Type Jet Fuel,EEX,Exports,WKJEXUS2,U.S. Exports of Kerosene-Type Jet Fuel (Thousand Barrels per Day),179,MBBL/D
2019-11-01,NUS-Z00,U.S.,EPJK,Kerosene-Type Jet Fuel,EEX,Exports,WKJEXUS2,U.S. Exports of Kerosene-Type Jet Fuel (Thousand Barrels per Day),143,MBBL/D
2019-11-08,NUS-Z00,U.S.,EPJK,Kerosene-Type Jet Fuel,EEX,Exports,WKJEXUS2,U.S. Exports of Kerosene-Type Jet Fuel (Thousand Barrels per Day),229,MBBL/D
2019-11-15,NUS-Z00,U.S.,EPJK,Kerosene-Type Jet Fuel,EEX,Exports,WKJEXUS2,U.S. Exports of Kerosene-Type Jet Fuel (Thousand Barrels per Day),211,MBBL/D
2019-11-22,NUS-Z00,U.S.,EPJK,Kerosene-Type Jet Fuel,EEX,Exports,WKJEXUS2,U.S. Exports of Kerosene-Type Jet Fuel (Thousand Barrels per Day),194,MBBL/D
2019-11-29,NUS-Z00,U.S.,EPJK,Kerosene-Type Jet Fuel,EEX,Exports,WKJEXUS2,U.S. Exports of Kerosene-Type Jet Fuel (Thousand Barrels per Day),264,MBBL/D
2019-12-06,NUS-Z00,U.S.,EPJK,Kerosene-Type Jet Fuel,EEX,Exports,WKJEXUS2,U.S. Exports of Kerosene-Type Jet Fuel (Thousand Barrels per Day),141,MBBL/D
2019-12-13,NUS-Z00,U.S.,EPJK,Kerosene-Type Jet Fuel,EEX,Exports,WKJEXUS2,U.S. Exports of Kerosene-Type Jet Fuel (Thousand Barrels per Day),229,MBBL/D
2019-12-20,NUS-Z00,U.S.,EPJK,Kerosene-Type Jet Fuel,EEX,Exports,WKJEXUS2,U.S. Exports of Kerosene-Type Jet Fuel (Thousand Barrels per Day),262,MBBL/D
2019-12-27,NUS-Z00,U.S.,EPJK,Kerosene-Type Jet Fuel,EEX,Exports,WKJEXUS2,U.S. Exports of Kerosene-Type Jet Fuel (Thousand Barrels per Day),247,MBBL/D
2020-01-03,NUS-Z00,U.S.,EPJK,Kerosene-Type Jet Fuel,EEX,Exports,WKJEXUS2,U.S. Exports of Kerosene-Type Jet Fuel (Thousand Barrels per Day),311,MBBL/D
2020-01-10,NUS-Z00,U.S.,EPJK,Kerosene-Type Jet Fuel,EEX,Exports,WKJEXUS2,U.S. Exports of Kerosene-Type Jet Fuel (Thousand Barrels per Day),173,MBBL/D
2020-01-17,NUS-Z00,U.S.,EPJK,Kerosene-Type Jet Fuel,EEX,Exports,WKJEXUS2,U.S. Exports of Kerosene-Type Jet Fuel (Thousand Barrels per Day),239,MBBL/D
2020-01-24,NUS-Z00,U.S.,EPJK,Kerosene-Type Jet Fuel,EEX,Exports,WKJEXUS2,U.S. Exports of Kerosene-Type Jet Fuel (Thousand Barrels per Day),208,MBBL/D
2020-01-31,NUS-Z00,U.S.,EPJK,Kerosene-Type Jet Fuel,EEX,Exports,WKJEXUS2,U.S. Exports of Kerosene-Type Jet Fuel (Thousand Barrels per Day),303,MBBL/D
2020-02-07,NUS-Z00,U.S.,EPJK,Kerosene-Type Jet Fuel,EEX,Exports,WKJEXUS2,U.S. Exports of Kerosene-Type Jet Fuel (Thousand Barrels per Day),251,MBBL/D
2020-02-14,NUS-Z00,U.S.,EPJK,Kerosene-Type Jet Fuel,EEX,Exports,WKJEXUS2,U.S. Exports of Kerosene-Type Jet Fuel (Thousand Barrels per Day),285,MBBL/D
2020-02-21,NUS-Z00,U.S.,EPJK,Kerosene-Type Jet Fuel,EEX,Exports,WKJEXUS2,U.S. Exports of Kerosene-Type Jet Fuel (Thousand Barrels per Day),250,MBBL/D
2020-02-28,NUS-Z00,U.S.,EPJK,Kerosene-Type Jet Fuel,EEX,Exports,WKJEXUS2,U.S. Exports of Kerosene-Type Jet Fuel (Thousand Barrels per Day),311,MBBL/D
2020-03-06,NUS-Z00,U.S.,EPJK,Kerosene-Type Jet Fuel,EEX,Exports,WKJEXUS2,U.S. Exports of Kerosene-Type Jet Fuel (Thousand Barrels per Day),181,MBBL/D
2020-03-13,NUS-Z00,U.S.,EPJK,Kerosene-Type Jet Fuel,EEX,Exports,WKJEXUS2,U.S. Exports of Kerosene-Type Jet Fuel (Thousand Barrels per Day),276,MBBL/D
2020-03-20,NUS-Z00,U.S.,EPJK,Kerosene-Type Jet Fuel,EEX,Exports,WKJEXUS2,U.S. Exports of Kerosene-Type Jet Fuel (Thousand Barrels per Day),274,MBBL/D
2020-03-27,NUS-Z00,U.S.,EPJK,Kerosene-Type Jet Fuel,EEX,Exports,WKJEXUS2,U.S. Exports of Kerosene-Type Jet Fuel (Thousand Barrels per Day),207,MBBL/D
2020-04-03,NUS-Z00,U.S.,EPJK,Kerosene-Type Jet Fuel,EEX,Exports,WKJEXUS2,U.S. Exports of Kerosene-Type Jet Fuel (Thousand Barrels per Day),228,MBBL/D
2020-04-10,NUS-Z00,U.S.,EPJK,Kerosene-Type Jet Fuel,EEX,Exports,WKJEXUS2,U.S. Exports of Kerosene-Type Jet Fuel (Thousand Barrels per Day),146,MBBL/D
2020-04-17,NUS-Z00,U.S.,EPJK,Kerosene-Type Jet Fuel,EEX,Exports,WKJEXUS2,U.S. Exports of Kerosene-Type Jet Fuel (Thousand Barrels per Day),108,MBBL/D
2020-04-24,NUS-Z00,U.S.,EPJK,Kerosene-Type Jet Fuel,EEX,Exports,WKJEXUS2,U.S. Exports of Kerosene-Type Jet Fuel (Thousand Barrels per Day),125,MBBL/D
2020-05-01,NUS-Z00,U.S.,EPJK,Kerosene-Type Jet Fuel,EEX,Exports,WKJEXUS2,U.S. Exports of Kerosene-Type Jet Fuel (Thousand Barrels per Day),132,MBBL/D
2020-05-08,NUS-Z00,U.S.,EPJK,Kerosene-Type Jet Fuel,EEX,Exports,WKJEXUS2,U.S. Exports of Kerosene-Type Jet Fuel (Thousand Barrels per Day),94,MBBL/D
2020-05-15,NUS-Z00,U.S.,EPJK,Kerosene-Type Jet Fuel,EEX,Exports,WKJEXUS2,U.S. Exports of Kerosene-Type Jet Fuel (Thousand Barrels per Day),90,MBBL/D
2020-05-22,NUS-Z00,U.S.,EPJK,Kerosene-Type Jet Fuel,EEX,Exports,WKJEXUS2,U.S. Exports of Kerosene-Type Jet Fuel (Thousand Barrels per Day),88,MBBL/D
2020-05-29,NUS-Z00,U.S.,EPJK,Kerosene-Type Jet Fuel,EEX,Exports,WKJEXUS2,U.S. Exports of Kerosene-Type Jet Fuel (Thousand Barrels per Day),128,MBBL/D
2020-06-05,NUS-Z00,U.S.,EPJK,Kerosene-Type Jet Fuel,EEX,Exports,WKJEXUS2,U.S. Exports of Kerosene-Type Jet Fuel (Thousand Barrels per Day),76,MBBL/D
2020-06-12,NUS-Z00,U.S.,EPJK,Kerosene-Type Jet Fuel,EEX,Exports,WKJEXUS2,U.S. Exports of Kerosene-Type Jet Fuel (Thousand Barrels per Day),99,MBBL/D
2020-06-19,NUS-Z00,U.S.,EPJK,Kerosene-Type Jet Fuel,EEX,Exports,WKJEXUS2,U.S. Exports of Kerosene-Type Jet Fuel (Thousand Barrels per Day),78,MBBL/D
2020-06-26,NUS-Z00,U.S.,EPJK,Kerosene-Type Jet Fuel,EEX,Exports,WKJEXUS2,U.S. Exports of Kerosene-Type Jet Fuel (Thousand Barrels per Day),62,MBBL/D
2020-07-03,NUS-Z00,U.S.,EPJK,Kerosene-Type Jet Fuel,EEX,Exports,WKJEXUS2,U.S. Exports of Kerosene-Type Jet Fuel (Thousand Barrels per Day),89,MBBL/D
2020-07-10,NUS-Z00,U.S.,EPJK,Kerosene-Type Jet Fuel,EEX,Exports,WKJEXUS2,U.S. Exports of Kerosene-Type Jet Fuel (Thousand Barrels per Day),44,MBBL/D
2020-07-17,NUS-Z00,U.S.,EPJK,Kerosene-Type Jet Fuel,EEX,Exports,WKJEXUS2,U.S. Exports of Kerosene-Type Jet Fuel (Thousand Barrels per Day),63,MBBL/D
2020-07-24,NUS-Z00,U.S.,EPJK,Kerosene-Type Jet Fuel,EEX,Exports,WKJEXUS2,U.S. Exports of Kerosene-Type Jet Fuel (Thousand Barrels per Day),51,MBBL/D
2020-07-31,NUS-Z00,U.S.,EPJK,Kerosene-Type Jet Fuel,EEX,Exports,WKJEXUS2,U.S. Exports of Kerosene-Type Jet Fuel (Thousand Barrels per Day),56,MBBL/D
2020-08-07,NUS-Z00,U.S.,EPJK,Kerosene-Type Jet Fuel,EEX,Exports,WKJEXUS2,U.S. Exports of Kerosene-Type Jet Fuel (Thousand Barrels per Day),28,MBBL/D
2020-08-14,NUS-Z00,U.S.,EPJK,Kerosene-Type Jet Fuel,EEX,Exports,WKJEXUS2,U.S. Exports of Kerosene-Type Jet Fuel (Thousand Barrels per Day),50,MBBL/D
2020-08-21,NUS-Z00,U.S.,EPJK,Kerosene-Type Jet Fuel,EEX,Exports,WKJEXUS2,U.S. Exports of Kerosene-Type Jet Fuel (Thousand Barrels per Day),77,MBBL/D
2020-08-28,NUS-Z00,U.S.,EPJK,Kerosene-Type Jet Fuel,EEX,Exports,WKJEXUS2,U.S. Exports of Kerosene-Type Jet Fuel (Thousand Barrels per Day),32,MBBL/D
2020-09-04,NUS-Z00,U.S.,EPJK,Kerosene-Type Jet Fuel,EEX,Exports,WKJEXUS2,U.S. Exports of Kerosene-Type Jet Fuel (Thousand Barrels per Day),46,MBBL/D
2020-09-11,NUS-Z00,U.S.,EPJK,Kerosene-Type Jet Fuel,EEX,Exports,WKJEXUS2,U.S. Exports of Kerosene-Type Jet Fuel (Thousand Barrels per Day),59,MBBL/D
2020-09-18,NUS-Z00,U.S.,EPJK,Kerosene-Type Jet Fuel,EEX,Exports,WKJEXUS2,U.S. Exports of Kerosene-Type Jet Fuel (Thousand Barrels per Day),54,MBBL/D
2020-09-25,NUS-Z00,U.S.,EPJK,Kerosene-Type Jet Fuel,EEX,Exports,WKJEXUS2,U.S. Exports of Kerosene-Type Jet Fuel (Thousand Barrels per Day),42,MBBL/D
2020-10-02,NUS-Z00,U.S.,EPJK,Kerosene-Type Jet Fuel,EEX,Exports,WKJEXUS2,U.S. Exports of Kerosene-Type Jet Fuel (Thousand Barrels per Day),78,MBBL/D
2020-10-09,NUS-Z00,U.S.,EPJK,Kerosene-Type Jet Fuel,EEX,Exports,WKJEXUS2,U.S. Exports of Kerosene-Type Jet Fuel (Thousand Barrels per Day),48,MBBL/D
2020-10-16,NUS-Z00,U.S.,EPJK,Kerosene-Type Jet Fuel,EEX,Exports,WKJEXUS2,U.S. Exports of Kerosene-Type Jet Fuel (Thousand Barrels per Day),48,MBBL/D
2020-10-23,NUS-Z00,U.S.,EPJK,Kerosene-Type Jet Fuel,EEX,Exports,WKJEXUS2,U.S. Exports of Kerosene-Type Jet Fuel (Thousand Barrels per Day),50,MBBL/D
2020-10-30,NUS-Z00,U.S.,EPJK,Kerosene-Type Jet Fuel,EEX,Exports,WKJEXUS2,U.S. Exports of Kerosene-Type Jet Fuel (Thousand Barrels per Day),57,MBBL/D
2020-11-06,NUS-Z00,U.S.,EPJK,Kerosene-Type Jet Fuel,EEX,Exports,WKJEXUS2,U.S. Exports of Kerosene-Type Jet Fuel (Thousand Barrels per Day),52,MBBL/D
2020-11-13,NUS-Z00,U.S.,EPJK,Kerosene-Type Jet Fuel,EEX,Exports,WKJEXUS2,U.S. Exports of Kerosene-Type Jet Fuel (Thousand Barrels per Day),96,MBBL/D
2020-11-20,NUS-Z00,U.S.,EPJK,Kerosene-Type Jet Fuel,EEX,Exports,WKJEXUS2,U.S. Exports of Kerosene-Type Jet Fuel (Thousand Barrels per Day),85,MBBL/D
2020-11-27,NUS-Z00,U.S.,EPJK,Kerosene-Type Jet Fuel,EEX,Exports,WKJEXUS2,U.S. Exports of Kerosene-Type Jet Fuel (Thousand Barrels per Day),57,MBBL/D
2020-12-04,NUS-Z00,U.S.,EPJK,Kerosene-Type Jet Fuel,EEX,Exports,WKJEXUS2,U.S. Exports of Kerosene-Type Jet Fuel (Thousand Barrels per Day),123,MBBL/D
2020-12-11,NUS-Z00,U.S.,EPJK,Kerosene-Type Jet Fuel,EEX,Exports,WKJEXUS2,U.S. Exports of Kerosene-Type Jet Fuel (Thousand Barrels per Day),80,MBBL/D
2020-12-18,NUS-Z00,U.S.,EPJK,Kerosene-Type Jet Fuel,EEX,Exports,WKJEXUS2,U.S. Exports of Kerosene-Type Jet Fuel (Thousand Barrels per Day),82,MBBL/D
2020-12-25,NUS-Z00,U.S.,EPJK,Kerosene-Type Jet Fuel,EEX,Exports,WKJEXUS2,U.S. Exports of Kerosene-Type Jet Fuel (Thousand Barrels per Day),52,MBBL/D
2021-01-01,NUS-Z00,U.S.,EPJK,Kerosene-Type Jet Fuel,EEX,Exports,WKJEXUS2,U.S. Exports of Kerosene-Type Jet Fuel (Thousand Barrels per Day),56,MBBL/D
2021-01-08,NUS-Z00,U.S.,EPJK,Kerosene-Type Jet Fuel,EEX,Exports,WKJEXUS2,U.S. Exports of Kerosene-Type Jet Fuel (Thousand Barrels per Day),34,MBBL/D
2021-01-15,NUS-Z00,U.S.,EPJK,Kerosene-Type Jet Fuel,EEX,Exports,WKJEXUS2,U.S. Exports of Kerosene-Type Jet Fuel (Thousand Barrels per Day),57,MBBL/D
2021-01-22,NUS-Z00,U.S.,EPJK,Kerosene-Type Jet Fuel,EEX,Exports,WKJEXUS2,U.S. Exports of Kerosene-Type Jet Fuel (Thousand Barrels per Day),73,MBBL/D
2021-01-29,NUS-Z00,U.S.,EPJK,Kerosene-Type Jet Fuel,EEX,Exports,WKJEXUS2,U.S. Exports of Kerosene-Type Jet Fuel (Thousand Barrels per Day),255,MBBL/D
2021-02-05,NUS-Z00,U.S.,EPJK,Kerosene-Type Jet Fuel,EEX,Exports,WKJEXUS2,U.S. Exports of Kerosene-Type Jet Fuel (Thousand Barrels per Day),42,MBBL/D
2021-02-12,NUS-Z00,U.S.,EPJK,Kerosene-Type Jet Fuel,EEX,Exports,WKJEXUS2,U.S. Exports of Kerosene-Type Jet Fuel (Thousand Barrels per Day),123,MBBL/D
2021-02-19,NUS-Z00,U.S.,EPJK,Kerosene-Type Jet Fuel,EEX,Exports,WKJEXUS2,U.S. Exports of Kerosene-Type Jet Fuel (Thousand Barrels per Day),46,MBBL/D
2021-02-26,NUS-Z00,U.S.,EPJK,Kerosene-Type Jet Fuel,EEX,Exports,WKJEXUS2,U.S. Exports of Kerosene-Type Jet Fuel (Thousand Barrels per Day),75,MBBL/D
2021-03-05,NUS-Z00,U.S.,EPJK,Kerosene-Type Jet Fuel,EEX,Exports,WKJEXUS2,U.S. Exports of Kerosene-Type Jet Fuel (Thousand Barrels per Day),38,MBBL/D
2021-03-12,NUS-Z00,U.S.,EPJK,Kerosene-Type Jet Fuel,EEX,Exports,WKJEXUS2,U.S. Exports of Kerosene-Type Jet Fuel (Thousand Barrels per Day),87,MBBL/D
2021-03-19,NUS-Z00,U.S.,EPJK,Kerosene-Type Jet Fuel,EEX,Exports,WKJEXUS2,U.S. Exports of Kerosene-Type Jet Fuel (Thousand Barrels per Day),37,MBBL/D
2021-03-26,NUS-Z00,U.S.,EPJK,Kerosene-Type Jet Fuel,EEX,Exports,WKJEXUS2,U.S. Exports of Kerosene-Type Jet Fuel (Thousand Barrels per Day),58,MBBL/D
2021-04-02,NUS-Z00,U.S.,EPJK,Kerosene-Type Jet Fuel,EEX,Exports,WKJEXUS2,U.S. Exports of Kerosene-Type Jet Fuel (Thousand Barrels per Day),100,MBBL/D
2021-04-09,NUS-Z00,U.S.,EPJK,Kerosene-Type Jet Fuel,EEX,Exports,WKJEXUS2,U.S. Exports of Kerosene-Type Jet Fuel (Thousand Barrels per Day),94,MBBL/D
2021-04-16,NUS-Z00,U.S.,EPJK,Kerosene-Type Jet Fuel,EEX,Exports,WKJEXUS2,U.S. Exports of Kerosene-Type Jet Fuel (Thousand Barrels per Day),73,MBBL/D
2021-04-23,NUS-Z00,U.S.,EPJK,Kerosene-Type Jet Fuel,EEX,Exports,WKJEXUS2,U.S. Exports of Kerosene-Type Jet Fuel (Thousand Barrels per Day),120,MBBL/D
2021-04-30,NUS-Z00,U.S.,EPJK,Kerosene-Type Jet Fuel,EEX,Exports,WKJEXUS2,U.S. Exports of Kerosene-Type Jet Fuel (Thousand Barrels per Day),78,MBBL/D
2021-05-07,NUS-Z00,U.S.,EPJK,Kerosene-Type Jet Fuel,EEX,Exports,WKJEXUS2,U.S. Exports of Kerosene-Type Jet Fuel (Thousand Barrels per Day),119,MBBL/D
2021-05-14,NUS-Z00,U.S.,EPJK,Kerosene-Type Jet Fuel,EEX,Exports,WKJEXUS2,U.S. Exports of Kerosene-Type Jet Fuel (Thousand Barrels per Day),142,MBBL/D
2021-05-21,NUS-Z00,U.S.,EPJK,Kerosene-Type Jet Fuel,EEX,Exports,WKJEXUS2,U.S. Exports of Kerosene-Type Jet Fuel (Thousand Barrels per Day),62,MBBL/D
2021-05-28,NUS-Z00,U.S.,EPJK,Kerosene-Type Jet Fuel,EEX,Exports,WKJEXUS2,U.S. Exports of Kerosene-Type Jet Fuel (Thousand Barrels per Day),58,MBBL/D
2021-06-04,NUS-Z00,U.S.,EPJK,Kerosene-Type Jet Fuel,EEX,Exports,WKJEXUS2,U.S. Exports of Kerosene-Type Jet Fuel (Thousand Barrels per Day),81,MBBL/D
2021-06-11,NUS-Z00,U.S.,EPJK,Kerosene-Type Jet Fuel,EEX,Exports,WKJEXUS2,U.S. Exports of Kerosene-Type Jet Fuel (Thousand Barrels per Day),78,MBBL/D
2021-06-18,NUS-Z00,U.S.,EPJK,Kerosene-Type Jet Fuel,EEX,Exports,WKJEXUS2,U.S. Exports of Kerosene-Type Jet Fuel (Thousand Barrels per Day),140,MBBL/D
2021-06-25,NUS-Z00,U.S.,EPJK,Kerosene-Type Jet Fuel,EEX,Exports,WKJEXUS2,U.S. Exports of Kerosene-Type Jet Fuel (Thousand Barrels per Day),55,MBBL/D
2021-07-02,NUS-Z00,U.S.,EPJK,Kerosene-Type Jet Fuel,EEX,Exports,WKJEXUS2,U.S. Exports of Kerosene-Type Jet Fuel (Thousand Barrels per Day),61,MBBL/D
2021-07-09,NUS-Z00,U.S.,EPJK,Kerosene-Type Jet Fuel,EEX,Exports,WKJEXUS2,U.S. Exports of Kerosene-Type Jet Fuel (Thousand Barrels per Day),137,MBBL/D
2021-07-16,NUS-Z00,U.S.,EPJK,Kerosene-Type Jet Fuel,EEX,Exports,WKJEXUS2,U.S. Exports of Kerosene-Type Jet Fuel (Thousand Barrels per Day),88,MBBL/D
2021-07-23,NUS-Z00,U.S.,EPJK,Kerosene-Type Jet Fuel,EEX,Exports,WKJEXUS2,U.S. Exports of Kerosene-Type Jet Fuel (Thousand Barrels per Day),61,MBBL/D
2021-07-30,NUS-Z00,U.S.,EPJK,Kerosene-Type Jet Fuel,EEX,Exports,WKJEXUS2,U.S. Exports of Kerosene-Type Jet Fuel (Thousand Barrels per Day),102,MBBL/D
2021-08-06,NUS-Z00,U.S.,EPJK,Kerosene-Type Jet Fuel,EEX,Exports,WKJEXUS2,U.S. Exports of Kerosene-Type Jet Fuel (Thousand Barrels per Day),221,MBBL/D
2021-08-13,NUS-Z00,U.S.,EPJK,Kerosene-Type Jet Fuel,EEX,Exports,WKJEXUS2,U.S. Exports of Kerosene-Type Jet Fuel (Thousand Barrels per Day),91,MBBL/D
2021-08-20,NUS-Z00,U.S.,EPJK,Kerosene-Type Jet Fuel,EEX,Exports,WKJEXUS2,U.S. Exports of Kerosene-Type Jet Fuel (Thousand Barrels per Day),74,MBBL/D
2021-08-27,NUS-Z00,U.S.,EPJK,Kerosene-Type Jet Fuel,EEX,Exports,WKJEXUS2,U.S. Exports of Kerosene-Type Jet Fuel (Thousand Barrels per Day),131,MBBL/D
2021-09-03,NUS-Z00,U.S.,EPJK,Kerosene-Type Jet Fuel,EEX,Exports,WKJEXUS2,U.S. Exports of Kerosene-Type Jet Fuel (Thousand Barrels per Day),44,MBBL/D
2021-09-10,NUS-Z00,U.S.,EPJK,Kerosene-Type Jet Fuel,EEX,Exports,WKJEXUS2,U.S. Exports of Kerosene-Type Jet Fuel (Thousand Barrels per Day),83,MBBL/D
2021-09-17,NUS-Z00,U.S.,EPJK,Kerosene-Type Jet Fuel,EEX,Exports,WKJEXUS2,U.S. Exports of Kerosene-Type Jet Fuel (Thousand Barrels per Day),89,MBBL/D
2021-09-24,NUS-Z00,U.S.,EPJK,Kerosene-Type Jet Fuel,EEX,Exports,WKJEXUS2,U.S. Exports of Kerosene-Type Jet Fuel (Thousand Barrels per Day),82,MBBL/D
2021-10-01,NUS-Z00,U.S.,EPJK,Kerosene-Type Jet Fuel,EEX,Exports,WKJEXUS2,U.S. Exports of Kerosene-Type Jet Fuel (Thousand Barrels per Day),115,MBBL/D
2021-10-08,NUS-Z00,U.S.,EPJK,Kerosene-Type Jet Fuel,EEX,Exports,WKJEXUS2,U.S. Exports of Kerosene-Type Jet Fuel (Thousand Barrels per Day),133,MBBL/D
2021-10-15,NUS-Z00,U.S.,EPJK,Kerosene-Type Jet Fuel,EEX,Exports,WKJEXUS2,U.S. Exports of Kerosene-Type Jet Fuel (Thousand Barrels per Day),145,MBBL/D
2021-10-22,NUS-Z00,U.S.,EPJK,Kerosene-Type Jet Fuel,EEX,Exports,WKJEXUS2,U.S. Exports of Kerosene-Type Jet Fuel (Thousand Barrels per Day),74,MBBL/D
2021-10-29,NUS-Z00,U.S.,EPJK,Kerosene-Type Jet Fuel,EEX,Exports,WKJEXUS2,U.S. Exports of Kerosene-Type Jet Fuel (Thousand Barrels per Day),108,MBBL/D
2021-11-05,NUS-Z00,U.S.,EPJK,Kerosene-Type Jet Fuel,EEX,Exports,WKJEXUS2,U.S. Exports of Kerosene-Type Jet Fuel (Thousand Barrels per Day),132,MBBL/D
2021-11-12,NUS-Z00,U.S.,EPJK,Kerosene-Type Jet Fuel,EEX,Exports,WKJEXUS2,U.S. Exports of Kerosene-Type Jet Fuel (Thousand Barrels per Day),176,MBBL/D
2021-11-19,NUS-Z00,U.S.,EPJK,Kerosene-Type Jet Fuel,EEX,Exports,WKJEXUS2,U.S. Exports of Kerosene-Type Jet Fuel (Thousand Barrels per Day),59,MBBL/D
2021-11-26,NUS-Z00,U.S.,EPJK,Kerosene-Type Jet Fuel,EEX,Exports,WKJEXUS2,U.S. Exports of Kerosene-Type Jet Fuel (Thousand Barrels per Day),107,MBBL/D
2021-12-03,NUS-Z00,U.S.,EPJK,Kerosene-Type Jet Fuel,EEX,Exports,WKJEXUS2,U.S. Exports of Kerosene-Type Jet Fuel (Thousand Barrels per Day),206,MBBL/D
2021-12-10,NUS-Z00,U.S.,EPJK,Kerosene-Type Jet Fuel,EEX,Exports,WKJEXUS2,U.S. Exports of Kerosene-Type Jet Fuel (Thousand Barrels per Day),261,MBBL/D
2021-12-17,NUS-Z00,U.S.,EPJK,Kerosene-Type Jet Fuel,EEX,Exports,WKJEXUS2,U.S. Exports of Kerosene-Type Jet Fuel (Thousand Barrels per Day),94,MBBL/D
2021-12-24,NUS-Z00,U.S.,EPJK,Kerosene-Type Jet Fuel,EEX,Exports,WKJEXUS2,U.S. Exports of Kerosene-Type Jet Fuel (Thousand Barrels per Day),138,MBBL/D
2021-12-31,NUS-Z00,U.S.,EPJK,Kerosene-Type Jet Fuel,EEX,Exports,WKJEXUS2,U.S. Exports of Kerosene-Type Jet Fuel (Thousand Barrels per Day),146,MBBL/D
2022-01-07,NUS-Z00,U.S.,EPJK,Kerosene-Type Jet Fuel,EEX,Exports,WKJEXUS2,U.S. Exports of Kerosene-Type Jet Fuel (Thousand Barrels per Day),83,MBBL/D
2022-01-14,NUS-Z00,U.S.,EPJK,Kerosene-Type Jet Fuel,EEX,Exports,WKJEXUS2,U.S. Exports of Kerosene-Type Jet Fuel (Thousand Barrels per Day),124,MBBL/D
2022-01-21,NUS-Z00,U.S.,EPJK,Kerosene-Type Jet Fuel,EEX,Exports,WKJEXUS2,U.S. Exports of Kerosene-Type Jet Fuel (Thousand Barrels per Day),96,MBBL/D
2022-01-28,NUS-Z00,U.S.,EPJK,Kerosene-Type Jet Fuel,EEX,Exports,WKJEXUS2,U.S. Exports of Kerosene-Type Jet Fuel (Thousand Barrels per Day),127,MBBL/D
2022-02-04,NUS-Z00,U.S.,EPJK,Kerosene-Type Jet Fuel,EEX,Exports,WKJEXUS2,U.S. Exports of Kerosene-Type Jet Fuel (Thousand Barrels per Day),107,MBBL/D
2022-02-11,NUS-Z00,U.S.,EPJK,Kerosene-Type Jet Fuel,EEX,Exports,WKJEXUS2,U.S. Exports of Kerosene-Type Jet Fuel (Thousand Barrels per Day),97,MBBL/D
2022-02-18,NUS-Z00,U.S.,EPJK,Kerosene-Type Jet Fuel,EEX,Exports,WKJEXUS2,U.S. Exports of Kerosene-Type Jet Fuel (Thousand Barrels per Day),84,MBBL/D
2022-02-25,NUS-Z00,U.S.,EPJK,Kerosene-Type Jet Fuel,EEX,Exports,WKJEXUS2,U.S. Exports of Kerosene-Type Jet Fuel (Thousand Barrels per Day),207,MBBL/D
2022-03-04,NUS-Z00,U.S.,EPJK,Kerosene-Type Jet Fuel,EEX,Exports,WKJEXUS2,U.S. Exports of Kerosene-Type Jet Fuel (Thousand Barrels per Day),182,MBBL/D
2022-03-11,NUS-Z00,U.S.,EPJK,Kerosene-Type Jet Fuel,EEX,Exports,WKJEXUS2,U.S. Exports of Kerosene-Type Jet Fuel (Thousand Barrels per Day),129,MBBL/D
2022-03-18,NUS-Z00,U.S.,EPJK,Kerosene-Type Jet Fuel,EEX,Exports,WKJEXUS2,U.S. Exports of Kerosene-Type Jet Fuel (Thousand Barrels per Day),98,MBBL/D
2022-03-25,NUS-Z00,U.S.,EPJK,Kerosene-Type Jet Fuel,EEX,Exports,WKJEXUS2,U.S. Exports of Kerosene-Type Jet Fuel (Thousand Barrels per Day),208,MBBL/D
2022-04-01,NUS-Z00,U.S.,EPJK,Kerosene-Type Jet Fuel,EEX,Exports,WKJEXUS2,U.S. Exports of Kerosene-Type Jet Fuel (Thousand Barrels per Day),203,MBBL/D
2022-04-08,NUS-Z00,U.S.,EPJK,Kerosene-Type Jet Fuel,EEX,Exports,WKJEXUS2,U.S. Exports of Kerosene-Type Jet Fuel (Thousand Barrels per Day),150,MBBL/D
2022-04-15,NUS-Z00,U.S.,EPJK,Kerosene-Type Jet Fuel,EEX,Exports,WKJEXUS2,U.S. Exports of Kerosene-Type Jet Fuel (Thousand Barrels per Day),197,MBBL/D
2022-04-22,NUS-Z00,U.S.,EPJK,Kerosene-Type Jet Fuel,EEX,Exports,WKJEXUS2,U.S. Exports of Kerosene-Type Jet Fuel (Thousand Barrels per Day),163,MBBL/D
2022-04-29,NUS-Z00,U.S.,EPJK,Kerosene-Type Jet Fuel,EEX,Exports,WKJEXUS2,U.S. Exports of Kerosene-Type Jet Fuel (Thousand Barrels per Day),305,MBBL/D
2022-05-06,NUS-Z00,U.S.,EPJK,Kerosene-Type Jet Fuel,EEX,Exports,WKJEXUS2,U.S. Exports of Kerosene-Type Jet Fuel (Thousand Barrels per Day),124,MBBL/D
2022-05-13,NUS-Z00,U.S.,EPJK,Kerosene-Type Jet Fuel,EEX,Exports,WKJEXUS2,U.S. Exports of Kerosene-Type Jet Fuel (Thousand Barrels per Day),225,MBBL/D
2022-05-20,NUS-Z00,U.S.,EPJK,Kerosene-Type Jet Fuel,EEX,Exports,WKJEXUS2,U.S. Exports of Kerosene-Type Jet Fuel (Thousand Barrels per Day),156,MBBL/D
2022-05-27,NUS-Z00,U.S.,EPJK,Kerosene-Type Jet Fuel,EEX,Exports,WKJEXUS2,U.S. Exports of Kerosene-Type Jet Fuel (Thousand Barrels per Day),178,MBBL/D
2022-06-03,NUS-Z00,U.S.,EPJK,Kerosene-Type Jet Fuel,EEX,Exports,WKJEXUS2,U.S. Exports of Kerosene-Type Jet Fuel (Thousand Barrels per Day),217,MBBL/D
2022-06-10,NUS-Z00,U.S.,EPJK,Kerosene-Type Jet Fuel,EEX,Exports,WKJEXUS2,U.S. Exports of Kerosene-Type Jet Fuel (Thousand Barrels per Day),169,MBBL/D
2022-06-17,NUS-Z00,U.S.,EPJK,Kerosene-Type Jet Fuel,EEX,Exports,WKJEXUS2,U.S. Exports of Kerosene-Type Jet Fuel (Thousand Barrels per Day),180,MBBL/D
2022-06-24,NUS-Z00,U.S.,EPJK,Kerosene-Type Jet Fuel,EEX,Exports,WKJEXUS2,U.S. Exports of Kerosene-Type Jet Fuel (Thousand Barrels per Day),186,MBBL/D
2022-07-01,NUS-Z00,U.S.,EPJK,Kerosene-Type Jet Fuel,EEX,Exports,WKJEXUS2,U.S. Exports of Kerosene-Type Jet Fuel (Thousand Barrels per Day),104,MBBL/D
2022-07-08,NUS-Z00,U.S.,EPJK,Kerosene-Type Jet Fuel,EEX,Exports,WKJEXUS2,U.S. Exports of Kerosene-Type Jet Fuel (Thousand Barrels per Day),179,MBBL/D
2022-07-15,NUS-Z00,U.S.,EPJK,Kerosene-Type Jet Fuel,EEX,Exports,WKJEXUS2,U.S. Exports of Kerosene-Type Jet Fuel (Thousand Barrels per Day),275,MBBL/D
2022-07-22,NUS-Z00,U.S.,EPJK,Kerosene-Type Jet Fuel,EEX,Exports,WKJEXUS2,U.S. Exports of Kerosene-Type Jet Fuel (Thousand Barrels per Day),85,MBBL/D
2022-07-29,NUS-Z00,U.S.,EPJK,Kerosene-Type Jet Fuel,EEX,Exports,WKJEXUS2,U.S. Exports of Kerosene-Type Jet Fuel (Thousand Barrels per Day),199,MBBL/D
2022-08-05,NUS-Z00,U.S.,EPJK,Kerosene-Type Jet Fuel,EEX,Exports,WKJEXUS2,U.S. Exports of Kerosene-Type Jet Fuel (Thousand Barrels per Day),199,MBBL/D
2022-08-12,NUS-Z00,U.S.,EPJK,Kerosene-Type Jet Fuel,EEX,Exports,WKJEXUS2,U.S. Exports of Kerosene-Type Jet Fuel (Thousand Barrels per Day),232,MBBL/D
2022-08-19,NUS-Z00,U.S.,EPJK,Kerosene-Type Jet Fuel,EEX,Exports,WKJEXUS2,U.S. Exports of Kerosene-Type Jet Fuel (Thousand Barrels per Day),172,MBBL/D
2022-08-26,NUS-Z00,U.S.,EPJK,Kerosene-Type Jet Fuel,EEX,Exports,WKJEXUS2,U.S. Exports of Kerosene-Type Jet Fuel (Thousand Barrels per Day),187,MBBL/D
2022-09-02,NUS-Z00,U.S.,EPJK,Kerosene-Type Jet Fuel,EEX,Exports,WKJEXUS2,U.S. Exports of Kerosene-Type Jet Fuel (Thousand Barrels per Day),147,MBBL/D
2022-09-09,NUS-Z00,U.S.,EPJK,Kerosene-Type Jet Fuel,EEX,Exports,WKJEXUS2,U.S. Exports of Kerosene-Type Jet Fuel (Thousand Barrels per Day),142,MBBL/D
2022-09-16,NUS-Z00,U.S.,EPJK,Kerosene-Type Jet Fuel,EEX,Exports,WKJEXUS2,U.S. Exports of Kerosene-Type Jet Fuel (Thousand Barrels per Day),439,MBBL/D
2022-09-23,NUS-Z00,U.S.,EPJK,Kerosene-Type Jet Fuel,EEX,Exports,WKJEXUS2,U.S. Exports of Kerosene-Type Jet Fuel (Thousand Barrels per Day),108,MBBL/D
2022-09-30,NUS-Z00,U.S.,EPJK,Kerosene-Type Jet Fuel,EEX,Exports,WKJEXUS2,U.S. Exports of Kerosene-Type Jet Fuel (Thousand Barrels per Day),130,MBBL/D
2022-10-07,NUS-Z00,U.S.,EPJK,Kerosene-Type Jet Fuel,EEX,Exports,WKJEXUS2,U.S. Exports of Kerosene-Type Jet Fuel (Thousand Barrels per Day),139,MBBL/D
2022-10-14,NUS-Z00,U.S.,EPJK,Kerosene-Type Jet Fuel,EEX,Exports,WKJEXUS2,U.S. Exports of Kerosene-Type Jet Fuel (Thousand Barrels per Day),147,MBBL/D
2022-10-21,NUS-Z00,U.S.,EPJK,Kerosene-Type Jet Fuel,EEX,Exports,WKJEXUS2,U.S. Exports of Kerosene-Type Jet Fuel (Thousand Barrels per Day),159,MBBL/D
2022-10-28,NUS-Z00,U.S.,EPJK,Kerosene-Type Jet Fuel,EEX,Exports,WKJEXUS2,U.S. Exports of Kerosene-Type Jet Fuel (Thousand Barrels per Day),212,MBBL/D
2022-11-04,NUS-Z00,U.S.,EPJK,Kerosene-Type Jet Fuel,EEX,Exports,WKJEXUS2,U.S. Exports of Kerosene-Type Jet Fuel (Thousand Barrels per Day),126,MBBL/D
2022-11-11,NUS-Z00,U.S.,EPJK,Kerosene-Type Jet Fuel,EEX,Exports,WKJEXUS2,U.S. Exports of Kerosene-Type Jet Fuel (Thousand Barrels per Day),127,MBBL/D
2022-11-18,NUS-Z00,U.S.,EPJK,Kerosene-Type Jet Fuel,EEX,Exports,WKJEXUS2,U.S. Exports of Kerosene-Type Jet Fuel (Thousand Barrels per Day),141,MBBL/D
2022-11-25,NUS-Z00,U.S.,EPJK,Kerosene-Type Jet Fuel,EEX,Exports,WKJEXUS2,U.S. Exports of Kerosene-Type Jet Fuel (Thousand Barrels per Day),254,MBBL/D
2022-12-02,NUS-Z00,U.S.,EPJK,Kerosene-Type Jet Fuel,EEX,Exports,WKJEXUS2,U.S. Exports of Kerosene-Type Jet Fuel (Thousand Barrels per Day),130,MBBL/D
2022-12-09,NUS-Z00,U.S.,EPJK,Kerosene-Type Jet Fuel,EEX,Exports,WKJEXUS2,U.S. Exports of Kerosene-Type Jet Fuel (Thousand Barrels per Day),176,MBBL/D
2022-12-16,NUS-Z00,U.S.,EPJK,Kerosene-Type Jet Fuel,EEX,Exports,WKJEXUS2,U.S. Exports of Kerosene-Type Jet Fuel (Thousand Barrels per Day),138,MBBL/D
2022-12-23,NUS-Z00,U.S.,EPJK,Kerosene-Type Jet Fuel,EEX,Exports,WKJEXUS2,U.S. Exports of Kerosene-Type Jet Fuel (Thousand Barrels per Day),214,MBBL/D
2022-12-30,NUS-Z00,U.S.,EPJK,Kerosene-Type Jet Fuel,EEX,Exports,WKJEXUS2,U.S. Exports of Kerosene-Type Jet Fuel (Thousand Barrels per Day),249,MBBL/D
2023-01-06,NUS-Z00,U.S.,EPJK,Kerosene-Type Jet Fuel,EEX,Exports,WKJEXUS2,U.S. Exports of Kerosene-Type Jet Fuel (Thousand Barrels per Day),185,MBBL/D
2023-01-13,NUS-Z00,U.S.,EPJK,Kerosene-Type Jet Fuel,EEX,Exports,WKJEXUS2,U.S. Exports of Kerosene-Type Jet Fuel (Thousand Barrels per Day),202,MBBL/D
2023-01-20,NUS-Z00,U.S.,EPJK,Kerosene-Type Jet Fuel,EEX,Exports,WKJEXUS2,U.S. Exports of Kerosene-Type Jet Fuel (Thousand Barrels per Day),194,MBBL/D
2023-01-27,NUS-Z00,U.S.,EPJK,Kerosene-Type Jet Fuel,EEX,Exports,WKJEXUS2,U.S. Exports of Kerosene-Type Jet Fuel (Thousand Barrels per Day),178,MBBL/D
2023-02-03,NUS-Z00,U.S.,EPJK,Kerosene-Type Jet Fuel,EEX,Exports,WKJEXUS2,U.S. Exports of Kerosene-Type Jet Fuel (Thousand Barrels per Day),174,MBBL/D
2023-02-10,NUS-Z00,U.S.,EPJK,Kerosene-Type Jet Fuel,EEX,Exports,WKJEXUS2,U.S. Exports of Kerosene-Type Jet Fuel (Thousand Barrels per Day),209,MBBL/D
2023-02-17,NUS-Z00,U.S.,EPJK,Kerosene-Type Jet Fuel,EEX,Exports,WKJEXUS2,U.S. Exports of Kerosene-Type Jet Fuel (Thousand Barrels per Day),246,MBBL/D
2023-02-24,NUS-Z00,U.S.,EPJK,Kerosene-Type Jet Fuel,EEX,Exports,WKJEXUS2,U.S. Exports of Kerosene-Type Jet Fuel (Thousand Barrels per Day),93,MBBL/D
2023-03-03,NUS-Z00,U.S.,EPJK,Kerosene-Type Jet Fuel,EEX,Exports,WKJEXUS2,U.S. Exports of Kerosene-Type Jet Fuel (Thousand Barrels per Day),275,MBBL/D
2023-03-10,NUS-Z00,U.S.,EPJK,Kerosene-Type Jet Fuel,EEX,Exports,WKJEXUS2,U.S. Exports of Kerosene-Type Jet Fuel (Thousand Barrels per Day),177,MBBL/D
2023-03-17,NUS-Z00,U.S.,EPJK,Kerosene-Type Jet Fuel,EEX,Exports,WKJEXUS2,U.S. Exports of Kerosene-Type Jet Fuel (Thousand Barrels per Day),174,MBBL/D
2023-03-24,NUS-Z00,U.S.,EPJK,Kerosene-Type Jet Fuel,EEX,Exports,WKJEXUS2,U.S. Exports of Kerosene-Type Jet Fuel (Thousand Barrels per Day),140,MBBL/D
2023-03-31,NUS-Z00,U.S.,EPJK,Kerosene-Type Jet Fuel,EEX,Exports,WKJEXUS2,U.S. Exports of Kerosene-Type Jet Fuel (Thousand Barrels per Day),160,MBBL/D
2023-04-07,NUS-Z00,U.S.,EPJK,Kerosene-Type Jet Fuel,EEX,Exports,WKJEXUS2,U.S. Exports of Kerosene-Type Jet Fuel (Thousand Barrels per Day),154,MBBL/D
2023-04-14,NUS-Z00,U.S.,EPJK,Kerosene-Type Jet Fuel,EEX,Exports,WKJEXUS2,U.S. Exports of Kerosene-Type Jet Fuel (Thousand Barrels per Day),131,MBBL/D
2023-04-21,NUS-Z00,U.S.,EPJK,Kerosene-Type Jet Fuel,EEX,Exports,WKJEXUS2,U.S. Exports of Kerosene-Type Jet Fuel (Thousand Barrels per Day),112,MBBL/D
2023-04-28,NUS-Z00,U.S.,EPJK,Kerosene-Type Jet Fuel,EEX,Exports,WKJEXUS2,U.S. Exports of Kerosene-Type Jet Fuel (Thousand Barrels per Day),99,MBBL/D
2023-05-05,NUS-Z00,U.S.,EPJK,Kerosene-Type Jet Fuel,EEX,Exports,WKJEXUS2,U.S. Exports of Kerosene-Type Jet Fuel (Thousand Barrels per Day),102,MBBL/D
2023-05-12,NUS-Z00,U.S.,EPJK,Kerosene-Type Jet Fuel,EEX,Exports,WKJEXUS2,U.S. Exports of Kerosene-Type Jet Fuel (Thousand Barrels per Day),179,MBBL/D
2023-05-19,NUS-Z00,U.S.,EPJK,Kerosene-Type Jet Fuel,EEX,Exports,WKJEXUS2,U.S. Exports of Kerosene-Type Jet Fuel (Thousand Barrels per Day),189,MBBL/D
2023-05-26,NUS-Z00,U.S.,EPJK,Kerosene-Type Jet Fuel,EEX,Exports,WKJEXUS2,U.S. Exports of Kerosene-Type Jet Fuel (Thousand Barrels per Day),216,MBBL/D
2023-06-02,NUS-Z00,U.S.,EPJK,Kerosene-Type Jet Fuel,EEX,Exports,WKJEXUS2,U.S. Exports of Kerosene-Type Jet Fuel (Thousand Barrels per Day),187,MBBL/D
2023-06-09,NUS-Z00,U.S.,EPJK,Kerosene-Type Jet Fuel,EEX,Exports,WKJEXUS2,U.S. Exports of Kerosene-Type Jet Fuel (Thousand Barrels per Day),216,MBBL/D
2023-06-16,NUS-Z00,U.S.,EPJK,Kerosene-Type Jet Fuel,EEX,Exports,WKJEXUS2,U.S. Exports of Kerosene-Type Jet Fuel (Thousand Barrels per Day),199,MBBL/D
2023-06-23,NUS-Z00,U.S.,EPJK,Kerosene-Type Jet Fuel,EEX,Exports,WKJEXUS2,U.S. Exports of Kerosene-Type Jet Fuel (Thousand Barrels per Day),87,MBBL/D
2023-06-30,NUS-Z00,U.S.,EPJK,Kerosene-Type Jet Fuel,EEX,Exports,WKJEXUS2,U.S. Exports of Kerosene-Type Jet Fuel (Thousand Barrels per Day),187,MBBL/D
2023-07-07,NUS-Z00,U.S.,EPJK,Kerosene-Type Jet Fuel,EEX,Exports,WKJEXUS2,U.S. Exports of Kerosene-Type Jet Fuel (Thousand Barrels per Day),204,MBBL/D
2023-07-14,NUS-Z00,U.S.,EPJK,Kerosene-Type Jet Fuel,EEX,Exports,WKJEXUS2,U.S. Exports of Kerosene-Type Jet Fuel (Thousand Barrels per Day),200,MBBL/D
2023-07-21,NUS-Z00,U.S.,EPJK,Kerosene-Type Jet Fuel,EEX,Exports,WKJEXUS2,U.S. Exports of Kerosene-Type Jet Fuel (Thousand Barrels per Day),189,MBBL/D
2023-07-28,NUS-Z00,U.S.,EPJK,Kerosene-Type Jet Fuel,EEX,Exports,WKJEXUS2,U.S. Exports of Kerosene-Type Jet Fuel (Thousand Barrels per Day),154,MBBL/D
2023-08-04,NUS-Z00,U.S.,EPJK,Kerosene-Type Jet Fuel,EEX,Exports,WKJEXUS2,U.S. Exports of Kerosene-Type Jet Fuel (Thousand Barrels per Day),196,MBBL/D
2023-08-11,NUS-Z00,U.S.,EPJK,Kerosene-Type Jet Fuel,EEX,Exports,WKJEXUS2,U.S. Exports of Kerosene-Type Jet Fuel (Thousand Barrels per Day),177,MBBL/D
2023-08-18,NUS-Z00,U.S.,EPJK,Kerosene-Type Jet Fuel,EEX,Exports,WKJEXUS2,U.S. Exports of Kerosene-Type Jet Fuel (Thousand Barrels per Day),119,MBBL/D
2023-08-25,NUS-Z00,U.S.,EPJK,Kerosene-Type Jet Fuel,EEX,Exports,WKJEXUS2,U.S. Exports of Kerosene-Type Jet Fuel (Thousand Barrels per Day),136,MBBL/D
2023-09-01,NUS-Z00,U.S.,EPJK,Kerosene-Type Jet Fuel,EEX,Exports,WKJEXUS2,U.S. Exports of Kerosene-Type Jet Fuel (Thousand Barrels per Day),191,MBBL/D
2023-09-08,NUS-Z00,U.S.,EPJK,Kerosene-Type Jet Fuel,EEX,Exports,WKJEXUS2,U.S. Exports of Kerosene-Type Jet Fuel (Thousand Barrels per Day),125,MBBL/D
2023-09-15,NUS-Z00,U.S.,EPJK,Kerosene-Type Jet Fuel,EEX,Exports,WKJEXUS2,U.S. Exports of Kerosene-Type Jet Fuel (Thousand Barrels per Day),177,MBBL/D
2023-09-22,NUS-Z00,U.S.,EPJK,Kerosene-Type Jet Fuel,EEX,Exports,WKJEXUS2,U.S. Exports of Kerosene-Type Jet Fuel (Thousand Barrels per Day),136,MBBL/D
2023-09-29,NUS-Z00,U.S.,EPJK,Kerosene-Type Jet Fuel,EEX,Exports,WKJEXUS2,U.S. Exports of Kerosene-Type Jet Fuel (Thousand Barrels per Day),138,MBBL/D
2023-10-06,NUS-Z00,U.S.,EPJK,Kerosene-Type Jet Fuel,EEX,Exports,WKJEXUS2,U.S. Exports of Kerosene-Type Jet Fuel (Thousand Barrels per Day),160,MBBL/D
2023-10-13,NUS-Z00,U.S.,EPJK,Kerosene-Type Jet Fuel,EEX,Exports,WKJEXUS2,U.S. Exports of Kerosene-Type Jet Fuel (Thousand Barrels per Day),144,MBBL/D
2023-10-20,NUS-Z00,U.S.,EPJK,Kerosene-Type Jet Fuel,EEX,Exports,WKJEXUS2,U.S. Exports of Kerosene-Type Jet Fuel (Thousand Barrels per Day),225,MBBL/D
2023-10-27,NUS-Z00,U.S.,EPJK,Kerosene-Type Jet Fuel,EEX,Exports,WKJEXUS2,U.S. Exports of Kerosene-Type Jet Fuel (Thousand Barrels per Day),130,MBBL/D
2023-11-03,NUS-Z00,U.S.,EPJK,Kerosene-Type Jet Fuel,EEX,Exports,WKJEXUS2,U.S. Exports of Kerosene-Type Jet Fuel (Thousand Barrels per Day),165,MBBL/D
2023-11-10,NUS-Z00,U.S.,EPJK,Kerosene-Type Jet Fuel,EEX,Exports,WKJEXUS2,U.S. Exports of Kerosene-Type Jet Fuel (Thousand Barrels per Day),166,MBBL/D
2023-11-17,NUS-Z00,U.S.,EPJK,Kerosene-Type Jet Fuel,EEX,Exports,WKJEXUS2,U.S. Exports of Kerosene-Type Jet Fuel (Thousand Barrels per Day),172,MBBL/D
2023-11-24,NUS-Z00,U.S.,EPJK,Kerosene-Type Jet Fuel,EEX,Exports,WKJEXUS2,U.S. Exports of Kerosene-Type Jet Fuel (Thousand Barrels per Day),213,MBBL/D
2023-12-01,NUS-Z00,U.S.,EPJK,Kerosene-Type Jet Fuel,EEX,Exports,WKJEXUS2,U.S. Exports of Kerosene-Type Jet Fuel (Thousand Barrels per Day),227,MBBL/D
2023-12-08,NUS-Z00,U.S.,EPJK,Kerosene-Type Jet Fuel,EEX,Exports,WKJEXUS2,U.S. Exports of Kerosene-Type Jet Fuel (Thousand Barrels per Day),183,MBBL/D
2023-12-15,NUS-Z00,U.S.,EPJK,Kerosene-Type Jet Fuel,EEX,Exports,WKJEXUS2,U.S. Exports of Kerosene-Type Jet Fuel (Thousand Barrels per Day),254,MBBL/D
2023-12-22,NUS-Z00,U.S.,EPJK,Kerosene-Type Jet Fuel,EEX,Exports,WKJEXUS2,U.S. Exports of Kerosene-Type Jet Fuel (Thousand Barrels per Day),280,MBBL/D
2023-12-29,NUS-Z00,U.S.,EPJK,Kerosene-Type Jet Fuel,EEX,Exports,WKJEXUS2,U.S. Exports of Kerosene-Type Jet Fuel (Thousand Barrels per Day),205,MBBL/D
2024-01-05,NUS-Z00,U.S.,EPJK,Kerosene-Type Jet Fuel,EEX,Exports,WKJEXUS2,U.S. Exports of Kerosene-Type Jet Fuel (Thousand Barrels per Day),304,MBBL/D
2024-01-12,NUS-Z00,U.S.,EPJK,Kerosene-Type Jet Fuel,EEX,Exports,WKJEXUS2,U.S. Exports of Kerosene-Type Jet Fuel (Thousand Barrels per Day),217,MBBL/D
2024-01-19,NUS-Z00,U.S.,EPJK,Kerosene-Type Jet Fuel,EEX,Exports,WKJEXUS2,U.S. Exports of Kerosene-Type Jet Fuel (Thousand Barrels per Day),82,MBBL/D
2024-01-26,NUS-Z00,U.S.,EPJK,Kerosene-Type Jet Fuel,EEX,Exports,WKJEXUS2,U.S. Exports of Kerosene-Type Jet Fuel (Thousand Barrels per Day),277,MBBL/D
2024-02-02,NUS-Z00,U.S.,EPJK,Kerosene-Type Jet Fuel,EEX,Exports,WKJEXUS2,U.S. Exports of Kerosene-Type Jet Fuel (Thousand Barrels per Day),223,MBBL/D
2024-02-09,NUS-Z00,U.S.,EPJK,Kerosene-Type Jet Fuel,EEX,Exports,WKJEXUS2,U.S. Exports of Kerosene-Type Jet Fuel (Thousand Barrels per Day),221,MBBL/D
2024-02-16,NUS-Z00,U.S.,EPJK,Kerosene-Type Jet Fuel,EEX,Exports,WKJEXUS2,U.S. Exports of Kerosene-Type Jet Fuel (Thousand Barrels per Day),274,MBBL/D
2024-02-23,NUS-Z00,U.S.,EPJK,Kerosene-Type Jet Fuel,EEX,Exports,WKJEXUS2,U.S. Exports of Kerosene-Type Jet Fuel (Thousand Barrels per Day),239,MBBL/D
2024-03-01,NUS-Z00,U.S.,EPJK,Kerosene-Type Jet Fuel,EEX,Exports,WKJEXUS2,U.S. Exports of Kerosene-Type Jet Fuel (Thousand Barrels per Day),172,MBBL/D
2024-03-08,NUS-Z00,U.S.,EPJK,Kerosene-Type Jet Fuel,EEX,Exports,WKJEXUS2,U.S. Exports of Kerosene-Type Jet Fuel (Thousand Barrels per Day),174,MBBL/D
2024-03-15,NUS-Z00,U.S.,EPJK,Kerosene-Type Jet Fuel,EEX,Exports,WKJEXUS2,U.S. Exports of Kerosene-Type Jet Fuel (Thousand Barrels per Day),233,MBBL/D
2024-03-22,NUS-Z00,U.S.,EPJK,Kerosene-Type Jet Fuel,EEX,Exports,WKJEXUS2,U.S. Exports of Kerosene-Type Jet Fuel (Thousand Barrels per Day),199,MBBL/D
2024-03-29,NUS-Z00,U.S.,EPJK,Kerosene-Type Jet Fuel,EEX,Exports,WKJEXUS2,U.S. Exports of Kerosene-Type Jet Fuel (Thousand Barrels per Day),162,MBBL/D
2024-04-05,NUS-Z00,U.S.,EPJK,Kerosene-Type Jet Fuel,EEX,Exports,WKJEXUS2,U.S. Exports of Kerosene-Type Jet Fuel (Thousand Barrels per Day),200,MBBL/D
2024-04-12,NUS-Z00,U.S.,EPJK,Kerosene-Type Jet Fuel,EEX,Exports,WKJEXUS2,U.S. Exports of Kerosene-Type Jet Fuel (Thousand Barrels per Day),225,MBBL/D
2024-04-19,NUS-Z00,U.S.,EPJK,Kerosene-Type Jet Fuel,EEX,Exports,WKJEXUS2,U.S. Exports of Kerosene-Type Jet Fuel (Thousand Barrels per Day),170,MBBL/D
2024-04-26,NUS-Z00,U.S.,EPJK,Kerosene-Type Jet Fuel,EEX,Exports,WKJEXUS2,U.S. Exports of Kerosene-Type Jet Fuel (Thousand Barrels per Day),228,MBBL/D
2024-05-03,NUS-Z00,U.S.,EPJK,Kerosene-Type Jet Fuel,EEX,Exports,WKJEXUS2,U.S. Exports of Kerosene-Type Jet Fuel (Thousand Barrels per Day),201,MBBL/D
2024-05-10,NUS-Z00,U.S.,EPJK,Kerosene-Type Jet Fuel,EEX,Exports,WKJEXUS2,U.S. Exports of Kerosene-Type Jet Fuel (Thousand Barrels per Day),168,MBBL/D
2024-05-17,NUS-Z00,U.S.,EPJK,Kerosene-Type Jet Fuel,EEX,Exports,WKJEXUS2,U.S. Exports of Kerosene-Type Jet Fuel (Thousand Barrels per Day),200,MBBL/D
2024-05-24,NUS-Z00,U.S.,EPJK,Kerosene-Type Jet Fuel,EEX,Exports,WKJEXUS2,U.S. Exports of Kerosene-Type Jet Fuel (Thousand Barrels per Day),151,MBBL/D
2024-05-31,NUS-Z00,U.S.,EPJK,Kerosene-Type Jet Fuel,EEX,Exports,WKJEXUS2,U.S. Exports of Kerosene-Type Jet Fuel (Thousand Barrels per Day),167,MBBL/D
2024-06-07,NUS-Z00,U.S.,EPJK,Kerosene-Type Jet Fuel,EEX,Exports,WKJEXUS2,U.S. Exports of Kerosene-Type Jet Fuel (Thousand Barrels per Day),295,MBBL/D
2024-06-14,NUS-Z00,U.S.,EPJK,Kerosene-Type Jet Fuel,EEX,Exports,WKJEXUS2,U.S. Exports of Kerosene-Type Jet Fuel (Thousand Barrels per Day),247,MBBL/D
2024-06-21,NUS-Z00,U.S.,EPJK,Kerosene-Type Jet Fuel,EEX,Exports,WKJEXUS2,U.S. Exports of Kerosene-Type Jet Fuel (Thousand Barrels per Day),147,MBBL/D
2024-06-28,NUS-Z00,U.S.,EPJK,Kerosene-Type Jet Fuel,EEX,Exports,WKJEXUS2,U.S. Exports of Kerosene-Type Jet Fuel (Thousand Barrels per Day),271,MBBL/D
2024-07-05,NUS-Z00,U.S.,EPJK,Kerosene-Type Jet Fuel,EEX,Exports,WKJEXUS2,U.S. Exports of Kerosene-Type Jet Fuel (Thousand Barrels per Day),216,MBBL/D
2024-07-12,NUS-Z00,U.S.,EPJK,Kerosene-Type Jet Fuel,EEX,Exports,WKJEXUS2,U.S. Exports of Kerosene-Type Jet Fuel (Thousand Barrels per Day),204,MBBL/D
2024-07-19,NUS-Z00,U.S.,EPJK,Kerosene-Type Jet Fuel,EEX,Exports,WKJEXUS2,U.S. Exports of Kerosene-Type Jet Fuel (Thousand Barrels per Day),259,MBBL/D
2024-07-26,NUS-Z00,U.S.,EPJK,Kerosene-Type Jet Fuel,EEX,Exports,WKJEXUS2,U.S. Exports of Kerosene-Type Jet Fuel (Thousand Barrels per Day),132,MBBL/D
2024-08-02,NUS-Z00,U.S.,EPJK,Kerosene-Type Jet Fuel,EEX,Exports,WKJEXUS2,U.S. Exports of Kerosene-Type Jet Fuel (Thousand Barrels per Day),221,MBBL/D
2024-08-09,NUS-Z00,U.S.,EPJK,Kerosene-Type Jet Fuel,EEX,Exports,WKJEXUS2,U.S. Exports of Kerosene-Type Jet Fuel (Thousand Barrels per Day),162,MBBL/D
2024-08-16,NUS-Z00,U.S.,EPJK,Kerosene-Type Jet Fuel,EEX,Exports,WKJEXUS2,U.S. Exports of Kerosene-Type Jet Fuel (Thousand Barrels per Day),262,MBBL/D
2024-08-23,NUS-Z00,U.S.,EPJK,Kerosene-Type Jet Fuel,EEX,Exports,WKJEXUS2,U.S. Exports of Kerosene-Type Jet Fuel (Thousand Barrels per Day),169,MBBL/D
2024-08-30,NUS-Z00,U.S.,EPJK,Kerosene-Type Jet Fuel,EEX,Exports,WKJEXUS2,U.S. Exports of Kerosene-Type Jet Fuel (Thousand Barrels per Day),333,MBBL/D
2024-09-06,NUS-Z00,U.S.,EPJK,Kerosene-Type Jet Fuel,EEX,Exports,WKJEXUS2,U.S. Exports of Kerosene-Type Jet Fuel (Thousand Barrels per Day),239,MBBL/D
2024-09-13,NUS-Z00,U.S.,EPJK,Kerosene-Type Jet Fuel,EEX,Exports,WKJEXUS2,U.S. Exports of Kerosene-Type Jet Fuel (Thousand Barrels per Day),272,MBBL/D
2024-09-20,NUS-Z00,U.S.,EPJK,Kerosene-Type Jet Fuel,EEX,Exports,WKJEXUS2,U.S. Exports of Kerosene-Type Jet Fuel (Thousand Barrels per Day),233,MBBL/D
2024-09-27,NUS-Z00,U.S.,EPJK,Kerosene-Type Jet Fuel,EEX,Exports,WKJEXUS2,U.S. Exports of Kerosene-Type Jet Fuel (Thousand Barrels per Day),116,MBBL/D
2024-10-04,NUS-Z00,U.S.,EPJK,Kerosene-Type Jet Fuel,EEX,Exports,WKJEXUS2,U.S. Exports of Kerosene-Type Jet Fuel (Thousand Barrels per Day),225,MBBL/D
2024-10-11,NUS-Z00,U.S.,EPJK,Kerosene-Type Jet Fuel,EEX,Exports,WKJEXUS2,U.S. Exports of Kerosene-Type Jet Fuel (Thousand Barrels per Day),294,MBBL/D
2024-10-18,NUS-Z00,U.S.,EPJK,Kerosene-Type Jet Fuel,EEX,Exports,WKJEXUS2,U.S. Exports of Kerosene-Type Jet Fuel (Thousand Barrels per Day),256,MBBL/D
2024-10-25,NUS-Z00,U.S.,EPJK,Kerosene-Type Jet Fuel,EEX,Exports,WKJEXUS2,U.S. Exports of Kerosene-Type Jet Fuel (Thousand Barrels per Day),202,MBBL/D
2024-11-01,NUS-Z00,U.S.,EPJK,Kerosene-Type Jet Fuel,EEX,Exports,WKJEXUS2,U.S. Exports of Kerosene-Type Jet Fuel (Thousand Barrels per Day),167,MBBL/D
2024-11-08,NUS-Z00,U.S.,EPJK,Kerosene-Type Jet Fuel,EEX,Exports,WKJEXUS2,U.S. Exports of Kerosene-Type Jet Fuel (Thousand Barrels per Day),199,MBBL/D
2024-11-15,NUS-Z00,U.S.,EPJK,Kerosene-Type Jet Fuel,EEX,Exports,WKJEXUS2,U.S. Exports of Kerosene-Type Jet Fuel (Thousand Barrels per Day),218,MBBL/D
2024-11-22,NUS-Z00,U.S.,EPJK,Kerosene-Type Jet Fuel,EEX,Exports,WKJEXUS2,U.S. Exports of Kerosene-Type Jet Fuel (Thousand Barrels per Day),152,MBBL/D
2024-11-29,NUS-Z00,U.S.,EPJK,Kerosene-Type Jet Fuel,EEX,Exports,WKJEXUS2,U.S. Exports of Kerosene-Type Jet Fuel (Thousand Barrels per Day),381,MBBL/D
2024-12-06,NUS-Z00,U.S.,EPJK,Kerosene-Type Jet Fuel,EEX,Exports,WKJEXUS2,U.S. Exports of Kerosene-Type Jet Fuel (Thousand Barrels per Day),219,MBBL/D
2024-12-13,NUS-Z00,U.S.,EPJK,Kerosene-Type Jet Fuel,EEX,Exports,WKJEXUS2,U.S. Exports of Kerosene-Type Jet Fuel (Thousand Barrels per Day),243,MBBL/D
2024-12-20,NUS-Z00,U.S.,EPJK,Kerosene-Type Jet Fuel,EEX,Exports,WKJEXUS2,U.S. Exports of Kerosene-Type Jet Fuel (Thousand Barrels per Day),181,MBBL/D
2024-12-27,NUS-Z00,U.S.,EPJK,Kerosene-Type Jet Fuel,EEX,Exports,WKJEXUS2,U.S. Exports of Kerosene-Type Jet Fuel (Thousand Barrels per Day),253,MBBL/D
2025-01-03,NUS-Z00,U.S.,EPJK,Kerosene-Type Jet Fuel,EEX,Exports,WKJEXUS2,U.S. Exports of Kerosene-Type Jet Fuel (Thousand Barrels per Day),222,MBBL/D
2025-01-10,NUS-Z00,U.S.,EPJK,Kerosene-Type Jet Fuel,EEX,Exports,WKJEXUS2,U.S. Exports of Kerosene-Type Jet Fuel (Thousand Barrels per Day),230,MBBL/D
2025-01-17,NUS-Z00,U.S.,EPJK,Kerosene-Type Jet Fuel,EEX,Exports,WKJEXUS2,U.S. Exports of Kerosene-Type Jet Fuel (Thousand Barrels per Day),201,MBBL/D
2025-01-24,NUS-Z00,U.S.,EPJK,Kerosene-Type Jet Fuel,EEX,Exports,WKJEXUS2,U.S. Exports of Kerosene-Type Jet Fuel (Thousand Barrels per Day),213,MBBL/D
2025-01-31,NUS-Z00,U.S.,EPJK,Kerosene-Type Jet Fuel,EEX,Exports,WKJEXUS2,U.S. Exports of Kerosene-Type Jet Fuel (Thousand Barrels per Day),212,MBBL/D
2025-02-07,NUS-Z00,U.S.,EPJK,Kerosene-Type Jet Fuel,EEX,Exports,WKJEXUS2,U.S. Exports of Kerosene-Type Jet Fuel (Thousand Barrels per Day),132,MBBL/D
2025-02-14,NUS-Z00,U.S.,EPJK,Kerosene-Type Jet Fuel,EEX,Exports,WKJEXUS2,U.S. Exports of Kerosene-Type Jet Fuel (Thousand Barrels per Day),228,MBBL/D
2025-02-21,NUS-Z00,U.S.,EPJK,Kerosene-Type Jet Fuel,EEX,Exports,WKJEXUS2,U.S. Exports of Kerosene-Type Jet Fuel (Thousand Barrels per Day),149,MBBL/D
2025-02-28,NUS-Z00,U.S.,EPJK,Kerosene-Type Jet Fuel,EEX,Exports,WKJEXUS2,U.S. Exports of Kerosene-Type Jet Fuel (Thousand Barrels per Day),196,MBBL/D
2025-03-07,NUS-Z00,U.S.,EPJK,Kerosene-Type Jet Fuel,EEX,Exports,WKJEXUS2,U.S. Exports of Kerosene-Type Jet Fuel (Thousand Barrels per Day),164,MBBL/D
2025-03-14,NUS-Z00,U.S.,EPJK,Kerosene-Type Jet Fuel,EEX,Exports,WKJEXUS2,U.S. Exports of Kerosene-Type Jet Fuel (Thousand Barrels per Day),192,MBBL/D
2025-03-21,NUS-Z00,U.S.,EPJK,Kerosene-Type Jet Fuel,EEX,Exports,WKJEXUS2,U.S. Exports of Kerosene-Type Jet Fuel (Thousand Barrels per Day),244,MBBL/D
2025-03-28,NUS-Z00,U.S.,EPJK,Kerosene-Type Jet Fuel,EEX,Exports,WKJEXUS2,U.S. Exports of Kerosene-Type Jet Fuel (Thousand Barrels per Day),371,MBBL/D
2025-04-04,NUS-Z00,U.S.,EPJK,Kerosene-Type Jet Fuel,EEX,Exports,WKJEXUS2,U.S. Exports of Kerosene-Type Jet Fuel (Thousand Barrels per Day),278,MBBL/D
2025-04-11,NUS-Z00,U.S.,EPJK,Kerosene-Type Jet Fuel,EEX,Exports,WKJEXUS2,U.S. Exports of Kerosene-Type Jet Fuel (Thousand Barrels per Day),157,MBBL/D
2025-04-18,NUS-Z00,U.S.,EPJK,Kerosene-Type Jet Fuel,EEX,Exports,WKJEXUS2,U.S. Exports of Kerosene-Type Jet Fuel (Thousand Barrels per Day),200,MBBL/D
2025-04-25,NUS-Z00,U.S.,EPJK,Kerosene-Type Jet Fuel,EEX,Exports,WKJEXUS2,U.S. Exports of Kerosene-Type Jet Fuel (Thousand Barrels per Day),176,MBBL/D
2025-05-02,NUS-Z00,U.S.,EPJK,Kerosene-Type Jet Fuel,EEX,Exports,WKJEXUS2,U.S. Exports of Kerosene-Type Jet Fuel (Thousand Barrels per Day),142,MBBL/D
2025-05-09,NUS-Z00,U.S.,EPJK,Kerosene-Type Jet Fuel,EEX,Exports,WKJEXUS2,U.S. Exports of Kerosene-Type Jet Fuel (Thousand Barrels per Day),279,MBBL/D
2025-05-16,NUS-Z00,U.S.,EPJK,Kerosene-Type Jet Fuel,EEX,Exports,WKJEXUS2,U.S. Exports of Kerosene-Type Jet Fuel (Thousand Barrels per Day),210,MBBL/D
2025-05-23,NUS-Z00,U.S.,EPJK,Kerosene-Type Jet Fuel,EEX,Exports,WKJEXUS2,U.S. Exports of Kerosene-Type Jet Fuel (Thousand Barrels per Day),174,MBBL/D
2025-05-30,NUS-Z00,U.S.,EPJK,Kerosene-Type Jet Fuel,EEX,Exports,WKJEXUS2,U.S. Exports of Kerosene-Type Jet Fuel (Thousand Barrels per Day),191,MBBL/D
2025-06-06,NUS-Z00,U.S.,EPJK,Kerosene-Type Jet Fuel,EEX,Exports,WKJEXUS2,U.S. Exports of Kerosene-Type Jet Fuel (Thousand Barrels per Day),243,MBBL/D
2025-06-13,NUS-Z00,U.S.,EPJK,Kerosene-Type Jet Fuel,EEX,Exports,WKJEXUS2,U.S. Exports of Kerosene-Type Jet Fuel (Thousand Barrels per Day),214,MBBL/D
2025-06-20,NUS-Z00,U.S.,EPJK,Kerosene-Type Jet Fuel,EEX,Exports,WKJEXUS2,U.S. Exports of Kerosene-Type Jet Fuel (Thousand Barrels per Day),258,MBBL/D
2025-06-27,NUS-Z00,U.S.,EPJK,Kerosene-Type Jet Fuel,EEX,Exports,WKJEXUS2,U.S. Exports of Kerosene-Type Jet Fuel (Thousand Barrels per Day),168,MBBL/D
2025-07-04,NUS-Z00,U.S.,EPJK,Kerosene-Type Jet Fuel,EEX,Exports,WKJEXUS2,U.S. Exports of Kerosene-Type Jet Fuel (Thousand Barrels per Day),246,MBBL/D
2025-07-11,NUS-Z00,U.S.,EPJK,Kerosene-Type Jet Fuel,EEX,Exports,WKJEXUS2,U.S. Exports of Kerosene-Type Jet Fuel (Thousand Barrels per Day),236,MBBL/D
2025-07-18,NUS-Z00,U.S.,EPJK,Kerosene-Type Jet Fuel,EEX,Exports,WKJEXUS2,U.S. Exports of Kerosene-Type Jet Fuel (Thousand Barrels per Day),256,MBBL/D
2025-07-25,NUS-Z00,U.S.,EPJK,Kerosene-Type Jet Fuel,EEX,Exports,WKJEXUS2,U.S. Exports of Kerosene-Type Jet Fuel (Thousand Barrels per Day),145,MBBL/D
2025-08-01,NUS-Z00,U.S.,EPJK,Kerosene-Type Jet Fuel,EEX,Exports,WKJEXUS2,U.S. Exports of Kerosene-Type Jet Fuel (Thousand Barrels per Day),141,MBBL/D
2025-08-08,NUS-Z00,U.S.,EPJK,Kerosene-Type Jet Fuel,EEX,Exports,WKJEXUS2,U.S. Exports of Kerosene-Type Jet Fuel (Thousand Barrels per Day),255,MBBL/D
2025-08-15,NUS-Z00,U.S.,EPJK,Kerosene-Type Jet Fuel,EEX,Exports,WKJEXUS2,U.S. Exports of Kerosene-Type Jet Fuel (Thousand Barrels per Day),217,MBBL/D
2025-08-22,NUS-Z00,U.S.,EPJK,Kerosene-Type Jet Fuel,EEX,Exports,WKJEXUS2,U.S. Exports of Kerosene-Type Jet Fuel (Thousand Barrels per Day),111,MBBL/D
2025-08-29,NUS-Z00,U.S.,EPJK,Kerosene-Type Jet Fuel,EEX,Exports,WKJEXUS2,U.S. Exports of Kerosene-Type Jet Fuel (Thousand Barrels per Day),296,MBBL/D
2025-09-05,NUS-Z00,U.S.,EPJK,Kerosene-Type Jet Fuel,EEX,Exports,WKJEXUS2,U.S. Exports of Kerosene-Type Jet Fuel (Thousand Barrels per Day),191,MBBL/D
2025-09-12,NUS-Z00,U.S.,EPJK,Kerosene-Type Jet Fuel,EEX,Exports,WKJEXUS2,U.S. Exports of Kerosene-Type Jet Fuel (Thousand Barrels per Day),238,MBBL/D
2025-09-19,NUS-Z00,U.S.,EPJK,Kerosene-Type Jet Fuel,EEX,Exports,WKJEXUS2,U.S. Exports of Kerosene-Type Jet Fuel (Thousand Barrels per Day),304,MBBL/D
2025-09-26,NUS-Z00,U.S.,EPJK,Kerosene-Type Jet Fuel,EEX,Exports,WKJEXUS2,U.S. Exports of Kerosene-Type Jet Fuel (Thousand Barrels per Day),194,MBBL/D
2025-10-03,NUS-Z00,U.S.,EPJK,Kerosene-Type Jet Fuel,EEX,Exports,WKJEXUS2,U.S. Exports of Kerosene-Type Jet Fuel (Thousand Barrels per Day),180,MBBL/D
2025-10-10,NUS-Z00,U.S.,EPJK,Kerosene-Type Jet Fuel,EEX,Exports,WKJEXUS2,U.S. Exports of Kerosene-Type Jet Fuel (Thousand Barrels per Day),146,MBBL/D
2025-10-17,NUS-Z00,U.S.,EPJK,Kerosene-Type Jet Fuel,EEX,Exports,WKJEXUS2,U.S. Exports of Kerosene-Type Jet Fuel (Thousand Barrels per Day),217,MBBL/D
2025-10-24,NUS-Z00,U.S.,EPJK,Kerosene-Type Jet Fuel,EEX,Exports,WKJEXUS2,U.S. Exports of Kerosene-Type Jet Fuel (Thousand Barrels per Day),116,MBBL/D
2025-10-31,NUS-Z00,U.S.,EPJK,Kerosene-Type Jet Fuel,EEX,Exports,WKJEXUS2,U.S. Exports of Kerosene-Type Jet Fuel (Thousand Barrels per Day),149,MBBL/D
2025-11-07,NUS-Z00,U.S.,EPJK,Kerosene-Type Jet Fuel,EEX,Exports,WKJEXUS2,U.S. Exports of Kerosene-Type Jet Fuel (Thousand Barrels per Day),144,MBBL/D
2025-11-14,NUS-Z00,U.S.,EPJK,Kerosene-Type Jet Fuel,EEX,Exports,WKJEXUS2,U.S. Exports of Kerosene-Type Jet Fuel (Thousand Barrels per Day),277,MBBL/D
2025-11-21,NUS-Z00,U.S.,EPJK,Kerosene-Type Jet Fuel,EEX,Exports,WKJEXUS2,U.S. Exports of Kerosene-Type Jet Fuel (Thousand Barrels per Day),304,MBBL/D
2025-11-28,NUS-Z00,U.S.,EPJK,Kerosene-Type Jet Fuel,EEX,Exports,WKJEXUS2,U.S. Exports of Kerosene-Type Jet Fuel (Thousand Barrels per Day),158,MBBL/D
2025-12-05,NUS-Z00,U.S.,EPJK,Kerosene-Type Jet Fuel,EEX,Exports,WKJEXUS2,U.S. Exports of Kerosene-Type Jet Fuel (Thousand Barrels per Day),312,MBBL/D
2025-12-12,NUS-Z00,U.S.,EPJK,Kerosene-Type Jet Fuel,EEX,Exports,WKJEXUS2,U.S. Exports of Kerosene-Type Jet Fuel (Thousand Barrels per Day),226,MBBL/D
2025-12-19,NUS-Z00,U.S.,EPJK,Kerosene-Type Jet Fuel,EEX,Exports,WKJEXUS2,U.S. Exports of Kerosene-Type Jet Fuel (Thousand Barrels per Day),284,MBBL/D
2025-12-26,NUS-Z00,U.S.,EPJK,Kerosene-Type Jet Fuel,EEX,Exports,WKJEXUS2,U.S. Exports of Kerosene-Type Jet Fuel (Thousand Barrels per Day),230,MBBL/D
2026-01-02,NUS-Z00,U.S.,EPJK,Kerosene-Type Jet Fuel,EEX,Exports,WKJEXUS2,U.S. Exports of Kerosene-Type Jet Fuel (Thousand Barrels per Day),375,MBBL/D
2026-01-09,NUS-Z00,U.S.,EPJK,Kerosene-Type Jet Fuel,EEX,Exports,WKJEXUS2,U.S. Exports of Kerosene-Type Jet Fuel (Thousand Barrels per Day),280,MBBL/D
2026-01-16,NUS-Z00,U.S.,EPJK,Kerosene-Type Jet Fuel,EEX,Exports,WKJEXUS2,U.S. Exports of Kerosene-Type Jet Fuel (Thousand Barrels per Day),298,MBBL/D
2026-01-23,NUS-Z00,U.S.,EPJK,Kerosene-Type Jet Fuel,EEX,Exports,WKJEXUS2,U.S. Exports of Kerosene-Type Jet Fuel (Thousand Barrels per Day),339,MBBL/D
2026-01-30,NUS-Z00,U.S.,EPJK,Kerosene-Type Jet Fuel,EEX,Exports,WKJEXUS2,U.S. Exports of Kerosene-Type Jet Fuel (Thousand Barrels per Day),272,MBBL/D
2026-02-06,NUS-Z00,U.S.,EPJK,Kerosene-Type Jet Fuel,EEX,Exports,WKJEXUS2,U.S. Exports of Kerosene-Type Jet Fuel (Thousand Barrels per Day),243,MBBL/D
2026-02-13,NUS-Z00,U.S.,EPJK,Kerosene-Type Jet Fuel,EEX,Exports,WKJEXUS2,U.S. Exports of Kerosene-Type Jet Fuel (Thousand Barrels per Day),203,MBBL/D
2026-02-20,NUS-Z00,U.S.,EPJK,Kerosene-Type Jet Fuel,EEX,Exports,WKJEXUS2,U.S. Exports of Kerosene-Type Jet Fuel (Thousand Barrels per Day),269,MBBL/D
2026-02-27,NUS-Z00,U.S.,EPJK,Kerosene-Type Jet Fuel,EEX,Exports,WKJEXUS2,U.S. Exports of Kerosene-Type Jet Fuel (Thousand Barrels per Day),172,MBBL/D
2026-03-06,NUS-Z00,U.S.,EPJK,Kerosene-Type Jet Fuel,EEX,Exports,WKJEXUS2,U.S. Exports of Kerosene-Type Jet Fuel (Thousand Barrels per Day),206,MBBL/D
2026-03-13,NUS-Z00,U.S.,EPJK,Kerosene-Type Jet Fuel,EEX,Exports,WKJEXUS2,U.S. Exports of Kerosene-Type Jet Fuel (Thousand Barrels per Day),320,MBBL/D
2026-03-20,NUS-Z00,U.S.,EPJK,Kerosene-Type Jet Fuel,EEX,Exports,WKJEXUS2,U.S. Exports of Kerosene-Type Jet Fuel (Thousand Barrels per Day),351,MBBL/D
2026-03-27,NUS-Z00,U.S.,EPJK,Kerosene-Type Jet Fuel,EEX,Exports,WKJEXUS2,U.S. Exports of Kerosene-Type Jet Fuel (Thousand Barrels per Day),380,MBBL/D
2026-04-03,NUS-Z00,U.S.,EPJK,Kerosene-Type Jet Fuel,EEX,Exports,WKJEXUS2,U.S. Exports of Kerosene-Type Jet Fuel (Thousand Barrels per Day),442,MBBL/D
2026-04-10,NUS-Z00,U.S.,EPJK,Kerosene-Type Jet Fuel,EEX,Exports,WKJEXUS2,U.S. Exports of Kerosene-Type Jet Fuel (Thousand Barrels per Day),290,MBBL/D
2026-04-17,NUS-Z00,U.S.,EPJK,Kerosene-Type Jet Fuel,EEX,Exports,WKJEXUS2,U.S. Exports of Kerosene-Type Jet Fuel (Thousand Barrels per Day),370,MBBL/D
2026-04-24,NUS-Z00,U.S.,EPJK,Kerosene-Type Jet Fuel,EEX,Exports,WKJEXUS2,U.S. Exports of Kerosene-Type Jet Fuel (Thousand Barrels per Day),243,MBBL/D
2026-05-01,NUS-Z00,U.S.,EPJK,Kerosene-Type Jet Fuel,EEX,Exports,WKJEXUS2,U.S. Exports of Kerosene-Type Jet Fuel (Thousand Barrels per Day),427,MBBL/D
2026-05-08,NUS-Z00,U.S.,EPJK,Kerosene-Type Jet Fuel,EEX,Exports,WKJEXUS2,U.S. Exports of Kerosene-Type Jet Fuel (Thousand Barrels per Day),455,MBBL/D
2026-05-15,NUS-Z00,U.S.,EPJK,Kerosene-Type Jet Fuel,EEX,Exports,WKJEXUS2,U.S. Exports of Kerosene-Type Jet Fuel (Thousand Barrels per Day),312,MBBL/D
2026-05-22,NUS-Z00,U.S.,EPJK,Kerosene-Type Jet Fuel,EEX,Exports,WKJEXUS2,U.S. Exports of Kerosene-Type Jet Fuel (Thousand Barrels per Day),311,MBBL/D
2026-05-29,NUS-Z00,U.S.,EPJK,Kerosene-Type Jet Fuel,EEX,Exports,WKJEXUS2,U.S. Exports of Kerosene-Type Jet Fuel (Thousand Barrels per Day),408,MBBL/D
2026-06-05,NUS-Z00,U.S.,EPJK,Kerosene-Type Jet Fuel,EEX,Exports,WKJEXUS2,U.S. Exports of Kerosene-Type Jet Fuel (Thousand Barrels per Day),360,MBBL/D
2026-06-12,NUS-Z00,U.S.,EPJK,Kerosene-Type Jet Fuel,EEX,Exports,WKJEXUS2,U.S. Exports of Kerosene-Type Jet Fuel (Thousand Barrels per Day),355,MBBL/D
2026-06-19,NUS-Z00,U.S.,EPJK,Kerosene-Type Jet Fuel,EEX,Exports,WKJEXUS2,U.S. Exports of Kerosene-Type Jet Fuel (Thousand Barrels per Day),378,MBBL/D
2026-06-26,NUS-Z00,U.S.,EPJK,Kerosene-Type Jet Fuel,EEX,Exports,WKJEXUS2,U.S. Exports of Kerosene-Type Jet Fuel (Thousand Barrels per Day),275,MBBL/D
2026-07-03,NUS-Z00,U.S.,EPJK,Kerosene-Type Jet Fuel,EEX,Exports,WKJEXUS2,U.S. Exports of Kerosene-Type Jet Fuel (Thousand Barrels per Day),295,MBBL/D
2026-07-10,NUS-Z00,U.S.,EPJK,Kerosene-Type Jet Fuel,EEX,Exports,WKJEXUS2,U.S. Exports of Kerosene-Type Jet Fuel (Thousand Barrels per Day),412,MBBL/D
2026-07-17,NUS-Z00,U.S.,EPJK,Kerosene-Type Jet Fuel,EEX,Exports,WKJEXUS2,U.S. Exports of Kerosene-Type Jet Fuel (Thousand Barrels per Day),290,MBBL/D
2026-07-24,NUS-Z00,U.S.,EPJK,Kerosene-Type Jet Fuel,EEX,Exports,WKJEXUS2,U.S. Exports of Kerosene-Type Jet Fuel (Thousand Barrels per Day),363,MBBL/D
2026-07-31,NUS-Z00,U.S.,EPJK,Kerosene-Type Jet Fuel,EEX,Exports,WKJEXUS2,U.S. Exports of Kerosene-Type Jet Fuel (Thousand Barrels per Day),445,MBBL/D
2026-08-07,NUS-Z00,U.S.,EPJK,Kerosene-Type Jet Fuel,EEX,Exports,WKJEXUS2,U.S. Exports of Kerosene-Type Jet Fuel (Thousand Barrels per Day),443,MBBL/D
2026-08-14,NUS-Z00,U.S.,EPJK,Kerosene-Type Jet Fuel,EEX,Exports,WKJEXUS2,U.S. Exports of Kerosene-Type Jet Fuel (Thousand Barrels per Day),372,MBBL/D
2026-08-21,NUS-Z00,U.S.,EPJK,Kerosene-Type Jet Fuel,EEX,Exports,WKJEXUS2,U.S. Exports of Kerosene-Type Jet Fuel (Thousand Barrels per Day),359,MBBL/D
2026-08-28,NUS-Z00,U.S.,EPJK,Kerosene-Type Jet Fuel,EEX,Exports,WKJEXUS2,U.S. Exports of Kerosene-Type Jet Fuel (Thousand Barrels per Day),331,MBBL/D
2026-09-04,NUS-Z00,U.S.,EPJK,Kerosene-Type Jet Fuel,EEX,Exports,WKJEXUS2,U.S. Exports of Kerosene-Type Jet Fuel (Thousand Barrels per Day),309,MBBL/D
