week_ending,LA_JET,GC_JET,NY_JET,HO,WTI,BRENT,GASOIL,NWE_JET,SING_KERO,LA_GC_1,LA_GC_2,NY_GC_1,NY_GC_2,LA_NY_1,NWE_GC_1,SING_GC_1,NY_NWE_1,LA_SING_1,LA_JET_M1M2,LA_JET_M2M3,LA_JET_M1M3,GC_JET_M1M2,GC_JET_M2M3,GC_JET_M1M3,NY_JET_M1M2,NY_JET_M2M3,NY_JET_M1M3,HO_M1M2,HO_M2M3,HO_M1M3,WTI_M1M2,WTI_M2M3,WTI_M1M3,BRENT_M1M2,BRENT_M2M3,BRENT_M1M3,GASOIL_M1M2,GASOIL_M2M3,GASOIL_M1M3,NWE_JET_M1M2,NWE_JET_M2M3,NWE_JET_M1M3,SING_KERO_M1M2,SING_KERO_M2M3,SING_KERO_M1M3,LA_DIFF_1,GC_DIFF_1,NY_DIFF_1,GC_JET_BRENT,GC_JET_WTI,HO_BRENT,HO_WTI,BRENT_WTI,HO_GASOIL,NWE_JET_GASOIL,month_change_week,covid_week
2011-01-07,258.36,254.54,,251.98,213.16666666666666,224.61904761904762,248.14637264301692,258.7231085327532,253.38095238095238,3.8200000000000216,3.5600000000000023,,,,4.183108532753209,-1.1590476190476124,,4.979047619047634,-1.3600000000000136,-2.0599999999999454,-3.419999999999959,-1.620000000000033,-0.839999999999975,-2.460000000000008,,,,-0.700000000000017,0.3100000000000023,-0.3900000000000148,-2.6666666666666856,-2.214285714285694,-4.88095238095238,0.2380952380952408,-0.2380952380952408,0.0,-1.9654841802492626,-1.454138702460824,-3.4196228827100867,-0.960841189267569,-1.0635726371767191,-2.024413826444288,-0.5714285714285552,-0.880952380952408,-1.4523809523809632,5.17,1.35,,29.92095238095237,41.373333333333335,27.36095238095237,38.81333333333333,11.452380952380963,3.8336273569830723,22.02683103698332,False,False
2011-01-14,266.11,262.47,,260.76,216.73809523809524,232.45238095238093,255.22531160115048,268.25900410925794,263.1666666666667,3.6399999999999864,4.640000000000043,,,,5.789004109257917,0.6966666666666583,,2.943333333333328,-2.3000000000000114,-3.6299999999999955,-5.930000000000007,-1.2999999999999545,-0.5900000000000318,-1.8899999999999864,,,,-0.30000000000001137,0.7099999999999795,0.40999999999996817,-2.642857142857139,-2.309523809523796,-4.952380952380935,1.0476190476190368,0.1904761904761756,1.2380952380952124,-2.396931927133295,-1.054650047938594,-3.451581975071889,-0.7916364515348846,-0.7130771090161829,-1.5047135605510675,-0.4761904761904816,-0.45238095238090636,-0.928571428571388,4.89,1.25,,30.017619047619092,45.73190476190479,28.307619047619056,44.02190476190475,15.714285714285694,5.534688398849511,23.975707034082667,False,False
2011-01-21,267.5,265.68,,264.4,214.4047619047619,232.16666666666669,260.11505273250236,271.11433405849647,265.1666666666667,1.8199999999999932,2.8100000000000023,,,,5.434334058496461,-0.5133333333333212,,2.3333333333333144,-1.990000000000009,-3.7899999999999636,-5.779999999999973,-1.0,-0.21999999999997044,-1.2199999999999704,,,,-0.32000000000005,1.0600000000000023,0.7399999999999523,-2.4761904761904816,-2.952380952380935,-5.428571428571416,0.0,-0.3333333333333144,-0.3333333333333144,-1.3902205177373048,-0.6871204857781663,-2.077341003515471,-0.4230118443316542,-0.6012811215856573,-1.0242929659173114,-0.2619047619047592,-0.5238095238095184,-0.7857142857142776,3.07,1.25,,33.51333333333332,51.27523809523811,32.23333333333329,49.99523809523808,17.761904761904788,4.284947267497614,24.413826444283295,False,False
2011-01-28,268.82,266.45,,264.54,207.78571428571428,231.7142857142857,260.11505273250236,271.7367657722988,265.6666666666667,2.3700000000000045,3.2900000000000205,,,,5.286765772298793,-0.783333333333303,,3.1533333333333076,-2.0400000000000205,-3.659999999999968,-5.699999999999989,-1.1200000000000045,-0.4399999999999977,-1.5600000000000023,,,,-0.2699999999999818,0.8000000000000114,0.5300000000000296,-4.952380952380935,-4.142857142857167,-9.095238095238102,-0.19047619047623243,-0.5476190476190084,-0.7380952380952408,-1.6938318951741849,-1.0706295941195094,-2.7644614892936943,-0.7463137539279501,-0.9306260575295937,-1.6769398114575438,-0.2380952380952408,-0.6904761904761472,-0.928571428571388,3.62,1.25,,34.735714285714295,58.66428571428571,32.82571428571433,56.75428571428574,23.928571428571416,4.424947267497657,24.474256707759245,False,False
2011-02-04,280.59,277.86,,275.37,215.90476190476193,241.28571428571428,271.2527964205816,284.3576262992507,277.0,2.7299999999999613,5.5,,,,6.497626299250669,-0.8600000000000136,,3.589999999999975,-3.590000000000032,-1.099999999999966,-4.689999999999998,-0.8199999999999932,-1.0699999999999932,-1.8899999999999864,,,,0.25,0.10000000000002274,0.35000000000002274,-6.261904761904731,-4.690476190476204,-10.952380952380935,-0.6666666666666856,-0.6904761904761756,-1.3571428571428612,-1.6778523489932695,-1.0866091403004248,-2.7644614892936943,-0.305172830553488,-0.5106357263717882,-0.8158085569252762,-0.4047619047619264,-0.6904761904761472,-1.0952380952380736,5.5,2.77,,36.574285714285736,61.95523809523809,34.08428571428573,59.46523809523808,25.38095238095235,4.117203579418401,25.62243171380227,True,False
2011-02-11,281.33,276.84,,272.27,206.4047619047619,239.66666666666666,271.7481623521891,285.04955281605027,277.9761904761905,4.490000000000009,7.100000000000023,,,,8.20955281605029,1.1361904761905066,,3.3538095238095025,-3.7100000000000364,-1.8599999999999568,-5.569999999999993,-1.1000000000000227,-1.2800000000000296,-2.3800000000000523,,,,-0.29000000000002046,-0.6700000000000159,-0.9600000000000364,-7.904761904761926,-7.0,-14.904761904761926,-0.8571428571428612,-1.0,-1.8571428571428612,-1.8056887184404218,-1.022690955576877,-2.828379674017299,-0.3927967125936789,-0.6919265167995832,-1.084723229393262,-0.6190476190476488,-0.49999999999994316,-1.119047619047592,8.08,3.59,,37.17333333333332,70.43523809523808,32.603333333333325,65.86523809523808,33.26190476190476,0.5218376478108553,25.652646845540247,False,False
2011-02-18,286.43,281.47,,273.99,203.1904761904762,244.57142857142856,277.43688079258544,287.20087019579404,281.3095238095238,4.9599999999999795,5.939999999999998,,,,5.730870195794012,-0.1604761904762313,,5.120476190476211,-1.3000000000000114,-1.9399999999999977,-3.240000000000009,-0.3199999999999932,-0.6099999999999568,-0.92999999999995,,,,-0.7199999999999704,-0.8600000000000136,-1.579999999999984,-7.61904761904762,-7.071428571428555,-14.690476190476176,-0.7142857142857224,-0.4761904761904816,-1.190476190476204,-1.1505273250239725,-0.942793224672414,-2.0933205496963865,-0.5227217790669556,-0.728184674885199,-1.2509064539521546,0.023809523809518396,-0.5952380952381304,-0.571428571428612,11.41,6.45,,36.89857142857147,78.27952380952382,29.418571428571454,70.7995238095238,41.38095238095235,-3.446880792585432,25.577109016195312,False,False
2011-02-25,302.39,295.68,,287.64,230.26190476190473,260.1190476190476,289.14988814317667,304.62291515591005,298.6904761904762,6.7099999999999795,7.229999999999961,,,,8.942915155910043,3.010476190476197,,3.6995238095237823,-0.8100000000000023,-1.0500000000000114,-1.8600000000000136,-0.29000000000002046,-0.5299999999999727,-0.8199999999999932,,,,-1.330000000000041,-1.1899999999999977,-2.5200000000000387,-3.880952380952408,-2.142857142857139,-6.023809523809547,0.309523809523796,0.16666666666668561,0.4761904761904816,-1.054650047938651,-0.9747523170341879,-2.0294023649728388,0.658689871887816,-0.20546289581818655,0.4532269760696295,0.9047619047619264,-0.023809523809518396,0.880952380952408,14.51,7.8,,35.560952380952415,65.41809523809528,27.520952380952394,57.378095238095256,29.85714285714286,-1.5098881431766813,29.036741600193373,False,False
2011-03-04,318.32,312.55,,302.91,240.54761904761904,273.5,304.47427293064874,318.96301667875275,311.2857142857143,5.769999999999982,6.230000000000018,,,,6.41301667875274,-1.2642857142857338,,7.034285714285716,-0.5400000000000205,-1.3600000000000136,-1.900000000000034,-0.07999999999998408,-0.6299999999999955,-0.7099999999999795,,,,-1.079999999999984,-1.1200000000000045,-2.1999999999999886,-3.357142857142861,-1.6190476190476204,-4.976190476190482,0.2380952380952408,0.309523809523796,0.5476190476190368,-1.0226909555768202,-0.9427932246724708,-1.965484180249291,0.13294657964712542,-0.4471839497220458,-0.31423737007492036,-0.023809523809518396,-0.380952380952408,-0.4047619047619264,13.78,8.01,,39.05000000000001,72.00238095238097,29.410000000000025,62.36238095238099,32.95238095238096,-1.5642729306487126,28.85545080976553,True,False
2011-03-11,318.16,312.68,,304.43,246.99999999999997,273.0,307.7021412591882,318.2257674643462,310.5,5.480000000000018,6.020000000000039,,,,5.54576746434617,-2.180000000000007,,7.660000000000025,-0.2599999999999909,-1.259999999999991,-1.5199999999999818,0.28000000000002956,-0.7200000000000273,-0.4399999999999977,,,,-0.9900000000000091,-1.0299999999999727,-2.019999999999982,-2.785714285714306,-1.4285714285714448,-4.214285714285751,-0.16666666666668561,0.14285714285716722,-0.023809523809518396,-0.031959092361773855,-0.6871204857781663,-0.7190795781399402,-0.018129079042751073,-0.8278946096205004,-0.8460236886632515,-0.3571428571428328,-0.4047619047619264,-0.7619047619047592,13.23,7.75,,39.68000000000001,65.68000000000004,31.430000000000007,57.430000000000035,26.00000000000003,-3.2721412591881744,27.677060671984528,False,False
2011-03-18,318.95,310.75,,302.08,237.54761904761904,267.45238095238096,308.1176094598913,319.38905003625814,311.8333333333333,8.199999999999989,8.410000000000025,,,,8.63905003625814,1.0833333333333144,,7.116666666666674,0.22999999999996135,-0.839999999999975,-0.6100000000000136,0.4399999999999977,-0.2699999999999818,0.17000000000001592,,,,-0.8700000000000045,-0.8199999999999932,-1.6899999999999977,-2.142857142857167,-1.4761904761904816,-3.619047619047649,0.14285714285716722,0.42857142857138797,0.5714285714285552,0.4314477468840323,0.33557046979859706,0.7670182166826294,0.6889050036257913,0.10877447425667697,0.7976794778824683,0.5952380952380736,0.2619047619047592,0.8571428571428328,16.1,7.9,,43.29761904761904,73.20238095238096,34.62761904761902,64.53238095238095,29.904761904761926,-6.037609459891314,29.133430021754894,False,False
2011-03-25,324.89,315.38,,306.01,249.0952380952381,275.0,314.173857462448,323.9334058496495,316.64285714285717,9.509999999999991,8.430000000000007,,,,8.553405849649494,1.2628571428571718,,8.24714285714282,0.9199999999999591,-1.17999999999995,-0.2599999999999909,-0.160000000000025,-0.6599999999999682,-0.8199999999999932,,,,-1.6200000000000045,-1.4599999999999795,-3.079999999999984,-1.5238095238095184,-1.1428571428571388,-2.666666666666657,0.2142857142857224,0.5,0.7142857142857224,0.3355704697986539,0.12783636944709542,0.4634068392457493,-0.21452743533961893,-0.3051728305535448,-0.5197002658931638,0.14285714285716722,-0.11904761904759198,0.02380952380957524,17.55,8.04,,40.379999999999995,66.2847619047619,31.00999999999999,56.91476190476189,25.904761904761898,-8.163857462447993,28.015470147449843,False,False
2011-04-01,326.16,315.98,,306.61,251.2857142857143,276.73809523809524,315.19654841802486,324.2778583514624,317.4285714285714,10.180000000000007,9.230000000000018,,,,8.297858351462366,1.4485714285713698,,8.731428571428637,0.9300000000000068,-0.39999999999997726,0.5300000000000296,-0.01999999999998181,-0.75,-0.7699999999999818,,,,-1.579999999999984,-1.1899999999999977,-2.769999999999982,-1.309523809523796,-1.1428571428571104,-2.4523809523809064,0.5,0.5952380952381304,1.0952380952381304,0.8788750399488663,0.35155001597956925,1.2304250559284355,0.030215131737918455,-0.25985013294655346,-0.229635001208635,0.5952380952380736,0.09523809523807358,0.6904761904761472,17.97,7.8,,39.24190476190478,64.69428571428571,29.871904761904773,55.32428571428571,25.452380952380935,-8.586548418024847,27.501812907904277,True,False
2011-04-08,338.57,328.03,,321.47,261.3095238095238,292.8095238095238,328.10802173218275,337.6087744742567,330.2380952380952,10.54000000000002,10.0,,,,9.578774474256704,2.2080952380952112,,8.33190476190481,-0.38999999999998636,2.519999999999982,2.1299999999999955,-0.9300000000000068,-1.9700000000000273,-2.900000000000034,,,,-1.1399999999999864,-1.2199999999999704,-2.359999999999957,-1.4285714285714448,-1.2380952380952408,-2.6666666666666856,0.9761904761904816,0.9047619047618696,1.8809523809523512,1.1984659635666617,0.4793863854266647,1.6778523489933264,-0.08460236886639905,0.12086052695195804,0.03625815808555899,0.28571428571422075,-0.11904761904759198,0.16666666666662877,16.6,6.05,,35.22047619047618,66.72047619047618,28.66047619047623,60.16047619047623,31.5,-6.638021732182722,28.187696398356298,False,False
2011-04-15,339.18,327.99,,320.82,257.6428571428571,292.1904761904762,329.35442633429204,336.78390137780997,328.8571428571429,11.189999999999998,10.5,,,,8.79390137780996,0.8671428571428805,,10.322857142857117,-0.6999999999999886,2.3500000000000227,1.650000000000034,-1.3899999999999864,-2.1999999999999886,-3.589999999999975,,,,-1.2900000000000205,-1.5399999999999636,-2.829999999999984,-1.4761904761904816,-1.309523809523796,-2.7857142857142776,1.0952380952380736,0.9285714285714448,2.0238095238095184,2.2850751038670296,-0.6072227548737033,1.6778523489933264,-0.6768189509306239,-0.6224317138023139,-1.2992506647329378,-0.23809523809518396,-0.571428571428612,-0.809523809523796,16.69,5.5,,35.799523809523805,70.3471428571429,28.62952380952379,63.17714285714288,34.547619047619094,-8.53442633429205,28.432438965433885,False,False
2011-04-22,337.35,326.3,,319.05,261.3095238095238,292.1190476190476,322.7484819431128,335.798888083152,326.88095238095235,11.050000000000011,10.28000000000003,,,,9.498888083151996,0.5809523809523398,,10.469047619047672,-0.8899999999999864,2.240000000000009,1.3500000000000227,-1.6599999999999682,-2.230000000000018,-3.8899999999999864,,,,-1.4499999999999886,-1.6899999999999977,-3.1399999999999864,-0.9761904761904816,-0.8571428571428328,-1.8333333333333144,0.7619047619047024,0.8095238095238528,1.5714285714285552,-1.016299137104454,-0.9587727708533293,-1.9750719079577834,-0.7432922407541582,-0.655668358714081,-1.3989605994682393,-1.0238095238095752,-0.6666666666666288,-1.690476190476204,16.63,5.58,,34.18095238095242,64.99047619047622,26.93095238095242,57.740476190476215,30.809523809523796,-3.6984819431127676,28.79502054628958,False,False
2011-04-29,342.92,330.21,,322.28,268.5952380952381,297.07142857142856,327.4528603387663,340.02296350012085,331.9047619047619,12.710000000000036,11.629999999999995,,,,9.812963500120873,1.6947619047619469,,11.01523809523809,-0.589999999999975,2.5299999999999727,1.9399999999999977,-1.670000000000016,-2.5400000000000205,-4.210000000000036,,,,-1.6400000000000432,-1.669999999999959,-3.3100000000000023,-1.1666666666666856,-0.6666666666666856,-1.8333333333333712,0.7380952380952408,0.7619047619047592,1.5,-1.0386705017577356,-1.0386705017577356,-2.077341003515471,-0.33840947546531197,-0.4834421078075479,-0.8218515832728599,0.047619047619093635,-0.309523809523796,-0.26190476190470235,18.72,6.02,,33.138571428571424,61.614761904761906,25.208571428571418,53.6847619047619,28.47619047619048,-5.172860338766327,29.341914430746918,False,False
2011-05-06,325.44,314.71,,306.37,252.76190476190476,280.3333333333333,314.7171620325982,323.0994682136814,314.7857142857143,10.730000000000018,6.199999999999989,,,,8.389468213681425,0.07571428571429806,,10.65428571428572,2.160000000000025,-1.740000000000009,0.4200000000000159,-2.3700000000000045,-1.900000000000034,-4.270000000000039,,,,-1.490000000000009,-1.490000000000009,-2.980000000000018,-1.2619047619047592,-0.714285714285694,-1.9761904761904532,0.5952380952380736,0.6428571428571672,1.2380952380952408,-1.0067114093959617,-1.0866091403004248,-2.0933205496963865,-0.13596809282086042,-0.5529369108049309,-0.6889050036257913,-0.09523809523807358,-0.3333333333333144,-0.42857142857138797,17.45,6.72,,34.376666666666665,61.94809523809522,26.03666666666669,53.608095238095245,27.571428571428555,-8.347162032598192,28.429417452260093,False,False
2011-05-13,313.24,305.39,,294.34,239.64285714285717,272.8095238095238,296.7561521252796,311.9228909838047,303.0714285714286,7.850000000000023,4.2999999999999545,,,,6.532890983804691,-2.3185714285713743,,10.168571428571397,2.5300000000000296,-1.6299999999999955,0.9000000000000341,-1.0200000000000387,-0.9199999999999591,-1.9399999999999977,,,,-1.2600000000000477,-1.2799999999999727,-2.5400000000000205,-1.2857142857142492,-0.880952380952408,-2.166666666666657,1.3809523809523512,1.0952380952380736,2.4761904761904248,0.23969319271333234,-1.1665068712048878,-0.9268136784915555,-0.08460236886628536,-0.45927000241727,-0.5438723712835554,-0.23809523809518396,-0.380952380952408,-0.619047619047592,17.61,9.76,,32.58047619047619,65.74714285714282,21.53047619047618,54.69714285714281,33.16666666666663,-2.416152125279609,29.701474498428812,False,False
2011-05-20,305.59,300.56,,288.77,234.42857142857142,266.1190476190476,291.2272291466922,306.29683345419386,297.7142857142857,5.029999999999973,4.909999999999968,,,,5.736833454193857,-2.84571428571428,,7.875714285714253,-0.5400000000000205,0.46999999999997044,-0.07000000000005002,-0.660000000000025,-0.67999999999995,-1.339999999999975,,,,-1.3700000000000045,-1.4600000000000364,-2.830000000000041,-1.2142857142857224,-0.9285714285714164,-2.142857142857139,1.6428571428571104,1.0238095238095184,2.6666666666666288,-1.1505273250239725,-1.1505273250239725,-2.301054650047945,-0.12992506647327673,-0.19941986947060286,-0.3293449359438796,-0.309523809523796,-0.309523809523796,-0.619047619047592,15.52,10.5,,34.44095238095241,66.13142857142859,22.65095238095239,54.341428571428565,31.690476190476176,-2.457229146692214,29.40536620739666,False,False
2011-05-27,309.4,305.28,,294.21,237.83333333333334,270.3095238095238,296.4046021093001,309.79272419627745,301.16666666666663,4.1200000000000045,5.2099999999999795,,,,4.512724196277475,-4.113333333333344,,8.233333333333348,-1.490000000000009,1.75,0.2599999999999909,-0.4000000000000341,-1.079999999999984,-1.4800000000000182,,,,-1.150000000000034,-1.3999999999999773,-2.5500000000000114,-1.2142857142857224,-1.0476190476190368,-2.261904761904759,0.8333333333333144,1.0,1.8333333333333144,-1.086609140300368,-1.0706295941195663,-2.157238734419934,-0.302151317379753,-0.6194102006284652,-0.9215615180082182,-0.7380952380952408,-0.5238095238095752,-1.261904761904816,14.24,10.11,,34.97047619047618,67.44666666666663,23.900476190476184,56.37666666666664,32.47619047619045,-2.1946021093000923,28.56538554508098,False,False
2011-06-03,318.56,312.6,,304.14,240.23809523809524,274.90476190476187,304.17066155321186,315.8901377810007,309.3571428571429,5.9599999999999795,4.3799999999999955,,,,3.2901377810006807,-3.242857142857133,,9.202857142857113,0.28000000000002956,-0.7000000000000455,-0.4200000000000159,-1.2999999999999545,-1.6000000000000227,-2.8999999999999773,,,,-0.9900000000000091,-1.670000000000016,-2.660000000000025,-1.3809523809523796,-1.1428571428571104,-2.52380952380949,0.8333333333333144,1.0,1.8333333333333144,-0.942793224672414,-1.0386705017577356,-1.9814637264301496,-0.5166787527193719,-0.7523567802755906,-1.2690355329949625,-0.7380952380952408,-0.7142857142856656,-1.4523809523809064,14.51,8.55,,37.69523809523815,72.36190476190478,29.235238095238117,63.901904761904746,34.66666666666663,-0.03066155321187125,27.5924583031182,True,False
2011-06-10,321.83,317.55,,308.62,238.11904761904762,279.73809523809524,308.66091403004145,320.4254290548707,312.42857142857144,4.279999999999973,2.160000000000025,,,,2.875429054870665,-5.121428571428567,,9.40142857142854,0.3299999999999841,-1.8000000000000114,-1.4700000000000273,-1.7899999999999636,-1.740000000000009,-3.5299999999999727,,,,-1.4099999999999682,-1.7900000000000205,-3.1999999999999886,-1.3571428571428612,-1.2142857142857224,-2.5714285714285836,1.0,1.2380952380952408,2.238095238095241,-1.0546500479387078,-1.1345477788430571,-2.189197826781765,-0.9638627024414177,-0.8973894126178266,-1.8612521150592443,-0.9761904761904248,-0.9285714285715017,-1.9047619047619264,11.8,7.52,,37.81190476190477,79.43095238095239,28.881904761904764,70.50095238095238,41.61904761904762,-0.04091403004144922,26.861252115059223,False,False
2011-06-17,315.59,312.63,,304.07,228.3095238095238,277.9047619047619,309.8114413550654,321.3288614938361,312.9761904761904,2.9599999999999795,3.1100000000000136,,,,8.698861493836091,0.3461904761904293,,2.6138095238095502,-1.910000000000025,-1.829999999999984,-3.740000000000009,-1.759999999999991,-1.7700000000000387,-3.5300000000000296,,,,-1.400000000000034,-1.759999999999991,-3.160000000000025,-1.0714285714285836,-1.0952380952380736,-2.166666666666657,3.0238095238095184,0.9523809523809632,3.9761904761904816,-1.3103227868328986,-1.1185682326621986,-2.4288910194950972,-0.8188300700991249,-0.7583998066231743,-1.5772298767222992,-0.9047619047619833,-0.9523809523809064,-1.8571428571428896,10.13,7.16,,34.72523809523807,84.3204761904762,26.165238095238067,75.7604761904762,49.59523809523813,-5.741441355065433,27.556200145032633,False,False
2011-06-24,298.52,294.65,,286.18,221.07142857142856,261.54761904761904,290.42825183764774,302.42325356538555,294.04761904761904,3.8700000000000045,4.3799999999999955,,,,7.773253565385573,-0.6023809523809405,,4.472380952380945,-2.4399999999999977,-2.590000000000032,-5.03000000000003,-1.9300000000000068,-1.9700000000000273,-3.900000000000034,,,,-1.670000000000016,-1.92999999999995,-3.599999999999966,-1.285714285714306,-1.1190476190476204,-2.4047619047619264,0.5476190476190368,0.16666666666668561,0.7142857142857224,-1.3902205177373048,-1.2304250559284355,-2.6206455736657404,-1.0001208605269767,-0.9547981629199285,-1.9549190234469052,-1.0476190476190368,-1.1190476190476488,-2.1666666666666856,10.67,6.8,,33.10238095238094,73.57857142857142,24.63238095238097,65.10857142857145,40.47619047619048,-4.248251837647729,26.921682378535166,False,False
2011-07-01,299.7,295.67,,287.36,223.16666666666669,262.57142857142856,289.14988814317667,301.8008218515833,293.76190476190476,4.029999999999973,4.810000000000002,,,,6.130821851583278,-1.9080952380952567,,5.938095238095229,-2.6200000000000045,-1.75,-4.3700000000000045,-1.839999999999975,-1.0600000000000023,-2.8999999999999773,,,,-1.509999999999991,-1.7900000000000205,-3.3000000000000114,-1.309523809523796,-1.2857142857142492,-2.595238095238045,0.14285714285711038,-0.3571428571428328,-0.2142857142857224,-1.1185682326621986,-1.0866091403004248,-2.2051773729626234,-0.7402707275803095,-0.7342277012328395,-1.474498428813149,-1.0,-1.0,-2.0,10.82,6.8,,33.09857142857146,72.50333333333333,24.78857142857146,64.19333333333333,39.40476190476187,-1.789888143176654,27.51087744742567,True,False
2011-07-08,312.95,308.47,,302.96,231.19047619047618,274.07142857142856,300.2396931927133,312.46676335508823,305.26190476190476,4.479999999999961,5.180000000000007,,,,3.9967633550882056,-3.208095238095268,,7.688095238095229,-2.5200000000000387,1.900000000000034,-0.6200000000000045,-1.8199999999999932,2.2200000000000273,0.4000000000000341,,,,-1.4300000000000068,-1.5600000000000023,-2.990000000000009,-1.1666666666666856,-1.0952380952380736,-2.261904761904759,1.0238095238095184,0.0,1.0238095238095184,-1.1505273250239725,-0.9268136784915555,-2.077341003515528,-0.8550882281846839,-0.8581097413584189,-1.7131979695431028,-1.1428571428571104,-0.880952380952408,-2.0238095238095184,10.73,6.25,,34.39857142857147,77.27952380952385,28.888571428571424,71.7695238095238,42.88095238095238,2.720306807286704,26.951897510273145,False,False
2011-07-15,319.2,316.99,,309.55,230.26190476190473,280.64285714285717,310.019175455417,320.80613971476913,313.4285714285714,2.2099999999999795,2.0600000000000023,,,,3.816139714769122,-3.561428571428621,,5.771428571428601,-1.4300000000000068,-1.3000000000000114,-2.730000000000018,-1.579999999999984,2.1100000000000136,0.5300000000000296,,,,-1.1899999999999977,-1.329999999999984,-2.519999999999982,-1.0000000000000284,-1.0238095238095184,-2.023809523809547,2.1666666666666856,-0.07142857142855519,2.0952380952381304,-1.0866091403004816,-0.671140939597251,-1.7577500798977326,-0.6496253323664973,-1.0907662557408457,-1.740391588107343,-1.1190476190477057,-1.0952380952380167,-2.2142857142857224,8.45,6.25,,36.34714285714284,86.72809523809528,28.907142857142844,79.28809523809528,50.380952380952436,-0.46917545541697336,26.64370316654581,False,False
2011-07-22,318.51,317.8,,310.43,233.5952380952381,279.73809523809524,312.38414829018853,322.0661107082427,314.76190476190476,0.7099999999999795,2.0500000000000114,,,,4.2661107082427066,-3.038095238095252,,3.7480952380952317,-2.8799999999999955,-1.5300000000000296,-4.410000000000025,-1.5399999999999636,0.839999999999975,-0.6999999999999886,,,,-1.3199999999999932,-1.3899999999999864,-2.7099999999999795,-0.7619047619047592,-0.9285714285714164,-1.6904761904761756,0.2380952380952408,-0.2380952380952408,0.0,-0.9108341323105833,-0.8309364014062339,-1.7417705337168172,-1.0122069132220872,-1.8249939569736284,-2.8372008701957157,-1.309523809523796,-1.2380952380952976,-2.5476190476190936,6.76,6.05,,38.06190476190477,84.20476190476191,30.691904761904766,76.8347619047619,46.14285714285714,-1.9541482901885274,26.16630408508581,False,False
2011-07-29,314.87,316.83,,310.1,233.02380952380952,279.88095238095235,312.03259827420896,321.98755136572396,314.6190476190476,-1.9599999999999795,-1.9599999999999795,,,,5.157551365723975,-2.210952380952392,,0.25095238095241257,-1.4499999999999886,-3.980000000000018,-5.430000000000007,-1.4499999999999886,0.029999999999972715,-1.420000000000016,,,,-0.9799999999999613,-1.4499999999999886,-2.42999999999995,-1.0000000000000284,-1.119047619047592,-2.1190476190476204,0.4047619047618696,-0.07142857142855519,0.3333333333333144,-0.7829977628634879,-0.7350591243209124,-1.5180568871844002,-0.9336475707033856,-2.063693497703639,-2.9973410684070245,-1.2857142857143344,-1.0714285714285552,-2.3571428571428896,3.79,5.75,,36.94904761904763,83.80619047619047,30.21904761904767,77.0761904761905,46.85714285714283,-1.9325982742089423,26.49867053420353,False,False
2011-08-05,306.49,307.81,,300.87,216.2380952380952,268.14285714285717,302.90827740492165,312.90488276528885,305.69047619047615,-1.3199999999999932,1.670000000000016,,,,5.094882765288844,-2.119523809523855,,0.7995238095238619,-2.8600000000000136,1.2300000000000182,-1.6299999999999955,0.12999999999999545,0.9200000000000159,1.0500000000000114,,,,-1.1899999999999977,-1.3700000000000045,-2.5600000000000023,-1.0,-1.0952380952381304,-2.0952380952381304,0.380952380952408,0.023809523809518396,0.4047619047619264,-0.23969319271333234,-0.06391818472354771,-0.30361137743688005,-1.1572395455644369,-1.1814116509547716,-2.3386511965192085,-0.9523809523809632,-0.7857142857143344,-1.7380952380952976,4.42,5.75,,39.667142857142835,91.57190476190479,32.72714285714284,84.63190476190479,51.904761904761955,-2.0382774049216437,26.256949480299735,False,False
2011-08-12,289.28,291.38,,284.69,197.42857142857144,251.92857142857144,286.2575902844359,296.52828136330675,289.0952380952381,-2.1000000000000227,0.12999999999999545,,,,5.148281363306751,-2.284761904761922,,0.18476190476189913,-2.080000000000041,0.4399999999999977,-1.6400000000000432,0.14999999999997726,1.2100000000000364,1.3600000000000136,,,,-0.8999999999999773,-1.0900000000000318,-1.990000000000009,-0.8333333333333144,-1.0476190476190368,-1.8809523809523512,0.2619047619047876,0.07142857142855519,0.3333333333333428,-0.6551613934163925,0.7350591243208555,0.07989773090446306,-1.1300459270002534,-0.7251631617113503,-1.8552090887116037,-0.7619047619047592,-0.4523809523809632,-1.2142857142857224,3.68,5.79,,39.45142857142855,93.95142857142855,32.76142857142855,87.26142857142855,54.5,-1.5675902844358802,25.56200145032632,False,False
2011-08-19,296.18,299.12,,292.35,203.2142857142857,259.8095238095238,295.0623202301054,304.10321489001694,296.2142857142857,-2.9399999999999977,0.3199999999999932,,,,4.983214890016939,-2.905714285714282,,-0.034285714285715585,-3.4699999999999704,0.40999999999996817,-3.0600000000000023,-0.20999999999997954,1.2799999999999727,1.0699999999999932,,,,-0.9199999999999591,-1.0600000000000023,-1.9799999999999613,-0.4285714285714448,-0.7857142857142776,-1.2142857142857224,0.6428571428571672,0.54761904761898,1.1904761904761472,1.0706295941195094,0.8788750399488663,1.9495046340683757,-0.4864636209813966,-0.7916364515348846,-1.2781000725162812,-0.928571428571388,-0.7380952380952408,-1.6666666666666288,2.91,5.85,,39.31047619047621,95.90571428571431,32.54047619047623,89.13571428571433,56.5952380952381,-2.7123202301053766,25.864152767706063,False,False
2011-08-26,302.26,303.31,,296.19,202.57142857142856,261.8095238095238,299.137104506232,305.0912496978487,299.4047619047619,-1.0500000000000114,2.3000000000000114,,,,1.7812496978486934,-3.905238095238076,,2.8552380952380645,-2.9399999999999977,2.5600000000000023,-0.37999999999999545,0.410000000000025,1.6200000000000045,2.0300000000000296,,,,-0.7300000000000182,-0.6800000000000068,-1.410000000000025,-0.785714285714306,-0.8333333333333428,-1.6190476190476488,1.1428571428571104,0.5952380952381304,1.7380952380952408,1.773729626078648,1.5340364333653156,3.3077660594439635,-0.3988397389412057,-0.9155184916606913,-1.314358230601897,0.9047619047619264,-0.690476190476204,0.2142857142857224,5.34,6.39,,41.500476190476206,100.73857142857145,34.3804761904762,93.61857142857144,59.23809523809524,-2.9471045062319945,23.477157360406093,False,False
2011-09-02,312.95,311.01,,304.14,209.69047619047618,270.1666666666667,308.62895493767974,313.5726371766981,306.5238095238095,1.9399999999999977,3.329999999999984,,,,2.5626371766981038,-4.4861904761904725,,6.42619047619047,-0.4800000000000182,1.8000000000000114,1.3199999999999932,0.9099999999999682,0.8600000000000136,1.7699999999999818,,,,-0.7599999999999909,-0.7300000000000182,-1.490000000000009,-0.7380952380952408,-0.8571428571428612,-1.595238095238102,1.8333333333333712,1.1428571428571104,2.9761904761904816,1.1984659635666617,1.2144455097475202,2.412911473314182,-0.7493352671017419,-0.836959149141876,-1.5862944162436179,-1.0952380952380736,-0.9047619047619833,-2.000000000000057,8.16,6.22,,40.843333333333305,101.31952380952382,33.9733333333333,94.44952380952381,60.47619047619051,-4.48895493767975,22.872854725646604,True,False
2011-09-09,310.19,307.11,,302.9,209.3095238095238,269.57142857142856,303.38766379034826,309.00410925791635,302.9761904761905,3.079999999999984,2.2900000000000205,,,,1.894109257916341,-4.133809523809532,,7.213809523809516,2.259999999999991,-0.9099999999999682,1.3500000000000227,1.4700000000000273,-0.38999999999998636,1.080000000000041,,,,-0.8900000000000432,-0.8199999999999932,-1.7100000000000364,-0.5238095238095184,-0.7142857142857508,-1.2380952380952692,2.9047619047618696,1.7380952380952408,4.64285714285711,0.3036113774368232,0.8788750399488663,1.1824864173856895,-0.34445250181289566,-0.655668358714081,-1.0001208605269767,-0.7857142857142776,-0.190476190476204,-0.9761904761904816,8.04,4.97,,37.53857142857146,97.80047619047622,33.32857142857142,93.59047619047618,60.26190476190476,-0.4876637903482788,23.011844331641285,False,False
2011-09-16,305.34,302.1,,297.24,211.73809523809524,268.6190476190476,299.7123681687439,304.8283780517283,298.35714285714283,3.2399999999999523,2.3600000000000136,,,,2.7283780517282707,-3.74285714285719,,6.982857142857142,2.6399999999999864,-0.8000000000000114,1.839999999999975,1.7600000000000477,-0.28000000000002956,1.4800000000000182,,,,-0.8600000000000136,-0.7399999999999523,-1.599999999999966,-0.3333333333333144,-0.4285714285714448,-0.7619047619047592,5.309523809523796,2.3333333333333144,7.64285714285711,1.2943432406519264,1.1505273250239725,2.444870565675899,-0.4562484892434213,-0.4381194102006134,-0.8943678994440347,-0.5952380952381304,0.04761904761903679,-0.5476190476190936,7.24,4.0,,33.48095238095243,90.36190476190478,28.620952380952417,85.50190476190477,56.88095238095235,-2.4723681687439125,22.504230118443317,False,False
2011-09-23,296.63,294.69,,289.7,199.45238095238093,256.9047619047619,295.2061361457334,299.8761179598743,292.2142857142857,1.9399999999999977,2.8000000000000114,,,,5.186117959874309,-2.4757142857142753,,4.415714285714273,0.9399999999999977,-0.660000000000025,0.2799999999999727,1.8000000000000114,-0.13999999999998636,1.660000000000025,,,,-0.9900000000000091,-0.6999999999999886,-1.6899999999999977,-0.4523809523809632,-0.5952380952380736,-1.0476190476190368,3.238095238095241,1.8571428571428612,5.095238095238102,1.358261425375531,1.5340364333653156,2.8922978587408466,-0.0846023688663422,-0.19639835629681102,-0.2810007251631532,-0.6428571428571104,-1.0476190476190368,-1.6904761904761472,5.93,4.0,,37.78523809523807,95.23761904761906,32.79523809523806,90.24761904761905,57.45238095238099,-5.5061361457334215,21.634034324389653,False,False
2011-09-30,292.37,287.91,,281.99,193.92857142857144,248.38095238095235,286.76893576222426,295.1323422770123,285.5,4.4599999999999795,4.340000000000032,,,,7.222342277012274,-2.410000000000025,,6.8700000000000045,1.1999999999999886,0.8600000000000136,2.0600000000000023,1.080000000000041,0.4399999999999977,1.5200000000000387,,,,-0.4399999999999977,-0.2400000000000091,-0.6800000000000068,-0.4999999999999716,-0.5238095238095184,-1.02380952380949,3.571428571428555,1.7380952380952124,5.309523809523768,1.3582614253754741,1.9814637264301496,3.3397251518056237,0.8611312545322676,0.302151317379753,1.1632825719120206,-0.2380952380952408,0.190476190476204,-0.04761904761903679,9.94,5.48,,39.529047619047674,93.98142857142858,33.60904761904766,88.06142857142856,54.452380952380906,-4.7789357622242505,24.86705342035291,False,False
2011-10-07,285.34,283.88,,279.46,189.78571428571428,245.64285714285714,280.0894854586129,289.2796712593667,280.85714285714283,1.4599999999999795,-0.9099999999999682,,,,5.3996712593666985,-3.0228571428571627,,4.482857142857142,3.659999999999968,0.03000000000002956,3.6899999999999977,1.2900000000000205,2.509999999999991,3.8000000000000114,,,,0.5799999999999841,0.7099999999999795,1.2899999999999636,-0.4523809523809632,-0.3571428571428328,-0.809523809523796,4.190476190476204,2.619047619047592,6.809523809523796,1.470118248641711,2.380952380952351,3.851070629594062,1.3596809282088884,1.4865844815083165,2.846265409717205,1.3571428571428328,1.1666666666666288,2.5238095238094616,6.46,5.0,,38.23714285714286,94.09428571428572,33.81714285714284,89.6742857142857,55.85714285714286,-0.629485458612919,27.365844815083392,False,False
2011-10-14,299.26,297.11,,295.4,203.71428571428572,265.1666666666667,295.3819111537232,300.9457336233986,291.76190476190476,2.1499999999999773,-0.44999999999998863,,,,3.835733623398596,-5.3480952380952544,,7.498095238095232,3.839999999999975,0.040000000000020464,3.8799999999999955,1.240000000000009,0.7300000000000182,1.9700000000000273,,,,0.5699999999999932,0.8899999999999864,1.4599999999999795,-0.4999999999999716,-0.30952380952385283,-0.8095238095238244,5.59523809523813,3.761904761904759,9.35714285714289,2.2850751038670296,2.5886864813039665,4.873761585170996,1.314358230601897,0.5287648054145961,1.8431230360164932,0.4285714285714448,0.7619047619047024,1.1904761904761472,4.35,2.2,,31.943333333333328,93.39571428571429,30.23333333333329,91.68571428571425,61.45238095238096,0.018088846276782533,24.320159535895574,False,False
2011-10-21,304.17,301.55,,301.4,206.45238095238093,261.42857142857144,301.9495046340683,308.28498912255253,298.95238095238096,2.6200000000000045,-0.7100000000000364,,,,6.73498912255252,-2.597619047619048,,5.217619047619053,4.020000000000039,0.15999999999996817,4.180000000000007,0.6899999999999977,0.2300000000000182,0.9200000000000159,,,,0.19999999999998863,1.089999999999975,1.2899999999999636,-0.690476190476204,-0.3333333333333428,-1.0238095238095468,3.0,2.142857142857167,5.142857142857167,3.2917865132629913,2.3170341962288603,5.608820709491852,1.1904761904761472,0.6103456611070897,1.8008218515832368,0.8095238095238528,1.2142857142857224,2.0238095238095752,2.98,0.35,,40.12142857142857,95.09761904761908,39.97142857142853,94.94761904761904,54.97619047619051,-0.5495046340683416,24.888204012569496,False,False
2011-10-28,309.36,305.42,,305.56,219.95238095238093,263.45238095238096,306.51965484180243,313.0166787527194,303.88095238095235,3.9399999999999977,0.7599999999999909,,,,7.596678752719356,-1.5390476190476647,,5.4790476190476625,3.7100000000000364,-0.07000000000005002,3.6399999999999864,0.5300000000000296,-0.34000000000003183,0.18999999999999773,,,,-0.37000000000000455,0.9300000000000068,0.5600000000000023,0.28571428571424917,0.285714285714306,0.5714285714285552,2.428571428571445,1.690476190476204,4.119047619047649,3.547459252157239,2.2371364653243972,5.784595717481636,1.1119168479575023,1.0756586898718297,2.187575537829332,0.9047619047618696,1.1666666666666856,2.071428571428555,3.61,-0.32,,41.96761904761905,85.46761904761908,42.10761904761904,85.60761904761907,43.50000000000003,-0.9596548418024327,25.45927000241721,False,False
2011-11-04,309.71,303.34,,303.81,222.0,262.5,305.289229785874,309.8773265651438,301.07142857142856,6.3700000000000045,6.079999999999984,,,,6.537326565143815,-2.26857142857142,,8.638571428571424,0.2699999999999818,1.490000000000009,1.759999999999991,-0.020000000000038654,-0.12999999999999545,-0.1500000000000341,,,,-0.160000000000025,1.1100000000000136,0.9499999999999886,0.2857142857142776,0.3095238095238244,0.595238095238102,2.619047619047592,1.7380952380952408,4.357142857142833,3.8670501757749776,1.965484180249291,5.832534356024269,1.1904761904761472,1.117959874305086,2.308436064781233,0.9523809523809632,1.0476190476190368,2.0,5.74,-0.63,,40.839999999999975,81.33999999999997,41.31,81.81,40.5,-1.4792297858739971,25.68588349045202,True,False
2011-11-11,313.55,312.27,,313.14,230.88095238095238,271.3095238095238,318.040907638223,320.99649504471836,311.85714285714283,1.2800000000000296,3.7299999999999613,,,,8.726495044718376,-0.41285714285714903,,1.6928571428571786,-2.2199999999999704,1.8100000000000023,-0.40999999999996817,0.22999999999996135,-0.22999999999996135,0.0,,,,0.08999999999997499,1.259999999999991,1.349999999999966,0.2380952380952408,0.2142857142857224,0.4523809523809632,2.8333333333333144,1.7142857142857224,4.547619047619037,4.825822946628307,2.492809204218588,7.318632150846895,1.7585206671500941,1.28112158569013,3.039642252840224,0.928571428571388,1.071428571428612,2.0,0.5,-0.78,,40.960476190476186,81.3890476190476,41.83047619047619,82.2590476190476,40.428571428571416,-4.900907638223032,25.864152767706063,False,False
2011-11-18,313.4,310.43,,311.68,236.35714285714283,262.8333333333333,315.32438478747196,319.1956731931351,310.1190476190476,2.9699999999999704,6.069999999999993,,,,8.765673193135115,-0.31095238095241484,,3.2809523809523853,-3.0,1.669999999999959,-1.330000000000041,0.10000000000002274,-0.2599999999999909,-0.15999999999996817,,,,-0.4900000000000091,0.8600000000000136,0.37000000000000455,-0.23809523809526922,0.16666666666668561,-0.07142857142858361,0.7142857142856656,0.9047619047619264,1.619047619047592,3.2278683285394436,2.4288910194950404,5.656759348034484,1.2569494802997383,0.7855934251873009,2.042542905487039,0.5714285714285552,0.8333333333333144,1.4047619047618696,1.23,-1.74,,47.59666666666669,74.07285714285717,48.84666666666669,75.32285714285717,26.47619047619048,-3.6443847874719495,23.1115542663766,False,False
2011-11-25,305.58,297.07,,297.88,230.88095238095238,255.76190476190476,302.7005433045701,306.2605752961083,298.7857142857143,8.509999999999991,9.180000000000007,,,,9.190575296108307,1.7157142857142844,,6.7942857142857065,-1.7800000000000296,0.6700000000000159,-1.1100000000000136,-1.1100000000000136,-1.329999999999984,-2.4399999999999977,,,,-1.1899999999999977,-0.3199999999999932,-1.509999999999991,-0.3333333333333428,-0.3333333333333144,-0.6666666666666572,0.9761904761904532,0.9523809523809632,1.9285714285714164,2.6845637583892312,1.9175455417066587,4.60210930009589,0.8037225042301088,0.1994198694706597,1.0031423737007685,0.3809523809523512,0.5952380952381304,0.9761904761904816,6.61,-1.91,,41.308095238095234,66.18904761904761,42.118095238095236,66.99904761904762,24.88095238095238,-4.820543304570094,21.770002417210538,False,False
2011-12-02,304.77,298.93,,299.44,237.85714285714286,261.54761904761904,305.1773729626078,305.6623156876964,299.42857142857144,5.839999999999975,6.020000000000039,,,,6.732315687696371,0.498571428571438,,5.341428571428537,-1.5300000000000296,1.0300000000000296,-0.5,-1.349999999999966,-1.080000000000041,-2.430000000000007,,,,-1.009999999999991,-0.2400000000000091,-1.25,-0.2857142857142776,-0.2380952380952408,-0.5238095238095184,1.4285714285714448,1.3333333333333144,2.761904761904759,2.828379674017299,1.7577500798977326,4.586129753915031,-0.4502054628958376,-0.06345177664974244,-0.5136572395455801,0.047619047619093635,0.6428571428571104,0.690476190476204,4.31,-1.52,,37.38238095238097,61.072857142857146,37.89238095238096,61.58285714285714,23.690476190476176,-5.737372962607822,19.573362339859802,True,False
2011-12-09,301.53,297.67,,296.78,238.33333333333331,260.4285714285714,304.2665388302971,305.459874305052,299.6904761904762,3.859999999999957,3.7800000000000296,,,,7.789874305051967,2.020476190476188,,1.8395238095237687,-1.5200000000000387,0.9800000000000182,-0.5400000000000205,-1.599999999999966,-0.7599999999999909,-2.359999999999957,,,,-1.0200000000000387,-0.36000000000001364,-1.3800000000000523,-0.4285714285714448,-0.404761904761898,-0.8333333333333428,0.54761904761898,0.690476190476204,1.238095238095184,2.780441035474553,1.1505273250239725,3.9309683604985253,-0.6919265167995832,-0.8339376359680841,-1.5258641527676673,0.0,0.2857142857142776,0.2857142857142776,3.74,-0.13,,37.24142857142863,59.3366666666667,36.351428571428585,58.44666666666666,22.095238095238074,-7.48653883029715,21.150592216582062,False,False
2011-12-16,291.29,287.11,,285.56,228.69047619047618,252.47619047619048,291.5787791626717,295.9330432680686,290.5952380952381,4.180000000000007,5.460000000000036,,,,8.823043268068602,3.48523809523806,,0.6947619047619469,-2.8700000000000045,-0.47999999999996135,-3.349999999999966,-1.589999999999975,-1.2800000000000296,-2.8700000000000045,,,,-0.9699999999999704,-0.32000000000005,-1.2900000000000205,-0.4761904761904816,-0.5,-0.9761904761904816,1.595238095238102,0.7142857142857224,2.3095238095238244,1.3103227868328418,0.8788750399488663,2.189197826781708,-1.1028523084361268,-1.2539279671258896,-2.3567802755620164,-0.30952380952385283,0.2380952380952408,-0.07142857142861203,4.75,0.57,,34.63380952380953,58.41952380952384,33.08380952380952,56.86952380952383,23.785714285714306,-6.018779162671706,21.40137781000725,False,False
2011-12-23,292.53,289.42,,286.74,232.85714285714286,254.2619047619048,289.8529881751358,294.2561034566111,289.07142857142856,3.109999999999957,4.350000000000023,,,,4.836103456611056,-0.34857142857146073,,3.4585714285714175,-2.2600000000000477,-1.4899999999999523,-3.75,-1.0199999999999818,-0.14999999999997726,-1.169999999999959,,,,-0.8999999999999773,0.07999999999998408,-0.8199999999999932,-0.3095238095238244,-0.4285714285714164,-0.7380952380952408,1.6904761904762324,1.02380952380949,2.7142857142857224,0.9747523170342447,1.1025886864812833,2.077341003515528,-1.2297558617355548,-0.9457336233986098,-2.1754894851341646,-0.4047619047619264,0.309523809523796,-0.09523809523813043,4.89,1.78,,35.15809523809523,56.562857142857155,32.47809523809522,53.88285714285715,21.404761904761926,-3.112988175135797,20.833333333333332,False,False
2011-12-30,295.76,292.59,,291.36,237.5952380952381,257.26190476190476,294.68200703100024,297.1627991298042,290.4047619047619,3.170000000000016,3.7900000000000205,,,,4.5727991298042525,-2.1852380952380486,,5.3552380952380645,-1.740000000000009,-1.0299999999999727,-2.769999999999982,-1.1200000000000045,0.06999999999999318,-1.0500000000000114,,,,0.06999999999999318,0.22000000000002728,0.29000000000002046,-0.3809523809523796,-0.4285714285714164,-0.809523809523796,1.309523809523796,0.785714285714306,2.095238095238102,1.4381591562799372,1.5979546180888633,3.0361137743688005,-0.8822818467488105,-0.8490452018371002,-1.7313270485859107,-0.7619047619047592,-0.11904761904759198,-0.8809523809523512,4.97,1.79,,35.328095238095216,54.99476190476187,34.098095238095254,53.76476190476191,19.666666666666657,-3.3220070310002257,19.872492144065745,False,False
2012-01-06,308.51,305.84,,305.93,243.78571428571428,268.8333333333333,307.2483221476509,307.24558859076626,300.8333333333333,2.670000000000016,3.4500000000000455,,,,1.4055885907662855,-5.006666666666661,,7.6766666666666765,-0.28000000000002956,-1.7999999999999545,-2.079999999999984,0.5,1.1599999999999682,1.6599999999999682,,,,0.6399999999999864,1.6800000000000068,2.319999999999993,-0.4523809523809632,-0.5,-0.9523809523809632,0.9761904761904816,0.7857142857142776,1.7619047619047592,0.9204218600191325,1.396612336209671,2.3170341962288035,-0.9910563210055443,-0.46531302876479685,-1.4563693497703412,-0.4523809523809632,0.14285714285711038,-0.30952380952385283,6.16,3.49,,37.00666666666666,62.0542857142857,37.09666666666669,62.14428571428573,25.047619047619037,-1.3183221476509175,21.02671017645637,False,False
2012-01-13,312.39,309.56,,306.41,239.14285714285714,266.5,308.56503675295613,313.31580855692533,306.54761904761904,2.829999999999984,3.1399999999999864,,,,3.7558085569253308,-3.0123809523809655,,5.84238095238095,0.11000000000001364,-0.8900000000000432,-0.7800000000000296,0.4200000000000159,2.1200000000000045,2.5400000000000205,,,,0.6500000000000341,1.8199999999999932,2.4700000000000273,-0.5000000000000284,-0.5714285714285552,-1.0714285714285836,0.4285714285714448,0.5476190476190368,0.9761904761904816,-0.11185682326623692,0.9268136784914986,0.8149568552252617,-1.0303359922648383,-0.63753927967133,-1.6678752719361682,-0.309523809523796,0.14285714285711038,-0.16666666666668561,6.63,3.8,,43.06,70.41714285714286,39.910000000000025,67.26714285714289,27.35714285714286,-2.155036752956107,21.9301426154218,False,False
2012-01-20,307.73,306.43,,301.88,238.1904761904762,264.19047619047615,302.3969319271332,307.8468697123519,301.16666666666663,1.3000000000000114,1.5600000000000023,,,,1.416869712351911,-5.263333333333378,,6.563333333333389,-0.21999999999997044,-1.8799999999999955,-2.099999999999966,0.040000000000020464,2.069999999999993,2.1100000000000136,,,,0.30000000000001137,1.2299999999999613,1.5299999999999727,-0.1904761904761756,-0.6428571428571388,-0.8333333333333144,0.14285714285711038,0.3571428571428328,0.49999999999994316,-0.28763183125602154,0.46340683924580617,0.17577500798978463,-0.5710659898477388,-1.1330674401740453,-1.704133430021784,-0.8095238095238528,-0.11904761904759198,-0.9285714285714448,5.31,4.01,,42.23952380952386,68.2395238095238,37.68952380952385,63.68952380952379,25.999999999999943,-0.5169319271332142,21.68842156151801,False,False
2012-01-27,306.58,306.36,,303.54,236.76190476190476,263.1666666666667,301.66187280281235,307.59004109257916,300.6904761904762,0.21999999999997044,1.5600000000000023,,,,1.2300410925791425,-5.66952380952381,,5.88952380952378,-0.4399999999999977,-1.75,-2.1899999999999977,0.9000000000000341,2.169999999999959,3.069999999999993,,,,0.8799999999999955,1.9300000000000068,2.8100000000000023,-0.7857142857142776,-0.8571428571428612,-1.6428571428571388,0.3571428571428896,0.2619047619047592,0.6190476190476488,-0.5592841163310709,0.5113454777884385,-0.04793863854263236,-0.6073241479332978,-1.1965192168237877,-1.8038433647570855,-0.7142857142857224,-0.07142857142855519,-0.7857142857142776,3.92,3.7,,43.19333333333333,69.59809523809525,40.373333333333335,66.77809523809526,26.404761904761926,1.8781271971876663,22.035895576504714,False,False
2012-02-03,309.74,307.62,,306.55,232.88095238095238,266.6428571428571,304.5381911153723,309.15820642978,302.8333333333333,2.1200000000000045,4.71999999999997,,,,1.5382064297800184,-4.78666666666669,,6.906666666666695,-0.7699999999999818,0.08999999999997499,-0.6800000000000068,1.829999999999984,1.0200000000000387,2.8500000000000227,,,,1.6800000000000068,2.0300000000000296,3.7100000000000364,-0.904761904761898,-1.0,-1.904761904761898,0.7857142857142776,0.5714285714285552,1.3571428571428328,-0.3355704697986539,0.8628954937680078,0.5273250239693539,-0.39883973894126257,-0.8188300700991249,-1.2176698090403875,-0.190476190476204,0.11904761904759198,-0.07142857142861203,4.87,2.75,,40.977142857142894,74.73904761904762,39.9071428571429,73.66904761904763,33.76190476190473,2.011808884627726,21.2231085327532,True,False
2012-02-10,322.32,318.18,,318.83,234.54761904761907,278.6904761904762,317.6733780760626,319.4736524051245,312.92857142857144,4.139999999999986,6.389999999999986,,,,1.293652405124476,-5.251428571428562,,9.391428571428548,-0.36000000000001364,1.7099999999999795,1.349999999999966,1.8899999999999864,1.2100000000000364,3.1000000000000227,,,,2.75,2.5600000000000023,5.310000000000002,-0.9761904761904532,-1.4523809523809632,-2.4285714285714164,1.1428571428571672,0.8809523809523512,2.0238095238095184,0.22371364653247383,1.6139341642697218,1.8376478108021956,-0.6375392796712731,-0.5559584239787227,-1.1934977036499959,-0.14285714285716722,0.02380952380957524,-0.11904761904759198,6.24,2.1,,39.4895238095238,83.63238095238094,40.13952380952378,84.28238095238092,44.14285714285714,1.1566219239373936,20.38917089678511,False,False
2012-02-17,323.31,318.83,,318.3,242.38095238095238,283.1904761904762,319.65484180249274,321.2714527435339,314.8571428571429,4.480000000000018,6.349999999999966,,,,2.4414527435339437,-3.9728571428570945,,8.452857142857113,-1.0199999999999818,1.0199999999999818,0.0,0.8499999999999659,0.4800000000000182,1.329999999999984,,,,1.7200000000000273,1.6599999999999682,3.3799999999999955,-0.8333333333333428,-1.214285714285694,-2.047619047619037,1.7857142857143344,1.4761904761904816,3.261904761904816,1.246404602109294,1.502077341003485,2.748481943112779,-0.6314962533236326,-0.7160986221900316,-1.3475948755136642,-0.19047619047614717,-0.14285714285716722,-0.3333333333333144,6.73,2.25,,35.63952380952378,76.4490476190476,35.10952380952381,75.91904761904763,40.809523809523824,-1.3548418024927287,19.863427604544352,False,False
2012-02-24,335.58,328.93,,328.06,255.7857142857143,292.23809523809524,326.7497603068072,329.0035049552816,323.23809523809524,6.649999999999977,6.82000000000005,,,,0.07350495528157808,-5.691904761904766,,12.341904761904743,0.47999999999996135,1.0300000000000296,1.509999999999991,0.6500000000000341,0.339999999999975,0.9900000000000091,,,,0.4900000000000091,1.2300000000000182,1.7200000000000273,-1.0476190476190084,-1.0714285714285552,-2.1190476190475636,2.2142857142857224,1.5952380952380736,3.809523809523796,0.3195909236177954,0.9587727708532725,1.278363694471068,-0.12992506647327673,-1.4533478365965493,-1.583272903069826,-0.04761904761903679,-0.190476190476204,-0.2380952380952408,9.45,2.81,,36.691904761904766,73.1442857142857,35.82190476190476,72.2742857142857,36.452380952380935,1.3102396931927842,20.555354121343967,False,False
2012-03-02,334.92,327.07,,323.51,256.04761904761904,294.4047619047619,324.52860338766374,328.59560067681895,322.57142857142856,7.850000000000023,6.850000000000023,,,,1.5256006768189536,-4.498571428571438,,12.34857142857146,1.009999999999991,-0.1199999999999477,0.8900000000000432,0.009999999999990905,-0.46999999999997044,-0.45999999999997954,,,,-0.2699999999999818,0.4199999999999591,0.14999999999997726,-1.0952380952381304,-1.0476190476190368,-2.142857142857167,2.500000000000057,1.619047619047592,4.119047619047649,-0.43144774688397547,-0.06391818472354771,-0.4953659316075232,-0.9819917814841688,-0.8399806623156678,-1.8219724437998366,-0.4285714285714448,-0.4047619047619264,-0.8333333333333712,11.15,3.29,,32.66523809523807,71.02238095238096,29.105238095238064,67.46238095238095,38.35714285714289,-1.0186033876637453,21.29562484892434,True,False
2012-03-09,336.76,326.48,,323.17,253.11904761904762,295.8571428571429,325.55129434324056,330.88892917573116,325.0952380952381,10.279999999999973,8.769999999999982,,,,4.408929175731146,-1.3847619047619446,,11.664761904761917,0.5199999999999818,-1.5,-0.9800000000000182,-0.9900000000000091,-1.1099999999999568,-2.099999999999966,,,,-0.7099999999999795,-0.6399999999999864,-1.349999999999966,-1.1428571428571672,-1.1904761904761756,-2.333333333333343,1.4761904761904816,1.2380952380952408,2.7142857142857224,-1.0067114093960186,-0.5752636625119862,-1.5819750719080048,-1.048465071307703,-0.7855934251874146,-1.8340584964951177,-0.6428571428571672,-0.4523809523809632,-1.0952380952381304,12.88,2.6,,30.62285714285713,73.3609523809524,27.312857142857126,70.0509523809524,42.73809523809527,-2.3812943432405405,21.797196035774714,False,False
2012-03-16,337.14,328.48,,325.61,252.69047619047618,298.04761904761904,330.361137743688,333.74123761179595,328.1428571428571,8.659999999999968,4.979999999999961,,,,5.261237611795934,-0.3371428571429078,,8.997142857142876,2.680000000000007,-1.5300000000000296,1.1499999999999773,-1.0,-1.0399999999999636,-2.0399999999999636,,,,-0.8700000000000045,-0.75,-1.6200000000000045,-1.2380952380952692,-1.2619047619047592,-2.5000000000000284,1.4285714285714448,1.0952380952380736,2.5238095238095184,0.12783636944709542,-0.23969319271333234,-0.11185682326623692,-1.1209813874788779,-0.7342277012327827,-1.8552090887116606,-0.6666666666666856,-0.4285714285714448,-1.0952380952381304,10.66,2.0,,30.43238095238098,75.78952380952384,27.562380952380977,72.91952380952384,45.35714285714286,-4.751137743687991,21.51317379743776,False,False
2012-03-23,335.4,326.09,,322.06,253.9047619047619,296.3333333333333,328.8590604026845,332.47824510514863,326.54761904761904,9.310000000000002,4.430000000000007,,,,6.3882451051486555,0.4576190476190618,,8.85238095238094,3.5499999999999545,-1.7199999999999704,1.829999999999984,-1.330000000000041,-1.2299999999999613,-2.5600000000000023,,,,-1.4300000000000068,-1.079999999999984,-2.509999999999991,-1.1190476190476204,-1.0952380952380736,-2.214285714285694,1.2857142857142776,1.2857142857142776,2.571428571428555,-0.03195909236171701,0.11185682326618007,0.07989773090446306,-0.6073241479333547,-0.5740875030214738,-1.1814116509548285,-0.4523809523809632,-0.2380952380952408,-0.690476190476204,11.91,2.6,,29.75666666666666,72.18523809523808,25.726666666666688,68.1552380952381,42.428571428571416,-6.799060402684518,21.54338892917573,False,False
2012-03-30,335.66,324.19,,319.65,250.26190476190476,295.5238095238095,326.73378076062636,331.9222866811699,325.1904761904762,11.470000000000027,5.639999999999986,,,,7.73228668116991,1.0004761904762063,,10.469523809523821,4.730000000000018,-0.5699999999999932,4.160000000000025,-1.1000000000000227,-1.0699999999999932,-2.170000000000016,,,,-1.240000000000009,-1.0,-2.240000000000009,-1.2619047619047592,-1.1666666666666572,-2.4285714285714164,1.7619047619047592,1.5476190476190368,3.309523809523796,-0.07989773090440622,0.15979546180886928,0.07989773090446306,-0.12690355329954173,-0.21754894851341078,-0.3444525018129525,-0.3333333333333144,-0.14285714285716722,-0.4761904761904816,14.76,3.3,,28.66619047619048,73.92809523809524,24.12619047619046,69.38809523809522,45.26190476190476,-7.083780760626382,22.96954314720812,False,False
2012-04-06,330.67,325.34,,320.18,246.45238095238096,295.2857142857143,325.8037711728986,333.040246555475,324.0714285714286,5.330000000000041,3.090000000000032,,,,7.700246555475019,-1.268571428571363,,6.598571428571404,1.8199999999999932,0.82000000000005,2.640000000000043,-0.4200000000000159,-0.9499999999999886,-1.3700000000000045,,,,-0.7900000000000205,-0.8799999999999955,-1.670000000000016,-1.2619047619047592,-1.2857142857142776,-2.547619047619037,1.3333333333333144,1.2619047619047592,2.5952380952380736,-0.19814637264300927,0.2780441035474155,0.07989773090440622,1.704133430021784,-0.054387237128366905,1.6497461928934172,-0.16666666666662877,-0.11904761904759198,-0.28571428571422075,10.33,5.0,,30.054285714285697,78.88761904761901,24.89428571428573,73.72761904761904,48.833333333333314,-5.623771172898614,25.664732898235435,False,False
2012-04-13,323.02,319.03,,313.95,244.11904761904762,288.6904761904762,319.1594758708852,327.5380710659898,317.7142857142857,3.990000000000009,1.9399999999999977,,,,8.508071065989839,-1.3157142857142503,,5.305714285714259,1.6200000000000045,0.6099999999999568,2.2299999999999613,-0.4300000000000068,-0.7200000000000273,-1.150000000000034,,,,-0.7200000000000273,-0.7799999999999727,-1.5,-1.1904761904761756,-1.190476190476204,-2.3809523809523796,0.9523809523809632,1.0714285714285552,2.0238095238095184,-0.31959092361773855,0.4154682007030601,0.09587727708532157,3.462654097171878,-0.048344210780783214,3.414309886391095,-0.14285714285711038,-0.023809523809518396,-0.16666666666662877,8.35,4.36,,30.33952380952377,74.91095238095235,25.259523809523785,69.83095238095237,44.571428571428584,-5.209475870885228,25.67077592458303,False,False
2012-04-20,319.34,316.87,,312.48,245.28571428571428,282.0,317.8012144455097,324.99395697365236,314.35714285714283,2.4699999999999704,1.6299999999999955,,,,8.123956973652355,-2.5128571428571718,,4.982857142857142,0.6899999999999977,-0.7100000000000364,-0.020000000000038654,-0.14999999999997726,-0.37000000000000455,-0.5199999999999818,,,,-0.39999999999997726,-0.410000000000025,-0.8100000000000023,-1.2619047619047592,-1.0238095238095468,-2.285714285714306,0.4285714285714448,0.809523809523796,1.2380952380952408,0.8948545861297248,0.41546820070311696,1.3103227868328418,3.643944887599673,0.012086052695167382,3.6560309402948405,-0.2619047619047592,-0.14285714285716722,-0.4047619047619264,6.47,3.99,,34.870000000000005,71.58428571428573,30.480000000000018,67.19428571428574,36.71428571428572,-5.321214445509668,25.111795987430504,False,False
2012-04-27,322.85,321.33,,316.11,247.73809523809524,283.6904761904762,320.07031000319586,326.74039158810734,316.0,1.5200000000000387,1.170000000000016,,,,5.410391588107359,-5.329999999999984,,6.850000000000023,0.7900000000000205,-1.009999999999991,-0.21999999999997044,0.4399999999999977,-0.22000000000002728,0.21999999999997044,,,,-0.4199999999999591,-0.20000000000004547,-0.6200000000000045,-0.9523809523809632,-0.8333333333333144,-1.7857142857142776,0.7857142857143344,0.928571428571388,1.7142857142857224,1.3902205177373048,0.6871204857782232,2.077341003515528,4.13645153492871,-0.08158085569255036,4.05487067923616,-0.190476190476204,-0.11904761904759198,-0.309523809523796,6.32,4.8,,37.63952380952378,73.59190476190474,32.41952380952381,68.37190476190477,35.95238095238096,-3.9603100031958434,25.03323664491177,False,False
2012-05-04,318.55,317.51,,311.97,246.33333333333331,279.3333333333333,317.3697666986257,322.92724196277493,312.4523809523809,1.0400000000000205,2.359999999999957,,,,5.417241962774938,-5.0576190476190845,,6.097619047619105,-0.2899999999999636,-0.5100000000000477,-0.8000000000000114,1.0299999999999727,-0.16999999999995907,0.8600000000000136,,,,-0.2699999999999818,-0.339999999999975,-0.6099999999999568,-0.8809523809523796,-0.6428571428571388,-1.5238095238095184,0.7142857142857224,0.8809523809523512,1.5952380952380736,1.2943432406519833,0.7670182166826294,2.0613614573346126,3.2118685037466435,-0.2779792119893614,2.933889291757282,-0.4523809523809632,-0.38095238095246486,-0.8333333333334281,6.31,5.27,,38.17666666666668,71.17666666666668,32.63666666666671,65.63666666666671,33.0,-5.399766698625683,24.4108049311095,True,False
2012-05-11,306.34,303.57,,298.35,230.92857142857142,268.6190476190476,304.50623202301045,309.7262509064539,299.61904761904765,2.769999999999982,3.3600000000000136,,,,6.15625090645392,-3.9509523809523444,,6.720952380952326,-0.6700000000000159,-0.6399999999999864,-1.3100000000000023,-0.07999999999998408,-0.12000000000000455,-0.19999999999998863,,,,-0.3499999999999659,-0.4800000000000182,-0.8299999999999841,-0.8571428571428612,-0.6190476190476204,-1.4761904761904816,0.9523809523809064,1.0,1.9523809523809064,1.9335250878874604,0.942793224672414,2.8763183125598744,3.220933043268076,-0.5468938844574041,2.674039158810672,-0.2142857142857224,-0.23809523809518396,-0.45238095238090636,7.64,4.87,,34.9509523809524,72.64142857142858,29.73095238095243,67.4214285714286,37.690476190476176,-6.156232023010432,24.129804205946336,False,False
2012-05-18,296.89,293.92,,288.78,221.71428571428572,261.9761904761905,295.5576861617129,302.4534686971235,293.07142857142856,2.9699999999999704,3.1899999999999977,,,,8.53346869712351,-0.8485714285714607,,3.818571428571431,-0.5600000000000023,-0.8100000000000023,-1.3700000000000045,-0.339999999999975,-0.34000000000003183,-0.6800000000000068,,,,-0.6000000000000227,-0.7699999999999818,-1.3700000000000045,-0.8571428571428612,-0.6428571428571388,-1.5,2.119047619047649,1.2857142857142776,3.4047619047619264,0.8788750399488663,0.27165228507504935,1.1505273250239156,1.903553299492387,0.039279671259350835,1.9428329707517378,-0.2380952380952408,-0.2380952380952408,-0.4761904761904816,7.51,4.54,,31.943809523809534,72.2057142857143,26.80380952380949,67.06571428571425,40.26190476190476,-6.77768616171295,23.576867295141408,False,False
2012-05-25,291.38,288.25,,283.69,216.97619047619045,255.30952380952382,290.58804729945666,298.25658689871887,287.9047619047619,3.1299999999999955,2.6499999999999773,,,,10.006586898718865,-0.3452380952380736,,3.475238095238069,0.009999999999990905,-0.8500000000000227,-0.8400000000000318,-0.4700000000000273,-0.5799999999999841,-1.0500000000000114,,,,-0.410000000000025,-0.7199999999999704,-1.1299999999999955,-0.6428571428571672,-0.6904761904761756,-1.3333333333333428,1.4047619047619264,1.2142857142857224,2.619047619047649,1.358261425375531,0.4314477468840323,1.7897091722595633,2.5108774474256847,0.25985013294655346,2.770727580372238,-0.023809523809518396,-0.21428571428566556,-0.23809523809518396,7.28,4.15,,32.940476190476176,71.27380952380955,28.380476190476173,66.71380952380954,38.33333333333337,-6.898047299456664,24.383611312545323,False,False
2012-06-01,281.88,278.79,,272.07,207.33333333333331,246.45238095238096,282.6462128475551,290.2556200145033,278.95238095238096,3.089999999999975,2.8999999999999773,,,,11.465620014503259,0.16238095238094274,,2.9276190476190322,-0.45999999999997954,-1.1300000000000523,-1.5900000000000318,-0.6499999999999773,-0.7800000000000296,-1.4300000000000068,,,,-0.34000000000003183,-0.9899999999999523,-1.329999999999984,-0.785714285714306,-0.7619047619047592,-1.5476190476190652,1.0238095238095468,0.8571428571428612,1.880952380952408,1.4062000639182202,0.36752956216042776,1.773729626078648,3.1242446217065662,0.060430263475950596,3.184674885182517,-0.3809523809523512,-0.4523809523809632,-0.8333333333333144,7.29,4.2,,32.33761904761906,71.4566666666667,25.61761904761903,64.73666666666668,39.11904761904765,-10.576212847555098,24.063330916122794,True,False
2012-06-08,273.14,270.51,,265.43,201.04761904761904,237.02380952380952,272.339405560882,278.5140198211264,267.8809523809524,2.6299999999999955,2.900000000000034,,,,8.004019821126406,-2.629047619047583,,5.259047619047578,-1.0200000000000387,-1.2199999999999704,-2.240000000000009,-0.75,-0.6899999999999977,-1.4399999999999977,,,,-0.6299999999999955,-1.0,-1.6299999999999955,-0.7142857142857224,-0.690476190476204,-1.4047619047619264,1.0714285714285836,0.6666666666666572,1.7380952380952408,1.4221796100990787,0.5592841163310709,1.9814637264301496,3.272298767222594,-0.3233019095962959,2.948996857626298,-0.309523809523796,-0.45238095238090636,-0.7619047619047024,7.07,4.45,,33.48619047619047,69.46238095238095,28.40619047619049,64.38238095238097,35.97619047619048,-6.909405560882021,22.73386511965192,False,False
2012-06-15,270.35,267.7,,262.85,198.38095238095235,231.85714285714283,271.4125918823905,276.4140681653372,266.3571428571429,2.650000000000034,2.8100000000000023,,,,8.71406816533721,-1.342857142857099,,3.992857142857133,-0.75,-0.9499999999999886,-1.6999999999999886,-0.5900000000000318,-0.48999999999995225,-1.079999999999984,,,,-0.3299999999999841,-0.7300000000000182,-1.0600000000000023,-0.7142857142857508,-0.6666666666666856,-1.3809523809524364,0.3571428571428328,0.1428571428571388,0.4999999999999716,1.4860977948226264,0.7989773090444032,2.2850751038670296,3.4384819917814866,-0.5015711868503558,2.9369108049311308,-0.3571428571428328,-0.4047619047618696,-0.7619047619047024,7.16,4.52,,35.842857142857156,69.31904761904764,30.99285714285719,64.46904761904767,33.47619047619048,-8.56259188239045,21.214043993231808,False,False
2012-06-22,263.72,262.86,,257.98,193.83333333333331,221.28571428571428,266.0115052732502,271.27749576988157,260.6190476190476,0.8600000000000136,0.9399999999999977,,,,8.417495769881555,-2.2409523809524217,,3.1009523809524353,-0.6699999999999591,-0.8600000000000136,-1.5299999999999727,-0.589999999999975,-0.36000000000001364,-0.9499999999999886,,,,0.11000000000001364,-0.6499999999999773,-0.5399999999999636,-0.5000000000000284,-0.8571428571428612,-1.3571428571428896,-0.5476190476190652,-0.09523809523807358,-0.6428571428571388,1.470118248641711,0.8309364014062339,2.301054650047945,3.982354363065042,-0.7070340826685992,3.2753202803964427,-0.3571428571428896,-0.3809523809523512,-0.7380952380952408,5.85,4.99,,41.574285714285736,69.0266666666667,36.69428571428574,64.1466666666667,27.452380952380963,-8.031505273250161,20.70945129320764,False,False
2012-06-29,265.07,264.92,,259.13,191.16666666666669,222.23809523809524,263.72643016938315,269.94500846023686,258.38095238095235,0.14999999999997726,1.2900000000000205,,,,5.025008460236847,-6.539047619047665,,6.689047619047642,-1.25,-0.4900000000000091,-1.740000000000009,-0.1099999999999568,-0.2300000000000182,-0.339999999999975,,,,0.01999999999998181,-0.3100000000000023,-0.29000000000002046,-0.9523809523809348,-0.9761904761904532,-1.928571428571388,-0.309523809523796,0.2619047619047592,-0.04761904761903679,1.6778523489932695,1.0386705017577356,2.716522850751005,4.9160019337684275,-0.4864636209813966,4.429538312787031,-0.2142857142857224,-0.2142857142857224,-0.4285714285714448,5.97,5.82,,42.681904761904775,73.75333333333333,36.891904761904755,67.96333333333331,31.071428571428555,-4.596430169383154,21.667270969301423,False,False
2012-07-06,279.94,279.11,,272.82,204.2142857142857,236.52380952380952,278.95493767976984,282.9465796470873,272.57142857142856,0.8299999999999841,1.1000000000000227,,,,3.8365796470872624,-6.5385714285714585,,7.3685714285714425,-0.4300000000000068,-0.5500000000000114,-0.9800000000000182,-0.15999999999996817,0.7199999999999704,0.5600000000000023,,,,-0.06999999999999318,-0.4600000000000364,-0.5300000000000296,-0.9047619047619264,-0.8809523809523796,-1.785714285714306,0.690476190476204,0.8333333333333144,1.5238095238095184,1.965484180249291,1.1505273250239725,3.1160115052732635,3.825235678027582,-0.01510756586901607,3.8101281121585657,0.07142857142855519,-0.309523809523796,-0.2380952380952408,6.81,5.59,,42.586190476190495,74.89571428571432,36.296190476190475,68.6057142857143,32.309523809523824,-6.134937679769848,21.82741116751269,False,False
2012-07-13,282.96,282.31,,275.84,204.23809523809524,239.04761904761907,279.76989453499516,283.9164853758762,273.5238095238095,0.6499999999999773,1.0,,,,1.6064853758762183,-8.786190476190484,,9.436190476190461,-0.3100000000000023,-0.3900000000000432,-0.7000000000000455,0.040000000000020464,1.25,1.2900000000000205,,,,0.15999999999996817,-0.30000000000001137,-0.1400000000000432,-0.904761904761898,-0.8809523809523796,-1.7857142857142776,1.571428571428612,1.1666666666666572,2.7380952380952692,1.7098114413551002,1.0226909555768202,2.7325023969319204,2.6287164612037373,0.2598501329466103,2.8885665941503476,0.2619047619047592,-0.2619047619047592,0.0,7.28,6.64,,43.26238095238094,78.07190476190476,36.79238095238091,71.60190476190473,34.809523809523824,-3.929894534995185,21.585690113608894,False,False
2012-07-20,295.62,293.78,,288.38,215.04761904761904,251.11904761904762,289.90092681367844,294.9178148416727,286.42857142857144,1.8400000000000318,1.8600000000000136,,,,1.1378148416727072,-7.351428571428528,,9.19142857142856,-0.4800000000000182,-0.5199999999999818,-1.0,-0.4600000000000364,0.4300000000000068,-0.03000000000002956,,,,0.01999999999998181,-0.47999999999996135,-0.45999999999997954,-0.8095238095238244,-0.7380952380952408,-1.5476190476190652,1.4047619047619264,0.9523809523809348,2.357142857142861,0.43144774688397547,0.719079578139997,1.1505273250239725,0.2628716461203453,0.5468938844573472,0.8097655305776925,0.5952380952381304,0.09523809523807358,0.690476190476204,7.26,5.42,,42.66095238095235,78.73238095238094,37.260952380952375,73.33238095238096,36.071428571428584,-1.520926813678443,21.12037708484409,False,False
2012-07-27,291.86,291.79,,284.91,211.97619047619048,248.95238095238096,286.73697666986254,293.63367174280876,284.1904761904762,0.06999999999999318,0.3199999999999932,,,,1.8436717428087377,-7.5995238095238165,,7.66952380952381,-0.6699999999999591,-0.660000000000025,-1.329999999999984,-0.4199999999999591,0.8299999999999841,0.410000000000025,,,,-0.15999999999996817,-0.660000000000025,-0.8199999999999932,-0.6666666666666572,-0.7619047619047592,-1.4285714285714164,2.238095238095241,1.1666666666666856,3.4047619047619264,0.09587727708537841,0.6072227548737601,0.7031000319591385,0.22963500120857816,0.836959149141876,1.0665941503504541,0.8095238095238528,0.23809523809518396,1.0476190476190368,6.79,6.72,,42.83761904761906,79.81380952380954,35.95761904761906,72.93380952380954,36.97619047619048,-1.8269766698625176,22.606961566352428,False,False
2012-08-03,293.44,294.74,,286.96,212.04761904761907,253.28571428571428,291.4509427932246,298.17802755620016,288.3333333333333,-1.3000000000000114,-0.30000000000001137,,,,3.4380275562001543,-6.406666666666695,,5.106666666666683,-0.6200000000000045,-0.7099999999999795,-1.329999999999984,0.37999999999999545,1.920000000000016,2.3000000000000114,,,,-0.6000000000000227,-0.7699999999999818,-1.3700000000000045,-0.619047619047592,-0.8571428571428896,-1.4761904761904816,3.0238095238095184,1.6904761904761756,4.714285714285694,0.07989773090440622,0.6232023010546754,0.7031000319590817,0.2538071065990266,1.5923374425912584,1.846144549190285,0.6428571428571104,0.33333333333337123,0.9761904761904816,5.88,7.19,,41.45428571428573,82.69238095238094,33.6742857142857,74.91238095238091,41.23809523809521,-4.490942793224633,22.903069857384576,True,False
2012-08-10,313.49,309.28,,300.41,221.64285714285714,266.5952380952381,303.72323426014697,311.3850616388687,301.6428571428571,4.210000000000036,4.660000000000025,,,,2.105061638868733,-7.637142857142862,,11.847142857142899,0.9399999999999977,-0.6200000000000045,0.3199999999999932,1.3899999999999864,3.1499999999999773,4.539999999999964,,,,-0.839999999999975,-0.8700000000000045,-1.7099999999999795,-0.6428571428571388,-0.7380952380952408,-1.3809523809523796,3.7857142857142776,1.8809523809523512,5.666666666666629,0.15979546180886928,0.3195909236177954,0.4793863854266647,0.8399806623156678,2.0848440899202387,2.9248247522359065,1.0238095238094616,0.4761904761904816,1.4999999999999432,12.24,8.03,,42.6847619047619,87.63714285714283,33.81476190476195,78.76714285714289,44.952380952380935,-3.313234260146942,24.592095721537344,False,False
2012-08-17,326.42,317.65,,307.07,224.80952380952382,273.57142857142856,309.4119527005432,318.13512206913225,308.7142857142857,8.770000000000039,6.109999999999957,,,,0.48512206913227374,-8.935714285714255,,17.705714285714294,4.590000000000032,-0.6000000000000227,3.990000000000009,1.92999999999995,3.7900000000000205,5.71999999999997,,,,-0.9399999999999977,-0.9300000000000068,-1.8700000000000045,-0.714285714285694,-0.690476190476204,-1.404761904761898,3.8333333333333144,1.7857142857142776,5.619047619047592,-0.06391818472360455,0.9427932246724708,0.8788750399488663,0.7674643461446067,1.8582306018853956,2.6256949480300023,1.5952380952380736,0.9047619047619264,2.5,18.41,9.64,,44.07857142857142,92.84047619047615,33.49857142857144,82.26047619047617,48.76190476190473,-2.3419527005432315,25.56502296350012,False,False
2012-08-24,331.28,321.5,,311.78,229.69047619047618,272.3095238095238,315.612016618728,323.19917814841676,313.71428571428567,9.779999999999973,4.169999999999959,,,,1.6991781484167632,-7.785714285714334,,17.565714285714307,6.759999999999991,-0.3300000000000409,6.42999999999995,1.1499999999999773,4.170000000000016,5.319999999999993,,,,-0.8300000000000409,-0.7400000000000091,-1.57000000000005,-0.6428571428571388,-0.8095238095238244,-1.4523809523809632,1.5238095238095184,1.1666666666666856,2.690476190476204,-0.223713646532417,0.9587727708532725,0.7350591243208555,0.43207638385308655,1.3113367174280484,1.743413101281135,1.3333333333333144,0.5952380952380736,1.928571428571388,18.68,8.9,,49.190476190476204,91.80952380952382,39.47047619047618,82.0895238095238,42.61904761904762,-3.832016618728005,24.664612037708483,False,False
2012-08-31,335.09,323.91,,312.84,227.80952380952382,268.85714285714283,314.4455097475231,324.2416001933768,313.28571428571433,11.17999999999995,7.089999999999975,,,,0.3316001933768007,-10.62428571428569,,21.80428571428564,7.509999999999991,2.069999999999993,9.579999999999984,3.420000000000016,4.720000000000027,8.140000000000043,,,,-0.8400000000000318,-0.029999999999972715,-0.8700000000000045,-0.7380952380952124,-0.8095238095238244,-1.5476190476190368,1.1428571428571104,0.9761904761904816,2.119047619047592,0.12783636944709542,1.3742409715563895,1.502077341003485,0.4199903311578055,2.716340343243928,3.1363306744017336,2.0238095238095752,1.3333333333333712,3.3571428571429465,21.41,10.23,,55.05285714285719,96.1004761904762,43.98285714285714,85.03047619047615,41.04761904761901,-1.605509747523115,27.036499879139473,False,False
2012-09-07,330.39,320.63,,313.89,227.73809523809524,271.8095238095238,316.8584212208373,326.2932076383853,314.95238095238096,9.759999999999991,10.560000000000002,,,,5.663207638385302,-5.677619047619032,,15.437619047619023,3.4399999999999977,0.37000000000000455,3.8100000000000023,4.240000000000009,2.7899999999999636,7.029999999999973,,,,-0.12000000000000455,0.0999999999999659,-0.020000000000038654,-0.7857142857142776,-0.785714285714306,-1.5714285714285836,1.1428571428571104,1.1428571428571672,2.2857142857142776,0.06391818472354771,1.054650047938651,1.1185682326621986,0.9970993473531848,3.36294416243652,4.360043509789705,1.9761904761905384,1.4761904761904248,3.452380952380963,15.25,5.84,,48.8204761904762,92.89190476190475,42.08047619047619,86.15190476190475,44.071428571428555,-2.9684212208372855,27.435339618080732,False,False
2012-09-14,334.34,325.32,,320.37,232.4047619047619,276.07142857142856,319.54298497922656,328.63488034807835,317.04761904761904,9.019999999999982,9.539999999999964,,,,3.3148803480783613,-8.272380952380956,,17.292380952380938,3.569999999999993,0.5399999999999636,4.109999999999957,4.089999999999975,1.8700000000000045,5.9599999999999795,,,,0.07999999999998408,0.27000000000003865,0.35000000000002274,-0.7857142857142776,-0.7380952380952408,-1.5238095238095184,1.5476190476190368,1.119047619047592,2.6666666666666288,-0.33557046979859706,1.2144455097474633,0.8788750399488663,1.846144549190285,2.6438240270727533,4.489968576263038,1.4523809523809064,1.0952380952381304,2.547619047619037,14.04,5.03,,49.24857142857144,92.9152380952381,44.29857142857145,87.9652380952381,43.66666666666666,0.8270150207734446,26.462412376117957,False,False
2012-09-21,319.42,314.11,,311.05,223.16666666666669,264.5,312.8954937679769,317.5700991056321,307.4761904761904,5.310000000000002,5.21999999999997,,,,3.4600991056320822,-6.633809523809589,,11.943809523809591,3.900000000000034,0.8299999999999841,4.730000000000018,3.8100000000000023,1.7800000000000296,5.590000000000032,,,,0.17000000000001592,0.6100000000000136,0.7800000000000296,-0.8809523809523512,-0.7619047619047876,-1.6428571428571388,1.5952380952380736,1.309523809523796,2.9047619047618696,1.4860977948226264,2.2531160115052558,3.739213806327882,2.093908629441671,2.0727580372250145,4.166666666666686,1.0476190476190368,1.0714285714285552,2.119047619047592,8.54,3.23,,49.610000000000014,90.94333333333333,46.55000000000001,87.88333333333333,41.333333333333314,-1.8454937679769046,22.66437031665458,False,False
2012-09-28,319.11,314.68,,312.82,217.76190476190476,264.1428571428571,311.1217641418983,314.9927483683829,305.8571428571429,4.430000000000007,3.1499999999999773,,,,0.31274836838287,-8.822857142857117,,13.252857142857124,4.830000000000041,1.7199999999999704,6.550000000000011,3.5500000000000114,2.6999999999999886,6.25,,,,0.5099999999999909,1.5300000000000296,2.0400000000000205,-0.8333333333333428,-0.9761904761904532,-1.809523809523796,1.8333333333333144,1.5,3.3333333333333144,1.965484180249291,2.5886864813039097,4.554170661553201,2.1271452743533814,2.235919748610115,4.363065022963497,1.9285714285714448,1.380952380952408,3.309523809523853,6.8,2.37,,50.537142857142896,96.91809523809525,48.67714285714288,95.05809523809523,46.38095238095235,1.6982358581016683,22.060067681895095,False,False
2012-10-05,317.72,311.7,,313.44,216.2380952380952,265.0238095238095,312.5279642058165,313.34904520183704,304.40476190476187,6.020000000000039,6.050000000000011,,,,1.6490452018370547,-7.295238095238119,,13.315238095238158,3.230000000000018,2.3700000000000045,5.600000000000023,3.259999999999991,2.079999999999984,5.339999999999975,,,,1.920000000000016,2.159999999999968,4.079999999999984,-0.9047619047619264,-1.0238095238095184,-1.9285714285714448,1.9285714285714448,1.5238095238095184,3.452380952380963,2.876318312559931,2.940236497283422,5.816554809843353,1.921682378535138,2.1090161953106303,4.030698573845768,1.8333333333333144,1.5476190476190368,3.380952380952351,6.21,0.18,,46.67619047619047,95.46190476190478,48.41619047619048,97.20190476190479,48.785714285714306,0.9120357941835096,22.401498670534203,False,False
2012-10-12,327.98,319.52,,320.83,217.57142857142856,271.9047619047619,322.627037392138,321.28656030940294,312.66666666666663,8.460000000000036,7.140000000000043,,,,1.766560309402962,-6.853333333333353,,15.31333333333339,4.8799999999999955,2.7900000000000205,7.670000000000016,3.5600000000000023,2.919999999999959,6.479999999999961,,,,2.1899999999999977,2.3799999999999955,4.569999999999993,-0.97619047619051,-1.1190476190476204,-2.0952380952381304,2.4761904761904816,1.8333333333333712,4.309523809523853,4.186641099392773,3.9149888143176668,8.10162991371044,3.5653855450809715,2.184554024655597,5.7499395697365685,2.2619047619047024,2.2142857142857224,4.476190476190425,9.33,0.88,,47.615238095238055,101.94857142857143,48.92523809523806,103.25857142857143,54.33333333333337,-1.7970373921380087,21.99057287889775,False,False
2012-10-19,326.32,314.42,,318.36,218.1904761904762,269.8333333333333,318.9996804090763,318.4040367416002,309.95238095238096,11.899999999999977,9.5,,,,3.984036741600164,-4.467619047619053,,16.36761904761903,4.089999999999975,2.0600000000000023,6.149999999999977,1.6899999999999977,1.3600000000000136,3.0500000000000114,,,,1.5699999999999932,1.6200000000000045,3.1899999999999977,-1.0476190476190368,-1.2142857142857224,-2.261904761904759,2.1666666666666288,1.5714285714285552,3.738095238095184,4.522211569191427,2.716522850751005,7.238734419942432,3.0184916606236243,0.9366690838771774,3.9551607445008017,1.8333333333333712,1.1666666666666856,3.000000000000057,9.54,-2.36,,44.5866666666667,96.22952380952381,48.5266666666667,100.16952380952381,51.64285714285711,-0.6396804090762771,19.59149141890259,False,False
2012-10-26,310.33,302.08,,306.39,206.4047619047619,258.85714285714283,307.7980185362735,306.8225767464346,298.07142857142856,8.25,6.020000000000039,,,,4.742576746434622,-4.008571428571429,,12.258571428571429,3.9799999999999613,1.830000000000041,5.810000000000002,1.75,0.9699999999999704,2.7199999999999704,,,,1.4799999999999613,1.5200000000000387,3.0,-1.0,-1.309523809523796,-2.309523809523796,2.1666666666666288,1.6428571428571388,3.8095238095237676,4.953659316075402,2.796420581655468,7.7500798977308705,3.199782451051476,0.3625815808557036,3.5623640319071797,1.8809523809523512,0.5952380952380736,2.4761904761904248,5.41,-2.84,,43.22285714285715,95.67523809523809,47.532857142857154,99.98523809523809,52.452380952380935,-1.4080185362735165,18.8663282571912,False,False
2012-11-02,306.59,299.45,,305.01,204.47619047619045,257.6428571428571,304.20262064557363,304.84046410442346,297.2857142857143,7.139999999999986,4.819999999999993,,,,5.390464104423472,-2.164285714285711,,9.304285714285697,2.6999999999999886,1.839999999999975,4.539999999999964,0.37999999999999545,0.3199999999999932,0.6999999999999886,,,,0.9499999999999886,1.2300000000000182,2.180000000000007,-1.2142857142857508,-1.309523809523796,-2.523809523809547,2.4285714285714164,1.7857142857142776,4.214285714285694,2.7005433045702034,1.6618728028123542,4.362416107382558,2.0395213923132474,0.006043026347583691,2.045564418660831,1.3333333333333144,0.4761904761904816,1.809523809523796,2.53,-4.61,,41.80714285714288,94.97380952380954,47.36714285714288,100.53380952380954,53.16666666666666,0.8073793544263594,19.159415035049552,True,False
2012-11-09,303.85,294.23,,299.18,204.7380952380952,258.2142857142857,296.6762543943751,300.5650229635001,293.3333333333333,9.620000000000005,6.949999999999989,,,,6.33502296350008,-0.8966666666667038,,10.516666666666708,0.21000000000003638,1.0199999999999818,1.2300000000000182,-2.4599999999999795,-1.3000000000000114,-3.759999999999991,,,,-0.6700000000000159,0.22000000000002728,-0.44999999999998863,-1.1428571428571672,-1.3809523809523796,-2.523809523809547,2.047619047619037,1.5238095238095468,3.5714285714285836,0.38350910834128626,-0.015979546180858506,0.36752956216042776,0.13898960599465227,0.4109257916364868,0.5499153976311391,0.7619047619047592,0.47619047619042476,1.238095238095184,4.0,-5.62,,36.015714285714296,89.4919047619048,40.965714285714284,94.4419047619048,53.47619047619051,2.5037456056248857,20.431472081218274,False,False
2012-11-16,304.7,294.14,,298.17,204.47619047619045,260.4047619047619,296.16490891658674,302.90971718636695,296.0952380952381,10.560000000000002,8.149999999999977,,,,8.769717186366961,1.9552380952380872,,8.604761904761915,0.0,0.6700000000000159,0.6700000000000159,-2.410000000000025,-1.4499999999999886,-3.8600000000000136,,,,-0.8700000000000045,0.0,-0.8700000000000045,-0.97619047619051,-1.4047619047618696,-2.3809523809523796,3.1666666666666856,1.4761904761904816,4.642857142857167,-0.9587727708532725,0.07989773090440622,-0.8788750399488663,-0.2870437515107369,0.6345177664974813,0.34747401498674435,0.5714285714285552,0.7619047619047592,1.3333333333333144,5.66,-4.9,,33.73523809523806,89.66380952380953,37.76523809523809,93.69380952380956,55.92857142857147,2.0050910834132765,22.117476432197243,False,False
2012-11-23,312.59,303.62,,306.59,209.33333333333334,263.95238095238096,303.45158197507186,309.85919748610104,301.8333333333333,8.96999999999997,6.899999999999977,,,,6.239197486101034,-1.7866666666666902,,10.75666666666666,0.08999999999997499,1.1899999999999977,1.2799999999999727,-1.9800000000000182,-0.6299999999999955,-2.6100000000000136,,,,-0.8800000000000523,0.060000000000002274,-0.82000000000005,-1.404761904761898,-1.4523809523809632,-2.857142857142861,1.9285714285714448,1.5476190476190368,3.4761904761904816,-0.7510386705017709,0.6232023010546754,-0.12783636944709542,0.5952380952381304,0.7221416485375585,1.317379743775689,0.09523809523807358,0.6666666666666856,0.7619047619047592,5.2,-3.98,,39.66761904761904,94.28666666666666,42.63761904761901,97.25666666666663,54.61904761904762,3.1384180249281144,22.504230118443317,False,False
2012-11-30,308.35,300.3,,302.92,208.7619047619048,263.0,301.64589325663144,307.5809765530578,299.85714285714283,8.050000000000011,5.889999999999986,,,,7.280976553057769,-0.4428571428571786,,8.49285714285719,-0.39999999999997726,0.9300000000000068,0.5300000000000296,-2.5600000000000023,-0.6399999999999864,-3.1999999999999886,,,,-1.5299999999999727,-0.4000000000000341,-1.9300000000000068,-1.4523809523809348,-1.5476190476190368,-2.9999999999999716,2.071428571428555,1.5476190476190936,3.619047619047649,-0.7989773090444601,0.46340683924580617,-0.3355704697986539,0.3625815808557036,0.6768189509306239,1.0394005317863275,-0.16666666666668561,0.7380952380952408,0.5714285714285552,3.9,-4.16,,37.30000000000001,91.53809523809522,39.920000000000016,94.15809523809523,54.23809523809521,1.274106743368577,21.902948996857624,False,False
2012-12-07,298.54,296.84,,298.19,208.4047619047619,258.85714285714283,296.00511345477787,302.40210297316895,295.6190476190476,1.7000000000000455,0.7800000000000296,,,,5.562102973168976,-1.220952380952383,,2.9209523809524285,0.4900000000000091,1.740000000000009,2.230000000000018,-0.4300000000000068,0.2400000000000091,-0.18999999999999773,,,,-0.7900000000000205,0.4900000000000091,-0.30000000000001137,-1.4047619047619264,-1.5476190476190084,-2.952380952380935,2.0238095238095184,1.6666666666666572,3.6904761904761756,-0.9587727708532725,-0.15979546180886928,-1.1185682326621418,0.024172105390391607,0.6133671742808815,0.6375392796712731,0.8333333333333144,0.5952380952380736,1.428571428571388,-0.44,-2.14,,37.98285714285714,88.43523809523808,39.332857142857165,89.7852380952381,50.452380952380935,2.1848865452221276,21.534324389654337,False,False
2012-12-14,293.22,294.49,,294.29,205.11904761904762,258.04761904761904,291.0834132310642,300.0694948029973,292.92857142857144,-1.2699999999999818,-1.2799999999999727,,,,5.579494802997317,-1.5614285714285643,,0.2914285714285825,0.8100000000000023,1.8100000000000023,2.6200000000000045,0.8000000000000114,1.7900000000000205,2.590000000000032,,,,-0.21999999999997044,0.8100000000000023,0.5900000000000318,-1.2619047619047876,-1.4285714285714164,-2.690476190476204,3.0238095238095184,2.0714285714285836,5.095238095238102,-1.8216682646212803,0.04793863854263236,-1.773729626078648,0.24474256707759423,0.8641527677060594,1.1088953347836537,1.0476190476190368,0.880952380952408,1.9285714285714448,-1.29,-0.02,,36.44238095238097,89.37095238095239,36.242380952380984,89.1709523809524,52.928571428571416,3.2065867689358356,22.984650713077105,False,False
2012-12-21,303.75,299.34,,301.37,211.16666666666666,260.0,297.93863854266533,305.12448634276046,297.9761904761905,4.410000000000025,3.6499999999999773,,,,5.784486342760488,-1.3638095238094934,,5.773809523809518,1.410000000000025,2.1299999999999955,3.5400000000000205,0.6499999999999773,0.7199999999999704,1.3699999999999477,,,,0.6100000000000136,1.420000000000016,2.0300000000000296,-1.190476190476204,-1.2619047619047592,-2.452380952380963,2.047619047619037,1.6428571428571672,3.690476190476204,-0.015979546180858506,0.8149568552252617,0.7989773090444032,0.9880348078317525,0.9880348078318093,1.9760696156635618,1.3095238095238528,0.9761904761904248,2.2857142857142776,3.0,-1.42,,39.339999999999975,88.17333333333332,41.370000000000005,90.20333333333335,48.83333333333334,3.431361457334674,23.43485617597293,False,False
2012-12-28,305.78,301.0,,304.26,215.04761904761904,262.66666666666663,298.75679130712683,305.7710901619531,297.85714285714283,4.779999999999973,3.819999999999993,,,,4.771090161953111,-3.142857142857167,,7.92285714285714,1.9699999999999704,2.3899999999999864,4.359999999999957,1.009999999999991,0.7300000000000182,1.740000000000009,,,,1.8999999999999773,1.9700000000000273,3.8700000000000045,-1.2142857142857224,-1.285714285714306,-2.5000000000000284,2.3333333333333144,1.690476190476204,4.023809523809518,-0.022371364653224646,0.7989773090444032,0.7766059443911786,1.175368624607188,1.1783901377810366,2.3537587623882246,1.2142857142856656,0.9047619047619264,2.119047619047592,4.13,-0.66,,38.33333333333337,85.95238095238096,41.59333333333336,89.21238095238095,47.61904761904759,5.503208692873159,23.767222625090643,False,False
2013-01-04,306.04,301.2,,303.36,220.8095238095238,266.09523809523813,298.3189517417705,304.967367657723,297.54761904761904,4.840000000000032,3.330000000000041,,,,3.767367657723014,-3.652380952380952,,8.492380952380984,1.8799999999999955,-1.8199999999999932,0.060000000000002274,0.37000000000000455,0.5500000000000114,0.9200000000000159,,,,1.3400000000000318,1.8100000000000023,3.150000000000034,-1.0238095238095468,-1.0,-2.023809523809547,2.95238095238102,2.047619047619037,5.000000000000057,-0.3803131991051032,0.600830936401394,0.22051773729629076,0.9427121102248179,1.0545080976552867,1.9972202078801047,1.119047619047592,0.9047619047619264,2.0238095238095184,4.07,-0.75,,35.10476190476186,80.39047619047619,37.26476190476188,82.55047619047622,45.285714285714334,5.041048258229523,23.32608170171622,True,False
2013-01-11,307.58,303.94,,304.47,222.28571428571428,265.54761904761904,301.7257909875359,309.0736040609137,301.76190476190476,3.6399999999999864,2.4700000000000273,,,,5.133604060913683,-2.1780952380952385,,5.818095238095225,1.8599999999999568,-2.7999999999999545,-0.9399999999999977,0.6899999999999977,1.5500000000000114,2.240000000000009,,,,1.3400000000000318,1.8500000000000227,3.1900000000000546,-1.0714285714285836,-0.9523809523809348,-2.0238095238095184,2.0952380952380736,1.690476190476204,3.7857142857142776,-0.5592841163311277,1.2783636944711247,0.719079578139997,1.2599709934735301,1.3838530335992232,2.6438240270727533,1.5952380952381304,1.5714285714285552,3.1666666666666856,4.44,0.81,,38.39238095238096,81.65428571428572,38.92238095238099,82.18428571428575,43.26190476190476,2.7442090124641254,23.712835387962294,False,False
2013-01-18,310.38,307.08,,302.93,225.0952380952381,264.66666666666663,305.433045701502,310.5964467005076,302.7857142857143,3.3000000000000114,3.6999999999999886,,,,3.516446700507629,-4.2942857142857065,,7.594285714285718,1.5600000000000023,-3.1899999999999977,-1.6299999999999955,1.9599999999999795,2.7099999999999795,4.669999999999959,,,,0.8500000000000227,1.5600000000000023,2.410000000000025,-1.0714285714285552,-0.9047619047619264,-1.9761904761904816,2.0952380952380736,1.7142857142857224,3.809523809523796,2.380952380952351,2.524768296580362,4.905720677532713,1.7343485617597025,2.0485859318347366,3.782934493594439,2.380952380952351,1.6428571428571672,4.023809523809518,8.3,5.0,,42.413333333333355,81.98476190476188,38.26333333333338,77.8347619047619,39.57142857142853,-2.5030457015020033,23.29284505680445,False,False
2013-01-25,315.26,310.46,,307.24,228.16666666666666,268.3333333333333,309.97123681687435,315.4943195552333,306.1666666666667,4.800000000000011,5.009999999999991,,,,5.03431955523331,-4.293333333333294,,9.093333333333305,1.9399999999999977,-3.1200000000000045,-1.1800000000000068,2.1499999999999773,3.1499999999999773,5.2999999999999545,,,,1.0900000000000318,1.8599999999999568,2.9499999999999886,-1.1190476190476204,-1.0238095238095468,-2.142857142857167,2.499999999999943,1.95238095238102,4.452380952380963,2.5407478427612773,2.5886864813039097,5.129434324065187,1.8521875755378687,2.20570461687214,4.057892192410009,1.6190476190476488,1.6904761904761472,3.309523809523796,9.14,4.7,,42.126666666666665,82.29333333333332,38.906666666666695,79.07333333333335,40.16666666666666,-2.7312368168743433,23.999879139473048,False,False
2013-02-01,322.11,316.85,,311.57,232.0,273.83333333333337,316.17130073505905,320.62182741116754,310.1190476190476,5.259999999999991,5.329999999999984,,,,3.7718274111675214,-6.730952380952431,,11.990952380952422,0.22000000000002728,0.9699999999999704,1.1899999999999977,0.29000000000002046,4.0400000000000205,4.330000000000041,,,,1.0699999999999932,0.339999999999975,1.4099999999999682,-1.0714285714285836,-0.9523809523809632,-2.023809523809547,2.452380952380963,2.0238095238095752,4.4761904761905384,3.1479705976349805,2.7804410354746096,5.92841163310959,1.828015470147534,2.3084360647811764,4.13645153492871,1.0238095238095184,1.8333333333333144,2.857142857142833,11.61,6.35,,43.01666666666665,84.85000000000002,37.73666666666662,79.57,41.83333333333337,-4.601300735059056,24.190234469422286,True,False
2013-02-08,332.01,322.19,,319.38,229.04761904761907,278.57142857142856,324.1610738255033,327.34167270969294,317.45238095238096,9.819999999999993,7.579999999999984,,,,5.151672709692946,-4.7376190476190345,,14.557619047619028,4.25,3.1299999999999955,7.3799999999999955,2.009999999999991,3.1899999999999977,5.199999999999989,,,,2.490000000000009,-3.5400000000000205,-1.0500000000000114,-1.1904761904761756,-1.1428571428571672,-2.333333333333343,2.238095238095241,2.0952380952380736,4.333333333333314,3.467561521252776,3.0840524129115465,6.5516139341643225,2.6982112642010065,3.00036258158093,5.698573845781937,2.5238095238095184,2.261904761904816,4.785714285714334,15.11,5.3,,43.61857142857144,93.14238095238093,40.80857142857144,90.33238095238093,49.52380952380949,-4.781073825503313,26.042422044960116,False,False
2013-02-15,336.63,327.87,,322.41,230.8095238095238,281.5,324.5605624800255,330.5897993715252,320.76190476190476,8.759999999999991,7.529999999999973,,,,2.7197993715251982,-7.108095238095245,,15.868095238095236,3.0500000000000114,3.319999999999993,6.3700000000000045,1.8199999999999932,3.4399999999999977,5.259999999999991,,,,1.4399999999999977,-4.6299999999999955,-3.1899999999999977,-1.3571428571428896,-1.2380952380952124,-2.595238095238102,2.0952380952381304,1.9761904761904248,4.071428571428555,3.131991051454122,2.6206455736657404,5.752636625119862,2.5138989605994198,3.2602127145274267,5.774111675126846,2.3571428571428896,2.238095238095241,4.59523809523813,15.66,6.9,,46.370000000000005,97.06047619047621,40.910000000000025,91.60047619047623,50.690476190476204,-2.150562480025485,26.95794053662074,False,False
2013-02-22,327.74,320.45,,313.42,224.45238095238093,275.3095238095238,317.2099712368168,325.4502054628958,315.8095238095238,7.2900000000000205,6.329999999999984,,,,5.000205462895792,-4.640476190476193,,11.930476190476213,0.21000000000003638,3.25,3.4600000000000364,-0.75,3.430000000000007,2.680000000000007,,,,0.1500000000000341,-6.9500000000000455,-6.800000000000011,-1.2380952380952692,-0.9761904761904816,-2.214285714285751,2.1428571428571104,1.8333333333333712,3.9761904761904816,1.6778523489932695,2.301054650047945,3.9789069990412145,1.9851341551848805,2.933889291757339,4.919023446942219,2.2857142857142776,2.0952380952380736,4.380952380952351,12.98,5.8,,45.14047619047619,95.99761904761905,38.11047619047622,88.96761904761908,50.85714285714286,-3.7899712368167684,26.583272903069858,False,False
2013-03-01,314.85,310.21,,300.41,219.64285714285714,267.04761904761904,302.8763183125599,313.92917573120616,303.8571428571429,4.640000000000043,5.740000000000009,,,,3.719175731206178,-6.35285714285709,,10.992857142857133,2.900000000000034,2.2099999999999795,5.110000000000014,4.0,2.3700000000000045,6.3700000000000045,,,,-1.1999999999999886,-6.099999999999966,-7.2999999999999545,-1.0,-0.904761904761898,-1.904761904761898,2.2142857142857224,1.9761904761904248,4.190476190476147,0.09587727708532157,1.022690955576877,1.1185682326621986,1.9609620497944888,2.4323181049069262,4.393280154701415,1.5238095238095752,1.8333333333333144,3.3571428571428896,13.62,8.6,,43.16238095238094,90.56714285714284,33.36238095238099,80.76714285714289,47.4047619047619,-2.4663183125598493,27.674039158810732,True,False
2013-03-08,304.55,301.36,,296.44,216.61904761904762,264.1666666666667,295.70150207734093,305.9946821368141,296.7857142857143,3.1899999999999977,4.039999999999964,,,,4.634682136814092,-4.574285714285736,,7.764285714285734,2.0200000000000387,1.5599999999999454,3.579999999999984,2.8700000000000045,1.8600000000000136,4.730000000000018,,,,-8.430000000000007,2.2200000000000273,-6.2099999999999795,-1.0952380952380736,-0.9285714285714448,-2.0238095238095184,2.047619047619037,2.000000000000057,4.047619047619094,-0.7350591243208555,0.6551613934163925,-0.07989773090446306,1.973048102489713,1.5893159294174666,3.5623640319071797,1.5476190476190368,0.9285714285714448,2.4761904761904816,-0.16,-3.44,,37.19333333333333,84.7409523809524,32.27333333333331,79.82095238095238,47.547619047619065,0.7384979226590644,25.84904520183708,False,False
2013-03-15,299.82,297.57,,294.2,220.76190476190476,260.7857142857143,293.400447427293,300.924583031182,293.54761904761904,2.25,3.420000000000016,,,,3.354583031182017,-4.022380952380956,,6.272380952380956,0.2699999999999818,0.5099999999999909,0.7799999999999727,1.4399999999999977,0.7900000000000205,2.230000000000018,,,,-9.270000000000039,1.240000000000009,-8.03000000000003,-0.904761904761898,-0.6666666666666572,-1.5714285714285552,1.0714285714285552,1.2857142857142776,2.357142857142833,-0.5592841163311277,0.06391818472354771,-0.49536593160758,0.5227217790669556,0.3716461203770791,0.8943678994440347,0.7857142857142776,0.3571428571428328,1.1428571428571104,-3.95,-5.9,,36.784285714285716,76.80809523809523,33.41428571428571,73.43809523809523,40.02380952380952,0.7995525727070003,23.21730722745951,False,False
2013-03-22,293.98,292.15,,289.27,221.42857142857142,257.5238095238095,288.1751358261425,292.7604544355813,287.64285714285717,1.830000000000041,2.769999999999982,,,,0.6104544355813459,-4.50714285714281,,6.337142857142851,-0.2999999999999545,-0.160000000000025,-0.45999999999997954,0.6399999999999864,0.03999999999996362,0.67999999999995,,,,-9.680000000000007,0.6399999999999864,-9.04000000000002,-0.880952380952408,-0.5476190476190084,-1.4285714285714164,1.0952380952380736,1.2380952380952408,2.3333333333333144,-0.9108341323106401,-0.5113454777884385,-1.4221796100990787,-1.3234227701232726,-0.8399806623157247,-2.1634034324389972,-0.19047619047614717,0.023809523809518396,-0.16666666666662877,-4.57,-6.8,,34.62619047619046,70.72142857142856,31.746190476190463,67.84142857142857,36.0952380952381,1.094864173857502,19.76371766980904,False,False
2013-03-29,299.3,294.82,,289.73,229.14285714285714,260.26190476190476,289.9488654522211,296.1324631375393,289.04761904761904,4.480000000000018,4.850000000000023,,,,1.3124631375392823,-5.772380952380956,,10.252380952380975,0.5699999999999932,0.09000000000003183,0.660000000000025,0.9399999999999977,0.06999999999999318,1.009999999999991,,,,-11.909999999999968,0.9300000000000068,-10.979999999999961,-0.6428571428571672,-0.3571428571428328,-1.0,0.6428571428571104,0.9761904761905384,1.6190476190476488,-0.9779482262703141,-0.7798018536274185,-1.7577500798977326,-1.2660140198211138,-1.0091854000483522,-2.275199419869466,-1.1428571428571672,-0.4761904761904816,-1.6190476190476488,-2.98,-7.15,,34.558095238095234,65.67714285714285,29.46809523809526,60.58714285714288,31.11904761904762,-0.21886545222110954,20.93002175489485,False,False
2013-04-05,297.59,292.48,,300.63,226.02380952380955,256.8333333333333,289.50143815915624,295.89376359680926,289.5238095238095,5.109999999999957,5.659999999999968,,,,3.413763596809247,-2.9561904761905,,8.066190476190457,-0.25,0.39999999999997726,0.14999999999997726,0.30000000000001137,-1.0299999999999727,-0.7299999999999613,,,,0.9499999999999886,0.10000000000002274,1.0500000000000114,-0.7380952380952124,-0.5476190476190368,-1.2857142857142492,0.3571428571428328,0.6666666666666856,1.0238095238095184,-1.054650047938594,-0.9268136784915555,-1.9814637264301496,-1.0363790186125357,-0.7674643461445498,-1.8038433647570855,-0.6666666666666856,-0.2142857142857224,-0.880952380952408,-2.22,-7.2,,35.646666666666704,66.45619047619047,43.79666666666668,74.60619047619045,30.809523809523768,11.128561840843759,20.594633792603336,False,False
2013-04-12,289.7,283.7,,292.68,222.38095238095238,249.54761904761904,280.29721955896446,286.11916847957457,280.64285714285717,6.0,6.199999999999989,,,,2.41916847957458,-3.0571428571428214,,9.057142857142821,-0.5600000000000023,-0.8400000000000318,-1.400000000000034,-0.36000000000001364,-1.490000000000009,-1.8500000000000227,,,,0.5300000000000296,-0.36000000000001364,0.17000000000001592,-0.7619047619047592,-0.595238095238102,-1.3571428571428612,-0.023809523809518396,0.4047619047618696,0.3809523809523512,-0.6711409395973078,-1.0067114093959617,-1.6778523489932695,-1.3717669809040558,-1.4261542180323659,-2.7979211989364217,-0.6904761904761472,-0.5476190476190936,-1.2380952380952408,-2.45,-8.45,,34.15238095238095,61.31904761904761,43.13238095238097,70.29904761904763,27.166666666666657,12.38278044103555,20.044718394972204,False,False
2013-04-19,274.77,268.76,,278.74,209.45238095238093,236.54761904761904,266.47491211249593,271.9240995890742,266.7857142857143,6.009999999999991,6.300000000000011,,,,3.164099589074226,-1.9742857142857133,,7.984285714285704,-0.910000000000025,-1.170000000000016,-2.080000000000041,-0.6200000000000045,-1.6200000000000045,-2.240000000000009,,,,0.7800000000000296,-0.5699999999999932,0.21000000000003638,-0.6904761904762324,-0.5476190476190084,-1.2380952380952408,0.023809523809518396,0.3333333333333144,0.3571428571428328,-1.3103227868328986,-1.2943432406519833,-2.604666027484882,-1.8280154701474203,-1.6648537587623764,-3.4928692289097967,-1.0714285714285552,-1.0238095238095752,-2.0952380952381304,-3.19,-9.2,,32.212380952380954,59.307619047619056,42.19238095238097,69.28761904761907,27.095238095238102,12.26508788750408,19.144307469180564,False,False
2013-04-26,278.22,273.34,,285.31,217.14285714285714,242.38095238095238,271.01310322786827,276.16026105873823,271.45238095238096,4.880000000000052,3.410000000000025,,,,2.8202610587382537,-1.8876190476190118,,6.767619047619064,0.9200000000000159,-3.1899999999999977,-2.269999999999982,-0.5500000000000114,-1.6200000000000045,-2.170000000000016,,,,1.9700000000000273,-0.1500000000000341,1.8199999999999932,-0.7142857142857224,-0.2619047619047592,-0.9761904761904816,0.2857142857142776,0.5,0.7857142857142776,-1.1185682326621986,-1.1984659635666617,-2.3170341962288603,-2.1211022480057977,-1.4352187575537414,-3.556321005559539,-0.809523809523796,-0.9047619047619264,-1.7142857142857224,-5.13,-10.0,,30.959047619047595,56.197142857142836,42.92904761904762,68.16714285714286,25.23809523809524,14.296896772131731,19.213802272177908,False,False
2013-05-03,276.81,272.59,,286.06,223.14285714285714,244.35714285714283,269.65484180249274,275.11481750060426,270.8333333333333,4.220000000000027,2.769999999999982,,,,2.5248175006042857,-1.7566666666666606,,5.976666666666688,-0.589999999999975,-0.9300000000000068,-1.5199999999999818,-2.0400000000000205,-1.4300000000000068,-3.4700000000000273,,,,1.4800000000000182,-0.3100000000000023,1.170000000000016,-0.5000000000000284,0.07142857142858361,-0.4285714285714448,0.9761904761904532,0.904761904761898,1.8809523809523512,-1.278363694471068,-1.2783636944711247,-2.5567273889421926,-2.006284747401537,-1.5530577713318507,-3.559342518733388,-0.880952380952408,-0.8809523809523512,-1.7619047619047592,-7.78,-12.0,,28.232857142857142,49.447142857142836,41.70285714285717,62.91714285714286,21.214285714285694,16.405158197507262,18.66690838772057,True,False
2013-05-10,281.8,277.15,,292.11,228.97619047619048,248.85714285714283,276.51006711409394,280.4628958182258,276.2857142857143,4.650000000000034,2.8000000000000114,,,,3.3128958182257975,-0.8642857142856997,,5.514285714285734,-1.759999999999991,-0.9399999999999977,-2.6999999999999886,-3.6100000000000136,-0.6399999999999864,-4.25,,,,0.7599999999999909,-0.3100000000000023,0.44999999999998863,-0.5714285714285552,0.07142857142858361,-0.4999999999999716,0.7619047619047308,0.595238095238102,1.3571428571428328,0.19175455417069998,-1.0386705017577356,-0.8469159475870356,-1.634638627024401,-1.8098863911046692,-3.4445250181290703,-0.6666666666666288,-0.761904761904816,-1.4285714285714448,-9.55,-14.2,,28.292857142857144,48.173809523809496,43.25285714285718,63.13380952380953,19.88095238095235,15.599932885906071,18.58230601885424,False,False
2013-05-17,275.85,274.47,,289.8,226.11904761904762,246.45238095238096,275.8708852668584,279.9401740391588,275.6428571428571,1.3799999999999955,-1.1999999999999886,,,,5.470174039158792,1.172857142857083,,0.20714285714291236,-0.6899999999999977,-2.169999999999959,-2.859999999999957,-3.269999999999982,-1.170000000000016,-4.439999999999998,,,,0.7300000000000182,-0.37000000000000455,0.36000000000001364,-0.6428571428571388,-0.1904761904761756,-0.8333333333333144,0.3095238095238244,0.5476190476190368,0.8571428571428612,-0.7190795781399402,-0.719079578139997,-1.4381591562799372,-0.8097655305776925,-1.6739182982838088,-2.4836838288615013,-0.28571428571433444,-0.23809523809518396,-0.5238095238095184,-13.22,-14.6,,28.017619047619064,48.35095238095241,43.34761904761905,63.68095238095239,20.333333333333343,13.929114733141603,18.682015953589556,False,False
2013-05-24,276.38,275.15,,289.41,226.45238095238096,245.9047619047619,276.71780121444544,281.1699299008943,276.3095238095238,1.2300000000000182,-1.25,,,,6.01992990089434,1.1595238095238187,,0.07047619047619946,0.38999999999998636,-3.0399999999999636,-2.6499999999999773,-2.090000000000032,-1.990000000000009,-4.080000000000041,,,,0.6100000000000136,-0.5399999999999636,0.07000000000005002,-0.3809523809523512,0.0,-0.3809523809523512,0.404761904761898,0.6428571428571388,1.0476190476190368,-0.4314477468840323,-0.639181847235534,-1.0706295941195663,-0.5348078317621798,-1.6769398114576006,-2.2117476432197805,-0.2380952380952408,-0.690476190476204,-0.9285714285714448,-12.42,-13.65,,29.24523809523808,48.697619047619014,43.50523809523813,62.95761904761906,19.452380952380935,12.69219878555458,19.286318588349044,False,False
2013-05-31,274.79,273.62,,285.28,222.45238095238096,243.73809523809524,275.0399488654522,280.1154218032391,275.5238095238095,1.170000000000016,0.7400000000000091,,,,6.495421803239083,1.9038095238095138,,-0.7338095238094979,-0.8700000000000045,-1.1299999999999955,-2.0,-1.3000000000000114,-1.7299999999999613,-3.0299999999999727,,,,0.4199999999999591,-0.7400000000000091,-0.32000000000005,-0.5,-0.07142857142855519,-0.5714285714285552,0.5,0.7619047619047592,1.2619047619047592,-0.25567273889419084,-0.719079578139997,-0.9747523170341879,-0.2749576988155127,-1.5047135605511812,-1.779671259366694,-0.023809523809518396,-0.07142857142861203,-0.09523809523813043,-10.6,-11.55,,29.881904761904764,51.16761904761904,41.54190476190473,62.82761904761901,21.285714285714278,10.240051134547798,19.9268793811941,False,False
2013-06-07,274.35,275.62,,286.36,224.42857142857144,245.95238095238093,276.3822307446468,281.5748126661832,276.0,-1.2699999999999818,-0.7900000000000205,,,,5.954812666183216,0.37999999999999545,,-1.6499999999999773,-2.2299999999999613,-0.3100000000000023,-2.5399999999999636,-1.75,-1.3700000000000045,-3.1200000000000045,,,,-0.36000000000001364,-0.6999999999999886,-1.0600000000000023,-0.5476190476190084,-0.14285714285716722,-0.6904761904761756,0.6428571428571388,1.0238095238095184,1.6666666666666572,0.2876318312559647,-0.47938638542660783,-0.19175455417064313,-0.7795503988397172,-0.888324873096451,-1.6678752719361682,-0.16666666666662877,-0.14285714285716722,-0.309523809523796,-12.55,-11.1,,29.66761904761907,51.19142857142856,40.40761904761908,61.93142857142857,21.52380952380949,9.977769255353223,20.23507372492144,False,False
2013-06-14,279.99,279.1,,290.76,229.30952380952382,247.90476190476193,278.8430808565036,285.54810248972683,279.8333333333333,0.8899999999999864,-0.2799999999999727,,,,6.448102489726807,0.7333333333332916,,0.1566666666666947,-0.9300000000000068,-0.029999999999972715,-0.9599999999999795,-2.099999999999966,-1.2100000000000364,-3.3100000000000023,,,,-0.2400000000000091,-0.6000000000000227,-0.8400000000000318,-0.5476190476190368,-0.09523809523807358,-0.6428571428571104,-0.16666666666662877,0.809523809523796,0.6428571428571672,-0.8469159475870924,-0.527325023969297,-1.3742409715563895,-0.7614213197969661,-0.69192651679964,-1.4533478365966062,0.04761904761903679,0.023809523809518396,0.07142857142855519,-11.01,-11.9,,31.195238095238096,49.7904761904762,42.855238095238064,61.45047619047617,18.595238095238102,11.916919143496386,20.863548465071307,False,False
2013-06-21,278.81,279.56,,292.02,230.26190476190473,247.92857142857142,282.43847874720353,287.51510756586896,281.35714285714283,-0.75,0.2899999999999636,,,,7.955107565868957,1.7971428571428305,,-2.5471428571428305,-3.079999999999984,-0.060000000000002274,-3.1399999999999864,-2.0400000000000205,-1.5199999999999818,-3.5600000000000023,,,,-0.09000000000003183,-0.4900000000000091,-0.5800000000000409,-0.19047619047623243,0.07142857142858361,-0.11904761904764882,0.7619047619047592,0.8809523809523796,1.6428571428571388,0.23969319271333234,-0.25567273889419084,-0.015979546180858506,0.07553782934490982,-0.5257432922407475,-0.4502054628958376,0.2142857142857224,0.2857142857142776,0.5,-13.3,-12.55,,31.631428571428586,49.29809523809527,44.091428571428565,61.75809523809525,17.666666666666686,9.581521252796449,20.64297800338409,False,False
2013-06-28,275.77,273.47,,286.73,228.38095238095238,242.4047619047619,278.55544902524764,281.0490693739425,276.04761904761904,2.2999999999999545,1.1999999999999886,,,,7.5790693739424455,2.5776190476190095,,-0.277619047619055,-0.6899999999999977,0.0,-0.6899999999999977,-1.7899999999999636,-1.5,-3.2899999999999636,,,,0.4600000000000364,-0.34000000000003183,0.12000000000000455,0.285714285714306,1.309523809523796,1.595238095238102,0.904761904761898,0.9523809523809632,1.8571428571428612,1.4062000639181633,0.6711409395973646,2.077341003515528,0.4320763838530297,-0.21452743533961893,0.21754894851341078,1.1666666666666288,0.5000000000000568,1.6666666666666856,-10.5,-12.8,,31.06523809523813,45.08904761904765,44.32523809523812,58.34904761904764,14.023809523809518,8.174550974752378,18.600435097897027,False,False
2013-07-05,284.69,282.15,,292.9,239.30952380952382,250.47619047619048,286.36944710770206,288.4004109257916,283.5238095238095,2.5400000000000205,0.7599999999999909,,,,6.250410925791641,1.3738095238095411,,1.1661904761904793,0.13999999999998636,-0.22999999999996135,-0.08999999999997499,-1.6400000000000432,0.26000000000004775,-1.3799999999999955,,,,-0.4700000000000273,-0.38999999999998636,-0.8600000000000136,0.3333333333333428,2.5000000000000284,2.8333333333333712,1.3809523809523796,1.4523809523809632,2.833333333333343,1.1345477788430571,0.7031000319590817,1.8376478108021388,0.44114092337440525,-0.29006526468452876,0.1510756586898765,1.7619047619047592,0.7142857142857224,2.4761904761904816,-9.1,-11.65,,31.673809523809496,42.84047619047615,42.423809523809496,53.59047619047615,11.166666666666657,6.530552892297919,19.183587140439933,False,False
2013-07-12,292.66,289.16,,299.84,249.54761904761904,257.2857142857143,291.7225950782997,294.3437273386512,287.26190476190476,3.5,1.0,,,,5.183727338651181,-1.8980952380952658,,5.398095238095266,1.0200000000000387,-0.19999999999998863,0.82000000000005,-1.4799999999999613,0.5999999999999659,-0.8799999999999955,,,,-0.4200000000000159,-0.3299999999999841,-0.75,1.0238095238095184,3.166666666666657,4.190476190476176,1.8809523809523796,1.5238095238095184,3.404761904761898,0.4634068392457493,0.19175455417069998,0.6551613934164493,-0.07855934251870167,0.05740875030215875,-0.02115059221654292,-0.14285714285711038,0.28571428571422075,0.14285714285711038,-7.6,-11.1,,31.874285714285747,39.61238095238099,42.5542857142857,50.29238095238094,7.738095238095241,8.117404921700256,19.080855692530818,False,False
2013-07-19,299.51,294.15,,306.69,254.71428571428572,258.9761904761905,294.95046340683916,298.4408992023205,291.61904761904765,5.360000000000014,1.7200000000000273,,,,4.2908992023205315,-2.5309523809523284,,7.890952380952342,2.8899999999999864,0.29000000000002046,3.180000000000007,-0.75,0.39999999999997726,-0.35000000000002274,,,,-0.03000000000002956,0.18000000000000682,0.14999999999997726,0.595238095238102,3.4761904761904816,4.071428571428584,2.190476190476204,1.6428571428571388,3.833333333333343,-0.06391818472360455,0.6232023010546754,0.5592841163310709,0.23567802755616185,0.6828619772782645,0.9185400048344263,0.4761904761904816,0.5000000000000568,0.9761904761905384,-7.3,-12.65,,35.173809523809496,39.435714285714255,47.713809523809516,51.975714285714275,4.261904761904759,11.739536593160835,19.379985496736765,False,False
2013-07-26,296.93,290.55,,304.56,252.23809523809524,256.4761904761905,292.53755193352504,296.74280879864637,289.4761904761905,6.3799999999999955,3.6499999999999773,,,,6.192808798646354,-1.0738095238095298,,7.453809523809525,1.5500000000000114,0.18999999999999773,1.740000000000009,-1.1800000000000068,0.8900000000000432,-0.2899999999999636,,,,-0.339999999999975,-0.12999999999999545,-0.46999999999997044,2.095238095238102,3.333333333333343,5.428571428571445,2.095238095238102,1.5714285714285552,3.666666666666657,-0.4474272930648908,0.3195909236177954,-0.12783636944709542,0.11783901377810935,0.5197002658931638,0.6375392796712731,0.5714285714285552,0.5952380952381304,1.1666666666666856,-7.97,-14.35,,34.07380952380953,38.31190476190477,48.08380952380952,52.32190476190476,4.238095238095241,12.022448066474965,19.878535170413343,False,False
2013-08-02,298.74,294.28,,304.68,251.19047619047618,257.4047619047619,292.93704058804724,297.6673918298284,291.2857142857143,4.460000000000036,4.1200000000000045,,,,3.3873918298284025,-2.994285714285695,,7.4542857142857315,0.0,0.37999999999999545,0.37999999999999545,-0.34000000000003183,1.7200000000000273,1.3799999999999955,,,,-0.44999999999998863,-0.06999999999999318,-0.5199999999999818,1.7619047619047308,3.1190476190476204,4.880952380952351,2.0000000000000284,1.5238095238095184,3.523809523809547,-0.5912432086929016,0.06391818472360455,-0.527325023969297,0.16618322455883572,0.34143098863916066,0.5076142131979964,0.9047619047619264,0.4047619047618696,1.309523809523796,-6.44,-10.9,,36.875238095238046,43.0895238095238,47.27523809523808,53.48952380952383,6.214285714285751,11.742959411952768,20.307590041092578,True,False
2013-08-09,292.99,292.31,,299.51,250.2857142857143,256.76190476190476,289.8849472674975,295.79707517524776,288.9761904761905,0.6800000000000068,2.1100000000000136,,,,3.487075175247753,-3.3338095238095207,,4.0138095238095275,-0.9900000000000091,-0.18000000000000682,-1.170000000000016,0.4399999999999977,1.3100000000000023,1.75,,,,-0.6500000000000341,-0.40999999999996817,-1.0600000000000023,1.4285714285714732,2.9999999999999716,4.428571428571445,2.8095238095238244,1.7380952380952124,4.547619047619037,-0.7350591243209124,-0.3994886545222016,-1.134547778843114,0.3656030940294954,0.2507855934251779,0.6163886874546733,0.6428571428571672,0.3571428571428328,1.0,-7.16,-7.85,,35.54809523809524,42.024285714285696,42.74809523809523,49.224285714285685,6.476190476190453,9.625052732502468,20.791032148900168,False,False
2013-08-16,298.87,299.41,,305.43,254.57142857142858,262.1428571428571,296.3247043783956,301.2871646120377,295.57142857142856,-0.5400000000000205,1.1800000000000068,,,,1.8771646120376886,-3.83857142857147,,3.2985714285714494,-0.9399999999999977,-0.029999999999972715,-0.9699999999999704,0.7800000000000296,1.6200000000000045,2.400000000000034,,,,-0.6800000000000068,-0.3199999999999932,-1.0,0.785714285714306,2.571428571428555,3.357142857142861,3.0952380952380736,1.9047619047618696,4.999999999999943,-0.9747523170341879,0.6711409395973078,-0.30361137743688005,0.2598501329466103,0.5801305293691144,0.8399806623157247,0.8333333333333144,0.5,1.3333333333333144,-7.24,-6.7,,37.267142857142915,44.83857142857144,43.287142857142896,50.85857142857142,7.571428571428527,9.105295621604398,20.262267343485618,False,False
2013-08-23,302.82,301.57,,307.82,251.11904761904762,262.2857142857143,300.27165228507505,303.9249456127629,296.76190476190476,1.25,2.3500000000000227,,,,2.35494561276289,-4.808095238095234,,6.058095238095234,-0.03000000000002956,0.6800000000000068,0.6499999999999773,1.0699999999999932,2.980000000000018,4.050000000000011,,,,-0.5500000000000114,0.01999999999998181,-0.5300000000000296,0.9285714285714448,2.1904761904761756,3.1190476190476204,2.5238095238095184,2.071428571428555,4.595238095238074,-0.23969319271333234,1.0386705017577924,0.7989773090444601,0.5952380952381304,0.8701957940536431,1.4654338892917735,0.7380952380952408,0.5238095238095184,1.2619047619047592,-5.6,-6.8,,39.284285714285716,50.45095238095237,45.534285714285716,56.70095238095237,11.166666666666657,7.548347714924944,19.89364273628233,False,False
2013-08-30,311.27,309.17,,315.45,257.85714285714283,271.8333333333333,308.1016299137104,311.4364273628233,303.7142857142857,2.099999999999966,3.6499999999999773,,,,2.266427362823265,-5.4557142857142935,,7.555714285714259,0.39999999999997726,1.0199999999999818,1.419999999999959,1.9499999999999886,3.8700000000000045,5.819999999999993,,,,-0.2599999999999909,0.2899999999999636,0.029999999999972715,1.5476190476190368,3.357142857142861,4.904761904761898,3.547619047619037,2.7857142857142776,6.333333333333314,-0.19175455417064313,1.166506871204831,0.9747523170341879,0.3837321730722465,1.1874546773024122,1.5711868503746587,1.2619047619047592,0.7857142857142776,2.047619047619037,-4.4,-6.5,,37.3366666666667,51.31285714285718,43.616666666666674,57.592857142857156,13.976190476190482,7.348370086289606,20.029610829103216,False,False
2013-09-06,308.19,305.68,,314.72,258.73809523809524,274.42857142857144,307.7181208053691,310.2429296591733,301.54761904761904,2.509999999999991,3.829999999999984,,,,4.562929659173278,-4.13238095238097,,6.642380952380961,0.5500000000000114,0.5799999999999841,1.1299999999999955,1.8700000000000045,2.1999999999999886,4.069999999999993,,,,-0.07999999999998408,0.4900000000000091,0.410000000000025,1.809523809523796,3.3095238095238244,5.11904761904762,4.166666666666686,3.571428571428555,7.738095238095241,-0.07989773090440622,1.1025886864812833,1.022690955576877,1.3898960599468069,0.6617113850616079,2.0516074450084147,0.7857142857142776,1.2857142857142776,2.071428571428555,-6.61,-9.13,,31.251428571428562,46.941904761904766,40.29142857142858,55.98190476190479,15.690476190476204,7.001879194630931,19.923857868020303,False,False
2013-09-13,302.8,299.13,,309.74,257.76190476190476,267.57142857142856,302.68456375838923,305.58979937152526,297.1666666666667,3.670000000000016,4.730000000000018,,,,6.459799371525264,-1.9633333333333098,,5.633333333333326,0.25,0.6700000000000159,0.9200000000000159,1.3100000000000023,1.7300000000000182,3.0400000000000205,,,,0.0,0.7100000000000364,0.7100000000000364,2.095238095238102,3.7857142857142776,5.88095238095238,2.928571428571388,2.809523809523853,5.738095238095241,-0.31959092361773855,1.2304250559283787,0.9108341323106401,0.8037225042301088,0.836959149141876,1.6406816533719848,0.690476190476204,0.9761904761904816,1.6666666666666856,-6.58,-10.25,,31.55857142857144,41.368095238095236,42.168571428571454,51.97809523809525,9.809523809523796,7.055436241610778,19.6942228668117,False,False
2013-09-20,293.43,293.79,,302.21,252.92857142857144,260.4047619047619,297.4752317034196,299.21440657481264,291.92857142857144,-0.36000000000001364,1.7099999999999795,,,,5.424406574812622,-1.8614285714285757,,1.501428571428562,-0.6599999999999682,0.38999999999998636,-0.2699999999999818,1.410000000000025,1.3000000000000114,2.7100000000000364,,,,-0.10000000000002274,0.4300000000000068,0.3299999999999841,1.0714285714285836,3.095238095238102,4.166666666666686,2.190476190476204,2.0238095238095752,4.214285714285779,0.8149568552253186,1.326302333013757,2.1412591882390757,0.06043026347589375,0.45927000241727,0.5197002658931638,0.4285714285714448,0.8333333333333144,1.2619047619047592,-8.92,-8.52,,33.385238095238094,40.861428571428576,41.80523809523805,49.281428571428535,7.476190476190482,4.734768296580398,18.506768189509305,False,False
2013-09-27,287.34,288.3,,297.68,245.38095238095238,258.54761904761904,293.112815596037,295.63089195068886,288.85714285714283,-0.9600000000000364,-0.6399999999999864,,,,7.3308919506888515,0.5571428571428214,,-1.5171428571428578,0.5299999999999727,0.36000000000001364,0.8899999999999864,0.8500000000000227,0.9799999999999613,1.829999999999984,,,,0.2300000000000182,0.5199999999999818,0.75,1.5238095238095184,2.166666666666657,3.6904761904761756,2.0952380952380736,2.0714285714285836,4.166666666666657,0.17577500798978463,0.942793224672414,1.1185682326621986,-0.265893159294194,0.34445250181289566,0.07855934251870167,0.5714285714285552,0.5238095238095184,1.0952380952380736,-10.46,-9.5,,29.752380952380975,42.91904761904763,39.13238095238097,52.29904761904763,13.166666666666657,4.567184403962983,18.61856417693981,False,False
2013-10-04,289.73,287.68,,298.43,245.52380952380952,259.0238095238095,293.36848833493127,293.77568286197726,289.73809523809524,2.0500000000000114,2.490000000000009,,,,6.095682861977252,2.058095238095234,,-0.008095238095222612,-0.03999999999996362,-0.4000000000000341,-0.4399999999999977,0.4000000000000341,-3.4400000000000546,-3.0400000000000205,,,,0.4000000000000341,0.40999999999996817,0.8100000000000023,0.8809523809523796,1.8095238095238244,2.690476190476204,2.1428571428571104,2.047619047619065,4.190476190476176,0.3195909236177954,1.278363694471068,1.5979546180888633,-1.3083152042543134,0.7221416485376153,-0.586173555716698,0.6428571428571672,0.8333333333333144,1.4761904761904816,-8.11,-9.94,,28.65619047619049,42.15619047619049,39.40619047619049,52.90619047619049,13.5,5.0615116650687355,17.349528643944886,True,False
2013-10-11,294.61,291.4,,303.28,244.35714285714283,262.8571428571429,298.2422499201022,301.11795987430503,293.8809523809524,3.2100000000000364,3.5600000000000023,,,,9.717959874305052,2.4809523809524308,,0.7290476190476056,0.35000000000002274,0.4399999999999977,0.7900000000000205,0.6999999999999886,-5.060000000000002,-4.360000000000014,,,,0.42999999999995,0.35000000000002274,0.7799999999999727,0.309523809523796,0.9761904761904532,1.2857142857142492,1.9523809523809632,1.7142857142857224,3.6666666666666856,0.23969319271333234,1.054650047938651,1.2943432406519833,0.9850132946579606,0.7070340826685992,1.6920473773265599,0.7857142857143344,0.9047619047618696,1.690476190476204,-8.24,-11.45,,28.542857142857088,47.042857142857144,40.42285714285708,58.92285714285714,18.500000000000057,5.037750079897762,19.875513657239544,False,False
2013-10-18,294.51,291.03,,302.27,241.61904761904762,262.33333333333337,299.6164908916586,301.56816533720087,295.1666666666667,3.480000000000018,3.590000000000032,,,,10.538165337200894,4.136666666666713,,-0.6566666666666947,0.08999999999997499,0.27000000000003865,0.36000000000001364,0.19999999999998863,-3.9399999999999977,-3.740000000000009,,,,0.339999999999975,0.10000000000002274,0.4399999999999977,-0.4523809523809632,0.4523809523809632,0.0,1.2857142857143344,1.5476190476190368,2.8333333333333712,1.550015979546174,1.2304250559284355,2.7804410354746096,0.6526468455402892,-0.10877447425673381,0.5438723712835554,0.880952380952408,0.9761904761904816,1.8571428571428896,-7.42,-10.9,,28.6966666666666,49.41095238095235,39.93666666666661,60.65095238095236,20.71428571428575,2.6535091083413818,19.28027556200145,False,False
2013-10-25,289.5,284.67,,294.82,232.78571428571428,257.7857142857143,295.2540747842761,297.0600676818951,290.8095238095238,4.829999999999984,4.899999999999977,,,,12.390067681895061,6.13952380952378,,-1.309523809523796,-0.339999999999975,-0.1500000000000341,-0.4900000000000091,-0.2699999999999818,-3.25,-3.519999999999982,,,,0.17000000000001592,-0.30000000000001137,-0.12999999999999545,-0.6190476190476204,0.2619047619047592,-0.3571428571428612,1.119047619047592,1.4523809523809916,2.5714285714285836,1.7577500798977326,0.9907318632151032,2.748481943112836,0.9880348078317525,-0.4471839497220458,0.5408508581097067,1.1428571428571672,0.9761904761904248,2.119047619047592,-5.32,-10.07,,26.88428571428574,51.88428571428574,37.034285714285716,62.034285714285716,25.0,-0.43407478427610613,19.111070824268793,False,False
2013-11-01,291.84,287.11,,295.14,230.7857142857143,258.6904761904762,296.6442953020134,298.0964467005076,292.04761904761904,4.729999999999961,4.680000000000007,,,,10.9864467005076,4.937619047619023,,-0.2076190476190618,-0.1500000000000341,0.160000000000025,0.009999999999990905,-0.19999999999998863,-2.740000000000009,-2.9399999999999977,,,,0.2400000000000091,-0.2400000000000091,0.0,-0.595238095238102,0.14285714285716722,-0.4523809523809348,0.809523809523796,1.2142857142857224,2.0238095238095184,2.460850111856871,1.2943432406519264,3.7551933525087975,1.1844331641286203,0.2386995407299537,1.423132704858574,1.1428571428571104,0.9285714285714448,2.071428571428555,-3.12,-7.85,,28.41952380952381,56.32428571428571,36.44952380952378,64.35428571428568,27.904761904761898,-1.5042953020134178,19.49480299734107,True,False
2013-11-08,284.32,277.0,,286.38,224.57142857142856,250.19047619047618,287.2163630552892,290.43388929175734,284.04761904761904,7.319999999999993,3.080000000000041,,,,13.433889291757339,7.047619047619037,,0.2723809523809564,-0.34000000000003183,-0.049999999999954525,-0.38999999999998636,-4.579999999999984,-2.0500000000000114,-6.6299999999999955,,,,-0.5699999999999932,-0.3299999999999841,-0.8999999999999773,-0.8333333333333428,-0.3333333333333428,-1.1666666666666856,0.023809523809518396,0.5238095238095184,0.5476190476190368,1.2943432406519833,0.3195909236177954,1.6139341642697786,0.15409717186366834,-0.40186125211499757,-0.24776408025132923,1.0238095238095184,0.4047619047618696,1.428571428571388,-2.62,-9.95,,26.809523809523824,52.428571428571445,36.18952380952382,61.80857142857144,25.61904761904762,-0.8363630552892118,20.301547014744983,False,False
2013-11-15,286.44,280.87,,290.23,223.64285714285717,255.4047619047619,289.40556088207086,292.82994923857865,287.64285714285717,5.569999999999993,1.6499999999999773,,,,11.959949238578645,6.772857142857163,,-1.2028571428571695,-0.6999999999999886,-0.160000000000025,-0.8600000000000136,-4.6200000000000045,-1.509999999999991,-6.1299999999999955,,,,-0.339999999999975,-0.2699999999999818,-0.6099999999999568,-1.309523809523796,-0.6428571428571388,-1.9523809523809348,0.6666666666666856,0.8571428571428328,1.5238095238095184,0.6551613934163925,0.04793863854263236,0.7031000319590248,-0.3353879622915201,-0.37768914672471965,-0.7130771090162398,0.8333333333333712,0.3809523809523512,1.2142857142857224,-4.21,-9.7,,25.465238095238107,57.22714285714284,34.82523809523812,66.58714285714285,31.76190476190473,0.8244391179291597,19.90875030215132,False,False
2013-11-22,291.74,286.82,,296.61,223.8095238095238,259.3333333333333,293.5762224352828,297.79127386995407,292.16666666666663,4.920000000000016,2.2099999999999795,,,,10.971273869954075,5.346666666666636,,-0.4266666666666197,-1.5299999999999727,-0.5400000000000205,-2.069999999999993,-4.240000000000009,-0.9900000000000091,-5.230000000000018,,,,0.040000000000020464,0.11000000000001364,0.1500000000000341,-1.0714285714285836,-0.5238095238095184,-1.595238095238102,1.2142857142857224,0.9761904761904248,2.190476190476147,-0.031959092361773855,0.223713646532417,0.19175455417064313,-0.11179598743052566,-0.012086052695167382,-0.12388204012569304,0.9761904761904248,0.5952380952381304,1.5714285714285552,-4.83,-9.75,,27.48666666666668,63.0104761904762,37.2766666666667,72.80047619047622,35.52380952380952,3.0337775647172407,20.21392313270486,False,False
2013-11-29,301.83,295.61,,304.28,221.9047619047619,263.6904761904762,300.7510386705017,304.6561518008218,299.4761904761905,6.21999999999997,4.189999999999998,,,,9.046151800821804,3.866190476190468,,2.3538095238095025,-0.6800000000000068,1.4399999999999977,0.7599999999999909,-2.7099999999999795,-0.660000000000025,-3.3700000000000045,,,,0.6099999999999568,0.2599999999999909,0.8699999999999477,-0.7380952380952692,-0.5238095238095184,-1.2619047619047876,1.1428571428571672,0.9047619047618696,2.047619047619037,0.223713646532417,0.6391818472355908,0.8628954937680078,0.46531302876479685,0.429054870679181,0.8943678994439779,1.2619047619047592,1.3571428571428328,2.619047619047592,-1.79,-8.12,,31.91952380952381,73.70523809523812,40.58952380952377,82.37523809523807,41.785714285714306,3.5289613294982587,20.446579647087262,False,False
2013-12-06,304.61,298.97,,305.61,229.57142857142858,265.9761904761905,301.709811441355,306.56876963983564,301.04761904761904,5.639999999999986,3.349999999999966,,,,7.598769639835609,2.0776190476190095,,3.562380952380977,1.3500000000000227,0.5699999999999932,1.920000000000016,-0.9399999999999977,0.37000000000000455,-0.5699999999999932,,,,0.020000000000038654,0.37999999999999545,0.4000000000000341,-0.5714285714285552,-0.1428571428571388,-0.714285714285694,1.0238095238095184,0.7380952380952408,1.7619047619047592,-0.4314477468840323,0.07989773090446306,-0.35155001597956925,0.3081943437273367,0.69192651679964,1.0001208605269767,1.4047619047619264,0.6666666666666288,2.071428571428555,-0.98,-6.19,,32.993809523809546,69.39857142857144,39.63380952380953,76.03857142857143,36.4047619047619,3.900188558645027,20.969301426154217,False,False
2013-12-13,300.26,293.55,,300.17,232.0952380952381,259.9761904761905,296.836049856184,301.5651438240271,296.11904761904765,6.7099999999999795,4.490000000000009,,,,8.015143824027064,2.5690476190476375,,4.140952380952342,1.1499999999999773,0.4900000000000091,1.6399999999999864,-1.0699999999999932,0.4800000000000182,-0.589999999999975,,,,-0.029999999999972715,0.22999999999996135,0.19999999999998863,-0.619047619047592,0.07142857142855519,-0.5476190476190368,0.690476190476204,0.4761904761904816,1.1666666666666856,0.31959092361773855,0.17577500798978463,0.4953659316075232,0.2779792119893614,0.5982596084119223,0.8762388204012836,0.8571428571428896,0.5952380952380736,1.4523809523809632,0.06,-6.65,,33.57380952380953,61.45476190476191,40.193809523809534,68.07476190476191,27.88095238095238,3.3339501438160255,21.256345177664972,False,False
2013-12-20,302.44,295.92,,301.44,233.61904761904762,262.1904761904762,297.8906999041227,303.60768672951417,298.5952380952381,6.519999999999982,4.4599999999999795,,,,7.687686729514155,2.6752380952380577,,3.844761904761924,1.660000000000025,0.9499999999999886,2.6100000000000136,-0.39999999999997726,0.9599999999999795,0.5600000000000023,,,,0.37000000000000455,0.5500000000000114,0.9200000000000159,-0.4761904761904532,0.4523809523809348,-0.023809523809518396,1.1190476190476488,0.809523809523796,1.9285714285714448,0.39948865452225846,0.6711409395973078,1.0706295941195663,0.7916364515349414,1.0394005317863275,1.831036983321269,1.619047619047592,0.9523809523809632,2.571428571428555,1.54,-5.15,,33.72952380952381,62.300952380952396,39.249523809523794,67.82095238095238,28.571428571428584,3.5493000958772996,22.341068407058252,False,False
2013-12-27,308.26,302.26,,308.93,236.9047619047619,266.45238095238096,303.2726110578459,309.10684070582545,301.9761904761905,6.0,4.439999999999998,,,,6.846840705825457,-0.2838095238095093,,6.283809523809509,1.6100000000000136,0.839999999999975,2.4499999999999886,0.05000000000001137,0.9499999999999886,1.0,,,,1.6899999999999977,1.0400000000000205,2.730000000000018,-0.1428571428571388,0.9761904761904532,0.8333333333333144,0.8095238095238528,0.809523809523796,1.6190476190476488,0.3611377436880616,0.6168104825823093,0.9779482262703709,0.9578196760937772,1.2599709934735301,2.2177906695673073,1.0952380952380736,0.8095238095238528,1.9047619047619264,1.1,-4.9,,35.80761904761903,65.3552380952381,42.477619047619044,72.02523809523811,29.547619047619065,5.657388942154114,23.06623156876964,False,False
2014-01-03,301.72,296.1,,302.01,230.42857142857142,259.92857142857144,297.500798977309,303.8071065989848,295.26190476190476,5.6200000000000045,5.359999999999957,,,,7.707106598984751,-0.8380952380952635,,6.458095238095268,0.3900000000000432,0.8000000000000114,1.1900000000000546,0.12999999999999545,0.6100000000000136,0.7400000000000091,,,,1.509999999999991,1.1200000000000045,2.6299999999999955,-0.3809523809523796,0.2857142857142776,-0.095238095238102,0.6190476190476488,0.619047619047592,1.2380952380952408,0.23969319271333234,0.5209332054969309,0.7606263982102632,0.8943678994440347,1.0363790186125357,1.9307469180565704,0.5952380952380736,1.5476190476190936,2.142857142857167,0.2,-5.15,,36.17142857142858,65.6714285714286,42.081428571428546,71.58142857142857,29.50000000000003,4.509201022691002,22.66437031665458,True,False
2014-01-10,292.81,288.39,,294.19,220.85714285714286,254.69047619047618,290.66794503036107,294.9117718153251,288.85714285714283,4.420000000000016,4.53000000000003,,,,6.52177181532511,0.4671428571428464,,3.9528571428571695,0.4399999999999977,0.660000000000025,1.1000000000000227,0.5500000000000114,1.2199999999999704,1.7699999999999818,,,,1.6499999999999773,1.25,2.8999999999999773,-0.4761904761904532,0.14285714285711038,-0.3333333333333428,1.02380952380949,0.6666666666666856,1.6904761904761756,0.8469159475870924,0.6871204857781663,1.5340364333652587,0.8913463862702429,0.7735073724921335,1.6648537587623764,0.5714285714285552,2.357142857142833,2.928571428571388,0.12,-4.15,,33.69952380952381,67.53285714285713,39.49952380952382,73.33285714285714,33.833333333333314,3.52205496963893,21.09922649262751,False,False
2014-01-17,291.44,288.1,,297.15,222.33333333333331,254.2142857142857,290.49217002237134,292.7151317379744,288.5952380952381,3.339999999999975,4.25,,,,4.615131737974366,0.49523809523805085,,2.844761904761924,0.9300000000000068,1.3100000000000023,2.240000000000009,1.8400000000000318,1.4099999999999682,3.25,,,,4.109999999999957,2.2900000000000205,6.399999999999977,-0.4523809523809632,0.309523809523796,-0.14285714285716722,2.047619047619037,0.9285714285714448,2.9761904761904816,1.4860977948226832,1.390220517737248,2.876318312559931,1.0605511240029273,0.8973894126178266,1.9579405366207538,0.6666666666666288,2.500000000000057,3.1666666666666856,-1.6,-4.95,,33.88571428571433,65.76666666666671,42.93571428571428,74.81666666666666,31.88095238095238,6.657829977628637,19.960116026105872,False,False
2014-01-24,293.2,291.0,,306.66,229.57142857142858,255.61904761904762,293.38446788111213,295.6459995165579,290.9047619047619,2.1999999999999886,4.699999999999989,,,,4.645999516557879,-0.09523809523807358,,2.295238095238062,-0.4800000000000182,2.090000000000032,1.6100000000000136,2.019999999999982,2.1299999999999955,4.149999999999977,,,,8.180000000000007,3.730000000000018,11.910000000000025,0.8095238095238244,1.309523809523796,2.1190476190476204,1.6428571428571388,1.0714285714285836,2.7142857142857224,1.8376478108021956,1.6139341642697218,3.4515819750719174,0.9789702683103769,0.852066715010892,1.831036983321269,0.8333333333333712,1.9523809523809064,2.7857142857142776,-4.7,-6.9,,35.38095238095238,61.428571428571416,51.040952380952405,77.08857142857144,26.047619047619037,13.275532118887895,19.500846023688666,False,False
2014-01-31,294.65,292.44,,317.84,231.52380952380952,255.38095238095238,293.8159156279961,296.38627024413825,290.2857142857143,2.2099999999999795,6.199999999999989,,,,3.9462702441382476,-2.15428571428572,,4.3642857142857,-1.5400000000000205,2.569999999999993,1.0299999999999727,2.4499999999999886,2.1200000000000045,4.569999999999993,,,,17.72999999999996,5.009999999999991,22.739999999999952,1.2619047619047876,1.7619047619047308,3.0238095238095184,1.4523809523809348,1.0476190476190936,2.5000000000000284,1.773729626078648,1.6299137104505803,3.4036433365292282,1.3143582306018402,1.0907662557409026,2.405124486342743,1.1666666666666288,1.2142857142857224,2.380952380952351,-4.55,-6.75,,37.05904761904762,60.91619047619048,62.459047619047595,86.31619047619046,23.85714285714286,24.02408437200387,20.129320763838532,False,False
2014-02-07,294.52,288.25,,300.65,232.7142857142857,254.69047619047618,289.77309044423134,293.4191443074692,288.0238095238095,6.269999999999982,5.28000000000003,,,,5.169144307469196,-0.2261904761904816,,6.496190476190463,2.1499999999999773,1.0600000000000023,3.2099999999999795,1.160000000000025,0.6699999999999591,1.829999999999984,,,,6.229999999999961,1.9700000000000273,8.199999999999989,1.4761904761904532,1.7857142857142776,3.2619047619047308,1.5238095238095184,0.9761904761904532,2.4999999999999716,1.1505273250239725,1.166506871204831,2.3170341962288035,0.7342277012328395,0.8037225042301088,1.5379502054629484,1.1666666666666288,1.0238095238095752,2.190476190476204,-0.23,-6.5,,33.559523809523824,55.535714285714306,45.9595238095238,67.93571428571428,21.97619047619048,10.876909555768634,20.346869712351946,False,False
2014-02-14,297.98,294.98,,302.95,238.57142857142858,259.0,294.1994247363374,296.9240995890742,292.04761904761904,3.0,4.2900000000000205,,,,1.9440995890741988,-2.9323809523809814,,5.932380952380981,0.910000000000025,0.75,1.660000000000025,2.2000000000000455,0.7599999999999909,2.9600000000000364,,,,4.039999999999964,1.3800000000000523,5.420000000000016,0.9523809523809632,1.7619047619047592,2.7142857142857224,1.0238095238095184,0.8333333333333144,1.8571428571428328,0.8788750399488663,0.9907318632150464,1.8696069031639126,0.5529369108049309,0.6858834904520563,1.2388204012569872,0.9285714285714448,0.8809523809523512,1.809523809523796,-1.1,-4.1,,35.98000000000002,56.408571428571435,43.94999999999999,64.3785714285714,20.428571428571416,8.750575263662597,19.485738457819675,False,False
2014-02-21,299.85,300.01,,313.14,244.57142857142856,262.0238095238095,298.1623521891978,300.6889050036258,295.9047619047619,-0.15999999999996817,4.100000000000023,,,,0.6789050036258004,-4.1052380952380645,,3.9452380952380963,-1.0299999999999727,0.8299999999999841,-0.19999999999998863,3.230000000000018,1.1599999999999682,4.389999999999986,,,,7.139999999999986,2.6899999999999977,9.829999999999984,1.0714285714285552,2.2142857142857224,3.2857142857142776,0.7857142857142776,0.9285714285714448,1.7142857142857224,1.1185682326621986,1.358261425375531,2.4768296580377296,0.5740875030214738,0.8550882281847407,1.4291757312062146,1.2142857142857224,1.071428571428612,2.2857142857143344,-5.57,-5.4,,37.98619047619047,55.438571428571436,51.11619047619047,68.56857142857143,17.452380952380963,14.977647810802182,18.89352187575538,False,False
2014-02-28,293.56,296.26,,309.91,243.92857142857144,260.8095238095238,295.6216043464365,296.89690597051003,293.1904761904762,-2.6999999999999886,1.920000000000016,,,,0.6369059705100426,-3.069523809523787,,0.36952380952379826,-1.990000000000009,-0.839999999999975,-2.829999999999984,2.6299999999999955,1.1000000000000227,3.730000000000018,,,,6.970000000000027,2.6499999999999773,9.620000000000005,1.8095238095238244,2.238095238095241,4.047619047619065,1.0714285714285552,0.9047619047619264,1.9761904761904816,0.7510386705017709,0.9587727708533293,1.7098114413551002,0.12388204012569304,0.2507855934251779,0.37466763355087096,0.7857142857142776,0.7142857142857224,1.5,-9.1,-6.4,,35.450476190476195,52.331428571428546,49.10047619047623,65.98142857142858,16.88095238095235,14.288395653563498,18.026347594875514,False,False
2014-03-07,292.12,291.77,,302.17,244.69047619047618,259.69047619047615,293.46436561201654,294.46458786560305,289.54761904761904,0.35000000000002274,3.1999999999999886,,,,2.6945878656030686,-2.222380952380945,,2.5723809523809678,-1.0,0.45999999999997954,-0.5400000000000205,1.849999999999966,0.44999999999998863,2.2999999999999545,,,,3.6899999999999977,1.7100000000000364,5.400000000000034,1.4523809523809348,2.2619047619047876,3.7142857142857224,1.1428571428571104,0.7857142857142776,1.928571428571388,0.6551613934163925,0.8309364014061771,1.4860977948225695,0.012086052695167382,0.5922165820642817,0.6043026347594491,0.5476190476190368,0.5714285714285552,1.119047619047592,-6.15,-6.5,,32.079523809523835,47.079523809523806,42.47952380952387,57.47952380952384,14.999999999999972,8.70563438798348,18.132100555958424,False,False
2014-03-14,286.45,285.65,,294.33,236.3095238095238,257.42857142857144,288.7983381271971,289.6271452743534,285.9047619047619,0.8000000000000114,0.30000000000001137,,,,3.977145274353404,0.25476190476194915,,0.5452380952380622,1.1599999999999682,-0.9499999999999886,0.20999999999997954,0.6599999999999682,0.1500000000000341,0.8100000000000023,,,,1.669999999999959,0.7300000000000182,2.3999999999999773,0.9047619047618696,1.571428571428612,2.4761904761904816,1.3095238095238528,0.714285714285694,2.023809523809547,1.0386705017577356,0.3355704697986539,1.3742409715563895,-0.5891950688904899,0.09064539521386905,-0.49854967367662084,0.30952380952385283,0.5476190476190368,0.8571428571428896,-6.4,-7.2,,28.221428571428532,49.34047619047618,36.90142857142854,58.02047619047619,21.11904761904765,5.531661872802886,17.70002417210539,False,False
2014-03-21,280.41,282.07,,290.97,236.69047619047618,253.45238095238096,284.89932885906035,286.99842881314964,282.4047619047619,-1.6599999999999682,-0.6200000000000045,,,,4.928428813149651,0.33476190476193324,,-1.9947619047619014,-0.46999999999997044,-2.180000000000007,-2.6499999999999773,0.5699999999999932,0.2300000000000182,0.8000000000000114,,,,0.9600000000000364,0.6100000000000136,1.57000000000005,1.8333333333333144,2.047619047619065,3.8809523809523796,0.5476190476190652,0.7857142857142776,1.3333333333333428,-0.28763183125602154,-0.04793863854263236,-0.3355704697986539,-0.694948029973375,-0.018129079042807916,-0.7130771090161829,0.16666666666668561,0.2857142857142776,0.4523809523809632,-9.6,-7.95,,28.61761904761903,45.37952380952382,37.517619047619064,54.27952380952385,16.761904761904788,6.07067114093968,17.715131737974378,False,False
2014-03-28,283.73,285.0,,293.16,239.04761904761907,255.59523809523807,287.0725471396612,288.9654338892918,285.0952380952381,-1.2699999999999818,0.6500000000000341,,,,3.9654338892917735,0.09523809523807358,,-1.3652380952380554,-1.3100000000000023,-2.109999999999957,-3.419999999999959,0.6100000000000136,0.22999999999996135,0.839999999999975,,,,0.37000000000000455,0.5699999999999932,0.9399999999999977,1.7619047619047876,2.142857142857139,3.9047619047619264,0.3571428571428328,0.690476190476204,1.0476190476190368,-0.04793863854263236,0.015979546180858506,-0.031959092361773855,-0.5831520425428494,-0.1692047377326844,-0.7523567802755338,0.47619047619042476,0.4285714285714448,0.9047619047618696,-9.33,-7.65,,29.404761904761926,45.952380952380935,37.56476190476195,54.11238095238096,16.54761904761901,6.0874528603388285,17.564056079284505,False,False
2014-04-04,284.16,282.66,,290.01,239.21428571428572,252.88095238095235,283.50910834132304,286.7234711143341,282.7857142857143,1.5,2.3100000000000023,,,,4.06347111433405,0.12571428571425258,,1.3742857142857474,-0.3199999999999932,0.03000000000002956,-0.2899999999999636,0.4900000000000091,0.37999999999999545,0.8700000000000045,,,,0.5399999999999636,0.29000000000002046,0.8299999999999841,1.6666666666666856,2.0238095238095184,3.690476190476204,0.16666666666662877,0.4761904761904816,0.6428571428571104,-0.11185682326623692,-0.09587727708532157,-0.20773410035155848,-0.7493352671017419,-0.4864636209813966,-1.2357988880831385,0.5476190476190368,0.4047619047619264,0.9523809523809632,-4.91,-6.4,,29.779047619047674,43.4457142857143,37.12904761904764,50.79571428571427,13.666666666666629,6.500891658676949,18.271090161953104,True,False
2014-04-11,286.92,284.55,,293.03,244.64285714285714,255.35714285714286,286.816874400767,288.4517766497462,284.54761904761904,2.3700000000000045,2.420000000000016,,,,3.901776649746182,-0.002380952380974577,,2.372380952380979,0.040000000000020464,-0.18000000000000682,-0.13999999999998636,0.09000000000003183,-0.28000000000002956,-0.18999999999999773,,,,0.5199999999999818,0.19999999999998863,0.7199999999999704,2.142857142857167,2.214285714285694,4.357142857142861,-0.023809523809518396,0.3333333333333144,0.309523809523796,0.0319590923618307,0.09587727708532157,0.12783636944715226,-0.607324147933241,-0.9880348078318093,-1.5953589557650503,0.309523809523796,0.2619047619047592,0.5714285714285552,-5.43,-7.8,,29.19285714285715,39.90714285714287,37.67285714285711,48.387142857142834,10.714285714285722,6.213125599232967,16.835871404399324,False,False
2014-04-18,294.81,292.41,,299.62,247.54761904761904,260.07142857142856,294.084372003835,295.7910321489002,290.9047619047619,2.3999999999999773,2.5,,,,3.3810321489001467,-1.5052380952380986,,3.905238095238076,0.5500000000000114,1.3999999999999773,1.9499999999999886,0.6500000000000341,0.0,0.6500000000000341,,,,0.8000000000000114,0.6299999999999955,1.4300000000000068,1.9523809523809348,2.142857142857139,4.095238095238074,0.04761904761903679,0.9523809523809632,1.0,0.8405241291147263,0.7766059443911786,1.6171300735059049,0.07553782934490982,-0.43811941020055656,-0.36258158085564673,0.7380952380952408,0.6428571428571672,1.380952380952408,-4.3,-6.7,,32.33857142857147,44.86238095238099,39.54857142857145,52.07238095238097,12.523809523809518,5.535627996164976,17.506647328982353,False,False
2014-04-25,295.27,292.87,,299.93,243.09523809523807,261.07142857142856,294.82262703739207,296.5584964950447,291.2142857142857,2.3999999999999773,6.1200000000000045,,,,3.688496495044717,-1.6557142857142821,,4.055714285714259,-2.9600000000000364,4.740000000000009,1.7799999999999727,0.7599999999999909,-0.18000000000000682,0.5799999999999841,,,,0.6100000000000136,0.5799999999999841,1.1899999999999977,1.3571428571428328,1.8333333333333144,3.190476190476147,0.8333333333333144,1.1666666666666856,2.0,0.7670182166826294,0.719079578139997,1.4860977948226264,0.14201111916850095,-0.27495769881556953,-0.13294657964706857,0.5476190476190368,0.5238095238095184,1.0714285714285552,-4.25,-6.65,,31.79857142857145,49.77476190476193,38.85857142857145,56.83476190476193,17.97619047619048,5.10737296260794,17.860164370316653,False,False
2014-05-02,291.85,286.99,,293.86,238.59523809523807,257.85714285714283,290.62000639181844,291.92953831278703,286.54761904761904,4.860000000000014,5.660000000000025,,,,4.939538312787022,-0.4423809523809723,,5.302380952380986,-0.2699999999999818,4.319999999999993,4.050000000000011,0.5300000000000296,0.060000000000002274,0.5900000000000318,,,,0.5500000000000114,0.4200000000000159,0.9700000000000273,1.6428571428571388,2.071428571428555,3.714285714285694,1.2857142857142776,1.3333333333333144,2.619047619047592,0.8948545861297816,0.719079578139997,1.6139341642697786,0.048344210780783214,0.018129079042751073,0.06647328982353429,0.3333333333333144,0.4523809523809632,0.7857142857142776,-1.44,-6.4,,29.132857142857176,48.394761904761936,36.00285714285718,55.26476190476194,19.26190476190476,3.239993608181578,18.01426154218032,True,False
2014-05-09,292.19,283.94,,290.97,238.0952380952381,256.5952380952381,288.2710131032278,289.2101764563693,283.95238095238096,8.25,4.899999999999977,,,,5.270176456369313,0.012380952380965482,,8.237619047619035,3.1000000000000227,3.8699999999999477,6.96999999999997,-0.25,0.01999999999998181,-0.2300000000000182,,,,0.5,0.25,0.75,1.8095238095238244,2.190476190476204,4.000000000000028,1.3571428571428328,1.3333333333333428,2.6904761904761756,1.022690955576877,0.7031000319590817,1.7257909875359587,-0.09064539521398274,-0.03625815808555899,-0.12690355329954173,0.3571428571428896,0.42857142857138797,0.7857142857142776,1.7,-6.55,,27.344761904761924,45.844761904761896,34.374761904761954,52.874761904761925,18.49999999999997,2.698986896772226,17.978003384094755,False,False
2014-05-16,293.83,287.63,,294.59,242.0,260.9761904761905,291.33908596995843,293.0565627266135,286.8095238095238,6.199999999999989,4.5,,,,5.426562726613497,-0.8204761904761995,,7.020476190476188,1.740000000000009,3.3699999999999477,5.109999999999957,0.040000000000020464,0.1199999999999477,0.15999999999996817,,,,0.5600000000000023,0.3599999999999568,0.9199999999999591,1.309523809523796,2.0000000000000284,3.3095238095238244,2.0952380952380736,1.6428571428571672,3.738095238095241,0.9268136784915555,0.6551613934164493,1.5819750719080048,0.3323664491177283,0.2115059221658271,0.5438723712835554,0.3333333333333144,0.3333333333333144,0.6666666666666288,-1.2,-6.55,,26.653809523809514,45.629999999999995,33.61380952380949,52.589999999999975,18.97619047619048,3.2509140300415424,18.37382160986222,False,False
2014-05-23,297.06,288.15,,294.98,246.28571428571428,262.1428571428571,291.5947587088526,292.8390137781,287.42857142857144,8.910000000000025,4.5,,,,4.689013778100048,-0.7214285714285325,,9.631428571428557,4.0,3.240000000000009,7.240000000000009,-0.410000000000025,-0.009999999999990905,-0.4200000000000159,,,,0.17000000000001592,0.07999999999998408,0.25,1.5714285714285552,2.357142857142861,3.9285714285714164,1.8571428571428328,1.8333333333333144,3.690476190476147,0.3195909236177954,0.25567273889419084,0.5752636625119862,-0.1510756586898765,-0.1148175006043175,-0.265893159294194,-0.16666666666668561,0.16666666666668561,0.0,1.35,-6.75,,26.007142857142867,41.8642857142857,32.83714285714291,48.69428571428574,15.857142857142833,3.385241291147395,17.53384094754653,False,False
2014-05-30,295.88,286.03,,291.85,245.9047619047619,261.6904761904762,289.06999041227226,290.080372250423,284.7857142857143,9.850000000000023,4.25,,,,4.050372250423038,-1.2442857142856951,,11.094285714285718,5.259999999999991,2.170000000000016,7.430000000000007,-0.34000000000003183,-0.2799999999999727,-0.6200000000000045,,,,-0.0999999999999659,-0.27000000000003865,-0.37000000000000455,1.904761904761898,2.3809523809523796,4.285714285714278,1.7380952380952408,1.7380952380952408,3.4761904761904816,-0.11185682326618007,-0.19175455417069998,-0.30361137743688005,-0.7009910563210155,-0.5408508581097067,-1.2418419144307222,-0.4761904761904816,-0.2380952380952408,-0.7142857142857224,2.85,-7.0,,24.33952380952377,40.125238095238075,30.15952380952382,45.945238095238125,15.785714285714306,2.7800095877277613,16.654580613971476,False,False
2014-06-06,286.27,280.42,,286.84,244.23809523809524,258.7857142857143,282.9178651326302,285.7928450568044,280.26190476190476,5.849999999999966,3.420000000000016,,,,5.372845056804408,-0.15809523809525672,,6.008095238095223,1.7099999999999795,0.5300000000000296,2.240000000000009,-0.7199999999999704,-0.8400000000000318,-1.5600000000000023,,,,-0.7200000000000273,-0.660000000000025,-1.3800000000000523,1.6428571428571388,2.142857142857167,3.785714285714306,1.6428571428571104,1.6190476190476488,3.261904761904759,-0.6072227548737601,-0.8469159475870356,-1.4541387024607957,-0.9094754653130508,-0.3776891467246628,-1.2871646120377136,-0.4285714285714448,-0.19047619047614717,-0.619047619047592,-1.6,-7.45,,21.63428571428574,36.181904761904775,28.054285714285697,42.601904761904734,14.547619047619037,3.9221348673697776,16.91140923374426,False,False
2014-06-13,292.13,286.09,,293.13,250.76190476190473,264.7142857142857,286.59316075423453,291.66364515349284,285.7857142857143,6.0400000000000205,3.5600000000000023,,,,5.573645153492862,-0.3042857142856974,,6.344285714285718,1.4699999999999704,0.7800000000000296,2.25,-1.0100000000000477,-0.8599999999999568,-1.8700000000000045,,,,-0.660000000000025,-0.6599999999999682,-1.3199999999999932,1.8809523809523512,2.3809523809523796,4.261904761904731,1.7380952380952408,1.7380952380952408,3.4761904761904816,-1.7897091722595064,-0.7031000319590817,-2.492809204218588,-0.5468938844573472,-0.32330190959635274,-0.8701957940537,-0.380952380952408,-0.07142857142855519,-0.4523809523809632,-1.56,-7.6,,21.375714285714253,35.328095238095244,28.415714285714273,42.368095238095265,13.952380952380992,6.536839245765464,18.186487793086776,False,False
2014-06-20,301.8,295.6,,303.19,253.76190476190476,271.66666666666663,298.130393096836,301.7524776408025,295.4761904761905,6.199999999999989,3.7800000000000296,,,,6.152477640802488,-0.12380952380954113,,6.32380952380953,1.329999999999984,0.29000000000002046,1.6200000000000045,-1.089999999999975,-0.75,-1.839999999999975,,,,-0.75,-0.7400000000000091,-1.490000000000009,1.0714285714285836,1.9999999999999716,3.071428571428555,1.5238095238095184,1.5,3.0238095238095184,-1.022690955576877,-0.8149568552253186,-1.8376478108021956,-0.4381194102006134,-0.5891950688905467,-1.0273144790911601,-0.2142857142857224,0.0,-0.2142857142857224,-2.05,-8.15,,23.933333333333394,41.83809523809526,31.52333333333337,49.42809523809524,17.90476190476187,5.059606903164024,19.434372733865118,False,False
2014-06-27,300.57,293.87,,302.31,252.52380952380952,271.0,296.51645893256625,301.32946579647086,294.1190476190476,6.699999999999989,3.4499999999999886,,,,7.459465796470852,0.24904761904758743,,6.450952380952401,1.8700000000000045,-0.7100000000000364,1.1599999999999682,-1.3799999999999955,-1.0500000000000114,-2.430000000000007,,,,-0.6399999999999864,-0.7400000000000091,-1.3799999999999955,1.7619047619047876,2.309523809523796,4.071428571428584,1.0714285714285552,1.2619047619047592,2.3333333333333144,-1.134547778843114,-1.054650047938594,-2.189197826781708,0.2810007251631532,-0.6737974377568321,-0.3927967125936789,-0.5952380952381304,-0.42857142857138797,-1.0238095238095184,-2.4,-9.1,,22.870000000000005,41.346190476190486,31.310000000000002,49.786190476190484,18.47619047619048,5.79354106743375,20.29550398839739,False,False
2014-07-04,292.46,286.45,,295.59,249.54761904761904,265.5,289.8849472674975,294.14732898235434,288.2857142857143,6.009999999999991,3.579999999999984,,,,7.69732898235435,1.835714285714289,,4.174285714285702,0.6399999999999864,-1.0,-0.36000000000001364,-1.7900000000000205,1.1299999999999955,-0.660000000000025,,,,-1.1400000000000432,-1.0299999999999727,-2.170000000000016,1.404761904761898,2.0,3.404761904761898,0.3571428571428328,0.6666666666666856,1.0238095238095184,-1.214445509747577,-1.2304250559283787,-2.4448705656759557,-0.4411409233744621,-1.0212714527435196,-1.4624123761179817,-0.5714285714285552,-0.4523809523809632,-1.0238095238095184,-3.35,-9.35,,20.94999999999999,36.90238095238095,30.089999999999975,46.04238095238094,15.952380952380963,5.705052732502452,18.941866086536137,True,False
2014-07-11,287.26,281.71,,288.27,244.28571428571428,258.4761904761905,283.4132310642377,289.14370316654583,282.1666666666667,5.550000000000011,2.6399999999999864,,,,7.433703166545854,0.4566666666667061,,5.093333333333305,1.5600000000000023,-1.160000000000025,0.39999999999997726,-1.3500000000000227,0.8500000000000227,-0.5,,,,-1.3500000000000227,-1.1299999999999955,-2.480000000000018,1.3095238095238244,1.6904761904761756,3.0,-0.5714285714285552,0.023809523809518396,-0.5476190476190368,-1.1025886864812833,-1.2623841482902094,-2.3649728347714927,-0.19337684312301917,-0.7825719120135091,-0.9759487551365282,-0.5952380952380736,-0.5952380952381304,-1.190476190476204,-2.36,-7.9,,23.233809523809498,37.4242857142857,29.7938095238095,43.984285714285704,14.190476190476204,4.856768935762261,19.660986221899925,False,False
2014-07-18,284.98,280.18,280.28,285.81,242.0952380952381,254.28571428571428,281.4797059763502,288.2795503988397,281.92857142857144,4.800000000000011,2.0600000000000023,0.0999999999999659,0.060000000000002274,4.7000000000000455,8.09955039883971,1.748571428571438,-7.9995503988397445,3.0514285714285734,1.150000000000034,-1.080000000000041,0.06999999999999318,-1.589999999999975,0.7599999999999909,-0.8299999999999841,-1.5500000000000114,0.7899999999999636,-0.7600000000000477,-1.2699999999999818,-1.3100000000000023,-2.579999999999984,1.7380952380952408,1.7857142857142776,3.5238095238095184,-1.5476190476190652,-0.52380952380949,-2.071428571428555,-1.358261425375531,-1.358261425375531,-2.716522850751062,0.24776408025138608,-0.6466038191926486,-0.39883973894126257,-0.4761904761904816,-0.45238095238090636,-0.928571428571388,-2.33,-7.13,-2.68,25.89428571428573,38.084761904761905,31.524285714285725,43.7147619047619,12.190476190476176,4.330294023649799,20.969301426154217,False,False
2014-07-25,286.01,282.6,285.09,287.5,245.85714285714286,256.42857142857144,282.96580377117283,290.4036741600193,282.4047619047619,3.409999999999968,2.430000000000007,2.4899999999999523,1.9800000000000182,0.9200000000000159,7.803674160019284,-0.19523809523809632,-5.313674160019332,3.6052380952380645,0.18999999999999773,0.0999999999999659,0.2899999999999636,-0.7899999999999636,1.1200000000000045,0.3300000000000409,-0.28000000000002956,-1.0500000000000114,-1.330000000000041,-0.9599999999999795,-1.1299999999999955,-2.089999999999975,3.7142857142857224,2.333333333333343,6.047619047619065,-0.7619047619047592,-0.19047619047614717,-0.9523809523809064,-1.054650047938651,-1.1025886864812833,-2.157238734419934,0.8581097413584757,-0.3263234227701446,0.5317863185883311,-0.309523809523796,-0.2619047619047592,-0.5714285714285552,-2.41,-5.82,-1.83,26.171428571428578,36.74285714285716,31.071428571428555,41.64285714285714,10.571428571428584,4.53419622882717,21.8153251148175,False,False
2014-08-01,285.91,283.33,287.07,288.76,237.5952380952381,253.64285714285714,284.2441674656439,289.6513173797438,281.5238095238095,2.580000000000041,2.339999999999975,3.740000000000009,4.75,-1.1599999999999682,6.321317379743789,-1.8061904761904657,-2.58131737974378,4.386190476190507,0.5800000000000409,-0.6299999999999955,-0.049999999999954525,0.339999999999975,1.5300000000000296,1.8700000000000045,-0.6700000000000159,-0.6899999999999977,-1.3600000000000136,-0.6700000000000159,-0.8999999999999773,-1.5699999999999932,2.6666666666666856,1.7619047619047308,4.428571428571416,-1.0952380952380736,-0.5476190476190652,-1.6428571428571388,-0.8788750399488663,-1.054650047938651,-1.9335250878875172,0.7251631617114072,-0.44416243654825394,0.2810007251631532,-0.6190476190476488,-0.3333333333333144,-0.9523809523809632,-3.24,-5.81,-2.07,29.687142857142845,45.73476190476188,35.11714285714285,51.16476190476189,16.047619047619037,4.515832534356093,20.90887116267827,True,False
2014-08-08,286.15,282.55,286.53,287.34,232.19047619047618,250.02380952380955,280.44103547459247,288.5242929659173,281.45238095238096,3.599999999999966,2.9799999999999613,3.9799999999999613,7.599999999999966,-0.37999999999999545,5.9742929659173,-1.0976190476190482,-1.9942929659173387,4.697619047619014,2.1200000000000045,-0.7100000000000364,1.4099999999999682,1.5,1.509999999999991,3.009999999999991,-2.1200000000000045,1.509999999999991,-0.6100000000000136,-0.7400000000000091,-0.7800000000000296,-1.5200000000000387,1.8571428571428612,1.0476190476190368,2.904761904761898,-1.4999999999999716,-0.9761904761904816,-2.476190476190453,-1.022690955576877,-1.2144455097475202,-2.2371364653243972,0.051365723954518216,-0.37466763355087096,-0.32330190959635274,-0.2857142857142776,-0.16666666666668561,-0.4523809523809632,-1.77,-5.71,-1.72,32.526190476190465,50.359523809523836,37.31619047619043,55.1495238095238,17.83333333333337,6.898964525407507,21.138506163886873,False,False
2014-08-15,286.9,281.97,287.09,285.87,231.4047619047619,246.42857142857142,279.7059763502716,285.6538554508098,278.26190476190476,4.92999999999995,2.099999999999966,5.119999999999948,8.050000000000011,-0.18999999999999773,3.6838554508097445,-3.708095238095268,1.4361445491902032,8.638095238095218,4.6200000000000045,-0.7800000000000296,3.839999999999975,1.7900000000000205,1.5199999999999818,3.3100000000000023,-1.1400000000000432,1.5200000000000387,0.37999999999999545,-0.6299999999999955,-0.8100000000000023,-1.4399999999999977,2.904761904761898,1.190476190476204,4.095238095238102,-1.4523809523809632,-1.3571428571428612,-2.8095238095238244,-0.5113454777883817,-1.1505273250239725,-1.6618728028123542,-0.4320763838530297,-0.6103456611070897,-1.0424220449601194,-0.5,-0.4523809523809632,-0.9523809523809632,0.41,-4.52,0.6,35.54142857142861,50.56523809523813,39.44142857142859,54.46523809523811,15.023809523809518,6.164023649728392,20.64599951655789,False,False
2014-08-22,286.07,279.57,285.07,282.29,225.97619047619045,243.02380952380952,273.96931927133267,281.29985496736765,275.26190476190476,6.5,1.1999999999999886,5.5,8.050000000000011,1.0,1.7298549673676575,-4.308095238095234,3.7701450326323425,10.808095238095234,7.439999999999998,-0.6999999999999886,6.740000000000009,2.1399999999999864,1.7099999999999795,3.849999999999966,-0.410000000000025,1.7000000000000455,1.2900000000000205,-0.5399999999999636,-0.6999999999999886,-1.2399999999999523,3.7857142857142776,1.0952380952380736,4.880952380952351,-1.7142857142857224,-1.190476190476204,-2.9047619047619264,-1.3103227868328418,-1.1345477788430571,-2.444870565675899,-0.22057046168720262,-0.69192651679964,-0.9124969784868426,-0.3809523809523512,-0.4047619047619264,-0.7857142857142776,3.15,-3.35,2.15,36.546190476190475,53.59380952380954,39.2661904761905,56.31380952380957,17.047619047619065,8.320680728667355,21.08714043993232,False,False
2014-08-29,287.72,283.52,290.35,284.95,224.57142857142856,244.52380952380952,276.0306807286673,282.3815566835871,276.45238095238096,4.2000000000000455,1.009999999999991,6.830000000000041,8.0,-2.6299999999999955,-1.138443316412861,-7.067619047619019,7.968443316412902,11.267619047619064,6.690000000000055,-0.6000000000000227,6.090000000000032,3.5,1.6999999999999886,5.199999999999989,2.330000000000041,1.6999999999999886,4.03000000000003,-0.38999999999998636,-0.6500000000000341,-1.0400000000000205,1.5,0.8809523809523796,2.3809523809523796,-1.6666666666666856,-1.1904761904761756,-2.857142857142861,-1.1505273250239156,-1.0386705017577924,-2.189197826781708,-0.586173555716698,-0.4925066473289803,-1.0786802030456784,-0.3571428571428328,-0.2857142857142776,-0.6428571428571104,4.45,-1.85,4.98,38.99619047619046,58.94857142857143,40.42619047619047,60.37857142857143,19.952380952380963,8.91931927133271,20.655064056079283,False,False
2014-09-05,279.03,280.33,287.28,282.95,223.90476190476193,242.16666666666666,274.5925215723873,281.4781242446217,274.8809523809524,-1.3000000000000114,2.0,6.949999999999989,7.4500000000000455,-8.25,1.1481242446217266,-5.449047619047576,5.801875755378262,4.149047619047565,-0.6200000000000045,-0.5400000000000205,-1.160000000000025,2.680000000000007,1.3599999999999568,4.039999999999964,2.17999999999995,0.9600000000000364,3.1399999999999864,-0.6700000000000159,-0.589999999999975,-1.259999999999991,1.7619047619047876,0.9761904761904816,2.7380952380952692,-1.3095238095238244,-1.190476190476204,-2.5000000000000284,-1.022690955576877,-0.9747523170341879,-1.997443272611065,-0.45927000241721316,-0.462291515591005,-0.9215615180082182,-0.3571428571428328,-0.4761904761904816,-0.8333333333333144,2.56,-3.7,3.25,38.16333333333333,56.42523809523806,40.78333333333333,59.04523809523806,18.26190476190473,8.357478427612705,20.374063330916123,False,False
2014-09-12,272.89,273.06,281.11,277.02,220.0952380952381,234.57142857142856,267.7213167146053,275.4441624365482,268.8333333333333,-0.17000000000001592,2.2000000000000455,8.050000000000011,8.050000000000011,-8.220000000000027,2.384162436548195,-4.226666666666688,5.6658375634518165,4.056666666666672,-0.7700000000000387,-0.7199999999999704,-1.490000000000009,1.6000000000000227,0.9799999999999613,2.579999999999984,1.6000000000000227,0.2300000000000182,1.830000000000041,-0.75,-0.7599999999999909,-1.509999999999991,2.0000000000000284,1.0952380952380736,3.095238095238102,-1.8095238095238244,-1.6904761904761756,-3.5,-0.9907318632150464,-1.0067114093960186,-1.997443272611065,-0.7704858593183417,-0.6466038191926486,-1.4170896785109903,-0.4285714285714448,-0.4523809523809632,-0.880952380952408,-0.01,-4.83,2.12,38.48857142857145,52.9647619047619,42.44857142857143,56.92476190476188,14.476190476190453,9.298683285394702,20.56139714769156,False,False
2014-09-19,269.01,267.86,273.91,273.4,222.71428571428572,233.6904761904762,265.14860977948223,272.03891708967853,265.7857142857143,1.1499999999999773,2.8999999999999773,6.050000000000011,8.0,-4.900000000000034,4.178917089678521,-2.074285714285736,1.8710829103214905,3.2242857142857133,-0.8299999999999841,-0.8800000000000523,-1.7100000000000364,0.9200000000000159,0.6200000000000045,1.5400000000000205,-1.0299999999999727,-2.089999999999975,-3.1199999999999477,-0.6800000000000068,-0.8199999999999932,-1.5,2.404761904761898,1.5,3.904761904761898,-1.809523809523796,-1.4285714285714448,-3.238095238095241,-1.0067114093959617,-0.9907318632150464,-1.997443272611008,-0.8278946096205004,-0.6466038191926486,-1.474498428813149,-0.3333333333333144,-0.571428571428612,-0.9047619047619264,-0.42,-6.15,0.2,34.16952380952381,45.14571428571429,39.70952380952377,50.685714285714255,10.976190476190482,8.251390220517749,20.772903069857385,False,False
2014-09-26,264.66,263.61,268.11,269.11,219.97619047619048,230.83333333333334,259.4918504314477,268.6336717428088,262.04761904761904,1.0500000000000114,3.4499999999999886,4.5,7.919999999999959,-3.4499999999999886,5.023671742808801,-1.5623809523809769,-0.5236717428088014,2.612380952380988,-0.6999999999999886,-0.8600000000000136,-1.5600000000000023,1.6999999999999886,0.18999999999999773,1.8899999999999864,-1.7199999999999704,-2.6999999999999886,-4.419999999999959,-0.40999999999996817,-0.7000000000000455,-1.1100000000000136,1.7619047619047592,1.1904761904761756,2.952380952380935,-1.619047619047592,-1.4523809523809632,-3.071428571428555,-1.022690955576877,-1.1984659635666048,-2.221156919143482,-0.26891467246798584,-0.7100555958423342,-0.9789702683103201,-0.4047619047619264,-0.6666666666666856,-1.071428571428612,-0.7,-6.05,-1.55,32.77666666666667,43.63380952380953,38.27666666666667,49.13380952380953,10.857142857142861,9.618149568552326,22.04193860285231,False,False
2014-10-03,261.12,257.72,264.52,265.22,217.7142857142857,224.64285714285714,255.20933205496956,263.88083152042543,256.95238095238096,3.3999999999999773,4.800000000000011,6.7999999999999545,7.430000000000007,-3.3999999999999773,6.160831520425404,-0.7676190476190641,0.6391684795745505,4.167619047619041,-0.5099999999999909,-0.12999999999999545,-0.6399999999999864,0.8900000000000432,-2.1299999999999955,-1.2399999999999523,0.2599999999999909,-2.9700000000000273,-2.7100000000000364,-0.38999999999998636,-0.5099999999999909,-0.8999999999999773,2.452380952380935,1.6428571428571388,4.095238095238074,-1.4523809523809348,-1.2380952380952692,-2.690476190476204,-0.9108341323106686,-0.9108341323106401,-1.8216682646213087,-0.006043026347583691,-0.9880348078317525,-0.9940778341793362,-0.4047619047619264,-0.6904761904761472,-1.0952380952380736,-4.14,-8.35,-0.98,33.07714285714289,40.00571428571433,40.57714285714289,47.50571428571433,6.928571428571445,10.010667945030463,21.473894126178386,True,False
2014-10-10,253.19,248.61,255.99,258.03,208.61904761904762,217.4047619047619,246.56439757110894,254.8223350253807,248.33333333333331,4.579999999999984,5.3799999999999955,7.3799999999999955,6.8799999999999955,-2.8000000000000114,6.212335025380696,-0.27666666666669926,1.1676649746192993,4.856666666666683,-0.44999999999998863,-0.040000000000020464,-0.4900000000000091,0.35000000000002274,-2.890000000000015,-2.539999999999992,0.8500000000000227,-4.3700000000000045,-3.519999999999982,-0.3300000000000409,-0.4900000000000091,-0.82000000000005,1.9285714285714164,1.1190476190476204,3.047619047619037,-1.0000000000000284,-1.1666666666666288,-2.166666666666657,-0.6871204857781947,-0.9268136784915271,-1.6139341642697218,-0.7100555958423911,-1.477519941986941,-2.187575537829332,-0.7857142857142776,-0.8571428571428612,-1.6428571428571388,-4.96,-9.55,-2.17,31.205238095238116,39.99095238095239,40.625238095238075,49.41095238095235,8.785714285714278,11.465602428891032,20.020546289581823,False,False
2014-10-17,243.67,238.9,246.48,249.11,197.52380952380952,203.97619047619048,236.54522211569187,244.9057287889775,237.7380952380952,4.769999999999982,5.569999999999993,7.579999999999984,6.840000000000003,-2.8100000000000023,6.005728788977507,-1.1619047619047933,1.5742712110224772,5.931904761904775,-0.020000000000010232,0.12999999999999545,0.10999999999998522,0.7800000000000011,-2.019999999999982,-1.2399999999999807,1.5199999999999818,-4.189999999999998,-2.670000000000016,0.4700000000000273,-0.010000000000019327,0.46000000000000796,1.7380952380952124,1.1428571428571672,2.8809523809523796,-1.4523809523809348,-1.2142857142857508,-2.6666666666666856,-0.5592841163310993,-0.7989773090444032,-1.3582614253755025,-0.19639835629683944,-0.6798404641044442,-0.8762388204012836,-0.571428571428612,-0.8333333333333144,-1.4047619047619264,-4.98,-9.75,-1.49,34.923809523809524,41.37619047619049,45.13380952380953,51.586190476190495,6.452380952380963,12.564777884308143,20.85146241237612,False,False
2014-10-24,242.53,238.02,245.39,249.06,194.83333333333331,204.42857142857142,235.60242889101946,245.54326806864876,237.88095238095238,4.509999999999991,5.510000000000019,7.369999999999976,6.75,-2.859999999999985,7.523268068648747,-0.13904761904763063,-0.15326806864877085,4.6490476190476215,0.009999999999990905,0.11000000000001364,0.12000000000000455,1.0100000000000193,-1.6500000000000057,-0.6399999999999864,1.6299999999999955,-4.8799999999999955,-3.25,1.4000000000000057,0.04999999999998295,1.4499999999999886,0.9761904761904532,0.8809523809523796,1.8571428571428328,-0.904761904761898,-1.0952380952381304,-2.0000000000000284,-0.43144774688397547,-0.7989773090444032,-1.2304250559283787,0.5891950688904615,-0.26589315929416557,0.3233019095962959,-0.3571428571428612,-0.595238095238102,-0.9523809523809632,-4.99,-9.5,-1.5,33.591428571428594,43.186666666666696,44.631428571428586,54.22666666666669,9.595238095238102,13.457571108980545,22.679477882523567,False,False
2014-10-31,244.66,240.42,247.44,250.61,193.47619047619048,205.28571428571428,237.95142217961003,247.98465071307712,240.5,4.240000000000009,4.900000000000006,7.02000000000001,6.349999999999994,-2.780000000000001,7.564650713077128,0.0800000000000125,-0.5446507130771181,4.159999999999997,0.06999999999999318,0.17000000000001592,0.2400000000000091,0.7299999999999898,-1.5300000000000011,-0.8000000000000114,1.4000000000000057,-3.3600000000000136,-1.960000000000008,0.950000000000017,-0.030000000000001137,0.9200000000000159,0.5714285714285836,0.3571428571428328,0.9285714285714164,-1.0714285714285836,-1.2619047619047592,-2.333333333333343,-0.2237136465324454,-0.5592841163310993,-0.7829977628635447,0.6194102006284936,0.22963500120860658,0.8490452018371002,-0.023809523809518396,-0.3571428571428612,-0.3809523809523796,-4.44,-9.15,-1.86,35.13428571428571,46.943809523809506,45.324285714285736,57.13380952380953,11.809523809523796,12.65857782038998,22.836596567561035,False,False
2014-11-07,240.74,235.84,242.54,246.59,186.28571428571428,198.47619047619048,234.43592201981457,241.1560309402949,236.42857142857142,4.900000000000006,3.0500000000000114,6.699999999999989,4.75,-1.799999999999983,5.316030940294894,0.588571428571413,1.3839690597050947,4.311428571428593,0.6800000000000068,1.0,1.6800000000000068,-1.1699999999999875,-0.20000000000001705,-1.3700000000000045,0.7800000000000011,-2.3500000000000227,-1.5700000000000216,0.6100000000000136,0.6799999999999784,1.289999999999992,0.04761904761903679,0.09523809523807358,0.14285714285711038,-1.3571428571428612,-1.3809523809523796,-2.738095238095241,0.2876318312559647,0.30361137743688005,0.5912432086928447,-1.317379743775689,-0.14201111916847253,-1.4593908629441614,0.1428571428571388,0.07142857142858361,0.2142857142857224,-1.02,-9.9,-3.2,37.36380952380952,49.554285714285726,48.11380952380952,60.304285714285726,12.190476190476204,12.154077980185434,20.053782934493594,False,False
2014-11-14,236.91,228.66,235.26,243.26,182.16666666666669,191.2857142857143,229.81783317353785,237.07396664249455,230.69047619047618,8.25,4.699999999999989,6.599999999999994,4.699999999999989,1.6500000000000057,8.413966642494557,2.030476190476179,-1.813966642494563,6.219523809523821,2.0600000000000023,1.1899999999999977,3.25,-1.490000000000009,-0.3100000000000023,-1.8000000000000114,0.4099999999999966,-2.75,-2.3400000000000034,1.8199999999999932,1.1699999999999875,2.9899999999999807,0.07142857142858361,0.095238095238102,0.16666666666668561,-1.0952380952380736,-1.5238095238095184,-2.619047619047592,0.4474272930648908,-0.942793224672414,-0.4953659316075232,1.0635726371766907,-0.1027314479091217,0.960841189267569,0.714285714285694,0.16666666666668561,0.8809523809523796,-0.95,-12.35,-5.75,37.37428571428569,46.49333333333331,51.974285714285685,61.093333333333305,9.11904761904762,13.442166826462142,21.18987188784143,False,False
2014-11-21,232.81,224.39,230.8,238.57,179.47619047619045,188.35714285714286,223.28219878555444,230.16074450084602,225.11904761904762,8.420000000000016,5.6200000000000045,6.410000000000025,4.710000000000008,2.009999999999991,5.770744500846035,0.729047619047634,0.6392554991539896,7.690952380952382,2.1899999999999977,1.1500000000000057,3.3400000000000034,-0.6100000000000136,-0.8499999999999943,-1.460000000000008,1.0900000000000034,-3.579999999999984,-2.4899999999999807,2.030000000000001,1.1200000000000045,3.1500000000000057,-0.16666666666668561,-0.07142857142858361,-0.23809523809526922,-1.2380952380952124,-1.3571428571428896,-2.595238095238102,0.7510386705017709,-3.771172898689713,-3.020134228187942,0.1389896059947091,-0.619410200628522,-0.4804205946338129,0.4285714285714164,0.04761904761906521,0.4761904761904816,-3.93,-12.35,-4.69,36.032857142857125,44.91380952380953,50.21285714285713,59.09380952380954,8.880952380952408,15.287801214445551,19.08992023205221,False,False
2014-11-28,222.68,217.48,223.89,235.44,172.45238095238096,180.23809523809524,217.05017577500794,222.90004834421077,216.7619047619048,5.200000000000017,4.550000000000011,6.409999999999997,4.890000000000015,-1.2099999999999795,5.420048344210784,-0.7180952380952021,0.9899516557892127,5.918095238095219,0.8400000000000034,1.1899999999999977,2.030000000000001,0.18999999999999773,-0.4000000000000057,-0.21000000000000796,1.7099999999999795,-2.7399999999999807,-1.0300000000000011,5.319999999999993,1.4000000000000057,6.719999999999999,-0.21428571428569398,-0.2142857142857224,-0.4285714285714164,-1.0238095238095184,-1.3095238095238244,-2.333333333333343,0.8788750399488663,-3.611377436880815,-2.732502396931949,0.2991298042059327,-0.5015711868503558,-0.20244138264442313,0.380952380952408,-0.1904761904761756,0.19047619047623243,-5.7,-10.75,-3.73,37.24190476190475,45.02761904761903,55.20190476190476,62.987619047619035,7.785714285714278,18.389824224992054,19.19567319313512,False,False
2014-12-05,208.7,204.09,213.4,214.51,159.95238095238096,167.47619047619048,202.12527964205813,209.60236886632828,203.40476190476193,4.609999999999985,2.8700000000000045,9.310000000000002,9.25,-4.700000000000017,5.5123688663282735,-0.685238095238077,3.7976311336717288,5.295238095238062,0.8499999999999943,0.8599999999999852,1.7099999999999795,-0.8899999999999864,-0.7900000000000205,-1.6800000000000068,-0.8299999999999841,0.549999999999983,-0.28000000000000114,0.7800000000000011,0.8799999999999955,1.6599999999999966,-0.2380952380952408,-0.309523809523796,-0.5476190476190368,-1.0238095238095184,-1.4761904761904816,-2.5,0.47938638542663625,-3.8990092681367514,-3.419622882710115,-0.5740875030215022,-0.740270727580338,-1.3143582306018402,-0.07142857142852677,-0.4285714285714448,-0.4999999999999716,-5.67,-9.65,0.26,36.61380952380952,44.13761904761904,47.03380952380951,54.55761904761903,7.523809523809518,12.384720357941859,15.681653372008702,False,False
2014-12-12,196.24,189.75,200.33,205.25,145.5,153.71428571428572,187.59987216363052,196.19591491418905,188.71428571428572,6.490000000000009,3.4499999999999886,10.580000000000013,10.579999999999984,-4.090000000000003,6.445914914189046,-1.0357142857142776,4.134085085810966,7.525714285714287,1.8900000000000148,1.75,3.640000000000015,-1.1500000000000057,-0.5,-1.6500000000000057,-1.1499999999999773,2.2099999999999795,1.0600000000000023,3.539999999999992,1.9000000000000057,5.439999999999998,-0.5,-0.6190476190476204,-1.1190476190476204,-0.8333333333333144,-1.6190476190476488,-2.452380952380963,-0.8628954937679794,-3.515500159795465,-4.3783956535634445,-0.1722262509064194,-0.6677544114092484,-0.8399806623156678,-0.4285714285714164,-0.690476190476204,-1.1190476190476204,-7.41,-11.5,-0.27,36.03571428571428,44.25,51.53571428571428,59.75,8.214285714285722,17.650127836369478,16.007976794778823,False,False
2014-12-19,186.79,178.19,189.32,197.42,132.83333333333334,144.16666666666666,175.63119207414505,187.29755861735558,179.83333333333334,8.599999999999994,3.75,11.129999999999995,11.139999999999986,-2.530000000000001,9.10755861735558,1.643333333333345,2.0224413826444163,6.956666666666649,2.6999999999999886,1.950000000000017,4.650000000000006,-2.1500000000000057,-1.0999999999999943,-3.25,-2.1599999999999966,3.1699999999999875,1.009999999999991,5.599999999999994,2.759999999999991,8.359999999999985,-0.8809523809523512,-0.8095238095238244,-1.6904761904761756,-1.0238095238095184,-1.5476190476190652,-2.5714285714285836,-4.426334292106105,-0.8788750399488663,-5.305209332054972,0.7402707275803948,-0.8097655305777209,-0.06949480299732613,-0.4761904761904816,-0.595238095238102,-1.0714285714285836,-10.82,-13.6,-2.15,34.02333333333334,45.356666666666655,53.25333333333333,64.58666666666664,11.333333333333314,21.78880792585494,17.503625815808558,False,False
2014-12-26,185.37,175.87,186.95,194.34,132.71428571428572,143.73809523809524,174.2761265580057,185.55716702924823,178.54761904761904,9.5,4.009999999999991,11.079999999999984,11.079999999999984,-1.579999999999984,9.68716702924823,2.6776190476190322,1.3928329707517548,6.822380952380968,2.460000000000008,1.759999999999991,4.219999999999999,-3.030000000000001,-2.5,-5.530000000000001,-3.030000000000001,3.9399999999999977,0.9099999999999966,3.4000000000000057,2.5,5.900000000000006,-0.904761904761898,-1.0,-1.904761904761898,-1.8333333333333428,-1.9285714285714164,-3.761904761904759,-3.2374560562480497,-1.0578459571747771,-4.295302013422827,0.07553782934493825,-0.9215615180082182,-0.8460236886632799,-0.7142857142857508,-0.714285714285694,-1.4285714285714448,-10.05,-14.5,-2.77,32.131904761904764,43.15571428571428,50.60190476190476,61.62571428571428,11.023809523809518,20.063873441994303,17.38276528885666,False,False
2015-01-02,177.08,167.57,180.3,184.01,127.19047619047619,136.61904761904762,167.1875998721636,174.9033115784385,168.33333333333334,9.51000000000002,2.950000000000017,12.730000000000018,11.880000000000024,-3.219999999999999,7.333311578438497,0.7633333333333496,5.396688421561521,8.74666666666667,1.490000000000009,0.45000000000001705,1.9400000000000261,-5.069999999999993,-2.0900000000000034,-7.159999999999997,-4.219999999999999,3.8500000000000227,-0.3699999999999761,2.009999999999991,1.509999999999991,3.519999999999982,-1.0000000000000142,-1.309523809523796,-2.30952380952381,-2.0,-2.2142857142857224,-4.214285714285722,-2.7740492170022435,-1.3199105145414194,-4.093959731543663,-0.8460236886632515,-1.5077350737249446,-2.353758762388196,-0.904761904761898,-1.0714285714285836,-1.9761904761904816,-7.24,-14.5,-1.89,30.950952380952373,40.3795238095238,47.39095238095237,56.8195238095238,9.42857142857143,16.822400127836403,15.43388929175731,True,False
2015-01-09,163.94,158.82,167.72,171.79,116.07142857142857,122.11904761904762,153.9948865452221,163.74788494077836,157.33333333333331,5.1200000000000045,2.759999999999991,8.900000000000006,7.060000000000002,-3.780000000000001,4.92788494077837,-1.4866666666666788,3.972115059221636,6.606666666666683,1.6599999999999966,-0.18000000000000682,1.4799999999999898,-0.700000000000017,-0.37999999999999545,-1.0800000000000125,1.1399999999999864,0.3300000000000125,1.4699999999999989,2.829999999999984,1.6599999999999966,4.489999999999981,-1.2380952380952408,-1.6190476190476204,-2.857142857142861,-2.547619047619037,-2.6666666666666714,-5.214285714285708,-2.6845637583892596,-0.942793224672414,-3.6273569830616736,-1.0122069132221156,-1.2509064539521262,-2.263113367174242,-1.0000000000000284,-1.119047619047592,-2.1190476190476204,-4.93,-10.05,-0.42,36.70095238095237,42.748571428571424,49.67095238095237,55.71857142857142,6.047619047619051,17.79511345477789,14.025864152767706,False,False
2015-01-16,154.24,148.9,157.15,164.62,112.09523809523809,114.54761904761905,148.99328859060398,157.09753444525015,150.88095238095238,5.340000000000003,3.9499999999999886,8.25,4.699999999999989,-2.9099999999999966,8.197534445250142,1.980952380952374,0.052465554749858256,3.3590476190476295,-0.4299999999999784,-0.37000000000000455,-0.799999999999983,-1.8199999999999932,-1.3700000000000045,-3.1899999999999977,1.7300000000000182,-3.469999999999999,-1.7399999999999807,3.069999999999993,1.7300000000000182,4.800000000000011,-1.2857142857142918,-1.7142857142857224,-3.000000000000014,-2.642857142857139,-3.1190476190476204,-5.761904761904759,-0.623202301054647,-0.6871204857782232,-1.3103227868328702,-0.5861735557167265,-1.0786802030457068,-1.6648537587624332,-0.7619047619047592,-0.904761904761898,-1.6666666666666572,-7.15,-12.5,-1.16,34.352380952380955,36.80476190476192,50.07238095238095,52.52476190476192,2.452380952380963,15.626711409396023,14.08025138989606,False,False
2015-01-23,150.98,149.87,157.12,163.94,110.76190476190477,115.78571428571429,151.45413870246082,156.91926516799614,150.45238095238093,1.1099999999999852,3.0600000000000023,7.25,3.8100000000000023,-6.140000000000015,7.04926516799614,0.5823809523809302,0.20073483200386022,0.527619047619055,-2.8500000000000227,-0.06999999999999318,-2.920000000000016,-0.9000000000000057,-1.1199999999999761,-2.019999999999982,2.539999999999992,-3.269999999999982,-0.7299999999999898,2.960000000000008,2.3499999999999943,5.310000000000002,-1.261904761904745,-2.0,-3.261904761904745,-2.80952380952381,-2.8333333333333286,-5.642857142857139,-0.04793863854266078,-0.39948865452223004,-0.4474272930648908,-0.24172105390377396,-0.764442832970758,-1.006163886874532,-0.6190476190476488,-0.6190476190476204,-1.2380952380952692,-10.24,-11.35,-2.09,34.08428571428571,39.10809523809523,48.154285714285706,53.178095238095224,5.023809523809518,12.485861297539174,13.738820401256948,False,False
2015-01-30,152.82,151.92,159.12,164.78,108.85714285714285,118.26190476190476,152.1732182806008,158.87418419144305,153.35714285714286,0.9000000000000057,2.9599999999999795,7.200000000000017,4.25,-6.300000000000011,6.954184191443062,1.4371428571428737,0.24581580855695506,-0.537142857142868,-2.9099999999999966,-0.3100000000000023,-3.219999999999999,-0.8500000000000227,-1.4599999999999795,-2.3100000000000023,2.0999999999999943,-2.859999999999985,-0.7599999999999909,1.3900000000000148,2.2299999999999898,3.6200000000000045,-1.7857142857142918,-2.5714285714285694,-4.357142857142861,-2.595238095238088,-2.7619047619047734,-5.357142857142861,0.319590923617767,-0.35155001597954083,-0.031959092361773855,-0.054387237128366905,-0.8309161227942923,-0.8853033599226592,-0.07142857142855519,-0.3333333333333428,-0.404761904761898,-11.25,-10.65,-2.2,33.65809523809523,43.06285714285714,46.51809523809524,55.922857142857154,9.404761904761912,12.606781719399208,13.620981387478848,False,False
2015-02-06,171.9,169.66,173.64,180.31,120.59523809523809,133.9047619047619,171.49248961329496,175.87623882040126,169.85714285714286,2.240000000000009,2.1100000000000136,3.9799999999999898,5.680000000000007,-1.7399999999999807,6.216238820401259,0.1971428571428646,-2.236238820401269,2.0428571428571445,-0.8499999999999943,-0.7800000000000011,-1.6299999999999955,-0.9799999999999898,-1.0300000000000011,-2.009999999999991,-2.680000000000007,-0.8600000000000136,-3.5400000000000205,2.5800000000000125,0.11999999999997613,2.6999999999999886,-1.9761904761904816,-2.7857142857142776,-4.761904761904759,-2.333333333333343,-2.4761904761904816,-4.809523809523824,0.7350591243208839,0.1118568232662085,0.8469159475870924,-0.39279671259365045,-0.8399806623156962,-1.2327773749093467,-0.5714285714285552,-1.0952380952381304,-1.6666666666666856,-7.68,-8.3,-2.26,35.7552380952381,49.06476190476191,46.405238095238104,59.714761904761914,13.30952380952381,8.817510386705038,14.053057771331883,False,False
2015-02-13,179.55,175.84,180.61,188.1,121.76190476190476,137.14285714285714,179.67401725790987,183.24268793811942,176.33333333333334,3.710000000000008,3.4499999999999886,4.77000000000001,6.369999999999976,-1.0600000000000023,7.4026879381194135,0.4933333333333394,-2.6326879381194033,3.2166666666666686,-0.4199999999999875,0.18000000000000682,-0.23999999999998067,-0.6800000000000068,-0.6699999999999875,-1.3499999999999943,-2.2799999999999727,-0.5400000000000205,-2.819999999999993,3.3799999999999955,0.4300000000000068,3.8100000000000023,-2.142857142857139,-2.952380952380963,-5.095238095238102,-3.0238095238095184,-2.5238095238095184,-5.547619047619037,0.5113454777884385,0.7989773090444316,1.3103227868328702,0.38977519941988703,-0.5620014503263064,-0.1722262509064194,-0.4761904761904816,-0.8571428571428612,-1.3333333333333428,-5.3,-9.05,-3.64,38.697142857142865,54.078095238095244,50.957142857142856,66.33809523809524,15.38095238095238,8.425982742090127,13.554508097655305,False,False
2015-02-20,185.97,177.09,184.92,201.06,123.30952380952381,145.19047619047618,184.70757430488973,186.0708242687938,179.30952380952382,8.879999999999995,5.72999999999999,7.829999999999984,6.75,1.0500000000000114,8.98082426879381,2.219523809523821,-1.1508242687938264,6.6604761904761745,1.990000000000009,1.009999999999991,3.0,-1.1599999999999966,-0.22999999999998977,-1.3899999999999864,-0.0800000000000125,-0.5500000000000114,-0.6300000000000239,11.039999999999992,1.710000000000008,12.75,-1.5476190476190368,-2.8809523809523796,-4.428571428571416,-1.5714285714285836,-1.904761904761898,-3.4761904761904816,2.269095557686171,0.719079578139997,2.988175135826168,0.8732173072274918,0.04834421078072637,0.9215615180082182,0.07142857142858361,-0.7857142857142776,-0.714285714285694,-3.72,-12.6,-2.67,31.899523809523828,53.78047619047619,55.86952380952383,77.75047619047619,21.880952380952365,16.35242569511027,12.919990331157843,False,False
2015-02-27,188.14,178.02,185.46,215.7,117.92857142857143,143.71428571428572,186.5452221156919,185.44839255499153,175.7142857142857,10.119999999999976,7.75,7.439999999999998,5.990000000000009,2.6799999999999784,7.428392554991518,-2.3057142857143162,0.011607445008479544,12.425714285714292,2.3799999999999955,2.6200000000000045,5.0,0.010000000000019327,-0.4000000000000057,-0.38999999999998636,1.460000000000008,-1.7199999999999989,-0.2599999999999909,24.20999999999998,3.420000000000016,27.629999999999995,-4.523809523809518,-3.80952380952381,-8.333333333333329,-1.6666666666666572,-2.0714285714285836,-3.738095238095241,4.1706615532119145,1.358261425375531,5.528922978587445,1.1270244138264331,0.09366690838771774,1.2206913222141509,-0.30952380952385283,-0.904761904761898,-1.2142857142857508,-2.52,-12.65,-2.65,34.30571428571429,60.09142857142858,71.98571428571427,97.77142857142856,25.785714285714292,29.15477788430809,11.137297558617355,False,False
2015-03-06,186.88,176.37,182.92,189.49,120.0,143.47619047619048,186.01789709172255,181.66243654822335,176.52380952380952,10.509999999999991,7.910000000000025,6.549999999999983,6.600000000000023,3.960000000000008,5.29243654822335,0.15380952380951385,1.2575634517766332,10.356190476190477,2.299999999999983,-0.7599999999999909,1.539999999999992,-0.29999999999998295,-1.170000000000016,-1.4699999999999989,-0.35000000000002274,-2.039999999999992,-2.390000000000015,2.5400000000000205,-0.060000000000002274,2.480000000000018,-4.404761904761898,-3.4761904761904816,-7.88095238095238,-1.4285714285714164,-2.047619047619037,-3.476190476190453,3.2917865132630197,0.9907318632150748,4.2825183764780945,-1.1481750060430045,-1.447304810248994,-2.5954798162919985,-0.880952380952408,-1.0952380952380736,-1.9761904761904816,0.2,-10.85,-3.74,32.89380952380952,56.370000000000005,46.01380952380953,69.49000000000001,23.47619047619048,3.4721029082774635,10.31846748851825,False,False
2015-03-13,175.42,165.44,172.39,179.32,113.5,135.33333333333334,177.42090124640455,172.18092820884698,167.3095238095238,9.97999999999999,9.210000000000008,6.949999999999989,7.349999999999994,3.030000000000001,6.740928208846981,1.8695238095237983,0.20907179115300778,8.110476190476192,0.3299999999999841,-0.5799999999999841,-0.25,-0.4399999999999977,-1.3100000000000023,-1.75,-0.8400000000000034,-2.7900000000000205,-3.630000000000024,2.3899999999999864,-0.13999999999998636,2.25,-4.571428571428584,-3.6904761904761756,-8.26190476190476,-0.904761904761898,-2.1190476190476204,-3.0238095238095184,3.7871524448705713,0.8309364014061771,4.618088846276748,-1.278100072516338,-1.7585206671500941,-3.036620739666432,-1.0238095238095468,-1.3809523809523796,-2.4047619047619264,-0.55,-11.7,-4.19,30.106666666666655,51.94,43.98666666666665,65.82,21.833333333333343,1.899098753595439,9.01015228426396,False,False
2015-03-20,167.12,158.02,165.62,172.43,105.57142857142858,129.80952380952382,165.14860977948223,166.53372008701956,161.61904761904762,9.099999999999994,8.26000000000002,7.599999999999994,7.240000000000009,1.5,8.51372008701955,3.59904761904761,-0.9137200870195556,5.500952380952384,-0.6800000000000068,-0.6299999999999955,-1.3100000000000023,-1.5199999999999818,-1.75,-3.269999999999982,-1.1599999999999966,-3.5200000000000102,-4.680000000000007,1.9699999999999989,-0.38999999999998636,1.5800000000000125,-3.976190476190453,-4.523809523809533,-8.499999999999986,-2.309523809523796,-2.2142857142857224,-4.523809523809518,0.9268136784915271,-0.3835091083413147,0.5433045701502124,-1.1753686246072164,-1.8008218515832652,-2.9761904761904816,-0.8333333333333428,-1.309523809523796,-2.142857142857139,-2.03,-12.37,-4.2,28.210476190476186,52.44857142857143,42.62047619047618,66.85857142857142,24.23809523809524,7.281390220517778,9.351583272903069,False,False
2015-03-27,167.82,159.72,167.12,173.61,116.4047619047619,134.8095238095238,170.15020773410032,169.73350253807106,165.26190476190476,8.099999999999994,7.340000000000003,7.400000000000006,7.800000000000011,0.6999999999999886,10.013502538071066,5.54190476190476,-2.61350253807106,2.558095238095234,-1.5900000000000034,-2.819999999999993,-4.409999999999997,-2.3499999999999943,-2.390000000000015,-4.740000000000009,-2.75,-3.75,-6.5,0.6400000000000148,-0.8100000000000023,-0.1699999999999875,-3.880952380952394,-3.166666666666657,-7.047619047619051,-2.285714285714306,-1.9285714285714164,-4.214285714285722,0.6711409395973362,-0.4793863854266647,0.19175455417067155,-1.3747884940778192,-1.5923374425912868,-2.967125936669106,-0.8571428571428612,-1.1904761904761756,-2.047619047619037,-5.3,-13.4,-5.01,24.910476190476203,43.3152380952381,38.80047619047622,57.205238095238116,18.404761904761898,3.4597922658996936,9.56308919506889,False,False
2015-04-03,165.25,158.94,167.25,171.96,116.38095238095238,133.0,167.92585490572066,168.1774232535654,162.2142857142857,6.310000000000002,6.9599999999999795,8.310000000000002,7.989999999999981,-2.0,9.237423253565396,3.2742857142856963,-0.9274232535653937,3.035714285714306,-2.8899999999999864,-1.6000000000000227,-4.490000000000009,-2.240000000000009,-3.9899999999999807,-6.22999999999999,-1.9199999999999875,-4.670000000000016,-6.590000000000003,-0.1599999999999966,-1.1999999999999886,-1.3599999999999852,-3.9285714285714306,-3.166666666666657,-7.095238095238088,-2.571428571428555,-2.047619047619065,-4.61904761904762,0.7989773090444032,-0.3803131991051032,0.41866410993930003,-1.5016920473773325,-1.8189509306260447,-3.3206429780033773,-1.3095238095238528,-1.5714285714285552,-2.880952380952408,-6.54,-12.85,-3.4,25.939999999999998,42.55904761904762,38.96000000000001,55.57904761904763,16.61904761904762,4.034145094279353,10.043509789702684,True,False
2015-04-10,170.52,163.23,171.52,174.78,123.30952380952381,136.76190476190476,170.3259827420901,170.93304326806864,166.3095238095238,7.2900000000000205,10.689999999999998,8.29000000000002,7.640000000000015,-1.0,7.7030432680686545,3.079523809523806,0.586956731931366,4.210476190476214,-5.389999999999986,2.259999999999991,-3.1299999999999955,-1.990000000000009,-3.680000000000007,-5.670000000000016,-1.3400000000000034,-4.739999999999981,-6.079999999999984,-0.7599999999999909,-1.3900000000000148,-2.1500000000000057,-3.666666666666657,-2.642857142857153,-6.30952380952381,-2.6666666666666856,-1.904761904761898,-4.571428571428584,-0.3835091083413147,-0.5752636625119862,-0.9587727708533009,-1.5862944162436747,-2.1634034324389404,-3.749697848682615,-1.5000000000000284,-1.714285714285694,-3.2142857142857224,-5.0,-12.3,-4.0,26.46809523809523,39.92047619047618,38.01809523809524,51.47047619047619,13.452380952380949,4.454017257909896,9.384819917814841,False,False
2015-04-17,181.07,172.37,181.57,185.28,130.5,144.8095238095238,178.9229785874081,178.6560309402949,174.38095238095238,8.699999999999989,7.8799999999999955,9.199999999999989,8.349999999999994,-0.5,6.286030940294893,2.010952380952375,2.913969059705096,6.689047619047614,-0.9200000000000159,-1.299999999999983,-2.219999999999999,-1.740000000000009,-3.569999999999993,-5.310000000000002,-0.8900000000000148,-3.780000000000001,-4.670000000000016,-0.28000000000000114,-0.9499999999999886,-1.2299999999999898,-3.666666666666657,-2.7142857142857224,-6.38095238095238,-3.357142857142861,-1.8095238095238244,-5.166666666666686,-0.3355704697986255,-0.7031000319591101,-1.0386705017577356,-1.4654338892917451,-2.1664249456127607,-3.631858834904506,-1.5714285714285836,-1.5952380952380736,-3.166666666666657,-4.5,-13.2,-3.06,27.56047619047621,41.870000000000005,40.470476190476205,54.78,14.309523809523796,6.357021412591905,8.013052936910805,False,False
2015-04-24,185.38,175.03,185.43,189.07,134.61904761904762,151.61904761904762,184.57973793544258,182.34529852550156,178.61904761904762,10.349999999999994,9.830000000000013,10.400000000000006,9.890000000000015,-0.05000000000001137,7.315298525501561,3.5890476190476193,3.084701474498445,6.760952380952375,-0.8000000000000114,-1.1800000000000068,-1.9800000000000182,-1.3199999999999932,-3.4000000000000057,-4.719999999999999,-0.8100000000000023,-3.7099999999999795,-4.519999999999982,-0.3400000000000034,-0.8199999999999932,-1.1599999999999966,-3.571428571428555,-2.4761904761904816,-6.047619047619037,-1.7380952380952408,-1.5714285714285552,-3.309523809523796,-0.3675295621604562,-0.7350591243208555,-1.1025886864813117,-1.53795020546292,-2.1603819192651486,-3.6983321247280685,-1.2619047619047592,-1.3333333333333428,-2.595238095238102,-4.05,-14.4,-2.43,23.41095238095238,40.41095238095238,37.45095238095237,54.45095238095237,17.0,4.490262064557413,8.188300700991057,False,False
2015-05-01,193.27,181.68,191.14,194.89,138.76190476190476,156.45238095238093,189.45349952061358,186.86850374667634,182.80952380952382,11.590000000000003,9.01000000000002,9.45999999999998,9.969999999999999,2.130000000000024,5.188503746676332,1.1295238095238176,4.271496253323647,10.460476190476186,1.0900000000000034,-0.8100000000000023,0.28000000000000114,-1.4899999999999807,-2.670000000000016,-4.159999999999997,-2.0,-2.3400000000000034,-4.340000000000003,-0.4200000000000159,-0.6800000000000068,-1.1000000000000227,-3.1904761904761756,-1.7380952380952692,-4.928571428571445,-1.7142857142857508,-1.4523809523809348,-3.1666666666666856,-0.14381591562801077,-0.5113454777884385,-0.6551613934164493,-1.6648537587623764,-1.8098863911046692,-3.4747401498670456,-1.4999999999999716,-1.4285714285714448,-2.9285714285714164,-1.91,-13.5,-3.74,25.227619047619072,42.91809523809525,38.43761904761905,56.12809523809523,17.690476190476176,5.43650047938641,7.529610829103215,True,False
2015-05-08,200.16,188.72,195.17,198.49,142.19047619047618,158.4047619047619,194.6468520294023,192.50966884215615,188.52380952380955,11.439999999999998,7.070000000000022,6.449999999999989,9.400000000000006,4.990000000000009,3.7896688421561464,-0.19619047619045205,2.660331157843842,11.63619047619045,3.359999999999985,-1.5300000000000011,1.829999999999984,-1.009999999999991,-2.130000000000024,-3.140000000000015,-3.960000000000008,-0.6800000000000068,-4.640000000000015,-0.6200000000000045,-0.6999999999999886,-1.3199999999999932,-2.547619047619065,-1.3333333333333428,-3.880952380952408,-1.7619047619047592,-1.3571428571428612,-3.1190476190476204,0.1757750079897562,-0.3355704697986539,-0.1597954618088977,-1.7645636934977063,-1.4986705342035123,-3.2632342277012185,-1.214285714285694,-1.2619047619047592,-2.476190476190453,0.98,-10.45,-4.0,30.3152380952381,46.52952380952382,40.08523809523811,56.29952380952383,16.214285714285722,3.8431479705976983,9.306260575296108,False,False
2015-05-15,207.33,188.71,195.72,199.2,142.88095238095238,158.0952380952381,193.01693831895173,193.31641285956005,189.35714285714286,18.620000000000005,6.930000000000007,7.009999999999991,9.0,11.610000000000014,4.606412859560038,0.6471428571428532,2.403587140439953,17.97285714285715,9.840000000000003,-1.4599999999999795,8.380000000000024,-1.8499999999999943,-1.9499999999999886,-3.799999999999983,-3.8400000000000034,-0.6099999999999852,-4.449999999999989,-0.36000000000001364,-0.6099999999999852,-0.9699999999999989,-2.309523809523796,-1.2142857142857224,-3.5238095238095184,-1.0714285714285552,-1.2142857142857224,-2.2857142857142776,-1.1185682326621702,-0.27165228507507777,-1.390220517737248,-1.6255740875030256,-1.2841430988639218,-2.9097171863669473,-1.0,-1.0238095238095184,-2.0238095238095184,7.63,-11.0,-3.99,30.614761904761906,45.82904761904763,41.10476190476189,56.31904761904761,15.214285714285722,6.183061681048258,9.230722745951173,False,False
2015-05-22,203.85,184.36,192.63,196.01,141.0,155.83333333333334,191.99424736337485,189.18600435097898,185.73809523809524,19.48999999999998,9.189999999999998,8.269999999999982,9.25,11.219999999999999,4.8260043509789625,1.3780952380952272,3.4439956490210193,18.111904761904754,7.3700000000000045,0.5099999999999909,7.8799999999999955,-2.9299999999999784,-1.990000000000009,-4.9199999999999875,-3.9099999999999966,-0.6500000000000057,-4.560000000000002,-0.35000000000002274,-0.6999999999999886,-1.0500000000000114,-1.3809523809523796,-0.8095238095238244,-2.190476190476204,-1.214285714285694,-1.0,-2.214285714285694,-0.04793863854266078,-0.3355704697986539,-0.3835091083413147,-2.060671984529847,-1.6497461928933888,-3.710418177423236,-1.2619047619047592,-1.1428571428571388,-2.404761904761898,7.25,-12.25,-3.98,28.52666666666667,43.360000000000014,40.17666666666665,55.00999999999999,14.833333333333343,4.0157526366251375,7.801547014744984,False,False
2015-05-29,196.5,180.75,188.05,189.56,139.0,152.11904761904762,187.3601789709172,185.2338651196519,181.42857142857144,15.75,9.23999999999998,7.300000000000011,8.599999999999994,8.449999999999989,4.4838651196519095,0.6785714285714448,2.816134880348102,15.071428571428555,4.3300000000000125,0.9399999999999977,5.27000000000001,-2.180000000000007,-2.180000000000007,-4.360000000000014,-3.4799999999999898,-1.1299999999999955,-4.609999999999985,-0.12999999999999545,-0.75,-0.8799999999999955,-0.8571428571428612,-0.5,-1.3571428571428612,-1.3809523809523796,-1.1190476190476204,-2.5,-0.11185682326623692,-0.47938638542663625,-0.5912432086928732,-1.9972202078801047,-1.8219724437998934,-3.819192651679998,-1.309523809523796,-1.1904761904761756,-2.4999999999999716,5.1,-10.65,-3.35,28.63095238095238,41.75,37.44095238095238,50.56,13.11904761904762,2.1998210290828126,7.871041817742325,False,False
2015-06-05,190.45,180.7,189.5,189.54,142.02380952380952,152.14285714285714,185.6823266219239,186.49383611312547,181.3809523809524,9.75,6.450000000000017,8.800000000000011,7.960000000000008,0.9499999999999886,5.793836113125479,0.6809523809524194,3.006163886874532,9.06904761904758,1.049999999999983,-1.8100000000000023,-0.7600000000000193,-2.25,-2.380000000000024,-4.630000000000024,-1.4099999999999966,-1.3300000000000125,-2.740000000000009,-0.8799999999999955,-1.410000000000025,-2.2900000000000205,-0.7619047619047592,-0.5238095238095184,-1.2857142857142776,-1.6428571428571672,-1.309523809523796,-2.952380952380963,-0.39948865452223004,-0.7829977628635447,-1.1824864173857748,-1.9186608653613746,-1.8975102731447748,-3.8161711385061494,-1.333333333333286,-1.2380952380952692,-2.571428571428555,0.21,-9.55,-0.75,28.55714285714285,38.67619047619047,37.39714285714285,47.516190476190474,10.11904761904762,3.8576733780761003,9.532874063330915,False,False
2015-06-12,188.95,179.6,187.18,190.58,143.07142857142858,153.45238095238096,187.56791307126872,186.3155668358714,181.83333333333334,9.349999999999994,6.809999999999974,7.5800000000000125,6.339999999999975,1.7699999999999818,6.715566835871414,2.2333333333333485,0.8644331641285987,7.116666666666646,-0.18999999999999773,-3.3000000000000114,-3.490000000000009,-2.730000000000018,-2.530000000000001,-5.260000000000019,-1.4899999999999807,-2.990000000000009,-4.47999999999999,-0.839999999999975,-1.490000000000009,-2.329999999999984,-1.0476190476190368,-0.8809523809523796,-1.9285714285714164,-1.5476190476190084,-1.4285714285714732,-2.9761904761904816,0.031959092361773855,-0.8948545861297816,-0.8628954937680078,-1.9216823785351664,-2.0818225767464185,-4.003504955281585,-1.6666666666666288,-1.5000000000000284,-3.166666666666657,-2.3,-11.65,-4.07,26.14761904761903,36.52857142857141,37.12761904761905,47.50857142857143,10.38095238095238,3.012086928731293,8.460236886632826,False,False
2015-06-19,185.47,176.2,184.6,188.94,142.5952380952381,151.16666666666666,185.25087887503992,184.07058254773992,179.04761904761907,9.27000000000001,6.0,8.400000000000006,6.109999999999985,0.8700000000000045,7.870582547739929,2.8476190476190766,0.529417452260077,6.422380952380934,-0.3900000000000148,-4.7099999999999795,-5.099999999999994,-3.660000000000025,-2.539999999999992,-6.200000000000017,-1.3700000000000045,-3.819999999999993,-5.189999999999998,-0.6500000000000057,-1.3799999999999955,-2.030000000000001,-1.0,-0.8809523809523796,-1.8809523809523796,-2.095238095238102,-1.6428571428571388,-3.738095238095241,-0.6711409395973078,-1.022690955576877,-1.6938318951741849,-1.8854242204496074,-2.099951655789198,-3.9853758762388054,-1.6428571428571388,-1.5238095238095184,-3.166666666666657,-4.02,-13.3,-4.9,25.03333333333333,33.60476190476189,37.77333333333334,46.344761904761896,8.571428571428555,3.6891211249600815,8.475344452501814,False,False
2015-06-26,184.87,173.87,183.67,187.64,143.0,151.3095238095238,184.00447427293062,182.62629925066472,178.0,11.0,7.549999999999983,9.799999999999983,7.049999999999983,1.200000000000017,8.75629925066471,4.1299999999999955,1.0437007493352723,6.8700000000000045,-0.6999999999999886,-3.5600000000000023,-4.259999999999991,-4.150000000000006,-2.859999999999985,-7.009999999999991,-1.4000000000000057,-4.6299999999999955,-6.030000000000001,-0.6900000000000261,-1.4099999999999966,-2.1000000000000227,-0.9285714285714448,-0.6904761904761756,-1.6190476190476204,-1.5476190476190652,-1.4523809523809632,-3.0000000000000284,-0.7989773090444032,-1.1984659635666333,-1.9974432726110365,-1.7947788252356816,-2.4444041576021505,-4.239182982837832,-1.785714285714306,-1.619047619047592,-3.404761904761898,-3.7,-14.7,-4.9,22.56047619047621,30.870000000000005,36.33047619047619,44.639999999999986,8.309523809523796,3.635525727069364,7.780396422528402,False,False
2015-07-03,184.22,173.49,180.45,185.06,137.9047619047619,147.61904761904762,181.51166506871203,179.62291515591008,173.78571428571428,10.72999999999999,8.210000000000008,6.9599999999999795,5.599999999999994,3.7700000000000102,6.132915155910069,0.2957142857142685,0.8270848440899101,10.434285714285721,-0.5500000000000114,0.5900000000000034,0.03999999999999204,-3.069999999999993,-0.15000000000000568,-3.219999999999999,-1.710000000000008,-5.400000000000006,-7.110000000000014,-1.039999999999992,-1.6200000000000045,-2.6599999999999966,-0.904761904761898,-0.690476190476204,-1.595238095238102,-1.2380952380952408,-1.2380952380952408,-2.4761904761904816,-0.6871204857781947,-1.0226909555768486,-1.7098114413550434,-1.9609620497945457,-1.8642736282330077,-3.8252356780275534,-2.0,-1.880952380952408,-3.880952380952408,-1.12,-11.85,-4.88,25.87095238095239,35.58523809523811,37.44095238095238,47.155238095238104,9.714285714285722,3.548334931287968,7.704858593183466,True,False
2015-07-10,173.74,161.43,169.53,172.23,124.78571428571428,137.04761904761907,169.5110258868648,169.38300700991056,163.64285714285714,12.310000000000002,9.850000000000023,8.099999999999994,7.150000000000006,4.210000000000008,7.95300700991055,2.212857142857132,0.14699299008944422,10.09714285714287,-0.28000000000000114,0.9000000000000057,0.6200000000000045,-2.7399999999999807,-1.210000000000008,-3.9499999999999886,-1.789999999999992,-5.3799999999999955,-7.1699999999999875,-1.6200000000000045,-1.8000000000000114,-3.420000000000016,-0.9761904761904816,-0.809523809523796,-1.7857142857142776,-0.8809523809523512,-1.095238095238102,-1.9761904761904532,-0.36752956216042776,-1.0706295941195094,-1.4381591562799372,-2.260091854000507,-1.5591007976794629,-3.8191926516799697,-2.071428571428555,-1.690476190476204,-3.761904761904759,-1.29,-13.0,-4.9,24.38238095238094,36.64428571428573,35.182380952380925,47.44428571428571,12.261904761904788,2.7189741131352037,7.330190959632584,False,False
2015-07-17,166.17,155.87,165.06,168.87,123.07142857142857,137.14285714285714,167.52956216043464,166.21041817742326,161.40476190476193,10.299999999999983,8.509999999999991,9.189999999999998,7.849999999999994,1.1099999999999852,10.34041817742326,5.534761904761922,-1.150418177423262,4.765238095238061,-1.9300000000000068,-1.7199999999999989,-3.6500000000000057,-3.719999999999999,-0.7800000000000011,-4.5,-2.3799999999999955,-6.030000000000001,-8.409999999999997,-1.5300000000000011,-2.1299999999999955,-3.6599999999999966,-0.9523809523809632,-0.9285714285714164,-1.8809523809523796,-0.16666666666668561,-1.0,-1.1666666666666856,-1.3422818791945872,-1.9335250878875456,-3.275806967082133,-2.5985013294657904,-1.7131979695431312,-4.311699299008922,-1.7857142857142776,-1.6666666666666288,-3.4523809523809064,-4.4,-14.7,-5.51,18.727142857142866,32.798571428571435,31.727142857142866,45.798571428571435,14.07142857142857,1.340437839565368,7.115663524292966,False,False
2015-07-24,166.63,153.7,159.66,165.87,117.28571428571428,133.19047619047618,162.87951422179606,160.88651196519217,156.92857142857142,12.930000000000007,9.890000000000015,5.960000000000008,5.200000000000017,6.969999999999999,7.186511965192182,3.2285714285714278,-1.2265119651921736,9.701428571428579,0.7299999999999898,0.5900000000000034,1.3199999999999932,-2.3100000000000023,1.0999999999999943,-1.210000000000008,-1.5500000000000114,-6.659999999999997,-8.210000000000008,-0.9399999999999977,-1.5699999999999932,-2.509999999999991,-1.0476190476190652,-1.357142857142847,-2.404761904761912,-0.9047619047619264,-1.2857142857142776,-2.190476190476204,-1.2943432406519833,-2.0933205496963865,-3.3876637903483697,-2.5078559342518645,-1.7857142857142776,-4.293570219966142,-1.6666666666666856,-1.5714285714285552,-3.238095238095241,-0.33,-13.25,-7.3,20.509523809523813,36.41428571428571,32.67952380952383,48.58428571428573,15.904761904761898,2.990485778203947,6.598984771573604,False,False
2015-07-31,162.19,147.39,153.49,159.61,114.19047619047619,126.5,157.49440715883665,154.05789219240995,149.23809523809524,14.800000000000011,11.449999999999989,6.100000000000023,6.349999999999994,8.699999999999989,6.6678921924099654,1.8480952380952544,-0.5678921924099427,12.951904761904757,1.710000000000008,1.3899999999999864,3.0999999999999943,-1.6400000000000148,0.539999999999992,-1.1000000000000227,-1.8899999999999864,-4.659999999999997,-6.549999999999983,-0.7699999999999818,-1.6899999999999977,-2.4599999999999795,-0.9761904761904674,-1.5000000000000142,-2.4761904761904816,-1.4285714285714164,-1.595238095238102,-3.0238095238095184,-1.1984659635666333,-2.2211569191435103,-3.4196228827101436,-2.4262750785593425,-2.169446458786581,-4.5957215373459235,-2.357142857142861,-2.190476190476204,-4.547619047619065,1.85,-12.95,-6.85,20.889999999999986,33.1995238095238,33.110000000000014,45.419523809523824,12.30952380952381,2.1155928411633624,5.891950688905004,False,False
2015-08-07,154.38,142.93,148.73,154.2,106.95238095238095,117.73809523809524,150.3835091083413,150.2296350012086,143.78571428571428,11.449999999999989,10.300000000000011,5.799999999999983,7.25,5.650000000000006,7.2996350012086,0.8557142857142708,-1.4996350012086168,10.594285714285718,1.4499999999999886,-1.8100000000000023,-0.36000000000001364,0.30000000000001137,0.5900000000000034,0.8900000000000148,-1.1500000000000057,-6.0800000000000125,-7.230000000000018,-1.5500000000000114,-1.759999999999991,-3.3100000000000023,-1.0000000000000142,-1.5714285714285552,-2.5714285714285694,-1.452380952380949,-1.8333333333333286,-3.2857142857142776,-0.9108341323106401,-1.8056887184404218,-2.716522850751062,-2.148295866569981,-1.314358230601897,-3.462654097171878,-2.5714285714285836,-2.0238095238095184,-4.595238095238102,-1.8,-13.25,-7.45,25.191904761904766,35.97761904761906,36.46190476190475,47.24761904761904,10.785714285714292,3.8164908916587024,5.916122794295382,False,False
2015-08-14,155.27,143.97,150.57,157.37,102.88095238095238,117.85714285714286,151.40620006391816,150.67379743775683,143.9047619047619,11.300000000000011,10.299999999999983,6.599999999999994,8.109999999999985,4.700000000000017,6.703797437756833,-0.06523809523810087,-0.10379743775683892,11.365238095238112,0.6300000000000239,-1.3900000000000148,-0.7599999999999909,-0.37000000000000455,0.6100000000000136,0.2400000000000091,-1.8799999999999955,-5.320000000000022,-7.200000000000017,-1.039999999999992,-1.3799999999999955,-2.4199999999999875,-1.7142857142857082,-2.5,-4.214285714285708,-1.0714285714285694,-1.904761904761898,-2.9761904761904674,-1.3422818791946156,-1.1185682326621986,-2.4608501118568142,-2.0848440899202103,-1.5319071791153078,-3.616751269035518,-2.3809523809523796,-2.0,-4.38095238095238,-3.0,-14.3,-7.7,26.112857142857138,41.08904761904762,39.51285714285714,54.489047619047625,14.976190476190482,5.963799936081841,5.04592700024172,False,False
2015-08-21,148.96,137.62,144.2,151.79,98.52380952380953,112.76190476190476,147.84276126558004,145.18370800096687,138.8095238095238,11.340000000000003,11.300000000000011,6.579999999999984,8.400000000000006,4.760000000000019,7.563708000966869,1.1895238095237914,-0.9837080009668853,10.150476190476212,-1.1599999999999966,-0.4199999999999875,-1.579999999999984,-1.1999999999999886,1.079999999999984,-0.12000000000000455,-3.0200000000000102,-6.569999999999993,-9.590000000000003,-1.0900000000000034,-1.450000000000017,-2.5400000000000205,-1.1428571428571388,-2.1666666666666714,-3.30952380952381,-1.8333333333333428,-1.904761904761898,-3.738095238095241,-1.4062000639181633,-0.6072227548737601,-2.0134228187919234,-2.0667150108774592,-1.6678752719361967,-3.734590282813656,-2.1190476190476204,-1.8571428571428612,-3.9761904761904816,-3.6,-14.95,-8.45,24.858095238095245,39.09619047619047,39.02809523809523,53.26619047619046,14.238095238095227,3.9472387344199547,5.275562001450327,False,False
2015-08-28,141.3,131.5,137.44,144.83,97.11904761904762,107.92857142857143,141.05145413870244,139.8386511965192,133.04761904761907,9.800000000000011,10.25,5.939999999999998,7.710000000000008,3.8600000000000136,8.338651196519208,1.5476190476190652,-2.3986511965192108,8.252380952380946,-1.4799999999999898,-2.5,-3.9799999999999898,-1.0300000000000011,-0.5500000000000114,-1.5800000000000125,-2.8000000000000114,-9.75,-12.550000000000011,-1.539999999999992,-1.789999999999992,-3.329999999999984,-1.7380952380952408,-1.9285714285714164,-3.666666666666657,-1.9285714285714306,-1.8809523809523796,-3.80952380952381,-1.565995525727061,-0.6551613934164209,-2.221156919143482,-2.0183708000967044,-1.3929175731206271,-3.4112883732173316,-2.2380952380952124,-1.690476190476204,-3.9285714285714164,-5.4,-15.2,-9.27,23.57142857142857,34.38095238095238,36.90142857142858,47.71095238095239,10.80952380952381,3.778545861297573,4.970389170896785,False,False
2015-09-04,155.19,145.43,153.38,161.51,111.26190476190476,121.19047619047619,154.63406839245764,154.40234469422285,148.14285714285714,9.759999999999991,13.0,7.949999999999989,8.620000000000005,1.8100000000000023,8.97234469422284,2.712857142857132,-1.022344694222852,7.047142857142859,-4.150000000000006,-1.6899999999999977,-5.840000000000003,-0.9099999999999966,-0.13999999999998636,-1.049999999999983,-1.5800000000000125,-9.090000000000003,-10.670000000000016,-1.920000000000016,-1.6599999999999966,-3.5800000000000125,-1.4761904761904816,-1.6190476190476204,-3.095238095238102,-1.9761904761904674,-1.952380952380949,-3.9285714285714164,-1.6139341642697218,-0.5912432086928732,-2.205177372962595,-1.474498428813149,-1.5258641527677241,-3.000362581580873,-1.9047619047619264,-1.6666666666666572,-3.5714285714285836,-7.5,-17.25,-9.3,24.239523809523817,34.16809523809525,40.3195238095238,50.24809523809523,9.92857142857143,6.8759316075423556,5.9916606236403185,True,False
2015-09-11,150.08,140.93,148.68,156.43,107.52380952380952,115.11904761904762,151.42217961009905,150.37768914672466,144.59523809523807,9.150000000000006,13.240000000000009,7.75,8.980000000000018,1.4000000000000057,9.447689146724656,3.6652380952380668,-1.697689146724656,5.484761904761939,-4.609999999999985,-1.8000000000000114,-6.409999999999997,-0.5199999999999818,-0.30000000000001137,-0.8199999999999932,-1.75,-7.47999999999999,-9.22999999999999,-1.789999999999992,-1.759999999999991,-3.549999999999983,-1.4047619047619122,-1.5238095238095184,-2.9285714285714306,-2.166666666666657,-2.0238095238095326,-4.19047619047619,-1.358261425375531,-0.7190795781399686,-2.0773410035154996,-1.2206913222141793,-1.5500362581580873,-2.7707275803722666,-1.8333333333333428,-1.7142857142857224,-3.547619047619065,-7.85,-17.0,-9.26,25.810952380952386,33.40619047619049,41.310952380952386,48.90619047619049,7.595238095238102,5.007820389900957,5.849649504471839,False,False
2015-09-18,146.01,137.47,144.82,151.31,108.23809523809524,113.95238095238095,148.8814317673378,147.0661107082427,142.54761904761904,8.539999999999992,13.490000000000009,7.349999999999994,8.969999999999999,1.1899999999999977,9.59611070824269,5.077619047619038,-2.2461107082426963,3.462380952380954,-5.230000000000018,-2.0600000000000023,-7.2900000000000205,-0.28000000000000114,-1.0699999999999932,-1.3499999999999943,-1.9000000000000057,-9.560000000000002,-11.460000000000008,-2.180000000000007,-2.0600000000000023,-4.240000000000009,-0.8809523809523796,-1.1666666666666714,-2.047619047619051,-2.095238095238102,-1.952380952380949,-4.047619047619051,-1.1984659635666333,-0.7510386705017424,-1.9495046340683757,-1.3113367174280768,-1.8763596809282035,-3.1876963983562803,-1.7857142857142776,-1.7142857142857508,-3.5000000000000284,-8.21,-16.75,-9.42,23.51761904761905,29.231904761904758,37.35761904761905,43.07190476190476,5.714285714285708,2.428568232662201,5.281605027797921,False,False
2015-09-25,149.62,138.51,147.52,151.96,108.3809523809524,115.47619047619048,148.89741131351866,146.77302393038434,142.8095238095238,11.110000000000014,13.26000000000002,9.01000000000002,10.730000000000018,2.0999999999999943,8.26302393038435,4.299523809523805,0.7469760696156698,6.810476190476209,-1.8100000000000023,-2.039999999999992,-3.8499999999999943,0.3400000000000034,-0.8500000000000227,-0.5100000000000193,-1.3799999999999955,-6.199999999999989,-7.579999999999984,-2.299999999999983,-2.0400000000000205,-4.340000000000003,-1.1904761904761898,-1.452380952380949,-2.642857142857139,-1.7380952380952266,-1.8095238095238244,-3.547619047619051,-1.0866091403004248,-0.7670182166826294,-1.8536273569830541,-1.211626782692747,-1.8552090887116606,-3.0668358714044075,-1.3333333333333428,-1.4761904761904816,-2.8095238095238244,-4.79,-15.9,-6.89,23.03380952380951,30.129047619047597,36.483809523809526,43.579047619047614,7.095238095238088,3.062588686481348,5.015711868503747,False,False
2015-10-02,148.65,136.97,146.69,150.54,107.16666666666666,114.16666666666667,147.23553851070628,145.29248247522358,141.5,11.680000000000007,14.02000000000001,9.719999999999999,11.730000000000018,1.960000000000008,8.32248247522358,4.530000000000001,1.3975175247764184,7.150000000000006,-2.039999999999992,-1.6500000000000057,-3.6899999999999977,0.30000000000001137,-2.240000000000009,-1.9399999999999977,-1.710000000000008,-8.259999999999991,-9.969999999999999,-2.430000000000007,-2.0900000000000034,-4.52000000000001,-1.0714285714285836,-1.404761904761898,-2.4761904761904816,-1.5952380952380878,-1.5952380952380878,-3.1904761904761756,-1.0386705017577356,-0.8149568552253186,-1.8536273569830541,-1.5893159294174666,-1.8975102731447748,-3.4868262025622414,-1.1428571428571388,-1.3809523809523796,-2.5238095238095184,-4.97,-16.65,-6.93,22.803333333333327,29.80333333333334,36.37333333333332,43.373333333333335,7.000000000000014,3.3044614892937147,4.695431472081218,True,False
2015-10-09,156.41,143.52,153.18,158.64,115.07142857142857,122.95238095238095,153.8510706295941,152.27217790669567,149.16666666666666,12.889999999999986,15.799999999999983,9.659999999999997,12.399999999999977,3.2299999999999898,8.752177906695664,5.646666666666647,0.9078220933043326,7.243333333333339,-2.469999999999999,-1.539999999999992,-4.009999999999991,0.4399999999999977,-3.9799999999999898,-3.539999999999992,-2.299999999999983,-8.930000000000007,-11.22999999999999,-2.6100000000000136,-2.3799999999999955,-4.990000000000009,-1.2619047619047592,-1.6666666666666714,-2.9285714285714306,-1.047619047619051,-1.4285714285714306,-2.4761904761904816,-1.4541387024608525,-1.278363694471068,-2.7325023969319204,-2.1815325114817483,-2.380952380952351,-4.5624848924340995,-1.5714285714285836,-1.6428571428571388,-3.2142857142857224,-5.1,-18.0,-8.34,20.56761904761906,28.44857142857144,35.68761904761904,43.56857142857142,7.88095238095238,4.788929370405896,4.767947788252356,False,False
2015-10-16,147.01,135.22,144.07,148.79,111.45238095238096,117.8095238095238,146.83604985618405,145.81520425429053,141.69047619047618,11.789999999999992,15.930000000000007,8.849999999999994,11.610000000000014,2.9399999999999977,10.595204254290536,6.470476190476177,-1.7452042542905417,5.319523809523815,-3.680000000000007,-2.1599999999999966,-5.840000000000003,0.46000000000000796,-4.150000000000006,-3.6899999999999977,-2.3000000000000114,-10.47999999999999,-12.780000000000001,-3.3000000000000114,-3.219999999999999,-6.52000000000001,-1.166666666666643,-1.8333333333333428,-2.999999999999986,-1.4523809523809774,-1.6428571428571388,-3.095238095238116,-1.3103227868328702,-1.9495046340683757,-3.259827420901246,-1.8552090887116321,-2.879502054628972,-4.734711143340604,-1.5714285714285836,-1.7619047619047592,-3.333333333333343,-5.52,-17.3,-8.45,17.410476190476203,23.767619047619036,30.980476190476196,37.33761904761903,6.357142857142833,1.9539501438159448,6.239424703891708,False,False
2015-10-23,145.54,133.7,141.64,145.34,107.9047619047619,114.88095238095238,142.01022690955574,142.59729272419628,138.88095238095238,11.840000000000003,12.840000000000003,7.939999999999998,11.340000000000003,3.9000000000000057,8.89729272419629,5.180952380952391,-0.957292724196293,6.659047619047612,0.789999999999992,-3.259999999999991,-2.469999999999999,1.789999999999992,-3.5600000000000023,-1.7700000000000102,-1.6100000000000136,-8.759999999999991,-10.370000000000005,-2.5900000000000034,-2.780000000000001,-5.3700000000000045,-1.6666666666666856,-1.7380952380952266,-3.404761904761912,-1.6666666666666714,-1.761904761904745,-3.4285714285714164,-1.8536273569830541,-1.997443272611065,-3.851070629594119,-1.6165095479816216,-2.7314479091128874,-4.347957457094509,-1.2857142857142776,-1.690476190476204,-2.9761904761904816,-2.71,-14.55,-6.61,18.81904761904761,25.79523809523809,30.459047619047624,37.435238095238105,6.976190476190482,3.329773090444263,7.148900169204738,False,False
2015-10-30,145.83,135.95,142.99,146.17,107.5,115.11904761904762,142.6334292106104,142.40089436789944,139.5,9.880000000000024,10.480000000000018,7.0400000000000205,10.920000000000016,2.8400000000000034,6.450894367899451,3.5500000000000114,0.5891056321005692,6.3300000000000125,1.6800000000000068,-3.9000000000000057,-2.219999999999999,2.280000000000001,-3.0,-0.7199999999999989,-1.5999999999999943,-7.469999999999999,-9.069999999999993,-2.1100000000000136,-2.6899999999999977,-4.800000000000011,-2.1190476190476204,-1.8571428571428612,-3.9761904761904816,-1.8095238095238102,-1.8571428571428612,-3.6666666666666714,-1.8376478108021672,-2.0294023649728388,-3.867050175775006,-1.812907904278461,-2.53807106598984,-4.350978970268301,-1.1428571428571388,-1.5714285714285552,-2.714285714285694,-2.57,-12.45,-5.41,20.83095238095237,28.44999999999999,31.050952380952367,38.66999999999999,7.61904761904762,3.5365707893896,6.985738457819676,False,False
2015-11-06,146.75,136.41,147.4,151.06,109.45238095238095,115.85714285714285,145.47778843080854,146.75791636451535,143.16666666666669,10.340000000000003,8.340000000000003,10.990000000000009,14.840000000000003,-0.6500000000000057,10.347916364515356,6.756666666666689,0.6420836354846529,3.5833333333333144,-0.7599999999999909,-3.7900000000000205,-4.550000000000011,-2.759999999999991,-2.990000000000009,-5.75,-6.609999999999985,-1.8500000000000227,-8.460000000000008,-2.3400000000000034,-1.7800000000000011,-4.1200000000000045,-2.333333333333343,-1.9761904761904674,-4.30952380952381,-1.8809523809523938,-1.904761904761898,-3.785714285714292,-1.278363694471068,-1.7417705337168456,-3.0201342281879135,-2.1211022480057977,-1.5802513898960626,-3.7013536379018603,-1.119047619047592,-1.404761904761898,-2.52380952380949,-7.02,-17.35,-6.37,20.55285714285715,26.957619047619048,35.202857142857155,41.60761904761905,6.404761904761898,5.582211569191458,6.529489968576263,False,False
2015-11-13,139.06,130.51,140.82,143.99,101.66666666666667,108.6190476190476,140.74784276126556,140.96265409717185,137.33333333333334,8.550000000000011,6.900000000000006,10.310000000000002,13.400000000000006,-1.759999999999991,10.452654097171859,6.823333333333352,-0.14265409717185662,1.7266666666666595,-0.9000000000000057,-3.9899999999999807,-4.889999999999986,-2.5500000000000114,-1.7800000000000011,-4.3300000000000125,-5.640000000000015,-2.030000000000001,-7.670000000000016,-2.109999999999985,-1.9300000000000068,-4.039999999999992,-3.0,-2.261904761904745,-5.261904761904745,-2.000000000000014,-1.952380952380949,-3.952380952380963,-0.319590923617767,-1.4701182486417395,-1.7897091722595064,-1.7283055354121473,-1.67089678510996,-3.3992023205221074,-1.0238095238095184,-1.1428571428571388,-2.166666666666657,-7.0,-15.55,-5.24,21.890952380952385,28.84333333333332,35.3709523809524,42.32333333333334,6.952380952380935,3.2421572387344497,7.2335025380710665,False,False
2015-11-20,135.08,125.11,136.52,137.53,97.19047619047619,105.28571428571428,135.0271652285075,136.28837321730722,131.78571428571428,9.970000000000013,6.659999999999997,11.41000000000001,11.659999999999997,-1.4399999999999977,11.178373217307225,6.675714285714278,0.23162678269278558,3.294285714285735,-0.589999999999975,-2.890000000000015,-3.4799999999999898,-3.8999999999999915,-1.8400000000000034,-5.739999999999995,-4.149999999999977,-2.430000000000007,-6.579999999999984,-2.280000000000001,-2.1399999999999864,-4.4199999999999875,-2.8333333333333286,-2.69047619047619,-5.523809523809518,-2.000000000000014,-1.6904761904761898,-3.690476190476204,-1.262384148290181,-1.3582614253755025,-2.6206455736656835,-1.556079284505671,-1.483562968334553,-3.039642252840224,-1.095238095238102,-1.2142857142857224,-2.3095238095238244,-4.94,-14.9,-3.49,19.824285714285722,27.91952380952381,32.24428571428572,40.33952380952381,8.095238095238088,2.502834771492502,7.164007735073725,False,False
2015-11-27,138.87,127.11,137.94,138.23,100.80952380952381,108.30952380952381,136.44934483860655,136.9168479574571,134.5,11.760000000000005,6.619999999999976,10.829999999999998,11.019999999999982,0.9300000000000068,9.806847957457094,7.390000000000001,1.023152042542904,4.3700000000000045,1.6400000000000148,-2.670000000000016,-1.0300000000000011,-3.500000000000014,-2.2799999999999727,-5.779999999999987,-3.6899999999999977,-2.8300000000000125,-6.52000000000001,-2.5600000000000023,-2.25,-4.810000000000002,-3.309523809523796,-2.6190476190476204,-5.928571428571416,-1.6904761904761898,-1.4761904761904816,-3.1666666666666714,-1.4860977948226548,-1.6938318951741564,-3.1799296899968112,-1.646724679719597,-2.0455644186608595,-3.6922890983804564,-0.7380952380952408,-1.404761904761898,-2.142857142857139,-1.98,-13.75,-2.94,18.80047619047619,26.30047619047619,29.92047619047618,37.42047619047618,7.5,1.7806551613934403,7.142857142857143,False,False
2015-12-04,134.37,124.52,135.75,134.24,97.38095238095238,104.0,128.2358581016299,131.27870437515108,126.92857142857143,9.850000000000009,7.390000000000001,11.230000000000004,10.750000000000014,-1.3799999999999955,6.758704375151083,2.4085714285714346,4.471295624848921,7.441428571428574,-0.2599999999999909,-1.4699999999999989,-1.7299999999999898,-2.719999999999999,-1.470000000000013,-4.190000000000012,-2.240000000000009,-2.1499999999999773,-4.389999999999986,-2.579999999999984,-2.1299999999999955,-4.7099999999999795,-3.2619047619047734,-2.523809523809504,-5.785714285714278,-1.4285714285714306,-1.3333333333333428,-2.7619047619047734,-2.157238734419934,-2.173218280600821,-4.330457015020755,-2.015349286922884,-2.1211022480057977,-4.136451534928682,-1.3095238095238102,-1.5238095238095184,-2.8333333333333286,-3.06,-12.9,-1.67,20.519999999999996,27.139047619047616,30.24000000000001,36.85904761904763,6.61904761904762,6.004141898370108,7.729030698573845,True,False
2015-12-11,122.1,114.19,124.09,122.97,87.95238095238095,94.64285714285714,115.78779162671778,120.61578438481992,116.54761904761905,7.909999999999997,7.199999999999989,9.900000000000006,10.399999999999991,-1.990000000000009,6.42578438481992,2.3576190476190533,3.4742156151800856,5.552380952380943,-1.2800000000000011,-1.8599999999999994,-3.1400000000000006,-1.990000000000009,-0.8599999999999994,-2.8500000000000085,-2.489999999999995,-2.6400000000000006,-5.1299999999999955,-2.8700000000000045,-2.509999999999991,-5.3799999999999955,-3.80952380952381,-3.0238095238095326,-6.833333333333343,-0.8571428571428612,-1.5476190476190368,-2.404761904761898,-2.540747842761263,-2.7325023969319346,-5.273250239693198,-2.2057046168721257,-2.4383611312545383,-4.644065748126664,-1.6428571428571388,-1.7619047619047734,-3.404761904761912,-3.5,-11.4,-1.5,19.54714285714286,26.23761904761905,28.32714285714286,35.01761904761905,6.69047619047619,7.182208373282222,7.922407541696881,False,False
2015-12-18,112.16,103.59,113.83,111.98,85.16666666666667,89.28571428571429,108.27740492170021,113.34602368866328,109.71428571428571,8.569999999999993,7.329999999999998,10.239999999999995,10.790000000000006,-1.6700000000000017,9.756023688663277,6.124285714285705,0.48397631133671837,2.4457142857142884,-1.5499999999999972,-3.0900000000000034,-4.640000000000001,-2.789999999999992,-2.1400000000000006,-4.929999999999993,-3.3400000000000034,-3.260000000000005,-6.6000000000000085,-3.6299999999999955,-3.3900000000000006,-7.019999999999996,-3.0238095238095184,-2.714285714285708,-5.738095238095227,-0.8333333333333286,-1.7142857142857082,-2.547619047619037,-3.16395014381591,-2.9881751358261397,-6.15212527964205,-2.060671984529847,-2.6831036983321184,-4.7437756828619655,-1.5714285714285836,-1.8333333333333286,-3.404761904761912,-3.16,-11.75,-1.49,14.304285714285712,18.423333333333332,22.694285714285712,26.813333333333333,4.11904761904762,3.702595078299794,9.641648537587624,False,False
2015-12-25,113.12,103.22,111.97,110.2,87.19047619047619,87.92857142857143,107.02460850111855,112.63596809282087,108.3809523809524,9.900000000000006,6.25,8.75,9.75,1.1500000000000057,9.415968092820876,5.160952380952395,-0.6659680928208758,4.739047619047611,1.9100000000000108,-2.9200000000000017,-1.009999999999991,-1.7399999999999949,-1.6700000000000017,-3.4099999999999966,-2.739999999999995,-2.950000000000003,-5.689999999999998,-3.1099999999999994,-2.789999999999992,-5.8999999999999915,-2.333333333333343,-2.0238095238095184,-4.357142857142861,-1.1666666666666714,-2.0238095238095184,-3.19047619047619,-2.55672738894215,-2.59507829977629,-5.15180568871844,-1.6557892192410009,-2.335629683345431,-3.9914189025864317,-1.4999999999999858,-1.7380952380952408,-3.2380952380952266,-0.35,-10.25,-1.5,15.291428571428568,16.02952380952381,22.271428571428572,23.009523809523813,0.7380952380952408,3.175391498881453,9.112883732173072,False,False
2016-01-01,112.26,103.36,112.26,109.99,88.28571428571428,88.19047619047619,106.6442953020134,108.7351945854484,106.30952380952381,8.900000000000006,7.789999999999992,8.900000000000006,9.89,0.0,5.375194585448398,2.9495238095238108,3.524805414551608,5.950476190476195,-0.11999999999999034,-0.6500000000000057,-0.769999999999996,-1.230000000000004,-1.75,-2.980000000000004,-2.219999999999999,-2.6400000000000006,-4.859999999999999,-2.8700000000000045,-2.519999999999996,-5.390000000000001,-2.4761904761904816,-2.095238095238102,-4.571428571428584,-1.0238095238095184,-2.0238095238095326,-3.047619047619051,-2.4352828379674065,-2.51837647810801,-4.9536593160754165,-3.4354604786076806,-2.241962774957699,-5.6774232535653795,-1.7142857142857082,-1.952380952380949,-3.666666666666657,-1.5,-10.4,-1.5,15.16952380952381,15.074285714285722,21.799523809523805,21.704285714285717,-0.0952380952380878,3.3457046979865908,8.496495044718396,True,False
2016-01-08,111.29,100.73,109.76,109.0,82.45238095238096,83.40476190476191,101.29434324065194,106.60804931109499,102.71428571428571,10.560000000000002,9.370000000000005,9.030000000000001,9.670000000000002,1.5300000000000011,5.878049311094983,1.9842857142857042,3.1519506889050177,8.575714285714298,0.4000000000000057,1.3499999999999943,1.75,-0.789999999999992,-2.0600000000000023,-2.8499999999999943,-1.4299999999999926,-2.1400000000000006,-3.569999999999993,-1.9899999999999949,-1.480000000000004,-3.469999999999999,-2.857142857142847,-2.595238095238102,-5.452380952380949,-0.952380952380949,-2.1666666666666714,-3.1190476190476204,-2.7644614892937227,-2.6526046660274574,-5.41706615532118,-2.438361131254524,-2.2208121827411276,-4.659173313995652,-2.0,-2.1190476190476204,-4.11904761904762,0.07,-10.5,-1.46,17.32523809523809,18.27761904761904,25.595238095238088,26.547619047619037,0.952380952380949,7.705656759348059,6.843727338651196,False,False
2016-01-15,100.29,90.18,98.06,97.79,72.83333333333333,72.71428571428571,91.27516778523488,95.20485859318346,90.71428571428572,10.11,8.790000000000006,7.8799999999999955,8.27000000000001,2.230000000000004,5.024858593183453,0.5342857142857156,2.855141406816543,9.575714285714284,0.12000000000000455,0.18000000000000682,0.30000000000001137,-1.1999999999999886,-1.1099999999999994,-2.309999999999988,-1.5900000000000034,-2.1499999999999915,-3.739999999999995,-1.75,-1.6099999999999994,-3.3599999999999994,-2.3809523809523796,-2.5,-4.88095238095238,-0.4761904761904816,-2.0238095238095184,-2.5,-2.3330137424097046,-2.333013742409719,-4.666027484819423,-2.2661348803480763,-2.0153492869228984,-4.281484167270975,-1.5714285714285552,-1.6904761904761898,-3.261904761904745,0.76,-9.35,-1.47,17.4657142857143,17.34666666666668,25.075714285714298,24.956666666666678,-0.1190476190476204,6.514832214765121,6.541576021271452,False,False
2016-01-22,94.76,83.79,91.98,91.69,69.47619047619048,69.80952380952381,85.1709811441355,88.07710901619531,84.26190476190476,10.969999999999999,9.939999999999998,8.189999999999998,9.129999999999995,2.780000000000001,4.287109016195302,0.47190476190475295,3.9028909838046957,10.498095238095246,0.5400000000000063,-0.030000000000001137,0.5100000000000051,-0.4899999999999949,-1.8100000000000023,-2.299999999999997,-1.4299999999999926,-2.1000000000000085,-3.530000000000001,-1.2800000000000011,-1.4300000000000068,-2.710000000000008,-3.30952380952381,-2.7857142857142776,-6.095238095238088,-1.5952380952380878,-1.6904761904761898,-3.2857142857142776,-2.3649728347714785,-2.1412591882390757,-4.506232023010554,-2.235919748610101,-1.9216823785351664,-4.1576021271452674,-1.2142857142857082,-1.4047619047619122,-2.6190476190476204,1.27,-9.7,-1.51,13.980476190476196,14.313809523809525,21.880476190476188,22.213809523809516,0.3333333333333286,6.519018855864502,5.447788252356781,False,False
2016-01-29,102.23,93.88,100.4,100.28,76.64285714285714,78.11904761904762,93.56024288910193,97.20510031423736,93.26190476190476,8.350000000000009,8.679999999999993,6.52000000000001,7.8700000000000045,1.8299999999999983,3.3251003142373605,-0.6180952380952363,3.1948996857626497,8.968095238095245,-0.47999999999998977,-0.6500000000000057,-1.1299999999999955,-0.15000000000000568,-1.1099999999999994,-1.2600000000000051,-1.5,-2.1599999999999966,-3.6599999999999966,-1.5600000000000023,-1.4699999999999989,-3.030000000000001,-3.5714285714285694,-3.2142857142857224,-6.785714285714292,-2.166666666666657,-1.8809523809523796,-4.047619047619037,-2.333013742409719,-2.237136465324383,-4.570150207734102,-2.0183708000966902,-1.7585206671501084,-3.7768914672467986,-1.0000000000000142,-1.3333333333333144,-2.3333333333333286,0.3,-8.05,-1.53,15.760952380952375,17.237142857142857,22.16095238095238,23.637142857142862,1.4761904761904816,6.7197571108980725,7.2335025380710665,False,False
2016-02-05,105.33,99.87,105.43,105.31,74.47619047619048,81.19047619047619,96.61233620965163,103.55632100555958,99.07142857142857,5.459999999999994,7.329999999999998,5.560000000000002,7.709999999999994,-0.10000000000000853,3.686321005559577,-0.7985714285714351,1.873678994440425,6.258571428571429,-1.2600000000000051,-0.7199999999999989,-1.980000000000004,0.6099999999999994,-1.269999999999996,-0.6599999999999966,-1.539999999999992,-1.8799999999999955,-3.4199999999999875,-1.230000000000004,-1.5699999999999932,-2.799999999999997,-4.071428571428569,-3.8333333333333286,-7.904761904761898,-1.7380952380952408,-1.9285714285714306,-3.6666666666666714,-2.540747842761263,-2.1572387344199484,-4.6979865771812115,-1.5047135605511102,-1.7917573120618897,-3.296470872613,-0.7380952380952408,-1.404761904761898,-2.142857142857139,-1.59,-7.05,-1.48,18.679523809523815,25.393809523809523,24.119523809523812,30.83380952380952,6.714285714285708,8.697663790348372,8.390742083635484,False,False
2016-02-12,102.88,94.33,101.08,100.89,67.02380952380952,74.97619047619047,93.04889741131349,98.50435097897027,94.30952380952381,8.549999999999997,8.189999999999998,6.75,7.950000000000003,1.7999999999999972,4.174350978970267,-0.020476190476188094,2.575649021029733,8.570476190476185,0.060000000000002274,0.13999999999998636,0.19999999999998863,-0.29999999999999716,-1.25,-1.5499999999999972,-1.5,-1.8100000000000023,-3.3100000000000023,-1.0300000000000011,-1.4899999999999949,-2.519999999999996,-5.261904761904759,-4.357142857142861,-9.61904761904762,-1.6190476190476346,-1.9285714285714164,-3.547619047619051,-2.620645573665726,-1.917545541706616,-4.538191115372342,-1.5379502054629057,-1.7192409958907433,-3.257191201353649,-0.9761904761904816,-1.4285714285714164,-2.404761904761898,0.3,-8.25,-1.5,19.35380952380953,27.30619047619048,25.913809523809533,33.86619047619048,7.952380952380949,7.84110258868651,7.538675368624607,False,False
2016-02-19,105.42,97.67,105.92,105.49,71.5,79.69047619047619,100.22371364653243,103.35992264926274,99.92857142857143,7.75,7.570000000000007,8.25,8.5,-0.5,5.689922649262741,2.258571428571429,2.5600773507372594,5.491428571428571,-1.2199999999999989,0.20000000000000284,-1.019999999999996,-1.3999999999999915,-1.5,-2.8999999999999915,-1.6499999999999915,-1.8600000000000136,-3.510000000000005,-1.3900000000000006,-1.740000000000009,-3.1300000000000097,-5.071428571428569,-3.952380952380949,-9.023809523809518,-1.5,-1.7380952380952408,-3.238095238095241,-1.8056887184403791,-1.8056887184403934,-3.6113774368807725,-1.6346386270244153,-1.6285956006768174,-3.2632342277012327,-0.6904761904761898,-1.1904761904761898,-1.8809523809523796,-2.0,-9.75,-1.5,17.979523809523812,26.17,25.799523809523805,33.989999999999995,8.19047619047619,5.266286353467564,7.284868262025622,False,False
2016-02-26,105.78,96.23,105.03,105.16,76.83333333333334,82.26190476190476,99.32885906040266,102.54411409233744,100.38095238095237,9.549999999999997,8.5,8.799999999999997,8.960000000000008,0.75,6.314114092337434,4.150952380952361,2.4858859076625635,5.399047619047636,-0.7399999999999949,0.7399999999999949,0.0,-1.789999999999992,-1.8400000000000034,-3.6299999999999955,-1.9500000000000028,-2.1299999999999955,-4.079999999999998,-1.5700000000000074,-1.9899999999999949,-3.5600000000000023,-4.333333333333329,-3.261904761904759,-7.595238095238088,-1.2857142857142918,-1.6190476190476204,-2.904761904761912,-1.917545541706616,-1.9814637264301638,-3.89900926813678,-1.734348561759731,-1.731327048585939,-3.46567561034567,-0.595238095238102,-1.285714285714306,-1.880952380952408,-0.76,-10.3,-1.5,13.968095238095245,19.39666666666666,22.898095238095237,28.326666666666654,5.428571428571416,5.831140939597333,7.25163161711385,False,False
2016-03-04,111.39,103.19,111.94,111.27,82.52380952380952,88.33333333333334,105.22531160115051,109.20655064056079,105.83333333333334,8.200000000000003,8.399999999999991,8.75,8.649999999999991,-0.5499999999999972,6.016550640560794,2.643333333333345,2.7334493594392058,5.556666666666658,-2.1899999999999977,0.35999999999999943,-1.8299999999999983,-1.990000000000009,-2.1099999999999994,-4.1000000000000085,-1.8900000000000006,-2.0799999999999983,-3.969999999999999,-1.7000000000000028,-1.8599999999999994,-3.5600000000000023,-4.190476190476204,-2.8333333333333286,-7.023809523809533,-1.4999999999999858,-1.3809523809523938,-2.8809523809523796,-1.6458932566315099,-1.6458932566315099,-3.2917865132630197,-1.5077350737249304,-1.8008218515832652,-3.3085569253081957,-0.5476190476190368,-1.309523809523796,-1.8571428571428328,-2.05,-10.25,-1.5,14.856666666666655,20.66619047619048,22.936666666666653,28.746190476190478,5.809523809523824,6.0446883988494875,7.502417210539037,True,False
2016-03-11,120.56,111.91,121.36,121.79,90.02380952380953,96.19047619047619,115.51613934164267,118.08677785835145,114.83333333333333,8.650000000000006,8.049999999999997,9.450000000000003,9.049999999999997,-0.7999999999999972,6.176777858351457,2.923333333333332,3.273222141648546,5.726666666666674,-1.2099999999999937,-1.1200000000000045,-2.3299999999999983,-1.8100000000000023,-2.1700000000000017,-3.980000000000004,-1.4099999999999966,-1.7900000000000063,-3.200000000000003,-1.1299999999999955,-1.4200000000000017,-2.549999999999997,-4.166666666666657,-2.4761904761904816,-6.642857142857139,-1.5,-1.2619047619047734,-2.7619047619047734,-1.0866091403004248,-1.262384148290181,-2.3489932885906057,-1.686004350978962,-1.9790911288373252,-3.665095479816287,-0.547619047619051,-1.2857142857142918,-1.8333333333333428,-2.3,-10.95,-1.5,15.719523809523807,21.886190476190464,25.599523809523816,31.766190476190474,6.166666666666657,6.273860658357336,6.9766739182982835,False,False
2016-03-18,122.2,112.55,121.8,121.98,91.23809523809524,95.8809523809524,116.41099392777242,118.8481991781484,115.76190476190476,9.650000000000006,8.280000000000001,9.25,8.799999999999997,0.4000000000000057,6.298199178148408,3.211904761904762,2.9518008218515916,6.438095238095244,-0.20000000000000284,-0.7999999999999972,-1.0,-1.5700000000000074,-2.1199999999999903,-3.6899999999999977,-1.1200000000000045,-1.5900000000000034,-2.710000000000008,-0.9599999999999937,-1.1200000000000045,-2.0799999999999983,-3.857142857142847,-2.095238095238102,-5.952380952380949,-1.5238095238095042,-1.047619047619051,-2.571428571428555,-1.0866091403004106,-1.3902205177373048,-2.4768296580377154,-1.4926275078559286,-1.740391588107343,-3.2330190959632716,-0.1190476190476204,-0.904761904761898,-1.0238095238095184,-1.1,-10.75,-1.5,16.669047619047603,21.311904761904756,26.09904761904761,30.741904761904763,4.642857142857153,5.56900607222758,7.834783659656756,False,False
2016-03-25,121.89,112.48,121.43,122.29,95.59523809523809,97.76190476190477,117.28986896772129,118.83611312545322,116.19047619047618,9.409999999999997,8.75,8.950000000000003,8.600000000000009,0.45999999999999375,6.35611312545322,3.7104761904761716,2.593886874546783,5.699523809523825,-1.1299999999999955,-1.9200000000000017,-3.049999999999997,-1.789999999999992,-2.2700000000000102,-4.060000000000002,-1.4399999999999977,-1.8900000000000006,-3.3299999999999983,-1.1499999999999915,-1.4200000000000017,-2.569999999999993,-2.904761904761912,-1.857142857142847,-4.761904761904759,-1.5714285714285552,-0.952380952380949,-2.523809523809504,-1.1792905081495775,-1.5180568871844002,-2.6973473953339777,-1.480541455160747,-1.7464346144549268,-3.2269760696156737,-0.142857142857153,-1.0,-1.142857142857153,-1.04,-10.45,-1.5,14.71809523809523,16.884761904761916,24.528095238095233,26.69476190476192,2.1666666666666856,5.000131032278716,7.976794778825235,False,False
2016-04-01,118.7,107.75,116.4,116.24,91.0,93.78571428571429,110.9300095877277,114.8537587623882,112.09523809523809,10.950000000000003,9.850000000000009,8.650000000000006,8.350000000000009,2.299999999999997,7.103758762388196,4.345238095238088,1.5462412376118095,6.604761904761915,-0.980000000000004,-0.9699999999999989,-1.9500000000000028,-2.0799999999999983,-2.1700000000000017,-4.25,-1.7800000000000011,-2.039999999999992,-3.819999999999993,-1.0900000000000034,-1.7600000000000051,-2.8500000000000085,-3.1190476190476204,-2.095238095238088,-5.214285714285708,-1.5476190476190368,-1.047619047619051,-2.595238095238088,-1.230425055928393,-1.6299137104506372,-2.86033876637903,-1.4019821126420169,-1.7162194827169373,-3.118201595358954,0.14285714285712459,-1.0952380952380736,-0.952380952380949,0.8,-10.15,-1.5,13.964285714285708,16.75,22.454285714285703,25.239999999999995,2.785714285714292,5.309990412272299,8.958786560309402,True,False
2016-04-08,115.7,104.8,112.95,112.6,88.71428571428571,93.69047619047619,105.49696388622561,111.40319071791153,107.83333333333333,10.900000000000006,9.120000000000005,8.150000000000006,8.200000000000003,2.75,6.603190717911531,3.0333333333333314,1.546809282088475,7.866666666666674,-0.04999999999999716,-1.0600000000000023,-1.1099999999999994,-1.8299999999999983,-2.480000000000004,-4.310000000000002,-1.8799999999999955,-1.980000000000004,-3.8599999999999994,-1.5300000000000011,-1.8900000000000006,-3.4200000000000017,-3.000000000000014,-2.119047619047606,-5.11904761904762,-0.3571428571428612,-0.8095238095238102,-1.1666666666666714,-1.3103227868328418,-1.8696069031639553,-3.179929689996797,-1.6406816533720132,-1.888445733623385,-3.5291273869953983,-0.7380952380952408,-1.5,-2.238095238095241,1.25,-9.65,-1.5,11.109523809523807,16.08571428571429,18.909523809523805,23.885714285714286,4.976190476190482,7.10303611377438,9.124969784868261,False,False
2016-04-15,126.41,115.38,124.23,124.85,98.16666666666666,104.1190476190476,117.49760306807283,121.39533478365965,118.0,11.030000000000001,9.0,8.850000000000009,8.700000000000003,2.1799999999999926,6.015334783659654,2.6200000000000045,2.8346652163403547,8.409999999999997,0.4399999999999977,-1.3700000000000045,-0.9300000000000068,-1.5900000000000034,-2.1700000000000017,-3.760000000000005,-1.4399999999999977,-1.6700000000000017,-3.1099999999999994,-1.0,-1.440000000000012,-2.440000000000012,-3.095238095238102,-2.0,-5.095238095238102,-0.04761904761906521,-0.7619047619047592,-0.8095238095238244,-1.917545541706616,-1.5180568871844002,-3.4356024288910163,-1.3717669809040416,-1.5500362581580873,-2.921803239062129,-1.047619047619051,-1.3333333333333286,-2.3809523809523796,0.68,-10.35,-1.5,11.26095238095239,17.21333333333334,20.730952380952388,26.683333333333337,5.952380952380949,7.35239693192716,8.73821609862219,False,False
2016-04-22,129.29,118.49,128.39,128.8,100.19047619047619,105.9047619047619,123.01054650047935,124.83683828861494,121.57142857142857,10.799999999999997,11.299999999999997,9.899999999999991,9.700000000000003,0.9000000000000057,6.346838288614947,3.0814285714285745,3.5531617113850444,7.718571428571423,-1.8400000000000034,0.9499999999999886,-0.8900000000000148,-1.3400000000000034,-1.9500000000000028,-3.2900000000000063,-1.1400000000000148,-1.3499999999999943,-2.490000000000009,-0.75,-1.1699999999999875,-1.9199999999999875,-2.833333333333343,-1.6666666666666572,-4.5,0.3333333333333144,-0.8809523809523654,-0.547619047619051,-0.6551613934164351,-0.9747523170342021,-1.6299137104506372,-1.1451534928692126,-1.3687454677302497,-2.5138989605994624,-0.904761904761898,-1.1904761904761898,-2.095238095238088,-0.6,-11.4,-1.5,12.585238095238097,18.299523809523805,22.895238095238113,28.60952380952382,5.714285714285708,5.789453499520661,7.822697606961566,False,False
2016-04-29,137.11,124.93,135.39,135.7,106.64285714285714,111.26190476190476,129.1626717801214,130.22117476432197,127.64285714285714,12.180000000000007,14.649999999999991,10.45999999999998,10.049999999999997,1.7200000000000273,5.2911747643219655,2.712857142857132,5.168825235678014,9.467142857142875,-3.8999999999999773,4.469999999999999,0.5700000000000216,-1.4299999999999926,-1.8299999999999983,-3.259999999999991,-1.0200000000000102,-1.3799999999999955,-2.4000000000000057,-0.6000000000000227,-0.9699999999999989,-1.5700000000000216,-2.047619047619051,-1.1904761904761898,-3.238095238095241,0.8095238095238102,-0.8809523809523796,-0.0714285714285694,-0.46340683924580617,-0.9108341323106117,-1.374240971556418,-1.4019821126420027,-1.5591007976794629,-2.9610829103214655,-0.690476190476204,-1.0476190476190368,-1.7380952380952408,0.22,-11.96,-1.5,13.668095238095248,18.287142857142868,24.43809523809523,29.05714285714285,4.61904761904762,6.537328219878589,7.176093787768915,False,False
2016-05-06,131.72,122.87,133.47,133.66,105.33333333333334,107.52380952380952,127.6605944391179,128.7406333091612,125.26190476190476,8.849999999999994,7.450000000000003,10.599999999999994,10.000000000000014,-1.75,5.870633309161207,2.3919047619047547,4.729366690838788,6.45809523809524,-0.46999999999999886,-1.5500000000000114,-2.0200000000000102,-1.8699999999999903,-2.200000000000003,-4.069999999999993,-1.2700000000000102,-1.6999999999999886,-2.969999999999999,-0.9799999999999898,-1.25,-2.2299999999999898,-1.5952380952380736,-1.0238095238095468,-2.6190476190476204,-1.047619047619051,-1.047619047619051,-2.095238095238102,-0.47938638542665046,-1.0226909555768486,-1.502077341003499,-1.5832729030698545,-1.61650954798165,-3.1997824510515045,-1.3333333333333428,-1.4523809523809348,-2.7857142857142776,-3.25,-12.1,-1.5,15.346190476190486,17.53666666666666,26.136190476190478,28.326666666666654,2.1904761904761756,5.999405560882096,7.333212472806381,False,False
2016-05-13,134.15,125.09,135.65,136.35,108.21428571428572,110.78571428571429,129.0348354106743,130.51426154218032,127.07142857142857,9.060000000000002,7.3300000000000125,10.560000000000002,10.009999999999991,-1.5,5.424261542180318,1.981428571428566,5.135738457819684,7.078571428571436,-0.18000000000000682,-2.2299999999999898,-2.4099999999999966,-1.9099999999999966,-2.280000000000001,-4.189999999999998,-1.3599999999999852,-1.7800000000000011,-3.1399999999999864,-1.0500000000000114,-1.4000000000000057,-2.450000000000017,-1.6666666666666572,-1.0952380952380878,-2.761904761904745,-1.0238095238095184,-1.0238095238095184,-2.047619047619037,-0.319590923617767,-1.0866091403004248,-1.4062000639181917,-1.5923374425912584,-1.7494561276286902,-3.3417935702199486,-1.2380952380952266,-1.3809523809523796,-2.619047619047606,-3.0,-12.05,-1.5,14.304285714285712,16.87571428571428,25.564285714285703,28.135714285714272,2.5714285714285694,7.31516458932569,6.985738457819676,False,False
2016-05-20,144.63,135.48,146.13,147.19,114.35714285714286,116.52380952380952,139.4215404282518,140.01389896059945,135.95238095238096,9.150000000000006,7.150000000000006,10.650000000000006,9.850000000000023,-1.5,4.533898960599458,0.47238095238097344,6.116101039400547,8.677619047619032,0.46999999999999886,-1.259999999999991,-0.789999999999992,-1.5300000000000011,-1.8100000000000023,-3.3400000000000034,-0.7300000000000182,-1.1599999999999966,-1.8900000000000148,-0.5,-0.7299999999999898,-1.2299999999999898,-1.4761904761904674,-1.0476190476190652,-2.5238095238095326,-1.2142857142857224,-0.952380952380949,-2.1666666666666714,-0.3355704697986823,-0.623202301054647,-0.9587727708533293,-0.9306260575296221,-1.1783901377810082,-2.1090161953106303,-0.8571428571428612,-1.0714285714285552,-1.9285714285714164,-3.0,-12.15,-1.5,18.95619047619047,21.12285714285713,30.66619047619048,32.83285714285714,2.166666666666657,7.7684595717481955,7.64140681653372,False,False
2016-05-27,146.76,137.56,148.86,149.48,116.69047619047619,116.95238095238095,142.55353147970595,142.86620739666424,138.76190476190476,9.199999999999989,7.25,11.300000000000011,10.0,-2.1000000000000227,5.3062073966642345,1.201904761904757,5.993792603335777,7.998095238095232,0.03999999999999204,-0.9699999999999989,-0.9300000000000068,-1.9099999999999966,-1.8700000000000045,-3.780000000000001,-0.6099999999999852,-1.0699999999999932,-1.6799999999999784,-0.5100000000000193,-0.6299999999999955,-1.1400000000000148,-1.0238095238095184,-0.8809523809523938,-1.9047619047619122,-1.357142857142847,-0.9761904761904958,-2.333333333333343,-0.17577500798978463,-0.5113454777884101,-0.6871204857781947,-0.7160986221900032,-1.145153492869241,-1.8612521150592443,-0.6666666666666856,-0.9523809523809348,-1.6190476190476204,-3.6,-12.8,-1.5,20.607619047619053,20.869523809523812,32.52761904761904,32.7895238095238,0.2619047619047592,6.926468520294037,7.913343002175489,False,False
2016-06-03,147.35,138.69,149.4,149.83,116.6190476190476,118.5,143.32054969638858,143.2741116751269,140.14285714285714,8.659999999999997,7.699999999999989,10.710000000000008,9.900000000000006,-2.0500000000000114,4.5841116751269055,1.452857142857141,6.125888324873102,7.2071428571428555,-0.9399999999999977,-1.200000000000017,-2.140000000000015,-1.9000000000000057,-2.5999999999999943,-4.5,-1.0900000000000034,-1.25,-2.3400000000000034,-0.5699999999999932,-1.1200000000000045,-1.6899999999999977,-1.1190476190476346,-0.9999999999999858,-2.1190476190476204,-0.9761904761904674,-0.7857142857142918,-1.7619047619047592,-0.07989773090446306,-0.5592841163310993,-0.6391818472355624,-0.9457336233985814,-1.2841430988639218,-2.229876722262503,-0.6190476190476204,-0.8809523809523796,-1.5,-3.55,-12.2,-1.5,20.189999999999998,22.07095238095239,31.330000000000013,33.210952380952406,1.8809523809523938,6.50945030361143,7.9798162919990325,True,False
2016-06-10,150.3,141.9,152.9,153.65,119.47619047619047,122.38095238095238,146.03707254713964,146.05692530819434,142.52380952380952,8.400000000000006,7.75,11.0,9.75,-2.5999999999999943,4.156925308194332,0.6238095238095127,6.843074691805668,7.776190476190493,-1.7099999999999795,-0.7199999999999989,-2.4299999999999784,-2.359999999999985,-2.6200000000000045,-4.97999999999999,-1.1099999999999852,-1.2199999999999989,-2.329999999999984,-0.710000000000008,-1.1099999999999852,-1.8199999999999932,-1.4047619047619264,-1.1428571428571246,-2.547619047619051,-1.0714285714285694,-0.7380952380952266,-1.809523809523796,0.3835091083413431,-0.7350591243208839,-0.35155001597954083,-1.3566594150350397,-1.5439932318105036,-2.9006526468455434,-0.7857142857142776,-1.0238095238095184,-1.809523809523796,-4.1,-12.5,-1.5,19.519047619047626,22.42380952380954,31.269047619047626,34.17380952380954,2.904761904761912,7.612927452860362,7.653492869228909,False,False
2016-06-17,145.43,136.18,146.63,147.98,114.07142857142857,116.90476190476191,140.18855864493446,140.13778100072517,137.78571428571428,9.25,8.25,10.449999999999989,9.799999999999983,-1.1999999999999886,3.957781000725163,1.6057142857142708,6.492218999274826,7.644285714285729,-0.9300000000000068,-0.47999999999998977,-1.4099999999999966,-1.9300000000000068,-2.2299999999999898,-4.159999999999997,-1.2800000000000011,-1.4300000000000068,-2.710000000000008,-0.7300000000000182,-1.299999999999983,-2.030000000000001,-1.357142857142847,-1.1904761904761898,-2.547619047619037,-1.2857142857142776,-0.8333333333333428,-2.1190476190476204,-0.8628954937679794,-1.0866091403003963,-1.9495046340683757,-1.5439932318104752,-1.5923374425912584,-3.1363306744017336,-0.7619047619047592,-1.0714285714285836,-1.8333333333333428,-2.7,-11.95,-1.5,19.275238095238095,22.108571428571437,31.075238095238078,33.90857142857142,2.833333333333343,7.79144135506553,7.650471356055112,False,False
2016-06-24,149.02,139.97,150.12,150.5,116.71428571428572,119.26190476190477,142.39373601789706,143.1290790427846,139.61904761904762,9.050000000000011,7.800000000000011,10.150000000000006,9.800000000000011,-1.0999999999999943,3.1590790427846116,-0.35095238095237846,6.990920957215394,9.40095238095239,-0.5900000000000034,-1.0199999999999818,-1.6099999999999852,-1.8400000000000034,-2.069999999999993,-3.9099999999999966,-1.490000000000009,-1.5199999999999818,-3.009999999999991,-1.039999999999992,-1.5100000000000193,-2.5500000000000114,-1.6904761904761756,-1.2619047619047592,-2.952380952380935,-1.5952380952380736,-0.9761904761904958,-2.5714285714285694,-0.9268136784915271,-1.1025886864813117,-2.0294023649728388,-1.3868745467730434,-1.5047135605511244,-2.891588107324168,-0.9761904761904532,-1.1666666666666856,-2.142857142857139,-2.6,-11.65,-1.5,20.708095238095225,23.255714285714276,31.238095238095227,33.78571428571428,2.547619047619051,8.106263982102945,7.614213197969542,False,False
2016-07-01,148.14,140.14,149.04,148.6,114.95238095238095,117.33333333333333,139.10194950463404,141.288977519942,136.61904761904762,8.0,6.450000000000017,8.900000000000006,9.100000000000023,-0.9000000000000057,1.148977519942008,-3.520952380952366,7.751022480057998,11.520952380952366,0.01999999999998181,-1.2299999999999898,-1.210000000000008,-1.5300000000000011,-1.0300000000000011,-2.5600000000000023,-1.7300000000000182,-1.6299999999999955,-3.3600000000000136,-1.2300000000000182,-1.75,-2.980000000000018,-1.6428571428571388,-1.3571428571428612,-3.0,-1.2142857142857224,-1.1190476190476062,-2.3333333333333286,-1.246404602109294,-1.374240971556418,-2.620645573665712,-1.5288856659414876,-1.574208363548479,-3.1030940294899665,-1.095238095238102,-1.2857142857142776,-2.3809523809523796,-2.4,-10.4,-1.5,22.806666666666658,25.187619047619037,31.266666666666666,33.647619047619045,2.3809523809523796,9.498050495365959,7.849891225525743,True,False
2016-07-08,143.43,136.18,145.68,143.49,109.88095238095238,114.28571428571428,133.98849472674974,138.61795987430503,135.47619047619048,7.25,6.050000000000011,9.5,9.5,-2.25,2.4379598743050224,-0.7038095238095252,7.062040125694978,7.953809523809525,-0.789999999999992,-2.3100000000000023,-3.0999999999999943,-1.9899999999999807,-0.660000000000025,-2.6500000000000057,-1.9899999999999807,-1.960000000000008,-3.9499999999999886,-2.299999999999983,-2.0600000000000023,-4.359999999999985,-1.6666666666666714,-1.4761904761904674,-3.142857142857139,-1.4523809523809632,-1.0952380952380878,-2.547619047619051,-1.9495046340684041,-1.869606903163941,-3.819111537232345,-1.7554991539763307,-1.7857142857142776,-3.5412134396906083,-1.3809523809523796,-1.3571428571428328,-2.7380952380952124,-3.75,-11.0,-1.5,21.89428571428573,26.299047619047627,29.20428571428573,33.60904761904763,4.404761904761898,9.501505273250274,8.457215373459027,False,False
2016-07-15,139.41,130.56,142.16,141.28,108.54761904761905,112.35714285714285,130.69670821348672,134.7594875513657,131.66666666666666,8.849999999999994,7.300000000000011,11.599999999999994,11.900000000000006,-2.75,4.199487551365706,1.106666666666655,7.400512448634288,7.743333333333339,-0.46000000000000796,-1.5,-1.960000000000008,-2.009999999999991,-1.0999999999999943,-3.109999999999985,-2.3100000000000023,-2.1999999999999886,-4.509999999999991,-2.359999999999985,-2.3400000000000034,-4.699999999999989,-1.7380952380952408,-1.5238095238095184,-3.261904761904759,-1.3571428571428612,-1.2380952380952408,-2.595238095238102,-2.8443592201981573,-2.0134228187919234,-4.857782038990081,-1.8280154701474771,-1.5772298767222424,-3.4052453468697195,-1.4285714285714448,-1.4285714285714164,-2.857142857142861,-4.25,-13.1,-1.5,18.202857142857155,22.01238095238095,28.922857142857154,32.73238095238095,3.809523809523796,10.583291786513286,8.433043268068648,False,False
2016-07-22,134.9,126.55,139.2,137.9,106.54761904761905,110.80952380952381,129.57813998082452,132.22745951172348,129.0952380952381,8.350000000000009,7.800000000000011,12.649999999999991,12.800000000000011,-4.299999999999983,5.677459511723484,2.545238095238105,6.972540488276508,5.804761904761904,-1.6899999999999977,-1.6699999999999875,-3.359999999999985,-2.239999999999995,-1.5200000000000102,-3.760000000000005,-2.390000000000015,-2.1699999999999875,-4.560000000000002,-2.5999999999999943,-2.430000000000007,-5.030000000000001,-1.7619047619047592,-1.6428571428571388,-3.404761904761898,-1.0952380952380878,-0.952380952380949,-2.047619047619037,-1.9175455417066019,-1.965484180249291,-3.883029721955893,-1.5893159294174382,-1.4926275078559286,-3.0819434372733667,-1.3571428571428612,-1.4285714285714164,-2.7857142857142776,-5.8,-14.15,-1.5,15.740476190476187,20.002380952380946,27.090476190476195,31.352380952380955,4.261904761904759,8.321860019175489,8.50253807106599,False,False
2016-07-29,126.19,118.29,131.44,129.8,100.33333333333333,103.90476190476191,121.55640779801853,123.74305051970026,121.59523809523809,7.8999999999999915,8.349999999999994,13.149999999999991,13.449999999999989,-5.25,5.4530505197002554,3.3052380952380815,7.696949480299736,4.59476190476191,-2.5999999999999943,-1.6899999999999977,-4.289999999999992,-2.1499999999999915,-1.5400000000000063,-3.6899999999999977,-2.4499999999999886,-2.0900000000000034,-4.539999999999992,-2.8499999999999943,-2.509999999999991,-5.359999999999985,-1.7380952380952408,-1.7619047619047592,-3.5,-1.357142857142847,-0.952380952380949,-2.309523809523796,-1.9814637264301638,-2.2690955576861427,-4.2505592841163065,-1.9821126420111312,-1.7041334300217414,-3.6862460720328727,-1.5000000000000142,-1.5476190476190368,-3.047619047619051,-6.75,-14.65,-1.5,14.385238095238094,17.956666666666678,25.8952380952381,29.466666666666683,3.5714285714285836,8.243592201981485,8.203408266860043,False,False
2016-08-05,124.54,118.09,130.04,128.95,97.21428571428571,102.66666666666666,116.1553211888782,122.52538071065989,119.23809523809523,6.450000000000003,7.25,11.949999999999989,12.75,-5.499999999999986,4.435380710659885,1.1480952380952232,7.514619289340104,5.30190476190478,-2.0799999999999983,-1.8499999999999943,-3.9299999999999926,-1.2800000000000011,-1.25,-2.530000000000001,-2.0800000000000125,-1.8499999999999943,-3.930000000000007,-2.3100000000000023,-2.1000000000000227,-4.410000000000025,-1.8333333333333428,-1.8809523809523796,-3.7142857142857224,-0.9285714285714306,-1.3095238095238244,-2.238095238095255,-2.04538191115374,-2.4288910194950404,-4.47427293064878,-1.7101764563693678,-1.6497461928933888,-3.3599226492627565,-1.6190476190476204,-1.452380952380949,-3.0714285714285694,-7.0,-13.45,-1.5,15.423333333333346,20.875714285714295,26.28333333333333,31.73571428571428,5.452380952380949,12.794678811121784,7.949601160261058,False,False
2016-08-12,131.77,125.67,136.42,135.72,102.61904761904762,108.30952380952381,124.0492170022371,128.6288373217307,125.83333333333333,6.1000000000000085,6.849999999999994,10.749999999999986,12.150000000000006,-4.649999999999977,2.9588373217307122,0.1633333333333269,7.791162678269274,5.936666666666682,-1.3999999999999773,-1.4699999999999989,-2.869999999999976,-0.6499999999999915,-0.8200000000000074,-1.4699999999999989,-2.0500000000000114,-1.6699999999999875,-3.719999999999999,-2.1999999999999886,-2.0600000000000023,-4.259999999999991,-1.7380952380952266,-1.7857142857142918,-3.5238095238095184,-0.8095238095238102,-1.1666666666666714,-1.9761904761904816,-2.988175135826154,-1.8696069031639553,-4.857782038990109,-1.6618322455885846,-1.4080251389896148,-3.0698573845781993,-1.4761904761904816,-1.357142857142847,-2.8333333333333286,-6.15,-12.25,-1.5,17.36047619047619,23.05095238095238,27.41047619047619,33.10095238095238,5.69047619047619,11.670782997762899,7.4027072758037225,False,False
2016-08-19,143.83,139.03,149.18,148.92,112.30952380952381,118.66666666666667,138.38286992649407,140.77532028039641,137.0,4.800000000000011,5.909999999999997,10.150000000000006,11.150000000000006,-5.349999999999994,1.7453202803964132,-2.030000000000001,8.404679719603593,6.8300000000000125,-1.9199999999999875,-0.5200000000000102,-2.4399999999999977,-0.8100000000000023,-0.5,-1.3100000000000023,-1.8100000000000023,-1.4499999999999886,-3.259999999999991,-1.8500000000000227,-1.7800000000000011,-3.630000000000024,-1.5714285714285694,-1.642857142857153,-3.2142857142857224,-0.6190476190476204,-0.9761904761904674,-1.5952380952380878,-1.901565995525715,-0.9747523170342163,-2.876318312559931,-1.3475948755136642,-1.226734348561763,-2.574329224075427,-1.4761904761904532,-1.2619047619047876,-2.738095238095241,-6.85,-11.65,-1.5,20.36333333333333,26.72047619047619,30.253333333333316,36.61047619047618,6.357142857142861,10.53713007350592,7.991902344694222,False,False
2016-08-26,143.71,140.01,149.71,149.82,112.80952380952381,117.97619047619047,139.53339725151804,140.61820159535895,136.92857142857142,3.700000000000017,4.890000000000015,9.700000000000017,10.950000000000017,-6.0,0.6082015953589632,-3.0814285714285745,9.091798404641054,6.781428571428592,-1.5300000000000011,-0.539999999999992,-2.069999999999993,-0.3400000000000034,-0.3499999999999943,-0.6899999999999977,-1.5900000000000034,-1.3499999999999943,-2.9399999999999977,-1.5300000000000011,-1.5900000000000034,-3.1200000000000045,-1.4761904761904674,-1.547619047619051,-3.0238095238095184,-0.7380952380952408,-0.9285714285714306,-1.6666666666666714,-1.5340364333652872,-0.8788750399488663,-2.4129114733141535,-1.2206913222141509,-1.1179598743050576,-2.3386511965192085,-1.6428571428571672,-1.2857142857142776,-2.928571428571445,-7.5,-11.2,-1.5,22.033809523809524,27.20047619047618,31.843809523809526,37.01047619047618,5.166666666666657,10.286602748481954,7.846869712351945,False,False
2016-09-02,138.21,132.64,143.74,143.18,107.45238095238096,112.83333333333333,133.25343560242885,135.20364998791396,132.16666666666666,5.570000000000022,5.430000000000007,11.100000000000023,11.75,-5.530000000000001,2.5636499879139762,-0.47333333333332916,8.536350012086046,6.043333333333351,-0.8400000000000034,-0.9299999999999784,-1.7699999999999818,-0.9800000000000182,-1.1599999999999966,-2.140000000000015,-1.6299999999999955,-1.789999999999992,-3.4199999999999875,-1.579999999999984,-1.6800000000000068,-3.259999999999991,-1.4761904761904674,-1.452380952380949,-2.9285714285714164,-0.547619047619051,-0.9285714285714306,-1.4761904761904816,-1.5659955257270894,-1.0226909555768486,-2.588686481303938,-1.2388204012569304,-1.2750785593425178,-2.513898960599448,-1.3571428571428612,-1.1190476190476204,-2.4761904761904816,-7.02,-12.6,-1.5,19.806666666666658,25.187619047619023,30.34666666666668,35.727619047619044,5.380952380952365,9.926564397571155,8.12484892434131,True,False
2016-09-09,139.91,133.36,140.41,143.69,109.42857142857143,114.69047619047619,132.94982422499197,136.4515349286923,133.5,6.549999999999983,5.550000000000011,7.049999999999983,8.400000000000006,-0.5,3.0915349286922833,0.13999999999998636,3.9584650713076996,6.409999999999997,0.1599999999999966,-1.6500000000000057,-1.490000000000009,-0.839999999999975,-1.1500000000000057,-1.9899999999999807,-2.1899999999999977,-2.3600000000000136,-4.550000000000011,-1.9699999999999989,-1.8900000000000148,-3.8600000000000136,-1.4761904761904674,-1.5238095238095326,-3.0,-1.0000000000000142,-1.0238095238095184,-2.0238095238095326,-1.8216682646213087,-1.1505273250239725,-2.972195589645281,-1.4170896785109903,-1.5591007976794629,-2.976190476190453,-1.2380952380952408,-1.1666666666666572,-2.404761904761898,-5.7,-12.25,-5.2,18.669523809523824,23.931428571428583,28.999523809523808,34.26142857142857,5.261904761904759,10.740175775008026,8.17319313512207,False,False
2016-09-16,137.14,130.96,136.28,141.35,105.57142857142858,111.26190476190476,132.42249920102267,133.4934735315446,131.64285714285714,6.179999999999978,6.949999999999989,5.319999999999993,7.5,0.8599999999999852,2.533473531544587,0.6828571428571308,2.7865264684554063,5.497142857142848,-0.960000000000008,-1.5699999999999932,-2.530000000000001,-0.18999999999999773,-1.049999999999983,-1.2399999999999807,-2.3700000000000045,-1.9399999999999977,-4.310000000000002,-1.6500000000000057,-1.7700000000000102,-3.420000000000016,-1.3809523809523654,-1.595238095238102,-2.9761904761904674,-1.1190476190476346,-1.166666666666643,-2.2857142857142776,-1.150527325023944,-0.9587727708533293,-2.1093000958772734,-1.2781000725163096,-1.43824027072759,-2.7163403432438997,-1.0714285714285836,-1.0714285714285552,-2.142857142857139,-5.87,-12.05,-6.73,19.69809523809525,25.388571428571424,30.088095238095235,35.77857142857141,5.690476190476176,8.92750079897732,7.837805172830554,False,False
2016-09-23,137.31,131.66,136.48,141.8,106.14285714285714,110.57142857142857,134.40396292745285,133.90439932318105,132.95238095238096,5.650000000000006,6.969999999999999,4.819999999999993,6.400000000000006,0.8300000000000125,2.2443993231810566,1.2923809523809666,2.5756006768189366,4.357619047619039,-1.2199999999999989,-1.3100000000000023,-2.530000000000001,0.09999999999999432,-0.8499999999999943,-0.75,-1.4800000000000182,-1.9000000000000057,-3.380000000000024,-1.1899999999999977,-1.4299999999999784,-2.619999999999976,-1.3571428571428612,-1.5,-2.857142857142861,-1.2142857142857224,-1.2380952380952266,-2.452380952380949,-0.623202301054647,-0.6072227548737317,-1.2304250559283787,-1.1572395455644084,-1.2569494802997383,-2.4141890258641467,-1.0952380952380736,-1.0714285714285836,-2.166666666666657,-6.0,-11.65,-6.83,21.088571428571427,25.517142857142858,31.228571428571442,35.65714285714287,4.428571428571431,7.396037072547159,7.704858593183466,False,False
2016-09-30,143.58,136.61,140.43,147.76,111.28571428571429,114.42857142857143,136.99264940875676,138.50314237370074,135.26190476190476,6.969999999999999,6.569999999999993,3.819999999999993,6.0,3.1500000000000057,1.8931423737007265,-1.3480952380952544,1.9268576262992667,8.318095238095253,0.3900000000000148,-0.36000000000001364,0.030000000000001137,-0.009999999999990905,-1.0900000000000034,-1.0999999999999943,-2.1899999999999977,-2.009999999999991,-4.199999999999989,-0.7800000000000011,-1.1100000000000136,-1.8900000000000148,-1.3809523809523796,-1.3809523809523654,-2.761904761904745,-1.6190476190476204,-1.2619047619047592,-2.8809523809523796,-0.4314477468840039,-0.2876318312559647,-0.7190795781399686,-0.9729272419627932,-1.1663040850858124,-2.1392313270486056,-1.1428571428571388,-1.095238095238102,-2.238095238095241,-4.88,-11.85,-8.03,22.181428571428583,25.324285714285722,33.33142857142856,36.4742857142857,3.142857142857139,10.767350591243229,7.6655789219241,False,False
2016-10-07,152.53,145.61,150.71,157.3,117.90476190476191,122.88095238095238,147.37935442633426,147.84566110708244,146.38095238095238,6.9199999999999875,6.430000000000007,5.099999999999994,6.219999999999999,1.8199999999999932,2.2356611070824215,0.770952380952366,2.864338892917573,6.1490476190476215,-0.5900000000000034,2.3600000000000136,1.7700000000000102,-1.079999999999984,-2.280000000000001,-3.359999999999985,-2.1999999999999886,-1.700000000000017,-3.9000000000000057,-1.1799999999999784,-1.5400000000000205,-2.719999999999999,-1.3571428571428612,-1.452380952380949,-2.80952380952381,-1.4047619047619122,-1.1904761904761898,-2.595238095238102,-0.3355704697986539,-0.2716522850751062,-0.6072227548737601,-1.305293691080493,-1.2267343485617346,-2.5320280396422277,-1.095238095238102,-0.9761904761904816,-2.0714285714285836,-6.03,-12.95,-7.85,22.729047619047634,27.7052380952381,34.41904761904763,39.3952380952381,4.976190476190467,9.920645573665752,7.973773265651438,False,False
2016-10-14,153.48,146.43,151.71,158.22,120.52380952380952,124.45238095238096,149.5365931607542,149.9969784868262,147.88095238095238,7.049999999999983,6.550000000000011,5.280000000000001,5.930000000000007,1.7699999999999818,3.5669784868262013,1.4509523809523728,1.7130215131737998,5.59904761904761,-1.0200000000000102,1.5200000000000102,0.5,-1.5199999999999818,-2.390000000000015,-3.9099999999999966,-2.1699999999999875,-2.5500000000000114,-4.719999999999999,-1.8000000000000114,-2.039999999999992,-3.8400000000000034,-1.0714285714285694,-1.2619047619047734,-2.333333333333343,-1.5476190476190368,-1.2619047619047734,-2.80952380952381,-0.12783636944712384,-0.639181847235534,-0.7670182166826578,-1.317379743775689,-1.2599709934735017,-2.5773507372491906,-1.0,-1.0,-2.0,-6.5,-13.55,-8.28,21.977619047619044,25.90619047619049,33.767619047619036,37.69619047619048,3.928571428571445,8.683406839245805,8.345419386028523,False,False
2016-10-21,153.28,145.58,150.48,156.92,120.52380952380952,123.35714285714286,148.1623521891978,149.3805897993715,146.7142857142857,7.699999999999989,6.75,4.899999999999977,5.5,2.8000000000000114,3.800589799371494,1.1342857142856815,1.0994102006284834,6.565714285714307,-0.4300000000000068,1.2300000000000182,0.8000000000000114,-1.3799999999999955,-2.4599999999999795,-3.839999999999975,-1.9800000000000182,-2.6399999999999864,-4.6200000000000045,-1.9800000000000182,-2.1699999999999875,-4.150000000000006,-0.8333333333333286,-1.238095238095255,-2.0714285714285836,-1.904761904761898,-1.452380952380949,-3.357142857142847,-0.4953659316075232,-1.1345477788430856,-1.6299137104506087,-1.1844331641286203,-1.386874546773015,-2.5713077109016353,-1.0000000000000284,-1.0238095238095184,-2.023809523809547,-6.0,-13.7,-8.81,22.22285714285715,25.056190476190494,33.562857142857126,36.39619047619047,2.833333333333343,8.757647810802183,8.43002175489485,False,False
2016-10-28,151.57,143.17,148.12,156.13,118.14285714285714,120.19047619047618,147.97059763502713,147.60696156635242,145.5952380952381,8.400000000000006,7.299999999999983,4.950000000000017,6.1299999999999955,3.4499999999999886,4.436961566352437,2.4252380952381145,0.51303843364758,5.974761904761891,-0.06999999999999318,0.09999999999999432,0.030000000000001137,-1.170000000000016,-2.6699999999999875,-3.8400000000000034,-2.3499999999999943,-2.3700000000000045,-4.719999999999999,-1.6899999999999977,-1.8700000000000045,-3.5600000000000023,-1.5,-1.452380952380949,-2.952380952380949,-2.452380952380963,-1.6666666666666714,-4.119047619047635,-0.23969319271333234,-0.942793224672414,-1.1824864173857463,-0.9457336233985814,-1.3385303359922887,-2.28426395939087,-0.9523809523809348,-1.0714285714285836,-2.0238095238095184,-5.8,-14.2,-9.25,22.979523809523812,25.02714285714285,35.93952380952382,37.98714285714286,2.047619047619037,8.159402364972863,8.269881556683588,False,False
2016-11-04,141.62,135.42,141.37,147.35,108.3809523809524,112.02380952380952,136.76893576222432,138.8173797437757,136.38095238095238,6.200000000000017,5.099999999999994,5.950000000000017,5.569999999999993,0.25,3.3973797437757014,0.9609523809523921,2.5526202562243157,5.239047619047625,-0.9499999999999886,1.5699999999999932,0.6200000000000045,-2.0500000000000114,-0.9900000000000091,-3.0400000000000205,-1.6699999999999875,-1.670000000000016,-3.3400000000000034,-1.5600000000000023,-1.5200000000000102,-3.0800000000000125,-1.4047619047618838,-1.4285714285714448,-2.8333333333333286,-1.7857142857142776,-1.7142857142857366,-3.500000000000014,-0.19175455417067155,-1.1025886864813117,-1.2943432406519833,-1.217669809040359,-1.3657239545564437,-2.5833937635968027,-1.1190476190476204,-1.1190476190476204,-2.238095238095241,-7.75,-13.95,-8.0,23.39619047619047,27.039047619047594,35.326190476190476,38.9690476190476,3.6428571428571246,10.581064237775678,8.544839255499154,True,False
2016-11-11,138.0,131.7,137.15,143.21,106.28571428571429,109.11904761904762,132.9658037711729,136.18866328257192,134.38095238095238,6.300000000000011,4.650000000000006,5.450000000000017,4.819999999999993,0.8499999999999943,4.488663282571935,2.680952380952391,0.9613367174280825,3.6190476190476204,-0.9900000000000091,1.8900000000000148,0.9000000000000057,-2.640000000000015,-1.3199999999999932,-3.960000000000008,-2.009999999999991,-2.0,-4.009999999999991,-1.8400000000000034,-1.6399999999999864,-3.4799999999999898,-1.5952380952380878,-1.690476190476204,-3.285714285714292,-2.571428571428555,-2.0238095238095326,-4.595238095238088,-0.5113454777884101,-1.1505273250239725,-1.6618728028123826,-1.1451534928692126,-1.3929175731206271,-2.53807106598984,-1.0476190476190652,-1.0714285714285552,-2.1190476190476204,-7.0,-13.3,-7.85,22.58095238095237,25.414285714285697,34.09095238095239,36.924285714285716,2.8333333333333286,10.244196228827121,8.919506889050036,False,False
2016-11-18,138.59,130.84,135.39,143.38,107.52380952380952,110.16666666666667,133.42921061041864,136.12218999274836,133.85714285714286,7.75,5.300000000000011,4.549999999999983,4.530000000000001,3.200000000000017,5.282189992748357,3.017142857142858,-0.7321899927483742,4.732857142857142,-0.5600000000000023,3.1500000000000057,2.5900000000000034,-3.009999999999991,-1.1100000000000136,-4.1200000000000045,-2.990000000000009,-1.8600000000000136,-4.850000000000023,-1.289999999999992,-1.3300000000000125,-2.6200000000000045,-1.4047619047619122,-1.6904761904761898,-3.095238095238102,-2.5,-1.952380952380949,-4.452380952380949,-1.0706295941195378,-1.246404602109294,-2.317034196228832,-1.2025622431713998,-1.2690355329949057,-2.4715977761663055,-1.2619047619047592,-1.1190476190476204,-2.3809523809523796,-5.8,-13.55,-9.0,20.673333333333332,23.316190476190485,33.213333333333324,35.85619047619048,2.642857142857153,9.95078938958136,8.99806623156877,False,False
2016-11-25,147.69,138.94,143.34,150.94,112.83333333333333,115.80952380952381,141.56279961649085,143.80287648054144,141.61904761904762,8.75,6.5,4.400000000000006,4.3700000000000045,4.349999999999994,4.862876480541445,2.6790476190476227,-0.46287648054143915,6.070952380952377,-0.960000000000008,3.969999999999999,3.009999999999991,-3.210000000000008,-1.3400000000000034,-4.550000000000011,-3.180000000000007,-1.6599999999999966,-4.840000000000003,-1.460000000000008,-1.4399999999999977,-2.9000000000000057,-2.0714285714285694,-2.0238095238095326,-4.095238095238102,-2.452380952380949,-1.8809523809523796,-4.333333333333329,-1.0067114093959901,-1.1185682326621986,-2.1252796420581888,-1.0424220449601194,-1.0514865844815233,-2.0939086294416427,-0.9285714285714164,-1.0,-1.9285714285714164,-5.0,-13.75,-9.35,23.130476190476188,26.10666666666667,35.13047619047619,38.10666666666667,2.9761904761904816,9.377200383509148,9.466400773507372,False,False
2016-12-02,152.91,142.73,146.73,157.05,116.42857142857143,120.71428571428572,144.61489293704057,147.5223591974861,145.11904761904762,10.180000000000007,5.579999999999984,4.0,4.039999999999992,6.180000000000007,4.792359197486121,2.3890476190476306,-0.792359197486121,7.790952380952376,2.25,1.5999999999999943,3.8499999999999943,-2.3500000000000227,-0.7099999999999795,-3.0600000000000023,-2.390000000000015,-1.2199999999999989,-3.6100000000000136,-1.25,-1.1199999999999761,-2.369999999999976,-2.1666666666666714,-2.0714285714285694,-4.238095238095241,-2.1904761904761756,-1.5,-3.6904761904761756,-1.1185682326621986,-1.2304250559284071,-2.3489932885906057,-0.9729272419627648,-0.9185400048344263,-1.8914672467971911,-1.0,-0.8809523809523796,-1.8809523809523796,-5.2,-15.39,-11.39,22.015714285714267,26.30142857142856,36.33571428571429,40.62142857142858,4.285714285714292,12.435107062959446,9.910563210055594,True,False
2016-12-09,159.13,148.43,153.66,163.53,121.35714285714285,128.61904761904762,150.59124320869284,153.91588107324148,152.04761904761904,10.699999999999989,4.3799999999999955,5.22999999999999,5.1299999999999955,5.469999999999999,5.4858810732414724,3.61761904761903,-0.2558810732414827,7.082380952380959,4.069999999999993,-0.13999999999998636,3.930000000000007,-2.25,-0.8100000000000023,-3.0600000000000023,-2.1500000000000057,-0.4900000000000091,-2.640000000000015,-1.5699999999999932,-1.0100000000000193,-2.5800000000000125,-2.4761904761904816,-2.238095238095255,-4.714285714285737,-1.7142857142857224,-1.2857142857142776,-3.0,-1.4381591562799656,-1.4541387024608525,-2.892297858740818,-1.208605269518955,-1.0424220449601478,-2.251027314479103,-1.0238095238095468,-0.8571428571428612,-1.880952380952408,-5.5,-16.2,-10.97,19.810952380952386,27.07285714285716,34.91095238095238,42.172857142857154,7.261904761904773,12.938756791307156,9.575175247764081,False,False
2016-12-16,158.96,151.96,155.76,166.08,123.64285714285714,130.73809523809524,154.44231383828696,156.4781242446217,154.8095238095238,7.0,3.8799999999999955,3.799999999999983,4.090000000000003,3.200000000000017,4.518124244621703,2.849523809523788,-0.7181242446217198,4.150476190476212,0.8400000000000034,-0.12000000000000455,0.7199999999999989,-2.280000000000001,-1.1299999999999955,-3.4099999999999966,-2.5700000000000216,-0.839999999999975,-3.4099999999999966,-1.7099999999999795,-1.0400000000000205,-2.75,-2.404761904761898,-2.1666666666666856,-4.571428571428584,-1.6190476190476204,-1.3333333333333144,-2.952380952380935,-2.1412591882390473,-1.0226909555768486,-3.163950143815896,-1.3989605994682108,-1.1874546773024122,-2.586415276770623,-1.0476190476190368,-0.7857142857143344,-1.8333333333333712,-8.7,-15.7,-11.9,21.221904761904767,28.31714285714287,35.34190476190477,42.437142857142874,7.095238095238102,11.637686161713049,9.094754653130288,False,False
2016-12-23,156.74,152.04,155.68,166.03,125.14285714285715,130.92857142857144,155.72067753275803,156.69567319313512,154.99999999999997,4.700000000000017,4.139999999999986,3.640000000000015,4.269999999999982,1.0600000000000023,4.655673193135129,2.9599999999999795,-1.0156731931351146,1.7400000000000375,-1.9799999999999898,-0.36000000000001364,-2.3400000000000034,-2.5400000000000205,-1.3599999999999852,-3.9000000000000057,-3.1699999999999875,-1.1200000000000045,-4.289999999999992,-1.8700000000000045,-1.2299999999999898,-3.0999999999999943,-2.2380952380952266,-1.8809523809523796,-4.119047619047606,-1.6666666666666572,-1.4761904761904816,-3.142857142857139,-1.262384148290181,-1.1025886864813117,-2.3649728347714927,-1.7494561276287186,-1.0242929659173114,-2.77374909354603,-1.2142857142857508,-0.9523809523809632,-2.166666666666714,-11.3,-16.0,-12.37,21.111428571428547,26.89714285714284,35.101428571428556,40.88714285714285,5.785714285714292,10.30932246724197,8.904399323181048,False,False
2016-12-30,160.91,156.67,160.72,170.17,128.23809523809524,134.0952380952381,160.21412591882387,160.08581097413585,158.61904761904762,4.240000000000009,3.289999999999992,4.050000000000011,4.099999999999994,0.18999999999999773,3.4158109741358658,1.949047619047633,0.6341890258641456,2.290952380952376,-0.9099999999999966,-0.30000000000001137,-1.210000000000008,-1.8600000000000136,-1.0999999999999943,-2.960000000000008,-1.9099999999999966,-0.3100000000000023,-2.219999999999999,-1.8900000000000148,-1.0300000000000011,-2.920000000000016,-2.1904761904761756,-1.785714285714306,-3.9761904761904816,-1.6904761904761756,-1.4523809523809632,-3.142857142857139,-1.1792905081495633,-0.9204218600191894,-2.0997123681687526,-1.504713560551096,-1.3475948755136642,-2.85230843606476,-1.0714285714285552,-0.8333333333333428,-1.904761904761898,-10.51,-14.75,-10.7,22.574761904761885,28.431904761904747,36.074761904761885,41.93190476190475,5.857142857142861,9.95587408117612,8.68987188784143,False,False
2017-01-06,160.59,157.5,161.35,169.18,127.0,134.47619047619048,157.67018216682644,159.35762629925065,158.83333333333331,3.0900000000000034,2.490000000000009,3.8499999999999943,3.960000000000008,-0.7599999999999909,1.8576262992506543,1.3333333333333144,1.99237370074934,1.756666666666689,-0.5300000000000011,-2.530000000000001,-3.0600000000000023,-1.1299999999999955,-0.8499999999999943,-1.9799999999999898,-1.240000000000009,1.039999999999992,-0.20000000000001705,-1.3599999999999852,-0.6299999999999955,-1.9899999999999807,-2.2142857142857224,-1.9523809523809632,-4.166666666666686,-1.4761904761904816,-1.4523809523809348,-2.9285714285714164,-1.550015979546174,-1.2304250559284071,-2.780441035474581,-3.1000725163161746,-1.3475948755136642,-4.447667391829839,-1.0238095238095468,-0.714285714285694,-1.7380952380952408,-10.56,-13.65,-9.8,23.02380952380952,30.5,34.703809523809525,42.18000000000001,7.476190476190482,11.509817833173571,7.668600435097897,False,False
2017-01-13,157.24,152.86,156.69,164.57,124.0,131.02380952380952,153.86705017577498,157.7683103698332,155.4047619047619,4.3799999999999955,4.360000000000014,3.829999999999984,3.8200000000000216,0.5500000000000114,4.908310369833174,2.5447619047618844,-1.07831036983319,1.835238095238111,-1.0699999999999932,-2.069999999999993,-3.1399999999999864,-1.089999999999975,-0.8800000000000239,-1.9699999999999989,-1.0800000000000125,1.990000000000009,0.9099999999999966,-1.0900000000000034,-0.5699999999999932,-1.6599999999999966,-2.0,-1.952380952380949,-3.952380952380949,-1.2619047619047592,-1.2142857142857224,-2.4761904761904816,-1.965484180249291,-1.1984659635666333,-3.1639501438159243,-1.139110466521629,-1.0514865844815233,-2.1905970510031523,-0.8095238095238244,-0.7857142857142776,-1.595238095238102,-8.6,-12.98,-9.15,21.836190476190495,28.860000000000014,33.546190476190475,40.56999999999999,7.023809523809518,10.702949824225016,10.258037225042301,False,False
2017-01-20,156.73,152.13,156.08,163.05,123.42857142857143,130.9047619047619,155.48098434004473,157.1640077350737,155.52380952380952,4.599999999999994,5.549999999999983,3.950000000000017,4.1699999999999875,0.6499999999999773,5.034007735073715,3.393809523809523,-1.0840077350736976,1.2061904761904714,-2.0600000000000023,-1.4800000000000182,-3.5400000000000205,-1.1100000000000136,-1.4799999999999898,-2.5900000000000034,-1.329999999999984,1.6399999999999864,0.3100000000000023,-1.4599999999999795,-0.8300000000000125,-2.289999999999992,-1.857142857142847,-1.7857142857142918,-3.642857142857139,-1.1428571428571388,-1.190476190476204,-2.333333333333343,-1.5180568871844002,-0.9907318632150748,-2.508788750399475,-1.1572395455644369,-1.2025622431713714,-2.3598017887358083,-0.9047619047619264,-0.8571428571428328,-1.7619047619047592,-8.55,-13.15,-9.2,21.225238095238097,28.701428571428565,32.14523809523811,39.62142857142858,7.476190476190467,7.569015659955284,9.980058013052936,False,False
2017-01-27,156.36,152.59,156.34,162.78,126.5,132.14285714285714,156.0242889101949,157.42990089436788,156.1190476190476,3.7700000000000102,4.310000000000002,3.75,3.7900000000000205,0.020000000000010232,4.839900894367872,3.5290476190475886,-1.0899008943678723,0.24095238095242166,-1.8699999999999761,-1.5300000000000011,-3.3999999999999773,-1.329999999999984,-0.960000000000008,-2.289999999999992,-1.3700000000000045,1.950000000000017,0.5800000000000125,-1.7299999999999898,-0.9300000000000068,-2.6599999999999966,-1.5476190476190368,-1.3571428571428612,-2.904761904761898,-0.7619047619047592,-1.0,-1.7619047619047592,-1.5659955257270894,-1.0067114093959617,-2.572706935123051,-1.190476190476204,-1.139110466521629,-2.329586656997833,-0.9285714285714448,-0.8095238095238244,-1.7380952380952692,-8.13,-11.9,-8.15,20.447142857142865,26.090000000000003,30.637142857142862,36.28,5.642857142857139,6.755711089805089,9.369712351945855,False,False
2017-02-03,159.5,155.75,159.97,164.19,127.0,133.85714285714286,158.16554809843396,159.96797196035772,157.6904761904762,3.75,4.180000000000007,4.219999999999999,4.0400000000000205,-0.46999999999999886,4.2179719603577155,1.940476190476204,0.0020280396422833746,1.809523809523796,-0.9099999999999966,-1.0200000000000102,-1.9300000000000068,-0.47999999999998977,-0.7700000000000102,-1.25,-0.30000000000001137,-0.3699999999999761,-0.6699999999999875,-1.170000000000016,-0.7599999999999909,-1.9300000000000068,-1.4761904761904816,-1.214285714285694,-2.6904761904761756,-0.4285714285714164,-0.7380952380952408,-1.1666666666666572,-1.2464046021093225,-0.8149568552253186,-2.061361457334641,-0.8883248730964795,-0.7251631617113787,-1.6134880348078582,-0.7857142857142776,-0.714285714285694,-1.4999999999999716,-6.1,-9.85,-5.63,21.89285714285714,28.75,30.332857142857137,37.19,6.857142857142861,6.024451901566039,9.557046168721294,True,False
2017-02-10,161.17,155.89,160.29,164.01,125.90476190476191,132.47619047619048,156.7433684883349,159.62351945854482,157.52380952380952,5.280000000000001,5.150000000000006,4.400000000000006,3.4000000000000057,0.8799999999999955,3.7335194585448335,1.633809523809532,0.6664805414551722,3.646190476190469,0.4199999999999875,-0.8899999999999864,-0.46999999999999886,0.28999999999999204,-0.8900000000000148,-0.6000000000000227,1.289999999999992,-0.8899999999999864,0.4000000000000057,-0.8900000000000148,-0.8799999999999955,-1.7700000000000102,-1.2857142857142776,-1.142857142857153,-2.4285714285714306,-0.8333333333333428,-0.7619047619047592,-1.595238095238102,-1.7737296260786195,-0.7031000319590817,-2.476829658037701,-0.8037225042301372,-0.6103456611070897,-1.414068165337227,-0.6190476190476204,-0.595238095238102,-1.2142857142857224,-3.72,-9.0,-4.6,23.413809523809505,29.985238095238074,31.53380952380951,38.10523809523808,6.571428571428569,7.266631511665082,9.659777616630407,False,False
2017-02-17,160.97,154.92,159.42,163.23,126.66666666666667,132.73809523809524,157.446468520294,159.58121827411168,157.07142857142856,6.050000000000011,6.740000000000009,4.5,4.329999999999984,1.5500000000000114,4.66121827411169,2.1514285714285677,-0.16121827411168965,3.8985714285714437,-0.6100000000000136,-1.0,-1.6100000000000136,0.07999999999998408,-0.8700000000000045,-0.7900000000000205,0.25,-0.6500000000000057,-0.4000000000000057,-1.1200000000000045,-1.0300000000000011,-2.1500000000000057,-1.0714285714285552,-0.9047619047619122,-1.9761904761904674,-0.8095238095238244,-0.619047619047592,-1.4285714285714164,-0.8469159475870924,-0.5113454777884101,-1.3582614253755025,-0.7402707275803664,-0.6133671742808815,-1.3536379018612479,-0.5476190476190652,-0.5714285714285552,-1.1190476190476204,-3.25,-9.3,-4.8,22.181904761904747,28.253333333333316,30.49190476190475,36.56333333333332,6.071428571428569,5.783531479705999,10.055595842397873,False,False
2017-02-24,161.54,156.39,160.34,164.23,128.61904761904762,133.92857142857142,158.72483221476506,160.66594150350494,157.92857142857142,5.150000000000006,8.5,3.950000000000017,4.5,1.1999999999999886,4.275941503504953,1.53857142857143,-0.3259415035049358,3.6114285714285757,-3.0,0.1599999999999966,-2.8400000000000034,0.3499999999999943,-0.7400000000000091,-0.3900000000000148,-0.19999999999998863,0.03999999999999204,-0.1599999999999966,-0.9200000000000159,-0.789999999999992,-1.710000000000008,-0.7380952380952408,-0.5952380952380736,-1.3333333333333144,-0.5,-0.3571428571428612,-0.8571428571428612,-0.7350591243208839,-0.5273250239693255,-1.2623841482902094,-0.586173555716698,-0.5468938844573472,-1.1330674401740453,-0.4761904761904816,-0.4523809523809632,-0.9285714285714448,-3.75,-8.9,-4.95,22.46142857142857,27.770952380952366,30.301428571428573,35.61095238095237,5.309523809523796,5.505167785234931,10.22480058013053,False,False
2017-03-03,162.53,153.19,157.54,161.15,127.54761904761905,132.7857142857143,156.67945030361136,158.7321730722746,156.64285714285717,9.340000000000003,8.549999999999983,4.349999999999994,3.8100000000000023,4.990000000000009,5.542173072274608,3.4528571428571695,-1.1921730722746133,5.887142857142834,0.05000000000001137,-0.7199999999999989,-0.6699999999999875,-0.7400000000000091,-1.0699999999999932,-1.8100000000000023,-0.20000000000001705,-1.009999999999991,-1.210000000000008,-1.2299999999999898,-0.9900000000000091,-2.219999999999999,-1.0238095238095326,-0.7619047619047592,-1.7857142857142918,-1.0714285714285552,-0.5714285714285552,-1.6428571428571104,-0.8628954937679509,-0.6551613934164493,-1.5180568871844002,-0.7825719120135091,-0.7070340826685992,-1.4896059946821083,-0.6428571428571104,-0.5476190476190652,-1.1904761904761756,-0.03,-9.37,-5.02,20.40428571428569,25.642380952380947,28.3642857142857,33.602380952380955,5.238095238095255,4.470549696388645,9.723229393280155,True,False
2017-03-10,156.88,147.76,151.79,156.16,121.14285714285715,127.9047619047619,151.8696069031639,153.3871162678269,151.8095238095238,9.120000000000005,7.949999999999989,4.030000000000001,3.2299999999999898,5.090000000000003,5.627116267826921,4.049523809523805,-1.5971162678269195,5.0704761904761995,0.28000000000000114,-1.0100000000000193,-0.7300000000000182,-0.8900000000000148,-1.0199999999999818,-1.9099999999999966,-0.09000000000000341,-1.8600000000000136,-1.950000000000017,-0.9000000000000057,-0.9399999999999977,-1.8400000000000034,-1.261904761904745,-0.9523809523809632,-2.214285714285708,-0.595238095238102,-0.4761904761904816,-1.0714285714285836,-0.8309364014062055,-0.8149568552253186,-1.645893256631524,-1.108895334783682,-0.6798404641044158,-1.7887357988880979,-0.7142857142857224,-0.7380952380952408,-1.4523809523809632,-0.33,-9.46,-5.45,19.855238095238093,26.617142857142838,28.2552380952381,35.017142857142844,6.761904761904745,4.290393096836084,9.448271694464587,False,False
2017-03-17,149.54,142.21,146.08,150.35,115.47619047619048,122.66666666666667,145.0942793224672,147.91515591007976,144.57142857142856,7.329999999999984,6.539999999999992,3.8700000000000045,3.1200000000000045,3.4599999999999795,5.705155910079753,2.3614285714285472,-1.8351559100797488,4.968571428571437,0.030000000000001137,-0.8900000000000148,-0.8600000000000136,-0.7599999999999909,-0.8799999999999955,-1.6399999999999864,-0.009999999999990905,-1.8799999999999955,-1.8899999999999864,-0.6800000000000068,-0.7700000000000102,-1.450000000000017,-1.2857142857142776,-1.0238095238095184,-2.309523809523796,-0.4285714285714306,-0.452380952380949,-0.8809523809523796,-0.7350591243208839,-0.639181847235534,-1.374240971556418,-1.0424220449601194,-0.6163886874546733,-1.6588107324147927,-0.8571428571428612,-0.8095238095238244,-1.6666666666666856,-1.98,-9.3,-5.5,19.543333333333337,26.733809523809526,27.683333333333323,34.87380952380951,7.19047619047619,5.255720677532793,9.475465313028764,False,False
2017-03-24,149.42,140.82,144.92,150.04,113.92857142857143,121.23809523809524,144.32726110578457,146.47389412617838,143.26190476190476,8.599999999999994,8.150000000000006,4.099999999999994,3.469999999999999,4.5,5.653894126178386,2.441904761904766,-1.5538941261783918,6.158095238095228,-0.3200000000000216,-0.9199999999999875,-1.240000000000009,-0.7700000000000102,-0.9199999999999875,-1.6899999999999977,-0.14000000000001478,-1.9199999999999875,-2.0600000000000023,-0.6899999999999977,-0.7800000000000011,-1.4699999999999989,-1.547619047619051,-1.0476190476190368,-2.595238095238088,-0.4047619047619122,-0.5238095238095184,-0.9285714285714306,-0.623202301054647,-0.5433045701502124,-1.1665068712048594,-0.888324873096451,-0.5982596084118939,-1.4865844815083449,-0.809523809523796,-0.7380952380952408,-1.5476190476190368,-1.52,-10.12,-6.01,19.581904761904752,26.891428571428563,28.80190476190475,36.11142857142856,7.30952380952381,5.71273889421542,9.466400773507372,False,False
2017-03-31,154.46,144.67,149.54,153.87,117.40476190476191,123.95238095238096,147.92265899648447,150.42603335750545,146.97619047619048,9.79000000000002,10.0,4.8700000000000045,4.730000000000018,4.920000000000016,5.7560333575054585,2.306190476190494,-0.886033357505454,7.483809523809526,-0.9199999999999875,0.8799999999999955,-0.03999999999999204,-0.710000000000008,-0.7800000000000011,-1.490000000000009,-0.5700000000000216,-1.5999999999999943,-2.170000000000016,-0.3199999999999932,-0.6700000000000159,-0.9900000000000091,-1.1904761904761898,-0.857142857142847,-2.047619047619037,-0.5714285714285552,-0.6190476190476346,-1.1904761904761898,-0.4793863854266647,-0.4474272930648624,-0.9268136784915271,-0.543872371283527,-0.6345177664974528,-1.1783901377809798,-0.7380952380952408,-0.7380952380952408,-1.4761904761904816,0.19,-9.6,-4.88,20.717619047619024,27.265238095238075,29.91761904761904,36.46523809523809,6.547619047619051,5.9473410035155325,9.983079526226733,False,False
2017-04-07,160.97,151.27,155.63,160.01,122.07142857142858,129.42857142857142,153.41962288271012,155.9040367416002,152.83333333333331,9.699999999999989,5.460000000000008,4.359999999999985,4.75,5.340000000000003,4.634036741600198,1.5633333333333042,-0.27403674160021296,8.136666666666684,3.4399999999999977,-2.3400000000000034,1.0999999999999943,-0.799999999999983,-0.9399999999999977,-1.7399999999999807,-1.1899999999999977,-0.8499999999999943,-2.039999999999992,-0.6800000000000068,-0.8100000000000023,-1.490000000000009,-1.0714285714285552,-0.8333333333333428,-1.904761904761898,-0.6666666666666856,-0.4761904761904816,-1.1428571428571672,-0.43144774688397547,-0.3994886545222016,-0.8309364014061771,-0.5257432922407475,-0.7463137539279785,-1.272057046168726,-0.6666666666666856,-0.690476190476204,-1.3571428571428896,0.4,-9.3,-4.92,21.841428571428594,29.198571428571427,30.581428571428575,37.93857142857141,7.357142857142833,6.590377117289876,10.076746434614455,False,False
2017-04-14,166.59,156.09,160.75,164.98,126.64285714285714,133.30952380952382,157.9194630872483,160.4544355813391,157.76190476190476,10.5,6.310000000000002,4.659999999999997,4.200000000000017,5.840000000000003,4.364435581339109,1.6719047619047558,0.2955644186608879,8.828095238095244,3.4000000000000057,-3.5900000000000034,-0.18999999999999773,-0.789999999999992,-1.0,-1.789999999999992,-0.3300000000000125,-0.9099999999999966,-1.240000000000009,-0.7800000000000011,-0.8200000000000216,-1.6000000000000227,-0.9761904761904816,-0.7619047619047592,-1.7380952380952408,-0.9761904761904532,-0.6428571428571672,-1.6190476190476204,-0.8788750399488663,-0.4186641099392716,-1.297539149888138,-0.6707759245830403,-0.7130771090162114,-1.3838530335992516,-0.7380952380952124,-0.6666666666666856,-1.404761904761898,0.95,-9.55,-4.79,22.78047619047618,29.447142857142865,31.670476190476165,38.33714285714285,6.666666666666686,7.060536912751701,9.970993473531545,False,False
2017-04-21,160.79,151.07,154.98,159.37,121.61904761904762,127.69047619047619,154.74592521572384,155.60188542422046,153.14285714285714,9.719999999999999,5.599999999999994,3.9099999999999966,3.6899999999999977,5.810000000000002,4.531885424220462,2.0728571428571456,-0.6218854242204657,7.647142857142853,3.4199999999999875,-3.4199999999999875,0.0,-0.700000000000017,-0.8799999999999955,-1.5800000000000125,-0.4800000000000182,-0.8799999999999955,-1.3600000000000136,-0.7800000000000011,-0.8299999999999841,-1.6099999999999852,-1.0,-0.8095238095238102,-1.8095238095238102,-1.1904761904761898,-0.8333333333333144,-2.023809523809504,-0.4634068392457493,-0.46340683924577775,-0.9268136784915271,-0.7251631617113787,-0.7463137539279785,-1.4714769156393572,-0.5952380952380736,-0.6666666666666856,-1.2619047619047592,0.57,-9.15,-5.2,23.379523809523803,29.450952380952373,31.679523809523815,37.750952380952384,6.071428571428569,4.624074784276161,9.910563210055594,False,False
2017-04-28,152.68,144.16,147.09,152.72,117.47619047619048,123.19047619047619,147.13966123362093,149.23555716702924,146.4047619047619,8.52000000000001,4.289999999999992,2.930000000000007,2.6999999999999886,5.590000000000003,5.075557167029245,2.2447619047619014,-2.1455571670292386,6.275238095238109,3.530000000000001,-3.6200000000000045,-0.09000000000000341,-0.700000000000017,-0.7199999999999989,-1.420000000000016,-0.46999999999999886,-0.8799999999999955,-1.3499999999999943,-0.4399999999999977,-0.710000000000008,-1.1500000000000057,-0.7857142857142776,-0.6428571428571388,-1.4285714285714164,-1.095238095238102,-0.7380952380952266,-1.8333333333333286,-0.4474272930648908,-0.5912432086928732,-1.038670501757764,-0.7765288856659538,-0.9940778341793362,-1.77060671984529,-0.8571428571428612,-0.7857142857142776,-1.6428571428571388,-0.34,-8.85,-6.07,20.969523809523807,26.683809523809515,29.52952380952381,35.24380952380952,5.714285714285708,5.580338766379072,9.62351945854484,False,False
2017-05-05,140.57,137.68,140.52,145.57,112.40476190476191,119.16666666666666,140.30041546820067,143.41612279429538,140.42857142857142,2.8899999999999864,6.939999999999998,2.8400000000000034,2.6500000000000057,0.04999999999998295,5.736122794295369,2.7485714285714096,-2.8961227942953656,0.1414285714285768,-5.1200000000000045,-1.1100000000000136,-6.230000000000018,-1.0699999999999932,-1.0900000000000034,-2.1599999999999966,-0.8799999999999955,-1.0999999999999943,-1.9799999999999898,-0.7199999999999989,-0.8000000000000114,-1.5200000000000102,-0.857142857142847,-0.642857142857153,-1.5,-0.785714285714306,-0.5476190476190368,-1.3333333333333428,-0.4953659316075516,-0.7670182166826294,-1.262384148290181,-0.9608411892675974,-0.9880348078317525,-1.9488759970993499,-0.8333333333333428,-0.8809523809523796,-1.7142857142857224,-6.17,-9.07,-6.37,18.51333333333335,25.275238095238095,26.403333333333336,33.16523809523808,6.761904761904745,5.269584531799325,9.895455644186608,False,False
2017-05-12,145.28,138.03,141.06,147.13,112.04761904761905,118.99999999999999,140.63598593799935,143.8753927967126,141.66666666666666,7.25,7.789999999999992,3.030000000000001,2.569999999999993,4.219999999999999,5.845392796712588,3.636666666666656,-2.8153927967125867,3.613333333333344,-1.9399999999999977,-1.0300000000000011,-2.969999999999999,-1.4000000000000057,-1.049999999999983,-2.4499999999999886,-0.9399999999999977,-1.0500000000000114,-1.990000000000009,-0.539999999999992,-0.7300000000000182,-1.2700000000000102,-0.904761904761898,-0.7619047619047592,-1.6666666666666572,-0.7619047619047734,-0.5238095238095326,-1.285714285714306,-0.4953659316075232,-0.5273250239693255,-1.0226909555768486,-0.8641527677060594,-0.8278946096205004,-1.6920473773265599,-0.5476190476190368,-0.6428571428571672,-1.190476190476204,-2.57,-9.82,-6.61,19.030000000000015,25.98238095238095,28.13000000000001,35.082380952380944,6.952380952380935,6.494014062000645,9.608411892675852,False,False
2017-05-19,150.76,143.15,147.21,153.75,117.26190476190476,124.66666666666666,148.24224992010224,149.12980420594633,146.85714285714286,7.609999999999985,6.689999999999998,4.060000000000002,3.5400000000000205,3.549999999999983,5.979804205946323,3.7071428571428555,-1.9198042059463205,3.9028571428571297,-0.6299999999999955,-1.0600000000000023,-1.6899999999999977,-1.549999999999983,-1.0700000000000216,-2.6200000000000045,-1.0300000000000011,-1.1099999999999852,-2.1399999999999864,-0.6200000000000045,-0.789999999999992,-1.4099999999999966,-0.7857142857142776,-0.6190476190476346,-1.4047619047619122,-0.4761904761904958,-0.357142857142847,-0.8333333333333428,-0.1118568232662085,-0.5273250239693539,-0.6391818472355624,-0.8067440174039291,-0.719120135363795,-1.5258641527677241,-0.4523809523809348,-0.5714285714285836,-1.0238095238095184,-3.44,-11.05,-6.99,18.48333333333335,25.888095238095246,29.083333333333343,36.48809523809524,7.404761904761898,5.507750079897761,9.62351945854484,False,False
2017-05-26,155.68,147.95,152.07,158.59,120.11904761904762,126.47619047619047,151.74177053371682,152.56828619772782,150.21428571428572,7.730000000000018,7.550000000000011,4.1200000000000045,4.02000000000001,3.6100000000000136,4.6182861977278264,2.2642857142857338,-0.4982861977278219,5.465714285714284,-0.6500000000000057,-0.8899999999999864,-1.539999999999992,-0.8300000000000125,-0.9099999999999966,-1.740000000000009,-0.7300000000000182,-1.299999999999983,-2.030000000000001,-0.47999999999998977,-0.6500000000000057,-1.1299999999999955,-0.6666666666666572,-0.4761904761904816,-1.1428571428571388,-0.6904761904761898,-0.5,-1.1904761904761898,0.11185682326623692,-0.41546820070311696,-0.30361137743688005,-0.42905487067923787,-0.6798404641044158,-1.1088953347836537,-0.21428571428569398,-0.4761904761904816,-0.6904761904761756,-3.47,-11.2,-7.09,21.47380952380952,27.83095238095237,32.113809523809536,38.47095238095238,6.357142857142847,6.848229466283186,10.016316171138506,False,False
2017-06-02,149.18,140.84,145.29,151.28,115.47619047619048,121.42857142857143,144.2953020134228,146.40137781000723,143.85714285714286,8.340000000000003,7.900000000000006,4.449999999999989,4.640000000000015,3.890000000000015,5.5613778100072295,3.017142857142858,-1.111377810007241,5.322857142857146,-0.539999999999992,-1.039999999999992,-1.579999999999984,-0.9799999999999898,-1.0500000000000114,-2.030000000000001,-1.170000000000016,-1.6999999999999886,-2.8700000000000045,-0.6099999999999852,-0.910000000000025,-1.5200000000000102,-0.5714285714285694,-0.4285714285714306,-1.0,-0.8809523809523654,-0.642857142857153,-1.5238095238095184,-0.04793863854266078,-0.623202301054647,-0.6711409395973078,-0.6949480299734319,-0.8883248730964226,-1.5832729030698545,-0.3333333333333428,-0.5952380952380736,-0.9285714285714164,-3.75,-12.08,-7.64,19.411428571428573,25.363809523809522,29.85142857142857,35.80380952380952,5.952380952380949,6.984697986577203,9.955885907662559,True,False
2017-06-09,141.89,132.72,136.27,143.9,110.85714285714286,116.02380952380952,136.08181527644612,139.72383369591492,136.9047619047619,9.169999999999987,8.090000000000003,3.5500000000000114,2.6499999999999773,5.619999999999976,7.0038336959149206,4.184761904761899,-3.453833695914909,4.985238095238088,-0.9700000000000273,-1.259999999999991,-2.230000000000018,-2.0500000000000114,-1.7199999999999989,-3.7700000000000102,-1.1499999999999773,-3.030000000000001,-4.179999999999978,-0.8700000000000045,-1.1599999999999966,-2.030000000000001,-0.5,-0.4999999999999858,-0.9999999999999858,-0.8571428571428754,-0.6904761904761756,-1.547619047619051,-0.20773410035155848,-0.7190795781399686,-0.9268136784915271,-0.8127870437515128,-0.9276045443558019,-1.7403915881073146,-0.595238095238102,-0.6904761904761756,-1.2857142857142776,-3.13,-12.3,-8.75,16.69619047619048,21.862857142857138,27.876190476190487,33.042857142857144,5.166666666666657,7.818184723553884,10.016316171138506,False,False
2017-06-16,141.29,130.89,134.09,142.5,107.83333333333333,113.47619047619047,135.10706295941193,138.04387237128353,135.16666666666669,10.400000000000006,8.73999999999998,3.200000000000017,2.269999999999982,7.199999999999989,7.153872371283541,4.276666666666699,-3.9538723712835235,6.123333333333306,-0.28000000000000114,-1.1200000000000045,-1.4000000000000057,-1.9400000000000261,-1.4399999999999977,-3.380000000000024,-1.009999999999991,-2.8799999999999955,-3.8899999999999864,-0.75,-1.0600000000000023,-1.8100000000000023,-0.5238095238095184,-0.5476190476190652,-1.0714285714285836,-0.7142857142857224,-0.6904761904761898,-1.4047619047619122,-0.5113454777884385,-0.7190795781399686,-1.2304250559284071,-0.6707759245830403,-0.791636451534913,-1.4624123761179533,-0.5238095238095184,-0.5952380952380736,-1.119047619047592,-1.7,-12.1,-8.9,17.41380952380952,23.056666666666658,29.023809523809533,34.66666666666667,5.642857142857139,7.392937040588066,10.061638868745467,False,False
2017-06-23,139.55,126.93,130.76,138.28,102.71428571428571,108.80952380952381,132.53435602428888,134.84408992023205,131.33333333333331,12.620000000000005,9.609999999999985,3.829999999999984,3.329999999999984,8.79000000000002,7.914089920232044,4.403333333333308,-4.08408992023206,8.216666666666697,1.6000000000000227,-0.9699999999999989,0.6300000000000239,-1.4099999999999966,-1.6599999999999966,-3.069999999999993,-0.9099999999999966,-2.740000000000009,-3.6500000000000057,-0.7199999999999989,-0.9099999999999966,-1.6299999999999955,-0.595238095238102,-0.5476190476190368,-1.1428571428571388,-0.5238095238095326,-0.5952380952380878,-1.1190476190476204,-0.2716522850751062,-0.5433045701502124,-0.8149568552253186,-0.38675368624606676,-0.6526468455402608,-1.0394005317863275,-0.4761904761904816,-0.7142857142857224,-1.190476190476204,0.59,-12.03,-8.2,18.120476190476197,24.2157142857143,29.47047619047619,35.56571428571429,6.095238095238102,5.745643975711118,10.288252356780275,False,False
2017-06-30,146.24,131.6,136.36,142.97,106.35714285714286,111.97619047619048,136.28954937679768,139.41261783901376,135.88095238095238,14.640000000000015,8.300000000000011,4.760000000000019,3.740000000000009,9.879999999999995,7.812617839013768,4.280952380952385,-3.052617839013749,10.35904761904763,4.77000000000001,-0.8499999999999943,3.920000000000016,-1.5699999999999932,-1.3700000000000045,-2.9399999999999977,-0.549999999999983,-2.5200000000000102,-3.069999999999993,-0.5999999999999943,-0.8100000000000023,-1.4099999999999966,-0.5952380952380878,-0.547619047619051,-1.1428571428571388,-0.8333333333333286,-0.6428571428571388,-1.4761904761904674,0.06391818472354771,-0.35155001597954083,-0.2876318312559931,-0.05136572395457506,-0.4562484892433929,-0.507614213197968,-0.3809523809523796,-0.4523809523809632,-0.8333333333333428,2.68,-11.95,-7.2,19.623809523809513,25.242857142857133,30.993809523809517,36.61285714285714,5.61904761904762,6.680450623202319,10.439328015470146,False,False
2017-07-07,150.32,138.79,142.52,148.04,108.30952380952381,115.19047619047619,141.69063598593797,144.05668358714044,140.92857142857142,11.530000000000001,8.810000000000002,3.730000000000018,4.389999999999986,7.799999999999983,5.266683587140449,2.1385714285714243,-1.5366835871404305,9.391428571428577,1.509999999999991,-0.8400000000000034,0.6699999999999875,-1.210000000000008,0.3499999999999943,-0.8600000000000136,-1.8699999999999761,-0.8500000000000227,-2.719999999999999,-0.6299999999999955,-0.7600000000000193,-1.3900000000000148,-0.452380952380949,-0.452380952380949,-0.904761904761898,-0.6904761904761898,-0.6904761904761898,-1.3809523809523796,0.015979546180886928,-0.14381591562798235,-0.12783636944709542,-0.2598501329465819,-0.293086777858349,-0.5529369108049309,-0.2142857142857224,-0.3809523809523796,-0.595238095238102,0.71,-10.83,-7.1,23.599523809523802,30.480476190476182,32.8495238095238,39.73047619047618,6.88095238095238,6.349364014062019,10.348682620256223,False,False
2017-07-14,149.52,138.52,143.02,148.21,108.35714285714285,114.02380952380952,140.06072227548734,143.2620256224317,140.04761904761904,11.0,9.059999999999974,4.5,4.189999999999998,6.5,4.742025622431697,1.5276190476190266,-0.24202562243169723,9.472380952380973,1.1000000000000227,-0.7800000000000011,0.3200000000000216,-0.8400000000000034,0.12000000000000455,-0.7199999999999989,-0.5300000000000011,-0.7800000000000011,-1.3100000000000023,-0.4899999999999807,-0.6500000000000057,-1.1399999999999864,-0.4523809523809632,-0.3809523809523796,-0.8333333333333428,-0.6666666666666714,-0.7380952380952266,-1.404761904761898,-0.3195909236177954,-0.1757750079897562,-0.4953659316075516,-0.1450326323422928,-0.16920473773265599,-0.3142373700749488,-0.16666666666668561,-0.1904761904761756,-0.3571428571428612,0.4,-10.6,-6.1,24.496190476190492,30.162857142857163,34.18619047619049,39.85285714285716,5.666666666666671,8.149277724512672,10.031423737007493,False,False
2017-07-21,152.77,142.27,147.3,152.4,110.52380952380953,116.33333333333333,144.90252476829656,146.15059221658206,142.61904761904762,10.5,9.549999999999983,5.030000000000001,4.909999999999997,5.469999999999999,3.880592216582045,0.34904761904761017,1.1494077834179564,10.15095238095239,0.700000000000017,-0.6400000000000148,0.060000000000002274,-0.25,0.6599999999999966,0.4099999999999966,-0.12999999999999545,-0.6399999999999864,-0.7699999999999818,-0.4399999999999977,-0.5600000000000023,-1.0,-0.4285714285714164,-0.452380952380949,-0.8809523809523654,-0.5714285714285836,-0.7142857142857082,-1.2857142857142918,-0.14381591562801077,-0.1118568232662085,-0.25567273889421926,-0.19639835629683944,0.012086052695195804,-0.18431230360164363,-0.2380952380952408,-0.1666666666666572,-0.404761904761898,0.0,-10.5,-5.47,25.93666666666668,31.746190476190478,36.06666666666668,41.87619047619047,5.809523809523796,7.497475231703447,9.819917814841672,False,False
2017-07-28,158.43,149.61,154.72,158.47,115.11904761904762,120.85714285714285,149.8082454458293,152.2449842881315,148.59523809523807,8.819999999999993,8.460000000000008,5.109999999999985,4.860000000000014,3.710000000000008,2.634984288131477,-1.01476190476194,2.475015711868508,9.834761904761933,0.8100000000000023,-0.5,0.3100000000000023,0.45000000000001705,1.1099999999999852,1.5600000000000023,0.6999999999999886,-0.4899999999999807,0.21000000000000796,-0.37999999999999545,-0.46000000000000796,-0.8400000000000034,-0.2857142857142776,-0.3809523809523938,-0.6666666666666714,-0.095238095238102,-0.4761904761904816,-0.5714285714285836,-0.11185682326623692,-0.12783636944709542,-0.23969319271333234,-0.04834421078075479,0.27495769881556953,0.22661348803481474,-0.2380952380952408,-0.07142857142858361,-0.3095238095238244,-0.73,-9.55,-4.44,28.752857142857167,34.49095238095239,37.61285714285715,43.35095238095238,5.738095238095227,8.661754554170699,9.77459511723471,False,False
2017-08-04,163.67,154.04,159.15,164.79,117.88095238095238,124.38095238095238,156.23202301054647,157.00688905003625,152.64285714285714,9.629999999999995,9.730000000000018,5.110000000000014,5.77000000000001,4.519999999999982,2.966889050036258,-1.3971428571428532,2.1431109499637557,11.027142857142849,0.6499999999999773,-0.1799999999999784,0.46999999999999886,0.75,1.1500000000000057,1.9000000000000057,0.09000000000000341,-0.21999999999999886,-0.12999999999999545,-0.5999999999999943,-0.3200000000000216,-0.9200000000000159,-0.3095238095238102,-0.3333333333333286,-0.6428571428571388,-0.1904761904761898,-0.3095238095238102,-0.5,0.43144774688397547,0.4474272930648908,0.8788750399488663,0.5197002658931638,0.8581097413584473,1.377810007251611,0.04761904761903679,0.023809523809546818,0.07142857142858361,-1.53,-11.15,-6.05,29.659047619047612,36.15904761904761,40.40904761904761,46.90904761904761,6.5,8.557976989453522,9.838046893884458,True,False
2017-08-11,161.16,152.49,156.84,163.76,116.92857142857143,124.38095238095238,154.01086609140296,155.82245588590766,151.04761904761904,8.669999999999987,8.819999999999993,4.349999999999994,4.75,4.319999999999993,3.332455885907649,-1.4423809523809723,1.0175441140923454,10.11238095238096,0.5,-0.2599999999999909,0.2400000000000091,0.6500000000000057,1.3000000000000114,1.950000000000017,0.25,-0.2599999999999909,-0.009999999999990905,-0.3300000000000125,-0.28000000000000114,-0.6100000000000136,-0.3809523809523796,-0.3809523809523796,-0.7619047619047592,0.0952380952380878,-0.14285714285712459,-0.04761904761903679,-0.25567273889421926,0.12783636944709542,-0.12783636944712384,0.4804205946337845,0.8218515832729167,1.3022721779067012,-0.2142857142857224,-0.1428571428571388,-0.3571428571428612,-2.7,-11.37,-7.03,28.10904761904763,35.56142857142858,39.37904761904761,46.83142857142856,7.452380952380949,9.749133908597031,9.895455644186608,False,False
2017-08-18,157.3,150.4,155.08,159.64,113.09523809523809,121.69047619047619,150.99073186321505,152.87950205462897,148.26190476190476,6.900000000000006,7.769999999999982,4.680000000000007,5.3799999999999955,2.219999999999999,2.4795020546289663,-2.1380952380952465,2.2004979453710405,9.038095238095252,0.3800000000000239,-0.25,0.13000000000002387,1.25,1.990000000000009,3.240000000000009,0.5500000000000114,-0.25,0.30000000000001137,-0.4800000000000182,-0.3499999999999943,-0.8300000000000125,-0.3571428571428612,-0.3809523809523938,-0.738095238095255,0.5,0.1190476190476204,0.6190476190476204,-0.17577500798978463,0.9747523170341879,0.7989773090444032,0.44416243654825394,0.7946579647087049,1.2388204012569588,-0.07142857142855519,-0.14285714285716722,-0.2142857142857224,-3.0,-9.9,-5.22,28.709523809523816,37.30476190476192,37.9495238095238,46.5447619047619,8.595238095238102,8.64926813678494,9.819917814841672,False,False
2017-08-25,160.22,152.86,157.65,160.6,113.66666666666667,124.07142857142857,152.52476829658036,154.45068890500363,149.64285714285714,7.359999999999985,9.259999999999991,4.789999999999992,3.9399999999999977,2.569999999999993,1.590688905003617,-3.217142857142875,3.199311094996375,10.57714285714286,-0.3400000000000034,-0.25,-0.5900000000000034,1.5600000000000023,2.700000000000017,4.260000000000019,2.4099999999999966,-0.3100000000000023,2.0999999999999943,-0.4000000000000057,-0.4199999999999875,-0.8199999999999932,-0.5238095238095184,-0.452380952380949,-0.9761904761904674,0.8571428571428612,0.2380952380952408,1.095238095238102,-0.25567273889421926,0.9268136784915555,0.6711409395973362,0.6224317138022855,0.9034324389654387,1.5258641527677241,-0.023809523809518396,-0.023809523809518396,-0.04761904761903679,-0.84,-8.2,-3.41,28.788571428571444,39.19333333333334,36.528571428571425,46.93333333333332,10.404761904761898,8.075231703419632,10.31846748851825,False,False
2017-09-01,172.69,167.55,172.51,169.58,111.19047619047619,123.76190476190476,158.50111856823264,160.75356538554507,155.54761904761904,5.139999999999986,9.380000000000024,4.9599999999999795,4.3700000000000045,0.18000000000000682,-6.796434614454938,-12.002380952380975,11.756434614454918,17.14238095238096,3.609999999999985,4.840000000000003,8.449999999999989,7.850000000000023,4.679999999999978,12.530000000000001,8.439999999999998,0.8899999999999864,9.329999999999984,1.3300000000000125,1.0500000000000114,2.380000000000024,-1.3809523809523796,-1.1190476190476204,-2.5,0.2142857142857082,-0.04761904761903679,0.1666666666666714,0.3835091083413431,1.805688718440365,2.189197826781708,1.5711868503746587,1.6225525743292053,3.193739424703864,0.8333333333333144,0.595238095238102,1.4285714285714164,4.22,-0.92,4.05,43.78809523809525,56.35952380952382,45.81809523809525,58.38952380952382,12.57142857142857,11.078881431767371,10.952985255015712,True,False
2017-09-08,177.57,165.51,168.15,176.48,115.71428571428572,127.71428571428571,166.01150527325024,164.51534928692288,158.73809523809524,12.060000000000002,8.549999999999983,2.640000000000015,6.2099999999999795,9.419999999999987,-0.9946507130771067,-6.77190476190475,3.6346507130771215,18.831904761904752,9.280000000000001,0.9899999999999807,10.269999999999982,5.769999999999982,3.890000000000015,9.659999999999997,2.200000000000017,1.0,3.200000000000017,1.509999999999991,1.4099999999999966,2.9199999999999875,-1.1666666666666714,-0.9761904761904674,-2.142857142857139,0.2380952380952408,0.023809523809518396,0.2619047619047592,0.7350591243209124,2.476829658037701,3.2118887823586135,2.02743533961808,1.2962291515590891,3.323664491177169,0.8809523809523796,0.6428571428571388,1.5238095238095184,3.68,-8.39,-5.74,37.79571428571428,49.79571428571427,48.76571428571428,60.76571428571427,11.999999999999986,10.468494726749753,9.832003867536862,False,False
2017-09-15,175.57,165.35,169.6,176.56,116.85714285714285,130.64285714285714,168.2646212847555,165.25259850132946,160.04761904761904,10.219999999999999,9.150000000000006,4.25,4.160000000000025,5.969999999999999,-0.0974014986705356,-5.3023809523809575,4.347401498670536,15.522380952380956,4.719999999999999,0.6699999999999875,5.389999999999986,3.6500000000000057,3.0,6.650000000000006,3.7399999999999807,0.660000000000025,4.400000000000006,0.6800000000000068,0.7800000000000011,1.460000000000008,-1.1904761904761898,-0.9047619047619122,-2.095238095238102,0.5238095238095184,0.2619047619047592,0.7857142857142776,1.6139341642697218,2.5567273889421642,4.170661553211886,0.6768189509306524,0.8581097413584473,1.5349286922890997,0.7619047619047308,0.6190476190476488,1.3809523809523796,-0.18,-10.4,-6.15,34.707142857142856,48.49285714285715,45.91714285714286,59.702857142857155,13.785714285714292,8.29537871524451,8.158085569253082,False,False
2017-09-22,177.64,167.54,172.14,179.82,119.52380952380953,133.42857142857142,170.8692873122403,168.54906937394247,163.23809523809524,10.099999999999994,7.179999999999978,4.599999999999994,4.6299999999999955,5.5,1.0090693739424808,-4.301904761904751,3.5909306260575136,14.401904761904746,6.099999999999994,0.7099999999999795,6.809999999999974,3.1799999999999784,2.5900000000000034,5.769999999999982,3.1499999999999773,0.710000000000008,3.859999999999985,0.7599999999999909,0.8300000000000125,1.5900000000000034,-0.9047619047618838,-0.738095238095255,-1.6428571428571388,0.7619047619047592,0.5714285714285836,1.3333333333333428,2.1252796420581603,2.7484819431128074,4.873761585170968,0.8278946096205004,0.969905728788973,1.7978003384094734,0.8571428571428612,0.6666666666666572,1.5238095238095184,-1.45,-11.55,-6.95,34.111428571428576,48.01619047619046,46.39142857142858,60.29619047619046,13.904761904761884,8.950712687759705,8.00700991056321,False,False
2017-09-29,180.95,170.27,175.15,183.83,123.54761904761905,138.23809523809524,175.48737615851707,173.28075900410926,167.73809523809524,10.679999999999978,9.170000000000016,4.8799999999999955,5.070000000000022,5.799999999999983,3.0107590041092465,-2.5319047619047694,1.869240995890749,13.211904761904748,3.579999999999984,0.4800000000000182,4.060000000000002,2.0700000000000216,1.6799999999999784,3.75,1.8799999999999955,0.4800000000000182,2.3600000000000136,0.6100000000000136,0.5600000000000023,1.170000000000016,-0.7142857142857082,-0.5,-1.2142857142857082,1.1666666666666572,0.6428571428571672,1.8095238095238244,1.9175455417066019,2.604666027484825,4.522211569191427,0.7160986221900032,1.0696156635242744,1.7857142857142776,0.7380952380952408,0.7380952380952408,1.4761904761904816,-2.1,-12.78,-7.9,32.03190476190477,46.72238095238096,45.59190476190477,60.28238095238096,14.69047619047619,8.342623841482947,8.294053662073965,False,False
2017-10-06,169.42,161.75,167.33,176.42,119.54761904761905,133.5952380952381,169.12751677852347,165.51849166062362,160.88095238095235,7.6699999999999875,8.54000000000002,5.5800000000000125,5.840000000000003,2.089999999999975,3.7684916606236243,-0.8690476190476488,1.8115083393763882,8.539047619047636,0.30999999999997385,0.5500000000000114,0.8599999999999852,1.1800000000000068,0.37000000000000455,1.5500000000000114,0.9200000000000159,0.5699999999999932,1.490000000000009,0.19999999999998863,0.1599999999999966,0.3599999999999852,-0.809523809523796,-0.642857142857153,-1.452380952380949,0.5714285714285836,0.5,1.0714285714285836,1.4701182486417395,2.0294023649728388,3.4995206136145782,0.2810007251631532,0.3958182257674707,0.6768189509306239,0.1904761904761756,0.3333333333333428,0.5238095238095184,-6.68,-14.35,-8.77,28.154761904761898,42.20238095238095,42.824761904761885,56.87238095238094,14.047619047619051,7.292483221476516,8.547860768672951,False,False
2017-10-13,169.9,162.02,167.49,176.97,120.8809523809524,134.64285714285714,168.61617130073503,165.5517283055354,161.14285714285717,7.8799999999999955,8.329999999999984,5.469999999999999,5.930000000000007,2.4099999999999966,3.531728305535381,-0.877142857142843,1.9382716944646177,8.757142857142838,0.9200000000000159,0.4199999999999875,1.3400000000000034,1.3700000000000045,-0.38999999999998636,0.9800000000000182,0.9099999999999966,0.410000000000025,1.3200000000000216,0.06999999999999318,0.21999999999999886,0.28999999999999204,-0.7380952380952266,-0.5238095238095184,-1.261904761904745,0.5238095238095184,0.5238095238095184,1.0476190476190368,1.677852348993298,1.565995525727061,3.243847874720359,-0.03625815808558741,0.21150592216579867,0.17524776408021125,-0.023809523809489974,0.309523809523796,0.285714285714306,-6.92,-14.8,-9.32,27.37714285714287,41.139047619047616,42.32714285714286,56.089047619047605,13.761904761904745,8.353828699264966,7.976794778825235,False,False
2017-10-20,173.7,165.22,170.85,180.15,123.11904761904762,137.54761904761907,170.82134867369763,168.21972443799854,163.7857142857143,8.47999999999999,7.259999999999991,5.6299999999999955,5.590000000000003,2.8499999999999943,2.9997244379985375,-1.4342857142856928,2.630275562001458,9.914285714285683,1.6599999999999966,0.46999999999999886,2.1299999999999955,0.4399999999999977,0.020000000000010232,0.46000000000000796,0.47999999999998977,0.4800000000000182,0.960000000000008,0.0,0.15000000000000568,0.15000000000000568,-0.6190476190476204,-0.4761904761904816,-1.095238095238102,0.6666666666666856,0.6666666666666572,1.3333333333333428,1.9335250878874888,0.9747523170342163,2.908277404921705,-0.09366690838771774,0.03323664491173872,-0.06043026347597902,-0.23809523809521238,0.2857142857142776,0.04761904761906521,-6.73,-15.2,-9.58,27.672380952380934,42.10095238095238,42.60238095238094,57.030952380952385,14.428571428571445,9.328651326302378,7.62932076383853,False,False
2017-10-27,176.27,167.04,172.8,182.74,125.28571428571428,139.95238095238096,170.83732821987851,171.02066715010878,166.26190476190476,9.230000000000018,9.240000000000009,5.760000000000019,5.860000000000014,3.469999999999999,3.9806671501087862,-0.7780952380952328,1.779332849891233,10.008095238095251,0.6400000000000148,0.47999999999998977,1.1200000000000045,0.6500000000000057,-0.29000000000002046,0.3599999999999852,0.5500000000000114,0.46000000000000796,1.0100000000000193,-0.009999999999990905,0.06999999999999318,0.060000000000002274,-0.5,-0.285714285714306,-0.785714285714306,0.5,0.6428571428571672,1.1428571428571672,1.4221796100990503,0.5752636625120147,1.997443272611065,0.3776891467246912,0.22963500120860658,0.6073241479332978,-0.1428571428571388,0.11904761904759198,-0.023809523809546818,-6.97,-16.2,-10.44,27.08761904761903,41.754285714285714,42.787619047619046,57.45428571428573,14.666666666666686,11.902671780121494,9.487551365723954,False,False
2017-11-03,180.87,170.68,176.28,187.3,130.0,145.45238095238096,175.37551933525086,176.36572395455644,171.04761904761907,10.189999999999998,9.560000000000002,5.599999999999994,5.0,4.590000000000003,5.685723954556437,0.3676190476190584,-0.08572395455644255,9.82238095238094,0.46999999999999886,0.6500000000000057,1.1200000000000045,-0.1599999999999966,-0.6699999999999875,-0.8299999999999841,0.4399999999999977,0.6400000000000148,1.0800000000000125,0.010000000000019327,0.1699999999999875,0.18000000000000682,-0.5238095238095184,-0.2619047619047592,-0.7857142857142776,0.7142857142857224,0.6428571428571388,1.3571428571428612,1.0067114093959901,0.17577500798978463,1.1824864173857748,0.38373217307230334,0.28402223833694507,0.6677544114092484,0.09523809523813043,0.23809523809521238,0.3333333333333428,-6.51,-16.7,-11.1,25.227619047619044,40.68000000000001,41.84761904761905,57.30000000000001,15.452380952380963,11.924480664749154,10.877447425670775,True,False
2017-11-10,187.7,176.93,183.59,193.35,135.83333333333331,151.85714285714286,181.01629913710445,183.05535412134398,178.33333333333334,10.769999999999982,9.969999999999999,6.659999999999997,5.839999999999975,4.109999999999985,6.125354121343975,1.403333333333336,0.534645878656022,9.366666666666646,0.14999999999997726,0.7600000000000193,0.9099999999999966,-0.6500000000000057,-0.589999999999975,-1.2399999999999807,0.17000000000001592,0.7800000000000011,0.950000000000017,-0.3300000000000125,0.12000000000000455,-0.21000000000000796,-0.5476190476190652,-0.404761904761898,-0.9523809523809632,0.5,0.6190476190476204,1.1190476190476204,0.3036113774368516,-0.3994886545222016,-0.09587727708534999,0.16316171138510072,0.4381194102006134,0.6012811215857141,0.11904761904764882,0.21428571428569398,0.3333333333333428,-5.9,-16.67,-10.02,25.072857142857146,41.09666666666669,41.49285714285713,57.51666666666668,16.023809523809547,12.33370086289554,12.016557892192411,False,False
2017-11-17,185.76,174.1,182.18,191.93,133.0952380952381,148.23809523809524,178.34771492489608,180.1698090403674,175.83333333333331,11.659999999999997,10.22999999999999,8.080000000000013,6.599999999999994,3.579999999999984,6.069809040367403,1.73333333333332,2.0101909596326095,9.926666666666677,0.12000000000000455,0.9499999999999886,1.0699999999999932,-1.3100000000000023,-0.4300000000000068,-1.740000000000009,0.17000000000001592,0.9799999999999898,1.1500000000000057,-0.3199999999999932,0.13999999999998636,-0.18000000000000682,-0.4523809523809632,-0.309523809523796,-0.7619047619047592,0.2619047619047592,0.4285714285714448,0.690476190476204,-0.35155001597956925,-0.23969319271330392,-0.5912432086928732,-0.06345177664977086,0.2719361856417777,0.20848440899200682,0.07142857142858361,0.21428571428566556,0.28571428571424917,-6.41,-18.07,-9.99,25.861904761904754,41.00476190476189,43.691904761904766,58.834761904761905,15.142857142857139,13.582285075103925,11.41527677060672,False,False
2017-11-24,186.7,178.2,187.44,193.84,136.83333333333334,150.23809523809524,179.3544263342921,183.76843123036016,178.26190476190476,8.5,8.22999999999999,9.240000000000009,8.95999999999998,-0.7400000000000091,5.568431230360176,0.06190476190477057,3.6715687696398334,8.43809523809523,0.1699999999999875,0.9499999999999886,1.1199999999999761,-0.10000000000002274,0.09000000000000341,-0.010000000000019327,0.18000000000000682,0.9499999999999886,1.1299999999999955,-0.25,0.15000000000000568,-0.09999999999999432,-0.2380952380952408,0.07142857142858361,-0.1666666666666572,0.6666666666666572,0.6190476190476204,1.2857142857142776,-0.15979546180886928,-0.2876318312559931,-0.4474272930648624,0.9215615180082182,0.4320763838530297,1.3536379018612479,0.1904761904761756,0.45238095238099163,0.6428571428571672,-7.65,-16.15,-6.91,27.961904761904748,41.366666666666646,43.60190476190476,57.00666666666666,13.404761904761898,14.485573665707904,13.642131979695431,False,False
2017-12-01,185.88,177.12,185.84,193.09,137.69047619047618,151.35714285714286,179.99360818152763,182.68370800096687,177.45238095238096,8.759999999999991,8.220000000000027,8.719999999999999,8.300000000000011,0.03999999999999204,5.563708000966869,0.33238095238095866,3.1562919990331295,8.427619047619032,0.2699999999999818,0.9000000000000057,1.1699999999999875,-0.2699999999999818,0.1599999999999966,-0.10999999999998522,0.15000000000000568,0.8899999999999864,1.039999999999992,-0.2400000000000091,0.17000000000001592,-0.06999999999999318,-0.11904761904764882,0.14285714285716722,0.023809523809518396,1.2380952380952408,0.6666666666666572,1.904761904761898,-0.2876318312559647,-0.4634068392457493,-0.751038670501714,0.6586898718878444,0.20244138264442313,0.8611312545322676,0.0,0.285714285714306,0.285714285714306,-7.45,-16.21,-7.49,25.762857142857143,39.42952380952383,41.73285714285714,55.39952380952383,13.666666666666686,13.09639181847237,12.554387237128353,True,False
2017-12-08,183.45,175.98,184.61,189.91,135.76190476190476,148.64285714285714,177.00543304570147,180.10937877689148,176.11904761904762,7.469999999999999,7.180000000000007,8.630000000000024,8.370000000000005,-1.160000000000025,4.129378776891485,0.13904761904763063,4.5006212231085385,7.330952380952368,0.7399999999999807,1.5300000000000011,2.269999999999982,0.44999999999998863,1.210000000000008,1.6599999999999966,0.710000000000008,1.5100000000000193,2.2200000000000273,-0.0800000000000125,0.710000000000008,0.6299999999999955,-0.1428571428571388,0.023809523809518396,-0.1190476190476204,0.595238095238102,0.5,1.095238095238102,-0.36752956216042776,-0.6391818472355624,-1.0067114093959901,0.054387237128366905,0.5257432922407759,0.5801305293691428,0.2380952380952408,0.5,0.7380952380952408,-6.43,-13.9,-5.28,27.33714285714285,40.21809523809523,41.26714285714286,54.14809523809524,12.88095238095238,12.90456695429853,12.010514865844815,False,False
2017-12-15,186.41,179.06,189.48,192.04,136.21428571428572,150.95238095238093,181.06423777564711,183.44512932076384,178.7380952380952,7.349999999999994,7.389999999999986,10.419999999999987,10.219999999999999,-3.069999999999993,4.385129320763838,-0.3219047619047899,6.03487067923615,7.671904761904784,0.4000000000000057,1.6499999999999773,2.049999999999983,0.4399999999999977,1.3799999999999955,1.8199999999999932,0.6399999999999864,1.5999999999999943,2.2399999999999807,-0.09000000000000341,0.6800000000000068,0.5900000000000034,-0.07142857142855519,0.1428571428571388,0.07142857142858361,1.4999999999999716,0.880952380952408,2.3809523809523796,-0.22371364653247383,0.09587727708532157,-0.12783636944715226,0.21452743533964735,0.6919265167995832,0.9064539521392305,0.33333333333328596,0.5476190476190652,0.8809523809523512,-6.05,-13.4,-2.99,28.107619047619067,42.84571428571428,41.08761904761906,55.82571428571427,14.738095238095212,10.975762224352877,12.20389170896785,False,False
2017-12-22,187.44,181.14,190.01,194.58,137.88095238095238,153.28571428571428,183.14157877916261,186.00435097897028,181.04761904761907,6.300000000000011,7.170000000000016,8.870000000000005,8.420000000000016,-2.569999999999993,4.864350978970293,-0.09238095238092114,4.005649021029711,6.3923809523809325,-0.5200000000000102,1.7900000000000205,1.2700000000000102,0.3499999999999943,1.4799999999999898,1.829999999999984,0.799999999999983,1.7900000000000205,2.5900000000000034,-0.18999999999999773,0.7800000000000011,0.5900000000000034,-0.1428571428571388,0.0,-0.1428571428571388,1.0952380952380736,0.9047619047619264,2.0,-0.41546820070311696,0.35155001597954083,-0.06391818472357613,0.1812907904278518,0.7916364515349414,0.9729272419627932,0.23809523809526922,0.714285714285694,0.9523809523809632,-7.28,-13.58,-4.71,27.85428571428571,43.25904761904761,41.294285714285735,56.69904761904763,15.404761904761898,11.438421220837398,12.131375392796711,False,False
2017-12-29,195.93,188.71,198.4,205.16,142.78571428571428,158.95238095238096,191.01629913710448,192.02018370800096,186.69047619047618,7.219999999999999,7.269999999999982,9.689999999999998,9.039999999999992,-2.469999999999999,3.310183708000949,-2.0195238095238324,6.379816291999049,9.239523809523831,0.950000000000017,2.519999999999982,3.469999999999999,1.0,1.8799999999999955,2.8799999999999955,1.6500000000000057,2.530000000000001,4.180000000000007,0.3100000000000023,1.8400000000000034,2.1500000000000057,-0.07142857142858361,0.04761904761906521,-0.023809523809518396,1.190476190476204,0.9047619047619264,2.0952380952381304,-0.4186641099392716,0.7574304889741086,0.338766379034837,0.25078559342520634,1.1088953347836252,1.3596809282088316,0.3809523809523796,0.809523809523796,1.1904761904761756,-7.13,-14.35,-4.66,29.757619047619045,45.92428571428573,46.20761904761903,62.37428571428572,16.166666666666686,14.143700862895514,11.965192168237854,False,False
2018-01-05,199.9,191.41,200.47,207.05,146.0952380952381,160.78571428571428,193.01374240971555,195.0054387237128,191.3095238095238,8.490000000000009,8.699999999999989,9.060000000000002,8.449999999999989,-0.5699999999999932,3.5954387237128174,-0.1004761904762006,5.464561276287185,8.59047619047621,1.950000000000017,1.9599999999999795,3.9099999999999966,2.1599999999999966,1.0999999999999943,3.259999999999991,2.7700000000000102,1.9499999999999886,4.719999999999999,1.990000000000009,2.6999999999999886,4.689999999999998,0.1190476190476204,0.285714285714306,0.4047619047619264,1.2380952380952124,0.9047619047619264,2.142857142857139,-0.35794183445187855,0.4186641099392716,0.06072227548739306,1.1451534928692126,1.111916847957474,2.2570703408266866,0.809523809523796,1.0238095238095184,1.8333333333333144,-5.01,-13.5,-4.44,30.62428571428572,45.314761904761895,46.264285714285734,60.95476190476191,14.690476190476176,14.036257590284464,12.237128353879623,False,False
2018-01-12,200.9,193.56,201.82,207.08,150.64285714285714,164.26190476190476,194.50303611377433,197.64321972443798,195.23809523809524,7.340000000000003,8.189999999999998,8.259999999999991,7.820000000000022,-0.9199999999999875,4.083219724437981,1.6780952380952385,4.17678027556201,5.661904761904765,0.6700000000000159,1.6899999999999977,2.3600000000000136,1.5200000000000102,1.039999999999992,2.5600000000000023,1.9599999999999795,1.670000000000016,3.6299999999999955,0.9400000000000261,1.9099999999999966,2.8500000000000227,0.2142857142857224,0.4285714285714164,0.6428571428571388,1.1428571428571388,0.9285714285714164,2.071428571428555,-0.5912432086929016,0.28763183125602154,-0.30361137743688005,0.5740875030215022,0.9578196760938056,1.5319071791153078,0.9761904761904816,0.9761904761904532,1.9523809523809348,-5.45,-12.8,-4.54,29.298095238095243,42.91714285714286,42.81809523809525,56.437142857142874,13.61904761904762,12.576963886225684,12.720570461687213,False,False
2018-01-19,202.86,194.44,202.13,206.32,151.8095238095238,165.0952380952381,195.90923617769252,198.43183466279913,195.11904761904762,8.420000000000016,9.150000000000006,7.689999999999998,7.150000000000006,0.7300000000000182,3.9918346627991355,0.6790476190476227,3.6981653372008623,7.740952380952393,0.28000000000000114,1.3900000000000148,1.670000000000016,1.009999999999991,1.0300000000000011,2.039999999999992,1.549999999999983,1.3900000000000148,2.9399999999999977,0.45999999999997954,1.460000000000008,1.9199999999999875,0.14285714285711038,0.4047619047619264,0.5476190476190368,0.9285714285714164,0.8095238095238244,1.7380952380952408,-0.15979546180886928,0.6871204857781947,0.5273250239693255,0.18733381677543548,0.8430021754894881,1.0303359922649236,0.7619047619047876,0.8571428571428328,1.6190476190476204,-3.92,-12.35,-4.66,29.344761904761896,42.6304761904762,41.22476190476189,54.5104761904762,13.285714285714306,10.410763822307473,12.762871646120377,False,False
2018-01-26,205.89,199.14,206.24,210.01,154.85714285714286,166.88095238095238,198.67369766698621,201.14817500604303,196.07142857142856,6.75,7.319999999999993,7.100000000000023,6.590000000000003,-0.35000000000002274,2.0081750060430466,-3.068571428571431,5.091824993956976,9.818571428571431,0.789999999999992,0.6399999999999864,1.4299999999999784,1.3599999999999852,1.6400000000000148,3.0,1.8700000000000045,1.6500000000000057,3.5200000000000102,0.45999999999997954,1.8000000000000114,2.259999999999991,0.2857142857142776,0.6190476190476488,0.9047619047619264,1.0238095238095184,0.904761904761898,1.9285714285714164,-0.2237136465324454,0.6871204857781947,0.4634068392457493,0.29912980420596114,0.9185400048343979,1.217669809040359,0.8809523809523512,0.97619047619051,1.8571428571428612,-3.9,-10.65,-3.55,32.25904761904761,44.282857142857125,43.12904761904761,55.15285714285713,12.023809523809518,11.336302333013776,13.188905003625814,False,False
2018-02-02,203.85,196.58,203.2,207.79,155.26190476190476,164.64285714285717,196.05305209332053,200.0997099347353,194.8095238095238,7.269999999999982,9.189999999999998,6.619999999999976,6.420000000000016,0.6500000000000057,3.519709934735289,-1.7704761904762165,3.100290065264687,9.040476190476198,-0.6899999999999977,0.8599999999999852,0.1699999999999875,1.2300000000000182,1.329999999999984,2.5600000000000023,1.4299999999999784,1.4399999999999977,2.869999999999976,0.7199999999999989,1.4399999999999977,2.1599999999999966,0.5476190476190368,0.7380952380952408,1.2857142857142776,0.7142857142857508,0.7619047619047592,1.47619047619051,-0.319590923617767,0.5752636625120147,0.2556727388942477,0.6768189509306239,1.1451534928692126,1.8219724437998366,1.214285714285694,1.0952380952381304,2.3095238095238244,-2.91,-10.19,-3.57,31.937142857142845,41.31809523809525,43.147142857142825,52.52809523809523,9.380952380952408,11.736947906679461,14.146724679719604,True,False
2018-02-09,194.06,183.77,189.66,194.25,147.47619047619048,156.0,185.45861297539145,189.9564902102973,183.92857142857142,10.289999999999992,10.900000000000006,5.889999999999986,6.170000000000016,4.400000000000006,6.186490210297279,0.15857142857140616,-0.29649021029729283,10.131428571428586,0.4300000000000068,0.9000000000000057,1.3300000000000125,1.0400000000000205,0.5300000000000011,1.5700000000000216,0.7599999999999909,0.7300000000000182,1.490000000000009,0.5800000000000125,0.7699999999999818,1.3499999999999943,0.6190476190476204,0.8571428571428612,1.4761904761904816,0.809523809523796,0.8333333333333428,1.6428571428571388,-0.6711409395973362,-0.015979546180886928,-0.6871204857782232,1.1542180323905882,1.1058738216098618,2.26009185400045,1.3809523809523796,1.1666666666666288,2.5476190476190084,0.95,-9.33,-3.44,27.77000000000001,36.29380952380953,38.25,46.77380952380952,8.523809523809518,8.791387024608554,15.18612521150592,False,False
2018-02-16,188.73,178.09,183.35,187.24,143.85714285714286,151.83333333333334,177.4049217002237,186.0859318346628,179.99999999999997,10.639999999999986,11.089999999999975,5.259999999999991,5.369999999999976,5.3799999999999955,7.995931834662798,1.9099999999999682,-2.735931834662807,8.730000000000018,0.030000000000001137,0.8100000000000023,0.8400000000000034,0.47999999999998977,0.22000000000002728,0.700000000000017,0.37000000000000455,0.45999999999997954,0.8299999999999841,0.20000000000001705,0.38999999999998636,0.5900000000000034,0.3571428571428612,0.7619047619047592,1.1190476190476204,0.7380952380952408,0.7380952380952408,1.4761904761904816,-0.7031000319590532,-0.12783636944715226,-0.8309364014062055,1.2962291515590891,0.9034324389654387,2.199661590524528,1.619047619047592,1.0,2.619047619047592,1.49,-9.15,-3.89,26.25666666666666,34.23285714285714,35.406666666666666,43.38285714285715,7.976190476190482,9.835078299776313,16.799613246313754,False,False
2018-02-23,195.79,186.29,190.83,194.55,148.76190476190476,157.16666666666669,185.65036752956212,194.36789944404157,187.45238095238096,9.5,10.29000000000002,4.5400000000000205,5.200000000000017,4.9599999999999795,8.077899444041577,1.1623809523809712,-3.5378994440415568,8.337619047619029,0.29999999999998295,0.7199999999999989,1.0199999999999818,1.0900000000000034,0.4299999999999784,1.5199999999999818,0.4300000000000068,0.5300000000000011,0.960000000000008,-0.06999999999999318,0.37000000000000455,0.30000000000001137,0.3571428571428612,0.714285714285694,1.0714285714285552,0.6190476190476488,0.6666666666666572,1.285714285714306,-0.46340683924577775,0.36752956216042776,-0.09587727708534999,2.2449842881314908,1.528885665941516,3.7738699540730067,2.1190476190476204,1.1428571428571672,3.2619047619047876,1.55,-7.95,-3.4,29.123333333333306,37.52809523809523,37.383333333333326,45.78809523809525,8.404761904761926,8.899632470437894,18.32547739908146,False,False
2018-03-02,194.46,185.36,189.73,192.55,148.0,156.23809523809524,185.07510386705016,194.70933043268067,187.8095238095238,9.099999999999994,8.400000000000006,4.369999999999976,5.02000000000001,4.730000000000018,9.34933043268066,2.4495238095237823,-4.979330432680683,6.650476190476212,1.490000000000009,0.12999999999999545,1.6200000000000045,0.7900000000000205,0.3499999999999943,1.1400000000000148,0.13999999999998636,0.3400000000000034,0.47999999999998977,0.0,0.14000000000001478,0.14000000000001478,0.3571428571428612,0.7619047619047592,1.1190476190476204,0.8809523809523796,0.6666666666666856,1.5476190476190652,-0.4634068392457209,0.223713646532417,-0.23969319271330392,2.057650471356027,1.9247038917089867,3.9823543630650136,2.4285714285714164,1.190476190476204,3.6190476190476204,1.63,-7.47,-3.1,29.121904761904773,37.360000000000014,36.31190476190477,44.55000000000001,8.23809523809524,7.474896132949851,19.005317863185883,True,False
2018-03-09,194.28,180.23,185.18,188.41,146.9047619047619,154.64285714285714,182.53435602428888,189.82052211747643,182.02380952380952,14.050000000000011,8.0,4.950000000000017,4.949999999999989,9.099999999999994,9.59052211747644,1.7938095238095286,-4.640522117476422,12.256190476190483,5.819999999999993,-3.280000000000001,2.539999999999992,-0.2300000000000182,-0.21999999999999886,-0.45000000000001705,-0.22999999999998977,-0.21999999999999886,-0.44999999999998863,-0.4399999999999977,-0.21999999999999886,-0.6599999999999966,0.309523809523796,0.6190476190476204,0.9285714285714164,0.5,0.6904761904761756,1.1904761904761756,-0.6072227548737317,-0.14381591562801077,-0.7510386705017424,1.8431230360164363,1.0877447425670823,2.9308677785835187,0.9523809523809632,0.5476190476190368,1.5,5.31,-8.74,-3.8,25.58714285714285,33.32523809523809,33.76714285714286,41.5052380952381,7.738095238095241,5.875643975711114,16.527677060671984,False,False
2018-03-16,192.39,180.06,185.01,188.61,145.97619047619048,155.14285714285714,183.44519015659952,186.36088953347834,181.42857142857144,12.329999999999984,7.530000000000001,4.949999999999989,4.909999999999997,7.3799999999999955,6.30088953347834,1.3685714285714425,-1.3508895334783517,10.961428571428542,4.429999999999978,-4.4599999999999795,-0.030000000000001137,-0.37000000000000455,-0.25,-0.6200000000000045,-0.3300000000000125,-0.25,-0.5800000000000125,-0.4399999999999977,-0.3699999999999761,-0.8099999999999739,-0.095238095238102,0.3095238095238244,0.2142857142857224,0.3571428571428328,0.6190476190476488,0.9761904761904816,0.2237136465324454,0.1597954618088977,0.3835091083413431,0.2628716461203737,0.2749576988155411,0.5378293449359148,0.5476190476190652,0.3809523809523796,0.9285714285714448,3.23,-9.1,-4.14,24.917142857142863,34.08380952380952,33.467142857142875,42.63380952380953,9.166666666666657,5.164809843400491,12.720570461687213,False,False
2018-03-23,201.49,189.39,194.86,197.42,152.76190476190476,162.99999999999997,192.20198146372638,195.5160744500846,190.28571428571428,12.100000000000023,8.609999999999985,5.470000000000027,5.5,6.6299999999999955,6.126074450084616,0.8957142857142912,-0.6560744500845885,11.204285714285732,3.2700000000000102,-3.1500000000000057,0.12000000000000455,-0.22000000000002728,-0.04999999999998295,-0.27000000000001023,-0.25,-0.07999999999998408,-0.3299999999999841,-0.3400000000000034,-0.28000000000000114,-0.6200000000000045,0.14285714285716722,0.7380952380952124,0.8809523809523796,0.9999999999999716,0.9523809523809632,1.9523809523809348,-0.07989773090443464,0.5912432086928732,0.5113454777884385,0.5861735557167265,0.6163886874546449,1.2025622431713714,0.8809523809523796,0.595238095238102,1.4761904761904816,3.39,-8.72,-3.25,26.390000000000015,36.62809523809523,34.420000000000016,44.65809523809523,10.238095238095212,5.218018536273604,13.566594150350495,False,False
2018-03-30,207.62,194.39,200.84,202.02,154.83333333333334,166.6904761904762,197.24832214765098,200.35956006768188,194.5952380952381,13.230000000000018,12.149999999999977,6.450000000000017,7.189999999999998,6.780000000000001,5.969560067681897,0.20523809523811565,0.4804399323181201,13.024761904761903,1.920000000000016,1.3199999999999932,3.240000000000009,0.839999999999975,0.18000000000000682,1.0199999999999818,0.09999999999999432,0.0800000000000125,0.18000000000000682,0.09000000000000341,0.040000000000020464,0.13000000000002387,0.190476190476204,0.7857142857142776,0.9761904761904816,1.7619047619047876,1.0714285714285836,2.8333333333333712,0.36113774368811846,1.1569191434962818,1.5180568871844002,1.0877447425670823,1.1814116509547716,2.269156393521854,1.3571428571428612,0.8571428571428612,2.2142857142857224,5.74,-7.5,-1.05,27.699523809523782,39.55666666666664,35.329523809523806,47.18666666666667,11.857142857142861,4.771677852349029,14.276649746192893,False,False
2018-04-06,202.95,190.45,195.8,197.74,150.23809523809524,161.52380952380952,194.694790667945,196.70655064056078,190.73809523809524,12.5,12.160000000000025,5.350000000000023,5.610000000000014,7.149999999999977,6.256550640560789,0.28809523809525217,-0.9065506405607664,12.211904761904748,0.839999999999975,1.5,2.339999999999975,0.5,0.45999999999997954,0.9599999999999795,0.2400000000000091,0.15000000000000568,0.3900000000000148,0.3100000000000023,0.25,0.5600000000000023,0.04761904761906521,0.5,0.5476190476190652,1.0476190476190368,1.095238095238102,2.142857142857139,0.639181847235534,1.326302333013757,1.965484180249291,1.344573362339844,0.791636451534913,2.136209813874757,1.1666666666666572,0.8333333333333428,2.0,5.35,-7.15,-1.8,28.92619047619047,40.21190476190475,36.21619047619049,47.50190476190477,11.285714285714278,3.045209332055009,14.201111916847957,False,False
2018-04-13,211.06,199.39,205.24,206.76,157.23809523809524,169.69047619047618,203.10003195909232,205.55354121343967,199.80952380952382,11.670000000000016,11.409999999999997,5.850000000000023,6.5,5.819999999999993,6.163541213439686,0.41952380952383805,-0.3135412134396631,11.250476190476178,1.5900000000000034,1.3499999999999943,2.9399999999999977,1.329999999999984,0.4900000000000091,1.8199999999999932,0.6800000000000068,0.3499999999999943,1.0300000000000011,0.8599999999999852,0.6700000000000159,1.5300000000000011,0.1428571428571388,0.690476190476204,0.8333333333333428,1.4047619047618696,1.2619047619047592,2.6666666666666288,1.4062000639181633,1.5500159795462025,2.956216043464366,1.7373700749335228,1.2237128353879427,2.9610829103214655,1.8095238095238244,1.4047619047619264,3.214285714285751,5.23,-6.45,-0.6,29.69952380952381,42.151904761904746,37.069523809523815,49.52190476190475,12.452380952380935,3.659968040907671,15.560792845056804,False,False
2018-04-20,212.63,201.81,208.28,209.02,160.9047619047619,173.47619047619048,204.0747842761265,208.43908629441626,202.3095238095238,10.819999999999993,10.129999999999995,6.469999999999999,6.97999999999999,4.349999999999994,6.629086294416254,0.4995238095237937,-0.15908629441625521,10.3204761904762,1.539999999999992,0.3199999999999932,1.8599999999999852,0.8499999999999943,0.27000000000001023,1.1200000000000045,0.3400000000000034,0.1699999999999875,0.5099999999999909,0.5900000000000034,0.3300000000000125,0.9200000000000159,0.0,0.6190476190476204,0.6190476190476204,1.5238095238095468,1.309523809523796,2.833333333333343,1.1984659635666333,0.8469159475870924,2.0453819111537257,1.4593908629441898,1.2086052695189835,2.6679961324631734,1.714285714285694,1.0476190476190368,2.7619047619047308,4.01,-6.8,-0.33,28.33380952380952,40.905238095238104,35.54380952380953,48.11523809523811,12.571428571428584,4.945215723873503,16.149987913947307,False,False
2018-04-27,214.86,206.62,212.97,214.31,162.23809523809524,177.11904761904762,208.5330776605944,212.27640802513898,206.5,8.240000000000009,8.379999999999995,6.349999999999994,5.6200000000000045,1.8900000000000148,5.656408025138973,-0.12000000000000455,0.6935919748610218,8.360000000000014,1.0400000000000205,-0.12000000000000455,0.9200000000000159,1.1800000000000068,0.3199999999999932,1.5,1.9099999999999966,0.3400000000000034,2.25,1.3100000000000023,0.6299999999999955,1.9399999999999977,0.3333333333333428,0.904761904761898,1.2380952380952408,1.880952380952408,1.2857142857142492,3.166666666666657,1.5020773410035133,0.9907318632150464,2.4928092042185597,1.6074450084602177,1.1965192168238161,2.8039642252840338,1.9523809523809632,1.0,2.952380952380963,1.79,-6.45,-0.1,29.500952380952384,44.381904761904764,37.19095238095238,52.07190476190476,14.88095238095238,5.7769223394056155,16.134880348078315,False,False
2018-05-04,214.32,205.36,211.33,213.11,162.8095238095238,176.26190476190476,207.07893895813356,210.80795262267344,205.11904761904762,8.95999999999998,8.930000000000007,5.969999999999999,5.240000000000009,2.9899999999999807,5.4479526226734265,-0.24095238095239324,0.5220473773265724,9.200952380952373,0.2599999999999909,1.1200000000000045,1.3799999999999955,0.2300000000000182,-0.020000000000010232,0.21000000000000796,0.960000000000008,0.21999999999999886,1.1800000000000068,0.8000000000000114,0.3199999999999932,1.1200000000000045,0.3333333333333428,0.904761904761898,1.2380952380952408,1.0,1.2619047619047592,2.261904761904759,1.1824864173857463,0.6551613934164209,1.8376478108021672,0.9517766497462219,0.6556683587140242,1.607445008460246,1.0,0.7619047619047592,1.7619047619047592,1.93,-7.03,-1.06,29.098095238095254,42.55047619047622,36.848095238095254,50.30047619047622,13.452380952380963,6.031061041866451,15.606115542663765,True,False
2018-05-11,221.82,212.67,219.78,220.11,168.09523809523807,182.28571428571428,213.9501438159156,217.44319555233258,211.26190476190476,9.150000000000006,9.349999999999994,7.110000000000014,6.639999999999986,2.039999999999992,4.773195552332595,-1.4080952380952283,2.3368044476674186,10.558095238095234,0.06999999999999318,1.4399999999999977,1.509999999999991,0.2699999999999818,-0.06999999999999318,0.19999999999998863,0.7400000000000091,0.45999999999997954,1.1999999999999886,0.6000000000000227,0.18999999999999773,0.7900000000000205,0.1666666666666572,0.690476190476204,0.8571428571428612,0.6190476190476204,1.0952380952380736,1.714285714285694,1.0386705017577356,0.39948865452223004,1.4381591562799656,0.694948029973375,0.5922165820643102,1.2871646120376852,0.690476190476204,0.5714285714285552,1.2619047619047592,2.05,-7.1,0.0,30.38428571428571,44.574761904761914,37.824285714285736,52.01476190476194,14.190476190476204,6.159856184084418,15.319071791153009,False,False
2018-05-18,227.18,218.08,224.62,226.28,169.78571428571428,187.5,220.80536912751674,223.23845781967609,217.4047619047619,9.099999999999994,9.009999999999991,6.539999999999992,6.149999999999977,2.5600000000000023,5.158457819676073,-0.6752380952381145,1.381542180323919,9.775238095238109,0.15000000000000568,1.240000000000009,1.3900000000000148,0.060000000000002274,-0.10999999999998522,-0.04999999999998295,0.45000000000001705,0.09999999999999432,0.5500000000000114,0.6599999999999966,0.27000000000001023,0.9300000000000068,-0.14285714285716722,0.5238095238095184,0.3809523809523512,0.285714285714306,0.9285714285714164,1.2142857142857224,1.0226909555768486,0.4314477468840039,1.4541387024608525,0.7674643461445498,0.5197002658931353,1.2871646120376852,0.6666666666666572,0.6428571428571388,1.309523809523796,1.45,-7.65,-1.1,30.580000000000013,48.294285714285735,38.78,56.49428571428572,17.714285714285722,5.47463087248326,15.243533961808074,False,False
2018-05-25,226.69,218.58,224.64,226.4,168.95238095238093,187.52380952380955,221.84403962927448,223.85182499395697,218.07142857142858,8.109999999999985,8.560000000000002,6.059999999999974,5.789999999999992,2.0500000000000114,5.271824993956955,-0.5085714285714289,0.7881750060430193,8.618571428571414,-0.5200000000000102,1.0600000000000023,0.539999999999992,-0.06999999999999318,-0.28999999999999204,-0.3599999999999852,0.19999999999998863,-0.15000000000000568,0.04999999999998295,0.3900000000000148,0.060000000000002274,0.45000000000001705,0.09523809523807358,0.7380952380952408,0.8333333333333144,-0.09523809523807358,0.8809523809523796,0.785714285714306,1.1505273250239725,0.43144774688394705,1.5819750719079195,0.5922165820643102,0.3595600676818833,0.9517766497461935,0.5000000000000284,0.5476190476190084,1.0476190476190368,0.77,-7.34,-1.28,31.056190476190466,49.62761904761908,38.87619047619046,57.44761904761907,18.571428571428612,4.555960370725529,14.896059946821367,False,False
2018-06-01,220.43,213.0,219.09,219.63,159.4047619047619,182.16666666666669,216.3790348354106,217.99311094996375,212.1904761904762,7.430000000000007,7.639999999999986,6.090000000000003,5.5800000000000125,1.3400000000000034,4.99311094996375,-0.809523809523796,1.0968890500362534,8.239523809523803,-0.45999999999997954,0.7599999999999909,0.30000000000001137,-0.25,-0.3199999999999932,-0.5699999999999932,0.2599999999999909,0.0800000000000125,0.3400000000000034,-0.15000000000000568,-0.1699999999999875,-0.3199999999999932,0.2380952380952408,0.8333333333333144,1.0714285714285552,-0.023809523809489974,0.714285714285694,0.690476190476204,1.3582614253755025,0.36752956216042776,1.7257909875359303,0.3807106598984831,0.132946579647097,0.5136572395455801,0.2619047619047592,0.3333333333333428,0.595238095238102,1.06,-6.37,-0.28,30.833333333333314,53.5952380952381,37.46333333333331,60.2252380952381,22.761904761904788,3.2509651645893882,14.155789219240996,True,False
2018-06-08,216.64,209.57,215.71,215.3,155.57142857142858,180.85714285714283,212.08053691275165,213.97147691563933,208.52380952380952,7.069999999999993,6.400000000000006,6.140000000000015,5.2900000000000205,0.9299999999999784,4.401476915639336,-1.0461904761904748,1.7385230843606791,8.116190476190468,0.1699999999999875,-0.4199999999999875,-0.25,-0.5,-0.5600000000000023,-1.0600000000000023,0.3499999999999943,0.3800000000000239,0.7300000000000182,-0.39999999999997726,-0.46000000000000796,-0.8599999999999852,0.14285714285716722,0.5476190476190368,0.690476190476204,0.6904761904761756,0.7619047619047592,1.4523809523809348,0.9268136784915271,-0.09587727708532157,0.8309364014062055,-0.2628716461203737,-0.17826927725405994,-0.44114092337443367,-0.1428571428571388,0.07142857142855519,-0.07142857142858361,0.97,-6.1,0.04,28.71285714285716,53.99857142857141,34.44285714285718,59.72857142857143,25.28571428571425,3.219463087248357,13.898960599468213,False,False
2018-06-15,215.53,208.14,213.52,215.07,157.64285714285714,180.2142857142857,211.601150527325,212.6087744742567,207.88095238095238,7.390000000000015,6.3700000000000045,5.380000000000024,4.189999999999998,2.009999999999991,4.468774474256719,-0.25904761904760676,0.9112255257433048,7.6490476190476215,0.2599999999999909,-0.4399999999999977,-0.18000000000000682,-0.7600000000000193,-0.549999999999983,-1.3100000000000023,0.4300000000000068,0.4000000000000057,0.8300000000000125,-0.30000000000001137,-0.4099999999999966,-0.710000000000008,0.3333333333333428,0.8333333333333144,1.1666666666666572,0.6904761904761472,0.9047619047619264,1.5952380952380736,0.639181847235534,-0.20773410035153006,0.4314477468840039,-0.3202803964225325,-0.29006526468452876,-0.6103456611070612,0.07142857142855519,0.09523809523813043,0.16666666666668561,0.74,-6.65,-1.27,27.925714285714292,50.49714285714285,34.8557142857143,57.427142857142854,22.571428571428555,3.4688494726750037,13.717669809040366,False,False
2018-06-22,211.69,204.69,209.56,211.12,157.73809523809524,177.97619047619048,206.00830936401402,208.91950688905004,204.2142857142857,7.0,6.260000000000019,4.8700000000000045,3.670000000000016,2.1299999999999955,4.229506889050043,-0.47571428571430374,0.6404931109499614,7.475714285714304,0.009999999999990905,-0.47999999999998977,-0.46999999999999886,-0.7299999999999898,-0.710000000000008,-1.4399999999999977,0.46999999999999886,0.4399999999999977,0.9099999999999966,-0.3100000000000023,-0.4399999999999977,-0.75,1.1666666666666572,1.3095238095238244,2.4761904761904816,0.8095238095238244,1.0,1.8095238095238244,-0.223713646532417,-0.4314477468840039,-0.6551613934164209,-0.32028039642250405,-0.31725888324874063,-0.6375392796712447,0.11904761904759198,0.190476190476204,0.309523809523796,0.41,-6.59,-1.73,26.713809523809516,46.95190476190476,33.14380952380952,53.381904761904764,20.23809523809524,5.11169063598598,13.823422770123278,False,False
2018-06-29,216.59,209.97,215.22,215.88,170.92857142857144,183.78571428571428,210.49856184084368,213.37623882040126,208.83333333333331,6.6200000000000045,5.789999999999992,5.25,4.25,1.3700000000000045,3.4062388204012564,-1.1366666666666845,1.8437611795987436,7.756666666666689,0.17000000000001592,-0.700000000000017,-0.5300000000000011,-0.6599999999999966,-0.6400000000000148,-1.3000000000000114,0.3400000000000034,0.3400000000000034,0.6800000000000068,-0.21999999999999886,-0.6299999999999955,-0.8499999999999943,3.3809523809523796,3.0000000000000284,6.380952380952408,0.4523809523809348,0.7619047619047592,1.214285714285694,-0.3355704697986823,-0.5592841163310993,-0.8948545861297816,-0.45927000241721316,-0.4683345419385887,-0.9276045443558019,-0.2142857142857224,-0.095238095238102,-0.3095238095238244,0.52,-6.1,-0.85,26.18428571428572,39.041428571428554,32.09428571428572,44.95142857142855,12.857142857142833,5.381438159156318,13.696519216823784,False,False
2018-07-06,218.5,212.37,216.49,216.68,175.49999999999997,184.66666666666666,212.320230105465,215.87805172830554,210.95238095238093,6.1299999999999955,6.039999999999992,4.1200000000000045,3.25,2.009999999999991,3.5080517283055315,-1.4176190476190698,0.6119482716944731,7.547619047619065,-0.47999999999998977,-0.5,-0.9799999999999898,-0.5699999999999932,1.4000000000000057,0.8300000000000125,0.30000000000001137,0.38999999999998636,0.6899999999999977,-0.6399999999999864,-0.6100000000000136,-1.25,5.619047619047592,5.761904761904759,11.380952380952351,0.714285714285694,0.6666666666666572,1.3809523809523512,-0.22371364653238857,-0.6232023010546754,-0.846915947587064,-0.3776891467246912,-0.006043026347583691,-0.3837321730722749,0.04761904761903679,0.023809523809546818,0.07142857142858361,0.42,-5.71,-1.59,27.703333333333347,36.87000000000003,32.01333333333335,41.180000000000035,9.166666666666686,4.35976989453502,14.39751027314479,False,False
2018-07-13,217.55,211.3,217.57,215.5,171.28571428571428,181.0,213.02333013742404,214.24643461445493,209.4047619047619,6.25,6.099999999999994,6.269999999999982,6.060000000000002,-0.01999999999998181,2.9464346144549154,-1.8952380952381134,3.3235653855450664,8.145238095238113,-0.3699999999999761,-0.5600000000000023,-0.9299999999999784,-0.5199999999999818,1.579999999999984,1.0600000000000023,-0.3100000000000023,-1.3499999999999943,-1.6599999999999966,-0.5500000000000114,-0.589999999999975,-1.1399999999999864,3.3333333333333144,4.047619047619065,7.38095238095238,0.2857142857142776,0.2142857142857224,0.5,1.3263023330137287,-0.6711409395973078,0.6551613934164209,-0.5348078317621514,-0.060430263475922175,-0.5952380952380736,0.04761904761903679,-0.023809523809518396,0.023809523809518396,1.14,-5.11,1.16,30.30000000000001,40.014285714285734,34.5,44.21428571428572,9.714285714285722,2.4766698625759602,14.548585931834662,False,False
2018-07-20,209.83,203.38,209.41,208.18,164.19047619047618,172.64285714285717,203.4515819750719,206.63524292965917,202.21428571428572,6.450000000000017,5.890000000000015,6.030000000000001,5.570000000000022,0.4200000000000159,3.2552429296591754,-1.165714285714273,2.7747570703408257,7.61571428571429,-0.09999999999999432,-0.549999999999983,-0.6499999999999773,-0.6599999999999966,1.1500000000000057,0.4900000000000091,-0.20000000000001705,-2.059999999999974,-2.259999999999991,-0.5199999999999818,-0.5100000000000193,-1.0300000000000011,2.9999999999999716,3.547619047619065,6.547619047619037,-0.14285714285711038,-0.11904761904764882,-0.2619047619047592,-0.5113454777884385,-0.7350591243208555,-1.246404602109294,-0.5710659898477104,-0.132946579647097,-0.7040125694948074,-0.07142857142855519,-0.04761904761906521,-0.1190476190476204,1.15,-5.3,0.73,30.73714285714283,39.18952380952382,35.53714285714284,43.98952380952383,8.452380952380992,4.728418024928118,13.898960599468213,False,False
2018-07-27,216.04,210.78,216.41,214.68,163.8095238095238,175.83333333333331,210.46660274848188,212.69639835629684,208.2857142857143,5.259999999999991,5.700000000000017,5.6299999999999955,5.840000000000003,-0.37000000000000455,1.9163983562968383,-2.494285714285695,3.713601643703157,7.754285714285686,-0.8200000000000216,-0.5299999999999727,-1.3499999999999943,-0.37999999999999545,1.0699999999999932,0.6899999999999977,-0.5900000000000034,-2.0200000000000102,-2.6100000000000136,-0.45999999999997954,-0.6100000000000136,-1.0699999999999932,2.809523809523796,0.9285714285714164,3.7380952380952124,-1.0476190476190936,-0.5952380952380736,-1.6428571428571672,-0.5433045701502408,-0.7510386705017709,-1.2943432406520117,-0.6466038191926486,0.07553782934493825,-0.5710659898477104,-0.023809523809489974,0.09523809523807358,0.07142857142858361,0.78,-4.48,1.15,34.94666666666669,46.970476190476205,38.84666666666669,50.87047619047621,12.023809523809518,4.213397251518131,13.747884940778341,False,False
2018-08-03,215.61,209.43,215.56,213.18,163.8095238095238,175.35714285714286,207.78203899009264,211.03456611070825,206.61904761904762,6.180000000000007,6.719999999999999,6.1299999999999955,5.689999999999998,0.05000000000001137,1.604566110708248,-2.8109523809523864,4.525433889291747,8.990952380952393,-0.29999999999998295,-0.37000000000000455,-0.6699999999999875,0.2400000000000091,1.3599999999999852,1.5999999999999943,0.6800000000000068,-0.020000000000010232,0.6599999999999966,-0.5600000000000023,-0.5199999999999818,-1.079999999999984,2.809523809523796,1.0,3.809523809523796,-0.6666666666666856,-0.28571428571424917,-0.9523809523809348,-0.7829977628635447,-0.8628954937679509,-1.6458932566314957,-0.21150592216579867,0.4381194102006134,0.22661348803481474,0.1190476190476204,0.2380952380952408,0.3571428571428612,1.89,-4.3,1.83,34.072857142857146,45.62047619047621,37.822857142857146,49.37047619047621,11.547619047619065,5.3979610099073625,13.611916847957456,True,False
2018-08-10,214.22,208.9,214.45,213.51,161.69047619047618,174.07142857142856,208.08565036752952,210.75960841189266,206.0,5.319999999999993,5.8300000000000125,5.549999999999983,6.240000000000009,-0.22999999999998977,1.8596084118926512,-2.9000000000000057,3.6903915881073317,8.219999999999999,0.13999999999998636,0.15000000000000568,0.28999999999999204,0.6500000000000057,1.5800000000000125,2.230000000000018,-0.040000000000020464,1.240000000000009,1.1999999999999886,-0.4900000000000091,-0.28000000000000114,-0.7700000000000102,1.8809523809523512,0.9285714285714448,2.809523809523796,-0.785714285714306,-0.404761904761898,-1.190476190476204,-1.0067114093959617,-0.6072227548737601,-1.6139341642697218,-0.06345177664977086,0.6163886874546733,0.5529369108049025,0.04761904761903679,0.1190476190476204,0.1666666666666572,0.22,-5.1,0.45,34.82857142857145,47.20952380952383,39.438571428571436,51.819523809523815,12.38095238095238,5.4243496324704665,12.962291515591007,False,False
2018-08-17,212.12,206.56,211.81,211.01,157.42857142857144,170.99999999999997,206.77532758069668,207.71090161953106,203.95238095238093,5.560000000000002,6.360000000000014,5.25,5.840000000000003,0.3100000000000023,1.150901619531055,-2.6076190476190675,4.099098380468945,8.16761904761907,-0.030000000000001137,2.5800000000000125,2.5500000000000114,0.7700000000000102,1.8700000000000045,2.640000000000015,0.18000000000000682,0.799999999999983,0.9799999999999898,-0.4300000000000068,-0.30000000000001137,-0.7300000000000182,1.5000000000000284,0.6666666666666572,2.1666666666666856,-0.7142857142857508,-0.3333333333333428,-1.0476190476190936,-0.47938638542663625,0.8948545861297248,0.41546820070308854,-0.4562484892434213,0.46229151559103343,0.006043026347612113,-0.07142857142858361,0.1666666666666572,0.09523809523807358,0.76,-4.8,0.45,35.56000000000003,49.13142857142856,40.01000000000002,53.581428571428546,13.571428571428527,4.234672419303308,11.950084602368864,False,False
2018-08-24,217.03,211.28,216.48,215.67,161.04761904761904,176.26190476190476,211.313518696069,212.21597776166305,208.92857142857142,5.75,6.359999999999985,5.199999999999989,5.819999999999993,0.5500000000000114,0.9359777616630538,-2.3514285714285847,4.264022238336935,8.101428571428585,0.15000000000000568,2.1599999999999966,2.3100000000000023,0.7599999999999909,1.700000000000017,2.460000000000008,0.13999999999998636,0.7599999999999909,0.8999999999999773,-0.4900000000000091,-0.3400000000000034,-0.8300000000000125,1.6904761904761756,0.7380952380952408,2.4285714285714164,-0.7619047619047592,-0.023809523809518396,-0.7857142857142776,-0.6551613934164209,0.8149568552252902,0.15979546180886928,-0.7463137539279501,0.37466763355087096,-0.3716461203770791,0.0,0.2142857142857224,0.2142857142857224,0.7,-5.05,0.15,35.01809523809524,50.232380952380964,39.40809523809523,54.62238095238095,15.214285714285722,4.356481303930991,11.753686246072032,False,False
2018-08-31,225.64,218.86,223.41,223.16,165.21428571428572,183.0952380952381,218.93576222435277,219.4102006284747,215.7142857142857,6.779999999999973,6.650000000000006,4.549999999999983,5.690000000000026,2.2299999999999898,0.5502006284746983,-3.1457142857143197,3.9997993715252846,9.925714285714292,0.8499999999999943,2.5,3.3499999999999943,0.7200000000000273,1.8799999999999955,2.6000000000000227,-0.4200000000000159,1.0,0.5799999999999841,-0.5200000000000102,-0.3100000000000023,-0.8300000000000125,0.880952380952408,0.7380952380952408,1.6190476190476488,-0.6666666666666856,0.3333333333333428,-0.3333333333333428,-0.5113454777884385,0.8149568552252902,0.3036113774368516,-0.7523567802755906,0.4230118443316542,-0.32934493594393643,-0.2619047619047592,0.28571428571424917,0.023809523809489974,1.75,-5.03,-0.49,35.76476190476191,53.64571428571429,40.064761904761895,57.945714285714274,17.88095238095238,4.224237775647225,11.738578680203046,False,False
2018-09-07,224.34,218.12,223.32,222.91,163.16666666666666,184.2380952380952,219.6069031639501,219.64890016920475,216.2857142857143,6.219999999999999,5.47999999999999,5.199999999999989,6.469999999999999,1.0200000000000102,1.5289001692047464,-1.8342857142856985,3.6710998307952423,8.054285714285697,2.5,-0.18000000000000682,2.319999999999993,1.759999999999991,1.3300000000000125,3.0900000000000034,0.4899999999999807,0.18000000000000682,0.6699999999999875,-0.2599999999999909,-0.18000000000000682,-0.4399999999999977,0.6428571428571104,0.5238095238095468,1.1666666666666572,0.7619047619047308,0.7142857142857224,1.4761904761904532,-0.4474272930648624,0.9108341323106117,0.4634068392457493,0.09366690838774616,0.15409717186366834,0.2477640802514145,0.30952380952385283,0.5238095238095184,0.8333333333333712,0.42,-5.8,-0.6,33.88190476190479,54.95333333333335,38.671904761904784,59.74333333333334,21.071428571428555,3.303096836049889,12.35798888083152,False,False
2018-09-14,223.72,217.74,223.19,223.2,164.16666666666669,186.88095238095238,218.55225311601149,220.5160744500846,216.9047619047619,5.97999999999999,6.099999999999994,5.449999999999989,6.9599999999999795,0.5300000000000011,2.776074450084593,-0.8352380952381111,2.6739255499153955,6.815238095238101,1.539999999999992,0.37000000000000455,1.9099999999999966,1.6599999999999966,1.450000000000017,3.1100000000000136,0.15000000000000568,0.37000000000000455,0.5200000000000102,-0.3300000000000125,-0.27000000000001023,-0.6000000000000227,0.4523809523809632,0.2619047619047592,0.7142857142857224,1.095238095238102,0.9285714285714164,2.0238095238095184,-0.7510386705017424,0.7031000319591101,-0.04793863854263236,-0.33840947546531197,0.2719361856417777,-0.06647328982353429,0.04761904761903679,0.3571428571428328,0.4047619047618696,-0.15,-6.12,-0.67,30.85904761904763,53.57333333333332,36.31904761904761,59.0333333333333,22.714285714285694,4.647746883988503,13.052936910804931,False,False
2018-09-21,221.25,215.64,221.42,222.85,167.35714285714286,187.61904761904762,219.27133269415145,219.96313753927967,216.7142857142857,5.610000000000014,6.579999999999984,5.780000000000001,6.609999999999985,-0.1699999999999875,4.323137539279685,1.0742857142857076,1.4568624607203162,4.535714285714306,-0.3499999999999943,0.8100000000000023,0.46000000000000796,0.6199999999999761,1.2300000000000182,1.8499999999999943,-0.21000000000000796,-0.0800000000000125,-0.29000000000002046,-0.3900000000000148,-0.4099999999999966,-0.8000000000000114,0.809523809523796,0.5000000000000284,1.3095238095238244,1.190476190476204,0.904761904761898,2.095238095238102,0.0,0.8788750399488663,0.8788750399488663,-0.38675368624606676,0.09970993473530143,-0.28704375151076533,-0.190476190476204,0.190476190476204,0.0,-1.8,-7.4,-1.62,28.020952380952366,48.282857142857125,35.230952380952374,55.49285714285713,20.26190476190476,3.5786673058485405,12.841430988639111,False,False
2018-09-28,229.81,224.06,228.85,231.32,172.04761904761907,194.69047619047618,227.7564717162032,228.57747159777617,224.73809523809524,5.75,6.699999999999989,4.789999999999992,6.049999999999983,0.960000000000008,4.517471597776165,0.6780952380952385,0.272528402223827,5.0719047619047615,-1.0,0.4099999999999966,-0.5900000000000034,-0.05000000000001137,0.7300000000000182,0.6800000000000068,-1.3100000000000023,0.020000000000010232,-1.289999999999992,-0.2400000000000091,-0.4000000000000057,-0.6400000000000148,0.4761904761904816,0.4285714285714448,0.9047619047619264,1.02380952380949,1.1190476190476204,2.1428571428571104,0.015979546180858506,1.0067114093959901,1.0226909555768486,-0.16316171138504387,0.34445250181289566,0.1812907904278518,-0.404761904761898,0.023809523809518396,-0.3809523809523796,-1.99,-7.74,-2.95,29.369523809523827,52.01238095238094,36.62952380952382,59.27238095238093,22.64285714285711,3.563528283796785,12.974377568286197,False,False
2018-10-05,239.76,233.2,238.58,240.89,178.85714285714286,202.28571428571428,236.4972834771492,238.16473289823543,233.80952380952382,6.560000000000002,6.72999999999999,5.380000000000024,6.939999999999998,1.1799999999999784,4.9647328982354395,0.6095238095238358,0.41526710176458437,5.9504761904761665,0.37000000000000455,-0.9000000000000057,-0.5300000000000011,0.539999999999992,-0.75,-0.21000000000000796,-1.0199999999999818,0.09999999999999432,-0.9199999999999875,-0.3800000000000239,-0.29999999999998295,-0.6800000000000068,0.3095238095238244,0.309523809523796,0.6190476190476204,1.0238095238095184,0.8333333333333144,1.8571428571428328,-0.3355704697986255,0.8309364014061487,0.4953659316075232,0.45322697606960105,0.033236644911795565,0.4864636209813966,-0.3333333333333144,0.3571428571428612,0.023809523809546818,-1.42,-7.98,-2.6,30.91428571428571,54.34285714285713,38.60428571428571,62.032857142857125,23.428571428571416,4.392716522850776,14.94138264442833,False,False
2018-10-12,236.64,229.09,234.39,237.33,173.6904761904762,196.52380952380955,234.86736976669857,234.03734590282815,229.66666666666666,7.549999999999983,7.939999999999998,5.299999999999983,6.930000000000007,2.25,4.947345902828147,0.5766666666666538,0.35265409717183616,6.973333333333329,0.539999999999992,-0.8300000000000125,-0.29000000000002046,0.9300000000000068,-0.950000000000017,-0.020000000000010232,-0.700000000000017,0.3300000000000125,-0.37000000000000455,-0.18999999999999773,-0.1699999999999875,-0.3599999999999852,0.3571428571428896,0.309523809523796,0.6666666666666856,0.97619047619051,0.6666666666666572,1.6428571428571672,1.2304250559284071,1.1665068712048594,2.3969319271332665,0.5771090161953509,-0.20244138264445155,0.3746676335508994,-0.3571428571428612,0.4523809523809348,0.09523809523807358,-0.7,-8.25,-2.95,32.56619047619046,55.3995238095238,40.806190476190466,63.63952380952381,22.833333333333343,2.4626302333014394,14.291757312061879,False,False
2018-10-19,233.01,223.86,228.84,231.48,167.2380952380952,191.0952380952381,228.2518376478108,230.02477640802513,225.9047619047619,9.149999999999977,8.860000000000014,4.97999999999999,7.090000000000003,4.1699999999999875,6.164776408025119,2.0447619047618844,-1.1847764080251295,7.105238095238093,1.1699999999999875,-0.8599999999999852,0.3100000000000023,0.8800000000000239,-0.75,0.13000000000002387,-1.2299999999999898,0.25,-0.9799999999999898,-0.15000000000000568,-0.18000000000000682,-0.3300000000000125,0.07142857142855519,0.0,0.07142857142855519,1.0476190476190652,0.3571428571428328,1.404761904761898,1.3422818791946725,0.8149568552252902,2.1572387344199626,0.631496253323661,0.024172105390391607,0.6556683587140526,-0.04761904761906521,0.4285714285714448,0.3809523809523796,0.9,-8.25,-3.27,32.76476190476191,56.6219047619048,40.38476190476189,64.24190476190478,23.85714285714289,3.2281623521892016,14.66944645878656,False,False
2018-10-26,230.65,219.75,225.29,227.99,160.64285714285714,184.26190476190476,226.20645573665703,225.87623882040123,221.85714285714286,10.900000000000006,9.689999999999998,5.539999999999992,6.849999999999994,5.360000000000014,6.126238820401227,2.107142857142861,-0.5862388204012348,8.792857142857144,2.180000000000007,-0.1599999999999966,2.0200000000000102,0.9699999999999989,-0.6800000000000068,0.28999999999999204,-0.3400000000000034,0.4300000000000068,0.09000000000000341,-0.07999999999998408,-0.030000000000001137,-0.10999999999998522,-0.3809523809523796,-0.2380952380952408,-0.6190476190476204,0.309523809523796,0.095238095238102,0.404761904761898,2.1412591882390473,1.374240971556418,3.515500159795465,0.8037225042301088,0.09366690838768932,0.8973894126177981,0.095238095238102,0.6190476190476204,0.7142857142857224,2.71,-8.2,-2.66,35.48809523809524,59.10714285714286,43.72809523809525,67.34714285714287,23.61904761904762,1.783544263342975,13.80831520425429,False,False
2018-11-02,225.17,214.12,220.73,223.59,154.92857142857142,178.3095238095238,222.85075103867044,219.6640077350737,215.95238095238096,11.049999999999983,10.47999999999999,6.609999999999985,6.799999999999983,4.439999999999998,5.544007735073706,1.8323809523809587,1.0659922649262796,9.217619047619024,1.009999999999991,0.7299999999999898,1.7399999999999807,0.4399999999999977,-0.5699999999999932,-0.12999999999999545,0.25,0.6499999999999773,0.8999999999999773,0.4200000000000159,0.3699999999999761,0.789999999999992,-0.3333333333333428,-0.2857142857142776,-0.6190476190476204,0.1428571428571388,-0.04761904761903679,0.095238095238102,3.163950143815896,1.4221796100990503,4.586129753914946,0.15711868503746018,-0.04532269760696295,0.11179598743049723,0.023809523809546818,0.4285714285714164,0.4523809523809632,2.32,-8.73,-2.12,35.81047619047621,59.19142857142859,45.28047619047621,68.66142857142859,23.38095238095238,0.7392489613295652,12.947183949722021,True,False
2018-11-09,219.77,207.87,215.58,219.26,146.5952380952381,170.57142857142858,217.5295621604346,213.95939086294416,210.85714285714286,11.900000000000006,9.939999999999998,7.710000000000008,6.259999999999991,4.189999999999998,6.089390862944157,2.9871428571428567,1.620609137055851,8.912857142857149,1.4000000000000057,0.9000000000000057,2.3000000000000114,-0.5600000000000023,-0.25,-0.8100000000000023,0.8900000000000148,0.9000000000000057,1.7900000000000205,0.9699999999999989,0.9000000000000057,1.8700000000000045,-0.3571428571428328,-0.380952380952408,-0.7380952380952408,-0.23809523809521238,-0.3095238095238244,-0.5476190476190368,4.122722914669225,1.677852348993298,5.800575263662523,-0.1752477640802681,-0.3716461203770507,-0.5468938844573188,0.404761904761898,0.3809523809523796,0.7857142857142776,2.0,-9.9,-2.19,37.29857142857142,61.2747619047619,48.68857142857141,72.66476190476189,23.97619047619048,1.7304378395653828,13.355088228184675,False,False
2018-11-16,209.88,197.0,205.69,209.24,135.61904761904762,159.57142857142856,206.07222754873757,205.13657239545563,201.4047619047619,12.879999999999995,10.140000000000015,8.689999999999998,6.430000000000007,4.189999999999998,8.13657239545563,4.404761904761898,0.5534276045443676,8.475238095238097,1.3199999999999932,0.8199999999999932,2.1399999999999864,-1.4199999999999875,-0.3400000000000034,-1.759999999999991,0.8400000000000034,0.8100000000000023,1.6500000000000057,0.710000000000008,0.8199999999999932,1.5300000000000011,-0.4285714285714164,-0.5238095238095184,-0.9523809523809348,-0.7142857142857224,-0.5238095238095468,-1.2380952380952692,1.8376478108021956,0.846915947587064,2.6845637583892596,0.12992506647327673,-0.3807106598984831,-0.25078559342520634,0.11904761904759198,0.2619047619047592,0.3809523809523512,1.55,-11.33,-2.65,37.428571428571445,61.38095238095238,49.668571428571454,73.62095238095239,23.952380952380935,3.1677724512624366,13.355088228184675,False,False
2018-11-23,198.54,185.84,194.54,198.07,128.11904761904762,149.61904761904762,193.32054969638858,194.75163161711384,190.5,12.699999999999989,11.539999999999992,8.699999999999989,7.5,4.0,8.91163161711384,4.659999999999997,-0.21163161711385214,8.039999999999992,0.13999999999998636,0.9699999999999989,1.1099999999999852,-1.0200000000000102,-0.13999999999998636,-1.1599999999999966,0.1799999999999784,0.960000000000008,1.1399999999999864,0.7199999999999989,1.0300000000000011,1.75,-0.5476190476190368,-0.3571428571428612,-0.904761904761898,-0.690476190476204,-0.5,-1.190476190476204,2.636625119846599,0.6871204857781947,3.3237456056247936,0.6073241479332978,-0.23265651438239843,0.3746676335508994,-0.1190476190476204,0.023809523809546818,-0.09523809523807358,1.55,-11.15,-2.45,36.22095238095238,57.72095238095238,48.45095238095237,69.95095238095237,21.5,4.749450303611411,13.732777374909356,False,False
2018-11-30,188.75,175.2,184.84,186.13,121.83333333333334,141.73809523809524,181.57558325343555,183.70195794053663,179.4047619047619,13.550000000000011,11.73999999999998,9.640000000000015,8.22999999999999,3.9099999999999966,8.501957940536641,4.204761904761909,1.1380420594633733,9.345238095238102,0.6500000000000057,0.75,1.4000000000000057,-1.160000000000025,-0.20999999999997954,-1.3700000000000045,0.25,0.7599999999999909,1.009999999999991,0.6599999999999966,0.7800000000000011,1.4399999999999977,-0.4285714285714164,-0.3571428571428612,-0.7857142857142776,-0.8333333333333428,-0.3809523809523796,-1.2142857142857224,2.588686481303938,0.1757750079897562,2.7644614892936943,0.2235919748610229,-0.6496253323664405,-0.4260333575054176,-0.6666666666666572,-0.380952380952408,-1.0476190476190652,3.1,-10.45,-0.81,33.46190476190475,53.366666666666646,44.391904761904755,64.29666666666665,19.904761904761898,4.554416746564442,13.657239545564419,False,False
2018-12-07,190.24,179.17,187.93,188.43,125.33333333333333,146.2142857142857,185.07510386705016,185.0012086052695,180.35714285714286,11.070000000000022,10.219999999999999,8.76000000000002,7.900000000000006,2.3100000000000023,5.831208605269524,1.1871428571428737,2.9287913947304958,9.882857142857148,0.8200000000000216,0.9399999999999977,1.7600000000000193,-0.030000000000001137,-0.5100000000000193,-0.5400000000000205,0.8300000000000125,0.9399999999999977,1.7700000000000102,0.8000000000000114,0.8400000000000034,1.6400000000000148,-0.5,-0.5238095238095326,-1.0238095238095326,-0.4523809523809632,-0.3809523809523796,-0.8333333333333428,3.1160115052732635,-0.031959092361773855,3.0840524129114897,-0.6617113850616363,-0.3807106598984831,-1.0424220449601194,-0.904761904761898,-0.5952380952380736,-1.4999999999999716,2.77,-8.3,0.46,32.95571428571429,53.83666666666666,42.21571428571431,63.09666666666668,20.880952380952365,3.354896132949847,13.627024413826444,False,False
2018-12-14,186.2,176.15,184.65,185.28,122.66666666666667,143.83333333333331,180.53691275167782,182.70485859318345,177.35714285714283,10.049999999999983,9.880000000000024,8.5,7.260000000000019,1.549999999999983,6.5548585931834396,1.207142857142827,1.9451414068165604,8.842857142857156,-0.160000000000025,1.0100000000000193,0.8499999999999943,-0.3299999999999841,-0.2400000000000091,-0.5699999999999932,0.9099999999999966,1.0100000000000193,1.920000000000016,0.7199999999999989,0.9099999999999966,1.6299999999999955,-0.5238095238095184,-0.547619047619051,-1.0714285714285694,-0.3095238095238244,-0.3571428571428612,-0.6666666666666856,1.4381591562799656,-0.09587727708534999,1.3422818791946156,-0.41696881798404206,-0.38977519941988703,-0.8067440174039291,-0.9523809523809632,-0.6428571428571388,-1.595238095238102,1.3,-8.75,-0.25,32.31666666666669,53.483333333333334,41.44666666666669,62.61333333333333,21.166666666666643,4.743087248322183,14.155789219240996,False,False
2018-12-21,176.78,167.39,176.07,177.37,111.80952380952381,133.95238095238093,169.79865771812075,172.66739182982838,167.42857142857142,9.390000000000015,9.879999999999995,8.680000000000007,7.189999999999998,0.710000000000008,5.277391829828389,0.03857142857143003,3.402608170171618,9.351428571428585,-0.6399999999999864,1.3899999999999864,0.75,-0.15000000000000568,0.25,0.09999999999999432,1.3400000000000034,1.4499999999999886,2.789999999999992,0.8199999999999932,1.3000000000000114,2.1200000000000045,-1.0714285714285552,-0.8095238095238244,-1.8809523809523796,-0.380952380952408,-0.4285714285714164,-0.8095238095238244,-0.047938638542689205,-0.015979546180886928,-0.06391818472357613,-0.302151317379753,-0.18733381677543548,-0.48948513415518846,-0.9047619047619264,-0.4285714285714164,-1.3333333333333428,0.66,-8.73,-0.05,33.43761904761905,55.580476190476176,43.41761904761907,65.5604761904762,22.142857142857125,7.571342281879254,13.633067440174038,False,False
2018-12-28,169.07,158.36,167.69,168.47,106.35714285714286,124.59523809523809,161.07382550335566,165.47921198936425,159.85714285714286,10.70999999999998,10.650000000000006,9.329999999999984,7.719999999999999,1.3799999999999955,7.119211989364231,1.4971428571428476,2.2107880106357527,9.212857142857132,-0.3300000000000125,0.8300000000000125,0.5,-0.38999999999998636,-0.4900000000000091,-0.8799999999999955,1.2199999999999989,1.3499999999999943,2.569999999999993,0.5600000000000023,1.1599999999999966,1.7199999999999989,-0.7142857142857082,-0.7619047619047592,-1.4761904761904674,-1.2857142857142918,-0.5714285714285694,-1.8571428571428612,-0.1597954618088977,-0.22051773729626234,-0.38031319910516004,-0.4713560551124374,-0.26589315929416557,-0.737249214406603,-1.1666666666666572,-0.595238095238102,-1.7619047619047592,1.15,-9.55,-0.22,33.764761904761926,52.00285714285715,43.87476190476191,62.11285714285714,18.238095238095227,7.396174496644335,13.234227701232776,False,False
2019-01-04,172.65,162.93,171.88,172.32,111.30952380952381,131.97619047619048,165.270054330457,169.50386753686246,164.0952380952381,9.719999999999999,9.469999999999999,8.949999999999989,7.860000000000014,0.7700000000000102,6.573867536862451,1.1652380952380952,2.3761324631375373,8.554761904761904,0.3900000000000148,-1.7300000000000182,-1.3400000000000034,0.14000000000001478,-0.5800000000000125,-0.4399999999999977,1.2299999999999898,0.4200000000000159,1.6500000000000057,0.6699999999999875,1.210000000000008,1.8799999999999955,-0.7619047619047592,-0.8809523809523796,-1.6428571428571388,-0.4761904761904816,-0.6666666666666572,-1.1428571428571388,-0.1789709172259677,-0.17897091722593927,-0.35794183445190697,-0.06949480299735455,-0.20848440899200682,-0.2779792119893614,-0.7857142857142776,-0.404761904761898,-1.1904761904761756,1.82,-7.9,1.05,30.953809523809525,51.6204761904762,40.34380952380951,61.01047619047618,20.66666666666667,7.049945669543007,13.521271452743534,True,False
2019-01-11,185.82,178.45,186.34,185.44,121.35714285714285,142.69047619047618,177.70853307766055,182.94053662073966,177.35714285714283,7.3700000000000045,7.730000000000018,7.890000000000015,7.5800000000000125,-0.5200000000000102,4.490536620739675,-1.0928571428571558,3.3994633792603395,8.46285714285716,0.5199999999999818,-2.1699999999999875,-1.6500000000000057,0.8799999999999955,-0.15000000000000568,0.7299999999999898,1.1899999999999977,0.3199999999999932,1.509999999999991,0.6800000000000068,1.2399999999999807,1.9199999999999875,-0.7619047619047734,-0.8809523809523654,-1.6428571428571388,-0.4047619047619264,-0.5476190476190368,-0.9523809523809632,-0.6871204857782232,-0.12783636944709542,-0.8149568552253186,0.015107565868987649,0.009064539521403958,0.024172105390391607,-0.7619047619047876,-0.1428571428571388,-0.9047619047619264,1.12,-6.25,1.64,35.75952380952381,57.09285714285714,42.74952380952382,64.08285714285715,21.33333333333333,7.73146692233945,14.065143824027071,False,False
2019-01-18,187.67,179.93,187.99,188.39,124.19047619047618,145.16666666666666,180.90444231383825,184.02223833695913,177.88095238095235,7.739999999999981,7.869999999999976,8.060000000000002,7.25,-0.3200000000000216,4.092238336959127,-2.0490476190476556,3.967761663040875,9.789047619047636,0.5300000000000011,-2.0900000000000034,-1.5600000000000023,0.6599999999999966,-0.28999999999999204,0.37000000000000455,1.4699999999999989,0.4099999999999966,1.8799999999999955,0.75,1.4699999999999989,2.219999999999999,-0.6666666666666714,-0.7380952380952408,-1.4047619047619122,-0.095238095238102,-0.4285714285714164,-0.5238095238095184,-0.20773410035155848,0.1118568232662085,-0.09587727708534999,-0.1752477640802681,-0.2991298042059327,-0.4743775682862008,-1.0952380952381304,-0.4285714285714164,-1.5238095238095468,0.11,-7.63,0.42,34.76333333333335,55.73952380952383,43.22333333333333,64.19952380952381,20.97619047619048,7.485557686161741,12.932076383853031,False,False
2019-01-25,188.67,181.67,188.99,189.18,126.19047619047619,146.7142857142857,181.70341962288265,184.50265893159295,178.23809523809524,7.0,7.1200000000000045,7.320000000000022,6.400000000000006,-0.3200000000000216,2.8326589315929596,-3.4319047619047467,4.487341068407062,10.431904761904747,0.1599999999999966,-2.200000000000017,-2.0400000000000205,0.28000000000000114,-0.020000000000010232,0.2599999999999909,1.200000000000017,0.3199999999999932,1.5200000000000102,0.5999999999999943,1.0900000000000034,1.6899999999999977,-0.7857142857142776,-0.8333333333333428,-1.6190476190476204,0.1666666666666572,-0.3095238095238244,-0.14285714285716722,-0.14381591562801077,0.0,-0.14381591562801077,-0.46531302876476843,-0.5529369108049593,-1.0182499395697278,-1.4285714285714164,-0.9047619047619264,-2.333333333333343,-0.4,-7.4,-0.09,34.95571428571429,55.4795238095238,42.46571428571431,62.98952380952382,20.523809523809504,7.476580377117358,11.98029973410684,False,False
2019-02-01,189.47,182.12,189.32,188.5,127.9047619047619,146.45238095238093,183.39725151805686,184.95588590766255,178.61904761904762,7.349999999999994,7.789999999999992,7.199999999999989,6.810000000000002,0.15000000000000568,2.8358859076625436,-3.500952380952384,4.364114092337445,10.850952380952378,0.18999999999999773,-0.020000000000010232,0.1699999999999875,0.6299999999999955,0.21999999999999886,0.8499999999999943,1.0199999999999818,0.17000000000001592,1.1899999999999977,0.28999999999999204,0.6500000000000057,0.9399999999999977,-0.6428571428571672,-0.7380952380952124,-1.3809523809523796,0.6428571428571104,-0.1904761904761756,0.4523809523809348,0.2876318312559931,0.15979546180886928,0.4474272930648624,-0.2477640802514145,-0.33236644911767144,-0.5801305293690859,-1.0238095238095184,-0.6666666666666856,-1.690476190476204,1.0,-6.35,0.86,35.66761904761907,54.21523809523811,42.047619047619065,60.5952380952381,18.547619047619037,5.102748481943138,12.101160261058737,True,False
2019-02-08,190.66,183.45,190.33,190.52,127.42857142857143,148.04761904761904,185.31479705976346,186.42131979695432,181.61904761904762,7.210000000000008,8.25,6.880000000000024,6.920000000000016,0.3299999999999841,2.971319796954333,-1.8309523809523682,3.908680203045691,9.040952380952376,-0.6299999999999955,-0.17000000000001592,-0.8000000000000114,0.4099999999999966,-0.18999999999999773,0.21999999999999886,0.37000000000000455,-0.18999999999999773,0.18000000000000682,0.6899999999999977,0.3400000000000034,1.0300000000000011,-0.8095238095238102,-1.0714285714285836,-1.8809523809523938,-0.07142857142858361,-0.1190476190476204,-0.190476190476204,0.5592841163310709,0.36752956216042776,0.9268136784914986,-0.5861735557166696,-0.6284747401498976,-1.2146482958665672,-0.8333333333333144,-0.7619047619047876,-1.595238095238102,0.71,-6.5,0.37,35.40238095238095,56.02142857142856,42.47238095238097,63.09142857142858,20.619047619047606,5.205202940236546,11.451534928692288,False,False
2019-02-15,195.06,187.06,193.96,194.6,128.28571428571428,151.5952380952381,189.9808245445829,189.83260817017162,184.97619047619048,8.0,8.02000000000001,6.900000000000006,6.560000000000002,1.0999999999999943,2.7726081701716225,-2.0838095238095207,4.127391829828383,10.08380952380952,-0.05000000000001137,0.020000000000010232,-0.030000000000001137,-0.030000000000001137,0.009999999999990905,-0.020000000000010232,0.3100000000000023,0.010000000000019327,0.3200000000000216,0.4199999999999875,0.3100000000000023,0.7299999999999898,-0.9285714285714448,-1.2857142857142776,-2.2142857142857224,0.04761904761906521,0.11904761904759198,0.1666666666666572,0.942793224672414,0.4793863854266647,1.4221796100990787,-0.6858834904519995,-0.7855934251873293,-1.4714769156393288,-0.8333333333333428,-0.8571428571428612,-1.690476190476204,0.6,-7.4,-0.5,35.4647619047619,58.774285714285725,43.00476190476189,66.31428571428572,23.309523809523824,4.619175455417093,10.439328015470146,False,False
2019-02-22,202.68,193.83,200.67,202.01,135.26190476190476,159.14285714285714,197.36337488015334,196.71561518008215,191.85714285714286,8.849999999999994,8.449999999999989,6.839999999999975,6.449999999999989,2.0100000000000193,2.885615180082141,-1.9728571428571513,3.954384819917834,10.822857142857146,0.21000000000000796,0.09000000000000341,0.30000000000001137,-0.18999999999999773,0.10000000000002274,-0.08999999999997499,0.19999999999998863,0.09000000000000341,0.28999999999999204,0.03999999999999204,0.1699999999999875,0.20999999999997954,-0.9523809523809632,-1.1904761904761756,-2.142857142857139,-0.1666666666666572,0.1904761904761756,0.023809523809518396,0.527325023969297,0.3036113774368516,0.8309364014061487,-0.7312061880590193,-0.6979695431471953,-1.4291757312062146,-0.8809523809523796,-0.7142857142857224,-1.595238095238102,0.9,-7.95,-1.11,34.687142857142874,58.56809523809525,42.86714285714285,66.74809523809523,23.88095238095238,4.646625119846647,10.394005317863185,False,False
2019-03-01,201.71,192.01,197.74,200.38,133.78571428571428,155.92857142857142,197.25151805688716,195.07191201353638,190.76190476190476,9.700000000000017,9.390000000000015,5.730000000000018,5.430000000000007,3.969999999999999,3.0619120135363858,-1.2480952380952317,2.6680879864636324,10.948095238095249,0.4000000000000057,0.14000000000001478,0.5400000000000205,0.09000000000000341,-0.060000000000002274,0.030000000000001137,0.3900000000000148,0.12000000000000455,0.5100000000000193,0.030000000000001137,0.38999999999998636,0.4199999999999875,-1.0,-1.1666666666666856,-2.1666666666666856,-0.380952380952408,0.04761904761906521,-0.3333333333333428,1.0866091403004532,0.8309364014061771,1.9175455417066303,-0.5740875030215022,-0.38675368624606676,-0.960841189267569,-0.4523809523809632,-0.4285714285714164,-0.8809523809523796,1.1,-8.6,-2.87,36.081428571428575,58.22428571428571,44.45142857142858,66.59428571428572,22.14285714285714,3.1284819431128312,9.412013536379018,True,False
2019-03-08,200.43,191.3,196.65,201.19,134.33333333333334,156.92857142857142,197.79482262703735,195.34384819917813,190.42857142857144,9.129999999999995,8.639999999999986,5.349999999999994,5.149999999999977,3.780000000000001,4.0438481991781146,-0.8714285714285666,1.3061518008218798,10.001428571428562,0.30000000000001137,-0.3499999999999943,-0.04999999999998295,-0.18999999999999773,-0.8499999999999943,-1.039999999999992,0.010000000000019327,-0.35000000000002274,-0.3400000000000034,0.5099999999999909,0.3100000000000023,0.8199999999999932,-0.904761904761898,-1.0714285714285552,-1.9761904761904532,0.0,0.1904761904761756,0.1904761904761756,1.7577500798977326,0.9747523170341879,2.7325023969319204,-0.31725888324874063,-0.37466763355087096,-0.6919265167996116,-0.5238095238095184,-0.619047619047592,-1.1428571428571104,0.18,-8.95,-3.6,34.371428571428595,56.96666666666667,44.26142857142858,66.85666666666665,22.595238095238074,3.3951773729626495,10.046531302876481,False,False
2019-03-15,198.28,190.48,195.52,198.49,137.64285714285714,159.61904761904762,194.99840204538188,195.79103214890017,190.61904761904762,7.800000000000011,7.460000000000008,5.0400000000000205,5.0800000000000125,2.759999999999991,5.311032148900182,0.13904761904763063,-0.2710321489001615,7.660952380952381,-0.3199999999999932,-0.6899999999999977,-1.009999999999991,-0.6599999999999966,-1.1900000000000261,-1.8500000000000227,-0.6999999999999886,-0.6800000000000068,-1.3799999999999955,-0.12000000000000455,-0.3199999999999932,-0.4399999999999977,-0.7619047619047592,-0.8571428571428612,-1.6190476190476204,0.2380952380952408,0.3809523809523796,0.6190476190476204,0.17577500798978463,-0.015979546180886928,0.1597954618088977,-0.9124969784868142,-0.6194102006284652,-1.5319071791152794,-0.7142857142857224,-0.690476190476204,-1.4047619047619264,-0.3,-8.1,-3.06,30.86095238095237,52.83714285714285,38.87095238095239,60.84714285714287,21.97619047619048,3.491597954618129,11.391104665216341,False,False
2019-03-22,198.09,190.74,195.99,198.41,141.4047619047619,161.2142857142857,194.32726110578454,195.7245588590766,190.95238095238096,7.349999999999994,7.090000000000003,5.25,5.210000000000008,2.0999999999999943,4.9845588590766,0.2123809523809541,0.2654411409234001,7.13761904761904,-0.3100000000000023,-0.6200000000000045,-0.9300000000000068,-0.5699999999999932,-0.9699999999999989,-1.539999999999992,-0.5300000000000011,-0.6299999999999955,-1.1599999999999966,-0.20000000000001705,-0.3299999999999841,-0.5300000000000011,-0.690476190476204,-0.5952380952380736,-1.2857142857142776,0.5238095238095184,0.5714285714285552,1.0952380952380736,-0.46340683924577775,-0.4793863854266647,-0.9427932246724424,-0.6314962533236894,-0.6435823060188568,-1.2750785593425462,-0.6428571428571388,-0.690476190476204,-1.3333333333333428,-0.25,-7.6,-2.35,29.525714285714315,49.33523809523811,37.1957142857143,57.0052380952381,19.809523809523796,4.082738894215453,11.315566835871405,False,False
2019-03-29,199.35,190.34,195.52,197.93,141.71428571428572,161.52380952380952,193.60818152764458,195.2743533961808,190.35714285714286,9.009999999999991,8.51000000000002,5.180000000000007,5.110000000000014,3.829999999999984,4.934353396180796,0.017142857142857792,0.24564660381921044,8.992857142857133,-0.05000000000001137,-0.28999999999999204,-0.3400000000000034,-0.549999999999983,-0.8900000000000148,-1.4399999999999977,-0.47999999999998977,-0.5,-0.9799999999999898,0.010000000000019327,-0.3300000000000125,-0.3199999999999932,-0.4523809523809348,-0.3809523809523796,-0.8333333333333144,1.4523809523809348,0.8095238095238244,2.261904761904759,-0.4953659316075516,-0.5592841163310993,-1.054650047938651,-0.6012811215856857,-0.6133671742808815,-1.2146482958665672,-0.7380952380952408,-0.619047619047592,-1.3571428571428328,1.33,-7.68,-2.5,28.816190476190485,48.62571428571428,36.40619047619049,56.215714285714284,19.809523809523796,4.321818472355432,11.647933284989122,False,False
2019-04-05,203.66,193.91,198.84,201.19,148.47619047619048,165.45238095238093,195.92521572387338,198.31701716219482,193.95238095238093,9.75,9.240000000000009,4.930000000000007,4.680000000000007,4.819999999999993,4.407017162194819,0.0423809523809382,0.5229828378051877,9.707619047619062,-0.21999999999999886,2.0,1.7800000000000011,-0.7299999999999898,-1.4300000000000068,-2.1599999999999966,-0.47999999999998977,-0.6899999999999977,-1.1699999999999875,-0.36000000000001364,-0.5,-0.8600000000000136,-0.1904761904761756,-0.095238095238102,-0.2857142857142776,0.9761904761904532,0.8095238095238244,1.7857142857142776,-0.5752636625120147,-0.8469159475870924,-1.422179610099107,-0.6586898718878444,-0.9729272419627648,-1.6316171138506093,-0.7380952380952408,-0.7380952380952408,-1.4761904761904816,1.97,-7.78,-2.85,28.457619047619062,45.433809523809515,35.73761904761906,52.713809523809516,16.976190476190453,5.264784276126619,11.164491177181533,False,False
2019-04-12,212.21,198.28,203.45,206.55,152.5952380952381,169.42857142857142,200.3835091083413,201.625574087503,197.90476190476193,13.930000000000007,11.909999999999997,5.1699999999999875,4.9199999999999875,8.76000000000002,3.345574087502996,-0.3752380952380747,1.8244259124969915,14.305238095238082,1.2700000000000102,2.069999999999993,3.3400000000000034,-0.75,-1.460000000000008,-2.210000000000008,-0.5,-0.660000000000025,-1.160000000000025,-0.19999999999998863,-0.5,-0.6999999999999886,-0.09523809523807358,0.0,-0.09523809523807358,1.0714285714285836,0.9285714285714164,2.0,-0.9747523170341879,-0.7829977628635447,-1.7577500798977326,-0.8611312545322676,-1.139110466521629,-2.0002417210538965,-0.8333333333333144,-0.7619047619047592,-1.5952380952380736,5.31,-8.62,-3.45,28.851428571428585,45.6847619047619,37.121428571428595,53.95476190476191,16.833333333333314,6.166490891658725,10.511844331641285,False,False
2019-04-19,213.99,198.59,203.79,207.08,151.9047619047619,170.52380952380955,202.6014701182486,202.4504471839497,198.45238095238093,15.400000000000006,10.180000000000007,5.199999999999989,5.050000000000011,10.200000000000017,3.8604471839497023,-0.13761904761906862,1.3395528160502863,15.537619047619074,4.420000000000016,1.9699999999999989,6.390000000000015,-0.799999999999983,-1.490000000000009,-2.289999999999992,-0.6500000000000057,-0.6899999999999977,-1.3400000000000034,-0.22999999999998977,-0.539999999999992,-0.7699999999999818,-0.285714285714306,-0.1904761904761756,-0.4761904761904816,1.190476190476204,1.0476190476190368,2.238095238095241,-0.319590923617767,-0.49856184084370625,-0.8181527644614732,-0.6284747401498691,-1.0242929659173399,-1.652767706067209,-0.7142857142857508,-0.7857142857142776,-1.5000000000000284,6.55,-8.85,-3.65,28.066190476190457,46.685238095238105,36.556190476190466,55.175238095238115,18.61904761904765,4.478529881751399,10.31846748851825,False,False
2019-04-26,215.91,201.01,206.24,209.4,155.42857142857142,176.0,205.22531160115048,204.20896785109983,200.66666666666666,14.900000000000006,10.599999999999994,5.230000000000018,5.340000000000003,9.669999999999987,3.1989678510998374,-0.3433333333333337,2.031032148900181,15.24333333333334,3.6299999999999955,1.990000000000009,5.6200000000000045,-0.6700000000000159,-1.0999999999999943,-1.7700000000000102,-0.7800000000000011,-0.6899999999999977,-1.4699999999999989,-0.21000000000000796,-0.5799999999999841,-0.789999999999992,0.023809523809518396,0.190476190476204,0.2142857142857224,1.5238095238095184,1.4285714285714164,2.952380952380935,-0.3835091083413431,-0.639181847235534,-1.022690955576877,-0.9850132946579606,-1.0061638868745604,-1.991177181532521,-0.7380952380952408,-0.785714285714306,-1.5238095238095468,6.6,-8.3,-3.07,25.00999999999999,45.581428571428575,33.400000000000006,53.97142857142859,20.571428571428584,4.174688398849526,10.514865844815082,False,False
2019-05-03,212.32,198.22,204.02,207.57,149.88095238095238,170.76190476190476,204.15468200703094,201.88844573362337,198.54761904761904,14.099999999999994,10.889999999999986,5.800000000000011,5.449999999999989,8.299999999999983,3.668445733623372,0.32761904761903793,2.1315542663766394,13.772380952380956,2.4099999999999966,0.3599999999999852,2.769999999999982,-0.8000000000000114,-1.259999999999991,-2.0600000000000023,-0.44999999999998863,-0.710000000000008,-1.1599999999999966,-0.020000000000010232,-0.4000000000000057,-0.4200000000000159,-0.2142857142857224,-0.023809523809518396,-0.2380952380952408,1.6428571428571388,1.4523809523809632,3.095238095238102,0.7031000319590532,0.1597954618088977,0.8628954937679509,-0.8188300700991249,-0.9940778341793362,-1.812907904278461,-0.4285714285714164,-0.5000000000000284,-0.9285714285714448,5.2,-8.9,-3.1,27.45809523809524,48.33904761904762,36.808095238095234,57.689047619047614,20.88095238095238,3.415317992969051,9.819917814841672,True,False
2019-05-10,210.01,198.11,203.81,205.11,147.21428571428572,167.85714285714286,203.13199105145412,201.34457336233984,196.85714285714286,11.899999999999977,9.280000000000001,5.699999999999989,5.739999999999981,6.199999999999989,3.2345733623398303,-1.2528571428571524,2.4654266376601583,13.15285714285713,2.2099999999999795,-0.7699999999999818,1.4399999999999977,-0.4099999999999966,-1.079999999999984,-1.4899999999999807,-0.44999999999998863,-0.7600000000000193,-1.210000000000008,-0.1699999999999875,-0.46999999999999886,-0.6399999999999864,-0.2619047619047592,-0.1190476190476204,-0.3809523809523796,2.047619047619065,1.6190476190476204,3.6666666666666856,0.5592841163310993,0.8309364014062055,1.3902205177373048,-0.41092579163645837,-1.039400531786299,-1.4503263234227575,-0.5238095238095184,-0.4761904761904532,-0.9999999999999716,4.5,-7.4,-1.7,30.252857142857152,50.89571428571429,37.25285714285715,57.89571428571429,20.64285714285714,1.9780089485458916,10.454435581339135,False,False
2019-05-17,211.84,201.49,207.74,208.05,147.83333333333334,170.5,207.62224352828375,205.5142615421803,199.7142857142857,10.349999999999994,7.8700000000000045,6.25,6.1699999999999875,4.099999999999994,4.024261542180284,-1.775714285714315,2.225738457819716,12.12571428571431,2.3499999999999943,-0.5799999999999841,1.7700000000000102,-0.12999999999999545,-0.7800000000000011,-0.9099999999999966,-0.04999999999998295,-0.37999999999999545,-0.4299999999999784,-0.1599999999999966,-0.3299999999999841,-0.4899999999999807,-0.4523809523809348,-0.2619047619047592,-0.714285714285694,2.166666666666657,1.8333333333333144,3.9999999999999716,1.3902205177373048,0.07989773090443464,1.4701182486417395,0.33840947546531197,-0.3625815808557036,-0.024172105390391607,-0.2142857142857224,-0.190476190476204,-0.4047619047619264,4.0,-6.35,-0.1,30.99000000000001,53.656666666666666,37.55000000000001,60.21666666666667,22.666666666666657,0.42775647171626474,11.315566835871405,False,False
2019-05-24,209.62,196.72,203.37,202.72,144.78571428571428,167.42857142857142,200.7829977628635,200.29610829103214,194.71428571428572,12.900000000000006,10.150000000000006,6.650000000000006,5.920000000000016,6.25,3.576108291032142,-2.0057142857142765,3.0738917089678637,14.905714285714282,2.3100000000000023,-0.6200000000000045,1.6899999999999977,-0.4399999999999977,-0.8400000000000034,-1.2800000000000011,0.28999999999999204,-0.18999999999999773,0.09999999999999432,-0.1599999999999966,-0.4099999999999966,-0.5699999999999932,-0.2380952380952408,-0.04761904761906521,-0.285714285714306,2.452380952380935,2.0714285714285836,4.523809523809518,0.5113454777884385,-0.07989773090446306,0.43144774688397547,-0.1812907904278518,-0.5559584239787227,-0.7372492144065745,-0.5476190476190368,-0.4047619047619264,-0.9523809523809632,6.5,-6.4,0.25,29.291428571428582,51.93428571428572,35.29142857142858,57.93428571428572,22.64285714285714,1.937002237136511,10.696156635242929,False,False
2019-05-31,199.36,188.88,195.41,192.92,135.73809523809524,162.4047619047619,193.11281559603702,192.0080976553058,186.73809523809524,10.480000000000018,7.989999999999981,6.530000000000001,6.030000000000001,3.950000000000017,3.128097655305794,-2.1419047619047547,3.401902344694207,12.621904761904773,2.2200000000000273,-0.7800000000000011,1.4400000000000261,-0.27000000000001023,-0.799999999999983,-1.0699999999999932,0.22999999999998977,-0.18000000000000682,0.04999999999998295,-0.12000000000000455,-0.46999999999999886,-0.5900000000000034,-0.3809523809523796,-0.1904761904761756,-0.5714285714285552,4.0,2.1190476190476204,6.11904761904762,0.14381591562801077,-0.06391818472357613,0.07989773090443464,-0.39883973894123415,-0.5922165820643102,-0.9910563210055443,-0.3095238095238244,-0.5238095238095184,-0.8333333333333428,4.8,-5.68,0.85,26.475238095238097,53.141904761904755,30.51523809523809,57.18190476190475,26.666666666666657,-0.19281559603703613,10.378897751994199,False,False
2019-06-07,181.94,175.6,180.81,180.42,126.19047619047619,147.07142857142858,176.70182166826459,179.46579647087262,173.85714285714283,6.340000000000003,6.340000000000003,5.210000000000008,4.880000000000024,1.1299999999999955,3.865796470872624,-1.7428571428571615,1.344203529127384,8.082857142857165,-0.8799999999999955,-0.9300000000000068,-1.8100000000000023,-0.8799999999999955,-0.9399999999999977,-1.8199999999999932,-0.5500000000000114,-0.7399999999999807,-1.289999999999992,-0.5700000000000216,-0.8799999999999955,-1.450000000000017,-0.357142857142847,-0.1904761904761898,-0.5476190476190368,2.428571428571445,1.4523809523809348,3.8809523809523796,-0.3994886545222016,-0.5912432086928732,-0.9907318632150748,-0.7251631617113787,-0.8097655305776925,-1.5349286922890713,-0.6190476190476488,-0.5238095238095184,-1.1428571428571672,1.11,-5.23,-0.02,28.52857142857141,49.409523809523805,33.348571428571404,54.2295238095238,20.880952380952394,3.718178331735402,11.07384578196761,False,False
2019-06-14,182.63,176.47,181.86,180.89,124.97619047619048,146.5952380952381,178.95493767976987,180.17887357988883,174.47619047619048,6.159999999999997,6.1699999999999875,5.390000000000015,5.1699999999999875,0.7699999999999818,3.708873579888831,-1.9938095238095173,1.681126420111184,8.153809523809514,-0.7599999999999909,-0.8800000000000239,-1.6400000000000148,-0.75,-0.9900000000000091,-1.740000000000009,-0.5299999999999727,-0.7900000000000205,-1.3199999999999932,-0.700000000000017,-0.7599999999999909,-1.460000000000008,-0.5952380952380878,-0.3809523809523796,-0.9761904761904674,2.095238095238102,1.2142857142857224,3.3095238095238244,-0.015979546180886928,-0.7190795781399686,-0.7350591243208555,-0.5831520425428778,-0.622431713802257,-1.2055837563451348,-0.3809523809523796,-0.3571428571428612,-0.7380952380952408,1.0,-5.17,0.22,29.874761904761897,51.49380952380952,34.294761904761884,55.913809523809505,21.61904761904762,1.9350623202301165,11.436427362823302,False,False
2019-06-21,185.75,181.1,186.65,185.14,130.3095238095238,149.78571428571428,181.99105145413867,184.4331641285956,179.02380952380952,4.650000000000006,5.25,5.550000000000011,5.320000000000022,-0.9000000000000057,3.333164128595598,-2.076190476190476,2.216835871404413,6.726190476190482,-1.4499999999999886,-0.8400000000000034,-2.289999999999992,-0.8499999999999943,-0.8300000000000125,-1.6800000000000068,-0.6200000000000045,-0.6799999999999784,-1.299999999999983,-0.660000000000025,-0.8199999999999932,-1.4800000000000182,-0.5476190476190652,-0.1428571428571388,-0.690476190476204,1.904761904761898,1.0,2.904761904761898,-0.719079578139997,-0.7670182166826294,-1.4860977948226264,-0.5197002658931638,-0.5257432922407475,-1.0454435581339112,-0.2142857142857224,-0.23809523809521238,-0.4523809523809348,-0.6,-5.25,0.3,31.314285714285717,50.7904761904762,35.35428571428571,54.83047619047619,19.47619047619048,3.148948545861316,11.723471114334057,False,False
2019-06-28,195.07,189.33,196.1,194.01,139.52380952380952,156.90476190476193,189.00607222754869,192.06248489243413,186.28571428571428,5.739999999999981,6.430000000000007,6.769999999999982,5.990000000000009,-1.0300000000000011,2.7324848924341154,-3.044285714285735,4.037515107565866,8.784285714285716,-1.490000000000009,-0.6699999999999875,-2.1599999999999966,-0.799999999999983,-0.6800000000000068,-1.4799999999999898,-0.020000000000010232,-0.47999999999998977,-0.5,-0.5100000000000193,-0.7800000000000011,-1.2900000000000205,-0.1190476190476204,0.2619047619047592,0.1428571428571388,2.3571428571428896,0.904761904761898,3.2619047619047876,-0.7670182166826578,-0.8948545861297532,-1.661872802812411,-0.018129079042779495,-0.20546289581821497,-0.22359197486099447,0.023809523809518396,-0.309523809523796,-0.2857142857142776,0.56,-5.18,1.59,32.425238095238086,49.806190476190494,37.105238095238064,54.48619047619047,17.380952380952408,5.003927772451306,12.720570461687213,False,False
2019-07-05,193.88,187.23,193.87,191.1,137.02380952380952,151.8095238095238,184.93128795142215,188.37926033357505,182.97619047619045,6.650000000000006,6.460000000000008,6.640000000000015,6.280000000000001,0.009999999999990905,1.1492603335750573,-4.253809523809537,5.4907396664249575,10.903809523809542,-0.46000000000000796,-0.8100000000000023,-1.2700000000000102,-0.6500000000000057,3.019999999999982,2.369999999999976,-0.28999999999999204,-0.5699999999999932,-0.8599999999999852,-0.700000000000017,-0.6799999999999784,-1.3799999999999955,-0.190476190476204,0.1428571428571388,-0.04761904761906521,0.7619047619047592,0.5714285714285552,1.3333333333333144,-0.8628954937679794,-0.9747523170341879,-1.8376478108021672,-0.40488276528884626,-0.32934493594393643,-0.7342277012327827,-0.19047619047623243,0.2142857142857224,0.023809523809489974,2.2,-4.45,2.19,35.420476190476194,50.20619047619047,39.2904761904762,54.076190476190476,14.785714285714278,6.168712048577845,11.87454677302393,False,False
2019-07-12,199.05,193.13,198.93,195.11,141.11904761904762,156.42857142857144,188.52668584212205,193.32547739908148,188.04761904761907,5.920000000000016,6.1299999999999955,5.800000000000011,5.599999999999994,0.12000000000000455,0.19547739908148287,-5.08238095238093,5.6045226009185285,11.002380952380946,-0.4399999999999977,-0.7800000000000011,-1.2199999999999989,-0.2300000000000182,2.6000000000000227,2.3700000000000045,-0.030000000000001137,-0.539999999999992,-0.5699999999999932,-0.6799999999999784,-0.6700000000000159,-1.3499999999999943,-0.2142857142857224,0.095238095238102,-0.1190476190476204,0.7142857142857224,0.7380952380952408,1.4523809523809632,-1.7417705337168456,-0.9587727708533009,-2.7005433045701466,0.018129079042807916,-0.16920473773265599,-0.15107565868984807,-0.023809523809489974,0.309523809523796,0.285714285714306,3.18,-2.75,3.05,36.70142857142855,52.010952380952375,38.68142857142857,53.99095238095239,15.309523809523824,6.583314157877965,12.584602368866328,False,False
2019-07-19,193.31,188.06,194.07,190.02,135.66666666666666,151.85714285714286,187.18440396292743,189.73591974861012,184.52380952380952,5.25,6.0400000000000205,6.009999999999991,6.140000000000015,-0.7599999999999909,1.675919748610113,-3.536190476190484,4.334080251389878,8.786190476190484,-0.6500000000000057,-0.75,-1.4000000000000057,0.14000000000001478,1.5999999999999943,1.740000000000009,0.009999999999990905,-0.5099999999999909,-0.5,-0.789999999999992,-0.7199999999999989,-1.509999999999991,-0.285714285714306,-0.023809523809518396,-0.3095238095238244,1.0,0.8333333333333428,1.8333333333333428,-0.7829977628635163,-0.8309364014062055,-1.6139341642697218,0.35351704133432804,0.1510756586898765,0.5045927000242045,0.404761904761898,0.5476190476190652,0.9523809523809632,2.2,-3.05,2.97,36.20285714285714,52.393333333333345,38.16285714285715,54.35333333333335,16.190476190476204,2.835596037072577,13.188905003625814,False,False
2019-07-26,193.37,189.17,194.82,190.97,133.85714285714286,151.0,187.56791307126872,190.6725888324873,185.54761904761907,4.200000000000017,5.460000000000008,5.650000000000006,6.110000000000014,-1.4499999999999886,1.5025888324873051,-3.6223809523809223,4.147411167512701,7.822380952380939,-0.5600000000000023,-0.6200000000000045,-1.1800000000000068,0.6999999999999886,1.759999999999991,2.4599999999999795,0.23999999999998067,-0.39999999999997726,-0.1599999999999966,-0.8300000000000125,-0.6399999999999864,-1.4699999999999989,-0.2142857142857224,-0.1904761904761756,-0.404761904761898,0.285714285714306,0.8571428571428328,1.1428571428571388,-0.7031000319591101,-0.6391818472355624,-1.3422818791946725,0.42301184433162575,0.33840947546531197,0.7614213197969377,0.5476190476190652,0.5476190476190652,1.0952380952381304,1.5,-2.7,2.95,38.16999999999999,55.312857142857126,39.97,57.11285714285714,17.14285714285714,3.402086928731279,13.143582306018853,False,False
2019-08-02,193.47,188.72,194.42,191.05,134.8095238095238,150.47619047619048,188.23905401086606,190.61820159535895,185.23809523809524,4.75,6.710000000000008,5.699999999999989,7.090000000000003,-0.9499999999999886,1.8982015953589553,-3.481904761904758,3.8017984046410334,8.231904761904758,-0.5900000000000034,-0.46999999999999886,-1.0600000000000023,1.3700000000000045,2.1200000000000045,3.490000000000009,-0.020000000000010232,-0.22999999999998977,-0.25,-0.9399999999999977,-0.5099999999999909,-1.4499999999999886,-0.14285714285716722,0.0,-0.14285714285716722,0.6666666666666572,1.1428571428571672,1.8095238095238244,-0.6072227548737601,-0.527325023969297,-1.1345477788430571,0.5287648054145677,0.7040125694948074,1.2327773749093751,0.7142857142857224,0.714285714285694,1.4285714285714164,1.5,-3.25,2.45,38.24380952380952,53.9104761904762,40.57380952380953,56.240476190476215,15.666666666666686,2.8109459891339554,13.022721779066957,True,False
2019-08-09,181.01,175.99,181.8,179.95,126.88095238095238,138.52380952380952,176.1585170981144,179.19688179840466,173.26190476190476,5.019999999999982,6.569999999999993,5.810000000000002,7.849999999999994,-0.7900000000000205,3.206881798404652,-2.72809523809525,2.6031182015953505,7.748095238095232,0.1599999999999966,-0.21000000000000796,-0.05000000000001137,1.710000000000008,1.490000000000009,3.200000000000017,-0.3299999999999841,-0.21000000000000796,-0.539999999999992,-0.6100000000000136,-0.3199999999999932,-0.9300000000000068,0.1904761904761898,0.357142857142847,0.5476190476190368,0.8809523809523796,0.8809523809523796,1.7619047619047592,-0.5912432086928447,-0.623202301054647,-1.2144455097474918,0.28100072516318164,0.34143098863913224,0.6224317138023139,0.4285714285714164,0.4285714285714448,0.8571428571428612,-0.11,-5.14,0.67,37.46619047619049,49.10904761904763,41.42619047619047,53.06904761904761,11.642857142857139,3.791482901885587,11.5572878897752,False,False
2019-08-16,183.42,178.7,183.45,183.01,131.71428571428572,141.04761904761907,179.7379354426334,182.1670292482475,176.2857142857143,4.719999999999999,6.02000000000001,4.75,5.990000000000009,-0.030000000000001137,3.4670292482475134,-2.4142857142856826,1.2829707517524866,7.1342857142856815,0.14999999999997726,-0.18999999999999773,-0.040000000000020464,1.4499999999999886,1.5500000000000114,3.0,0.20999999999997954,0.6599999999999966,0.8699999999999761,-0.7300000000000182,-0.3499999999999943,-1.0800000000000125,0.07142857142858361,0.7380952380952408,0.8095238095238244,0.9285714285714448,1.0476190476190652,1.97619047619051,-0.6072227548737601,0.6232023010546186,0.015979546180858506,0.3172588832487122,0.6254532269760773,0.9427121102247895,0.3571428571428896,0.5714285714285552,0.9285714285714448,-0.13,-4.85,-0.1,37.65238095238092,46.985714285714266,41.962380952380926,51.29571428571427,9.333333333333343,3.2720645573666047,11.375997099347352,False,False
2019-08-23,186.42,180.62,185.77,184.03,132.26190476190476,142.54761904761904,180.08948545861296,182.98585931834663,176.97619047619048,5.799999999999983,8.070000000000022,5.150000000000006,6.25,0.6499999999999773,2.3658593183466223,-3.643809523809523,2.7841406816533834,9.443809523809506,-0.3200000000000216,-0.12999999999999545,-0.45000000000001705,1.950000000000017,2.0999999999999943,4.050000000000011,0.8500000000000227,1.2699999999999818,2.1200000000000045,-0.6999999999999886,-0.3400000000000034,-1.039999999999992,0.3809523809523796,0.7857142857142776,1.1666666666666572,1.1428571428571388,1.309523809523796,2.452380952380935,-0.7829977628635447,0.639181847235534,-0.14381591562801077,0.3353879622915201,0.5710659898477104,0.9064539521392305,0.595238095238102,0.595238095238102,1.190476190476204,1.75,-4.05,1.1,38.07238095238097,48.358095238095245,41.482380952380964,51.76809523809524,10.285714285714278,3.9405145413870457,12.101160261058737,False,False
2019-08-30,187.05,180.38,185.35,183.03,131.5,142.95238095238096,179.84979226589962,183.20340826686004,177.02380952380952,6.670000000000016,8.870000000000005,4.969999999999999,6.1699999999999875,1.700000000000017,2.823408266860042,-3.356190476190477,2.1465917331399567,10.026190476190493,-0.06999999999999318,-0.09999999999999432,-0.1699999999999875,2.1299999999999955,2.1100000000000136,4.240000000000009,0.9300000000000068,1.329999999999984,2.259999999999991,-0.7400000000000091,-0.25,-0.9900000000000091,0.4523809523809632,0.7857142857142776,1.2380952380952408,1.6190476190476204,1.6428571428571388,3.261904761904759,-0.5592841163310993,0.6711409395973362,0.11185682326623692,0.6647328982354281,0.6496253323664405,1.3143582306018686,0.5476190476190368,0.7619047619047876,1.3095238095238244,2.86,-3.82,1.15,37.42761904761903,48.879999999999995,40.07761904761904,51.53,11.452380952380963,3.180207734100378,12.191805656272662,False,False
2019-09-06,187.88,179.55,184.51,186.81,132.76190476190476,142.9047619047619,181.6714605305209,183.30613971476913,177.04761904761904,8.329999999999984,10.430000000000007,4.9599999999999795,6.530000000000001,3.3700000000000045,3.7561397147691196,-2.5023809523809746,1.20386028523086,10.832380952380959,-0.0800000000000125,0.0800000000000125,0.0,2.0200000000000102,1.4799999999999898,3.5,0.44999999999998863,0.06999999999999318,0.5199999999999818,-0.12999999999999545,-0.0800000000000125,-0.21000000000000796,0.3571428571428612,0.6666666666666572,1.0238095238095184,2.071428571428555,1.3571428571428612,3.4285714285714164,-0.4634068392457493,0.7031000319590532,0.23969319271330392,0.5952380952380736,0.5257432922407475,1.120981387478821,0.5476190476190368,0.6666666666666856,1.2142857142857224,2.13,-6.2,-1.24,36.64523809523811,46.78809523809525,43.905238095238104,54.04809523809524,10.142857142857139,5.138539469479099,11.360889533478366,False,False
2019-09-13,191.43,184.4,188.35,190.5,133.78571428571428,145.9047619047619,188.49472674976025,187.42748368382885,181.45238095238093,7.030000000000001,8.890000000000015,3.9499999999999886,5.849999999999994,3.0800000000000125,3.027483683828848,-2.947619047619071,0.9225163161711407,9.977619047619072,0.09999999999999432,0.21999999999999886,0.3199999999999932,1.960000000000008,1.8000000000000114,3.7600000000000193,0.060000000000002274,0.22999999999998977,0.28999999999999204,-0.020000000000010232,0.09000000000000341,0.06999999999999318,0.1904761904761756,0.595238095238102,0.7857142857142776,2.2380952380952124,1.4285714285714448,3.666666666666657,0.7829977628635163,0.9108341323106401,1.6938318951741564,0.6073241479332978,0.66775441140922,1.2750785593425178,0.6904761904761756,0.690476190476204,1.3809523809523796,0.63,-6.4,-2.45,38.49523809523811,50.61428571428573,44.5952380952381,56.71428571428572,12.11904761904762,2.0052732502397532,11.07384578196761,False,False
2019-09-20,201.87,194.8,198.85,200.76,141.21428571428572,155.16666666666666,198.22627037392135,200.63149625332366,192.47619047619048,7.069999999999993,9.030000000000001,4.049999999999983,5.6299999999999955,3.0200000000000102,5.83149625332365,-2.3238095238095298,-1.7814962533236667,9.393809523809523,0.6299999999999955,0.8400000000000034,1.4699999999999989,2.5900000000000034,2.210000000000008,4.800000000000011,1.009999999999991,0.8300000000000125,1.8400000000000034,0.3499999999999943,0.5999999999999943,0.9499999999999886,0.2142857142857224,1.0238095238095184,1.2380952380952408,2.571428571428555,2.2857142857142776,4.857142857142833,1.5819750719079764,2.3010546500479165,3.883029721955893,2.2449842881314908,1.9730481024897415,4.218032390621232,1.7619047619047876,1.7380952380952124,3.5,1.55,-5.52,-1.47,39.633333333333354,53.58571428571429,45.593333333333334,59.54571428571427,13.952380952380935,2.533729626078639,14.77519941986947,False,False
2019-09-27,199.36,189.73,194.81,196.3,135.5952380952381,149.95238095238093,192.39373601789706,194.9178148416727,187.1904761904762,9.630000000000024,11.289999999999992,5.0800000000000125,6.740000000000009,4.550000000000011,5.187814841672719,-2.5395238095237858,-0.10781484167270605,12.16952380952381,1.410000000000025,0.9599999999999795,2.3700000000000045,3.069999999999993,2.180000000000007,5.25,1.4099999999999966,0.9300000000000068,2.3400000000000034,0.46999999999999886,0.75,1.2199999999999989,0.404761904761898,0.97619047619051,1.380952380952408,2.309523809523796,2.1904761904761756,4.499999999999972,1.1025886864813117,2.173218280600821,3.275806967082133,2.0485859318346513,1.8431230360164363,3.8917089678510877,1.4523809523809632,1.6190476190476204,3.0714285714285836,3.8,-5.83,-0.75,39.777619047619055,54.13476190476189,46.34761904761908,60.70476190476191,14.357142857142833,3.9062639821029563,14.065143824027071,False,False
2019-10-04,191.57,180.46,187.81,188.95,126.47619047619047,139.73809523809524,184.9792265899648,186.16751269035532,178.52380952380952,11.109999999999985,12.319999999999993,7.349999999999994,8.800000000000011,3.759999999999991,5.7075126903553155,-1.9361904761904896,1.6424873096446788,13.046190476190475,2.0900000000000034,1.4299999999999784,3.519999999999982,3.3000000000000114,0.75,4.050000000000011,1.8499999999999943,1.450000000000017,3.3000000000000114,1.1099999999999852,1.2299999999999898,2.339999999999975,0.2380952380952266,0.5714285714285694,0.809523809523796,2.0,1.2857142857142776,3.2857142857142776,1.1984659635666617,2.2211569191434535,3.419622882710115,1.9307469180565704,1.6406816533719848,3.571428571428555,1.3333333333333144,1.5714285714285836,2.904761904761898,3.59,-7.52,-0.17,40.72190476190477,53.98380952380954,49.21190476190475,62.47380952380952,13.261904761904773,3.9707734100351786,13.412496978486827,True,False
2019-10-11,193.87,180.77,189.56,192.22,126.76190476190476,140.23809523809524,188.28699264940872,186.1947063089195,178.57142857142858,13.099999999999994,12.659999999999997,8.789999999999992,10.240000000000009,4.310000000000002,5.424706308919497,-2.1985714285714266,3.3652936910804954,15.298571428571421,3.930000000000007,1.6200000000000045,5.550000000000011,3.490000000000009,0.18000000000000682,3.670000000000016,2.039999999999992,1.6200000000000045,3.6599999999999966,1.8499999999999943,1.700000000000017,3.5500000000000114,-0.047619047619051,0.3095238095238102,0.2619047619047592,1.095238095238102,1.190476190476204,2.285714285714306,2.157238734419934,2.5247682965803904,4.682007031000325,1.0303359922649236,1.607445008460246,2.6377810007251696,1.0238095238095468,1.309523809523796,2.333333333333343,3.4,-9.7,-0.91,40.53190476190477,54.00809523809525,51.98190476190476,65.45809523809524,13.476190476190482,3.933007350591282,11.687212956248489,False,False
2019-10-18,194.74,181.01,190.91,193.26,127.35714285714286,141.35714285714286,186.88079258549052,187.51812907904278,178.3095238095238,13.730000000000018,13.539999999999992,9.900000000000006,10.949999999999989,3.8300000000000125,6.508129079042789,-2.700476190476195,3.391870920957217,16.430476190476213,3.0200000000000102,2.0,5.02000000000001,2.829999999999984,0.30000000000001137,3.1299999999999955,1.7800000000000011,1.509999999999991,3.289999999999992,1.289999999999992,1.1899999999999977,2.4799999999999898,-0.2142857142857082,0.023809523809518396,-0.1904761904761898,0.7142857142857224,1.1666666666666572,1.8809523809523796,2.3649728347714642,1.5819750719079764,3.9469479066794406,0.9276045443558303,1.2841430988638933,2.2117476432197236,0.5238095238095184,0.7857142857142776,1.309523809523796,2.87,-10.86,-0.97,39.65285714285713,53.65285714285713,51.90285714285713,65.90285714285713,14.0,6.379207414509466,12.113246313753928,False,False
2019-10-25,198.36,184.77,194.75,196.29,131.5952380952381,144.52380952380952,189.35762224352825,189.87793086777856,180.07142857142856,13.590000000000003,13.719999999999999,9.97999999999999,11.539999999999992,3.6100000000000136,5.107930867778549,-4.698571428571455,4.872069132221441,18.28857142857146,2.9000000000000057,2.390000000000015,5.2900000000000205,3.030000000000001,0.12000000000000455,3.1500000000000057,1.4699999999999989,1.8300000000000125,3.3000000000000114,1.2800000000000011,1.0999999999999943,2.3799999999999955,-0.2857142857142776,0.1666666666666572,-0.1190476190476204,0.6666666666666572,1.2380952380952408,1.904761904761898,2.2371364653243972,1.4062000639181633,3.6433365292425606,0.9547981629199853,0.5227217790669556,1.477519941986941,0.8333333333333144,0.16666666666668561,1.0,3.39,-10.2,-0.22,40.24619047619049,53.17476190476191,51.766190476190474,64.69476190476189,12.928571428571416,6.9323777564717375,11.792965917331399,False,False
2019-11-01,196.12,180.87,190.19,192.86,131.8095238095238,145.57142857142858,186.00191754554166,187.07094512932076,178.69047619047618,15.25,13.819999999999993,9.319999999999993,9.639999999999986,5.930000000000007,6.200945129320758,-2.179523809523829,3.1190548706792356,17.42952380952383,3.3400000000000034,2.3300000000000125,5.670000000000016,1.9099999999999966,-0.28000000000000114,1.6299999999999955,1.5900000000000034,1.7800000000000011,3.3700000000000045,0.8100000000000023,0.8400000000000034,1.6500000000000057,-0.190476190476204,0.2380952380952408,0.04761904761903679,1.1428571428571672,1.4761904761904532,2.6190476190476204,1.262384148290181,0.7829977628635163,2.0453819111536973,0.48948513415518846,0.2961082910321693,0.7855934251873578,0.6904761904761756,0.2619047619047592,0.9523809523809348,4.21,-11.04,-1.71,35.29857142857142,49.06047619047621,47.28857142857143,61.05047619047622,13.761904761904788,6.858082454458355,12.064902102973168,True,False
2019-11-08,194.65,180.36,190.86,193.27,135.47619047619048,148.4047619047619,187.28028124001276,188.14358230601883,184.52380952380952,14.289999999999992,11.259999999999991,10.5,9.379999999999995,3.789999999999992,7.783582306018815,4.163809523809505,2.7164176939811853,10.126190476190487,2.3300000000000125,1.75,4.0800000000000125,-0.6999999999999886,0.6299999999999955,-0.06999999999999318,0.4200000000000159,1.6399999999999864,2.0600000000000023,0.6200000000000045,0.950000000000017,1.5700000000000216,-0.09523809523807358,0.4047619047618696,0.309523809523796,2.0238095238095184,1.6428571428571388,3.666666666666657,0.8628954937680078,0.5912432086928447,1.4541387024608525,0.05740875030213033,0.7070340826685992,0.7644428329707296,4.761904761904759,0.2142857142857224,4.976190476190482,1.85,-12.44,-1.94,31.955238095238116,44.88380952380953,44.86523809523811,57.79380952380953,12.928571428571416,5.989718759987255,12.176698090403672,False,False
2019-11-15,195.49,179.41,189.77,191.8,135.83333333333331,148.66666666666666,186.01789709172255,186.7808798646362,180.23809523809524,16.080000000000013,13.439999999999998,10.360000000000014,9.710000000000008,5.719999999999999,7.370879864636208,0.8280952380952442,2.9891201353638053,15.251904761904768,1.7900000000000205,1.1599999999999966,2.950000000000017,-0.8499999999999943,0.1599999999999966,-0.6899999999999977,-0.19999999999998863,1.1800000000000068,0.9800000000000182,0.37000000000000455,0.6400000000000148,1.0100000000000193,-0.190476190476204,0.2857142857142776,0.09523809523807358,2.047619047619037,1.595238095238102,3.642857142857139,0.9747523170341879,0.3994886545222016,1.3742409715563895,0.04834421078075479,0.3595600676818833,0.4079042784626381,0.1190476190476204,0.2142857142857224,0.3333333333333428,3.92,-12.16,-1.8,30.74333333333334,43.57666666666668,43.133333333333354,55.9666666666667,12.833333333333343,5.782102908277466,11.799008943678993,False,False
2019-11-22,191.2,178.12,187.84,190.57,136.04761904761904,149.0952380952381,183.68488334931286,184.91358472322938,177.88095238095235,13.079999999999984,14.039999999999992,9.719999999999999,9.419999999999987,3.359999999999985,6.7935847232293725,-0.23904761904765337,2.9264152767706264,13.319047619047637,-1.8300000000000125,1.0600000000000023,-0.7700000000000102,-0.8700000000000045,0.010000000000019327,-0.8599999999999852,-0.5699999999999932,1.0600000000000023,0.4900000000000091,0.21999999999999886,0.46000000000000796,0.6800000000000068,0.07142857142855519,0.5,0.5714285714285552,2.261904761904759,1.7142857142857224,3.9761904761904816,0.04793863854266078,0.17577500798981305,0.22371364653247383,-0.22057046168723105,0.07553782934493825,-0.1450326323422928,-0.23809523809526922,0.095238095238102,-0.14285714285716722,1.0,-12.08,-2.36,29.024761904761903,42.07238095238097,41.47476190476189,54.522380952380956,13.047619047619065,6.885116650687138,11.548223350253807,False,False
2019-11-29,196.92,182.02,191.67,193.26,136.73809523809524,151.57142857142856,186.5132630233301,188.18890500362582,180.59523809523807,14.899999999999977,14.710000000000008,9.649999999999977,9.740000000000009,5.25,6.1689050036258095,-1.4247619047619366,3.4810949963741677,16.324761904761914,-0.11000000000001364,1.1299999999999955,1.0199999999999818,-0.29999999999998295,0.09999999999999432,-0.19999999999998863,-0.3900000000000148,1.0999999999999943,0.7099999999999795,0.1599999999999966,0.3400000000000034,0.5,0.190476190476204,0.5238095238095184,0.7142857142857224,2.714285714285694,1.6190476190476204,4.333333333333314,0.07989773090443464,0.14381591562801077,0.2237136465324454,-0.06949480299732613,0.18129079042782337,0.11179598743049723,-0.19047619047623243,0.11904761904764882,-0.07142857142858361,3.55,-11.35,-1.7,30.448571428571455,45.28190476190477,41.688571428571436,56.52190476190475,14.833333333333314,6.746736976669894,11.421319796954313,False,False
2019-12-06,194.06,180.85,189.95,191.48,137.19047619047618,148.8095238095238,185.0271652285075,186.0647812424462,179.04761904761907,13.210000000000008,12.73999999999998,9.099999999999994,8.400000000000006,4.110000000000014,5.214781242446207,-1.802380952380929,3.885218757553787,15.012380952380937,0.6700000000000159,1.5299999999999727,2.1999999999999886,0.19999999999998863,0.06999999999999318,0.2699999999999818,0.8999999999999773,1.6500000000000057,2.549999999999983,0.14999999999997726,0.8900000000000148,1.039999999999992,0.1904761904761756,0.595238095238102,0.7857142857142776,1.9523809523809348,1.4523809523809632,3.404761904761898,-0.09587727708532157,-0.031959092361773855,-0.12783636944709542,-0.11481750060428908,0.28402223833694507,0.16920473773265599,0.09523809523813043,0.3571428571428328,0.4523809523809632,2.55,-10.66,-1.56,32.0404761904762,43.65952380952382,42.670476190476194,54.289523809523814,11.61904761904762,6.4528347714924905,11.137297558617355,False,False
2019-12-13,197.08,184.45,193.06,195.51,141.07142857142858,153.2142857142857,187.26430169383187,189.64225284022237,183.19047619047618,12.630000000000024,12.280000000000001,8.610000000000014,7.759999999999991,4.02000000000001,5.19225284022238,-1.259523809523813,3.417747159777633,13.889523809523837,0.0800000000000125,1.5800000000000125,1.660000000000025,-0.27000000000001023,0.5500000000000114,0.28000000000000114,0.5800000000000125,1.829999999999984,2.4099999999999966,0.09000000000000341,0.7299999999999898,0.8199999999999932,0.2380952380952408,0.690476190476204,0.9285714285714448,2.214285714285694,1.7380952380952408,3.952380952380935,-0.639181847235534,-0.015979546180886928,-0.6551613934164209,-0.33840947546531197,0.39279671259365045,0.054387237128338484,0.404761904761898,0.5476190476190368,0.9523809523809348,1.87,-10.76,-2.15,31.235714285714295,43.378571428571405,42.2957142857143,54.43857142857141,12.14285714285711,8.245698306168123,11.451534928692288,False,False
2019-12-20,203.95,191.25,199.82,202.19,144.64285714285714,157.28571428571428,195.46180888462766,196.0690113608895,189.57142857142858,12.699999999999989,11.73999999999998,8.569999999999993,7.719999999999999,4.1299999999999955,4.819011360889505,-1.6785714285714164,3.7509886391104885,14.378571428571405,0.7800000000000011,1.799999999999983,2.579999999999984,-0.18000000000000682,0.6200000000000045,0.4399999999999977,0.6699999999999875,2.0600000000000023,2.7299999999999898,0.09999999999999432,0.8100000000000023,0.9099999999999966,0.2142857142857224,0.7380952380952124,0.9523809523809348,2.2380952380952124,1.7380952380952692,3.9761904761904816,0.17577500798981305,0.7670182166826294,0.9427932246724424,-0.05438723712839533,0.6677544114092484,0.6133671742808531,0.690476190476204,0.8095238095238244,1.5000000000000284,2.04,-10.65,-2.09,33.96428571428572,46.60714285714286,44.90428571428572,57.54714285714286,12.642857142857139,6.72819111537234,11.5572878897752,False,False
2019-12-27,206.6,193.77,202.2,204.01,145.85714285714286,160.52380952380952,197.88750399488652,198.2233502538071,191.3095238095238,12.829999999999984,11.889999999999986,8.429999999999978,7.449999999999989,4.400000000000006,4.453350253807088,-2.4604761904762142,3.9766497461928907,15.290476190476198,0.6500000000000057,1.7299999999999898,2.3799999999999955,-0.28999999999999204,0.7299999999999898,0.4399999999999977,0.6899999999999977,1.9499999999999886,2.6399999999999864,-0.11000000000001364,0.6800000000000068,0.5699999999999932,0.4285714285714448,0.7380952380952124,1.1666666666666572,2.666666666666657,1.6666666666666856,4.333333333333343,0.1406200063918277,0.9395973154362594,1.080217321828087,0.14201111916847253,0.631496253323661,0.7735073724921335,0.4761904761904532,0.8333333333333428,1.309523809523796,2.4,-10.43,-2.0,33.24619047619049,47.91285714285715,43.48619047619047,58.15285714285713,14.666666666666657,6.122496005113476,11.360889533478366,False,False
2020-01-03,206.26,194.45,201.89,203.86,147.0,160.28571428571428,197.98657718120802,198.359318346628,190.61904761904762,11.810000000000002,10.159999999999997,7.439999999999998,6.469999999999999,4.3700000000000045,3.909318346627998,-3.8309523809523682,3.5306816533719996,15.64095238095237,1.9799999999999898,1.2800000000000011,3.259999999999991,0.3299999999999841,0.5500000000000114,0.8799999999999955,1.299999999999983,1.6400000000000148,2.9399999999999977,0.22000000000002728,1.0199999999999818,1.240000000000009,0.5714285714285836,0.809523809523796,1.3809523809523796,2.3809523809523796,1.5476190476190368,3.9285714285714164,0.07989773090443464,0.8373282198785716,0.9172259507830063,0.3414309886391038,0.9004109257916468,1.2418419144307506,0.595238095238102,0.809523809523796,1.404761904761898,2.97,-8.84,-1.4,34.16428571428571,47.44999999999999,43.574285714285736,56.860000000000014,13.285714285714278,5.873422818791994,11.617718153251149,True,False
2020-01-10,200.52,190.17,197.82,198.06,144.85714285714286,158.54761904761907,193.64014062000635,194.9178148416727,187.2142857142857,10.350000000000023,9.629999999999995,7.650000000000006,6.689999999999998,2.700000000000017,4.747814841672721,-2.9557142857142935,2.902185158327285,13.305714285714316,0.5600000000000023,0.3300000000000125,0.8900000000000148,-0.160000000000025,0.3100000000000023,0.14999999999997726,0.799999999999983,0.9300000000000068,1.7299999999999898,-0.06999999999999318,0.75,0.6800000000000068,0.3571428571428612,0.5714285714285552,0.9285714285714164,1.7142857142857224,1.595238095238102,3.3095238095238244,-0.4314477468840039,0.1597954618088977,-0.2716522850751062,0.23265651438239843,0.7100555958423911,0.9427121102247895,0.4999999999999716,0.8571428571428612,1.3571428571428328,2.2,-8.15,-0.5,31.622380952380922,45.312857142857126,39.51238095238094,53.20285714285714,13.690476190476204,4.419859379993653,12.131375392796711,False,False
2020-01-17,191.41,180.56,188.4,188.11,138.66666666666666,153.40476190476193,183.89261744966439,186.94404157602128,179.35714285714286,10.849999999999994,10.609999999999985,7.840000000000003,7.090000000000003,3.009999999999991,6.384041576021275,-1.202857142857141,1.4559584239787284,12.052857142857135,-0.12999999999999545,0.6099999999999852,0.47999999999998977,-0.37000000000000455,0.09999999999999432,-0.27000000000001023,0.37999999999999545,0.5100000000000193,0.8900000000000148,-0.339999999999975,0.46999999999999886,0.13000000000002387,-0.04761904761906521,0.190476190476204,0.1428571428571388,1.8571428571428896,1.4999999999999716,3.357142857142861,-0.23969319271333234,0.4953659316075232,0.25567273889419084,0.060430263475950596,0.6314962533236894,0.69192651679964,0.3571428571428328,0.571428571428612,0.9285714285714448,2.59,-8.25,-0.42,27.155238095238076,41.893333333333345,34.70523809523809,49.44333333333336,14.73809523809527,4.217382550335628,12.705462895818224,False,False
2020-01-24,184.07,173.18,180.44,178.88,133.85714285714286,150.35714285714286,177.6605944391179,182.01293207638383,173.95238095238096,10.889999999999986,10.080000000000013,7.259999999999991,6.6299999999999955,3.6299999999999955,8.832932076383827,0.7723809523809564,-1.572932076383836,10.11761904761903,0.22999999999998977,-0.12000000000000455,0.10999999999998522,-0.5799999999999841,-0.4099999999999966,-0.9899999999999807,0.05000000000001137,-0.0800000000000125,-0.030000000000001137,-0.4000000000000057,-0.1599999999999966,-0.5600000000000023,-0.04761904761903679,0.1666666666666572,0.1190476190476204,1.8809523809523796,1.6666666666666856,3.547619047619065,-0.49536593160758,0.23969319271333234,-0.2556727388942477,0.36862460720328727,0.8641527677060594,1.2327773749093467,0.690476190476204,0.5,1.190476190476204,3.19,-7.69,-0.44,22.822857142857146,39.322857142857146,28.522857142857134,45.022857142857134,16.5,1.2194055608821088,13.642131979695431,False,False
2020-01-31,170.71,158.24,165.47,167.26,125.54761904761904,140.52380952380952,164.2537551933525,168.153251148175,160.0,12.469999999999999,11.349999999999994,7.22999999999999,6.969999999999999,5.240000000000009,9.913251148174993,1.759999999999991,-2.683251148175003,10.710000000000008,0.6100000000000136,-0.14000000000001478,0.46999999999999886,-0.5099999999999909,-1.4300000000000068,-1.9399999999999977,-0.25,-0.36000000000001364,-0.6100000000000136,-0.21999999999999886,-0.20000000000001705,-0.4200000000000159,-0.1666666666666714,-0.023809523809532607,-0.190476190476204,2.3095238095238244,1.0476190476190368,3.357142857142861,-0.4953659316075232,-0.015979546180858506,-0.5113454777883817,0.897389412617855,0.4381194102006134,1.3355088228184684,0.714285714285694,0.047619047619093635,0.7619047619047876,2.88,-9.59,-2.37,17.71619047619049,32.69238095238097,26.736190476190473,41.712380952380954,14.976190476190482,3.006244806647487,12.750785593425189,False,False
2020-02-07,164.33,152.24,159.56,162.32,119.88095238095238,130.04761904761904,159.44391179290506,159.24583031182016,151.66666666666669,12.090000000000003,9.310000000000002,7.319999999999993,5.490000000000009,4.77000000000001,7.005830311820148,-0.5733333333333235,0.31416968817984525,12.663333333333327,0.6400000000000148,-0.6200000000000045,0.020000000000010232,-2.1399999999999864,-0.8799999999999955,-3.019999999999982,-0.3100000000000023,-0.5999999999999943,-0.9099999999999966,-0.05000000000001137,-0.3100000000000023,-0.36000000000001364,-0.452380952380949,-0.5238095238095184,-0.9761904761904674,-0.5476190476190652,-0.5,-1.0476190476190652,-0.2876318312559931,0.2237136465324454,-0.06391818472354771,-0.030215131737975298,-0.18431230360164363,-0.21452743533961893,-0.4523809523809348,-0.5714285714285552,-1.02380952380949,1.51,-10.58,-3.25,22.192380952380972,32.35904761904763,32.272380952380956,42.439047619047614,10.166666666666657,2.876088207094938,8.822818467488517,False,False
2020-02-14,165.85,155.31,162.65,165.87,121.02380952380952,131.78571428571428,160.30680728667303,160.19458544839253,153.57142857142858,10.539999999999992,8.430000000000007,7.340000000000003,5.8700000000000045,3.1999999999999886,4.884585448392528,-1.7385714285714187,2.4554145516074755,12.27857142857141,0.8199999999999932,-1.460000000000008,-0.6400000000000148,-1.289999999999992,-0.4200000000000159,-1.710000000000008,0.18000000000000682,-0.15000000000000568,0.030000000000001137,0.3199999999999932,0.20000000000001705,0.5200000000000102,-0.5714285714285694,-0.642857142857153,-1.2142857142857224,-0.2380952380952408,-0.5238095238095184,-0.7619047619047592,-0.7670182166826294,0.3835091083413147,-0.3835091083413147,-0.018129079042807916,-0.6073241479332694,-0.6254532269760773,-0.5238095238095184,-0.6428571428571104,-1.1666666666666288,0.02,-10.52,-3.18,23.524285714285725,34.286190476190484,34.08428571428573,44.846190476190486,10.76190476190476,5.56319271332697,7.568890500362581,False,False
2020-02-21,168.24,157.42,165.01,169.09,126.5,139.21428571428572,163.5506551613934,162.06792361614697,155.47619047619048,10.820000000000022,8.990000000000009,7.590000000000003,6.280000000000001,3.230000000000018,4.647923616146983,-1.943809523809506,2.9420763838530206,12.763809523809527,0.8600000000000136,-1.740000000000009,-0.8799999999999955,-0.9699999999999989,-0.3300000000000125,-1.3000000000000114,0.3400000000000034,0.009999999999990905,0.3499999999999943,0.46000000000000796,0.3400000000000034,0.8000000000000114,-0.3809523809523796,-0.452380952380949,-0.8333333333333286,0.904761904761898,0.2619047619047876,1.1666666666666856,0.4474272930648908,0.35155001597954083,0.7989773090444316,-0.054387237128338484,-0.5348078317621514,-0.5891950688904899,-0.6666666666666572,-0.6190476190476204,-1.2857142857142776,-0.38,-11.19,-3.6,18.205714285714265,30.919999999999987,29.87571428571428,42.59,12.714285714285722,5.53934483860661,7.448029973410684,False,False
2020-02-28,153.6,141.13,147.84,153.22,115.19047619047619,127.33333333333333,148.68967721316713,146.26238820401255,139.52380952380952,12.469999999999999,11.819999999999993,6.710000000000008,5.3799999999999955,5.759999999999991,5.132388204012557,-1.606190476190477,1.5776117959874512,14.076190476190476,-0.37999999999999545,-0.5300000000000011,-0.9099999999999966,-1.0300000000000011,-0.37999999999999545,-1.4099999999999966,0.30000000000001137,-0.15000000000000568,0.15000000000000568,0.4900000000000091,0.3199999999999932,0.8100000000000023,-0.404761904761898,-0.2619047619047592,-0.6666666666666572,1.5,0.0952380952380878,1.5952380952380878,0.5752636625119862,0.09587727708534999,0.6711409395973362,0.0906453952139259,-0.9819917814841688,-0.8913463862702429,-0.6190476190476204,-0.8571428571428612,-1.4761904761904816,1.06,-11.41,-4.71,13.796666666666667,25.939523809523806,25.88666666666667,38.02952380952381,12.142857142857139,4.530322786832869,6.571791153009427,False,False
2020-03-06,149.54,137.01,143.26,149.37,108.52380952380952,119.11904761904762,143.5762224352828,140.83877205704616,136.11904761904762,12.530000000000001,12.930000000000007,6.25,6.360000000000014,6.280000000000001,3.828772057046166,-0.8909523809523705,2.421227942953834,13.420952380952372,-0.46000000000000796,-0.3400000000000034,-0.8000000000000114,-0.060000000000002274,-1.0200000000000102,-1.0800000000000125,-0.17000000000001592,-0.7299999999999898,-0.9000000000000057,0.5300000000000011,-0.13999999999998636,0.3900000000000148,-0.4047619047619122,-0.4047619047619122,-0.8095238095238244,-0.142857142857153,-0.11904761904760619,-0.2619047619047592,0.36752956216042776,-0.3355704697986539,0.031959092361773855,-1.405003625815823,-1.5591007976794629,-2.964104423495286,-0.9761904761904816,-1.2142857142857224,-2.190476190476204,-0.12,-12.64,-6.4,17.89095238095237,28.486190476190473,30.250952380952384,40.846190476190486,10.595238095238102,5.793777564717203,4.713560551124003,False,True
2020-03-13,117.61,102.82,107.09,118.96,77.00000000000001,83.07142857142857,116.12336209651644,109.18842156151801,104.42857142857143,14.790000000000006,17.489999999999995,4.27000000000001,4.079999999999998,10.519999999999996,6.368421561518019,1.6085714285714374,-2.098421561518009,13.181428571428569,-4.019999999999996,-1.4300000000000068,-5.450000000000003,-1.3200000000000074,-2.3700000000000045,-3.690000000000012,-1.1299999999999955,-1.8400000000000034,-2.969999999999999,-0.5500000000000114,-1.0999999999999943,-1.6500000000000057,-0.952380952380949,-1.1190476190476062,-2.071428571428555,-3.142857142857153,-2.4761904761904674,-5.61904761904762,2.700543304570161,-0.8788750399488663,1.8216682646212945,-1.9911771815324926,-2.405124486342771,-4.396301667875264,-1.2857142857142776,-1.8333333333333428,-3.1190476190476204,-2.0,-16.79,-12.52,19.748571428571424,25.81999999999998,35.888571428571424,41.95999999999998,6.071428571428555,2.836637903483549,1.9337684312303602,False,True
2020-03-20,101.06,73.44,83.8,101.69,58.88095238095238,66.23809523809524,93.72003835091081,80.94935943920716,78.88095238095238,27.620000000000005,27.810000000000002,10.36,7.6000000000000085,17.260000000000005,7.509359439207159,5.440952380952382,2.85064056079284,22.179047619047623,-4.659999999999997,-2.1299999999999955,-6.789999999999992,-4.469999999999999,-4.210000000000008,-8.680000000000007,-1.710000000000008,-2.509999999999991,-4.219999999999999,-0.6200000000000045,-1.7199999999999989,-2.3400000000000034,-0.9761904761904816,-2.3809523809523796,-3.357142857142861,-4.285714285714292,-3.69047619047619,-7.976190476190482,-1.3582614253755168,-2.1891978267817365,-3.547459252157253,-4.628958182257676,-4.0729997582789395,-8.701957940536616,-2.9285714285714306,-3.5714285714285694,-6.5,-2.0,-29.62,-19.25,7.201904761904757,14.559047619047618,35.45190476190476,42.80904761904762,7.357142857142861,7.969961649089186,-9.538917089678511,False,True
2020-03-27,94.34,69.6,81.0,106.26,55.214285714285715,63.26190476190476,95.8293384467881,76.47449842881315,74.90476190476191,24.74000000000001,17.38000000000001,11.400000000000006,4.240000000000009,13.340000000000003,6.874498428813155,5.304761904761918,4.525501571186851,19.43523809523809,-1.3599999999999994,-11.670000000000002,-13.030000000000001,-8.719999999999999,-2.0800000000000125,-10.800000000000011,-1.5600000000000023,-2.0600000000000023,-3.6200000000000045,-0.269999999999996,-1.6299999999999955,-1.8999999999999915,-6.547619047619051,-5.309523809523803,-11.857142857142854,-6.071428571428569,-5.857142857142861,-11.92857142857143,-0.942793224672414,-2.221156919143496,-3.16395014381591,-5.484046410442346,-4.701474498428809,-10.185520908871155,-5.380952380952365,-5.000000000000014,-10.38095238095238,-12.93,-37.67,-26.27,6.338095238095235,14.385714285714279,42.998095238095246,51.04571428571429,8.047619047619044,10.430661553211905,-16.687817258883246,False,True
2020-04-03,75.29,69.98,72.0,100.59,54.54761904761905,63.95238095238095,90.93959731543623,73.92434131012811,73.64285714285714,5.310000000000002,20.840000000000003,2.019999999999996,-0.4299999999999926,3.2900000000000063,3.9443413101281095,3.662857142857135,-1.9243413101281135,1.6471428571428675,-20.519999999999996,-10.299999999999997,-30.819999999999993,-4.989999999999995,-7.420000000000002,-12.409999999999997,-2.5400000000000063,-3.1899999999999977,-5.730000000000004,-1.0999999999999943,-2.5799999999999983,-3.6799999999999926,-7.9761904761904745,-5.9285714285714235,-13.904761904761898,-6.714285714285722,-5.547619047619037,-12.26190476190476,-1.3902205177372764,-3.0361137743688147,-4.426334292106091,-6.333091612279432,-6.169929900894374,-12.503021513173806,-6.928571428571445,-5.476190476190467,-12.404761904761912,-27.28,-32.59,-30.57,6.027619047619055,15.432380952380953,36.637619047619054,46.04238095238095,9.404761904761898,9.650402684563772,-16.325235678027557,True,True
2020-04-10,85.68,72.58,76.55,101.41,58.07142857142857,76.92857142857143,95.25727069351228,75.20546289581823,73.95238095238095,13.100000000000009,24.349999999999994,3.969999999999999,0.6499999999999915,9.13000000000001,2.625462895818231,1.3723809523809507,1.344537104181768,11.727619047619058,-18.61999999999999,14.549999999999997,-4.069999999999993,-7.3700000000000045,-7.590000000000003,-14.960000000000008,-4.049999999999997,-3.8900000000000006,-7.939999999999998,-3.2900000000000063,-4.019999999999996,-7.310000000000002,-11.976190476190482,-6.61904761904762,-18.595238095238102,-5.61904761904762,-3.238095238095241,-8.857142857142861,-2.3969319271332807,-4.177053371684238,-6.573985298817519,-7.967730239303833,-7.843848199178154,-15.811578438481988,-8.30952380952381,-6.952380952380949,-15.26190476190476,-19.58,-32.68,-28.71,-4.348571428571432,14.508571428571429,24.481428571428566,43.33857142857143,18.85714285714286,6.152729306487714,-19.27725404882765,False,True
2020-04-17,78.06,66.42,68.97,95.1,47.88095238095238,69.02380952380952,88.54266538830296,67.85412134396906,68.11904761904762,11.64,29.739999999999995,2.549999999999997,-1.3200000000000074,9.090000000000003,1.4341213439690534,1.6990476190476187,1.1158786560309437,9.940952380952382,-26.319999999999993,11.449999999999989,-14.870000000000005,-8.219999999999999,-6.8799999999999955,-15.099999999999994,-4.349999999999994,-4.340000000000003,-8.689999999999998,-3.410000000000011,-4.439999999999998,-7.8500000000000085,-15.57142857142857,-9.76190476190476,-25.33333333333333,-8.61904761904762,-4.738095238095241,-13.357142857142861,-5.449025247682968,-5.049536593160738,-10.498561840843706,-8.735194585448397,-8.940657481266612,-17.67585206671501,-8.357142857142847,-7.261904761904773,-15.61904761904762,-21.37,-33.01,-30.47,-2.6038095238095167,18.539047619047622,26.076190476190476,47.219047619047615,21.14285714285714,6.55733461169703,-20.24413826444283,False,True
2020-04-24,61.28,55.07,51.63,74.54,9.333333333333334,51.45238095238095,71.74816235218918,51.444283297075174,51.904761904761905,6.210000000000001,31.510000000000005,-3.4399999999999977,1.480000000000004,9.649999999999999,-3.6257167029248265,-3.165238095238095,0.18571670292482878,9.375238095238096,-25.78,15.400000000000006,-10.379999999999995,-0.4799999999999969,-7.480000000000004,-7.960000000000001,-5.399999999999999,-5.399999999999999,-10.799999999999997,-5.239999999999995,-5.560000000000002,-10.799999999999997,-36.07142857142857,-10.166666666666664,-46.238095238095234,-8.547619047619051,-5.785714285714278,-14.333333333333329,-6.679450303611375,-6.072227548737615,-12.75167785234899,-8.51462412376118,-9.433164128595593,-17.947788252356773,-8.38095238095238,-7.761904761904752,-16.14285714285713,-19.77,-25.98,-29.43,3.6176190476190513,45.736666666666665,23.087619047619057,65.20666666666668,42.11904761904761,2.791837647810823,-19.851341551849167,False,True
2020-05-01,62.14,59.39,47.51,69.27,37.523809523809526,54.61904761904762,66.95429849792265,48.431834662799126,50.095238095238095,2.75,26.379999999999995,-11.880000000000003,0.30999999999999517,14.630000000000003,-10.958165337200874,-9.294761904761906,-0.9218346627991281,12.044761904761906,-17.049999999999997,3.980000000000004,-13.069999999999993,6.579999999999998,-9.030000000000001,-2.450000000000003,-5.609999999999999,-4.780000000000001,-10.39,-8.180000000000007,-5.659999999999997,-13.840000000000003,-9.595238095238088,-6.857142857142868,-16.452380952380956,-4.714285714285715,-4.857142857142854,-9.57142857142857,-7.110898050495365,-5.752636625119848,-12.863534675615213,-9.049431955523332,-8.880227217790669,-17.929659173314,-7.928571428571431,-7.0238095238095255,-14.952380952380956,-15.97,-18.72,-30.6,4.77095238095238,21.866190476190475,14.650952380952376,31.74619047619047,17.095238095238095,2.3157015020773457,-20.899806623156877,True,True
2020-05-08,87.91,60.77,67.77,85.19,55.83333333333333,70.61904761904762,74.17705337168422,62.91999033115785,63.45238095238095,27.139999999999993,0.37999999999999545,6.999999999999993,7.079999999999998,20.14,2.149990331157845,2.682380952380946,4.850009668842148,24.457619047619048,21.5,-12.740000000000009,8.759999999999991,-5.259999999999998,-6.5,-11.759999999999998,-5.340000000000003,-3.6099999999999994,-8.950000000000003,-4.439999999999998,-4.030000000000001,-8.469999999999999,-4.11904761904762,-4.0,-8.11904761904762,-2.547619047619051,-2.309523809523796,-4.857142857142847,-5.9443911792905055,-4.793863854266547,-10.738255033557053,-7.562847474014987,-7.466159052453463,-15.02900652646845,-6.833333333333329,-6.142857142857153,-12.976190476190482,-2.52,-29.66,-22.66,-9.849047619047617,4.9366666666666745,14.570952380952377,29.35666666666667,14.785714285714292,11.012946628315774,-17.887357988880833,False,True
2020-05-15,73.32,64.06,72.84,87.07,62.952380952380956,72.59523809523809,79.91371045062319,67.70304568527918,70.35714285714286,9.259999999999991,0.980000000000004,8.780000000000001,9.61,0.47999999999998977,3.6430456852791764,6.297142857142859,5.136954314720825,2.962857142857132,3.759999999999991,-12.370000000000005,-8.610000000000014,-4.519999999999996,-5.519999999999996,-10.039999999999992,-5.349999999999994,-3.3500000000000085,-8.700000000000003,-3.6700000000000017,-3.530000000000001,-7.200000000000003,-1.0952380952380807,-2.500000000000014,-3.595238095238095,-1.6190476190476346,-1.6904761904761756,-3.30952380952381,-4.538191115372328,-3.579418344519013,-8.11760945989134,-6.77121102248006,-5.239303843364766,-12.010514865844826,-4.595238095238088,-4.11904761904762,-8.714285714285708,-17.7,-26.97,-18.18,-8.535238095238086,1.1076190476190462,14.474761904761905,24.117619047619037,9.642857142857132,7.156289549376808,-12.962291515591007,False,True
2020-05-22,88.5,86.24,86.5,98.83,78.57142857142857,84.0,94.39117929050813,86.85641769398114,88.04761904761904,2.260000000000005,-7.970000000000013,0.2600000000000051,1.019999999999996,2.0,0.6164176939811483,1.807619047619042,-0.3564176939811432,0.4523809523809632,6.930000000000007,-12.200000000000003,-5.269999999999996,-3.3000000000000114,-2.809999999999988,-6.109999999999999,-4.060000000000002,-3.1599999999999966,-7.219999999999999,-3.9399999999999977,-3.4000000000000057,-7.340000000000003,-0.2619047619047592,-1.1904761904761898,-1.452380952380949,-0.809523809523796,-1.0714285714285836,-1.8809523809523796,-3.7072547139661225,-2.4928092042186023,-6.200063918184725,-5.151679961324632,-3.290427846265402,-8.442107807590034,-3.6666666666666856,-3.119047619047606,-6.785714285714292,-14.7,-16.96,-16.7,2.239999999999995,7.6685714285714255,14.829999999999998,20.25857142857143,5.428571428571431,4.438820709491864,-5.027797921198936,False,True
2020-05-29,89.28,84.2,84.92,96.33,81.16666666666667,84.3095238095238,92.56951102588684,86.20679236161469,87.64285714285715,5.079999999999998,-7.480000000000004,0.7199999999999989,1.4099999999999966,4.359999999999999,2.0067923616146857,3.44285714285715,-1.2867923616146868,1.6371428571428481,9.530000000000001,-12.159999999999997,-2.6299999999999955,-3.030000000000001,-2.9399999999999977,-5.969999999999999,-3.719999999999999,-2.980000000000004,-6.700000000000003,-4.909999999999997,-3.460000000000008,-8.370000000000005,-0.9285714285714164,-1.0238095238095184,-1.9523809523809348,-2.452380952380963,-1.047619047619051,-3.500000000000014,-3.4675615212528044,-2.588686481303938,-6.0562480025567424,-4.483925549915398,-3.4052453468697195,-7.889170896785117,-2.3809523809523796,-2.595238095238088,-4.976190476190467,-12.0,-17.09,-16.36,-0.10952380952379315,3.0333333333333314,12.020476190476202,15.163333333333327,3.1428571428571246,3.7604889741131586,-4.366086536137297,False,True
2020-06-05,97.72,93.82,94.79,108.21,88.8095238095238,95.21428571428572,98.94534995206135,94.12315687696398,94.5,3.9000000000000057,1.5700000000000074,0.9700000000000131,1.740000000000009,2.9299999999999926,0.30315687696398186,0.6800000000000068,0.6668431230360312,3.219999999999999,0.01999999999999602,-2.3999999999999915,-2.3799999999999955,-2.3100000000000023,-1.990000000000009,-4.300000000000011,-3.0799999999999983,-2.3900000000000006,-5.469999999999999,-3.0500000000000114,-2.719999999999999,-5.77000000000001,-0.6904761904762182,-0.6904761904761756,-1.3809523809523938,-0.3333333333333286,-0.5714285714285552,-0.9047619047618838,-3.0680728667305743,-2.540747842761263,-5.608820709491837,-3.8584723229393205,-3.5321489001692328,-7.390621223108553,-2.1190476190476204,-2.19047619047619,-4.30952380952381,-13.26,-17.17,-16.2,-1.3942857142857292,5.010476190476197,12.995714285714271,19.400476190476198,6.404761904761926,9.264650047938645,-4.985496736765772,False,True
