spread,h,week,spread_level,fair_value,gap,f_own,f_fair_value,f_both,actual,outcome_end
LA_GC_1,1,2017-01-06,3.0900000000000034,8.48061131849229,-5.390611318492287,0.7829558855872213,1.2287527877355495,1.2055560293876622,0.21999999999999797,2017-01-20
LA_GC_1,1,2017-01-13,4.379999999999996,8.578238362102606,-4.19823836210261,0.5063885053520617,0.9742566659941675,0.9208666215648129,-0.8299999999999845,2017-01-27
LA_GC_1,1,2017-01-20,4.599999999999994,8.27993863255524,-3.6799386325552454,0.42156850049890304,0.8271478536573459,0.7712705132634406,-0.020000000000009788,2017-02-03
LA_GC_1,1,2017-01-27,3.77000000000001,8.114634367213451,-4.344634367213441,0.5309791262657471,0.9255904089562695,0.8778056718414424,1.5300000000000011,2017-02-10
LA_GC_1,1,2017-02-03,3.75,8.273476025887254,-4.523476025887254,0.5079144906613828,0.9412864128600857,0.8731958092271268,0.7700000000000102,2017-02-17
LA_GC_1,1,2017-02-10,5.280000000000001,8.958227041191943,-3.678227041191942,0.21924310085995757,0.8013568906349916,0.6727224393591364,-0.9000000000000057,2017-02-24
LA_GC_1,1,2017-02-17,6.050000000000011,7.577858879852335,-1.5278588798523236,0.07988363200088422,0.35764730945871515,0.2896430707677776,4.189999999999998,2017-03-03
LA_GC_1,1,2017-02-24,5.150000000000006,8.05252305105404,-2.9025230510540343,0.2563541810851023,0.6042659511446051,0.521596641666849,-0.21999999999999886,2017-03-10
LA_GC_1,1,2017-03-03,9.340000000000003,8.32435978533535,1.0156402146646535,-0.5011427830641902,-0.1362448187984203,-0.28894651903967405,-1.7900000000000205,2017-03-17
LA_GC_1,1,2017-03-10,9.120000000000005,8.208948351665976,0.9110516483340287,-0.4411087198000817,-0.12253366870254,-0.2607589912733298,1.2700000000000102,2017-03-24
LA_GC_1,1,2017-03-17,7.329999999999984,9.442974168608885,-2.1129741686089005,-0.0960878999454841,0.475721596092077,0.288914164994831,1.1900000000000261,2017-03-31
LA_GC_1,1,2017-03-24,8.599999999999994,8.791136947428784,-0.19113694742878984,-0.30275913386260755,0.09984164959268417,-0.04574263725575642,-0.09000000000003183,2017-04-07
LA_GC_1,1,2017-03-31,9.79000000000002,9.571291083682494,0.2187089163175262,-0.49969612497583077,0.0231258943524478,-0.16125364034165707,0.8000000000000114,2017-04-14
LA_GC_1,1,2017-04-07,9.699999999999989,9.671563745606493,0.02843625439349573,-0.4584372290848831,0.059827384562054206,-0.12068089163724935,-0.7799999999999994,2017-04-21
LA_GC_1,1,2017-04-14,10.5,9.524461941199906,0.9755380588000939,-0.5611430691958079,-0.12568553678581365,-0.2827983798398374,-1.1999999999999904,2017-04-28
LA_GC_1,1,2017-04-21,9.72,9.755270508566896,-0.03527050856689584,-0.40450196247282516,0.07049681281071711,-0.09246479347282363,-5.630000000000024,2017-05-05
LA_GC_1,1,2017-04-28,8.52000000000001,8.209125052343158,0.31087494765685264,-0.18360952887148735,-0.009346746582898371,-0.08147751903460637,4.360000000000014,2017-05-12
LA_GC_1,1,2017-05-05,2.8899999999999864,8.605790204495161,-5.715790204495175,0.8980846574422007,1.1695092153944833,1.1749547541080354,0.3599999999999852,2017-05-19
LA_GC_1,1,2017-05-12,7.25,9.057862955774441,-1.807862955774441,0.038065432050524074,0.416935145017557,0.2764201485529208,0.12000000000003297,2017-05-26
LA_GC_1,1,2017-05-19,7.609999999999985,9.304938763058907,-1.6949387630589214,-0.038977589947873245,0.3835177946672409,0.2177423680584239,0.6099999999999852,2017-06-02
LA_GC_1,1,2017-05-26,7.730000000000018,9.311810690445466,-1.5818106904454474,-0.06988805680180403,0.3617277619796634,0.19047654604901854,0.8299999999999841,2017-06-09
LA_GC_1,1,2017-06-02,8.340000000000003,8.582383451064235,-0.24238345106423154,-0.19937344710688257,0.1011029567961822,-0.036583761714085505,1.2300000000000182,2017-06-16
LA_GC_1,1,2017-06-09,9.169999999999987,8.443674972510053,0.7263250274899349,-0.36705840953493923,-0.08774033618242497,-0.23521675861894228,2.219999999999999,2017-06-23
LA_GC_1,1,2017-06-16,10.400000000000006,8.577939747906536,1.8220602520934701,-0.5662251800353773,-0.2997629794016456,-0.4617031267451675,2.020000000000012,2017-06-30
LA_GC_1,1,2017-06-23,12.620000000000005,8.861517581225513,3.7584824187744914,-0.8880310279903736,-0.6650326703714433,-0.8422482786890177,-3.110000000000017,2017-07-07
LA_GC_1,1,2017-06-30,14.640000000000017,9.78286748479742,4.857132515202597,-1.1120991819254145,-0.8376161048354859,-1.0509456806722308,-0.5299999999999994,2017-07-14
LA_GC_1,1,2017-07-07,11.53,10.327018913955971,1.2029810860440282,-0.5534611761778976,-0.1743184750931909,-0.37275155278456695,-0.5,2017-07-21
LA_GC_1,1,2017-07-14,11.0,10.207525581402907,0.7924744185970933,-0.38501466708959203,-0.08918392728130282,-0.2371184151135116,-1.6800000000000068,2017-07-28
LA_GC_1,1,2017-07-21,10.5,10.91389958545049,-0.41389958545049055,-0.24778934352647314,0.14528468328938263,-0.01595758815251748,0.8100000000000023,2017-08-04
LA_GC_1,1,2017-07-28,8.819999999999993,10.667543634742742,-1.847543634742749,0.09539265192175957,0.4242302015816277,0.3258826178431611,-0.960000000000008,2017-08-11
LA_GC_1,1,2017-08-04,9.629999999999995,10.011935927736864,-0.381935927736869,-0.007405151106331304,0.13688066703703605,0.0862537456043645,-1.7699999999999818,2017-08-18
LA_GC_1,1,2017-08-11,8.669999999999987,10.264544206383924,-1.5945442063839366,0.19084873809113312,0.37059577532573484,0.333752036722645,0.45999999999997954,2017-08-25
LA_GC_1,1,2017-08-18,6.900000000000006,9.865933960527418,-2.965933960527412,0.5201631433644223,0.639229180231208,0.6617061120700256,-2.219999999999999,2017-09-01
LA_GC_1,1,2017-08-25,7.359999999999985,9.674904288581759,-2.314904288581774,0.45158427692821634,0.5152452784666589,0.5449372497776184,6.920000000000016,2017-09-08
LA_GC_1,1,2017-09-01,5.139999999999986,9.671728749458103,-4.531728749458116,0.7921354053144575,0.9261130016346034,0.9751560321291961,-1.8400000000000016,2017-09-15
LA_GC_1,1,2017-09-08,12.060000000000002,9.510375065363387,2.549624934636615,-0.44165945487995556,-0.46130416831078325,-0.5131544441817832,-0.12000000000000632,2017-09-22
LA_GC_1,1,2017-09-15,10.22,9.357043461450694,0.862956538549307,-0.06925433821547586,-0.11693811256433898,-0.11788420240307139,0.5799999999999841,2017-09-29
LA_GC_1,1,2017-09-22,10.099999999999994,9.431877559295355,0.6681224407046393,-0.03359400100649046,-0.07626157616131855,-0.07443917851481205,-3.009999999999991,2017-10-06
LA_GC_1,1,2017-09-29,10.679999999999978,9.706845148958777,0.9731548510412011,-0.1293316020195259,-0.13146053241481295,-0.15170290295467442,0.21000000000000796,2017-10-13
LA_GC_1,1,2017-10-06,7.6699999999999875,9.271628276803318,-1.6016282768033303,0.39256376768339885,0.3570105165608187,0.404870510282076,0.5999999999999943,2017-10-20
LA_GC_1,1,2017-10-13,7.8799999999999955,9.10238418211689,-1.222384182116894,0.33681114823754327,0.2860387585783281,0.3316241297310356,0.7500000000000284,2017-10-27
LA_GC_1,1,2017-10-20,8.47999999999999,9.12708136619733,-0.6470813661973409,0.2185138578066358,0.17495700943898065,0.2055466473944229,0.9599999999999795,2017-11-03
LA_GC_1,1,2017-10-27,9.230000000000018,9.419860378666378,-0.18986037866635996,0.0872317983344783,0.08807063821437928,0.09192434189458665,0.5799999999999841,2017-11-10
LA_GC_1,1,2017-11-03,10.189999999999998,9.16609122666759,1.0239087733324084,-0.03459908850597433,-0.14924865056949477,-0.12716990623130234,0.8900000000000148,2017-11-17
LA_GC_1,1,2017-11-10,10.769999999999982,9.239215147355008,1.5307848526449739,-0.11451575002317169,-0.24906289041731258,-0.2305870852145053,-3.1599999999999966,2017-11-24
LA_GC_1,1,2017-11-17,11.659999999999997,9.38251067767371,2.2774893223262858,-0.24492306824457424,-0.3898448127447674,-0.3823675322065494,0.2599999999999909,2017-12-01
LA_GC_1,1,2017-11-24,8.5,8.466910078538957,0.03308992146104295,0.3343091272069719,0.03301376356356122,0.14741990106682637,-1.289999999999992,2017-12-08
LA_GC_1,1,2017-12-01,8.759999999999991,8.668261594195876,0.09173840580411508,0.2905644292099731,0.025817296499707203,0.1258748694198556,-0.12000000000000455,2017-12-15
LA_GC_1,1,2017-12-08,7.469999999999999,8.55215172056108,-1.0821517205610807,0.5044889562333307,0.2534912506349747,0.3667621954495547,-1.049999999999983,2017-12-22
LA_GC_1,1,2017-12-15,7.349999999999994,8.04702070259284,-0.6970207025928463,0.5010705937691436,0.17606822097693958,0.30853219611749666,0.9199999999999875,2017-12-29
LA_GC_1,1,2017-12-22,6.300000000000011,8.99513254068759,-2.6951325406875792,0.6281462162950779,0.5686566888992536,0.6428432974558843,1.2700000000000102,2018-01-05
LA_GC_1,1,2017-12-29,7.219999999999999,9.087311175264801,-1.8673111752648026,0.4138893279076913,0.41392209263017854,0.453068902276312,-1.1500000000000057,2018-01-12
LA_GC_1,1,2018-01-05,8.490000000000009,9.134929670949116,-0.6449296709491072,0.16554621501966077,0.17511878335950323,0.1856649278144285,1.0800000000000125,2018-01-19
LA_GC_1,1,2018-01-12,7.340000000000003,8.88006410642532,-1.5400641064253158,0.33687606666281433,0.34444561086585307,0.3734192544937818,-1.670000000000016,2018-01-26
LA_GC_1,1,2018-01-19,8.420000000000016,8.029913283837136,0.39008671616288026,0.13211715993866396,-0.036712670009693714,0.011540473531831304,0.5199999999999818,2018-02-02
LA_GC_1,1,2018-01-26,6.75,7.324088371267416,-0.5740883712674156,0.402804085917851,0.14253321874902863,0.24070150989863898,3.0200000000000102,2018-02-09
LA_GC_1,1,2018-02-02,7.269999999999982,8.121905325904823,-0.8519053259048412,0.296114391739841,0.2012805520822502,0.2515075728452606,0.3499999999999943,2018-02-16
LA_GC_1,1,2018-02-09,10.289999999999992,7.920954744690577,2.3690452553094152,-0.22599192814350355,-0.42176903714231234,-0.3987241443400927,-1.1399999999999864,2018-02-23
LA_GC_1,1,2018-02-16,10.639999999999986,8.459821006483704,2.1801789935162823,-0.2639473507652536,-0.38680916159368156,-0.3878989380038189,-0.4000000000000057,2018-03-02
LA_GC_1,1,2018-02-23,9.5,8.479993065073627,1.0200069349263732,-0.04453455418114019,-0.16298210038603764,-0.140996662518536,4.950000000000017,2018-03-09
LA_GC_1,1,2018-03-02,9.099999999999994,7.9516581759927005,1.1483418240072938,0.05742427737753274,-0.19089321783406535,-0.12455687737997914,-1.7200000000000273,2018-03-16
LA_GC_1,1,2018-03-09,14.050000000000011,8.579459984635509,5.470540015364502,-0.8084841416511315,-1.0256245243107533,-1.06209159299445,-0.22999999999995957,2018-03-23
LA_GC_1,1,2018-03-16,12.329999999999984,8.402596251746298,3.9274037482536865,-0.4878080877681823,-0.7390185972602753,-0.7337911801545766,1.1299999999999937,2018-03-30
LA_GC_1,1,2018-03-23,12.100000000000025,8.372280418538965,3.7277195814610593,-0.42087437882913337,-0.6888016948982123,-0.6733447179438568,-0.7300000000000182,2018-04-06
LA_GC_1,1,2018-03-30,13.230000000000018,9.11948545200519,4.110514547994828,-0.5822288393884509,-0.7295465201344602,-0.7546910670457008,-0.8299999999999841,2018-04-13
LA_GC_1,1,2018-04-06,12.5,9.191394727552249,3.3086052724477515,-0.4243547634930809,-0.5793116212836965,-0.586961454266303,-0.8500000000000245,2018-04-20
LA_GC_1,1,2018-04-13,11.670000000000016,9.156745340763672,2.5132546592363436,-0.25377671525311357,-0.43261103313412586,-0.41855027701268893,-2.5799999999999823,2018-04-27
LA_GC_1,1,2018-04-20,10.819999999999991,9.580686178069847,1.2393138219301445,-0.08929028130208162,-0.19180896075258064,-0.18027709324177418,0.7199999999999704,2018-05-04
LA_GC_1,1,2018-04-27,8.240000000000009,9.052446897554379,-0.8124468975543699,0.3595465455563317,0.19521707491424706,0.2606692846625219,0.19000000000002615,2018-05-11
LA_GC_1,1,2018-05-04,8.95999999999998,9.20729314385447,-0.24729314385449008,0.22337731089357304,0.08944718327046054,0.13631904220836852,-0.05000000000001137,2018-05-18
LA_GC_1,1,2018-05-11,9.150000000000006,9.255779382630477,-0.10577938263047137,0.17610280366371095,0.061780398984935925,0.09984420870401334,-0.9900000000000091,2018-05-25
LA_GC_1,1,2018-05-18,9.099999999999994,9.088255985829809,0.011744014170185224,0.16551461447794924,0.037923876509519346,0.07795006979859091,-0.6799999999999784,2018-06-01
LA_GC_1,1,2018-05-25,8.109999999999985,9.660963229974676,-1.5509632299746912,0.334950487495848,0.3401051091731291,0.3643007078291445,-0.36000000000001364,2018-06-08
LA_GC_1,1,2018-06-01,7.430000000000007,9.396125030898054,-1.9661250308980467,0.44293023856814207,0.4198262061543986,0.4585420723893517,0.3200000000000216,2018-06-15
LA_GC_1,1,2018-06-08,7.069999999999993,9.770553478374215,-2.7005534783742213,0.49862626968530477,0.5628354610228685,0.5869229880841311,-0.3900000000000148,2018-06-22
LA_GC_1,1,2018-06-15,7.390000000000015,9.527139663833575,-2.13713966383356,0.44018549282401365,0.45664242076182715,0.48433779831007173,-0.37999999999999545,2018-06-29
LA_GC_1,1,2018-06-22,7.0,9.619268343055372,-2.6192683430553725,0.5045655956278895,0.5491516471122387,0.5745299521441096,-0.4900000000000082,2018-07-06
LA_GC_1,1,2018-06-29,6.6200000000000045,9.39811905102347,-2.778119051023465,0.5584896760416856,0.5792838689391071,0.6097311205339359,0.12000000000000366,2018-07-13
LA_GC_1,1,2018-07-06,6.129999999999996,9.2464752035798,-3.116475203579804,0.6153997711551356,0.6421817997507469,0.6720875749442736,0.20000000000001705,2018-07-20
LA_GC_1,1,2018-07-13,6.25,9.491196562274618,-3.2411965622746184,0.5813411084972206,0.6706566627426468,0.6882836754784838,-1.1900000000000261,2018-07-27
LA_GC_1,1,2018-07-20,6.450000000000017,9.48688119503512,-3.036881195035104,0.5280181295626066,0.6336695174571934,0.6447621088418798,0.9200000000000159,2018-08-03
LA_GC_1,1,2018-07-27,5.259999999999991,9.443427592775993,-4.1834275927760025,0.6929665677034632,0.8459098111030724,0.8546951560111963,-0.8600000000000136,2018-08-10
LA_GC_1,1,2018-08-03,6.180000000000007,9.182014325648176,-3.002014325648169,0.5381479297986855,0.6245885071474993,0.6313194528929225,0.2400000000000091,2018-08-17
LA_GC_1,1,2018-08-10,5.319999999999993,9.28695982702511,-3.966959827025116,0.6223795746198221,0.7978877670541062,0.7986264648318451,0.18999999999999773,2018-08-24
LA_GC_1,1,2018-08-17,5.560000000000002,9.092709170578159,-3.5327091705781566,0.5479451551025422,0.7186717131621398,0.7171846425031275,1.0299999999999727,2018-08-31
LA_GC_1,1,2018-08-24,5.75,8.843027368248041,-3.093027368248041,0.4878287328996315,0.6315867317477739,0.628511639252589,-0.5599999999999739,2018-09-07
LA_GC_1,1,2018-08-31,6.779999999999973,8.928026476139802,-2.1480264761398296,0.31316716219367,0.45502200471115234,0.4544123123626236,-0.2400000000000091,2018-09-14
LA_GC_1,1,2018-09-07,6.219999999999999,8.980096470826254,-2.760096470826255,0.3444481638515888,0.5681994336582669,0.5702774851715825,-0.3699999999999761,2018-09-21
LA_GC_1,1,2018-09-14,5.97999999999999,8.705555623954142,-2.7255556239541523,0.3393481759093328,0.5603191718342221,0.5624647093303116,0.13999999999998636,2018-09-28
LA_GC_1,1,2018-09-21,5.610000000000014,8.799631567029666,-3.189631567029652,0.35226506576881766,0.6463165134563265,0.6525448351755369,0.8100000000000023,2018-10-05
LA_GC_1,1,2018-09-28,5.75,8.617197332012696,-2.8671973320126956,0.28342386111508244,0.5832977173494946,0.5925893346894492,0.9899999999999807,2018-10-12
LA_GC_1,1,2018-10-05,6.560000000000002,8.286667053792938,-1.7266670537929354,0.12320295581144859,0.3649542371450779,0.376552624518223,1.5999999999999925,2018-10-19
LA_GC_1,1,2018-10-12,7.549999999999983,8.33535327718668,-0.7853532771866973,-0.05488189474724913,0.1845631633800998,0.2032123241999975,1.7500000000000302,2018-10-26
LA_GC_1,1,2018-10-19,9.149999999999975,8.296754060588187,0.8532459394117886,-0.3130453991126208,-0.13317488842632585,-0.10514736997540933,0.14999999999997904,2018-11-02
LA_GC_1,1,2018-10-26,10.900000000000006,8.626146030326751,2.2738539696732545,-0.5637333036694293,-0.40912527067312127,-0.36519004305152614,0.850000000000021,2018-11-09
LA_GC_1,1,2018-11-02,11.049999999999985,8.67635643159291,2.3736435684070756,-0.5694668232599839,-0.427800125381312,-0.3848881497766159,0.9799999999999898,2018-11-16
LA_GC_1,1,2018-11-09,11.900000000000006,8.70443643699304,3.1955635630069654,-0.6606868838744279,-0.576975967780615,-0.5240507369027736,-0.18000000000000682,2018-11-23
LA_GC_1,1,2018-11-16,12.879999999999995,8.89720608568904,3.982793914310955,-0.7568523909731016,-0.7115401170136175,-0.6461895602551199,0.8500000000000227,2018-11-30
LA_GC_1,1,2018-11-23,12.699999999999989,8.822225035879812,3.877774964120176,-0.6934522661477139,-0.6845123820692095,-0.629985390557136,-2.4799999999999898,2018-12-07
LA_GC_1,1,2018-11-30,13.550000000000011,8.815933380094107,4.734066619905905,-0.7405042387581245,-0.8151269682628153,-0.7540919995660347,-1.0200000000000369,2018-12-14
LA_GC_1,1,2018-12-07,11.070000000000022,9.152370389273779,1.9176296107262427,-0.3968762905808194,-0.3200730192974092,-0.28613570109712955,-0.6599999999999682,2018-12-21
LA_GC_1,1,2018-12-14,10.049999999999985,9.219744956372514,0.8302550436274707,-0.2335854475546276,-0.11896457274986752,-0.09305364738262832,1.319999999999963,2018-12-28
LA_GC_1,1,2018-12-21,9.390000000000017,9.026657108154494,0.36334289184552304,-0.12343438485194065,-0.0338181656323185,-0.01746097498180726,-0.9899999999999789,2019-01-04
LA_GC_1,1,2018-12-28,10.70999999999998,8.895712350309005,1.814287649690975,-0.28521008211906235,-0.29867149816608857,-0.28082946524961294,-2.349999999999998,2019-01-11
LA_GC_1,1,2019-01-04,9.72,8.792078006286044,0.9279219937139569,-0.12379127434550875,-0.13921944025072042,-0.13195304473080244,0.3699999999999779,2019-01-18
LA_GC_1,1,2019-01-11,7.370000000000003,8.684528748798229,-1.3145287487982262,0.22492057003985633,0.2739191997077439,0.26928606966602797,-0.7399999999999807,2019-01-25
LA_GC_1,1,2019-01-18,7.739999999999981,8.713712221053378,-0.9737122210533968,0.17851703809078256,0.21235585248991595,0.2085846424442181,0.3499999999999943,2019-02-01
LA_GC_1,1,2019-01-25,7.0,8.818895938141061,-1.8188959381410612,0.29404660697608676,0.36624630158900856,0.3604926529202811,-0.13999999999998636,2019-02-08
LA_GC_1,1,2019-02-01,7.349999999999994,8.53949706488063,-1.1894970648806353,0.2493118121999592,0.2501781429742612,0.24062462851150662,0.789999999999992,2019-02-15
LA_GC_1,1,2019-02-08,7.210000000000008,8.534273206671282,-1.3242732066712737,0.27825006451714884,0.273048190646502,0.2619511257186383,0.8499999999999943,2019-02-22
LA_GC_1,1,2019-02-15,8.0,8.895860794092501,-0.895860794092501,0.17722080556597336,0.19681474289285267,0.1923707650424904,0.850000000000021,2019-03-01
LA_GC_1,1,2019-02-22,8.849999999999994,8.448979498086562,0.4010205019134325,0.07032079797878545,-0.043409709417411624,-0.053476893557889794,-0.5700000000000198,2019-03-08
LA_GC_1,1,2019-03-01,9.700000000000015,8.738408888457391,0.9615911115426243,-0.03803742000004105,-0.14660185752291807,-0.1518628243217143,-1.329999999999984,2019-03-15
LA_GC_1,1,2019-03-08,9.129999999999995,8.90770027232395,0.22229972767604522,0.0621113856749291,-0.010476834487462124,-0.01718148680698735,-0.45000000000001705,2019-03-22
LA_GC_1,1,2019-03-15,7.800000000000011,9.009659236377928,-1.2096592363779166,0.26847628650333777,0.25542883455167226,0.24411913857836914,1.6599999999999984,2019-03-29
LA_GC_1,1,2019-03-22,7.349999999999994,9.144061274159432,-1.7940612741594375,0.3443634679100304,0.3667109365370329,0.35358344733316205,0.7400000000000073,2019-04-05
LA_GC_1,1,2019-03-29,9.009999999999993,9.136758213850309,-0.12675821385031583,0.11908721770144318,0.05722960487528128,0.04841537313436137,4.180000000000009,2019-04-12
LA_GC_1,1,2019-04-05,9.75,9.1144351558504,0.6355648441496005,0.0263199661595312,-0.08743516365593121,-0.09616949170666156,1.469999999999997,2019-04-19
LA_GC_1,1,2019-04-12,13.930000000000009,9.298659137305737,4.631340862694271,-0.5659524529440295,-0.8477100379391408,-0.8447899647452175,-0.5,2019-04-26
LA_GC_1,1,2019-04-19,15.400000000000006,9.683585132759918,5.716414867240088,-0.750039323761341,-1.0654446286391612,-1.0558019425155236,-0.8000000000000114,2019-05-03
LA_GC_1,1,2019-04-26,14.900000000000006,9.760931068109207,5.139068931890799,-0.6475743038081586,-0.9580691098108182,-0.9513847897443632,-2.200000000000019,2019-05-10
LA_GC_1,1,2019-05-03,14.099999999999994,9.702978077510531,4.397021922489463,-0.5062414594368603,-0.8108744519250112,-0.8106090305930268,-1.5499999999999812,2019-05-17
LA_GC_1,1,2019-05-10,11.899999999999975,9.85777665730319,2.0422233426967846,-0.1781986474167726,-0.36677946703961084,-0.3707941596841562,2.5500000000000114,2019-05-24
LA_GC_1,1,2019-05-17,10.349999999999994,9.914094427060643,0.43590557293935106,0.0495878724638622,-0.053015331343610465,-0.058926299041399705,-2.4199999999999875,2019-05-31
LA_GC_1,1,2019-05-24,12.900000000000006,9.323776787445201,3.5762232125548046,-0.34457418903504455,-0.6546256757086544,-0.6589672819912803,-4.140000000000015,2019-06-07
LA_GC_1,1,2019-05-31,10.480000000000018,9.863705108673846,0.6162948913261719,0.012176415416513181,-0.08775499824292915,-0.09176022389711608,-0.18000000000000682,2019-06-14
LA_GC_1,1,2019-06-07,6.340000000000003,9.048745203503104,-2.708745203503101,0.6502318158697938,0.572339138675122,0.5486176067797254,-1.509999999999991,2019-06-21
LA_GC_1,1,2019-06-14,6.159999999999997,8.80117203309661,-2.6411720330966126,0.6545580533876271,0.5614857887613722,0.5359581538692064,1.089999999999975,2019-06-28
LA_GC_1,1,2019-06-21,4.650000000000006,8.996276880481117,-4.346276880481112,0.8377058128019492,0.8868340568717017,0.8532103450480153,0.910000000000025,2019-07-05
LA_GC_1,1,2019-06-28,5.739999999999981,9.189756331563103,-3.4497563315631226,0.6386634916095815,0.716097111237041,0.6961342041288967,-0.7299999999999898,2019-07-12
LA_GC_1,1,2019-07-05,6.650000000000006,9.175554233102599,-2.525554233102593,0.4734896174923263,0.5329481991485885,0.5185972556660563,-0.6700000000000159,2019-07-19
LA_GC_1,1,2019-07-12,5.920000000000016,8.551085769802429,-2.6310857698024126,0.5652758865715675,0.5417323596492355,0.5134797013269287,-1.049999999999983,2019-07-26
LA_GC_1,1,2019-07-19,5.25,8.954104651948223,-3.7041046519482226,0.6435512943459863,0.7454758567140412,0.722706655088042,0.549999999999983,2019-08-02
LA_GC_1,1,2019-07-26,4.200000000000017,8.99970156120497,-4.799701561204953,0.7672947990195511,0.9465168497285394,0.9189415137963,0.2699999999999818,2019-08-09
LA_GC_1,1,2019-08-02,4.75,9.205178085650182,-4.455178085650182,0.6667031381842808,0.8818392891035879,0.8646172971666052,-0.29999999999998295,2019-08-16
LA_GC_1,1,2019-08-09,5.019999999999982,8.735113686086986,-3.7151136860870047,0.6046812043352254,0.7328893235692402,0.7073503989281774,1.079999999999984,2019-08-23
LA_GC_1,1,2019-08-16,4.719999999999999,9.071819139280256,-4.351819139280257,0.6170935842350376,0.8444936585956165,0.8291641770106578,0.870000000000033,2019-08-30
LA_GC_1,1,2019-08-23,5.799999999999983,9.024197691646204,-3.2241976916462214,0.4439075941339089,0.6396229607931576,0.6339820897358754,1.6599999999999682,2019-09-06
LA_GC_1,1,2019-08-30,6.670000000000016,8.805704933589674,-2.1357049335896576,0.2978865904517098,0.43311737572481823,0.43092250989180825,-1.299999999999983,2019-09-13
LA_GC_1,1,2019-09-06,8.329999999999984,8.902699127025334,-0.5726991270253503,0.048408696009951464,0.1387533545292176,0.15119265938522755,0.03999999999999204,2019-09-20
LA_GC_1,1,2019-09-13,7.030000000000001,8.92630103630861,-1.8963010363086088,0.2333221272293235,0.38608969156083495,0.39262240013211314,2.5600000000000307,2019-09-27
LA_GC_1,1,2019-09-20,7.069999999999993,9.192299644231586,-2.1222996442315925,0.22564878884341907,0.4300269611250907,0.4458047007755622,1.4799999999999596,2019-10-04
LA_GC_1,1,2019-09-27,9.630000000000024,9.607460347928143,0.022539652071881022,-0.14997849634208124,0.027847662997101084,0.0727063624941548,1.9900000000000109,2019-10-11
LA_GC_1,1,2019-10-04,11.109999999999983,10.151686423081816,0.958313576918167,-0.36571490515320026,-0.15145199667495357,-0.08155335524102238,0.6300000000000239,2019-10-18
LA_GC_1,1,2019-10-11,13.099999999999994,9.207548969012274,3.8924510309877203,-0.6613466477249925,-0.7183386523918005,-0.6611581000397944,-0.14000000000001478,2019-10-25
LA_GC_1,1,2019-10-18,13.730000000000018,9.129667346141403,4.600332653858615,-0.7553352407200894,-0.8518676503914933,-0.7910000644606456,1.6599999999999966,2019-11-01
LA_GC_1,1,2019-10-25,13.590000000000003,9.260624741678454,4.32937525832155,-0.7327757092903296,-0.7894672397844354,-0.7277207457410825,-0.960000000000008,2019-11-08
LA_GC_1,1,2019-11-01,15.25,9.000925183010864,6.249074816989136,-0.9164612549662071,-1.1015419569533969,-1.0360640150156983,1.7900000000000205,2019-11-15
LA_GC_1,1,2019-11-08,14.289999999999992,9.241246885978578,5.048753114021414,-0.7721206469219477,-0.8832047674693057,-0.8272489038473221,-3.0000000000000284,2019-11-22
LA_GC_1,1,2019-11-15,16.080000000000013,9.395325933015732,6.684674066984281,-0.9144878361802269,-1.1004042646300145,-1.0342239818870753,1.8199999999999914,2019-11-29
LA_GC_1,1,2019-11-22,13.079999999999984,9.304261319689275,3.7757386803107096,-0.5516527800658214,-0.6322747769590547,-0.598269261225172,-1.6899999999999675,2019-12-06
LA_GC_1,1,2019-11-29,14.899999999999975,9.187152781070608,5.712847218929367,-0.7112395285017471,-0.9032237621354466,-0.8657700731406658,-0.5799999999999841,2019-12-13
LA_GC_1,1,2019-12-06,13.210000000000008,9.803043764801906,3.406956235198102,-0.4719520585338843,-0.5312603672394415,-0.4992290632879981,0.06999999999996476,2019-12-20
LA_GC_1,1,2019-12-13,12.630000000000024,9.670061961032385,2.959938038967639,-0.36019388335384983,-0.4549918430725042,-0.4386964305677631,0.12999999999999545,2019-12-27
LA_GC_1,1,2019-12-20,12.699999999999989,9.224725061738779,3.47527493826121,-0.32354616092710253,-0.5361481156277389,-0.5439292774815822,-1.0199999999999818,2020-01-03
LA_GC_1,1,2019-12-27,12.829999999999984,9.375974289685045,3.454025710314939,-0.30104617950242635,-0.529561067498247,-0.5422065718031333,-1.4599999999999778,2020-01-10
LA_GC_1,1,2020-01-03,11.810000000000002,9.165833583295193,2.6441664167048096,-0.14634687667141638,-0.40382649582694197,-0.4359467793348849,0.4999999999999698,2020-01-17
LA_GC_1,1,2020-01-10,10.350000000000025,10.248946241588879,0.10105375841114572,0.06352181699905554,0.012902710387954073,0.000618495383970883,0.03999999999999204,2020-01-24
LA_GC_1,1,2020-01-17,10.849999999999994,10.109747543613313,0.7402524563866812,0.02829017179672637,-0.08992019785577292,-0.11076125990436726,1.5800000000000143,2020-01-31
LA_GC_1,1,2020-01-24,10.889999999999986,9.552103205710457,1.337896794289529,0.05693796118353393,-0.18979500446953532,-0.2356453912135633,-0.37999999999999723,2020-02-07
LA_GC_1,1,2020-01-31,12.47,9.291062929763205,3.1789370702367954,-0.10679992020544965,-0.49098135031282253,-0.5465340321192563,-1.5500000000000114,2020-02-14
LA_GC_1,1,2020-02-07,12.090000000000003,9.519782602921527,2.5702173970784763,-0.022255335146009955,-0.3938389355690472,-0.45560945449082496,0.28000000000002956,2020-02-21
LA_GC_1,1,2020-02-14,10.539999999999992,9.511002213508032,1.02899778649196,0.20781724398801188,-0.14359432684255152,-0.2268871097750305,1.649999999999979,2020-02-28
LA_GC_1,1,2020-02-21,10.820000000000022,8.430008452178882,2.3899915478211398,0.19734387655959743,-0.3702259182437116,-0.49146201835720493,0.05999999999999872,2020-03-06
LA_GC_1,1,2020-02-28,12.47,8.305432270912487,4.164567729087514,0.012935533532648133,-0.662738006107925,-0.7734525889243266,2.260000000000007,2020-03-13
LA_GC_1,1,2020-03-06,12.53,8.311798919484415,4.218201080515584,0.025993392278100665,-0.6714444662282564,-0.7827219654084957,12.829999999999998,2020-03-20
LA_GC_1,1,2020-03-13,14.790000000000006,9.097273384649284,5.692726615350722,-0.22752847886371536,-0.8889795203293462,-0.9447365583538327,-2.8799999999999955,2020-03-27
LA_GC_1,1,2020-03-20,27.620000000000005,10.30153361319887,17.318466386801134,-1.7792857033429876,-2.2835503437376694,-2.2719033848846406,-19.430000000000007,2020-04-03
LA_GC_1,1,2020-03-27,24.74000000000001,10.284480266175096,14.455519733824913,-1.3579092297024347,-1.976891871593081,-1.9173548065710921,7.790000000000006,2020-04-10
LA_GC_1,1,2020-04-03,5.310000000000002,11.754312019104237,-6.444312019104235,2.133793733439476,1.7026784230303311,1.8567435125941605,-1.460000000000008,2020-04-17
LA_GC_1,1,2020-04-10,13.100000000000009,12.434552852613722,0.6654471473862866,0.21595878888878467,-0.08819851394502612,0.008622897180515982,-5.43,2020-04-24
LA_GC_1,1,2020-04-17,11.64,11.717033874840334,-0.07703387484033364,0.4535452620346072,0.04909888505024694,0.16474447629975922,-3.460000000000001,2020-05-01
LA_GC_1,1,2020-04-24,6.210000000000001,9.4757201254907,-3.2657201254906987,1.385500345769784,0.6449087943801808,0.8601634456117362,24.39,2020-05-08
LA_GC_1,1,2020-05-01,2.75,7.203857639148566,-4.453857639148566,1.8886410059500778,0.8608902231442708,1.0982817024816498,-17.88000000000001,2020-05-15
LA_GC_1,1,2020-05-08,27.14,11.937661546458008,15.202338453541993,-3.3091063744085094,-3.750477243834059,-3.8400917017380696,-6.999999999999988,2020-05-22
LA_GC_1,1,2020-05-15,9.259999999999993,11.413583281317434,-2.1535832813174416,0.7013614648216222,0.4124257490767907,0.43553393171339716,2.819999999999993,2020-05-29
LA_GC_1,1,2020-05-22,2.260000000000005,9.051259913449384,-6.7912599134493785,2.0418056013623094,1.3978563314476116,1.4634094414815664,-1.1799999999999926,2020-06-05
LA_GC_1,4,2017-01-06,3.0900000000000034,8.48061131849229,-5.390611318492287,1.7461163030552769,2.8660854100468423,2.811070010866427,0.9000000000000048,2017-02-10
LA_GC_1,4,2017-01-13,4.379999999999996,8.578238362102606,-4.19823836210261,1.0694347428114022,2.224293781682681,2.080376125220329,1.450000000000017,2017-02-17
LA_GC_1,4,2017-01-20,4.599999999999994,8.27993863255524,-3.6799386325552454,0.8962282985766382,1.934914750656535,1.7913282524494638,1.379999999999996,2017-02-24
LA_GC_1,4,2017-01-27,3.77000000000001,8.114634367213451,-4.344634367213441,1.1784408581344432,2.201698190537251,2.0814813129950336,5.590000000000003,2017-03-03
LA_GC_1,4,2017-02-03,3.75,8.273476025887254,-4.523476025887254,1.1277728047869957,2.239674224553696,2.0757821007983046,3.8400000000000034,2017-03-10
LA_GC_1,4,2017-02-10,5.280000000000001,8.958227041191943,-3.678227041191942,0.3979894761051916,1.7912869908531344,1.4686592656208046,1.2799999999999727,2017-03-17
LA_GC_1,4,2017-02-17,6.050000000000011,7.577858879852335,-1.5278588798523236,0.07371514896250468,0.7543344694098537,0.5872336275477278,3.4499999999999886,2017-03-24
LA_GC_1,4,2017-02-24,5.150000000000006,8.05252305105404,-2.9025230510540343,0.5172945725246751,1.4219276588325154,1.240014744685805,0.45000000000001705,2017-03-31
LA_GC_1,4,2017-03-03,9.340000000000003,8.32435978533535,1.0156402146646535,-1.3369163728528928,-0.4414161998503082,-0.7996863215348136,0.5799999999999841,2017-04-07
LA_GC_1,4,2017-03-10,9.120000000000005,8.208948351665976,0.9110516483340287,-1.182595006279611,-0.3851986075886939,-0.6941683924741453,3.170000000000016,2017-04-14
LA_GC_1,4,2017-03-17,7.329999999999984,9.442974168608885,-2.1129741686089005,-0.2925356465159933,1.1394930147155964,0.7691126543965647,1.1200000000000063,2017-04-21
LA_GC_1,4,2017-03-24,8.599999999999994,8.791136947428784,-0.19113694742878984,-0.8218416043569527,0.1999488277295354,-0.11060668563909375,-1.2700000000000102,2017-04-28
LA_GC_1,4,2017-03-31,9.79000000000002,9.571291083682494,0.2187089163175262,-1.3456868984895716,-0.0184572396051033,-0.45484779139761483,-6.810000000000002,2017-05-05
LA_GC_1,4,2017-04-07,9.699999999999989,9.671563745606493,0.02843625439349573,-1.214774143790375,0.08612831517468486,-0.3126941264297001,-3.25,2017-05-12
LA_GC_1,4,2017-04-14,10.5,9.524461941199906,0.9755380588000939,-1.4483543285796476,-0.3582093123145738,-0.6784997653943161,-2.1100000000000154,2017-05-19
LA_GC_1,4,2017-04-21,9.72,9.755270508566896,-0.03527050856689584,-1.03676022944092,0.14575347766780844,-0.15532769544994324,-0.789999999999992,2017-05-26
LA_GC_1,4,2017-04-28,8.52000000000001,8.209125052343158,0.31087494765685264,-0.48700226375896627,-0.04162902140306307,-0.17458365261413167,5.450000000000017,2017-06-02
LA_GC_1,4,2017-05-05,2.8899999999999864,8.605790204495161,-5.715790204495175,2.0952640014141646,2.899227925134828,2.89992718485442,1.9199999999999875,2017-06-09
LA_GC_1,4,2017-05-12,7.25,9.057862955774441,-1.807862955774441,-0.010075228123267485,0.946290291101528,0.6330155846594367,2.7900000000000205,2017-06-16
LA_GC_1,4,2017-05-19,7.609999999999985,9.304938763058907,-1.6949387630589214,-0.19413667909219606,0.8903002404312034,0.5098176764816704,4.889999999999986,2017-06-23
LA_GC_1,4,2017-05-26,7.730000000000018,9.311810690445466,-1.5818106904454474,-0.2683528588648062,0.8359871881494694,0.4420568212352128,6.300000000000013,2017-06-30
LA_GC_1,4,2017-06-02,8.340000000000003,8.582383451064235,-0.24238345106423154,-0.5402787846779562,0.2164385946410317,-0.08822095157710075,2.360000000000012,2017-07-07
LA_GC_1,4,2017-06-09,9.169999999999987,8.443674972510053,0.7263250274899349,-0.9678400961795798,-0.27112869104247994,-0.6087217299272203,0.5999999999999943,2017-07-14
LA_GC_1,4,2017-06-16,10.400000000000006,8.577939747906536,1.8220602520934701,-1.4725437472736873,-0.8083276323589378,-1.1829336357986406,-2.1200000000000045,2017-07-21
LA_GC_1,4,2017-06-23,12.620000000000005,8.861517581225513,3.7584824187744914,-2.338644179601402,-1.770819888353267,-2.195553410498304,-5.820000000000023,2017-07-28
LA_GC_1,4,2017-06-30,14.640000000000017,9.78286748479742,4.857132515202597,-3.0308126645957447,-2.30828323675098,-2.8378764286882983,-1.900000000000004,2017-08-04
LA_GC_1,4,2017-07-07,11.53,10.327018913955971,1.2029810860440282,-1.3682100381956857,-0.4541140247622779,-0.8440619866733418,-2.3300000000000125,2017-08-11
LA_GC_1,4,2017-07-14,11.0,10.207525581402907,0.7924744185970933,-0.9797295027768451,-0.24300886884556927,-0.5493573013115632,-3.5999999999999943,2017-08-18
LA_GC_1,4,2017-07-21,10.5,10.91389958545049,-0.41389958545049055,-0.6527679247978547,0.3488068816837938,0.01395649902712462,-1.460000000000008,2017-08-25
LA_GC_1,4,2017-07-28,8.819999999999993,10.667543634742742,-1.847543634742749,0.2006614053106648,1.0762878122416057,0.859417795470849,-4.490000000000009,2017-09-01
LA_GC_1,4,2017-08-04,9.629999999999995,10.011935927736864,-0.381935927736869,-0.07191388828667683,0.3174824521780981,0.19946489147496924,3.390000000000015,2017-09-08
LA_GC_1,4,2017-08-11,8.669999999999987,10.264544206383924,-1.5945442063839366,0.44734453474131275,0.9450721005108553,0.8571133222426206,3.319999999999995,2017-09-15
LA_GC_1,4,2017-08-18,6.900000000000006,9.865933960527418,-2.965933960527412,1.315652101242782,1.662373403714056,1.7096290647496333,2.740000000000009,2017-09-22
LA_GC_1,4,2017-08-25,7.359999999999985,9.674904288581759,-2.314904288581774,1.1289782243265714,1.3159041200349166,1.3859692138054103,5.539999999999992,2017-09-29
LA_GC_1,4,2017-09-01,5.139999999999986,9.671728749458103,-4.531728749458116,2.099615551682632,2.4424837908396584,2.582900312529297,-4.390000000000015,2017-10-06
LA_GC_1,4,2017-09-08,12.060000000000002,9.510375065363387,2.549624934636615,-1.2064555524528564,-1.2526886565217765,-1.3818948014866086,-2.340000000000005,2017-10-13
LA_GC_1,4,2017-09-15,10.22,9.357043461450694,0.862956538549307,-0.23220193503926034,-0.35603452782658396,-0.3573248078902022,-1.6200000000000045,2017-10-20
LA_GC_1,4,2017-09-22,10.099999999999994,9.431877559295355,0.6681224407046393,-0.13609556014686236,-0.24917491600404706,-0.2445153220570393,-1.4499999999999602,2017-10-27
LA_GC_1,4,2017-09-29,10.679999999999978,9.706845148958777,0.9731548510412011,-0.3835475293719219,-0.3922003958187093,-0.4472909635293879,2.5200000000000102,2017-11-03
LA_GC_1,4,2017-10-06,7.6699999999999875,9.271628276803318,-1.6016282768033303,0.9942048374319353,0.9015688254770388,1.0240020453593668,2.8899999999999864,2017-11-10
LA_GC_1,4,2017-10-13,7.8799999999999955,9.10238418211689,-1.222384182116894,0.8423924196792103,0.708077760524705,0.8271199616771996,3.180000000000007,2017-11-17
LA_GC_1,4,2017-10-20,8.47999999999999,9.12708136619733,-0.6470813661973409,0.5225966270681577,0.4079512398606545,0.48811426702505323,-0.7300000000000182,2017-11-24
LA_GC_1,4,2017-10-27,9.230000000000018,9.419860378666378,-0.18986037866635996,0.16619628184074267,0.16648961671728768,0.17787541678139018,-1.4300000000000068,2017-12-01
LA_GC_1,4,2017-11-03,10.189999999999998,9.16609122666759,1.0239087733324084,-0.13815234478867044,-0.4340999461463874,-0.376410425507385,-3.299999999999983,2017-12-08
LA_GC_1,4,2017-11-10,10.769999999999982,9.239215147355008,1.5307848526449739,-0.34052767705876935,-0.6885924566367355,-0.6401917769374501,-4.310000000000002,2017-12-15
LA_GC_1,4,2017-11-17,11.659999999999997,9.38251067767371,2.2774893223262858,-0.683889246583798,-1.067075996092471,-1.0469888759832877,-2.1999999999999886,2017-12-22
LA_GC_1,4,2017-11-24,8.5,8.466910078538957,0.03308992146104295,0.8533003261610141,0.07968776494498961,0.3776161340210116,-1.539999999999992,2017-12-29
LA_GC_1,4,2017-12-01,8.759999999999991,8.668261594195876,0.09173840580411508,0.723450346737549,0.03775465673116484,0.29781428763755013,1.0200000000000102,2018-01-05
LA_GC_1,4,2017-12-08,7.469999999999999,8.55215172056108,-1.0821517205610807,1.2979118878824167,0.6267329097496827,0.9473470060462855,-0.009999999999990905,2018-01-12
LA_GC_1,4,2017-12-15,7.349999999999994,8.04702070259284,-0.6970207025928463,1.281263279354703,0.4084393338475547,0.7855125551778708,2.1200000000000045,2018-01-19
LA_GC_1,4,2017-12-22,6.300000000000011,8.99513254068759,-2.6951325406875792,1.6737959882661673,1.4490697946181437,1.6938281776929927,-0.46999999999999886,2018-01-26
LA_GC_1,4,2017-12-29,7.219999999999999,9.087311175264801,-1.8673111752648026,1.0583395249450112,1.0134381397646282,1.1400321314197566,-1.2200000000000273,2018-02-02
LA_GC_1,4,2018-01-05,8.490000000000009,9.134929670949116,-0.6449296709491072,0.38467862140758424,0.3873009061598151,0.4262786982453909,2.9499999999999886,2018-02-09
LA_GC_1,4,2018-01-12,7.340000000000003,8.88006410642532,-1.5400641064253158,0.8636473804921518,0.8497552280292127,0.9473903770950846,2.2199999999999704,2018-02-16
LA_GC_1,4,2018-01-19,8.420000000000016,8.029913283837136,0.39008671616288026,0.30789201779754233,-0.13809605706081246,0.019947737086968342,2.75,2018-02-23
LA_GC_1,4,2018-01-26,6.75,7.324088371267416,-0.5740883712674156,1.0548495076969828,0.3479833725112268,0.6650214585464332,1.8300000000000125,2018-03-02
LA_GC_1,4,2018-02-02,7.269999999999982,8.121905325904823,-0.8519053259048412,0.7400536825649584,0.47472495434464823,0.6304348601140148,3.7600000000000193,2018-03-09
LA_GC_1,4,2018-02-09,10.289999999999992,7.920954744690577,2.3690452553094152,-0.6538539745845049,-1.1604966998251014,-1.0968512491642377,1.6899999999999977,2018-03-16
LA_GC_1,4,2018-02-16,10.639999999999986,8.459821006483704,2.1801789935162823,-0.7471609311014962,-1.0680216591248817,-1.0676778672355034,2.6000000000000245,2018-03-23
LA_GC_1,4,2018-02-23,9.5,8.479993065073627,1.0200069349263732,-0.14530926761948793,-0.45537494624995145,-0.3924844982563468,4.130000000000024,2018-03-30
LA_GC_1,4,2018-03-02,9.099999999999994,7.9516581759927005,1.1483418240072938,0.12528422687161037,-0.5187801026698852,-0.33302453652096664,-1.5500000000000114,2018-04-06
LA_GC_1,4,2018-03-09,14.050000000000011,8.579459984635509,5.470540015364502,-2.227515842581507,-2.7995333447043107,-2.898291158705712,-0.6599999999999682,2018-04-13
LA_GC_1,4,2018-03-16,12.329999999999984,8.402596251746298,3.9274037482536865,-1.3265520919089677,-1.9760063066411275,-1.959382670495258,-1.2800000000000331,2018-04-20
LA_GC_1,4,2018-03-23,12.100000000000025,8.372280418538965,3.7277195814610593,-1.1433616575187684,-1.8541935067956283,-1.8113354248535953,-4.990000000000009,2018-04-27
LA_GC_1,4,2018-03-30,13.230000000000018,9.11948545200519,4.110514547994828,-1.6035797413794926,-2.0296149955725955,-2.098686784585806,-3.5400000000000205,2018-05-04
LA_GC_1,4,2018-04-06,12.5,9.191394727552249,3.3086052724477515,-1.1779194818877692,-1.6372015269770865,-1.658298689597638,-2.5200000000000102,2018-05-11
LA_GC_1,4,2018-04-13,11.670000000000016,9.156745340763672,2.5132546592363436,-0.6927682559257493,-1.1958560230933073,-1.1619427841452548,-1.719999999999997,2018-05-18
LA_GC_1,4,2018-04-20,10.819999999999991,9.580686178069847,1.2393138219301445,-0.2516334471546727,-0.538636061211968,-0.5108300171251116,-0.13000000000002387,2018-05-25
LA_GC_1,4,2018-04-27,8.240000000000009,9.052446897554379,-0.8124468975543699,0.9348324801827061,0.5029652073094457,0.6649126607858203,-1.5299999999999727,2018-06-01
LA_GC_1,4,2018-05-04,8.95999999999998,9.20729314385447,-0.24729314385449008,0.5618635206876366,0.2003383477584188,0.3170024698968683,-2.0800000000000125,2018-06-08
LA_GC_1,4,2018-05-11,9.150000000000006,9.255779382630477,-0.10577938263047137,0.43400036862683644,0.12098278872332352,0.21740859529140474,-1.7099999999999795,2018-06-15
LA_GC_1,4,2018-05-18,9.099999999999994,9.088255985829809,0.011744014170185224,0.4056880996863689,0.05591774539472871,0.158143844751992,-1.1099999999999852,2018-06-22
LA_GC_1,4,2018-05-25,8.109999999999985,9.660963229974676,-1.5509632299746912,0.8841612938483883,0.8937953853650811,0.9589727319600219,-0.8100000000000023,2018-06-29
LA_GC_1,4,2018-06-01,7.430000000000007,9.396125030898054,-1.9661250308980467,1.1687792082549087,1.1067462688017466,1.2063071169406037,-0.9399999999999968,2018-07-06
LA_GC_1,4,2018-06-08,7.069999999999993,9.770553478374215,-2.7005534783742213,1.3148488817277573,1.492048150685127,1.554540560302555,-1.1400000000000148,2018-07-13
LA_GC_1,4,2018-06-15,7.390000000000015,9.527139663833575,-2.13713966383356,1.145439193324692,1.1884280958302382,1.2636017996771127,-0.549999999999983,2018-07-20
LA_GC_1,4,2018-06-22,7.0,9.619268343055372,-2.6192683430553725,1.3355548617846427,1.449487521208017,1.5251198782484132,-1.3600000000000136,2018-07-27
LA_GC_1,4,2018-06-29,6.6200000000000045,9.39811905102347,-2.778119051023465,1.4906692050163093,1.5271977500366847,1.62718813303159,0.05000000000001048,2018-08-03
LA_GC_1,4,2018-07-06,6.129999999999996,9.2464752035798,-3.116475203579804,1.6560380571175135,1.6957486538730635,1.8049143168856707,-0.9300000000000068,2018-08-10
LA_GC_1,4,2018-07-13,6.25,9.491196562274618,-3.2411965622746184,1.5477435653706828,1.7411825298699457,1.8152441568914408,-0.8900000000000148,2018-08-17
LA_GC_1,4,2018-07-20,6.450000000000017,9.48688119503512,-3.036881195035104,1.3995385625192758,1.6340060419482552,1.6888898465310755,0.4900000000000091,2018-08-24
LA_GC_1,4,2018-07-27,5.259999999999991,9.443427592775993,-4.1834275927760025,1.8881500358702836,2.2177744029067767,2.284538701815161,0.5999999999999659,2018-08-31
LA_GC_1,4,2018-08-03,6.180000000000007,9.182014325648176,-3.002014325648169,1.427233097977518,1.5986784170423036,1.6558718385508229,0.9000000000000057,2018-09-07
LA_GC_1,4,2018-08-10,5.319999999999993,9.28695982702511,-3.966959827025116,1.6919142858568756,2.086816135285844,2.125812072701115,0.4199999999999875,2018-09-14
LA_GC_1,4,2018-08-17,5.560000000000002,9.092709170578159,-3.5327091705781566,1.4623291701726364,1.8467123503052023,1.8730805372084187,-0.13999999999998636,2018-09-21
LA_GC_1,4,2018-08-24,5.75,8.843027368248041,-3.093027368248041,1.3040386030099407,1.6250380850463981,1.6486739705978275,-1.0299999999999727,2018-09-28
LA_GC_1,4,2018-08-31,6.779999999999973,8.928026476139802,-2.1480264761398296,0.7964664978853859,1.131580023757964,1.1355103617271294,0.3400000000000034,2018-10-05
LA_GC_1,4,2018-09-07,6.219999999999999,8.980096470826254,-2.760096470826255,0.9051266254447424,1.4495870875955092,1.444125614239038,1.5699999999999932,2018-10-12
LA_GC_1,4,2018-09-14,5.97999999999999,8.705555623954142,-2.7255556239541523,0.8894371312612153,1.4214491215436986,1.4167204234063746,3.539999999999962,2018-10-19
LA_GC_1,4,2018-09-21,5.610000000000014,8.799631567029666,-3.189631567029652,0.9244970606535529,1.6445240608090534,1.6329535826647945,5.150000000000006,2018-10-26
LA_GC_1,4,2018-09-28,5.75,8.617197332012696,-2.8671973320126956,0.7199424045290912,1.4602076265271193,1.4449813497249822,4.4899999999999824,2018-11-02
LA_GC_1,4,2018-10-05,6.560000000000002,8.286667053792938,-1.7266670537929354,0.27761991633417527,0.888979422798932,0.8682497137093874,4.350000000000023,2018-11-09
LA_GC_1,4,2018-10-12,7.549999999999983,8.33535327718668,-0.7853532771866973,-0.20486995437960193,0.4234923830045838,0.3902673164491512,3.73000000000002,2018-11-16
LA_GC_1,4,2018-10-19,9.149999999999975,8.296754060588187,0.8532459394117886,-0.9057182140737887,-0.387454448307134,-0.4290402912807697,1.799999999999983,2018-11-23
LA_GC_1,4,2018-10-26,10.900000000000006,8.626146030326751,2.2738539696732545,-1.6161968912283071,-1.106588551639457,-1.155578359556382,2.5000000000000266,2018-11-30
LA_GC_1,4,2018-11-02,11.049999999999985,8.67635643159291,2.3736435684070756,-1.6461847390219972,-1.1604131286204,-1.2032532353456684,-0.8299999999999841,2018-12-07
LA_GC_1,4,2018-11-09,11.900000000000006,8.70443643699304,3.1955635630069654,-1.9622427834840155,-1.5854020864510743,-1.6187230201475737,-2.8300000000000107,2018-12-14
LA_GC_1,4,2018-11-16,12.879999999999995,8.89720608568904,3.982793914310955,-2.3026892154198633,-1.9896601754665102,-2.0085774289942058,-3.309999999999972,2018-12-21
LA_GC_1,4,2018-11-23,12.699999999999989,8.822225035879812,3.877774964120176,-2.1089019264757796,-1.9230945701402788,-1.9251609983558253,-2.840000000000032,2018-12-28
LA_GC_1,4,2018-11-30,13.550000000000011,8.815933380094107,4.734066619905905,-2.288222782206533,-2.3336111452852286,-2.2922807514594954,-1.350000000000021,2019-01-04
LA_GC_1,4,2018-12-07,11.070000000000022,9.152370389273779,1.9176296107262427,-1.161441230325299,-0.8937567004558542,-0.8638223849914004,-2.679999999999982,2019-01-11
LA_GC_1,4,2018-12-14,10.049999999999985,9.219744956372514,0.8302550436274707,-0.6994819711488438,-0.350791219488422,-0.3356014852762713,-1.6500000000000359,2019-01-18
LA_GC_1,4,2018-12-21,9.390000000000017,9.026657108154494,0.36334289184552304,-0.390071341427239,-0.1214174887572855,-0.11756179714317433,-3.7099999999999795,2019-01-25
LA_GC_1,4,2018-12-28,10.70999999999998,8.895712350309005,1.814287649690975,-0.9004303166311969,-0.8843965891039431,-0.8841352887045697,-2.3700000000000063,2019-02-01
LA_GC_1,4,2019-01-04,9.72,8.792078006286044,0.9279219937139569,-0.4026733511765311,-0.4190639646282407,-0.41740009912855214,-0.1599999999999948,2019-02-08
LA_GC_1,4,2019-01-11,7.370000000000003,8.684528748798229,-1.3145287487982262,0.620555031818624,0.7339092808574496,0.7343824659792105,0.2600000000000193,2019-02-15
LA_GC_1,4,2019-01-18,7.739999999999981,8.713712221053378,-0.9737122210533968,0.47871970871983094,0.5540854978878821,0.555220552669106,1.8499999999999943,2019-02-22
LA_GC_1,4,2019-01-25,7.0,8.818895938141061,-1.8188959381410612,0.8164814312096016,0.9796006228537202,0.9832913860182797,2.350000000000021,2019-03-01
LA_GC_1,4,2019-02-01,7.349999999999994,8.53949706488063,-1.1894970648806353,0.6799054822038006,0.6512506573080847,0.6592014100940673,1.9199999999999875,2019-03-08
LA_GC_1,4,2019-02-08,7.210000000000008,8.534273206671282,-1.3242732066712737,0.7740690281594224,0.7245438762887603,0.7355985097776829,-0.19999999999998863,2019-03-15
LA_GC_1,4,2019-02-15,8.0,8.895860794092501,-0.895860794092501,0.46740591249274616,0.501932027649043,0.5065375576886211,-1.5,2019-03-22
LA_GC_1,4,2019-02-22,8.849999999999994,8.448979498086562,0.4010205019134325,0.15475079680540357,-0.16519442439290263,-0.1546232990424209,-0.6900000000000226,2019-03-29
LA_GC_1,4,2019-03-01,9.700000000000015,8.738408888457391,0.9615911115426243,-0.16217119801489374,-0.4538706664798975,-0.4481183603676966,0.6200000000000045,2019-04-05
LA_GC_1,4,2019-03-08,9.129999999999995,8.90770027232395,0.22229972767604522,0.1441269544513541,-0.06336664488341925,-0.05579452193221128,6.129999999999997,2019-04-12
LA_GC_1,4,2019-03-15,7.800000000000011,9.009659236377928,-1.2096592363779166,0.7556200790503791,0.6825657499410793,0.6925782324596124,8.050000000000011,2019-04-19
LA_GC_1,4,2019-03-22,7.349999999999994,9.144061274159432,-1.7940612741594375,0.971004995152265,0.9826168837816364,0.9901385332848852,5.890000000000013,2019-04-26
LA_GC_1,4,2019-03-29,9.009999999999993,9.136758213850309,-0.12675821385031583,0.2932985335371281,0.11001260938486515,0.11516321807595015,4.349999999999994,2019-05-03
LA_GC_1,4,2019-04-05,9.75,9.1144351558504,0.6355648441496005,0.02612538552171631,-0.2839332829116796,-0.277735816837103,-2.030000000000033,2019-05-10
LA_GC_1,4,2019-04-12,13.930000000000009,9.298659137305737,4.631340862694271,-1.6748102805404048,-2.3452145187917073,-2.3491139418228357,-5.050000000000011,2019-05-17
LA_GC_1,4,2019-04-19,15.400000000000006,9.683585132759918,5.716414867240088,-2.223120414968087,-2.907617049613662,-2.9321652182337026,-2.0,2019-05-24
LA_GC_1,4,2019-04-26,14.900000000000006,9.760931068109207,5.139068931890799,-1.940261363115981,-2.612168937199122,-2.63473782144455,-3.619999999999976,2019-05-31
LA_GC_1,4,2019-05-03,14.099999999999994,9.702978077510531,4.397021922489463,-1.5108585073608949,-2.2058439338159044,-2.2088614315800785,-5.559999999999972,2019-06-07
LA_GC_1,4,2019-05-10,11.899999999999975,9.85777665730319,2.0422233426967846,-0.5177747040452914,-0.9765824644474902,-0.9555699921964155,-4.189999999999998,2019-06-14
LA_GC_1,4,2019-05-17,10.349999999999994,9.914094427060643,0.43590557293935106,0.1295431733253649,-0.15382387694921656,-0.11748837297094179,-8.25,2019-06-21
LA_GC_1,4,2019-05-24,12.900000000000006,9.323776787445201,3.5762232125548046,-1.0490784539894173,-1.8124452831046196,-1.7739115524610727,-4.7400000000000375,2019-06-28
LA_GC_1,4,2019-05-31,10.480000000000018,9.863705108673846,0.6162948913261719,0.011097740762529507,-0.2596295260310643,-0.22768431892523397,0.3100000000000023,2019-07-05
LA_GC_1,4,2019-06-07,6.340000000000003,9.048745203503104,-2.708745203503101,1.8848259690809754,1.5200775646105815,1.6642656224356822,-0.23999999999998067,2019-07-12
LA_GC_1,4,2019-06-14,6.159999999999997,8.80117203309661,-2.6411720330966126,1.8956229968724767,1.484282609836212,1.636895967369098,0.5999999999999943,2019-07-19
LA_GC_1,4,2019-06-21,4.650000000000006,8.996276880481117,-4.346276880481112,2.4953554667930167,2.386880850398698,2.526700681137616,-1.5399999999999636,2019-07-26
LA_GC_1,4,2019-06-28,5.739999999999981,9.189756331563103,-3.4497563315631226,1.8854631787139848,1.9184206158702621,2.004715725814347,-1.9000000000000057,2019-08-02
LA_GC_1,4,2019-07-05,6.650000000000006,9.175554233102599,-2.525554233102593,1.3867075609286204,1.4187536152242586,1.480770989658179,-0.9000000000000341,2019-08-09
LA_GC_1,4,2019-07-12,5.920000000000016,8.551085769802429,-2.6310857698024126,1.6875997910098894,1.465310332336285,1.5692235846092597,-0.5300000000000011,2019-08-16
LA_GC_1,4,2019-07-19,5.25,8.954104651948223,-3.7041046519482226,1.9464147859889906,2.049112011786147,2.1255608575054965,1.599999999999966,2019-08-23
LA_GC_1,4,2019-07-26,4.200000000000017,8.99970156120497,-4.799701561204953,2.315635090067651,2.5928055319112966,2.6546630448502295,1.920000000000016,2019-08-30
LA_GC_1,4,2019-08-02,4.75,9.205178085650182,-4.455178085650182,1.9591195865790616,2.37504206852001,2.404162600079109,3.3100000000000023,2019-09-06
LA_GC_1,4,2019-08-09,5.019999999999982,8.735113686086986,-3.7151136860870047,1.7732282130251928,1.9708174165865102,2.0084308202343903,2.3100000000000023,2019-09-13
LA_GC_1,4,2019-08-16,4.719999999999999,9.071819139280256,-4.351819139280257,1.8250142539712857,2.304098444290765,2.319650820973074,1.2700000000000102,2019-09-20
LA_GC_1,4,2019-08-23,5.799999999999983,9.024197691646204,-3.2241976916462214,1.28568215672849,1.7221015663703625,1.7271265423120945,2.960000000000008,2019-09-27
LA_GC_1,4,2019-08-30,6.670000000000016,8.805704933589674,-2.1357049335896576,0.8406334859331631,1.1487856356092825,1.150744404790203,2.7799999999999994,2019-10-04
LA_GC_1,4,2019-09-06,8.329999999999984,8.902699127025334,-0.5726991270253503,0.09059790824639122,0.3354709608651587,0.32679204555199237,6.069999999999993,2019-10-11
LA_GC_1,4,2019-09-13,7.030000000000001,8.92630103630861,-1.8963010363086088,0.6678383040674769,1.0418798025097902,1.037611663035297,6.660000000000025,2019-10-18
LA_GC_1,4,2019-09-20,7.069999999999993,9.192299644231586,-2.1222996442315925,0.640576842275401,1.156601749598106,1.1472037874671301,3.9599999999999795,2019-10-25
LA_GC_1,4,2019-09-27,9.630000000000024,9.607460347928143,0.022539652071881022,-0.49951433777711124,0.03255076447344079,0.005747066274062629,4.1400000000000166,2019-11-01
LA_GC_1,4,2019-10-04,11.109999999999983,10.151686423081816,0.958313576918167,-1.1446485687656727,-0.45848969892130237,-0.508102656142983,1.1899999999999977,2019-11-08
LA_GC_1,4,2019-10-11,13.099999999999994,9.207548969012274,3.8924510309877203,-2.043736667848656,-1.9981342841709924,-2.039155626853377,2.3499999999999943,2019-11-15
LA_GC_1,4,2019-10-18,13.730000000000018,9.129667346141403,4.600332653858615,-2.361713254935019,-2.3783913912212675,-2.428604612439467,-0.5100000000000193,2019-11-22
LA_GC_1,4,2019-10-25,13.590000000000003,9.260624741678454,4.32937525832155,-2.320316300754848,-2.2327368264481744,-2.2968350510812265,-0.3500000000000245,2019-11-29
LA_GC_1,4,2019-11-01,15.25,9.000925183010864,6.249074816989136,-3.029275173550664,-3.2413077143971782,-3.295787798243151,-1.079999999999984,2019-12-06
LA_GC_1,4,2019-11-08,14.289999999999992,9.241246885978578,5.048753114021414,-2.5159696864618475,-2.588457307626383,-2.642660963374533,-3.4499999999999886,2019-12-13
LA_GC_1,4,2019-11-15,16.080000000000013,9.395325933015732,6.684674066984281,-3.1326792081647645,-3.358336559284314,-3.4180787869586275,-0.37999999999999545,2019-12-20
LA_GC_1,4,2019-11-22,13.079999999999984,9.304261319689275,3.7757386803107096,-1.763473680175597,-1.838329169253238,-1.875866562380966,-2.0699999999999914,2019-12-27
LA_GC_1,4,2019-11-29,14.899999999999975,9.187152781070608,5.712847218929367,-2.45302208258775,-2.795487604632782,-2.8320842704230316,-1.4000000000000057,2020-01-03
LA_GC_1,4,2019-12-06,13.210000000000008,9.803043764801906,3.406956235198102,-1.5697264097278936,-1.6027601026446472,-1.6400908113020394,-2.2799999999999994,2020-01-10
LA_GC_1,4,2019-12-13,12.630000000000024,9.670061961032385,2.959938038967639,-1.2289939017609084,-1.398605720242532,-1.4218219785991577,-1.8499999999999943,2020-01-17
LA_GC_1,4,2019-12-20,12.699999999999989,9.224725061738779,3.47527493826121,-1.0869501925723557,-1.614312341826356,-1.6070835860143298,-1.9399999999999977,2020-01-24
LA_GC_1,4,2019-12-27,12.829999999999984,9.375974289685045,3.454025710314939,-1.030510063322916,-1.6134229423792728,-1.6002591207265295,0.6599999999999984,2020-01-31
LA_GC_1,4,2020-01-03,11.810000000000002,9.165833583295193,2.6441664167048096,-0.5062552656896752,-1.2105790431044057,-1.179347159959765,1.739999999999979,2020-02-07
LA_GC_1,4,2020-01-10,10.350000000000025,10.248946241588879,0.10105375841114572,0.17735613671788236,0.016792688171526723,0.029263096699484827,-0.3100000000000023,2020-02-14
LA_GC_1,4,2020-01-17,10.849999999999994,10.109747543613313,0.7402524563866812,0.05448220083715438,-0.2971319340043472,-0.27348309608644294,-0.06999999999996476,2020-02-21
LA_GC_1,4,2020-01-24,10.889999999999986,9.552103205710457,1.337896794289529,0.14335427887045632,-0.5915332579934555,-0.5369404360780904,0.0,2020-02-28
LA_GC_1,4,2020-01-31,12.47,9.291062929763205,3.1789370702367954,-0.3923021958229522,-1.472232948863346,-1.4033498837359852,0.43999999999999595,2020-03-06
LA_GC_1,4,2020-02-07,12.090000000000003,9.519782602921527,2.5702173970784763,-0.10755940140876943,-1.1619119599004908,-1.0774121823786476,4.250000000000014,2020-03-13
LA_GC_1,4,2020-02-14,10.539999999999992,9.511002213508032,1.02899778649196,0.6368809728568801,-0.4270643551486834,-0.3183789634529325,16.799999999999983,2020-03-20
LA_GC_1,4,2020-02-21,10.820000000000022,8.430008452178882,2.3899915478211398,0.5997941031101407,-1.0846310990225136,-0.9368955352451487,12.270000000000008,2020-03-27
LA_GC_1,4,2020-02-28,12.47,8.305432270912487,4.164567729087514,-0.0011680391941765456,-1.9515377598349333,-1.8328251268373417,-7.219999999999997,2020-04-03
LA_GC_1,4,2020-03-06,12.53,8.311798919484415,4.218201080515584,0.04473973203589757,-1.9740050048577202,-1.8634829094904994,-1.6899999999999977,2020-04-10
LA_GC_1,4,2020-03-13,14.790000000000006,9.097273384649284,5.692726615350722,-0.7611342392099256,-2.6523024593997295,-2.541377708928117,-15.980000000000004,2020-04-17
LA_GC_1,4,2020-03-20,27.620000000000005,10.30153361319887,17.318466386801134,-5.895943111248657,-7.940284829505605,-7.870423914352016,-18.53000000000001,2020-04-24
LA_GC_1,4,2020-03-27,24.74000000000001,10.284480266175096,14.455519733824913,-4.438898699261439,-6.290636315396617,-5.977389422549037,-2.5600000000000023,2020-05-01
LA_GC_1,4,2020-04-03,5.310000000000002,11.754312019104237,-6.444312019104235,3.9285124393361626,3.0830069091538546,3.6224173137399056,14.039999999999992,2020-05-08
LA_GC_1,4,2020-04-10,13.100000000000009,12.434552852613722,0.6654471473862866,0.5138117908169413,-0.18869728913795727,0.04109327117081868,-2.380000000000008,2020-05-15
LA_GC_1,4,2020-04-17,11.64,11.717033874840334,-0.07703387484033364,1.093722184993823,0.10136105721081087,0.32994132864896564,-3.9499999999999957,2020-05-22
LA_GC_1,4,2020-04-24,6.210000000000001,9.4757201254907,-3.2657201254906987,3.944088799375786,1.8634944408243603,2.3976360986640706,2.3299999999999983,2020-05-29
LA_GC_1,4,2020-05-01,2.75,7.203857639148566,-4.453857639148566,5.393591921240057,2.3845313647872293,3.3654281291222334,-23.239999999999995,2020-06-05
LA_GC_1,4,2020-05-08,27.14,11.937661546458008,15.202338453541993,-7.36491954594196,-8.612325072888995,-8.742027585191966,,2020-06-12
LA_GC_1,4,2020-05-15,9.259999999999993,11.413583281317434,-2.1535832813174416,2.311434507972008,1.311376060863552,1.5750822493357948,,2020-06-19
LA_GC_1,4,2020-05-22,2.260000000000005,9.051259913449384,-6.7912599134493785,5.8562836283753965,3.919566338370171,4.521928044810999,,2020-06-26
LA_JET_M1M2,1,2017-01-06,-0.5300000000000011,-0.33532797855637214,-0.194672021443629,-0.06812385029895678,0.07772538233903024,0.021108646819226404,-0.9900000000000091,2017-01-20
LA_JET_M1M2,1,2017-01-13,-1.0699999999999932,-1.4004257718040833,0.33042577180409016,0.09640174350832839,-0.11719775734527368,-0.026955515626712046,0.19000000000002637,2017-01-27
LA_JET_M1M2,1,2017-01-20,-2.0600000000000023,-0.5562577081727783,-1.503742291827224,0.40981942333665,0.5119020238577213,0.4934849919876818,0.9599999999999793,2017-02-03
LA_JET_M1M2,1,2017-01-27,-1.869999999999976,-1.1940972177464757,-0.6759027822535002,0.357414063220933,0.23063253693085378,0.30571000548390664,1.329999999999984,2017-02-10
LA_JET_M1M2,1,2017-02-03,-0.9099999999999966,-0.49564641780094565,-0.41435358219905094,0.06072866511570828,0.1466717865293013,0.11400501386134618,-1.0300000000000011,2017-02-17
LA_JET_M1M2,1,2017-02-10,0.4199999999999875,-1.1033293131801982,1.5233293131801857,-0.35087804265382144,-0.5227957335380768,-0.46961319155189396,-2.3899999999999864,2017-02-24
LA_JET_M1M2,1,2017-02-17,-0.6100000000000136,-0.09157559712240382,-0.5184244028776098,-8.238385914929175e-05,0.17911975921666767,0.10044864155628878,3.0500000000000114,2017-03-03
LA_JET_M1M2,1,2017-02-24,-3.0,-0.2943436684534164,-2.7056563315465834,0.771591187962834,0.947583823883166,0.9184074058743003,0.22999999999998977,2017-03-10
LA_JET_M1M2,1,2017-03-03,0.0500000000000113,-0.11882305043251762,0.16882305043252893,-0.22180840880931751,-0.043562231744611,-0.12303418431971352,-0.24999999999999997,2017-03-17
LA_JET_M1M2,1,2017-03-10,0.2800000000000011,0.06566585651598389,0.2143341434840172,-0.30067380400251414,-0.06637624999378229,-0.17313473365492665,-0.3500000000000227,2017-03-24
LA_JET_M1M2,1,2017-03-17,0.0300000000000011,-0.07947943671442897,0.10947943671443007,-0.20416409096403054,-0.03161143952255006,-0.10980389842489328,-0.599999999999966,2017-03-31
LA_JET_M1M2,1,2017-03-24,-0.3200000000000216,-1.1146536342066322,0.7946536342066106,-0.07542699905765785,-0.27839189901790395,-0.20436390184561626,4.359999999999985,2017-04-07
LA_JET_M1M2,1,2017-03-31,-0.9199999999999876,-1.1094650437177065,0.18946504371771888,0.10590127986549079,-0.0705654884636776,0.00467706924188846,-0.03999999999999204,2017-04-14
LA_JET_M1M2,1,2017-04-07,3.4399999999999977,-1.3603228724485277,4.800322872448525,-1.261215625581954,-1.6284294367120853,-1.5223599489141588,0.01999999999998181,2017-04-21
LA_JET_M1M2,1,2017-04-14,3.4000000000000057,-1.226385742024881,4.626385742024887,-1.1921561667965481,-1.5726142257465685,-1.4507011093420639,0.11000000000001364,2017-04-28
LA_JET_M1M2,1,2017-04-21,3.4199999999999875,-0.5060543924734595,3.9260543924734472,-1.1007188775322736,-1.2615934273139027,-1.2247004410902287,-8.650000000000006,2017-05-05
LA_JET_M1M2,1,2017-04-28,3.530000000000001,-1.0811648426554714,4.611164842655473,-1.0479186732315346,-1.4350482219221539,-1.2844260627339181,3.1800000000000073,2017-05-12
LA_JET_M1M2,1,2017-05-05,-5.1200000000000045,-0.7705676655661664,-4.349432334433838,1.8246345921814175,1.5828777310599877,1.7421419247754657,1.3100000000000018,2017-05-19
LA_JET_M1M2,1,2017-05-12,-1.9399999999999973,-0.6359631522107104,-1.3040368477892867,0.6229935863927905,0.43196219956157283,0.5741582210096741,-0.020000000000010232,2017-05-26
LA_JET_M1M2,1,2017-05-19,-0.6299999999999955,-0.3468427854212897,-0.28315721457870574,0.1749194032934971,0.09839114109627053,0.15182788750445866,0.11000000000001364,2017-06-02
LA_JET_M1M2,1,2017-05-26,-0.6500000000000057,-0.25813619099875823,-0.39186380900124745,0.17913057187071796,0.13072780094855818,0.16604235495618802,-0.43000000000003513,2017-06-09
LA_JET_M1M2,1,2017-06-02,-0.539999999999992,-0.3711014978630452,-0.16889850213694685,0.1066354081925249,0.05891514024019997,0.09140478757723103,0.6900000000000261,2017-06-16
LA_JET_M1M2,1,2017-06-09,-0.9700000000000272,-0.6068529368042102,-0.363147063195817,0.1795410007981859,0.11816190612219597,0.16144933244687068,1.8800000000000239,2017-06-23
LA_JET_M1M2,1,2017-06-16,-0.2800000000000011,-0.4697464011363246,0.18974640113632352,-0.058122718117719054,-0.05646899935258246,-0.05951248871548283,3.1699999999999875,2017-06-30
LA_JET_M1M2,1,2017-06-23,1.6000000000000227,-0.23879513186856371,1.8387951318685865,-0.6244537572877621,-0.5840110127130819,-0.6300475579145022,-3.2600000000000193,2017-07-07
LA_JET_M1M2,1,2017-06-30,4.77000000000001,0.24868879340965788,4.521311206590353,-1.5750238695334633,-1.421478705293729,-1.578436692264893,-0.40999999999996817,2017-07-14
LA_JET_M1M2,1,2017-07-07,1.509999999999991,0.5310219502723644,0.9789780497276265,-0.5039996733971221,-0.3171192071505913,-0.46640233340155374,-0.4000000000000057,2017-07-21
LA_JET_M1M2,1,2017-07-14,1.1000000000000227,0.5236241999468398,0.5763758000531829,-0.315287678751021,-0.17248600055131538,-0.2847137269389931,0.10999999999998522,2017-07-28
LA_JET_M1M2,1,2017-07-21,0.700000000000017,0.6679852397637474,0.0320147602362697,-0.147329226871559,0.0003707358558736225,-0.11031402652418465,-0.160000000000025,2017-08-04
LA_JET_M1M2,1,2017-07-28,0.8100000000000023,0.4105888116562775,0.3994111883437248,-0.14596703484739393,-0.11537541270545357,-0.14216277253039952,-0.14999999999997726,2017-08-11
LA_JET_M1M2,1,2017-08-04,0.6499999999999773,-0.09117197960912415,0.7411719796091014,-0.07361129405475536,-0.22692604283503612,-0.11737028101278234,-0.11999999999997613,2017-08-18
LA_JET_M1M2,1,2017-08-11,0.5,0.2787805281814282,0.22121947181857182,-0.02320410015305974,-0.062325352993590225,-0.03454346451939825,-0.7200000000000273,2017-08-25
LA_JET_M1M2,1,2017-08-18,0.3800000000000239,0.03716154887016279,0.3428384511298611,0.02853119737609125,-0.10084538619485209,-0.004642736783428133,3.9499999999999886,2017-09-01
LA_JET_M1M2,1,2017-08-25,-0.3400000000000034,0.0069770822391780896,-0.3469770822391815,0.29436499041660913,0.11413106405012267,0.2547142260181219,5.670000000000014,2017-09-08
LA_JET_M1M2,1,2017-09-01,3.609999999999985,0.1965773253134761,3.413422674686509,-0.9344636897262255,-1.042859031086209,-0.9746872041639238,-4.5600000000000005,2017-09-15
LA_JET_M1M2,1,2017-09-08,9.28,0.13127962051523573,9.148720379484764,-2.720651727999894,-2.822728776261333,-2.747110237609706,1.3799999999999955,2017-09-22
LA_JET_M1M2,1,2017-09-15,4.719999999999999,0.056193642417959044,4.66380635758204,-1.2085813342780212,-1.544480772876135,-1.2625076288465953,-2.5200000000000102,2017-09-29
LA_JET_M1M2,1,2017-09-22,6.099999999999994,0.26810037534306713,5.831899624656927,-1.33093249319929,-1.5439760462141539,-1.271414404522248,-3.2700000000000102,2017-10-06
LA_JET_M1M2,1,2017-09-29,3.579999999999984,0.4569510484894451,3.123048951510539,-0.5433641790571457,-0.851989126600947,-0.5154116946925414,0.6100000000000423,2017-10-13
LA_JET_M1M2,1,2017-10-06,0.3099999999999738,0.10888043881739501,0.2011195611825788,0.4367756821763474,-0.057124507794123223,0.4245813183753405,0.7399999999999806,2017-10-20
LA_JET_M1M2,1,2017-10-13,0.920000000000016,0.06286208486114388,0.8571379151388722,0.21549253479561015,-0.2332295175025018,0.22752325650077942,-1.0199999999999818,2017-10-27
LA_JET_M1M2,1,2017-10-20,1.6599999999999966,-0.030696783752335137,1.6906967837523317,-0.04070359261600618,-0.4677122491895375,-0.022571617265917672,-0.17000000000001597,2017-11-03
LA_JET_M1M2,1,2017-10-27,0.6400000000000148,0.2866327142480901,0.35336728575192466,0.24083993049337732,-0.09431218422199028,0.23575554196937606,-0.3200000000000216,2017-11-10
LA_JET_M1M2,1,2017-11-03,0.4699999999999988,0.20834793683525532,0.2616520631647435,0.36290089957998223,-0.06635930111325769,0.3545534434938033,-0.0299999999999727,2017-11-17
LA_JET_M1M2,1,2017-11-10,0.1499999999999772,0.0638952485164307,0.0861047514835465,0.48591054594559596,-0.018225433736730433,0.46860739686806097,0.04999999999998299,2017-11-24
LA_JET_M1M2,1,2017-11-17,0.1200000000000045,0.2846913454427273,-0.1646913454427228,0.5010037900372212,0.0536749022271134,0.48030610905798415,0.09999999999999432,2017-12-01
LA_JET_M1M2,1,2017-11-24,0.1699999999999875,-0.5105261993497994,0.6805261993497869,0.4907322064569641,-0.18768041772434996,0.44484773928651433,0.46999999999999886,2017-12-08
LA_JET_M1M2,1,2017-12-01,0.2699999999999818,-0.36225200576660016,0.6322520057665819,0.4649202913850522,-0.17494068785420094,0.41261896422374933,-0.339999999999975,2017-12-15
LA_JET_M1M2,1,2017-12-08,0.7399999999999807,-0.3196579695161912,1.0596579695161719,0.33698590170342346,-0.2938053061757283,0.2845586120986713,-0.9200000000000159,2017-12-22
LA_JET_M1M2,1,2017-12-15,0.4000000000000057,-0.8353707405210787,1.2353707405210845,0.4449972438756216,-0.34827469937924677,0.34384738331678877,1.4700000000000273,2017-12-29
LA_JET_M1M2,1,2017-12-22,-0.5200000000000102,-0.021240519739135714,-0.4987594802608745,0.6961861384437594,0.14347691874788382,0.603903691918087,1.0,2018-01-05
LA_JET_M1M2,1,2017-12-29,0.950000000000017,0.24012538315658094,0.7098746168434361,0.1988820100985585,-0.18924954524876197,0.15446847845132722,-1.2800000000000011,2018-01-12
LA_JET_M1M2,1,2018-01-05,1.950000000000017,0.16227641720724548,1.7877235827927715,-0.10886658361172323,-0.49267869950175913,-0.15217838642297427,-0.39000000000001483,2018-01-19
LA_JET_M1M2,1,2018-01-12,0.6700000000000159,0.06334172207467458,0.6066582779253413,0.27908346793011113,-0.1669807467042633,0.21877117930623735,0.5099999999999909,2018-01-26
LA_JET_M1M2,1,2018-01-19,0.2800000000000011,-0.6351144307157657,0.9151144307157668,0.3950202576318429,-0.2557995144050567,0.3003337414034242,-1.4799999999999898,2018-02-02
LA_JET_M1M2,1,2018-01-26,0.789999999999992,-1.3337471473499187,2.1237471473499108,0.2360986579616739,-0.6024656067114297,0.09635265065069819,1.1200000000000045,2018-02-09
LA_JET_M1M2,1,2018-02-02,-0.6899999999999977,-0.6910654503565654,0.0010654503565676876,0.6666830016751281,-0.0031971389648117804,0.5157928057931154,-0.40000000000000574,2018-02-16
LA_JET_M1M2,1,2018-02-09,0.4300000000000068,-0.6459350861381116,1.0759350861381183,0.3236204231333408,-0.2983494385947285,0.2105374035832644,0.2699999999999818,2018-02-23
LA_JET_M1M2,1,2018-02-16,0.0300000000000011,-0.24387215498685524,0.27387215498685635,0.4330890764688879,-0.07438836530089236,0.32611652515016665,1.1900000000000261,2018-03-02
LA_JET_M1M2,1,2018-02-23,0.2999999999999829,-0.14529684822676778,0.44529684822675064,0.3568853980551449,-0.11977464505649324,0.2562420500806245,4.329999999999984,2018-03-09
LA_JET_M1M2,1,2018-03-02,1.490000000000009,-0.6542154306880953,2.1442154306881043,-0.03161563364076085,-0.5968065523024647,-0.15756016316424573,-1.3900000000000148,2018-03-16
LA_JET_M1M2,1,2018-03-09,5.819999999999993,-0.3418949167848316,6.161894916784825,-1.4219412773521611,-1.7132882472363262,-1.4781163862879214,-1.1599999999999682,2018-03-23
LA_JET_M1M2,1,2018-03-16,4.429999999999978,-0.1059335250316378,4.535933525031616,-0.9946092731422086,-1.2835656927089636,-1.0713722236645122,-1.3499999999999943,2018-03-30
LA_JET_M1M2,1,2018-03-23,3.2700000000000102,-0.2700505166556288,3.540050516655639,-0.6558944936037923,-0.9897442771546856,-0.7286205284319826,-1.080000000000041,2018-04-06
LA_JET_M1M2,1,2018-03-30,1.920000000000016,0.3056240351884373,1.6143759648115785,-0.25378156846692773,-0.44935456933007867,-0.29474968718550953,0.7500000000000284,2018-04-13
LA_JET_M1M2,1,2018-04-06,0.839999999999975,0.3045011771036771,0.5354988228962979,0.09278746485634232,-0.14535786188362593,0.05125029343256682,-0.05000000000001137,2018-04-20
LA_JET_M1M2,1,2018-04-13,1.5900000000000034,0.09503970937199799,1.4949602906280055,-0.13105496445611917,-0.40951387225113645,-0.1809759958424623,-0.4999999999999716,2018-04-27
LA_JET_M1M2,1,2018-04-20,1.539999999999992,0.3352316564567052,1.2047683435432868,-0.11753387225063121,-0.32900415040479136,-0.15600816265052428,-0.7800000000000296,2018-05-04
LA_JET_M1M2,1,2018-04-27,1.0400000000000205,-0.1011290349445508,1.1411290349445713,0.043669473874500646,-0.313821187742568,-0.018147709125540052,-0.1899999999999978,2018-05-11
LA_JET_M1M2,1,2018-05-04,0.2599999999999909,0.1343997102869108,0.1256002897130801,0.28494879939585194,-0.030973308662379007,0.23393828912632242,0.0800000000000125,2018-05-18
LA_JET_M1M2,1,2018-05-11,0.0699999999999931,0.1928832377798929,-0.12288323777989982,0.34292595127631265,0.040048312665034856,0.294846753303278,-0.6700000000000158,2018-05-25
LA_JET_M1M2,1,2018-05-18,0.1500000000000056,0.14040735380351815,0.009592646196487448,0.31646494524220836,0.0033306563766059036,0.26475782149440324,0.06000000000003075,2018-06-01
LA_JET_M1M2,1,2018-05-25,-0.5200000000000102,0.4592911204899181,-0.9792911204899284,0.5124553219733945,0.27971302753883126,0.4786101788987698,0.629999999999967,2018-06-08
LA_JET_M1M2,1,2018-06-01,-0.4599999999999795,0.27864938377995946,-0.7386493837799389,0.48270132122334153,0.21347051174569048,0.4388550562615686,0.09000000000000341,2018-06-15
LA_JET_M1M2,1,2018-06-08,0.1699999999999875,0.5864394727682032,-0.4164394727682157,0.27788692679371674,0.12546263917700837,0.253145528177816,-0.25,2018-06-22
LA_JET_M1M2,1,2018-06-15,0.2599999999999909,0.7442793438660205,-0.48427934386602955,0.244915650061802,0.14468338955037444,0.23011468380480837,0.16000000000002498,2018-06-29
LA_JET_M1M2,1,2018-06-22,0.0099999999999909,0.8888140183947874,-0.8788140183947964,0.32650620004428016,0.2555788607123998,0.3209009163470747,-0.6500000000000056,2018-07-06
LA_JET_M1M2,1,2018-06-29,0.1700000000000159,0.6917428406750046,-0.5217428406749887,0.26623590125452096,0.1556115721603466,0.24878504531733345,0.11000000000001359,2018-07-13
LA_JET_M1M2,1,2018-07-06,-0.4799999999999897,0.6103430750033532,-1.090343075003343,0.43389432190043786,0.3124062279751653,0.4192961664795255,0.2699999999999818,2018-07-20
LA_JET_M1M2,1,2018-07-13,-0.3699999999999761,0.764205158488491,-1.1342051584884671,0.38590282297834416,0.32679329014872743,0.38486231200976917,-0.7200000000000273,2018-07-27
LA_JET_M1M2,1,2018-07-20,-0.0999999999999943,0.7961517516328485,-0.8961517516328428,0.2956729518082349,0.26097534598423805,0.2974039796991148,0.5200000000000387,2018-08-03
LA_JET_M1M2,1,2018-07-27,-0.8200000000000216,0.7935590251902961,-1.6135590251903178,0.4924809420225868,0.4596845704938488,0.5021851476142855,0.4399999999999692,2018-08-10
LA_JET_M1M2,1,2018-08-03,-0.2999999999999829,0.5861307732707165,-0.8861307732706993,0.3370934267840258,0.25761196480353515,0.3276145206132003,-0.1699999999999874,2018-08-17
LA_JET_M1M2,1,2018-08-10,0.1399999999999863,0.7214349236226945,-0.5814349236227081,0.1963730133643771,0.17231765588738335,0.19687134254370062,0.1800000000000067,2018-08-24
LA_JET_M1M2,1,2018-08-17,-0.0300000000000011,0.6739171721792931,-0.7039171721792943,0.24522378673209125,0.20562965485213183,0.24306389760315542,0.6999999999999887,2018-08-31
LA_JET_M1M2,1,2018-08-24,0.1500000000000056,0.4849194002279142,-0.33491940022790856,0.1875044745569849,0.10180449025105291,0.16957638244500534,1.6500000000000057,2018-09-07
LA_JET_M1M2,1,2018-08-31,0.8499999999999943,0.6799576440027105,0.1700423559972838,-0.0349465556271499,-0.03880442828868949,-0.03777212290114397,-0.960000000000008,2018-09-14
LA_JET_M1M2,1,2018-09-07,2.5,0.6926201202559177,1.8073798797440823,-0.58166231704081,-0.4973080340618616,-0.5811455196498146,-1.8899999999999864,2018-09-21
LA_JET_M1M2,1,2018-09-14,1.539999999999992,0.4420423853966977,1.0979576146032943,-0.3221055642373208,-0.3028147525727668,-0.32938225833730955,-0.6500000000000057,2018-09-28
LA_JET_M1M2,1,2018-09-21,-0.3499999999999943,0.38844735394461505,-0.7384473539446094,0.2195076395018399,0.21366785150764026,0.2259469945580328,1.3700000000000045,2018-10-05
LA_JET_M1M2,1,2018-09-28,-1.0,0.24386133289196069,-1.2438613328919608,0.3878906826133531,0.35921106592846874,0.3945407949015756,0.16999999999998755,2018-10-12
LA_JET_M1M2,1,2018-10-05,0.3700000000000045,0.18053528838435595,0.18946471161564854,-0.044465246276677396,-0.04659500198186652,-0.04692873518295484,0.6299999999999955,2018-10-19
LA_JET_M1M2,1,2018-10-12,0.539999999999992,0.1790059997050104,0.36099400029498163,-0.1121400013852258,-0.09746327919727997,-0.11257440005293641,1.0100000000000193,2018-10-26
LA_JET_M1M2,1,2018-10-19,1.1699999999999875,0.13886010443313748,1.03113989556685,-0.31231266689129566,-0.28827182001533297,-0.31767353786295344,-1.170000000000016,2018-11-02
LA_JET_M1M2,1,2018-10-26,2.180000000000007,0.5129860878328579,1.6670139121671488,-0.6109985224590415,-0.4667180601599916,-0.5953554170048032,0.3900000000000148,2018-11-09
LA_JET_M1M2,1,2018-11-02,1.009999999999991,0.4025368183535663,0.6074631816464247,-0.23785115157175266,-0.16872870367673,-0.22848504849557857,-0.0800000000000125,2018-11-16
LA_JET_M1M2,1,2018-11-09,1.4000000000000057,0.4740768932175656,0.92592310678244,-0.33722501419612866,-0.2556619716043386,-0.3280187101386243,-1.1800000000000068,2018-11-23
LA_JET_M1M2,1,2018-11-16,1.3199999999999932,0.6678104622886594,0.6521895377113338,-0.29703051283110904,-0.17770808606810007,-0.27638267500141034,0.5100000000000193,2018-11-30
LA_JET_M1M2,1,2018-11-23,0.1399999999999863,0.5916044156746072,-0.4516044156746209,0.07761531879752945,0.13429857176155938,0.09528718675496714,0.17000000000001592,2018-12-07
LA_JET_M1M2,1,2018-11-30,0.6500000000000057,0.5880167042719957,0.06198329572800998,-0.06541428101933543,-0.009653881282383665,-0.05300688342639056,-0.9800000000000466,2018-12-14
LA_JET_M1M2,1,2018-12-07,0.8200000000000216,0.7141709651068916,0.10582903489313,-0.11055491635177649,-0.022199040334583933,-0.09102789868706601,-0.47999999999996135,2018-12-21
LA_JET_M1M2,1,2018-12-14,-0.160000000000025,0.6957944020158077,-0.8557944020158327,0.18801380342842933,0.249880883147943,0.21153240553124747,0.30999999999997385,2018-12-28
LA_JET_M1M2,1,2018-12-21,-0.6399999999999864,0.2930692231729177,-0.9330692231729041,0.3295334931146676,0.27127287233695746,0.3257957162716738,0.7200000000000273,2019-01-04
LA_JET_M1M2,1,2018-12-28,-0.3300000000000125,0.2422562262555707,-0.5722562262555833,0.2265757662492325,0.16892009062853272,0.219144801757821,0.12999999999996703,2019-01-11
LA_JET_M1M2,1,2019-01-04,0.3900000000000148,0.08909134172170545,0.3009086582783093,0.012328441579648129,-0.0800511761224588,-0.012413976917814795,0.010000000000019327,2019-01-18
LA_JET_M1M2,1,2019-01-11,0.5199999999999818,-0.11784470571876673,0.6378447057187485,-0.018350814328968394,-0.17807737645500077,-0.06274791378423926,-0.37000000000000455,2019-01-25
LA_JET_M1M2,1,2019-01-18,0.5300000000000011,-0.10703066135651948,0.6370306613565206,-0.013872871648183582,-0.17833256834375522,-0.0596228419056185,0.03000000000000111,2019-02-01
LA_JET_M1M2,1,2019-01-25,0.1599999999999966,0.0069203196391517605,0.15307968036084482,0.11298407672754035,-0.04027899932073024,0.074434646139492,-0.8199999999999932,2019-02-08
LA_JET_M1M2,1,2019-02-01,0.1899999999999977,-0.0018263731610882253,0.19182637316108592,0.109684777589566,-0.05066365852991422,0.06916162554041504,0.5799999999999842,2019-02-15
LA_JET_M1M2,1,2019-02-08,-0.6299999999999955,-0.02253343045890914,-0.6074665695410864,0.35399181328593404,0.1763929653424645,0.3167342557448305,0.2600000000000192,2019-02-22
LA_JET_M1M2,1,2019-02-15,-0.0500000000000113,0.07447833171235967,-0.12447833171237097,0.17346583590412662,0.04060657256695625,0.14272260272815787,0.18999999999999778,2019-03-01
LA_JET_M1M2,1,2019-02-22,0.2100000000000079,-0.13018181649897387,0.34018181649898177,0.09176703265942075,-0.09313795589082947,0.04310149391008045,-0.09999999999999437,2019-03-08
LA_JET_M1M2,1,2019-03-01,0.4000000000000057,0.24298488343867503,0.15701511656133066,0.026550212576138644,-0.03995409205731143,0.008681661619776262,-0.6200000000000045,2019-03-15
LA_JET_M1M2,1,2019-03-08,0.3000000000000113,0.23818549325649271,0.0618145067435186,0.03049024367902764,-0.012681542140221975,0.019253027674618582,0.009999999999990905,2019-03-22
LA_JET_M1M2,1,2019-03-15,-0.3199999999999932,0.3940579414996382,-0.7140579414996313,0.20016505828202824,0.20896773661956392,0.2102374820449294,0.25999999999999096,2019-03-29
LA_JET_M1M2,1,2019-03-22,-0.3100000000000023,0.6223037284316892,-0.9323037284316915,0.19741840002824612,0.27344378172952744,0.22702379214762147,-0.1699999999999875,2019-04-05
LA_JET_M1M2,1,2019-03-29,-0.0500000000000113,0.2291535966074542,-0.2791535966074655,0.12735283346128148,0.0858071423138262,0.11997454280681628,1.490000000000009,2019-04-12
LA_JET_M1M2,1,2019-04-05,-0.2199999999999988,0.10674873655854486,-0.32674873655854364,0.17189362640823705,0.09776642476263775,0.15689069783902088,3.1500000000000057,2019-04-19
LA_JET_M1M2,1,2019-04-12,1.2700000000000102,-0.15390036331695414,1.4239003633169645,-0.2824410411541252,-0.40241831166073555,-0.3282680697491475,-0.79000000000002,2019-04-26
LA_JET_M1M2,1,2019-04-19,4.420000000000016,-0.017625070006989436,4.437625070007005,-1.2306705482608973,-1.2702822275095007,-1.292331407229301,-1.2199999999999993,2019-05-03
LA_JET_M1M2,1,2019-04-26,3.629999999999996,0.15538969584716017,3.4746103041528356,-0.966544446748961,-0.9991707126531615,-1.0174082275108483,-0.20000000000001705,2019-05-10
LA_JET_M1M2,1,2019-05-03,2.4099999999999966,0.4755362722781168,1.9344637277218797,-0.5613286036078982,-0.5532777301177679,-0.5823661279986116,0.14000000000001478,2019-05-17
LA_JET_M1M2,1,2019-05-10,2.2099999999999795,0.8743979456917939,1.3356020543081857,-0.4798420324362971,-0.37282238879595075,-0.4686298868172164,-0.03999999999999204,2019-05-24
LA_JET_M1M2,1,2019-05-17,2.3499999999999943,0.8820402236603084,1.4679597763396859,-0.5058196615463381,-0.4064621733163311,-0.49850467029576234,-0.0899999999999741,2019-05-31
LA_JET_M1M2,1,2019-05-24,2.3100000000000023,0.627558438493844,1.6824415615061583,-0.46391878760270494,-0.46662450813729156,-0.4832750417080465,-3.1000000000000236,2019-06-07
LA_JET_M1M2,1,2019-05-31,2.220000000000028,0.6226989800407395,1.5973010199592887,-0.4139363129034744,-0.4417418252627008,-0.4381349963901499,0.12000000000000455,2019-06-14
LA_JET_M1M2,1,2019-06-07,-0.8799999999999955,0.3213248792554832,-1.2013248792554787,0.5286393737680448,0.3447432379463073,0.49776036466663043,-0.6899999999999977,2019-06-21
LA_JET_M1M2,1,2019-06-14,-0.7599999999999909,0.2971379912969475,-1.0571379912969383,0.48436739910334353,0.306153965545021,0.45339417673228083,-0.040000000000020464,2019-06-28
LA_JET_M1M2,1,2019-06-21,-1.4499999999999886,0.08381709742546672,-1.5338170974254552,0.6816495934807663,0.4378317799089483,0.6384546013594398,1.0300000000000011,2019-07-05
LA_JET_M1M2,1,2019-06-28,-1.490000000000009,0.32613936047127007,-1.8161393604712792,0.6758970925252354,0.5185942292740389,0.6570699013883002,0.020000000000010176,2019-07-12
LA_JET_M1M2,1,2019-07-05,-0.4600000000000079,0.3738890003907256,-0.8338890003907335,0.3465404688799054,0.24338154818458438,0.3303155147219866,-0.21000000000000796,2019-07-19
LA_JET_M1M2,1,2019-07-12,-0.4399999999999977,0.0248859621937933,-0.464885962193791,0.32409771952707894,0.1357924035283852,0.28134926813378647,0.09000000000000341,2019-07-26
LA_JET_M1M2,1,2019-07-19,-0.6500000000000057,0.24547929914001468,-0.8954792991400203,0.3721484173625772,0.2572564821875218,0.35295671592993033,-0.030000000000001137,2019-08-02
LA_JET_M1M2,1,2019-07-26,-0.5600000000000023,0.3274622232779796,-0.8874622232779819,0.33427223555310576,0.2559131595461204,0.3243409464753588,0.75,2019-08-09
LA_JET_M1M2,1,2019-08-02,-0.5900000000000034,0.3962219511861402,-0.9862219511861436,0.33195575433733965,0.28380713397716073,0.3309958134420349,-0.010000000000019382,2019-08-16
LA_JET_M1M2,1,2019-08-09,0.1599999999999966,0.3409224421387421,-0.18092244213874553,0.11085052908018267,0.05724608045396998,0.09889450965544097,-0.4699999999999988,2019-08-23
LA_JET_M1M2,1,2019-08-16,0.1499999999999772,0.55232500209758,-0.40232500209760275,0.11473106147143289,0.11944291491344892,0.12078163369982715,0.25000000000002853,2019-08-30
LA_JET_M1M2,1,2019-08-23,-0.3200000000000216,0.6921829884902976,-1.012182988490319,0.2515145709119654,0.2922211157687459,0.2747616442426752,-0.01000000000001941,2019-09-06
LA_JET_M1M2,1,2019-08-30,-0.0699999999999931,0.3600784690068926,-0.43007846900688573,0.16906288348620868,0.12754296812799315,0.16296940720243472,0.18000000000000682,2019-09-13
LA_JET_M1M2,1,2019-09-06,-0.0800000000000125,0.28161206720845255,-0.36161206720846506,0.16640471743321622,0.10708383024993966,0.15463506303205732,0.5300000000000011,2019-09-20
LA_JET_M1M2,1,2019-09-13,0.0999999999999943,0.43882213662471153,-0.3388221366247172,0.11572295620048448,0.10124833934611963,0.11585938609720552,0.7800000000000296,2019-09-27
LA_JET_M1M2,1,2019-09-20,0.6299999999999955,0.13022948479525237,0.4997705152047431,-0.035722982325317815,-0.13643320630320355,-0.06913799854849427,0.6799999999999784,2019-10-04
LA_JET_M1M2,1,2019-09-27,1.410000000000025,0.5077302176591731,0.9022697823408519,-0.25753464240192375,-0.24947137050675897,-0.2662857757966868,1.8400000000000034,2019-10-11
LA_JET_M1M2,1,2019-10-04,2.0900000000000034,0.6402073448389001,1.4497926551611033,-0.43778882010938863,-0.40293775603595033,-0.4462392886908297,-0.9099999999999966,2019-10-18
LA_JET_M1M2,1,2019-10-11,3.930000000000007,0.5107503836867695,3.4192496163132375,-0.9612113873718712,-0.9502902553526007,-1.0002220096166972,-0.12000000000000455,2019-10-25
LA_JET_M1M2,1,2019-10-18,3.0200000000000102,0.5586633691005822,2.461336630899428,-0.7014683477411454,-0.6860731849185644,-0.7277270118710972,0.4399999999999977,2019-11-01
LA_JET_M1M2,1,2019-10-25,2.9000000000000057,0.8225046800377931,2.0774953199622126,-0.6627138993956475,-0.5688841203809257,-0.663963788012661,-1.009999999999991,2019-11-08
LA_JET_M1M2,1,2019-11-01,3.3400000000000034,0.7085521622629312,2.6314478377370722,-0.773790532363763,-0.7119963635117823,-0.788773109910633,-0.539999999999992,2019-11-15
LA_JET_M1M2,1,2019-11-08,2.3300000000000125,0.7083241682309899,1.6216758317690227,-0.4696547062225841,-0.438919151794694,-0.4806486942381914,-3.620000000000033,2019-11-22
LA_JET_M1M2,1,2019-11-15,1.7900000000000205,0.8150395385080105,0.97496046149201,-0.3105911389992406,-0.26027872236511324,-0.30993063578144164,1.7199999999999989,2019-11-29
LA_JET_M1M2,1,2019-11-22,-1.8300000000000125,0.6304060125530411,-2.4604060125530536,0.7383735591209091,0.6886181962289277,0.7543486908728448,0.7800000000000296,2019-12-06
LA_JET_M1M2,1,2019-11-29,-0.1100000000000136,0.5769128912052992,-0.6869128912053128,0.18685193039171077,0.1979855097594984,0.19733103136020355,-0.5900000000000034,2019-12-13
LA_JET_M1M2,1,2019-12-06,0.6700000000000159,1.0154119537663806,-0.3454119537663647,-0.033454977601010294,0.10361550070529088,0.0032951369112754585,0.6999999999999886,2019-12-20
LA_JET_M1M2,1,2019-12-13,0.0800000000000125,0.4892236081021894,-0.4092236081021769,0.15372202138884322,0.11854748840287893,0.1499019009434244,-0.12999999999999545,2019-12-27
LA_JET_M1M2,1,2019-12-20,0.7800000000000011,0.4644153387898687,0.31558466121013246,-0.031077174803338322,-0.08148273671356873,-0.04689452022092531,1.3299999999999834,2020-01-03
LA_JET_M1M2,1,2019-12-27,0.6500000000000057,0.42534228916978245,0.22465771083022323,0.032644260782360005,-0.05732568255215396,0.008189328033271133,-1.4199999999999868,2020-01-10
LA_JET_M1M2,1,2020-01-03,1.979999999999989,0.08193223106994493,1.8980677689300443,-0.33925870714152,-0.5197996161137389,-0.4041698020650264,-0.6899999999999977,2020-01-17
LA_JET_M1M2,1,2020-01-10,0.5600000000000023,0.7793176905403636,-0.21931769054036132,0.10006678943190564,0.06481721769238892,0.09368323269455377,0.3599999999999851,2020-01-24
LA_JET_M1M2,1,2020-01-17,-0.1299999999999954,0.55716716762236,-0.6871671676223554,0.3157365593826382,0.19561698201232086,0.2931982553399366,0.38000000000002393,2020-01-31
LA_JET_M1M2,1,2020-01-24,0.2299999999999897,0.4796776963719811,-0.2496776963719914,0.21612882893216565,0.07490577981049754,0.18330761861850703,0.030000000000001137,2020-02-07
LA_JET_M1M2,1,2020-01-31,0.6100000000000136,0.07487771178437541,0.5351222882156382,0.11439438198831307,-0.14424755414153834,0.04261883683413373,0.1799999999999784,2020-02-14
LA_JET_M1M2,1,2020-02-07,0.6400000000000148,0.20666659989925307,0.4333334001007617,0.11010444335094927,-0.11644780723807498,0.04712210850278353,0.040000000000020464,2020-02-21
LA_JET_M1M2,1,2020-02-14,0.8199999999999932,0.5043549680407851,0.3156450319592081,0.06325013539129176,-0.08258716119203442,0.022615550357715362,-1.240000000000009,2020-02-28
LA_JET_M1M2,1,2020-02-21,0.8600000000000136,-0.2079755814983712,1.067975581498385,0.0646224298013319,-0.29346027440810035,-0.03964127741323096,-0.0800000000000125,2020-03-06
LA_JET_M1M2,1,2020-02-28,-0.3799999999999954,-0.31539442675215257,-0.06460557324784283,0.43444054978132246,0.018796429322974685,0.3241537961087592,-3.559999999999988,2020-03-13
LA_JET_M1M2,1,2020-03-06,-0.4600000000000079,-0.1519631119896454,-0.3080368880103625,0.4538247096271117,0.08797978411166478,0.35972634632581,-0.6400000000000006,2020-03-20
LA_JET_M1M2,1,2020-03-13,-4.019999999999996,-0.4007920983536038,-3.619207901646392,1.4459029112264417,0.9988597325854606,1.3448301933118914,3.299999999999997,2020-03-27
LA_JET_M1M2,1,2020-03-20,-4.659999999999997,0.33481163397627384,-4.99481163397627,1.5629682339715147,1.3811381883026326,1.5682051305805509,-19.16,2020-04-03
LA_JET_M1M2,1,2020-03-27,-1.3599999999999994,0.533832948368586,-1.8938329483685854,0.5766696545036204,0.5474965335084516,0.592862972683106,1.9000000000000092,2020-04-10
LA_JET_M1M2,1,2020-04-03,-20.52,-0.28414418270748476,-20.235855817292514,3.7711443313858406,3.791412002090708,3.9217620400367688,-7.70000000000001,2020-04-17
LA_JET_M1M2,1,2020-04-10,-18.61999999999999,-2.9498881519011437,-15.670111848098847,3.3045456729475573,2.8831842577941114,3.178199777090029,0.5399999999999991,2020-04-24
LA_JET_M1M2,1,2020-04-17,-26.32,-8.853037783194617,-17.466962216805385,0.4397900290045427,0.5407802760907041,0.07191395677623366,8.730000000000004,2020-05-01
LA_JET_M1M2,1,2020-04-24,-25.78,-15.584003980156714,-10.195996019843287,0.4612639285091166,0.23592569332154628,0.0852450349171624,38.55,2020-05-08
LA_JET_M1M2,1,2020-05-01,-17.049999999999997,-17.170397198804846,0.12039719880484867,1.3625671251176419,-0.06693510686742886,1.584976143435127,-17.74000000000001,2020-05-15
LA_JET_M1M2,1,2020-05-08,21.5,-7.974736268705918,29.474736268705918,-10.235415079249995,-11.556669542700071,-10.15844448450913,3.170000000000016,2020-05-22
LA_JET_M1M2,1,2020-05-15,3.759999999999991,-5.372764523987596,9.132764523987586,-2.3061834512786135,-2.8689687405428144,-2.665673222939664,2.5999999999999925,2020-05-29
LA_JET_M1M2,1,2020-05-22,6.930000000000007,-2.5945959534827012,9.524595953482708,-2.322606272554497,-2.2038547003001816,-2.236277372288097,-9.510000000000003,2020-06-05
LA_JET_M1M2,4,2017-01-06,-0.5300000000000011,-0.33532797855637214,-0.194672021443629,-0.30314147052027834,0.12648138067871012,-0.1148334363746874,1.4899999999999807,2017-02-10
LA_JET_M1M2,4,2017-01-13,-1.0699999999999932,-1.4004257718040833,0.33042577180409016,0.18569830872167853,-0.3461535709253026,-0.06792548776014437,1.4499999999999886,2017-02-17
LA_JET_M1M2,4,2017-01-20,-2.0600000000000023,-0.5562577081727783,-1.503742291827224,1.0552073686795103,1.342541374854163,1.264399609837147,-1.130000000000024,2017-02-24
LA_JET_M1M2,4,2017-01-27,-1.869999999999976,-1.1940972177464757,-0.6759027822535002,0.8864846382610101,0.5480548483429318,0.7833856895786511,0.9600000000000078,2017-03-03
LA_JET_M1M2,4,2017-02-03,-0.9099999999999966,-0.49564641780094565,-0.41435358219905094,0.08339669546219533,0.2981057078553713,0.1894501715215503,-0.1399999999999864,2017-03-10
LA_JET_M1M2,4,2017-02-10,0.4199999999999875,-1.1033293131801982,1.5233293131801857,-0.9981616204650918,-1.4182595396404862,-1.2429672361027069,0.6400000000000148,2017-03-17
LA_JET_M1M2,4,2017-02-17,-0.6100000000000136,-0.09157559712240382,-0.5184244028776098,-0.04379866024339457,0.4135935898519819,0.16143091961425654,2.6799999999999784,2017-03-24
LA_JET_M1M2,4,2017-02-24,-3.0,-0.2943436684534164,-2.7056563315465834,1.9573462673009534,2.3225922494620574,2.2268637163415943,-0.9699999999999989,2017-03-31
LA_JET_M1M2,4,2017-03-03,0.0500000000000113,-0.11882305043251762,0.16882305043252893,-0.6555092580675552,-0.19193196585768194,-0.4871706395742552,3.1599999999999966,2017-04-07
LA_JET_M1M2,4,2017-03-10,0.2800000000000011,0.06566585651598389,0.2143341434840172,-0.8529708491093261,-0.23734662969187925,-0.630171440975039,3.3700000000000045,2017-04-14
LA_JET_M1M2,4,2017-03-17,0.0300000000000011,-0.07947943671442897,0.10947943671443007,-0.5854743449712898,-0.12688025014737606,-0.42109216632337576,3.740000000000009,2017-04-21
LA_JET_M1M2,4,2017-03-24,-0.3200000000000216,-1.1146536342066322,0.7946536342066106,-0.22839000095135087,-0.7097650056255923,-0.45139423566839887,4.449999999999989,2017-04-28
LA_JET_M1M2,4,2017-03-31,-0.9199999999999876,-1.1094650437177065,0.18946504371771888,0.21409527679988852,-0.2096344874013488,0.04910648201415807,-8.560000000000002,2017-05-05
LA_JET_M1M2,4,2017-04-07,3.4399999999999977,-1.3603228724485277,4.800322872448525,-3.291758396220499,-4.146874550747104,-3.843821613505821,-5.340000000000003,2017-05-12
LA_JET_M1M2,4,2017-04-14,3.4000000000000057,-1.226385742024881,4.626385742024887,-3.046544843459988,-3.9662387815978013,-3.638534080398273,-4.049999999999983,2017-05-19
LA_JET_M1M2,4,2017-04-21,3.4199999999999875,-0.5060543924734595,3.9260543924734472,-2.881312032850577,-3.3225810375986913,-3.228345091691063,-4.180000000000007,2017-05-26
LA_JET_M1M2,4,2017-04-28,3.530000000000001,-1.0811648426554714,4.611164842655473,-2.808860619565706,-3.8794921320311953,-3.507361150526416,4.5800000000000125,2017-06-02
LA_JET_M1M2,4,2017-05-05,-5.1200000000000045,-0.7705676655661664,-4.349432334433838,4.084603281312225,3.528296237128657,3.9590938929668145,0.9699999999999701,2017-06-09
LA_JET_M1M2,4,2017-05-12,-1.9399999999999973,-0.6359631522107104,-1.3040368477892867,1.464890953595224,1.0215491385567266,1.2874285546394661,0.34999999999999437,2017-06-16
LA_JET_M1M2,4,2017-05-19,-0.6299999999999955,-0.3468427854212897,-0.28315721457870574,0.3619164347644116,0.15725016993408042,0.2673460103346206,2.2500000000000284,2017-06-23
LA_JET_M1M2,4,2017-05-26,-0.6500000000000057,-0.25813619099875823,-0.39186380900124745,0.3835058266202984,0.24849488648822915,0.32676739191334525,5.310000000000002,2017-06-30
LA_JET_M1M2,4,2017-06-02,-0.539999999999992,-0.3711014978630452,-0.16889850213694685,0.24327127899128853,0.1149525373650232,0.20683118346490315,2.480000000000018,2017-07-07
LA_JET_M1M2,4,2017-06-09,-0.9700000000000272,-0.6068529368042102,-0.363147063195817,0.39009981934923094,0.24042719171954502,0.3461006237166767,1.3800000000000239,2017-07-14
LA_JET_M1M2,4,2017-06-16,-0.2800000000000011,-0.4697464011363246,0.18974640113632352,-0.18331866786862927,-0.18286052719514945,-0.18761950233550384,-0.9000000000000057,2017-07-21
LA_JET_M1M2,4,2017-06-23,1.6000000000000227,-0.23879513186856371,1.8387951318685865,-1.5091923755502483,-1.4209667563825072,-1.5233642559111342,-3.960000000000008,2017-07-28
LA_JET_M1M2,4,2017-06-30,4.77000000000001,0.24868879340965788,4.521311206590353,-3.7649655969845375,-3.41562671147773,-3.773694385548447,-0.8600000000000136,2017-08-04
LA_JET_M1M2,4,2017-07-07,1.509999999999991,0.5310219502723644,0.9789780497276265,-1.1623944954952312,-0.7394515156594507,-1.071010779815979,-0.6000000000000227,2017-08-11
LA_JET_M1M2,4,2017-07-14,1.1000000000000227,0.5236241999468398,0.5763758000531829,-0.7730035471728056,-0.4316200147064532,-0.6983287828993349,-0.3199999999999932,2017-08-18
LA_JET_M1M2,4,2017-07-21,0.700000000000017,0.6679852397637474,0.0320147602362697,-0.38626496951240913,-0.03082164132968631,-0.2949121543827385,-1.1500000000000057,2017-08-25
LA_JET_M1M2,4,2017-07-28,0.8100000000000023,0.4105888116562775,0.3994111883437248,-0.4162946144106567,-0.33218045964730053,-0.40554714327673685,2.960000000000008,2017-09-01
LA_JET_M1M2,4,2017-08-04,0.6499999999999773,-0.09117197960912415,0.7411719796091014,-0.21278541517943989,-0.5582781895190732,-0.318485031015254,8.78,2017-09-08
LA_JET_M1M2,4,2017-08-11,0.5,0.2787805281814282,0.22121947181857182,-0.09201204485816161,-0.17644994653928547,-0.11897537837096649,4.339999999999975,2017-09-15
LA_JET_M1M2,4,2017-08-18,0.3800000000000239,0.03716154887016279,0.3428384511298611,0.031323302900143735,-0.26657558080024496,-0.05277971390002428,6.439999999999998,2017-09-22
LA_JET_M1M2,4,2017-08-25,-0.3400000000000034,0.0069770822391780896,-0.3469770822391815,0.649513100872969,0.23256845568473877,0.5520024432001864,-0.030000000000001137,2017-09-29
LA_JET_M1M2,4,2017-09-01,3.609999999999985,0.1965773253134761,3.413422674686509,-2.211094917994995,-2.4979409402308246,-2.351455201593225,-8.970000000000026,2017-10-06
LA_JET_M1M2,4,2017-09-08,9.28,0.13127962051523573,9.148720379484764,-6.1359763484238075,-6.481399766940491,-6.329897593052626,-3.799999999999983,2017-10-13
LA_JET_M1M2,4,2017-09-15,4.719999999999999,0.056193642417959044,4.66380635758204,-2.5349039830151945,-3.2793525134313644,-2.7158103185246283,-4.439999999999998,2017-10-20
LA_JET_M1M2,4,2017-09-22,6.099999999999994,0.26810037534306713,5.831899624656927,-3.342462016300116,-4.057215822030771,-3.516000110413276,-2.9399999999999693,2017-10-27
LA_JET_M1M2,4,2017-09-29,3.579999999999984,0.4569510484894451,3.123048951510539,-1.3206937135055496,-2.1611751039388056,-1.4710493995056269,0.160000000000025,2017-11-03
LA_JET_M1M2,4,2017-10-06,0.3099999999999738,0.10888043881739501,0.2011195611825788,1.0358438852507152,-0.18468095385066435,0.8384440388890361,-0.7700000000000389,2017-11-10
LA_JET_M1M2,4,2017-10-13,0.920000000000016,0.06286208486114388,0.8571379151388722,0.4815244037472048,-0.6146252421593227,0.34018081117559695,-1.539999999999992,2017-11-17
LA_JET_M1M2,4,2017-10-20,1.6599999999999966,-0.030696783752335137,1.6906967837523317,-0.1425872616602847,-1.2295016545140947,-0.328737065906336,-0.4700000000000273,2017-11-24
LA_JET_M1M2,4,2017-10-27,0.6400000000000148,0.2866327142480901,0.35336728575192466,0.5519528765687167,-0.27420141190202757,0.43408944544772865,-0.200000000000017,2017-12-01
LA_JET_M1M2,4,2017-11-03,0.4699999999999988,0.20834793683525532,0.2616520631647435,0.8507317229912872,-0.19183099855692065,0.7342770167292758,0.5900000000000034,2017-12-08
LA_JET_M1M2,4,2017-11-10,0.1499999999999772,0.0638952485164307,0.0861047514835465,1.13518228496749,-0.07614797820032457,0.9665444099831302,0.2800000000000012,2017-12-15
LA_JET_M1M2,4,2017-11-17,0.1200000000000045,0.2846913454427273,-0.1646913454427228,1.1623930767476542,0.09045441480406406,0.9829955661707542,-0.6899999999999977,2017-12-22
LA_JET_M1M2,4,2017-11-24,0.1699999999999875,-0.5105261993497994,0.6805261993497869,1.1464611620696261,-0.4885490842385124,0.8515741957406706,0.6800000000000352,2017-12-29
LA_JET_M1M2,4,2017-12-01,0.2699999999999818,-0.36225200576660016,0.6322520057665819,1.0886335465298478,-0.4580313572505177,0.7972256904064726,1.2100000000000364,2018-01-05
LA_JET_M1M2,4,2017-12-08,0.7399999999999807,-0.3196579695161912,1.0596579695161719,0.7838418086295182,-0.7511863362920537,0.4840840749240662,0.27000000000001023,2018-01-12
LA_JET_M1M2,4,2017-12-15,0.4000000000000057,-0.8353707405210787,1.2353707405210845,1.0498403921313582,-0.8764642439095451,0.6453672407123361,0.8000000000000114,2018-01-19
LA_JET_M1M2,4,2017-12-22,-0.5200000000000102,-0.021240519739135714,-0.4987594802608745,1.6545679414828576,0.3139585329339426,1.367885697490783,-0.160000000000025,2018-01-26
LA_JET_M1M2,4,2017-12-29,0.950000000000017,0.24012538315658094,0.7098746168434361,0.44964143324110195,-0.5122062978894519,0.2207239703446568,-2.640000000000015,2018-02-02
LA_JET_M1M2,4,2018-01-05,1.950000000000017,0.16227641720724548,1.7877235827927715,-0.2789690038346407,-1.2460628268183207,-0.5206370202996294,-0.2400000000000091,2018-02-09
LA_JET_M1M2,4,2018-01-12,0.6700000000000159,0.06334172207467458,0.6066582779253413,0.6551508920571258,-0.4318272692732313,0.41113478595852904,-0.24999999999999997,2018-02-16
LA_JET_M1M2,4,2018-01-19,0.2800000000000011,-0.6351144307157657,0.9151144307157668,0.9303827168072063,-0.6339575393815071,0.5822552826292459,-0.49000000000000915,2018-02-23
LA_JET_M1M2,4,2018-01-26,0.789999999999992,-1.3337471473499187,2.1237471473499108,0.5357866103099709,-1.477793821759028,-0.014542622065531356,2.180000000000007,2018-03-02
LA_JET_M1M2,4,2018-02-02,-0.6899999999999977,-0.6910654503565654,0.0010654503565676876,1.560940269852774,-0.03802738607654611,1.1127904388624084,5.389999999999986,2018-03-09
LA_JET_M1M2,4,2018-02-09,0.4300000000000068,-0.6459350861381116,1.0759350861381183,0.7384393891848897,-0.7725933082618794,0.2863624177241053,4.399999999999977,2018-03-16
LA_JET_M1M2,4,2018-02-16,0.0300000000000011,-0.24387215498685524,0.27387215498685635,1.0146804134661378,-0.2228869057099034,0.6514990991900464,2.9700000000000273,2018-03-23
LA_JET_M1M2,4,2018-02-23,0.2999999999999829,-0.14529684822676778,0.44529684822675064,0.823520652252911,-0.341460284925894,0.4552407195950392,0.4300000000000068,2018-03-30
LA_JET_M1M2,4,2018-03-02,1.490000000000009,-0.6542154306880953,2.1442154306881043,-0.09354356797990163,-1.4730268923030891,-0.5038635793883353,-4.980000000000018,2018-04-06
LA_JET_M1M2,4,2018-03-09,5.819999999999993,-0.3418949167848316,6.161894916784825,-3.3858170251609763,-4.205527482847463,-3.6855772637747344,-2.839999999999975,2018-04-13
LA_JET_M1M2,4,2018-03-16,4.429999999999978,-0.1059335250316378,4.535933525031616,-2.3553065441638155,-3.060991146287477,-2.515215922801507,-1.7300000000000182,2018-04-20
LA_JET_M1M2,4,2018-03-23,3.2700000000000102,-0.2700505166556288,3.540050516655639,-1.5653755221802406,-2.3874790215283386,-1.6945269457116154,-0.8799999999999955,2018-04-27
LA_JET_M1M2,4,2018-03-30,1.920000000000016,0.3056240351884373,1.6143759648115785,-0.6011316239796759,-1.086976108213217,-0.6730884638985692,-0.5799999999999841,2018-05-04
LA_JET_M1M2,4,2018-04-06,0.839999999999975,0.3045011771036771,0.5354988228962979,0.19471296166450305,-0.38942244340977705,0.07787383431137765,-1.5200000000000102,2018-05-11
LA_JET_M1M2,4,2018-04-13,1.5900000000000034,0.09503970937199799,1.4949602906280055,-0.344354212374728,-1.0283680007952367,-0.488752213096712,-1.3899999999999864,2018-05-18
LA_JET_M1M2,4,2018-04-20,1.539999999999992,0.3352316564567052,1.2047683435432868,-0.3052660184576317,-0.8209010994134327,-0.4090502128768541,-1.5600000000000307,2018-05-25
LA_JET_M1M2,4,2018-04-27,1.0400000000000205,-0.1011290349445508,1.1411290349445713,0.08291697405408514,-0.7671051289869539,-0.06330573944428448,-0.7199999999999704,2018-06-01
LA_JET_M1M2,4,2018-05-04,0.2599999999999909,0.1343997102869108,0.1256002897130801,0.6568984515695782,-0.09273519183621258,0.5441745148056397,0.0999999999999944,2018-06-08
LA_JET_M1M2,4,2018-05-11,0.0699999999999931,0.1928832377798929,-0.12288323777989982,0.7848688466115458,0.06496733990059986,0.6729926569741636,0.1099999999999853,2018-06-15
LA_JET_M1M2,4,2018-05-18,0.1500000000000056,0.14040735380351815,0.009592646196487448,0.7207154385192214,-0.025017890630344812,0.596233553689492,0.5300000000000011,2018-06-22
LA_JET_M1M2,4,2018-05-25,-0.5200000000000102,0.4592911204899181,-0.9792911204899284,1.1927940964936956,0.6305525889381842,1.113963279412533,0.6299999999999953,2018-06-29
LA_JET_M1M2,4,2018-06-01,-0.4599999999999795,0.27864938377995946,-0.7386493837799389,1.1225096710665685,0.47408237380889473,1.019843426798793,-0.6499999999999773,2018-07-06
LA_JET_M1M2,4,2018-06-08,0.1699999999999875,0.5864394727682032,-0.4164394727682157,0.6338856940228319,0.26309732513319856,0.5738055442072251,-0.629999999999967,2018-07-13
LA_JET_M1M2,4,2018-06-15,0.2599999999999909,0.7442793438660205,-0.48427934386602955,0.5584609651974329,0.31040778984928247,0.5217019510424817,-0.1099999999999852,2018-07-20
LA_JET_M1M2,4,2018-06-22,0.0099999999999909,0.8888140183947874,-0.8788140183947964,0.757971616961079,0.5795338849985926,0.7432048480429402,-0.9900000000000375,2018-07-27
LA_JET_M1M2,4,2018-06-29,0.1700000000000159,0.6917428406750046,-0.5217428406749887,0.6128244369225019,0.3439967848644902,0.5709835675743559,0.18000000000000682,2018-08-03
LA_JET_M1M2,4,2018-07-06,-0.4799999999999897,0.6103430750033532,-1.090343075003343,1.01027221021557,0.719091403085043,0.9743180834135566,0.5099999999999625,2018-08-10
LA_JET_M1M2,4,2018-07-13,-0.3699999999999761,0.764205158488491,-1.1342051584884671,0.8908661831865284,0.7475806524368337,0.8873464338015415,0.0699999999999932,2018-08-17
LA_JET_M1M2,4,2018-07-20,-0.0999999999999943,0.7961517516328485,-0.8961517516328428,0.6771299085264645,0.590855714429385,0.6803675134894903,0.9700000000000272,2018-08-24
LA_JET_M1M2,4,2018-07-27,-0.8200000000000216,0.7935590251902961,-1.6135590251903178,1.1477605631091126,1.0657368604497348,1.1701247479187535,1.1499999999999773,2018-08-31
LA_JET_M1M2,4,2018-08-03,-0.2999999999999829,0.5861307732707165,-0.8861307732706993,0.7748469334539009,0.5842851992123271,0.7513091478489281,2.3600000000000136,2018-09-07
LA_JET_M1M2,4,2018-08-10,0.1399999999999863,0.7214349236226945,-0.5814349236227081,0.4411269935307253,0.3825741215589184,0.4422711437564724,1.5699999999999932,2018-09-14
LA_JET_M1M2,4,2018-08-17,-0.0300000000000011,0.6739171721792931,-0.7039171721792943,0.558433016405691,0.46307519286506993,0.5530853378464101,-0.4999999999999999,2018-09-21
LA_JET_M1M2,4,2018-08-24,0.1500000000000056,0.4849194002279142,-0.33491940022790856,0.42468419109944244,0.22088053488207848,0.381465753687655,-1.8499999999999943,2018-09-28
LA_JET_M1M2,4,2018-08-31,0.8499999999999943,0.6799576440027105,0.1700423559972838,-0.10491350717781164,-0.11599281896511791,-0.1119043860701549,-2.1299999999999955,2018-10-05
LA_JET_M1M2,4,2018-09-07,2.5,0.6926201202559177,1.8073798797440823,-1.399965648412028,-1.205984613216405,-1.3988145955096847,-1.0,2018-10-12
LA_JET_M1M2,4,2018-09-14,1.539999999999992,0.4420423853966977,1.0979576146032943,-0.7724741747074463,-0.730095615519705,-0.790653115065748,1.5199999999999818,2018-10-19
LA_JET_M1M2,4,2018-09-21,-0.3499999999999943,0.38844735394461505,-0.7384473539446094,0.5062201430430734,0.49393655773464656,0.5219600597858198,3.180000000000007,2018-10-26
LA_JET_M1M2,4,2018-09-28,-1.0,0.24386133289196069,-1.2438613328919608,0.8860268734599172,0.8235580967989382,0.9026103743879799,0.6399999999999864,2018-11-02
LA_JET_M1M2,4,2018-10-05,0.3700000000000045,0.18053528838435595,0.18946471161564854,-0.13985574376270976,-0.14397560621739894,-0.14599070704303713,0.8600000000000136,2018-11-09
LA_JET_M1M2,4,2018-10-12,0.539999999999992,0.1790059997050104,0.36099400029498163,-0.2911740264969842,-0.2583044089577729,-0.2922081669324172,0.15000000000000568,2018-11-16
LA_JET_M1M2,4,2018-10-19,1.1699999999999875,0.13886010443313748,1.03113989556685,-0.7464459208159704,-0.6937235810261784,-0.7595358504853806,-2.0400000000000205,2018-11-23
LA_JET_M1M2,4,2018-10-26,2.180000000000007,0.5129860878328579,1.6670139121671488,-1.4399596836909385,-1.1101793874503527,-1.4010442123962934,-0.3599999999999852,2018-11-30
LA_JET_M1M2,4,2018-11-02,1.009999999999991,0.4025368183535663,0.6074631816464247,-0.5660392534207589,-0.4076745163762935,-0.5429238190847433,-0.5799999999999841,2018-12-07
LA_JET_M1M2,4,2018-11-09,1.4000000000000057,0.4740768932175656,0.92592310678244,-0.8079249932749233,-0.6171041780264268,-0.7852569287325906,-1.4800000000000182,2018-12-14
LA_JET_M1M2,4,2018-11-16,1.3199999999999932,0.6678104622886594,0.6521895377113338,-0.7144571606891272,-0.43506726784924826,-0.6638156842161776,-0.7799999999999727,2018-12-21
LA_JET_M1M2,4,2018-11-23,0.1399999999999863,0.5916044156746072,-0.4516044156746209,0.15791399437846101,0.2931921814519127,0.20179317223418877,-0.9800000000000182,2018-12-28
LA_JET_M1M2,4,2018-11-30,0.6500000000000057,0.5880167042719957,0.06198329572800998,-0.17736072927155,-0.04515028658912856,-0.14663254949367538,-0.4300000000000068,2019-01-04
LA_JET_M1M2,4,2018-12-07,0.8200000000000216,0.7141709651068916,0.10582903489313,-0.2830327286227343,-0.07554327988652267,-0.23492404135195066,0.6800000000000068,2019-01-11
LA_JET_M1M2,4,2018-12-14,-0.160000000000025,0.6957944020158077,-0.8557944020158327,0.4157995533811947,0.5631075001168774,0.47392783246219383,1.1699999999999875,2019-01-18
LA_JET_M1M2,4,2018-12-21,-0.6399999999999864,0.2930692231729177,-0.9330692231729041,0.7472479374766827,0.6163722115663158,0.7386124045678257,0.4900000000000091,2019-01-25
LA_JET_M1M2,4,2018-12-28,-0.3300000000000125,0.2422562262555707,-0.5722562262555833,0.5012880684523456,0.3710874781411126,0.4838735054859845,-0.20000000000001708,2019-02-01
LA_JET_M1M2,4,2019-01-04,0.3900000000000148,0.08909134172170545,0.3009086582783093,-0.0001923579776689291,-0.21312066148923137,-0.05986644893193739,-1.1499999999999773,2019-02-08
LA_JET_M1M2,4,2019-01-11,0.5199999999999818,-0.11784470571876673,0.6378447057187485,-0.0651319705269726,-0.43578565130381813,-0.17341675809011023,-0.5800000000000124,2019-02-15
LA_JET_M1M2,4,2019-01-18,0.5300000000000011,-0.10703066135651948,0.6370306613565206,-0.05107107512727268,-0.43476540251097795,-0.1639494436807718,0.05000000000001131,2019-02-22
LA_JET_M1M2,4,2019-01-25,0.1599999999999966,0.0069203196391517605,0.15307968036084482,0.24469330079310808,-0.11312539302825525,0.150361932842833,0.21000000000000799,2019-03-01
LA_JET_M1M2,4,2019-02-01,0.1899999999999977,-0.0018263731610882253,0.19182637316108592,0.232906455187653,-0.142304705818096,0.13273077459885105,0.9300000000000068,2019-03-08
LA_JET_M1M2,4,2019-02-08,-0.6299999999999955,-0.02253343045890914,-0.6074665695410864,0.8025855825202124,0.38776537281286866,0.7120104279206492,-0.26999999999998187,2019-03-15
LA_JET_M1M2,4,2019-02-15,-0.0500000000000113,0.07447833171235967,-0.12447833171237097,0.37744070193508267,0.06557440797686871,0.3003176574234791,-0.5200000000000102,2019-03-22
LA_JET_M1M2,4,2019-02-22,0.2100000000000079,-0.13018181649897387,0.34018181649898177,0.1904085605791479,-0.2427865858341812,0.07028537859266151,-0.450000000000017,2019-03-29
LA_JET_M1M2,4,2019-03-01,0.4000000000000057,0.24298488343867503,0.15701511656133066,0.039396090990507754,-0.11963561590177264,-0.005459697621457874,-0.5200000000000101,2019-04-05
LA_JET_M1M2,4,2019-03-08,0.3000000000000113,0.23818549325649271,0.0618145067435186,0.0539765080554256,-0.05126409554135935,0.02579844384899118,1.5900000000000034,2019-04-12
LA_JET_M1M2,4,2019-03-15,-0.3199999999999932,0.3940579414996382,-0.7140579414996313,0.44729987414510397,0.464401618321412,0.4702393466246625,4.730000000000018,2019-04-19
LA_JET_M1M2,4,2019-03-22,-0.3100000000000023,0.6223037284316892,-0.9323037284316915,0.4365500979442858,0.6102183706432296,0.5069098772361389,3.6800000000000073,2019-04-26
LA_JET_M1M2,4,2019-03-29,-0.0500000000000113,0.2291535966074542,-0.2791535966074655,0.27124338948862203,0.17493810690515316,0.25310290412176345,2.6299999999999955,2019-05-03
LA_JET_M1M2,4,2019-04-05,-0.2199999999999988,0.10674873655854486,-0.32674873655854364,0.375567342863024,0.20581482685677213,0.33899729919609467,0.9399999999999693,2019-05-10
LA_JET_M1M2,4,2019-04-12,1.2700000000000102,-0.15390036331695414,1.4239003633169645,-0.6784009047922789,-0.9578592736233141,-0.7912567625439667,-2.0700000000000216,2019-05-17
LA_JET_M1M2,4,2019-04-19,4.420000000000016,-0.017625070006989436,4.437625070007005,-2.8680268213905764,-2.976444018552483,-3.0249714675514845,-1.3199999999999936,2019-05-24
LA_JET_M1M2,4,2019-04-26,3.629999999999996,0.15538969584716017,3.4746103041528356,-2.2441470952138918,-2.3354970839058375,-2.3750216184437343,-0.18999999999996842,2019-05-31
LA_JET_M1M2,4,2019-05-03,2.4099999999999966,0.4755362722781168,1.9344637277218797,-1.303316608092341,-1.2945302768702247,-1.3599938910226241,-3.089999999999975,2019-06-07
LA_JET_M1M2,4,2019-05-10,2.2099999999999795,0.8743979456917939,1.3356020543081857,-1.1321082551010293,-0.8917030647461719,-1.1051468802154776,-3.109999999999985,2019-06-14
LA_JET_M1M2,4,2019-05-17,2.3499999999999943,0.8820402236603084,1.4679597763396859,-1.2151091879459957,-0.9920954009537265,-1.1979978836578309,-3.759999999999991,2019-06-21
LA_JET_M1M2,4,2019-05-24,2.3100000000000023,0.627558438493844,1.6824415615061583,-1.10547865792697,-1.1202260736038125,-1.1597573237702938,-3.7100000000000373,2019-06-28
LA_JET_M1M2,4,2019-05-31,2.220000000000028,0.6226989800407395,1.5973010199592887,-0.9762242371377514,-1.0444045928411043,-1.0402776291510474,0.41999999999998755,2019-07-05
LA_JET_M1M2,4,2019-06-07,-0.8799999999999955,0.3213248792554832,-1.2013248792554787,1.2063958227828848,0.7921801481781537,1.1276556121153398,0.3199999999999932,2019-07-12
LA_JET_M1M2,4,2019-06-14,-0.7599999999999909,0.2971379912969475,-1.0571379912969383,1.0996846000628664,0.6933346227084853,1.0205814856055615,0.799999999999983,2019-07-19
LA_JET_M1M2,4,2019-06-21,-1.4499999999999886,0.08381709742546672,-1.5338170974254552,1.5788870725268433,1.0082297408993754,1.472422617086759,0.9300000000000068,2019-07-26
LA_JET_M1M2,4,2019-06-28,-1.490000000000009,0.32613936047127007,-1.8161393604712792,1.5744887254155737,1.1999213556643331,1.5268287024221856,-0.1299999999999955,2019-08-02
LA_JET_M1M2,4,2019-07-05,-0.4600000000000079,0.3738890003907256,-0.8338890003907335,0.794498382719995,0.5458772950052269,0.7528810457472002,0.5999999999999943,2019-08-09
LA_JET_M1M2,4,2019-07-12,-0.4399999999999977,0.0248859621937933,-0.464885962193791,0.7469096513189885,0.2975145554662769,0.6405059039587766,0.799999999999983,2019-08-16
LA_JET_M1M2,4,2019-07-19,-0.6500000000000057,0.24547929914001468,-0.8954792991400203,0.865715679595522,0.5891829905249767,0.8175490420326057,0.23999999999998067,2019-08-23
LA_JET_M1M2,4,2019-07-26,-0.5600000000000023,0.3274622232779796,-0.8874622232779819,0.7748817681017506,0.5860264949180262,0.7495137095207086,0.5200000000000103,2019-08-30
LA_JET_M1M2,4,2019-08-02,-0.5900000000000034,0.3962219511861402,-0.9862219511861436,0.7628637045787877,0.6468217349876904,0.7594036687354249,-0.2400000000000091,2019-09-06
LA_JET_M1M2,4,2019-08-09,0.1599999999999966,0.3409224421387421,-0.18092244213874553,0.23908288183738366,0.1100985194275149,0.20888477269245023,-0.049999999999982905,2019-09-13
LA_JET_M1M2,4,2019-08-16,0.1499999999999772,0.55232500209758,-0.40232500209760275,0.25227914152324293,0.261386542519843,0.26671952010530675,0.950000000000017,2019-09-20
LA_JET_M1M2,4,2019-08-23,-0.3200000000000216,0.6921829884902976,-1.012182988490319,0.5756737544242737,0.6703589386883111,0.6318614312659979,1.4800000000000182,2019-09-27
LA_JET_M1M2,4,2019-08-30,-0.0699999999999931,0.3600784690068926,-0.43007846900688573,0.37993891001344415,0.28232429672534715,0.3650478837387405,2.170000000000016,2019-10-04
LA_JET_M1M2,4,2019-09-06,-0.0800000000000125,0.28161206720845255,-0.36161206720846506,0.37169585176525655,0.23347877847292334,0.34315488127816623,3.8300000000000125,2019-10-11
LA_JET_M1M2,4,2019-09-13,0.0999999999999943,0.43882213662471153,-0.3388221366247172,0.2518143756563872,0.21857869556070056,0.25239090641454054,2.390000000000015,2019-10-18
LA_JET_M1M2,4,2019-09-20,0.6299999999999955,0.13022948479525237,0.4997705152047431,-0.10283222550765725,-0.3397492079684177,-0.18462070751378754,1.4899999999999807,2019-10-25
LA_JET_M1M2,4,2019-09-27,1.410000000000025,0.5077302176591731,0.9022697823408519,-0.6241005879615105,-0.6081201963937224,-0.6458069706608369,1.25,2019-11-01
LA_JET_M1M2,4,2019-10-04,2.0900000000000034,0.6402073448389001,1.4497926551611033,-1.0469985108441537,-0.9703879158741358,-1.0684046493477866,-1.5999999999999943,2019-11-08
LA_JET_M1M2,4,2019-10-11,3.930000000000007,0.5107503836867695,3.4192496163132375,-2.3016953676724428,-2.2829247691631043,-2.3987006919015585,-1.2299999999999898,2019-11-15
LA_JET_M1M2,4,2019-10-18,3.0200000000000102,0.5586633691005822,2.461336630899428,-1.6713661966359323,-1.6396616522194765,-1.7370404420581527,-4.730000000000018,2019-11-22
LA_JET_M1M2,4,2019-10-25,2.9000000000000057,0.8225046800377931,2.0774953199622126,-1.5973391251079105,-1.376548578623188,-1.6017120945704333,-3.450000000000017,2019-11-29
LA_JET_M1M2,4,2019-11-01,3.3400000000000034,0.7085521622629312,2.6314478377370722,-1.8796038887066584,-1.7379398407403193,-1.9210958875427542,-1.6599999999999966,2019-12-06
LA_JET_M1M2,4,2019-11-08,2.3300000000000125,0.7083241682309899,1.6216758317690227,-1.1457355441253105,-1.075094592336525,-1.1762528557867233,-1.710000000000008,2019-12-13
LA_JET_M1M2,4,2019-11-15,1.7900000000000205,0.8150395385080105,0.97496046149201,-0.7596540721927851,-0.639735133769532,-0.7584930623489634,2.6100000000000136,2019-12-20
LA_JET_M1M2,4,2019-11-22,-1.8300000000000125,0.6304060125530411,-2.4604060125530536,1.754392358949419,1.6434567504581623,1.7959922568721296,0.7600000000000193,2019-12-27
LA_JET_M1M2,4,2019-11-29,-0.1100000000000136,0.5769128912052992,-0.6869128912053128,0.42391142637978657,0.45339541515721776,0.4508665091111225,1.3099999999999732,2020-01-03
LA_JET_M1M2,4,2019-12-06,0.6700000000000159,1.0154119537663806,-0.3454119537663647,-0.1060650578253018,0.22461988535698377,-0.011271305908958806,0.47999999999998977,2020-01-10
LA_JET_M1M2,4,2019-12-13,0.0800000000000125,0.4892236081021894,-0.4092236081021769,0.35060754520794385,0.26677717808002677,0.34097721990502117,-0.9099999999999966,2020-01-17
LA_JET_M1M2,4,2019-12-20,0.7800000000000011,0.4644153387898687,0.31558466121013246,-0.08835518505641314,-0.20901118952916928,-0.127983311687612,-0.42000000000001597,2020-01-24
LA_JET_M1M2,4,2019-12-27,0.6500000000000057,0.42534228916978245,0.22465771083022323,0.06312956501007712,-0.1515632312855519,0.0017153329707521097,-1.3699999999999755,2020-01-31
LA_JET_M1M2,4,2020-01-03,1.979999999999989,0.08193223106994493,1.8980677689300443,-0.8372915313825192,-1.2746635296691007,-1.0043658547986192,0.0800000000000125,2020-02-07
LA_JET_M1M2,4,2020-01-10,0.5600000000000023,0.7793176905403636,-0.21931769054036132,0.23146762907877813,0.1456814375169939,0.214972856307139,0.9499999999999886,2020-02-14
LA_JET_M1M2,4,2020-01-17,-0.1299999999999954,0.55716716762236,-0.6871671676223554,0.7448956808285886,0.45611615188162713,0.6881029319326599,0.6300000000000239,2020-02-21
LA_JET_M1M2,4,2020-01-24,0.2299999999999897,0.4796776963719811,-0.2496776963719914,0.502867145360546,0.1629041365808907,0.42027355162740604,-0.9900000000000091,2020-02-28
LA_JET_M1M2,4,2020-01-31,0.6100000000000136,0.07487771178437541,0.5351222882156382,0.25336005995933214,-0.36920435963935594,0.07171736887030343,-1.1000000000000227,2020-03-06
LA_JET_M1M2,4,2020-02-07,0.6400000000000148,0.20666659989925307,0.4333334001007617,0.24810284670993168,-0.2956164830849316,0.09356585241381316,-4.839999999999989,2020-03-13
LA_JET_M1M2,4,2020-02-14,0.8199999999999932,0.5043549680407851,0.3156450319592081,0.13849893617642034,-0.21471702072877455,0.03735633575816869,-5.52000000000001,2020-03-20
LA_JET_M1M2,4,2020-02-21,0.8600000000000136,-0.2079755814983712,1.067975581498385,0.14196513379616477,-0.7198890893828724,-0.11530109283998702,-0.980000000000004,2020-03-27
LA_JET_M1M2,4,2020-02-28,-0.3799999999999954,-0.31539442675215257,-0.06460557324784283,1.0302523209203334,0.032923652290441904,0.76467888270583,-20.05999999999999,2020-04-03
LA_JET_M1M2,4,2020-03-06,-0.4600000000000079,-0.1519631119896454,-0.3080368880103625,1.071901517159385,0.1936004707600381,0.8392178735028737,-14.599999999999994,2020-04-10
LA_JET_M1M2,4,2020-03-13,-4.019999999999996,-0.4007920983536038,-3.619207901646392,3.5181158748058277,2.3983715039341615,3.302864465008115,-21.660000000000004,2020-04-17
LA_JET_M1M2,4,2020-03-20,-4.659999999999997,0.33481163397627384,-4.99481163397627,3.80736648565311,3.3219681936614087,3.8104253519959275,-24.42,2020-04-24
LA_JET_M1M2,4,2020-03-27,-1.3599999999999994,0.533832948368586,-1.8938329483685854,1.3348392972305685,1.247661413448667,1.3671648411777824,3.4700000000000024,2020-05-01
LA_JET_M1M2,4,2020-04-03,-20.52,-0.28414418270748476,-20.235855817292514,13.82829106387084,13.257990657217082,14.137306602763704,40.11999999999999,2020-05-08
LA_JET_M1M2,4,2020-04-10,-18.61999999999999,-2.9498881519011437,-15.670111848098847,11.412518153611108,9.248727378108537,11.09460932907951,30.07999999999999,2020-05-15
LA_JET_M1M2,4,2020-04-17,-26.32,-8.853037783194617,-17.466962216805385,12.545743381648887,7.748831172112997,11.263807514227926,32.71000000000001,2020-05-22
LA_JET_M1M2,4,2020-04-24,-25.78,-15.584003980156714,-10.195996019843287,8.199715522987104,3.2465384798390993,5.499651740861863,26.58,2020-05-29
LA_JET_M1M2,4,2020-05-01,-17.049999999999997,-17.170397198804846,0.12039719880484867,4.644001514819795,-0.3071361248027007,1.5910366937172136,-21.480000000000004,2020-06-05
LA_JET_M1M2,4,2020-05-08,21.5,-7.974736268705918,29.474736268705918,-22.118009022694558,-22.857476936077738,-23.153257423064595,,2020-06-12
LA_JET_M1M2,4,2020-05-15,3.759999999999991,-5.372764523987596,9.132764523987586,-7.6528569669078115,-8.451673638881507,-7.785216206595527,,2020-06-19
LA_JET_M1M2,4,2020-05-22,6.930000000000007,-2.5945959534827012,9.524595953482708,-11.449253818125474,-9.749292088304532,-11.44961318032128,,2020-06-26
LA_JET_M2M3,1,2017-01-06,-2.530000000000001,-0.6140720525756691,-1.915927947424332,0.7289536365661621,0.649667579951555,0.5723731258084446,0.589999999999975,2017-01-20
LA_JET_M2M3,1,2017-01-13,-2.069999999999993,-1.2747399110246838,-0.7952600889753094,0.5898062914848666,0.27055723960151745,0.1374201692852128,-0.04999999999998295,2017-01-27
LA_JET_M2M3,1,2017-01-20,-1.4800000000000182,-0.757824797900333,-0.7221752020996852,0.41240119983880436,0.2464747232134292,0.17201869890060928,0.5099999999999909,2017-02-03
LA_JET_M2M3,1,2017-01-27,-1.5300000000000011,-1.1952512508400235,-0.33474874915997765,0.41647139688150403,0.11099443723391547,-0.010088526684689696,0.13000000000002387,2017-02-10
LA_JET_M2M3,1,2017-02-03,-1.0200000000000102,-0.7498420234776157,-0.2701579765223945,0.2778886589836467,0.09246072955746934,0.021870367286833437,-0.11000000000001364,2017-02-17
LA_JET_M2M3,1,2017-02-10,-0.8899999999999864,-1.2756413178614157,0.3856413178614293,0.2423155247155216,-0.13377247773875137,-0.25037525807750594,1.1599999999999966,2017-02-24
LA_JET_M2M3,1,2017-02-17,-1.0,-0.46096617917238225,-0.5390338208276177,0.2642990074978364,0.18301871193429678,0.14352349176136153,-0.8799999999999955,2017-03-03
LA_JET_M2M3,1,2017-02-24,0.1599999999999966,-0.5977906069873948,0.7577906069873914,-0.05740133625719961,-0.2503229098027221,-0.28135395440857497,-0.29000000000002024,2017-03-10
LA_JET_M2M3,1,2017-03-03,-0.7199999999999989,-0.5775789432605252,-0.1424210567394737,0.1902998473674519,0.046880504133069496,0.008828283516525499,0.12000000000000433,2017-03-17
LA_JET_M2M3,1,2017-03-10,-1.010000000000019,-0.4073300106996607,-0.6026699893003584,0.2796725278392066,0.20423033519052342,0.175802381802018,-0.029999999999972826,2017-03-24
LA_JET_M2M3,1,2017-03-17,-0.8900000000000148,-0.6865923735263129,-0.20340762647370192,0.2516827468985416,0.07036475249842143,0.02305343262382077,1.799999999999983,2017-03-31
LA_JET_M2M3,1,2017-03-24,-0.9199999999999876,-1.1920932350752593,0.2720932350752717,0.26101996159149543,-0.0934674744297544,-0.17734654131946356,-3.219999999999999,2017-04-07
LA_JET_M2M3,1,2017-03-31,0.8799999999999955,-1.2764544705660164,2.156454470566012,-0.2354729996021571,-0.7202477405354905,-0.7672415870127615,-1.25,2017-04-14
LA_JET_M2M3,1,2017-04-07,-2.3400000000000034,-1.6814818295257854,-0.658518170474218,0.6024006848997157,0.20633512692258218,0.027050387729198783,0.17000000000001592,2017-04-21
LA_JET_M2M3,1,2017-04-14,-3.5900000000000034,-2.060834474540156,-1.5291655254598475,0.9010894465246442,0.5122587325087063,0.2847127756278072,-0.2000000000000175,2017-04-28
LA_JET_M2M3,1,2017-04-21,-3.4199999999999875,-1.750443616697401,-1.6695563833025866,0.7885913565997846,0.5682066769062625,0.4101490946663525,2.5099999999999913,2017-05-05
LA_JET_M2M3,1,2017-04-28,-3.620000000000005,-1.920913834695937,-1.699086165304068,0.7623005601391735,0.5716461442376652,0.4097650314124794,0.0800000000000125,2017-05-12
LA_JET_M2M3,1,2017-05-05,-1.1100000000000136,-1.4477091124550867,0.33770911245507307,0.07288359819805106,-0.11897298212414341,-0.16590339626445982,-0.03000000000000136,2017-05-19
LA_JET_M2M3,1,2017-05-12,-1.0300000000000011,-1.515547425977776,0.4855474259777748,0.011069029597537597,-0.17595053926833126,-0.22293883132816486,0.17000000000001614,2017-05-26
LA_JET_M2M3,1,2017-05-19,-1.0600000000000025,-1.3095235937510616,0.24952359375105915,-0.026725542789917206,-0.09254493472807036,-0.10654791306736794,-0.15000000000000568,2017-06-02
LA_JET_M2M3,1,2017-05-26,-0.8899999999999864,-1.032020725635714,0.14202072563572754,-0.12549038148485203,-0.05207404032585172,-0.025315624740257163,-0.21999999999999886,2017-06-09
LA_JET_M2M3,1,2017-06-02,-1.039999999999992,-1.0068644260229167,-0.03313557397707534,-0.11294307051249144,0.00920440170803972,0.0463547263892477,0.13999999999998658,2017-06-16
LA_JET_M2M3,1,2017-06-09,-1.259999999999991,-0.9910409833825224,-0.26895901661746846,-0.06411509045493043,0.09167740218839099,0.13219348697235614,0.15000000000000557,2017-06-23
LA_JET_M2M3,1,2017-06-16,-1.1200000000000043,-0.8495649102288776,-0.27043508977112674,-0.11200848698724393,0.09403194254669156,0.15021694045351092,0.12000000000000444,2017-06-30
LA_JET_M2M3,1,2017-06-23,-0.9699999999999988,-0.7042487186185018,-0.26575128138149695,-0.1588411028415734,0.0936053023827966,0.16455761824569365,0.009999999999990905,2017-07-07
LA_JET_M2M3,1,2017-06-30,-0.8499999999999943,-0.5032191731675195,-0.3467808268324748,-0.1963512335882348,0.12334783805354942,0.21386627095364172,0.060000000000002274,2017-07-14
LA_JET_M2M3,1,2017-07-07,-0.8400000000000034,-0.6618932884419775,-0.17810671155802593,-0.17945020464266426,0.06373740622212545,0.13408084015586955,0.13999999999998636,2017-07-21
LA_JET_M2M3,1,2017-07-14,-0.7800000000000011,-0.615797614436612,-0.16420238556338917,-0.1799959038589039,0.058790865000776966,0.12699512177994265,0.14000000000001478,2017-07-28
LA_JET_M2M3,1,2017-07-21,-0.6400000000000148,-0.6154303611944758,-0.024569638805538974,-0.2071076821553152,0.010269613646937084,0.07610357186218246,0.3200000000000216,2017-08-04
LA_JET_M2M3,1,2017-07-28,-0.5,-1.1218853175613075,0.6218853175613075,-0.23207443073765271,-0.21828017036041764,-0.19715349458967385,-0.0800000000000125,2017-08-11
LA_JET_M2M3,1,2017-08-04,-0.1799999999999784,-1.2747501206923761,1.0947501206923977,-0.30662354278096215,-0.3846811787905012,-0.37776784135887403,0.009999999999990905,2017-08-18
LA_JET_M2M3,1,2017-08-11,-0.2599999999999909,-1.1265195658519402,0.8665195658519493,-0.2762876725722422,-0.3049883028254544,-0.28969260451148815,0.0,2017-08-25
LA_JET_M2M3,1,2017-08-18,-0.25,-1.1791504248774471,0.9291504248774471,-0.26763543508790255,-0.32457103104472984,-0.3165009103139999,5.090000000000003,2017-09-01
LA_JET_M2M3,1,2017-08-25,-0.25,-1.0114946317332056,0.7614946317332056,-0.2690941511782322,-0.26501097497174303,-0.2432732101791044,-3.8500000000000227,2017-09-08
LA_JET_M2M3,1,2017-09-01,4.840000000000003,-0.8729603187424111,5.7129603187424145,-1.4737284601127238,-1.8547033644955488,-1.8182179264417182,-0.3199999999999933,2017-09-15
LA_JET_M2M3,1,2017-09-08,0.9899999999999808,-0.9516992804556472,1.941699280455628,-0.5066468713865363,-0.6606943033705697,-0.6576529248285357,0.03999999999999204,2017-09-22
LA_JET_M2M3,1,2017-09-15,0.6699999999999875,-1.0371261505499525,1.70712615054994,-0.36513775097487244,-0.5247611322043413,-0.5347107109915298,-0.22999999999996135,2017-09-29
LA_JET_M2M3,1,2017-09-22,0.7099999999999795,-0.8590601101125107,1.5690601101124901,-0.35207345335995527,-0.4746742657583764,-0.47760851518280717,0.06999999999999318,2017-10-06
LA_JET_M2M3,1,2017-09-29,0.4800000000000182,-1.1244685314372873,1.6044685314373055,-0.29753793017196506,-0.4835131880848894,-0.5034872049690573,-0.13000000000002387,2017-10-13
LA_JET_M2M3,1,2017-10-06,0.5500000000000114,-1.2369761917444542,1.7869761917444655,-0.28241667911429297,-0.5330197746397569,-0.5678186842481673,0.05000000000001131,2017-10-20
LA_JET_M2M3,1,2017-10-13,0.4199999999999875,-0.8987188278955154,1.3187188278955029,-0.21123347392447198,-0.390842137915242,-0.41472636092785176,0.009999999999990905,2017-10-27
LA_JET_M2M3,1,2017-10-20,0.4699999999999988,-0.5716817195421318,1.0416817195421306,-0.18374529168715203,-0.3033492930890077,-0.31577618233270205,0.17000000000001597,2017-11-03
LA_JET_M2M3,1,2017-10-27,0.4799999999999897,-0.4597115329744446,0.9397115329744343,-0.1459790024239914,-0.2709808575454355,-0.28564443236475706,0.11000000000001364,2017-11-10
LA_JET_M2M3,1,2017-11-03,0.6500000000000057,-0.39629019273457705,1.0462901927345827,-0.16779789595181965,-0.29965625029417764,-0.3137559479685558,0.1899999999999693,2017-11-17
LA_JET_M2M3,1,2017-11-10,0.7600000000000193,-0.8187278299194911,1.5787278299195104,-0.17566641750568615,-0.453958000607744,-0.4917825188355028,0.0,2017-11-24
LA_JET_M2M3,1,2017-11-17,0.9499999999999886,-0.7546378054376834,1.704637805437672,-0.19981533917269928,-0.4876376903390012,-0.5233787810741626,-0.04999999999998295,2017-12-01
LA_JET_M2M3,1,2017-11-24,0.9499999999999886,-1.108303459029491,2.0583034590294798,-0.18131558087254593,-0.5865883431466482,-0.640489569459841,0.6299999999999955,2017-12-08
LA_JET_M2M3,1,2017-12-01,0.9000000000000057,-0.7770909449101322,1.6770909449101379,-0.15012150859914875,-0.47406541589788337,-0.514277227074261,0.11999999999997613,2017-12-15
LA_JET_M2M3,1,2017-12-08,1.5300000000000011,-1.1567340777081547,2.686734077708156,-0.26809590478466055,-0.7389328245026062,-0.7745317319086461,0.1400000000000432,2017-12-22
LA_JET_M2M3,1,2017-12-15,1.6499999999999773,-1.1590034064635883,2.8090034064635656,-0.2689822025746486,-0.7661167330260592,-0.8027084242869315,0.7299999999999613,2017-12-29
LA_JET_M2M3,1,2017-12-22,1.7900000000000205,-1.0071175273767055,2.797117527376726,-0.272787043032654,-0.7423994708281397,-0.7533507239651761,-0.5600000000000023,2018-01-05
LA_JET_M2M3,1,2017-12-29,2.519999999999982,-0.9078260780849015,3.427826078084883,-0.4026531964107296,-0.8644167364291332,-0.8296507049489067,-0.26999999999998203,2018-01-12
LA_JET_M2M3,1,2018-01-05,1.9599999999999795,-0.7677254594442179,2.7277254594441973,-0.24975316345377377,-0.6844782941746778,-0.6430410946980787,-0.2999999999999827,2018-01-19
LA_JET_M2M3,1,2018-01-12,1.6899999999999975,-0.7732742756483318,2.4632742756483292,-0.16279225593195784,-0.6036287379150738,-0.5425577597351496,-0.7500000000000284,2018-01-26
LA_JET_M2M3,1,2018-01-19,1.3900000000000148,-0.9135138407144049,2.3035138407144196,-0.07477556685965323,-0.5591994799451568,-0.48229144695260434,0.21999999999999886,2018-02-02
LA_JET_M2M3,1,2018-01-26,0.6399999999999864,-0.9177329456570587,1.557732945657045,0.10767045693174165,-0.38168449996092413,-0.3147758548531334,0.040000000000020464,2018-02-09
LA_JET_M2M3,1,2018-02-02,0.8599999999999852,-0.6473758003489792,1.5073758003489646,0.06719404370810596,-0.3605701697739195,-0.2826005603141255,-0.09000000000000341,2018-02-16
LA_JET_M2M3,1,2018-02-09,0.9000000000000057,-0.7068373147737472,1.606837314773753,0.06781725857931727,-0.38255795061346276,-0.2922787868770101,-0.09000000000000341,2018-02-23
LA_JET_M2M3,1,2018-02-16,0.8100000000000023,-0.6353015235466027,1.445301523546605,0.09749029661805872,-0.34268628391545236,-0.24861169985068843,-0.5900000000000034,2018-03-02
LA_JET_M2M3,1,2018-02-23,0.7199999999999989,-0.6628601210994535,1.3828601210994522,0.1263316128201283,-0.32619568676669586,-0.22171284628360316,-3.4099999999999966,2018-03-09
LA_JET_M2M3,1,2018-03-02,0.1299999999999954,-0.7321488404236404,0.8621488404236357,0.21735765252853495,-0.20505150825676166,-0.11558730179493508,-1.1799999999999793,2018-03-16
LA_JET_M2M3,1,2018-03-09,-3.280000000000001,-0.6582006917766425,-2.6217993082233586,0.9361159304855542,0.6435177498764717,0.6360426693152811,1.3099999999999747,2018-03-23
LA_JET_M2M3,1,2018-03-16,-4.45999999999998,-0.9005676694367208,-3.5594323305632596,1.1369576405322583,0.8876456195674087,0.8449928540492986,4.469999999999999,2018-03-30
LA_JET_M2M3,1,2018-03-23,-3.1500000000000057,-0.9340262094244366,-2.215973790575569,0.8239208928851747,0.5641844269248174,0.5580920718712757,0.18000000000000682,2018-04-06
LA_JET_M2M3,1,2018-03-30,1.3199999999999932,-0.7644692339632029,2.084469233963196,-0.20999831231754187,-0.5812687566907756,-0.5155733446311053,-0.15000000000000568,2018-04-13
LA_JET_M2M3,1,2018-04-06,1.5,-0.7120983812460092,2.212098381246009,-0.24704160935485306,-0.6183442077188777,-0.5620825817212075,-1.0300000000000011,2018-04-20
LA_JET_M2M3,1,2018-04-13,1.3499999999999943,-0.658811305008363,2.0088113050083574,-0.1978082439521541,-0.5578348186867583,-0.4985408111268571,-0.43999999999999767,2018-04-27
LA_JET_M2M3,1,2018-04-20,0.3199999999999932,-0.4420588368204039,0.7620588368203971,0.06675434059286806,-0.21339734258140805,-0.16126007596281886,1.2400000000000089,2018-05-04
LA_JET_M2M3,1,2018-04-27,-0.1200000000000045,-0.4813404433752775,0.361340443375273,0.17578044262364875,-0.09986028137788013,-0.04339751908379905,0.3199999999999932,2018-05-11
LA_JET_M2M3,1,2018-05-04,1.1200000000000043,-0.41416525744555055,1.5341652574455549,-0.14098725966698528,-0.42095925308735427,-0.3683152173354826,-0.1999999999999884,2018-05-18
LA_JET_M2M3,1,2018-05-11,1.4399999999999975,-0.46633195353076295,1.9063319535307603,-0.21829517139497792,-0.5251336546509862,-0.4680607830779981,-0.1800000000000066,2018-05-25
LA_JET_M2M3,1,2018-05-18,1.240000000000009,-0.5257170896797257,1.7657170896797347,-0.1626452433716249,-0.48616339936805786,-0.4214094720202035,-0.3000000000000116,2018-06-01
LA_JET_M2M3,1,2018-05-25,1.0600000000000025,-0.3637431499005284,1.4237431499005309,-0.113468537365864,-0.38897617507584553,-0.33020232737061284,-1.1799999999999784,2018-06-08
LA_JET_M2M3,1,2018-06-01,0.7599999999999909,-0.3806886611073897,1.1406886611073805,-0.03609347584686349,-0.3104701972084246,-0.24667072689358488,-0.020000000000010232,2018-06-15
LA_JET_M2M3,1,2018-06-08,-0.4199999999999875,-0.423461324722062,0.003461324722074499,0.2523434746027713,-0.000729008531199947,0.06891004111032628,-0.039999999999991986,2018-06-22
LA_JET_M2M3,1,2018-06-15,-0.4399999999999977,-0.6684429774254133,0.22844297742541553,0.2363574582245144,-0.06192243218965728,0.01896220681675754,-0.22000000000002734,2018-06-29
LA_JET_M2M3,1,2018-06-22,-0.4799999999999897,-0.5073820955465931,0.02738209554660337,0.2215768609779422,-0.006309178298455849,0.05710965127568028,0.20000000000001705,2018-07-06
LA_JET_M2M3,1,2018-06-29,-0.700000000000017,-0.5741737063103143,-0.12582629368970277,0.24379814563021973,0.03559007346681674,0.0942172532318602,-0.060000000000002274,2018-07-13
LA_JET_M2M3,1,2018-07-06,-0.5,-0.5284627061037899,0.02846270610378987,0.16552866900210222,-0.006188217929417265,0.04087992821324162,0.010000000000019327,2018-07-20
LA_JET_M2M3,1,2018-07-13,-0.5600000000000023,-0.47681398329632024,-0.08318601670368203,0.15643694055809318,0.024441825319810324,0.06172153653372503,0.020000000000010232,2018-07-27
LA_JET_M2M3,1,2018-07-20,-0.549999999999983,-0.3784127973254507,-0.17158720267453226,0.1330916924842321,0.04938429507032348,0.07474861403317201,0.15999999999996822,2018-08-03
LA_JET_M2M3,1,2018-07-27,-0.5299999999999727,-0.39194581276016577,-0.13805418723980695,0.11508272747946421,0.04025069831608935,0.06260721168249818,0.5200000000000101,2018-08-10
LA_JET_M2M3,1,2018-08-03,-0.3700000000000045,-0.4331468356526075,0.06314683565260298,0.06046538256619924,-0.015196479723730942,0.004393878756703714,2.430000000000007,2018-08-17
LA_JET_M2M3,1,2018-08-10,0.1500000000000056,-0.29003055279230283,0.4400305527923084,-0.08248505930436052,-0.11809735325709823,-0.11508414741581062,-0.4200000000000159,2018-08-24
LA_JET_M2M3,1,2018-08-17,2.5800000000000125,-0.2910338399723488,2.871033839972361,-0.6977142921134069,-0.7832443305278519,-0.8054026165863514,0.3400000000000034,2018-08-31
LA_JET_M2M3,1,2018-08-24,2.1599999999999966,-0.3427380802169093,2.502738080216906,-0.5738290372306643,-0.6862566064768018,-0.6943164441399808,-2.680000000000007,2018-09-07
LA_JET_M2M3,1,2018-08-31,2.5,-0.19537370571159174,2.695373705711592,-0.6196407828707375,-0.7184846472825736,-0.7326314486572151,0.5500000000000113,2018-09-14
LA_JET_M2M3,1,2018-09-07,-0.1800000000000068,-0.17539635799984546,-0.004603642000161334,0.10034604205101581,0.00046369690332821257,0.03150440429854352,0.4399999999999978,2018-09-21
LA_JET_M2M3,1,2018-09-14,0.3700000000000045,-0.3400984552706684,0.7100984552706728,0.0083743201815205,-0.18901772559746863,-0.13873097304799095,-0.4000000000000057,2018-09-28
LA_JET_M2M3,1,2018-09-21,0.8100000000000023,-0.3004787690075868,1.110478769007589,-0.06581013718052076,-0.29771336779941,-0.2421501016558266,-1.3100000000000023,2018-10-05
LA_JET_M2M3,1,2018-09-28,0.4099999999999966,-0.4138114770298923,0.8238114770298889,0.028404427287327033,-0.2218936180373171,-0.15673867946956263,0.06999999999999318,2018-10-12
LA_JET_M2M3,1,2018-10-05,-0.9000000000000057,-0.5597376649708311,-0.3402623350291746,0.3443691748164816,0.09252493234834701,0.17186748776739189,-0.029999999999972715,2018-10-19
LA_JET_M2M3,1,2018-10-12,-0.8300000000000125,-0.5384440233709001,-0.29155597662911237,0.30389587962807163,0.080920317931167,0.15247555551620823,0.6999999999999886,2018-10-26
LA_JET_M2M3,1,2018-10-19,-0.8599999999999852,-0.5813959952088004,-0.27860400479118486,0.29672801225613876,0.0770863760140907,0.14632654556224542,0.8899999999999864,2018-11-02
LA_JET_M2M3,1,2018-10-26,-0.1599999999999966,-0.34045758454649266,0.18045758454649607,0.11415346681197461,-0.04639847892973041,0.00010866992272281573,0.17000000000001592,2018-11-09
LA_JET_M2M3,1,2018-11-02,0.7299999999999898,-0.33163996886524366,1.0616399688652334,-0.12305731403127529,-0.28700378018387807,-0.25207646247328147,-0.0800000000000125,2018-11-16
LA_JET_M2M3,1,2018-11-09,0.9000000000000057,-0.31528971838232234,1.2152897183823281,-0.17358258040659774,-0.32981365912865807,-0.29978412187378745,0.15000000000000557,2018-11-23
LA_JET_M2M3,1,2018-11-16,0.8199999999999932,-0.2109255020242926,1.0309255020242858,-0.1563465777400372,-0.27875500815727816,-0.25630325491847855,-0.21999999999999875,2018-11-30
LA_JET_M2M3,1,2018-11-23,0.9699999999999988,-0.24634290160202638,1.216342901602025,-0.19519487273612565,-0.32748061548239454,-0.304309338230047,0.18999999999999762,2018-12-07
LA_JET_M2M3,1,2018-11-30,0.75,-0.31876366120485755,1.0687636612048577,-0.13723421261245616,-0.2879773903283212,-0.2556064055477528,0.07000000000002149,2018-12-14
LA_JET_M2M3,1,2018-12-07,0.9399999999999976,-0.09343517117509881,1.0334351711750964,-0.1714761100472337,-0.27570829170515865,-0.25815136975244674,0.37999999999996725,2018-12-21
LA_JET_M2M3,1,2018-12-14,1.010000000000019,-0.08660181672133271,1.0966018167213518,-0.17406954724177487,-0.2916514552656042,-0.2700451161880547,-0.5599999999999739,2018-12-28
LA_JET_M2M3,1,2018-12-21,1.3899999999999864,-0.28415284449292694,1.6741528444929132,-0.25217541479746,-0.4451715704221886,-0.4064016211413932,-2.5600000000000307,2019-01-04
LA_JET_M2M3,1,2018-12-28,0.8300000000000125,-0.3358396528369527,1.1658396528369652,-0.09086576991648217,-0.31142138957607224,-0.2536452601176361,-0.4399999999999693,2019-01-11
LA_JET_M2M3,1,2019-01-04,-1.7300000000000182,-0.4787523497046112,-1.251247650295407,0.5729670745867671,0.34271193388896076,0.441770151517765,0.07999999999998408,2019-01-18
LA_JET_M2M3,1,2019-01-11,-2.1699999999999875,-0.6155645853807898,-1.5544354146191977,0.6738220485030181,0.428602807630418,0.538570154214813,-0.11000000000001364,2019-01-25
LA_JET_M2M3,1,2019-01-18,-2.0900000000000034,-0.5838119905726888,-1.5061880094273146,0.6287546872829234,0.4148115406553625,0.511867601185822,2.180000000000007,2019-02-01
LA_JET_M2M3,1,2019-01-25,-2.200000000000017,-0.5043583271471596,-1.6956416728528576,0.6277430324341821,0.4640860870853597,0.5444387324381642,-0.15000000000000568,2019-02-08
LA_JET_M2M3,1,2019-02-01,-0.0200000000000102,-0.5535614786195681,0.5335614786195578,0.06602034108419605,-0.1443691758994473,-0.08074316613619133,0.1900000000000261,2019-02-15
LA_JET_M2M3,1,2019-02-08,-0.1700000000000159,-0.6464780801681523,0.4764780801681364,0.0981253604407142,-0.13105196589564494,-0.06310525862893547,0.06999999999999319,2019-02-22
LA_JET_M2M3,1,2019-02-15,0.0200000000000102,-0.4423162565427554,0.4623162565427656,0.021688993759195765,-0.1259665715807991,-0.08443511323371165,0.0500000000000113,2019-03-01
LA_JET_M2M3,1,2019-02-22,0.0900000000000034,-0.6633790161717253,0.7533790161717288,-0.018418605997978538,-0.2068460607003412,-0.156717650513972,-0.490000000000009,2019-03-08
LA_JET_M2M3,1,2019-03-01,0.1400000000000147,-0.41872653389426095,0.5587265338942756,-0.05589196620541422,-0.15255891983823455,-0.129977650356269,-0.3400000000000034,2019-03-15
LA_JET_M2M3,1,2019-03-08,-0.3499999999999943,-0.3795348879565861,0.02953488795659176,0.07107311832745347,-0.0069643566603616505,0.01875703642379135,0.06999999999999318,2019-03-22
LA_JET_M2M3,1,2019-03-15,-0.6899999999999977,-0.21084778936783793,-0.4791522106321598,0.14979074816149185,0.13439037062347414,0.14841865113914304,0.33000000000001256,2019-03-29
LA_JET_M2M3,1,2019-03-22,-0.6200000000000045,-0.05521300719321983,-0.5647869928067847,0.11637181335014603,0.15935794865811534,0.1554713231313946,2.289999999999992,2019-04-05
LA_JET_M2M3,1,2019-03-29,-0.289999999999992,-0.25433062547560686,-0.03566937452438512,0.021793704544511412,0.012981487288422225,0.016630527887868365,0.06999999999999318,2019-04-12
LA_JET_M2M3,1,2019-04-05,2.0,-0.2534632570254163,2.253463257025416,-0.5549481453489163,-0.6230318410787039,-0.6426121374916779,-0.09999999999999432,2019-04-19
LA_JET_M2M3,1,2019-04-12,2.069999999999993,-0.38473562605959005,2.454735626059583,-0.5435939655771803,-0.6825606423564711,-0.6828494492685254,0.020000000000010232,2019-04-26
LA_JET_M2M3,1,2019-04-19,1.9699999999999989,-0.1986992595874496,2.1686992595874486,-0.4817834790298683,-0.597652165033353,-0.6000194808491448,-1.6300000000000239,2019-05-03
LA_JET_M2M3,1,2019-04-26,1.990000000000009,-0.1767826245103792,2.1667826245103883,-0.45852076836869166,-0.5899509669103354,-0.586421096082128,-1.129999999999967,2019-05-10
LA_JET_M2M3,1,2019-05-03,0.3599999999999852,-0.06295831135453836,0.42295831135452355,-0.03569764826507643,-0.11640651849557204,-0.09742778991965875,0.18999999999999773,2019-05-17
LA_JET_M2M3,1,2019-05-10,-0.7699999999999818,0.20183271069647904,-0.9718327106964608,0.25051318929273925,0.2746890578238696,0.28470221196384066,-0.040000000000020464,2019-05-24
LA_JET_M2M3,1,2019-05-17,-0.5799999999999841,0.11561357695447547,-0.6956135769544596,0.18525999968675924,0.19895432104927507,0.20733268303858793,-0.1599999999999966,2019-05-31
LA_JET_M2M3,1,2019-05-24,-0.6200000000000045,-0.12863176180361258,-0.49136823819639197,0.1778773006150075,0.14036672417499602,0.16167801849379482,-0.15000000000000568,2019-06-07
LA_JET_M2M3,1,2019-05-31,-0.7800000000000011,-0.10131828674672469,-0.6786817132532764,0.20343509218787567,0.1920209168010708,0.2080664859193945,0.04999999999998295,2019-06-14
LA_JET_M2M3,1,2019-06-07,-0.9300000000000068,-0.36821129639674605,-0.5617887036032607,0.2227855988395546,0.15847156886421518,0.18951952599282942,0.040000000000020464,2019-06-21
LA_JET_M2M3,1,2019-06-14,-0.8800000000000239,-0.45799875291376624,-0.42200124708625764,0.1888128733124785,0.11907218224555635,0.14935032529605227,0.17000000000001592,2019-06-28
LA_JET_M2M3,1,2019-06-21,-0.8400000000000034,-0.5022963481246147,-0.33770365187538876,0.15389497771591443,0.09529361342750632,0.12037951844950845,-0.14000000000001478,2019-07-05
LA_JET_M2M3,1,2019-06-28,-0.6699999999999875,-0.309647057578535,-0.3603529424214525,0.09239936445247887,0.10232137578790626,0.10562494726348648,0.030000000000001137,2019-07-12
LA_JET_M2M3,1,2019-07-05,-0.8100000000000023,-0.29181294796909774,-0.5181870520309045,0.13825645958828087,0.14608715433807012,0.152883009382363,0.030000000000001137,2019-07-19
LA_JET_M2M3,1,2019-07-12,-0.7800000000000011,-0.5529468406027381,-0.227053159397263,0.14429093989185707,0.06448956983785462,0.09432058541846305,0.12999999999999545,2019-07-26
LA_JET_M2M3,1,2019-07-19,-0.75,-0.40755546643412777,-0.34244453356587223,0.14956792555629003,0.09667778170408745,0.1198832046387863,0.15000000000000574,2019-08-02
LA_JET_M2M3,1,2019-07-26,-0.6200000000000045,-0.3180776256213311,-0.3019223743786735,0.13086386370621128,0.08598819613145187,0.10590690303673085,0.2599999999999909,2019-08-09
LA_JET_M2M3,1,2019-08-02,-0.4699999999999988,-0.21253220592881025,-0.2574677940711886,0.08582616296793502,0.07408773038649011,0.08251044353779076,0.020000000000010204,2019-08-16
LA_JET_M2M3,1,2019-08-09,-0.2100000000000079,-0.3532175667238291,0.1432175667238212,0.01597411970108413,-0.037554571736323566,-0.022809211744771636,0.0600000000000023,2019-08-23
LA_JET_M2M3,1,2019-08-16,-0.1899999999999977,-0.13493609819347233,-0.05506390180652537,0.008130121344445261,0.017817810092278667,0.015666421637497853,0.030000000000001095,2019-08-30
LA_JET_M2M3,1,2019-08-23,-0.1299999999999954,-0.08387942830470389,-0.046120571695291504,-0.010118703271511258,0.015778460918413735,0.008240225774101674,0.18000000000000682,2019-09-06
LA_JET_M2M3,1,2019-08-30,-0.0999999999999943,-0.2941900913185943,0.1941900913186,-0.02059204740074754,-0.05170114887302396,-0.045127287590375674,0.1399999999999863,2019-09-13
LA_JET_M2M3,1,2019-09-06,0.0800000000000125,-0.30680888675365725,0.38680888675366976,-0.06381099275314003,-0.10541498381748263,-0.09893296559199599,0.6200000000000045,2019-09-20
LA_JET_M2M3,1,2019-09-13,0.2199999999999988,-0.21533306396859092,0.43533306396858973,-0.09140932630581988,-0.11867924175099258,-0.11770964576263906,0.11999999999997624,2019-09-27
LA_JET_M2M3,1,2019-09-20,0.8400000000000034,-0.29503706428581233,1.1350370642858159,-0.24008978756629715,-0.3122561341341403,-0.3092455830852526,0.46999999999999875,2019-10-04
LA_JET_M2M3,1,2019-09-27,0.9599999999999796,0.009078801552684729,0.950921198447295,-0.2584314775152552,-0.2606125345309736,-0.277414959059589,0.19000000000002593,2019-10-11
LA_JET_M2M3,1,2019-10-04,1.4299999999999784,0.2481226889178098,1.1818773110821685,-0.3859132817252094,-0.3209913355248285,-0.3651797548029521,0.3799999999999957,2019-10-18
LA_JET_M2M3,1,2019-10-11,1.6200000000000043,-0.090390423504779,1.7103904235047833,-0.43816628538714636,-0.46619652194475764,-0.4889006013358149,0.3900000000000148,2019-10-25
LA_JET_M2M3,1,2019-10-18,2.0,-0.088208258286388,2.088208258286388,-0.5317516193715017,-0.5668410750463255,-0.5941530175667475,-0.060000000000002274,2019-11-01
LA_JET_M2M3,1,2019-10-25,2.390000000000015,0.07771481584471678,2.312285184155298,-0.6212947708047472,-0.6209997250984248,-0.6645803211974741,-0.5800000000000125,2019-11-08
LA_JET_M2M3,1,2019-11-01,2.3300000000000125,-0.08408172188857346,2.414081721888586,-0.5798314919455614,-0.6444658052562491,-0.6674289993465966,-0.5900000000000034,2019-11-15
LA_JET_M2M3,1,2019-11-08,1.75,0.006934861755449093,1.743065138244551,-0.40326520425342566,-0.4645829080576663,-0.47608576247718337,-0.0999999999999941,2019-11-22
LA_JET_M2M3,1,2019-11-15,1.1599999999999966,0.07776642018919969,1.082233579810797,-0.23248031074547115,-0.2869077532369255,-0.28828823434290796,0.06999999999999318,2019-11-29
LA_JET_M2M3,1,2019-11-22,1.0600000000000025,-0.024819306364026468,1.084819306364029,-0.18778714059982818,-0.28605388045593755,-0.27206198334466913,0.39999999999997704,2019-12-06
LA_JET_M2M3,1,2019-11-29,1.1299999999999957,-0.0765580062329885,1.2065580062329841,-0.18532004371459707,-0.3177287383557925,-0.2939149330538139,0.05000000000003979,2019-12-13
LA_JET_M2M3,1,2019-12-06,1.5299999999999727,0.2897983585403662,1.2402016414596067,-0.2611872810650302,-0.3235507108372312,-0.32470136796231747,0.21999999999997044,2019-12-20
LA_JET_M2M3,1,2019-12-13,1.5800000000000125,-0.007875005430525578,1.5878750054305382,-0.2484463211007526,-0.41503390627567877,-0.3850255373370999,-0.06999999999999318,2019-12-27
LA_JET_M2M3,1,2019-12-20,1.799999999999983,-0.13319511379838012,1.9331951137983632,-0.27607123250459115,-0.504244667360017,-0.4580160883932265,-0.44999999999998863,2020-01-03
LA_JET_M2M3,1,2019-12-27,1.7299999999999898,-0.16902330308946525,1.899023303089455,-0.23340825473762686,-0.49399011621256667,-0.4344524776347112,-0.9499999999999886,2020-01-10
LA_JET_M2M3,1,2020-01-03,1.2800000000000011,-0.39097966298327275,1.6709796629832738,-0.09821954043733178,-0.43527231445114,-0.3435974090399346,0.2799999999999727,2020-01-17
LA_JET_M2M3,1,2020-01-10,0.3300000000000125,0.2675463322344976,0.06245366776551492,0.15462532938462756,-0.01398846233297553,0.04482888056288163,-0.7299999999999898,2020-01-24
LA_JET_M2M3,1,2020-01-17,0.6099999999999852,0.12681001763271643,0.4831899823672688,0.09725647400358886,-0.1220095259803963,-0.04953085988545321,-0.02000000000001019,2020-01-31
LA_JET_M2M3,1,2020-01-24,-0.1200000000000045,0.017635952293577284,-0.13763595229358178,0.2859116269574063,0.038339422638855515,0.13050434552592996,-0.4799999999999899,2020-02-07
LA_JET_M2M3,1,2020-01-31,-0.1400000000000147,-0.316814761787339,0.17681476178732433,0.29378870678546465,-0.04399356703961759,0.07512035254623167,-0.8400000000000034,2020-02-14
LA_JET_M2M3,1,2020-02-07,-0.6200000000000045,-0.20287586471634364,-0.4171241352836609,0.4076307015242386,0.1103031833006526,0.22203745000876793,-0.28000000000000114,2020-02-21
LA_JET_M2M3,1,2020-02-14,-1.460000000000008,-0.015862980604003984,-1.444137019396004,0.5998106927709282,0.37864363209871665,0.47573912573563365,1.210000000000008,2020-02-28
LA_JET_M2M3,1,2020-02-21,-1.740000000000009,-0.6888499955004161,-1.051150004499593,0.6474023110937427,0.2746174784080839,0.40951286540923776,0.18999999999999773,2020-03-06
LA_JET_M2M3,1,2020-02-28,-0.5300000000000011,-0.8399196933039688,0.3099196933039676,0.34536151746680677,-0.08025185820105399,0.05398656330568076,-1.0900000000000034,2020-03-13
LA_JET_M2M3,1,2020-03-06,-0.3400000000000034,-0.7147316268406174,0.374731626840614,0.28892517535458495,-0.09804995428441728,0.019229555938984764,-0.6999999999999886,2020-03-20
LA_JET_M2M3,1,2020-03-13,-1.4300000000000068,-0.7296894497565822,-0.7003105502434246,0.5344851966239416,0.1832842097195332,0.29450899537325936,-9.540000000000006,2020-03-27
LA_JET_M2M3,1,2020-03-20,-2.1299999999999955,-0.025425556522071596,-2.1045744434779237,0.6708865708035184,0.5557491590942558,0.6191308090973847,1.3700000000000063,2020-04-03
LA_JET_M2M3,1,2020-03-27,-11.670000000000002,-0.04905368428736919,-11.620946315712633,2.4227422861976016,2.9196508683200486,2.8481820426714357,24.84999999999999,2020-04-10
LA_JET_M2M3,1,2020-04-03,-10.299999999999995,-0.25652759782780366,-10.043472402172192,2.0841529330929904,2.544843872903484,2.490074871281215,-3.1000000000000068,2020-04-17
LA_JET_M2M3,1,2020-04-10,14.549999999999995,0.7411205251650581,13.808879474834937,-8.237586784339806,-8.142807591104447,-8.659305584059943,3.950000000000017,2020-04-24
LA_JET_M2M3,1,2020-04-17,11.449999999999989,2.1709651811206925,9.279034818879296,-5.111660478368249,-4.0928362402306595,-4.9205002153378095,-11.420000000000002,2020-05-01
LA_JET_M2M3,1,2020-04-24,15.400000000000006,5.747669231311903,9.652330768688103,-4.539255770090067,-2.9251953667696844,-3.9032886055327447,-16.720000000000013,2020-05-08
LA_JET_M2M3,1,2020-05-01,3.980000000000004,5.606436601208608,-1.6264366012086038,-1.1205872235581122,0.6039966109366385,-0.6531448400613024,0.37000000000000277,2020-05-15
LA_JET_M2M3,1,2020-05-08,-12.740000000000007,0.36655615205151815,-13.106556152051525,6.775660651284681,6.728040141311565,7.074942691668959,0.16999999999999993,2020-05-22
LA_JET_M2M3,1,2020-05-15,-12.370000000000005,-1.9023650346730427,-10.467634965326962,6.279191062189175,5.33738802011826,5.849494868530377,0.04000000000000803,2020-05-29
LA_JET_M2M3,1,2020-05-22,-12.200000000000005,-4.572914615104992,-7.627085384895013,5.2475827224645615,3.6625638059857097,3.9014745691966053,9.760000000000005,2020-06-05
LA_JET_M2M3,4,2017-01-06,-2.530000000000001,-0.6140720525756691,-1.915927947424332,0.9210646919380485,0.8224963633863387,0.6995298674510149,1.1800000000000068,2017-02-10
LA_JET_M2M3,4,2017-01-13,-2.069999999999993,-1.2747399110246838,-0.7952600889753094,0.71115230423425,0.29345651939760314,0.07568711398127358,0.4800000000000182,2017-02-17
LA_JET_M2M3,4,2017-01-20,-1.4800000000000182,-0.757824797900333,-0.7221752020996852,0.4709942342028607,0.2535616035230682,0.12328377662494558,1.6899999999999977,2017-02-24
LA_JET_M2M3,4,2017-01-27,-1.5300000000000011,-1.1952512508400235,-0.33474874915997765,0.47842512852063923,0.06502761857799859,-0.14192298703349898,0.30000000000001137,2017-03-03
LA_JET_M2M3,4,2017-02-03,-1.0200000000000102,-0.7498420234776157,-0.2701579765223945,0.30751889618000416,0.05198186342691671,-0.0764906629579408,-0.12000000000003275,2017-03-10
LA_JET_M2M3,4,2017-02-10,-0.8899999999999864,-1.2756413178614157,0.3856413178614293,0.27022408185630953,-0.24876284351170755,-0.4583353142676748,0.10999999999998522,2017-03-17
LA_JET_M2M3,4,2017-02-17,-1.0,-0.46096617917238225,-0.5390338208276177,0.3026941735224643,0.184174443671843,0.11360615145021821,-1.079999999999984,2017-03-24
LA_JET_M2M3,4,2017-02-24,0.1599999999999966,-0.5977906069873948,0.7577906069873914,-0.13372715810863195,-0.4097480238321537,-0.47952048593225033,1.5999999999999943,2017-03-31
LA_JET_M2M3,4,2017-03-03,-0.7199999999999989,-0.5775789432605252,-0.1424210567394737,0.2190240649665492,0.013667118195000112,-0.05627779483132927,-1.3299999999999843,2017-04-07
LA_JET_M2M3,4,2017-03-10,-1.010000000000019,-0.4073300106996607,-0.6026699893003584,0.3390366896723326,0.22980897878220188,0.17430109686037515,-2.6999999999999886,2017-04-14
LA_JET_M2M3,4,2017-03-17,-0.8900000000000148,-0.6865923735263129,-0.20340762647370192,0.29974338035835607,0.04686875687100174,-0.0363034615879432,-2.5,2017-04-21
LA_JET_M2M3,4,2017-03-24,-0.9199999999999876,-1.1920932350752593,0.2720932350752717,0.3007471913608546,-0.1879276248371464,-0.34468888454472946,-4.5,2017-04-28
LA_JET_M2M3,4,2017-03-31,0.8799999999999955,-1.2764544705660164,2.156454470566012,-0.3706629692415909,-1.0465239960042967,-1.1960722991830706,1.2299999999999898,2017-05-05
LA_JET_M2M3,4,2017-04-07,-2.3400000000000034,-1.6814818295257854,-0.658518170474218,0.7977521579239677,0.24148907855331403,0.03135177687872856,2.5600000000000023,2017-05-12
LA_JET_M2M3,4,2017-04-14,-3.5900000000000034,-2.060834474540156,-1.5291655254598475,1.1468509697611238,0.6059454234568372,0.3689086334728017,2.359999999999985,2017-05-19
LA_JET_M2M3,4,2017-04-21,-3.4199999999999875,-1.750443616697401,-1.6695563833025866,0.9669437198759021,0.6442891435089242,0.4520542987719255,2.7300000000000186,2017-05-26
LA_JET_M2M3,4,2017-04-28,-3.620000000000005,-1.920913834695937,-1.699086165304068,0.9032765939295461,0.6284170757040841,0.3438327492312827,0.0700000000000216,2017-06-02
LA_JET_M2M3,4,2017-05-05,-1.1100000000000136,-1.4477091124550867,0.33770911245507307,-0.012241370630850984,-0.25630318697118815,-0.3475244019517401,-0.22999999999998977,2017-06-09
LA_JET_M2M3,4,2017-05-12,-1.0300000000000011,-1.515547425977776,0.4855474259777748,-0.061160381606719105,-0.3010731853444941,-0.33697878726458397,-0.06000000000000183,2017-06-16
LA_JET_M2M3,4,2017-05-19,-1.0600000000000025,-1.3095235937510616,0.24952359375105915,-0.09860686076510758,-0.18609716213834704,-0.18693343050576228,-0.0800000000000124,2017-06-23
LA_JET_M2M3,4,2017-05-26,-0.8899999999999864,-1.032020725635714,0.14202072563572754,-0.22522521003000193,-0.12310193493960302,-0.13390854264902358,0.18999999999999773,2017-06-30
LA_JET_M2M3,4,2017-06-02,-1.039999999999992,-1.0068644260229167,-0.03313557397707534,-0.21113589837266153,-0.04927723040903641,-0.05927908446943857,0.4199999999999875,2017-07-07
LA_JET_M2M3,4,2017-06-09,-1.259999999999991,-0.9910409833825224,-0.26895901661746846,-0.14520816641902293,0.05743573744062755,0.04614121927673599,0.3400000000000032,2017-07-14
LA_JET_M2M3,4,2017-06-16,-1.1200000000000043,-0.8495649102288776,-0.27043508977112674,-0.21398938378749793,0.06082672369268853,0.04414532131206168,0.329999999999984,2017-07-21
LA_JET_M2M3,4,2017-06-23,-0.9699999999999988,-0.7042487186185018,-0.26575128138149695,-0.2805892013739606,0.06046101082859925,0.039861886114398754,0.3499999999999943,2017-07-28
LA_JET_M2M3,4,2017-06-30,-0.8499999999999943,-0.5032191731675195,-0.3467808268324748,-0.3310184663396666,0.10069853272689405,0.07835509813506805,0.660000000000025,2017-08-04
LA_JET_M2M3,4,2017-07-07,-0.8400000000000034,-0.6618932884419775,-0.17810671155802593,-0.3042821816751049,0.02939238926709692,0.014689729671322801,0.5200000000000102,2017-08-11
LA_JET_M2M3,4,2017-07-14,-0.7800000000000011,-0.615797614436612,-0.16420238556338917,-0.30421707304930823,0.02594116378955004,0.013508489711861332,0.3900000000000148,2017-08-18
LA_JET_M2M3,4,2017-07-21,-0.6400000000000148,-0.6154303611944758,-0.024569638805538974,-0.3407339291010946,-0.0346524296364597,-0.04446443674095163,0.25,2017-08-25
LA_JET_M2M3,4,2017-07-28,-0.5,-1.1218853175613075,0.6218853175613075,-0.373352178665716,-0.3255164898735301,-0.32714268709385685,5.019999999999982,2017-09-01
LA_JET_M2M3,4,2017-08-04,-0.1799999999999784,-1.2747501206923761,1.0947501206923977,-0.47304297682248353,-0.5398501352779644,-0.5389205555735248,1.2499999999999716,2017-09-08
LA_JET_M2M3,4,2017-08-11,-0.2599999999999909,-1.1265195658519402,0.8665195658519493,-0.42564486411024594,-0.4366013191304881,-0.43283470039548777,0.9199999999999875,2017-09-15
LA_JET_M2M3,4,2017-08-18,-0.25,-1.1791504248774471,0.9291504248774471,-0.41202944949841425,-0.4664241724075061,-0.4634451711669371,0.9599999999999795,2017-09-22
LA_JET_M2M3,4,2017-08-25,-0.25,-1.0114946317332056,0.7614946317332056,-0.4123376927730008,-0.39118010890457,-0.3825621987071153,-4.359999999999985,2017-09-29
LA_JET_M2M3,4,2017-09-01,4.840000000000003,-0.8729603187424111,5.7129603187424145,-2.11960110386828,-2.595275962804027,-2.5602442482017764,-0.4399999999999694,2017-10-06
LA_JET_M2M3,4,2017-09-08,0.9899999999999808,-0.9516992804556472,1.941699280455628,-0.677109757224848,-0.8820219961279983,-0.8766939348578565,-0.25,2017-10-13
LA_JET_M2M3,4,2017-09-15,0.6699999999999875,-1.0371261505499525,1.70712615054994,-0.5264203418133574,-0.7717555813240043,-0.783736002752091,-0.23999999999998073,2017-10-20
LA_JET_M2M3,4,2017-09-22,0.7099999999999795,-0.8590601101125107,1.5690601101124901,-0.5030524791147217,-0.7017684899526226,-0.7040067002611518,-2.8477220581635265e-14,2017-10-27
LA_JET_M2M3,4,2017-09-29,0.4800000000000182,-1.1244685314372873,1.6044685314373055,-0.4741596008464107,-0.7723518492986707,-0.8014649362720384,0.09999999999999432,2017-11-03
LA_JET_M2M3,4,2017-10-06,0.5500000000000114,-1.2369761917444542,1.7869761917444655,-0.4141754857084237,-0.7817884923257177,-0.8527091178907666,0.34000000000003183,2017-11-10
LA_JET_M2M3,4,2017-10-13,0.4199999999999875,-0.8987188278955154,1.3187188278955029,-0.3147799053968613,-0.5813410697527442,-0.6336846683805972,0.4799999999999898,2017-11-17
LA_JET_M2M3,4,2017-10-20,0.4699999999999988,-0.5716817195421318,1.0416817195421306,-0.27900607187633897,-0.4622342709044155,-0.4916942174139501,0.4699999999999989,2017-11-24
LA_JET_M2M3,4,2017-10-27,0.4799999999999897,-0.4597115329744446,0.9397115329744343,-0.2254105254915751,-0.4146562772321563,-0.4506090628304929,0.25,2017-12-01
LA_JET_M2M3,4,2017-11-03,0.6500000000000057,-0.39629019273457705,1.0462901927345827,-0.2540736131958134,-0.45156765787496206,-0.485347877558276,0.7699999999999818,2017-12-08
LA_JET_M2M3,4,2017-11-10,0.7600000000000193,-0.8187278299194911,1.5787278299195104,-0.26049380113047826,-0.6572486885847754,-0.7439798308790602,0.6999999999999886,2017-12-15
LA_JET_M2M3,4,2017-11-17,0.9499999999999886,-0.7546378054376834,1.704637805437672,-0.28997277270520005,-0.70044249792898,-0.7872248515476552,0.8400000000000318,2017-12-22
LA_JET_M2M3,4,2017-11-24,0.9499999999999886,-1.108303459029491,2.0583034590294798,-0.26083392924192056,-0.8381434721367611,-0.9841648940450731,1.6199999999999761,2017-12-29
LA_JET_M2M3,4,2017-12-01,0.9000000000000057,-0.7770909449101322,1.6770909449101379,-0.21715802524506603,-0.682700015100081,-0.7981539453550592,0.4299999999999784,2018-01-05
LA_JET_M2M3,4,2017-12-08,1.5300000000000011,-1.1567340777081547,2.686734077708156,-0.3754013550753973,-1.0793091092837632,-1.2740392768462818,0.04000000000002024,2018-01-12
LA_JET_M2M3,4,2017-12-15,1.6499999999999773,-1.1590034064635883,2.8090034064635656,-0.37098480177158566,-1.1117169149832602,-1.3289212434668825,-0.4000000000000057,2018-01-19
LA_JET_M2M3,4,2017-12-22,1.7900000000000205,-1.0071175273767055,2.797117527376726,-0.3710413836040529,-1.093288315183125,-1.3128391342374417,-1.8799999999999955,2018-01-26
LA_JET_M2M3,4,2017-12-29,2.519999999999982,-0.9078260780849015,3.427826078084883,-0.5399523406191364,-1.3040016004992099,-1.5110530803773834,-1.0999999999999943,2018-02-02
LA_JET_M2M3,4,2018-01-05,1.9599999999999795,-0.7677254594442179,2.7277254594441973,-0.3275435348868338,-1.030962524524171,-1.2371741353891423,-0.7899999999999918,2018-02-09
LA_JET_M2M3,4,2018-01-12,1.6899999999999975,-0.7732742756483318,2.4632742756483292,-0.21131058634509914,-0.9200900678273017,-1.135847816484322,-0.5800000000000125,2018-02-16
LA_JET_M2M3,4,2018-01-19,1.3900000000000148,-0.9135138407144049,2.3035138407144196,-0.09540412502936654,-0.8549622003471445,-1.1027455840685452,0.0800000000000125,2018-02-23
LA_JET_M2M3,4,2018-01-26,0.6399999999999864,-0.9177329456570587,1.557732945657045,0.14103599010420984,-0.5974476972496665,-0.8907129534390911,-0.7299999999999898,2018-03-02
LA_JET_M2M3,4,2018-02-02,0.8599999999999852,-0.6473758003489792,1.5073758003489646,0.08167679810529008,-0.5778946859068687,-0.8212371131259354,-4.180000000000007,2018-03-09
LA_JET_M2M3,4,2018-02-09,0.9000000000000057,-0.7068373147737472,1.606837314773753,0.08056034188159897,-0.6141122535948415,-0.8595093868652811,-5.269999999999983,2018-03-16
LA_JET_M2M3,4,2018-02-16,0.8100000000000023,-0.6353015235466027,1.445301523546605,0.12002048820927284,-0.5524064860027167,-0.7795732988832498,-3.8700000000000045,2018-03-23
LA_JET_M2M3,4,2018-02-23,0.7199999999999989,-0.6628601210994535,1.3828601210994522,0.16161576752492496,-0.5205480197220781,-0.7218330804123654,1.1899999999999977,2018-03-30
LA_JET_M2M3,4,2018-03-02,0.1299999999999954,-0.7321488404236404,0.8621488404236357,0.2849930999903602,-0.3340909085974695,-0.5330299056401976,4.780000000000001,2018-04-06
LA_JET_M2M3,4,2018-03-09,-3.280000000000001,-0.6582006917766425,-2.6217993082233586,1.2742351283178257,0.958999844672868,0.6104632658790241,5.809999999999975,2018-04-13
LA_JET_M2M3,4,2018-03-16,-4.45999999999998,-0.9005676694367208,-3.5594323305632596,1.5322741590139592,1.3456867980453013,0.8373492394523062,3.469999999999999,2018-04-20
LA_JET_M2M3,4,2018-03-23,-3.1500000000000057,-0.9340262094244366,-2.215973790575569,1.0412089355847316,0.8246049671044315,0.3219207031801928,-1.4399999999999977,2018-04-27
LA_JET_M2M3,4,2018-03-30,1.3199999999999932,-0.7644692339632029,2.084469233963196,-0.3143239274570152,-0.8995039127655801,-1.1367298210687269,-0.3799999999999957,2018-05-04
LA_JET_M2M3,4,2018-04-06,1.5,-0.7120983812460092,2.212098381246009,-0.33990841527240484,-0.902360968816781,-1.044644867204782,0.09000000000000319,2018-05-11
LA_JET_M2M3,4,2018-04-13,1.3499999999999943,-0.658811305008363,2.0088113050083574,-0.28752376678749547,-0.857605220213567,-0.9131745581979588,0.9200000000000159,2018-05-18
LA_JET_M2M3,4,2018-04-20,0.3199999999999932,-0.4420588368204039,0.7620588368203971,0.10043916696052325,-0.335885739423073,-0.35174915904737897,1.180000000000007,2018-05-25
LA_JET_M2M3,4,2018-04-27,-0.1200000000000045,-0.4813404433752775,0.361340443375273,0.2287773926061122,-0.17177220958577435,-0.22481249772912598,-0.3600000000000134,2018-06-01
LA_JET_M2M3,4,2018-05-04,1.1200000000000043,-0.41416525744555055,1.5341652574455549,-0.21271764893417555,-0.664838382746021,-0.6996582145077022,-1.859999999999985,2018-06-08
LA_JET_M2M3,4,2018-05-11,1.4399999999999975,-0.46633195353076295,1.9063319535307603,-0.3152552121658618,-0.8097092161653937,-0.8363714693297791,-1.6800000000000068,2018-06-15
LA_JET_M2M3,4,2018-05-18,1.240000000000009,-0.5257170896797257,1.7657170896797347,-0.23063914508529676,-0.7312779753013721,-0.7469525519553667,-1.5399999999999923,2018-06-22
LA_JET_M2M3,4,2018-05-25,1.0600000000000025,-0.3637431499005284,1.4237431499005309,-0.1585025235811195,-0.5829982850983625,-0.5862951552929477,-1.460000000000008,2018-06-29
LA_JET_M2M3,4,2018-06-01,0.7599999999999909,-0.3806886611073897,1.1406886611073805,-0.056284137088167874,-0.47217006995848404,-0.4759369546515985,-0.0800000000000125,2018-07-06
LA_JET_M2M3,4,2018-06-08,-0.4199999999999875,-0.423461324722062,0.003461324722074499,0.3311125283792349,-0.018514265126494137,-0.030686362962590134,-0.12000000000000455,2018-07-13
LA_JET_M2M3,4,2018-06-15,-0.4399999999999977,-0.6684429774254133,0.22844297742541553,0.3037384346128392,-0.11740761243722485,-0.13947968439569222,-0.06999999999999323,2018-07-20
LA_JET_M2M3,4,2018-06-22,-0.4799999999999897,-0.5073820955465931,0.02738209554660337,0.28067167134537985,-0.03902711227691207,-0.06175407280909753,0.17000000000004434,2018-07-27
LA_JET_M2M3,4,2018-06-29,-0.700000000000017,-0.5741737063103143,-0.12582629368970277,0.3095992134861871,0.02049498049696681,-0.005210056082917025,0.1299999999999955,2018-08-03
LA_JET_M2M3,4,2018-07-06,-0.5,-0.5284627061037899,0.02846270610378987,0.20196888687033004,-0.041716827883684415,-0.060123682527946636,0.7100000000000078,2018-08-10
LA_JET_M2M3,4,2018-07-13,-0.5600000000000023,-0.47681398329632024,-0.08318601670368203,0.18926329135838815,0.004596208838778676,-0.010413469507307715,3.1299999999999955,2018-08-17
LA_JET_M2M3,4,2018-07-20,-0.549999999999983,-0.3784127973254507,-0.17158720267453226,0.15603311548912674,0.042191268401378546,0.03226728425231859,2.6899999999999693,2018-08-24
LA_JET_M2M3,4,2018-07-27,-0.5299999999999727,-0.39194581276016577,-0.13805418723980695,0.13174497362140328,0.029664255297552445,0.021558912875113315,2.8700000000000045,2018-08-31
LA_JET_M2M3,4,2018-08-03,-0.3700000000000045,-0.4331468356526075,0.06314683565260298,0.05529252163220608,-0.05386338736646175,-0.06068234375742962,-0.3300000000000124,2018-09-07
LA_JET_M2M3,4,2018-08-10,0.1500000000000056,-0.29003055279230283,0.4400305527923084,-0.14151601153973442,-0.2080676914512366,-0.20902152910695834,-2.210000000000008,2018-09-14
LA_JET_M2M3,4,2018-08-17,2.5800000000000125,-0.2910338399723488,2.871033839972361,-0.9953166692391453,-1.2208198320861943,-1.2176301344478289,-1.3499999999999943,2018-09-21
LA_JET_M2M3,4,2018-08-24,2.1599999999999966,-0.3427380802169093,2.502738080216906,-0.8126749441691471,-1.0644633821045077,-1.0635195839550209,-2.0900000000000034,2018-09-28
LA_JET_M2M3,4,2018-08-31,2.5,-0.19537370571159174,2.695373705711592,-0.8963613797009458,-1.1476729527434653,-1.1456429077423158,-0.7199999999999989,2018-10-05
LA_JET_M2M3,4,2018-09-07,-0.1800000000000068,-0.17539635799984546,-0.004603642000161334,0.14561763954268314,0.004856166479471567,0.0005197871523720818,-1.200000000000017,2018-10-12
LA_JET_M2M3,4,2018-09-14,0.3700000000000045,-0.3400984552706684,0.7100984552706728,-0.0016457772321001895,-0.31495239010511067,-0.32208469107870225,-1.6699999999999875,2018-10-19
LA_JET_M2M3,4,2018-09-21,0.8100000000000023,-0.3004787690075868,1.110478769007589,-0.111878488872787,-0.49145706310498993,-0.4990231910844931,-0.5699999999999932,2018-10-26
LA_JET_M2M3,4,2018-09-28,0.4099999999999966,-0.4138114770298923,0.8238114770298889,0.019210441757032744,-0.3799823009200189,-0.3888895698747027,1.6299999999999955,2018-11-02
LA_JET_M2M3,4,2018-10-05,-0.9000000000000057,-0.5597376649708311,-0.3402623350291746,0.48455912928326983,0.12972293663119458,0.1186814580888306,1.7300000000000182,2018-11-09
LA_JET_M2M3,4,2018-10-12,-0.8300000000000125,-0.5384440233709001,-0.29155597662911237,0.41766915993621984,0.10287562533282993,0.09071327022316497,1.6799999999999784,2018-11-16
LA_JET_M2M3,4,2018-10-19,-0.8599999999999852,-0.5813959952088004,-0.27860400479118486,0.4030895050489677,0.09127542967136984,0.0741201084133391,1.1299999999999955,2018-11-23
LA_JET_M2M3,4,2018-10-26,-0.1599999999999966,-0.34045758454649266,0.18045758454649607,0.13419337364233,-0.1089733545005307,-0.12041662212346527,0.020000000000010232,2018-11-30
LA_JET_M2M3,4,2018-11-02,0.7299999999999898,-0.33163996886524366,1.0616399688652334,-0.20178330200752942,-0.4808193893081365,-0.4839852457298561,0.03999999999999193,2018-12-07
LA_JET_M2M3,4,2018-11-09,0.9000000000000057,-0.31528971838232234,1.2152897183823281,-0.2702145052400841,-0.5436116856512662,-0.5423413602796482,0.19000000000002593,2018-12-14
LA_JET_M2M3,4,2018-11-16,0.8199999999999932,-0.2109255020242926,1.0309255020242858,-0.24105847802257607,-0.45956749361085003,-0.45626072572019033,0.4199999999999876,2018-12-21
LA_JET_M2M3,4,2018-11-23,0.9699999999999988,-0.24634290160202638,1.216342901602025,-0.29814992491474657,-0.5395252659140027,-0.5350858084707678,0.0800000000000125,2018-12-28
LA_JET_M2M3,4,2018-11-30,0.75,-0.31876366120485755,1.0687636612048577,-0.21341996955437176,-0.47824946406197544,-0.4737542484689992,-2.670000000000016,2019-01-04
LA_JET_M2M3,4,2018-12-07,0.9399999999999976,-0.09343517117509881,1.0334351711750964,-0.26561038152379257,-0.4619122160541288,-0.4593835715225799,-3.180000000000007,2019-01-11
LA_JET_M2M3,4,2018-12-14,1.010000000000019,-0.08660181672133271,1.0966018167213518,-0.2684020947105346,-0.48707833503735265,-0.48390970441133757,-3.4799999999999898,2019-01-18
LA_JET_M2M3,4,2018-12-21,1.3899999999999864,-0.28415284449292694,1.6741528444929132,-0.38374360267878976,-0.7357107405161554,-0.7292949762484909,-3.0300000000000296,2019-01-25
LA_JET_M2M3,4,2018-12-28,0.8300000000000125,-0.3358396528369527,1.1658396528369652,-0.14218614509553246,-0.5126919495656477,-0.5027196243898711,1.710000000000008,2019-02-01
LA_JET_M2M3,4,2019-01-04,-1.7300000000000182,-0.4787523497046112,-1.251247650295407,0.8223304625350465,0.5323846288643598,0.5457642863624225,1.9999999999999716,2019-02-08
LA_JET_M2M3,4,2019-01-11,-2.1699999999999875,-0.6155645853807898,-1.5544354146191977,0.9653338967602753,0.6634725074738331,0.6753025716661505,2.1100000000000136,2019-02-15
LA_JET_M2M3,4,2019-01-18,-2.0900000000000034,-0.5838119905726888,-1.5061880094273146,0.9056894500122212,0.6406122416448514,0.6457680361132255,2.2900000000000205,2019-02-22
LA_JET_M2M3,4,2019-01-25,-2.200000000000017,-0.5043583271471596,-1.6956416728528576,0.9241181786725506,0.7315812261857073,0.7286959168699186,0.1600000000000249,2019-03-01
LA_JET_M2M3,4,2019-02-01,-0.0200000000000102,-0.5535614786195681,0.5335614786195578,0.059695386928593025,-0.2758080703400082,-0.2709229769840726,-0.17999999999997843,2019-03-08
LA_JET_M2M3,4,2019-02-08,-0.1700000000000159,-0.6464780801681523,0.4764780801681364,0.12278951719541567,-0.24557304461262175,-0.2316552775594066,-0.710000000000008,2019-03-15
LA_JET_M2M3,4,2019-02-15,0.0200000000000102,-0.4423162565427554,0.4623162565427656,0.011370763089669639,-0.23508156185536463,-0.22046284512014172,-0.710000000000008,2019-03-22
LA_JET_M2M3,4,2019-02-22,0.0900000000000034,-0.6633790161717253,0.7533790161717288,-0.04435422092396237,-0.36655753726313506,-0.34245335319309916,-0.4300000000000067,2019-03-29
LA_JET_M2M3,4,2019-03-01,0.1400000000000147,-0.41872653389426095,0.5587265338942756,-0.10641877627141871,-0.27916395429537894,-0.2695882261796061,2.3499999999999943,2019-04-05
LA_JET_M2M3,4,2019-03-08,-0.3499999999999943,-0.3795348879565861,0.02953488795659176,0.09296432067721738,-0.03357220762196978,-0.022542244507797793,2.759999999999991,2019-04-12
LA_JET_M2M3,4,2019-03-15,-0.6899999999999977,-0.21084778936783793,-0.4791522106321598,0.21278715200479886,0.20114919333407527,0.20670162171205508,2.5900000000000034,2019-04-19
LA_JET_M2M3,4,2019-03-22,-0.6200000000000045,-0.05521300719321983,-0.5647869928067847,0.15756988600531685,0.24004873943016583,0.23879174170114414,2.280000000000001,2019-04-26
LA_JET_M2M3,4,2019-03-29,-0.289999999999992,-0.25433062547560686,-0.03566937452438512,0.007984067666012465,-0.005782431584567295,-0.004387062925258114,-1.6400000000000148,2019-05-03
LA_JET_M2M3,4,2019-04-05,2.0,-0.2534632570254163,2.253463257025416,-0.8806354965200245,-1.0505938362300438,-1.0602974312684599,-2.839999999999975,2019-05-10
LA_JET_M2M3,4,2019-04-12,2.069999999999993,-0.38473562605959005,2.454735626059583,-0.8538960150274142,-1.127962718483079,-1.1281370068425527,-2.549999999999983,2019-05-17
LA_JET_M2M3,4,2019-04-19,1.9699999999999989,-0.1986992595874496,2.1686992595874486,-0.7612244631204148,-0.9861919757867738,-0.9885614971675336,-2.6100000000000136,2019-05-24
LA_JET_M2M3,4,2019-04-26,1.990000000000009,-0.1767826245103792,2.1667826245103883,-0.7286332316871585,-0.9780912387789732,-0.9752039024322787,-1.1399999999999864,2019-05-31
LA_JET_M2M3,4,2019-05-03,0.3599999999999852,-0.06295831135453836,0.42295831135452355,-0.05950591190069361,-0.19512472760106553,-0.17692144125660642,-0.160000000000025,2019-06-07
LA_JET_M2M3,4,2019-05-10,-0.7699999999999818,0.20183271069647904,-0.9718327106964608,0.38498635598110875,0.43779686171368914,0.44785730408912006,-0.3000000000000398,2019-06-14
LA_JET_M2M3,4,2019-05-17,-0.5799999999999841,0.11561357695447547,-0.6956135769544596,0.2777268576719592,0.30950531848491697,0.3180152937380833,-0.21999999999999886,2019-06-21
LA_JET_M2M3,4,2019-05-24,-0.6200000000000045,-0.12863176180361258,-0.49136823819639197,0.2645485066868041,0.21068567321061152,0.23267895957250925,0.11000000000001364,2019-06-28
LA_JET_M2M3,4,2019-05-31,-0.7800000000000011,-0.10131828674672469,-0.6786817132532764,0.3083854050724155,0.30065528607467773,0.31728090537201237,0.12000000000000455,2019-07-05
LA_JET_M2M3,4,2019-06-07,-0.9300000000000068,-0.36821129639674605,-0.5617887036032607,0.3425214317445408,0.24658673591780936,0.27909707722872384,0.10000000000002274,2019-07-12
LA_JET_M2M3,4,2019-06-14,-0.8800000000000239,-0.45799875291376624,-0.42200124708625764,0.284513862635444,0.17727472707606431,0.20930972659165864,0.09000000000000341,2019-07-19
LA_JET_M2M3,4,2019-06-21,-0.8400000000000034,-0.5022963481246147,-0.33770365187538876,0.22665125967309868,0.135626351861869,0.16240998424292008,0.04999999999998295,2019-07-26
LA_JET_M2M3,4,2019-06-28,-0.6699999999999875,-0.309647057578535,-0.3603529424214525,0.1259244188649668,0.14659811614565674,0.1504563363538374,0.34000000000000347,2019-08-02
LA_JET_M2M3,4,2019-07-05,-0.8100000000000023,-0.29181294796909774,-0.5181870520309045,0.2019973812946475,0.22111132040508621,0.2287377560695898,0.5699999999999932,2019-08-09
LA_JET_M2M3,4,2019-07-12,-0.7800000000000011,-0.5529468406027381,-0.227053159397263,0.21106659808033093,0.08380622108753047,0.11562084469977368,0.5600000000000023,2019-08-16
LA_JET_M2M3,4,2019-07-19,-0.75,-0.40755546643412777,-0.34244453356587223,0.21954421198985535,0.13838971033632808,0.16315884186166868,0.49000000000000915,2019-08-23
LA_JET_M2M3,4,2019-07-26,-0.6200000000000045,-0.3180776256213311,-0.3019223743786735,0.1883659127979791,0.11953794284878798,0.14080067435777366,0.3700000000000045,2019-08-30
LA_JET_M2M3,4,2019-08-02,-0.4699999999999988,-0.21253220592881025,-0.2574677940711886,0.11607407636382056,0.10004301995728655,0.10920718963580953,0.2900000000000204,2019-09-06
LA_JET_M2M3,4,2019-08-09,-0.2100000000000079,-0.3532175667238291,0.1432175667238212,0.00310032774767037,-0.08736406125592583,-0.07153968904756536,0.4099999999999965,2019-09-13
LA_JET_M2M3,4,2019-08-16,-0.1899999999999977,-0.13493609819347233,-0.05506390180652537,-0.007708575697262781,0.00818914322152384,0.006134143147597887,0.9699999999999989,2019-09-20
LA_JET_M2M3,4,2019-08-23,-0.1299999999999954,-0.08387942830470389,-0.046120571695291504,-0.036625043261119955,0.005557975698298419,-0.0023153919123016058,1.0599999999999739,2019-09-27
LA_JET_M2M3,4,2019-08-30,-0.0999999999999943,-0.2941900913185943,0.1941900913186,-0.05311760879337093,-0.10710637233435899,-0.09995775309887117,1.349999999999966,2019-10-04
LA_JET_M2M3,4,2019-09-06,0.0800000000000125,-0.30680888675365725,0.38680888675366976,-0.12423532915369395,-0.19794957933881693,-0.1909447933273384,1.4000000000000055,2019-10-11
LA_JET_M2M3,4,2019-09-13,0.2199999999999988,-0.21533306396859092,0.43533306396858973,-0.16868522721120405,-0.21956551314621206,-0.21853224066591714,1.1599999999999966,2019-10-18
LA_JET_M2M3,4,2019-09-20,0.8400000000000034,-0.29503706428581233,1.1350370642858159,-0.4124001312433271,-0.5467292344293512,-0.5433445796013804,1.4300000000000352,2019-10-25
LA_JET_M2M3,4,2019-09-27,0.9599999999999796,0.009078801552684729,0.950921198447295,-0.4393515951969982,-0.45653487158106115,-0.47571277862631994,0.9000000000000341,2019-11-01
LA_JET_M2M3,4,2019-10-04,1.4299999999999784,0.2481226889178098,1.1818773110821685,-0.649345311390283,-0.5574185142761172,-0.6123712398740448,0.12999999999999567,2019-11-08
LA_JET_M2M3,4,2019-10-11,1.6200000000000043,-0.090390423504779,1.7103904235047833,-0.7329147303663476,-0.7975476152373643,-0.8269217408420922,-0.8400000000000034,2019-11-15
LA_JET_M2M3,4,2019-10-18,2.0,-0.088208258286388,2.088208258286388,-0.8917887125982636,-0.9684687147970321,-1.0056402287176787,-1.3300000000000123,2019-11-22
LA_JET_M2M3,4,2019-10-25,2.390000000000015,0.07771481584471678,2.312285184155298,-1.040511648044385,-1.0598300651054318,-1.1197919124826863,-1.2000000000000168,2019-11-29
LA_JET_M2M3,4,2019-11-01,2.3300000000000125,-0.08408172188857346,2.414081721888586,-0.9705623823551214,-1.1043094204544186,-1.1351811577030149,-0.22000000000002728,2019-12-06
LA_JET_M2M3,4,2019-11-08,1.75,0.006934861755449093,1.743065138244551,-0.6717989164709713,-0.7943440511380752,-0.8101664197564556,0.4200000000000159,2019-12-13
LA_JET_M2M3,4,2019-11-15,1.1599999999999966,0.07776642018919969,1.082233579810797,-0.3904106724815491,-0.49454550171437917,-0.49736409964527234,0.7399999999999805,2019-12-20
LA_JET_M2M3,4,2019-11-22,1.0600000000000025,-0.024819306364026468,1.084819306364029,-0.3228562272744016,-0.5009382964878485,-0.48406040504679065,0.5999999999999941,2019-12-27
LA_JET_M2M3,4,2019-11-29,1.1299999999999957,-0.0765580062329885,1.2065580062329841,-0.3226305036800326,-0.5607794180577839,-0.5310288416097197,-0.24999999999997158,2020-01-03
LA_JET_M2M3,4,2019-12-06,1.5299999999999727,0.2897983585403662,1.2402016414596067,-0.44849633769111397,-0.570620355779779,-0.5720999903984749,-1.25,2020-01-10
LA_JET_M2M3,4,2019-12-13,1.5800000000000125,-0.007875005430525578,1.5878750054305382,-0.4217912179940001,-0.7202859176153644,-0.6826568181438498,-1.1899999999999977,2020-01-17
LA_JET_M2M3,4,2019-12-20,1.799999999999983,-0.13319511379838012,1.9331951137983632,-0.46575913560420074,-0.8714753722736159,-0.8143430617444186,-1.8499999999999943,2020-01-24
LA_JET_M2M3,4,2019-12-27,1.7299999999999898,-0.16902330308946525,1.899023303089455,-0.39204307318714127,-0.8524038847241777,-0.7797569722785351,-1.420000000000016,2020-01-31
LA_JET_M2M3,4,2020-01-03,1.2800000000000011,-0.39097966298327275,1.6709796629832738,-0.16718505191804195,-0.7504477802673364,-0.6373517468252182,-0.950000000000017,2020-02-07
LA_JET_M2M3,4,2020-01-10,0.3300000000000125,0.2675463322344976,0.06245366776551492,0.25083022922233245,-0.03238172836452086,0.04214793884463267,-2.069999999999993,2020-02-14
LA_JET_M2M3,4,2020-01-17,0.6099999999999852,0.12681001763271643,0.4831899823672688,0.1515035340343415,-0.2247655003332471,-0.1358765864411683,-1.6200000000000045,2020-02-21
LA_JET_M2M3,4,2020-01-24,-0.1200000000000045,0.017635952293577284,-0.13763595229358178,0.4686173238779057,0.05180669996081488,0.16434173737618535,-0.38999999999998647,2020-02-28
LA_JET_M2M3,4,2020-01-31,-0.1400000000000147,-0.316814761787339,0.17681476178732433,0.4806618679078181,-0.09367271665626509,0.0486725988296708,0.28000000000000114,2020-03-06
LA_JET_M2M3,4,2020-02-07,-0.6200000000000045,-0.20287586471634364,-0.4171241352836609,0.6786245030093195,0.1772542533637877,0.31301747523219103,0.030000000000001137,2020-03-13
LA_JET_M2M3,4,2020-02-14,-1.460000000000008,-0.015862980604003984,-1.444137019396004,1.0052496916523146,0.6416292874542193,0.7579466338807902,-0.38999999999998636,2020-03-20
LA_JET_M2M3,4,2020-02-21,-1.740000000000009,-0.6888499955004161,-1.051150004499593,1.0891697798388749,0.459646931671879,0.6176007040981497,-11.14,2020-03-27
LA_JET_M2M3,4,2020-02-28,-0.5300000000000011,-0.8399196933039688,0.3099196933039676,0.5588691287300482,-0.16608498989322892,-0.025412639530336775,-9.959999999999992,2020-04-03
LA_JET_M2M3,4,2020-03-06,-0.3400000000000034,-0.7147316268406174,0.374731626840614,0.4699238032236623,-0.19497598871110333,-0.06635940418780997,15.980000000000002,2020-04-10
LA_JET_M2M3,4,2020-03-13,-1.4300000000000068,-0.7296894497565822,-0.7003105502434246,0.9009335949544925,0.29861678949545617,0.43586492420320366,13.579999999999984,2020-04-17
LA_JET_M2M3,4,2020-03-20,-2.1299999999999955,-0.025425556522071596,-2.1045744434779237,1.1283510331403004,0.9412864884228525,1.012341974878428,27.070000000000007,2020-04-24
LA_JET_M2M3,4,2020-03-27,-11.670000000000002,-0.04905368428736919,-11.620946315712633,4.223322022162915,5.070776922068923,4.9140305234057475,14.28,2020-05-01
LA_JET_M2M3,4,2020-04-03,-10.299999999999995,-0.25652759782780366,-10.043472402172192,3.279842925315443,4.462069851424975,4.118535939811892,-27.290000000000003,2020-05-08
LA_JET_M2M3,4,2020-04-10,14.549999999999995,0.7411205251650581,13.808879474834937,-5.368695818295398,-5.693423326409758,-5.852874603159675,-23.819999999999993,2020-05-15
LA_JET_M2M3,4,2020-04-17,11.449999999999989,2.1709651811206925,9.279034818879296,-4.557826677694004,-3.5798667984592263,-4.508613214592646,-27.60000000000001,2020-05-22
LA_JET_M2M3,4,2020-04-24,15.400000000000006,5.747669231311903,9.652330768688103,-7.6317141778012525,-4.047971389213698,-7.221337266596928,-16.14,2020-05-29
LA_JET_M2M3,4,2020-05-01,3.980000000000004,5.606436601208608,-1.6264366012086038,-1.7967186506648232,1.037565988292109,-1.1015150426876776,10.340000000000016,2020-06-05
LA_JET_M2M3,4,2020-05-08,-12.740000000000007,0.36655615205151815,-13.106556152051525,3.4397155396357313,2.343012567259009,3.313958083650431,,2020-06-12
LA_JET_M2M3,4,2020-05-15,-12.370000000000005,-1.9023650346730427,-10.467634965326962,6.613541262927491,4.5375297836124595,6.677065171038522,,2020-06-19
LA_JET_M2M3,4,2020-05-22,-12.200000000000005,-4.572914615104992,-7.627085384895013,8.572216026974033,4.803706197385549,8.398315314547713,,2020-06-26
SING_GC_1,1,2017-01-06,1.3333333333333144,2.2597868042557105,-0.9264534709223962,0.03545276769373663,0.19313605781183535,0.15669469909188705,0.8490476190476386,2017-01-20
SING_GC_1,1,2017-01-13,2.5447619047618844,2.6539117434571278,-0.10914983869524342,-0.1786069532703059,0.03082658332868416,-0.036873566015519534,0.13523809523806607,2017-01-27
SING_GC_1,1,2017-01-20,3.393809523809523,2.3988832255827868,0.9949262982267362,-0.33151593198000273,-0.2012990892813921,-0.26475810206481304,-1.588571428571385,2017-02-03
SING_GC_1,1,2017-01-27,3.529047619047589,2.2985940708970176,1.2304535481505714,-0.35226114611312986,-0.2519723997878175,-0.3108806438760542,-0.30666666666667197,2017-02-10
SING_GC_1,1,2017-02-03,1.940476190476204,2.1793789921013578,-0.23890280162515376,-0.04861347485776134,0.049222000517598695,0.01873958127916755,0.5176190476190361,2017-02-17
SING_GC_1,1,2017-02-10,1.633809523809532,1.9626996636379574,-0.3288901398284254,0.02476612743710636,0.06900718851232183,0.06024875161384619,-0.6128571428571381,2017-02-24
SING_GC_1,1,2017-02-17,2.151428571428568,1.5064230158550407,0.6450055555735275,-0.041402475730840986,-0.13857522347048767,-0.1179144978598968,1.914285714285739,2017-03-03
SING_GC_1,1,2017-02-24,1.53857142857143,1.542746365770119,-0.004174937198688999,0.11065788876650973,-0.00437834457789338,0.03679222869445958,0.596666666666636,2017-03-10
SING_GC_1,1,2017-03-03,3.452857142857169,2.149204946785244,1.303652196071925,-0.22266466566309548,-0.2662468629096309,-0.2782813882103406,-1.6880952380952579,2017-03-17
SING_GC_1,1,2017-03-10,4.049523809523805,2.476055193572714,1.573468615951091,-0.308153382379715,-0.32022580462765277,-0.35101347425035584,0.08047619047621879,2017-03-24
SING_GC_1,1,2017-03-17,2.3614285714285472,1.9718812793545264,0.38954729207402083,0.028710167653889264,-0.08450448562241003,-0.04899397610918099,-0.1357142857142719,2017-03-31
SING_GC_1,1,2017-03-24,2.441904761904766,2.3904849024524255,0.05141985945234051,0.02477154162225511,-0.007816181896895001,0.0037509160986521767,-0.74285714285719,2017-04-07
SING_GC_1,1,2017-03-31,2.306190476190494,2.3201036915510853,-0.013913215360591202,0.07902475026543088,0.0057431398775658945,0.03473974544897128,0.10857142857145163,2017-04-14
SING_GC_1,1,2017-04-07,1.5633333333333042,1.9443778804481302,-0.38104454711482605,0.22819282585280737,0.07885950484022944,0.14566417497031453,0.40095238095238983,2017-04-21
SING_GC_1,1,2017-04-14,1.6719047619047558,1.9345926742536799,-0.2626879123489241,0.20836738083712075,0.054863407862973876,0.12097412243003261,0.1719047619047558,2017-04-28
SING_GC_1,1,2017-04-21,2.0728571428571456,2.6361033191347176,-0.563246176277572,0.13658342296930898,0.12336234045941862,0.1412901498456378,0.5038095238095082,2017-05-05
SING_GC_1,1,2017-04-28,2.2447619047619014,2.854616408403289,-0.6098545036413876,0.10009737123220583,0.13563410483900662,0.1355009607209189,0.8880952380952465,2017-05-12
SING_GC_1,1,2017-05-05,2.7485714285714096,2.726146241652111,0.0224251869192984,0.015352772809812246,0.002615769148309427,0.007212862373949865,0.07047619047619991,2017-05-19
SING_GC_1,1,2017-05-12,3.636666666666656,2.457271129084831,1.1793955375818252,-0.1511433711662432,-0.24397881766534985,-0.23428597758165384,-1.4428571428571222,2017-05-26
SING_GC_1,1,2017-05-19,3.707142857142856,2.817525991723828,0.8896168654190282,-0.1596778755684189,-0.1818304439438417,-0.19358707806582248,0.752857142857124,2017-06-02
SING_GC_1,1,2017-05-26,2.2642857142857338,2.8968047956375322,-0.6325190813517985,0.1211159493813809,0.14064040688417948,0.14729774601242607,1.1676190476190413,2017-06-09
SING_GC_1,1,2017-06-02,3.017142857142858,3.0232252073770525,-0.006082350234194678,-0.02092456184350673,0.010800844929429914,-0.0011714864447860615,0.09190476190480013,2017-06-16
SING_GC_1,1,2017-06-09,4.184761904761899,2.59447664776327,1.5902852569986292,-0.2478171574667867,-0.3331234226410489,-0.33625985232746103,0.1266666666666083,2017-06-23
SING_GC_1,1,2017-06-16,4.276666666666699,2.9360069985255195,1.3406596681411798,-0.25453382290298787,-0.27965178887632813,-0.3011147784361412,-0.12238095238092228,2017-06-30
SING_GC_1,1,2017-06-23,4.403333333333308,2.9243072730931927,1.4790260602401148,-0.2647418581380957,-0.3057041705559037,-0.32389011302506593,-2.142380952380961,2017-07-07
SING_GC_1,1,2017-06-30,4.280952380952385,2.3474832192864064,1.933469161665979,-0.22005040046886723,-0.405643172200478,-0.3762080435981526,-0.6109523809523978,2017-07-14
SING_GC_1,1,2017-07-07,2.1385714285714243,2.29843505024583,-0.15986362167440582,0.21366421324271634,0.033630950871272956,0.1095808677717619,-1.1785714285714164,2017-07-21
SING_GC_1,1,2017-07-14,1.5276190476190266,2.5102839757487216,-0.9826649281296951,0.3319019857880784,0.2173803717738081,0.2859814135598155,-1.3638095238095502,2017-07-28
SING_GC_1,1,2017-07-21,0.3490476190476101,2.2231952077640216,-1.8741475887164114,0.5363217069345598,0.4080992502224657,0.49869251204235415,-0.3823809523809132,2017-08-04
SING_GC_1,1,2017-07-28,-1.01476190476194,2.1960861121881186,-3.2108480169500586,0.7483076471182244,0.6858758258867207,0.7762985901537827,-0.04523809523811906,2017-08-11
SING_GC_1,1,2017-08-04,-1.3971428571428532,2.529910797487072,-3.9270536546299253,0.772946855400957,0.8293273266306084,0.8867768464484274,-0.6957142857142742,2017-08-18
SING_GC_1,1,2017-08-11,-1.4423809523809723,2.348781292907762,-3.791162245288734,0.7294855317373494,0.7840707537124382,0.8334048422376241,-1.0790476190476284,2017-08-25
SING_GC_1,1,2017-08-18,-2.1380952380952465,2.331997477294229,-4.470092715389475,0.769463973355401,0.8719303747561918,0.9087714473008788,-8.785238095238102,2017-09-01
SING_GC_1,1,2017-08-25,-3.217142857142875,2.030660188289824,-5.247803045432699,0.8476864118556758,0.948332175387622,0.9862284098814891,5.230476190476226,2017-09-08
SING_GC_1,1,2017-09-01,-12.002380952380976,2.0303894967190406,-14.032770449100017,1.1042036184635062,1.4639184326032408,1.4436223402364414,1.4695238095237926,2017-09-15
SING_GC_1,1,2017-09-08,-6.77190476190475,-4.521282720718244,-2.2506220411865057,0.9834312276831824,0.2748677257498493,0.5499492582495608,1.0004761904762063,2017-09-22
SING_GC_1,1,2017-09-15,-5.3023809523809575,-4.995263321624085,-0.3071176307568724,0.7160075093875673,-0.009284515389585288,0.24607855768881953,1.7699999999999823,2017-09-29
SING_GC_1,1,2017-09-22,-4.301904761904751,-2.9400813669021155,-1.3618233950026357,0.5558923583523029,0.13858946195927555,0.35616623958022414,1.6628571428571202,2017-10-06
SING_GC_1,1,2017-09-29,-2.531904761904769,-0.10454233593247747,-2.4273624259722917,0.32837794441344154,0.2927520117794771,0.3439715946497934,-0.00809523809519419,2017-10-13
SING_GC_1,1,2017-10-06,-0.8690476190476488,0.20677717820245384,-1.0758247972501027,0.09967027334840643,0.1275993218946917,0.11432588800538387,-0.5571428571428498,2017-10-20
SING_GC_1,1,2017-10-13,-0.877142857142843,1.4019103555235177,-2.2790532126663607,0.08354581300938904,0.2861803717534353,0.1391677797264202,0.65619047619046,2017-10-27
SING_GC_1,1,2017-10-20,-1.4342857142856928,0.11211665331876154,-1.5464023676044545,0.13814919160046038,0.18274108781768306,0.15754900944377015,1.1457142857142912,2017-11-03
SING_GC_1,1,2017-10-27,-0.7780952380952328,1.7072078742577985,-2.4853031123530314,0.03330858739176459,0.313272696527581,0.10457760082093179,1.0357142857142776,2017-11-10
SING_GC_1,1,2017-11-03,0.3676190476190584,1.9930512858207545,-1.6254322382016961,-0.13614395572046614,0.21084032070243297,-0.0544034758607538,0.3299999999999841,2017-11-17
SING_GC_1,1,2017-11-10,1.403333333333336,1.908266330883869,-0.504932997550533,-0.29045792993098146,0.0669028819707288,-0.20067084784731232,-1.6714285714285495,2017-11-24
SING_GC_1,1,2017-11-17,1.73333333333332,1.812429873554218,-0.07909654022089785,-0.3444183576498772,0.009669471770148524,-0.2535920134433185,0.2704761904761881,2017-12-01
SING_GC_1,1,2017-11-24,0.0619047619047705,0.9503294301274549,-0.8884246682226844,-0.12956368594849452,0.10821578914211656,-0.0779746095762001,-0.193333333333328,2017-12-08
SING_GC_1,1,2017-12-01,0.3323809523809586,1.7025185735113018,-1.370137621130343,-0.1779440709659857,0.1764632732396052,-0.0915113648877805,-0.4609523809524205,2017-12-15
SING_GC_1,1,2017-12-08,0.1390476190476306,1.6414749055795346,-1.502427286531904,-0.17302793988627418,0.1931900447055972,-0.08437176536101706,0.2295238095238688,2017-12-22
SING_GC_1,1,2017-12-15,-0.3219047619047899,1.4587860675724749,-1.7806908294772648,-0.13418507655360587,0.22600309965746848,-0.051849029726583194,-1.9271428571429112,2017-12-29
SING_GC_1,1,2017-12-22,-0.0923809523809211,1.6012466058157162,-1.6936275581966374,-0.18915808082929128,0.2161322835512039,-0.09305163258421378,1.9190476190476318,2018-01-05
SING_GC_1,1,2017-12-29,-2.0195238095238324,1.697221370156268,-3.7167451796801005,0.04288972597456591,0.4589162118691437,0.11180419519997398,1.778571428571439,2018-01-12
SING_GC_1,1,2018-01-05,-0.1004761904762006,1.8442165744150438,-1.9446927648912444,-0.23145122657734335,0.249718884791679,-0.1098348004369597,-0.9990476190476156,2018-01-19
SING_GC_1,1,2018-01-12,1.6780952380952383,1.7167220746937635,-0.03862683659852517,-0.4768842183622027,0.005171524312273816,-0.33090886423560567,-3.747619047619054,2018-01-26
SING_GC_1,1,2018-01-19,0.6790476190476227,2.1540319522791407,-1.474984333231518,-0.33928139450577466,0.19338285140212377,-0.18741034436908505,1.2980952380952149,2018-02-02
SING_GC_1,1,2018-01-26,-3.068571428571431,2.4861835684709663,-5.554754997042398,0.18943124978456916,0.7376469106346764,0.2906954516918317,1.9290476190476225,2018-02-09
SING_GC_1,1,2018-02-02,-1.7704761904762163,1.1859271863879894,-2.9564033768642055,-0.006517339100568075,0.394947707531812,0.10336407991190795,1.7514285714285618,2018-02-16
SING_GC_1,1,2018-02-09,0.1585714285714061,3.004533455494429,-2.845962026923023,-0.2858847382151241,0.4141483133776549,-0.029011714979859656,-0.7476190476189968,2018-02-23
SING_GC_1,1,2018-02-16,1.909999999999968,1.9206449518873847,-0.010644951887416765,-0.523912968728261,0.0038762682142445635,-0.33082746123492424,1.2871428571428112,2018-03-02
SING_GC_1,1,2018-02-23,1.1623809523809712,1.6820108711590713,-0.5196299187781002,-0.38636220808090493,0.07250407094077026,-0.23236443470648963,-0.6557142857142537,2018-03-09
SING_GC_1,1,2018-03-02,2.4495238095237823,1.1586546803098188,1.2908691292139636,-0.46918910532392794,-0.1894881049104911,-0.3871611335363862,-0.4252380952380863,2018-03-16
SING_GC_1,1,2018-03-09,1.7938095238095286,1.206730616652242,0.5870789071572866,-0.3247535001932345,-0.0897817948336033,-0.25087395800612133,-0.4728571428571511,2018-03-23
SING_GC_1,1,2018-03-16,1.3685714285714423,2.032175635096291,-0.6636042065248489,-0.22136427468567166,0.09491658624881878,-0.09335837782553368,-0.6904761904761756,2018-03-30
SING_GC_1,1,2018-03-23,0.8957142857142912,2.24236781449971,-1.3466535287854189,-0.12111790637785182,0.19597227662951905,0.020262865974347778,0.08285714285713652,2018-04-06
SING_GC_1,1,2018-03-30,0.2052380952381156,1.5954090314957718,-1.3901709362576562,-0.0036912272221841912,0.1982364198721121,0.09354824506146248,0.13142857142858588,2018-04-13
SING_GC_1,1,2018-04-06,0.2880952380952521,1.684952448392245,-1.3968572102969927,-0.008279068184493267,0.19969578193602772,0.09187867338487743,0.07999999999995572,2018-04-20
SING_GC_1,1,2018-04-13,0.419523809523838,1.2592621818433494,-0.8397383723195113,-0.01985019831785354,0.1172234178052776,0.044658246315640936,-0.6195238095237983,2018-04-27
SING_GC_1,1,2018-04-20,0.4995238095237937,0.8131296962595008,-0.3136058867357071,-0.02018801783266817,0.03870997326877004,0.006587999124265306,-0.12095238095238871,2018-05-04
SING_GC_1,1,2018-04-27,-0.1200000000000045,0.5830601651535918,-0.7030601651535964,0.07408081963357857,0.09205970398534447,0.09395267765490366,-1.167142857142835,2018-05-11
SING_GC_1,1,2018-05-04,-0.2409523809523932,0.6180804625947122,-0.8590328435471054,0.0883122642904121,0.11462528656074542,0.11400468400053594,0.7328571428571138,2018-05-18
SING_GC_1,1,2018-05-11,-1.4080952380952283,0.23506615056179161,-1.64316138865702,0.24045680670133604,0.22145985442628732,0.2660997622188052,0.16666666666668561,2018-05-25
SING_GC_1,1,2018-05-18,-0.6752380952381145,-0.0005093294233611111,-0.6747287658147534,0.12004100004262551,0.08501132785236161,0.1219091437018339,-0.3009523809523671,2018-06-01
SING_GC_1,1,2018-05-25,-0.5085714285714289,0.30272265200498094,-0.8112940805764098,0.0909480011774863,0.10497903624151626,0.11122900096126478,-0.2366666666666788,2018-06-08
SING_GC_1,1,2018-06-01,-0.809523809523796,0.7661919839572782,-1.5757157934810742,0.1270590650271374,0.2144101636764844,0.18554642998093504,0.787142857142868,2018-06-15
SING_GC_1,1,2018-06-08,-1.0461904761904748,0.6327016759687043,-1.678892152159179,0.153777685722558,0.22785635429612028,0.2095285100142887,-0.21666666666669698,2018-06-22
SING_GC_1,1,2018-06-15,-0.2590476190476067,1.2183708189602291,-1.477418438007836,0.039546783065794094,0.20462171864316203,0.12152079576959553,-0.6609523809523807,2018-06-29
SING_GC_1,1,2018-06-22,-0.4757142857143037,2.0121646203245978,-2.4878789060389015,0.0677541513550432,0.3498946929688835,0.20678418946599544,-0.2809523809523853,2018-07-06
SING_GC_1,1,2018-06-29,-1.1366666666666845,1.7124484501349508,-2.8491151168016353,0.16836733654420494,0.39664194282207355,0.29384209710556924,-0.47761904761904295,2018-07-13
SING_GC_1,1,2018-07-06,-1.4176190476190698,1.5445887080785838,-2.9622077556976536,0.20085322723470522,0.4072480528036512,0.3183730258778703,0.7295238095238397,2018-07-20
SING_GC_1,1,2018-07-13,-1.8952380952381127,0.7764647774104776,-2.6717028726485905,0.24698883528743013,0.3554509739398697,0.3250068266377931,-1.328571428571422,2018-07-27
SING_GC_1,1,2018-07-20,-1.165714285714273,0.28818698564969536,-1.4539012713639683,0.13099266137558885,0.18965976488244335,0.17423672003736612,-0.3166666666666913,2018-08-03
SING_GC_1,1,2018-07-27,-2.494285714285695,-0.49214839771711905,-2.002137316568576,0.3186792246906789,0.24779175884697485,0.33276910474567795,-0.08904761904761926,2018-08-10
SING_GC_1,1,2018-08-03,-2.8109523809523864,0.2305454341200157,-3.041497815072402,0.35596308717432573,0.38326645456135655,0.41171760032217375,0.2923809523809382,2018-08-17
SING_GC_1,1,2018-08-10,-2.9000000000000057,0.9759174138052383,-3.875917413805244,0.34711926778001084,0.49252367887623505,0.4455291815982344,0.25619047619048274,2018-08-24
SING_GC_1,1,2018-08-17,-2.6076190476190675,1.4724964856744927,-4.08011553329356,0.2784154216603201,0.5227774464141172,0.4055253222866357,-0.7942857142857354,2018-08-31
SING_GC_1,1,2018-08-24,-2.3514285714285847,2.2154780213157714,-4.566906592744356,0.2204636538238604,0.5888405133659061,0.38897180491976097,1.3114285714286218,2018-09-07
SING_GC_1,1,2018-08-31,-3.14571428571432,1.0136875193634651,-4.159401805077785,0.29412221162478064,0.5072850568088026,0.4005855913480338,0.9990476190475872,2018-09-14
SING_GC_1,1,2018-09-07,-1.8342857142856983,2.159573860565132,-3.9938595748508305,0.09328293833500147,0.5118178073950129,0.27394017183051683,1.9095238095238187,2018-09-21
SING_GC_1,1,2018-09-14,-0.8352380952381111,3.3550069194739884,-4.190245014712099,-0.060980853887405324,0.5593916466091069,0.208631214919053,-0.3961904761904691,2018-09-28
SING_GC_1,1,2018-09-21,1.0742857142857076,2.295056072482849,-1.2207703581971412,-0.3339467933713807,0.1714632434324689,-0.1120696716781609,-0.06857142857140275,2018-10-05
SING_GC_1,1,2018-09-28,0.6780952380952385,1.5131267242727542,-0.8350314861775157,-0.2745220654378882,0.10932549889096868,-0.12220417576728917,-0.032857142857182,2018-10-12
SING_GC_1,1,2018-10-05,0.6095238095238358,1.8947857576748417,-1.285261948151006,-0.2601272988326439,0.17067459072826593,-0.08143081876824299,1.4680952380952306,2018-10-19
SING_GC_1,1,2018-10-12,0.5766666666666538,2.3521122556568628,-1.775445588990209,-0.2524442840351644,0.23886264522378953,-0.03956304154071056,0.06238095238097685,2018-10-26
SING_GC_1,1,2018-10-19,2.0447619047618844,2.9836220195033594,-0.938860114741475,-0.44217351551011097,0.1329664984740285,-0.17988432082318687,-0.2747619047619023,2018-11-02
SING_GC_1,1,2018-10-26,2.107142857142861,1.9560377901771573,0.15110506696570392,-0.43578845336473765,-0.019791957583842085,-0.2618191584550213,1.1547619047618978,2018-11-09
SING_GC_1,1,2018-11-02,1.8323809523809589,2.682273202930155,-0.8498922505491959,-0.38264363410409963,0.11767738849784125,-0.15526190111447546,1.4176190476190413,2018-11-16
SING_GC_1,1,2018-11-09,2.9871428571428567,2.163625223593094,0.8235176335497627,-0.49909032866345265,-0.10894004239588183,-0.3346437104218936,0.2552380952380986,2018-11-23
SING_GC_1,1,2018-11-16,4.404761904761898,0.6834544647444967,3.7213074400174015,-0.6377428898123556,-0.5107934286344075,-0.6453502388225295,-0.4552380952380872,2018-11-30
SING_GC_1,1,2018-11-23,4.659999999999997,1.3464417290667505,3.313558270933246,-0.6294242696794117,-0.45318929172896,-0.5997884620926119,-3.0176190476190357,2018-12-07
SING_GC_1,1,2018-11-30,4.204761904761909,1.1450971035611035,3.059664801200806,-0.5401076301724901,-0.4187817049358946,-0.534192045323411,0.01999999999995339,2018-12-14
SING_GC_1,1,2018-12-07,1.1871428571428737,0.9788443129895553,0.2082985441533184,-0.15703239705152924,-0.03684159165655041,-0.10212965113430705,-1.168571428571397,2018-12-21
SING_GC_1,1,2018-12-14,1.207142857142827,0.29562154359455317,0.9115213135482739,-0.14648968574846313,-0.13725673516796602,-0.16066105466747435,1.4585714285714175,2018-12-28
SING_GC_1,1,2018-12-21,0.03857142857143,1.0336638204367559,-0.9950923918653258,0.014133598986648375,0.13562239078525534,0.09494290912840365,-0.3319047619047524,2019-01-04
SING_GC_1,1,2018-12-28,1.4971428571428476,1.218493147018704,0.27864971012414363,-0.16655272572454197,-0.04209353780175339,-0.11020690109326543,-2.258095238095251,2019-01-11
SING_GC_1,1,2019-01-04,1.1652380952380952,1.2528647186312045,-0.08762662339310934,-0.10840643311326746,0.008546051800049446,-0.04883242467607029,-0.9561904761905002,2019-01-18
SING_GC_1,1,2019-01-11,-1.0928571428571558,1.0074437829469025,-2.100300925804058,0.20230797601752348,0.2902987243594005,0.2876473297508371,-1.3828571428570906,2019-01-25
SING_GC_1,1,2019-01-18,-2.049047619047656,1.1068065039540773,-3.1558541230017334,0.3295877943359636,0.44004727186921194,0.44701951573594145,-0.06904761904763745,2019-02-01
SING_GC_1,1,2019-01-25,-3.4319047619047467,1.2329553011652266,-4.664860063069973,0.5042163824371065,0.6391412101998233,0.6612032893714542,1.6700000000000161,2019-02-08
SING_GC_1,1,2019-02-01,-3.500952380952384,1.8855038593613065,-5.386456240313691,0.5050770015765137,0.7365988635738548,0.7194422814322311,-0.25285714285715266,2019-02-15
SING_GC_1,1,2019-02-08,-1.830952380952368,0.9375202133635622,-2.7684725943159303,0.29369581724550237,0.3876549697036978,0.3942683371185397,0.11095238095236915,2019-02-22
SING_GC_1,1,2019-02-15,-2.0838095238095207,0.2631118423118621,-2.3469213661213826,0.32259820767053665,0.3117818082009144,0.36362364593553725,0.7247619047619198,2019-03-01
SING_GC_1,1,2019-02-22,-1.9728571428571515,1.0421479384529744,-3.015005081310126,0.30756038037713135,0.4034095269767272,0.4089024061316432,0.37666666666666515,2019-03-08
SING_GC_1,1,2019-03-01,-1.2480952380952317,0.6710841253770006,-1.9191793634722323,0.21999894081395754,0.25579809369884443,0.27341613440070767,1.0104761904761972,2019-03-15
SING_GC_1,1,2019-03-08,-0.8714285714285666,0.4399511761581487,-1.3113797475867153,0.1728446689243172,0.17151147801058197,0.19773078272381256,0.07333333333332351,2019-03-22
SING_GC_1,1,2019-03-15,0.1390476190476306,0.8529648551713318,-0.7139172361237012,0.04029665698793627,0.09307862115214412,0.07773079171231417,-0.1952380952380964,2019-03-29
SING_GC_1,1,2019-03-22,0.2123809523809541,0.6774519408610997,-0.4650709884801456,0.024723841666238106,0.05788642358032556,0.04852442437298689,0.0252380952380805,2019-04-05
SING_GC_1,1,2019-03-29,0.0171428571428577,-0.7300189256470204,0.7471617827898781,0.04762997742941936,-0.11399806881981686,-0.03886365477198087,-0.4176190476190129,2019-04-12
SING_GC_1,1,2019-04-05,0.0423809523809382,-0.43303253012954535,0.47541348251048354,0.04098909605105715,-0.0763573765127503,-0.020801012994376974,0.23761904761900612,2019-04-19
SING_GC_1,1,2019-04-12,-0.3752380952380747,-0.48433546286196544,0.10909736762389072,0.09260420550054807,-0.02637788952037591,0.036575340181446855,-0.20571428571426512,2019-04-26
SING_GC_1,1,2019-04-19,-0.1376190476190686,-0.15183186450570835,0.01421281688663975,0.048139033431574815,-0.011618472135860501,0.02093361630404647,0.6709523809523716,2019-05-03
SING_GC_1,1,2019-04-26,-0.3433333333333337,0.16911940036101514,-0.5124527336943488,0.06244009405302564,0.06188701848483074,0.07209987800447937,-1.5804761904761904,2019-05-10
SING_GC_1,1,2019-05-03,0.3276190476190379,-0.20437486166794844,0.5319939092869863,-0.037594479686032786,-0.08217435827939197,-0.06789799755234616,-0.5228571428571627,2019-05-17
SING_GC_1,1,2019-05-10,-1.2528571428571524,0.3063683786529595,-1.559225521510112,0.1544049865363245,0.20410377444764616,0.2066762431363373,-0.22999999999996135,2019-05-24
SING_GC_1,1,2019-05-17,-1.775714285714315,0.13255190357843571,-1.9082661892927508,0.19248593302252784,0.25226811297666557,0.25623334999083597,-0.1361904761904782,2019-05-31
SING_GC_1,1,2019-05-24,-2.0057142857142765,0.5983822113786774,-2.6040964970929537,0.1865258556388233,0.3475095468157261,0.3084025160208146,0.3990476190475931,2019-06-07
SING_GC_1,1,2019-05-31,-2.1419047619047547,-0.20943014832265539,-1.9324746135820994,0.1694149065467334,0.25208133126958093,0.2430764965272325,-0.2509523809523557,2019-06-14
SING_GC_1,1,2019-06-07,-1.7428571428571615,0.16973361679220478,-1.9125907596493663,0.09902763748339431,0.25063695249585327,0.20266736014851644,-0.08238095238095866,2019-06-21
SING_GC_1,1,2019-06-14,-1.9938095238095173,0.1395169158453694,-2.1333264396548866,0.11465073618852893,0.2783241385290657,0.22687526103968902,-0.968095238095259,2019-06-28
SING_GC_1,1,2019-06-21,-2.076190476190476,-0.14498662946437357,-1.9312038467261023,0.11390433404228834,0.24900001031552682,0.20908180054693323,-1.2095238095238017,2019-07-05
SING_GC_1,1,2019-06-28,-3.044285714285735,0.37924464039216754,-3.4235303546779026,0.21840749278227795,0.44238161592648656,0.37594465416413897,-0.8285714285713937,2019-07-12
SING_GC_1,1,2019-07-05,-4.253809523809537,-0.060105841552905326,-4.193703682256631,0.3486647402085753,0.5320273081288024,0.4992930649676118,1.5461904761904464,2019-07-19
SING_GC_1,1,2019-07-12,-5.08238095238093,0.6074089887437406,-5.689789941124671,0.4319694687841018,0.7070289503400864,0.6372349167048771,-0.08619047619043751,2019-07-26
SING_GC_1,1,2019-07-19,-3.536190476190484,-0.7528302449284302,-2.7833602312620536,0.22383751098521143,0.34808688578072566,0.32382124566645587,0.14047619047616333,2019-08-02
SING_GC_1,1,2019-07-26,-3.6223809523809214,-0.9669217221383996,-2.655459230242522,0.22977420249097238,0.31834873791357104,0.30939093015509456,0.7538095238095082,2019-08-09
SING_GC_1,1,2019-08-02,-3.481904761904758,-0.2831912092145323,-3.1987135526902257,0.2100614846476062,0.3861460983744391,0.3304317033428565,0.3138095238095673,2019-08-16
SING_GC_1,1,2019-08-09,-2.72809523809525,-0.09965702252203679,-2.628438215573213,0.10483417092517061,0.31900273495514986,0.23003716749643857,-1.2295238095238403,2019-08-23
SING_GC_1,1,2019-08-16,-2.4142857142856826,0.4618318087507013,-2.876117523036384,0.06027865462083867,0.3506653149812616,0.21702714622214841,0.2876190476190459,2019-08-30
SING_GC_1,1,2019-08-23,-3.643809523809523,-0.22344267102224635,-3.420366852787277,0.21396526407246008,0.4042289361322141,0.33632324330594365,0.8538095238095025,2019-09-06
SING_GC_1,1,2019-08-30,-3.356190476190477,-0.032022641483209435,-3.324167834707268,0.16451764122706328,0.3928113773576747,0.2986337530653452,-0.4452380952380963,2019-09-13
SING_GC_1,1,2019-09-06,-2.5023809523809746,1.4170672185658355,-3.91944817094681,0.04175716871480665,0.47696643185210813,0.2637950834331541,0.6238095238095411,2019-09-20
SING_GC_1,1,2019-09-13,-2.947619047619071,1.5073537420951961,-4.454972789714267,0.08382790222132888,0.53738972866762,0.31798862055069504,-0.215714285714256,2019-09-27
SING_GC_1,1,2019-09-20,-2.3238095238095298,0.7418625635491098,-3.0656720873586396,-0.012935492557904785,0.36840977228113736,0.17898305221154573,0.6033333333332962,2019-10-04
SING_GC_1,1,2019-09-27,-2.5395238095237858,0.2198098134006955,-2.759333622924481,0.0019647582791017387,0.32155438619119703,0.15884657506695435,-0.2623809523809366,2019-10-11
SING_GC_1,1,2019-10-04,-1.9361904761904896,0.48445541840512396,-2.4206458945956135,-0.08895069505489345,0.28292584115655167,0.08460041673849766,-0.5019047619047687,2019-10-18
SING_GC_1,1,2019-10-11,-2.198571428571426,-0.20937721567728884,-1.9891942128941373,-0.06358366297550486,0.22582671639681706,0.06902428269481978,-1.9980952380952601,2019-10-25
SING_GC_1,1,2019-10-18,-2.700476190476195,-0.5950936335511805,-2.105382556925014,-0.009783822895429006,0.2340671946016098,0.1038467602303829,2.519047619047626,2019-11-01
SING_GC_1,1,2019-10-25,-4.698571428571455,-0.2412882348117688,-4.457283193759686,0.2354533478416057,0.4917107230066929,0.3756132171412815,6.343333333333334,2019-11-08
SING_GC_1,1,2019-11-01,-2.179523809523829,-1.0117550880747617,-1.1677687214490673,-0.11592583670545466,0.12483777951754753,-0.020160781313431974,-3.3357142857142605,2019-11-15
SING_GC_1,1,2019-11-08,4.163809523809505,-0.7144183121149978,4.878227835924503,-1.0048514043822676,-0.6659246051814635,-0.9528655874510966,-1.0671428571428976,2019-11-22
SING_GC_1,1,2019-11-15,0.8280952380952442,-0.5716767114996056,1.3997719495948497,-0.5166141467898113,-0.19719827744365068,-0.418051073260646,-1.1857142857142833,2019-11-29
SING_GC_1,1,2019-11-22,-0.2390476190476533,-0.20932716597484247,-0.02972045307281082,-0.3473321368015845,-0.005456352967305632,-0.21140668387420342,-0.37761904761899245,2019-12-06
SING_GC_1,1,2019-11-29,-1.4247619047619366,-0.529931903935984,-0.8948300008259527,-0.16997469649581895,0.10997144466992417,-0.04547455314067654,0.5428571428571161,2019-12-13
SING_GC_1,1,2019-12-06,-1.802380952380929,-0.6917930264839682,-1.1105879258969609,-0.11319186500509726,0.13864471835466696,0.003954933594292255,-0.41904761904760335,2019-12-20
SING_GC_1,1,2019-12-13,-1.259523809523813,-0.9449348429914664,-0.3145889665323467,-0.18779327941069285,0.031348434607454165,-0.09719351534556163,-0.7819047619047979,2019-12-27
SING_GC_1,1,2019-12-20,-1.6785714285714164,-1.1513240803956502,-0.5272473481757662,-0.12348494970122618,0.05841698662497546,-0.044168721422285714,-1.3704761904761535,2020-01-03
SING_GC_1,1,2019-12-27,-2.4604761904762142,-1.3128408765782487,-1.1476353138979656,-0.004087274456433827,0.14061838937266977,0.07272137277334159,0.8752380952380747,2020-01-10
SING_GC_1,1,2020-01-03,-3.830952380952368,-0.7612604673939597,-3.069691913558408,0.2025862757930284,0.39799160220465984,0.33460501398287834,1.752857142857152,2020-01-17
SING_GC_1,1,2020-01-10,-2.955714285714293,-0.5124591231162003,-2.443255162598093,0.0850631630136956,0.31813014016990254,0.21980524012432465,1.9752380952380975,2020-01-24
SING_GC_1,1,2020-01-17,-1.202857142857141,0.08074535633295454,-1.2836024991900956,-0.16439686514411506,0.16902338041171974,-0.010726968700432538,0.9876190476190345,2020-01-31
SING_GC_1,1,2020-01-24,0.7723809523809564,1.482320720729017,-0.7099397683480606,-0.43860271829810255,0.09753408634046551,-0.20749594177624914,-2.3333333333333144,2020-02-07
SING_GC_1,1,2020-01-31,1.759999999999991,0.697599529029137,1.0624004709708539,-0.5531586403188091,-0.15295789808981494,-0.40920611020707015,-1.1652380952380954,2020-02-14
SING_GC_1,1,2020-02-07,-0.5733333333333235,0.05622028312331573,-0.6295536164566392,-0.19201051226569957,0.07937844707902303,-0.08060422737472217,-0.205238095238087,2020-02-21
SING_GC_1,1,2020-02-14,-1.7385714285714189,0.7305820962524258,-2.4691535248238448,-0.005411716430437785,0.3395288588227331,0.16793356447174607,0.33761904761902883,2020-02-28
SING_GC_1,1,2020-02-21,-1.943809523809506,1.2490608739857993,-3.1928703977953052,0.037866046745561745,0.4435729564994439,0.2483632393894154,0.7152380952381066,2020-03-06
SING_GC_1,1,2020-02-28,-1.606190476190477,-0.5078243966566867,-1.0983660795337904,-0.004110192088873421,0.14540939650061832,0.07247113536601352,2.499523809523808,2020-03-13
SING_GC_1,1,2020-03-06,-0.8909523809523705,-0.290105705105169,-0.6008466758472015,-0.10624862942010747,0.07614499507156455,-0.02755486065946345,3.8323809523809444,2020-03-20
SING_GC_1,1,2020-03-13,1.6085714285714374,-0.5018042676953771,2.1103756962668143,-0.46968227863034134,-0.3079576882277291,-0.4573319491067339,-0.13619047619046398,2020-03-27
SING_GC_1,1,2020-03-20,5.440952380952382,0.16303245643023978,5.277919924522142,-1.0102770832090493,-0.7648217246747702,-1.033173952240097,-1.641904761904783,2020-04-03
SING_GC_1,1,2020-03-27,5.304761904761918,-0.8295387388100934,6.134300643572011,-0.9355536353054756,-0.8955458360206887,-1.0608814326020566,-2.290476190476184,2020-04-10
SING_GC_1,1,2020-04-03,3.662857142857135,-2.0298648170419145,5.69272195989905,-0.6570149987173844,-0.8591437550808781,-0.8728824150942163,0.326666666666668,2020-04-17
SING_GC_1,1,2020-04-10,1.3723809523809507,-3.326792156262016,4.699173108642967,-0.28083242207056425,-0.7474171635418658,-0.5926821439191381,-4.864285714285714,2020-04-24
SING_GC_1,1,2020-04-17,1.6990476190476187,-4.101822278548787,5.800869897596406,-0.29807406627263355,-0.906370579337855,-0.7011114368688621,-6.1295238095238105,2020-05-01
SING_GC_1,1,2020-04-24,-3.165238095238095,-4.129049902049058,0.9638118068109627,0.5073982695694542,-0.1827905129818203,0.11340534661606319,11.977142857142852,2020-05-08
SING_GC_1,1,2020-05-01,-9.294761904761906,-4.23624745497839,-5.058514449783516,1.5416613469100628,0.8914459349052283,1.2156875888085612,3.614761904761913,2020-05-15
SING_GC_1,1,2020-05-08,2.682380952380946,-3.3977745043669088,6.080155456747855,-0.6147994042885692,-1.0722333984673937,-0.9171425444442137,-4.489523809523817,2020-05-22
SING_GC_1,1,2020-05-15,6.297142857142859,-2.903542503336444,9.200685360479303,-1.362451882614396,-1.7433975628555012,-1.715438404177918,1.6352380952381083,2020-05-29
SING_GC_1,1,2020-05-22,1.807619047619042,-1.956666710588787,3.764285758207829,-0.4236742512661868,-0.7692024580975871,-0.6617042922641402,-2.7628571428571433,2020-06-05
SING_GC_1,4,2017-01-06,1.3333333333333144,2.2597868042557105,-0.9264534709223962,0.09534226438625239,0.4074943859139016,0.42949012125019415,-0.9109523809523523,2017-02-10
SING_GC_1,4,2017-01-13,2.5447619047618844,2.6539117434571278,-0.10914983869524342,-0.2506355872475624,0.08671945735426287,0.13296116791973264,-1.2423809523809548,2017-02-17
SING_GC_1,4,2017-01-20,3.393809523809523,2.3988832255827868,0.9949262982267362,-0.4822398816452699,-0.3444488926320415,-0.2962997987658712,-1.990476190476159,2017-02-24
SING_GC_1,4,2017-01-27,3.529047619047589,2.2985940708970176,1.2304535481505714,-0.4854167480401158,-0.4185112519780339,-0.3618570681500061,1.512380952380965,2017-03-03
SING_GC_1,4,2017-02-03,1.940476190476204,2.1793789921013578,-0.23890280162515376,-0.007285141439014597,0.159786185994858,0.18763344654274355,2.415714285714273,2017-03-10
SING_GC_1,4,2017-02-10,1.633809523809532,1.9626996636379574,-0.3288901398284254,0.08821231645749869,0.182140486310076,0.19063857565360193,0.2099999999999791,2017-03-17
SING_GC_1,4,2017-02-17,2.151428571428568,1.5064230158550407,0.6450055555735275,-0.0254735936057692,-0.21009588926259515,-0.2236899893858271,0.903333333333336,2017-03-24
SING_GC_1,4,2017-02-24,1.53857142857143,1.542746365770119,-0.004174937198688999,0.19442806090855688,0.02563998793369965,0.002643395205396479,-1.146666666666675,2017-03-31
SING_GC_1,4,2017-03-03,3.452857142857169,2.149204946785244,1.303652196071925,-0.30220459489939633,-0.4639887656103083,-0.4556709824302778,-2.486190476190501,2017-04-07
SING_GC_1,4,2017-03-10,4.049523809523805,2.476055193572714,1.573468615951091,-0.4071521969947042,-0.5536106992365014,-0.5322692139777617,-0.6895238095237914,2017-04-14
SING_GC_1,4,2017-03-17,2.3614285714285472,1.9718812793545264,0.38954729207402083,0.0993601954631392,-0.09822673082269774,-0.12333991096840033,-0.3690476190476204,2017-04-21
SING_GC_1,4,2017-03-24,2.441904761904766,2.3904849024524255,0.05141985945234051,0.0969732782387335,0.04196792575135508,0.03407104213316782,-0.061428571428592704,2017-04-28
SING_GC_1,4,2017-03-31,2.306190476190494,2.3201036915510853,-0.013913215360591202,0.16355961535945562,0.05625384645777536,0.03499254655779792,1.1852380952381054,2017-05-05
SING_GC_1,4,2017-04-07,1.5633333333333042,1.9443778804481302,-0.38104454711482605,0.37198821108039637,0.1825582466212121,0.13497064746316748,1.9647619047619003,2017-05-12
SING_GC_1,4,2017-04-14,1.6719047619047558,1.9345926742536799,-0.2626879123489241,0.34148093683184855,0.13638927652029323,0.08953975183347174,1.6342857142857103,2017-05-19
SING_GC_1,4,2017-04-21,2.0728571428571456,2.6361033191347176,-0.563246176277572,0.23064995408926142,0.2535796536155922,0.24002206191250247,0.01952380952383237,2017-05-26
SING_GC_1,4,2017-04-28,2.2447619047619014,2.854616408403289,-0.6098545036413876,0.17722383026201616,0.2732094453272045,0.2722502035451534,0.2685714285714482,2017-06-02
SING_GC_1,4,2017-05-05,2.7485714285714096,2.726146241652111,0.0224251869192984,0.05883879608065856,0.03595497358979272,0.03178969172920937,0.5480952380952431,2017-06-09
SING_GC_1,4,2017-05-12,3.636666666666656,2.457271129084831,1.1793955375818252,-0.18082892345304696,-0.40649279485468637,-0.412431992336383,0.5695238095238433,2017-06-16
SING_GC_1,4,2017-05-19,3.707142857142856,2.817525991723828,0.8896168654190282,-0.18564047636345585,-0.28346463176411235,-0.27817797623535384,2.139047619047574,2017-06-23
SING_GC_1,4,2017-05-26,2.2642857142857338,2.8968047956375322,-0.6325190813517985,0.24081553114410156,0.31371820309111853,0.310430687510254,1.2638095238095275,2017-06-30
SING_GC_1,4,2017-06-02,3.017142857142858,3.0232252073770525,-0.006082350234194678,0.02258853985432055,0.06735954461169262,0.07325477429743374,-2.046190476190475,2017-07-07
SING_GC_1,4,2017-06-09,4.184761904761899,2.59447664776327,1.5902852569986292,-0.3175716702604101,-0.5597803989907013,-0.5583445330800338,-2.7490476190476727,2017-07-14
SING_GC_1,4,2017-06-16,4.276666666666699,2.9360069985255195,1.3406596681411798,-0.32094411298768416,-0.45401217066055527,-0.4451374828870044,-4.054285714285697,2017-07-21
SING_GC_1,4,2017-06-23,4.403333333333308,2.9243072730931927,1.4790260602401148,-0.3176227959007621,-0.48562008778564786,-0.4782052517209753,-5.295714285714325,2017-07-28
SING_GC_1,4,2017-06-30,4.280952380952385,2.3474832192864064,1.933469161665979,-0.24864952803809323,-0.6623807093213723,-0.673796882133987,-3.5357142857142776,2017-08-04
SING_GC_1,4,2017-07-07,2.1385714285714243,2.29843505024583,-0.15986362167440582,0.3784612969641731,0.12982743666276997,0.1034917017059036,-2.969999999999999,2017-08-11
SING_GC_1,4,2017-07-14,1.5276190476190266,2.5102839757487216,-0.9826649281296951,0.5394200414019353,0.4398526440410392,0.41597380243067716,-2.4871428571428567,2017-08-18
SING_GC_1,4,2017-07-21,0.3490476190476101,2.2231952077640216,-1.8741475887164114,0.8601156145885027,0.7853785763792049,0.7576928997601657,-2.202380952380935,2017-08-25
SING_GC_1,4,2017-07-28,-1.01476190476194,2.1960861121881186,-3.2108480169500586,1.2506605641563653,1.3423279535706532,1.31864808615201,-10.605238095238123,2017-09-01
SING_GC_1,4,2017-08-04,-1.3971428571428532,2.529910797487072,-3.9270536546299253,1.3415815099930706,1.6753885597853229,1.6439569295585192,-5.329523809523778,2017-09-08
SING_GC_1,4,2017-08-11,-1.4423809523809723,2.348781292907762,-3.791162245288734,1.2633959133677424,1.6033559302589142,1.5532391645158308,-3.164285714285711,2017-09-15
SING_GC_1,4,2017-08-18,-2.1380952380952465,2.331997477294229,-4.470092715389475,1.3707604107533198,1.8581846157130384,1.793010910117505,-1.0847619047618764,2017-09-22
SING_GC_1,4,2017-08-25,-3.217142857142875,2.030660188289824,-5.247803045432699,1.5462998387885123,2.1147646829694833,2.009776407319411,9.470476190476207,2017-09-29
SING_GC_1,4,2017-09-01,-12.002380952380976,2.0303894967190406,-14.032770449100017,2.7228927673030565,4.610318805738606,4.2024432626565424,5.902857142857101,2017-10-06
SING_GC_1,4,2017-09-08,-6.77190476190475,-4.521282720718244,-2.2506220411865057,1.0999995584627098,0.4710613261075898,-0.5718171532706001,4.4252380952381145,2017-10-13
SING_GC_1,4,2017-09-15,-5.3023809523809575,-4.995263321624085,-0.3071176307568724,0.616877787846909,-0.10907208536284632,-1.1911798871827046,2.8676190476190584,2017-10-20
SING_GC_1,4,2017-09-22,-4.301904761904751,-2.9400813669021155,-1.3618233950026357,0.3738375850530125,0.10896307241487671,-0.5656063673675455,1.7538095238095361,2017-10-27
SING_GC_1,4,2017-09-29,-2.531904761904769,-0.10454233593247747,-2.4273624259722917,0.42559686351640846,0.6085075864182868,0.5105816189076058,1.2366666666667072,2017-11-03
SING_GC_1,4,2017-10-06,-0.8690476190476488,0.20677717820245384,-1.0758247972501027,0.13551639749065145,0.2487922050438705,0.24672130359366518,2.280476190476179,2017-11-10
SING_GC_1,4,2017-10-13,-0.877142857142843,1.4019103555235177,-2.2790532126663607,0.1484864969586065,0.7009551832811146,0.6793439017328646,3.167619047619013,2017-11-17
SING_GC_1,4,2017-10-20,-1.4342857142856928,0.11211665331876154,-1.5464023676044545,0.29072814125271046,0.4721308142708893,0.45606472709888535,0.8400000000000033,2017-11-24
SING_GC_1,4,2017-10-27,-0.7780952380952328,1.7072078742577985,-2.4853031123530314,0.06306553196155035,0.8106524054628832,0.619060102856134,-0.03523809523809979,2017-12-01
SING_GC_1,4,2017-11-03,0.3676190476190584,1.9930512858207545,-1.6254322382016961,-0.3088211845964467,0.5282828018296937,0.28292261169615307,-1.2642857142857054,2017-12-08
SING_GC_1,4,2017-11-10,1.403333333333336,1.908266330883869,-0.504932997550533,-0.6391025952980248,0.16157196982683805,-0.09768631174465506,-2.05523809523811,2017-12-15
SING_GC_1,4,2017-11-17,1.73333333333332,1.812429873554218,-0.07909654022089785,-0.7485992087075938,0.032553721183074355,-0.20103686871187715,-0.1542857142856916,2017-12-22
SING_GC_1,4,2017-11-24,0.0619047619047705,0.9503294301274549,-0.8884246682226844,-0.25651632423157605,0.3212397058074236,0.16856833449058203,-2.351904761904791,2017-12-29
SING_GC_1,4,2017-12-01,0.3323809523809586,1.7025185735113018,-1.370137621130343,-0.3728847424157672,0.4837054120103081,0.24701162032185148,-0.2395238095238312,2018-01-05
SING_GC_1,4,2017-12-08,0.1390476190476306,1.6414749055795346,-1.502427286531904,-0.3690421826314074,0.5153050781673867,0.24085529020307514,2.0000000000000284,2018-01-12
SING_GC_1,4,2017-12-15,-0.3219047619047899,1.4587860675724749,-1.7806908294772648,-0.2933027514518162,0.5976734262005591,0.28976383982585474,0.7714285714285438,2018-01-19
SING_GC_1,4,2017-12-22,-0.0923809523809211,1.6012466058157162,-1.6936275581966374,-0.4131161833102851,0.5705215579161865,0.22568081927215858,-1.0490476190475988,2018-01-26
SING_GC_1,4,2017-12-29,-2.0195238095238324,1.697221370156268,-3.7167451796801005,0.09863970036424995,1.2465166448642233,0.864013597241102,-1.6700000000000157,2018-02-02
SING_GC_1,4,2018-01-05,-0.1004761904762006,1.8442165744150438,-1.9446927648912444,-0.528091927880472,0.6407959992633416,0.18720440970558933,-1.5195238095238321,2018-02-09
SING_GC_1,4,2018-01-12,1.6780952380952383,1.7167220746937635,-0.03862683659852517,-1.0576262008297186,0.0025233973183002058,-0.4212730560816728,1.2309523809523453,2018-02-16
SING_GC_1,4,2018-01-19,0.6790476190476227,2.1540319522791407,-1.474984333231518,-0.7348385437289403,0.501189847134844,0.07304854471549681,4.230952380952402,2018-02-23
SING_GC_1,4,2018-01-26,-3.068571428571431,2.4861835684709663,-5.554754997042398,0.39625304927320093,1.9073332411816937,1.5064703885617616,4.219999999999999,2018-03-02
SING_GC_1,4,2018-02-02,-1.7704761904762163,1.1859271863879894,-2.9564033768642055,-0.022127143326627186,0.960193648614149,0.6122477355601308,1.6352380952381225,2018-03-09
SING_GC_1,4,2018-02-09,0.1585714285714061,3.004533455494429,-2.845962026923023,-0.6087192826853339,0.909561999603267,0.2696790836888025,-0.5414285714285256,2018-03-16
SING_GC_1,4,2018-02-16,1.909999999999968,1.9206449518873847,-0.010644951887416765,-1.0618906727166233,-0.014306238209024276,-0.476916571183161,-0.26666666666667993,2018-03-23
SING_GC_1,4,2018-02-23,1.1623809523809712,1.6820108711590713,-0.5196299187781002,-0.7238367920177623,0.18177911198241142,-0.0863258020430746,-2.2442857142856667,2018-03-30
SING_GC_1,4,2018-03-02,2.4495238095237823,1.1586546803098188,1.2908691292139636,-0.9310077974607881,-0.43183164383910494,-0.57936119019623,-1.5057142857142765,2018-04-06
SING_GC_1,4,2018-03-09,1.7938095238095286,1.206730616652242,0.5870789071572866,-0.6297913722447716,-0.18413649794512757,-0.2938768446716979,-0.9490476190476043,2018-04-13
SING_GC_1,4,2018-03-16,1.3685714285714423,2.032175635096291,-0.6636042065248489,-0.4281322192568019,0.2450367401560013,0.0903979524024137,-0.3961904761904975,2018-04-20
SING_GC_1,4,2018-03-23,0.8957142857142912,2.24236781449971,-1.3466535287854189,-0.22234543535069712,0.48417389612002126,0.34413587410743496,-0.3252380952381201,2018-04-27
SING_GC_1,4,2018-03-30,0.2052380952381156,1.5954090314957718,-1.3901709362576562,0.0020077591120687514,0.4853860591894674,0.3864872316882981,-0.5290476190476453,2018-05-04
SING_GC_1,4,2018-04-06,0.2880952380952521,1.684952448392245,-1.3968572102969927,-0.012918194282651039,0.486474638994094,0.37911762257139736,-1.8276190476190664,2018-05-11
SING_GC_1,4,2018-04-13,0.419523809523838,1.2592621818433494,-0.8397383723195113,-0.03924197714372,0.29006672988344956,0.21513187433398429,-1.1747619047619082,2018-05-18
SING_GC_1,4,2018-04-20,0.4995238095237937,0.8131296962595008,-0.3136058867357071,-0.04063690004298055,0.1033569417264759,0.06842639391167002,-0.3885714285714244,2018-05-25
SING_GC_1,4,2018-04-27,-0.1200000000000045,0.5830601651535918,-0.7030601651535964,0.1525407083234116,0.23470004236025285,0.2346403252617351,-0.5685714285714027,2018-06-01
SING_GC_1,4,2018-05-04,-0.2409523809523932,0.6180804625947122,-0.8590328435471054,0.17871033300808264,0.2829408633171304,0.28074709222534566,0.3619047619047535,2018-06-08
SING_GC_1,4,2018-05-11,-1.4080952380952283,0.23506615056179161,-1.64316138865702,0.4860765199569181,0.535424168942022,0.5849369631179884,0.4161904761905078,2018-06-15
SING_GC_1,4,2018-05-18,-0.6752380952381145,-0.0005093294233611111,-0.6747287658147534,0.23169266289438423,0.1975658094182257,0.24007852036900712,0.03285714285712521,2018-06-22
SING_GC_1,4,2018-05-25,-0.5085714285714289,0.30272265200498094,-0.8112940805764098,0.17315391436658895,0.24218570299310826,0.2499046807244665,-0.3271428571428885,2018-06-29
SING_GC_1,4,2018-06-01,-0.809523809523796,0.7661919839572782,-1.5757157934810742,0.2459256712471114,0.49734528189515026,0.4642447812509964,-0.371428571428595,2018-07-06
SING_GC_1,4,2018-06-08,-1.0461904761904748,0.6327016759687043,-1.678892152159179,0.30460192994151564,0.5352578327591384,0.5145473960169347,-1.636190476190506,2018-07-13
SING_GC_1,4,2018-06-15,-0.2590476190476067,1.2183708189602291,-1.477418438007836,0.06870523131631624,0.4693882896805511,0.3714558220852806,-0.6899999999999693,2018-07-20
SING_GC_1,4,2018-06-22,-0.4757142857143037,2.0121646203245978,-2.4878789060389015,0.12809048461123573,0.8147520810086635,0.6477574973556797,-1.3576190476190106,2018-07-27
SING_GC_1,4,2018-06-29,-1.1366666666666845,1.7124484501349508,-2.8491151168016353,0.33321603094771834,0.9390359196896275,0.8210771781025897,-1.3933333333333167,2018-08-03
SING_GC_1,4,2018-07-06,-1.4176190476190698,1.5445887080785838,-2.9622077556976536,0.39784964868443107,0.9742384625508743,0.8717204175057848,-1.004761904761893,2018-08-10
SING_GC_1,4,2018-07-13,-1.8952380952381127,0.7764647774104776,-2.6717028726485905,0.48462933281906245,0.8577254229308195,0.8194868121131816,-1.4419047619047944,2018-08-17
SING_GC_1,4,2018-07-20,-1.165714285714273,0.28818698564969536,-1.4539012713639683,0.2428242824868211,0.44652716389748853,0.4251076977989156,0.14285714285711038,2018-08-24
SING_GC_1,4,2018-07-27,-2.494285714285695,-0.49214839771711905,-2.002137316568576,0.6330913632002098,0.6040463756291382,0.7034481018153929,-0.3347619047619337,2018-08-31
SING_GC_1,4,2018-08-03,-2.8109523809523864,0.2305454341200157,-3.041497815072402,0.6998486195453871,0.9067306476742085,0.940282300752926,1.0657142857143074,2018-09-07
SING_GC_1,4,2018-08-10,-2.9000000000000057,0.9759174138052383,-3.875917413805244,0.6787030437474104,1.140934795839969,1.0807285234517012,1.7723809523809564,2018-09-14
SING_GC_1,4,2018-08-17,-2.6076190476190675,1.4724964856744927,-4.08011553329356,0.5252933240160529,1.1780512573415984,1.0279966600923074,3.4257142857142924,2018-09-21
SING_GC_1,4,2018-08-24,-2.3514285714285847,2.2154780213157714,-4.566906592744356,0.41225605069622073,1.338497207594197,1.0835703611576348,3.8238095238095586,2018-09-28
SING_GC_1,4,2018-08-31,-3.14571428571432,1.0136875193634651,-4.159401805077785,0.5689198379350446,1.2074580327176883,1.0721891534739305,2.4438095238095343,2018-10-05
SING_GC_1,4,2018-09-07,-1.8342857142856983,2.159573860565132,-3.9938595748508305,0.15764541806007565,1.1787314129573954,0.8734204816169313,1.4119047619047649,2018-10-12
SING_GC_1,4,2018-09-14,-0.8352380952381111,3.3550069194739884,-4.190245014712099,-0.14788616059748422,1.2775337344805529,0.8498841657592935,0.9704761904761767,2018-10-19
SING_GC_1,4,2018-09-21,1.0742857142857076,2.295056072482849,-1.2207703581971412,-0.6967019528274903,0.3760652842126091,0.02296978441526317,1.4290476190476227,2018-10-26
SING_GC_1,4,2018-09-28,0.6780952380952385,1.5131267242727542,-0.8350314861775157,-0.5665719801807192,0.27573220011630784,0.03310171420254519,1.222857142857123,2018-11-02
SING_GC_1,4,2018-10-05,0.6095238095238358,1.8947857576748417,-1.285261948151006,-0.5397058153651689,0.4394551368579589,0.18135944455320557,2.410476190476203,2018-11-09
SING_GC_1,4,2018-10-12,0.5766666666666538,2.3521122556568628,-1.775445588990209,-0.5231756688339293,0.6101341589569994,0.33348760062123967,2.3600000000000136,2018-11-16
SING_GC_1,4,2018-10-19,2.0447619047618844,2.9836220195033594,-0.938860114741475,-0.9478189747921981,0.32540316333547054,-0.016119566649826233,2.5528571428571354,2018-11-23
SING_GC_1,4,2018-10-26,2.107142857142861,1.9560377901771573,0.15110506696570392,-0.9155429518055807,-0.03718808272412866,-0.2740541603339951,2.3723809523809507,2018-11-30
SING_GC_1,4,2018-11-02,1.8323809523809589,2.682273202930155,-0.8498922505491959,-0.7913263263105258,0.3085728607114446,0.06737054459773212,-1.799999999999983,2018-12-07
SING_GC_1,4,2018-11-09,2.9871428571428567,2.163625223593094,0.8235176335497627,-1.0522316275167747,-0.25232176809107837,-0.4359245327222175,-3.197619047619071,2018-12-14
SING_GC_1,4,2018-11-16,4.404761904761898,0.6834544647444967,3.7213074400174015,-1.3735887029907738,-1.250820850224839,-1.3501753163898333,-4.621428571428567,2018-12-21
SING_GC_1,4,2018-11-23,4.659999999999997,1.3464417290667505,3.313558270933246,-1.3225826437611308,-1.1107348149869876,-1.1776209501526407,-2.707619047619062,2018-12-28
SING_GC_1,4,2018-11-30,4.204761904761909,1.1450971035611035,3.059664801200806,-1.0867939332340584,-1.014167959495379,-1.0390375215360597,-0.021904761904778525,2019-01-04
SING_GC_1,4,2018-12-07,1.1871428571428737,0.9788443129895553,0.2082985441533184,-0.26089589049010675,-0.03929427715813459,-0.06518936080138146,-2.299999999999983,2019-01-11
SING_GC_1,4,2018-12-14,1.207142857142827,0.29562154359455317,0.9115213135482739,-0.2707961461022794,-0.29976928854535173,-0.31724233849648525,-2.087619047619086,2019-01-18
SING_GC_1,4,2018-12-21,0.03857142857143,1.0336638204367559,-0.9950923918653258,0.0470845225391609,0.35668654362850005,0.32208345166796026,-4.929047619047594,2019-01-25
SING_GC_1,4,2018-12-28,1.4971428571428476,1.218493147018704,0.27864971012414363,-0.36610524293508523,-0.10849788846503593,-0.1737788623529426,-4.666190476190479,2019-02-01
SING_GC_1,4,2019-01-04,1.1652380952380952,1.2528647186312045,-0.08762662339310934,-0.22697746871235425,0.02951166197380624,-0.020845348516646316,-0.7380952380952122,2019-02-08
SING_GC_1,4,2019-01-11,-1.0928571428571558,1.0074437829469025,-2.100300925804058,0.4430937725493775,0.7465240950417166,0.7436249251908437,-0.03476190476186458,2019-02-15
SING_GC_1,4,2019-01-18,-2.049047619047656,1.1068065039540773,-3.1558541230017334,0.7129191611138294,1.1275750163962657,1.1328444934872979,1.4590476190475952,2019-02-22
SING_GC_1,4,2019-01-25,-3.4319047619047467,1.2329553011652266,-4.664860063069973,1.0890168904440012,1.6348391072189008,1.6549925372359593,2.2528571428571524,2019-03-01
SING_GC_1,4,2019-02-01,-3.500952380952384,1.8855038593613065,-5.386456240313691,1.0986071708173937,1.886560194042826,1.8681254864395664,0.9595238095238015,2019-03-08
SING_GC_1,4,2019-02-08,-1.830952380952368,0.9375202133635622,-2.7684725943159303,0.6036551610652201,0.9501613648356441,0.9576214287461955,2.2228571428571513,2019-03-15
SING_GC_1,4,2019-02-15,-2.0838095238095207,0.2631118423118621,-2.3469213661213826,0.6829099513855464,0.7953111808240587,0.8508297303315835,2.1852380952381054,2019-03-22
SING_GC_1,4,2019-02-22,-1.9728571428571515,1.0421479384529744,-3.015005081310126,0.6615538756105555,1.041909392041645,1.0480367357721616,1.2652380952380895,2019-03-29
SING_GC_1,4,2019-03-01,-1.2480952380952317,0.6710841253770006,-1.9191793634722323,0.4752747677608631,0.6617085980577989,0.6812412343504767,0.9138095238095048,2019-04-05
SING_GC_1,4,2019-03-08,-0.8714285714285666,0.4399511761581487,-1.3113797475867153,0.3690760416150285,0.43526071910495306,0.4645806404409484,-0.5142857142857054,2019-04-12
SING_GC_1,4,2019-03-15,0.1390476190476306,0.8529648551713318,-0.7139172361237012,0.07829599336763282,0.23267736474482836,0.21632716215833206,-0.35000000000002274,2019-04-19
SING_GC_1,4,2019-03-22,0.2123809523809541,0.6774519408610997,-0.4650709884801456,0.05281908868164195,0.15218216732148843,0.14194744182466995,-0.3604761904761914,2019-04-26
SING_GC_1,4,2019-03-29,0.0171428571428577,-0.7300189256470204,0.7471617827898781,0.10917094741171472,-0.28550470917182635,-0.20171298757395859,0.2852380952380997,2019-05-03
SING_GC_1,4,2019-04-05,0.0423809523809382,-0.43303253012954535,0.47541348251048354,0.09646105419415121,-0.18729391868966477,-0.12569059996311677,-0.8776190476190777,2019-05-10
SING_GC_1,4,2019-04-12,-0.3752380952380747,-0.48433546286196544,0.10909736762389072,0.2117167752306881,-0.05928740623315897,0.010850954115665213,-1.6380952380952465,2019-05-17
SING_GC_1,4,2019-04-19,-0.1376190476190686,-0.15183186450570835,0.01421281688663975,0.10855942095479382,-0.0277662344877666,0.008890402832997791,-1.6623809523809427,2019-05-24
SING_GC_1,4,2019-04-26,-0.3433333333333337,0.16911940036101514,-0.5124527336943488,0.14168083141396387,0.16041336134967527,0.17273763732320013,-2.4695238095237926,2019-05-31
SING_GC_1,4,2019-05-03,0.3276190476190379,-0.20437486166794844,0.5319939092869863,-0.08652983885764559,-0.2138562398903717,-0.19712303764574576,-0.4900000000000091,2019-06-07
SING_GC_1,4,2019-05-10,-1.2528571428571524,0.3063683786529595,-1.559225521510112,0.3542537091014572,0.5382152624703819,0.5416152448330349,-0.21809523809520215,2019-06-14
SING_GC_1,4,2019-05-17,-1.775714285714315,0.13255190357843571,-1.9082661892927508,0.4338294047697792,0.6599503150381142,0.6645298875183404,-0.07047619047619946,2019-06-21
SING_GC_1,4,2019-05-24,-2.0057142857142765,0.5983822113786774,-2.6040964970929537,0.4168515665239583,0.9071160989791014,0.8654937595867354,-0.9023809523809803,2019-06-28
SING_GC_1,4,2019-05-31,-2.1419047619047547,-0.20943014832265539,-1.9324746135820994,0.37010981969226237,0.6544886937715226,0.6451063650901669,-2.510952380952375,2019-07-05
SING_GC_1,4,2019-06-07,-1.7428571428571615,0.16973361679220478,-1.9125907596493663,0.20930282988679488,0.6490635763161774,0.5978456931404678,-3.088571428571413,2019-07-12
SING_GC_1,4,2019-06-14,-1.9938095238095173,0.1395169158453694,-2.1333264396548866,0.2461782338575637,0.7260824274607679,0.6711462221704961,-1.460000000000008,2019-07-19
SING_GC_1,4,2019-06-21,-2.076190476190476,-0.14498662946437357,-1.9312038467261023,0.24383346734651348,0.6514077608176536,0.6085141942359745,-0.5780952380951865,2019-07-26
SING_GC_1,4,2019-06-28,-3.044285714285735,0.37924464039216754,-3.4235303546779026,0.4813893227081125,1.1682783343865601,1.097373702253415,0.7719047619047785,2019-08-02
SING_GC_1,4,2019-07-05,-4.253809523809537,-0.060105841552905326,-4.193703682256631,0.768881949857851,1.4124252748047612,1.3768908056567566,2.3542857142856803,2019-08-09
SING_GC_1,4,2019-07-12,-5.08238095238093,0.6074089887437406,-5.689789941124671,0.9531034032468833,1.8921311397838414,1.8145847325134912,1.1219047619048013,2019-08-16
SING_GC_1,4,2019-07-19,-3.536190476190484,-0.7528302449284302,-2.7833602312620536,0.4577542209679715,0.8816729623825746,0.8530618730621766,-0.02142857142860155,2019-08-23
SING_GC_1,4,2019-07-26,-3.6223809523809214,-0.9669217221383996,-2.655459230242522,0.47706934217029706,0.8307329447400805,0.8182016641795566,0.125714285714281,2019-08-30
SING_GC_1,4,2019-08-02,-3.481904761904758,-0.2831912092145323,-3.1987135526902257,0.4373117301394642,1.0122811036344572,0.9466682813752547,0.22571428571427532,2019-09-06
SING_GC_1,4,2019-08-09,-2.72809523809525,-0.09965702252203679,-2.628438215573213,0.2099224899382322,0.8383627528663524,0.7359071156441102,-0.5333333333333883,2019-09-13
SING_GC_1,4,2019-08-16,-2.4142857142856826,0.4618318087507013,-2.876117523036384,0.11122627307136917,0.9123792599635105,0.7569293269260798,1.3199999999999932,2019-09-20
SING_GC_1,4,2019-08-23,-3.643809523809523,-0.22344267102224635,-3.420366852787277,0.4640837605144572,1.0889252149469109,1.0105187325021756,0.8166666666666913,2019-09-27
SING_GC_1,4,2019-08-30,-3.356190476190477,-0.032022641483209435,-3.324167834707268,0.3493507982351954,1.0533937372555384,0.9428904415889886,0.566190476190485,2019-10-04
SING_GC_1,4,2019-09-06,-2.5023809523809746,1.4170672185658355,-3.91944817094681,0.0692927775184178,1.2497444768442434,1.0049597160218868,0.7490476190476447,2019-10-11
SING_GC_1,4,2019-09-13,-2.947619047619071,1.5073537420951961,-4.454972789714267,0.1650910075413952,1.4230728915346933,1.17797283969379,-0.37666666666666515,2019-10-18
SING_GC_1,4,2019-09-20,-2.3238095238095298,0.7418625635491098,-3.0656720873586396,-0.048800252632458206,0.9740061044303495,0.761407190448923,-2.1590476190476693,2019-10-25
SING_GC_1,4,2019-09-27,-2.5395238095237858,0.2198098134006955,-2.759333622924481,-0.011557749758786151,0.8734286157704033,0.6920781627548769,-0.2433333333333394,2019-11-01
SING_GC_1,4,2019-10-04,-1.9361904761904896,0.48445541840512396,-2.4206458945956135,-0.2177707803883207,0.7587423255583229,0.5297345605126792,6.362380952380931,2019-11-08
SING_GC_1,4,2019-10-11,-2.198571428571426,-0.20937721567728884,-1.9891942128941373,-0.15647394526992586,0.614113513822194,0.43193752232256727,3.528571428571439,2019-11-15
SING_GC_1,4,2019-10-18,-2.700476190476195,-0.5950936335511805,-2.105382556925014,-0.03569852240117481,0.6329388033448703,0.472608865471159,4.459523809523802,2019-11-22
SING_GC_1,4,2019-10-25,-4.698571428571455,-0.2412882348117688,-4.457283193759686,0.5134883010154667,1.3419563869899138,1.1894937998692836,0.7547619047618923,2019-11-29
SING_GC_1,4,2019-11-01,-2.179523809523829,-1.0117550880747617,-1.1677687214490673,-0.28433790124475045,0.31159352413296343,0.11215868704806044,-5.966190476190434,2019-12-06
SING_GC_1,4,2019-11-08,4.163809523809505,-0.7144183121149978,4.878227835924503,-2.1073463387405247,-1.5980524749677776,-1.9485943785129298,-2.0876190476190573,2019-12-13
SING_GC_1,4,2019-11-15,0.8280952380952442,-0.5716767114996056,1.3997719495948497,-1.052168324031793,-0.4777862948969176,-0.6969135312481016,-1.439523809523763,2019-12-20
SING_GC_1,4,2019-11-22,-0.2390476190476533,-0.20932716597484247,-0.02972045307281082,-0.6934328630240622,0.002696812434285897,-0.17937338246223566,-1.0357142857142776,2019-12-27
SING_GC_1,4,2019-11-29,-1.4247619047619366,-0.529931903935984,-0.8948300008259527,-0.32772834584697536,0.28505026105148734,0.14890952760419657,-2.0285714285714387,2020-01-03
SING_GC_1,4,2019-12-06,-1.802380952380929,-0.6917930264839682,-1.1105879258969609,-0.23978391341319083,0.32630908800956965,0.18398790921455987,-1.69619047619048,2020-01-10
SING_GC_1,4,2019-12-13,-1.259523809523813,-0.9449348429914664,-0.3145889665323467,-0.3963023962620581,0.06803356223152088,-0.0722102446212054,0.4757142857142753,2020-01-17
SING_GC_1,4,2019-12-20,-1.6785714285714164,-1.1513240803956502,-0.5272473481757662,-0.26619125826043283,0.13443610749001023,0.019939936681658152,3.2328571428571706,2020-01-24
SING_GC_1,4,2019-12-27,-2.4604761904762142,-1.3128408765782487,-1.1476353138979656,-0.02158845281972139,0.3339767110768677,0.2567894888934516,5.590952380952359,2020-01-31
SING_GC_1,4,2020-01-03,-3.830952380952368,-0.7612604673939597,-3.069691913558408,0.398287213175326,0.9513118909360475,0.8771312469827984,2.3823809523809696,2020-02-07
SING_GC_1,4,2020-01-10,-2.955714285714293,-0.5124591231162003,-2.443255162598093,0.14923708725774412,0.7402109362198662,0.6218240666760859,-0.5357142857142778,2020-02-14
SING_GC_1,4,2020-01-17,-1.202857142857141,0.08074535633295454,-1.2836024991900956,-0.35898010425796584,0.36902206733844956,0.15441392674905913,-2.7161904761904623,2020-02-21
SING_GC_1,4,2020-01-24,0.7723809523809564,1.482320720729017,-0.7099397683480606,-0.8951182052284581,0.1971320372697294,-0.15800294666119905,-3.366190476190468,2020-02-28
SING_GC_1,4,2020-01-31,1.759999999999991,0.697599529029137,1.0624004709708539,-1.1149679784510624,-0.36325531109046394,-0.6556745712449171,-0.317619047619047,2020-03-06
SING_GC_1,4,2020-02-07,-0.5733333333333235,0.05622028312331573,-0.6295536164566392,-0.37124624656291716,0.20043683148749275,0.0386693411113854,3.347142857142856,2020-03-13
SING_GC_1,4,2020-02-14,-1.7385714285714189,0.7305820962524258,-2.4691535248238448,-0.007153222546776812,0.8022374355182621,0.6299029983849508,7.384761904761888,2020-03-20
SING_GC_1,4,2020-02-21,-1.943809523809506,1.2490608739857993,-3.1928703977953052,0.06752923796404359,1.0248665549971359,0.8140870246566471,6.910952380952395,2020-03-27
SING_GC_1,4,2020-02-28,-1.606190476190477,-0.5078243966566867,-1.0983660795337904,-0.025282380733684086,0.32649953796792075,0.23341301303727732,4.553809523809505,2020-04-03
SING_GC_1,4,2020-03-06,-0.8909523809523705,-0.290105705105169,-0.6008466758472015,-0.2263342963369139,0.165727619600568,0.0350203873427368,-0.23619047619048672,2020-04-10
SING_GC_1,4,2020-03-13,1.6085714285714374,-0.5018042676953771,2.1103756962668143,-0.9290886279922334,-0.7084874752208061,-0.8845117990127785,-3.741904761904763,2020-04-17
SING_GC_1,4,2020-03-20,5.440952380952382,0.16303245643023978,5.277919924522142,-1.996230771791722,-1.782248598898625,-2.0657644098593586,-8.470000000000013,2020-04-24
SING_GC_1,4,2020-03-27,5.304761904761918,-0.8295387388100934,6.134300643572011,-1.8454578279158897,-2.1361246868640613,-2.280343579380097,-12.95761904761904,2020-05-01
SING_GC_1,4,2020-04-03,3.662857142857135,-2.0298648170419145,5.69272195989905,-1.2514420695657542,-1.994893803244896,-2.01128533827042,1.3099999999999952,2020-05-08
SING_GC_1,4,2020-04-10,1.3723809523809507,-3.326792156262016,4.699173108642967,-0.49574269590607456,-1.656184876575759,-1.5564612730731142,4.59809523809524,2020-05-15
SING_GC_1,4,2020-04-17,1.6990476190476187,-4.101822278548787,5.800869897596406,-0.5672313838032375,-2.0954798603675253,-1.9589381121338165,4.972857142857137,2020-05-22
SING_GC_1,4,2020-04-24,-3.165238095238095,-4.129049902049058,0.9638118068109627,1.066633883571564,-0.40131929092069385,-0.05750645927007472,12.737619047619056,2020-05-29
SING_GC_1,4,2020-05-01,-9.294761904761906,-4.23624745497839,-5.058514449783516,3.4784349278090927,2.058138562093383,2.761478993032619,-2.002380952380939,2020-06-05
SING_GC_1,4,2020-05-08,2.682380952380946,-3.3977745043669088,6.080155456747855,-1.229064275947934,-2.554041241014513,-2.3999328136490394,,2020-06-12
SING_GC_1,4,2020-05-15,6.297142857142859,-2.903542503336444,9.200685360479303,-2.483247188491036,-3.704638720013842,-3.6880552928139245,,2020-06-19
SING_GC_1,4,2020-05-22,1.807619047619042,-1.956666710588787,3.764285758207829,-0.7150741227968178,-1.4507709626366585,-1.3456020873257895,,2020-06-26
NWE_GC_1,1,2017-01-06,1.8576262992506545,5.591078388222477,-3.7334520889718226,0.24744019620990532,0.5834964986558989,0.4541082043579894,0.12569736524054065,2017-01-20
NWE_GC_1,1,2017-01-13,4.908310369833174,6.540520169967367,-1.6322098001341931,-0.35212127515663144,0.27578241640280193,0.009835344077082732,-0.1941068407058424,2017-01-27
NWE_GC_1,1,2017-01-20,5.034007735073715,5.763324141825699,-0.729316406751984,-0.38381221498319534,0.10438667913620014,-0.12218465505689094,-0.6219289340101559,2017-02-03
NWE_GC_1,1,2017-01-27,4.839900894367872,4.893521225533576,-0.053620331165703305,-0.3459339928732902,-0.020845151169723103,-0.18724418549071808,-0.4844525018128829,2017-02-10
NWE_GC_1,1,2017-02-03,4.217971960357716,5.7713689812013715,-1.5533970208436552,-0.22231469930804035,0.23986634404628404,0.028409468943893346,0.9276988155668562,2017-02-17
NWE_GC_1,1,2017-02-10,3.7335194585448335,5.420737572210586,-1.687218113665753,-0.11688207576112059,0.2621816171905639,0.09659942273603973,-0.3852767706067368,2017-02-24
NWE_GC_1,1,2017-02-17,4.66121827411169,4.186488783646916,0.47472949046477364,-0.27309738370803366,-0.11526925002663224,-0.20862635544192068,1.2662315687696548,2017-03-03
NWE_GC_1,1,2017-02-24,4.275941503504953,4.711694437982812,-0.43575293447785945,-0.1675563191429196,0.041225320838598964,-0.05851977737611975,0.084943195552313,2017-03-10
NWE_GC_1,1,2017-03-03,5.542173072274608,5.190313523714272,0.35185954856033597,-0.38231027856929656,-0.08546639498145817,-0.24600784802149162,0.07803964225283266,2017-03-17
NWE_GC_1,1,2017-03-10,5.627116267826921,5.9716038384197745,-0.34448757059285384,-0.3769809986466255,0.03744381169950966,-0.16364594688117917,-0.05126178390136715,2017-03-24
NWE_GC_1,1,2017-03-17,5.705155910079753,6.1150484012735395,-0.40989249119378623,-0.36046038200585856,0.05093636246456985,-0.14320818392161735,0.10213923132707237,2017-03-31
NWE_GC_1,1,2017-03-24,5.653894126178386,6.476507084494027,-0.8226129583156405,-0.3192566295152432,0.12365396865263464,-0.07388920490769454,-1.1219966159052603,2017-04-07
NWE_GC_1,1,2017-03-31,5.7560333575054585,6.386901966440544,-0.6308686089350859,-0.3032286913714367,0.09148342492129666,-0.08384421929152572,-0.2696011602610895,2017-04-14
NWE_GC_1,1,2017-04-07,4.634036741600198,6.071112066802229,-1.4370753252020307,-0.07391565296310322,0.22111392515115277,0.10299876671420705,0.16744984288135356,2017-04-21
NWE_GC_1,1,2017-04-14,4.364435581339109,5.751957720135539,-1.38752213879643,-0.014009034060179865,0.21086735166503892,0.12806719811247674,0.5436717428087832,2017-04-28
NWE_GC_1,1,2017-04-21,4.531885424220462,6.443977166503549,-1.9120917422830868,-0.039563107784538795,0.3038931843619736,0.17270932019357046,0.6605656272661236,2017-05-05
NWE_GC_1,1,2017-04-28,5.075557167029245,6.944993018841126,-1.8694358518118808,-0.13774667239040392,0.30372801555779716,0.12286016241872738,0.10927000241721885,2017-05-12
NWE_GC_1,1,2017-05-05,5.736122794295369,6.789124585640235,-1.0530017913448662,-0.24491350167410544,0.16778216971119936,-0.014719224578341489,0.13441140923373496,2017-05-19
NWE_GC_1,1,2017-05-12,5.845392796712588,6.481984799813589,-0.6365920031010015,-0.25381363114222477,0.09384887971787315,-0.0676128165042847,-1.3615180082184972,2017-05-26
NWE_GC_1,1,2017-05-19,5.979804205946323,6.376461067271991,-0.3966568613256678,-0.2705955410498115,0.052364471010009336,-0.1018283596049122,0.943091612279404,2017-06-02
NWE_GC_1,1,2017-05-26,4.618286197727826,6.697752590757772,-2.0794663930299464,-0.013542187202711511,0.3332051798068344,0.2037994770636315,1.442455885907691,2017-06-09
NWE_GC_1,1,2017-06-02,5.5613778100072295,5.787392863684434,-0.22601505367720431,-0.18302068765579266,0.021091437828919982,-0.07861495330319664,0.15003867536862003,2017-06-16
NWE_GC_1,1,2017-06-09,7.0038336959149206,6.391958927519751,0.61187476839517,-0.4434045520033213,-0.11859959714752778,-0.29576415432265996,0.7602175489485035,2017-06-23
NWE_GC_1,1,2017-06-16,7.153872371283541,6.5890763765342735,0.5647959947492671,-0.44888639444948353,-0.11013593542003193,-0.2918712093674798,-0.10147208121827589,2017-06-30
NWE_GC_1,1,2017-06-23,7.914089920232044,6.3998809649350505,1.5142089552969935,-0.5446495036804373,-0.2723372805803423,-0.4410934477744884,-2.5459342518733195,2017-07-07
NWE_GC_1,1,2017-06-30,7.812617839013768,6.222628069147084,1.5899897698666843,-0.4863727523326839,-0.2880400234725891,-0.42528066889216126,-0.5246579647087515,2017-07-14
NWE_GC_1,1,2017-07-07,5.266683587140449,5.756322951567491,-0.4896393644270427,0.000880236025230359,0.06521819428165371,0.047781882858415614,-0.8614334058496524,2017-07-21
NWE_GC_1,1,2017-07-14,4.742025622431697,5.88190378695665,-1.1398781645249532,0.10515481198934437,0.1848122487915575,0.18110208925097443,-1.2456079284505677,2017-07-28
NWE_GC_1,1,2017-07-21,3.880592216582045,6.511525102292071,-2.630932885710026,0.2624129102653822,0.4520286513014877,0.4389391531727729,0.3319047619047808,2017-08-04
NWE_GC_1,1,2017-07-28,2.634984288131477,6.151840633866508,-3.5168563457350306,0.4797535474182299,0.5962919571286036,0.6474278215119923,0.36556683587139105,2017-08-11
NWE_GC_1,1,2017-08-04,2.966889050036258,6.847066229385329,-3.8801771793490714,0.40552676914809493,0.6621227603590362,0.6476172110313412,-0.8529538312786826,2017-08-18
NWE_GC_1,1,2017-08-11,3.332455885907649,6.122648580276772,-2.7901926943691233,0.3275743828772627,0.46584454972463724,0.47748670161671336,-0.8888131496253493,2017-08-25
NWE_GC_1,1,2017-08-18,2.4795020546289663,6.337946599432253,-3.8584445448032865,0.4540906471536315,0.6101086091135001,0.6324502069192541,-8.387123519458555,2017-09-01
NWE_GC_1,1,2017-08-25,1.590688905003617,6.200704009793612,-4.610015104789995,0.579235915712539,0.7017429816854444,0.7556601643197922,5.801783901377831,2017-09-08
NWE_GC_1,1,2017-09-01,-6.796434614454938,5.975737004472669,-12.772171618927608,1.4165038272172896,1.262370494652097,1.5730691944847175,0.8972492144065712,2017-09-15
NWE_GC_1,1,2017-09-08,-0.9946507130771068,0.8067439198059971,-1.8013946328831039,0.842538945143425,0.20297173658777679,0.6571069361074029,1.1064708726130164,2017-09-22
NWE_GC_1,1,2017-09-15,-0.0974014986705356,0.29399363408801893,-0.39139513275855453,0.5607888682210453,-0.00817565931678143,0.3587712002617543,2.0016896301667657,2017-09-29
NWE_GC_1,1,2017-09-22,1.0090693739424808,1.8781396033889264,-0.8690702294464456,0.3709544319189931,0.061130793663717244,0.28759481078526083,0.7577326565143774,2017-10-06
NWE_GC_1,1,2017-09-29,3.0107590041092465,4.3773615629007425,-1.366602558791496,0.05000559070175266,0.1403335648776917,0.08655053040950737,-0.23676335508824264,2017-10-13
NWE_GC_1,1,2017-10-06,3.768491660623624,4.650933717908101,-0.8824420572844773,-0.08110143118330725,0.0842345461088335,-0.038560733550997865,-0.5320038675368441,2017-10-20
NWE_GC_1,1,2017-10-13,3.531728305535381,5.4171679111941415,-1.8854396056587603,-0.048341467477265955,0.2106705590735878,0.022698237510189997,0.9809427121102487,2017-10-27
NWE_GC_1,1,2017-10-20,2.999724437998537,4.833146672111649,-1.8334222341131121,0.028847254120424465,0.19895153769193152,0.0795136128190658,1.705056804447651,2017-11-03
NWE_GC_1,1,2017-10-27,3.980667150108786,6.001732846807197,-2.0210656966984115,-0.1376466629820058,0.23346149375029873,-0.03768243631667096,0.43963016678753775,2017-11-10
NWE_GC_1,1,2017-11-03,5.685723954556437,5.748486183641614,-0.06276222908517681,-0.4181877783542319,-0.007071009407611817,-0.3229583716501928,-0.055545080976571626,2017-11-17
NWE_GC_1,1,2017-11-10,6.125354121343975,6.197890009807573,-0.07253588846359804,-0.48592048325871956,-0.0043999632023793075,-0.3667546388239838,-0.5013778100072273,2017-11-24
NWE_GC_1,1,2017-11-17,6.069809040367403,5.768934215333392,0.3008748250340112,-0.4699053868356518,-0.05429271400220361,-0.37020075936019214,-0.004723229393306383,2017-12-01
NWE_GC_1,1,2017-11-24,5.568431230360176,5.003839000890462,0.5645922294697137,-0.3794658594291971,-0.0929650239288734,-0.3187624428511328,-1.434329224075384,2017-12-08
NWE_GC_1,1,2017-12-01,5.563708000966869,5.796500443979939,-0.23279244301306967,-0.3714761255461414,0.01288464524431623,-0.26947755560982506,0.2557505438723524,2017-12-15
NWE_GC_1,1,2017-12-08,4.129378776891485,5.340994472493336,-1.211615695601851,-0.16022422687007076,0.13540210664757807,-0.0715073237479125,0.47922165820645546,2017-12-22
NWE_GC_1,1,2017-12-15,4.385129320763838,5.567702572450219,-1.1825732516863816,-0.21540439972631042,0.13424797170774683,-0.10861805986248697,-1.5541672709693444,2017-12-29
NWE_GC_1,1,2017-12-22,4.864350978970293,5.867763040619273,-1.0034120616489801,-0.3104048934934967,0.11402815076613279,-0.182183692867184,0.2852550157118685,2018-01-05
NWE_GC_1,1,2017-12-29,3.310183708000949,5.747603105593621,-2.437419397592672,-0.08844723234299445,0.29076878461376277,0.03419242473993841,0.48778100072516395,2018-01-12
NWE_GC_1,1,2018-01-05,3.5954387237128174,6.288104355411685,-2.6926656316988673,-0.14284589363659986,0.3288042452181818,0.014485818855043346,-0.09138506163884541,2018-01-19
NWE_GC_1,1,2018-01-12,4.083219724437981,6.029289463595664,-1.946069739157683,-0.2252157919491221,0.23471030510158292,-0.0751228527126304,-1.9836596567560894,2018-01-26
NWE_GC_1,1,2018-01-19,3.991834662799136,6.180228837090347,-2.188394174291211,-0.20878568993218832,0.26358359964073186,-0.05236548725054969,1.5115349286922424,2018-02-02
NWE_GC_1,1,2018-01-26,2.0081750060430466,6.498953308089465,-4.490778302046419,0.11201556843222804,0.5374717331064092,0.2601955687131586,2.6667802755619903,2018-02-09
NWE_GC_1,1,2018-02-02,3.519709934735289,5.203393877929265,-1.6836839431939765,-0.13038503646332344,0.19500794118797748,-0.019546872191207314,1.809441624365519,2018-02-16
NWE_GC_1,1,2018-02-09,6.186490210297279,6.191748011710108,-0.005257801412828833,-0.555571673721911,-0.010337302608225272,-0.372667626682392,0.08196760937877912,2018-02-23
NWE_GC_1,1,2018-02-16,7.995931834662798,5.515160428136597,2.480771406526201,-0.8095525907123543,-0.360618380095313,-0.701843034148043,1.2714309886390822,2018-03-02
NWE_GC_1,1,2018-02-23,8.077899444041577,5.261558468606308,2.816340975435269,-0.7640379403851105,-0.41068686350563766,-0.6987193992869625,0.2411916847957798,2018-03-09
NWE_GC_1,1,2018-03-02,9.34933043268066,5.204042821745408,4.145287610935251,-0.7875407172063644,-0.5777219155389292,-0.7942875088361558,-3.289632583998099,2018-03-16
NWE_GC_1,1,2018-03-09,9.59052211747644,5.733968776962096,3.856553340514343,-0.7272085865766472,-0.5298616553515832,-0.7248182328451964,-0.17481508339372454,2018-03-23
NWE_GC_1,1,2018-03-16,6.30088953347834,5.900179622358314,0.4007099111200265,-0.24708238914486436,-0.07556849519593202,-0.18441734400255635,-0.15651438240271887,2018-03-30
NWE_GC_1,1,2018-03-23,6.126074450084616,6.368583604350251,-0.24250915426563502,-0.1775675796748198,0.02339390958742123,-0.08326410658418854,0.2869905728788922,2018-04-06
NWE_GC_1,1,2018-03-30,5.969560067681897,5.834179190046938,0.13538087763495898,-0.13357152312593965,-0.03335526700821505,-0.09278899215694786,-0.09300942712110327,2018-04-13
NWE_GC_1,1,2018-04-06,6.256550640560789,5.934042426109065,0.32250821445172395,-0.16092666770103886,-0.05988278851668148,-0.12395562839963391,0.4655450809765682,2018-04-20
NWE_GC_1,1,2018-04-13,6.163541213439686,5.874613230817856,0.2889279826218303,-0.1296392101574004,-0.055512317059895414,-0.10385157869739357,-0.9726782692772815,2018-04-27
NWE_GC_1,1,2018-04-20,6.629086294416254,5.454005230275695,1.1750810641405591,-0.17724081628440677,-0.1850861406195582,-0.20972377158568636,-0.20845540246554606,2018-05-04
NWE_GC_1,1,2018-04-27,5.656408025138973,5.245755688940914,0.4106523361980585,-0.017281380740897165,-0.0773911671882464,-0.054393568758001776,-0.6747570703408314,2018-05-11
NWE_GC_1,1,2018-05-04,5.4479526226734265,4.990465603341358,0.4574870193320688,0.014430996742671662,-0.08490492170606999,-0.04129306509296323,0.385262267343478,2018-05-18
NWE_GC_1,1,2018-05-11,4.773195552332595,4.778935055560136,-0.005739503227540688,0.11018662743932614,-0.01932695756130775,0.05202291078101511,0.1133671742808815,2018-05-25
NWE_GC_1,1,2018-05-18,5.158457819676073,4.473875736927692,0.6845820827483813,0.04518362903675857,-0.12018720384591365,-0.04583393613552374,-0.27871404399320454,2018-06-01
NWE_GC_1,1,2018-05-25,5.271824993956955,5.044073423910929,0.22775157004602598,0.025231184640612112,-0.051486778195307004,-0.014861951549612996,-0.5916340343244144,2018-06-08
NWE_GC_1,1,2018-06-01,4.99311094996375,5.337576056510442,-0.34446510654669193,0.06437862620599245,0.03333084956877961,0.05886252777638201,0.0672975586173834,2018-06-15
NWE_GC_1,1,2018-06-08,4.401476915639336,5.6063512602367105,-1.2048743445973749,0.15688567671149128,0.15980912843859352,0.1880072804841182,-0.2392675852066759,2018-06-22
NWE_GC_1,1,2018-06-15,4.468774474256719,5.675144117836302,-1.206369643579583,0.14670028193507162,0.16124395527965438,0.18321190304350932,-0.8232680686487868,2018-06-29
NWE_GC_1,1,2018-06-22,4.229506889050043,6.015309199617528,-1.785802310567485,0.17806211298233252,0.24646109088155685,0.25305733453893453,0.10181290790427511,2018-07-06
NWE_GC_1,1,2018-06-29,3.4062388204012564,6.041376458956345,-2.635137638555088,0.3015058072761325,0.3669214058021712,0.3952125868552243,-0.5616171138506161,2018-07-13
NWE_GC_1,1,2018-07-06,3.5080517283055315,5.63951099671244,-2.1314592684069087,0.284315544038028,0.2929658923304268,0.3397105879180595,0.30880831520426,2018-07-20
NWE_GC_1,1,2018-07-13,2.9464346144549154,5.597216431406175,-2.65078181695126,0.3555809488324119,0.35948692237822344,0.4195962104650215,-1.338844573362337,2018-07-27
NWE_GC_1,1,2018-07-20,3.2552429296591754,4.905356469409322,-1.650113539750147,0.3035688294416981,0.21544342327666988,0.3025208363672308,-0.31183224558859024,2018-08-03
NWE_GC_1,1,2018-07-27,1.9163983562968383,4.820495802585682,-2.9040974462888434,0.4838224006498569,0.3745154871622366,0.5003743350313405,0.2550423011844032,2018-08-10
NWE_GC_1,1,2018-08-03,1.604566110708248,5.073269494770491,-3.468703384062243,0.510603548081744,0.44870773370805583,0.5606010553784889,-0.7087067923615962,2018-08-17
NWE_GC_1,1,2018-08-10,1.8596084118926512,5.432652114758628,-3.573043702865977,0.4437706973808353,0.46389799342828536,0.5317478221683025,-0.21492385786800128,2018-08-24
NWE_GC_1,1,2018-08-17,1.150901619531055,5.849110489066993,-4.698208869535938,0.48336712030484175,0.5987503325141151,0.6351683322757725,-0.3857771331883555,2018-08-31
NWE_GC_1,1,2018-08-24,0.9359777616630538,5.689405706986575,-4.753427945323521,0.46273303686557676,0.5970153885915441,0.6218166685532246,0.9786995407300481,2018-09-07
NWE_GC_1,1,2018-08-31,0.5502006284746983,5.166737325074567,-4.616536696599868,0.45154273036993287,0.5553323853422506,0.5880574390530284,1.2471742808798467,2018-09-14
NWE_GC_1,1,2018-09-07,1.5289001692047464,6.4413384069194155,-4.912438237714669,0.2839213117712997,0.6131534760530668,0.5366078282381965,1.5470630891950918,2018-09-21
NWE_GC_1,1,2018-09-14,2.776074450084593,6.681448773102095,-3.9053743230175018,0.09957693323944766,0.503782564479338,0.3792580202412874,0.1943340584964801,2018-09-28
NWE_GC_1,1,2018-09-21,4.323137539279685,5.903515347175956,-1.5803778078962711,-0.1251742687198762,0.20344487059931532,0.08440488650165826,0.44726130045927537,2018-10-05
NWE_GC_1,1,2018-09-28,4.517471597776165,5.210629282116467,-0.693157684340302,-0.16106077325179613,0.07810301905137873,-0.01831998636452349,-0.017386995407293604,2018-10-12
NWE_GC_1,1,2018-10-05,4.96473289823544,5.416364078135668,-0.45163117990022794,-0.2294505583851735,0.04657702781696965,-0.06803810813131461,1.2174305051969725,2018-10-19
NWE_GC_1,1,2018-10-12,4.947345902828147,5.728187816731459,-0.7808419139033118,-0.2327453984533056,0.09215327867943357,-0.03791393780219103,-0.03853758762389248,2018-10-26
NWE_GC_1,1,2018-10-19,6.164776408025119,6.137866954443765,0.026909453581354548,-0.3971179813142196,-0.013570289417238073,-0.1711067935788063,-0.5822310853275212,2018-11-02
NWE_GC_1,1,2018-10-26,6.126238820401227,5.896091556545634,0.23014726385559303,-0.3873344167928638,-0.042591962633093505,-0.18866349669663804,0.5453831278704513,2018-11-09
NWE_GC_1,1,2018-11-02,5.544007735073706,5.966572156649214,-0.4225644215755082,-0.30646923999436204,0.04533052502408618,-0.09773661685594909,2.0471815325114733,2018-11-16
NWE_GC_1,1,2018-11-09,6.089390862944157,5.812255444014041,0.27713541893011584,-0.36513564440587554,-0.04888011163393728,-0.18179538684899366,0.7750592216582106,2018-11-23
NWE_GC_1,1,2018-11-16,8.13657239545563,5.258944460092219,2.877627935363411,-0.5992457398207862,-0.403460414815222,-0.5140190251167761,-0.40967367657719933,2018-11-30
NWE_GC_1,1,2018-11-23,8.91163161711384,5.3524456400487095,3.5591859770651313,-0.6631321329676667,-0.4959371765112273,-0.5994737613753988,-2.670749335267118,2018-12-07
NWE_GC_1,1,2018-11-30,8.501957940536641,5.601063975295579,2.900893965241062,-0.5872400642247242,-0.4062317831009677,-0.5036456304935728,0.7236499879139169,2018-12-14
NWE_GC_1,1,2018-12-07,5.831208605269524,5.380836838310284,0.45037176695923975,-0.2610282879008284,-0.07978831347387214,-0.15412273359002035,-1.2774667633550516,2018-12-21
NWE_GC_1,1,2018-12-14,6.55485859318344,5.172835009554319,1.3820235836291213,-0.32990904479838373,-0.20697321234720983,-0.26923287007827185,1.8418201595358425,2018-12-28
NWE_GC_1,1,2018-12-21,5.277391829828389,5.446226603028051,-0.168834773199662,-0.1595638804422275,0.009130921085445654,-0.046872608857246215,-0.5453444525017801,2019-01-04
NWE_GC_1,1,2018-12-28,7.119211989364231,5.322031530182821,1.7971804591814102,-0.3662636275628189,-0.25970058702015564,-0.3203124317580589,-2.083330916122776,2019-01-11
NWE_GC_1,1,2019-01-04,6.573867536862451,5.549957247076327,1.0239102897861239,-0.2821066263300318,-0.15399791203969324,-0.21122100269418848,-0.398298283780548,2019-01-18
NWE_GC_1,1,2019-01-11,4.490536620739675,5.344959795043875,-0.8544231743042001,-0.008050894402953788,0.10488036933579287,0.0796316962178037,-1.2595794053661673,2019-01-25
NWE_GC_1,1,2019-01-18,4.092238336959127,5.248326258340646,-1.156087921381519,0.05026915575771557,0.14815502214138415,0.13334086421635719,0.0032269760695839977,2019-02-01
NWE_GC_1,1,2019-01-25,2.83265893159296,5.492505520918769,-2.659846589325809,0.22090344126996275,0.3573391556653693,0.3538296001244823,0.135433889291789,2019-02-08
NWE_GC_1,1,2019-02-01,2.835885907662544,5.211600419343991,-2.3757145116814473,0.226690715221352,0.3174486796217777,0.3257879197530704,-0.19871162678271048,2019-02-15
NWE_GC_1,1,2019-02-08,2.971319796954333,5.30256653226106,-2.3312467353067268,0.21337943753957744,0.31037738251840835,0.31530624591824774,0.11300700991051826,2019-02-22
NWE_GC_1,1,2019-02-15,2.7726081701716225,4.912151383375229,-2.1395432132036065,0.24540476224390134,0.27947549372953623,0.30394516423082546,0.17629683345424496,2019-03-01
NWE_GC_1,1,2019-02-22,2.885615180082141,4.822368175249738,-1.9367529951675975,0.23947396835285142,0.2503170033621578,0.27981429725342033,0.9819361856417288,2019-03-08
NWE_GC_1,1,2019-03-01,3.0619120135363858,4.9407632220449464,-1.8788512085085607,0.22812291664711432,0.2424082445151753,0.26952233484343574,1.2671839497220674,2019-03-15
NWE_GC_1,1,2019-03-08,4.0438481991781146,5.139412384546874,-1.0955641853687599,0.11328742278397155,0.13783960406135787,0.14777115609410343,-0.32647328982358204,2019-03-22
NWE_GC_1,1,2019-03-15,5.311032148900182,4.945275089198696,0.36575705970148586,-0.04211284656327085,-0.06521228361819553,-0.06277224306350353,-0.05020546289580352,2019-03-29
NWE_GC_1,1,2019-03-22,4.9845588590766,4.89897931893129,0.08557954014530988,0.004510860246363019,-0.027255257414045535,-0.016704594216411052,-0.5273362339859773,2019-04-05
NWE_GC_1,1,2019-03-29,4.934353396180796,4.1500226827688715,0.7843307134119248,0.013627499459692941,-0.12757211372545352,-0.08793102577690429,-1.061443074691823,2019-04-12
NWE_GC_1,1,2019-04-05,4.407017162194819,4.154293567325021,0.25272359486979834,0.08099653608386889,-0.054042033746968365,-0.007816985030129113,0.5148730964467063,2019-04-19
NWE_GC_1,1,2019-04-12,3.345574087502996,4.692019320844337,-1.346445233341341,0.21372883885318267,0.1719733516228945,0.21045788123611214,-0.6614793328498649,2019-04-26
NWE_GC_1,1,2019-04-19,3.8604471839497023,4.459725209846632,-0.5992780258969299,0.13290340562763567,0.06760065281258365,0.10266468085478923,0.4694778825235346,2019-05-03
NWE_GC_1,1,2019-04-26,3.1989678510998374,4.939272958253242,-1.7403051071534046,0.2023441935048157,0.2266881476050375,0.24774135373711742,-0.4338723712835417,2019-05-10
NWE_GC_1,1,2019-05-03,3.668445733623372,4.729107859663222,-1.0606621260398503,0.1302864219847389,0.13260585750297824,0.15035560989718622,0.7896881798404536,2019-05-17
NWE_GC_1,1,2019-05-10,3.2345733623398303,4.818071051486084,-1.5834976891462533,0.17039567453483095,0.20343378599431564,0.21852778803765746,-0.44815325114814186,2019-05-24
NWE_GC_1,1,2019-05-17,4.024261542180284,5.151532163217022,-1.1272706210367378,0.044794097296895215,0.14322208570123193,0.12592036735619988,-0.448010635726348,2019-05-31
NWE_GC_1,1,2019-05-24,3.576108291032142,5.089585969901952,-1.51347767886981,0.0746552447747326,0.19471362333675182,0.17578491886310418,0.73769881556683,2019-06-07
NWE_GC_1,1,2019-05-31,3.128097655305794,5.079979790976438,-1.951882135670644,0.10507660665984524,0.253990372222317,0.23127564435908887,-0.1569228909837932,2019-06-14
NWE_GC_1,1,2019-06-07,3.865796470872624,4.887577415504988,-1.021780944632364,-0.002234440970500816,0.12706541928322831,0.09618134158020891,-0.37570945129323263,2019-06-21
NWE_GC_1,1,2019-06-14,3.708873579888831,5.037349932622977,-1.328476352734146,0.0030286115215579085,0.16840725585984376,0.12854416397674737,-0.6006792361614828,2019-06-28
NWE_GC_1,1,2019-06-21,3.333164128595598,4.978313404267752,-1.6451492756721535,0.04226237195122473,0.21091986799031834,0.17461475087990072,-1.583224558859058,2019-07-05
NWE_GC_1,1,2019-06-28,2.7324848924341154,5.199096091190435,-2.4666111987563193,0.09822047372672789,0.32200516025935993,0.2771983792301663,-0.9537829344935745,2019-07-12
NWE_GC_1,1,2019-07-05,1.1492603335750573,4.917163448271699,-3.767903114696642,0.2760664936391054,0.48825440194659364,0.4674130272228504,1.48044234952863,2019-07-19
NWE_GC_1,1,2019-07-12,0.1954773990814828,4.928039069104755,-4.732561670023272,0.37523927999021717,0.6048133903913636,0.5900223352939955,-0.17333091612280782,2019-07-26
NWE_GC_1,1,2019-07-19,1.675919748610113,4.643973316763302,-2.9680535681531888,0.17341608397017486,0.383538533911532,0.34847524168353294,0.39561276287165037,2019-08-02
NWE_GC_1,1,2019-07-26,1.5025888324873051,4.099606693173934,-2.5970178606866288,0.185151220656542,0.32212824792600236,0.30893646426998245,1.3086802030456963,2019-08-09
NWE_GC_1,1,2019-08-02,1.8982015953589555,4.429414758174652,-2.531213162815697,0.12818004093881968,0.3146228833775983,0.2783569042718895,0.26014744984286153,2019-08-16
NWE_GC_1,1,2019-08-09,3.206881798404652,4.778482204599522,-1.5716004061948698,-0.04327604018127251,0.1945843988066175,0.12024109357958299,-1.101169929900891,2019-08-23
NWE_GC_1,1,2019-08-16,3.4670292482475134,4.6327302375678965,-1.1657009893203831,-0.07479258160636472,0.13968912829679597,0.06781252427293773,0.4575489485134199,2019-08-30
NWE_GC_1,1,2019-08-23,2.3658593183466223,4.71708861817202,-2.3512292998253974,0.06920588332174224,0.29232070056371434,0.23365231958630256,0.9327314479090778,2019-09-06
NWE_GC_1,1,2019-08-30,2.823408266860042,4.679458211982111,-1.8560499451220691,0.007295497997374639,0.22888682980186348,0.16315810955483587,-0.7286560309402721,2019-09-13
NWE_GC_1,1,2019-09-06,3.75613971476912,5.7288883608781065,-1.9727486461089865,-0.1189693376608181,0.2509882169243346,0.12548106101965603,2.8040125694948017,2019-09-20
NWE_GC_1,1,2019-09-13,3.027483683828848,5.999040757574484,-2.971557073745636,-0.03376955808304454,0.3809035479033574,0.2507694921599364,-0.6436814116509311,2019-09-27
NWE_GC_1,1,2019-09-20,5.83149625332365,5.004295753619798,0.827200499703852,-0.397137808643905,-0.12290637960658188,-0.2371982931804586,0.5196978486825978,2019-10-04
NWE_GC_1,1,2019-09-27,5.187814841672719,4.7859833448538085,0.40183149681891006,-0.3112494829581061,-0.06757965185956956,-0.171338125556998,-0.2828063814358197,2019-10-11
NWE_GC_1,1,2019-10-04,5.707512690355316,4.4053273761724,1.3021853141829167,-0.3645931323026075,-0.18764191783364578,-0.2762092829096802,1.083422770123292,2019-10-18
NWE_GC_1,1,2019-10-11,5.424706308919497,4.231215354989245,1.1934909539302518,-0.3161456666020884,-0.17463908637740322,-0.2484486612467273,-1.4001982112642395,2019-10-25
NWE_GC_1,1,2019-10-18,6.508129079042789,3.973756069922832,2.5343730091199568,-0.42923579025094516,-0.35051609814655327,-0.41784753888190457,1.0930142615422085,2019-11-01
NWE_GC_1,1,2019-10-25,5.107930867778549,4.374864195716475,0.7330666720620744,-0.24698724956299367,-0.11387914580751432,-0.17414690222632034,1.5826371766980571,2019-11-08
NWE_GC_1,1,2019-11-01,6.200945129320758,4.403230890439808,1.7977142388809497,-0.359416158033292,-0.2488420200588904,-0.313397262759738,-0.41270244138260637,2019-11-15
NWE_GC_1,1,2019-11-08,7.783582306018815,4.0516538793966985,3.731928426622116,-0.5190458023686982,-0.5000594897576529,-0.5575600277488294,-0.5772951414068359,2019-11-22
NWE_GC_1,1,2019-11-15,7.370879864636208,4.324990008486529,3.045889856149679,-0.45265143824999615,-0.41274001753856765,-0.4661469718393282,-0.6246797196035629,2019-11-29
NWE_GC_1,1,2019-11-22,6.7935847232293725,4.585644252224915,2.2079404710044575,-0.36624829090051264,-0.30327599050542264,-0.3510531663356699,-0.9541237611796021,2019-12-06
NWE_GC_1,1,2019-11-29,6.1689050036258095,4.311092092848719,1.8578129107770902,-0.27562955222157814,-0.25953274121215114,-0.2888996704218911,-0.022528402223827015,2019-12-13
NWE_GC_1,1,2019-12-06,5.214781242446207,4.5250021188636085,0.689779123582599,-0.15362609830449267,-0.10640907529109761,-0.1297307250501934,-0.37324147933287577,2019-12-20
NWE_GC_1,1,2019-12-13,5.19225284022238,4.403559483385703,0.7886933568366779,-0.1420384620951508,-0.11903315366111933,-0.13630157124822073,-0.36566110708241695,2019-12-27
NWE_GC_1,1,2019-12-20,4.819011360889505,4.2065025386104375,0.6125088222790671,-0.08871044201778677,-0.09671772149348064,-0.1026734793595427,-0.5440319071790896,2020-01-03
NWE_GC_1,1,2019-12-27,4.453350253807088,4.572579204245954,-0.11922895043886594,-0.03501161685212672,0.0013703803509482124,-0.007640116542759874,0.8384964950447227,2020-01-10
NWE_GC_1,1,2020-01-03,3.909318346627998,4.7407635480055825,-0.8314452013775844,0.04567521065450567,0.09667821221603184,0.09306836033340327,1.6362267343485541,2020-01-17
NWE_GC_1,1,2020-01-10,4.747814841672721,4.838129323729401,-0.09031448205668013,-0.035092677917102494,-0.0005348476835931038,-0.009257340309250158,2.448890500362552,2020-01-24
NWE_GC_1,1,2020-01-17,6.384041576021275,5.2058648740426765,1.1781767019785985,-0.2145314174665947,-0.16843403061444556,-0.19743737613827397,1.0803190717911644,2020-01-31
NWE_GC_1,1,2020-01-24,8.832932076383827,5.462175125439909,3.3707569509439175,-0.4797403582643694,-0.46047142453482204,-0.510770188779215,-2.9074208363548433,2020-02-07
NWE_GC_1,1,2020-01-31,9.913251148174991,5.2974175077805725,4.615833640394419,-0.5646324325008715,-0.6226896915714847,-0.6664577896388107,-2.12124486342762,2020-02-14
NWE_GC_1,1,2020-02-07,7.005830311820148,4.873150166145462,2.1326801456746862,-0.20338128755081317,-0.31020542365208825,-0.30886586007156497,-0.23666183224554516,2020-02-21
NWE_GC_1,1,2020-02-14,4.884585448392528,5.075390761469265,-0.1908053130767371,0.08468767281748733,0.014391543514777496,0.039506837671882934,0.484464587865574,2020-02-28
NWE_GC_1,1,2020-02-21,4.647923616146983,5.430738766995211,-0.7828151508482284,0.12972225330031578,0.10184816987398379,0.12254498123906997,-1.303616146966391,2020-03-06
NWE_GC_1,1,2020-02-28,5.132388204012557,4.74590740208712,0.3864808019254369,0.07638151271947355,-0.06790103950056653,-0.027595586904858478,2.5396495044718534,2020-03-13
NWE_GC_1,1,2020-03-06,3.828772057046166,4.652184597563451,-0.8234125405172854,0.2505028491457779,0.10390768216612814,0.16220732156113293,1.1409378776891401,2020-03-20
NWE_GC_1,1,2020-03-13,6.368421561518019,4.751423333397761,1.6169982281202584,-0.07362451870059872,-0.24176213208208905,-0.20956717811956135,-0.6348610103940047,2020-03-27
NWE_GC_1,1,2020-03-20,7.509359439207159,4.9140741487842305,2.595285290422929,-0.22251552180340287,-0.3830383366206692,-0.3680626961054966,-2.9301571186850452,2020-04-03
NWE_GC_1,1,2020-03-27,6.874498428813155,4.58532501459074,2.2891734142224145,-0.1263401684131127,-0.3425877123036163,-0.3041067079336602,-1.3188784143098786,2020-04-10
NWE_GC_1,1,2020-04-03,3.9443413101281095,4.135613299826565,-0.19127198969845516,0.2742017597104306,0.012101383361492288,0.10160102846244486,-1.1913415518491774,2020-04-17
NWE_GC_1,1,2020-04-10,2.625462895818231,3.194007773493593,-0.5685448776753623,0.4475803765098312,0.06674340208375062,0.19777813395986896,-5.05983804689388,2020-04-24
NWE_GC_1,1,2020-04-17,1.4341213439690534,2.318891226985059,-0.8847698830160056,0.5766866396053087,0.11071919406332456,0.2627309747613847,-7.332448634276048,2020-05-01
NWE_GC_1,1,2020-04-24,-3.6257167029248265,1.4654131130870067,-5.091129816011833,1.1014387272064616,0.722891443286707,0.8119023926055119,13.10815566835872,2020-05-08
NWE_GC_1,1,2020-05-01,-10.958165337200874,0.5872163135817305,-11.545381650782605,1.5120921956988003,1.6722105272256043,1.4271049087682728,1.493055354121331,2020-05-15
NWE_GC_1,1,2020-05-08,2.149990331157845,0.9636170941978275,1.1863732369600175,0.389539117413195,-0.23618306382918686,0.04083597655128097,-3.0266279912980276,2020-05-22
NWE_GC_1,1,2020-05-15,3.643045685279176,0.5141261278249774,3.1289195574541986,0.07442515293400011,-0.5917468404062312,-0.37582549526123527,1.3903746676335373,2020-05-29
NWE_GC_1,1,2020-05-22,0.6164176939811483,0.7667258562494106,-0.15030816226826227,0.5248791200781794,-0.001388458503045427,0.19415017637902235,-1.7036354846507038,2020-06-05
NWE_GC_1,4,2017-01-06,1.8576262992506545,5.591078388222477,-3.7334520889718226,0.272016080266126,0.9118027900060811,0.8310707077484115,-1.1747909112883406,2017-02-10
NWE_GC_1,4,2017-01-13,4.908310369833174,6.540520169967367,-1.6322098001341931,-0.5728419704873926,0.34036832456182126,0.16627857123903683,-0.37278946096202503,2017-02-17
NWE_GC_1,4,2017-01-20,5.034007735073715,5.763324141825699,-0.729316406751984,-0.6007219791974062,0.09697885108782964,-0.03584643609942542,-0.5639593908629195,2017-02-24
NWE_GC_1,4,2017-01-27,4.839900894367872,4.893521225533576,-0.053620331165703305,-0.5234787036073592,-0.07692668422206958,-0.14032119034094126,1.3242011119168913,2017-03-03
NWE_GC_1,4,2017-02-03,4.217971960357716,5.7713689812013715,-1.5533970208436552,-0.3341870580106076,0.37552147299379757,0.33608866445973246,1.8935968092820872,2017-03-10
NWE_GC_1,4,2017-02-10,3.7335194585448335,5.420737572210586,-1.687218113665753,-0.2077411530767487,0.37193521614963443,0.32279243322863643,1.0439376359680637,2017-03-17
NWE_GC_1,4,2017-02-17,4.66121827411169,4.186488783646916,0.47472949046477364,-0.4199177478660521,-0.22257304284946416,-0.26210662118756967,1.3779526226734333,2017-03-24
NWE_GC_1,4,2017-02-24,4.275941503504953,4.711694437982812,-0.43575293447785945,-0.2822231027319343,0.01729943800714573,-0.030503295192141913,0.21386028523085088,2017-03-31
NWE_GC_1,4,2017-03-03,5.542173072274608,5.190313523714272,0.35185954856033597,-0.553911622489733,-0.18197843493671503,-0.2399667891279269,-0.9930795262267225,2017-04-07
NWE_GC_1,4,2017-03-10,5.627116267826921,5.9716038384197745,-0.34448757059285384,-0.5211891955919098,0.022015301143142124,-0.01494456376507676,-1.3407203287406446,2017-04-14
NWE_GC_1,4,2017-03-17,5.705155910079753,6.1150484012735395,-0.40989249119378623,-0.49724800829105376,0.047692424713129344,0.022053846685819306,-1.122008701957924,2017-04-21
NWE_GC_1,4,2017-03-24,5.653894126178386,6.476507084494027,-0.8226129583156405,-0.428013322461114,0.1763728658186859,0.16680043765335278,-0.6804761904762131,2017-04-28
NWE_GC_1,4,2017-03-31,5.7560333575054585,6.386901966440544,-0.6308686089350859,-0.4119293640862747,0.1266613577732566,0.1195958311042088,1.1020860526951708,2017-05-05
NWE_GC_1,4,2017-04-07,4.634036741600198,6.071112066802229,-1.4370753252020307,-0.1228201747215881,0.34429776915201993,0.3310800660959054,1.4809572153734791,2017-05-12
NWE_GC_1,4,2017-04-14,4.364435581339109,5.751957720135539,-1.38752213879643,-0.05660801455513682,0.32044516298522574,0.29868256819409295,1.4479187817258605,2017-05-19
NWE_GC_1,4,2017-04-21,4.531885424220462,6.443977166503549,-1.9120917422830868,-0.09693792908898063,0.45658482733413774,0.40881093904753285,-0.45727096930141986,2017-05-26
NWE_GC_1,4,2017-04-28,5.075557167029245,6.944993018841126,-1.8694358518118808,-0.22989908620719918,0.4393465737233541,0.3611890748112959,-0.17474498428813945,2017-06-02
NWE_GC_1,4,2017-05-05,5.736122794295369,6.789124585640235,-1.0530017913448662,-0.35416869282097946,0.22986854424750325,0.16886497815377458,1.1584408992023327,2017-06-09
NWE_GC_1,4,2017-05-12,5.845392796712588,6.481984799813589,-0.6365920031010015,-0.35362653252794574,0.1296983762220591,0.08695749236227308,1.1740681653372178,2017-06-16
NWE_GC_1,4,2017-05-19,5.979804205946323,6.376461067271991,-0.3966568613256678,-0.3680577813179083,0.0750240517598641,0.04092793523034936,3.2958037225042185,2017-06-23
NWE_GC_1,4,2017-05-26,4.618286197727826,6.697752590757772,-2.0794663930299464,-0.038601961449472554,0.5329456992472985,0.5006852722363769,2.2512400290065386,2017-06-30
NWE_GC_1,4,2017-06-02,5.5613778100072295,5.787392863684434,-0.22601505367720431,-0.2633196974230856,0.01801590943516978,-0.013083299618428038,-1.7371501087744718,2017-07-07
NWE_GC_1,4,2017-06-09,7.0038336959149206,6.391958927519751,0.61187476839517,-0.5821993090513384,-0.20539113405224715,-0.24713524026656955,-2.4118467488518434,2017-07-14
NWE_GC_1,4,2017-06-16,7.153872371283541,6.5890763765342735,0.5647959947492671,-0.5715489633872464,-0.18565598657709248,-0.21294088610206502,-4.033497703649999,2017-07-21
NWE_GC_1,4,2017-06-23,7.914089920232044,6.3998809649350505,1.5142089552969935,-0.658966933090433,-0.4282162396966028,-0.4090919407754619,-5.177633550882291,2017-07-28
NWE_GC_1,4,2017-06-30,7.812617839013768,6.222628069147084,1.5899897698666843,-0.5813377287785525,-0.4500352837584456,-0.41820474987707135,-2.299794537104191,2017-08-04
NWE_GC_1,4,2017-07-07,5.266683587140449,5.756322951567491,-0.4896393644270427,0.01171668887041127,0.12866554283698967,0.1307348822578714,-1.4095697365240483,2017-08-11
NWE_GC_1,4,2017-07-14,4.742025622431697,5.88190378695665,-1.1398781645249532,0.12185232669278713,0.30069134762102107,0.300026796511568,-1.4010901619530785,2017-08-18
NWE_GC_1,4,2017-07-21,3.880592216582045,6.511525102292071,-2.630932885710026,0.3181618727420817,0.7123574891551941,0.7065801266113138,-1.04429538312786,2017-08-25
NWE_GC_1,4,2017-07-28,2.634984288131477,6.151840633866508,-3.5168563457350306,0.6641523228287106,0.9853894943531245,1.0278280176583925,-9.763323664491196,2017-09-01
NWE_GC_1,4,2017-08-04,2.966889050036258,6.847066229385329,-3.8801771793490714,0.5630763864323725,1.1100995886360738,1.096353395599197,-4.327106598984756,2017-09-08
NWE_GC_1,4,2017-08-11,3.332455885907649,6.122648580276772,-2.7901926943691233,0.43834395354371913,0.7666004181309384,0.7783322674413106,-2.576903553299502,2017-09-15
NWE_GC_1,4,2017-08-18,2.4795020546289663,6.337946599432253,-3.8584445448032865,0.6501991792682013,1.075773477803713,1.0970596476407093,-0.5816195310611363,2017-09-22
NWE_GC_1,4,2017-08-25,1.590688905003617,6.200704009793612,-4.610015104789995,0.8562769912901085,1.2621113148600547,1.3134520666609892,9.807193618564185,2017-09-29
NWE_GC_1,4,2017-09-01,-6.796434614454938,5.975737004472669,-12.772171618927608,2.363696083360015,2.7962281140121963,3.0237760229519672,4.763142373700731,2017-10-06
NWE_GC_1,4,2017-09-08,-0.9946507130771068,0.8067439198059971,-1.8013946328831039,0.8279696156319452,0.15384431626488976,0.4755520702249715,3.629129804205917,2017-10-13
NWE_GC_1,4,2017-09-15,-0.0974014986705356,0.29399363408801893,-0.39139513275855453,0.5334175720263619,-0.15269494509818712,0.14592722044870285,1.9906550640560563,2017-10-20
NWE_GC_1,4,2017-09-22,1.0090693739424808,1.8781396033889264,-0.8690702294464456,0.2666376310862885,-0.0796933439368882,0.09428459975212844,0.9699081459995393,2017-10-27
NWE_GC_1,4,2017-09-29,3.0107590041092465,4.3773615629007425,-1.366602558791496,-0.014800362271786383,0.17363141893406298,0.14936295138101222,1.917232293932813,2017-11-03
NWE_GC_1,4,2017-10-06,3.768491660623624,4.650933717908101,-0.8824420572844773,-0.2118301706893687,0.09712824216097299,-0.0010026005170612473,2.5936258158085934,2017-11-10
NWE_GC_1,4,2017-10-13,3.531728305535381,5.4171679111941415,-1.8854396056587603,-0.1356494538554266,0.4054283857534687,0.17882312655373522,3.070084602368866,2017-11-17
NWE_GC_1,4,2017-10-20,2.999724437998537,4.833146672111649,-1.8334222341131121,0.022243708891185848,0.4073289165797633,0.2428835249081776,1.58776408025139,2017-11-24
NWE_GC_1,4,2017-10-27,3.980667150108786,6.001732846807197,-2.0210656966984115,-0.30570362233126636,0.4704835137207518,0.06861392561925386,-0.12201595358956752,2017-12-01
NWE_GC_1,4,2017-11-03,5.685723954556437,5.748486183641614,-0.06276222908517681,-0.8467290290123652,-0.05539108493685815,-0.5327073131078943,-1.9959753444524893,2017-12-08
NWE_GC_1,4,2017-11-10,6.125354121343975,6.197890009807573,-0.07253588846359804,-0.9627623453521765,-0.0352821862781145,-0.5736299065594288,-1.6846797196035652,2017-12-15
NWE_GC_1,4,2017-11-17,6.069809040367403,5.768934215333392,0.3008748250340112,-0.9206469267873254,-0.12396523197467993,-0.5673676826892288,-0.7040802513898825,2017-12-22
NWE_GC_1,4,2017-11-24,5.568431230360176,5.003839000890462,0.5645922294697137,-0.738978561086878,-0.1942632751537806,-0.5044028358019597,-2.2535242929659205,2017-12-29
NWE_GC_1,4,2017-12-01,5.563708000966869,5.796500443979939,-0.23279244301306967,-0.736343913920402,0.031173341722423864,-0.37070850418703893,-0.533940053178668,2018-01-05
NWE_GC_1,4,2017-12-08,4.129378776891485,5.340994472493336,-1.211615695601851,-0.3205650943820695,0.3005719239999087,-0.002264959610634165,-0.30190959632585646,2018-01-12
NWE_GC_1,4,2017-12-15,4.385129320763838,5.567702572450219,-1.1825732516863816,-0.4478178175620898,0.2830700410735749,-0.10285734427295727,-0.8725163161711573,2018-01-19
NWE_GC_1,4,2017-12-22,4.864350978970293,5.867763040619273,-1.0034120616489801,-0.6416879541272046,0.23014813645672244,-0.24948907182103702,-1.3020087019579023,2018-01-26
NWE_GC_1,4,2017-12-29,3.310183708000949,5.747603105593621,-2.437419397592672,-0.198081201711995,0.6360835836850438,0.22541796676962395,-0.07572878897752844,2018-02-02
NWE_GC_1,4,2018-01-05,3.5954387237128174,6.288104355411685,-2.6926656316988673,-0.3128049095411114,0.7122033751753715,0.1966647384656726,2.103270485859298,2018-02-09
NWE_GC_1,4,2018-01-12,4.083219724437981,6.029289463595664,-1.946069739157683,-0.48374126756757047,0.49514565676298106,-0.026299710201334286,4.004097171863663,2018-02-16
NWE_GC_1,4,2018-01-19,3.991834662799136,6.180228837090347,-2.188394174291211,-0.45529695507230605,0.5593514754401374,0.018012378663425935,6.069724437998531,2018-02-23
NWE_GC_1,4,2018-01-26,2.0081750060430466,6.498953308089465,-4.490778302046419,0.19716720266972415,1.2201153544259267,0.7678714732983611,5.8296204979453705,2018-03-02
NWE_GC_1,4,2018-02-02,3.519709934735289,5.203393877929265,-1.6836839431939765,-0.3027069307837503,0.408348695019785,0.028240957295570912,3.40403190717916,2018-03-09
NWE_GC_1,4,2018-02-09,6.186490210297279,6.191748011710108,-0.005257801412828833,-1.138507801580292,-0.060817738942158014,-0.7097842849284143,-1.6950423011844578,2018-03-16
NWE_GC_1,4,2018-02-16,7.995931834662798,5.515160428136597,2.480771406526201,-1.6050413758116617,-0.7812271690694226,-1.3370896679894233,-1.9518249939569614,2018-03-23
NWE_GC_1,4,2018-02-23,8.077899444041577,5.261558468606308,2.816340975435269,-1.461809586053469,-0.8895320504378279,-1.2557624428466188,-3.3797703649987625,2018-03-30
NWE_GC_1,4,2018-03-02,9.34933043268066,5.204042821745408,4.145287610935251,-1.670926015770867,-1.380541880179197,-1.6495828889872515,-3.33397147691565,2018-04-06
NWE_GC_1,4,2018-03-09,9.59052211747644,5.733968776962096,3.856553340514343,-1.578702532557319,-1.2987792440882242,-1.5263222466266915,-0.1373483200386545,2018-04-13
NWE_GC_1,4,2018-03-16,6.30088953347834,5.900179622358314,0.4007099111200265,-0.45947114892587626,-0.1345607787172213,-0.2557251817185748,0.5030118443316383,2018-04-20
NWE_GC_1,4,2018-03-23,6.126074450084616,6.368583604350251,-0.24250915426563502,-0.3457749272811034,0.07837084329182398,-0.05212539257790291,-0.3131520425429244,2018-04-27
NWE_GC_1,4,2018-03-30,5.969560067681897,5.834179190046938,0.13538087763495898,-0.2793311198632251,-0.06784683012424798,-0.1537785030520693,-0.8085980178873626,2018-05-04
NWE_GC_1,4,2018-04-06,6.256550640560789,5.934042426109065,0.32250821445172395,-0.36431900282974805,-0.14850564152307555,-0.2488272016389419,-1.3903456611070908,2018-05-11
NWE_GC_1,4,2018-04-13,6.163541213439686,5.874613230817856,0.2889279826218303,-0.27896669300980664,-0.1277586029049075,-0.19668815183678323,-1.470628474740181,2018-05-18
NWE_GC_1,4,2018-04-20,6.629086294416254,5.454005230275695,1.1750810641405591,-0.381338460946757,-0.44020627741302704,-0.47569165790178064,-0.384583031182018,2018-05-25
NWE_GC_1,4,2018-04-27,5.656408025138973,5.245755688940914,0.4106523361980585,-0.03195047859939378,-0.1724245675505281,-0.14267874903247602,-0.45484167270967646,2018-06-01
NWE_GC_1,4,2018-05-04,5.4479526226734265,4.990465603341358,0.4574870193320688,0.03203797678345798,-0.19445465898947206,-0.13606078437818203,-0.37171863669325944,2018-06-08
NWE_GC_1,4,2018-05-11,4.773195552332595,4.778935055560136,-0.005739503227540688,0.23676153541409312,-0.03750736562756046,0.06176472889106705,-0.689683345419354,2018-06-15
NWE_GC_1,4,2018-05-18,5.158457819676073,4.473875736927692,0.6845820827483813,0.08805213167870432,-0.2923310051996946,-0.1875421872002324,-1.0423181049069115,2018-06-22
NWE_GC_1,4,2018-05-25,5.271824993956955,5.044073423910929,0.22775157004602598,0.04578749756298067,-0.1297726920548664,-0.07735636646004064,-1.5868721295624937,2018-06-29
NWE_GC_1,4,2018-06-01,4.99311094996375,5.337576056510442,-0.34446510654669193,0.13058475659030078,0.0729982531477899,0.11040921413263577,-0.8934251873338042,2018-07-06
NWE_GC_1,4,2018-06-08,4.401476915639336,5.6063512602367105,-1.2048743445973749,0.33259417535681846,0.3802694406493789,0.4216117460027608,-1.5223398598018036,2018-07-13
NWE_GC_1,4,2018-06-15,4.468774474256719,5.675144117836302,-1.206369643579583,0.3046080050840204,0.3793636211178263,0.4111242035406553,-0.9742639593908677,2018-07-20
NWE_GC_1,4,2018-06-22,4.229506889050043,6.015309199617528,-1.785802310567485,0.37022955113091016,0.586215255602359,0.5961117613615801,-1.489840464104418,2018-07-27
NWE_GC_1,4,2018-06-29,3.4062388204012564,6.041376458956345,-2.635137638555088,0.6393069294158665,0.8873119525531619,0.9268742498932553,-1.9034856175972834,2018-08-03
NWE_GC_1,4,2018-07-06,3.5080517283055315,5.63951099671244,-2.1314592684069087,0.5969039907219194,0.7058591505441982,0.7700144161664167,-1.0868262025622641,2018-08-10
NWE_GC_1,4,2018-07-13,2.9464346144549154,5.597216431406175,-2.65078181695126,0.754500940805925,0.8778942976950165,0.9603518132295636,-2.1043413101281203,2018-08-17
NWE_GC_1,4,2018-07-20,3.2552429296591754,4.905356469409322,-1.650113539750147,0.631414442181213,0.5160377182470517,0.6349445889022672,-0.9804205946337845,2018-08-24
NWE_GC_1,4,2018-07-27,1.9163983562968383,4.820495802585682,-2.9040974462888434,1.0549298742328268,0.9347058791172548,1.1164415844757234,-1.0543654822335498,2018-08-31
NWE_GC_1,4,2018-08-03,1.604566110708248,5.073269494770491,-3.468703384062243,1.09528779460957,1.0906768973450989,1.2548844757262323,-0.3307082426879049,2018-09-07
NWE_GC_1,4,2018-08-10,1.8596084118926512,5.432652114758628,-3.573043702865977,0.9372836826536172,1.1076855544848312,1.2099369332438628,1.625172830553538,2018-09-14
NWE_GC_1,4,2018-08-17,1.150901619531055,5.849110489066993,-4.698208869535938,1.0322416143180742,1.4406132147565234,1.5003739649502337,3.387159777616631,2018-09-21
NWE_GC_1,4,2018-08-24,0.9359777616630538,5.689405706986575,-4.753427945323521,0.9909284038607417,1.4546423267130835,1.496585222313414,3.9672709693014667,2018-09-28
NWE_GC_1,4,2018-08-31,0.5502006284746983,5.166737325074567,-4.616536696599868,0.9639874429167299,1.3805758006622364,1.4283044353285645,3.435832729030694,2018-10-05
NWE_GC_1,4,2018-09-07,1.5289001692047464,6.4413384069194155,-4.912438237714669,0.559765131606639,1.4599831590591301,1.3728758707720496,2.1712714527435537,2018-10-12
NWE_GC_1,4,2018-09-14,2.776074450084593,6.681448773102095,-3.9053743230175018,0.1632060055499312,1.1681271303240999,1.0286272646412287,1.8416388687454344,2018-10-19
NWE_GC_1,4,2018-09-21,4.323137539279685,5.903515347175956,-1.5803778078962711,-0.3082035043303015,0.4531545018101922,0.3084262876158196,1.6087672226250618,2018-10-26
NWE_GC_1,4,2018-09-28,4.517471597776165,5.210629282116467,-0.693157684340302,-0.38062928427386034,0.18390992582001225,0.06419965940533554,0.5792748368382652,2018-11-02
NWE_GC_1,4,2018-10-05,4.96473289823544,5.416364078135668,-0.45163117990022794,-0.5404580377013251,0.11674032569464918,-0.033356764256947585,1.14204496011601,2018-11-09
NWE_GC_1,4,2018-10-12,4.947345902828147,5.728187816731459,-0.7808419139033118,-0.5481471197358885,0.23810693983127595,0.07211886697808098,1.9717959874305109,2018-11-16
NWE_GC_1,4,2018-10-19,6.164776408025119,6.137866954443765,0.026909453581354548,-0.9539163960699668,-0.04373815476228261,-0.255377306176117,2.785392796712614,2018-11-23
NWE_GC_1,4,2018-10-26,6.126238820401227,5.896091556545634,0.23014726385559303,-0.9211029129812034,-0.11082107835244791,-0.2921684240365696,2.957950205462936,2018-11-30
NWE_GC_1,4,2018-11-02,5.544007735073706,5.966572156649214,-0.4225644215755082,-0.7198305088589885,0.1240005322942448,-0.04131271754010283,-0.2581822576746333,2018-12-07
NWE_GC_1,4,2018-11-09,6.089390862944157,5.812255444014041,0.27713541893011584,-0.8678711276288033,-0.12044005445032518,-0.2744406888955064,-1.5817138022721897,2018-12-14
NWE_GC_1,4,2018-11-16,8.13657239545563,5.258944460092219,2.877627935363411,-1.4701249346946668,-1.0474177009821772,-1.1854599027097106,-3.634239787285452,2018-12-21
NWE_GC_1,4,2018-11-23,8.91163161711384,5.3524456400487095,3.5591859770651313,-1.5998543855671543,-1.282675598776191,-1.37485396657231,-1.38274595117241,2018-12-28
NWE_GC_1,4,2018-11-30,8.501957940536641,5.601063975295579,2.900893965241062,-1.359893879499488,-1.0352557770185624,-1.0737713338835915,0.7426589315929277,2019-01-04
NWE_GC_1,4,2018-12-07,5.831208605269524,5.380836838310284,0.45037176695923975,-0.5352227122077129,-0.16357919598141618,-0.18914814460120652,-2.064321972443765,2019-01-11
NWE_GC_1,4,2018-12-14,6.55485859318344,5.172835009554319,1.3820235836291213,-0.7385127861630898,-0.5064524734554198,-0.5434654943694446,-1.1851534928692615,2019-01-18
NWE_GC_1,4,2018-12-21,5.277391829828389,5.446226603028051,-0.168834773199662,-0.362927366928052,0.035752550728330584,-0.012759616574117907,-4.286553057771272,2019-01-25
NWE_GC_1,4,2018-12-28,7.119211989364231,5.322031530182821,1.7971804591814102,-0.8919417691271048,-0.6837150539881911,-0.7449991218042517,-3.7379816291999073,2019-02-01
NWE_GC_1,4,2019-01-04,6.573867536862451,5.549957247076327,1.0239102897861239,-0.6528678855328258,-0.39007314173131585,-0.43015343147383023,-1.5192168237853423,2019-02-08
NWE_GC_1,4,2019-01-11,4.490536620739675,5.344959795043875,-0.8544231743042001,-0.011403909998321686,0.2780605144698519,0.25898406343358515,-1.3196301667875048,2019-02-15
NWE_GC_1,4,2019-01-18,4.092238336959127,5.248326258340646,-1.156087921381519,0.1185109756759144,0.38642053153162625,0.37448506811858173,0.05295624848918079,2019-02-22
NWE_GC_1,4,2019-01-25,2.83265893159296,5.492505520918769,-2.659846589325809,0.5039059927283476,0.9114354687030345,0.9076719826291694,0.22602610587384175,2019-03-01
NWE_GC_1,4,2019-02-01,2.835885907662544,5.211600419343991,-2.3757145116814473,0.5184062558319472,0.810239006245063,0.819421508715457,1.0725284022237815,2019-03-08
NWE_GC_1,4,2019-02-08,2.971319796954333,5.30256653226106,-2.3312467353067268,0.48798163531556604,0.7951132464595886,0.8007706698580407,2.5384239787285594,2019-03-15
NWE_GC_1,4,2019-02-15,2.7726081701716225,4.912151383375229,-2.1395432132036065,0.5653213291679445,0.7181886744454147,0.7492942031088723,2.098943678994459,2019-03-22
NWE_GC_1,4,2019-02-22,2.885615180082141,4.822368175249738,-1.9367529951675975,0.5529790755508637,0.6452867122822993,0.6832869550201803,1.8724413826444106,2019-03-29
NWE_GC_1,4,2019-03-01,3.0619120135363858,4.9407632220449464,-1.8788512085085607,0.5252697205707909,0.6209513047387086,0.6564658180844929,0.36316896301670454,2019-04-05
NWE_GC_1,4,2019-03-08,4.0438481991781146,5.139412384546874,-1.0955641853687599,0.24603328672091526,0.34049621417293013,0.35366951245218897,-1.965458061397186,2019-04-12
NWE_GC_1,4,2019-03-15,5.311032148900182,4.945275089198696,0.36575705970148586,-0.1200403113650087,-0.18410849937420418,-0.18062355938149743,-1.1241116751268976,2019-04-19
NWE_GC_1,4,2019-03-22,4.9845588590766,4.89897931893129,0.08557954014530988,0.0015640264388383646,-0.0752116978832349,-0.0612466795751694,-1.735385545080959,2019-04-26
NWE_GC_1,4,2019-03-29,4.934353396180796,4.1500226827688715,0.7843307134119248,0.02973389533120241,-0.33080823836138196,-0.27876113310781886,-0.7385714285714471,2019-05-03
NWE_GC_1,4,2019-04-05,4.407017162194819,4.154293567325021,0.25272359486979834,0.19526013625758826,-0.13489646981236628,-0.07447351369046964,-0.11100072516316573,2019-05-10
NWE_GC_1,4,2019-04-12,3.345574087502996,4.692019320844337,-1.346445233341341,0.5105434906133859,0.44710278429414435,0.4987312775238871,0.16381435823058155,2019-05-17
NWE_GC_1,4,2019-04-19,3.8604471839497023,4.459725209846632,-0.5992780258969299,0.30876658089871845,0.16826516859322802,0.21469414519244562,0.3771404399323046,2019-05-24
NWE_GC_1,4,2019-04-26,3.1989678510998374,4.939272958253242,-1.7403051071534046,0.48019172967943224,0.5847277523880856,0.6136489815039446,-0.540348078317578,2019-05-31
NWE_GC_1,4,2019-05-03,3.668445733623372,4.729107859663222,-1.0606621260398503,0.2994985589799385,0.33401260750406836,0.35810025510818755,0.6312231085327937,2019-06-07
NWE_GC_1,4,2019-05-10,3.2345733623398303,4.818071051486084,-1.5834976891462533,0.40391867053714026,0.5296618161333525,0.5505772600775334,-0.31538796229145305,2019-06-14
NWE_GC_1,4,2019-05-17,4.024261542180284,5.151532163217022,-1.1272706210367378,0.09246904906666918,0.36153173552629836,0.33937553228421574,-0.24294416243654382,2019-06-21
NWE_GC_1,4,2019-05-24,3.576108291032142,5.089585969901952,-1.51347767886981,0.17215381021858908,0.5075043090793475,0.48278415039372685,-0.39561276287167857,2019-06-28
NWE_GC_1,4,2019-05-31,3.128097655305794,5.079979790976438,-1.951882135670644,0.24485147103555815,0.6638417565279924,0.6344022847596519,-2.7165361372975667,2019-07-05
NWE_GC_1,4,2019-06-07,3.865796470872624,4.887577415504988,-1.021780944632364,-0.017644928192331683,0.32562203600140766,0.28463494424897134,-3.513396180807348,2019-07-12
NWE_GC_1,4,2019-06-14,3.708873579888831,5.037349932622977,-1.328476352734146,-0.005528893443159211,0.43507357077577596,0.3826014141423442,-1.6572443799854852,2019-07-19
NWE_GC_1,4,2019-06-21,3.333164128595598,4.978313404267752,-1.6451492756721535,0.0904804272263398,0.5499410103789126,0.5021037478535704,-1.2298960599468103,2019-07-26
NWE_GC_1,4,2019-06-28,2.7324848924341154,5.199096091190435,-2.4666111987563193,0.22761823002345427,0.8472115646804961,0.7887004288867666,0.7489412617838982,2019-08-02
NWE_GC_1,4,2019-07-05,1.1492603335750573,4.917163448271699,-3.767903114696642,0.6534122572327923,1.2919178986472577,1.2639306777993267,3.011404399323169,2019-08-09
NWE_GC_1,4,2019-07-12,0.1954773990814828,4.928039069104755,-4.732561670023272,0.8901714775814349,1.6135795768913295,1.592073087074925,1.7911094996374004,2019-08-16
NWE_GC_1,4,2019-07-19,1.675919748610113,4.643973316763302,-2.9680535681531888,0.37860100099582056,0.9746049469425087,0.9240237753041677,0.8632704858593172,2019-08-23
NWE_GC_1,4,2019-07-26,1.5025888324873051,4.099606693173934,-2.5970178606866288,0.4112932530320028,0.8333722474118715,0.8131561092563151,0.9252066715010867,2019-08-30
NWE_GC_1,4,2019-08-02,1.8982015953589555,4.429414758174652,-2.531213162815697,0.2763087671738944,0.813414036922756,0.7598882780322705,0.5492579163644682,2019-09-06
NWE_GC_1,4,2019-08-09,3.206881798404652,4.778482204599522,-1.5716004061948698,-0.1302811514474882,0.49568550447437393,0.387947630761515,-0.43954556441866544,2019-09-13
NWE_GC_1,4,2019-08-16,3.4670292482475134,4.6327302375678965,-1.1657009893203831,-0.20345513528145331,0.3544028040742466,0.2501491416534219,3.4656369349770273,2019-09-20
NWE_GC_1,4,2019-08-23,2.3658593183466223,4.71708861817202,-2.3512292998253974,0.15344893684484254,0.779759991597171,0.6980332678042556,2.3644065748126764,2019-09-27
NWE_GC_1,4,2019-08-30,2.823408266860042,4.679458211982111,-1.8560499451220691,0.002295711503723874,0.6064533943038797,0.5130388275487593,1.9513729755861964,2019-10-04
NWE_GC_1,4,2019-09-06,3.75613971476912,5.7288883608781065,-1.9727486461089865,-0.30762198168790533,0.6491311503981437,0.46833641405359605,2.3972226250906488,2019-10-11
NWE_GC_1,4,2019-09-13,3.027483683828848,5.999040757574484,-2.971557073745636,-0.0977854717224005,1.0033676547454582,0.8187748696271094,0.676632825719139,2019-10-18
NWE_GC_1,4,2019-09-20,5.83149625332365,5.004295753619798,0.827200499703852,-0.9919691297905394,-0.3382355072990658,-0.5176086006987881,-0.07988397389416946,2019-10-25
NWE_GC_1,4,2019-09-27,5.187814841672719,4.7859833448538085,0.40183149681891006,-0.7715983182329182,-0.1808741077378077,-0.3253757576813367,0.4934324389654412,2019-11-01
NWE_GC_1,4,2019-10-04,5.707512690355316,4.4053273761724,1.3021853141829167,-0.919521790660428,-0.5055087679212656,-0.6319909739827467,2.358875997099318,2019-11-08
NWE_GC_1,4,2019-10-11,5.424706308919497,4.231215354989245,1.1934909539302518,-0.7845630418904153,-0.4639162400353777,-0.55612732835748,0.8627507855934198,2019-11-15
NWE_GC_1,4,2019-10-18,6.508129079042789,3.973756069922832,2.5343730091199568,-1.1034666462726013,-0.9588387630948797,-1.0533952910209659,1.6856538554508234,2019-11-22
NWE_GC_1,4,2019-10-25,5.107930867778549,4.374864195716475,0.7330666720620744,-0.612153327977082,-0.30001394393517916,-0.3753134712894699,-0.032040125694948074,2019-11-29
NWE_GC_1,4,2019-11-01,6.200945129320758,4.403230890439808,1.7977142388809497,-0.92437110031055,-0.689021688213309,-0.7733126770333779,-2.5688010635726073,2019-12-06
NWE_GC_1,4,2019-11-08,7.783582306018815,4.0516538793966985,3.731928426622116,-1.3327175150300479,-1.3809447953165697,-1.4457651641455949,-2.178627024413828,2019-12-13
NWE_GC_1,4,2019-11-15,7.370879864636208,4.324990008486529,3.045889856149679,-1.143425323507311,-1.1281517987196705,-1.179843801237563,-1.9745733623398678,2019-12-20
NWE_GC_1,4,2019-11-22,6.7935847232293725,4.585644252224915,2.2079404710044575,-0.8903501742329096,-0.8066420090474731,-0.8401654178267025,-1.7155547498187218,2019-12-27
NWE_GC_1,4,2019-11-29,6.1689050036258095,4.311092092848719,1.8578129107770902,-0.6612950620972851,-0.6833025081950304,-0.7026914766748394,-1.3054628958182093,2020-01-03
NWE_GC_1,4,2019-12-06,5.214781242446207,4.5250021188636085,0.689779123582599,-0.368471891634303,-0.276146726524735,-0.29466013994344115,-0.4444379985496596,2020-01-10
NWE_GC_1,4,2019-12-13,5.19225284022238,4.403559483385703,0.7886933568366779,-0.35107142447703754,-0.3181439480084669,-0.3332345908227664,1.5650302151317703,2020-01-17
NWE_GC_1,4,2019-12-20,4.819011360889505,4.2065025386104375,0.6125088222790671,-0.22236468273003537,-0.25973256411602,-0.2654849944837287,4.379581822576739,2020-01-24
NWE_GC_1,4,2019-12-27,4.453350253807088,4.572579204245954,-0.11922895043886594,-0.090536129284498,0.0039435912024778155,-0.004885689383555596,6.003932801546993,2020-01-31
NWE_GC_1,4,2020-01-03,3.909318346627998,4.7407635480055825,-0.8314452013775844,0.11259823874203484,0.26421691108568207,0.26053980900024826,2.258015470147427,2020-02-07
NWE_GC_1,4,2020-01-10,4.747814841672721,4.838129323729401,-0.09031448205668013,-0.09747228900917243,-0.008218383385199049,-0.016984107974502317,-1.499456127628747,2020-02-14
NWE_GC_1,4,2020-01-17,6.384041576021275,5.2058648740426765,1.1781767019785985,-0.5475414795029278,-0.4666512842288715,-0.49433397252780936,-4.185008460236844,2020-02-21
NWE_GC_1,4,2020-01-24,8.832932076383827,5.462175125439909,3.3707569509439175,-1.2025646651441246,-1.2476895327090356,-1.2959582472690898,-4.780862944162434,2020-02-28
NWE_GC_1,4,2020-01-31,9.913251148174991,5.2974175077805725,4.615833640394419,-1.4164395923256412,-1.684966871340685,-1.7265870828506837,-3.177058254773982,2020-03-06
NWE_GC_1,4,2020-02-07,7.005830311820148,4.873150166145462,2.1326801456746862,-0.458823750503537,-0.7799520442279921,-0.7794978457546017,1.4838361131254914,2020-03-13
NWE_GC_1,4,2020-02-14,4.884585448392528,5.075390761469265,-0.1908053130767371,0.2152871368961526,0.06276146591435966,0.08057444973648656,2.8614358230601766,2020-03-20
NWE_GC_1,4,2020-02-21,4.647923616146983,5.430738766995211,-0.7828151508482284,0.3078549161545643,0.2680939968287345,0.2857695414565484,1.742110224800598,2020-03-27
NWE_GC_1,4,2020-02-28,5.132388204012557,4.74590740208712,0.3864808019254369,0.17570976571514252,-0.18014478330849565,-0.1371315117559233,0.11556925308194366,2020-04-03
NWE_GC_1,4,2020-03-06,3.828772057046166,4.652184597563451,-0.8234125405172854,0.6120483008577958,0.27595000664497193,0.3454727701364195,-3.7429586656997884,2020-04-10
NWE_GC_1,4,2020-03-13,6.368421561518019,4.751423333397761,1.6169982281202584,-0.1886680462319494,-0.6438195104641766,-0.6089598217093087,-6.075238095238106,2020-04-17
NWE_GC_1,4,2020-03-20,7.509359439207159,4.9140741487842305,2.595285290422929,-0.5398322862345492,-1.0082957276198994,-0.9917562590308112,-10.500215131737981,2020-04-24
NWE_GC_1,4,2020-03-27,6.874498428813155,4.58532501459074,2.2891734142224145,-0.30131790028204675,-0.8924302092866935,-0.8492217296737303,-14.902506647328984,2020-05-01
NWE_GC_1,4,2020-04-03,3.9443413101281095,4.135613299826565,-0.19127198969845516,0.6600976982215995,0.05117388429808788,0.1547458492372395,-0.4754725646603859,2020-05-08
NWE_GC_1,4,2020-04-10,2.625462895818231,3.194007773493593,-0.5685448776753623,1.028064950758218,0.17875304939313594,0.30473085143370826,2.2089243413101225,2020-05-15
NWE_GC_1,4,2020-04-17,1.4341213439690534,2.318891226985059,-0.8847698830160056,1.3440859014168625,0.2842357567178967,0.4245108771786451,4.242134396905975,2020-05-22
NWE_GC_1,4,2020-04-24,-3.6257167029248265,1.4654131130870067,-5.091129816011833,2.988537851704507,1.9435521952067871,2.185960943738655,12.96495769881556,2020-05-29
NWE_GC_1,4,2020-05-01,-10.958165337200874,0.5872163135817305,-11.545381650782605,5.394729951750594,4.667009056179094,5.044980428369574,-1.8468334541938631,2020-06-05
NWE_GC_1,4,2020-05-08,2.149990331157845,0.9636170941978275,1.1863732369600175,0.6611448151550554,-0.6164991879172005,-0.47899120668796075,,2020-06-12
NWE_GC_1,4,2020-05-15,3.643045685279176,0.5141261278249774,3.1289195574541986,0.0901130710625663,-1.424004583529438,-1.2811242489982337,,2020-06-19
NWE_GC_1,4,2020-05-22,0.6164176939811483,0.7667258562494106,-0.15030816226826227,1.1274286253195618,-0.03820955216268,0.23993457886532585,,2020-06-26
NY_GC_1,1,2017-01-06,3.8499999999999934,7.6986176344314385,-3.848617634431445,0.20398851380120042,0.4659977603961435,0.5301619498546706,0.12000000000003297,2017-01-20
NY_GC_1,1,2017-01-13,3.829999999999984,7.303855841280828,-3.4738558412808436,0.17292530231532788,0.4042573954765069,0.4570382340893473,-0.20000000000001705,2017-01-27
NY_GC_1,1,2017-01-20,3.950000000000017,7.813245032171785,-3.8632450321717675,0.1298682083922805,0.44213903864655196,0.5360593655712365,0.46999999999999886,2017-02-03
NY_GC_1,1,2017-01-27,3.75,8.147100893854455,-4.397100893854455,0.10860244743540161,0.47957023887155475,0.5840848368591904,0.18000000000000682,2017-02-10
NY_GC_1,1,2017-02-03,4.219999999999999,7.169863003039919,-2.94986300303992,0.04479712348846403,0.31622424430776824,0.3905597093368579,0.09999999999999432,2017-02-17
NY_GC_1,1,2017-02-10,4.400000000000006,8.442153918691313,-4.042153918691307,0.007194459667129061,0.43300217506196564,0.5487160751856609,-0.549999999999983,2017-02-24
NY_GC_1,1,2017-02-17,4.5,8.495144898157978,-3.995144898157978,-0.021027551052973645,0.41914602057662836,0.5250585434794145,0.39999999999997726,2017-03-03
NY_GC_1,1,2017-02-24,3.950000000000017,7.649613179319177,-3.69961317931916,0.003462513348156157,0.3526159886711514,0.37643447784356254,-0.3199999999999932,2017-03-10
NY_GC_1,1,2017-03-03,4.349999999999994,7.73016039820481,-3.380160398204816,-0.052170137658999444,0.32120920732140024,0.34155449316801567,-0.15999999999999615,2017-03-17
NY_GC_1,1,2017-03-10,4.030000000000001,7.0672873734125154,-3.0372873734125143,-0.03669894668955754,0.2688383378638139,0.25737674128134896,0.22999999999998932,2017-03-24
NY_GC_1,1,2017-03-17,3.870000000000005,6.466714508269252,-2.596714508269247,-0.028249209348577567,0.21734250107136482,0.19442216827998487,0.7700000000000102,2017-03-31
NY_GC_1,1,2017-03-24,4.099999999999994,6.973668498326367,-2.8736684983263725,-0.04908837940154405,0.24659703969846328,0.21844050887538657,-0.5100000000000193,2017-04-07
NY_GC_1,1,2017-03-31,4.8700000000000045,7.075811673231207,-2.205811673231202,-0.10798729856615305,0.19427430212262017,0.17714482070707926,0.30000000000001137,2017-04-14
NY_GC_1,1,2017-04-07,4.359999999999985,6.918291125052729,-2.558291125052744,-0.06865127942449696,0.21595736619303083,0.18108801636873895,-0.75,2017-04-21
NY_GC_1,1,2017-04-14,4.659999999999997,7.417488241522454,-2.7574882415224575,-0.09385246538909177,0.23982143743023623,0.2036999337368739,-0.9799999999999898,2017-04-28
NY_GC_1,1,2017-04-21,3.9099999999999966,7.650184565160069,-3.7401845651600727,-0.03588678315701493,0.31410081461181283,0.252084502228683,-0.09000000000000341,2017-05-05
NY_GC_1,1,2017-04-28,2.930000000000007,7.1825490967314956,-4.252549096731489,0.039197663250568796,0.3327291423508449,0.25710850754638476,0.18999999999999773,2017-05-12
NY_GC_1,1,2017-05-05,2.8400000000000034,6.598890857605354,-3.7588908576053504,0.036100365524512276,0.2818748185808856,0.21573745446545753,1.0300000000000011,2017-05-19
NY_GC_1,1,2017-05-12,3.030000000000001,5.845697415076908,-2.815697415076907,0.011652016769836904,0.20048084936132726,0.14971938387316083,0.060000000000002274,2017-05-26
NY_GC_1,1,2017-05-19,4.060000000000002,7.261548609448025,-3.2015486094480226,-0.07718817373743374,0.2552729806910071,0.16563928964608865,0.3299999999999841,2017-06-02
NY_GC_1,1,2017-05-26,4.1200000000000045,6.706676932269729,-2.5866769322697243,-0.08351023306097557,0.19960617594249913,0.1205147828793055,-0.8999999999999768,2017-06-09
NY_GC_1,1,2017-06-02,4.449999999999989,8.038030372055047,-3.5880303720550586,-0.10914483952904686,0.2911300353116601,0.18274385537370466,-0.34999999999999476,2017-06-16
NY_GC_1,1,2017-06-09,3.550000000000012,6.557159071367201,-3.0071590713671896,-0.037906669437466685,0.22072212701901361,0.13846816973488024,0.629999999999967,2017-06-23
NY_GC_1,1,2017-06-16,3.200000000000017,7.730889747230383,-4.530889747230366,-0.008888051363462254,0.3328753417212454,0.21356612475506245,0.9300000000000352,2017-06-30
NY_GC_1,1,2017-06-23,3.829999999999984,8.769955515012303,-4.939955515012318,-0.06241549643359485,0.3802959513965935,0.23001109670951952,-1.0300000000000011,2017-07-07
NY_GC_1,1,2017-06-30,4.760000000000019,7.082464349838383,-2.3224643498383637,-0.14112403311166308,0.17853744987798204,0.0765187458480435,0.7699999999999818,2017-07-14
NY_GC_1,1,2017-07-07,3.730000000000018,7.974587408218846,-4.244587408218828,-0.051300677701318145,0.2958539736630719,0.1542064289763611,0.5300000000000011,2017-07-21
NY_GC_1,1,2017-07-14,4.5,8.380765220432888,-3.880765220432888,-0.11338245996916181,0.28189758213679544,0.1340655541013695,0.07999999999998408,2017-07-28
NY_GC_1,1,2017-07-21,5.030000000000001,7.688335241599121,-2.6583352415991195,-0.15436411001057893,0.19256566100703512,0.06584780239125143,2.842170943040401e-14,2017-08-04
NY_GC_1,1,2017-07-28,5.109999999999985,8.158012257443978,-3.048012257443993,-0.15502194369465117,0.22106300784350105,0.0845579726928702,-0.7600000000000193,2017-08-11
NY_GC_1,1,2017-08-04,5.110000000000014,7.493740327889068,-2.383740327889054,-0.15010814798896338,0.16730257536542012,0.048758308253373905,0.3300000000000125,2017-08-18
NY_GC_1,1,2017-08-11,4.349999999999994,8.213640225666154,-3.8636402256661597,-0.08559623972033086,0.2647511873434254,0.1252987007462844,0.10999999999998522,2017-08-25
NY_GC_1,1,2017-08-18,4.680000000000007,8.130280430207414,-3.450280430207407,-0.11119124610694166,0.2389848778051174,0.1034465421987122,0.16999999999998838,2017-09-01
NY_GC_1,1,2017-08-25,4.789999999999992,7.566804670725874,-2.776804670725882,-0.11677272953216594,0.18662871842961143,0.06638446606047321,-2.3199999999999656,2017-09-08
NY_GC_1,1,2017-09-01,4.95999999999998,8.351980572687182,-3.391980572687202,-0.12772465895092744,0.2334119740854231,0.09471635804675974,1.6099999999999852,2017-09-15
NY_GC_1,1,2017-09-08,2.640000000000015,7.935002431053337,-5.295002431053322,0.07000311277071639,0.3187939817231099,0.21872327255058854,0.3499999999999943,2017-09-22
NY_GC_1,1,2017-09-15,4.25,7.667728904377175,-3.4177289043771752,-0.06946164659963958,0.2236542879406163,0.11207708310646938,0.280000000000002,2017-09-29
NY_GC_1,1,2017-09-22,4.599999999999994,7.571054346227875,-2.9710543462278807,-0.09860102627974689,0.19261767898557164,0.07698171343327666,0.7000000000000162,2017-10-06
NY_GC_1,1,2017-09-29,4.879999999999996,7.310010740849582,-2.4300107408495855,-0.12184152491931992,0.1557025253316211,0.04306011458963235,-0.11000000000001364,2017-10-13
NY_GC_1,1,2017-10-06,5.5800000000000125,6.8352642607409,-1.255264260740888,-0.1747420684980031,0.07659288491830338,-0.029802273903714496,0.15999999999999748,2017-10-20
NY_GC_1,1,2017-10-13,5.469999999999999,7.245967879112506,-1.7759678791125069,-0.16176614625134814,0.11309895822827859,0.0002264548631161073,0.13000000000002299,2017-10-27
NY_GC_1,1,2017-10-20,5.629999999999996,6.742199277259697,-1.112199277259701,-0.16619183293202433,0.0655223676685053,-0.0333056519591634,-0.160000000000025,2017-11-03
NY_GC_1,1,2017-10-27,5.760000000000019,7.1598075623840725,-1.3998075623840531,-0.16467716038913058,0.08770800255276792,-0.014883082649389173,1.0600000000000023,2017-11-10
NY_GC_1,1,2017-11-03,5.599999999999994,7.234147822145202,-1.6341478221452075,-0.14081020190636578,0.10387102259295827,0.007296719366235476,1.420000000000016,2017-11-17
NY_GC_1,1,2017-11-10,6.659999999999997,6.973187614643,-0.31318761464300326,-0.20597444238282409,0.013734345549940977,-0.0787336327525081,1.1599999999999948,2017-11-24
NY_GC_1,1,2017-11-17,8.080000000000013,7.409974747107496,0.6700252528925166,-0.28940739677165817,-0.05326910623593288,-0.1484294949003325,-0.5200000000000085,2017-12-01
NY_GC_1,1,2017-11-24,9.240000000000007,7.413214855795895,1.8267851442041128,-0.3324878734665999,-0.13702393237116806,-0.21353375293866073,-0.08999999999997499,2017-12-08
NY_GC_1,1,2017-12-01,8.719999999999999,6.845042603415167,1.8749573965848318,-0.2889793817424092,-0.14547001418278774,-0.21796527387758505,1.7899999999999636,2017-12-15
NY_GC_1,1,2017-12-08,8.630000000000024,7.811928282574705,0.8180717174253189,-0.25817280300391227,-0.06282547256113023,-0.13483343279694987,-1.549999999999983,2017-12-22
NY_GC_1,1,2017-12-15,10.419999999999987,7.184452458903543,3.2355475410964445,-0.2905760545777672,-0.22808221103365223,-0.2554998163457926,0.8199999999999932,2017-12-29
NY_GC_1,1,2017-12-22,8.870000000000005,7.0605792594421946,1.80942074055781,-0.21762012367195863,-0.1351782315258545,-0.18193981280894278,-0.6299999999999955,2018-01-05
NY_GC_1,1,2017-12-29,9.689999999999998,7.1345077344892465,2.5554922655107513,-0.21809478328710988,-0.17656599278818721,-0.20297862450211168,-0.8000000000000114,2018-01-12
NY_GC_1,1,2018-01-05,9.060000000000002,6.647706385959256,2.4122936140407463,-0.17754222400212522,-0.17281456747024201,-0.1961655667230643,-0.5699999999999932,2018-01-19
NY_GC_1,1,2018-01-12,8.259999999999991,6.6540508602524016,1.6059491397475893,-0.12888371629069414,-0.12136339526747228,-0.14122510168384605,-0.589999999999975,2018-01-26
NY_GC_1,1,2018-01-19,7.689999999999998,7.31780233362697,0.37219766637302776,-0.08917535308271926,-0.03257544911641255,-0.052511287346832476,-0.4800000000000466,2018-02-02
NY_GC_1,1,2018-01-26,7.100000000000023,7.38244866332953,-0.28244866332950735,-0.04777616286022013,0.014189157862142959,-4.238686190778315e-05,-0.7299999999999898,2018-02-09
NY_GC_1,1,2018-02-02,6.619999999999976,7.103291276126244,-0.483291276126268,-0.013087993822288693,0.027008149251765756,0.021250667962836776,-0.6299999999999955,2018-02-16
NY_GC_1,1,2018-02-09,5.889999999999986,6.9313142793752185,-1.0413142793752321,0.03821424429050348,0.06521963749701111,0.07061809386066921,-0.7199999999999704,2018-02-23
NY_GC_1,1,2018-02-16,5.259999999999991,6.916328194860856,-1.6563281948608655,0.08038890214540922,0.1081803038498152,0.12169499322595162,-0.17000000000004434,2018-03-02
NY_GC_1,1,2018-02-23,4.5400000000000205,7.60135758746623,-3.061357587466209,0.12390274864087644,0.20831669201686598,0.22190116512996022,0.5800000000000409,2018-03-09
NY_GC_1,1,2018-03-02,4.369999999999976,7.176733458232438,-2.806733458232462,0.13144896187704613,0.18756969184042108,0.20634504120975453,-2.842170943040401e-14,2018-03-16
NY_GC_1,1,2018-03-09,4.950000000000017,6.610226265979276,-1.6602262659792588,0.10294972212618458,0.10746175075029307,0.12779752676464648,0.5200000000000387,2018-03-23
NY_GC_1,1,2018-03-16,4.949999999999989,7.454276560224524,-2.504276560224535,0.10318289448060905,0.16977866551542228,0.18083368781703446,0.9799999999999898,2018-03-30
NY_GC_1,1,2018-03-23,5.470000000000027,7.338680143829353,-1.8686801438293257,0.07302456792079332,0.12675422447657375,0.1339490646106678,-1.0999999999999943,2018-04-06
NY_GC_1,1,2018-03-30,6.450000000000017,7.155577870672996,-0.705577870672979,0.013582915233675365,0.04527576003938803,0.044669724275255854,0.5,2018-04-13
NY_GC_1,1,2018-04-06,5.350000000000023,7.550134456830995,-2.2001344568309724,0.08354989191950037,0.1500197565324613,0.15678774481804836,0.6199999999999761,2018-04-20
NY_GC_1,1,2018-04-13,5.850000000000023,7.297328056176594,-1.4473280561765716,0.052124755543064255,0.09711426513970318,0.10130533121664989,-0.12000000000000455,2018-04-27
NY_GC_1,1,2018-04-20,6.469999999999999,7.6223508224571805,-1.1523508224571817,0.01363436502780107,0.07918121198065209,0.07362851350505462,-0.37999999999999545,2018-05-04
NY_GC_1,1,2018-04-27,6.349999999999994,7.583016169509414,-1.23301616950942,0.022850064464740062,0.08422392705308249,0.08080200988457083,1.1400000000000148,2018-05-11
NY_GC_1,1,2018-05-04,5.969999999999999,7.512075199088414,-1.5420751990884147,0.04893196465626838,0.1050474653555038,0.106685346361883,-0.5700000000000216,2018-05-18
NY_GC_1,1,2018-05-11,7.110000000000014,7.498212464874699,-0.38821246487468564,-0.025838675993612566,0.024235985172489056,0.014336152159342646,-0.4800000000000182,2018-05-25
NY_GC_1,1,2018-05-18,6.539999999999992,7.402543731780919,-0.862543731780927,0.007636709982228283,0.05639164014442104,0.05222824776983437,0.03000000000002956,2018-06-01
NY_GC_1,1,2018-05-25,6.059999999999974,6.962397329545955,-0.9023973295459813,0.030980633565822948,0.056807098574448364,0.05982912124013713,0.05000000000001137,2018-06-08
NY_GC_1,1,2018-06-01,6.090000000000003,7.169437650171135,-1.0794376501711316,0.021638777076292817,0.07057107707826228,0.06878548093249395,-0.7599999999999909,2018-06-15
NY_GC_1,1,2018-06-08,6.140000000000015,6.67225673740541,-0.5322567374053948,0.011204662950322467,0.0292069486769116,0.03018380741775052,-0.5100000000000193,2018-06-22
NY_GC_1,1,2018-06-15,5.380000000000024,6.729224573415682,-1.3492245734156585,0.04729818077048061,0.086031740377881,0.0902333317561779,0.37999999999999545,2018-06-29
NY_GC_1,1,2018-06-22,4.8700000000000045,7.048760320805187,-2.178760320805183,0.06968405120286944,0.1456829043623974,0.14833613171263657,-1.1299999999999955,2018-07-06
NY_GC_1,1,2018-06-29,5.25,6.541630777628891,-1.2916307776288907,0.03243530039763361,0.08203208555917396,0.08241152346374202,2.1499999999999773,2018-07-13
NY_GC_1,1,2018-07-06,4.1200000000000045,7.078672140941599,-2.9586721409415944,0.08989077655487872,0.19358859002276493,0.19571984280920365,-0.23999999999998067,2018-07-20
NY_GC_1,1,2018-07-13,6.269999999999982,6.5315682732123825,-0.2615682732124007,-0.0551415231753069,0.010119702450238195,-0.0058812906671884425,-0.4000000000000048,2018-07-27
NY_GC_1,1,2018-07-20,6.030000000000001,6.640734261185533,-0.6107342611855318,-0.04398110001488055,0.03335873178540054,0.017379203360100428,0.5,2018-08-03
NY_GC_1,1,2018-07-27,5.629999999999996,6.643225515803767,-1.0132255158037706,-0.021456137043147406,0.061232824819917576,0.047809885918409095,-0.5800000000000134,2018-08-10
NY_GC_1,1,2018-08-03,6.129999999999996,6.569667715376716,-0.43966771537671967,-0.05534317597120157,0.021712860823118525,0.004229439048399996,-0.29999999999998295,2018-08-17
NY_GC_1,1,2018-08-10,5.549999999999983,7.063260118158208,-1.5132601181582253,-0.018075363884698666,0.09751208968040062,0.07975817084954401,-0.05000000000001137,2018-08-24
NY_GC_1,1,2018-08-17,5.25,6.630843089229926,-1.3808430892299262,0.0020074012532867586,0.08647220565282589,0.07638381973602247,-0.6500000000000057,2018-08-31
NY_GC_1,1,2018-08-24,5.199999999999989,7.509309672893669,-2.30930967289368,0.007225804696717658,0.15410360016919836,0.1350182208621199,0.6500000000000057,2018-09-07
NY_GC_1,1,2018-08-31,4.549999999999983,6.737577377108794,-2.187577377108811,0.05042353805282876,0.139998637474297,0.13683991179565688,0.25,2018-09-14
NY_GC_1,1,2018-09-07,5.199999999999989,6.2532771024570275,-1.0532771024570389,0.008382265017108547,0.06241902176015954,0.058050640443210684,0.3300000000000125,2018-09-21
NY_GC_1,1,2018-09-14,5.449999999999989,6.7971364887888575,-1.3471364887888688,-0.007049489773229441,0.08530512989773864,0.07250806170651732,-0.9900000000000091,2018-09-28
NY_GC_1,1,2018-09-21,5.780000000000001,6.519038781762682,-0.7390387817626811,-0.028231540735342658,0.0424666044894328,0.02945054037878602,0.5900000000000318,2018-10-05
NY_GC_1,1,2018-09-28,4.789999999999992,6.478260895831555,-1.6882608958315632,0.0331433217318049,0.10521554400850115,0.10187166384973617,-0.08000000000004093,2018-10-12
NY_GC_1,1,2018-10-05,5.380000000000024,6.687464164720701,-1.3074641647206775,-0.0059132920394607096,0.08146442159631141,0.06910886937549503,-0.3199999999999932,2018-10-19
NY_GC_1,1,2018-10-12,5.299999999999983,6.61326107946438,-1.3132610794643966,-0.0023214258521269265,0.08097727465411897,0.06978502733475155,0.5600000000000023,2018-10-26
NY_GC_1,1,2018-10-19,4.97999999999999,6.752077958779957,-1.7720779587799669,0.014815513096642034,0.11186690654921376,0.1011682432976469,1.0699999999999932,2018-11-02
NY_GC_1,1,2018-10-26,5.539999999999992,6.2552737817173245,-0.7152737817173325,-0.02453072278041081,0.039022306700513085,0.02709495486412743,1.1000000000000227,2018-11-09
NY_GC_1,1,2018-11-02,6.609999999999985,6.66881034950158,-0.05881034950159503,-0.09480248798627225,-0.0036356777584238675,-0.030952738079503262,0.9799999999999898,2018-11-16
NY_GC_1,1,2018-11-09,7.710000000000008,6.5929489840352735,1.1170510159647344,-0.16635532491723917,-0.08668118371938609,-0.1224233749571731,0.009999999999990905,2018-11-23
NY_GC_1,1,2018-11-16,8.689999999999998,6.4175269149106535,2.272473085089344,-0.21954365466406053,-0.16903094641609082,-0.2053106212164443,0.9400000000000279,2018-11-30
NY_GC_1,1,2018-11-23,8.699999999999989,7.142279283725462,1.5577207162745266,-0.21059286307427313,-0.11554676893697134,-0.15526850417709548,-0.8799999999999972,2018-12-07
NY_GC_1,1,2018-11-30,9.640000000000017,6.774965865750043,2.8650341342499734,-0.24024907588157068,-0.2017515543837134,-0.23090637003317974,-0.2600000000000193,2018-12-14
NY_GC_1,1,2018-12-07,8.76000000000002,7.326220362008618,1.4337796379914014,-0.18934560062183492,-0.10420622853200956,-0.13883686193791775,0.18000000000000682,2018-12-21
NY_GC_1,1,2018-12-14,8.5,6.834042368961597,1.6659576310384034,-0.16389536486806475,-0.1221914724900221,-0.14873496882097317,0.6499999999999773,2018-12-28
NY_GC_1,1,2018-12-21,8.680000000000007,7.048725954389086,1.6312740456109207,-0.1607364330856936,-0.11815917366854536,-0.14296730621978296,-0.37999999999999545,2019-01-04
NY_GC_1,1,2018-12-28,9.329999999999984,7.039293149127323,2.2907068508726613,-0.1811901537533698,-0.16063832662569996,-0.18256277304983307,-1.0599999999999739,2019-01-11
NY_GC_1,1,2019-01-04,8.949999999999989,6.966986094809948,1.9830139051900408,-0.14847346287722862,-0.1412595636513784,-0.15930950662445548,0.1699999999999875,2019-01-18
NY_GC_1,1,2019-01-11,7.890000000000015,7.430046351612173,0.4599536483878417,-0.08538481046381494,-0.03666109501736846,-0.05353866532849892,-0.7399999999999807,2019-01-25
NY_GC_1,1,2019-01-18,8.060000000000002,7.8433733869931785,0.21662661300682373,-0.08859902420722686,-0.01706240490141636,-0.03631026102071431,-0.12000000000003297,2019-02-01
NY_GC_1,1,2019-01-25,7.320000000000022,7.3073178475392275,0.012682152460794072,-0.038949429832837834,-0.005444603530624218,-0.01426650395238014,-0.31999999999996476,2019-02-08
NY_GC_1,1,2019-02-01,7.199999999999989,7.750864145266709,-0.5508641452667202,-0.028240854800004392,0.03585209998536971,0.02466085103452918,0.01999999999998181,2019-02-15
NY_GC_1,1,2019-02-08,6.880000000000024,6.847060030079089,0.03293996992093451,-0.0045494595289303115,-0.008712422005720052,-0.007916822493632283,-0.060000000000030695,2019-02-22
NY_GC_1,1,2019-02-15,6.900000000000006,6.633408750338404,0.26659124966160164,-0.0013811122804156823,-0.0261082427429215,-0.022271699490859415,-1.1099999999999568,2019-03-01
NY_GC_1,1,2019-02-22,6.839999999999975,7.099329628199526,-0.2593296281995512,0.006672636805307393,0.012539360609465759,0.013640089859030598,-0.3800000000000239,2019-03-08
NY_GC_1,1,2019-03-01,5.730000000000018,6.932362506072617,-1.2023625060725989,0.0794197792158973,0.0777996972729414,0.09039483141030547,-0.30999999999997385,2019-03-15
NY_GC_1,1,2019-03-08,5.349999999999994,6.406213469286173,-1.0562134692861784,0.10349806470459127,0.06546675550230502,0.08601242171765038,0.20999999999997954,2019-03-22
NY_GC_1,1,2019-03-15,5.0400000000000205,6.936965799842349,-1.8969657998423282,0.12011628209154193,0.12569784585357793,0.14293209072398974,-0.06999999999999318,2019-03-29
NY_GC_1,1,2019-03-22,5.25,6.5369042530812385,-1.2869042530812385,0.1057127841197148,0.08211007863009788,0.10110623610523599,-0.25,2019-04-05
NY_GC_1,1,2019-03-29,5.180000000000007,6.3510839820963305,-1.1710839820963237,0.10957991230860012,0.07268275148254218,0.0934476140867566,0.23999999999998156,2019-04-12
NY_GC_1,1,2019-04-05,4.930000000000007,7.022957611841111,-2.092957611841104,0.12169580324616931,0.1387266152384348,0.15414276279859315,0.03000000000000025,2019-04-19
NY_GC_1,1,2019-04-12,5.169999999999988,6.0406749335238805,-0.8706749335238921,0.10683057033540627,0.0507556632322281,0.07286014517887299,0.03000000000002956,2019-04-26
NY_GC_1,1,2019-04-19,5.199999999999989,6.56347459038793,-1.3634745903879413,0.10453984561248042,0.08649154717870428,0.10360141368934016,0.5699999999999932,2019-05-03
NY_GC_1,1,2019-04-26,5.230000000000018,6.568171038836342,-1.3381710388363235,0.10113331241638096,0.08501058440819832,0.10130456168362145,-0.10000000000002274,2019-05-10
NY_GC_1,1,2019-05-03,5.800000000000011,6.741004358781121,-0.9410043587811092,0.06509693817738602,0.059072302216523195,0.06972877359407229,0.5500000000000114,2019-05-17
NY_GC_1,1,2019-05-10,5.699999999999989,7.427046709709103,-1.7270467097091142,0.0651632675359207,0.11636564920509575,0.12002602536039259,0.4000000000000057,2019-05-24
NY_GC_1,1,2019-05-17,6.25,6.810023881995508,-0.5600238819955079,0.025132799549729756,0.03326624637477278,0.03665043913374136,-0.12000000000000455,2019-05-31
NY_GC_1,1,2019-05-24,6.650000000000006,7.333355598233766,-0.68335559823376,-0.005372201633948305,0.044144473308690146,0.03840912070087443,-1.3199999999999932,2019-06-07
NY_GC_1,1,2019-05-31,6.530000000000001,7.06141567683893,-0.5314156768389289,-0.00599255561484633,0.03231970713335863,0.027953727575049762,0.18000000000000682,2019-06-14
NY_GC_1,1,2019-06-07,5.210000000000008,7.925516163697463,-2.7155161636974547,0.06772718983595426,0.18767842614223268,0.18319851907115237,0.1599999999999966,2019-06-21
NY_GC_1,1,2019-06-14,5.390000000000015,7.508286124572045,-2.1182861245720304,0.048449509902330254,0.14541787530201528,0.14132752344513358,1.2199999999999704,2019-06-28
NY_GC_1,1,2019-06-21,5.550000000000011,6.950326190909133,-1.400326190909122,0.030106037568283013,0.09276883074275541,0.09042624864404321,-0.12999999999996703,2019-07-05
NY_GC_1,1,2019-06-28,6.769999999999982,7.258950979486315,-0.4889509794863329,-0.05450717306527866,0.03129658328505423,0.016448765825335852,-0.8400000000000034,2019-07-12
NY_GC_1,1,2019-07-05,6.640000000000015,7.0948553945799695,-0.4548553945799547,-0.05230833619758833,0.02774825301587648,0.013799962665633457,0.20999999999997954,2019-07-19
NY_GC_1,1,2019-07-12,5.800000000000011,7.358082037041974,-1.558082037041963,-0.003555250444661158,0.10731498875658584,0.09456589285743819,-0.3599999999999852,2019-07-26
NY_GC_1,1,2019-07-19,6.009999999999991,6.428547501374091,-0.4185475013740998,-0.022371799739942716,0.02260600482541802,0.015698663157035206,0.04999999999998295,2019-08-02
NY_GC_1,1,2019-07-26,5.650000000000006,6.594745676894087,-0.9447456768940814,-0.0034883612438969917,0.059935893391510134,0.05293923581415219,0.11000000000001364,2019-08-09
NY_GC_1,1,2019-08-02,5.699999999999989,6.896772840906606,-1.1967728409066174,-0.010600781843016304,0.07929014671361942,0.06813986828533736,-1.0600000000000023,2019-08-16
NY_GC_1,1,2019-08-09,5.810000000000002,6.175039031322031,-0.36503903132202886,-0.020545213265397523,0.01751550252510017,0.011530821081293463,0.4000000000000057,2019-08-23
NY_GC_1,1,2019-08-16,4.75,6.9786164806454485,-2.2286164806454485,0.04243203257125422,0.15003502287230122,0.14285376475217812,-0.18000000000000682,2019-08-30
NY_GC_1,1,2019-08-23,5.150000000000006,6.265738840569236,-1.1157388405692306,0.012118926249837191,0.0703076868078305,0.06575826510383377,-0.010000000000018439,2019-09-06
NY_GC_1,1,2019-08-30,4.969999999999999,6.2987138598823655,-1.3287138598823667,0.021449000384000855,0.08415275632506791,0.08018724501988754,-1.0099999999999918,2019-09-13
NY_GC_1,1,2019-09-06,4.95999999999998,6.457388090705404,-1.4973880907054236,0.021013830431255327,0.09648335856427813,0.0906727231268583,0.09999999999999432,2019-09-20
NY_GC_1,1,2019-09-13,3.9499999999999886,5.466655660117079,-1.51665566011709,0.08220302518312143,0.0918788748097327,0.1044368129749615,1.0300000000000296,2019-09-27
NY_GC_1,1,2019-09-20,4.049999999999983,6.675022221527415,-2.6250222215274324,0.07268670509758028,0.17215011872285627,0.17022157432931043,2.269999999999982,2019-10-04
NY_GC_1,1,2019-09-27,5.0800000000000125,5.836258610013177,-0.7562586100131643,0.006759123554369428,0.04318024378702287,0.040423472439595036,1.4399999999999977,2019-10-11
NY_GC_1,1,2019-10-04,7.349999999999994,7.043765755507056,0.3062342444929387,-0.14312631384366903,-0.02727935887150088,-0.06263441183120988,1.1100000000000136,2019-10-18
NY_GC_1,1,2019-10-11,8.789999999999992,6.805581494725507,1.9844185052744852,-0.23444929838775072,-0.15429724261065653,-0.19680786057613006,0.07999999999998408,2019-10-25
NY_GC_1,1,2019-10-18,9.900000000000006,7.0483742941825955,2.85162570581741,-0.2857612017537008,-0.2177433432065483,-0.2580495296621305,-0.6599999999999984,2019-11-01
NY_GC_1,1,2019-10-25,9.97999999999999,7.287715943752295,2.6922840562476944,-0.27249791392012845,-0.2038875058193377,-0.24134743166237677,1.1800000000000086,2019-11-08
NY_GC_1,1,2019-11-01,9.319999999999991,6.599959731636944,2.7200402683630474,-0.22465044199571585,-0.21140918268898087,-0.24065886778157813,-0.13999999999998636,2019-11-15
NY_GC_1,1,2019-11-08,10.5,7.522987782705705,2.9770122172942948,-0.2610054854012091,-0.21718669815201253,-0.24275836111077376,-0.640000000000013,2019-11-22
NY_GC_1,1,2019-11-15,10.360000000000014,7.174935148747342,3.1850648512526716,-0.24068586828474034,-0.23285317960817836,-0.25422186626800053,-0.07000000000002515,2019-11-29
NY_GC_1,1,2019-11-22,9.72,6.707740558358206,3.0122594416417945,-0.19899564155217744,-0.22559039443460221,-0.24273189041643406,-0.5499999999999812,2019-12-06
NY_GC_1,1,2019-11-29,9.649999999999975,7.711762065598928,1.9382379344010472,-0.18343300975612845,-0.1425963063071332,-0.16375983395743915,-0.4899999999999807,2019-12-13
NY_GC_1,1,2019-12-06,9.099999999999994,7.075800014848225,2.0241999851517694,-0.1416690488707867,-0.15246064621358438,-0.16572569448502955,-0.040000000000020464,2019-12-20
NY_GC_1,1,2019-12-13,8.610000000000014,6.972584607021065,1.6374153929789488,-0.10339119060026764,-0.12555365967029142,-0.13432025406910764,-0.14000000000001478,2019-12-27
NY_GC_1,1,2019-12-20,8.569999999999993,7.515451297898103,1.05454870210189,-0.09206549201651322,-0.08034997837551636,-0.09147263309729257,-0.9899999999999807,2020-01-03
NY_GC_1,1,2019-12-27,8.429999999999978,6.22158513590149,2.208414864098488,-0.0785398024915131,-0.16944205071718288,-0.16818917880106724,0.21000000000000796,2020-01-10
NY_GC_1,1,2020-01-03,7.439999999999998,7.0903967565311135,0.3496032434688843,-0.013311448406278053,-0.0309350054750039,-0.03004357918546678,0.18999999999999773,2020-01-17
NY_GC_1,1,2020-01-10,7.650000000000006,6.498911448841887,1.1510885511581188,-0.021636465911615225,-0.09099501448906488,-0.08503174713425257,-0.5800000000000125,2020-01-24
NY_GC_1,1,2020-01-17,7.840000000000003,6.480685148185707,1.3593148518142968,-0.029040757386940657,-0.1064273487620431,-0.10042987318272047,-0.030000000000001137,2020-01-31
NY_GC_1,1,2020-01-24,7.259999999999991,6.8786444404211995,0.3813555595787914,0.012807038618673234,-0.03367634992826764,-0.02648028937726238,0.09000000000000341,2020-02-07
NY_GC_1,1,2020-01-31,7.22999999999999,6.505614693267702,0.7243853067322874,0.0189085861402506,-0.05996466952551064,-0.04833700440780195,0.020000000000010232,2020-02-14
NY_GC_1,1,2020-02-07,7.319999999999993,6.464974236108156,0.8550257638918373,0.0170164812715963,-0.06978206290201444,-0.05744973163865749,0.25,2020-02-21
NY_GC_1,1,2020-02-14,7.340000000000003,7.136324794549377,0.20367520545062678,0.02248472801109534,-0.019405522691066088,-0.0115978480779008,-0.8799999999999955,2020-02-28
NY_GC_1,1,2020-02-21,7.590000000000003,7.268062461562572,0.32193753843743167,0.012658326448992153,-0.02731885113275763,-0.020754649675837993,-0.46000000000000796,2020-03-06
NY_GC_1,1,2020-02-28,6.710000000000008,6.71637579119811,-0.006375791198101943,0.07391149194202282,-0.005368784079280074,0.012559639785168697,-1.9799999999999898,2020-03-13
NY_GC_1,1,2020-03-06,6.25,7.409971064309812,-1.1599710643098122,0.10680153221550802,0.0821764404063126,0.09729932917504179,6.089999999999989,2020-03-20
NY_GC_1,1,2020-03-13,4.27000000000001,6.5483317948272255,-2.2783317948272153,0.22547765475177703,0.16159820728866806,0.18602220320682292,1.0400000000000063,2020-03-27
NY_GC_1,1,2020-03-20,10.36,7.282936119643177,3.077063880356822,-0.15998566321617866,-0.24649347173991976,-0.25651403893624364,-9.38000000000001,2020-04-03
NY_GC_1,1,2020-03-27,11.400000000000006,7.069752777409819,4.330247222590187,-0.22717238422494024,-0.3543657202507911,-0.3681981608336382,1.9500000000000028,2020-04-10
NY_GC_1,1,2020-04-03,2.019999999999996,6.084768523275966,-4.06476852327597,0.604049403040914,0.40897270407500913,0.5415449888313117,-1.4200000000000017,2020-04-17
NY_GC_1,1,2020-04-10,3.969999999999999,6.116965945248148,-2.146965945248149,0.3663601601020474,0.19674392095981946,0.28661944570330233,-5.989999999999995,2020-04-24
NY_GC_1,1,2020-04-17,2.549999999999997,5.321396439706664,-2.771396439706667,0.40102955072106583,0.23675907626757395,0.30100801308739206,-8.440000000000007,2020-05-01
NY_GC_1,1,2020-04-24,-3.4399999999999977,5.09579942917482,-8.535799429174817,0.5525353109168019,0.67729336816533,0.5903487483359524,18.879999999999995,2020-05-08
NY_GC_1,1,2020-05-01,-11.880000000000004,5.005103530966345,-16.885103530966347,0.14661356256017088,1.1848706070655475,0.5291903746408376,1.7800000000000082,2020-05-15
NY_GC_1,1,2020-05-08,6.999999999999993,6.071642174886036,0.9283578251139568,-0.1582634550417561,-0.16094482025278095,-0.18871122400800652,-8.519999999999996,2020-05-22
NY_GC_1,1,2020-05-15,8.780000000000001,5.94197402711072,2.838025972889281,-0.4554265613639936,-0.4743312416705887,-0.5328468220913614,0.45999999999999375,2020-05-29
NY_GC_1,1,2020-05-22,0.2600000000000051,6.8444444296659315,-6.584444429665926,0.9123142394712027,1.104809379102062,1.1743451762482995,0.2500000000000143,2020-06-05
NY_GC_1,4,2017-01-06,3.8499999999999934,7.6986176344314385,-3.848617634431445,0.4943142032008688,1.0600554662823563,1.159173926958303,0.5700000000000216,2017-02-10
NY_GC_1,4,2017-01-13,3.829999999999984,7.303855841280828,-3.4738558412808436,0.4245491020729252,0.945827205180044,1.029195227154485,0.549999999999983,2017-02-17
NY_GC_1,4,2017-01-20,3.950000000000017,7.813245032171785,-3.8632450321717675,0.31686404555766645,1.0495421480670573,1.2133361511848948,0.20000000000001705,2017-02-24
NY_GC_1,4,2017-01-27,3.75,8.147100893854455,-4.397100893854455,0.26143954955001014,1.168258635543586,1.3927300078735072,0.12999999999999545,2017-03-03
NY_GC_1,4,2017-02-03,4.219999999999999,7.169863003039919,-2.94986300303992,0.09932804124181932,0.7490840925525121,0.8976173036096659,-0.37000000000000455,2017-03-10
NY_GC_1,4,2017-02-10,4.400000000000006,8.442153918691313,-4.042153918691307,0.012137356086814377,1.0470322876159663,1.3332777913915461,-0.629999999999995,2017-03-17
NY_GC_1,4,2017-02-17,4.5,8.495144898157978,-3.995144898157978,-0.05280342874120039,1.0291376834797077,1.345200617084669,0.14999999999997726,2017-03-24
NY_GC_1,4,2017-02-24,3.950000000000017,7.649613179319177,-3.69961317931916,0.015339752072059093,0.9272384376990862,1.1434944798015616,0.5200000000000102,2017-03-31
NY_GC_1,4,2017-03-03,4.349999999999994,7.73016039820481,-3.380160398204816,-0.12448712495968753,0.815291094221392,1.0003776204549217,0.3299999999999841,2017-04-07
NY_GC_1,4,2017-03-10,4.030000000000001,7.0672873734125154,-3.0372873734125143,-0.08606086613526319,0.7019430290056554,0.7980428782731441,0.7899999999999916,2017-04-14
NY_GC_1,4,2017-03-17,3.870000000000005,6.466714508269252,-2.596714508269247,-0.07015031900886536,0.5506669233794361,0.5460659167933251,-0.18999999999999773,2017-04-21
NY_GC_1,4,2017-03-24,4.099999999999994,6.973668498326367,-2.8736684983263725,-0.12189037154355413,0.5973320150884811,0.5481811224819728,-1.9399999999999977,2017-04-28
NY_GC_1,4,2017-03-31,4.8700000000000045,7.075811673231207,-2.205811673231202,-0.2697410257457554,0.44127820608253904,0.3748154984319375,-1.5199999999999818,2017-05-05
NY_GC_1,4,2017-04-07,4.359999999999985,6.918291125052729,-2.558291125052744,-0.16505059183821547,0.514318427768422,0.4358605690195304,-1.6299999999999955,2017-05-12
NY_GC_1,4,2017-04-14,4.659999999999997,7.417488241522454,-2.7574882415224575,-0.22499868247786,0.567998469482862,0.48197903568505,0.15000000000000568,2017-05-19
NY_GC_1,4,2017-04-21,3.9099999999999966,7.650184565160069,-3.7401845651600727,-0.07763190365684153,0.780094781459567,0.6806865941885902,1.1899999999999977,2017-05-26
NY_GC_1,4,2017-04-28,2.930000000000007,7.1825490967314956,-4.252549096731489,0.09531937177075628,0.8269402552438533,0.6846158642275828,1.6099999999999852,2017-06-02
NY_GC_1,4,2017-05-05,2.8400000000000034,6.598890857605354,-3.7588908576053504,0.08045690169595171,0.6835704140346034,0.5212513068013453,0.5200000000000107,2017-06-09
NY_GC_1,4,2017-05-12,3.030000000000001,5.845697415076908,-2.815697415076907,0.009051823577058637,0.45220814403457116,0.2956476419995778,-0.8599999999999852,2017-06-16
NY_GC_1,4,2017-05-19,4.060000000000002,7.261548609448025,-3.2015486094480226,-0.21012479805231757,0.5247765876821056,0.2261564677691965,-0.29000000000002046,2017-06-23
NY_GC_1,4,2017-05-26,4.1200000000000045,6.706676932269729,-2.5866769322697243,-0.2142907947614688,0.42398626073521767,0.1890925058797188,0.3100000000000307,2017-06-30
NY_GC_1,4,2017-06-02,4.449999999999989,8.038030372055047,-3.5880303720550586,-0.27042047473210257,0.6538309609936779,0.35187242283142,0.18000000000000638,2017-07-07
NY_GC_1,4,2017-06-09,3.550000000000012,6.557159071367201,-3.0071590713671896,-0.08745385886976388,0.5368307357665628,0.3485626540781268,1.299999999999983,2017-07-14
NY_GC_1,4,2017-06-16,3.200000000000017,7.730889747230383,-4.530889747230366,-0.024625106881267955,0.8130209737544268,0.5521364805686789,1.200000000000017,2017-07-21
NY_GC_1,4,2017-06-23,3.829999999999984,8.769955515012303,-4.939955515012318,-0.1590494421881732,0.8816725553037379,0.5288852755508004,0.3499999999999659,2017-07-28
NY_GC_1,4,2017-06-30,4.760000000000019,7.082464349838383,-2.3224643498383637,-0.3479930313997305,0.381540018837809,0.10800321741944087,1.3799999999999955,2017-08-04
NY_GC_1,4,2017-07-07,3.730000000000018,7.974587408218846,-4.244587408218828,-0.12476661493241187,0.7450413928353208,0.46298467838035534,-0.15000000000000568,2017-08-11
NY_GC_1,4,2017-07-14,4.5,8.380765220432888,-3.880765220432888,-0.2726002859033899,0.7043303743153325,0.4039522817618896,-0.3499999999999943,2017-08-18
NY_GC_1,4,2017-07-21,5.030000000000001,7.688335241599121,-2.6583352415991195,-0.3685187206167962,0.4831193527050325,0.23107632035072032,-0.3199999999999932,2017-08-25
NY_GC_1,4,2017-07-28,5.109999999999985,8.158012257443978,-3.048012257443993,-0.3703048236386979,0.5517237516036947,0.28082715023675153,-0.15000000000003322,2017-09-01
NY_GC_1,4,2017-08-04,5.110000000000014,7.493740327889068,-2.383740327889054,-0.3441359478738619,0.4424405662826925,0.2452457591198849,-1.7099999999999795,2017-09-08
NY_GC_1,4,2017-08-11,4.349999999999994,8.213640225666154,-3.8636402256661597,-0.1856705496399123,0.717212780635888,0.506845723946796,-0.4300000000000068,2017-09-15
NY_GC_1,4,2017-08-18,4.680000000000007,8.130280430207414,-3.450280430207407,-0.2544141710659333,0.6194895931794573,0.38757905337207554,-0.18999999999999773,2017-09-22
NY_GC_1,4,2017-08-25,4.789999999999992,7.566804670725874,-2.776804670725882,-0.2704411298591671,0.4843303583424806,0.26784662216026905,-0.07999999999998408,2017-09-29
NY_GC_1,4,2017-09-01,4.95999999999998,8.351980572687182,-3.391980572687202,-0.2990158063938375,0.594958513171552,0.3381032143809867,2.9399999999999977,2017-10-06
NY_GC_1,4,2017-09-08,2.640000000000015,7.935002431053337,-5.295002431053322,0.16937308185822095,0.9172707905788091,0.7494504080937645,1.2199999999999989,2017-10-13
NY_GC_1,4,2017-09-15,4.25,7.667728904377175,-3.4177289043771752,-0.172291659385279,0.5585557625855626,0.32118278902244013,1.030000000000002,2017-10-20
NY_GC_1,4,2017-09-22,4.599999999999994,7.571054346227875,-2.9710543462278807,-0.24216019109210424,0.4707400939727172,0.2201211849268218,0.880000000000023,2017-10-27
NY_GC_1,4,2017-09-29,4.879999999999996,7.310010740849582,-2.4300107408495855,-0.29985800653515904,0.372128062100506,0.12109143746248938,0.01999999999998181,2017-11-03
NY_GC_1,4,2017-10-06,5.5800000000000125,6.8352642607409,-1.255264260740888,-0.40294194330921107,0.1979854951892119,0.0023378400590851472,1.1899999999999977,2017-11-10
NY_GC_1,4,2017-10-13,5.469999999999999,7.245967879112506,-1.7759678791125069,-0.37031049674535865,0.3019170610333635,0.10441137390539557,2.450000000000016,2017-11-17
NY_GC_1,4,2017-10-20,5.629999999999996,6.742199277259697,-1.112199277259701,-0.3797979504207938,0.1850376779273647,0.01695041455788599,3.479999999999988,2017-11-24
NY_GC_1,4,2017-10-27,5.760000000000019,7.1598075623840725,-1.3998075623840531,-0.3737892730058953,0.24526178597334342,0.0769641907567701,3.1200000000000045,2017-12-01
NY_GC_1,4,2017-11-03,5.599999999999994,7.234147822145202,-1.6341478221452075,-0.31656473742906877,0.2871804316545147,0.12825655542114955,1.9700000000000273,2017-12-08
NY_GC_1,4,2017-11-10,6.659999999999997,6.973187614643,-0.31318761464300326,-0.4817732895780917,0.046369181105673056,-0.11317404582738856,2.339999999999975,2017-12-15
NY_GC_1,4,2017-11-17,8.080000000000013,7.409974747107496,0.6700252528925166,-0.6845947790791559,-0.12863172791930252,-0.28498889976674446,-0.37000000000000277,2017-12-22
NY_GC_1,4,2017-11-24,9.240000000000007,7.413214855795895,1.8267851442041128,-0.787621285862646,-0.3391463416045634,-0.43573050085963005,0.9699999999999989,2017-12-29
NY_GC_1,4,2017-12-01,8.719999999999999,6.845042603415167,1.8749573965848318,-0.6008040009632263,-0.3399941864933167,-0.35828507929762055,0.4299999999999784,2018-01-05
NY_GC_1,4,2017-12-08,8.630000000000024,7.811928282574705,0.8180717174253189,-0.5181870904138173,-0.11963681784411556,-0.10846752961629343,-2.1599999999999966,2018-01-12
NY_GC_1,4,2017-12-15,10.419999999999987,7.184452458903543,3.2355475410964445,-0.6872179917732975,-0.6050096808113187,-0.5385942247513202,-1.1800000000000068,2018-01-19
NY_GC_1,4,2017-12-22,8.870000000000005,7.0605792594421946,1.80942074055781,-0.42215119295465875,-0.31756635468483796,-0.28170846246027686,-2.589999999999975,2018-01-26
NY_GC_1,4,2017-12-29,9.689999999999998,7.1345077344892465,2.5554922655107513,-0.4571343225742468,-0.45890221763072225,-0.38742601806391586,-2.440000000000026,2018-02-02
NY_GC_1,4,2018-01-05,9.060000000000002,6.647706385959256,2.4122936140407463,-0.31949750075386785,-0.42481998662511034,-0.3651033737497765,-2.3700000000000045,2018-02-09
NY_GC_1,4,2018-01-12,8.259999999999991,6.6540508602524016,1.6059491397475893,-0.22859952827004038,-0.28129289160868975,-0.2626573696943232,-2.430000000000007,2018-02-16
NY_GC_1,4,2018-01-19,7.689999999999998,7.31780233362697,0.37219766637302776,-0.14249164870763126,-0.03570748814683937,-0.025491615176184278,-2.5600000000000023,2018-02-23
NY_GC_1,4,2018-01-26,7.100000000000023,7.38244866332953,-0.28244866332950735,-0.06613913972958843,0.085272127597892,0.08211664617192319,-2.25,2018-03-02
NY_GC_1,4,2018-02-02,6.619999999999976,7.103291276126244,-0.483291276126268,0.005767796557341521,0.11788125465848065,0.11301682418937739,-0.9399999999999693,2018-03-09
NY_GC_1,4,2018-02-09,5.889999999999986,6.9313142793752185,-1.0413142793752321,0.13342753909331131,0.23181655109715626,0.23738182395898832,-0.3100000000000023,2018-03-16
NY_GC_1,4,2018-02-16,5.259999999999991,6.916328194860856,-1.6563281948608655,0.24500146374099435,0.36128725595667216,0.37915317293508793,0.9300000000000068,2018-03-23
NY_GC_1,4,2018-02-23,4.5400000000000205,7.60135758746623,-3.061357587466209,0.37080995742397516,0.6656817904983193,0.6877822725644034,2.080000000000041,2018-03-30
NY_GC_1,4,2018-03-02,4.369999999999976,7.176733458232438,-2.806733458232462,0.38972169820848285,0.5966340052575633,0.6314895457319352,0.4000000000000057,2018-04-06
NY_GC_1,4,2018-03-09,4.950000000000017,6.610226265979276,-1.6602262659792588,0.29067903472715895,0.33636663711850284,0.374201934524772,0.9000000000000341,2018-04-13
NY_GC_1,4,2018-03-16,4.949999999999989,7.454276560224524,-2.504276560224535,0.29244403290016024,0.5234753413545455,0.5447234705876791,0.9999999999999716,2018-04-20
NY_GC_1,4,2018-03-23,5.470000000000027,7.338680143829353,-1.8686801438293257,0.2063242739212918,0.39085637736048334,0.40462031282674515,-0.10000000000002274,2018-04-27
NY_GC_1,4,2018-03-30,6.450000000000017,7.155577870672996,-0.705577870672979,0.04257490062884538,0.14423822767797714,0.14387798248743316,0.6199999999999761,2018-05-04
NY_GC_1,4,2018-04-06,5.350000000000023,7.550134456830995,-2.2001344568309724,0.25772146211243774,0.4855919320692491,0.4984921681622289,1.259999999999991,2018-05-11
NY_GC_1,4,2018-04-13,5.850000000000023,7.297328056176594,-1.4473280561765716,0.16697580358819958,0.3211429358873625,0.3291322472321227,0.06999999999999318,2018-05-18
NY_GC_1,4,2018-04-20,6.469999999999999,7.6223508224571805,-1.1523508224571817,0.05480422495521346,0.2594202211318669,0.2496069201657201,-0.29000000000002046,2018-05-25
NY_GC_1,4,2018-04-27,6.349999999999994,7.583016169509414,-1.23301616950942,0.08112041326346034,0.2755252983163901,0.269634796196496,0.12000000000000455,2018-06-01
NY_GC_1,4,2018-05-04,5.969999999999999,7.512075199088414,-1.5420751990884147,0.16357525171945148,0.3518103662580911,0.3547375319754975,-0.9699999999999989,2018-06-08
NY_GC_1,4,2018-05-11,7.110000000000014,7.498212464874699,-0.38821246487468564,-0.05595038119154917,0.0927646647560139,0.07514152567616186,-1.1599999999999682,2018-06-15
NY_GC_1,4,2018-05-18,6.539999999999992,7.402543731780919,-0.862543731780927,0.04671551369656314,0.20177827210542604,0.1943336836059872,-1.1899999999999693,2018-06-22
NY_GC_1,4,2018-05-25,6.059999999999974,6.962397329545955,-0.9023973295459813,0.11688969493453413,0.20850720283435464,0.21362396735949252,-0.8400000000000034,2018-06-29
NY_GC_1,4,2018-06-01,6.090000000000003,7.169437650171135,-1.0794376501711316,0.09058509157773585,0.24967474619416227,0.24646961398770334,-2.0200000000000102,2018-07-06
NY_GC_1,4,2018-06-08,6.140000000000015,6.67225673740541,-0.5322567374053948,0.054113067117028624,0.1157214681457134,0.11728058971404001,0.8899999999999579,2018-07-13
NY_GC_1,4,2018-06-15,5.380000000000024,6.729224573415682,-1.3492245734156585,0.16180382374265787,0.29630843369771076,0.30366986988748673,1.1599999999999966,2018-07-20
NY_GC_1,4,2018-06-22,4.8700000000000045,7.048760320805187,-2.178760320805183,0.225895291294571,0.47790120614954257,0.4826767336600124,0.37999999999999634,2018-07-27
NY_GC_1,4,2018-06-29,5.25,6.541630777628891,-1.2916307776288907,0.10955233610722387,0.27136511407597524,0.27208203659182634,2.009999999999992,2018-08-03
NY_GC_1,4,2018-07-06,4.1200000000000045,7.078672140941599,-2.9586721409415944,0.283194869133404,0.6324002548527171,0.6363813747405849,-0.7199999999999989,2018-08-10
NY_GC_1,4,2018-07-13,6.269999999999982,6.5315682732123825,-0.2615682732124007,-0.15363569008862865,0.034102983307526494,0.005362234151908049,-0.7800000000000011,2018-08-17
NY_GC_1,4,2018-07-20,6.030000000000001,6.640734261185533,-0.6107342611855318,-0.11355613848877621,0.11880896903748302,0.0895961907250532,-0.4300000000000077,2018-08-24
NY_GC_1,4,2018-07-27,5.629999999999996,6.643225515803767,-1.0132255158037706,-0.043991880919020634,0.21011634176319932,0.1863525070847505,-1.5800000000000134,2018-08-31
NY_GC_1,4,2018-08-03,6.129999999999996,6.569667715376716,-0.43966771537671967,-0.13867159722101535,0.09208440143952808,0.059567180401459,-0.3499999999999943,2018-09-07
NY_GC_1,4,2018-08-10,5.549999999999983,7.063260118158208,-1.5132601181582253,-0.02950744932537866,0.32460666774375757,0.29338472518257774,0.19999999999998863,2018-09-14
NY_GC_1,4,2018-08-17,5.25,6.630843089229926,-1.3808430892299262,0.027028858793433433,0.2919462191318624,0.2737686577678472,0.5800000000000125,2018-09-21
NY_GC_1,4,2018-08-24,5.199999999999989,7.509309672893669,-2.30930967289368,0.04047955243234903,0.4988223341097837,0.4648023766959002,0.2400000000000091,2018-09-28
NY_GC_1,4,2018-08-31,4.549999999999983,6.737577377108794,-2.187577377108811,0.16420461471251246,0.4607184793497404,0.45433883146409476,0.18000000000003524,2018-10-05
NY_GC_1,4,2018-09-07,5.199999999999989,6.2532771024570275,-1.0532771024570389,0.03464644705882118,0.2083218658836905,0.19919172294438603,-0.15000000000000568,2018-10-12
NY_GC_1,4,2018-09-14,5.449999999999989,6.7971364887888575,-1.3471364887888688,-0.010436034396437824,0.2740574865688737,0.24854529862897948,-0.8000000000000114,2018-10-19
NY_GC_1,4,2018-09-21,5.780000000000001,6.519038781762682,-0.7390387817626811,-0.07142311686967445,0.14235635651329923,0.11653262063311474,0.75,2018-10-26
NY_GC_1,4,2018-09-28,4.789999999999992,6.478260895831555,-1.6882608958315632,0.11603847254546192,0.351800796235687,0.3452561665891354,1.2299999999999613,2018-11-02
NY_GC_1,4,2018-10-05,5.380000000000024,6.687464164720701,-1.3074641647206775,-0.0024187902212069526,0.266868038892014,0.24237797684269335,2.410000000000025,2018-11-09
NY_GC_1,4,2018-10-12,5.299999999999983,6.61326107946438,-1.3132610794643966,0.008418255661891201,0.2670543200945823,0.24468033762482821,3.710000000000008,2018-11-16
NY_GC_1,4,2018-10-19,4.97999999999999,6.752077958779957,-1.7720779587799669,0.05710724216189006,0.3613400156067019,0.33956820306124413,3.1599999999999966,2018-11-23
NY_GC_1,4,2018-10-26,5.539999999999992,6.2552737817173245,-0.7152737817173325,-0.05746139839982512,0.1353725169409367,0.11103480437993336,3.0300000000000313,2018-11-30
NY_GC_1,4,2018-11-02,6.609999999999985,6.66881034950158,-0.05881034950159503,-0.26307544016939743,-0.003130982261499292,-0.060782625418277295,1.0500000000000114,2018-12-07
NY_GC_1,4,2018-11-09,7.710000000000008,6.5929489840352735,1.1170510159647344,-0.4693010445365649,-0.2546343396662266,-0.32957215516723876,-0.18999999999999773,2018-12-14
NY_GC_1,4,2018-11-16,8.689999999999998,6.4175269149106535,2.272473085089344,-0.6353496184665665,-0.5060644280761599,-0.5865906897031465,-0.01999999999998181,2018-12-21
NY_GC_1,4,2018-11-23,8.699999999999989,7.142279283725462,1.5577207162745266,-0.6074634157888671,-0.33910286662198924,-0.42385841985717576,-0.31000000000003247,2018-12-28
NY_GC_1,4,2018-11-30,9.640000000000017,6.774965865750043,2.8650341342499734,-0.7545607654141855,-0.6347673033439529,-0.7179955052151948,0.1899999999999693,2019-01-04
NY_GC_1,4,2018-12-07,8.76000000000002,7.326220362008618,1.4337796379914014,-0.5410302130310027,-0.2981544972209374,-0.36708767875893555,-0.6099999999999852,2019-01-11
NY_GC_1,4,2018-12-14,8.5,6.834042368961597,1.6659576310384034,-0.46109489239665646,-0.35323496003029803,-0.40664763857300984,-0.6200000000000045,2019-01-18
NY_GC_1,4,2018-12-21,8.680000000000007,7.048725954389086,1.6312740456109207,-0.4583895066858563,-0.34271094998053386,-0.39385485736642156,-2.0099999999999625,2019-01-25
NY_GC_1,4,2018-12-28,9.329999999999984,7.039293149127323,2.2907068508726613,-0.5520039206749652,-0.49710813837531387,-0.5524346233045899,-1.75,2019-02-01
NY_GC_1,4,2019-01-04,8.949999999999989,6.966986094809948,1.9830139051900408,-0.4237078104573142,-0.4197157584155266,-0.45560690767592554,-1.009999999999991,2019-02-08
NY_GC_1,4,2019-01-11,7.890000000000015,7.430046351612173,0.4599536483878417,-0.2080206153097876,-0.07418962784986786,-0.10236714573214392,-1.1599999999999966,2019-02-15
NY_GC_1,4,2019-01-18,8.060000000000002,7.8433733869931785,0.21662661300682373,-0.227576881888014,-0.0202273600812327,-0.05535331584152081,-0.4800000000000466,2019-02-22
NY_GC_1,4,2019-01-25,7.320000000000022,7.3073178475392275,0.012682152460794072,-0.08172885997430925,0.018302101707175673,0.00019759577726658623,-1.4699999999999704,2019-03-01
NY_GC_1,4,2019-02-01,7.199999999999989,7.750864145266709,-0.5508641452667202,-0.05705114405993615,0.14480707338607385,0.11945976728543942,-1.5300000000000296,2019-03-08
NY_GC_1,4,2019-02-08,6.880000000000024,6.847060030079089,0.03293996992093451,0.01614448756300472,0.0053375558576963114,0.00661382172129029,-1.8599999999999852,2019-03-15
NY_GC_1,4,2019-02-15,6.900000000000006,6.633408750338404,0.26659124966160164,0.02080962938841458,-0.05509450513160394,-0.04642994954119963,-1.589999999999975,2019-03-22
NY_GC_1,4,2019-02-22,6.839999999999975,7.099329628199526,-0.2593296281995512,0.04539500305195435,0.06706997438313143,0.06952788066241794,-0.5500000000000114,2019-03-29
NY_GC_1,4,2019-03-01,5.730000000000018,6.932362506072617,-1.2023625060725989,0.28027120360842955,0.28377547109437035,0.3164323750200801,-0.4199999999999875,2019-04-05
NY_GC_1,4,2019-03-08,5.349999999999994,6.406213469286173,-1.0562134692861784,0.35510999622499884,0.24177533013494137,0.29825811318320355,0.12999999999996792,2019-04-12
NY_GC_1,4,2019-03-15,5.0400000000000205,6.936965799842349,-1.8969657998423282,0.4078890239894478,0.4327941046294359,0.4819853529753873,-0.05000000000001137,2019-04-19
NY_GC_1,4,2019-03-22,5.25,6.5369042530812385,-1.2869042530812385,0.3519998563650486,0.2841439233677173,0.3369114220907613,0.05000000000001137,2019-04-26
NY_GC_1,4,2019-03-29,5.180000000000007,6.3510839820963305,-1.1710839820963237,0.36687775721910293,0.25517001977865716,0.3148051950542521,0.8700000000000045,2019-05-03
NY_GC_1,4,2019-04-05,4.930000000000007,7.022957611841111,-2.092957611841104,0.4098391078281848,0.4697133878010402,0.5155147050287728,0.5300000000000002,2019-05-10
NY_GC_1,4,2019-04-12,5.169999999999988,6.0406749335238805,-0.8706749335238921,0.3571525321314143,0.1835889509002841,0.24659596096771083,1.0500000000000114,2019-05-17
NY_GC_1,4,2019-04-19,5.199999999999989,6.56347459038793,-1.3634745903879413,0.3485396125325344,0.29717026191605783,0.34582615730490446,1.4199999999999875,2019-05-24
NY_GC_1,4,2019-04-26,5.230000000000018,6.568171038836342,-1.3381710388363235,0.33739202950978536,0.29137277891912716,0.33741090863291456,0.7299999999999898,2019-05-31
NY_GC_1,4,2019-05-03,5.800000000000011,6.741004358781121,-0.9410043587811092,0.21765989077523976,0.20326918398391502,0.23264260222307073,-0.4899999999999807,2019-06-07
NY_GC_1,4,2019-05-10,5.699999999999989,7.427046709709103,-1.7270467097091142,0.22330826063930181,0.390310030501045,0.40122937267148373,-0.8599999999999852,2019-06-14
NY_GC_1,4,2019-05-17,6.25,6.810023881995508,-0.5600238819955079,0.09395423534381944,0.1214165462461697,0.13138321358077418,-1.0999999999999943,2019-06-21
NY_GC_1,4,2019-05-24,6.650000000000006,7.333355598233766,-0.68335559823376,-0.0011466900844735034,0.15719112769322044,0.14118465069574018,0.23999999999998067,2019-06-28
NY_GC_1,4,2019-05-31,6.530000000000001,7.06141567683893,-0.5314156768389289,0.0006168779488988051,0.12397231857909022,0.11144350013247378,1.4300000000000068,2019-07-05
NY_GC_1,4,2019-06-07,5.210000000000008,7.925516163697463,-2.7155161636974547,0.24704951599779967,0.644142344520767,0.6324939436646431,0.4099999999999966,2019-07-12
NY_GC_1,4,2019-06-14,5.390000000000015,7.508286124572045,-2.1182861245720304,0.1775533632497435,0.49608925065475057,0.48569004521339754,0.45999999999997954,2019-07-19
NY_GC_1,4,2019-06-21,5.550000000000011,6.950326190909133,-1.400326190909122,0.11314229753779664,0.32160284960377045,0.31566912609530606,-1.1199999999999761,2019-07-26
NY_GC_1,4,2019-06-28,6.769999999999982,7.258950979486315,-0.4889509794863329,-0.16076268681682926,0.10673887713431729,0.06897552386788593,-0.9400000000000261,2019-08-02
NY_GC_1,4,2019-07-05,6.640000000000015,7.0948553945799695,-0.4548553945799547,-0.14593823637817732,0.10523657933227872,0.07063736988494962,0.009999999999990905,2019-08-09
NY_GC_1,4,2019-07-12,5.800000000000011,7.358082037041974,-1.558082037041963,0.013295746599867167,0.3678412144258764,0.33974960110619673,-1.259999999999991,2019-08-16
NY_GC_1,4,2019-07-19,6.009999999999991,6.428547501374091,-0.4185475013740998,-0.04589509575089638,0.09746025733992086,0.08170254453656686,-0.5,2019-08-23
NY_GC_1,4,2019-07-26,5.650000000000006,6.594745676894087,-0.9447456768940814,0.010547373653771022,0.2155979037861503,0.20004467979327173,-0.7299999999999898,2019-08-30
NY_GC_1,4,2019-08-02,5.699999999999989,6.896772840906606,-1.1967728409066174,-0.015221654862355674,0.2714405428946354,0.24569384293938779,-0.8500000000000218,2019-09-06
NY_GC_1,4,2019-08-09,5.810000000000002,6.175039031322031,-0.36503903132202886,-0.046089365742826946,0.07548912274067175,0.06152594639157315,-0.8000000000000114,2019-09-13
NY_GC_1,4,2019-08-16,4.75,6.9786164806454485,-2.2286164806454485,0.15246619470193,0.5050883678604068,0.48878749002434424,-1.1000000000000227,2019-09-20
NY_GC_1,4,2019-08-23,5.150000000000006,6.265738840569236,-1.1157388405692306,0.053630377190023254,0.24368431369513777,0.23297952809505357,0.11000000000001364,2019-09-27
NY_GC_1,4,2019-08-30,4.969999999999999,6.2987138598823655,-1.3287138598823667,0.08197852237752806,0.2896075390476284,0.28013831126046296,2.390000000000014,2019-10-04
NY_GC_1,4,2019-09-06,4.95999999999998,6.457388090705404,-1.4973880907054236,0.07748175674899027,0.32377583314094144,0.30965952548104275,4.840000000000003,2019-10-11
NY_GC_1,4,2019-09-13,3.9499999999999886,5.466655660117079,-1.51665566011709,0.27657768335674704,0.32501154076020844,0.35481014436632985,5.850000000000023,2019-10-18
NY_GC_1,4,2019-09-20,4.049999999999983,6.675022221527415,-2.6250222215274324,0.2391760622546567,0.5680210759468113,0.5630223898121335,4.899999999999977,2019-10-25
NY_GC_1,4,2019-09-27,5.0800000000000125,5.836258610013177,-0.7562586100131643,0.02499613068155932,0.14317209222459354,0.13682156472544826,1.969999999999997,2019-11-01
NY_GC_1,4,2019-10-04,7.349999999999994,7.043765755507056,0.3062342444929387,-0.41999786481381846,-0.09032641674196384,-0.17260469896357522,1.710000000000008,2019-11-08
NY_GC_1,4,2019-10-11,8.789999999999992,6.805581494725507,1.9844185052744852,-0.6820528918974869,-0.4702127445559336,-0.5648169154832487,0.46000000000000796,2019-11-15
NY_GC_1,4,2019-10-18,9.900000000000006,7.0483742941825955,2.85162570581741,-0.8990673317599205,-0.6738945189345339,-0.8112975685065652,-0.25999999999998913,2019-11-22
NY_GC_1,4,2019-10-25,9.97999999999999,7.287715943752295,2.6922840562476944,-0.8883752709997893,-0.6449037114639721,-0.7827075874714585,0.3299999999999841,2019-11-29
NY_GC_1,4,2019-11-01,9.319999999999991,6.599959731636944,2.7200402683630474,-0.6999741294396358,-0.6496841360284579,-0.7446580203124634,-1.4000000000000057,2019-12-06
NY_GC_1,4,2019-11-08,10.5,7.522987782705705,2.9770122172942948,-0.8998451721747608,-0.705804601203045,-0.834417387741119,-1.75,2019-12-13
NY_GC_1,4,2019-11-15,10.360000000000014,7.174935148747342,3.1850648512526716,-0.8105251634421533,-0.7500333886283964,-0.8507745475260354,-1.1500000000000075,2019-12-20
NY_GC_1,4,2019-11-22,9.72,6.707740558358206,3.0122594416417945,-0.6311491770521703,-0.7056216608131933,-0.7698595472786488,-1.219999999999997,2019-12-27
NY_GC_1,4,2019-11-29,9.649999999999975,7.711762065598928,1.9382379344010472,-0.5690768394838741,-0.43259958598066706,-0.5060816502255928,-1.6599999999999966,2020-01-03
NY_GC_1,4,2019-12-06,9.099999999999994,7.075800014848225,2.0241999851517694,-0.4298322100746041,-0.4613594507366706,-0.508287773836028,-0.960000000000008,2020-01-10
NY_GC_1,4,2019-12-13,8.610000000000014,6.972584607021065,1.6374153929789488,-0.3079220606720223,-0.37607416275010525,-0.4082568297434786,-0.7299999999999898,2020-01-17
NY_GC_1,4,2019-12-20,8.569999999999993,7.515451297898103,1.05454870210189,-0.2770680913762034,-0.23492246112989085,-0.276370239723044,-1.1699999999999875,2020-01-24
NY_GC_1,4,2019-12-27,8.429999999999978,6.22158513590149,2.208414864098488,-0.23656904714310759,-0.5285071340867757,-0.525232272422939,-0.21000000000000796,2020-01-31
NY_GC_1,4,2020-01-03,7.439999999999998,7.0903967565311135,0.3496032434688843,-0.013131583490906672,-0.07007317835298296,-0.06746422743363242,-0.3300000000000125,2020-02-07
NY_GC_1,4,2020-01-10,7.650000000000006,6.498911448841887,1.1510885511581188,-0.04690266193036126,-0.2755045387446803,-0.2541784713026735,-0.5,2020-02-14
NY_GC_1,4,2020-01-17,7.840000000000003,6.480685148185707,1.3593148518142968,-0.07600691255168904,-0.3312754216137305,-0.30953627785705584,0.3300000000000125,2020-02-21
NY_GC_1,4,2020-01-24,7.259999999999991,6.8786444404211995,0.3813555595787914,0.06773775422598054,-0.08837265588412126,-0.06070124143864711,-0.5199999999999818,2020-02-28
NY_GC_1,4,2020-01-31,7.22999999999999,6.505614693267702,0.7243853067322874,0.0883290881628881,-0.17440036066331538,-0.12982536999512675,-1.0699999999999932,2020-03-06
NY_GC_1,4,2020-02-07,7.319999999999993,6.464974236108156,0.8550257638918373,0.07981591326831221,-0.2094135099084864,-0.16242806050327138,-3.069999999999993,2020-03-13
NY_GC_1,4,2020-02-14,7.340000000000003,7.136324794549377,0.20367520545062678,0.09647628345990963,-0.045568697002559666,-0.015924936537291094,2.769999999999996,2020-03-20
NY_GC_1,4,2020-02-21,7.590000000000003,7.268062461562572,0.32193753843743167,0.06206592700780296,-0.07305672628351549,-0.048489426263972533,4.689999999999998,2020-03-27
NY_GC_1,4,2020-02-28,6.710000000000008,6.71637579119811,-0.006375791198101943,0.27742177720163747,0.008246859120047705,0.07762164826215114,-4.230000000000004,2020-04-03
NY_GC_1,4,2020-03-06,6.25,7.409971064309812,-1.1599710643098122,0.38947179701154805,0.2985163810690672,0.35682850288074813,-0.30000000000001137,2020-04-10
NY_GC_1,4,2020-03-13,4.27000000000001,6.5483317948272255,-2.2783317948272153,0.8308813272568192,0.5779356418202001,0.7029001837035037,-7.810000000000002,2020-04-17
NY_GC_1,4,2020-03-20,10.36,7.282936119643177,3.077063880356822,-0.4967439073174781,-0.7795168804668156,-0.8044896813156568,-14.840000000000003,2020-04-24
NY_GC_1,4,2020-03-27,11.400000000000006,7.069752777409819,4.330247222590187,-0.6656469903337595,-1.0756564972240437,-1.1087861864454858,-13.9,2020-05-01
NY_GC_1,4,2020-04-03,2.019999999999996,6.084768523275966,-4.06476852327597,1.3973399446089154,1.0313340329890535,1.2362026182906318,3.029999999999994,2020-05-08
NY_GC_1,4,2020-04-10,3.969999999999999,6.116965945248148,-2.146965945248149,0.909738146366428,0.5459829187425522,0.6895052205003768,6.230000000000004,2020-05-15
NY_GC_1,4,2020-04-17,2.549999999999997,5.321396439706664,-2.771396439706667,0.9554929375660042,0.6336038910225701,0.6744078971676788,3.700000000000003,2020-05-22
NY_GC_1,4,2020-04-24,-3.4399999999999977,5.09579942917482,-8.535799429174817,2.3032982724607605,2.238279930090916,2.3858426197471063,12.600000000000003,2020-05-29
NY_GC_1,4,2020-05-01,-11.880000000000004,5.005103530966345,-16.885103530966347,4.727005113254409,5.163914509792925,5.49838822125588,-6.02999999999998,2020-06-05
NY_GC_1,4,2020-05-08,6.999999999999993,6.071642174886036,0.9283578251139568,-0.323139741074934,-0.38141030558697,-0.396127403958845,,2020-06-12
NY_GC_1,4,2020-05-15,8.780000000000001,5.94197402711072,2.838025972889281,-0.8658415846729929,-0.9840384401386649,-1.0740911593785407,,2020-06-19
NY_GC_1,4,2020-05-22,0.2600000000000051,6.8444444296659315,-6.584444429665926,1.6233381356778103,2.111056382750181,2.2870421482122705,,2020-06-26
GC_JET_M1M2,1,2017-01-06,-1.1299999999999957,-1.6148208010084861,0.48482080100849045,-0.1062414345252534,-0.10792167983677975,-0.10462665010374289,-0.020000000000038654,2017-01-20
GC_JET_M1M2,1,2017-01-13,-1.089999999999975,-1.690483370049874,0.600483370049899,-0.10715866287996162,-0.13645233201856655,-0.1368113895218619,-0.21999999999997044,2017-01-27
GC_JET_M1M2,1,2017-01-20,-1.1100000000000136,-1.608522758012899,0.49852275801288526,-0.09314901088545902,-0.11271481985500524,-0.11220693751623516,0.8499999999999943,2017-02-03
GC_JET_M1M2,1,2017-01-27,-1.329999999999984,-1.5772170397527774,0.2472170397527933,-0.042816427395366355,-0.05526280312556198,-0.05543306194651776,0.7699999999999817,2017-02-10
GC_JET_M1M2,1,2017-02-03,-0.4799999999999897,-1.4923548421519137,1.012354842151924,-0.19865640973707377,-0.22534387861281613,-0.22183848811145243,-0.21000000000000799,2017-02-17
GC_JET_M1M2,1,2017-02-10,0.289999999999992,-1.4085488127892531,1.6985488127892452,-0.33703726387955185,-0.38053990403741456,-0.37327805604697434,0.27000000000001034,2017-02-24
GC_JET_M1M2,1,2017-02-17,0.079999999999984,-1.178904149760311,1.258904149760295,-0.28846343721751133,-0.28491978798426854,-0.269427973154679,-1.0900000000000034,2017-03-03
GC_JET_M1M2,1,2017-02-24,0.3499999999999943,-1.1422030596900843,1.4922030596900786,-0.31849542042930057,-0.3275484374219826,-0.3087341573290258,-0.15000000000000568,2017-03-10
GC_JET_M1M2,1,2017-03-03,-0.7400000000000091,-1.3865054408213318,0.6465054408213227,-0.11905494166338354,-0.1480147805014302,-0.14692387730847878,0.13000000000002387,2017-03-17
GC_JET_M1M2,1,2017-03-10,-0.8900000000000148,-1.5330031107884705,0.6430031107884557,-0.08640332177002893,-0.1454719631228527,-0.15114765596291396,-0.010000000000019327,2017-03-24
GC_JET_M1M2,1,2017-03-17,-0.7599999999999909,-1.3598131903858954,0.5998131903859045,-0.11388423796002033,-0.1331831826267603,-0.1306984138386435,0.060000000000002274,2017-03-31
GC_JET_M1M2,1,2017-03-24,-0.7700000000000102,-1.5209296374909873,0.7509296374909771,-0.11774230658660273,-0.1679664326828311,-0.17070306853450168,-0.08999999999997499,2017-04-07
GC_JET_M1M2,1,2017-03-31,-0.710000000000008,-1.4813685137098558,0.7713685137098478,-0.13294218041478603,-0.17157965380601228,-0.17174590792656336,0.009999999999990905,2017-04-14
GC_JET_M1M2,1,2017-04-07,-0.799999999999983,-1.3290152443680872,0.5290152443681042,-0.11275232184645606,-0.11563199441303872,-0.11079767728561254,0.08999999999997499,2017-04-21
GC_JET_M1M2,1,2017-04-14,-0.789999999999992,-1.306536747313224,0.5165367473132318,-0.10755771929366024,-0.11168039524655488,-0.1073319549622715,0.0,2017-04-28
GC_JET_M1M2,1,2017-04-21,-0.700000000000017,-1.5771858100826477,0.8771858100826306,-0.11787404709292494,-0.19335994580452498,-0.20083948636839016,-0.3699999999999761,2017-05-05
GC_JET_M1M2,1,2017-04-28,-0.700000000000017,-1.638745913227563,0.938745913227546,-0.11318808021042001,-0.20675378831649527,-0.21803309875628724,-0.3300000000000125,2017-05-12
GC_JET_M1M2,1,2017-05-05,-1.0699999999999932,-1.574551308329373,0.5045513083293798,-0.035855296948032335,-0.11107132006765194,-0.1227978101309718,-0.14999999999997726,2017-05-19
GC_JET_M1M2,1,2017-05-12,-1.4000000000000057,-1.478133670325322,0.07813367032531637,0.03675360528525966,-0.015432357465375832,-0.026499952605727975,0.7199999999999704,2017-05-26
GC_JET_M1M2,1,2017-05-19,-1.549999999999983,-1.5682875897389175,0.018287589738934518,0.07659154225949022,-0.0021370570234259057,-0.02000601678963424,-0.14999999999997726,2017-06-02
GC_JET_M1M2,1,2017-05-26,-0.8300000000000125,-1.576509114264253,0.7465091142642406,-0.042211697022269824,-0.16272740594378657,-0.1795018564984198,-1.070000000000022,2017-06-09
GC_JET_M1M2,1,2017-06-02,-0.9799999999999898,-1.539187587433397,0.5591875874334071,-0.0038504927325343696,-0.12256991544196291,-0.14200372798047983,0.10999999999998589,2017-06-16
GC_JET_M1M2,1,2017-06-09,-2.050000000000012,-1.47989862711935,-0.5701013728806619,0.20287665725464468,0.13049539260972526,0.10223289916368576,0.5300000000000293,2017-06-23
GC_JET_M1M2,1,2017-06-16,-1.940000000000026,-1.563139374669619,-0.376860625330407,0.18446844867319256,0.08801718081617432,0.058218866409441246,-0.1599999999999966,2017-06-30
GC_JET_M1M2,1,2017-06-23,-1.4099999999999966,-1.5365019042073715,0.12650190420737495,0.09094469983076482,-0.025779421232985305,-0.049749519487058504,0.3599999999999852,2017-07-07
GC_JET_M1M2,1,2017-06-30,-1.5699999999999932,-1.4125126140721185,-0.1574873859278747,0.12147118513206875,0.03860838164044212,0.016585691510364986,0.37000000000000455,2017-07-14
GC_JET_M1M2,1,2017-07-07,-1.210000000000008,-1.3820357292660526,0.1720357292660446,0.051299818523359034,-0.035225782046300926,-0.050945711632931726,0.5900000000000034,2017-07-21
GC_JET_M1M2,1,2017-07-14,-0.8400000000000034,-1.4245337786693155,0.5845337786693121,-0.019137985325694686,-0.12971158892059634,-0.14406889119803662,0.700000000000017,2017-07-28
GC_JET_M1M2,1,2017-07-21,-0.25,-1.3852176422810996,1.1352176422810996,-0.1277098474120524,-0.2528371126614698,-0.2613517360048558,0.299999999999983,2017-08-04
GC_JET_M1M2,1,2017-07-28,0.450000000000017,-1.3568247485706553,1.8068247485706723,-0.24910080805527238,-0.39669542005601544,-0.3991809348087593,-0.09999999999999432,2017-08-11
GC_JET_M1M2,1,2017-08-04,0.75,-1.397939264035632,2.147939264035632,-0.2938549584102583,-0.457061895731177,-0.45207432330407965,0.5999999999999943,2017-08-18
GC_JET_M1M2,1,2017-08-11,0.6500000000000057,-1.3527056692476955,2.0027056692477014,-0.26829897495087657,-0.4177982540443599,-0.4097898331103771,0.3100000000000025,2017-08-25
GC_JET_M1M2,1,2017-08-18,1.25,-1.3136586288182894,2.563658628818289,-0.3542011279181081,-0.4920582961655728,-0.4731177759029974,6.2900000000000205,2017-09-01
GC_JET_M1M2,1,2017-08-25,1.5600000000000025,-1.2346903993638736,2.7946903993638763,-0.3887290395769948,-0.5065360208900006,-0.48034531753240495,-2.080000000000041,2017-09-08
GC_JET_M1M2,1,2017-09-01,7.850000000000023,-1.1503570141813557,9.000357014181379,-0.7811682703181838,-0.6755154679945912,-0.6314566320282086,-2.119999999999976,2017-09-15
GC_JET_M1M2,1,2017-09-08,5.769999999999982,2.830740564741672,2.9392594352583097,-0.7004576571722492,-0.26272336111377864,-0.7724538523796723,-0.4700000000000273,2017-09-22
GC_JET_M1M2,1,2017-09-15,3.6500000000000057,3.2562065528085005,0.3937934471915052,-0.5475896310780668,-0.021173397084161355,-0.5287211192610044,-1.1099999999999568,2017-09-29
GC_JET_M1M2,1,2017-09-22,3.1799999999999784,1.9962076966509823,1.183792303348996,-0.41141737135374135,-0.13831216851093392,-0.36727273781722536,-0.8900000000000148,2017-10-06
GC_JET_M1M2,1,2017-09-29,2.0700000000000216,0.14744535700298314,1.9225546429970384,-0.2346201185763238,-0.25393006283106007,-0.23218220852227126,0.1899999999999975,2017-10-13
GC_JET_M1M2,1,2017-10-06,1.1800000000000068,-0.04618110148430889,1.2261811014843158,-0.08029286852287655,-0.16216726949826984,-0.06933950192912917,-0.9300000000000066,2017-10-20
GC_JET_M1M2,1,2017-10-13,1.3700000000000043,-0.8239502743504517,2.193950274350456,-0.09382933526224754,-0.2955751718887668,-0.06157782957665494,0.21000000000000796,2017-10-27
GC_JET_M1M2,1,2017-10-20,0.4399999999999977,0.00029654670211357037,0.4397034532978842,0.06417525237259333,-0.051293632837050504,0.07241026820727464,-0.8100000000000023,2017-11-03
GC_JET_M1M2,1,2017-10-27,0.6500000000000057,-1.0433556415099754,1.693355641509981,0.03941972618030769,-0.225287756613107,0.07848664606305432,-0.4900000000000091,2017-11-10
GC_JET_M1M2,1,2017-11-03,-0.1599999999999966,-1.2142241571281398,1.0542241571281432,0.17521708241527845,-0.1421525281921063,0.20035680689429752,-0.6599999999999968,2017-11-17
GC_JET_M1M2,1,2017-11-10,-0.6500000000000057,-1.17267718212148,0.5226771821214744,0.2584433853124651,-0.06908561021126743,0.2594421905418304,1.2099999999999798,2017-11-24
GC_JET_M1M2,1,2017-11-17,-1.3100000000000025,-1.1010437767278687,-0.2089562232721338,0.35907764712790396,0.033706953235563705,0.3257057006509314,-0.16999999999995913,2017-12-01
GC_JET_M1M2,1,2017-11-24,-0.1000000000000227,-0.5334078860497472,0.4334078860497245,0.1752754827079645,-0.051032926543012246,0.17828682931519124,0.7199999999999704,2017-12-08
GC_JET_M1M2,1,2017-12-01,-0.2699999999999818,-1.0344304454739455,0.7644304454739637,0.20063803569976596,-0.10060820554375444,0.18747369630114544,-0.00999999999999085,2017-12-15
GC_JET_M1M2,1,2017-12-08,0.4499999999999886,-0.9775890048106826,1.4275890048106712,0.10172153724485886,-0.19051795654550302,0.10232259281425513,-0.09000000000000341,2017-12-22
GC_JET_M1M2,1,2017-12-15,0.4399999999999977,-0.869371796658557,1.3093717966585547,0.11681737281436615,-0.17371143688482918,0.11131331914865883,0.6500000000000057,2017-12-29
GC_JET_M1M2,1,2017-12-22,0.3499999999999943,-0.9664584025405376,1.316458402540532,0.14163357607934574,-0.17425928409438857,0.1311070252341994,1.1599999999999966,2018-01-05
GC_JET_M1M2,1,2017-12-29,1.0,-1.026829641641451,2.0268296416414513,0.05357608716537334,-0.26344226065817955,0.06783426087444303,-0.6399999999999864,2018-01-12
GC_JET_M1M2,1,2018-01-05,2.1599999999999966,-1.0921381616474475,3.2521381616474443,-0.11463802614491254,-0.40538462713567636,-0.031440414769788635,-0.5100000000000193,2018-01-19
GC_JET_M1M2,1,2018-01-12,1.5200000000000102,-0.9691724148213301,2.4891724148213403,0.005229541997510356,-0.3153307114763645,0.04929659365267453,0.3499999999999943,2018-01-26
GC_JET_M1M2,1,2018-01-19,1.009999999999991,-1.2397921033436863,2.249792103343677,0.09797274663288097,-0.2883288064773304,0.12224687075190212,-0.12999999999996703,2018-02-02
GC_JET_M1M2,1,2018-01-26,1.3599999999999852,-1.460658885370152,2.820658885370137,0.04638360490681364,-0.3496063965303352,0.10306103230976767,-0.18999999999999773,2018-02-09
GC_JET_M1M2,1,2018-02-02,1.2300000000000182,-0.6490118266573021,1.8790118266573201,0.07015728919195052,-0.2258391304159041,0.09800005525765121,-0.5600000000000307,2018-02-16
GC_JET_M1M2,1,2018-02-09,1.0400000000000205,-1.8201478796049553,2.860147879604976,0.10353047337737398,-0.3538948640809898,0.11751014409233737,0.6100000000000136,2018-02-23
GC_JET_M1M2,1,2018-02-16,0.4799999999999897,-1.1152199020279194,1.5952199020279092,0.18921997653879913,-0.19793178411412632,0.17040610980918464,-0.29999999999998295,2018-03-02
GC_JET_M1M2,1,2018-02-23,1.0900000000000034,-0.9562457334458772,2.046245733445881,0.08624645352609311,-0.23650864165473287,0.09775266079788378,-1.0200000000000387,2018-03-09
GC_JET_M1M2,1,2018-03-02,0.7900000000000205,-0.5975848001677971,1.3875848001678177,0.08736381797705042,-0.15775393601100574,0.08057998242768522,-0.1399999999999863,2018-03-16
GC_JET_M1M2,1,2018-03-09,-0.2300000000000182,-0.5973249489620918,0.36732494896207357,0.21204512481204446,-0.03861415033261406,0.1823758151488793,0.1499999999999773,2018-03-23
GC_JET_M1M2,1,2018-03-16,-0.3700000000000045,-1.1435399840938525,0.7735399840938479,0.20790483640423246,-0.09094004455495022,0.166090385955238,1.0600000000000023,2018-03-30
GC_JET_M1M2,1,2018-03-23,-0.2200000000000272,-1.2572233788030691,1.0372233788030418,0.1604505391055825,-0.12421566873129171,0.11800544738833622,-0.339999999999975,2018-04-06
GC_JET_M1M2,1,2018-03-30,0.839999999999975,-0.843400662054826,1.683400662054801,-0.019738672189974875,-0.19672225719862593,-0.03925217159634056,0.8299999999999841,2018-04-13
GC_JET_M1M2,1,2018-04-06,0.5,-0.8934743631319242,1.3934743631319242,0.030443007395059223,-0.163662285371574,0.0038677742653589406,-0.47999999999998977,2018-04-20
GC_JET_M1M2,1,2018-04-13,1.329999999999984,-0.5855185453098237,1.9155185453098078,-0.10421075322164315,-0.2144929674145793,-0.11473526621754365,0.3300000000000125,2018-04-27
GC_JET_M1M2,1,2018-04-20,0.8499999999999943,-0.3013327910515412,1.1513327910515354,-0.02394977827922897,-0.12618451289215127,-0.03541678860319808,-0.9499999999999886,2018-05-04
GC_JET_M1M2,1,2018-04-27,1.1800000000000068,-0.1487329900690469,1.3287329900690537,-0.07277363061178402,-0.14091092159792057,-0.07917053982722004,0.03999999999996362,2018-05-11
GC_JET_M1M2,1,2018-05-04,0.2300000000000182,-0.20421360080732742,0.4342136008073456,0.08301175676147277,-0.04160262839919385,0.07316032734078144,-0.20999999999997962,2018-05-18
GC_JET_M1M2,1,2018-05-11,0.2699999999999818,0.033336414362596156,0.23666358563738565,0.08283665473439242,-0.01669579984347874,0.07602074286968324,-0.12999999999999529,2018-05-25
GC_JET_M1M2,1,2018-05-18,0.0600000000000022,0.15557436384298,-0.09557436384297782,0.12479806978041878,0.02216438980289958,0.11874170520591364,-0.1800000000000069,2018-06-01
GC_JET_M1M2,1,2018-05-25,-0.0699999999999931,-0.0045909691970933975,-0.0654090308028997,0.1452373692311436,0.01795800558888945,0.1369816245820339,-0.25,2018-06-08
GC_JET_M1M2,1,2018-06-01,-0.25,-0.3071010283032805,0.05710102830328051,0.172956695082367,0.002079056335873966,0.1603159092571742,-0.2600000000000193,2018-06-15
GC_JET_M1M2,1,2018-06-08,-0.5,-0.21312279925731137,-0.28687720074268863,0.20491587122796223,0.04203145219795762,0.19369803035115415,0.03000000000002956,2018-06-22
GC_JET_M1M2,1,2018-06-15,-0.7600000000000193,-0.6113712691099297,-0.14862873089008966,0.23584199096500552,0.024089704488415953,0.21746974333041774,0.06999999999999318,2018-06-29
GC_JET_M1M2,1,2018-06-22,-0.7299999999999898,-1.12769063534912,0.3976906353491303,0.2223281317494504,-0.04183935616191171,0.19400992840245854,0.09000000000000341,2018-07-06
GC_JET_M1M2,1,2018-06-29,-0.6599999999999966,-0.9429527490751626,0.282952749075166,0.1987592135321709,-0.027999124952286007,0.1739118846289289,0.05000000000001137,2018-07-13
GC_JET_M1M2,1,2018-07-06,-0.5699999999999932,-0.8590818005246563,0.28908180052466315,0.16589435424895485,-0.02816124270345398,0.14337431303800502,-0.14000000000001478,2018-07-20
GC_JET_M1M2,1,2018-07-13,-0.5199999999999818,-0.38225678420046627,-0.13774321579951554,0.14386713397123016,0.023568750051347613,0.13208900691546296,0.2800000000000012,2018-07-27
GC_JET_M1M2,1,2018-07-20,-0.6599999999999966,-0.0953442424654577,-0.5646557575345389,0.15354423708838774,0.07471329687897164,0.14967056179202753,0.6200000000000045,2018-08-03
GC_JET_M1M2,1,2018-07-27,-0.3799999999999954,0.33900954155573837,-0.7190095415557338,0.09897169368232837,0.09555390283874449,0.10566583995788524,0.4099999999999966,2018-08-10
GC_JET_M1M2,1,2018-08-03,0.2400000000000091,-0.11709951752351716,0.35709951752352626,-0.0042207292655291224,-0.03202399640875886,-0.010827792946006328,0.12000000000000455,2018-08-17
GC_JET_M1M2,1,2018-08-10,0.6500000000000057,-0.5703620257978117,1.2203620257978174,-0.07159995929750773,-0.13663220405374174,-0.0908689169348881,-0.010000000000019327,2018-08-24
GC_JET_M1M2,1,2018-08-17,0.7700000000000102,-0.8831396936471105,1.6531396936471208,-0.08858723852267272,-0.18953535533497945,-0.11545041692766407,-0.03999999999996362,2018-08-31
GC_JET_M1M2,1,2018-08-24,0.7599999999999909,-1.3028975138694672,2.062897513869458,-0.08863750461359236,-0.24061970189324788,-0.12613137024886853,1.0399999999999636,2018-09-07
GC_JET_M1M2,1,2018-08-31,0.7200000000000273,-0.5950372895492123,1.3150372895492395,-0.08227658910757425,-0.14835161990134457,-0.1021530700353741,-0.09999999999999432,2018-09-14
GC_JET_M1M2,1,2018-09-07,1.759999999999991,-1.3020321571027282,3.062032157102719,-0.22908127159218578,-0.3363866731974327,-0.2505432891273708,-1.0400000000000205,2018-09-21
GC_JET_M1M2,1,2018-09-14,1.6599999999999966,-1.959957511419115,3.619957511419112,-0.20080377743855662,-0.4104115337984586,-0.23680920913559242,-0.6699999999999874,2018-09-28
GC_JET_M1M2,1,2018-09-21,0.6199999999999761,-1.3220853596555757,1.9420853596555518,-0.03465765707662189,-0.2301733490705461,-0.07462224140318102,0.5900000000000033,2018-10-05
GC_JET_M1M2,1,2018-09-28,-0.0500000000000113,-0.8653185837938739,0.8153185837938627,0.06776897010881827,-0.09489706387942173,0.03480039030711294,0.3900000000000148,2018-10-12
GC_JET_M1M2,1,2018-10-05,0.539999999999992,-1.0770632207777497,1.6170632207777418,-0.026379862168876823,-0.1864233391263192,-0.05968077014887625,-0.04999999999998295,2018-10-19
GC_JET_M1M2,1,2018-10-12,0.9300000000000068,-1.3243918584425836,2.2543918584425904,-0.09191920786146335,-0.262593905522292,-0.13063628392917698,0.08999999999997488,2018-10-26
GC_JET_M1M2,1,2018-10-19,0.8800000000000239,-1.6365498668038843,2.516549866803908,-0.08359191429692395,-0.29708330219611356,-0.13307850354894543,-0.530000000000001,2018-11-02
GC_JET_M1M2,1,2018-10-26,0.9699999999999988,-1.0607751150399147,2.0307751150399134,-0.09865906600973122,-0.2339056931513331,-0.13123488494296529,-1.0,2018-11-09
GC_JET_M1M2,1,2018-11-02,0.4399999999999977,-1.4242228212865136,1.8642228212865113,-0.012158280318825421,-0.2201216834095595,-0.06137030029758335,-0.8599999999999852,2018-11-16
GC_JET_M1M2,1,2018-11-09,-0.5600000000000023,-1.1427213179909514,0.5827213179909492,0.1455440813083817,-0.06901504731728239,0.0993872303891877,0.39999999999997726,2018-11-23
GC_JET_M1M2,1,2018-11-16,-1.4199999999999875,-0.3680305153641008,-1.0519694846358867,0.27669404534834874,0.13857191455218373,0.2607290244403533,-0.14000000000001478,2018-11-30
GC_JET_M1M2,1,2018-11-23,-1.0200000000000102,-0.7086303728338419,-0.31136962716616834,0.20533644394096365,0.04498661144628049,0.17604891632675482,1.1300000000000239,2018-12-07
GC_JET_M1M2,1,2018-11-30,-1.160000000000025,-0.5896001210351435,-0.5703998789648815,0.21833323891355344,0.07698604935222023,0.19564444960563662,-0.299999999999983,2018-12-14
GC_JET_M1M2,1,2018-12-07,-0.0300000000000011,-0.5027341503518572,0.4727341503518561,0.0380298941878473,-0.05209886955886735,0.014507118549329632,0.17999999999997848,2018-12-21
GC_JET_M1M2,1,2018-12-14,-0.3299999999999841,-0.13917613738320728,-0.1908238626167768,0.0883103292587965,0.0316546165421694,0.07936804949045048,-0.2399999999999807,2018-12-28
GC_JET_M1M2,1,2018-12-21,-0.1500000000000056,-0.528847832576889,0.3788478325768835,0.06253754621982174,-0.04055733779836735,0.03697306510302606,0.530000000000001,2019-01-04
GC_JET_M1M2,1,2018-12-28,-0.3899999999999863,-0.6308625649346418,0.24086256493465547,0.10276887744437185,-0.024304190807955945,0.0739038771256752,0.7399999999999808,2019-01-11
GC_JET_M1M2,1,2019-01-04,0.1400000000000147,-0.6371003807075457,0.7771003807075604,0.020782155213944283,-0.09031095461653439,-0.01052066127998981,-0.21999999999999886,2019-01-18
GC_JET_M1M2,1,2019-01-11,0.8799999999999955,-0.5105832716288233,1.390583271628819,-0.09219042476764863,-0.1650278894844381,-0.12192526080198322,-0.3799999999999955,2019-01-25
GC_JET_M1M2,1,2019-01-18,0.6599999999999966,-0.5704948521536437,1.2304948521536403,-0.047528128807265105,-0.14633043797972717,-0.0807009049609643,0.34999999999999437,2019-02-01
GC_JET_M1M2,1,2019-01-25,0.2800000000000011,-0.6378605271528798,0.9178605271528808,0.01970716461837527,-0.10872912033584503,-0.01577612633113637,-0.21999999999999886,2019-02-08
GC_JET_M1M2,1,2019-02-01,0.6299999999999955,-1.0139677096434903,1.6439677096434857,-0.035129756364401146,-0.1985916049556399,-0.08508100809887312,-0.43999999999999767,2019-02-15
GC_JET_M1M2,1,2019-02-08,0.4099999999999966,-0.48981556024117956,0.8998155602411761,-0.0005905368351085162,-0.10537058368710778,-0.03146968788428444,-0.1599999999999966,2019-02-22
GC_JET_M1M2,1,2019-02-15,-0.0300000000000011,-0.14726786293484195,0.11726786293484086,0.06687993346730225,-0.007213933989302014,0.05063196369311667,0.2800000000000011,2019-03-01
GC_JET_M1M2,1,2019-02-22,-0.1899999999999977,-0.5850251169179741,0.39502511691797637,0.08709174111400489,-0.043291307652798316,0.05552593407446654,-0.2800000000000011,2019-03-08
GC_JET_M1M2,1,2019-03-01,0.0900000000000034,-0.37702928502072397,0.4670292850207274,0.03652894855778949,-0.051399302626409175,0.01280037885842308,-0.46999999999999886,2019-03-15
GC_JET_M1M2,1,2019-03-08,-0.1899999999999977,-0.2438962728872407,0.053896272887242996,0.0694473376288304,0.0003286279039925802,0.05452040870986702,0.09000000000000341,2019-03-22
GC_JET_M1M2,1,2019-03-15,-0.6599999999999966,-0.4825843089805072,-0.1774156910194894,0.13140317213401542,0.028239771343145873,0.11203140512898717,0.020000000000010232,2019-03-29
GC_JET_M1M2,1,2019-03-22,-0.5699999999999932,-0.3921940020714192,-0.177805997928574,0.10857158965926646,0.028814830111483405,0.0942266546110778,-0.18000000000000682,2019-04-05
GC_JET_M1M2,1,2019-03-29,-0.549999999999983,0.31867983002838757,-0.8686798300283705,0.10128985004515707,0.11842588525211299,0.1175898413682896,-0.020000000000010232,2019-04-12
GC_JET_M1M2,1,2019-04-05,-0.7299999999999898,0.14519928413033562,-0.8751992841303253,0.12176522997021771,0.11895635805793783,0.1339695461599705,-0.04999999999998295,2019-04-19
GC_JET_M1M2,1,2019-04-12,-0.75,0.1936385631353945,-0.9436385631353945,0.11358503220317086,0.12780855135052704,0.1306601319062693,0.12999999999996703,2019-04-26
GC_JET_M1M2,1,2019-04-19,-0.799999999999983,-0.006072748616694268,-0.7939272513832887,0.11013693013327776,0.1080572693203153,0.12131149660220397,-0.12999999999999545,2019-05-03
GC_JET_M1M2,1,2019-04-26,-0.6700000000000159,-0.15124304311110512,-0.5187569568889108,0.07783806196839882,0.0729249936588908,0.08436358173973799,0.3900000000000148,2019-05-10
GC_JET_M1M2,1,2019-05-03,-0.8000000000000114,0.02350735062979442,-0.8235073506298058,0.09034869118075282,0.11154921094397476,0.10726039062194818,0.2800000000000012,2019-05-17
GC_JET_M1M2,1,2019-05-10,-0.4099999999999966,-0.24096240001688118,-0.1690375999831154,0.027490141661402033,0.028708097417700675,0.0303049518248605,-0.31000000000000233,2019-05-24
GC_JET_M1M2,1,2019-05-17,-0.1299999999999954,-0.14908638556511455,0.019086385565119157,-0.010355015751965858,0.0050886599447750765,-0.0070648706526096165,0.16999999999998755,2019-05-31
GC_JET_M1M2,1,2019-05-24,-0.4399999999999977,-0.39146273564409495,-0.048537264355902776,0.04396546023466234,0.012384767603790234,0.03740809085180345,-0.6099999999999852,2019-06-07
GC_JET_M1M2,1,2019-05-31,-0.2700000000000102,-0.021741861655595385,-0.2482581383444148,0.021960781154583518,0.03914903027783088,0.02961960502253263,0.12999999999999545,2019-06-14
GC_JET_M1M2,1,2019-06-07,-0.8799999999999955,-0.21554629363855896,-0.6644537063614365,0.11571318396272025,0.0907905504658321,0.11978175529591428,-0.09999999999999432,2019-06-21
GC_JET_M1M2,1,2019-06-14,-0.75,-0.22021269621452,-0.52978730378548,0.09174222427575784,0.07411406161429133,0.09556393839600288,0.05000000000001137,2019-06-28
GC_JET_M1M2,1,2019-06-21,-0.8499999999999943,-0.1197623925038393,-0.730237607496155,0.10279206964994211,0.09964550946626705,0.11311883923256007,0.14999999999997726,2019-07-05
GC_JET_M1M2,1,2019-06-28,-0.799999999999983,-0.37444082548564367,-0.4255591745143393,0.0916000114489568,0.06026761724321081,0.09053570903065855,0.4199999999999875,2019-07-12
GC_JET_M1M2,1,2019-07-05,-0.6500000000000057,-0.20591366939672706,-0.4440863306032786,0.06171451356418338,0.06321220539870381,0.06886904950907113,0.37000000000003286,2019-07-19
GC_JET_M1M2,1,2019-07-12,-0.2300000000000182,-0.4697426696106638,0.2397426696106456,-0.014234670399171239,-0.024323368510637048,-0.02029573886753334,0.559999999999974,2019-07-26
GC_JET_M1M2,1,2019-07-19,0.1400000000000147,0.04102584375185958,0.09897415624815512,-0.07842809588152577,-0.0047684610082341615,-0.06210664458687086,0.6700000000000157,2019-08-02
GC_JET_M1M2,1,2019-07-26,0.6999999999999886,0.17531380704830005,0.5246861929516886,-0.16705620213694616,-0.057911211707203446,-0.14892178413709528,0.34000000000000363,2019-08-09
GC_JET_M1M2,1,2019-08-02,1.3700000000000043,-0.10605392072025516,1.4760539207202594,-0.2695298266752234,-0.17903815768398082,-0.2700723385551047,-0.2600000000000193,2019-08-16
GC_JET_M1M2,1,2019-08-09,1.710000000000008,-0.2082337427053188,1.9182337427053269,-0.3126133892325485,-0.2343629438318772,-0.322727778170877,0.5000000000000284,2019-08-23
GC_JET_M1M2,1,2019-08-16,1.4499999999999886,-0.3853335885142427,1.8353335885142315,-0.2602793510970247,-0.22534700569040753,-0.27993526901240084,0.1799999999999784,2019-08-30
GC_JET_M1M2,1,2019-08-23,1.950000000000017,-0.14833360675656881,2.0983336067565856,-0.31623158902527465,-0.2501510788987197,-0.3309270455369977,-0.10999999999998522,2019-09-06
GC_JET_M1M2,1,2019-08-30,2.1299999999999955,-0.20598246583666224,2.3359824658366577,-0.32635412801029917,-0.27519993227008016,-0.3473621510247953,-0.060000000000002274,2019-09-13
GC_JET_M1M2,1,2019-09-06,2.0200000000000102,-0.8434171326236268,2.863417132623637,-0.29237910513584847,-0.3403847352721319,-0.3437104505671271,0.6299999999999955,2019-09-20
GC_JET_M1M2,1,2019-09-13,1.960000000000008,-0.8832831286281169,2.8432831286281246,-0.2632127515277764,-0.33605317851611105,-0.3184312990037004,0.47999999999998977,2019-09-27
GC_JET_M1M2,1,2019-09-20,2.5900000000000034,-0.5086627482140571,3.0986627482140605,-0.32724705416413924,-0.3470551559710267,-0.36779459705903284,0.23000000000001863,2019-10-04
GC_JET_M1M2,1,2019-09-27,3.069999999999993,-0.2813945774635658,3.3513945774635587,-0.36626930954273973,-0.3583622654283553,-0.3989262539214919,0.18999999999999728,2019-10-11
GC_JET_M1M2,1,2019-10-04,3.300000000000012,-0.31280676438280747,3.6128067643828192,-0.3660572619118896,-0.3732533252871807,-0.4015156540706544,-0.660000000000025,2019-10-18
GC_JET_M1M2,1,2019-10-11,3.490000000000009,-0.005711380800520416,3.4957113808005293,-0.35752901152912514,-0.3455000482184216,-0.3852797789146811,0.20000000000001705,2019-10-25
GC_JET_M1M2,1,2019-10-18,2.829999999999984,0.22091976526266854,2.6090802347373154,-0.250881942255708,-0.25954809299498555,-0.27530738820977463,-1.1200000000000043,2019-11-01
GC_JET_M1M2,1,2019-10-25,3.030000000000001,0.024800287652141262,3.00519971234786,-0.2492908701330047,-0.2883540120163104,-0.2785781199004152,-2.609999999999985,2019-11-08
GC_JET_M1M2,1,2019-11-01,1.9099999999999968,0.2862459449016334,1.6237540550983633,-0.08657038403134265,-0.1584579538642707,-0.11240783839630883,-0.15000000000000568,2019-11-15
GC_JET_M1M2,1,2019-11-08,-0.6999999999999886,0.30271986510809057,-1.0027198651080793,0.2956163321487918,0.12300444976368342,0.2661821892144004,-0.020000000000010232,2019-11-22
GC_JET_M1M2,1,2019-11-15,-0.8499999999999943,0.18174640834821945,-1.0317464083482137,0.3144004623395398,0.12717093942238145,0.28140292081479995,0.5700000000000216,2019-11-29
GC_JET_M1M2,1,2019-11-22,-0.8700000000000045,-0.012401016363027983,-0.8575989836369766,0.3107080230650969,0.1062301386537412,0.2698481259645496,0.49999999999997147,2019-12-06
GC_JET_M1M2,1,2019-11-29,-0.2999999999999829,0.167447222951323,-0.4674472229513059,0.226553804403169,0.06241136963745738,0.19246962070708565,-0.46999999999999875,2019-12-13
GC_JET_M1M2,1,2019-12-06,0.1999999999999886,0.15839583559359782,0.04160416440639078,0.15772752697612286,0.0031302005270386927,0.12127764068448124,0.09000000000000338,2019-12-20
GC_JET_M1M2,1,2019-12-13,-0.2700000000000102,0.2697987828969224,-0.5397987828969326,0.22698738692895576,0.07086666637080302,0.19414793847993778,-0.10999999999998519,2019-12-27
GC_JET_M1M2,1,2019-12-20,-0.1800000000000068,0.38405003648581315,-0.56405003648582,0.2167716547606184,0.07444922427340193,0.1875018306990113,0.6199999999999761,2020-01-03
GC_JET_M1M2,1,2019-12-27,-0.289999999999992,0.30871204439455885,-0.5987120443945508,0.23340695258097077,0.07813101846272043,0.19996153962858018,-0.4900000000000091,2020-01-10
GC_JET_M1M2,1,2020-01-03,0.3299999999999841,0.07622553721003245,0.25377446278995164,0.14838532565348406,-0.022046739742361633,0.10223078534545957,-0.20999999999997948,2020-01-17
GC_JET_M1M2,1,2020-01-10,-0.160000000000025,-0.03818880477068198,-0.12181119522934303,0.21690614642382036,0.020893489524841116,0.16537931500157882,-0.2099999999999796,2020-01-24
GC_JET_M1M2,1,2020-01-17,-0.3700000000000045,-0.3308753299118732,-0.03912467008813131,0.24280776949798216,0.010312360910389827,0.17809495508911768,0.06999999999999318,2020-01-31
GC_JET_M1M2,1,2020-01-24,-0.5799999999999841,-0.8075707757384427,0.22757077573845863,0.26265490519228957,-0.022587272404916432,0.1756977666169623,-1.6299999999999955,2020-02-07
GC_JET_M1M2,1,2020-01-31,-0.5099999999999909,-0.5213100628086689,0.011310062808677968,0.240032249172053,0.0035187318320904267,0.16950249577165039,0.8499999999999943,2020-02-14
GC_JET_M1M2,1,2020-02-07,-2.1399999999999864,-0.2078110945221974,-1.932188905477789,0.4267966294055754,0.2324123450632382,0.3779370459838801,0.3199999999999933,2020-02-21
GC_JET_M1M2,1,2020-02-14,-1.289999999999992,-0.4717029604069135,-0.8182970395930785,0.30117659370228217,0.1018057053830292,0.24065069679576678,-0.060000000000002385,2020-02-28
GC_JET_M1M2,1,2020-02-21,-0.9699999999999988,-0.7399308246136179,-0.23006917538638083,0.23825346078752055,0.03144361231903032,0.16574938814456652,0.969999999999999,2020-03-06
GC_JET_M1M2,1,2020-02-28,-1.0300000000000011,-0.022566204997577777,-1.0074337950024232,0.22554800032443598,0.12499432178788027,0.2028045151237839,-1.2600000000000051,2020-03-13
GC_JET_M1M2,1,2020-03-06,-0.0600000000000022,-0.056706952846370506,-0.003293047153631691,0.08391020427097698,0.007421753103810692,0.05763916379524771,-3.1499999999999915,2020-03-20
GC_JET_M1M2,1,2020-03-13,-1.3200000000000074,-0.02995631053003961,-1.2900436894699678,0.23014988094578476,0.155442184226382,0.22171023116379215,-4.25,2020-03-27
GC_JET_M1M2,1,2020-03-20,-4.469999999999999,-0.27805211685846537,-4.191947883141533,0.5932515120758044,0.49086173501616587,0.6137009811896598,3.730000000000004,2020-04-03
GC_JET_M1M2,1,2020-03-27,-8.719999999999999,0.04086395828660175,-8.7608639582866,0.9433150499424228,0.9491451237894414,1.0653690209821605,-2.380000000000008,2020-04-10
GC_JET_M1M2,1,2020-04-03,-4.989999999999995,0.36747614555118296,-5.3574761455511775,0.616632281660329,0.724354853674837,0.7593296948859963,-0.8499999999999961,2020-04-17
GC_JET_M1M2,1,2020-04-10,-7.370000000000003,0.5252096727331856,-7.895209672733189,0.5515611536606452,0.7192394213018998,0.7300705120151071,7.740000000000002,2020-04-24
GC_JET_M1M2,1,2020-04-17,-8.219999999999999,0.06510021682998912,-8.285100216829989,0.525401969815586,0.7144313513118732,0.7194720609783442,7.059999999999995,2020-05-01
GC_JET_M1M2,1,2020-04-24,-0.4799999999999969,0.09289063556412502,-0.5728906355641219,-0.1969353701341384,0.0995903757852957,0.030860152980652106,-11.839999999999996,2020-05-08
GC_JET_M1M2,1,2020-05-01,6.579999999999998,0.6052003617234343,5.974799638276564,-1.7624310858491803,-1.2722652070878073,-1.435428267382553,0.740000000000002,2020-05-15
GC_JET_M1M2,1,2020-05-08,-5.259999999999998,0.15032434816041124,-5.410324348160409,0.8321434415981683,1.0950071985989012,1.017409724128043,1.2199999999999842,2020-05-22
GC_JET_M1M2,1,2020-05-15,-4.519999999999996,-0.11774910599547872,-4.402250894004517,0.5458568803488111,0.8366109193671524,0.7527505305127306,0.2700000000000107,2020-05-29
GC_JET_M1M2,1,2020-05-22,-3.300000000000012,-0.3904518050085646,-2.909548194991447,0.27348090727932484,0.5601279142421315,0.45852836785290374,0.7199999999999989,2020-06-05
GC_JET_M1M2,4,2017-01-06,-1.1299999999999957,-1.6148208010084861,0.48482080100849045,-0.34044445778298765,-0.3499317142350868,-0.3290162520171592,1.379999999999967,2017-02-10
GC_JET_M1M2,4,2017-01-13,-1.089999999999975,-1.690483370049874,0.600483370049899,-0.33664500651961893,-0.42982194884201425,-0.4316070453181108,1.1899999999999977,2017-02-17
GC_JET_M1M2,4,2017-01-20,-1.1100000000000136,-1.608522758012899,0.49852275801288526,-0.29129310254402446,-0.35653357304705646,-0.352613858323713,1.6799999999999784,2017-02-24
GC_JET_M1M2,4,2017-01-27,-1.329999999999984,-1.5772170397527774,0.2472170397527933,-0.14270873961518227,-0.18361507158835164,-0.1841108285863574,-0.2600000000000194,2017-03-03
GC_JET_M1M2,4,2017-02-03,-0.4799999999999897,-1.4923548421519137,1.012354842151924,-0.6210468305900196,-0.7217289655832277,-0.700621160970986,-1.1800000000000068,2017-03-10
GC_JET_M1M2,4,2017-02-10,0.289999999999992,-1.4085488127892531,1.6985488127892452,-1.0257577640346405,-1.1903859357736926,-1.149785864713484,-0.8399999999999749,2017-03-17
GC_JET_M1M2,4,2017-02-17,0.079999999999984,-1.178904149760311,1.258904149760295,-0.8598996149017891,-0.8732908896136785,-0.8014034584800761,-1.1200000000000045,2017-03-24
GC_JET_M1M2,4,2017-02-24,0.3499999999999943,-1.1422030596900843,1.4922030596900786,-0.970358355795259,-1.017377301536633,-0.9446244703373063,0.030000000000001137,2017-03-31
GC_JET_M1M2,4,2017-03-03,-0.7400000000000091,-1.3865054408213318,0.6465054408213227,-0.344915193180076,-0.4414474130344069,-0.4339429005634581,0.09000000000003183,2017-04-07
GC_JET_M1M2,4,2017-03-10,-0.8900000000000148,-1.5330031107884705,0.6430031107884557,-0.26857730804931895,-0.4507036734050761,-0.4725800013541357,-0.030000000000001137,2017-04-14
GC_JET_M1M2,4,2017-03-17,-0.7599999999999909,-1.3598131903858954,0.5998131903859045,-0.3534893731843797,-0.4192273598212427,-0.40578203644438177,0.06999999999999318,2017-04-21
GC_JET_M1M2,4,2017-03-24,-0.7700000000000102,-1.5209296374909873,0.7509296374909771,-0.3713958165408121,-0.5324471615982933,-0.5440346577066663,0.009999999999990905,2017-04-28
GC_JET_M1M2,4,2017-03-31,-0.710000000000008,-1.4813685137098558,0.7713685137098478,-0.40350911785439547,-0.5317675596153345,-0.5327472293749554,-0.27000000000001023,2017-05-05
GC_JET_M1M2,4,2017-04-07,-0.799999999999983,-1.3290152443680872,0.5290152443681042,-0.34166619427351425,-0.3639273326291993,-0.3399270276445311,-0.6100000000000136,2017-05-12
GC_JET_M1M2,4,2017-04-14,-0.789999999999992,-1.306536747313224,0.5165367473132318,-0.32912700707906684,-0.3539084221212166,-0.33212244727526374,-0.8499999999999659,2017-05-19
GC_JET_M1M2,4,2017-04-21,-0.700000000000017,-1.5771858100826477,0.8771858100826306,-0.3603765032466273,-0.5957295811143157,-0.6327527127185123,-0.12999999999999545,2017-05-26
GC_JET_M1M2,4,2017-04-28,-0.700000000000017,-1.638745913227563,0.938745913227546,-0.3462323772756928,-0.6333927174713501,-0.6904911812951735,0.09000000000000341,2017-06-02
GC_JET_M1M2,4,2017-05-05,-1.0699999999999932,-1.574551308329373,0.5045513083293798,-0.11723671781499684,-0.343196929374588,-0.40312340470969826,-0.6500000000000061,2017-06-09
GC_JET_M1M2,4,2017-05-12,-1.4000000000000057,-1.478133670325322,0.07813367032531637,0.09144561625599223,-0.06227801951662722,-0.11799550788498339,-0.390000000000043,2017-06-16
GC_JET_M1M2,4,2017-05-19,-1.549999999999983,-1.5682875897389175,0.018287589738934518,0.2031109553714816,-0.026745769603522325,-0.11574964226225443,-0.5799999999999841,2017-06-23
GC_JET_M1M2,4,2017-05-26,-0.8300000000000125,-1.576509114264253,0.7465091142642406,-0.14760745486886023,-0.509859511220478,-0.6119254905175489,-0.5900000000000034,2017-06-30
GC_JET_M1M2,4,2017-06-02,-0.9799999999999898,-1.539187587433397,0.5591875874334071,-0.030245904123974657,-0.3801313557052302,-0.4860535937811814,0.8400000000000039,2017-07-07
GC_JET_M1M2,4,2017-06-09,-2.050000000000012,-1.47989862711935,-0.5701013728806619,0.5683043955106238,0.36585141064043303,0.2548174406753212,1.1000000000000225,2017-07-14
GC_JET_M1M2,4,2017-06-16,-1.940000000000026,-1.563139374669619,-0.376860625330407,0.509684754006146,0.2372677475323612,0.10849399326832244,1.1599999999999966,2017-07-21
GC_JET_M1M2,4,2017-06-23,-1.4099999999999966,-1.5365019042073715,0.12650190420737495,0.23059789730550884,-0.10123711722638741,-0.2296692166010842,2.0200000000000102,2017-07-28
GC_JET_M1M2,4,2017-06-30,-1.5699999999999932,-1.4125126140721185,-0.1574873859278747,0.3229218470333241,0.08701659341127073,-0.01893307651898446,1.960000000000008,2017-08-04
GC_JET_M1M2,4,2017-07-07,-1.210000000000008,-1.3820357292660526,0.1720357292660446,0.1273980243321059,-0.12147341119063673,-0.2030335903751011,1.490000000000009,2017-08-11
GC_JET_M1M2,4,2017-07-14,-0.8400000000000034,-1.4245337786693155,0.5845337786693121,-0.06966229207037969,-0.39155823798426687,-0.47102702334556995,1.5,2017-08-18
GC_JET_M1M2,4,2017-07-21,-0.25,-1.3852176422810996,1.1352176422810996,-0.37976547032477675,-0.7546106387738524,-0.8191458699661536,1.1099999999999854,2017-08-25
GC_JET_M1M2,4,2017-07-28,0.450000000000017,-1.3568247485706553,1.8068247485706723,-0.7294098256075792,-1.1852564402635957,-1.2324337460211332,7.100000000000023,2017-09-01
GC_JET_M1M2,4,2017-08-04,0.75,-1.397939264035632,2.147939264035632,-0.8709724626720651,-1.3995725137080617,-1.4458095371205362,5.119999999999976,2017-09-08
GC_JET_M1M2,4,2017-08-11,0.6500000000000057,-1.3527056692476955,2.0027056692477014,-0.7981603560463977,-1.295098380402999,-1.3289832529568726,2.4000000000000057,2017-09-15
GC_JET_M1M2,4,2017-08-18,1.25,-1.3136586288182894,2.563658628818289,-1.1047612475193807,-1.6286518123791525,-1.6460272447750377,1.619999999999976,2017-09-22
GC_JET_M1M2,4,2017-08-25,1.5600000000000025,-1.2346903993638736,2.7946903993638763,-1.2309639590543096,-1.7259268786475046,-1.7266969793593996,-5.780000000000001,2017-09-29
GC_JET_M1M2,4,2017-09-01,7.850000000000023,-1.1503570141813557,9.000357014181379,-4.026958427368527,-4.606352665159114,-4.551714930246788,-4.589999999999975,2017-10-06
GC_JET_M1M2,4,2017-09-08,5.769999999999982,2.830740564741672,2.9392594352583097,-2.468950862146704,-1.1206093457313249,-2.2001627084866877,-2.280000000000001,2017-10-13
GC_JET_M1M2,4,2017-09-15,3.6500000000000057,3.2562065528085005,0.3937934471915052,-1.332178570791465,-0.02221781737070827,-1.20540534976654,-2.7399999999999807,2017-10-20
GC_JET_M1M2,4,2017-09-22,3.1799999999999784,1.9962076966509823,1.183792303348996,-0.9726080896704973,-0.24343472867920818,-0.9908708900544869,-1.420000000000016,2017-10-27
GC_JET_M1M2,4,2017-09-29,2.0700000000000216,0.14744535700298314,1.9225546429970384,-0.6463337745165159,-0.6742270421607364,-0.6790496651522444,-1.3400000000000034,2017-11-03
GC_JET_M1M2,4,2017-10-06,1.1800000000000068,-0.04618110148430889,1.2261811014843158,-0.23140156598369552,-0.44579699430271424,-0.28735712355505566,-2.0200000000000102,2017-11-10
GC_JET_M1M2,4,2017-10-13,1.3700000000000043,-0.8239502743504517,2.193950274350456,-0.2733429687085586,-0.9056907497275033,-0.42661024581607765,-1.7500000000000002,2017-11-17
GC_JET_M1M2,4,2017-10-20,0.4399999999999977,0.00029654670211357037,0.4397034532978842,0.193338706135815,-0.14687909589443715,0.1761597831259531,-0.7500000000000284,2017-11-24
GC_JET_M1M2,4,2017-10-27,0.6500000000000057,-1.0433556415099754,1.693355641509981,0.11401750167516661,-0.7187009141262048,0.08287096778256178,-0.10999999999998522,2017-12-01
GC_JET_M1M2,4,2017-11-03,-0.1599999999999966,-1.2142241571281398,1.0542241571281432,0.5347243222397904,-0.4457496329564346,0.49275493336426907,1.0999999999999943,2017-12-08
GC_JET_M1M2,4,2017-11-10,-0.6500000000000057,-1.17267718212148,0.5226771821214744,0.7884561513581324,-0.2228324861843549,0.7165088778232945,1.7500000000000002,2017-12-15
GC_JET_M1M2,4,2017-11-17,-1.3100000000000025,-1.1010437767278687,-0.2089562232721338,1.124586955917029,0.10666025731492,1.0045889688399048,0.450000000000017,2017-12-22
GC_JET_M1M2,4,2017-11-24,-0.1000000000000227,-0.5334078860497472,0.4334078860497245,0.5152353586290602,-0.19513450744413424,0.41270515543815156,1.2699999999999818,2017-12-29
GC_JET_M1M2,4,2017-12-01,-0.2699999999999818,-1.0344304454739455,0.7644304454739637,0.6141660170800238,-0.3427722276303647,0.47251385878376834,1.710000000000008,2018-01-05
GC_JET_M1M2,4,2017-12-08,0.4499999999999886,-0.9775890048106826,1.4275890048106712,0.30202121093259704,-0.6319827519768131,0.18558552705596007,1.0800000000000125,2018-01-12
GC_JET_M1M2,4,2017-12-15,0.4399999999999977,-0.869371796658557,1.3093717966585547,0.3634796114132546,-0.563993025822895,0.2979920611555265,0.6599999999999966,2018-01-19
GC_JET_M1M2,4,2017-12-22,0.3499999999999943,-0.9664584025405376,1.316458402540532,0.4362632524693625,-0.5687819607371156,0.3464943873357628,0.3599999999999852,2018-01-26
GC_JET_M1M2,4,2017-12-29,1.0,-1.026829641641451,2.0268296416414513,0.16046071790160937,-0.8792078036988514,0.09057392331130204,-0.9299999999999784,2018-02-02
GC_JET_M1M2,4,2018-01-05,2.1599999999999966,-1.0921381616474475,3.2521381616474443,-0.36408353070000565,-1.4046905243373504,-0.36342732748386575,-0.47999999999998977,2018-02-09
GC_JET_M1M2,4,2018-01-12,1.5200000000000102,-0.9691724148213301,2.4891724148213403,0.018467040758747097,-1.042191132247919,0.07385041277951057,-0.5300000000000011,2018-02-16
GC_JET_M1M2,4,2018-01-19,1.009999999999991,-1.2397921033436863,2.249792103343677,0.30992047466084577,-0.927394471933669,0.39229689342408824,-0.2699999999999818,2018-02-23
GC_JET_M1M2,4,2018-01-26,1.3599999999999852,-1.460658885370152,2.820658885370137,0.14583879413716322,-1.1689902292445147,0.240862092860204,-0.4399999999999977,2018-03-02
GC_JET_M1M2,4,2018-02-02,1.2300000000000182,-0.6490118266573021,1.8790118266573201,0.2155008954109923,-0.7737090152119133,0.2274229042798955,-1.2700000000000387,2018-03-09
GC_JET_M1M2,4,2018-02-09,1.0400000000000205,-1.8201478796049553,2.860147879604976,0.3210564555159236,-1.1834525642438385,0.31008746945989585,-0.8499999999999942,2018-03-16
GC_JET_M1M2,4,2018-02-16,0.4799999999999897,-1.1152199020279194,1.5952199020279092,0.592532233548547,-0.6451538923617586,0.5492779048560952,-1.3100000000000307,2018-03-23
GC_JET_M1M2,4,2018-02-23,1.0900000000000034,-0.9562457334458772,2.046245733445881,0.26316045506952046,-0.8281205493835389,0.18583185871644572,0.049999999999954525,2018-03-30
GC_JET_M1M2,4,2018-03-02,0.7900000000000205,-0.5975848001677971,1.3875848001678177,0.2741917210357073,-0.5440648409668694,0.19665610239343229,0.7300000000000182,2018-04-06
GC_JET_M1M2,4,2018-03-09,-0.2300000000000182,-0.5973249489620918,0.36732494896207357,0.6712925903477733,-0.13118562733590508,0.5750751374095047,1.6999999999999886,2018-04-13
GC_JET_M1M2,4,2018-03-16,-0.3700000000000045,-1.1435399840938525,0.7735399840938479,0.6543690052715843,-0.2973185574765209,0.4912020743576175,1.0700000000000216,2018-04-20
GC_JET_M1M2,4,2018-03-23,-0.2200000000000272,-1.2572233788030691,1.0372233788030418,0.49284565552783277,-0.41641015381966756,0.2747182168633792,0.34000000000003183,2018-04-27
GC_JET_M1M2,4,2018-03-30,0.839999999999975,-0.843400662054826,1.683400662054801,-0.0699403970015821,-0.6742486372435323,-0.2504153893968407,-0.2699999999999818,2018-05-04
GC_JET_M1M2,4,2018-04-06,0.5,-0.8934743631319242,1.3934743631319242,0.0922466397526341,-0.5441476615879032,-0.07113046110074996,-1.0600000000000023,2018-05-11
GC_JET_M1M2,4,2018-04-13,1.329999999999984,-0.5855185453098237,1.9155185453098078,-0.3266103097033414,-0.7442830794049733,-0.45437456479822325,-0.7899999999999922,2018-05-18
GC_JET_M1M2,4,2018-04-20,0.8499999999999943,-0.3013327910515412,1.1513327910515354,-0.07067528887056042,-0.42723735810132707,-0.15660365840789475,-1.25,2018-05-25
GC_JET_M1M2,4,2018-04-27,1.1800000000000068,-0.1487329900690469,1.3287329900690537,-0.23041131443669377,-0.4925281286319118,-0.30821966291587977,-0.4800000000000182,2018-06-01
GC_JET_M1M2,4,2018-05-04,0.2300000000000182,-0.20421360080732742,0.4342136008073456,0.2634942620273504,-0.13691884041163338,0.19488892296334276,-0.7699999999999818,2018-06-08
GC_JET_M1M2,4,2018-05-11,0.2699999999999818,0.033336414362596156,0.23666358563738565,0.25414953616096353,-0.06353219984621836,0.19759072045344012,-0.8200000000000215,2018-06-15
GC_JET_M1M2,4,2018-05-18,0.0600000000000022,0.15557436384298,-0.09557436384297782,0.38693008978381804,0.06761608024596927,0.3406208186702289,-0.6599999999999967,2018-06-22
GC_JET_M1M2,4,2018-05-25,-0.0699999999999931,-0.0045909691970933975,-0.0654090308028997,0.4482550337748059,0.05111722007396044,0.3852221336730215,-0.4099999999999966,2018-06-29
GC_JET_M1M2,4,2018-06-01,-0.25,-0.3071010283032805,0.05710102830328051,0.5403764833255211,0.0023022599303162625,0.44919748288189437,-0.06999999999999318,2018-07-06
GC_JET_M1M2,4,2018-06-08,-0.5,-0.21312279925731137,-0.28687720074268863,0.6428041177882208,0.1366649516649639,0.5663698789444515,0.24000000000003752,2018-07-13
GC_JET_M1M2,4,2018-06-15,-0.7600000000000193,-0.6113712691099297,-0.14862873089008966,0.7445847791701644,0.07759984922550697,0.6309465086031318,0.06999999999999318,2018-07-20
GC_JET_M1M2,4,2018-06-22,-0.7299999999999898,-1.12769063534912,0.3976906353491303,0.6990748398435178,-0.14580558510423294,0.5263948942428718,0.2800000000000012,2018-07-27
GC_JET_M1M2,4,2018-06-29,-0.6599999999999966,-0.9429527490751626,0.282952749075166,0.6234614412957575,-0.10307221228807198,0.47349960311594086,0.8100000000000023,2018-08-03
GC_JET_M1M2,4,2018-07-06,-0.5699999999999932,-0.8590818005246563,0.28908180052466315,0.5193122782310866,-0.10648938344991202,0.38531785436831045,1.1699999999999875,2018-08-10
GC_JET_M1M2,4,2018-07-13,-0.5199999999999818,-0.38225678420046627,-0.13774321579951554,0.4509745945397549,0.06516715398453654,0.38108624634709476,1.4300000000000068,2018-08-17
GC_JET_M1M2,4,2018-07-20,-0.6599999999999966,-0.0953442424654577,-0.5646557575345389,0.48291021939287,0.2374721930536125,0.4582849506860902,1.1399999999999864,2018-08-24
GC_JET_M1M2,4,2018-07-27,-0.3799999999999954,0.33900954155573837,-0.7190095415557338,0.3056956196173423,0.30360010123722175,0.33864891713354617,0.4800000000000182,2018-08-31
GC_JET_M1M2,4,2018-08-03,0.2400000000000091,-0.11709951752351716,0.35709951752352626,-0.022349497991833216,-0.12349890375341051,-0.05889067863949825,1.1099999999999852,2018-09-07
GC_JET_M1M2,4,2018-08-10,0.6500000000000057,-0.5703620257978117,1.2203620257978174,-0.2326440827581885,-0.4631198873959522,-0.33097830861294764,0.8899999999999864,2018-09-14
GC_JET_M1M2,4,2018-08-17,0.7700000000000102,-0.8831396936471105,1.6531396936471208,-0.2836663434043039,-0.6335483070819353,-0.42023383365727784,-0.14000000000001478,2018-09-21
GC_JET_M1M2,4,2018-08-24,0.7599999999999909,-1.3028975138694672,2.062897513869458,-0.2827005064857874,-0.8029988162990627,-0.47100305495045786,-0.7700000000000385,2018-09-28
GC_JET_M1M2,4,2018-08-31,0.7200000000000273,-0.5950372895492123,1.3150372895492395,-0.2630944070899204,-0.5038664143527877,-0.36691137546833086,-1.2199999999999989,2018-10-05
GC_JET_M1M2,4,2018-09-07,1.759999999999991,-1.3020321571027282,3.062032157102719,-0.745655434120966,-1.2128064412157855,-0.9642847461547918,-0.7299999999999898,2018-10-12
GC_JET_M1M2,4,2018-09-14,1.6599999999999966,-1.959957511419115,3.619957511419112,-0.6469303561197293,-1.4441635553754317,-0.9520786546624322,0.26000000000004775,2018-10-19
GC_JET_M1M2,4,2018-09-21,0.6199999999999761,-1.3220853596555757,1.9420853596555518,-0.10414640251297738,-0.7633046797918146,-0.31469355462409987,1.02000000000001,2018-10-26
GC_JET_M1M2,4,2018-09-28,-0.0500000000000113,-0.8653185837938739,0.8153185837938627,0.21475236182226956,-0.3082429147599226,0.07286970611989567,-0.09999999999999432,2018-11-02
GC_JET_M1M2,4,2018-10-05,0.539999999999992,-1.0770632207777497,1.6170632207777418,-0.0886420080561734,-0.6458001773033869,-0.2784851983696582,-1.490000000000009,2018-11-09
GC_JET_M1M2,4,2018-10-12,0.9300000000000068,-1.3243918584425836,2.2543918584425904,-0.29442008613440834,-0.9040156937549864,-0.5234945625241877,-2.3000000000000114,2018-11-16
GC_JET_M1M2,4,2018-10-19,0.8800000000000239,-1.6365498668038843,2.516549866803908,-0.2614345280512409,-0.9764422183042644,-0.5030878350927297,-1.990000000000009,2018-11-23
GC_JET_M1M2,4,2018-10-26,0.9699999999999988,-1.0607751150399147,2.0307751150399134,-0.30439665865682625,-0.7654337771876498,-0.46171624594575156,-1.6000000000000227,2018-11-30
GC_JET_M1M2,4,2018-11-02,0.4399999999999977,-1.4242228212865136,1.8642228212865113,-0.03527837707582046,-0.7059388590474927,-0.23198943058293803,0.5300000000000011,2018-12-07
GC_JET_M1M2,4,2018-11-09,-0.5600000000000023,-1.1427213179909514,0.5827213179909492,0.44505066402489024,-0.215208062767153,0.2835880668149599,1.0900000000000034,2018-12-14
GC_JET_M1M2,4,2018-11-16,-1.4199999999999875,-0.3680305153641008,-1.0519694846358867,0.845796419210163,0.43021164477134743,0.7922751972896839,0.8700000000000047,2018-12-21
GC_JET_M1M2,4,2018-11-23,-1.0200000000000102,-0.7086303728338419,-0.31136962716616834,0.6191665336655796,0.13040608431359754,0.5045016866443635,0.7700000000000387,2018-12-28
GC_JET_M1M2,4,2018-11-30,-1.160000000000025,-0.5896001210351435,-0.5703998789648815,0.6698570892775684,0.23510439156858648,0.5774257759973993,0.1700000000000158,2019-01-04
GC_JET_M1M2,4,2018-12-07,-0.0300000000000011,-0.5027341503518572,0.4727341503518561,0.10197678124149066,-0.18510743944472105,0.0039597991302927835,1.2099999999999795,2019-01-11
GC_JET_M1M2,4,2018-12-14,-0.3299999999999841,-0.13917613738320728,-0.1908238626167768,0.26851531466825973,0.09026721560685909,0.2331945398004147,0.8100000000000022,2019-01-18
GC_JET_M1M2,4,2018-12-21,-0.1500000000000056,-0.528847832576889,0.3788478325768835,0.1874791399143771,-0.13847770536509543,0.08808005720215695,0.6699999999999874,2019-01-25
GC_JET_M1M2,4,2018-12-28,-0.3899999999999863,-0.6308625649346418,0.24086256493465547,0.31741934488690576,-0.08015952009953085,0.2075523668594922,0.4899999999999808,2019-02-01
GC_JET_M1M2,4,2019-01-04,0.1400000000000147,-0.6371003807075457,0.7771003807075604,0.055689279355827424,-0.2991080442666659,-0.07026199572257408,-0.46999999999999886,2019-02-08
GC_JET_M1M2,4,2019-01-11,0.8799999999999955,-0.5105832716288233,1.390583271628819,-0.2915567394635397,-0.5410997663222565,-0.41736591577923665,-0.6899999999999977,2019-02-15
GC_JET_M1M2,4,2019-01-18,0.6599999999999966,-0.5704948521536437,1.2304948521536403,-0.15003780201408945,-0.4758010671433591,-0.28644791037973927,-0.46999999999999875,2019-02-22
GC_JET_M1M2,4,2019-01-25,0.2800000000000011,-0.6378605271528798,0.9178605271528808,0.060970119507155786,-0.34703059291746885,-0.07894561380896391,-0.539999999999992,2019-03-01
GC_JET_M1M2,4,2019-02-01,0.6299999999999955,-1.0139677096434903,1.6439677096434857,-0.11091761913278139,-0.6401445205741925,-0.3136800536466892,-0.5999999999999943,2019-03-08
GC_JET_M1M2,4,2019-02-08,0.4099999999999966,-0.48981556024117956,0.8998155602411761,-0.004825873238417253,-0.34318747706286695,-0.12932306440739566,-0.6299999999999955,2019-03-15
GC_JET_M1M2,4,2019-02-15,-0.0300000000000011,-0.14726786293484195,0.11726786293484086,0.20444033025268477,-0.028713130558677538,0.14154358283374965,-0.37999999999999545,2019-03-22
GC_JET_M1M2,4,2019-02-22,-0.1899999999999977,-0.5850251169179741,0.39502511691797637,0.26681161817079935,-0.14152262971878052,0.14796480231996084,-0.6399999999999864,2019-03-29
GC_JET_M1M2,4,2019-03-01,0.0900000000000034,-0.37702928502072397,0.4670292850207274,0.1068550637014882,-0.17248617402704022,0.014742032285798894,-0.539999999999992,2019-04-05
GC_JET_M1M2,4,2019-03-08,-0.1899999999999977,-0.2438962728872407,0.053896272887242996,0.21060413700707115,-0.005534424066565267,0.1535050285230949,-0.09000000000000341,2019-04-12
GC_JET_M1M2,4,2019-03-15,-0.6599999999999966,-0.4825843089805072,-0.1774156910194894,0.404581762681584,0.08693424504918687,0.3325320070465567,-0.22999999999998977,2019-04-19
GC_JET_M1M2,4,2019-03-22,-0.5699999999999932,-0.3921940020714192,-0.177805997928574,0.3313661225673176,0.0858180967970531,0.27721115102330895,-0.12000000000003297,2019-04-26
GC_JET_M1M2,4,2019-03-29,-0.549999999999983,0.31867983002838757,-0.8686798300283705,0.30625070040991575,0.3656672601516407,0.36578436424761807,-0.0700000000000216,2019-05-03
GC_JET_M1M2,4,2019-04-05,-0.7299999999999898,0.14519928413033562,-0.8751992841303253,0.37066374229187865,0.369260623121616,0.4150399763141165,0.3400000000000034,2019-05-10
GC_JET_M1M2,4,2019-04-12,-0.75,0.1936385631353945,-0.9436385631353945,0.34617601693222555,0.3990831071227299,0.4093490784549525,0.6699999999999875,2019-05-17
GC_JET_M1M2,4,2019-04-19,-0.799999999999983,-0.006072748616694268,-0.7939272513832887,0.334942414530861,0.3383678365743209,0.37735911010193796,0.2300000000000182,2019-05-24
GC_JET_M1M2,4,2019-04-26,-0.6700000000000159,-0.15124304311110512,-0.5187569568889108,0.23354304556256622,0.22619242886314214,0.25906313842403356,0.5300000000000011,2019-05-31
GC_JET_M1M2,4,2019-05-03,-0.8000000000000114,0.02350735062979442,-0.8235073506298058,0.2737346123685741,0.3498243522519481,0.33820927046266064,-0.46999999999999886,2019-06-07
GC_JET_M1M2,4,2019-05-10,-0.4099999999999966,-0.24096240001688118,-0.1690375999831154,0.07703851783035767,0.08320569842773169,0.08815977991102687,-0.6200000000000045,2019-06-14
GC_JET_M1M2,4,2019-05-17,-0.1299999999999954,-0.14908638556511455,0.019086385565119157,-0.03940414008726831,0.007730874020908437,-0.0265962753359096,-0.4099999999999966,2019-06-21
GC_JET_M1M2,4,2019-05-24,-0.4399999999999977,-0.39146273564409495,-0.048537264355902776,0.13032218731452122,0.0349609372585029,0.10631450663381872,-0.5299999999999727,2019-06-28
GC_JET_M1M2,4,2019-05-31,-0.2700000000000102,-0.021741861655595385,-0.2482581383444148,0.06215567466463101,0.11838590432910069,0.09101733102802191,0.22999999999998977,2019-07-05
GC_JET_M1M2,4,2019-06-07,-0.8799999999999955,-0.21554629363855896,-0.6644537063614365,0.3539392045243951,0.2850966810044265,0.3686772664674689,0.5199999999999818,2019-07-12
GC_JET_M1M2,4,2019-06-14,-0.75,-0.22021269621452,-0.52978730378548,0.27600880271954037,0.22799033201972377,0.2898248982422396,0.990000000000009,2019-07-19
GC_JET_M1M2,4,2019-06-21,-0.8499999999999943,-0.1197623925038393,-0.730237607496155,0.3118222167006315,0.30923064246076787,0.3489106687496208,1.4999999999999716,2019-07-26
GC_JET_M1M2,4,2019-06-28,-0.799999999999983,-0.37444082548564367,-0.4255591745143393,0.2751187840803823,0.1833920082578123,0.27154127293395736,2.0200000000000102,2019-08-02
GC_JET_M1M2,4,2019-07-05,-0.6500000000000057,-0.20591366939672706,-0.4440863306032786,0.18378263654270918,0.19234843255901882,0.20965736174321967,1.9400000000000261,2019-08-09
GC_JET_M1M2,4,2019-07-12,-0.2300000000000182,-0.4697426696106638,0.2397426696106456,-0.051846240212221756,-0.08575672176856854,-0.0733724815896765,1.3099999999999739,2019-08-16
GC_JET_M1M2,4,2019-07-19,0.1400000000000147,0.04102584375185958,0.09897415624815512,-0.2486541073553184,-0.025269632145042967,-0.19015901249118752,1.2500000000000284,2019-08-23
GC_JET_M1M2,4,2019-07-26,0.6999999999999886,0.17531380704830005,0.5246861929516886,-0.5243022278783335,-0.19585460465005794,-0.4583523677231193,0.7599999999999911,2019-08-30
GC_JET_M1M2,4,2019-08-02,1.3700000000000043,-0.10605392072025516,1.4760539207202594,-0.8513234490572785,-0.5824737492164584,-0.8528643507706091,0.3100000000000023,2019-09-06
GC_JET_M1M2,4,2019-08-09,1.710000000000008,-0.2082337427053188,1.9182337427053269,-0.9972649021879373,-0.7630825888556493,-1.0318983151873613,0.5100000000000193,2019-09-13
GC_JET_M1M2,4,2019-08-16,1.4499999999999886,-0.3853335885142427,1.8353335885142315,-0.8263815871947291,-0.7238046861523763,-0.8940660775221018,0.6399999999999864,2019-09-20
GC_JET_M1M2,4,2019-08-23,1.950000000000017,-0.14833360675656881,2.0983336067565856,-1.0318988707145333,-0.8292324076276545,-1.0855492895618846,0.9399999999999977,2019-09-27
GC_JET_M1M2,4,2019-08-30,2.1299999999999955,-0.20598246583666224,2.3359824658366577,-1.0704629237064567,-0.923525620845035,-1.1525108077087436,1.2800000000000016,2019-10-04
GC_JET_M1M2,4,2019-09-06,2.0200000000000102,-0.8434171326236268,2.863417132623637,-0.9548809125651454,-1.137040648151878,-1.1576899363693502,1.5300000000000011,2019-10-11
GC_JET_M1M2,4,2019-09-13,1.960000000000008,-0.8832831286281169,2.8432831286281246,-0.8523075064638553,-1.119141200323625,-1.0769706926462057,0.23999999999998067,2019-10-18
GC_JET_M1M2,4,2019-09-20,2.5900000000000034,-0.5086627482140571,3.0986627482140605,-1.084359662534656,-1.2047097328180336,-1.273529033764692,-0.03999999999999204,2019-10-25
GC_JET_M1M2,4,2019-09-27,3.069999999999993,-0.2813945774635658,3.3513945774635587,-1.2147851324272867,-1.2764444775578663,-1.3939326673340153,-1.390000000000015,2019-11-01
GC_JET_M1M2,4,2019-10-04,3.300000000000012,-0.31280676438280747,3.6128067643828192,-1.2048069776875185,-1.3306132023246175,-1.4097485196101902,-4.189999999999998,2019-11-08
GC_JET_M1M2,4,2019-10-11,3.490000000000009,-0.005711380800520416,3.4957113808005293,-1.1727279384527587,-1.2189286967495705,-1.3350495993937093,-3.6799999999999784,2019-11-15
GC_JET_M1M2,4,2019-10-18,2.829999999999984,0.22091976526266854,2.6090802347373154,-0.7963375306404112,-0.8703314362738991,-0.9217476397388866,-3.9000000000000057,2019-11-22
GC_JET_M1M2,4,2019-10-25,3.030000000000001,0.024800287652141262,3.00519971234786,-0.8074184927119035,-0.9858272145251601,-0.9667089905149994,-2.2099999999999795,2019-11-29
GC_JET_M1M2,4,2019-11-01,1.9099999999999968,0.2862459449016334,1.6237540550983633,-0.26681350334406234,-0.516803541057123,-0.3897244842676911,0.8999999999999773,2019-12-06
GC_JET_M1M2,4,2019-11-08,-0.6999999999999886,0.30271986510809057,-1.0027198651080793,0.919275585249426,0.4007025615267513,0.8204863870987364,0.5799999999999841,2019-12-13
GC_JET_M1M2,4,2019-11-15,-0.8499999999999943,0.18174640834821945,-1.0317464083482137,1.0003200168330226,0.41972586117758925,0.8792170384268857,0.6899999999999977,2019-12-20
GC_JET_M1M2,4,2019-11-22,-0.8700000000000045,-0.012401016363027983,-0.8575989836369766,1.0187697072853583,0.354800474399507,0.8578679416914681,0.009999999999990905,2019-12-27
GC_JET_M1M2,4,2019-11-29,-0.2999999999999829,0.167447222951323,-0.4674472229513059,0.7379346618419464,0.19890239066495263,0.5920352703935525,0.12999999999999548,2020-01-03
GC_JET_M1M2,4,2019-12-06,0.1999999999999886,0.15839583559359782,0.04160416440639078,0.509445174596451,-0.0005971175462909512,0.3553854215779607,0.10999999999998517,2020-01-10
GC_JET_M1M2,4,2019-12-13,-0.2700000000000102,0.2697987828969224,-0.5397987828969326,0.7506129891399576,0.23347135866196062,0.6185544437493323,-0.1899999999999977,2020-01-17
GC_JET_M1M2,4,2019-12-20,-0.1800000000000068,0.38405003648581315,-0.56405003648582,0.7148982923121953,0.2455418310032323,0.5972232709229457,-0.2899999999999921,2020-01-24
GC_JET_M1M2,4,2019-12-27,-0.289999999999992,0.30871204439455885,-0.5987120443945508,0.7681542468284562,0.25861750612938017,0.6358154046485291,-0.839999999999975,2020-01-31
GC_JET_M1M2,4,2020-01-03,0.3299999999999841,0.07622553721003245,0.25377446278995164,0.4763185921669205,-0.08324535239518949,0.2880141834562065,-1.9799999999999613,2020-02-07
GC_JET_M1M2,4,2020-01-10,-0.160000000000025,-0.03818880477068198,-0.12181119522934303,0.7159425533191328,0.06770232972755885,0.5155590917829957,-0.9199999999999875,2020-02-14
GC_JET_M1M2,4,2020-01-17,-0.3700000000000045,-0.3308753299118732,-0.03912467008813131,0.8007521295370432,0.03302559401183994,0.5537144336059597,-0.39000000000001467,2020-02-21
GC_JET_M1M2,4,2020-01-24,-0.5799999999999841,-0.8075707757384427,0.22757077573845863,0.8697384491383667,-0.07588346936043125,0.5463036535499592,-0.5200000000000102,2020-02-28
GC_JET_M1M2,4,2020-01-31,-0.5099999999999909,-0.5213100628086689,0.011310062808677968,0.7855748787782777,0.006256904502159927,0.5174222290815094,2.079999999999984,2020-03-06
GC_JET_M1M2,4,2020-02-07,-2.1399999999999864,-0.2078110945221974,-1.932188905477789,1.4698483941497378,0.7778729801052565,1.3077624146632465,-0.030000000000015348,2020-03-13
GC_JET_M1M2,4,2020-02-14,-1.289999999999992,-0.4717029604069135,-0.8182970395930785,0.9999728480882413,0.3305424823678606,0.7825861580860923,-3.5,2020-03-20
GC_JET_M1M2,4,2020-02-21,-0.9699999999999988,-0.7399308246136179,-0.23006917538638083,0.7859721025979335,0.09455656152477239,0.5239757582069383,-7.689999999999998,2020-03-27
GC_JET_M1M2,4,2020-02-28,-1.0300000000000011,-0.022566204997577777,-1.0074337950024232,0.7436142034882508,0.4049568448452204,0.6555766101916959,-4.929999999999993,2020-04-03
GC_JET_M1M2,4,2020-03-06,-0.0600000000000022,-0.056706952846370506,-0.003293047153631691,0.26971060257859014,0.011835071879357829,0.1709840199846121,-6.049999999999995,2020-04-10
GC_JET_M1M2,4,2020-03-13,-1.3200000000000074,-0.02995631053003961,-1.2900436894699678,0.7730438063938857,0.521102109882735,0.7375764865100342,-3.75,2020-04-17
GC_JET_M1M2,4,2020-03-20,-4.469999999999999,-0.27805211685846537,-4.191947883141533,1.9666629485669638,1.642476455313937,2.0288499138817024,8.240000000000002,2020-04-24
GC_JET_M1M2,4,2020-03-27,-8.719999999999999,0.04086395828660175,-8.7608639582866,3.318691680047946,3.400802743320884,3.7675238704292284,11.569999999999993,2020-05-01
GC_JET_M1M2,4,2020-04-03,-4.989999999999995,0.36747614555118296,-5.3574761455511775,1.5877720730403941,2.019436850381726,2.0911768540310693,2.1100000000000048,2020-05-08
GC_JET_M1M2,4,2020-04-10,-7.370000000000003,0.5252096727331856,-7.895209672733189,2.268408829052662,3.0125123246540273,3.0868041212718276,3.700000000000003,2020-05-15
GC_JET_M1M2,4,2020-04-17,-8.219999999999999,0.06510021682998912,-8.285100216829989,2.306406387234077,3.092708808313973,3.1561202858683592,-2.820000000000015,2020-05-22
GC_JET_M1M2,4,2020-04-24,-0.4799999999999969,0.09289063556412502,-0.5728906355641219,-0.5735022070394717,0.22685676137149732,0.02134037328691806,-9.61,2020-05-29
GC_JET_M1M2,4,2020-05-01,6.579999999999998,0.6052003617234343,5.974799638276564,-4.459423700833285,-3.123981996279738,-3.977426199891188,2.9499999999999957,2020-06-05
GC_JET_M1M2,4,2020-05-08,-5.259999999999998,0.15032434816041124,-5.410324348160409,1.91222308711251,2.8377744276087618,2.7478826100487965,,2020-06-12
GC_JET_M1M2,4,2020-05-15,-4.519999999999996,-0.11774910599547872,-4.402250894004517,1.441975727283807,2.3113591027851297,2.1846948887552586,,2020-06-19
GC_JET_M1M2,4,2020-05-22,-3.300000000000012,-0.3904518050085646,-2.909548194991447,0.6133231265324137,1.3210141370865174,1.1707291574955518,,2020-06-26
HO_BRENT,1,2017-01-06,34.703809523809525,27.674285360195178,7.029524163614347,-0.5094009297129469,-1.4725009884743705,-1.51363107027866,-1.4009523809523614,2017-01-20
HO_BRENT,1,2017-01-13,33.546190476190475,26.163338622803966,7.382851853386509,-0.3965142862206855,-1.562767655447563,-1.6459936184488373,-1.508095238095251,2017-01-27
HO_BRENT,1,2017-01-20,32.14523809523811,27.75662289915618,4.388615196081933,-0.26162703799489156,-1.01172599219098,-1.0735919005116454,-0.3042857142857258,2017-02-03
HO_BRENT,1,2017-01-27,30.637142857142862,25.746686408607662,4.8904564485352005,-0.1170974854615934,-1.1155786673671197,-1.2282799846698458,1.2009523809523728,2017-02-10
HO_BRENT,1,2017-02-03,30.332857142857137,24.022784904427112,6.310072238430024,-0.0750274700262436,-1.3829539872402152,-1.5388925797821629,-1.0419047619047603,2017-02-17
HO_BRENT,1,2017-02-10,31.53380952380951,24.47845437095764,7.05535515285187,-0.1587634991886204,-1.4864197635868834,-1.6021544694101624,-0.1904761904761756,2017-02-24
HO_BRENT,1,2017-02-17,30.49190476190475,25.357394516975585,5.134510244929164,-0.0710612169140736,-1.1407425323747984,-1.2260545379161065,-1.9371428571428737,2017-03-03
HO_BRENT,1,2017-02-24,30.301428571428573,27.733449989759077,2.5679785816694967,-0.059198939292342934,-0.6537096447572067,-0.6877789898057569,-0.10904761904760107,2017-03-10
HO_BRENT,1,2017-03-03,28.3642857142857,27.47589107122094,0.8883946430647605,0.0934172866512073,-0.36247881170788043,-0.4076297148866245,-0.5719047619047757,2017-03-17
HO_BRENT,1,2017-03-10,28.2552380952381,27.942059594621597,0.31317850061650176,0.10044783388162526,-0.2534190524273045,-0.2901137003221345,1.1185714285714283,2017-03-24
HO_BRENT,1,2017-03-17,27.683333333333323,30.05258949462318,-2.369256161289858,0.1363832610178683,0.23385749436380665,0.2147959249918146,1.11571428571429,2017-03-31
HO_BRENT,1,2017-03-24,28.80190476190475,30.09872816418976,-1.2968234022850105,0.037322720614106575,0.05355684076172809,0.041711277440922206,0.6638095238095296,2017-04-07
HO_BRENT,1,2017-03-31,29.91761904761904,30.82223093249511,-0.9046118848760685,-0.06760839569667548,-0.007593698609449112,-0.01076791626667517,1.0890476190475944,2017-04-14
HO_BRENT,1,2017-04-07,30.58142857142857,31.050379954413472,-0.46895138298490124,-0.1373613536414705,-0.08061367645181941,-0.08005472997878246,0.009047619047645838,2017-04-21
HO_BRENT,1,2017-04-14,31.670476190476165,31.491349314479333,0.17912687599683252,-0.2366553191726945,-0.1894689734063736,-0.18416746623173208,-2.150000000000002,2017-04-28
HO_BRENT,1,2017-04-21,31.67952380952381,31.71617984908432,-0.03665603956050845,-0.24311923952922665,-0.14941232712538907,-0.14214353288329779,-3.126190476190473,2017-05-05
HO_BRENT,1,2017-04-28,29.52952380952381,28.91975212927217,0.6097716802516402,-0.0810064149927035,-0.2846996584304203,-0.2954884476796,1.7266666666666737,2017-05-12
HO_BRENT,1,2017-05-05,26.403333333333336,29.795884973669466,-3.39255164033613,0.15882073311789552,0.4252436678261506,0.420812077416149,0.9533333333333331,2017-05-19
HO_BRENT,1,2017-05-12,28.13000000000001,31.682910676810945,-3.552910676810935,-0.01007069938337335,0.47426505263497754,0.47803052556291675,3.030476190476193,2017-05-26
HO_BRENT,1,2017-05-19,29.083333333333343,31.309397303520548,-2.226063970187205,-0.10883589038509747,0.2422935341747767,0.24528939143086664,-2.2623809523809655,2017-06-02
HO_BRENT,1,2017-05-26,32.113809523809536,31.519070504246383,0.5947390195631534,-0.3888938367201555,-0.2541105710870872,-0.24605827184514434,-1.9752380952380832,2017-06-09
HO_BRENT,1,2017-06-02,29.85142857142857,30.740152017674678,-0.8887234462461073,-0.2107717049820111,0.0005420085120954321,0.003324152426112892,1.1476190476190453,2017-06-16
HO_BRENT,1,2017-06-09,27.876190476190487,30.62693207511338,-2.750741598922893,-0.057128669910768426,0.333805466984573,0.33414202568009943,0.44666666666665833,2017-06-23
HO_BRENT,1,2017-06-16,29.023809523809533,30.19040311041563,-1.1665935866060977,-0.18219154409271623,0.053713907263603006,0.05452318026456224,1.5233333333333299,2017-06-30
HO_BRENT,1,2017-06-23,29.47047619047619,29.96929168687283,-0.498815496396638,-0.24317873116723698,-0.06780995693865174,-0.06697122789508482,1.8557142857142814,2017-07-07
HO_BRENT,1,2017-06-30,30.99380952380952,31.536452616342867,-0.5426430925333463,-0.3977402756290798,-0.0470992825971588,-0.042627383947408504,1.3366666666666873,2017-07-14
HO_BRENT,1,2017-07-07,32.8495238095238,32.132670166588056,0.7168536429357459,-0.5678512491651981,-0.2667310845990062,-0.2570468677359441,1.8804761904761875,2017-07-21
HO_BRENT,1,2017-07-14,34.18619047619049,31.32138015416299,2.8648103220274983,-0.6757780570273517,-0.6598497096894412,-0.6452644251375976,1.5461904761904748,2017-07-28
HO_BRENT,1,2017-07-21,36.06666666666668,34.73455218937667,1.3321144772900055,-0.8028643846977517,-0.359622834593752,-0.31075557261227366,2.7961904761904606,2017-08-04
HO_BRENT,1,2017-07-28,37.61285714285715,35.876823611497755,1.7360335313593964,-0.8779556936968517,-0.4157394135440658,-0.33923065107291595,-1.0300000000000011,2017-08-11
HO_BRENT,1,2017-08-04,40.40904761904761,35.60177860997586,4.807269009071753,-0.9954413258685639,-0.9508006359776437,-0.8194732830421132,-1.4295238095238147,2017-08-18
HO_BRENT,1,2017-08-11,39.37904761904761,35.64752014908979,3.7315274699578183,-0.8907365521909305,-0.7669669380114943,-0.6609179724882522,-1.4209523809523645,2017-08-25
HO_BRENT,1,2017-08-18,37.9495238095238,35.872099993946264,2.077423815577532,-0.7583845975531959,-0.47537458536498134,-0.38659924239375115,9.289523809523821,2017-09-01
HO_BRENT,1,2017-08-25,36.52857142857143,36.429793417061425,0.09877801151000654,-0.6277870226749904,-0.12056692634549646,-0.04412957215971155,2.9476190476190283,2017-09-08
HO_BRENT,1,2017-09-01,45.81809523809525,36.01580629668287,9.802288941412385,-1.0336913283938438,-1.7519009584506373,-1.5240943540432481,-2.848571428571418,2017-09-15
HO_BRENT,1,2017-09-08,48.76571428571428,46.81312301017838,1.9525912755359016,-1.0776182788608888,-0.3639772943455473,0.23991915291834792,0.4742857142857133,2017-09-22
HO_BRENT,1,2017-09-15,45.91714285714286,49.579080787272424,-3.661937930129561,-0.9455336241326784,0.6240887143821912,1.3144693517554407,-0.7995238095238051,2017-09-29
HO_BRENT,1,2017-09-22,46.39142857142858,50.40824742850984,-4.016818857081262,-0.8462466928128286,0.6923049346695691,1.4974717775558326,-2.767142857142886,2017-10-06
HO_BRENT,1,2017-09-29,45.59190476190477,47.31684356813804,-1.7249388062332685,-0.754360558146806,0.27827880185975784,0.7759469004648665,-0.4976190476190254,2017-10-13
HO_BRENT,1,2017-10-06,42.824761904761885,46.98504493073477,-4.160283025972888,-0.5988996839770264,0.6697417209548491,0.8951434192540384,0.2752380952380804,2017-10-20
HO_BRENT,1,2017-10-13,42.32714285714286,45.06691515442653,-2.7397722972836718,-0.5296702724844339,0.42430285667756407,0.5766288634490684,0.18523809523810542,2017-10-27
HO_BRENT,1,2017-10-20,42.60238095238094,45.43294729439792,-2.8305663420169793,-0.5051519329846386,0.4402863134682588,0.5848784762658449,-0.9399999999999977,2017-11-03
HO_BRENT,1,2017-10-27,42.787619047619046,46.451879378171974,-3.6642603305529278,-0.4729424385319456,0.5875324703024937,0.7380722484314111,-0.35476190476191505,2017-11-10
HO_BRENT,1,2017-11-03,41.84761904761905,45.124946313958915,-3.277327266339867,-0.3779158629818246,0.5125743843391739,0.6091175972523629,2.199047619047633,2017-11-17
HO_BRENT,1,2017-11-10,41.49285714285713,45.48426167368805,-3.99140453083092,-0.31896452535362674,0.630860001402855,0.7091196145734525,-0.09000000000000341,2017-11-24
HO_BRENT,1,2017-11-17,43.691904761904766,45.31555322170538,-1.623648459800613,-0.3973465351234129,0.24397655373890495,0.34386705703855436,-1.8690476190476204,2017-12-01
HO_BRENT,1,2017-11-24,43.60190476190476,44.299044951931585,-0.6971401900268219,-0.361316018676344,0.0790341952491957,0.15071579396712403,-0.4657142857142844,2017-12-08
HO_BRENT,1,2017-12-01,41.73285714285714,42.679598875265114,-0.9467417324079719,-0.22679035563254557,0.10789734830653054,0.1382262293995743,-0.17952380952380054,2017-12-15
HO_BRENT,1,2017-12-08,41.26714285714286,43.601935851756345,-2.334792994613487,-0.1635866870972743,0.34440620330596144,0.3748071634121243,0.20666666666667766,2017-12-22
HO_BRENT,1,2017-12-15,41.08761904761906,46.333725392319586,-5.246106344700529,-0.12126771561934598,0.8499152771996545,0.9026219843222777,4.9133333333332985,2017-12-29
HO_BRENT,1,2017-12-22,41.294285714285735,45.03326632429444,-3.738980610008703,-0.10259733681245446,0.5959942128806408,0.6362906700234897,0.05666666666669329,2018-01-05
HO_BRENT,1,2017-12-29,46.20761904761903,43.843188252725405,2.3644307948936287,-0.34749963688317814,-0.4475483488822727,-0.39870821284624625,-3.4461904761904734,2018-01-12
HO_BRENT,1,2018-01-05,46.26428571428573,41.805230831132135,4.459054883153591,-0.31709956123038785,-0.8268826965595479,-0.8142389976234328,-1.5933333333333621,2018-01-19
HO_BRENT,1,2018-01-12,42.81809523809525,44.385883502288074,-1.5677882641928207,-0.0962578333505169,0.2336329701806803,0.2597025106187293,1.9042857142857201,2018-01-26
HO_BRENT,1,2018-01-19,41.22476190476189,46.65233008166873,-5.4275681769068385,0.016939318063878425,0.9435107652790088,0.9915455950055229,0.018095238095213517,2018-02-02
HO_BRENT,1,2018-01-26,43.12904761904761,44.56026934257917,-1.4312217235315572,-0.08524657500155819,0.22699215512632687,0.2540668439438392,-4.897142857142825,2018-02-09
HO_BRENT,1,2018-02-02,43.147142857142825,45.8516896326659,-2.7045467755230774,-0.07940820569627834,0.4541617153486241,0.494920770216709,-2.8433333333333337,2018-02-16
HO_BRENT,1,2018-02-09,38.25,41.83662708437119,-3.5866270843711874,0.22157428130371531,0.579514093429198,0.5635612416168005,1.9766666666666595,2018-02-23
HO_BRENT,1,2018-02-16,35.406666666666666,42.297177880699834,-6.890511214033168,0.3938082296858014,1.1463768458955794,1.1325571580487217,-1.0714285714285552,2018-03-02
HO_BRENT,1,2018-02-23,37.383333333333326,42.4214276580203,-5.038094324686973,0.27844637830536995,0.8424668836899949,0.8333304092702832,-2.5447619047619128,2018-03-09
HO_BRENT,1,2018-03-02,36.31190476190477,43.29307090732491,-6.98116614542014,0.3081086160014909,1.154806000223651,1.1569486770747734,-0.29999999999998295,2018-03-16
HO_BRENT,1,2018-03-09,33.76714285714286,42.28687761887959,-8.519734761736736,0.40590565495915254,1.372709472006231,1.3664890487694141,0.9528571428571411,2018-03-23
HO_BRENT,1,2018-03-16,33.467142857142875,43.12008861248418,-9.652945755341307,0.3864013561342105,1.547536074242918,1.5595846094417931,0.9095238095237903,2018-03-30
HO_BRENT,1,2018-03-23,34.420000000000016,43.156716718624324,-8.736716718624308,0.3022617863996181,1.3978723350826345,1.420495153432521,0.8866666666666845,2018-04-06
HO_BRENT,1,2018-03-30,35.329523809523806,43.707582696653795,-8.378058887129988,0.2226504787805592,1.333596634430973,1.3732293590945917,0.8533333333333246,2018-04-13
HO_BRENT,1,2018-04-06,36.21619047619049,43.509068654638114,-7.292878178447623,0.15240038092672942,1.1516289262328587,1.195787771162309,-1.5257142857142867,2018-04-20
HO_BRENT,1,2018-04-13,37.069523809523815,43.40962906218896,-6.340105252665147,0.08659554697616619,0.9921538876144361,1.0396111432524542,1.6471428571428532,2018-04-27
HO_BRENT,1,2018-04-20,35.54380952380953,45.35491020333605,-9.811100679526518,0.1577011810674142,1.5188608782254613,1.5923989514370327,-0.34285714285713453,2018-05-04
HO_BRENT,1,2018-04-27,37.19095238095238,47.021326555995834,-9.830374175043453,0.04423663178968308,1.5583682889510728,1.682218543201858,0.9761904761904887,2018-05-11
HO_BRENT,1,2018-05-04,36.84809523809525,48.48926719494526,-11.641171956850016,0.050767647039209024,1.8111077572432324,1.9665046843930405,0.9557142857142651,2018-05-18
HO_BRENT,1,2018-05-11,37.824285714285736,49.9529480296309,-12.128662315345167,-0.018231279692491192,1.8952934859087522,2.1055805300065256,0.09619047619045773,2018-05-25
HO_BRENT,1,2018-05-18,38.78,48.81909817059846,-10.039098170598457,-0.08993249481986212,1.548171273929962,1.7473602477486536,-1.412857142857149,2018-06-01
HO_BRENT,1,2018-05-25,38.87619047619046,48.58851202629939,-9.712321550108932,-0.10803773975644762,1.4518028157962626,1.6249120196934477,-3.0204761904761313,2018-06-08
HO_BRENT,1,2018-06-01,37.46333333333331,47.6305408847027,-10.167207551369387,-0.03139789774429702,1.4522501834840584,1.5641184417564415,0.4128571428571206,2018-06-15
HO_BRENT,1,2018-06-08,34.44285714285718,47.145638992360276,-12.702781849503097,0.13926178729791755,1.7025504955432993,1.74650898441169,-1.7119047619047763,2018-06-22
HO_BRENT,1,2018-06-15,34.8557142857143,47.30456327239135,-12.44884898667705,0.09775679686493857,1.659153166747783,1.6973816131110193,-1.049523809523805,2018-06-29
HO_BRENT,1,2018-06-22,33.14380952380952,45.502165959807044,-12.358356435997521,0.17799920698906796,1.5329275201328667,1.538202863900356,-0.08095238095236823,2018-07-06
HO_BRENT,1,2018-06-29,32.09428571428572,45.11844734486905,-13.024161630583329,0.20321950469314778,1.54093679632915,1.5300338477485202,2.4866666666666504,2018-07-13
HO_BRENT,1,2018-07-06,32.01333333333335,45.01868806857592,-13.00535473524257,0.17018851575460803,1.5039410299937326,1.4886995825132503,1.0371428571428396,2018-07-20
HO_BRENT,1,2018-07-13,34.5,44.36711382678297,-9.867113826782969,-0.0006101713300655787,1.1659537804280684,1.1564975343919126,3.309523809523853,2018-07-27
HO_BRENT,1,2018-07-20,35.53714285714284,46.001778010458985,-10.464635153316145,-0.08116194389659409,1.240148836570903,1.2359692653979715,-1.0238095238095468,2018-08-03
HO_BRENT,1,2018-07-27,38.84666666666669,45.78742941241676,-6.940762745750071,-0.30311911301099526,0.8478226017938502,0.8737394033697864,1.6157142857142972,2018-08-10
HO_BRENT,1,2018-08-03,37.822857142857146,44.02978325226507,-6.206926109407924,-0.2517708877786755,0.7188275353569592,0.7180153894768392,0.5714285714285765,2018-08-17
HO_BRENT,1,2018-08-10,39.43857142857144,43.012891885207104,-3.574320456635661,-0.3451466842601667,0.40069315553025725,0.4111387639258751,-0.601904761904791,2018-08-24
HO_BRENT,1,2018-08-17,40.01000000000002,41.484929295784795,-1.4749292957847757,-0.36597484649662404,0.13560354651694706,0.1428715181916201,0.6566666666666663,2018-08-31
HO_BRENT,1,2018-08-24,39.40809523809523,40.94301366942855,-1.534918431333324,-0.32213417206029055,0.13791525449557113,0.1365179691074667,-1.3928571428571104,2018-09-07
HO_BRENT,1,2018-08-31,40.064761904761895,42.27200936606057,-2.207247461298678,-0.3480515120101809,0.22704365744404686,0.23010902515925188,-2.352857142857175,2018-09-14
HO_BRENT,1,2018-09-07,38.671904761904784,39.972369965405974,-1.30046520350119,-0.24967524029340554,0.10529251608507767,0.10047633226459834,-1.0880952380952351,2018-09-21
HO_BRENT,1,2018-09-14,36.31904761904761,37.84734386885148,-1.5282962498038728,-0.09388784456919291,0.11978603552518607,0.11354839218026261,1.3985714285714437,2018-09-28
HO_BRENT,1,2018-09-21,35.230952380952374,38.78650686919086,-3.555554488238485,-0.020524908815267404,0.3672317265808183,0.3591810378099366,1.9747619047618912,2018-10-05
HO_BRENT,1,2018-09-28,36.62952380952382,41.12374148076681,-4.494217671242993,-0.10642766214588345,0.49572374945057185,0.4790205020851801,2.201904761904764,2018-10-12
HO_BRENT,1,2018-10-05,38.60428571428571,40.38620903320807,-1.7819233189223596,-0.22750413860004398,0.16901739345888145,0.15325374894789434,-0.42142857142858503,2018-10-19
HO_BRENT,1,2018-10-12,40.80619047619047,40.61805656240854,0.18813391378193245,-0.3582216340576749,-0.07039780054237856,-0.084388529492764,3.343333333333362,2018-10-26
HO_BRENT,1,2018-10-19,40.38476190476189,39.9332743103929,0.45148759436898445,-0.3173723365701893,-0.10714627079711309,-0.1204125011131583,1.5523809523809575,2018-11-02
HO_BRENT,1,2018-10-26,43.72809523809525,40.191614034530254,3.536481203564996,-0.49518336567523996,-0.4829433869537863,-0.48443434855109097,3.4080952380952,2018-11-09
HO_BRENT,1,2018-11-02,45.28047619047621,40.797304429650005,4.4831717608262025,-0.5588053835002903,-0.5963915453643318,-0.5917208993908651,0.9800000000000466,2018-11-16
HO_BRENT,1,2018-11-09,48.68857142857141,41.444333101998005,7.244238326573402,-0.6884087306829593,-0.9112249206324415,-0.879521332225934,-1.2176190476190811,2018-11-23
HO_BRENT,1,2018-11-16,49.668571428571454,43.11813563098015,6.550435797591305,-0.6934369645815527,-0.8120026979408278,-0.7674984775016256,-4.059047619047611,2018-11-30
HO_BRENT,1,2018-11-23,48.45095238095237,42.00223193709143,6.4487204438609425,-0.6112571204636741,-0.8068157384737451,-0.7774273143409688,-2.176190476190449,2018-12-07
HO_BRENT,1,2018-11-30,44.39190476190476,40.60610414513633,3.7858006167684337,-0.3988861750452162,-0.5128267362788073,-0.5148622651306307,-0.7690476190476261,2018-12-14
HO_BRENT,1,2018-12-07,42.21571428571431,40.991818655528014,1.2238956301862984,-0.24862011908049922,-0.19831242450545983,-0.20386204454962562,1.970952380952383,2018-12-21
HO_BRENT,1,2018-12-14,41.44666666666669,42.5557169796042,-1.1090503129375122,-0.18075565858054665,0.09964260119730159,0.0928666996183099,0.4571428571428413,2018-12-28
HO_BRENT,1,2018-12-21,43.41761904761907,43.56409558417036,-0.14647653655129034,-0.2749185711411629,-0.01299593653805673,-0.018172916923419272,-3.5309523809523995,2019-01-04
HO_BRENT,1,2018-12-28,43.87476190476191,43.7577364954242,0.11702540933771388,-0.27149810654980516,-0.04500281408349054,-0.0492395159426688,2.4057142857143106,2019-01-11
HO_BRENT,1,2019-01-04,40.34380952380951,42.05749864676235,-1.713689122952836,-0.025916105945173927,0.17263174688581773,0.16957124982222044,0.473809523809507,2019-01-18
HO_BRENT,1,2019-01-11,42.74952380952382,41.42586763998723,1.3236561695365907,-0.15545423333842984,-0.20373095879761874,-0.2057650455978355,-0.7576190476190163,2019-01-25
HO_BRENT,1,2019-01-18,43.22333333333333,39.90254031540063,3.3207930179327008,-0.1652888713264225,-0.45911827206112393,-0.45883416798224835,-0.4180952380952476,2019-02-01
HO_BRENT,1,2019-01-25,42.46571428571431,38.82929112200619,3.6364231637081232,-0.10730824135350606,-0.5045603138215867,-0.5019508462407408,0.4247619047619082,2019-02-08
HO_BRENT,1,2019-02-01,42.047619047619065,39.728020937224215,2.3195981103948498,-0.06892548869379383,-0.3375281024807663,-0.3353118729506965,0.5323809523809189,2019-02-15
HO_BRENT,1,2019-02-08,42.47238095238097,40.842301919192835,1.6300790331881387,-0.08738227971169274,-0.24511967192974046,-0.2444364419314946,-0.1376190476190402,2019-02-22
HO_BRENT,1,2019-02-15,43.00476190476189,41.99179021892556,1.0129716858363338,-0.11297515718004442,-0.16293229653260355,-0.16448320980422887,1.584285714285727,2019-03-01
HO_BRENT,1,2019-02-22,42.86714285714285,41.20744106352994,1.6597017936129106,-0.0947818949970389,-0.24512285413246032,-0.2446866104885897,-0.18999999999999773,2019-03-08
HO_BRENT,1,2019-03-01,44.45142857142858,40.9650375489497,3.4863910224788768,-0.18269556869142023,-0.468695160871692,-0.46916122876625727,-5.390476190476193,2019-03-15
HO_BRENT,1,2019-03-08,44.26142857142858,41.29466832694455,2.9667602444840284,-0.15571511760060106,-0.40444217973809277,-0.40463528877272015,-1.675238095238086,2019-03-22
HO_BRENT,1,2019-03-15,38.87095238095239,40.64598356431193,-1.7750311833595447,0.19924415953445204,0.17671570427711553,0.18579166836982253,-0.7895238095238142,2019-03-29
HO_BRENT,1,2019-03-22,37.1957142857143,41.35217850985125,-4.156464224136947,0.31657928286524445,0.4840144901170661,0.4929712302057514,-0.6685714285714255,2019-04-05
HO_BRENT,1,2019-03-29,36.40619047619049,43.00010756220396,-6.5939170860134695,0.36360081909435893,0.7999553730934725,0.802633227662762,1.3838095238095391,2019-04-12
HO_BRENT,1,2019-04-05,35.73761904761906,44.05258424264589,-8.31496519502683,0.39287276620979994,1.0193511242512443,1.0175844314382685,-0.5652380952381293,2019-04-19
HO_BRENT,1,2019-04-12,37.1214285714286,43.276006839142205,-6.154578267713603,0.2972915861945428,0.7515847809656934,0.7491598697785113,-3.156190476190467,2019-04-26
HO_BRENT,1,2019-04-19,36.55619047619047,42.88545044800266,-6.329259971812185,0.31693494844421566,0.758381589329276,0.7531293655900164,3.4080952380952283,2019-05-03
HO_BRENT,1,2019-04-26,33.400000000000006,42.16019585326688,-8.760195853266872,0.4703919926680549,1.0261312831211646,1.0112579602391099,0.44476190476191846,2019-05-10
HO_BRENT,1,2019-05-03,36.808095238095234,42.51766434681066,-5.709569108715428,0.2480008545650916,0.6782078841005914,0.6742545716092736,0.29714285714285893,2019-05-17
HO_BRENT,1,2019-05-10,37.25285714285715,42.04327770831627,-4.790420565459115,0.1867215939835728,0.5571657207848412,0.5549330485547614,-2.258571428571429,2019-05-24
HO_BRENT,1,2019-05-17,37.55000000000001,41.04474243891468,-3.4947424389146704,0.1346524864355642,0.3920558686189551,0.38905320102631824,-4.776190476190493,2019-05-31
HO_BRENT,1,2019-05-24,35.29142857142858,40.91338272937128,-5.621954157942696,0.23866722564581894,0.6407860918598236,0.6349829170530115,2.8333333333333144,2019-06-07
HO_BRENT,1,2019-05-31,30.51523809523809,41.28126193194127,-10.766023836703184,0.48655426970450005,1.237987102860967,1.2238418091442014,0.9461904761904805,2019-06-14
HO_BRENT,1,2019-06-07,33.348571428571404,40.58633697524032,-7.237765546668918,0.2992829844415694,0.8367765786594259,0.8309506024904977,1.0595238095238244,2019-06-21
HO_BRENT,1,2019-06-14,34.294761904761884,40.56455241922601,-6.269790514464127,0.2213831152599554,0.7158379944308328,0.7165810490890195,1.7509523809523557,2019-06-28
HO_BRENT,1,2019-06-21,35.35428571428571,40.820141252135706,-5.465855537849997,0.13358348281995935,0.6222165566797336,0.6327124392064228,2.185238095238134,2019-07-05
HO_BRENT,1,2019-06-28,37.105238095238064,41.65836503569184,-4.553126940453772,0.0035689273704069685,0.520815511103629,0.548192251021859,-0.6090476190476295,2019-07-12
HO_BRENT,1,2019-07-05,39.2904761904762,41.22435395594371,-1.933877765467514,-0.14279633774738218,0.20256881442815447,0.2362556331938272,-0.5185714285714198,2019-07-19
HO_BRENT,1,2019-07-12,38.68142857142857,40.785475949627866,-2.104047378199297,-0.11370229754823999,0.21876910675247924,0.24704156364842048,1.8071428571428498,2019-07-26
HO_BRENT,1,2019-07-19,38.16285714285715,39.32093126341719,-1.1580741205600376,-0.09267881339864488,0.0968485955685375,0.11290938002266432,0.6038095238095309,2019-08-02
HO_BRENT,1,2019-07-26,39.97,39.28056034722017,0.6894396527798321,-0.21714855495228708,-0.12969746754338118,-0.10485453055083294,0.8523809523809405,2019-08-09
HO_BRENT,1,2019-08-02,40.57380952380953,40.15957050221288,0.41423902159665005,-0.2601413086718427,-0.09305856831955042,-0.057564599904674024,0.5361904761904555,2019-08-16
HO_BRENT,1,2019-08-09,41.42619047619047,38.90100210633925,2.5251883698512216,-0.3163877370924276,-0.35693750747216774,-0.32760832293961906,-0.47999999999996845,2019-08-23
HO_BRENT,1,2019-08-16,41.962380952380926,40.278708598038484,1.6836723543424412,-0.3514501164936402,-0.24876765671343742,-0.20401944381341708,-1.4047619047619193,2019-08-30
HO_BRENT,1,2019-08-23,41.48238095238096,39.35969141642625,2.1226895359547058,-0.3231000384651986,-0.3058917176623773,-0.2713245165751449,3.8276190476190592,2019-09-06
HO_BRENT,1,2019-08-30,40.07761904761904,40.3478312004037,-0.2702121527846586,-0.2439712766852443,-0.008233848672475529,0.02842532995100802,0.6900000000000048,2019-09-13
HO_BRENT,1,2019-09-06,43.9052380952381,40.97554504045336,2.9296930547847353,-0.47880100483732946,-0.393624368452938,-0.3255527316245766,0.9980952380952246,2019-09-20
HO_BRENT,1,2019-09-13,44.5952380952381,40.8060025978703,3.7892354973678053,-0.5041246198563853,-0.5002696120256486,-0.4318927314053439,0.75428571428575,2019-09-27
HO_BRENT,1,2019-09-20,45.59333333333333,41.54491955491344,4.048413778419885,-0.5327898678885478,-0.5262242576278957,-0.44536398437138625,2.8642857142856712,2019-10-04
HO_BRENT,1,2019-09-27,46.34761904761908,42.277268081280894,4.070350966338182,-0.5422905492292406,-0.5225225366235,-0.4321625397649294,2.7700000000000102,2019-10-11
HO_BRENT,1,2019-10-04,49.21190476190475,42.93351244802538,6.278392313879365,-0.6425800088530127,-0.7706622358368678,-0.6494298810352975,-0.07904761904762836,2019-10-18
HO_BRENT,1,2019-10-11,51.98190476190476,43.637281842627694,8.344622919277064,-0.7183944079631992,-0.993991174017028,-0.8396282255692299,-0.13666666666664895,2019-10-25
HO_BRENT,1,2019-10-18,51.90285714285713,44.999505978629365,6.9033511642277645,-0.6695082501804018,-0.8174184455487271,-0.6602848812930278,-4.477619047619051,2019-11-01
HO_BRENT,1,2019-10-25,51.76619047619048,44.87071883679077,6.895471639399709,-0.6092083892956515,-0.8081127747234218,-0.6706912320842582,-2.423333333333318,2019-11-08
HO_BRENT,1,2019-11-01,47.28857142857143,43.7269453593245,3.561626069246927,-0.38755691231475614,-0.44692585209947533,-0.38983180475190976,-1.731904761904751,2019-11-15
HO_BRENT,1,2019-11-08,44.86523809523811,44.05077081550219,0.814467279735922,-0.23545646300180526,-0.12268651296294339,-0.08510856620635687,-1.65857142857147,2019-11-22
HO_BRENT,1,2019-11-15,43.13333333333336,44.25778162436276,-1.1244482910293954,-0.11777605257895343,0.11120862270443838,0.139046249539389,0.21380952380955165,2019-11-29
HO_BRENT,1,2019-11-22,41.47476190476189,44.263311892095544,-2.788549987333653,-6.974416573553299e-05,0.31243282652789156,0.33042168619442913,0.981904761904751,2019-12-06
HO_BRENT,1,2019-11-29,41.68857142857144,44.899471662082306,-3.2109002335108627,0.015349275921112189,0.3670376984830554,0.3870545318610735,-0.37476190476189686,2019-12-13
HO_BRENT,1,2019-12-06,42.670476190476194,44.44485465085857,-1.7743784603823727,-0.021555851111545284,0.19343831465355965,0.20884676430056623,2.608571428571423,2019-12-20
HO_BRENT,1,2019-12-13,42.2957142857143,43.843657998546036,-1.5479437128317386,0.021543575699391693,0.1627197739854705,0.16693510345195833,-1.4180952380952476,2019-12-27
HO_BRENT,1,2019-12-20,44.90428571428572,43.10737645665836,1.7969092576273624,-0.11487248915294276,-0.24358141590022614,-0.24128749471054017,0.08809523809526354,2020-01-03
HO_BRENT,1,2019-12-27,43.48619047619047,42.56905839063219,0.9171320855582792,-0.011649775657798199,-0.1404694188434298,-0.15213717992282466,-4.061904761904799,2020-01-10
HO_BRENT,1,2020-01-03,43.574285714285736,42.039311834237786,1.53497388004795,-0.005849502747990655,-0.21627231186642407,-0.23475208402340583,-4.80714285714285,2020-01-17
HO_BRENT,1,2020-01-10,39.51238095238094,43.332462588544516,-3.8200816361635788,0.2452878023350107,0.43580563798046773,0.41184909695455957,-6.1823809523809565,2020-01-24
HO_BRENT,1,2020-01-17,34.70523809523809,40.35496726641234,-5.6497291711742506,0.529938021914361,0.6552483163018625,0.574408423716325,-1.786666666666651,2020-01-31
HO_BRENT,1,2020-01-24,28.52285714285713,39.90521400985171,-11.38235686699458,0.8273747542066424,1.3147040230410325,1.1900192385169484,5.536190476190484,2020-02-07
HO_BRENT,1,2020-01-31,26.73619047619048,40.39335538016751,-13.657164903977034,0.8559998541425566,1.5670689401001845,1.4297354328962781,1.8119047619047635,2020-02-14
HO_BRENT,1,2020-02-07,32.27238095238096,41.27736347362737,-9.004982521246404,0.6103837178699589,1.093477576391821,1.0336962830874945,-4.208571428571446,2020-02-21
HO_BRENT,1,2020-02-14,34.08428571428573,41.32140101099348,-7.237115296707756,0.4826428324710072,0.8747795431670387,0.8312644542292951,-3.9890476190476107,2020-02-28
HO_BRENT,1,2020-02-21,29.87571428571428,40.07690180412352,-10.201187518409242,0.6593639484999222,1.1722154350111034,1.0881230574892726,4.364285714285714,2020-03-06
HO_BRENT,1,2020-02-28,25.88666666666667,40.90344702261321,-15.016780355946537,0.8019482508119568,1.6792904499759156,1.5899185644508667,5.63761904761904,2020-03-13
HO_BRENT,1,2020-03-06,30.250952380952384,41.72547629433973,-11.474523913387344,0.5747118733483699,1.3381436918654095,1.3094582377174715,-0.4366666666666674,2020-03-20
HO_BRENT,1,2020-03-13,35.888571428571424,43.34796873300623,-7.459397304434809,0.23999482245000991,0.9260755052463766,0.9643886677843363,7.546190476190489,2020-03-27
HO_BRENT,1,2020-03-20,35.45190476190476,43.845819726167896,-8.39391496426314,0.2343777902601077,1.0238730776400602,1.0826449463888275,-6.3604761904761915,2020-04-03
HO_BRENT,1,2020-03-27,42.998095238095246,43.5287737334657,-0.5306784953704522,-0.2936396521687539,0.049362518753346095,0.15420622497348987,-12.156190476190485,2020-04-10
HO_BRENT,1,2020-04-03,36.637619047619054,44.688468359303,-8.050849311683947,0.11029911994015072,0.9721264143813324,1.0702308472511033,1.59476190476191,2020-04-17
HO_BRENT,1,2020-04-10,24.48142857142857,42.6906805398135,-18.20925196838493,0.9175775413625383,2.2417552099415197,2.267435727306825,-2.988571428571422,2020-04-24
HO_BRENT,1,2020-04-17,26.07619047619048,37.47361872390083,-11.397428247710348,0.7311243675430167,1.3897014676002566,1.3475947982813063,-8.436666666666682,2020-05-01
HO_BRENT,1,2020-04-24,23.087619047619057,32.693908116014434,-9.606289068395377,0.7910842759676504,1.0552895101982767,0.9081413417937878,-0.08000000000000007,2020-05-08
HO_BRENT,1,2020-05-01,14.650952380952376,28.951324788874597,-14.300372407922222,1.0652169142951535,1.4728164603932683,1.1159821514816892,-0.09619047619047194,2020-05-15
HO_BRENT,1,2020-05-08,14.570952380952376,24.81690120308531,-10.245948822132933,0.9800555453946102,1.0295788195714217,0.5486845628986043,0.3552380952380947,2020-05-22
HO_BRENT,1,2020-05-15,14.474761904761904,21.00182571994848,-6.527063815186578,0.8773138580783553,0.6022216926600171,-0.003973545582713456,-2.809523809523796,2020-05-29
HO_BRENT,1,2020-05-22,14.829999999999998,19.64733355006402,-4.817333550064021,0.7796635057983594,0.4120207202691764,-0.19269158256684393,0.975238095238069,2020-06-05
HO_BRENT,4,2017-01-06,34.703809523809525,27.674285360195178,7.029524163614347,-1.1300645504909999,-3.50739616205854,-3.8061329251132614,-2.0123809523809655,2017-02-10
HO_BRENT,4,2017-01-13,33.546190476190475,26.163338622803966,7.382851853386509,-0.9351479746033393,-3.620527899727628,-4.134910742911833,-1.6533333333333644,2017-02-17
HO_BRENT,4,2017-01-20,32.14523809523811,27.75662289915618,4.388615196081933,-0.7112009669342234,-2.432339019120637,-2.817798586294704,-0.33571428571428896,2017-02-24
HO_BRENT,4,2017-01-27,30.637142857142862,25.746686408607662,4.8904564485352005,-0.4872235584316544,-2.7212396175076172,-3.4037199635941704,-1.9685714285714369,2017-03-03
HO_BRENT,4,2017-02-03,30.332857142857137,24.022784904427112,6.310072238430024,-0.4367481980414948,-3.392886879072746,-4.341269828721298,-3.2785714285714107,2017-03-10
HO_BRENT,4,2017-02-10,31.53380952380951,24.47845437095764,7.05535515285187,-0.614741922514702,-3.703118133578072,-4.617629837709662,-2.808571428571426,2017-03-17
HO_BRENT,4,2017-02-17,30.49190476190475,25.357394516975585,5.134510244929164,-0.4465987025488107,-2.888890853985859,-3.644640250212127,-1.4995238095238221,2017-03-24
HO_BRENT,4,2017-02-24,30.301428571428573,27.733449989759077,2.5679785816694967,-0.42071421775691303,-1.8034672767646587,-2.258784659430225,1.5533333333333417,2017-03-31
HO_BRENT,4,2017-03-03,28.3642857142857,27.47589107122094,0.8883946430647605,-0.12773598219797144,-1.1022603024326427,-1.580134634821328,2.3261904761904724,2017-04-07
HO_BRENT,4,2017-03-10,28.2552380952381,27.942059594621597,0.31317850061650176,-0.1432054288929815,-0.865679009997743,-1.2781269932480135,3.9871428571428424,2017-04-14
HO_BRENT,4,2017-03-17,27.683333333333323,30.05258949462318,-2.369256161289858,-0.08444192557148744,0.2550542987108536,0.06132292958685104,2.87761904761906,2017-04-21
HO_BRENT,4,2017-03-24,28.80190476190475,30.09872816418976,-1.2968234022850105,-0.29282322549910056,-0.17406743921867796,-0.32273716499725913,-0.3880952380952323,2017-04-28
HO_BRENT,4,2017-03-31,29.91761904761904,30.82223093249511,-0.9046118848760685,-0.47770170446358845,-0.3049381450462126,-0.3510672852026682,-4.178095238095235,2017-05-05
HO_BRENT,4,2017-04-07,30.58142857142857,31.050379954413472,-0.46895138298490124,-0.5881104728390676,-0.45050686888278113,-0.4491280257115012,-3.5404761904761557,2017-05-12
HO_BRENT,4,2017-04-14,31.670476190476165,31.491349314479333,0.17912687599683252,-0.7493196276375654,-0.6707667421311375,-0.6150081121601103,-2.5961904761904684,2017-05-19
HO_BRENT,4,2017-04-21,31.67952380952381,31.71617984908432,-0.03665603956050845,-0.7406275257186377,-0.5614940719357294,-0.4848612743403847,2.584285714285727,2017-05-26
HO_BRENT,4,2017-04-28,29.52952380952381,28.91975212927217,0.6097716802516402,-0.41429720960466365,-0.8282402176444318,-0.949474768879438,3.4480952380952345,2017-06-02
HO_BRENT,4,2017-05-05,26.403333333333336,29.795884973669466,-3.39255164033613,0.028770456318565008,0.7673664924783953,0.69480085148214,-0.2538095238095224,2017-06-09
HO_BRENT,4,2017-05-12,28.13000000000001,31.682910676810945,-3.552910676810935,-0.331871784131631,0.8146093346166968,0.9101961284825444,-0.0595238095238102,2017-06-16
HO_BRENT,4,2017-05-19,29.083333333333343,31.309397303520548,-2.226063970187205,-0.5369909328077542,0.2714726784843249,0.366136482416331,-2.643333333333345,2017-06-23
HO_BRENT,4,2017-05-26,32.113809523809536,31.519070504246383,0.5947390195631534,-1.045958942979916,-0.8429191256687046,-0.6834549884966831,1.1423809523809503,2017-06-30
HO_BRENT,4,2017-06-02,29.85142857142857,30.740152017674678,-0.8887234462461073,-0.6707298644095513,-0.20592077796822672,-0.11206764078111542,4.973333333333315,2017-07-07
HO_BRENT,4,2017-06-09,27.876190476190487,30.62693207511338,-2.750741598922893,-0.3811072451222335,0.5400464865303413,0.6231925297185861,5.162380952380957,2017-07-14
HO_BRENT,4,2017-06-16,29.023809523809533,30.19040311041563,-1.1665935866060977,-0.6174489076448666,-0.10088632683028642,-0.013750378831762777,6.596190476190486,2017-07-21
HO_BRENT,4,2017-06-23,29.47047619047619,29.96929168687283,-0.498815496396638,-0.7482838854089859,-0.3915803697070651,-0.29914152852509196,6.619047619047631,2017-07-28
HO_BRENT,4,2017-06-30,30.99380952380952,31.536452616342867,-0.5426430925333463,-1.0212552946701563,-0.356822941841458,-0.13351877188081207,7.55952380952381,2017-08-04
HO_BRENT,4,2017-07-07,32.8495238095238,32.132670166588056,0.7168536429357459,-1.300246064562047,-0.818518853261602,-0.520494101038572,5.192857142857122,2017-08-11
HO_BRENT,4,2017-07-14,34.18619047619049,31.32138015416299,2.8648103220274983,-1.4887209065638152,-1.6629282911714092,-1.3942601388737559,1.8828571428571195,2017-08-18
HO_BRENT,4,2017-07-21,36.06666666666668,34.73455218937667,1.3321144772900055,-1.7259943649343652,-1.000145863669042,-0.4802921192780141,-1.0842857142857198,2017-08-25
HO_BRENT,4,2017-07-28,37.61285714285715,35.876823611497755,1.7360335313593964,-1.8743646972162757,-1.118868556716561,-0.5029255302805113,5.409047619047641,2017-09-01
HO_BRENT,4,2017-08-04,40.40904761904761,35.60177860997586,4.807269009071753,-2.1553811197017225,-2.3343280210072,-1.6668797614095474,9.38666666666667,2017-09-08
HO_BRENT,4,2017-08-11,39.37904761904761,35.64752014908979,3.7315274699578183,-1.8203014228435959,-1.851291648713304,-1.16862643258671,7.967619047619067,2017-09-15
HO_BRENT,4,2017-08-18,37.9495238095238,35.872099993946264,2.077423815577532,-1.4930291651218002,-1.1491171015869797,-0.4804512307697228,9.862857142857145,2017-09-22
HO_BRENT,4,2017-08-25,36.52857142857143,36.429793417061425,0.09877801151000654,-1.2349780126779826,-0.3543839929978385,0.2895490810395025,-0.2261904761904816,2017-09-29
HO_BRENT,4,2017-09-01,45.81809523809525,36.01580629668287,9.802288941412385,-2.2649336652512435,-4.172838440096651,-3.371597582602023,-5.940952380952396,2017-10-06
HO_BRENT,4,2017-09-08,48.76571428571428,46.81312301017838,1.9525912755359016,-1.9822917550614034,-0.9446020201493821,1.267838997033614,-3.5900000000000034,2017-10-13
HO_BRENT,4,2017-09-15,45.91714285714286,49.579080787272424,-3.661937930129561,-1.2611649600698345,1.1834975343316647,4.143557025522184,-3.7890476190476363,2017-10-20
HO_BRENT,4,2017-09-22,46.39142857142858,50.40824742850984,-4.016818857081262,-0.9162615154051924,1.3616410535513426,4.87862681832901,-2.804285714285726,2017-10-27
HO_BRENT,4,2017-09-29,45.59190476190477,47.31684356813804,-1.7249388062332685,-0.8163724627238096,0.5591374912597288,3.3208584115574444,-0.9771428571428373,2017-11-03
HO_BRENT,4,2017-10-06,42.824761904761885,46.98504493073477,-4.160283025972888,-0.7639796046318301,1.450884909364659,3.937624033206634,-0.834285714285727,2017-11-10
HO_BRENT,4,2017-10-13,42.32714285714286,45.06691515442653,-2.7397722972836718,-0.7568911822111137,0.9415730178821662,2.7839342460029672,1.0895238095238255,2017-11-17
HO_BRENT,4,2017-10-20,42.60238095238094,45.43294729439792,-2.8305663420169793,-0.8073035968256679,0.9411353094354882,2.404037371226511,0.8142857142857167,2017-11-24
HO_BRENT,4,2017-10-27,42.787619047619046,46.451879378171974,-3.6642603305529278,-0.8094608660631684,1.2152120485526778,2.424052835985765,-0.11476190476190595,2017-12-01
HO_BRENT,4,2017-11-03,41.84761904761905,45.124946313958915,-3.277327266339867,-0.6502711004180433,1.0768039810782215,1.9814373642492435,-0.22571428571427532,2017-12-08
HO_BRENT,4,2017-11-10,41.49285714285713,45.48426167368805,-3.99140453083092,-0.5622246863840403,1.3267994838538582,2.1232656755902535,-2.6042857142857088,2017-12-15
HO_BRENT,4,2017-11-17,43.691904761904766,45.31555322170538,-1.623648459800613,-0.697876943122612,0.47835331552775595,1.2164539063093172,-2.3076190476190277,2017-12-22
HO_BRENT,4,2017-11-24,43.60190476190476,44.299044951931585,-0.6971401900268219,-0.6249681850045802,0.14423726870869188,0.7266280647777064,4.474761904761891,2017-12-29
HO_BRENT,4,2017-12-01,41.73285714285714,42.679598875265114,-0.9467417324079719,-0.39737742754618255,0.22741690072096304,0.5704988731089455,4.997142857142869,2018-01-05
HO_BRENT,4,2017-12-08,41.26714285714286,43.601935851756345,-2.334792994613487,-0.30175438346941647,0.725547683503375,1.073274110264471,1.730476190476196,2018-01-12
HO_BRENT,4,2017-12-15,41.08761904761906,46.333725392319586,-5.246106344700529,-0.2568091257049543,1.7484966870647989,2.2356300189938687,-0.06952380952384374,2018-01-19
HO_BRENT,4,2017-12-22,41.294285714285735,45.03326632429444,-3.738980610008703,-0.24512978453220374,1.199572033242339,1.5346116542462345,-3.078571428571422,2018-01-26
HO_BRENT,4,2017-12-29,46.20761904761903,43.843188252725405,2.3644307948936287,-0.6088303478387983,-0.9667227522937347,-0.6889721593577075,-3.117142857142902,2018-02-02
HO_BRENT,4,2018-01-05,46.26428571428573,41.805230831132135,4.459054883153591,-0.5195409987333299,-1.696015176615378,-1.6185337601324736,-4.568095238095253,2018-02-09
HO_BRENT,4,2018-01-12,42.81809523809525,44.385883502288074,-1.5677882641928207,-0.16555084697211825,0.4786546455870976,0.6792541196652302,-5.818095238095225,2018-02-16
HO_BRENT,4,2018-01-19,41.22476190476189,46.65233008166873,-5.4275681769068385,-0.004342723056903169,1.8633785403421597,2.1957706942732127,-5.7457142857142856,2018-02-23
HO_BRENT,4,2018-01-26,43.12904761904761,44.56026934257917,-1.4312217235315572,-0.17499316005309118,0.3952411945242507,0.562273825233676,-6.835238095238054,2018-03-02
HO_BRENT,4,2018-02-02,43.147142857142825,45.8516896326659,-2.7045467755230774,-0.1847692756031607,0.8464009634976111,1.1015055236187903,-4.482857142857142,2018-03-09
HO_BRENT,4,2018-02-09,38.25,41.83662708437119,-3.5866270843711874,0.25097281417622486,1.172164292750704,1.060361651432601,-1.9395238095237914,2018-03-16
HO_BRENT,4,2018-02-16,35.406666666666666,42.297177880699834,-6.890511214033168,0.4824965818551951,2.341226315713193,2.233996333870325,-2.96333333333331,2018-03-23
HO_BRENT,4,2018-02-23,37.383333333333326,42.4214276580203,-5.038094324686973,0.2546180637881753,1.5736217763421143,1.503961552610807,-0.9823809523809643,2018-03-30
HO_BRENT,4,2018-03-02,36.31190476190477,43.29307090732491,-6.98116614542014,0.2849363529779808,2.2214177700648707,2.233661633377679,2.449047619047633,2018-04-06
HO_BRENT,4,2018-03-09,33.76714285714286,42.28687761887959,-8.519734761736736,0.45050459329989084,2.73343822849664,2.6922058806663567,3.6023809523809405,2018-04-13
HO_BRENT,4,2018-03-16,33.467142857142875,43.12008861248418,-9.652945755341307,0.4087188772566996,3.138984122863151,3.2011139690181802,1.1238095238095127,2018-04-20
HO_BRENT,4,2018-03-23,34.420000000000016,43.156716718624324,-8.736716718624308,0.22964753890202266,2.74079184277091,2.867617810135556,1.8614285714285757,2018-04-27
HO_BRENT,4,2018-03-30,35.329523809523806,43.707582696653795,-8.378058887129988,0.10014988610770437,2.619603084281075,2.8494266589404895,0.6319047619047566,2018-05-04
HO_BRENT,4,2018-04-06,36.21619047619049,43.509068654638114,-7.292878178447623,0.01994124626104804,2.2939244804554906,2.5533212572680775,0.7547619047619207,2018-05-11
HO_BRENT,4,2018-04-13,37.069523809523815,43.40962906218896,-6.340105252665147,-0.04687839946919797,2.0158832043727837,2.3051418681088762,3.2361904761904725,2018-05-18
HO_BRENT,4,2018-04-20,35.54380952380953,45.35491020333605,-9.811100679526518,0.08094380573917576,3.22588847703048,3.7053514942450305,1.685238095238077,2018-05-25
HO_BRENT,4,2018-04-27,37.19095238095238,47.021326555995834,-9.830374175043453,-0.0871787611017294,3.265147722887033,3.9927632170950234,0.6152380952380625,2018-06-01
HO_BRENT,4,2018-05-04,36.84809523809525,48.48926719494526,-11.641171956850016,-0.0690615060138004,3.9105472366327003,4.860697721688736,-3.3814285714285575,2018-06-08
HO_BRENT,4,2018-05-11,37.824285714285736,49.9529480296309,-12.128662315345167,-0.1750972982871761,4.110225364233499,5.349661870536184,-3.924285714285702,2018-06-15
HO_BRENT,4,2018-05-18,38.78,48.81909817059846,-10.039098170598457,-0.2699703725214193,3.447446589198611,4.683191041346654,-5.732380952380936,2018-06-22
HO_BRENT,4,2018-05-25,38.87619047619046,48.58851202629939,-9.712321550108932,-0.2894372532517665,3.329022575984199,4.586478621427738,-5.369047619047592,2018-06-29
HO_BRENT,4,2018-06-01,37.46333333333331,47.6305408847027,-10.167207551369387,-0.15888560454708267,3.46282093588598,4.563039220955129,-2.429523809523829,2018-07-06
HO_BRENT,4,2018-06-08,34.44285714285718,47.145638992360276,-12.702781849503097,0.09845311067037338,4.1405904325242275,5.0198360017397965,-0.3557142857142992,2018-07-13
HO_BRENT,4,2018-06-15,34.8557142857143,47.30456327239135,-12.44884898667705,0.010044708006998804,3.8252189819404343,4.595323917185812,2.3933333333333167,2018-07-20
HO_BRENT,4,2018-06-22,33.14380952380952,45.502165959807044,-12.358356435997521,0.12046181328317057,3.584257661166546,4.063754623070181,6.752380952380975,2018-07-27
HO_BRENT,4,2018-06-29,32.09428571428572,45.11844734486905,-13.024161630583329,0.14551668655303318,3.603890554587463,3.9758364691648276,5.809523809523796,2018-08-03
HO_BRENT,4,2018-07-06,32.01333333333335,45.01868806857592,-13.00535473524257,0.08527682213244858,3.5073953807383695,3.869299683442417,4.938571428571443,2018-08-10
HO_BRENT,4,2018-07-13,34.5,44.36711382678297,-9.867113826782969,-0.19965871822843362,2.5403288867479543,2.9246676332710564,4.47285714285718,2018-08-17
HO_BRENT,4,2018-07-20,35.53714285714284,46.001778010458985,-10.464635153316145,-0.3121951249579541,2.7409584042721904,3.2685595409631203,0.5614285714285359,2018-08-24
HO_BRENT,4,2018-07-27,38.84666666666669,45.78742941241676,-6.940762745750071,-0.6438894233724994,1.8476055700825675,2.509436165373229,2.241904761904749,2018-08-31
HO_BRENT,4,2018-08-03,37.822857142857146,44.02978325226507,-6.206926109407924,-0.5374034499430994,1.7000008365457402,2.2759150420803675,-0.7666666666666586,2018-09-07
HO_BRENT,4,2018-08-10,39.43857142857144,43.012891885207104,-3.574320456635661,-0.6981445184708682,0.9348612209428406,1.5030772085131339,-3.6909523809524103,2018-09-14
HO_BRENT,4,2018-08-17,40.01000000000002,41.484929295784795,-1.4749292957847757,-0.7224533568781271,0.3115668727545223,0.8032713370384779,-4.177142857142854,2018-09-21
HO_BRENT,4,2018-08-24,39.40809523809523,40.94301366942855,-1.534918431333324,-0.64059923249844,0.31260823844652796,0.7203518904547336,-3.435238095238077,2018-09-28
HO_BRENT,4,2018-08-31,40.064761904761895,42.27200936606057,-2.207247461298678,-0.6767107196825444,0.5243829512721279,1.002995683458293,-0.06761904761907545,2018-10-05
HO_BRENT,4,2018-09-07,38.671904761904784,39.972369965405974,-1.30046520350119,-0.5003309335181134,0.23285269611892337,0.5151030182586575,4.487142857142864,2018-10-12
HO_BRENT,4,2018-09-14,36.31904761904761,37.84734386885148,-1.5282962498038728,-0.2393324486546934,0.27517556756348205,0.3657376506692066,5.153809523809514,2018-10-19
HO_BRENT,4,2018-09-21,35.230952380952374,38.78650686919086,-3.555554488238485,-0.12694961308962965,0.8616041982351652,0.9483736241196704,7.098571428571432,2018-10-26
HO_BRENT,4,2018-09-28,36.62952380952382,41.12374148076681,-4.494217671242993,-0.30102160263123207,1.1279766823163273,1.3230817997668243,6.676190476190499,2018-11-02
HO_BRENT,4,2018-10-05,38.60428571428571,40.38620903320807,-1.7819233189223596,-0.5208819707731016,0.31885130750015067,0.5243979386454201,7.8823809523809345,2018-11-09
HO_BRENT,4,2018-10-12,40.80619047619047,40.61805656240854,0.18813391378193245,-0.7289752387481687,-0.24679911123382625,0.023281965056918374,9.283809523809566,2018-11-16
HO_BRENT,4,2018-10-19,40.38476190476189,39.9332743103929,0.45148759436898445,-0.6291748207064969,-0.3014361492535109,-0.07400617340289709,4.722857142857123,2018-11-23
HO_BRENT,4,2018-10-26,43.72809523809525,40.191614034530254,3.536481203564996,-0.9583199229532908,-1.2156149606603979,-0.90389139073619,-0.8885714285714457,2018-11-30
HO_BRENT,4,2018-11-02,45.28047619047621,40.797304429650005,4.4831717608262025,-1.0621355308692435,-1.5009766746536144,-1.1294398199758309,-6.4728571428570945,2018-12-07
HO_BRENT,4,2018-11-09,48.68857142857141,41.444333101998005,7.244238326573402,-1.3326582000593394,-2.3385609771549145,-1.8472494585411277,-8.221904761904767,2018-12-14
HO_BRENT,4,2018-11-16,49.668571428571454,43.11813563098015,6.550435797591305,-1.2633123349352904,-2.079044152442765,-1.465727942129355,-5.033333333333303,2018-12-21
HO_BRENT,4,2018-11-23,48.45095238095237,42.00223193709143,6.4487204438609425,-1.0366554635535414,-2.026554858896055,-1.519225584432552,-0.5171428571428507,2018-12-28
HO_BRENT,4,2018-11-30,44.39190476190476,40.60610414513633,3.7858006167684337,-0.5925398665129914,-1.208808359764048,-0.9308472008757517,-1.8719047619048013,2019-01-04
HO_BRENT,4,2018-12-07,42.21571428571431,40.991818655528014,1.2238956301862984,-0.3881408470821493,-0.4525382320724466,-0.2731677160375555,1.3028571428571354,2019-01-11
HO_BRENT,4,2018-12-14,41.44666666666669,42.5557169796042,-1.1090503129375122,-0.3353298504662452,0.2550897146052941,0.4336025499434272,-0.1942857142857406,2019-01-18
HO_BRENT,4,2018-12-21,43.41761904761907,43.56409558417036,-0.14647653655129034,-0.5686883083000046,-0.06637653808489177,0.1528535275257465,-1.4090476190475982,2019-01-25
HO_BRENT,4,2018-12-28,43.87476190476191,43.7577364954242,0.11702540933771388,-0.5604042700327355,-0.1432104798213888,0.07090513859805833,1.7038095238095536,2019-02-01
HO_BRENT,4,2019-01-04,40.34380952380951,42.05749864676235,-1.713689122952836,-0.07456142694976257,0.44548847103703604,0.49430336748007137,-0.2771428571428487,2019-02-08
HO_BRENT,4,2019-01-11,42.74952380952382,41.42586763998723,1.3236561695365907,-0.33230973162201416,-0.5240177090848264,-0.46360964782717046,-0.21857142857143685,2019-02-15
HO_BRENT,4,2019-01-18,43.22333333333333,39.90254031540063,3.3207930179327008,-0.354153014341438,-1.1716179768420205,-1.1774082216292534,0.40142857142853927,2019-02-22
HO_BRENT,4,2019-01-25,42.46571428571431,38.82929112200619,3.6364231637081232,-0.24444286217803035,-1.284203423873981,-1.3570604342506911,2.403809523809514,2019-03-01
HO_BRENT,4,2019-02-01,42.047619047619065,39.728020937224215,2.3195981103948498,-0.15872476553316356,-0.8561154793264067,-0.9169022527669575,1.789047619047608,2019-03-08
HO_BRENT,4,2019-02-08,42.47238095238097,40.842301919192835,1.6300790331881387,-0.19880344372505127,-0.6404923121734074,-0.6569015646046359,-4.133809523809504,2019-03-15
HO_BRENT,4,2019-02-15,43.00476190476189,41.99179021892556,1.0129716858363338,-0.2511324391289428,-0.4428538303047004,-0.41172025851533295,-5.6714285714285495,2019-03-22
HO_BRENT,4,2019-02-22,42.86714285714285,41.20744106352994,1.6597017936129106,-0.21310393613512355,-0.6430089208082117,-0.6519968869731588,-8.04523809523809,2019-03-29
HO_BRENT,4,2019-03-01,44.45142857142858,40.9650375489497,3.4863910224788768,-0.3787844794217077,-1.2038115322345082,-1.196116950244471,-8.523809523809518,2019-04-05
HO_BRENT,4,2019-03-08,44.26142857142858,41.29466832694455,2.9667602444840284,-0.3184125723732587,-1.0274379720102547,-1.024432381567109,-1.7495238095237866,2019-04-12
HO_BRENT,4,2019-03-15,38.87095238095239,40.64598356431193,-1.7750311833595447,0.355916753848657,0.4537380643272696,0.31389641360938425,-0.6395238095238298,2019-04-19
HO_BRENT,4,2019-03-22,37.1957142857143,41.35217850985125,-4.156464224136947,0.5569535176659102,1.1929225078854238,1.0367828876847032,-3.0061904761904827,2019-04-26
HO_BRENT,4,2019-03-29,36.40619047619049,43.00010756220396,-6.5939170860134695,0.6265350041821437,1.962416102707673,1.8419146205163055,1.070476190476171,2019-05-03
HO_BRENT,4,2019-04-05,35.73761904761906,44.05258424264589,-8.31496519502683,0.6793926448867922,2.542958282746325,2.4512864218840447,0.13142857142855036,2019-05-10
HO_BRENT,4,2019-04-12,37.1214285714286,43.276006839142205,-6.154578267713603,0.4752959574348046,1.850168253593485,1.7676391951039199,0.9938095238095386,2019-05-17
HO_BRENT,4,2019-04-19,36.55619047619047,42.88545044800266,-6.329259971812185,0.5233947861699872,1.9146892331814014,1.8088254830180703,1.8914285714285768,2019-05-24
HO_BRENT,4,2019-04-26,33.400000000000006,42.16019585326688,-8.760195853266872,0.8460258437672645,2.688913124662175,2.4844702088482196,-6.2928571428571445,2019-05-31
HO_BRENT,4,2019-05-03,36.808095238095234,42.51766434681066,-5.709569108715428,0.3715699061258711,1.6976557853805634,1.6389673360931984,-3.9042857142857486,2019-06-07
HO_BRENT,4,2019-05-10,37.25285714285715,42.04327770831627,-4.790420565459115,0.2536691388761312,1.383129067801985,1.3508818627490404,-3.255238095238127,2019-06-14
HO_BRENT,4,2019-05-17,37.55000000000001,41.04474243891468,-3.4947424389146704,0.15947670001627354,0.9643436473511977,0.925173347914007,0.06285714285712629,2019-06-21
HO_BRENT,4,2019-05-24,35.29142857142858,40.91338272937128,-5.621954157942696,0.39610046042393227,1.6644546803385873,1.597822098705075,6.589999999999975,2019-06-28
HO_BRENT,4,2019-05-31,30.51523809523809,41.28126193194127,-10.766023836703184,0.8409473739930484,3.181178847052892,3.040685109312721,5.941904761904794,2019-07-05
HO_BRENT,4,2019-06-07,33.348571428571404,40.58633697524032,-7.237765546668918,0.4222884500236536,2.033885025388029,1.9752397067622214,4.3866666666666845,2019-07-12
HO_BRENT,4,2019-06-14,34.294761904761884,40.56455241922601,-6.269790514464127,0.25475368129767584,1.706843660760339,1.7103099137693667,2.8085714285714403,2019-07-19
HO_BRENT,4,2019-06-21,35.35428571428571,40.820141252135706,-5.465855537849997,0.09455782772185406,1.465499175154721,1.5600706710194396,2.8647619047619344,2019-07-26
HO_BRENT,4,2019-06-28,37.105238095238064,41.65836503569184,-4.553126940453772,-0.10928699893869767,1.2381147346206467,1.4849073221298121,1.2833333333333314,2019-08-02
HO_BRENT,4,2019-07-05,39.2904761904762,41.22435395594371,-1.933877765467514,-0.3645313413123797,0.4491728884660974,0.7427732566970224,2.7447619047619014,2019-08-09
HO_BRENT,4,2019-07-12,38.68142857142857,40.785475949627866,-2.104047378199297,-0.2928269937320576,0.5218588718398972,0.7809099340768717,3.7995238095237767,2019-08-16
HO_BRENT,4,2019-07-19,38.16285714285715,39.32093126341719,-1.1580741205600376,-0.24103459559042892,0.22755016544682816,0.38222733928042757,1.5123809523809584,2019-08-23
HO_BRENT,4,2019-07-26,39.97,39.28056034722017,0.6894396527798321,-0.48275945700367295,-0.3591832035599761,-0.13725887091051397,-0.49619047619049184,2019-08-30
HO_BRENT,4,2019-08-02,40.57380952380953,40.15957050221288,0.41423902159665005,-0.5652241900021381,-0.2715329972288729,0.04016100022783704,2.479047619047627,2019-09-06
HO_BRENT,4,2019-08-09,41.42619047619047,38.90100210633925,2.5251883698512216,-0.668309268253872,-0.9437407291110835,-0.6915158782357305,2.6328571428571763,2019-09-13
HO_BRENT,4,2019-08-16,41.962380952380926,40.278708598038484,1.6836723543424412,-0.7249252090054444,-0.6634347860809604,-0.28289131836728243,4.110952380952369,2019-09-20
HO_BRENT,4,2019-08-23,41.48238095238096,39.35969141642625,2.1226895359547058,-0.6609304063868702,-0.8027432758450418,-0.5032072998615238,6.270000000000039,2019-09-27
HO_BRENT,4,2019-08-30,40.07761904761904,40.3478312004037,-0.2702121527846586,-0.49855819533675516,-0.03161475773073384,0.3108458662136313,5.306666666666651,2019-10-04
HO_BRENT,4,2019-09-06,43.9052380952381,40.97554504045336,2.9296930547847353,-0.982573051241665,-1.054960257199596,-0.5260582678577151,7.386666666666656,2019-10-11
HO_BRENT,4,2019-09-13,44.5952380952381,40.8060025978703,3.7892354973678053,-1.0171101544853114,-1.3160000023856502,-0.7939367381711566,6.309523809523803,2019-10-18
HO_BRENT,4,2019-09-20,45.59333333333333,41.54491955491344,4.048413778419885,-1.0601109098830035,-1.3784179465380189,-0.7905984951898724,5.418571428571404,2019-10-25
HO_BRENT,4,2019-09-27,46.34761904761908,42.277268081280894,4.070350966338182,-1.0462453587320073,-1.3508538526293925,-0.7085893080084644,-1.9233333333333178,2019-11-01
HO_BRENT,4,2019-10-04,49.21190476190475,42.93351244802538,6.278392313879365,-1.2840168009826503,-2.034109637940715,-1.2909513981226792,-7.116666666666646,2019-11-08
HO_BRENT,4,2019-10-11,51.98190476190476,43.637281842627694,8.344622919277064,-1.4166992465924564,-2.6248420748722783,-1.7578691546676362,-8.769523809523768,2019-11-15
HO_BRENT,4,2019-10-18,51.90285714285713,44.999505978629365,6.9033511642277645,-1.2299275647955188,-2.1157028560670765,-1.1890450358042157,-10.29142857142859,2019-11-22
HO_BRENT,4,2019-10-25,51.76619047619048,44.87071883679077,6.895471639399709,-1.0436037846808712,-2.062475960400772,-1.221772029981996,-5.599999999999987,2019-11-29
HO_BRENT,4,2019-11-01,47.28857142857143,43.7269453593245,3.561626069246927,-0.5762817742305361,-1.0650622373265917,-0.5841464938334984,-2.1947619047619185,2019-12-06
HO_BRENT,4,2019-11-08,44.86523809523811,44.05077081550219,0.814467279735922,-0.3597783528759656,-0.2627821238057969,0.07832172984388334,-0.8376190476190644,2019-12-13
HO_BRENT,4,2019-11-15,43.13333333333336,44.25778162436276,-1.1244482910293954,-0.19741804615718292,0.3159632387339405,0.5583156000609858,3.429523809523829,2019-12-20
HO_BRENT,4,2019-11-22,41.47476190476189,44.263311892095544,-2.788549987333653,0.0007442337549796452,0.8339029729328645,0.9774771511149554,1.7976190476190297,2019-12-27
HO_BRENT,4,2019-11-29,41.68857142857144,44.899471662082306,-3.2109002335108627,0.017197480343304455,0.9736519093914875,1.120883708154222,0.9038095238095423,2020-01-03
HO_BRENT,4,2019-12-06,42.670476190476194,44.44485465085857,-1.7743784603823727,-0.07437291443666019,0.5035418788116582,0.6134872522553871,-2.78333333333336,2020-01-10
HO_BRENT,4,2019-12-13,42.2957142857143,43.843657998546036,-1.5479437128317386,0.020092741140785172,0.4298637479543027,0.461513645905989,-10.199047619047633,2020-01-17
HO_BRENT,4,2019-12-20,44.90428571428572,43.10737645665836,1.7969092576273624,-0.2782197891511897,-0.6575291838698823,-0.640510853209507,-14.963333333333342,2020-01-24
HO_BRENT,4,2019-12-27,43.48619047619047,42.56905839063219,0.9171320855582792,-0.039238012247015924,-0.36623081767572996,-0.4466537921836175,-16.838095238095256,2020-01-31
HO_BRENT,4,2020-01-03,43.574285714285736,42.039311834237786,1.53497388004795,-0.025117529911671703,-0.5712686376539617,-0.7000614404253657,-7.239999999999974,2020-02-07
HO_BRENT,4,2020-01-10,39.51238095238094,43.332462588544516,-3.8200816361635788,0.5355619866641359,1.1778201003211664,1.0224612862547886,-0.6209523809523603,2020-02-14
HO_BRENT,4,2020-01-17,34.70523809523809,40.35496726641234,-5.6497291711742506,1.1391165561264587,1.7317194564684035,1.2610346252671727,1.3528571428571503,2020-02-21
HO_BRENT,4,2020-01-24,28.52285714285713,39.90521400985171,-11.38235686699458,1.9170358705642336,3.6098878899383857,2.982483889078694,-0.8495238095238093,2020-02-28
HO_BRENT,4,2020-01-31,26.73619047619048,40.39335538016751,-13.657164903977034,2.022696304415579,4.368424751305358,3.7372252215625035,-2.0214285714285793,2020-03-06
HO_BRENT,4,2020-02-07,32.27238095238096,41.27736347362737,-9.004982521246404,1.1644552175360117,2.825834326626385,2.4400704389356083,1.8042857142856974,2020-03-13
HO_BRENT,4,2020-02-14,34.08428571428573,41.32140101099348,-7.237115296707756,0.8594225658635493,2.2317860385239396,1.935315175556157,5.576190476190476,2020-03-20
HO_BRENT,4,2020-02-21,29.87571428571428,40.07690180412352,-10.201187518409242,1.3918452336902953,3.2432459857315226,2.7772388737210534,17.111428571428576,2020-03-27
HO_BRENT,4,2020-02-28,25.88666666666667,40.90344702261321,-15.016780355946537,1.7942620497122193,4.774658539792621,4.312427285686413,6.38666666666667,2020-04-03
HO_BRENT,4,2020-03-06,30.250952380952384,41.72547629433973,-11.474523913387344,1.0424003328458786,3.467816370063516,3.2866673352819684,-11.407142857142855,2020-04-10
HO_BRENT,4,2020-03-13,35.888571428571424,43.34796873300623,-7.459397304434809,0.2819939052797065,2.1891574332245476,2.4064863694736935,-9.375714285714277,2020-04-17
HO_BRENT,4,2020-03-20,35.45190476190476,43.845819726167896,-8.39391496426314,0.3241334972832363,2.5523405309025526,2.8743208658093686,-19.91047619047619,2020-04-24
HO_BRENT,4,2020-03-27,42.998095238095246,43.5287737334657,-0.5306784953704522,-0.71419871737506,0.06342101379134987,0.5649779279478658,-21.98666666666668,2020-05-01
HO_BRENT,4,2020-04-03,36.637619047619054,44.688468359303,-8.050849311683947,0.22304566777331702,2.7055231039213594,3.2402598985261672,-9.910476190476194,2020-05-08
HO_BRENT,4,2020-04-10,24.48142857142857,42.6906805398135,-18.20925196838493,1.7760562791422259,5.880643126063952,6.082972174551481,-11.601428571428576,2020-05-15
HO_BRENT,4,2020-04-17,26.07619047619048,37.47361872390083,-11.397428247710348,1.313717244692465,3.4921747005672845,3.2312997946942446,-8.257619047619059,2020-05-22
HO_BRENT,4,2020-04-24,23.087619047619057,32.693908116014434,-9.606289068395377,1.3969351996408899,2.653810181093546,1.8191967029211111,-2.6304761904761733,2020-05-29
HO_BRENT,4,2020-05-01,14.650952380952376,28.951324788874597,-14.300372407922222,2.445374099115277,4.035481549832698,2.6592780915308176,-1.5752380952381042,2020-06-05
HO_BRENT,4,2020-05-08,14.570952380952376,24.81690120308531,-10.245948822132933,2.210313058456629,2.703985465151055,0.9580493871456682,,2020-06-12
HO_BRENT,4,2020-05-15,14.474761904761904,21.00182571994848,-6.527063815186578,1.6979806044303833,1.3946971024918169,-0.8420992867201759,,2020-06-19
HO_BRENT,4,2020-05-22,14.829999999999998,19.64733355006402,-4.817333550064021,1.3323386168564508,0.865866763722503,-1.5356901485021368,,2020-06-26
