spread,physical_number,h,train_weeks,test_weeks,b_train,p_train,b_test,test_error_gain,fdr_pass,holds_in_test,confirmed,training_strength
LA_GC_1,P1_JET_STOCKS_VS_5Y,1,208,61,0.014689562002500225,0.9048249717629029,0.39721909708078457,0.0050561435700421375,False,True,False,above 0.2
LA_GC_1,P1_JET_STOCKS_VS_5Y_CHG4,1,208,61,0.05236245970999172,0.6059794692185811,0.09381410882654738,0.002626346837250826,False,True,False,above 0.2
LA_GC_1,P3_JET_STOCKS_VS_5Y,1,208,61,-0.08797493209718396,0.4938051818558259,0.15342630606434265,-0.0040927861443254,False,False,False,above 0.2
LA_GC_1,P3_JET_STOCKS_VS_5Y_CHG4,1,208,61,-0.13348835801654468,0.1871450512598667,-0.0048181975468401615,-0.0015326923284626481,False,False,False,0.05 to 0.2
LA_GC_1,P5_JET_STOCKS_VS_5Y,1,208,61,0.23797471931600428,0.028567196591296355,-0.3685761020200194,-0.1003932337957758,False,False,False,0.01 to 0.05
LA_GC_1,P5_JET_STOCKS_VS_5Y_CHG4,1,208,61,0.24541284283001982,0.03008366232467524,-0.35489874961063506,-0.10757558584630522,False,False,False,0.01 to 0.05
LA_GC_1,US_JET_STOCKS_VS_5Y,1,208,61,0.045696355773041195,0.7422078550072788,0.38021014468285896,0.0022002839370233174,False,True,False,above 0.2
LA_GC_1,US_JET_STOCKS_VS_5Y_CHG4,1,208,61,0.05077535711028669,0.5667444146995708,-0.10107940362542109,-0.006256603990853815,False,False,False,above 0.2
LA_GC_1,P5_DAYS_SUPPLY,1,205,61,0.3799031526647237,0.0003236757736365382,-0.11289388061746616,-0.10582921172291937,True,False,False,p below 0.001
LA_GC_1,P5_DAYS_SUPPLY_CHG4,1,201,61,0.22608977530435706,0.07430241391052463,-0.1332216505105608,-0.04024101975681549,False,False,False,0.05 to 0.2
LA_GC_1,US_DAYS_SUPPLY,1,205,61,0.17396427923368418,0.07329076513637087,0.2324722795789736,-0.0026324990119701575,False,False,False,0.05 to 0.2
LA_GC_1,US_DAYS_SUPPLY_CHG4,1,201,61,0.08166832228861347,0.4006291305341714,0.012086854542509701,-0.00066760619628492,False,False,False,above 0.2
LA_GC_1,P5_RUNS_VS_5Y,1,208,61,-0.14352276754279167,0.23624620748406466,-0.1703631181109538,0.02243737523262157,False,True,False,above 0.2
LA_GC_1,P5_RUNS_VS_5Y_CHG4,1,208,61,-0.12441033895261978,0.15720156579241376,-0.1719269097020614,0.016182362022531094,False,True,False,0.05 to 0.2
LA_GC_1,P3_RUNS_VS_5Y,1,208,61,0.15273533966806624,0.13909390024255516,-0.17338774809513577,-0.042409559929228235,False,False,False,0.05 to 0.2
LA_GC_1,P3_RUNS_VS_5Y_CHG4,1,208,61,0.08447175396575109,0.30358490481068634,-0.26264104356782386,-0.010701729838852092,False,False,False,above 0.2
LA_GC_1,US_UTIL_VS_5Y,1,208,61,0.12414038330071958,0.2583548703917501,0.04572463872633061,-0.0427312991287887,False,False,False,above 0.2
LA_GC_1,US_UTIL_VS_5Y_CHG4,1,208,61,0.03837623787989281,0.6441312391624023,-0.0583702297890823,-0.0020677715567107846,False,False,False,above 0.2
LA_GC_1,P5_OUTPUT_VS_52W,1,156,61,0.01855039168276877,0.8445339679204898,-0.030463991975372286,-0.0027436327299299457,False,False,False,above 0.2
LA_GC_1,P5_OUTPUT_VS_52W_CHG4,1,152,61,-0.12160545421580823,0.15045476174981162,-0.18702700547073353,0.018570666278870385,False,True,False,0.05 to 0.2
LA_GC_1,P3_OUTPUT_VS_52W,1,156,61,-0.1287637348893789,0.13847578706315128,-0.09223025297098342,0.0048489939021403305,False,True,False,0.05 to 0.2
LA_GC_1,P3_OUTPUT_VS_52W_CHG4,1,152,61,-0.2079911199567394,0.05012538310218136,-0.34086219120662076,0.04000724127746169,False,True,False,0.05 to 0.2
LA_GC_1,P5_IMPORTS_4W,1,208,61,-0.12538398474635304,0.35450018025845986,-0.008361419225721345,-0.03894275309073225,False,False,False,above 0.2
LA_GC_1,P5_IMPORTS_4W_CHG4,1,208,61,-0.06400505977725138,0.4756197560688492,0.23880518757538646,-0.0133899684320955,False,False,False,above 0.2
LA_GC_1,US_DIST_STOCKS_VS_5Y,1,208,61,-0.002525338412357435,0.9789707211104401,-1.357049542080963,0.0005798274298169925,False,True,False,above 0.2
LA_GC_1,US_DIST_STOCKS_VS_5Y_CHG4,1,208,61,0.19840853969887154,0.07605371168939497,-0.4258856985327847,-0.0781834309049314,False,False,False,0.05 to 0.2
LA_GC_1,P1_DIST_STOCKS_VS_5Y,1,208,61,-0.06992145801030718,0.538133875287844,-1.2613080513774955,0.013870505173182113,False,True,False,above 0.2
LA_GC_1,P1_DIST_STOCKS_VS_5Y_CHG4,1,208,61,0.22712989893246482,0.07703822558042554,-0.3522507689499506,-0.09657192680761661,False,False,False,0.05 to 0.2
LA_GC_1,P1_IMPORTS_4W,1,208,61,0.20578350439341375,0.13405700517962174,-0.09234968347670121,-0.047772938169858836,False,False,False,0.05 to 0.2
LA_GC_1,P3_EXPORTS_4W,1,208,61,-0.12811304082937008,0.1752134601876011,0.4077251453605865,-0.06259381131362596,False,False,False,0.05 to 0.2
LA_GC_1,P1_STOCK_SURPRISE,1,208,61,-0.016914291482661686,0.8812236679054808,0.12305580971406124,-0.0035351578522895277,False,False,False,above 0.2
LA_GC_1,P3_STOCK_SURPRISE,1,208,61,0.038699969412233345,0.6940095372330682,-0.21317717760376378,-0.012592824685685011,False,False,False,above 0.2
LA_GC_1,P5_STOCK_SURPRISE,1,208,61,0.034407646524392446,0.7685191640101139,-0.26870937665280936,-0.009478832317355135,False,False,False,above 0.2
LA_GC_1,US_STOCK_SURPRISE,1,208,61,0.09590288619034673,0.44248237893595876,-0.26516300034546747,-0.028200197939816762,False,False,False,above 0.2
LA_GC_1,US_DEMAND_CHG4,1,201,61,-0.08033943752325776,0.4401387113267232,-0.021308748179651366,0.002076493917646527,False,True,False,above 0.2
LA_GC_1,P5_DEMAND_CHG4,1,201,61,-0.19802794166891807,0.08833837546660006,0.05625738854999569,-0.027560815946484407,False,False,False,0.05 to 0.2
LA_GC_1,P1_JET_STOCKS_VS_5Y,2,208,61,0.03996257580452753,0.8465699172047696,0.6601634476671125,0.005257224063683896,False,True,False,above 0.2
LA_GC_1,P1_JET_STOCKS_VS_5Y_CHG4,2,208,61,0.05299009621645341,0.7413485678029625,0.012291975599617953,-0.0009520994604594879,False,False,False,above 0.2
LA_GC_1,P3_JET_STOCKS_VS_5Y,2,208,61,-0.22215219245554446,0.308028753476716,0.5066986760502955,-0.005478014710121881,False,False,False,above 0.2
LA_GC_1,P3_JET_STOCKS_VS_5Y_CHG4,2,208,61,-0.15009138503372027,0.3417460723785536,0.04761869992424051,-0.002121849890654781,False,False,False,above 0.2
LA_GC_1,P5_JET_STOCKS_VS_5Y,2,208,61,0.39292722672448377,0.03288389845677388,-0.43776259800844675,-0.057144531275839405,False,False,False,0.01 to 0.05
LA_GC_1,P5_JET_STOCKS_VS_5Y_CHG4,2,208,61,0.43398111467040923,0.009261706735270665,-0.5626901386636578,-0.08324751011974252,False,False,False,0.001 to 0.01
LA_GC_1,US_JET_STOCKS_VS_5Y,2,208,61,0.007285993633032853,0.9770256265534351,0.9936992750642398,0.0002794308473136331,False,True,False,above 0.2
LA_GC_1,US_JET_STOCKS_VS_5Y_CHG4,2,208,61,0.09356929433485606,0.5325192504427344,-0.22247883358313728,-0.0055190607015356274,False,False,False,above 0.2
LA_GC_1,P5_DAYS_SUPPLY,2,205,61,0.69066057777287,4.4041166559120704e-05,0.637731924374041,-0.022171164016739242,True,False,False,p below 0.001
LA_GC_1,P5_DAYS_SUPPLY_CHG4,2,201,61,0.4158602013152147,0.004783785666184718,0.03867643461793125,-0.006073618450759488,False,False,False,0.001 to 0.01
LA_GC_1,US_DAYS_SUPPLY,2,205,61,0.30800438350213016,0.03384927317267635,0.9635130246519416,0.025664313495822766,False,True,False,0.01 to 0.05
LA_GC_1,US_DAYS_SUPPLY_CHG4,2,201,61,0.2920637562574487,0.04883845081310477,0.2517746036764181,0.014610671183317936,False,True,False,0.01 to 0.05
LA_GC_1,P5_RUNS_VS_5Y,2,208,61,-0.08257283491849435,0.610329964976627,0.19243814571864878,-0.00041091505118595606,False,False,False,above 0.2
LA_GC_1,P5_RUNS_VS_5Y_CHG4,2,208,61,-0.17894834050043437,0.20079867118646677,-0.041857259113437996,-0.0034065441468356106,False,False,False,above 0.2
LA_GC_1,P3_RUNS_VS_5Y,2,208,61,0.3498230501979497,0.03186666658359659,-0.07846570764939827,-0.04783626102306271,False,False,False,0.01 to 0.05
LA_GC_1,P3_RUNS_VS_5Y_CHG4,2,208,61,0.16024706085729548,0.15212279271507523,-0.7451602785229677,-0.01573208180054264,False,False,False,0.05 to 0.2
LA_GC_1,US_UTIL_VS_5Y,2,208,61,0.3355826604467207,0.04145560988384756,0.3737853759118191,-0.06614845962226257,False,False,False,0.01 to 0.05
LA_GC_1,US_UTIL_VS_5Y_CHG4,2,208,61,0.10311614602022634,0.4564749834588785,0.026953069513774623,-0.0008241277167950756,False,False,False,above 0.2
LA_GC_1,P5_OUTPUT_VS_52W,2,156,61,-0.025114050534036404,0.8576033139114061,0.020961156219208875,0.0015665827041625446,False,False,False,above 0.2
LA_GC_1,P5_OUTPUT_VS_52W_CHG4,2,152,61,-0.37460947800374955,0.006364564287363028,-0.4399484460561113,0.029803998140806698,False,True,False,0.001 to 0.01
LA_GC_1,P3_OUTPUT_VS_52W,2,156,61,-0.27491129693809013,0.09215878882510668,-0.8657596812133449,0.0361548579160873,False,True,False,0.05 to 0.2
LA_GC_1,P3_OUTPUT_VS_52W_CHG4,2,152,61,-0.39141592674376113,0.05747140971666954,-1.2217288316542827,0.08326159415920598,False,True,False,0.05 to 0.2
LA_GC_1,P5_IMPORTS_4W,2,208,61,-0.20413384711649465,0.35607484118173416,-0.4818202109535399,-0.023166138764652233,False,False,False,above 0.2
LA_GC_1,P5_IMPORTS_4W_CHG4,2,208,61,-0.019084632331158792,0.892422816877664,0.3225152054084523,-0.001251595978542186,False,False,False,above 0.2
LA_GC_1,US_DIST_STOCKS_VS_5Y,2,208,61,-0.05140715692602932,0.7733490743530668,-2.6108213882805007,0.008219331617499992,False,True,False,above 0.2
LA_GC_1,US_DIST_STOCKS_VS_5Y_CHG4,2,208,61,0.30549352928807444,0.11764068782969564,-0.8765008159402575,-0.059985627089751636,False,False,False,0.05 to 0.2
LA_GC_1,P1_DIST_STOCKS_VS_5Y,2,208,61,-0.20431200659509896,0.3422215787818139,-3.7579904587523276,0.03217568839575313,False,True,False,above 0.2
LA_GC_1,P1_DIST_STOCKS_VS_5Y_CHG4,2,208,61,0.266746957729019,0.12037623868263554,-0.8050093235177664,-0.057588948254736705,False,False,False,0.05 to 0.2
LA_GC_1,P1_IMPORTS_4W,2,208,61,0.5185180867731418,0.007131361904021427,-0.3614107722118444,-0.0897938926064672,False,False,False,0.001 to 0.01
LA_GC_1,P3_EXPORTS_4W,2,208,61,-0.2378720508955323,0.12969540760695533,1.4509803591810373,-0.08976380848925025,False,False,False,0.05 to 0.2
LA_GC_1,P1_STOCK_SURPRISE,2,208,61,-0.004566857486208345,0.9746096860120584,0.18761707968798128,-0.00037553867451478595,False,False,False,above 0.2
LA_GC_1,P3_STOCK_SURPRISE,2,208,61,-0.0939662552805658,0.47818954389091217,-0.3537890563575946,0.010883914326854316,False,True,False,above 0.2
LA_GC_1,P5_STOCK_SURPRISE,2,208,61,0.30364400280396586,0.022796945911280085,-0.39748365786390893,-0.04331835539421269,False,False,False,0.01 to 0.05
LA_GC_1,US_STOCK_SURPRISE,2,208,61,0.0689573528255568,0.5977696561031526,-0.36247598401987313,-0.007043806814646114,False,False,False,above 0.2
LA_GC_1,US_DEMAND_CHG4,2,201,61,-0.26798358806916955,0.06324889407240086,-0.2876578218639128,0.020765782622129914,False,True,False,0.05 to 0.2
LA_GC_1,P5_DEMAND_CHG4,2,201,61,-0.2989984364884665,0.039707369464960215,-0.15862168207885918,0.010021556110421104,False,True,False,0.01 to 0.05
LA_GC_1,P1_JET_STOCKS_VS_5Y,4,208,61,0.21482841318814833,0.47059451547281506,0.8838572894457332,0.015677178519917234,False,True,False,above 0.2
LA_GC_1,P1_JET_STOCKS_VS_5Y_CHG4,4,208,61,0.14213400503737111,0.5591583036010443,0.05357206456750515,-0.00018301350160698782,False,False,False,above 0.2
LA_GC_1,P3_JET_STOCKS_VS_5Y,4,208,61,-0.33664458367419653,0.31663725679485366,1.7742510701505778,-0.029536355678312587,False,False,False,above 0.2
LA_GC_1,P3_JET_STOCKS_VS_5Y_CHG4,4,208,61,-0.12251364797876407,0.5853038357115405,0.7846761079833122,-0.011916173374988182,False,False,False,above 0.2
LA_GC_1,P5_JET_STOCKS_VS_5Y,4,208,61,0.3672043555947255,0.27970090250396684,-0.8479388193951922,-0.032464057880756236,False,False,False,above 0.2
LA_GC_1,P5_JET_STOCKS_VS_5Y_CHG4,4,208,61,0.571455337675167,0.026951533307388,-0.776309162701334,-0.07731840697705539,False,False,False,0.01 to 0.05
LA_GC_1,US_JET_STOCKS_VS_5Y,4,208,61,0.004981332027027281,0.9903987870090533,2.044513402982792,0.0002781822259840805,False,True,False,above 0.2
LA_GC_1,US_JET_STOCKS_VS_5Y_CHG4,4,208,61,0.2286742053455901,0.37406107063968586,0.4531644317749774,0.005922374034629696,False,True,False,above 0.2
LA_GC_1,P5_DAYS_SUPPLY,4,205,61,0.8506907145380881,0.0008531880494059991,0.23888285297346723,-0.05168217207452752,False,False,False,p below 0.001
LA_GC_1,P5_DAYS_SUPPLY_CHG4,4,201,61,0.5578123380176633,0.005495290497699313,0.2576869038717648,0.004157425262735881,False,True,False,0.001 to 0.01
LA_GC_1,US_DAYS_SUPPLY,4,205,61,0.5412893386812551,0.007990400721740266,1.0945162434020317,0.006496635861541811,False,True,False,0.001 to 0.01
LA_GC_1,US_DAYS_SUPPLY_CHG4,4,201,61,0.6440753060014967,0.014066210001927964,0.575258054527733,0.03393467946040707,False,True,False,0.01 to 0.05
LA_GC_1,P5_RUNS_VS_5Y,4,208,61,0.14691169163359435,0.5501159682994836,-0.3663714349211288,-0.012544553323895036,False,False,False,above 0.2
LA_GC_1,P5_RUNS_VS_5Y_CHG4,4,208,61,-0.08452258756940928,0.7688903471095826,-0.44741322792598043,0.006250553222469812,False,True,False,above 0.2
LA_GC_1,P3_RUNS_VS_5Y,4,208,61,0.3870352280934962,0.060062890946609694,1.3044189129103416,-0.0029957040478534314,False,False,False,0.05 to 0.2
LA_GC_1,P3_RUNS_VS_5Y_CHG4,4,208,61,0.08223560183339404,0.5753499305483308,-0.3689011556139287,-0.0021002605139639474,False,False,False,above 0.2
LA_GC_1,US_UTIL_VS_5Y,4,208,61,0.4881337573220763,0.06352146224740854,1.213345484506938,-0.04141964531237363,False,False,False,0.05 to 0.2
LA_GC_1,US_UTIL_VS_5Y_CHG4,4,208,61,-0.04463830974705646,0.8314448919612896,-0.21429697392406855,0.0007535429298417551,False,True,False,above 0.2
LA_GC_1,P5_OUTPUT_VS_52W,4,156,61,-0.09895046156924146,0.6512233315030305,0.33994314914530627,0.00033076757134309354,False,False,False,above 0.2
LA_GC_1,P5_OUTPUT_VS_52W_CHG4,4,152,61,-0.7256004797040227,0.003689376023206669,-0.546745912960178,0.02125368316862941,False,True,False,0.001 to 0.01
LA_GC_1,P3_OUTPUT_VS_52W,4,156,61,-0.4674703947153921,0.09285546869684408,0.13084033048119947,-0.0015788103121459063,False,False,False,0.05 to 0.2
LA_GC_1,P3_OUTPUT_VS_52W_CHG4,4,152,61,-0.6956036147631237,0.04256899233764013,-1.4477155856889536,0.07907933356955088,False,True,False,0.01 to 0.05
LA_GC_1,P5_IMPORTS_4W,4,208,61,-0.380398217299633,0.27125779620783175,-0.3653335134698839,-0.03936961399382688,False,False,False,above 0.2
LA_GC_1,P5_IMPORTS_4W_CHG4,4,208,61,0.012347475632783714,0.9487632152589038,0.14908021401001245,0.0001439142272472438,False,True,False,above 0.2
LA_GC_1,US_DIST_STOCKS_VS_5Y,4,208,61,-0.14620837370472856,0.6449605474451321,-0.639176849645594,0.01444206225595912,False,True,False,above 0.2
LA_GC_1,US_DIST_STOCKS_VS_5Y_CHG4,4,208,61,0.37719617703380814,0.19096250282757254,-0.5436914078981696,-0.02385383753002679,False,False,False,0.05 to 0.2
LA_GC_1,P1_DIST_STOCKS_VS_5Y,4,208,61,-0.4152273376456079,0.27613670569688553,-4.403732569216277,0.042065097494570214,False,True,False,above 0.2
LA_GC_1,P1_DIST_STOCKS_VS_5Y_CHG4,4,208,61,0.23357508255387188,0.17059743440926822,-0.7905906046626396,-0.022756545471383838,False,False,False,0.05 to 0.2
LA_GC_1,P1_IMPORTS_4W,4,208,61,0.9728059959829224,8.074808724554193e-05,-0.14487316899662142,-0.10029462518843468,True,False,False,p below 0.001
LA_GC_1,P3_EXPORTS_4W,4,208,61,-0.3407916355450562,0.13836623033584883,2.136263480721248,-0.09648852455715562,False,False,False,0.05 to 0.2
LA_GC_1,P1_STOCK_SURPRISE,4,208,61,0.11022334121126229,0.42475192024216346,-0.20335089864274158,-0.006738036113500989,False,False,False,above 0.2
LA_GC_1,P3_STOCK_SURPRISE,4,208,61,-0.18057906297812107,0.1808683868796631,0.2436894064165908,-0.009998664794939716,False,False,False,0.05 to 0.2
LA_GC_1,P5_STOCK_SURPRISE,4,208,61,0.4217928604655016,0.01684641022558348,-0.4005942127487705,-0.03455935171268165,False,False,False,0.01 to 0.05
LA_GC_1,US_STOCK_SURPRISE,4,208,61,0.1508689526045229,0.30856138085432105,-0.2695071614017783,-0.006337913931697914,False,False,False,above 0.2
LA_GC_1,US_DEMAND_CHG4,4,201,61,-0.5587421297238179,0.02410963733032384,-0.430456058073836,0.02004685433843212,False,True,False,0.01 to 0.05
LA_GC_1,P5_DEMAND_CHG4,4,201,61,-0.33372375133135684,0.08865470040044161,-0.3961618499817202,0.015890873522910298,False,True,False,0.05 to 0.2
NY_GC_1,P1_JET_STOCKS_VS_5Y,1,208,61,-0.022581800781082392,0.7521800622357033,0.12536190681881973,-0.013345063210320252,False,False,False,above 0.2
NY_GC_1,P1_JET_STOCKS_VS_5Y_CHG4,1,208,61,-0.06056695248178916,0.39909363062107595,-0.01619091626614792,-0.004430881427356148,False,False,False,above 0.2
NY_GC_1,P3_JET_STOCKS_VS_5Y,1,208,61,0.0020096310371180877,0.9734482950831401,0.022935196894335555,0.00040728280354429547,False,True,False,above 0.2
NY_GC_1,P3_JET_STOCKS_VS_5Y_CHG4,1,208,61,-0.07185628689265185,0.21002645994179647,0.026126669102591756,-0.018422622319183235,False,False,False,above 0.2
NY_GC_1,P5_JET_STOCKS_VS_5Y,1,208,61,0.01634664544297748,0.8190868853473644,-0.0802130312848639,-0.006466932086230726,False,False,False,above 0.2
NY_GC_1,P5_JET_STOCKS_VS_5Y_CHG4,1,208,61,-0.0288701641776409,0.7211371222821378,-0.09625362548461043,0.01043295166815672,False,True,False,above 0.2
NY_GC_1,US_JET_STOCKS_VS_5Y,1,208,61,-0.002716089365438667,0.967526924186456,0.08032550065673057,-0.0004491960998080913,False,False,False,above 0.2
NY_GC_1,US_JET_STOCKS_VS_5Y_CHG4,1,208,61,-0.11995422842282277,0.04953142270899731,-0.06411709038926267,0.0021585897384156505,False,True,False,0.01 to 0.05
NY_GC_1,P5_DAYS_SUPPLY,1,205,61,0.05618729123059207,0.38135002468604495,-0.12804070573786003,-0.01715125071398038,False,False,False,above 0.2
NY_GC_1,P5_DAYS_SUPPLY_CHG4,1,201,61,-0.06137695128820007,0.34923666047794955,0.07840380490178052,-0.02757684587686704,False,False,False,above 0.2
NY_GC_1,US_DAYS_SUPPLY,1,205,61,0.011021857301440272,0.8483023677711913,-0.02169987796675223,0.0006837442693943263,False,False,False,above 0.2
NY_GC_1,US_DAYS_SUPPLY_CHG4,1,201,61,-0.09733143022651589,0.10756917927736478,0.07912975937137114,-0.05695022074508227,False,False,False,0.05 to 0.2
NY_GC_1,P5_RUNS_VS_5Y,1,208,61,0.044763787772661906,0.47660142515654413,-0.20380530793002274,-0.04209369590626122,False,False,False,above 0.2
NY_GC_1,P5_RUNS_VS_5Y_CHG4,1,208,61,0.022849528043026084,0.7011247810387078,-0.1865278495897279,-0.025502826834176595,False,False,False,above 0.2
NY_GC_1,P3_RUNS_VS_5Y,1,208,61,0.0057654111422369364,0.9091167600024513,0.08186545903967825,0.0013266142462858843,False,True,False,above 0.2
NY_GC_1,P3_RUNS_VS_5Y_CHG4,1,208,61,0.008217037840373958,0.8573455350388506,0.07132523605354976,0.001082340894987377,False,True,False,above 0.2
NY_GC_1,US_UTIL_VS_5Y,1,208,61,-0.009314148501352976,0.8457100551146564,-0.0039338476178030985,-0.001911788281471205,False,False,False,above 0.2
NY_GC_1,US_UTIL_VS_5Y_CHG4,1,208,61,-0.020714269609941285,0.596587634127173,-0.03866289899803946,0.0016964955790357283,False,True,False,above 0.2
NY_GC_1,P5_OUTPUT_VS_52W,1,156,61,-0.12579542832649637,0.11629134161053024,-0.07332390435684788,-0.014148670276869835,False,False,False,0.05 to 0.2
NY_GC_1,P5_OUTPUT_VS_52W_CHG4,1,152,61,-0.053077760671247524,0.5442544441305719,-0.08707868976558142,0.015352859673437025,False,True,False,above 0.2
NY_GC_1,P3_OUTPUT_VS_52W,1,156,61,-0.08805493634466657,0.08848690757012223,0.116016767663333,-0.04075418538458253,False,False,False,0.05 to 0.2
NY_GC_1,P3_OUTPUT_VS_52W_CHG4,1,152,61,-0.04781086706529983,0.38666859174278945,-0.03805494974594209,0.0011420241621669103,False,True,False,above 0.2
NY_GC_1,P5_IMPORTS_4W,1,208,61,0.019971840569499723,0.7608617210755073,0.05915760359262917,-0.0012130414483728647,False,False,False,above 0.2
NY_GC_1,P5_IMPORTS_4W_CHG4,1,208,61,0.01859624865505996,0.7931174587973658,-0.08698960792792,-0.0062590881553505895,False,False,False,above 0.2
NY_GC_1,US_DIST_STOCKS_VS_5Y,1,208,61,-0.03567041329789898,0.4841667781363639,-0.8005718173890676,-0.0063796897200885105,False,False,False,above 0.2
NY_GC_1,US_DIST_STOCKS_VS_5Y_CHG4,1,208,61,-0.006711774570211465,0.8834019602084721,-0.1106912821413575,0.002586792041180397,False,True,False,above 0.2
NY_GC_1,P1_DIST_STOCKS_VS_5Y,1,208,61,-0.046387323629238905,0.40493312295045725,-0.5294775546871408,-0.008170158637505587,False,False,False,above 0.2
NY_GC_1,P1_DIST_STOCKS_VS_5Y_CHG4,1,208,61,0.03811577647030372,0.49161131441443706,-0.15251851955319273,-0.02649002484610441,False,False,False,above 0.2
NY_GC_1,P1_IMPORTS_4W,1,208,61,0.03503436302359963,0.6158387775985216,0.09905324767169581,0.0046804264938087314,False,True,False,above 0.2
NY_GC_1,P3_EXPORTS_4W,1,208,61,0.017619549956182704,0.7391000769189427,-0.09770092433978624,-0.008520628825469112,False,False,False,above 0.2
NY_GC_1,P1_STOCK_SURPRISE,1,208,61,-0.01735238832664561,0.8220443536236071,-0.004315289989572584,-0.0005127813726164554,False,False,False,above 0.2
NY_GC_1,P3_STOCK_SURPRISE,1,208,61,-0.028766217183636898,0.6714955981645778,-0.01354761314680657,-0.00027182742176901087,False,False,False,above 0.2
NY_GC_1,P5_STOCK_SURPRISE,1,208,61,-0.018214081778551806,0.7845057625586325,-0.06522775176708447,0.0045706996469775385,False,True,False,above 0.2
NY_GC_1,US_STOCK_SURPRISE,1,208,61,-0.07760385054386007,0.2487947257353902,-0.08290122901384145,0.012713036427240532,False,True,False,above 0.2
NY_GC_1,US_DEMAND_CHG4,1,201,61,0.03629972040030256,0.5326443610061606,-0.12027485894048774,-0.028988854944821174,False,False,False,above 0.2
NY_GC_1,P5_DEMAND_CHG4,1,201,61,0.020270217865947644,0.7794814047100205,-0.14321689084772773,-0.019187933010317737,False,False,False,above 0.2
NY_GC_1,P1_JET_STOCKS_VS_5Y,2,208,61,-0.023772658135580604,0.8301105307179222,0.2384499562197758,-0.008953401793073024,False,False,False,above 0.2
NY_GC_1,P1_JET_STOCKS_VS_5Y_CHG4,2,208,61,-0.10794385745872359,0.20861688211619955,-0.0454169979307383,-0.006365423769019385,False,False,False,above 0.2
NY_GC_1,P3_JET_STOCKS_VS_5Y,2,208,61,0.029237613265186084,0.7576824560990194,0.015196674103696085,-0.002099540567570557,False,False,False,above 0.2
NY_GC_1,P3_JET_STOCKS_VS_5Y_CHG4,2,208,61,-0.03550558077662658,0.7446670108471064,-0.0058195218659449,9.8095163059142e-07,False,True,False,above 0.2
NY_GC_1,P5_JET_STOCKS_VS_5Y,2,208,61,0.030954842986926197,0.7921138574760855,-0.10947055288333124,-0.003965743389419796,False,False,False,above 0.2
NY_GC_1,P5_JET_STOCKS_VS_5Y_CHG4,2,208,61,-0.11876952574579752,0.4034178126094077,-0.19273566444848855,0.023894995030841915,False,True,False,above 0.2
NY_GC_1,US_JET_STOCKS_VS_5Y,2,208,61,0.025074089849519268,0.8138241627087965,0.18554453165018736,0.0018807018840061307,False,True,False,above 0.2
NY_GC_1,US_JET_STOCKS_VS_5Y_CHG4,2,208,61,-0.18219858634467087,0.08375019600702456,-0.18793612024856624,0.0167242043256578,False,True,False,0.05 to 0.2
NY_GC_1,P5_DAYS_SUPPLY,2,205,61,0.08559832859729341,0.4071024163311838,0.01076972013796291,0.0018346390829325765,False,True,False,above 0.2
NY_GC_1,P5_DAYS_SUPPLY_CHG4,2,201,61,-0.1637917645981013,0.1739238305812364,0.11691338857519688,-0.050378064509084775,False,False,False,0.05 to 0.2
NY_GC_1,US_DAYS_SUPPLY,2,205,61,0.1215854033922408,0.18456526540095497,0.21673412881331175,0.02235340190490054,False,True,False,0.05 to 0.2
NY_GC_1,US_DAYS_SUPPLY_CHG4,2,201,61,-0.046974113627933134,0.6399708515718779,0.2157598674150774,-0.018483164195479684,False,False,False,above 0.2
NY_GC_1,P5_RUNS_VS_5Y,2,208,61,0.06839148915433657,0.49793716103736074,-0.15113573916931328,-0.019019318224124948,False,False,False,above 0.2
NY_GC_1,P5_RUNS_VS_5Y_CHG4,2,208,61,-0.007301241268442584,0.9446865839035582,-0.138964106476584,0.0023618818505571904,False,True,False,above 0.2
NY_GC_1,P3_RUNS_VS_5Y,2,208,61,-0.003274432732975497,0.9702706898302632,0.11410115331121057,-0.0004265958602058806,False,False,False,above 0.2
NY_GC_1,P3_RUNS_VS_5Y_CHG4,2,208,61,-0.024291995876906527,0.7630231679985028,0.04395336545703695,-0.0017706008076254776,False,False,False,above 0.2
NY_GC_1,US_UTIL_VS_5Y,2,208,61,-0.0568022036504964,0.44235112697540124,7.880355681289135e-05,-0.006290272507004202,False,False,False,above 0.2
NY_GC_1,US_UTIL_VS_5Y_CHG4,2,208,61,-0.09451363456614797,0.18590605913672809,0.04672918175341854,-0.011113561613521172,False,False,False,0.05 to 0.2
NY_GC_1,P5_OUTPUT_VS_52W,2,156,61,-0.20337851852758757,0.17111741305347972,-0.05753520122674761,-0.02066120805818894,False,False,False,0.05 to 0.2
NY_GC_1,P5_OUTPUT_VS_52W_CHG4,2,152,61,-0.10704757717832843,0.462198155748878,-0.14432993871763036,0.01589295441317029,False,True,False,above 0.2
NY_GC_1,P3_OUTPUT_VS_52W,2,156,61,-0.1893887276458322,0.04120945761937783,-0.1536941345309434,0.014770786051838458,False,True,False,0.01 to 0.05
NY_GC_1,P3_OUTPUT_VS_52W_CHG4,2,152,61,-0.03400495526805226,0.7200783402949669,-0.28444235452033134,0.009974375950505987,False,True,False,above 0.2
NY_GC_1,P5_IMPORTS_4W,2,208,61,0.012476231693588417,0.9054412101489654,-0.06009901212436795,-0.0013612415150987545,False,False,False,above 0.2
NY_GC_1,P5_IMPORTS_4W_CHG4,2,208,61,-0.00949921418802701,0.9392730212589497,-0.14227895022019518,0.0018067060832298587,False,True,False,above 0.2
NY_GC_1,US_DIST_STOCKS_VS_5Y,2,208,61,-0.06740942299637902,0.4589551024201586,-2.3161037510992575,0.00421088037274131,False,True,False,above 0.2
NY_GC_1,US_DIST_STOCKS_VS_5Y_CHG4,2,208,61,-0.003930747328368591,0.9562332144402254,-0.40418407179292676,0.0020596986238279325,False,True,False,above 0.2
NY_GC_1,P1_DIST_STOCKS_VS_5Y,2,208,61,-0.09763330622027722,0.3152849615059732,-2.136085733158994,0.005890544793594743,False,True,False,above 0.2
NY_GC_1,P1_DIST_STOCKS_VS_5Y_CHG4,2,208,61,0.063206065991303,0.45914214074722315,-0.39854886298150355,-0.037416585163331684,False,False,False,above 0.2
NY_GC_1,P1_IMPORTS_4W,2,208,61,0.11524704186505715,0.32869662990068405,-0.12338679766010138,-0.004205121561517533,False,False,False,above 0.2
NY_GC_1,P3_EXPORTS_4W,2,208,61,0.02379171579122775,0.8037790271932619,0.2243821868556988,0.0018544543879391862,False,True,False,above 0.2
NY_GC_1,P1_STOCK_SURPRISE,2,208,61,-0.08853108086185815,0.29162624798819237,0.0013459746488140782,-0.012102234688260438,False,False,False,above 0.2
NY_GC_1,P3_STOCK_SURPRISE,2,208,61,0.032859059852476745,0.6574580371358181,-0.052590504162457224,-0.004691877779811504,False,False,False,above 0.2
NY_GC_1,P5_STOCK_SURPRISE,2,208,61,-0.06291176047123738,0.5519323996603163,-0.2486836540519693,0.020987558306609033,False,True,False,above 0.2
NY_GC_1,US_STOCK_SURPRISE,2,208,61,-0.10913221400545538,0.19413675610783898,-0.18952533886546177,0.017832222310535828,False,True,False,0.05 to 0.2
NY_GC_1,US_DEMAND_CHG4,2,201,61,-0.06264377475747487,0.5154038824012404,-0.2930990608910454,0.0315822079837732,False,True,False,above 0.2
NY_GC_1,P5_DEMAND_CHG4,2,201,61,0.061703859309169405,0.6015621022053443,-0.2456172825149759,-0.03776512149029854,False,False,False,above 0.2
NY_GC_1,P1_JET_STOCKS_VS_5Y,4,208,61,0.04701162287567759,0.795201537622324,0.43608653621174426,0.0125992647961356,False,True,False,above 0.2
NY_GC_1,P1_JET_STOCKS_VS_5Y_CHG4,4,208,61,-0.14533697463745965,0.29921780433249057,-0.040459553850776174,-0.008020719760436945,False,False,False,above 0.2
NY_GC_1,P3_JET_STOCKS_VS_5Y,4,208,61,0.06611909405998541,0.659017550243757,0.2644582648906455,0.003054182634987579,False,True,False,above 0.2
NY_GC_1,P3_JET_STOCKS_VS_5Y_CHG4,4,208,61,0.005663246654356878,0.9661863924562724,0.03307696686564318,4.760307946072295e-05,False,True,False,above 0.2
NY_GC_1,P5_JET_STOCKS_VS_5Y,4,208,61,0.07755978723444842,0.6065591067468012,-0.050636618821177516,-0.0020535283521443404,False,False,False,above 0.2
NY_GC_1,P5_JET_STOCKS_VS_5Y_CHG4,4,208,61,-0.19658543128605724,0.2482517786861438,-0.20407980593293512,0.013494117705209585,False,True,False,above 0.2
NY_GC_1,US_JET_STOCKS_VS_5Y,4,208,61,0.09866550684290373,0.5376997844810321,0.6642403417930789,0.01211009673660357,False,True,False,above 0.2
NY_GC_1,US_JET_STOCKS_VS_5Y_CHG4,4,208,61,-0.1841496124761817,0.21009588180446193,-0.2006093055417058,0.008146168207802673,False,True,False,above 0.2
NY_GC_1,P5_DAYS_SUPPLY,4,205,61,0.18306084555862742,0.16178974626978848,-0.24642545049732673,-0.01898803317411657,False,False,False,0.05 to 0.2
NY_GC_1,P5_DAYS_SUPPLY_CHG4,4,201,61,-0.1280248221661665,0.4236186256854406,0.20183587519835502,-0.023143061569305123,False,False,False,above 0.2
NY_GC_1,US_DAYS_SUPPLY,4,205,61,0.40245961612176656,0.0020487808543757126,0.11463397935457369,-0.04167211567994711,False,False,False,0.001 to 0.01
NY_GC_1,US_DAYS_SUPPLY_CHG4,4,201,61,0.1374212192376102,0.2811300806865157,0.22033632496170746,0.014498433433011937,False,True,False,above 0.2
NY_GC_1,P5_RUNS_VS_5Y,4,208,61,0.18025162067107064,0.28448446845126674,-0.40831245371968555,-0.05971209140298406,False,False,False,above 0.2
NY_GC_1,P5_RUNS_VS_5Y_CHG4,4,208,61,0.04517560023874315,0.7719000480228471,-0.2834158657134918,-0.013587072868050276,False,False,False,above 0.2
NY_GC_1,P3_RUNS_VS_5Y,4,208,61,0.05421066724186201,0.7402051475011295,0.7217099663652375,0.012756120324436626,False,True,False,above 0.2
NY_GC_1,P3_RUNS_VS_5Y_CHG4,4,208,61,0.11919271579311816,0.4597179011147007,0.32948433554737905,0.012568019417052101,False,True,False,above 0.2
NY_GC_1,US_UTIL_VS_5Y,4,208,61,0.016616847756837198,0.912587624250685,0.2900462656161306,0.002421736864239077,False,True,False,above 0.2
NY_GC_1,US_UTIL_VS_5Y_CHG4,4,208,61,0.0005425104377089797,0.9971514632690893,0.050552864790047336,1.9948993782437086e-05,False,True,False,above 0.2
NY_GC_1,P5_OUTPUT_VS_52W,4,156,61,-0.424223671848015,0.10772447414548195,-0.07971259184594238,-0.057472518035470266,False,False,False,0.05 to 0.2
NY_GC_1,P5_OUTPUT_VS_52W_CHG4,4,152,61,-0.29753640788233615,0.16628245233999184,-0.22310730822559316,0.015097172374004209,False,True,False,0.05 to 0.2
NY_GC_1,P3_OUTPUT_VS_52W,4,156,61,-0.45349730470609806,0.007869162951184434,0.34687415822085554,-0.09821109359981484,False,False,False,0.001 to 0.01
NY_GC_1,P3_OUTPUT_VS_52W_CHG4,4,152,61,-0.13896846210493513,0.2831732111986621,-0.13897068578952057,0.002955741753334018,False,True,False,above 0.2
NY_GC_1,P5_IMPORTS_4W,4,208,61,-0.06293759109841304,0.6908827552873235,0.1741128303382937,-0.00458225655807154,False,False,False,above 0.2
NY_GC_1,P5_IMPORTS_4W_CHG4,4,208,61,-0.09708583377164963,0.5923278718518444,-0.2201726289440463,0.010119545475751113,False,True,False,above 0.2
NY_GC_1,US_DIST_STOCKS_VS_5Y,4,208,61,-0.12824757324869057,0.4312397936594816,-2.7743152283011194,0.00041429687088467837,False,True,False,above 0.2
NY_GC_1,US_DIST_STOCKS_VS_5Y_CHG4,4,208,61,0.009496226773257356,0.9449399011295323,-0.8432765653381249,-0.004509500721973536,False,False,False,above 0.2
NY_GC_1,P1_DIST_STOCKS_VS_5Y,4,208,61,-0.22078066001244856,0.1914145938585755,-2.2001445449440427,-0.005962583676197619,False,False,False,0.05 to 0.2
NY_GC_1,P1_DIST_STOCKS_VS_5Y_CHG4,4,208,61,0.04892277955604352,0.7356294987710039,-0.7851362346066052,-0.023943351042461813,False,False,False,above 0.2
NY_GC_1,P1_IMPORTS_4W,4,208,61,0.2987942898306722,0.1113013192854802,0.13655569582149985,0.005863391074239832,False,True,False,0.05 to 0.2
NY_GC_1,P3_EXPORTS_4W,4,208,61,-0.0332220003920822,0.8407757576802525,0.37444939490604007,-0.003310756588196906,False,False,False,above 0.2
NY_GC_1,P1_STOCK_SURPRISE,4,208,61,-0.07349445205928669,0.4142423930756718,-0.14312323759453272,0.009336397922040884,False,True,False,above 0.2
NY_GC_1,P3_STOCK_SURPRISE,4,208,61,-0.07659867085758955,0.2808783631546734,0.12470564245346631,-0.011408794022236712,False,False,False,above 0.2
NY_GC_1,P5_STOCK_SURPRISE,4,208,61,-0.05625181095254127,0.6588213613119983,-0.01095452640300331,-0.0008952678179259266,False,False,False,above 0.2
NY_GC_1,US_STOCK_SURPRISE,4,208,61,-0.20132861465851748,0.07884526502209688,-0.14160560572849795,0.0030080886657271044,False,True,False,0.05 to 0.2
NY_GC_1,US_DEMAND_CHG4,4,201,61,-0.25880135684300953,0.03524736252431337,-0.29337226093840113,0.031969295257792574,False,True,False,0.01 to 0.05
NY_GC_1,P5_DEMAND_CHG4,4,201,61,-0.026609380117577266,0.863382043809074,-0.3784078926367249,0.009444745447673708,False,True,False,above 0.2
NWE_GC_1,P1_JET_STOCKS_VS_5Y,1,208,61,0.09958020158964889,0.24974273018598658,0.02838643834620153,-0.008839618063476884,False,False,False,above 0.2
NWE_GC_1,P1_JET_STOCKS_VS_5Y_CHG4,1,208,61,0.08166299362740233,0.36104880189996713,-0.006897286928271411,-0.010210092403285742,False,False,False,above 0.2
NWE_GC_1,P3_JET_STOCKS_VS_5Y,1,208,61,-0.01082830166072099,0.8824117892114649,-0.058488926051369364,0.0015673152819211111,False,True,False,above 0.2
NWE_GC_1,P3_JET_STOCKS_VS_5Y_CHG4,1,208,61,-0.06529929408818856,0.3642787797554079,-0.05231631713971716,0.002820073170459958,False,True,False,above 0.2
NWE_GC_1,P5_JET_STOCKS_VS_5Y,1,208,61,-0.0033423599616897344,0.967053015681597,-0.02477437082430275,1.8517533764472738e-05,False,True,False,above 0.2
NWE_GC_1,P5_JET_STOCKS_VS_5Y_CHG4,1,208,61,-0.036703191156389245,0.6306683059781887,-0.17761760624405795,0.009256359654739699,False,True,False,above 0.2
NWE_GC_1,US_JET_STOCKS_VS_5Y,1,208,61,0.04593087399172239,0.5608482034549493,-0.08992590755216472,-0.005041549103200982,False,False,False,above 0.2
NWE_GC_1,US_JET_STOCKS_VS_5Y_CHG4,1,208,61,-0.02835226336504028,0.6999549274804431,-0.19392670453069805,0.006631633569920803,False,True,False,above 0.2
NWE_GC_1,P5_DAYS_SUPPLY,1,205,61,0.1367509047881626,0.15505642881948895,-0.13401819938742157,-0.03688088217352736,False,False,False,0.05 to 0.2
NWE_GC_1,P5_DAYS_SUPPLY_CHG4,1,201,61,0.05996225224349433,0.5490028381676085,-0.11228480965908255,-0.015232168853726469,False,False,False,above 0.2
NWE_GC_1,US_DAYS_SUPPLY,1,205,61,0.10593256969235401,0.19446771093672954,0.0025584459072832376,-0.02082600379123689,False,False,False,0.05 to 0.2
NWE_GC_1,US_DAYS_SUPPLY_CHG4,1,201,61,0.08787576057518691,0.28337215966170437,0.009198318136965512,-0.0058164828836364535,False,False,False,above 0.2
NWE_GC_1,P5_RUNS_VS_5Y,1,208,61,-0.036370932486367136,0.6346098819178563,-0.06699601931448129,0.0040411920170561055,False,True,False,above 0.2
NWE_GC_1,P5_RUNS_VS_5Y_CHG4,1,208,61,-0.10611909893550239,0.2893904587691183,0.033000090332208395,-0.023679031781394855,False,False,False,above 0.2
NWE_GC_1,P3_RUNS_VS_5Y,1,208,61,-0.02241176914321444,0.7854202492426207,-0.1532470984580261,0.0037901613726708527,False,True,False,above 0.2
NWE_GC_1,P3_RUNS_VS_5Y_CHG4,1,208,61,0.0002150541416668381,0.9978266600659557,-0.09597073599847819,-1.883294129334523e-05,False,False,False,above 0.2
NWE_GC_1,US_UTIL_VS_5Y,1,208,61,-0.049817101664359736,0.4730374196318121,-0.17639798260272774,0.011826578655764863,False,True,False,above 0.2
NWE_GC_1,US_UTIL_VS_5Y_CHG4,1,208,61,-0.027048353095608227,0.7322111519369295,-0.10385474605459928,0.002908740993797121,False,True,False,above 0.2
NWE_GC_1,P5_OUTPUT_VS_52W,1,156,61,-0.0447020459142374,0.6440395398489405,-0.028735858181719885,0.0051081840045043014,False,True,False,above 0.2
NWE_GC_1,P5_OUTPUT_VS_52W_CHG4,1,152,61,-0.13951499456868616,0.12954622115874917,-0.04383537920585201,-0.005337077827908487,False,False,False,0.05 to 0.2
NWE_GC_1,P3_OUTPUT_VS_52W,1,156,61,-0.12500297777709135,0.17326614564494036,0.06662392500663712,-0.013608736369197683,False,False,False,0.05 to 0.2
NWE_GC_1,P3_OUTPUT_VS_52W_CHG4,1,152,61,-0.117732104731097,0.239134517782981,-0.011597722330773375,-0.01311796838126389,False,False,False,above 0.2
NWE_GC_1,P5_IMPORTS_4W,1,208,61,-0.03930184223611903,0.664549318453236,0.12860792919226144,-0.01221495189622357,False,False,False,above 0.2
NWE_GC_1,P5_IMPORTS_4W_CHG4,1,208,61,-0.09391589770395678,0.2889988127550377,0.13709359631120807,-0.026914431169761333,False,False,False,above 0.2
NWE_GC_1,US_DIST_STOCKS_VS_5Y,1,208,61,-0.05996479875975294,0.42894437725438794,-1.169179868486982,0.009633893127437343,False,True,False,above 0.2
NWE_GC_1,US_DIST_STOCKS_VS_5Y_CHG4,1,208,61,-0.02774653287953173,0.7240858141380238,-0.20945827571401554,0.007327811109263838,False,True,False,above 0.2
NWE_GC_1,P1_DIST_STOCKS_VS_5Y,1,208,61,-0.03926957396637203,0.6192778990467286,-1.391211502170657,0.008947149898976825,False,True,False,above 0.2
NWE_GC_1,P1_DIST_STOCKS_VS_5Y_CHG4,1,208,61,0.026338304780876086,0.7439030354193868,-0.29236395309429797,-0.012711001726921856,False,False,False,above 0.2
NWE_GC_1,P1_IMPORTS_4W,1,208,61,0.07422167199229797,0.3447819896404415,-0.07290916317196923,-0.012528352136462972,False,False,False,above 0.2
NWE_GC_1,P3_EXPORTS_4W,1,208,61,-0.05210854131059763,0.5232632026879704,0.4158648573651888,-0.029120715238157846,False,False,False,above 0.2
NWE_GC_1,P1_STOCK_SURPRISE,1,208,61,0.05210057054439218,0.5439575402477566,-0.12130269011744654,-0.02581450773793459,False,False,False,above 0.2
NWE_GC_1,P3_STOCK_SURPRISE,1,208,61,-0.0619226647211851,0.4001618367828049,0.04563905544606231,-0.011376639411276201,False,False,False,above 0.2
NWE_GC_1,P5_STOCK_SURPRISE,1,208,61,-0.04157584860963533,0.6043520680295106,-0.32808720665226676,0.02466707398666579,False,True,False,above 0.2
NWE_GC_1,US_STOCK_SURPRISE,1,208,61,0.023131878638579823,0.8007931895300597,-0.36581647598493244,-0.014393041386510985,False,False,False,above 0.2
NWE_GC_1,US_DEMAND_CHG4,1,201,61,-0.14026299561051964,0.11009864167000141,-0.06193496528219033,-0.0036701607733091723,False,False,False,0.05 to 0.2
NWE_GC_1,P5_DEMAND_CHG4,1,201,61,-0.10774284598188016,0.25081454331114117,0.047437666023081415,-0.029050516617413757,False,False,False,above 0.2
NWE_GC_1,P1_JET_STOCKS_VS_5Y,2,208,61,0.14099289830792988,0.26772259651848906,0.20925694834062153,0.012567617709949186,False,True,False,above 0.2
NWE_GC_1,P1_JET_STOCKS_VS_5Y_CHG4,2,208,61,0.07913781341791828,0.42947530758030894,0.0704277020837545,0.006020947903360496,False,True,False,above 0.2
NWE_GC_1,P3_JET_STOCKS_VS_5Y,2,208,61,0.000872176637847645,0.9939112066312537,-0.17493594194306206,-0.00017521426529620854,False,False,False,above 0.2
NWE_GC_1,P3_JET_STOCKS_VS_5Y_CHG4,2,208,61,0.06244679172185792,0.5841151335219008,-0.1710677621354292,-0.012378247192572411,False,False,False,above 0.2
NWE_GC_1,P5_JET_STOCKS_VS_5Y,2,208,61,0.011411348524468318,0.9358921282737489,0.22029759929590811,0.002654216725036962,False,True,False,above 0.2
NWE_GC_1,P5_JET_STOCKS_VS_5Y_CHG4,2,208,61,-0.07939815915478027,0.5443851605085196,-0.06558452481022892,-0.002557916458612697,False,False,False,above 0.2
NWE_GC_1,US_JET_STOCKS_VS_5Y,2,208,61,0.05281291460811437,0.6706697808247934,0.23689691342878452,0.0018781081830310242,False,True,False,above 0.2
NWE_GC_1,US_JET_STOCKS_VS_5Y_CHG4,2,208,61,-0.026187938238652408,0.8333445526269496,-0.13749905910656623,0.0017650799730789535,False,True,False,above 0.2
NWE_GC_1,P5_DAYS_SUPPLY,2,205,61,0.2133789268515709,0.2318779120866724,0.10425224912453983,-0.0027588404285747714,False,False,False,above 0.2
NWE_GC_1,P5_DAYS_SUPPLY_CHG4,2,201,61,0.11935797898458503,0.46700417018894125,-0.01639892096202675,-0.005623812228590763,False,False,False,above 0.2
NWE_GC_1,US_DAYS_SUPPLY,2,205,61,0.16467713931865918,0.2119151269463858,0.15637608772854,-0.004911053655685782,False,False,False,above 0.2
NWE_GC_1,US_DAYS_SUPPLY_CHG4,2,201,61,0.17770471092566778,0.16943702443345943,0.10917280827082304,0.004713726003849561,False,True,False,0.05 to 0.2
NWE_GC_1,P5_RUNS_VS_5Y,2,208,61,-0.060380174137641296,0.6170407095555042,0.051369343547204675,-0.004119626017979661,False,False,False,above 0.2
NWE_GC_1,P5_RUNS_VS_5Y_CHG4,2,208,61,-0.2430106469275543,0.12014435143416058,0.17129957563944304,-0.09048299043716646,False,False,False,0.05 to 0.2
NWE_GC_1,P3_RUNS_VS_5Y,2,208,61,-0.020346584438119444,0.8916110892703069,-0.3021052924714861,0.003000966748422318,False,True,False,above 0.2
NWE_GC_1,P3_RUNS_VS_5Y_CHG4,2,208,61,0.09688303561198261,0.5424346759977926,-0.29958992659238115,-0.01437150449484803,False,False,False,above 0.2
NWE_GC_1,US_UTIL_VS_5Y,2,208,61,-0.10448676303015289,0.3559541953091385,-0.25244255452506564,0.016093699123146843,False,True,False,above 0.2
NWE_GC_1,US_UTIL_VS_5Y_CHG4,2,208,61,0.010252504713139531,0.9427767020097035,-0.21032386714808018,-0.0011999411905221358,False,False,False,above 0.2
NWE_GC_1,P5_OUTPUT_VS_52W,2,156,61,-0.18461478744692175,0.3345732375697288,-0.026669837275142338,0.0037026460687893392,False,True,False,above 0.2
NWE_GC_1,P5_OUTPUT_VS_52W_CHG4,2,152,61,-0.37559466274616615,0.017605950304294758,-0.1481687752621377,-0.007677946844434125,False,False,False,0.01 to 0.05
NWE_GC_1,P3_OUTPUT_VS_52W,2,156,61,-0.24523344938272362,0.049797339641424,0.0332940857070986,-0.010987865795804241,False,False,False,0.01 to 0.05
NWE_GC_1,P3_OUTPUT_VS_52W_CHG4,2,152,61,-0.13579855055331524,0.38644345940348124,-0.24211196080123823,0.011054106563410548,False,True,False,above 0.2
NWE_GC_1,P5_IMPORTS_4W,2,208,61,-0.07877570683205462,0.5871741155791135,0.2221042698593629,-0.021443577227928,False,False,False,above 0.2
NWE_GC_1,P5_IMPORTS_4W_CHG4,2,208,61,-0.21052232480017707,0.15699426425832408,0.23799643255650857,-0.05845352069212972,False,False,False,0.05 to 0.2
NWE_GC_1,US_DIST_STOCKS_VS_5Y,2,208,61,-0.10550487264756833,0.4429566868733271,-2.136057797479765,0.01713148205092896,False,True,False,above 0.2
NWE_GC_1,US_DIST_STOCKS_VS_5Y_CHG4,2,208,61,-0.0018987089189922493,0.9900618072819578,-0.31425247804881423,0.00033744745086328187,False,True,False,above 0.2
NWE_GC_1,P1_DIST_STOCKS_VS_5Y,2,208,61,-0.08829964820727373,0.5264116157850781,-2.875637617042557,0.018686779348888405,False,True,False,above 0.2
NWE_GC_1,P1_DIST_STOCKS_VS_5Y_CHG4,2,208,61,0.0373330477924259,0.7865417996104924,-0.5400586230435853,-0.014557807912213283,False,False,False,above 0.2
NWE_GC_1,P1_IMPORTS_4W,2,208,61,0.2596556632683309,0.03398612730689547,-0.3313025260788015,-0.07324149329959018,False,False,False,0.01 to 0.05
NWE_GC_1,P3_EXPORTS_4W,2,208,61,-0.09632223678981264,0.493490661381779,0.5382477192913373,-0.04053289068425148,False,False,False,above 0.2
NWE_GC_1,P1_STOCK_SURPRISE,2,208,61,0.09017931679215964,0.47874322319612095,-0.023765491426725363,-0.007691191880696113,False,False,False,above 0.2
NWE_GC_1,P3_STOCK_SURPRISE,2,208,61,-0.09329103358892082,0.3638791350001097,-0.061847517738537604,0.004111053866041492,False,True,False,above 0.2
NWE_GC_1,P5_STOCK_SURPRISE,2,208,61,-0.026867192399558475,0.8226397140759902,-0.24698049056359478,0.005783532196155572,False,True,False,above 0.2
NWE_GC_1,US_STOCK_SURPRISE,2,208,61,-0.03949853310132543,0.7249286244605313,-0.30415214726389556,0.009175945845530942,False,True,False,above 0.2
NWE_GC_1,US_DEMAND_CHG4,2,201,61,-0.21267390328239685,0.14316256922748363,-0.14184876688676634,0.005664068144163981,False,True,False,0.05 to 0.2
NWE_GC_1,P5_DEMAND_CHG4,2,201,61,-0.19874333258894017,0.16442557159154958,0.010668661787292599,-0.02962838249240196,False,False,False,0.05 to 0.2
NWE_GC_1,P1_JET_STOCKS_VS_5Y,4,208,61,0.23643721478100005,0.15874313067641943,0.1906105383003723,-0.002360035419044948,False,False,False,0.05 to 0.2
NWE_GC_1,P1_JET_STOCKS_VS_5Y_CHG4,4,208,61,0.26394950663704386,0.10393124973570075,0.07793590343280067,-0.0060717794348958964,False,False,False,0.05 to 0.2
NWE_GC_1,P3_JET_STOCKS_VS_5Y,4,208,61,-0.0005361203348837468,0.9978496541083662,0.29445143212541564,1.7092155776277096e-05,False,False,False,above 0.2
NWE_GC_1,P3_JET_STOCKS_VS_5Y_CHG4,4,208,61,0.05295161178856706,0.7364239747156136,0.17193116424211943,0.0025757181027312726,False,True,False,above 0.2
NWE_GC_1,P5_JET_STOCKS_VS_5Y,4,208,61,0.08697358143049333,0.6827496393499084,0.4944357447101134,0.021946701642171496,False,True,False,above 0.2
NWE_GC_1,P5_JET_STOCKS_VS_5Y_CHG4,4,208,61,-0.01051161982540183,0.9541354740788552,-0.0175880297008893,-0.0002839822508218237,False,False,False,above 0.2
NWE_GC_1,US_JET_STOCKS_VS_5Y,4,208,61,0.12844177749747113,0.5227788240455181,0.9032310385337233,0.014409433319358844,False,True,False,above 0.2
NWE_GC_1,US_JET_STOCKS_VS_5Y_CHG4,4,208,61,0.1340043525822906,0.5543240131820427,0.350612557805365,0.015662176286970975,False,True,False,above 0.2
NWE_GC_1,P5_DAYS_SUPPLY,4,205,61,0.22907899181783842,0.3638200802330679,0.07772456043751866,-0.01159446446711998,False,False,False,above 0.2
NWE_GC_1,P5_DAYS_SUPPLY_CHG4,4,201,61,0.2718517501821269,0.16009605880225264,0.07611151950898519,-0.001959228545999059,False,False,False,0.05 to 0.2
NWE_GC_1,US_DAYS_SUPPLY,4,205,61,0.28945880925221446,0.22220098961296353,0.13490933876658892,-0.03807622463507632,False,False,False,above 0.2
NWE_GC_1,US_DAYS_SUPPLY_CHG4,4,201,61,0.4258276258741507,0.018043772958089312,0.3226668428610666,0.035870364388430165,False,True,False,0.01 to 0.05
NWE_GC_1,P5_RUNS_VS_5Y,4,208,61,0.051239520969367604,0.7859778782678067,-0.042413879642126825,-0.0033820101425972027,False,False,False,above 0.2
NWE_GC_1,P5_RUNS_VS_5Y_CHG4,4,208,61,-0.1763236920236329,0.3852585441831816,-0.10655381364884348,0.0014207664728929092,False,True,False,above 0.2
NWE_GC_1,P3_RUNS_VS_5Y,4,208,61,0.06108594273216959,0.7635330962038885,-0.43830311056384313,-0.011090945429930166,False,False,False,above 0.2
NWE_GC_1,P3_RUNS_VS_5Y_CHG4,4,208,61,0.2286808418954065,0.1663771025896268,-0.653656995790866,-0.046971022857903666,False,False,False,0.05 to 0.2
NWE_GC_1,US_UTIL_VS_5Y,4,208,61,0.02220579261938873,0.891447825889379,-0.22187190658405392,-0.004831473365587424,False,False,False,above 0.2
NWE_GC_1,US_UTIL_VS_5Y_CHG4,4,208,61,0.12248450621459855,0.3914616097777429,-0.5129144401173223,-0.02414558715551629,False,False,False,above 0.2
NWE_GC_1,P5_OUTPUT_VS_52W,4,156,61,-0.01140524381855735,0.9531362180291685,0.19953266333811112,-0.00043180478802362643,False,False,False,above 0.2
NWE_GC_1,P5_OUTPUT_VS_52W_CHG4,4,152,61,-0.39260126427392056,0.043297130559038395,-0.2523415517905667,0.020570608789452827,False,True,False,0.01 to 0.05
NWE_GC_1,P3_OUTPUT_VS_52W,4,156,61,-0.2810962924680084,0.12432999805055281,0.4846424633383914,-0.046562834626016514,False,False,False,0.05 to 0.2
NWE_GC_1,P3_OUTPUT_VS_52W_CHG4,4,152,61,-0.2650362833122057,0.19733293672336982,-0.16286208263090038,-0.002731963770375101,False,False,False,0.05 to 0.2
NWE_GC_1,P5_IMPORTS_4W,4,208,61,-0.042395161046419064,0.8056932809745608,0.34446870449074724,-0.010862671161356863,False,False,False,above 0.2
NWE_GC_1,P5_IMPORTS_4W_CHG4,4,208,61,-0.28547110541543563,0.14633480204169402,0.4156023529259008,-0.07441494213276934,False,False,False,0.05 to 0.2
NWE_GC_1,US_DIST_STOCKS_VS_5Y,4,208,61,-0.1445915316698598,0.5558174232248869,-2.4321152055307484,0.02492186624718573,False,True,False,above 0.2
NWE_GC_1,US_DIST_STOCKS_VS_5Y_CHG4,4,208,61,0.03052088627261934,0.8958808524844419,-0.3678988156549031,-0.003917807745957846,False,False,False,above 0.2
NWE_GC_1,P1_DIST_STOCKS_VS_5Y,4,208,61,-0.12760228990599426,0.5984949005137641,-2.737668395086379,0.023336369868598328,False,True,False,above 0.2
NWE_GC_1,P1_DIST_STOCKS_VS_5Y_CHG4,4,208,61,0.1512298771779738,0.48525024082599955,-0.3781280939933635,-0.027294801322345075,False,False,False,above 0.2
NWE_GC_1,P1_IMPORTS_4W,4,208,61,0.605777408834977,0.00042031875954375405,-0.6841991157668978,-0.2298243127751276,True,False,False,p below 0.001
NWE_GC_1,P3_EXPORTS_4W,4,208,61,-0.22156110379813193,0.2865590316418466,0.45944621099396055,-0.0890533151803592,False,False,False,above 0.2
NWE_GC_1,P1_STOCK_SURPRISE,4,208,61,0.12419531062489922,0.2785628483755903,-0.0765260854725541,-0.014708179751595996,False,False,False,above 0.2
NWE_GC_1,P3_STOCK_SURPRISE,4,208,61,-0.10716991107864712,0.2697083626483764,0.04365722577640773,-0.005685016568757639,False,False,False,above 0.2
NWE_GC_1,P5_STOCK_SURPRISE,4,208,61,-0.06360365501705074,0.5935074804951372,-0.09326815360580429,0.0021799186077832156,False,True,False,above 0.2
NWE_GC_1,US_STOCK_SURPRISE,4,208,61,-0.06195119936063506,0.6065209087448358,-0.1622493259222597,0.004360352371848619,False,True,False,above 0.2
NWE_GC_1,US_DEMAND_CHG4,4,201,61,-0.369186774267168,0.04497512310129537,-0.25374816423430263,0.019217964591483172,False,True,False,0.01 to 0.05
NWE_GC_1,P5_DEMAND_CHG4,4,201,61,-0.260637398436646,0.1404868969723355,0.06589495004927058,-0.03703490445954016,False,False,False,0.05 to 0.2
SING_GC_1,P1_JET_STOCKS_VS_5Y,1,208,61,0.11871567601205466,0.1801480785919639,-0.0035413787074202794,-0.008016669592143755,False,False,False,0.05 to 0.2
SING_GC_1,P1_JET_STOCKS_VS_5Y_CHG4,1,208,61,0.11546434968174585,0.23825367558341626,-0.06934640521127655,-0.025224377393294306,False,False,False,above 0.2
SING_GC_1,P3_JET_STOCKS_VS_5Y,1,208,61,-0.04688057206972385,0.5650745709104735,0.10581011039513018,-0.00560015362170363,False,False,False,above 0.2
SING_GC_1,P3_JET_STOCKS_VS_5Y_CHG4,1,208,61,-0.0920603322097403,0.23404053057214558,0.006276109035420702,-0.005024735142670211,False,False,False,above 0.2
SING_GC_1,P5_JET_STOCKS_VS_5Y,1,208,61,-0.05778563849597305,0.4798744700287745,-0.30299513151823726,0.011641463585745027,False,True,False,above 0.2
SING_GC_1,P5_JET_STOCKS_VS_5Y_CHG4,1,208,61,-0.031108279682140985,0.7291565711415389,-0.21741322091225265,0.006497038258330479,False,True,False,above 0.2
SING_GC_1,US_JET_STOCKS_VS_5Y,1,208,61,-0.004425575685638554,0.9566598777866218,-0.2387646708107216,0.00030664215513798165,False,True,False,above 0.2
SING_GC_1,US_JET_STOCKS_VS_5Y_CHG4,1,208,61,-0.020179085991259497,0.8191317609367601,-0.2617409076163545,0.0042090088005836135,False,True,False,above 0.2
SING_GC_1,P5_DAYS_SUPPLY,1,205,61,0.176348085780046,0.08084874286151068,-0.13597592219881602,-0.009310177695238009,False,False,False,0.05 to 0.2
SING_GC_1,P5_DAYS_SUPPLY_CHG4,1,201,61,0.10203169468150981,0.33846324033161324,-0.12364019190459667,-0.022768885068577438,False,False,False,above 0.2
SING_GC_1,US_DAYS_SUPPLY,1,205,61,0.12940065099036044,0.18039449203521118,0.10004306162273896,0.01292804988984364,False,True,False,0.05 to 0.2
SING_GC_1,US_DAYS_SUPPLY_CHG4,1,201,61,0.05872611906034696,0.5045320581609194,-0.01916512709539884,-0.004358991021801595,False,False,False,above 0.2
SING_GC_1,P5_RUNS_VS_5Y,1,208,61,-0.017925879031938107,0.8307445532011299,-0.08472827651487261,0.00024763752671475014,False,True,False,above 0.2
SING_GC_1,P5_RUNS_VS_5Y_CHG4,1,208,61,-0.030553630473552286,0.7773662933210667,0.035584973292415285,-0.0032618752516688776,False,False,False,above 0.2
SING_GC_1,P3_RUNS_VS_5Y,1,208,61,-0.06600203958865195,0.41985872725067486,-0.2708925328709964,-0.002092797427395654,False,False,False,above 0.2
SING_GC_1,P3_RUNS_VS_5Y_CHG4,1,208,61,-0.0018695432963560625,0.9784337937616258,-0.18795933475593754,0.00015864834280521212,False,True,False,above 0.2
SING_GC_1,US_UTIL_VS_5Y,1,208,61,-0.04158167365552058,0.5769977421556951,-0.34951415291010457,0.0012714981515651314,False,True,False,above 0.2
SING_GC_1,US_UTIL_VS_5Y_CHG4,1,208,61,0.007975382592224235,0.9198700244043994,-0.12653306692740807,-0.0006334263468488199,False,False,False,above 0.2
SING_GC_1,P5_OUTPUT_VS_52W,1,156,61,-0.03979101932344722,0.7133182649368244,-0.11818879063681147,0.009537825739272532,False,True,False,above 0.2
SING_GC_1,P5_OUTPUT_VS_52W_CHG4,1,152,61,-0.06335785050822498,0.553544551050178,-0.13480925686917725,0.013382727516503046,False,True,False,above 0.2
SING_GC_1,P3_OUTPUT_VS_52W,1,156,61,-0.049835418116316435,0.5991953221472661,-0.14058405222716827,0.0038882956649620715,False,True,False,above 0.2
SING_GC_1,P3_OUTPUT_VS_52W_CHG4,1,152,61,-0.08963159466160113,0.3828885732843488,-0.1332482437261491,0.004813102098048416,False,True,False,above 0.2
SING_GC_1,P5_IMPORTS_4W,1,208,61,-0.10314991166259854,0.3196349170370192,0.014370356517421629,0.00042467427368941824,False,False,False,above 0.2
SING_GC_1,P5_IMPORTS_4W_CHG4,1,208,61,-0.14011922806635066,0.16968896735135608,0.04464306021840327,-0.026596380872568437,False,False,False,0.05 to 0.2
SING_GC_1,US_DIST_STOCKS_VS_5Y,1,208,61,-0.07075240812764425,0.3390154860861492,-1.415778495494752,-0.001959463126748995,False,False,False,above 0.2
SING_GC_1,US_DIST_STOCKS_VS_5Y_CHG4,1,208,61,0.05838631928722335,0.4660538866460672,-0.23125798685475604,-0.00974570306567446,False,False,False,above 0.2
SING_GC_1,P1_DIST_STOCKS_VS_5Y,1,208,61,-0.05235254282312782,0.5067116365184183,-1.4771267175000036,0.001387068369592348,False,True,False,above 0.2
SING_GC_1,P1_DIST_STOCKS_VS_5Y_CHG4,1,208,61,0.09745488415588603,0.24503745789279774,-0.2678652112486981,-0.024469285272863184,False,False,False,above 0.2
SING_GC_1,P1_IMPORTS_4W,1,208,61,0.08766690131517021,0.3658253335473236,-0.2503236088771799,-0.016003370776293213,False,False,False,above 0.2
SING_GC_1,P3_EXPORTS_4W,1,208,61,-0.059828349887463855,0.4240224346850979,0.482120422477827,-0.015055654439009247,False,False,False,above 0.2
SING_GC_1,P1_STOCK_SURPRISE,1,208,61,0.07986324063563777,0.36417556252608685,-0.09720859851152092,-0.02136143962877468,False,False,False,above 0.2
SING_GC_1,P3_STOCK_SURPRISE,1,208,61,-0.07642821464413121,0.3691532781753364,0.03289997695724702,-0.006779132697537493,False,False,False,above 0.2
SING_GC_1,P5_STOCK_SURPRISE,1,208,61,-0.033535250655077904,0.7440161403045832,-0.3413291999974569,0.014225724282553087,False,True,False,above 0.2
SING_GC_1,US_STOCK_SURPRISE,1,208,61,0.00804863113348693,0.9373610853468402,-0.3836306109745728,-0.0034373676588210778,False,False,False,above 0.2
SING_GC_1,US_DEMAND_CHG4,1,201,61,-0.1133154775112092,0.21120944167284983,-0.08515027184851082,0.0008572991483516423,False,True,False,above 0.2
SING_GC_1,P5_DEMAND_CHG4,1,201,61,-0.16811773944158617,0.10371437659400061,0.003384462920538489,-0.03436347572029841,False,False,False,0.05 to 0.2
SING_GC_1,P1_JET_STOCKS_VS_5Y,2,208,61,0.15083938926338802,0.28716462267580056,0.09085431587680051,0.00015673665762883093,False,True,False,above 0.2
SING_GC_1,P1_JET_STOCKS_VS_5Y_CHG4,2,208,61,0.11203405002898963,0.34773943326857126,-0.04589642854389544,-0.007244919123277738,False,False,False,above 0.2
SING_GC_1,P3_JET_STOCKS_VS_5Y,2,208,61,-0.05285582878907981,0.6474409606135103,0.14925008159103104,-0.0016214001137448975,False,False,False,above 0.2
SING_GC_1,P3_JET_STOCKS_VS_5Y_CHG4,2,208,61,0.01590066011548076,0.9112344295619095,-0.024236395425095116,-0.0002735209945405881,False,False,False,above 0.2
SING_GC_1,P5_JET_STOCKS_VS_5Y,2,208,61,-0.09800742487088829,0.4865454848221996,-0.18158128871355045,0.0009029201001536924,False,True,False,above 0.2
SING_GC_1,P5_JET_STOCKS_VS_5Y_CHG4,2,208,61,-0.12247050533812978,0.44665132574214783,-0.14423182072495866,0.002727472147146748,False,True,False,above 0.2
SING_GC_1,US_JET_STOCKS_VS_5Y,2,208,61,-0.03258279686143074,0.7953623554476262,0.0530515678321806,-0.00039016269045788476,False,False,False,above 0.2
SING_GC_1,US_JET_STOCKS_VS_5Y_CHG4,2,208,61,-0.033942325779281954,0.8320790451500253,-0.184972486921617,0.0018393437121461131,False,True,False,above 0.2
SING_GC_1,P5_DAYS_SUPPLY,2,205,61,0.24530501772534893,0.19593455311333907,0.2643451293333887,0.019855126728145156,False,True,False,0.05 to 0.2
SING_GC_1,P5_DAYS_SUPPLY_CHG4,2,201,61,0.09536396648308514,0.5870692074600892,-0.10654857419104417,-0.007036532185545452,False,False,False,above 0.2
SING_GC_1,US_DAYS_SUPPLY,2,205,61,0.20369378009499947,0.20733602599323142,0.5119847183600548,0.03783005928262706,False,True,False,above 0.2
SING_GC_1,US_DAYS_SUPPLY_CHG4,2,201,61,0.12888878524215072,0.36512256669897314,0.1613310490466552,0.007699864661813827,False,True,False,above 0.2
SING_GC_1,P5_RUNS_VS_5Y,2,208,61,-0.0296172514444863,0.8214243385158067,0.19908803406132083,-0.0037889158274948542,False,False,False,above 0.2
SING_GC_1,P5_RUNS_VS_5Y_CHG4,2,208,61,-0.11989996162765919,0.44293084769227264,0.29316358156693245,-0.030182945130215355,False,False,False,above 0.2
SING_GC_1,P3_RUNS_VS_5Y,2,208,61,-0.1140868847421147,0.40312967957834467,-0.468620521870828,0.002869922488141219,False,True,False,above 0.2
SING_GC_1,P3_RUNS_VS_5Y_CHG4,2,208,61,0.07481256128541289,0.6022690334817293,-0.6731670182474376,-0.012130748002917358,False,False,False,above 0.2
SING_GC_1,US_UTIL_VS_5Y,2,208,61,-0.11295853641055395,0.3280402591058339,-0.3597614902702326,0.0011604974060356321,False,True,False,above 0.2
SING_GC_1,US_UTIL_VS_5Y_CHG4,2,208,61,0.021539995424588572,0.872535836811759,-0.24692726157519823,-0.0015199720862104638,False,False,False,above 0.2
SING_GC_1,P5_OUTPUT_VS_52W,2,156,61,-0.18274598281623475,0.35207831581147786,-0.08305509276044647,0.01033728208607454,False,True,False,above 0.2
SING_GC_1,P5_OUTPUT_VS_52W_CHG4,2,152,61,-0.30188344273425605,0.05987524597004854,-0.21301859530919867,0.02093769832541481,False,True,False,0.05 to 0.2
SING_GC_1,P3_OUTPUT_VS_52W,2,156,61,-0.15321108555455376,0.2595238201522795,-0.4281708892550185,0.017569602179296928,False,True,False,above 0.2
SING_GC_1,P3_OUTPUT_VS_52W_CHG4,2,152,61,-0.17459861324806536,0.26853030566154623,-0.5524183331932198,0.02970056887288941,False,True,False,above 0.2
SING_GC_1,P5_IMPORTS_4W,2,208,61,-0.204696746264598,0.22465570582229633,-0.13390513023874642,-0.0036937002242134476,False,False,False,above 0.2
SING_GC_1,P5_IMPORTS_4W_CHG4,2,208,61,-0.31796017178804903,0.06560142797481669,0.15346953851243114,-0.05322781957334666,False,False,False,0.05 to 0.2
SING_GC_1,US_DIST_STOCKS_VS_5Y,2,208,61,-0.1351506586551266,0.3051016214581189,-2.0984143923919536,0.004564054681654439,False,True,False,above 0.2
SING_GC_1,US_DIST_STOCKS_VS_5Y_CHG4,2,208,61,0.09556513356500314,0.5572274235634558,-0.36508799627000127,-0.010515671517878022,False,False,False,above 0.2
SING_GC_1,P1_DIST_STOCKS_VS_5Y,2,208,61,-0.11618889604073694,0.382099366860313,-2.4956902554789666,0.008726656405933064,False,True,False,above 0.2
SING_GC_1,P1_DIST_STOCKS_VS_5Y_CHG4,2,208,61,0.12209115735037299,0.3902077977068724,-0.5041088062766704,-0.023893296153275623,False,False,False,above 0.2
SING_GC_1,P1_IMPORTS_4W,2,208,61,0.2702372475662963,0.06883185798471138,-0.5711920248053608,-0.06080849657431009,False,False,False,0.05 to 0.2
SING_GC_1,P3_EXPORTS_4W,2,208,61,-0.1202516182124508,0.34279516500356266,0.8333153158834522,-0.03145608119463539,False,False,False,above 0.2
SING_GC_1,P1_STOCK_SURPRISE,2,208,61,0.11167004698022684,0.42437131533103545,0.005936942979543086,-0.002546269335077289,False,False,False,above 0.2
SING_GC_1,P3_STOCK_SURPRISE,2,208,61,-0.17967451888339006,0.13509492238161377,-0.11686016557559975,0.006469585265419409,False,True,False,0.05 to 0.2
SING_GC_1,P5_STOCK_SURPRISE,2,208,61,-0.09604282053159903,0.44675027563598746,-0.40663635774907825,0.018762361996026877,False,True,False,above 0.2
SING_GC_1,US_STOCK_SURPRISE,2,208,61,-0.11090939297757152,0.3946240703525804,-0.3764999557989684,0.0167329415061529,False,True,False,above 0.2
SING_GC_1,US_DEMAND_CHG4,2,201,61,-0.1873161206049893,0.20870406703962507,-0.20649135971518331,0.011937783385833622,False,True,False,above 0.2
SING_GC_1,P5_DEMAND_CHG4,2,201,61,-0.23238503757647025,0.1044831701193715,0.044224486126671195,-0.03105410187888924,False,False,False,0.05 to 0.2
SING_GC_1,P1_JET_STOCKS_VS_5Y,4,208,61,0.27090845312654027,0.150874859749074,0.010557228319704938,-0.020141968501809382,False,False,False,0.05 to 0.2
SING_GC_1,P1_JET_STOCKS_VS_5Y_CHG4,4,208,61,0.33675248922445145,0.04444339871246117,-0.10806051206238122,-0.047049768943653314,False,False,False,0.01 to 0.05
SING_GC_1,P3_JET_STOCKS_VS_5Y,4,208,61,-0.003530987613116352,0.9854402133069757,0.8805572089330032,-0.0003425560320935439,False,False,False,above 0.2
SING_GC_1,P3_JET_STOCKS_VS_5Y_CHG4,4,208,61,0.0009170967294003934,0.9959770330178359,0.46711766259100923,0.00013096866653272698,False,True,False,above 0.2
SING_GC_1,P5_JET_STOCKS_VS_5Y,4,208,61,-0.04526732631028187,0.8358052646133614,0.08572669736935037,-0.0015491034959946859,False,False,False,above 0.2
SING_GC_1,P5_JET_STOCKS_VS_5Y_CHG4,4,208,61,0.04897036511828011,0.8436152417818849,-0.14354377940656005,-0.0027590992258925695,False,False,False,above 0.2
SING_GC_1,US_JET_STOCKS_VS_5Y,4,208,61,0.03616986833752177,0.8618079342144644,0.8324114092353101,0.002098928946647871,False,True,False,above 0.2
SING_GC_1,US_JET_STOCKS_VS_5Y_CHG4,4,208,61,0.1939404100690423,0.5048755664472676,0.28477472830447176,0.008565493382200806,False,True,False,above 0.2
SING_GC_1,P5_DAYS_SUPPLY,4,205,61,0.36361312601789764,0.21926973861069243,0.8081124604093823,0.02729123664457267,False,True,False,above 0.2
SING_GC_1,P5_DAYS_SUPPLY_CHG4,4,201,61,0.30228766538718127,0.15978582061330526,0.1625345365334577,0.005813281823413563,False,True,False,0.05 to 0.2
SING_GC_1,US_DAYS_SUPPLY,4,205,61,0.40854980052100526,0.14771531604661337,1.0812221082821145,0.07198933297319621,False,True,False,0.05 to 0.2
SING_GC_1,US_DAYS_SUPPLY_CHG4,4,201,61,0.4275485296802233,0.03473315559848611,0.7394944206222294,0.09023463441240553,False,True,False,0.01 to 0.05
SING_GC_1,P5_RUNS_VS_5Y,4,208,61,0.09046952614899566,0.6320423536674811,-0.11470144198447071,-0.007975971335031806,False,False,False,above 0.2
SING_GC_1,P5_RUNS_VS_5Y_CHG4,4,208,61,-0.04305629926493554,0.8486706334018397,-0.03939047337982841,0.000520354781928023,False,True,False,above 0.2
SING_GC_1,P3_RUNS_VS_5Y,4,208,61,-0.09102529207810668,0.6253494598516638,-0.23329190153348192,0.005944903621643682,False,True,False,above 0.2
SING_GC_1,P3_RUNS_VS_5Y_CHG4,4,208,61,0.19763435605344656,0.2235619768473548,-1.3663040880634896,-0.04731132353344436,False,False,False,above 0.2
SING_GC_1,US_UTIL_VS_5Y,4,208,61,0.054607783018665854,0.7604844985424198,-0.02950505711425846,-0.006465520538915914,False,False,False,above 0.2
SING_GC_1,US_UTIL_VS_5Y_CHG4,4,208,61,0.15098961819647833,0.35119726206998214,-0.7071187557658933,-0.02483367031850392,False,False,False,above 0.2
SING_GC_1,P5_OUTPUT_VS_52W,4,156,61,-0.07452876636788949,0.740124183537065,0.04501858524912873,0.002232609171987532,False,False,False,above 0.2
SING_GC_1,P5_OUTPUT_VS_52W_CHG4,4,152,61,-0.35515975599707444,0.0862547497813293,-0.563361887813635,0.054624039640618016,False,True,False,0.05 to 0.2
SING_GC_1,P3_OUTPUT_VS_52W,4,156,61,-0.1353215146446581,0.5036629710649219,-0.30794689243174217,0.010377208980850261,False,True,False,above 0.2
SING_GC_1,P3_OUTPUT_VS_52W_CHG4,4,152,61,-0.29861009585112963,0.165426259658619,-1.0081138596605668,0.06599164016736236,False,True,False,0.05 to 0.2
SING_GC_1,P5_IMPORTS_4W,4,208,61,-0.16934136014552087,0.4252252013195569,-0.5448566832311437,-0.0024833468158642624,False,False,False,above 0.2
SING_GC_1,P5_IMPORTS_4W_CHG4,4,208,61,-0.3268074728846312,0.1460862399077306,0.21764254768691815,-0.03288240483674665,False,False,False,0.05 to 0.2
SING_GC_1,US_DIST_STOCKS_VS_5Y,4,208,61,-0.17929923449712107,0.4416455791213665,-0.9311666153743641,0.01638260908410516,False,True,False,above 0.2
SING_GC_1,US_DIST_STOCKS_VS_5Y_CHG4,4,208,61,0.2219579002300402,0.36125071330616465,-0.11346164942486861,-0.009683241111257068,False,False,False,above 0.2
SING_GC_1,P1_DIST_STOCKS_VS_5Y,4,208,61,-0.15903864594645262,0.48396805739574955,-2.158080053608102,0.021082180524668925,False,True,False,above 0.2
SING_GC_1,P1_DIST_STOCKS_VS_5Y_CHG4,4,208,61,0.2835030390983606,0.16747653551599917,-0.3269149677632783,-0.03660688995863559,False,False,False,0.05 to 0.2
SING_GC_1,P1_IMPORTS_4W,4,208,61,0.5653686552073416,0.00499701732798716,-1.1287385481123295,-0.19423148379478428,False,False,False,0.001 to 0.01
SING_GC_1,P3_EXPORTS_4W,4,208,61,-0.27928946419326056,0.13686493131521005,1.4883050670149978,-0.11770481882416894,False,False,False,0.05 to 0.2
SING_GC_1,P1_STOCK_SURPRISE,4,208,61,0.1576488453134699,0.21185822185205783,-0.12640670196050904,-0.019269086278816072,False,False,False,above 0.2
SING_GC_1,P3_STOCK_SURPRISE,4,208,61,-0.1485667422893142,0.2276642542172479,0.07419827731112433,-0.009242375898298238,False,False,False,above 0.2
SING_GC_1,P5_STOCK_SURPRISE,4,208,61,-0.06787136446384452,0.6389296048298587,-0.10547595092578067,0.0017986049351643718,False,True,False,above 0.2
SING_GC_1,US_STOCK_SURPRISE,4,208,61,-0.06770098955833538,0.676564570142345,-0.28870997931581494,0.0052579510038380795,False,True,False,above 0.2
SING_GC_1,US_DEMAND_CHG4,4,201,61,-0.3783670104050628,0.03115677162336515,-0.602814396387313,0.07586550333543562,False,True,False,0.01 to 0.05
SING_GC_1,P5_DEMAND_CHG4,4,201,61,-0.36303544802596993,0.035572317205044945,-0.08389970379498578,-0.009948460357891209,False,False,False,0.01 to 0.05
LA_JET_M1M2,P1_JET_STOCKS_VS_5Y,1,208,61,-0.053376457911907434,0.5654485791980761,0.20474994742342187,-0.02461330321194488,False,False,False,above 0.2
LA_JET_M1M2,P1_JET_STOCKS_VS_5Y_CHG4,1,208,61,0.06624115332054063,0.37991976823256934,0.09049237655717747,-0.002948359549731494,False,False,False,above 0.2
LA_JET_M1M2,P3_JET_STOCKS_VS_5Y,1,208,61,-0.04837788212295463,0.6312036069785827,0.05519590012508621,-0.00897179904025358,False,False,False,above 0.2
LA_JET_M1M2,P3_JET_STOCKS_VS_5Y_CHG4,1,208,61,-0.066698309766688,0.45830731733800745,0.057686988334260836,-0.0064782553593398795,False,False,False,above 0.2
LA_JET_M1M2,P5_JET_STOCKS_VS_5Y,1,208,61,0.1353946261674961,0.09905010479237976,-0.03019196249264499,-0.03823504205271111,False,False,False,0.05 to 0.2
LA_JET_M1M2,P5_JET_STOCKS_VS_5Y_CHG4,1,208,61,0.12278387845469221,0.18632238415219082,-0.09477620001015973,-0.038298095974583335,False,False,False,0.05 to 0.2
LA_JET_M1M2,US_JET_STOCKS_VS_5Y,1,208,61,0.03192733436719146,0.7546323024684829,0.2538475513580754,0.004904622616629051,False,True,False,above 0.2
LA_JET_M1M2,US_JET_STOCKS_VS_5Y_CHG4,1,208,61,0.07238600806218301,0.35386240839558203,0.14351524960496986,-0.003629214934817604,False,False,False,above 0.2
LA_JET_M1M2,P5_DAYS_SUPPLY,1,205,61,0.10574007949014921,0.29047361041477016,-0.1984927431068479,-0.025821226218069038,False,False,False,above 0.2
LA_JET_M1M2,P5_DAYS_SUPPLY_CHG4,1,201,61,0.14461068226817983,0.28789648653493505,-0.05891048686706175,-0.037860384773880984,False,False,False,above 0.2
LA_JET_M1M2,US_DAYS_SUPPLY,1,205,61,0.03521344365219988,0.6875172825722566,-0.16454860980591612,-0.006351267942245498,False,False,False,above 0.2
LA_JET_M1M2,US_DAYS_SUPPLY_CHG4,1,201,61,0.0947429354282314,0.2947509220068506,-0.06094868499488455,-0.024776560039695417,False,False,False,above 0.2
LA_JET_M1M2,P5_RUNS_VS_5Y,1,208,61,-0.03715029902693498,0.6887209351239434,-0.3121840623548798,0.018935329130436718,False,True,False,above 0.2
LA_JET_M1M2,P5_RUNS_VS_5Y_CHG4,1,208,61,0.04233079562246071,0.6136966711145302,-0.29978657741590187,-0.03234965101967191,False,False,False,above 0.2
LA_JET_M1M2,P3_RUNS_VS_5Y,1,208,61,-0.04532546654633287,0.6487165369178931,-0.12274629674942622,0.0022361370681365234,False,True,False,above 0.2
LA_JET_M1M2,P3_RUNS_VS_5Y_CHG4,1,208,61,-0.06126936578014981,0.4979755777550947,0.04302838970253592,-0.004798933464902566,False,False,False,above 0.2
LA_JET_M1M2,US_UTIL_VS_5Y,1,208,61,-0.07706396614686857,0.4484262296977939,-0.17482077021306125,0.0027011539316545985,False,True,False,above 0.2
LA_JET_M1M2,US_UTIL_VS_5Y_CHG4,1,208,61,-0.01161251961484873,0.895707141660893,-0.14700788128405484,0.001995837962502023,False,True,False,above 0.2
LA_JET_M1M2,P5_OUTPUT_VS_52W,1,156,61,0.08180231190909466,0.3547742718920154,-0.05041397571796611,-0.033375418007561386,False,False,False,above 0.2
LA_JET_M1M2,P5_OUTPUT_VS_52W_CHG4,1,152,61,0.01808985095759625,0.8043810164153076,-0.013039612806484151,-0.003781231475320501,False,False,False,above 0.2
LA_JET_M1M2,P3_OUTPUT_VS_52W,1,156,61,-0.08937313262093688,0.3940347676751973,0.284815840009145,-0.03358085346999684,False,False,False,above 0.2
LA_JET_M1M2,P3_OUTPUT_VS_52W_CHG4,1,152,61,-0.15316219117470553,0.1878531617491802,0.1763898883568416,-0.050702243360597254,False,False,False,0.05 to 0.2
LA_JET_M1M2,P5_IMPORTS_4W,1,208,61,-0.04649012311160806,0.615405082562857,0.25126343776208865,-0.015016264021114445,False,False,False,above 0.2
LA_JET_M1M2,P5_IMPORTS_4W_CHG4,1,208,61,-0.08538888458256559,0.3098918042036213,0.10271810262250974,-0.023995453584917614,False,False,False,above 0.2
LA_JET_M1M2,US_DIST_STOCKS_VS_5Y,1,208,61,0.09928923220178901,0.09425361048190581,-0.43534261380315387,-0.012146195412506389,False,False,False,0.05 to 0.2
LA_JET_M1M2,US_DIST_STOCKS_VS_5Y_CHG4,1,208,61,0.07515547368729139,0.44269774803213946,-0.1484464787986687,-0.022117222464179687,False,False,False,above 0.2
LA_JET_M1M2,P1_DIST_STOCKS_VS_5Y,1,208,61,0.08789728148477145,0.2636322053026622,0.2964216092589193,-0.0019268197878214988,False,False,False,above 0.2
LA_JET_M1M2,P1_DIST_STOCKS_VS_5Y_CHG4,1,208,61,0.1413206644619756,0.18113609147137588,-0.03476543743365576,-0.03828890209629776,False,False,False,0.05 to 0.2
LA_JET_M1M2,P1_IMPORTS_4W,1,208,61,-0.06357206852276881,0.5764460737711772,0.31901884695536475,-0.027444610461046848,False,False,False,above 0.2
LA_JET_M1M2,P3_EXPORTS_4W,1,208,61,-0.02870415394254213,0.664103659026074,-0.31625723193325017,0.008193507320528703,False,True,False,above 0.2
LA_JET_M1M2,P1_STOCK_SURPRISE,1,208,61,-0.02930176775419331,0.7895996173107296,0.054850168238101495,-0.0037435590490986215,False,False,False,above 0.2
LA_JET_M1M2,P3_STOCK_SURPRISE,1,208,61,0.039577944237202865,0.6801545373091424,-0.06093737379320161,-0.00800527288807329,False,False,False,above 0.2
LA_JET_M1M2,P5_STOCK_SURPRISE,1,208,61,0.1272742148901712,0.2248413913650381,-0.09150559637442779,-0.03738577823300315,False,False,False,above 0.2
LA_JET_M1M2,US_STOCK_SURPRISE,1,208,61,0.16430714864836432,0.14214583349492685,-0.0765674759420461,-0.05645198484881497,False,False,False,0.05 to 0.2
LA_JET_M1M2,US_DEMAND_CHG4,1,201,61,-0.1276616923497057,0.1654888675357521,0.11601860578544673,-0.05110381166064881,False,False,False,0.05 to 0.2
LA_JET_M1M2,P5_DEMAND_CHG4,1,201,61,-0.2039416532130346,0.13086466286432183,0.0841590867810776,-0.0859560467947158,False,False,False,0.05 to 0.2
LA_JET_M1M2,P1_JET_STOCKS_VS_5Y,2,208,61,-0.055973455598500796,0.7466576786524017,0.2811899917490757,-0.01892525374373122,False,False,False,above 0.2
LA_JET_M1M2,P1_JET_STOCKS_VS_5Y_CHG4,2,208,61,0.03377771504571053,0.8277613417613157,0.09735206555213786,-0.0004359597495151579,False,False,False,above 0.2
LA_JET_M1M2,P3_JET_STOCKS_VS_5Y,2,208,61,-0.13030310382832616,0.3593146138210074,0.2167685157708793,-0.03582021990493933,False,False,False,above 0.2
LA_JET_M1M2,P3_JET_STOCKS_VS_5Y_CHG4,2,208,61,-0.1402456218345629,0.3397288274772491,0.2436341280475865,-0.03207654905493995,False,False,False,above 0.2
LA_JET_M1M2,P5_JET_STOCKS_VS_5Y,2,208,61,0.15338976490001488,0.19148503806234218,0.0012464164231698425,-0.023074518967729052,False,False,False,0.05 to 0.2
LA_JET_M1M2,P5_JET_STOCKS_VS_5Y_CHG4,2,208,61,0.11604228638502093,0.4057375256345933,-0.19493923764247428,-0.029188003350309133,False,False,False,above 0.2
LA_JET_M1M2,US_JET_STOCKS_VS_5Y,2,208,61,-0.01396245168641089,0.9315853733826676,0.4989999683573978,-0.002605997624378409,False,False,False,above 0.2
LA_JET_M1M2,US_JET_STOCKS_VS_5Y_CHG4,2,208,61,-0.006521561555687075,0.9616232819575677,0.24567319528208348,-0.00023908736009858877,False,False,False,above 0.2
LA_JET_M1M2,P5_DAYS_SUPPLY,2,205,61,0.1464877468668057,0.370055731057775,-0.31522888439515795,-0.02602037886152586,False,False,False,above 0.2
LA_JET_M1M2,P5_DAYS_SUPPLY_CHG4,2,201,61,0.21829680397950443,0.1630849953160426,-0.06949405848542294,-0.041902127147209534,False,False,False,0.05 to 0.2
LA_JET_M1M2,US_DAYS_SUPPLY,2,205,61,-0.009688471980616883,0.946253408861512,-0.3169781890877613,0.0013513122991570814,False,True,False,above 0.2
LA_JET_M1M2,US_DAYS_SUPPLY_CHG4,2,201,61,0.08249154041271954,0.5757432216119005,-0.10825774024444894,-0.01580138265469122,False,False,False,above 0.2
LA_JET_M1M2,P5_RUNS_VS_5Y,2,208,61,-0.06105764021369904,0.614002286248923,-0.4912982697847015,0.023097469733765696,False,True,False,above 0.2
LA_JET_M1M2,P5_RUNS_VS_5Y_CHG4,2,208,61,-0.013906231530318627,0.9242935549234848,-0.6790699918143507,0.011559480899206998,False,True,False,above 0.2
LA_JET_M1M2,P3_RUNS_VS_5Y,2,208,61,0.10486181808655125,0.23991562511030484,-0.34095154429798313,-0.01331731016070914,False,False,False,above 0.2
LA_JET_M1M2,P3_RUNS_VS_5Y_CHG4,2,208,61,-0.02980241071298996,0.7746290316348498,-0.01810080570448929,-0.00023550932876914565,False,False,False,above 0.2
LA_JET_M1M2,US_UTIL_VS_5Y,2,208,61,0.03600067085928841,0.7856620572387494,-0.3207405278086709,-0.004002810232407894,False,False,False,above 0.2
LA_JET_M1M2,US_UTIL_VS_5Y_CHG4,2,208,61,0.054453240542617326,0.6464062016847996,-0.33016518377427034,-0.011422155638991516,False,False,False,above 0.2
LA_JET_M1M2,P5_OUTPUT_VS_52W,2,156,61,0.10561055835164083,0.5061991767630526,0.03942319846104397,-0.009110776618205696,False,False,False,above 0.2
LA_JET_M1M2,P5_OUTPUT_VS_52W_CHG4,2,152,61,-0.03806496519287357,0.7382997293024959,-0.06081578146186098,0.003640303660142563,False,True,False,above 0.2
LA_JET_M1M2,P3_OUTPUT_VS_52W,2,156,61,-0.07998621432814415,0.6142774643277467,0.43229281977498313,-0.023237523335218002,False,False,False,above 0.2
LA_JET_M1M2,P3_OUTPUT_VS_52W_CHG4,2,152,61,-0.2874025610983047,0.0793548635263698,0.27242082652072036,-0.08395140426128722,False,False,False,0.05 to 0.2
LA_JET_M1M2,P5_IMPORTS_4W,2,208,61,-0.007741383892344009,0.9599201343448213,0.3884820266048202,-0.0012144133904541388,False,False,False,above 0.2
LA_JET_M1M2,P5_IMPORTS_4W_CHG4,2,208,61,-0.028439702271137013,0.8274423473784693,0.015286982274473601,-0.0020967037838559577,False,False,False,above 0.2
LA_JET_M1M2,US_DIST_STOCKS_VS_5Y,2,208,61,0.15235329982417292,0.08953754105849623,-0.43004115692498723,-0.0030312732881925264,False,False,False,0.05 to 0.2
LA_JET_M1M2,US_DIST_STOCKS_VS_5Y_CHG4,2,208,61,0.10068314424060064,0.5422331598352366,-0.2015516322119847,-0.021270556477535285,False,False,False,above 0.2
LA_JET_M1M2,P1_DIST_STOCKS_VS_5Y,2,208,61,0.10279746715268823,0.4176501785247231,0.7334764741892282,0.009198252387772832,False,True,False,above 0.2
LA_JET_M1M2,P1_DIST_STOCKS_VS_5Y_CHG4,2,208,61,0.10635217895859653,0.46817791863006,0.1029295779883535,-0.005225045472537548,False,False,False,above 0.2
LA_JET_M1M2,P1_IMPORTS_4W,2,208,61,-0.07733843004239602,0.6191866933380622,0.6303550937826716,-0.033776142595764336,False,False,False,above 0.2
LA_JET_M1M2,P3_EXPORTS_4W,2,208,61,-0.04069406079714378,0.6834831850755304,-0.5277251707366502,0.012645847048751158,False,True,False,above 0.2
LA_JET_M1M2,P1_STOCK_SURPRISE,2,208,61,-0.006912467380659121,0.9577738681460836,-0.06087170962501393,0.0010604088096236586,False,True,False,above 0.2
LA_JET_M1M2,P3_STOCK_SURPRISE,2,208,61,-0.012922005372320022,0.9231529129156231,0.08838210091194817,-0.0014406295295288363,False,False,False,above 0.2
LA_JET_M1M2,P5_STOCK_SURPRISE,2,208,61,0.196794770540564,0.11781045883820361,-0.0935558401374816,-0.03705901932132716,False,False,False,0.05 to 0.2
LA_JET_M1M2,US_STOCK_SURPRISE,2,208,61,0.17414501991950174,0.24332150840567612,-0.05608385580189732,-0.031092702543019435,False,False,False,above 0.2
LA_JET_M1M2,US_DEMAND_CHG4,2,201,61,-0.16614013691664967,0.25765527716506453,0.14738544106086243,-0.046308823249721076,False,False,False,above 0.2
LA_JET_M1M2,P5_DEMAND_CHG4,2,201,61,-0.2656075409740852,0.05382722552255518,0.07504649733830288,-0.06794611394814765,False,False,False,0.05 to 0.2
LA_JET_M1M2,P1_JET_STOCKS_VS_5Y,4,208,61,-0.022790110480273424,0.8936486933454308,0.2532471105982526,-0.001923886656236773,False,False,False,above 0.2
LA_JET_M1M2,P1_JET_STOCKS_VS_5Y_CHG4,4,208,61,0.08751090231639085,0.573080594554265,0.42052115266618095,0.004441275888849683,False,True,False,above 0.2
LA_JET_M1M2,P3_JET_STOCKS_VS_5Y,4,208,61,-0.25614360007369325,0.23735092666874713,0.22476624363293618,-0.03126670884090821,False,False,False,above 0.2
LA_JET_M1M2,P3_JET_STOCKS_VS_5Y_CHG4,4,208,61,-0.35439468839658617,0.07536596356449253,0.029725769648264903,-0.008261761020366132,False,False,False,0.05 to 0.2
LA_JET_M1M2,P5_JET_STOCKS_VS_5Y,4,208,61,0.11375849197735854,0.46133533557809325,0.22516848415093804,-0.00141487787489325,False,False,False,above 0.2
LA_JET_M1M2,P5_JET_STOCKS_VS_5Y_CHG4,4,208,61,0.19236112734432992,0.2877046486865048,-0.15491415020691837,-0.01117461730614333,False,False,False,above 0.2
LA_JET_M1M2,US_JET_STOCKS_VS_5Y,4,208,61,-0.09246806196782881,0.6649939242169107,0.3734222400798553,-0.005067014826363181,False,False,False,above 0.2
LA_JET_M1M2,US_JET_STOCKS_VS_5Y_CHG4,4,208,61,-0.10891301119969596,0.5447586959591779,0.25862446366362196,0.00011502875958657732,False,False,False,above 0.2
LA_JET_M1M2,P5_DAYS_SUPPLY,4,205,61,0.13581758113455852,0.5806804202366733,-1.0224631409695193,-0.01245782688553132,False,False,False,above 0.2
LA_JET_M1M2,P5_DAYS_SUPPLY_CHG4,4,201,61,0.37402103475130943,0.027392259789550403,-0.1545854828136115,-0.031188097601980935,False,False,False,0.01 to 0.05
LA_JET_M1M2,US_DAYS_SUPPLY,4,205,61,-0.023253793147184638,0.9181753197438872,-1.3575405745937397,0.0036612983742603245,False,True,False,above 0.2
LA_JET_M1M2,US_DAYS_SUPPLY_CHG4,4,201,61,0.2064061799168677,0.32909149438041874,-0.6872378571125113,-0.03943910660259009,False,False,False,above 0.2
LA_JET_M1M2,P5_RUNS_VS_5Y,4,208,61,-0.14124478238111202,0.44325639200115463,-0.36608839218036865,0.006115190574011553,False,True,False,above 0.2
LA_JET_M1M2,P5_RUNS_VS_5Y_CHG4,4,208,61,-0.1500375290045869,0.5800525111351047,-0.9788316603759489,0.03462823093860068,False,True,False,above 0.2
LA_JET_M1M2,P3_RUNS_VS_5Y,4,208,61,0.007622344375682157,0.9596375053145195,0.38672292107577794,0.0005612853667588125,False,True,False,above 0.2
LA_JET_M1M2,P3_RUNS_VS_5Y_CHG4,4,208,61,-0.2063223448803349,0.1362251876589677,1.0085050612210622,-0.022012307749380122,False,False,False,0.05 to 0.2
LA_JET_M1M2,US_UTIL_VS_5Y,4,208,61,-0.10215263846526514,0.5515081687355378,0.34744949790779694,-0.013707690301480335,False,False,False,above 0.2
LA_JET_M1M2,US_UTIL_VS_5Y_CHG4,4,208,61,-0.17335156322350995,0.10686669602091534,0.07547599493549444,-0.002452529752964727,False,False,False,0.05 to 0.2
LA_JET_M1M2,P5_OUTPUT_VS_52W,4,156,61,-0.09836728473138526,0.6267695267804325,0.5129490926658677,-0.012086926437986811,False,False,False,above 0.2
LA_JET_M1M2,P5_OUTPUT_VS_52W_CHG4,4,152,61,-0.5281173093026488,0.01983175531493878,0.5152145636658995,-0.08083239146499799,False,False,False,0.01 to 0.05
LA_JET_M1M2,P3_OUTPUT_VS_52W,4,156,61,-0.20529331944086573,0.3157335679887282,1.5951625726118264,-0.04309650799781095,False,False,False,above 0.2
LA_JET_M1M2,P3_OUTPUT_VS_52W_CHG4,4,152,61,-0.5502668920840547,0.0028029243693643664,1.2535288801383462,-0.12355388013273028,False,False,False,0.001 to 0.01
LA_JET_M1M2,P5_IMPORTS_4W,4,208,61,0.08227138361683503,0.7256852236921609,1.0660876734858076,0.003429878077583659,False,True,False,above 0.2
LA_JET_M1M2,P5_IMPORTS_4W_CHG4,4,208,61,0.24202087343823211,0.1806293520997263,0.0954188295887314,0.004214136368978938,False,True,False,0.05 to 0.2
LA_JET_M1M2,US_DIST_STOCKS_VS_5Y,4,208,61,0.2055049425280489,0.10833963821597803,0.8896138083725341,0.01515107524929138,False,True,False,0.05 to 0.2
LA_JET_M1M2,US_DIST_STOCKS_VS_5Y_CHG4,4,208,61,0.03781763159518224,0.8607566577230884,0.13059080430980258,-8.778955765653684e-05,False,False,False,above 0.2
LA_JET_M1M2,P1_DIST_STOCKS_VS_5Y,4,208,61,0.11628288657464111,0.49654739873816933,2.2545628213807767,0.012723787070346937,False,True,False,above 0.2
LA_JET_M1M2,P1_DIST_STOCKS_VS_5Y_CHG4,4,208,61,-0.06624790797376638,0.7175655867659739,0.6001649172270963,-0.0038716502939184494,False,False,False,above 0.2
LA_JET_M1M2,P1_IMPORTS_4W,4,208,61,-0.19167698485994622,0.2986990347570774,1.555836218257963,-0.04549780915594592,False,False,False,above 0.2
LA_JET_M1M2,P3_EXPORTS_4W,4,208,61,-0.00592360793813616,0.9650880562055077,-1.4983273722477872,0.0013916396340203363,False,True,False,above 0.2
LA_JET_M1M2,P1_STOCK_SURPRISE,4,208,61,0.11948027024950791,0.25228246474272176,-0.05895072658852297,-0.00784162884433992,False,False,False,above 0.2
LA_JET_M1M2,P3_STOCK_SURPRISE,4,208,61,-0.11288742133764647,0.2963008187662186,0.36223770358269486,-0.012022333182163392,False,False,False,above 0.2
LA_JET_M1M2,P5_STOCK_SURPRISE,4,208,61,0.25356238811773196,0.14913185910308566,-0.06608035176194013,-0.010371341843684156,False,False,False,0.05 to 0.2
LA_JET_M1M2,US_STOCK_SURPRISE,4,208,61,0.18295096203161546,0.1613387456298767,0.3840660251178541,0.003175910914481439,False,True,False,0.05 to 0.2
LA_JET_M1M2,US_DEMAND_CHG4,4,201,61,-0.3797338699156856,0.06409601673664081,0.754184317978536,-0.09373987916706139,False,False,False,0.05 to 0.2
LA_JET_M1M2,P5_DEMAND_CHG4,4,201,61,-0.3796493702389559,0.05545471887149974,0.34159450263970637,-0.05451851582110301,False,False,False,0.05 to 0.2
LA_JET_M2M3,P1_JET_STOCKS_VS_5Y,1,208,61,0.05050406333755959,0.586469414094272,-0.03678482669303106,-0.013797710143159447,False,False,False,above 0.2
LA_JET_M2M3,P1_JET_STOCKS_VS_5Y_CHG4,1,208,61,0.0065940363009604945,0.9328960545231654,-0.02836431680520093,-0.002299538580492033,False,False,False,above 0.2
LA_JET_M2M3,P3_JET_STOCKS_VS_5Y,1,208,61,-0.04097704735599411,0.5007063911825689,0.17967883673170973,-0.022569021406900314,False,False,False,above 0.2
LA_JET_M2M3,P3_JET_STOCKS_VS_5Y_CHG4,1,208,61,-0.014576206850483742,0.8499301049728459,0.060358952743299055,0.00030099538733063813,False,False,False,above 0.2
LA_JET_M2M3,P5_JET_STOCKS_VS_5Y,1,208,61,0.018798979291882276,0.7494783611176188,-0.039791023389454325,-0.007136448111359384,False,False,False,above 0.2
LA_JET_M2M3,P5_JET_STOCKS_VS_5Y_CHG4,1,208,61,0.056438726124207,0.4276478833008377,-0.1110656744431163,-0.04687210026254229,False,False,False,above 0.2
LA_JET_M2M3,US_JET_STOCKS_VS_5Y,1,208,61,0.00993787767703632,0.8931301936312812,0.052612906469149616,-0.0003017581157207516,False,False,False,above 0.2
LA_JET_M2M3,US_JET_STOCKS_VS_5Y_CHG4,1,208,61,0.005576526399465821,0.9434952158696146,-0.04404953146848909,-0.00271415561869337,False,False,False,above 0.2
LA_JET_M2M3,P5_DAYS_SUPPLY,1,205,61,-0.03620949210203997,0.6234495195883534,-0.19911926804717522,0.022879397563390302,False,True,False,above 0.2
LA_JET_M2M3,P5_DAYS_SUPPLY_CHG4,1,201,61,0.0762338260002825,0.33627854111449573,-0.11019777382753411,-0.07091905735656812,False,False,False,above 0.2
LA_JET_M2M3,US_DAYS_SUPPLY,1,205,61,-0.09958794098470877,0.20862819649399666,-0.11101843135821594,0.03641608696405241,False,True,False,above 0.2
LA_JET_M2M3,US_DAYS_SUPPLY_CHG4,1,201,61,-0.0647922638533159,0.41439029446606235,-0.12209499073490854,0.05337830067599991,False,True,False,above 0.2
LA_JET_M2M3,P5_RUNS_VS_5Y,1,208,61,-0.049734976744629206,0.5439798461099047,0.04004162100936689,-0.007994574015535383,False,False,False,above 0.2
LA_JET_M2M3,P5_RUNS_VS_5Y_CHG4,1,208,61,-0.07549605101480576,0.3758922058034597,-0.04058651939132712,0.009452378570309117,False,True,False,above 0.2
LA_JET_M2M3,P3_RUNS_VS_5Y,1,208,61,-0.03470662408881302,0.37794407718913126,-0.046428276020761654,0.009604368773841077,False,True,False,above 0.2
LA_JET_M2M3,P3_RUNS_VS_5Y_CHG4,1,208,61,-0.011387515559238722,0.8077132410832567,-0.11629057252257277,0.0044324744096168045,False,True,False,above 0.2
LA_JET_M2M3,US_UTIL_VS_5Y,1,208,61,-0.07234913854910427,0.1621387557440659,0.10728320471303913,-0.01435094802056014,False,False,False,0.05 to 0.2
LA_JET_M2M3,US_UTIL_VS_5Y_CHG4,1,208,61,-0.05774296209178257,0.2746388757323569,-0.04269368421182968,0.014147387362334118,False,True,False,above 0.2
LA_JET_M2M3,P5_OUTPUT_VS_52W,1,156,61,-0.004491870831204413,0.9463759049135747,0.05790655981739297,-0.0014416631688565218,False,False,False,above 0.2
LA_JET_M2M3,P5_OUTPUT_VS_52W_CHG4,1,152,61,-0.10271680423963113,0.0921104902981292,0.06166764551712008,-0.07898127557106394,False,False,False,0.05 to 0.2
LA_JET_M2M3,P3_OUTPUT_VS_52W,1,156,61,-0.07420656910158692,0.2870747524524426,0.07359763574379448,-0.03776268731555388,False,False,False,above 0.2
LA_JET_M2M3,P3_OUTPUT_VS_52W_CHG4,1,152,61,-0.09942131318552157,0.24985409954857862,0.02802118818282672,-0.042048699502677644,False,False,False,above 0.2
LA_JET_M2M3,P5_IMPORTS_4W,1,208,61,0.12073462507052633,0.08875301839844747,0.09400333327033461,0.013944432450893274,False,True,False,0.05 to 0.2
LA_JET_M2M3,P5_IMPORTS_4W_CHG4,1,208,61,0.10456897260304474,0.12433111755723908,0.07575554130093537,0.02644869394245486,False,True,False,0.05 to 0.2
LA_JET_M2M3,US_DIST_STOCKS_VS_5Y,1,208,61,0.041863031487112824,0.5188765030237678,-0.1530524558949709,-0.01718425191934636,False,False,False,above 0.2
LA_JET_M2M3,US_DIST_STOCKS_VS_5Y_CHG4,1,208,61,-0.008908661028904509,0.9006786822110799,-0.08143002628098935,0.005157954509031559,False,True,False,above 0.2
LA_JET_M2M3,P1_DIST_STOCKS_VS_5Y,1,208,61,0.038856264872559734,0.5449097570289458,0.05810109031330218,-0.012174687446298016,False,False,False,above 0.2
LA_JET_M2M3,P1_DIST_STOCKS_VS_5Y_CHG4,1,208,61,-0.09550520913350649,0.25095018784618095,-0.021356137523916473,0.01203047413853553,False,True,False,above 0.2
LA_JET_M2M3,P1_IMPORTS_4W,1,208,61,0.030724628267731244,0.6576076754830082,0.1222664425305886,0.01424838019369834,False,True,False,above 0.2
LA_JET_M2M3,P3_EXPORTS_4W,1,208,61,-0.049809440940039376,0.4784746670388531,-0.187107397934633,0.007563111953337809,False,True,False,above 0.2
LA_JET_M2M3,P1_STOCK_SURPRISE,1,208,61,0.07490411985310892,0.36505324402001893,-0.05299923079810227,-0.07256572981765896,False,False,False,above 0.2
LA_JET_M2M3,P3_STOCK_SURPRISE,1,208,61,-0.00490635622894315,0.9506485134674834,0.04678312159220748,-0.0012508307328711332,False,False,False,above 0.2
LA_JET_M2M3,P5_STOCK_SURPRISE,1,208,61,-0.013623404975084859,0.8755464566908306,-0.03185273895138877,0.001681451752578722,False,True,False,above 0.2
LA_JET_M2M3,US_STOCK_SURPRISE,1,208,61,0.015887119551705173,0.8583910532497147,-0.03840675237985751,-0.005357440615384457,False,False,False,above 0.2
LA_JET_M2M3,US_DEMAND_CHG4,1,201,61,0.12759417171482973,0.09119061002706566,0.11394459520515987,0.06736754056378647,False,True,False,0.05 to 0.2
LA_JET_M2M3,P5_DEMAND_CHG4,1,201,61,0.006155575989278423,0.9228177535125639,0.09078323399729293,0.004358107042756076,False,True,False,above 0.2
LA_JET_M2M3,P1_JET_STOCKS_VS_5Y,2,208,61,0.02169379868224393,0.8792840893936936,-0.0019697296552467184,-0.0003633655352213161,False,False,False,above 0.2
LA_JET_M2M3,P1_JET_STOCKS_VS_5Y_CHG4,2,208,61,0.07558660284645313,0.5179584585513871,-0.026940050215623724,-0.021534613221704912,False,False,False,above 0.2
LA_JET_M2M3,P3_JET_STOCKS_VS_5Y,2,208,61,-0.08328364498249069,0.36923763794385234,0.2652841329365538,-0.03721554558423157,False,False,False,above 0.2
LA_JET_M2M3,P3_JET_STOCKS_VS_5Y_CHG4,2,208,61,-0.11659986693990335,0.3937151295354635,0.1621198220061451,-0.04755404854752365,False,False,False,above 0.2
LA_JET_M2M3,P5_JET_STOCKS_VS_5Y,2,208,61,0.05881395299971235,0.5040916911394706,-0.05875962614832551,-0.014779178544967131,False,False,False,above 0.2
LA_JET_M2M3,P5_JET_STOCKS_VS_5Y_CHG4,2,208,61,0.1516807474598801,0.17058497780658077,-0.20636879736911132,-0.11323724357383291,False,False,False,0.05 to 0.2
LA_JET_M2M3,US_JET_STOCKS_VS_5Y,2,208,61,-0.010177170188335284,0.9264332164031048,0.12964976790379798,-0.0007632150265559634,False,False,False,above 0.2
LA_JET_M2M3,US_JET_STOCKS_VS_5Y_CHG4,2,208,61,0.02790869977264711,0.8475978725254321,-0.032898451548678036,-0.0050462183298680685,False,False,False,above 0.2
LA_JET_M2M3,P5_DAYS_SUPPLY,2,205,61,0.0021796013894145633,0.9857267268671265,-0.3718101836899193,-0.0011972889697782207,False,False,False,above 0.2
LA_JET_M2M3,P5_DAYS_SUPPLY_CHG4,2,201,61,0.20510725501833277,0.11639624466612937,-0.18235397169208895,-0.15636270511420136,False,False,False,0.05 to 0.2
LA_JET_M2M3,US_DAYS_SUPPLY,2,205,61,-0.09034577929553046,0.47187799992126245,-0.21560892087076938,0.036408711153845474,False,True,False,above 0.2
LA_JET_M2M3,US_DAYS_SUPPLY_CHG4,2,201,61,0.043803403521403834,0.7571479741483206,-0.21720008570945792,-0.03307219449047194,False,False,False,above 0.2
LA_JET_M2M3,P5_RUNS_VS_5Y,2,208,61,-0.0037671213297845035,0.9726551512945674,0.08591919589083069,-0.0005394350820715488,False,False,False,above 0.2
LA_JET_M2M3,P5_RUNS_VS_5Y_CHG4,2,208,61,-0.007601880702354583,0.9506517181019072,-0.05168297030054634,0.0015056104731450137,False,True,False,above 0.2
LA_JET_M2M3,P3_RUNS_VS_5Y,2,208,61,-0.050310837865734606,0.5139490916812003,-0.041232627171547624,0.00420940227311517,False,True,False,above 0.2
LA_JET_M2M3,P3_RUNS_VS_5Y_CHG4,2,208,61,-0.060923365567330204,0.4987370326220474,-0.036593118547637034,0.0022022876213095843,False,True,False,above 0.2
LA_JET_M2M3,US_UTIL_VS_5Y,2,208,61,-0.09552283151682833,0.29066863384703845,0.18193603010365808,-0.024041652452760465,False,False,False,above 0.2
LA_JET_M2M3,US_UTIL_VS_5Y_CHG4,2,208,61,-0.1139333191076517,0.2287311544998133,0.0475812064037672,-0.010834744429791154,False,False,False,above 0.2
LA_JET_M2M3,P5_OUTPUT_VS_52W,2,156,61,0.059303535915709686,0.632837156119151,0.12682614635296544,0.014799599126947172,False,True,False,above 0.2
LA_JET_M2M3,P5_OUTPUT_VS_52W_CHG4,2,152,61,-0.1644305255453515,0.15713954836654043,0.1804237250797373,-0.13124150593988282,False,False,False,0.05 to 0.2
LA_JET_M2M3,P3_OUTPUT_VS_52W,2,156,61,-0.12526054303585266,0.16896543725193758,0.06371805060197455,-0.03402748461453253,False,False,False,0.05 to 0.2
LA_JET_M2M3,P3_OUTPUT_VS_52W_CHG4,2,152,61,-0.13745745733773432,0.3169080890960051,0.011785861023257838,-0.027237795766731576,False,False,False,above 0.2
LA_JET_M2M3,P5_IMPORTS_4W,2,208,61,0.1582756970460955,0.14687326385647562,0.21786668626639305,0.015968905242191522,False,True,False,0.05 to 0.2
LA_JET_M2M3,P5_IMPORTS_4W_CHG4,2,208,61,0.15247781780262937,0.13017184174541002,0.1574776358726615,0.032018711288608004,False,True,False,0.05 to 0.2
LA_JET_M2M3,US_DIST_STOCKS_VS_5Y,2,208,61,0.06647161557980741,0.5129258374124943,-0.22595844916721441,-0.015757021429603002,False,False,False,above 0.2
LA_JET_M2M3,US_DIST_STOCKS_VS_5Y_CHG4,2,208,61,-0.0729704467654705,0.5412149881323789,-0.07639705264931437,0.010646916649860727,False,True,False,above 0.2
LA_JET_M2M3,P1_DIST_STOCKS_VS_5Y,2,208,61,0.08166337401414203,0.4187057432911847,-0.0016756991613939296,-0.017944220312514192,False,False,False,above 0.2
LA_JET_M2M3,P1_DIST_STOCKS_VS_5Y_CHG4,2,208,61,-0.12641164140867578,0.32068242082988907,-0.04582517287982071,0.0038325375529996153,False,True,False,above 0.2
LA_JET_M2M3,P1_IMPORTS_4W,2,208,61,0.009102159014018254,0.9299638179742915,0.2267275624626809,0.003350271884579481,False,True,False,above 0.2
LA_JET_M2M3,P3_EXPORTS_4W,2,208,61,-0.05338603713845444,0.6157620299508287,-0.29534020661663607,0.005819867060258832,False,True,False,above 0.2
LA_JET_M2M3,P1_STOCK_SURPRISE,2,208,61,0.061574828988221086,0.6200359803904705,-0.08505567737654744,-0.03476674776235411,False,False,False,above 0.2
LA_JET_M2M3,P3_STOCK_SURPRISE,2,208,61,0.01112562286428019,0.8966112700265065,0.07904241161166857,0.0024511960374569153,False,True,False,above 0.2
LA_JET_M2M3,P5_STOCK_SURPRISE,2,208,61,0.12191785294892882,0.29387803490587916,-0.12165826453291395,-0.058218635593808576,False,False,False,above 0.2
LA_JET_M2M3,US_STOCK_SURPRISE,2,208,61,0.07554687423259421,0.5395691258824713,-0.10954149980508796,-0.027595411584729446,False,False,False,above 0.2
LA_JET_M2M3,US_DEMAND_CHG4,2,201,61,0.04404408316142998,0.7490059754339884,0.20233483344913314,0.029892127856973594,False,True,False,above 0.2
LA_JET_M2M3,P5_DEMAND_CHG4,2,201,61,-0.048405796839803665,0.6426991163028994,0.1451189274655464,-0.030914652318256186,False,False,False,above 0.2
LA_JET_M2M3,P1_JET_STOCKS_VS_5Y,4,208,61,-0.0782098011806098,0.6312098010642988,0.05001320135393032,-0.007053924115040466,False,False,False,above 0.2
LA_JET_M2M3,P1_JET_STOCKS_VS_5Y_CHG4,4,208,61,-0.04928760670475492,0.7343651997940104,0.22001279285412914,-0.006080800253775109,False,False,False,above 0.2
LA_JET_M2M3,P3_JET_STOCKS_VS_5Y,4,208,61,-0.07750539005111899,0.549110335272063,0.19826954658342652,-0.008856968935170517,False,False,False,above 0.2
LA_JET_M2M3,P3_JET_STOCKS_VS_5Y_CHG4,4,208,61,0.028023868683247726,0.8663941803420949,0.36685451724360457,0.0011900040466100714,False,True,False,above 0.2
LA_JET_M2M3,P5_JET_STOCKS_VS_5Y,4,208,61,0.005561420503519203,0.966693455354786,0.12164222350350745,7.41581464772656e-05,False,True,False,above 0.2
LA_JET_M2M3,P5_JET_STOCKS_VS_5Y_CHG4,4,208,61,-0.025626459670225338,0.8560510929905818,-0.3694360686157822,0.0035492603324069893,False,True,False,above 0.2
LA_JET_M2M3,US_JET_STOCKS_VS_5Y,4,208,61,-0.06050630449467938,0.6829048032426892,0.25945231063313556,-0.0032398156317445803,False,False,False,above 0.2
LA_JET_M2M3,US_JET_STOCKS_VS_5Y_CHG4,4,208,61,-0.04680656786921251,0.8056232315833186,0.28456768132187843,-0.0008726966097074573,False,False,False,above 0.2
LA_JET_M2M3,P5_DAYS_SUPPLY,4,205,61,-0.13363483593383163,0.44894395528660613,-0.9524289565864236,0.0194337160325605,False,True,False,above 0.2
LA_JET_M2M3,P5_DAYS_SUPPLY_CHG4,4,201,61,0.04053933554207904,0.8093630560814711,-0.4192239782193195,-0.007942128954847139,False,False,False,above 0.2
LA_JET_M2M3,US_DAYS_SUPPLY,4,205,61,-0.15599340512991042,0.3438224892872924,-0.7722828138952822,0.02644347268179803,False,True,False,above 0.2
LA_JET_M2M3,US_DAYS_SUPPLY_CHG4,4,201,61,-0.09276364361628238,0.5627759918638131,-0.3350367791219224,0.01756119675786849,False,True,False,above 0.2
LA_JET_M2M3,P5_RUNS_VS_5Y,4,208,61,0.19148812748868205,0.1537771981009005,0.200501695503124,0.006641181162448717,False,True,False,0.05 to 0.2
LA_JET_M2M3,P5_RUNS_VS_5Y_CHG4,4,208,61,0.19640527039009995,0.2474219730025905,-0.25454222223969053,-0.036858244571140286,False,False,False,above 0.2
LA_JET_M2M3,P3_RUNS_VS_5Y,4,208,61,-0.0823167518194628,0.4020474610215352,0.5710879729660718,-0.00800358239296206,False,False,False,above 0.2
LA_JET_M2M3,P3_RUNS_VS_5Y_CHG4,4,208,61,-0.09123522694838082,0.4401211842623052,0.6015219094165654,-0.008750405480911772,False,False,False,above 0.2
LA_JET_M2M3,US_UTIL_VS_5Y,4,208,61,-0.20284961636940926,0.11831009441068499,0.6696794854047015,-0.044129983220775104,False,False,False,0.05 to 0.2
LA_JET_M2M3,US_UTIL_VS_5Y_CHG4,4,208,61,-0.1712682336797772,0.22069617165972788,0.15540273549253977,-0.002618466480039272,False,False,False,above 0.2
LA_JET_M2M3,P5_OUTPUT_VS_52W,4,156,61,0.20485071443389566,0.17575736873621162,0.41783021925536223,0.029765486360773252,False,True,False,0.05 to 0.2
LA_JET_M2M3,P5_OUTPUT_VS_52W_CHG4,4,152,61,0.03907417235003324,0.8369081035314995,0.5124046169282279,0.008485431942575006,False,True,False,above 0.2
LA_JET_M2M3,P3_OUTPUT_VS_52W,4,156,61,-0.04278563381242091,0.7481152089039582,0.7008877427566883,-0.008848520570074125,False,False,False,above 0.2
LA_JET_M2M3,P3_OUTPUT_VS_52W_CHG4,4,152,61,-0.007860503717275119,0.9608360984474467,0.5509633592672866,-0.0013773132454770742,False,False,False,above 0.2
LA_JET_M2M3,P5_IMPORTS_4W,4,208,61,0.031008807850303376,0.8297856498884637,0.430065996892955,0.0005420673626410633,False,True,False,above 0.2
LA_JET_M2M3,P5_IMPORTS_4W_CHG4,4,208,61,-0.029353307490712785,0.8222757686145425,0.13948703174818575,-0.0023319484821051617,False,False,False,above 0.2
LA_JET_M2M3,US_DIST_STOCKS_VS_5Y,4,208,61,0.08789804208263666,0.5524699061563985,1.656243448967055,0.009061566395715981,False,True,False,above 0.2
LA_JET_M2M3,US_DIST_STOCKS_VS_5Y_CHG4,4,208,61,-0.026931810067631942,0.8449345830504036,0.4537323292041577,-0.001173057958186785,False,False,False,above 0.2
LA_JET_M2M3,P1_DIST_STOCKS_VS_5Y,4,208,61,0.12425679375845919,0.4145293985208469,1.5368183683521586,0.01437371881101901,False,True,False,above 0.2
LA_JET_M2M3,P1_DIST_STOCKS_VS_5Y_CHG4,4,208,61,-0.012192556811232743,0.940872191426297,0.47247858475984505,-0.0009685553525964341,False,False,False,above 0.2
LA_JET_M2M3,P1_IMPORTS_4W,4,208,61,0.14833169612362512,0.32655922670211757,0.8461347296929335,0.035141798389811685,False,True,False,above 0.2
LA_JET_M2M3,P3_EXPORTS_4W,4,208,61,-0.024770446231169495,0.8522607562648898,-1.1355225255949553,0.0075396632459157065,False,True,False,above 0.2
LA_JET_M2M3,P1_STOCK_SURPRISE,4,208,61,-0.013300893628726988,0.8932782439532599,-0.07531293890953084,0.0007266627132477277,False,True,False,above 0.2
LA_JET_M2M3,P3_STOCK_SURPRISE,4,208,61,-0.06627925219194203,0.5544971810412673,0.23220491297469115,-0.007452416428010755,False,False,False,above 0.2
LA_JET_M2M3,P5_STOCK_SURPRISE,4,208,61,0.1028621970334872,0.357531311801236,-0.41111010241007107,-0.017168052648940613,False,False,False,above 0.2
LA_JET_M2M3,US_STOCK_SURPRISE,4,208,61,-0.06797396363429888,0.6214089171456512,0.03805191505266509,-0.0004089044330182201,False,False,False,above 0.2
LA_JET_M2M3,US_DEMAND_CHG4,4,201,61,0.24947379474614803,0.12391794954342958,0.4090877843107489,0.0469297328063043,False,True,False,0.05 to 0.2
LA_JET_M2M3,P5_DEMAND_CHG4,4,201,61,0.07690115307052958,0.5917358438361927,0.38645468524223964,0.01556950198327034,False,True,False,above 0.2
GC_JET_M1M2,P1_JET_STOCKS_VS_5Y,1,208,61,-0.07626080735072086,0.14110352626498743,0.10307910004641758,-0.1100245082003386,False,False,False,0.05 to 0.2
GC_JET_M1M2,P1_JET_STOCKS_VS_5Y_CHG4,1,208,61,-0.11539030572594464,0.022563041353720864,0.14819406219397488,-0.218951210339827,False,False,False,0.01 to 0.05
GC_JET_M1M2,P3_JET_STOCKS_VS_5Y,1,208,61,0.09590337664302478,0.053002717450802726,-0.18385694941036196,-0.05653182825104941,False,False,False,0.05 to 0.2
GC_JET_M1M2,P3_JET_STOCKS_VS_5Y_CHG4,1,208,61,0.06443057377214427,0.20806066548430047,-0.10068282159328502,-0.029912390952573142,False,False,False,above 0.2
GC_JET_M1M2,P5_JET_STOCKS_VS_5Y,1,208,61,0.03717131368666829,0.4212059413279766,0.2502327814619328,0.04728206960326975,False,True,False,above 0.2
GC_JET_M1M2,P5_JET_STOCKS_VS_5Y_CHG4,1,208,61,0.06786570234987135,0.15969954943627684,0.1463393209999008,0.014394583167730901,False,True,False,0.05 to 0.2
GC_JET_M1M2,US_JET_STOCKS_VS_5Y,1,208,61,0.04093658600730446,0.43306537460266403,0.2416060067346478,0.029130901442262158,False,True,False,above 0.2
GC_JET_M1M2,US_JET_STOCKS_VS_5Y_CHG4,1,208,61,-0.010087240494613667,0.8375158992883871,0.24024988595448066,-0.011378334278107305,False,False,False,above 0.2
GC_JET_M1M2,P5_DAYS_SUPPLY,1,205,61,-0.08469105682693658,0.11905846235265291,0.0918772019519629,-0.0512012190753679,False,False,False,0.05 to 0.2
GC_JET_M1M2,P5_DAYS_SUPPLY_CHG4,1,201,61,0.078814965908729,0.15461977386805814,0.08236392974683839,-0.013427919717359682,False,False,False,0.05 to 0.2
GC_JET_M1M2,US_DAYS_SUPPLY,1,205,61,-0.06034295358482676,0.2732513029523279,-0.07184490731773872,-0.01191166997100579,False,False,False,above 0.2
GC_JET_M1M2,US_DAYS_SUPPLY_CHG4,1,201,61,0.010435977431202417,0.7984806337988859,0.05646840248099978,0.0019852781159114263,False,True,False,above 0.2
GC_JET_M1M2,P5_RUNS_VS_5Y,1,208,61,0.09630403811344627,0.04199486503926429,0.007483226106852484,-0.029055042996816827,False,False,False,0.01 to 0.05
GC_JET_M1M2,P5_RUNS_VS_5Y_CHG4,1,208,61,0.11727231446945942,0.044796164927576536,-0.0697159805656719,-0.13109692594430533,False,False,False,0.01 to 0.05
GC_JET_M1M2,P3_RUNS_VS_5Y,1,208,61,0.0015656781678374705,0.97516049028797,0.15335783813362955,0.0015238617035596702,False,True,False,above 0.2
GC_JET_M1M2,P3_RUNS_VS_5Y_CHG4,1,208,61,-0.03821166275834155,0.3518014455371409,0.1665725289532775,-0.023721707780473222,False,False,False,above 0.2
GC_JET_M1M2,US_UTIL_VS_5Y,1,208,61,0.006380243707185777,0.89103878619884,0.10410036141643927,0.007747629728294014,False,True,False,above 0.2
GC_JET_M1M2,US_UTIL_VS_5Y_CHG4,1,208,61,-0.018143113169870682,0.6969942998525467,0.07655278867793443,-0.007229170781979155,False,False,False,above 0.2
GC_JET_M1M2,P5_OUTPUT_VS_52W,1,156,61,0.16198036073100797,0.00011005968713007071,0.0729486549610095,-0.08864875709549214,True,False,False,p below 0.001
GC_JET_M1M2,P5_OUTPUT_VS_52W_CHG4,1,152,61,0.11171794781389045,0.016388005650923763,0.025181161996607783,-0.03910525824070343,False,False,False,0.01 to 0.05
GC_JET_M1M2,P3_OUTPUT_VS_52W,1,156,61,0.043454950648464,0.47994247234916176,0.25395504249347844,0.0519121739057582,False,True,False,above 0.2
GC_JET_M1M2,P3_OUTPUT_VS_52W_CHG4,1,152,61,0.01481019049619682,0.8222651393454997,0.11069511395683435,0.009421179974324456,False,True,False,above 0.2
GC_JET_M1M2,P5_IMPORTS_4W,1,208,61,0.07868523669597667,0.2233530186153596,-0.031736816594879994,-0.05448578881456201,False,False,False,above 0.2
GC_JET_M1M2,P5_IMPORTS_4W_CHG4,1,208,61,-0.01170603478013331,0.8657993014105705,-0.07630655464174513,-0.0019382462951280655,False,False,False,above 0.2
GC_JET_M1M2,US_DIST_STOCKS_VS_5Y,1,208,61,0.045160250433012104,0.15621152105300326,0.4677348868773642,0.012412364326122138,False,True,False,0.05 to 0.2
GC_JET_M1M2,US_DIST_STOCKS_VS_5Y_CHG4,1,208,61,-0.006485136102254315,0.8818193848008706,0.038170247564849505,-0.000589152900193346,False,False,False,above 0.2
GC_JET_M1M2,P1_DIST_STOCKS_VS_5Y,1,208,61,0.0425777189930621,0.22763495946333423,0.39139270860114084,0.01652538888206545,False,True,False,above 0.2
GC_JET_M1M2,P1_DIST_STOCKS_VS_5Y_CHG4,1,208,61,-0.012094919973528375,0.8225146832007729,-0.007182759655867366,0.002564472258243411,False,True,False,above 0.2
GC_JET_M1M2,P1_IMPORTS_4W,1,208,61,-0.09276418479185529,0.059530648440103966,0.16103680189909553,-0.10075612402031564,False,False,False,0.05 to 0.2
GC_JET_M1M2,P3_EXPORTS_4W,1,208,61,0.021428949408902564,0.5861367198142002,-0.20176610656700106,-0.022882860019893148,False,False,False,above 0.2
GC_JET_M1M2,P1_STOCK_SURPRISE,1,208,61,-0.08969335878348716,0.04895860503249576,0.07748118545816234,-0.11439230893596797,False,False,False,0.01 to 0.05
GC_JET_M1M2,P3_STOCK_SURPRISE,1,208,61,0.08440728039240988,0.13720831046741452,-0.07224823706822057,-0.0712222527638835,False,False,False,0.05 to 0.2
GC_JET_M1M2,P5_STOCK_SURPRISE,1,208,61,0.024575550514243892,0.5850119062333251,0.046527874806643346,0.003198735029684485,False,True,False,above 0.2
GC_JET_M1M2,US_STOCK_SURPRISE,1,208,61,-0.04229454499248003,0.37205769114466314,0.09731491108005604,-0.025158735402350363,False,False,False,above 0.2
GC_JET_M1M2,US_DEMAND_CHG4,1,201,61,-0.0025503912922110587,0.9476388784170964,0.004192328506880689,-0.0006813556560398837,False,False,False,above 0.2
GC_JET_M1M2,P5_DEMAND_CHG4,1,201,61,-0.010900687176514906,0.8488540910095336,0.0053687846161047815,-0.0036059574150102414,False,False,False,above 0.2
GC_JET_M1M2,P1_JET_STOCKS_VS_5Y,2,208,61,-0.0685910443747918,0.44807567631066914,0.05471722997685418,-0.04018328292070761,False,False,False,above 0.2
GC_JET_M1M2,P1_JET_STOCKS_VS_5Y_CHG4,2,208,61,-0.1527095415457163,0.009535373445229353,0.17699232142064167,-0.11792511052787646,False,False,False,0.001 to 0.01
GC_JET_M1M2,P3_JET_STOCKS_VS_5Y,2,208,61,0.12111123057911502,0.05059438941700225,-0.1993316674622348,-0.011126793502902244,False,False,False,0.05 to 0.2
GC_JET_M1M2,P3_JET_STOCKS_VS_5Y_CHG4,2,208,61,-0.03062908848372709,0.693772069013206,0.012355322025448324,-0.005761521769548583,False,False,False,above 0.2
GC_JET_M1M2,P5_JET_STOCKS_VS_5Y,2,208,61,0.05330128631904077,0.4337152091333143,0.4359613073964147,0.038742461952036567,False,True,False,above 0.2
GC_JET_M1M2,P5_JET_STOCKS_VS_5Y_CHG4,2,208,61,0.12207710848081096,0.06601334152404646,0.3014679806009154,0.019360521473836823,False,True,False,0.05 to 0.2
GC_JET_M1M2,US_JET_STOCKS_VS_5Y,2,208,61,0.09756929766563868,0.18841391258710805,0.3122250821199797,0.03785762595108921,False,True,False,0.05 to 0.2
GC_JET_M1M2,US_JET_STOCKS_VS_5Y_CHG4,2,208,61,-0.04690147137720299,0.5685191298828021,0.45107985290804303,-0.03322619774457558,False,False,False,above 0.2
GC_JET_M1M2,P5_DAYS_SUPPLY,2,205,61,-0.15459580816116109,0.13125540971958044,-0.031035464445472116,-0.028176971249461946,False,False,False,0.05 to 0.2
GC_JET_M1M2,P5_DAYS_SUPPLY_CHG4,2,201,61,0.1337552044102169,0.0657500405372098,0.11378901831876306,-0.0256040261190722,False,False,False,0.05 to 0.2
GC_JET_M1M2,US_DAYS_SUPPLY,2,205,61,-0.12172856341493478,0.17440576647411166,-0.3588875313736625,0.02056938393092278,False,True,False,0.05 to 0.2
GC_JET_M1M2,US_DAYS_SUPPLY_CHG4,2,201,61,-0.05636011370358526,0.3762966502437043,-0.049915135972077786,0.007985876531332092,False,True,False,above 0.2
GC_JET_M1M2,P5_RUNS_VS_5Y,2,208,61,0.0888268779856553,0.1971592980098299,-0.044019516676472706,-0.015295181607665409,False,False,False,0.05 to 0.2
GC_JET_M1M2,P5_RUNS_VS_5Y_CHG4,2,208,61,0.17824757575982797,0.061199668766905045,-0.1936067247348983,-0.1389324346140206,False,False,False,0.05 to 0.2
GC_JET_M1M2,P3_RUNS_VS_5Y,2,208,61,0.018835293853301693,0.8030921163875534,0.2688180273099541,0.011752719190316951,False,True,False,above 0.2
GC_JET_M1M2,P3_RUNS_VS_5Y_CHG4,2,208,61,-0.05560080188715166,0.39602550483693255,0.39417223179922506,-0.0247767157519585,False,False,False,above 0.2
GC_JET_M1M2,US_UTIL_VS_5Y,2,208,61,0.0199872596368203,0.7729141816820836,0.1558143145841304,0.015772973034880677,False,True,False,above 0.2
GC_JET_M1M2,US_UTIL_VS_5Y_CHG4,2,208,61,-0.005240622288240227,0.940346211964709,0.14175564916221403,-0.0012076562318907857,False,False,False,above 0.2
GC_JET_M1M2,P5_OUTPUT_VS_52W,2,156,61,0.37701456712129877,0.0005282364600072726,0.18175884869416548,-0.12414143918662046,False,False,False,p below 0.001
GC_JET_M1M2,P5_OUTPUT_VS_52W_CHG4,2,152,61,0.29302880370529216,0.0008673510403815578,0.13079541170509362,-0.03850006733514166,False,False,False,p below 0.001
GC_JET_M1M2,P3_OUTPUT_VS_52W,2,156,61,0.022948844864870706,0.7819475686891014,0.5804182272488464,0.021054989837340332,False,True,False,above 0.2
GC_JET_M1M2,P3_OUTPUT_VS_52W_CHG4,2,152,61,0.002470021561022849,0.9808337713842976,0.4083067370798086,0.0017236023726651117,False,True,False,above 0.2
GC_JET_M1M2,P5_IMPORTS_4W,2,208,61,0.19795706295864002,0.055963241173829975,0.12976592355761266,-0.0681768917927994,False,False,False,0.05 to 0.2
GC_JET_M1M2,P5_IMPORTS_4W_CHG4,2,208,61,0.07177292003978705,0.5823261016387179,-0.07014262455602141,0.010558512928768082,False,False,False,above 0.2
GC_JET_M1M2,US_DIST_STOCKS_VS_5Y,2,208,61,0.09442587795348922,0.09758499222293816,0.7469224581426226,0.021534619537476152,False,True,False,0.05 to 0.2
GC_JET_M1M2,US_DIST_STOCKS_VS_5Y_CHG4,2,208,61,-0.0006798335401413409,0.9942196156424892,0.10077034537040314,-5.143479949909491e-05,False,False,False,above 0.2
GC_JET_M1M2,P1_DIST_STOCKS_VS_5Y,2,208,61,0.09109707953525542,0.12672388578484514,0.9453545503335846,0.031902294997902314,False,True,False,0.05 to 0.2
GC_JET_M1M2,P1_DIST_STOCKS_VS_5Y_CHG4,2,208,61,-0.022214571759995555,0.8203881920224761,0.21261180056776094,-0.003445957088773266,False,False,False,above 0.2
GC_JET_M1M2,P1_IMPORTS_4W,2,208,61,-0.24603423439905547,0.0013317982735956983,0.3750733521530056,-0.20468006663508986,False,False,False,0.001 to 0.01
GC_JET_M1M2,P3_EXPORTS_4W,2,208,61,0.05492050586782831,0.4298800098782789,-0.5228637914782438,-0.04873020300607078,False,False,False,above 0.2
GC_JET_M1M2,P1_STOCK_SURPRISE,2,208,61,-0.10969047400395959,0.11935961668561167,0.016133020424804866,-0.026812234896212095,False,False,False,0.05 to 0.2
GC_JET_M1M2,P3_STOCK_SURPRISE,2,208,61,0.11735012623327201,0.06841309846467936,0.05198031740274586,1.3636596177368787e-05,False,True,False,0.05 to 0.2
GC_JET_M1M2,P5_STOCK_SURPRISE,2,208,61,0.03051011662699736,0.6503081525166283,0.14738186871406936,0.006056762534441873,False,True,False,above 0.2
GC_JET_M1M2,US_STOCK_SURPRISE,2,208,61,0.010016839263066568,0.8643517090820226,0.21610749893730566,0.003468367869127853,False,True,False,above 0.2
GC_JET_M1M2,US_DEMAND_CHG4,2,201,61,0.05941370063395976,0.4133959160984172,0.15611986924618787,0.027676577719885187,False,True,False,above 0.2
GC_JET_M1M2,P5_DEMAND_CHG4,2,201,61,0.027369726786282585,0.7323750846025711,0.06776198188699029,0.008452649541927815,False,True,False,above 0.2
GC_JET_M1M2,P1_JET_STOCKS_VS_5Y,4,208,61,-0.009886917726007754,0.9421205306722279,0.06726378965439513,-0.003055011969343102,False,False,False,above 0.2
GC_JET_M1M2,P1_JET_STOCKS_VS_5Y_CHG4,4,208,61,-0.1982607683554145,0.05449596699629454,0.39910995758971635,-0.09348134983932699,False,False,False,0.05 to 0.2
GC_JET_M1M2,P3_JET_STOCKS_VS_5Y,4,208,61,0.13313244119464532,0.20140488956930214,-0.82062717484608,-0.015851621802299265,False,False,False,above 0.2
GC_JET_M1M2,P3_JET_STOCKS_VS_5Y_CHG4,4,208,61,-0.08852078485032414,0.36744564466596197,-0.19875709090751273,-0.0008702352058735929,False,False,False,above 0.2
GC_JET_M1M2,P5_JET_STOCKS_VS_5Y,4,208,61,0.017037890536881404,0.8700250794704991,0.6288233470703025,0.005939943510232526,False,True,False,above 0.2
GC_JET_M1M2,P5_JET_STOCKS_VS_5Y_CHG4,4,208,61,0.1239410628012155,0.30748803524409696,0.4285085085049118,0.006183616171627659,False,True,False,above 0.2
GC_JET_M1M2,US_JET_STOCKS_VS_5Y,4,208,61,0.1563448601342544,0.1833402406126492,-0.17816820523072724,0.02072487556119451,False,False,False,0.05 to 0.2
GC_JET_M1M2,US_JET_STOCKS_VS_5Y_CHG4,4,208,61,-0.1192297940233071,0.43365827356996434,0.5404601624600873,-0.03627492395852783,False,False,False,above 0.2
GC_JET_M1M2,P5_DAYS_SUPPLY,4,205,61,-0.30793630491682444,0.03384143073897325,-0.41810400024538535,-0.005841043805819401,False,False,False,0.01 to 0.05
GC_JET_M1M2,P5_DAYS_SUPPLY_CHG4,4,201,61,0.07953046281413906,0.503701564854407,-0.08387776637746519,-0.018843581441125856,False,False,False,above 0.2
GC_JET_M1M2,US_DAYS_SUPPLY,4,205,61,-0.2742496447549726,0.08032368362209817,-1.0341224417423953,0.05950644153994855,False,True,False,0.05 to 0.2
GC_JET_M1M2,US_DAYS_SUPPLY_CHG4,4,201,61,-0.2536700428291406,0.01603802237066865,-0.4472504215236214,0.06841884640156848,False,True,False,0.01 to 0.05
GC_JET_M1M2,P5_RUNS_VS_5Y,4,208,61,-0.003658571891302708,0.9668703798002797,0.22510875330740768,-0.0005446483256086321,False,False,False,above 0.2
GC_JET_M1M2,P5_RUNS_VS_5Y_CHG4,4,208,61,0.18551291161959765,0.14148365566200358,-0.1490907584342722,-0.04407325937540296,False,False,False,0.05 to 0.2
GC_JET_M1M2,P3_RUNS_VS_5Y,4,208,61,0.03274381700741544,0.7340394633342441,0.1559344536543453,0.010302216902571826,False,True,False,above 0.2
GC_JET_M1M2,P3_RUNS_VS_5Y_CHG4,4,208,61,-0.11976709383807126,0.17105609343600747,0.9435196069743236,-0.038487057810478786,False,False,False,0.05 to 0.2
GC_JET_M1M2,US_UTIL_VS_5Y,4,208,61,-0.04475719188530961,0.6432054477568658,0.09320699687666714,-0.023147902235165496,False,False,False,above 0.2
GC_JET_M1M2,US_UTIL_VS_5Y_CHG4,4,208,61,-0.05829910369138888,0.4898953940761175,0.5095592528727353,-0.013487060577165089,False,False,False,above 0.2
GC_JET_M1M2,P5_OUTPUT_VS_52W,4,156,61,0.3589374409819896,0.0004081886920512687,0.48521747751946376,0.03221320761845914,True,True,True,p below 0.001
GC_JET_M1M2,P5_OUTPUT_VS_52W_CHG4,4,152,61,0.31865981433551194,0.00013191395706336367,0.67483804991654,0.0835821087325318,True,True,True,p below 0.001
GC_JET_M1M2,P3_OUTPUT_VS_52W,4,156,61,0.06564080429626452,0.4652933361270237,0.7932012455691829,0.02998851185378215,False,True,False,above 0.2
GC_JET_M1M2,P3_OUTPUT_VS_52W_CHG4,4,152,61,0.05784344036965399,0.6174108948913984,0.9894631021901295,0.028788352674816053,False,True,False,above 0.2
GC_JET_M1M2,P5_IMPORTS_4W,4,208,61,0.39965231229679987,0.00460161590020562,0.356271709033475,-0.09372895488292854,False,False,False,0.001 to 0.01
GC_JET_M1M2,P5_IMPORTS_4W_CHG4,4,208,61,0.2615990017742147,0.1850016189465562,-0.12717504099531293,0.016550434100384814,False,False,False,0.05 to 0.2
GC_JET_M1M2,US_DIST_STOCKS_VS_5Y,4,208,61,0.17148414262995243,0.08440684473516664,1.2369037291738167,0.034900353085897895,False,True,False,0.05 to 0.2
GC_JET_M1M2,US_DIST_STOCKS_VS_5Y_CHG4,4,208,61,0.03768428264392233,0.7938017913746863,0.2559653509271117,0.0021509194788131847,False,True,False,above 0.2
GC_JET_M1M2,P1_DIST_STOCKS_VS_5Y,4,208,61,0.16516664795805125,0.08649321487041932,1.8379080923236226,0.04604297763524534,False,True,False,0.05 to 0.2
GC_JET_M1M2,P1_DIST_STOCKS_VS_5Y_CHG4,4,208,61,0.01427205997724454,0.9239847253773757,0.6317056291529315,0.002396127432069517,False,True,False,above 0.2
GC_JET_M1M2,P1_IMPORTS_4W,4,208,61,-0.3623454965407768,0.0001639547099379767,0.7489563785775948,-0.18494566174346194,True,False,False,p below 0.001
GC_JET_M1M2,P3_EXPORTS_4W,4,208,61,0.09521566494329539,0.36877156861191196,-1.346993603859819,-0.0652193927766096,False,False,False,above 0.2
GC_JET_M1M2,P1_STOCK_SURPRISE,4,208,61,-0.13893494674491394,0.028455525993231073,0.19455802154266852,-0.03853584062001092,False,False,False,0.01 to 0.05
GC_JET_M1M2,P3_STOCK_SURPRISE,4,208,61,0.08444009378696309,0.11225166109748544,-0.062182403164726896,-0.005661207143001334,False,False,False,0.05 to 0.2
GC_JET_M1M2,P5_STOCK_SURPRISE,4,208,61,0.07914802846785617,0.2761512973031124,0.10200949800120243,0.0009809325419248838,False,True,False,above 0.2
GC_JET_M1M2,US_STOCK_SURPRISE,4,208,61,-0.017819965228489075,0.819796108375148,0.45027756949445147,-0.004205042500825984,False,False,False,above 0.2
GC_JET_M1M2,US_DEMAND_CHG4,4,201,61,0.27885037811399876,0.006658112146712457,0.543616524196926,0.11414589868382097,False,True,False,0.001 to 0.01
GC_JET_M1M2,P5_DEMAND_CHG4,4,201,61,0.1531287940172266,0.19504522965951165,0.35669132667584885,0.05150637667981206,False,True,False,0.05 to 0.2
GC_JET_M2M3,P1_JET_STOCKS_VS_5Y,1,208,61,0.021920701017177486,0.6283448513503459,-0.06743369985569898,-0.00627225048596336,False,False,False,above 0.2
GC_JET_M2M3,P1_JET_STOCKS_VS_5Y_CHG4,1,208,61,0.027172318157329935,0.5993495664214399,-0.030973132357210328,-0.00612698270575196,False,False,False,above 0.2
GC_JET_M2M3,P3_JET_STOCKS_VS_5Y,1,208,61,-0.012456507801390107,0.7031998789549834,-0.08357633975162046,0.0012046300117198872,False,True,False,above 0.2
GC_JET_M2M3,P3_JET_STOCKS_VS_5Y_CHG4,1,208,61,-0.033291200439875185,0.33287977058586227,0.010812311706831654,-0.003331918706440007,False,False,False,above 0.2
GC_JET_M2M3,P5_JET_STOCKS_VS_5Y,1,208,61,-0.018634831391667862,0.5070132391581037,0.28485567880462637,-0.016732840105227798,False,False,False,above 0.2
GC_JET_M2M3,P5_JET_STOCKS_VS_5Y_CHG4,1,208,61,0.010022025524046296,0.78565411327812,0.10964436466087832,0.004746282630588516,False,True,False,above 0.2
GC_JET_M2M3,US_JET_STOCKS_VS_5Y,1,208,61,0.01687952705019798,0.6519383350124229,-0.030349035353987013,6.219083388492308e-05,False,False,False,above 0.2
GC_JET_M2M3,US_JET_STOCKS_VS_5Y_CHG4,1,208,61,0.017192423850006903,0.731811077929136,-0.00771227619015923,-0.0001519178696327561,False,False,False,above 0.2
GC_JET_M2M3,P5_DAYS_SUPPLY,1,205,61,-0.08393842646860923,0.03410168693022992,-0.014800038997955137,-0.025314300339720486,False,False,False,0.01 to 0.05
GC_JET_M2M3,P5_DAYS_SUPPLY_CHG4,1,201,61,0.024033705296968695,0.58040274560452,0.046503504920359255,0.0023546675958239227,False,True,False,above 0.2
GC_JET_M2M3,US_DAYS_SUPPLY,1,205,61,-0.031863900644132574,0.39779079696896136,-0.1737181710171319,0.014600000571570404,False,True,False,above 0.2
GC_JET_M2M3,US_DAYS_SUPPLY_CHG4,1,201,61,-0.00880237619949431,0.8152607125814706,-0.09815576283644402,0.004624266740753891,False,True,False,above 0.2
GC_JET_M2M3,P5_RUNS_VS_5Y,1,208,61,-0.023041951263949898,0.5144637946106222,0.05766125195057321,-0.01014566869131639,False,False,False,above 0.2
GC_JET_M2M3,P5_RUNS_VS_5Y_CHG4,1,208,61,0.05444148440810936,0.14671716786160313,-0.01953614129180373,-0.019161767133912155,False,False,False,0.05 to 0.2
GC_JET_M2M3,P3_RUNS_VS_5Y,1,208,61,0.0587711350606282,0.11872742873587024,0.008134978623960419,0.006431020143672028,False,True,False,0.05 to 0.2
GC_JET_M2M3,P3_RUNS_VS_5Y_CHG4,1,208,61,0.03342129715977469,0.4015233482454432,0.008417810399349112,0.0016277303995262393,False,True,False,above 0.2
GC_JET_M2M3,US_UTIL_VS_5Y,1,208,61,0.02824762782948869,0.493420683603375,0.06110202674647139,0.011244202475863996,False,True,False,above 0.2
GC_JET_M2M3,US_UTIL_VS_5Y_CHG4,1,208,61,0.03552417311275083,0.3577747229068453,0.06449403797543457,0.006953613577706297,False,True,False,above 0.2
GC_JET_M2M3,P5_OUTPUT_VS_52W,1,156,61,0.03929878511560813,0.4365328924926599,0.0398178467408571,0.005000986548350128,False,True,False,above 0.2
GC_JET_M2M3,P5_OUTPUT_VS_52W_CHG4,1,152,61,0.09431529168295365,0.03237077056590613,0.0693128618410022,0.0033408846004798765,False,True,False,0.01 to 0.05
GC_JET_M2M3,P3_OUTPUT_VS_52W,1,156,61,0.010572859152689913,0.7867232591719555,0.06841219291262193,0.00332299844202133,False,True,False,above 0.2
GC_JET_M2M3,P3_OUTPUT_VS_52W_CHG4,1,152,61,0.021874957146997207,0.5876006046605784,0.09298204463148083,0.008943663285691517,False,True,False,above 0.2
GC_JET_M2M3,P5_IMPORTS_4W,1,208,61,0.07420619896984414,0.07114511515293932,0.09086466343127879,-0.021462405831363274,False,False,False,0.05 to 0.2
GC_JET_M2M3,P5_IMPORTS_4W_CHG4,1,208,61,0.0009666830566414982,0.9808131644826783,-0.005303748931668166,6.478881416582816e-06,False,False,False,above 0.2
GC_JET_M2M3,US_DIST_STOCKS_VS_5Y,1,208,61,0.03367278588827028,0.3087634233138894,0.01707026204359271,0.004927881725016681,False,True,False,above 0.2
GC_JET_M2M3,US_DIST_STOCKS_VS_5Y_CHG4,1,208,61,-0.01155088181982256,0.7783569660139338,0.01944104217062581,-0.0009549024163579833,False,False,False,above 0.2
GC_JET_M2M3,P1_DIST_STOCKS_VS_5Y,1,208,61,0.03538559613998931,0.321799784361976,0.314324242187828,0.010612924485149944,False,True,False,above 0.2
GC_JET_M2M3,P1_DIST_STOCKS_VS_5Y_CHG4,1,208,61,0.01790322900944757,0.670008276029463,0.0998984432526774,0.006279569793583795,False,True,False,above 0.2
GC_JET_M2M3,P1_IMPORTS_4W,1,208,61,-0.03713158255158367,0.31883120601402115,-0.006746353540117482,-0.008459902054168689,False,False,False,above 0.2
GC_JET_M2M3,P3_EXPORTS_4W,1,208,61,0.028391264326903226,0.4021173915091224,-0.3223879282865589,-0.03035524387354349,False,False,False,above 0.2
GC_JET_M2M3,P1_STOCK_SURPRISE,1,208,61,0.04385807393220537,0.3082711707403941,0.04713563146664652,0.010633795060467022,False,True,False,above 0.2
GC_JET_M2M3,P3_STOCK_SURPRISE,1,208,61,-0.033630252059107114,0.34488750835738513,-0.010317762097372955,-0.001974139781471873,False,False,False,above 0.2
GC_JET_M2M3,P5_STOCK_SURPRISE,1,208,61,0.02484421007861935,0.6458568971671845,0.18401697902873781,0.019967623369087084,False,True,False,above 0.2
GC_JET_M2M3,US_STOCK_SURPRISE,1,208,61,0.018780667599871438,0.7331740434086267,0.19411795502449317,0.014492425242979112,False,True,False,above 0.2
GC_JET_M2M3,US_DEMAND_CHG4,1,201,61,0.025340461622898883,0.4512543649430313,0.10400552043321484,0.015749767142049342,False,True,False,above 0.2
GC_JET_M2M3,P5_DEMAND_CHG4,1,201,61,-0.017827717858011263,0.6726785756489934,0.011629098788407757,-0.003384328930567948,False,False,False,above 0.2
GC_JET_M2M3,P1_JET_STOCKS_VS_5Y,2,208,61,0.004125347409832683,0.9525859551377797,-0.22175124458789658,-0.0013348795716856543,False,False,False,above 0.2
GC_JET_M2M3,P1_JET_STOCKS_VS_5Y_CHG4,2,208,61,0.01558677280024615,0.8258485154602628,-0.09580984975155404,-0.002209805598611503,False,False,False,above 0.2
GC_JET_M2M3,P3_JET_STOCKS_VS_5Y,2,208,61,0.009426514923954327,0.8650209087845592,-0.09738142651358085,-0.000572214797744941,False,False,False,above 0.2
GC_JET_M2M3,P3_JET_STOCKS_VS_5Y_CHG4,2,208,61,-0.03796004111545696,0.51540856943745,0.06636161014348034,-0.004594474909394464,False,False,False,above 0.2
GC_JET_M2M3,P5_JET_STOCKS_VS_5Y,2,208,61,-0.04534472688303204,0.4099368527063918,0.21054807147747467,-0.020992955304374172,False,False,False,above 0.2
GC_JET_M2M3,P5_JET_STOCKS_VS_5Y_CHG4,2,208,61,-0.013768925470449308,0.7951583799554284,0.12774667034596318,-0.0030863560797014244,False,False,False,above 0.2
GC_JET_M2M3,US_JET_STOCKS_VS_5Y,2,208,61,0.030493264179563752,0.6290961171750407,-0.3367849949083144,-0.004534846024197181,False,False,False,above 0.2
GC_JET_M2M3,US_JET_STOCKS_VS_5Y_CHG4,2,208,61,0.006801881581378404,0.9338610225518313,-0.060383857974167184,-7.590564997861371e-05,False,False,False,above 0.2
GC_JET_M2M3,P5_DAYS_SUPPLY,2,205,61,-0.15013415011700598,0.03477066495025842,-0.15073280532044492,-0.025687431207512823,False,False,False,0.01 to 0.05
GC_JET_M2M3,P5_DAYS_SUPPLY_CHG4,2,201,61,0.04252147017591653,0.5133847575492974,0.0726088524186968,0.0006527961151997497,False,True,False,above 0.2
GC_JET_M2M3,US_DAYS_SUPPLY,2,205,61,-0.04439966013152725,0.49612177818277636,-0.36317008543040064,0.01737575461724261,False,True,False,above 0.2
GC_JET_M2M3,US_DAYS_SUPPLY_CHG4,2,201,61,-0.03911744683776201,0.4854279544313478,-0.15344270418026687,0.012055424086979571,False,True,False,above 0.2
GC_JET_M2M3,P5_RUNS_VS_5Y,2,208,61,-0.030966944472120245,0.6239559627082933,0.09565504474984927,-0.010870321685626738,False,False,False,above 0.2
GC_JET_M2M3,P5_RUNS_VS_5Y_CHG4,2,208,61,0.12263430359036512,0.04923403501002157,-0.054652859099447844,-0.04720686733221946,False,False,False,0.01 to 0.05
GC_JET_M2M3,P3_RUNS_VS_5Y,2,208,61,0.11345860303386415,0.1463032847904069,-0.14361943659390922,0.005264827019961227,False,False,False,0.05 to 0.2
GC_JET_M2M3,P3_RUNS_VS_5Y_CHG4,2,208,61,0.07526933854683504,0.31148220859760534,0.0032767381121771148,0.005991767012141325,False,True,False,above 0.2
GC_JET_M2M3,US_UTIL_VS_5Y,2,208,61,0.044552661908309615,0.6204134941668408,-0.042789141274616936,0.012249007428776992,False,False,False,above 0.2
GC_JET_M2M3,US_UTIL_VS_5Y_CHG4,2,208,61,0.06864279239316509,0.32869554857804006,0.02539106458900239,0.005337829735188593,False,True,False,above 0.2
GC_JET_M2M3,P5_OUTPUT_VS_52W,2,156,61,0.04534505088816833,0.5633096537014015,0.11499743972384385,0.0084114451782058,False,True,False,above 0.2
GC_JET_M2M3,P5_OUTPUT_VS_52W_CHG4,2,152,61,0.16776700154857607,0.010372603291915129,0.22626503101316034,0.0341919360043379,False,True,False,0.01 to 0.05
GC_JET_M2M3,P3_OUTPUT_VS_52W,2,156,61,0.02707165475435764,0.7333874796507669,0.1524311972178197,0.009617931183559802,False,True,False,above 0.2
GC_JET_M2M3,P3_OUTPUT_VS_52W_CHG4,2,152,61,0.01823713777084266,0.798562329249034,0.30694536271470035,0.010840455522512782,False,True,False,above 0.2
GC_JET_M2M3,P5_IMPORTS_4W,2,208,61,0.14459466380714092,0.056892582460155126,0.06920064179431393,-0.06689116981545107,False,False,False,0.05 to 0.2
GC_JET_M2M3,P5_IMPORTS_4W_CHG4,2,208,61,0.0363592834738498,0.6434558522528173,-0.2078047616175672,-0.011356414225765388,False,False,False,above 0.2
GC_JET_M2M3,US_DIST_STOCKS_VS_5Y,2,208,61,0.07261954411004073,0.24065340167251636,0.13214848064036863,0.011950021173904868,False,True,False,above 0.2
GC_JET_M2M3,US_DIST_STOCKS_VS_5Y_CHG4,2,208,61,-0.018164510685166165,0.8072325249679928,0.10048467961840529,-0.0028951114570485714,False,False,False,above 0.2
GC_JET_M2M3,P1_DIST_STOCKS_VS_5Y,2,208,61,0.07906143631937783,0.21841609425266684,0.6045206239499222,0.02163088512359146,False,True,False,above 0.2
GC_JET_M2M3,P1_DIST_STOCKS_VS_5Y_CHG4,2,208,61,0.047173466368121426,0.53044584799246,0.2377097643025885,0.015403528926777765,False,True,False,above 0.2
GC_JET_M2M3,P1_IMPORTS_4W,2,208,61,-0.06269652158386756,0.33720858637919393,0.06681795870932541,-0.021567000857663166,False,False,False,above 0.2
GC_JET_M2M3,P3_EXPORTS_4W,2,208,61,0.04494620248648633,0.4524269181412056,-0.6318509269345614,-0.0414796300994873,False,False,False,above 0.2
GC_JET_M2M3,P1_STOCK_SURPRISE,2,208,61,-0.005871980946759496,0.9166263696729743,0.04246296899266487,-0.001185939474564357,False,False,False,above 0.2
GC_JET_M2M3,P3_STOCK_SURPRISE,2,208,61,0.02718888205106091,0.6341999478179048,0.012390810379558562,0.0005802095913038929,False,True,False,above 0.2
GC_JET_M2M3,P5_STOCK_SURPRISE,2,208,61,0.06545069866713693,0.33920140727240944,0.26534963901139597,0.027491450186405753,False,True,False,above 0.2
GC_JET_M2M3,US_STOCK_SURPRISE,2,208,61,0.05651971437619755,0.48621970720107777,0.26241691452556465,0.024149565732159428,False,True,False,above 0.2
GC_JET_M2M3,US_DEMAND_CHG4,2,201,61,0.07410890360497707,0.1388623242965411,0.11769981291073187,0.018796052685786102,False,True,False,0.05 to 0.2
GC_JET_M2M3,P5_DEMAND_CHG4,2,201,61,-0.03297779021413177,0.5608242304463742,-0.04395407904351648,-0.00014149102661931146,False,False,False,above 0.2
GC_JET_M2M3,P1_JET_STOCKS_VS_5Y,4,208,61,-0.0064775402564067035,0.9482261881170901,-0.44116625416377525,0.0015043687639405556,False,True,False,above 0.2
GC_JET_M2M3,P1_JET_STOCKS_VS_5Y_CHG4,4,208,61,0.023472647501568203,0.8478770189414344,-0.1949620346444337,-0.0015282884620035908,False,False,False,above 0.2
GC_JET_M2M3,P3_JET_STOCKS_VS_5Y,4,208,61,0.0195787828854546,0.8459969959910734,-0.26256018119480734,-0.0016673434143568144,False,False,False,above 0.2
GC_JET_M2M3,P3_JET_STOCKS_VS_5Y_CHG4,4,208,61,-0.04793762348139203,0.5782588595024731,-0.05182957244864591,0.002549404015621648,False,True,False,above 0.2
GC_JET_M2M3,P5_JET_STOCKS_VS_5Y,4,208,61,-0.10355426917370991,0.3288777095746692,-0.10591921766839296,-0.024393159538383502,False,False,False,above 0.2
GC_JET_M2M3,P5_JET_STOCKS_VS_5Y_CHG4,4,208,61,-0.17757960036678289,0.0635517928470533,0.07101963264801964,-0.015765695691638548,False,False,False,0.05 to 0.2
GC_JET_M2M3,US_JET_STOCKS_VS_5Y,4,208,61,0.03990098466403043,0.6696730883466259,-1.0363690143473003,-0.00793819629051451,False,False,False,above 0.2
GC_JET_M2M3,US_JET_STOCKS_VS_5Y_CHG4,4,208,61,-0.06657614997366804,0.6423500189714093,-0.4465856636766661,0.008761929209181618,False,True,False,above 0.2
GC_JET_M2M3,P5_DAYS_SUPPLY,4,205,61,-0.3277084166930943,0.01106811110387402,-0.5097585860173943,-0.03833103809279659,False,False,False,0.01 to 0.05
GC_JET_M2M3,P5_DAYS_SUPPLY_CHG4,4,201,61,-0.013338309448681897,0.8884531267918446,-0.028405203947884452,0.0014775645082312217,False,True,False,above 0.2
GC_JET_M2M3,US_DAYS_SUPPLY,4,205,61,-0.09152717564021408,0.47715495309480715,-0.7218648373241359,0.026831486881878308,False,True,False,above 0.2
GC_JET_M2M3,US_DAYS_SUPPLY_CHG4,4,201,61,-0.0984666186653662,0.3209831224228282,-0.398020755127385,0.03272919243810135,False,True,False,above 0.2
GC_JET_M2M3,P5_RUNS_VS_5Y,4,208,61,-0.11636397778719251,0.2283675375000339,-0.059490601585127686,-0.019030346024469402,False,False,False,above 0.2
GC_JET_M2M3,P5_RUNS_VS_5Y_CHG4,4,208,61,0.13714777212513127,0.15168101084495264,-0.13537985719165324,-0.04376551968509945,False,False,False,0.05 to 0.2
GC_JET_M2M3,P3_RUNS_VS_5Y,4,208,61,0.10369783063464258,0.32349414526176457,-0.3705534389607612,0.014038806324505049,False,False,False,above 0.2
GC_JET_M2M3,P3_RUNS_VS_5Y_CHG4,4,208,61,0.05986701384860031,0.4352290653949328,0.0502922900686087,0.008837668512506336,False,True,False,above 0.2
GC_JET_M2M3,US_UTIL_VS_5Y,4,208,61,-0.036873730388838614,0.7620811693580477,-0.3179418314833228,-0.011784870618147147,False,False,False,above 0.2
GC_JET_M2M3,US_UTIL_VS_5Y_CHG4,4,208,61,0.017819861657611208,0.8219726034929453,-0.08470845088299303,0.0010786013583333753,False,False,False,above 0.2
GC_JET_M2M3,P5_OUTPUT_VS_52W,4,156,61,0.008051616180265512,0.9279300829477091,-0.06662764253381871,-0.000551014426361407,False,False,False,above 0.2
GC_JET_M2M3,P5_OUTPUT_VS_52W_CHG4,4,152,61,0.18429751160303226,0.03645917965408115,0.34773374564344384,0.023210155533825216,False,True,False,0.01 to 0.05
GC_JET_M2M3,P3_OUTPUT_VS_52W,4,156,61,0.05565842445333426,0.6187016877099043,0.18501391187503075,0.01665297487348727,False,True,False,above 0.2
GC_JET_M2M3,P3_OUTPUT_VS_52W_CHG4,4,152,61,0.08352299504376201,0.31379363424911766,0.5550907600186025,0.0405459731656298,False,True,False,above 0.2
GC_JET_M2M3,P5_IMPORTS_4W,4,208,61,0.24213551802741878,0.03141724868031301,0.24486804358712838,-0.0941695695477982,False,False,False,0.01 to 0.05
GC_JET_M2M3,P5_IMPORTS_4W_CHG4,4,208,61,0.07895566292923525,0.4691037169261151,-0.32393202775241703,-0.014993969407974816,False,False,False,above 0.2
GC_JET_M2M3,US_DIST_STOCKS_VS_5Y,4,208,61,0.14702409887873916,0.18713856126390016,0.3239526226905564,0.027679322915582838,False,True,False,0.05 to 0.2
GC_JET_M2M3,US_DIST_STOCKS_VS_5Y_CHG4,4,208,61,-0.031141777353877034,0.7655302042878164,0.242448982929528,-0.004948665188391876,False,False,False,above 0.2
GC_JET_M2M3,P1_DIST_STOCKS_VS_5Y,4,208,61,0.14092979238371858,0.18603982390465834,0.9817453338545514,0.037560378489256196,False,True,False,0.05 to 0.2
GC_JET_M2M3,P1_DIST_STOCKS_VS_5Y_CHG4,4,208,61,0.030257041531255385,0.7881536904449893,0.2529149153867311,0.00403140040413541,False,True,False,above 0.2
GC_JET_M2M3,P1_IMPORTS_4W,4,208,61,-0.1258936806286299,0.2548473057755358,0.43598972180002665,-0.06225279574974074,False,False,False,above 0.2
GC_JET_M2M3,P3_EXPORTS_4W,4,208,61,0.03149783456339174,0.7501564763121241,-1.182795854303702,-0.02475028335242646,False,False,False,above 0.2
GC_JET_M2M3,P1_STOCK_SURPRISE,4,208,61,0.020300064022983656,0.7673105392443842,-0.07395245140375559,-0.0014622082958641869,False,False,False,above 0.2
GC_JET_M2M3,P3_STOCK_SURPRISE,4,208,61,-0.033911009663871054,0.5355540260447281,0.07473737811068827,-0.004297218805410674,False,False,False,above 0.2
GC_JET_M2M3,P5_STOCK_SURPRISE,4,208,61,0.01396675717287112,0.8288307593946527,0.17329284098778266,0.0013726549136343635,False,True,False,above 0.2
GC_JET_M2M3,US_STOCK_SURPRISE,4,208,61,0.026385328890589622,0.7731086253291855,-0.005991648701900412,0.0011658967660467257,False,False,False,above 0.2
GC_JET_M2M3,US_DEMAND_CHG4,4,201,61,0.13797572093945767,0.06594357482765276,0.26932061935782464,0.036848771094905364,False,True,False,0.05 to 0.2
GC_JET_M2M3,P5_DEMAND_CHG4,4,201,61,-0.008704869485111783,0.9142901788790584,-0.03492585639621761,-0.00045896250258503635,False,False,False,above 0.2
NY_JET_M1M2,P1_JET_STOCKS_VS_5Y,1,208,61,-0.018478338274793893,0.7988436479937704,0.05482674618124142,-0.015913199806546485,False,False,False,above 0.2
NY_JET_M1M2,P1_JET_STOCKS_VS_5Y_CHG4,1,208,61,-0.09021007892926591,0.2116478264521765,0.04941203145044681,-0.14397735306394477,False,False,False,above 0.2
NY_JET_M1M2,P3_JET_STOCKS_VS_5Y,1,208,61,0.130785548549869,0.0219655023819927,0.027363388229631445,-0.03929580744400463,False,False,False,0.01 to 0.05
NY_JET_M1M2,P3_JET_STOCKS_VS_5Y_CHG4,1,208,61,0.05043876004625528,0.370238604160828,0.07121383622609218,0.024859206676174472,False,True,False,above 0.2
NY_JET_M1M2,P5_JET_STOCKS_VS_5Y,1,208,61,0.04714916416530489,0.372435086099812,0.07622474720720339,0.027058956482645447,False,True,False,above 0.2
NY_JET_M1M2,P5_JET_STOCKS_VS_5Y_CHG4,1,208,61,0.0657258344735419,0.18258402029037968,-0.0012023336331294897,-0.029542747642437694,False,False,False,0.05 to 0.2
NY_JET_M1M2,US_JET_STOCKS_VS_5Y,1,208,61,0.12060695825730189,0.08093724744177182,0.17373607678283345,0.05707784792503057,False,True,False,0.05 to 0.2
NY_JET_M1M2,US_JET_STOCKS_VS_5Y_CHG4,1,208,61,0.027763841700135093,0.5278692260265629,0.1691890332551512,0.032712916464144315,False,True,False,above 0.2
NY_JET_M1M2,P5_DAYS_SUPPLY,1,205,61,-0.04366019800986097,0.5238064403356095,-0.03968815887857738,-0.00594255465508331,False,False,False,above 0.2
NY_JET_M1M2,P5_DAYS_SUPPLY_CHG4,1,201,61,-0.004836918243071001,0.9292298548541083,0.03813456118422173,-0.0019031453123778963,False,False,False,above 0.2
NY_JET_M1M2,US_DAYS_SUPPLY,1,205,61,-0.01407970212364324,0.8186473861569559,-0.047430040558812836,-0.0003109219281796083,False,False,False,above 0.2
NY_JET_M1M2,US_DAYS_SUPPLY_CHG4,1,201,61,-0.007942420955148993,0.8474394825031883,0.08599033001230111,-0.008247383666127206,False,False,False,above 0.2
NY_JET_M1M2,P5_RUNS_VS_5Y,1,208,61,0.07425805639870142,0.10036845157967715,-0.049748983996704986,-0.06595687703483022,False,False,False,0.05 to 0.2
NY_JET_M1M2,P5_RUNS_VS_5Y_CHG4,1,208,61,0.10394411917800767,0.08659142427223074,-0.10470975983316307,-0.24575789667285997,False,False,False,0.05 to 0.2
NY_JET_M1M2,P3_RUNS_VS_5Y,1,208,61,0.047069047159068546,0.3155905978917347,0.0854134962776927,0.024535577141080678,False,True,False,above 0.2
NY_JET_M1M2,P3_RUNS_VS_5Y_CHG4,1,208,61,-0.01014322806663146,0.8247552699894192,0.09136160778676247,-0.005177920950996784,False,False,False,above 0.2
NY_JET_M1M2,US_UTIL_VS_5Y,1,208,61,0.036797416814019046,0.559372096090849,0.019535137365745636,0.010491673863320616,False,True,False,above 0.2
NY_JET_M1M2,US_UTIL_VS_5Y_CHG4,1,208,61,0.03254573419577813,0.5006546914343426,-0.007962721174169676,-0.005301823202432887,False,False,False,above 0.2
NY_JET_M1M2,P5_OUTPUT_VS_52W,1,156,61,0.025236127277232585,0.6491103254886474,0.04311403684373319,0.018511964294411487,False,True,False,above 0.2
NY_JET_M1M2,P5_OUTPUT_VS_52W_CHG4,1,152,61,0.05712748349322633,0.2037333398367226,0.008611516384254673,-0.007078065721511706,False,False,False,above 0.2
NY_JET_M1M2,P3_OUTPUT_VS_52W,1,156,61,-0.021061781274807845,0.8055860358281555,0.198240113040468,-0.029548765859691573,False,False,False,above 0.2
NY_JET_M1M2,P3_OUTPUT_VS_52W_CHG4,1,152,61,-0.02732527739562405,0.7170172114211675,0.08210516976622484,-0.023517398451705418,False,False,False,above 0.2
NY_JET_M1M2,P5_IMPORTS_4W,1,208,61,0.11467534574102028,0.10598141119812585,0.013150315109365979,-0.1419510607845651,False,False,False,0.05 to 0.2
NY_JET_M1M2,P5_IMPORTS_4W_CHG4,1,208,61,0.031301562550074526,0.6580594260203874,-0.05703551755877946,-0.01832824614080053,False,False,False,above 0.2
NY_JET_M1M2,US_DIST_STOCKS_VS_5Y,1,208,61,0.0896388835767484,0.018418554046826373,-0.1569201887267585,-0.03479108689427779,False,False,False,0.01 to 0.05
NY_JET_M1M2,US_DIST_STOCKS_VS_5Y_CHG4,1,208,61,-0.031429178528009465,0.5888316400430849,-0.0427127403345092,0.0076059626640062605,False,True,False,above 0.2
NY_JET_M1M2,P1_DIST_STOCKS_VS_5Y,1,208,61,0.09715549483973356,0.03918627408147983,0.02317426747290309,-0.02753637703729428,False,False,False,0.01 to 0.05
NY_JET_M1M2,P1_DIST_STOCKS_VS_5Y_CHG4,1,208,61,-0.032569316847040036,0.5927113899053147,-0.013680243232872771,-0.00036539975712623907,False,False,False,above 0.2
NY_JET_M1M2,P1_IMPORTS_4W,1,208,61,-0.06530041077280677,0.3019966531209852,0.07993170549456158,-0.05445019218898817,False,False,False,above 0.2
NY_JET_M1M2,P3_EXPORTS_4W,1,208,61,0.0735136162261103,0.0393097523830198,-0.12767502773320555,-0.1309461057374688,False,False,False,0.01 to 0.05
NY_JET_M1M2,P1_STOCK_SURPRISE,1,208,61,-0.0977139103562728,0.17117508142718618,-0.0016008476190344015,-0.09320494091848741,False,False,False,0.05 to 0.2
NY_JET_M1M2,P3_STOCK_SURPRISE,1,208,61,0.1311399061484041,0.032358525961421275,0.040595000097994695,-0.04763027826866684,False,False,False,0.01 to 0.05
NY_JET_M1M2,P5_STOCK_SURPRISE,1,208,61,0.039107031953403884,0.3860940207102317,-0.047456476862890486,-0.030872824357561335,False,False,False,above 0.2
NY_JET_M1M2,US_STOCK_SURPRISE,1,208,61,0.04227540512390672,0.565101556755562,0.027784275720561018,0.00179532094144208,False,True,False,above 0.2
NY_JET_M1M2,US_DEMAND_CHG4,1,201,61,0.017220978161923205,0.7243838338565914,-0.06096583167832531,-0.01640995259704403,False,False,False,above 0.2
NY_JET_M1M2,P5_DEMAND_CHG4,1,201,61,0.02444679671474579,0.6869926964588464,-0.021194107291419868,-0.011431126199161756,False,False,False,above 0.2
NY_JET_M1M2,P1_JET_STOCKS_VS_5Y,2,208,61,0.03143708978391671,0.7433111735021387,0.10233362564897322,0.017227304485476713,False,True,False,above 0.2
NY_JET_M1M2,P1_JET_STOCKS_VS_5Y_CHG4,2,208,61,-0.07369296659643587,0.2919262567545551,0.10689407160925177,-0.07750228909455714,False,False,False,above 0.2
NY_JET_M1M2,P3_JET_STOCKS_VS_5Y,2,208,61,0.13748248108010205,0.07323436960581753,-0.026184888851173285,-0.019168497224445247,False,False,False,0.05 to 0.2
NY_JET_M1M2,P3_JET_STOCKS_VS_5Y_CHG4,2,208,61,-0.07453344540048618,0.385654313961049,0.05428150784837286,-0.02894391910566485,False,False,False,above 0.2
NY_JET_M1M2,P5_JET_STOCKS_VS_5Y,2,208,61,0.07854247816795838,0.356154851071356,0.17397448700577622,0.04633687958085986,False,True,False,above 0.2
NY_JET_M1M2,P5_JET_STOCKS_VS_5Y_CHG4,2,208,61,0.10474948304084572,0.22488775458170152,0.036187243327119006,-0.007306050105212902,False,False,False,above 0.2
NY_JET_M1M2,US_JET_STOCKS_VS_5Y,2,208,61,0.20661755510217986,0.025322343566169452,0.283616975109301,0.07447002784840817,False,True,False,0.01 to 0.05
NY_JET_M1M2,US_JET_STOCKS_VS_5Y_CHG4,2,208,61,-0.0016037527106029601,0.9841799532304325,0.26008617521676347,-0.0013873010596543445,False,False,False,above 0.2
NY_JET_M1M2,P5_DAYS_SUPPLY,2,205,61,-0.06287168320298213,0.5962155889079003,-0.0898926300306406,-0.004664154661748965,False,False,False,above 0.2
NY_JET_M1M2,P5_DAYS_SUPPLY_CHG4,2,201,61,0.005069642810400855,0.9476365380307434,0.0773706873777531,0.0015064880739794617,False,True,False,above 0.2
NY_JET_M1M2,US_DAYS_SUPPLY,2,205,61,-0.060208805379724284,0.49038252548304795,-0.16583347163169956,0.008495047884440665,False,True,False,above 0.2
NY_JET_M1M2,US_DAYS_SUPPLY_CHG4,2,201,61,-0.06424743263305523,0.27666731613249107,0.06448207588038116,-0.026869261335062733,False,False,False,above 0.2
NY_JET_M1M2,P5_RUNS_VS_5Y,2,208,61,0.09767968570337834,0.1474567863031795,-0.07743666480187136,-0.048976010419298,False,False,False,0.05 to 0.2
NY_JET_M1M2,P5_RUNS_VS_5Y_CHG4,2,208,61,0.18653533625426985,0.03034893103344871,-0.18886876539102748,-0.3392726289300756,False,False,False,0.01 to 0.05
NY_JET_M1M2,P3_RUNS_VS_5Y,2,208,61,0.08770320594231636,0.29501621203774275,0.12000687225521495,0.027605065615893598,False,True,False,above 0.2
NY_JET_M1M2,P3_RUNS_VS_5Y_CHG4,2,208,61,-0.026709501822951315,0.7802232361720514,0.21213543905915724,-0.013972420514528405,False,False,False,above 0.2
NY_JET_M1M2,US_UTIL_VS_5Y,2,208,61,0.03529908536973412,0.7643461172923401,0.03574348795907531,0.012068050607944025,False,True,False,above 0.2
NY_JET_M1M2,US_UTIL_VS_5Y_CHG4,2,208,61,0.034827544724190626,0.6869086380308302,0.052113635049632484,0.004027742941704604,False,True,False,above 0.2
NY_JET_M1M2,P5_OUTPUT_VS_52W,2,156,61,0.10625962992282931,0.36708922170240965,0.08689465683120015,0.04859279744222056,False,True,False,above 0.2
NY_JET_M1M2,P5_OUTPUT_VS_52W_CHG4,2,152,61,0.19126894049520643,0.02495643264178113,0.0161369265721098,-0.059170237709518014,False,False,False,0.01 to 0.05
NY_JET_M1M2,P3_OUTPUT_VS_52W,2,156,61,-0.0015190701925748423,0.9895501999826012,0.3474037681556712,-0.001486956733386613,False,False,False,above 0.2
NY_JET_M1M2,P3_OUTPUT_VS_52W_CHG4,2,152,61,0.009617370843309075,0.9285416016384427,0.19101592027214795,0.006685896434180272,False,True,False,above 0.2
NY_JET_M1M2,P5_IMPORTS_4W,2,208,61,0.21288063526017614,0.05638654713431352,0.11545484352865154,-0.16140528283315136,False,False,False,0.05 to 0.2
NY_JET_M1M2,P5_IMPORTS_4W_CHG4,2,208,61,0.07304238546580176,0.5758367693546684,-0.09294236322539298,-0.0368049281679248,False,False,False,above 0.2
NY_JET_M1M2,US_DIST_STOCKS_VS_5Y,2,208,61,0.15301523537385242,0.013917703562892129,-0.12129116694483445,-0.011825912339225253,False,False,False,0.01 to 0.05
NY_JET_M1M2,US_DIST_STOCKS_VS_5Y_CHG4,2,208,61,-0.06197559052832885,0.5541856950681843,-0.006264900377673238,-0.003270209828287074,False,False,False,above 0.2
NY_JET_M1M2,P1_DIST_STOCKS_VS_5Y,2,208,61,0.17704206273845768,0.0177388033363995,0.1555172319821222,-0.0024156472125766992,False,False,False,0.01 to 0.05
NY_JET_M1M2,P1_DIST_STOCKS_VS_5Y_CHG4,2,208,61,-0.012910642416871851,0.8875669028078537,0.0235919222156608,-0.0013180239169199304,False,False,False,above 0.2
NY_JET_M1M2,P1_IMPORTS_4W,2,208,61,-0.16483614469849073,0.0883066525799873,0.18982308519733168,-0.15883323125921178,False,False,False,0.05 to 0.2
NY_JET_M1M2,P3_EXPORTS_4W,2,208,61,0.1575025100744415,0.018324564791326475,-0.29525073670486107,-0.27910534382591257,False,False,False,0.01 to 0.05
NY_JET_M1M2,P1_STOCK_SURPRISE,2,208,61,-0.15955181302801935,0.0892827726355931,0.005604431044357785,-0.11891623412698049,False,False,False,0.05 to 0.2
NY_JET_M1M2,P3_STOCK_SURPRISE,2,208,61,0.19089125765277357,0.01620848126740773,0.06564917572450162,-0.03467505900274226,False,False,False,0.01 to 0.05
NY_JET_M1M2,P5_STOCK_SURPRISE,2,208,61,0.04064615620641111,0.5388014178621496,-0.008420398789024085,-0.005164481526747533,False,False,False,above 0.2
NY_JET_M1M2,US_STOCK_SURPRISE,2,208,61,0.09938091726594045,0.06352875533580041,0.12422871484728057,0.031459538925736164,False,True,False,0.05 to 0.2
NY_JET_M1M2,US_DEMAND_CHG4,2,201,61,0.04065982434249405,0.6330125135837317,-0.023283071752636386,-0.007305767646413885,False,False,False,above 0.2
NY_JET_M1M2,P5_DEMAND_CHG4,2,201,61,0.017709157474172656,0.8441608180127144,-0.03569274265319559,-0.003968290809812869,False,False,False,above 0.2
NY_JET_M1M2,P1_JET_STOCKS_VS_5Y,4,208,61,0.14271886971656422,0.24472456487938576,0.1228028022218386,0.03716354348896511,False,True,False,above 0.2
NY_JET_M1M2,P1_JET_STOCKS_VS_5Y_CHG4,4,208,61,-0.019613031032273277,0.8612068601597729,0.1611244908826363,-0.012005956509406612,False,False,False,above 0.2
NY_JET_M1M2,P3_JET_STOCKS_VS_5Y,4,208,61,0.12919812236034223,0.20862737109162566,-0.25500509892455225,-0.02173593856108824,False,False,False,above 0.2
NY_JET_M1M2,P3_JET_STOCKS_VS_5Y_CHG4,4,208,61,-0.06255201438338175,0.6269439549962856,-0.07737227736566146,0.006871534969157489,False,True,False,above 0.2
NY_JET_M1M2,P5_JET_STOCKS_VS_5Y,4,208,61,0.0236541417038941,0.8337202274523683,0.3043395150807935,0.014835072915937997,False,True,False,above 0.2
NY_JET_M1M2,P5_JET_STOCKS_VS_5Y_CHG4,4,208,61,0.04929261545545806,0.7353465820314746,0.0626194388363261,0.005321792828821281,False,True,False,above 0.2
NY_JET_M1M2,US_JET_STOCKS_VS_5Y,4,208,61,0.26567206288535183,0.03181335025112519,0.173910156798839,0.03992090521132019,False,True,False,0.01 to 0.05
NY_JET_M1M2,US_JET_STOCKS_VS_5Y_CHG4,4,208,61,0.024666348232215248,0.8938134491806056,0.16822288236310978,0.006440741370530856,False,True,False,above 0.2
NY_JET_M1M2,P5_DAYS_SUPPLY,4,205,61,-0.1447969561484709,0.3820878989297606,-0.28947770285671737,0.011050530853274343,False,True,False,above 0.2
NY_JET_M1M2,P5_DAYS_SUPPLY_CHG4,4,201,61,-0.03978649928306941,0.7427393217498239,-0.006614380554279823,0.001701044996858303,False,True,False,above 0.2
NY_JET_M1M2,US_DAYS_SUPPLY,4,205,61,-0.09727104342655542,0.532642220487735,-0.46845641641728575,0.046654520713435677,False,True,False,above 0.2
NY_JET_M1M2,US_DAYS_SUPPLY_CHG4,4,201,61,-0.1044958704431911,0.29677785203626317,-0.16899012820733783,0.0398341399470713,False,True,False,above 0.2
NY_JET_M1M2,P5_RUNS_VS_5Y,4,208,61,-0.011240793361425293,0.9014420945739945,0.009758674250072243,-0.0022137883520005897,False,False,False,above 0.2
NY_JET_M1M2,P5_RUNS_VS_5Y_CHG4,4,208,61,0.16690953652692658,0.13652955778301978,-0.1558679350710935,-0.12512371388778298,False,False,False,0.05 to 0.2
NY_JET_M1M2,P3_RUNS_VS_5Y,4,208,61,0.1713328860118477,0.02710140607428401,0.11390769812481105,0.035356387652472954,False,True,False,0.01 to 0.05
NY_JET_M1M2,P3_RUNS_VS_5Y_CHG4,4,208,61,0.013263800204996354,0.9016925813750944,0.48123112040188515,0.007197534754297297,False,True,False,above 0.2
NY_JET_M1M2,US_UTIL_VS_5Y,4,208,61,-0.032690197785218617,0.8324885591692429,0.09015258953183604,-0.021456382549740693,False,False,False,above 0.2
NY_JET_M1M2,US_UTIL_VS_5Y_CHG4,4,208,61,0.003302884964739912,0.9758324382729047,0.21833613762649456,0.0010960588634124635,False,True,False,above 0.2
NY_JET_M1M2,P5_OUTPUT_VS_52W,4,156,61,0.08717330311424389,0.4518173687321575,0.18031256311493532,0.05933703157071224,False,True,False,above 0.2
NY_JET_M1M2,P5_OUTPUT_VS_52W_CHG4,4,152,61,0.1935930424308429,0.014950253206009515,0.1758098699724071,0.047058418534749125,False,True,False,0.01 to 0.05
NY_JET_M1M2,P3_OUTPUT_VS_52W,4,156,61,-0.00803765017778529,0.951465523537,0.5303824195436936,-0.007035452795978614,False,False,False,above 0.2
NY_JET_M1M2,P3_OUTPUT_VS_52W_CHG4,4,152,61,0.11710827421232176,0.23192544860083553,0.5257630322346402,0.0948536940985496,False,True,False,above 0.2
NY_JET_M1M2,P5_IMPORTS_4W,4,208,61,0.3217886291249086,0.010799317821495394,0.2640046927595456,-0.18862331114370545,False,False,False,0.01 to 0.05
NY_JET_M1M2,P5_IMPORTS_4W_CHG4,4,208,61,0.1975517077718029,0.22171154213177835,-0.1377852675488356,-0.09090302940338613,False,False,False,above 0.2
NY_JET_M1M2,US_DIST_STOCKS_VS_5Y,4,208,61,0.23576165741358385,0.011055479403156722,0.22288245713001886,0.04667612677092858,False,True,False,0.01 to 0.05
NY_JET_M1M2,US_DIST_STOCKS_VS_5Y_CHG4,4,208,61,-0.05443358387736726,0.6776672895921182,-0.015553175791105437,0.0016882858863247474,False,True,False,above 0.2
NY_JET_M1M2,P1_DIST_STOCKS_VS_5Y,4,208,61,0.2589767951068164,0.012373466744416002,0.5129079501450156,0.06792851971005875,False,True,False,0.01 to 0.05
NY_JET_M1M2,P1_DIST_STOCKS_VS_5Y_CHG4,4,208,61,0.037156702698415256,0.7234500890445561,0.05941321097173554,0.0021002803599163844,False,True,False,above 0.2
NY_JET_M1M2,P1_IMPORTS_4W,4,208,61,-0.1568080433140422,0.17717667329329478,0.4406176247909788,-0.14222687376158905,False,False,False,0.05 to 0.2
NY_JET_M1M2,P3_EXPORTS_4W,4,208,61,0.18897498738307317,0.06101631763089291,-0.557974841476345,-0.2877705742141936,False,False,False,0.05 to 0.2
NY_JET_M1M2,P1_STOCK_SURPRISE,4,208,61,-0.10757582427021094,0.23132446940585438,0.0477878924082097,-0.04682634224845139,False,False,False,above 0.2
NY_JET_M1M2,P3_STOCK_SURPRISE,4,208,61,0.0716954427374236,0.2896946041605972,0.07034857033976931,0.008722585558057494,False,True,False,above 0.2
NY_JET_M1M2,P5_STOCK_SURPRISE,4,208,61,0.09955638273404699,0.12819525031287005,0.009936347467899355,-0.007771419123959511,False,False,False,0.05 to 0.2
NY_JET_M1M2,US_STOCK_SURPRISE,4,208,61,0.06974728356088047,0.36377815637553,0.25929454310323485,0.03265585685966821,False,True,False,above 0.2
NY_JET_M1M2,US_DEMAND_CHG4,4,201,61,0.10532091888078589,0.29264643806225366,0.17733315174405379,0.04850653371532654,False,True,False,above 0.2
NY_JET_M1M2,P5_DEMAND_CHG4,4,201,61,0.07188793071044125,0.5676957535154536,0.05482121311268509,0.010617986964459925,False,True,False,above 0.2
NY_JET_M2M3,P1_JET_STOCKS_VS_5Y,1,208,61,-0.04577001142499902,0.4580778561273767,0.008869895359674484,-0.029024264598530358,False,False,False,above 0.2
NY_JET_M2M3,P1_JET_STOCKS_VS_5Y_CHG4,1,208,61,-0.04479918243539144,0.4563728287217349,0.008472435255418034,-0.024073823120795534,False,False,False,above 0.2
NY_JET_M2M3,P3_JET_STOCKS_VS_5Y,1,208,61,-0.03496471141604328,0.5650741316840178,0.0633002895839542,-0.045494663490599496,False,False,False,above 0.2
NY_JET_M2M3,P3_JET_STOCKS_VS_5Y_CHG4,1,208,61,-0.057225052967262185,0.2865424433434549,0.08802865393272256,-0.07829689605594137,False,False,False,above 0.2
NY_JET_M2M3,P5_JET_STOCKS_VS_5Y,1,208,61,-0.04580581300272357,0.5015814457882182,0.06571487093316249,-0.057380006268399786,False,False,False,above 0.2
NY_JET_M2M3,P5_JET_STOCKS_VS_5Y_CHG4,1,208,61,-0.0131221336243394,0.8072242021398215,0.007836330483533513,-0.0006391966931333926,False,False,False,above 0.2
NY_JET_M2M3,US_JET_STOCKS_VS_5Y,1,208,61,-0.0834942504964616,0.2615732218142278,0.14568303659125742,-0.0918929415438614,False,False,False,above 0.2
NY_JET_M2M3,US_JET_STOCKS_VS_5Y_CHG4,1,208,61,-0.10412518695011137,0.07672935180766492,0.14489941613431084,-0.16839751956167937,False,False,False,0.05 to 0.2
NY_JET_M2M3,P5_DAYS_SUPPLY,1,205,61,0.007489759039316221,0.9034483291817861,-0.04493259503545728,-0.0026957831679528255,False,False,False,above 0.2
NY_JET_M2M3,P5_DAYS_SUPPLY_CHG4,1,201,61,0.05704841657971508,0.3283655554662648,0.01275808060741707,-0.026034944722885145,False,False,False,above 0.2
NY_JET_M2M3,US_DAYS_SUPPLY,1,205,61,-0.07102403000185552,0.10252920828340607,-0.0544701018232485,-0.01899208673104047,False,False,False,0.05 to 0.2
NY_JET_M2M3,US_DAYS_SUPPLY_CHG4,1,201,61,-0.08019623388536411,0.05088199830540143,0.03135407332828074,-0.06974966532189542,False,False,False,0.05 to 0.2
NY_JET_M2M3,P5_RUNS_VS_5Y,1,208,61,-0.026456657600593802,0.5872928092072007,-0.04909260971563879,0.0032010984978773083,False,True,False,above 0.2
NY_JET_M2M3,P5_RUNS_VS_5Y_CHG4,1,208,61,-0.03968746896750798,0.4630949769285031,-0.08342575977720745,0.04546352429168887,False,True,False,above 0.2
NY_JET_M2M3,P3_RUNS_VS_5Y,1,208,61,-0.03712229017337193,0.24827210736243288,-0.008611067840398166,-0.017426620905846013,False,False,False,above 0.2
NY_JET_M2M3,P3_RUNS_VS_5Y_CHG4,1,208,61,0.0038568147566112104,0.90614865976479,-0.02362938804351627,-0.0009307290762248233,False,False,False,above 0.2
NY_JET_M2M3,US_UTIL_VS_5Y,1,208,61,-0.12766339053785808,0.0721683978730425,-0.047643024877255226,-0.24804351588197915,False,False,False,0.05 to 0.2
NY_JET_M2M3,US_UTIL_VS_5Y_CHG4,1,208,61,-0.036386844146585814,0.3738581523902732,-0.08112258559092148,0.02272424864050193,False,True,False,above 0.2
NY_JET_M2M3,P5_OUTPUT_VS_52W,1,156,61,-0.022106933256547473,0.45477935909530975,-0.00798561205021334,-0.019959011305643592,False,False,False,above 0.2
NY_JET_M2M3,P5_OUTPUT_VS_52W_CHG4,1,152,61,0.0011713422951142435,0.9727094025239791,-0.008161671092834976,-5.977967725567801e-05,False,False,False,above 0.2
NY_JET_M2M3,P3_OUTPUT_VS_52W,1,156,61,-0.06952429052096055,0.09963266653788742,0.08430256797671769,-0.1337737012934468,False,False,False,0.05 to 0.2
NY_JET_M2M3,P3_OUTPUT_VS_52W_CHG4,1,152,61,-0.03219941745327029,0.4235018919634719,0.023580506814854133,-0.020013030743869287,False,False,False,above 0.2
NY_JET_M2M3,P5_IMPORTS_4W,1,208,61,-0.024584126312073636,0.7453328232683822,0.03947827010121814,-0.0010255466368134236,False,False,False,above 0.2
NY_JET_M2M3,P5_IMPORTS_4W_CHG4,1,208,61,-0.03187082479733436,0.6568087518763046,-0.02935746562536024,-8.208544236332216e-06,False,False,False,above 0.2
NY_JET_M2M3,US_DIST_STOCKS_VS_5Y,1,208,61,0.04889780775474324,0.33623751042397254,-0.10770227944912336,0.009175376191970397,False,False,False,above 0.2
NY_JET_M2M3,US_DIST_STOCKS_VS_5Y_CHG4,1,208,61,-0.0186990718689429,0.6395628252165224,-0.020628532521694838,0.006023172581499203,False,True,False,above 0.2
NY_JET_M2M3,P1_DIST_STOCKS_VS_5Y,1,208,61,0.07169561699123718,0.2535520904039873,0.1138363972761818,0.005821753353038139,False,True,False,above 0.2
NY_JET_M2M3,P1_DIST_STOCKS_VS_5Y_CHG4,1,208,61,0.020453023300117612,0.6834490506352908,-0.02714857184077756,-0.013330462891017802,False,False,False,above 0.2
NY_JET_M2M3,P1_IMPORTS_4W,1,208,61,-0.06926683666012833,0.26564899646508733,0.12891960301583064,-0.10369198421277703,False,False,False,above 0.2
NY_JET_M2M3,P3_EXPORTS_4W,1,208,61,-0.0064370318749917,0.8969433172108519,-0.21594089812744913,0.013999392518772358,False,True,False,above 0.2
NY_JET_M2M3,P1_STOCK_SURPRISE,1,208,61,-0.031602360099320395,0.5464930634510518,-0.03357759856103261,0.01609751669009929,False,True,False,above 0.2
NY_JET_M2M3,P3_STOCK_SURPRISE,1,208,61,-0.040826986617305536,0.5075156841126763,0.04379731119728836,-0.04764910854740534,False,False,False,above 0.2
NY_JET_M2M3,P5_STOCK_SURPRISE,1,208,61,0.01598659301608428,0.7824619214218241,0.011677590898519594,0.0004207027116921447,False,True,False,above 0.2
NY_JET_M2M3,US_STOCK_SURPRISE,1,208,61,-0.08694396937256638,0.12378987172209498,0.02069438126332668,-0.05578565111498435,False,False,False,0.05 to 0.2
NY_JET_M2M3,US_DEMAND_CHG4,1,201,61,0.01637631473688192,0.7649726966008945,-0.01665733551538103,-0.005094878374207523,False,False,False,above 0.2
NY_JET_M2M3,P5_DEMAND_CHG4,1,201,61,-0.10257637206341365,0.16284182220089038,-0.011755039372379554,-0.10764745069249604,False,False,False,0.05 to 0.2
NY_JET_M2M3,P1_JET_STOCKS_VS_5Y,2,208,61,-0.05777831365127964,0.6481419755601892,0.0646776613153565,-0.032303118892806015,False,False,False,above 0.2
NY_JET_M2M3,P1_JET_STOCKS_VS_5Y_CHG4,2,208,61,-0.04256215630710568,0.6450137329104917,0.07211085444996965,-0.024062975638044826,False,False,False,above 0.2
NY_JET_M2M3,P3_JET_STOCKS_VS_5Y,2,208,61,-0.025381391469193708,0.7730270365103803,0.04987716194639679,-0.015020126973788628,False,False,False,above 0.2
NY_JET_M2M3,P3_JET_STOCKS_VS_5Y_CHG4,2,208,61,-0.07289036440983915,0.3244379209593685,0.09319324093424732,-0.032925027496713444,False,False,False,above 0.2
NY_JET_M2M3,P5_JET_STOCKS_VS_5Y,2,208,61,-0.1000861154575365,0.3852651256595685,0.11915857303669676,-0.08183563088836854,False,False,False,above 0.2
NY_JET_M2M3,P5_JET_STOCKS_VS_5Y_CHG4,2,208,61,-0.03427728997209312,0.7502665507839114,0.0020116915241485053,0.0013784884219681937,False,False,False,above 0.2
NY_JET_M2M3,US_JET_STOCKS_VS_5Y,2,208,61,-0.11588958467788858,0.3833856836586006,0.2649937967665199,-0.07472171823236629,False,False,False,above 0.2
NY_JET_M2M3,US_JET_STOCKS_VS_5Y_CHG4,2,208,61,-0.12937936795383664,0.21346012335042508,0.2518095744278762,-0.0995848563550017,False,False,False,above 0.2
NY_JET_M2M3,P5_DAYS_SUPPLY,2,205,61,0.012093739765721447,0.9128410235926852,-0.1092926152508838,-0.0038408147426765016,False,False,False,above 0.2
NY_JET_M2M3,P5_DAYS_SUPPLY_CHG4,2,201,61,0.130554441805883,0.138459087898008,-0.0031275668934265836,-0.06788140057174896,False,False,False,0.05 to 0.2
NY_JET_M2M3,US_DAYS_SUPPLY,2,205,61,-0.059530016448295975,0.42698607423620627,-0.11755200206873748,0.0073771987125865746,False,True,False,above 0.2
NY_JET_M2M3,US_DAYS_SUPPLY_CHG4,2,201,61,-0.06623676979501854,0.3527507697727569,0.025661831755694694,-0.005188015958976777,False,False,False,above 0.2
NY_JET_M2M3,P5_RUNS_VS_5Y,2,208,61,-0.04391748957691703,0.6113513910672327,-0.08074727737265652,-0.0005381326357551952,False,False,False,above 0.2
NY_JET_M2M3,P5_RUNS_VS_5Y_CHG4,2,208,61,-0.07026551187558963,0.4634018986982348,-0.1543159491816181,0.04987204907316156,False,True,False,above 0.2
NY_JET_M2M3,P3_RUNS_VS_5Y,2,208,61,-0.0630655786163852,0.23317813917093966,-0.003982100970691133,-0.020991780994742637,False,False,False,above 0.2
NY_JET_M2M3,P3_RUNS_VS_5Y_CHG4,2,208,61,-0.004835512027051727,0.933330898865163,0.0235556291349083,-2.638352531270094e-05,False,False,False,above 0.2
NY_JET_M2M3,US_UTIL_VS_5Y,2,208,61,-0.22487875201430646,0.08059770126524951,-0.04261328819711888,-0.3144587906297627,False,False,False,0.05 to 0.2
NY_JET_M2M3,US_UTIL_VS_5Y_CHG4,2,208,61,-0.07718007348605097,0.2868078021546,-0.07558276824652335,0.013259255412043314,False,True,False,above 0.2
NY_JET_M2M3,P5_OUTPUT_VS_52W,2,156,61,-0.07439020545259992,0.1926151045641714,0.004038313093221631,-0.062242413224602666,False,False,False,0.05 to 0.2
NY_JET_M2M3,P5_OUTPUT_VS_52W_CHG4,2,152,61,-0.0016552557909567528,0.9816744032806849,-0.007607921780082438,-3.737818940785509e-05,False,False,False,above 0.2
NY_JET_M2M3,P3_OUTPUT_VS_52W,2,156,61,-0.13288200874326014,0.029948996534130648,0.15113507951571903,-0.16737771195647722,False,False,False,0.01 to 0.05
NY_JET_M2M3,P3_OUTPUT_VS_52W_CHG4,2,152,61,-0.06771544972185298,0.22844393414256337,0.13616678141168867,-0.049544722425231,False,False,False,above 0.2
NY_JET_M2M3,P5_IMPORTS_4W,2,208,61,-0.07158572515667214,0.6272671347477417,0.07595766130683741,-0.006540918291107367,False,False,False,above 0.2
NY_JET_M2M3,P5_IMPORTS_4W_CHG4,2,208,61,-0.1117193565983972,0.4315884498313197,-0.09064914158472494,0.00032139962997990157,False,True,False,above 0.2
NY_JET_M2M3,US_DIST_STOCKS_VS_5Y,2,208,61,0.11193392834270746,0.22827782697801924,0.08089176003143173,0.01974723491564523,False,True,False,above 0.2
NY_JET_M2M3,US_DIST_STOCKS_VS_5Y_CHG4,2,208,61,-0.016752765642057445,0.7978655026687004,0.033309633066905965,0.00032558281471328776,False,False,False,above 0.2
NY_JET_M2M3,P1_DIST_STOCKS_VS_5Y,2,208,61,0.144975623886272,0.20314265834912282,0.3676943771904646,0.016812247126640978,False,True,False,above 0.2
NY_JET_M2M3,P1_DIST_STOCKS_VS_5Y_CHG4,2,208,61,-0.016646026229918953,0.8675343254833413,-0.02158907527320491,0.0037644091638460164,False,True,False,above 0.2
NY_JET_M2M3,P1_IMPORTS_4W,2,208,61,-0.12478894978510145,0.26034925135827125,0.2713321972625547,-0.12414665669998959,False,False,False,above 0.2
NY_JET_M2M3,P3_EXPORTS_4W,2,208,61,-0.0424034317445761,0.6034872878470523,-0.3874866337288547,0.05555473602052674,False,True,False,above 0.2
NY_JET_M2M3,P1_STOCK_SURPRISE,2,208,61,-0.10348439193263925,0.1764873121551459,-0.010788531544273516,-0.03188965276901956,False,False,False,0.05 to 0.2
NY_JET_M2M3,P3_STOCK_SURPRISE,2,208,61,0.04504616310075082,0.6030560873464021,0.05763416096499471,0.008086547571540037,False,True,False,above 0.2
NY_JET_M2M3,P5_STOCK_SURPRISE,2,208,61,0.03452260516777839,0.6196641201277413,-0.002969244843717232,-0.004147960734056433,False,False,False,above 0.2
NY_JET_M2M3,US_STOCK_SURPRISE,2,208,61,-0.07687792036095273,0.3493120716332474,0.10044472126866834,-0.03315705364726673,False,False,False,above 0.2
NY_JET_M2M3,US_DEMAND_CHG4,2,201,61,-0.04293486939224921,0.6879632106442364,0.0032434087601912525,-0.013106341169780489,False,False,False,above 0.2
NY_JET_M2M3,P5_DEMAND_CHG4,2,201,61,-0.220961762393789,0.07160769041588427,-0.0009898518557495046,-0.2103765005640168,False,False,False,0.05 to 0.2
NY_JET_M2M3,P1_JET_STOCKS_VS_5Y,4,208,61,-0.06213401950022845,0.7472945519923107,0.09526069962650069,-0.02141137352435063,False,False,False,above 0.2
NY_JET_M2M3,P1_JET_STOCKS_VS_5Y_CHG4,4,208,61,-0.05194860626758118,0.7300469263018801,0.10294265659841217,-0.0159626954127432,False,False,False,above 0.2
NY_JET_M2M3,P3_JET_STOCKS_VS_5Y,4,208,61,-0.025856430913222376,0.8871598004509338,-0.036683522578453344,-0.008167256480561047,False,False,False,above 0.2
NY_JET_M2M3,P3_JET_STOCKS_VS_5Y_CHG4,4,208,61,-0.19935159208926334,0.25541805706078125,0.0588525018992252,-0.040890588477560774,False,False,False,above 0.2
NY_JET_M2M3,P5_JET_STOCKS_VS_5Y,4,208,61,-0.19003573674242558,0.3245310371790665,0.2818714137725806,-0.15197703326917322,False,False,False,above 0.2
NY_JET_M2M3,P5_JET_STOCKS_VS_5Y_CHG4,4,208,61,-0.17326736496417808,0.4117096371842055,0.05814404427735397,-0.03063451951537277,False,False,False,above 0.2
NY_JET_M2M3,US_JET_STOCKS_VS_5Y,4,208,61,-0.16633804544576322,0.4852120170799459,0.3105738329822054,-0.062475734828057794,False,False,False,above 0.2
NY_JET_M2M3,US_JET_STOCKS_VS_5Y_CHG4,4,208,61,-0.32078632816338815,0.1736128120775735,0.23263890132064982,-0.1116374857816762,False,False,False,0.05 to 0.2
NY_JET_M2M3,P5_DAYS_SUPPLY,4,205,61,-0.05703749974900395,0.7530354703044831,-0.11884874297206716,0.007724247199914158,False,True,False,above 0.2
NY_JET_M2M3,P5_DAYS_SUPPLY_CHG4,4,201,61,0.11262870211121491,0.4022111543098378,-0.03523111974899194,-0.041474275740452704,False,False,False,above 0.2
NY_JET_M2M3,US_DAYS_SUPPLY,4,205,61,-0.08558763341878084,0.5299954342343234,-0.263474314675979,0.01843742044101504,False,True,False,above 0.2
NY_JET_M2M3,US_DAYS_SUPPLY_CHG4,4,201,61,-0.1799454231820147,0.14956901024655544,-0.11043875814892705,0.04754461502638829,False,True,False,0.05 to 0.2
NY_JET_M2M3,P5_RUNS_VS_5Y,4,208,61,-0.0335365813498852,0.8273732330553624,-0.07153100394464856,-0.004334523640079357,False,False,False,above 0.2
NY_JET_M2M3,P5_RUNS_VS_5Y_CHG4,4,208,61,-0.016051020603925402,0.908450815951699,-0.19923915153132626,0.007900800668338426,False,True,False,above 0.2
NY_JET_M2M3,P3_RUNS_VS_5Y,4,208,61,-0.10880471000191924,0.19231148977156787,0.10624170755522,-0.04017082565748109,False,False,False,0.05 to 0.2
NY_JET_M2M3,P3_RUNS_VS_5Y_CHG4,4,208,61,0.0083419322034977,0.9268416264063296,0.1890655219660675,0.0011522675002174632,False,True,False,above 0.2
NY_JET_M2M3,US_UTIL_VS_5Y,4,208,61,-0.37395751733021343,0.05592537518829594,0.08577644510593006,-0.4865047277560468,False,False,False,0.05 to 0.2
NY_JET_M2M3,US_UTIL_VS_5Y_CHG4,4,208,61,-0.10457888380072543,0.311090190984439,0.0239335162507368,-0.004134793925187674,False,False,False,above 0.2
NY_JET_M2M3,P5_OUTPUT_VS_52W,4,156,61,-0.12753808349777743,0.12556331098899198,0.018729057698164662,-0.08811914653682695,False,False,False,0.05 to 0.2
NY_JET_M2M3,P5_OUTPUT_VS_52W_CHG4,4,152,61,-0.0012206491427765587,0.9915215869584062,0.044547261822708954,-0.00018153229329698206,False,False,False,above 0.2
NY_JET_M2M3,P3_OUTPUT_VS_52W,4,156,61,-0.12957800270852346,0.05479320447218126,0.21214140347367635,-0.11199784004991242,False,False,False,0.05 to 0.2
NY_JET_M2M3,P3_OUTPUT_VS_52W_CHG4,4,152,61,0.019777175924951988,0.8028932088584981,0.36246947943794017,0.012765215551949094,False,True,False,above 0.2
NY_JET_M2M3,P5_IMPORTS_4W,4,208,61,-0.058277057022576004,0.8208242404710893,0.05485642846253434,0.0068587271645217385,False,False,False,above 0.2
NY_JET_M2M3,P5_IMPORTS_4W_CHG4,4,208,61,-0.13586498936329514,0.5798423247257661,-0.1424413650607627,0.0011810046537807928,False,True,False,above 0.2
NY_JET_M2M3,US_DIST_STOCKS_VS_5Y,4,208,61,0.2175060908607509,0.14588149231769482,0.8583592478915226,0.043272051339123596,False,True,False,0.05 to 0.2
NY_JET_M2M3,US_DIST_STOCKS_VS_5Y_CHG4,4,208,61,0.10703539760767389,0.37009753190334826,-0.021881987085364738,-0.02929617721340927,False,False,False,above 0.2
NY_JET_M2M3,P1_DIST_STOCKS_VS_5Y,4,208,61,0.24881860208622636,0.1604788230169486,1.185311106868378,0.04962678088848815,False,True,False,0.05 to 0.2
NY_JET_M2M3,P1_DIST_STOCKS_VS_5Y_CHG4,4,208,61,-0.09707625761925398,0.5796145930418946,-0.052689205383581204,0.015843080868840453,False,True,False,above 0.2
NY_JET_M2M3,P1_IMPORTS_4W,4,208,61,-0.35902846153516865,0.04995351517199276,0.5999803486099816,-0.3641502300248427,False,False,False,0.01 to 0.05
NY_JET_M2M3,P3_EXPORTS_4W,4,208,61,-0.12829671254427238,0.29537343970059005,-0.646007357031759,0.11869300239414582,False,True,False,above 0.2
NY_JET_M2M3,P1_STOCK_SURPRISE,4,208,61,-0.06349173096310609,0.4048119302864446,0.007682416802280104,-0.00686831820927547,False,False,False,above 0.2
NY_JET_M2M3,P3_STOCK_SURPRISE,4,208,61,-0.06657512671708875,0.35015037498617974,0.10033866349229462,-0.02213549878988852,False,False,False,above 0.2
NY_JET_M2M3,P5_STOCK_SURPRISE,4,208,61,-0.008899692136632581,0.9121043334903979,0.01825389968844673,-0.00022311395310459226,False,False,False,above 0.2
NY_JET_M2M3,US_STOCK_SURPRISE,4,208,61,-0.17608403219637597,0.07720060094037298,0.2448808312127443,-0.08258314645686848,False,False,False,0.05 to 0.2
NY_JET_M2M3,US_DEMAND_CHG4,4,201,61,-0.016433118423969,0.8984220602455623,0.12827689020496683,-0.008514604623177657,False,False,False,above 0.2
NY_JET_M2M3,P5_DEMAND_CHG4,4,201,61,-0.2240034158517186,0.21000461268170167,0.039328743284428286,-0.140812286159685,False,False,False,above 0.2
HO_M1M2,P1_JET_STOCKS_VS_5Y,1,208,61,0.01193446475097128,0.7917052691864999,0.07085635790199168,0.015038607055713138,False,True,False,above 0.2
HO_M1M2,P1_JET_STOCKS_VS_5Y_CHG4,1,208,61,-0.009821234481946144,0.8098390909650726,0.018097437057719157,-0.0009903066728931265,False,False,False,above 0.2
HO_M1M2,P3_JET_STOCKS_VS_5Y,1,208,61,0.023161343732754885,0.8265091237888764,0.024263890124388853,0.009200439285647843,False,True,False,above 0.2
HO_M1M2,P3_JET_STOCKS_VS_5Y_CHG4,1,208,61,-0.0939898915909416,0.18676414807955455,0.06920614849319941,-0.21634274226448968,False,False,False,0.05 to 0.2
HO_M1M2,P5_JET_STOCKS_VS_5Y,1,208,61,0.0899523073219004,0.30618014011968264,0.02527038399332367,-0.08691261563721131,False,False,False,above 0.2
HO_M1M2,P5_JET_STOCKS_VS_5Y_CHG4,1,208,61,0.13211914751829337,0.25861163767989437,-0.03157359322672695,-0.33215645705050867,False,False,False,above 0.2
HO_M1M2,US_JET_STOCKS_VS_5Y,1,208,61,0.05063854173513038,0.6785734456675241,0.1288724462069881,0.032790076437551385,False,True,False,above 0.2
HO_M1M2,US_JET_STOCKS_VS_5Y_CHG4,1,208,61,-0.0497793230793638,0.5302978608450565,0.08606672638571763,-0.05000585508828337,False,False,False,above 0.2
HO_M1M2,P5_DAYS_SUPPLY,1,205,61,0.09237736056857597,0.5928399667058424,-0.024303310826742076,-0.11401180133933142,False,False,False,above 0.2
HO_M1M2,P5_DAYS_SUPPLY_CHG4,1,201,61,0.05385629666761342,0.029387577016544573,0.0411463633147119,0.01417249622935135,False,True,False,0.01 to 0.05
HO_M1M2,US_DAYS_SUPPLY,1,205,61,-0.014191210427546036,0.7911513080096443,-0.012398110736469719,-0.0036144627398206897,False,False,False,above 0.2
HO_M1M2,US_DAYS_SUPPLY_CHG4,1,201,61,0.035777070561426184,0.128235320740628,0.05323415996442212,0.027929850879697904,False,True,False,0.05 to 0.2
HO_M1M2,P5_RUNS_VS_5Y,1,208,61,0.12072618684284123,0.08868303416908198,-0.06618139942222201,-0.35827158927404246,False,False,False,0.05 to 0.2
HO_M1M2,P5_RUNS_VS_5Y_CHG4,1,208,61,0.04342584521981989,0.2534768931992475,-0.07674713747932803,-0.11491553554598788,False,False,False,above 0.2
HO_M1M2,P3_RUNS_VS_5Y,1,208,61,-0.005699920592083109,0.9137603454254317,0.07803248416511765,-0.0036941539883954544,False,False,False,above 0.2
HO_M1M2,P3_RUNS_VS_5Y_CHG4,1,208,61,-0.0210515861362266,0.6459062847364149,0.09716616716079371,-0.012808749328662383,False,False,False,above 0.2
HO_M1M2,US_UTIL_VS_5Y,1,208,61,-0.03961088811042435,0.7250045165802206,0.028211982907549865,-0.042403647398389976,False,False,False,above 0.2
HO_M1M2,US_UTIL_VS_5Y_CHG4,1,208,61,-0.07716071146842707,0.35587204064433897,-0.006382856223611201,-0.004180099301585916,False,False,False,above 0.2
HO_M1M2,P5_OUTPUT_VS_52W,1,156,61,7.721572293516664e-05,0.9976316423694122,0.02634342016596642,0.00010682377652682096,False,True,False,above 0.2
HO_M1M2,P5_OUTPUT_VS_52W_CHG4,1,152,61,-0.01977920072249236,0.49425395736031563,-0.01843399054944087,0.0022801406309646,False,True,False,above 0.2
HO_M1M2,P3_OUTPUT_VS_52W,1,156,61,-0.0431354316007838,0.2238405028919086,0.10767637964795565,-0.1055324944270617,False,False,False,above 0.2
HO_M1M2,P3_OUTPUT_VS_52W_CHG4,1,152,61,-0.03286906961176665,0.24700421197905764,-0.004738232969831267,-0.003915532344185513,False,False,False,above 0.2
HO_M1M2,P5_IMPORTS_4W,1,208,61,-0.006656543688861052,0.9672297676357462,-0.0035083737962467365,-0.0014312984223727732,False,False,False,above 0.2
HO_M1M2,P5_IMPORTS_4W_CHG4,1,208,61,-0.06695046943535493,0.1022974964228614,-0.058959303089582464,0.012110090518643868,False,True,False,0.05 to 0.2
HO_M1M2,US_DIST_STOCKS_VS_5Y,1,208,61,0.03797412891091745,0.6316772830681195,0.17161912199631707,-0.026510024361245943,False,False,False,above 0.2
HO_M1M2,US_DIST_STOCKS_VS_5Y_CHG4,1,208,61,-0.07221243211979675,0.1729458650337058,-0.009176422793507862,-0.015528315635717105,False,False,False,0.05 to 0.2
HO_M1M2,P1_DIST_STOCKS_VS_5Y,1,208,61,0.06324119702602121,0.47873289676250896,0.1303068495149713,-0.07136407225816899,False,False,False,above 0.2
HO_M1M2,P1_DIST_STOCKS_VS_5Y_CHG4,1,208,61,-0.049744129541876556,0.6961665310950262,-0.00236092369383066,-0.0007073354137496768,False,False,False,above 0.2
HO_M1M2,P1_IMPORTS_4W,1,208,61,-0.038676394124750116,0.7899121341514986,0.06817078173978085,-0.013344358641430576,False,False,False,above 0.2
HO_M1M2,P3_EXPORTS_4W,1,208,61,0.04012156767960091,0.39325449596678286,0.021273970056102327,-0.008070153349683862,False,False,False,above 0.2
HO_M1M2,P1_STOCK_SURPRISE,1,208,61,-0.06214311580878069,0.410150757429959,-0.002403594377084193,-0.056823458841016805,False,False,False,above 0.2
HO_M1M2,P3_STOCK_SURPRISE,1,208,61,0.17844975904238747,0.2930223978618923,0.03270627999733446,-0.3063023900020512,False,False,False,above 0.2
HO_M1M2,P5_STOCK_SURPRISE,1,208,61,0.08711268352682172,0.2903001275963554,-0.01688491724064911,-0.1280673312436258,False,False,False,above 0.2
HO_M1M2,US_STOCK_SURPRISE,1,208,61,0.10742337172271116,0.37673367587432227,0.0375663647549529,-0.07861924340667925,False,False,False,above 0.2
HO_M1M2,US_DEMAND_CHG4,1,201,61,-0.03670383080417942,0.15208890915202483,-0.03711120088849532,0.009252147919562526,False,True,False,0.05 to 0.2
HO_M1M2,P5_DEMAND_CHG4,1,201,61,-0.04528675832964412,0.09129726951410291,-0.042796341673944784,0.014671869921419112,False,True,False,0.05 to 0.2
HO_M1M2,P1_JET_STOCKS_VS_5Y,2,208,61,0.02817500879342425,0.634001983465027,0.14125565617651828,0.041328939431060197,False,True,False,above 0.2
HO_M1M2,P1_JET_STOCKS_VS_5Y_CHG4,2,208,61,0.016479395436155557,0.7837579572142387,0.0742731698543917,0.01405578243388117,False,True,False,above 0.2
HO_M1M2,P3_JET_STOCKS_VS_5Y,2,208,61,-0.10471482745005335,0.6513742033909382,-0.02255803723852371,-0.0742498978652455,False,False,False,above 0.2
HO_M1M2,P3_JET_STOCKS_VS_5Y_CHG4,2,208,61,-0.27408111115272427,0.19505489413656318,0.09100471811551364,-0.6587258219974521,False,False,False,0.05 to 0.2
HO_M1M2,P5_JET_STOCKS_VS_5Y,2,208,61,0.11630120670513451,0.3694800560130479,0.05566578446249284,-0.03242275322364363,False,False,False,above 0.2
HO_M1M2,P5_JET_STOCKS_VS_5Y_CHG4,2,208,61,0.17377976645863594,0.2412552464158616,-0.09243574243666029,-0.37271410875621624,False,False,False,above 0.2
HO_M1M2,US_JET_STOCKS_VS_5Y,2,208,61,0.012642418689637006,0.9553385722994137,0.20526102529291593,0.009741496935311678,False,True,False,above 0.2
HO_M1M2,US_JET_STOCKS_VS_5Y_CHG4,2,208,61,-0.1406665945032289,0.33555485973225885,0.14543756378567343,-0.20468145813326988,False,False,False,above 0.2
HO_M1M2,P5_DAYS_SUPPLY,2,205,61,0.1311206757987234,0.6363222682388934,-0.059104327949417584,-0.1343367238933515,False,False,False,above 0.2
HO_M1M2,P5_DAYS_SUPPLY_CHG4,2,201,61,0.10999808501267751,0.01351173386517804,0.03374587552881553,-0.03191539229205054,False,False,False,0.01 to 0.05
HO_M1M2,US_DAYS_SUPPLY,2,205,61,-0.09369347449757479,0.4001621029950343,-0.06343250467071673,-0.021538319463699773,False,False,False,above 0.2
HO_M1M2,US_DAYS_SUPPLY_CHG4,2,201,61,0.055741851132505446,0.16199601559792254,0.07190891715960872,0.02534825981270661,False,True,False,0.05 to 0.2
HO_M1M2,P5_RUNS_VS_5Y,2,208,61,0.22411479305314183,0.09453054883841266,-0.11231379380053164,-0.6193706198430542,False,False,False,0.05 to 0.2
HO_M1M2,P5_RUNS_VS_5Y_CHG4,2,208,61,0.12785093425598407,0.06988609729056505,-0.14001684898382732,-0.3971000237309774,False,False,False,0.05 to 0.2
HO_M1M2,P3_RUNS_VS_5Y,2,208,61,-0.03429507630820104,0.7060965752659274,0.1283458978874953,-0.028820993578976717,False,False,False,above 0.2
HO_M1M2,P3_RUNS_VS_5Y_CHG4,2,208,61,-0.04582117191599169,0.5541138552244504,0.18972436410968913,-0.04345933415448999,False,False,False,above 0.2
HO_M1M2,US_UTIL_VS_5Y,2,208,61,-0.1129341231150569,0.4523968633088683,0.03664619448387405,-0.1659499098358923,False,False,False,above 0.2
HO_M1M2,US_UTIL_VS_5Y_CHG4,2,208,61,-0.13265257933771177,0.3257012011960151,0.013641660162462895,-0.05793497203589859,False,False,False,above 0.2
HO_M1M2,P5_OUTPUT_VS_52W,2,156,61,0.07685173137401667,0.11482868838022262,0.05309277517549414,0.05777845265841752,False,True,False,0.05 to 0.2
HO_M1M2,P5_OUTPUT_VS_52W_CHG4,2,152,61,0.034539272405545274,0.43239580611935446,-0.04316738170150463,-0.019982512194094193,False,False,False,above 0.2
HO_M1M2,P3_OUTPUT_VS_52W,2,156,61,-0.08950868348544679,0.10496729336975756,0.23330368162807505,-0.21716224772342407,False,False,False,0.05 to 0.2
HO_M1M2,P3_OUTPUT_VS_52W_CHG4,2,152,61,-0.03522997653504863,0.439503405896317,0.056412204658936864,-0.02001834440686645,False,False,False,above 0.2
HO_M1M2,P5_IMPORTS_4W,2,208,61,0.04897656290871347,0.8333988788584717,-0.008347855056573403,-0.02428420149556665,False,False,False,above 0.2
HO_M1M2,P5_IMPORTS_4W_CHG4,2,208,61,-0.036221307916929596,0.594542586636372,-0.11431273479022899,0.02875895069674883,False,True,False,above 0.2
HO_M1M2,US_DIST_STOCKS_VS_5Y,2,208,61,0.06784156072909735,0.5808053523438177,0.18614122590678117,-0.029831114864725228,False,False,False,above 0.2
HO_M1M2,US_DIST_STOCKS_VS_5Y_CHG4,2,208,61,-0.04061460331525621,0.5319606696573538,-0.02865033177287999,0.00621264415185141,False,True,False,above 0.2
HO_M1M2,P1_DIST_STOCKS_VS_5Y,2,208,61,0.10637886172008681,0.43828298502280405,0.23300254042278692,-0.0692797655313997,False,False,False,above 0.2
HO_M1M2,P1_DIST_STOCKS_VS_5Y_CHG4,2,208,61,0.005377248821012974,0.9745727935118478,0.00406160820421197,-0.0007143674138923028,False,False,False,above 0.2
HO_M1M2,P1_IMPORTS_4W,2,208,61,-0.09930185873129617,0.6390024893431946,0.10781423670203671,-0.08506887476073355,False,False,False,above 0.2
HO_M1M2,P3_EXPORTS_4W,2,208,61,0.060743920214554444,0.3915584226795391,0.034325779971719844,-0.03094321175567094,False,False,False,above 0.2
HO_M1M2,P1_STOCK_SURPRISE,2,208,61,-0.021345433480786744,0.738117137014274,-0.013401656929655264,0.002491840747176566,False,True,False,above 0.2
HO_M1M2,P3_STOCK_SURPRISE,2,208,61,0.05825808410296508,0.5105620378614922,0.036798102475915966,0.0038099791297494523,False,True,False,above 0.2
HO_M1M2,P5_STOCK_SURPRISE,2,208,61,0.30548176511188585,0.2121523627964289,-0.07213021982735991,-0.8131440288880618,False,False,False,above 0.2
HO_M1M2,US_STOCK_SURPRISE,2,208,61,0.12260818611970198,0.4336990345099454,0.0009755597399263992,-0.08964755899559895,False,False,False,above 0.2
HO_M1M2,US_DEMAND_CHG4,2,201,61,-0.05428655220708607,0.23032212829997356,-0.05277927831176479,0.0037261717494292412,False,True,False,above 0.2
HO_M1M2,P5_DEMAND_CHG4,2,201,61,-0.0807187170662929,0.10268893361015521,-0.047129214121505884,-0.017035623753597573,False,False,False,0.05 to 0.2
HO_M1M2,P1_JET_STOCKS_VS_5Y,4,208,61,0.07047190915312848,0.3225059470531476,0.19445002669820077,0.06859824901005385,False,True,False,above 0.2
HO_M1M2,P1_JET_STOCKS_VS_5Y_CHG4,4,208,61,-0.008512122522645747,0.9006993935079926,0.13035051756048696,-0.010249673542651827,False,False,False,above 0.2
HO_M1M2,P3_JET_STOCKS_VS_5Y,4,208,61,-0.042567522794374923,0.8692374881755899,-0.033316283154984964,-0.002180116541441457,False,False,False,above 0.2
HO_M1M2,P3_JET_STOCKS_VS_5Y_CHG4,4,208,61,-0.11268343369598846,0.31839968624564596,0.0906427062895247,-0.08297965326500445,False,False,False,above 0.2
HO_M1M2,P5_JET_STOCKS_VS_5Y,4,208,61,-0.12454341164834637,0.6815887308579447,0.19299295356982096,-0.17346578877813923,False,False,False,above 0.2
HO_M1M2,P5_JET_STOCKS_VS_5Y_CHG4,4,208,61,-0.1859615346109964,0.4094029546407698,-0.12009652900733615,-0.0026068653068878067,False,False,False,above 0.2
HO_M1M2,US_JET_STOCKS_VS_5Y,4,208,61,0.015526611206644919,0.963089621764616,0.3278354745914803,0.009971871479419692,False,True,False,above 0.2
HO_M1M2,US_JET_STOCKS_VS_5Y_CHG4,4,208,61,-0.2002821793989792,0.34277364974095725,0.16537596163671167,-0.22010346001386072,False,False,False,above 0.2
HO_M1M2,P5_DAYS_SUPPLY,4,205,61,-0.2857746101730006,0.2539758590654527,-0.1098666071438825,0.01925872567295439,False,True,False,above 0.2
HO_M1M2,P5_DAYS_SUPPLY_CHG4,4,201,61,0.11417261065019882,0.0638770073200788,0.008952209141358587,-0.033895451691461354,False,False,False,0.05 to 0.2
HO_M1M2,US_DAYS_SUPPLY,4,205,61,-0.0908548470141343,0.5194887131941289,-0.19137236522166368,0.09575438399681924,False,True,False,above 0.2
HO_M1M2,US_DAYS_SUPPLY_CHG4,4,201,61,0.028273033940715748,0.615497270628065,0.006511009550581963,-0.0036691169687848024,False,False,False,above 0.2
HO_M1M2,P5_RUNS_VS_5Y,4,208,61,0.19759451612938475,0.05696332674993464,-0.028687664561741124,-0.14315047107840373,False,False,False,0.05 to 0.2
HO_M1M2,P5_RUNS_VS_5Y_CHG4,4,208,61,0.12664754646525014,0.0940227684384811,-0.16466812037143572,-0.22463996777513473,False,False,False,0.05 to 0.2
HO_M1M2,P3_RUNS_VS_5Y,4,208,61,-0.01623056901044486,0.8840950569852547,0.28035371435936424,-0.014613408368156833,False,False,False,above 0.2
HO_M1M2,P3_RUNS_VS_5Y_CHG4,4,208,61,-0.01764044088798971,0.7960046985755167,0.3826584478711151,-0.018693953601687685,False,False,False,above 0.2
HO_M1M2,US_UTIL_VS_5Y,4,208,61,-0.2653802827629483,0.2739683399214109,0.1914977744876826,-0.5721059496749645,False,False,False,above 0.2
HO_M1M2,US_UTIL_VS_5Y_CHG4,4,208,61,-0.1897922098143492,0.3039007035384975,0.13576225067833086,-0.16342203652196874,False,False,False,above 0.2
HO_M1M2,P5_OUTPUT_VS_52W,4,156,61,0.1041647409588028,0.15555085294337204,0.17981873888730418,0.1350254628602795,False,True,False,0.05 to 0.2
HO_M1M2,P5_OUTPUT_VS_52W_CHG4,4,152,61,0.10729968918380894,0.03227883587501069,-0.005031319528351766,-0.019958042966602862,False,False,False,0.01 to 0.05
HO_M1M2,P3_OUTPUT_VS_52W,4,156,61,-0.11700642469884881,0.09754578566534738,0.42040906147177737,-0.2233876324785764,False,False,False,0.05 to 0.2
HO_M1M2,P3_OUTPUT_VS_52W_CHG4,4,152,61,-0.020344168035970302,0.6126404114804278,0.16960171191815115,-0.014348146151576646,False,False,False,above 0.2
HO_M1M2,P5_IMPORTS_4W,4,208,61,0.10257551692559802,0.7559961161523316,0.08509139881735096,-0.02710570976054294,False,False,False,above 0.2
HO_M1M2,P5_IMPORTS_4W_CHG4,4,208,61,-0.004865315628193485,0.9493244144229542,-0.08182982912106193,0.0019467143251321595,False,True,False,above 0.2
HO_M1M2,US_DIST_STOCKS_VS_5Y,4,208,61,0.14085407881463655,0.40730969428386943,0.23690828806490305,-0.038697077741261854,False,False,False,above 0.2
HO_M1M2,US_DIST_STOCKS_VS_5Y_CHG4,4,208,61,-0.040487301593834644,0.7051551915896113,-0.06431233147664145,0.006421566495331543,False,True,False,above 0.2
HO_M1M2,P1_DIST_STOCKS_VS_5Y,4,208,61,0.14186707727355735,0.5196070983544084,0.21329193810337407,-0.026282810931588685,False,False,False,above 0.2
HO_M1M2,P1_DIST_STOCKS_VS_5Y_CHG4,4,208,61,-0.17993525440200245,0.4011481078100365,-0.018511236062137282,-0.07408663045711839,False,False,False,above 0.2
HO_M1M2,P1_IMPORTS_4W,4,208,61,-0.04183103067218008,0.9052039959871775,0.15249666773252232,-0.028974649551494425,False,False,False,above 0.2
HO_M1M2,P3_EXPORTS_4W,4,208,61,0.05742347125001244,0.6040108850843691,0.08996183124819652,-0.023204190479823028,False,False,False,above 0.2
HO_M1M2,P1_STOCK_SURPRISE,4,208,61,-0.03358108403282701,0.6424068191495393,0.010903788111987818,-0.01060751888809297,False,False,False,above 0.2
HO_M1M2,P3_STOCK_SURPRISE,4,208,61,-0.15139332891268423,0.39354588851113315,0.05939565662019823,-0.16064154897464733,False,False,False,above 0.2
HO_M1M2,P5_STOCK_SURPRISE,4,208,61,0.1934527008031105,0.11695276601450307,-0.04439708818367046,-0.14979063187883135,False,False,False,0.05 to 0.2
HO_M1M2,US_STOCK_SURPRISE,4,208,61,-0.1513237241057961,0.33654680017012495,0.1007923184811558,-0.13692209927065235,False,False,False,above 0.2
HO_M1M2,US_DEMAND_CHG4,4,201,61,-0.01595139013923004,0.7609448004131748,0.02921365688399428,-0.008236317532146709,False,False,False,above 0.2
HO_M1M2,P5_DEMAND_CHG4,4,201,61,-0.05244282196243694,0.390090879239127,0.021100360539188817,-0.03292054880729034,False,False,False,above 0.2
HO_M2M3,P1_JET_STOCKS_VS_5Y,1,208,61,0.013609496111302069,0.5380908179515759,0.0680900449829462,0.021441063011536143,False,True,False,above 0.2
HO_M2M3,P1_JET_STOCKS_VS_5Y_CHG4,1,208,61,-0.012237436096347616,0.5592028948852712,0.03821600622285399,-0.01836485554295475,False,False,False,above 0.2
HO_M2M3,P3_JET_STOCKS_VS_5Y,1,208,61,0.0312595845683611,0.17688989081808582,-0.01907764725385138,0.0005284579752941054,False,False,False,0.05 to 0.2
HO_M2M3,P3_JET_STOCKS_VS_5Y_CHG4,1,208,61,-0.01812403708707276,0.4705963522077288,0.04147680024022289,-0.021681286166320923,False,False,False,above 0.2
HO_M2M3,P5_JET_STOCKS_VS_5Y,1,208,61,0.02716697448348663,0.34840587735588213,0.04743273526403982,0.01695666135435059,False,True,False,above 0.2
HO_M2M3,P5_JET_STOCKS_VS_5Y_CHG4,1,208,61,0.03950434383767151,0.17552918129705575,-0.005485983513794428,-0.03288387219972466,False,False,False,0.05 to 0.2
HO_M2M3,US_JET_STOCKS_VS_5Y,1,208,61,0.05069175435854496,0.04159944332950873,0.11653732293958358,0.03805161425181702,False,True,False,0.01 to 0.05
HO_M2M3,US_JET_STOCKS_VS_5Y_CHG4,1,208,61,-0.009814339487349546,0.756423677398936,0.10533999544492366,-0.016969235370391855,False,False,False,above 0.2
HO_M2M3,P5_DAYS_SUPPLY,1,205,61,-0.009125510806772196,0.8141017713512756,-0.05402977265851218,0.0036278052355492862,False,True,False,above 0.2
HO_M2M3,P5_DAYS_SUPPLY_CHG4,1,201,61,0.02892346210993311,0.3019008234812932,0.019556386998252153,-0.000806770091363429,False,False,False,above 0.2
HO_M2M3,US_DAYS_SUPPLY,1,205,61,-0.019017252824988225,0.46667009196333964,-0.05915130496648486,0.006099595797623536,False,True,False,above 0.2
HO_M2M3,US_DAYS_SUPPLY_CHG4,1,201,61,-0.003367051404843371,0.8587959369904687,0.0240447393330306,-0.0018977988252999456,False,False,False,above 0.2
HO_M2M3,P5_RUNS_VS_5Y,1,208,61,0.024774533408823927,0.3383680275551625,-0.03213112636751519,-0.023951987761519522,False,False,False,above 0.2
HO_M2M3,P5_RUNS_VS_5Y_CHG4,1,208,61,0.026472879563411753,0.22763451482219843,-0.06322316688177447,-0.06646539459827183,False,False,False,above 0.2
HO_M2M3,P3_RUNS_VS_5Y,1,208,61,0.015930230101638687,0.362640682487532,0.031794761106628905,0.011430503578853224,False,True,False,above 0.2
HO_M2M3,P3_RUNS_VS_5Y_CHG4,1,208,61,0.007911511182080966,0.5607669452847466,0.0739895229864246,0.0061831986445884946,False,True,False,above 0.2
HO_M2M3,US_UTIL_VS_5Y,1,208,61,-0.020805100457984168,0.4242641079426739,-0.02127727938722275,-0.026351209225769834,False,False,False,above 0.2
HO_M2M3,US_UTIL_VS_5Y_CHG4,1,208,61,-0.0033323985933886727,0.8717824671183796,-0.01616733785957455,0.0008937589590981565,False,True,False,above 0.2
HO_M2M3,P5_OUTPUT_VS_52W,1,156,61,0.010601660036963795,0.6444707496281434,0.03351365032293661,0.018968764840162966,False,True,False,above 0.2
HO_M2M3,P5_OUTPUT_VS_52W_CHG4,1,152,61,0.010382396970197008,0.6795837427472861,0.013142289847807317,0.0030370013331870727,False,True,False,above 0.2
HO_M2M3,P3_OUTPUT_VS_52W,1,156,61,-0.03722313933788647,0.18281120479633095,0.13003489233762539,-0.1346965982672863,False,False,False,0.05 to 0.2
HO_M2M3,P3_OUTPUT_VS_52W_CHG4,1,152,61,-0.0121754268760805,0.6186771598104979,0.062231379599826685,-0.016386753446144153,False,False,False,above 0.2
HO_M2M3,P5_IMPORTS_4W,1,208,61,0.043526789769181534,0.1764115766635409,0.027445433167263562,-0.047977041290079736,False,False,False,0.05 to 0.2
HO_M2M3,P5_IMPORTS_4W_CHG4,1,208,61,-0.0352475626073015,0.25166640964510867,-0.048368098998887034,0.013530681271912481,False,True,False,above 0.2
HO_M2M3,US_DIST_STOCKS_VS_5Y,1,208,61,0.03327988797676971,0.18339522154787657,-0.049902019453902255,0.0034182062322919426,False,False,False,0.05 to 0.2
HO_M2M3,US_DIST_STOCKS_VS_5Y_CHG4,1,208,61,0.010253967086497732,0.5963136715613835,-0.04398457477133294,-0.008837848546111138,False,False,False,above 0.2
HO_M2M3,P1_DIST_STOCKS_VS_5Y,1,208,61,0.04089754161539395,0.12384703971189595,0.03485708938594162,-0.0020281151321546176,False,False,False,0.05 to 0.2
HO_M2M3,P1_DIST_STOCKS_VS_5Y_CHG4,1,208,61,0.005080370260999315,0.8671619450015488,-0.029891367119011913,-0.003172143827267604,False,False,False,above 0.2
HO_M2M3,P1_IMPORTS_4W,1,208,61,-0.06339584004963741,0.032113717796284386,0.0858079033576602,-0.09518360443677754,False,False,False,0.01 to 0.05
HO_M2M3,P3_EXPORTS_4W,1,208,61,0.021039414591026796,0.28146389141080275,-0.15279727894638262,-0.05349484314368791,False,False,False,above 0.2
HO_M2M3,P1_STOCK_SURPRISE,1,208,61,-0.0007035126133016073,0.9700953013425915,0.007826038507557146,-0.00021914455369009822,False,False,False,above 0.2
HO_M2M3,P3_STOCK_SURPRISE,1,208,61,0.01780005227265892,0.5826949370532396,0.004216910989563969,-0.0018809531535590729,False,False,False,above 0.2
HO_M2M3,P5_STOCK_SURPRISE,1,208,61,-0.0012768933712293202,0.9556582727692896,0.00511337439393619,2.1266582161949543e-07,False,False,False,above 0.2
HO_M2M3,US_STOCK_SURPRISE,1,208,61,0.005726659834827936,0.8507864114876668,0.0230958233652362,0.00197158773090933,False,True,False,above 0.2
HO_M2M3,US_DEMAND_CHG4,1,201,61,-0.005951927677302312,0.7876386492720733,-0.015484228939974577,0.0016278568413310435,False,True,False,above 0.2
HO_M2M3,P5_DEMAND_CHG4,1,201,61,-0.027720162471232344,0.3236540099454681,-0.02006432043150561,0.0016783105398381348,False,True,False,above 0.2
HO_M2M3,P1_JET_STOCKS_VS_5Y,2,208,61,0.0174907899663535,0.6684578934945811,0.11870695407071286,0.02201284387957736,False,True,False,above 0.2
HO_M2M3,P1_JET_STOCKS_VS_5Y_CHG4,2,208,61,-0.014663193124496305,0.6485379162692421,0.08314119962876444,-0.018382205602357926,False,False,False,above 0.2
HO_M2M3,P3_JET_STOCKS_VS_5Y,2,208,61,0.043164988085380065,0.2648202093339921,-0.03774059200860576,0.006183882203886437,False,False,False,above 0.2
HO_M2M3,P3_JET_STOCKS_VS_5Y_CHG4,2,208,61,-0.040563616288143055,0.4333932077797439,0.061473450292511146,-0.02843129127546251,False,False,False,above 0.2
HO_M2M3,P5_JET_STOCKS_VS_5Y,2,208,61,0.05957664809307408,0.254169491317214,0.08473732767784077,0.026324357520188357,False,True,False,above 0.2
HO_M2M3,P5_JET_STOCKS_VS_5Y_CHG4,2,208,61,0.08363303527592628,0.07277715155169781,-0.0539700594234651,-0.07477361208681721,False,False,False,0.05 to 0.2
HO_M2M3,US_JET_STOCKS_VS_5Y,2,208,61,0.09081710363715731,0.03134318053453199,0.19867379423566686,0.057925679927896434,False,True,False,0.01 to 0.05
HO_M2M3,US_JET_STOCKS_VS_5Y_CHG4,2,208,61,-0.0017794645674222213,0.9721357760304149,0.15855102954688238,-0.0017829174864969488,False,False,False,above 0.2
HO_M2M3,P5_DAYS_SUPPLY,2,205,61,-0.017244829893456094,0.7936281378033475,-0.1486594866763359,0.006651416277812294,False,True,False,above 0.2
HO_M2M3,P5_DAYS_SUPPLY_CHG4,2,201,61,0.06805631762339612,0.13060732499382013,-0.02162265745118827,-0.042604464863757796,False,False,False,0.05 to 0.2
HO_M2M3,US_DAYS_SUPPLY,2,205,61,-0.028148452904188694,0.549657143193826,-0.1585070527534643,0.015589136833004558,False,True,False,above 0.2
HO_M2M3,US_DAYS_SUPPLY_CHG4,2,201,61,0.006271754610809579,0.85353973543548,-0.006021582011751711,-0.001514028090413344,False,False,False,above 0.2
HO_M2M3,P5_RUNS_VS_5Y,2,208,61,0.057879526873547145,0.21534968226789786,-0.050102950910337264,-0.031054391865172448,False,False,False,above 0.2
HO_M2M3,P5_RUNS_VS_5Y_CHG4,2,208,61,0.08062576522923666,0.04255721754146617,-0.11783230312036792,-0.15904229304551265,False,False,False,0.01 to 0.05
HO_M2M3,P3_RUNS_VS_5Y,2,208,61,0.032294905148852554,0.29364223313704674,0.04191863727113332,0.01564358402608812,False,True,False,above 0.2
HO_M2M3,P3_RUNS_VS_5Y_CHG4,2,208,61,0.010050869173802626,0.6984268869537218,0.1632564934009665,0.007130745522906046,False,True,False,above 0.2
HO_M2M3,US_UTIL_VS_5Y,2,208,61,-0.04944835965452217,0.34464063242628407,-0.03274540776189952,-0.05126205806284867,False,False,False,above 0.2
HO_M2M3,US_UTIL_VS_5Y_CHG4,2,208,61,-0.01468298807209557,0.6917427958349296,0.010797626675760143,-0.001698992754229689,False,False,False,above 0.2
HO_M2M3,P5_OUTPUT_VS_52W,2,156,61,0.04908676802522851,0.2577377193772342,0.05709378926197022,0.04985212895281621,False,True,False,above 0.2
HO_M2M3,P5_OUTPUT_VS_52W_CHG4,2,152,61,0.05935494870837336,0.1882897766753231,0.016929888769454015,-0.0021255688754111546,False,False,False,0.05 to 0.2
HO_M2M3,P3_OUTPUT_VS_52W,2,156,61,-0.07912821544400762,0.09412798248803622,0.27332898588531346,-0.19943680948463904,False,False,False,0.05 to 0.2
HO_M2M3,P3_OUTPUT_VS_52W_CHG4,2,152,61,-0.02363972078852219,0.5941619045202817,0.17727574995526502,-0.031782400696405144,False,False,False,above 0.2
HO_M2M3,P5_IMPORTS_4W,2,208,61,0.10680929733955381,0.05022230492507086,0.08262756216988397,-0.09890842104195285,False,False,False,0.05 to 0.2
HO_M2M3,P5_IMPORTS_4W_CHG4,2,208,61,-0.03389295436883128,0.49848460590914434,-0.09833424074597956,0.018966017943835456,False,True,False,above 0.2
HO_M2M3,US_DIST_STOCKS_VS_5Y,2,208,61,0.05939450208111996,0.18580577097036177,-0.0807471983782443,0.023947963635277736,False,False,False,0.05 to 0.2
HO_M2M3,US_DIST_STOCKS_VS_5Y_CHG4,2,208,61,0.023183718390788213,0.5510973374118766,-0.055065670387009893,-0.01276761426631956,False,False,False,above 0.2
HO_M2M3,P1_DIST_STOCKS_VS_5Y,2,208,61,0.0739551736787201,0.12008465347298623,0.19191234496888704,0.030722156509835452,False,True,False,0.05 to 0.2
HO_M2M3,P1_DIST_STOCKS_VS_5Y_CHG4,2,208,61,0.03221241502676491,0.5049687646916459,-0.011199919954172638,-0.008242969018859014,False,False,False,above 0.2
HO_M2M3,P1_IMPORTS_4W,2,208,61,-0.12215083524361169,0.013819462980143984,0.18181554213699072,-0.1817043410489565,False,False,False,0.01 to 0.05
HO_M2M3,P3_EXPORTS_4W,2,208,61,0.0344697338184691,0.31898160235216055,-0.29653157235557015,-0.07446507988461137,False,False,False,above 0.2
HO_M2M3,P1_STOCK_SURPRISE,2,208,61,-0.015313152556204253,0.5601081930646352,0.027436600666468698,-0.008936643538324907,False,False,False,above 0.2
HO_M2M3,P3_STOCK_SURPRISE,2,208,61,0.01578294664521321,0.5501927465563516,0.006301256276710269,6.206476744607947e-05,False,True,False,above 0.2
HO_M2M3,P5_STOCK_SURPRISE,2,208,61,0.05743454680455931,0.2104863895851108,-0.011119689317786759,-0.022205486928055018,False,False,False,above 0.2
HO_M2M3,US_STOCK_SURPRISE,2,208,61,0.00587347241225644,0.8741186794535407,0.07603705410709784,0.003436696968782904,False,True,False,above 0.2
HO_M2M3,US_DEMAND_CHG4,2,201,61,-0.016336516796905395,0.6865890952040805,0.014370397157872725,-0.006875130870830803,False,False,False,above 0.2
HO_M2M3,P5_DEMAND_CHG4,2,201,61,-0.049249892719365834,0.2697940670710236,0.00604557147578168,-0.027013648709296456,False,False,False,above 0.2
HO_M2M3,P1_JET_STOCKS_VS_5Y,4,208,61,0.05759294145914497,0.27414489188605096,0.11390224145923945,0.028343771893451608,False,True,False,above 0.2
HO_M2M3,P1_JET_STOCKS_VS_5Y_CHG4,4,208,61,-0.0017767490524408583,0.9672569977853028,0.11016254011569707,-0.0010477903227652519,False,False,False,above 0.2
HO_M2M3,P3_JET_STOCKS_VS_5Y,4,208,61,0.07813247360681594,0.23593290917664078,-0.11376845863415351,0.00626244349592775,False,False,False,above 0.2
HO_M2M3,P3_JET_STOCKS_VS_5Y_CHG4,4,208,61,-0.03933341817566193,0.4943034109323535,0.03901510111373718,-0.007617098298811076,False,False,False,above 0.2
HO_M2M3,P5_JET_STOCKS_VS_5Y,4,208,61,0.017633837441640113,0.8175328476369319,0.19504817375049993,0.010870718122343748,False,True,False,above 0.2
HO_M2M3,P5_JET_STOCKS_VS_5Y_CHG4,4,208,61,0.03339687605231745,0.6362559626794616,-0.09575139741700169,-0.013162876874992957,False,False,False,above 0.2
HO_M2M3,US_JET_STOCKS_VS_5Y,4,208,61,0.15145665915863415,0.020701688148825642,0.16683645042718287,0.040307029362132596,False,True,False,0.01 to 0.05
HO_M2M3,US_JET_STOCKS_VS_5Y_CHG4,4,208,61,-0.0026224006265703976,0.9743051896573102,0.09919712485839416,-0.0006410081139267554,False,False,False,above 0.2
HO_M2M3,P5_DAYS_SUPPLY,4,205,61,-0.13217028145767568,0.13986419832118094,-0.3459904030824618,0.04297054803568945,False,True,False,0.05 to 0.2
HO_M2M3,P5_DAYS_SUPPLY_CHG4,4,201,61,0.06460263965244843,0.2796936946750046,-0.12600972943722044,-0.042619136330041885,False,False,False,above 0.2
HO_M2M3,US_DAYS_SUPPLY,4,205,61,-0.02858707979075883,0.7156374388517566,-0.39432314354559234,0.02275825986079627,False,True,False,above 0.2
HO_M2M3,US_DAYS_SUPPLY_CHG4,4,201,61,-0.017399514611812942,0.734883832634182,-0.16454450450900981,0.012545165849820905,False,True,False,above 0.2
HO_M2M3,P5_RUNS_VS_5Y,4,208,61,0.06653807880072113,0.33233252077926123,-0.01985716788896781,3.616901746017476e-05,False,False,False,above 0.2
HO_M2M3,P5_RUNS_VS_5Y_CHG4,4,208,61,0.15163336717531978,0.017580370695576518,-0.16466914866663768,-0.17555772704990336,False,False,False,0.01 to 0.05
HO_M2M3,P3_RUNS_VS_5Y,4,208,61,0.023495294417137377,0.6520679593072809,0.07443050267160302,0.010311624226216454,False,True,False,above 0.2
HO_M2M3,P3_RUNS_VS_5Y_CHG4,4,208,61,0.002020217611261238,0.9620144285958544,0.31768089727702503,0.0011177250155167684,False,True,False,above 0.2
HO_M2M3,US_UTIL_VS_5Y,4,208,61,-0.13937011998872578,0.15786692363314658,0.032389247482600775,-0.16726246971427772,False,False,False,0.05 to 0.2
HO_M2M3,US_UTIL_VS_5Y_CHG4,4,208,61,-0.03890898944976555,0.506736706592136,0.11271752534182818,-0.012038807551843611,False,False,False,above 0.2
HO_M2M3,P5_OUTPUT_VS_52W,4,156,61,0.03694804350358329,0.6138665947569525,0.12222051757394245,0.03527148428723248,False,True,False,above 0.2
HO_M2M3,P5_OUTPUT_VS_52W_CHG4,4,152,61,0.09985216457564405,0.061861935431609366,0.08703684012910945,0.019346370436918225,False,True,False,0.05 to 0.2
HO_M2M3,P3_OUTPUT_VS_52W,4,156,61,-0.15409305966838532,0.012521491926513218,0.44068826867410843,-0.2726362108133191,False,False,False,0.01 to 0.05
HO_M2M3,P3_OUTPUT_VS_52W_CHG4,4,152,61,-0.011709774715975351,0.8464994217675126,0.34052849068899316,-0.010715527422722193,False,False,False,above 0.2
HO_M2M3,P5_IMPORTS_4W,4,208,61,0.21522378802954667,0.014429150891101274,0.24462537881124619,-0.12537784077099068,False,False,False,0.01 to 0.05
HO_M2M3,P5_IMPORTS_4W_CHG4,4,208,61,0.025496600909211704,0.7203827569699013,-0.08402867231812398,-0.006504721575800065,False,False,False,above 0.2
HO_M2M3,US_DIST_STOCKS_VS_5Y,4,208,61,0.10964711827865412,0.14707129476557002,0.17337910797787331,0.04976625785476241,False,True,False,0.05 to 0.2
HO_M2M3,US_DIST_STOCKS_VS_5Y_CHG4,4,208,61,0.07452661000190061,0.2335898728801955,-0.0688009507461002,-0.02724033474900356,False,False,False,above 0.2
HO_M2M3,P1_DIST_STOCKS_VS_5Y,4,208,61,0.12614399790907563,0.09725634924613957,0.7053996905042972,0.0647228887097433,False,True,False,0.05 to 0.2
HO_M2M3,P1_DIST_STOCKS_VS_5Y_CHG4,4,208,61,0.0628775533842917,0.40302850446383875,0.01166168806410192,-0.006117177721663314,False,False,False,above 0.2
HO_M2M3,P1_IMPORTS_4W,4,208,61,-0.17121698557476547,0.038604537308872026,0.4384755109598471,-0.2062498912290489,False,False,False,0.01 to 0.05
HO_M2M3,P3_EXPORTS_4W,4,208,61,0.026230343724059087,0.6661707487378863,-0.5053587564895825,-0.03895734595415168,False,False,False,above 0.2
HO_M2M3,P1_STOCK_SURPRISE,4,208,61,-0.016765302846393444,0.5017524597376263,0.03406387577093477,-0.004545229763439407,False,False,False,above 0.2
HO_M2M3,P3_STOCK_SURPRISE,4,208,61,-0.025536304283531795,0.3714665198216599,0.06297598260631228,-0.009884851606668743,False,False,False,above 0.2
HO_M2M3,P5_STOCK_SURPRISE,4,208,61,0.058796825498924496,0.07443574053125143,-0.015666112941652828,-0.009635124209539159,False,False,False,0.05 to 0.2
HO_M2M3,US_STOCK_SURPRISE,4,208,61,-0.023729073796753205,0.5753184108021181,0.17654773445574504,-0.01398211874161115,False,False,False,above 0.2
HO_M2M3,US_DEMAND_CHG4,4,201,61,0.008606887724503489,0.8718997637657342,0.16610924722776543,0.007228437361917361,False,True,False,above 0.2
HO_M2M3,P5_DEMAND_CHG4,4,201,61,-0.028863970811554927,0.5972373070850006,0.11588377510330054,-0.02223157894794614,False,False,False,above 0.2
WTI_M1M2,P1_JET_STOCKS_VS_5Y,1,208,61,0.0002263493698386257,0.9944818950253853,-0.013065187685166832,-0.00015077791800988116,False,False,False,above 0.2
WTI_M1M2,P1_JET_STOCKS_VS_5Y_CHG4,1,208,61,-0.011361640173067922,0.7040005679849324,0.005361383001600336,-0.011523481184054996,False,False,False,above 0.2
WTI_M1M2,P3_JET_STOCKS_VS_5Y,1,208,61,-0.008626620942586732,0.7954128052085947,0.019991696578358992,-0.008938118459716371,False,False,False,above 0.2
WTI_M1M2,P3_JET_STOCKS_VS_5Y_CHG4,1,208,61,-0.016040378926552957,0.477324994495789,-0.009459730051866216,0.0012326046502806332,False,True,False,above 0.2
WTI_M1M2,P5_JET_STOCKS_VS_5Y,1,208,61,0.0536265294481931,0.045477694916942965,0.002694148244628032,-0.07123726443028144,False,False,False,0.01 to 0.05
WTI_M1M2,P5_JET_STOCKS_VS_5Y_CHG4,1,208,61,-0.014796866692510853,0.6194458487892947,-0.0019577901602911333,-0.004833393687504461,False,False,False,above 0.2
WTI_M1M2,US_JET_STOCKS_VS_5Y,1,208,61,0.024711162521395862,0.46400622786651047,-0.008244494493735419,-0.010119884543216662,False,False,False,above 0.2
WTI_M1M2,US_JET_STOCKS_VS_5Y_CHG4,1,208,61,-0.025638657874740033,0.3075778520007669,-0.0017323662160920541,-0.011942182776599308,False,False,False,above 0.2
WTI_M1M2,P5_DAYS_SUPPLY,1,205,61,-0.02123759343542519,0.5582710273341347,-0.0686084689986406,0.028917616108435795,False,True,False,above 0.2
WTI_M1M2,P5_DAYS_SUPPLY_CHG4,1,201,61,-0.04819601902469361,0.04091418012976424,-0.03617279612640482,0.04570809431220946,False,True,False,0.01 to 0.05
WTI_M1M2,US_DAYS_SUPPLY,1,205,61,-0.005889669076172899,0.8371114441340126,-0.06567322742463674,0.012864675039087503,False,True,False,above 0.2
WTI_M1M2,US_DAYS_SUPPLY_CHG4,1,201,61,-0.0325247694894069,0.13591395228090844,-0.04938860593733136,0.07795931753625351,False,True,False,0.05 to 0.2
WTI_M1M2,P5_RUNS_VS_5Y,1,208,61,0.010362875532580001,0.7962245130284276,0.04280859936878011,0.022314268311848462,False,True,False,above 0.2
WTI_M1M2,P5_RUNS_VS_5Y_CHG4,1,208,61,0.0073871226252571545,0.8521972294002484,0.02130432167539739,0.009986899148693884,False,True,False,above 0.2
WTI_M1M2,P3_RUNS_VS_5Y,1,208,61,-0.0022499728771404204,0.9130062746564034,-0.043468665410837576,0.00223466177984899,False,True,False,above 0.2
WTI_M1M2,P3_RUNS_VS_5Y_CHG4,1,208,61,0.030928758178863508,0.3544744223281878,-0.027614403381111256,-0.03861189767151618,False,False,False,above 0.2
WTI_M1M2,US_UTIL_VS_5Y,1,208,61,0.007858635313754931,0.822184387692985,-0.018244181274756705,-0.005754098438420119,False,False,False,above 0.2
WTI_M1M2,US_UTIL_VS_5Y_CHG4,1,208,61,0.02409576093260215,0.483204258595884,-0.014863023368549257,-0.023790236946101384,False,False,False,above 0.2
WTI_M1M2,P5_OUTPUT_VS_52W,1,156,61,0.024946519623841937,0.429527091306908,0.01133016929789845,0.011327774951468972,False,True,False,above 0.2
WTI_M1M2,P5_OUTPUT_VS_52W_CHG4,1,152,61,0.05536074890782729,0.2714681194915881,0.0510207403621047,0.09194332282769191,False,True,False,above 0.2
WTI_M1M2,P3_OUTPUT_VS_52W,1,156,61,-0.02615298089166745,0.39551076640241467,0.03533060372085003,-0.04866072808204658,False,False,False,above 0.2
WTI_M1M2,P3_OUTPUT_VS_52W_CHG4,1,152,61,0.005147455890198771,0.8653704022495047,0.047939149931876264,0.010483656842082412,False,True,False,above 0.2
WTI_M1M2,P5_IMPORTS_4W,1,208,61,0.038974367580180025,0.3080637958409851,0.038399957278915896,-0.03055650040461466,False,False,False,above 0.2
WTI_M1M2,P5_IMPORTS_4W_CHG4,1,208,61,-0.010632582323928122,0.6466360441698064,0.012708408473856013,-0.009424669951722864,False,False,False,above 0.2
WTI_M1M2,US_DIST_STOCKS_VS_5Y,1,208,61,0.018378106799123835,0.6923574804508874,0.033862710891318225,-0.005121259937662215,False,False,False,above 0.2
WTI_M1M2,US_DIST_STOCKS_VS_5Y_CHG4,1,208,61,0.015506689553026563,0.5459303889405716,-0.003436480828152349,-0.008607483055593335,False,False,False,above 0.2
WTI_M1M2,P1_DIST_STOCKS_VS_5Y,1,208,61,0.007188000132783097,0.8687026019744376,0.060162697955685324,0.003428559120789987,False,True,False,above 0.2
WTI_M1M2,P1_DIST_STOCKS_VS_5Y_CHG4,1,208,61,-0.00420582312010042,0.8860142647012206,-0.0038741217441099775,0.0004638760226479688,False,True,False,above 0.2
WTI_M1M2,P1_IMPORTS_4W,1,208,61,0.01910944268258401,0.5604822001130044,0.052799178457020035,0.026257183058388978,False,True,False,above 0.2
WTI_M1M2,P3_EXPORTS_4W,1,208,61,-0.0014726439573100915,0.9628706870425858,-0.14801811096115283,0.004573621902128178,False,True,False,above 0.2
WTI_M1M2,P1_STOCK_SURPRISE,1,208,61,-0.012302222267119745,0.6767301704002764,0.0077901847076336725,-0.0185342414706835,False,False,False,above 0.2
WTI_M1M2,P3_STOCK_SURPRISE,1,208,61,-0.013572497624852074,0.6797371971632067,0.010278112504985183,-0.018562723843228657,False,False,False,above 0.2
WTI_M1M2,P5_STOCK_SURPRISE,1,208,61,-0.006576505002995456,0.780572422274816,-0.011877391146711882,0.0033411924883095523,False,True,False,above 0.2
WTI_M1M2,US_STOCK_SURPRISE,1,208,61,-0.02398196460749981,0.3487146041477599,0.02467054934488886,-0.044952821816121924,False,False,False,above 0.2
WTI_M1M2,US_DEMAND_CHG4,1,201,61,0.0488339576343496,0.05737343589560999,0.045900129455569774,0.09282022400935452,False,True,False,0.05 to 0.2
WTI_M1M2,P5_DEMAND_CHG4,1,201,61,0.04031424846229288,0.06670754856167635,0.035896087543739554,0.0635999230928721,False,True,False,0.05 to 0.2
WTI_M1M2,P1_JET_STOCKS_VS_5Y,2,208,61,0.011881164027881601,0.8254502324595268,-0.039317735262070067,-0.013824135206786492,False,False,False,above 0.2
WTI_M1M2,P1_JET_STOCKS_VS_5Y_CHG4,2,208,61,0.004925315044639836,0.9316525339121356,0.004261507162993985,0.0004551008285357261,False,True,False,above 0.2
WTI_M1M2,P3_JET_STOCKS_VS_5Y,2,208,61,-0.006332779087845223,0.9261330979777261,0.0175519610322909,-0.0032080305776309714,False,False,False,above 0.2
WTI_M1M2,P3_JET_STOCKS_VS_5Y_CHG4,2,208,61,-0.03715565850268862,0.3605150612110205,-0.010430418901279636,-0.006934350833942116,False,False,False,above 0.2
WTI_M1M2,P5_JET_STOCKS_VS_5Y,2,208,61,0.11542173029790809,0.022827662908113937,0.013370405421291602,-0.1365924940759089,False,False,False,0.01 to 0.05
WTI_M1M2,P5_JET_STOCKS_VS_5Y_CHG4,2,208,61,-0.006851148508007991,0.9141697547668739,-0.0010885300042237256,-0.0005225433262332491,False,False,False,above 0.2
WTI_M1M2,US_JET_STOCKS_VS_5Y,2,208,61,0.06304332414029687,0.35866034527888213,-0.04618720173293468,-0.048781793510665805,False,False,False,above 0.2
WTI_M1M2,US_JET_STOCKS_VS_5Y_CHG4,2,208,61,-0.033194646970919936,0.4672152217833475,-0.005560755520821132,-0.007477779072479818,False,False,False,above 0.2
WTI_M1M2,P5_DAYS_SUPPLY,2,205,61,-0.009566589370474731,0.8867932288977167,-0.11017521601187641,0.01215515642170728,False,True,False,above 0.2
WTI_M1M2,P5_DAYS_SUPPLY_CHG4,2,201,61,-0.063443482784294,0.1026544248656788,-0.07145685720198122,0.08743130573630264,False,True,False,0.05 to 0.2
WTI_M1M2,US_DAYS_SUPPLY,2,205,61,0.0005962273868729547,0.9912873383835101,-0.11921154752832838,-0.0012725611436292805,False,False,False,above 0.2
WTI_M1M2,US_DAYS_SUPPLY_CHG4,2,201,61,-0.06715209868149888,0.12239427500921395,-0.09371601459584289,0.14326050939442447,False,True,False,0.05 to 0.2
WTI_M1M2,P5_RUNS_VS_5Y,2,208,61,-0.003340919365062374,0.9581732609733703,0.07763644296823495,-0.007557657120402794,False,False,False,above 0.2
WTI_M1M2,P5_RUNS_VS_5Y_CHG4,2,208,61,0.020931315240761725,0.7221149131409013,0.041057342972193635,0.023207876820791506,False,True,False,above 0.2
WTI_M1M2,P3_RUNS_VS_5Y,2,208,61,-0.00667488195087035,0.8310722624428997,-0.1021203999981154,0.007593587228942211,False,True,False,above 0.2
WTI_M1M2,P3_RUNS_VS_5Y_CHG4,2,208,61,0.06092396319510811,0.2495176603089464,-0.06444379909189034,-0.08079495653080304,False,False,False,above 0.2
WTI_M1M2,US_UTIL_VS_5Y,2,208,61,0.012354122027530924,0.8305324098913773,-0.07193331638733806,-0.014716345293968036,False,False,False,above 0.2
WTI_M1M2,US_UTIL_VS_5Y_CHG4,2,208,61,0.05692687627212746,0.3018345271154821,-0.052250211932305786,-0.08162731317371796,False,False,False,above 0.2
WTI_M1M2,P5_OUTPUT_VS_52W,2,156,61,-0.009526173259784047,0.827677447729224,0.011597780304833204,-0.012863469415678397,False,False,False,above 0.2
WTI_M1M2,P5_OUTPUT_VS_52W_CHG4,2,152,61,0.05349885033053574,0.3849159507652643,0.08852249679019698,0.10351000783963793,False,True,False,above 0.2
WTI_M1M2,P3_OUTPUT_VS_52W,2,156,61,-0.013392785992487347,0.8219204614101674,0.01966877216056842,-0.01042383911822431,False,False,False,above 0.2
WTI_M1M2,P3_OUTPUT_VS_52W_CHG4,2,152,61,0.027863534554070188,0.568527345095408,0.06014858589920453,0.028546010255564802,False,True,False,above 0.2
WTI_M1M2,P5_IMPORTS_4W,2,208,61,0.06612816141129486,0.335378835391938,0.08431749305305644,-0.029750644985739205,False,False,False,above 0.2
WTI_M1M2,P5_IMPORTS_4W_CHG4,2,208,61,-0.024744968123930566,0.548130577218688,0.03385937960679937,-0.027434675249861984,False,False,False,above 0.2
WTI_M1M2,US_DIST_STOCKS_VS_5Y,2,208,61,0.035613108180718375,0.6843767042666656,0.046847528600511855,-0.008166831857344015,False,False,False,above 0.2
WTI_M1M2,US_DIST_STOCKS_VS_5Y_CHG4,2,208,61,0.018485080178876838,0.6875995113823817,-0.007124286860077852,-0.008177575084754585,False,False,False,above 0.2
WTI_M1M2,P1_DIST_STOCKS_VS_5Y,2,208,61,0.012431336175611018,0.878574903901054,0.09446936458071635,0.0057872338833075965,False,True,False,above 0.2
WTI_M1M2,P1_DIST_STOCKS_VS_5Y_CHG4,2,208,61,-0.047863431993278686,0.42823618671119446,-0.013597527815794893,-0.010984217139728747,False,False,False,above 0.2
WTI_M1M2,P1_IMPORTS_4W,2,208,61,0.04336084411369732,0.47838875640168355,0.12664226160976752,0.07314019052690135,False,True,False,above 0.2
WTI_M1M2,P3_EXPORTS_4W,2,208,61,-0.008368533509239641,0.8833766046094141,-0.2809563360567013,0.023911071488481817,False,True,False,above 0.2
WTI_M1M2,P1_STOCK_SURPRISE,2,208,61,-0.015050131838501228,0.6150764492981023,-0.003143287833291319,-0.0034296972445728713,False,False,False,above 0.2
WTI_M1M2,P3_STOCK_SURPRISE,2,208,61,-0.02281287607854658,0.5708516446076574,0.010879870124793817,-0.02015368523669503,False,False,False,above 0.2
WTI_M1M2,P5_STOCK_SURPRISE,2,208,61,0.01389096724885255,0.6561821568796311,0.001273897422328715,-0.0021473319450628914,False,False,False,above 0.2
WTI_M1M2,US_STOCK_SURPRISE,2,208,61,-0.03188076156178628,0.5623175953135298,0.009421858334160062,-0.02090868353458375,False,False,False,above 0.2
WTI_M1M2,US_DEMAND_CHG4,2,201,61,0.11164865580251689,0.015095250545999878,0.08669015734492475,0.15516562577823378,False,True,False,0.01 to 0.05
WTI_M1M2,P5_DEMAND_CHG4,2,201,61,0.057818512846688354,0.09900038615094477,0.06520334564461779,0.10058409867903428,False,True,False,0.05 to 0.2
WTI_M1M2,P1_JET_STOCKS_VS_5Y,4,208,61,0.011170815953284677,0.9080827178316869,-0.09769919830339355,0.00019837371603681486,False,False,False,above 0.2
WTI_M1M2,P1_JET_STOCKS_VS_5Y_CHG4,4,208,61,0.004560612187731558,0.9549995122532902,0.08568894487255795,0.0007762374443147646,False,True,False,above 0.2
WTI_M1M2,P3_JET_STOCKS_VS_5Y,4,208,61,0.033499357678976854,0.8000581666517452,0.10852773113660824,0.004592150465530409,False,True,False,above 0.2
WTI_M1M2,P3_JET_STOCKS_VS_5Y_CHG4,4,208,61,-0.032070415821283185,0.6967882450527761,0.10728900989610234,-0.002865220870737817,False,False,False,above 0.2
WTI_M1M2,P5_JET_STOCKS_VS_5Y,4,208,61,0.23740334421900533,0.01185233692176096,-0.09108845334555403,-0.05136213694573799,False,False,False,0.01 to 0.05
WTI_M1M2,P5_JET_STOCKS_VS_5Y_CHG4,4,208,61,0.08830632036075553,0.3077858164428078,-0.12442608710971079,-0.016801969583491116,False,False,False,above 0.2
WTI_M1M2,US_JET_STOCKS_VS_5Y,4,208,61,0.14895786591272242,0.3041452067616477,-0.15894711007886686,-0.006401726618444181,False,False,False,above 0.2
WTI_M1M2,US_JET_STOCKS_VS_5Y_CHG4,4,208,61,0.020752752942990133,0.8240932652509596,0.09093816508528357,0.0013697211413425947,False,True,False,above 0.2
WTI_M1M2,P5_DAYS_SUPPLY,4,205,61,0.02214406320191749,0.8456148896927067,-0.6937108118434646,-0.007511149912174053,False,False,False,above 0.2
WTI_M1M2,P5_DAYS_SUPPLY_CHG4,4,201,61,-0.0636612967880591,0.29182271705567187,-0.30143431570666035,0.025200501020541277,False,True,False,above 0.2
WTI_M1M2,US_DAYS_SUPPLY,4,205,61,0.040671599914327165,0.6778565905219696,-0.6274256472376784,-0.018491766504760143,False,False,False,above 0.2
WTI_M1M2,US_DAYS_SUPPLY_CHG4,4,201,61,-0.08307223134057333,0.2639742299503467,-0.28046332903214866,0.033266718318587185,False,True,False,above 0.2
WTI_M1M2,P5_RUNS_VS_5Y,4,208,61,-0.05538576073313617,0.5097973551893592,-0.03531097917385823,-0.0015056103564736745,False,False,False,above 0.2
WTI_M1M2,P5_RUNS_VS_5Y_CHG4,4,208,61,0.11613249999215126,0.0434068763169206,-0.1640948867704086,-0.045755156939520925,False,False,False,0.01 to 0.05
WTI_M1M2,P3_RUNS_VS_5Y,4,208,61,-0.023540005496437238,0.6918748947968467,-0.29636906473816876,0.0009474931006431264,False,True,False,above 0.2
WTI_M1M2,P3_RUNS_VS_5Y_CHG4,4,208,61,0.06416493822863424,0.27461124871641696,-0.016200243172535697,-4.445779459483212e-05,False,False,False,above 0.2
WTI_M1M2,US_UTIL_VS_5Y,4,208,61,0.04737423385317179,0.5759033304258261,-0.2739964851946493,-0.0006590635773966458,False,False,False,above 0.2
WTI_M1M2,US_UTIL_VS_5Y_CHG4,4,208,61,0.1366893500146366,0.10402443343977578,-0.3141754881890308,-0.0342978075518825,False,False,False,0.05 to 0.2
WTI_M1M2,P5_OUTPUT_VS_52W,4,156,61,-0.06901121905200933,0.377548326480197,0.03637772655291176,-0.020660549749482948,False,False,False,above 0.2
WTI_M1M2,P5_OUTPUT_VS_52W_CHG4,4,152,61,0.07809789850848362,0.17052098758869527,0.24637478425115417,0.023519461865180835,False,True,False,0.05 to 0.2
WTI_M1M2,P3_OUTPUT_VS_52W,4,156,61,-0.017886274563290342,0.8751605853957346,0.39738628257193526,-0.0061205143839111464,False,False,False,above 0.2
WTI_M1M2,P3_OUTPUT_VS_52W_CHG4,4,152,61,0.07763113766165217,0.14770738032176695,0.5154815357851567,0.033501924617226564,False,True,False,0.05 to 0.2
WTI_M1M2,P5_IMPORTS_4W,4,208,61,0.15142546998538456,0.22876452218975896,0.4104869778664225,-0.012363641664827174,False,False,False,above 0.2
WTI_M1M2,P5_IMPORTS_4W_CHG4,4,208,61,-0.008845568432978628,0.9016459606967477,0.07368722246633723,-0.0007477528417521029,False,False,False,above 0.2
WTI_M1M2,US_DIST_STOCKS_VS_5Y,4,208,61,0.06902544088411623,0.6557454368689455,0.12066277981412743,0.016937399236405137,False,True,False,above 0.2
WTI_M1M2,US_DIST_STOCKS_VS_5Y_CHG4,4,208,61,0.0047652308408824146,0.9615688519397945,0.23095739520568231,0.000561665153214097,False,True,False,above 0.2
WTI_M1M2,P1_DIST_STOCKS_VS_5Y,4,208,61,0.033263267666974135,0.8231253811959547,0.570849760363219,0.011019684427141851,False,True,False,above 0.2
WTI_M1M2,P1_DIST_STOCKS_VS_5Y_CHG4,4,208,61,-0.10140004604984665,0.26090127667940066,0.26000490913532154,-0.02203886212584627,False,False,False,above 0.2
WTI_M1M2,P1_IMPORTS_4W,4,208,61,0.0499663511882982,0.6904131606365751,0.5522578058572356,0.026354536091238723,False,True,False,above 0.2
WTI_M1M2,P3_EXPORTS_4W,4,208,61,-0.02243617632763439,0.827172729497692,-1.088605902503671,0.01831321826348309,False,True,False,above 0.2
WTI_M1M2,P1_STOCK_SURPRISE,4,208,61,-0.010518012925971532,0.7544111216562749,-0.04578918900916163,0.00095401287160779,False,True,False,above 0.2
WTI_M1M2,P3_STOCK_SURPRISE,4,208,61,-0.0299911181769032,0.4525073996367902,0.11784832899350786,-0.006848939749800165,False,False,False,above 0.2
WTI_M1M2,P5_STOCK_SURPRISE,4,208,61,-0.02983240084685949,0.5875799752336667,-0.14232687132590421,0.004210932718938798,False,True,False,above 0.2
WTI_M1M2,US_STOCK_SURPRISE,4,208,61,-0.0547084397617876,0.2298762620004967,0.033878542326371136,-0.0048172105017070255,False,False,False,above 0.2
WTI_M1M2,US_DEMAND_CHG4,4,201,61,0.13890007517638026,0.025223440168765474,0.27085454788721264,0.05416597172189275,False,True,False,0.01 to 0.05
WTI_M1M2,P5_DEMAND_CHG4,4,201,61,0.056773594896579634,0.4037499395172832,0.25551846068688755,0.02642241314406535,False,True,False,above 0.2
WTI_M2M3,P1_JET_STOCKS_VS_5Y,1,208,61,-0.001574627139011498,0.9505961939481767,-0.013723428653953623,0.000604380037270924,False,True,False,above 0.2
WTI_M2M3,P1_JET_STOCKS_VS_5Y_CHG4,1,208,61,-0.007494521434813516,0.761214447743679,-0.0017644415778995221,-0.0008762798541372963,False,False,False,above 0.2
WTI_M2M3,P3_JET_STOCKS_VS_5Y,1,208,61,-1.0740506406383375e-05,0.999773985244351,0.002546566861922763,1.165046168760675e-06,False,False,False,above 0.2
WTI_M2M3,P3_JET_STOCKS_VS_5Y_CHG4,1,208,61,-0.03689429920738667,0.10276513566329194,-0.008838956677731933,-0.008958784925417573,False,False,False,0.05 to 0.2
WTI_M2M3,P5_JET_STOCKS_VS_5Y,1,208,61,0.038301281267317154,0.12517168676923504,0.0032370862174946123,-0.02030458278619096,False,False,False,0.05 to 0.2
WTI_M2M3,P5_JET_STOCKS_VS_5Y_CHG4,1,208,61,-0.005140520380862169,0.8154374620320107,-0.0030987571601635653,-8.915461167147143e-05,False,False,False,above 0.2
WTI_M2M3,US_JET_STOCKS_VS_5Y,1,208,61,0.021863849364105317,0.5043290226998038,-0.0168776788527394,-0.010949627810391993,False,False,False,above 0.2
WTI_M2M3,US_JET_STOCKS_VS_5Y_CHG4,1,208,61,-0.030484976269528785,0.14288406172500037,-0.008892992002189685,-0.0038355999869503776,False,False,False,0.05 to 0.2
WTI_M2M3,P5_DAYS_SUPPLY,1,205,61,-0.003088323320713185,0.9157258963073488,-0.09655082773339596,0.0055400742215102605,False,True,False,above 0.2
WTI_M2M3,P5_DAYS_SUPPLY_CHG4,1,201,61,-0.02910174643682636,0.14047630054925167,-0.04933684680918613,0.045083087107509745,False,True,False,0.05 to 0.2
WTI_M2M3,US_DAYS_SUPPLY,1,205,61,0.009591741576436047,0.7608568053139952,-0.09307680046835523,-0.02631624358190976,False,False,False,above 0.2
WTI_M2M3,US_DAYS_SUPPLY_CHG4,1,201,61,-0.021587985110723993,0.4477528584997027,-0.06660716943166901,0.05756761586957304,False,True,False,above 0.2
WTI_M2M3,P5_RUNS_VS_5Y,1,208,61,0.020193128472831893,0.6163960653818193,0.04892741495595373,0.026874644932735503,False,True,False,above 0.2
WTI_M2M3,P5_RUNS_VS_5Y_CHG4,1,208,61,0.049306320196536024,0.1761430084791955,0.027623994414784456,-0.001898238218354109,False,False,False,0.05 to 0.2
WTI_M2M3,P3_RUNS_VS_5Y,1,208,61,0.00408561004743218,0.8151714225662552,-0.0678970392175852,-0.005366336914575998,False,False,False,above 0.2
WTI_M2M3,P3_RUNS_VS_5Y_CHG4,1,208,61,0.03519423038145254,0.26413890786611505,-0.0603422928179919,-0.049620008903134005,False,False,False,above 0.2
WTI_M2M3,US_UTIL_VS_5Y,1,208,61,0.0167382783286343,0.590109980846133,-0.04648790230369048,-0.027473550240955547,False,False,False,above 0.2
WTI_M2M3,US_UTIL_VS_5Y_CHG4,1,208,61,0.039873216798641364,0.22762875237013536,-0.0545802813478797,-0.06820659209504032,False,False,False,above 0.2
WTI_M2M3,P5_OUTPUT_VS_52W,1,156,61,0.024767589597367676,0.3903984654162166,0.008650410136454309,0.00844172186562786,False,True,False,above 0.2
WTI_M2M3,P5_OUTPUT_VS_52W_CHG4,1,152,61,0.052634581023776786,0.3147429191330122,0.06405983083421958,0.0996505685430521,False,True,False,above 0.2
WTI_M2M3,P3_OUTPUT_VS_52W,1,156,61,-0.023597210854562824,0.41055635505194743,0.018348682346627357,-0.023562124980802457,False,False,False,above 0.2
WTI_M2M3,P3_OUTPUT_VS_52W_CHG4,1,152,61,-0.005785360177559137,0.8166292991279847,0.052763697154053685,-0.009671483609072995,False,False,False,above 0.2
WTI_M2M3,P5_IMPORTS_4W,1,208,61,0.031134281322204953,0.3480923922870973,0.07082520311897222,0.014843987611286136,False,True,False,above 0.2
WTI_M2M3,P5_IMPORTS_4W_CHG4,1,208,61,-0.0100734668210773,0.560959301115525,0.03323609583123529,-0.012624855388988943,False,False,False,above 0.2
WTI_M2M3,US_DIST_STOCKS_VS_5Y,1,208,61,0.026535382626199484,0.5976241664192079,0.0252608383116104,-0.01477415628002654,False,False,False,above 0.2
WTI_M2M3,US_DIST_STOCKS_VS_5Y_CHG4,1,208,61,0.018277011870465903,0.44673721999791915,-0.025982943196023588,-0.021540042198826104,False,False,False,above 0.2
WTI_M2M3,P1_DIST_STOCKS_VS_5Y,1,208,61,0.020103714550274567,0.6842718072207029,0.06838867234607617,-0.0009063927645929226,False,False,False,above 0.2
WTI_M2M3,P1_DIST_STOCKS_VS_5Y_CHG4,1,208,61,0.0039704496074933,0.854194995309861,-0.026798291010731706,-0.00451432056214407,False,False,False,above 0.2
WTI_M2M3,P1_IMPORTS_4W,1,208,61,0.013555021191483413,0.6097350895242992,0.09965098450231118,0.029295456204733394,False,True,False,above 0.2
WTI_M2M3,P3_EXPORTS_4W,1,208,61,-0.01697253239957307,0.6587641898408656,-0.2074572220607182,0.03619028478848363,False,True,False,above 0.2
WTI_M2M3,P1_STOCK_SURPRISE,1,208,61,-0.03562888927185993,0.22712536400044514,0.004558408103984167,-0.05543614512522632,False,False,False,above 0.2
WTI_M2M3,P3_STOCK_SURPRISE,1,208,61,0.017156852435762322,0.6029310664831936,-0.00664702847275304,-0.013051300998499604,False,False,False,above 0.2
WTI_M2M3,P5_STOCK_SURPRISE,1,208,61,-0.026071801848908838,0.19387267592998503,-0.025011317440334236,0.0111950379449266,False,True,False,0.05 to 0.2
WTI_M2M3,US_STOCK_SURPRISE,1,208,61,-0.02472144706483554,0.20128754925251902,-0.0063713809110691215,-0.005746451706372335,False,False,False,above 0.2
WTI_M2M3,US_DEMAND_CHG4,1,201,61,0.024757576895871897,0.3794281776623929,0.0637010511238867,0.07063629707809305,False,True,False,above 0.2
WTI_M2M3,P5_DEMAND_CHG4,1,201,61,0.02063869871852434,0.32139464328196854,0.044092951499223265,0.04398284348834369,False,True,False,above 0.2
WTI_M2M3,P1_JET_STOCKS_VS_5Y,2,208,61,0.027041212892912902,0.498727984616396,-0.045492501255244094,-0.012536545928584886,False,False,False,above 0.2
WTI_M2M3,P1_JET_STOCKS_VS_5Y_CHG4,2,208,61,0.019494241109549237,0.6971213089997003,0.0047813604680615705,-0.0017759879118053323,False,False,False,above 0.2
WTI_M2M3,P3_JET_STOCKS_VS_5Y,2,208,61,-0.012212134584822702,0.848969871357605,0.05189973488246286,-0.0032104880978278683,False,False,False,above 0.2
WTI_M2M3,P3_JET_STOCKS_VS_5Y_CHG4,2,208,61,-0.0917499705042712,0.010111346886131523,0.02100856328784831,-0.04780312186230762,False,False,False,0.01 to 0.05
WTI_M2M3,P5_JET_STOCKS_VS_5Y,2,208,61,0.09775045023183786,0.05175414771438102,0.010658767670238661,-0.032951131834432656,False,False,False,0.05 to 0.2
WTI_M2M3,P5_JET_STOCKS_VS_5Y_CHG4,2,208,61,-0.0034201517090382046,0.9484069512937532,-0.011662679359587,0.00020035527104833584,False,True,False,above 0.2
WTI_M2M3,US_JET_STOCKS_VS_5Y,2,208,61,0.05772243339479593,0.3790853084999293,-0.03148153141328271,-0.017784726353816893,False,False,False,above 0.2
WTI_M2M3,US_JET_STOCKS_VS_5Y_CHG4,2,208,61,-0.058958990378714965,0.1468017890863175,0.012335769501436434,-0.015130823709562646,False,False,False,0.05 to 0.2
WTI_M2M3,P5_DAYS_SUPPLY,2,205,61,0.024734141432607572,0.6209535038415172,-0.17637608904441,-0.02531579125456984,False,False,False,above 0.2
WTI_M2M3,P5_DAYS_SUPPLY_CHG4,2,201,61,-0.039816059479998916,0.2736583537358883,-0.0967182268336792,0.040210332350912426,False,True,False,above 0.2
WTI_M2M3,US_DAYS_SUPPLY,2,205,61,0.01815024689937252,0.7332350439502173,-0.19954357422617044,-0.030174847123092263,False,False,False,above 0.2
WTI_M2M3,US_DAYS_SUPPLY_CHG4,2,201,61,-0.06725367875819253,0.15935059932925422,-0.13027789439501195,0.09582087731484445,False,True,False,0.05 to 0.2
WTI_M2M3,P5_RUNS_VS_5Y,2,208,61,0.022501315250446845,0.7191468099017246,0.062326323026487336,0.010603028492155775,False,True,False,above 0.2
WTI_M2M3,P5_RUNS_VS_5Y_CHG4,2,208,61,0.06997889227156087,0.20319940183294927,0.025550077055907817,-0.022616930482230124,False,False,False,above 0.2
WTI_M2M3,P3_RUNS_VS_5Y,2,208,61,-0.0007772321450571754,0.9744495734421234,-0.18051404389116033,0.0006610852960454716,False,True,False,above 0.2
WTI_M2M3,P3_RUNS_VS_5Y_CHG4,2,208,61,0.0628046915410535,0.20689695057329016,-0.137713583834407,-0.050373861407471354,False,False,False,above 0.2
WTI_M2M3,US_UTIL_VS_5Y,2,208,61,0.021939836990579366,0.6542680633067022,-0.14345927336958428,-0.021299874744938663,False,False,False,above 0.2
WTI_M2M3,US_UTIL_VS_5Y_CHG4,2,208,61,0.0670952775578621,0.20655770165464915,-0.1634846546894305,-0.08073521861418098,False,False,False,above 0.2
WTI_M2M3,P5_OUTPUT_VS_52W,2,156,61,-0.013635945066450833,0.7331447189213948,0.0049173736725699494,-0.009253845674081829,False,False,False,above 0.2
WTI_M2M3,P5_OUTPUT_VS_52W_CHG4,2,152,61,0.04970906946575761,0.46402852058927513,0.11753972593953951,0.06195279750898708,False,True,False,above 0.2
WTI_M2M3,P3_OUTPUT_VS_52W,2,156,61,-0.04437398778223515,0.3900431344736872,0.052405921382210875,-0.03137290266544768,False,False,False,above 0.2
WTI_M2M3,P3_OUTPUT_VS_52W_CHG4,2,152,61,0.008680432882236869,0.8423614362319443,0.11960932549226284,0.00819112088034657,False,True,False,above 0.2
WTI_M2M3,P5_IMPORTS_4W,2,208,61,0.04795173288582075,0.4291452393037507,0.14414176019132902,0.013048272141668926,False,True,False,above 0.2
WTI_M2M3,P5_IMPORTS_4W_CHG4,2,208,61,-0.025621736490881182,0.4483263361717914,0.04606510633529413,-0.014591296448006386,False,False,False,above 0.2
WTI_M2M3,US_DIST_STOCKS_VS_5Y,2,208,61,0.04778561719469465,0.58802330945026,0.14919204171879077,0.0011026069044268727,False,True,False,above 0.2
WTI_M2M3,US_DIST_STOCKS_VS_5Y_CHG4,2,208,61,0.010314045253948207,0.8057322491326772,0.026368755242976778,-0.0007498719172347457,False,False,False,above 0.2
WTI_M2M3,P1_DIST_STOCKS_VS_5Y,2,208,61,0.03584609621844122,0.6759904939537913,0.19387426150356288,0.010944665162425538,False,True,False,above 0.2
WTI_M2M3,P1_DIST_STOCKS_VS_5Y_CHG4,2,208,61,-0.036210994145817806,0.36211637080540304,-0.009983562085162106,0.005571575135048024,False,True,False,above 0.2
WTI_M2M3,P1_IMPORTS_4W,2,208,61,0.034007520292978,0.5175198915018921,0.22958602420065072,0.054329621106618986,False,True,False,above 0.2
WTI_M2M3,P3_EXPORTS_4W,2,208,61,-0.042881170351635446,0.49169052863000073,-0.4829876264278004,0.0766208286715907,False,True,False,above 0.2
WTI_M2M3,P1_STOCK_SURPRISE,2,208,61,0.005722769672779255,0.8276172735072882,-0.02884926511353827,-0.0038185237632568647,False,False,False,above 0.2
WTI_M2M3,P3_STOCK_SURPRISE,2,208,61,-0.011545637394137782,0.7529181801644278,0.024724936981011674,-0.005614655571825722,False,False,False,above 0.2
WTI_M2M3,P5_STOCK_SURPRISE,2,208,61,-0.005464844236393592,0.8514173997540613,0.003198596237360316,-0.0006297200553437854,False,False,False,above 0.2
WTI_M2M3,US_STOCK_SURPRISE,2,208,61,-0.007190754772754104,0.8799737900790683,-0.02008773214157678,0.0007667666974442433,False,True,False,above 0.2
WTI_M2M3,US_DEMAND_CHG4,2,201,61,0.09178225477418306,0.04429067260111698,0.1274778802112297,0.12577904249718508,False,True,False,0.01 to 0.05
WTI_M2M3,P5_DEMAND_CHG4,2,201,61,0.027989112491475805,0.39585418188055044,0.08072638927731633,0.03526451169368461,False,True,False,above 0.2
WTI_M2M3,P1_JET_STOCKS_VS_5Y,4,208,61,0.022935091476201305,0.7456229073030868,-0.07931553682328664,0.0003151524720991228,False,False,False,above 0.2
WTI_M2M3,P1_JET_STOCKS_VS_5Y_CHG4,4,208,61,0.022693895496907233,0.7446199233155331,0.0791415534874183,0.00362303091253402,False,True,False,above 0.2
WTI_M2M3,P3_JET_STOCKS_VS_5Y,4,208,61,-0.008815660385642866,0.930115529611316,0.18133851905131856,-0.0013822440036328487,False,False,False,above 0.2
WTI_M2M3,P3_JET_STOCKS_VS_5Y_CHG4,4,208,61,-0.11636075514425145,0.07570356403137099,0.09893676957503965,-0.015570954955588245,False,False,False,0.05 to 0.2
WTI_M2M3,P5_JET_STOCKS_VS_5Y,4,208,61,0.16092638040911614,0.024086470649915984,-0.0770026051698342,-0.0325998858787413,False,False,False,0.01 to 0.05
WTI_M2M3,P5_JET_STOCKS_VS_5Y_CHG4,4,208,61,0.05503913789575867,0.48349646599107843,-0.15674062189163912,-0.01420736272949874,False,False,False,above 0.2
WTI_M2M3,US_JET_STOCKS_VS_5Y,4,208,61,0.0866317930239163,0.4404724434757964,-0.06088548262641692,-0.005441570790318151,False,False,False,above 0.2
WTI_M2M3,US_JET_STOCKS_VS_5Y_CHG4,4,208,61,-0.046719386853081316,0.546154890278937,0.060004160583344915,-0.002451306221440186,False,False,False,above 0.2
WTI_M2M3,P5_DAYS_SUPPLY,4,205,61,0.09348509180621492,0.24663672789098434,-0.46237893447079553,-0.03692149812586032,False,False,False,above 0.2
WTI_M2M3,P5_DAYS_SUPPLY_CHG4,4,201,61,-0.03915303763819708,0.48465149846523736,-0.3181595718574886,0.02247361177523033,False,True,False,above 0.2
WTI_M2M3,US_DAYS_SUPPLY,4,205,61,0.04320408013215386,0.5769769199399091,-0.42976858197728596,-0.023448766486225736,False,False,False,above 0.2
WTI_M2M3,US_DAYS_SUPPLY_CHG4,4,201,61,-0.07806842126332945,0.24167465941939426,-0.2564400272515413,0.043862200412912,False,True,False,above 0.2
WTI_M2M3,P5_RUNS_VS_5Y,4,208,61,-0.04571378638798396,0.6051653436143218,0.0495136707691172,-0.005412042615974277,False,False,False,above 0.2
WTI_M2M3,P5_RUNS_VS_5Y_CHG4,4,208,61,0.1150073908337449,0.05389290365113587,-0.09491969850950636,-0.04965630582864122,False,False,False,0.05 to 0.2
WTI_M2M3,P3_RUNS_VS_5Y,4,208,61,-0.061392832830449606,0.25910315505846937,-0.33455211149565034,0.007541578528597381,False,True,False,above 0.2
WTI_M2M3,P3_RUNS_VS_5Y_CHG4,4,208,61,0.031567463415766966,0.4625568015392124,-0.17423452650388613,-0.002739116011839293,False,False,False,above 0.2
WTI_M2M3,US_UTIL_VS_5Y,4,208,61,-0.0031644763135918333,0.9656031174530431,-0.2691825131841232,0.00013944020809142366,False,True,False,above 0.2
WTI_M2M3,US_UTIL_VS_5Y_CHG4,4,208,61,0.09568260047743288,0.14233827091780504,-0.4242805028751265,-0.03683245059670415,False,False,False,0.05 to 0.2
WTI_M2M3,P5_OUTPUT_VS_52W,4,156,61,-0.08471438145371976,0.25977245851064534,-0.029848958313246094,-0.026326713377470057,False,False,False,above 0.2
WTI_M2M3,P5_OUTPUT_VS_52W_CHG4,4,152,61,0.03351318394785822,0.5751797963089005,0.1700883307934795,0.01222970092934672,False,True,False,above 0.2
WTI_M2M3,P3_OUTPUT_VS_52W,4,156,61,-0.10036262287178575,0.30865292017581747,0.1659887780459985,-0.03284022760331773,False,False,False,above 0.2
WTI_M2M3,P3_OUTPUT_VS_52W_CHG4,4,152,61,-0.0052729191591560295,0.9245641071369569,0.3988162381087825,-0.002600546485478583,False,False,False,above 0.2
WTI_M2M3,P5_IMPORTS_4W,4,208,61,0.08472548124878843,0.3934521606553433,0.21061548471483768,-0.006553701865561035,False,False,False,above 0.2
WTI_M2M3,P5_IMPORTS_4W_CHG4,4,208,61,-0.005965033207702948,0.9242972436868337,0.08240429657602635,-0.0008740972815384218,False,False,False,above 0.2
WTI_M2M3,US_DIST_STOCKS_VS_5Y,4,208,61,0.07178577438933885,0.595444742824432,0.5310636774539391,0.01881362079339821,False,True,False,above 0.2
WTI_M2M3,US_DIST_STOCKS_VS_5Y_CHG4,4,208,61,-0.030904025746080022,0.6932906820236893,0.2540686444197935,-0.0044724695084437105,False,False,False,above 0.2
WTI_M2M3,P1_DIST_STOCKS_VS_5Y,4,208,61,0.05632196568519199,0.6778577613805271,0.6188624229211412,0.019770621092924823,False,True,False,above 0.2
WTI_M2M3,P1_DIST_STOCKS_VS_5Y_CHG4,4,208,61,-0.11072344809388249,0.07542556055212685,0.19691195541328374,-0.019755729228257968,False,False,False,0.05 to 0.2
WTI_M2M3,P1_IMPORTS_4W,4,208,61,0.054908992768732755,0.5846608019177456,0.5734098623581241,0.04189637898147147,False,True,False,above 0.2
WTI_M2M3,P3_EXPORTS_4W,4,208,61,-0.0963877258121242,0.3181620824979893,-1.0424956711431808,0.0895949874330868,False,True,False,above 0.2
WTI_M2M3,P1_STOCK_SURPRISE,4,208,61,-0.005393279350550395,0.8679040375836603,-0.016283253527455466,0.0003676259922832381,False,True,False,above 0.2
WTI_M2M3,P3_STOCK_SURPRISE,4,208,61,-0.05266513834086554,0.18905846285100125,0.06120421845741804,-0.011523663347711599,False,False,False,0.05 to 0.2
WTI_M2M3,P5_STOCK_SURPRISE,4,208,61,-0.025718726437190562,0.5505878176699737,-0.10680442608773569,0.002989906757221883,False,True,False,above 0.2
WTI_M2M3,US_STOCK_SURPRISE,4,208,61,-0.06584872239694954,0.1343032430963895,0.02015692491993633,-0.006977112664481311,False,False,False,0.05 to 0.2
WTI_M2M3,US_DEMAND_CHG4,4,201,61,0.112689040833717,0.042729299821434,0.2506769839776214,0.06136026634193059,False,True,False,0.01 to 0.05
WTI_M2M3,P5_DEMAND_CHG4,4,201,61,0.019973522199136513,0.739060746224234,0.2438679762201973,0.013195521681073297,False,True,False,above 0.2
BRENT_M1M2,P1_JET_STOCKS_VS_5Y,1,208,61,-0.001366928115284067,0.9589378892550217,-0.023595603136635897,8.749860560042233e-05,False,True,False,above 0.2
BRENT_M1M2,P1_JET_STOCKS_VS_5Y_CHG4,1,208,61,-0.012592694274129438,0.6093292772017935,-0.020829418063937694,0.001148182290688804,False,True,False,above 0.2
BRENT_M1M2,P3_JET_STOCKS_VS_5Y,1,208,61,0.008473515070526495,0.7658084035919321,-0.08648428834450038,-0.0011647078335994543,False,False,False,above 0.2
BRENT_M1M2,P3_JET_STOCKS_VS_5Y_CHG4,1,208,61,0.012797413190312572,0.654793026438856,-0.03540962254359223,-0.001825330335800457,False,False,False,above 0.2
BRENT_M1M2,P5_JET_STOCKS_VS_5Y,1,208,61,0.018213478195862415,0.4635034596911056,-0.0907733853947341,-0.006298547613570626,False,False,False,above 0.2
BRENT_M1M2,P5_JET_STOCKS_VS_5Y_CHG4,1,208,61,0.06428006974839735,0.023114299192347754,-0.07142131408126519,-0.02218745833395297,False,False,False,0.01 to 0.05
BRENT_M1M2,US_JET_STOCKS_VS_5Y,1,208,61,0.01696294528044575,0.5568196392119344,-0.17722165508138743,-0.0033679297810100817,False,False,False,above 0.2
BRENT_M1M2,US_JET_STOCKS_VS_5Y_CHG4,1,208,61,0.03868961345629507,0.17439674502258484,-0.09124075795766003,-0.010584182450543711,False,False,False,0.05 to 0.2
BRENT_M1M2,P5_DAYS_SUPPLY,1,205,61,0.02061683535715832,0.5162515962827015,-0.30426741073139385,-0.012192210268369363,False,False,False,above 0.2
BRENT_M1M2,P5_DAYS_SUPPLY_CHG4,1,201,61,0.04178493079495225,0.1098573671470616,-0.13736961506560957,-0.02315921269521981,False,False,False,0.05 to 0.2
BRENT_M1M2,US_DAYS_SUPPLY,1,205,61,-0.0030472621679447816,0.9230939023249327,-0.28111053171777456,0.0021890275151400518,False,True,False,above 0.2
BRENT_M1M2,US_DAYS_SUPPLY_CHG4,1,201,61,0.015395079931441489,0.5148262407746488,-0.17977148950168237,-0.011078730747678955,False,False,False,above 0.2
BRENT_M1M2,P5_RUNS_VS_5Y,1,208,61,-0.0031568496658207143,0.908202377303266,-0.095428408375356,0.0009332405352578954,False,True,False,above 0.2
BRENT_M1M2,P5_RUNS_VS_5Y_CHG4,1,208,61,0.04054152772555355,0.09884786825160514,-0.010297539408463473,-0.006078851244579742,False,False,False,0.05 to 0.2
BRENT_M1M2,P3_RUNS_VS_5Y,1,208,61,0.0050046649778761835,0.856354160530771,-0.2171323519203252,-0.0015884063483031508,False,False,False,above 0.2
BRENT_M1M2,P3_RUNS_VS_5Y_CHG4,1,208,61,0.027939777351343238,0.3552457424261426,0.034508935114192174,0.001222787387395341,False,True,False,above 0.2
BRENT_M1M2,US_UTIL_VS_5Y,1,208,61,0.0197634308509883,0.49489142119275187,-0.22068954623837486,-0.008858217491493958,False,False,False,above 0.2
BRENT_M1M2,US_UTIL_VS_5Y_CHG4,1,208,61,0.04203194431076934,0.17077860444672144,-0.10051168026348653,-0.009965405159291008,False,False,False,0.05 to 0.2
BRENT_M1M2,P5_OUTPUT_VS_52W,1,156,61,0.01584123784040998,0.598181417451777,-0.08178920782981614,-0.0054279862549511115,False,False,False,above 0.2
BRENT_M1M2,P5_OUTPUT_VS_52W_CHG4,1,152,61,0.014687370126081149,0.5948743555963316,0.07802881843025913,0.0038823906281495457,False,True,False,above 0.2
BRENT_M1M2,P3_OUTPUT_VS_52W,1,156,61,-0.04639797343851461,0.17390685075059886,0.11955912264593958,-0.014612262923247465,False,False,False,0.05 to 0.2
BRENT_M1M2,P3_OUTPUT_VS_52W_CHG4,1,152,61,-0.0007633868153958355,0.9794104291030922,0.11043721048797794,-0.0002128621971775324,False,False,False,above 0.2
BRENT_M1M2,P5_IMPORTS_4W,1,208,61,0.04576947604468094,0.04813863266341095,0.20889936417719765,0.011476056035036208,False,True,False,0.01 to 0.05
BRENT_M1M2,P5_IMPORTS_4W_CHG4,1,208,61,0.044777988641085266,0.06419645222162092,0.09799689864173271,0.00935926900433759,False,True,False,0.05 to 0.2
BRENT_M1M2,US_DIST_STOCKS_VS_5Y,1,208,61,0.038860898450647656,0.16935294527049427,-0.13030427595572225,-0.0025534243044982308,False,False,False,0.05 to 0.2
BRENT_M1M2,US_DIST_STOCKS_VS_5Y_CHG4,1,208,61,0.017661421081843758,0.4841327519688229,-0.010119710333403645,-0.0009363848702885758,False,False,False,above 0.2
BRENT_M1M2,P1_DIST_STOCKS_VS_5Y,1,208,61,0.038536493978727396,0.16396336889137508,0.0963241631769653,0.0006431227620519175,False,True,False,0.05 to 0.2
BRENT_M1M2,P1_DIST_STOCKS_VS_5Y_CHG4,1,208,61,0.052139627253647416,0.060145124612986156,-0.028124316914498494,-0.008055671799046094,False,False,False,0.05 to 0.2
BRENT_M1M2,P1_IMPORTS_4W,1,208,61,0.03569353534122519,0.1748083131541771,0.16199117758664905,0.010746777752293157,False,True,False,0.05 to 0.2
BRENT_M1M2,P3_EXPORTS_4W,1,208,61,-0.02401536365239478,0.39638504674429786,-0.42435650222907284,0.012034232981152693,False,True,False,above 0.2
BRENT_M1M2,P1_STOCK_SURPRISE,1,208,61,0.011919680075322835,0.6869647559556463,-0.062020270560907184,-0.005018479163600986,False,False,False,above 0.2
BRENT_M1M2,P3_STOCK_SURPRISE,1,208,61,0.042079022074023364,0.13572911185008127,-0.04607276065393528,-0.012864957447889402,False,False,False,0.05 to 0.2
BRENT_M1M2,P5_STOCK_SURPRISE,1,208,61,0.02628114952789026,0.3332827817199614,-0.12588047434499502,-0.011945676481197598,False,False,False,above 0.2
BRENT_M1M2,US_STOCK_SURPRISE,1,208,61,0.06538157481390153,0.03276968099057657,-0.2708382391211715,-0.056768704894864186,False,False,False,0.01 to 0.05
BRENT_M1M2,US_DEMAND_CHG4,1,201,61,-0.002515698088613798,0.9123061428673905,0.12869226976472606,-0.0015419166251722238,False,False,False,above 0.2
BRENT_M1M2,P5_DEMAND_CHG4,1,201,61,0.0014138479280114027,0.9513150051411361,0.08274131726367558,0.0005727563480372178,False,True,False,above 0.2
BRENT_M1M2,P1_JET_STOCKS_VS_5Y,2,208,61,-0.011255248799370447,0.7834559092407438,0.052899952311558675,-0.0007971938403661394,False,False,False,above 0.2
BRENT_M1M2,P1_JET_STOCKS_VS_5Y_CHG4,2,208,61,-0.02164307762677442,0.5199108898770165,0.02194528298847448,-1.3760364530046587e-06,False,False,False,above 0.2
BRENT_M1M2,P3_JET_STOCKS_VS_5Y,2,208,61,-0.01679103013396564,0.7120709156116747,-0.018241969643053402,0.0006454147441420366,False,True,False,above 0.2
BRENT_M1M2,P3_JET_STOCKS_VS_5Y_CHG4,2,208,61,-0.014572337038909939,0.7512423785670208,0.0451432885387927,0.0001645644429530968,False,False,False,above 0.2
BRENT_M1M2,P5_JET_STOCKS_VS_5Y,2,208,61,0.019656054645081928,0.6435139233947316,-0.06973965330685417,-0.004309196913107272,False,False,False,above 0.2
BRENT_M1M2,P5_JET_STOCKS_VS_5Y_CHG4,2,208,61,0.10525915127638799,0.039439092864563784,-0.15498111482457802,-0.032312194819058115,False,False,False,0.01 to 0.05
BRENT_M1M2,US_JET_STOCKS_VS_5Y,2,208,61,0.005034737391675689,0.9214766476741643,0.04720586334910354,-0.000378653422738795,False,False,False,above 0.2
BRENT_M1M2,US_JET_STOCKS_VS_5Y_CHG4,2,208,61,0.03479372314535403,0.508373388511149,0.014672400925529312,-0.0041510276825103,False,False,False,above 0.2
BRENT_M1M2,P5_DAYS_SUPPLY,2,205,61,0.05740058245377192,0.31091567662870456,-0.43859308674789776,-0.02423096316798312,False,False,False,above 0.2
BRENT_M1M2,P5_DAYS_SUPPLY_CHG4,2,201,61,0.0972923200958968,0.06106670701386168,-0.27790437338279494,-0.05095049232897164,False,False,False,0.05 to 0.2
BRENT_M1M2,US_DAYS_SUPPLY,2,205,61,-0.02267239079941768,0.696888518403527,-0.3712337123422436,0.010754095531690266,False,True,False,above 0.2
BRENT_M1M2,US_DAYS_SUPPLY_CHG4,2,201,61,0.0005016421640207944,0.9910748402483727,-0.24237250807813168,-0.000256336414763636,False,False,False,above 0.2
BRENT_M1M2,P5_RUNS_VS_5Y,2,208,61,-0.0005721530279862077,0.990381095399507,-0.1343670692011279,0.00011719010058508506,False,True,False,above 0.2
BRENT_M1M2,P5_RUNS_VS_5Y_CHG4,2,208,61,0.07807909104808733,0.0697128473505166,-0.1044860708303381,-0.02532273297771881,False,False,False,0.05 to 0.2
BRENT_M1M2,P3_RUNS_VS_5Y,2,208,61,0.001982331185249833,0.9565036134466408,-0.5368843350940198,-0.0006287674847669233,False,False,False,above 0.2
BRENT_M1M2,P3_RUNS_VS_5Y_CHG4,2,208,61,0.03969913574304084,0.3573837613235066,-0.20516667996318447,-0.00361195989339147,False,False,False,above 0.2
BRENT_M1M2,US_UTIL_VS_5Y,2,208,61,0.021789996820275666,0.5859981061238032,-0.4605008600407979,-0.0074645288261743215,False,False,False,above 0.2
BRENT_M1M2,US_UTIL_VS_5Y_CHG4,2,208,61,0.0641898796604671,0.15185159443029655,-0.38311450310926526,-0.020072221685348612,False,False,False,0.05 to 0.2
BRENT_M1M2,P5_OUTPUT_VS_52W,2,156,61,0.026940476361667333,0.5924188061064688,-0.12187525509101614,-0.006884673427412613,False,False,False,above 0.2
BRENT_M1M2,P5_OUTPUT_VS_52W_CHG4,2,152,61,0.0683045215256864,0.12319713709392321,0.0839051329764901,0.009450257922155592,False,True,False,0.05 to 0.2
BRENT_M1M2,P3_OUTPUT_VS_52W,2,156,61,-0.062342734022654694,0.2843725101694171,0.11539636260583638,-0.013318246898111008,False,False,False,above 0.2
BRENT_M1M2,P3_OUTPUT_VS_52W_CHG4,2,152,61,0.05988309176851442,0.22295655125264036,0.15681333753764967,0.01034722441455771,False,True,False,above 0.2
BRENT_M1M2,P5_IMPORTS_4W,2,208,61,0.05094347617719556,0.12403712533780593,0.3894298508770049,0.010145533527191497,False,True,False,0.05 to 0.2
BRENT_M1M2,P5_IMPORTS_4W_CHG4,2,208,61,0.0706234168626893,0.04990881667221617,0.2463029677582593,0.01832760483280904,False,True,False,0.01 to 0.05
BRENT_M1M2,US_DIST_STOCKS_VS_5Y,2,208,61,0.07089313002376268,0.16352583815355015,-0.39697776291037007,-0.00621964648534723,False,False,False,0.05 to 0.2
BRENT_M1M2,US_DIST_STOCKS_VS_5Y_CHG4,2,208,61,0.02267061269130201,0.5564034137390825,-0.0036257541415092532,0.00010201947154120372,False,False,False,above 0.2
BRENT_M1M2,P1_DIST_STOCKS_VS_5Y,2,208,61,0.06709906964973464,0.17941605126501703,0.09450994077945317,-9.501634628583666e-05,False,False,False,0.05 to 0.2
BRENT_M1M2,P1_DIST_STOCKS_VS_5Y_CHG4,2,208,61,0.07023174193576265,0.1109332651307536,-0.04840695789601411,-0.0027471747597154206,False,False,False,0.05 to 0.2
BRENT_M1M2,P1_IMPORTS_4W,2,208,61,0.03492417177098921,0.3635445936728837,0.37842818709446174,0.011863619313510654,False,True,False,above 0.2
BRENT_M1M2,P3_EXPORTS_4W,2,208,61,-0.051950712880022065,0.29488977585145737,-0.754860920835791,0.022072053841250883,False,True,False,above 0.2
BRENT_M1M2,P1_STOCK_SURPRISE,2,208,61,0.034154237313481633,0.30587395263807415,-0.06573019446804067,-0.008061161156759145,False,False,False,above 0.2
BRENT_M1M2,P3_STOCK_SURPRISE,2,208,61,0.015790299608144442,0.612663726553539,-0.014530965784468967,-0.0010345096009554133,False,False,False,above 0.2
BRENT_M1M2,P5_STOCK_SURPRISE,2,208,61,0.09169029040360155,0.008697515348859057,-0.2538778075017941,-0.035800448929216744,False,False,False,0.001 to 0.01
BRENT_M1M2,US_STOCK_SURPRISE,2,208,61,0.10369408395823407,0.006820518838136398,-0.303384923021299,-0.04679857559594658,False,False,False,0.001 to 0.01
BRENT_M1M2,US_DEMAND_CHG4,2,201,61,0.011212137654478338,0.7697415056224031,0.1944830851524683,0.005123569892938162,False,True,False,above 0.2
BRENT_M1M2,P5_DEMAND_CHG4,2,201,61,-0.034571961294178014,0.4445020162993425,0.19830798714311793,-0.015665328150054947,False,False,False,above 0.2
BRENT_M1M2,P1_JET_STOCKS_VS_5Y,4,208,61,-0.034747444171353906,0.5543451022667669,0.16495829843609677,-0.0028582240847878637,False,False,False,above 0.2
BRENT_M1M2,P1_JET_STOCKS_VS_5Y_CHG4,4,208,61,-0.05213677880547559,0.30604720880375,0.1718099849597607,-0.0033279742876788365,False,False,False,above 0.2
BRENT_M1M2,P3_JET_STOCKS_VS_5Y,4,208,61,-0.0328037659347966,0.6348415149683742,0.3214811678346705,-0.0013487415475910147,False,False,False,above 0.2
BRENT_M1M2,P3_JET_STOCKS_VS_5Y_CHG4,4,208,61,-0.035020717157277906,0.606497792337783,0.12177996228437758,0.0015652686599961774,False,False,False,above 0.2
BRENT_M1M2,P5_JET_STOCKS_VS_5Y,4,208,61,-0.05502789127561576,0.3167991288320453,0.06731494602622834,0.005989314428431092,False,False,False,above 0.2
BRENT_M1M2,P5_JET_STOCKS_VS_5Y_CHG4,4,208,61,0.03516392243014564,0.6057759933898563,-0.31961796976196893,-0.00727287997667192,False,False,False,above 0.2
BRENT_M1M2,US_JET_STOCKS_VS_5Y,4,208,61,-0.03699066988493429,0.6095175182897028,0.603570880618587,0.0010923389640599135,False,False,False,above 0.2
BRENT_M1M2,US_JET_STOCKS_VS_5Y_CHG4,4,208,61,-0.023966622994021643,0.7426602421275698,0.21232981782234386,0.0019863917645364104,False,False,False,above 0.2
BRENT_M1M2,P5_DAYS_SUPPLY,4,205,61,0.0028343719590780505,0.9719005905081993,-0.5431139865446828,-0.0006271233912504837,False,False,False,above 0.2
BRENT_M1M2,P5_DAYS_SUPPLY_CHG4,4,201,61,0.05393160811853748,0.43887737595919574,-0.5059506292170134,-0.02059751152972855,False,False,False,above 0.2
BRENT_M1M2,US_DAYS_SUPPLY,4,205,61,-0.07033613605842837,0.3853717828986497,-0.42486549680162095,0.018874461316939595,False,True,False,above 0.2
BRENT_M1M2,US_DAYS_SUPPLY_CHG4,4,201,61,-0.05596446125880154,0.3904413006503641,-0.30986068785189025,0.021153363009169368,False,True,False,above 0.2
BRENT_M1M2,P5_RUNS_VS_5Y,4,208,61,-0.0670292942329144,0.3994367297419035,-0.20943347447142246,0.007920379498844166,False,True,False,above 0.2
BRENT_M1M2,P5_RUNS_VS_5Y_CHG4,4,208,61,0.03642522495200522,0.6272826216080949,-0.43464323094179524,-0.014954391914774767,False,False,False,above 0.2
BRENT_M1M2,P3_RUNS_VS_5Y,4,208,61,-0.013663791585195777,0.737479356187966,-0.9894544598790321,0.0025398184761461495,False,True,False,above 0.2
BRENT_M1M2,P3_RUNS_VS_5Y_CHG4,4,208,61,0.02766487012081188,0.5955591517886125,-0.6238584581691884,-0.0022237154578144125,False,False,False,above 0.2
BRENT_M1M2,US_UTIL_VS_5Y,4,208,61,-0.00429060363786834,0.9374323242890911,-0.6417748815223535,0.0003401957107206366,False,True,False,above 0.2
BRENT_M1M2,US_UTIL_VS_5Y_CHG4,4,208,61,0.06505012060448809,0.27648941955742656,-0.9079349782984181,-0.01618158563548966,False,False,False,above 0.2
BRENT_M1M2,P5_OUTPUT_VS_52W,4,156,61,0.03123705701325912,0.7026686501075601,-0.1998056013461424,-0.00565952193444863,False,False,False,above 0.2
BRENT_M1M2,P5_OUTPUT_VS_52W_CHG4,4,152,61,0.12012181344315723,0.16035298459562908,-0.12309986213031089,-0.001866338552382052,False,False,False,0.05 to 0.2
BRENT_M1M2,P3_OUTPUT_VS_52W,4,156,61,-0.15790941596159913,0.05922005677125747,0.08706534902124026,-0.030606684582837884,False,False,False,0.05 to 0.2
BRENT_M1M2,P3_OUTPUT_VS_52W_CHG4,4,152,61,0.029711363979531415,0.6407132606623374,0.5181115717623528,0.008291538217528927,False,True,False,above 0.2
BRENT_M1M2,P5_IMPORTS_4W,4,208,61,0.05899396975104747,0.28207389945217876,0.5336541518910101,0.001962387887352368,False,True,False,above 0.2
BRENT_M1M2,P5_IMPORTS_4W_CHG4,4,208,61,0.06263163632381344,0.19411111935351233,0.3741106288151301,0.011192724160299705,False,True,False,0.05 to 0.2
BRENT_M1M2,US_DIST_STOCKS_VS_5Y,4,208,61,0.12085348115913998,0.16294412783366552,0.04705827513428702,-0.001096287089471737,False,False,False,0.05 to 0.2
BRENT_M1M2,US_DIST_STOCKS_VS_5Y_CHG4,4,208,61,0.0384890958963523,0.5247591209937637,0.033372415347781355,0.0014926992866323152,False,True,False,above 0.2
BRENT_M1M2,P1_DIST_STOCKS_VS_5Y,4,208,61,0.10922566246387118,0.19576968354275626,0.5860649828359931,0.007269295712371782,False,True,False,0.05 to 0.2
BRENT_M1M2,P1_DIST_STOCKS_VS_5Y_CHG4,4,208,61,0.09877923870482669,0.09565207555350279,-0.03590591078650743,0.00583657093492429,False,False,False,0.05 to 0.2
BRENT_M1M2,P1_IMPORTS_4W,4,208,61,0.026126502412207278,0.726974688230454,0.8955415699396596,0.009274368266736777,False,True,False,above 0.2
BRENT_M1M2,P3_EXPORTS_4W,4,208,61,-0.09949736723381278,0.1892263021691749,-1.4596021280594713,0.04183800446417596,False,True,False,0.05 to 0.2
BRENT_M1M2,P1_STOCK_SURPRISE,4,208,61,-0.015991323213069498,0.6544063772520751,-0.01849821576646889,0.000649366799752471,False,True,False,above 0.2
BRENT_M1M2,P3_STOCK_SURPRISE,4,208,61,0.021928285323690955,0.6206420457078425,0.03391591282099954,-0.00035201261842598974,False,False,False,above 0.2
BRENT_M1M2,P5_STOCK_SURPRISE,4,208,61,0.09473536311746457,0.03862176810722655,-0.2302828782114341,-0.009600835027035792,False,False,False,0.01 to 0.05
BRENT_M1M2,US_STOCK_SURPRISE,4,208,61,0.06476294925258169,0.2279134653688658,-0.05629027038197612,-0.004623340974605261,False,False,False,above 0.2
BRENT_M1M2,US_DEMAND_CHG4,4,201,61,0.027307562649348097,0.6438560459538509,0.2799951782204124,0.009482892056822845,False,True,False,above 0.2
BRENT_M1M2,P5_DEMAND_CHG4,4,201,61,-0.04006077006038518,0.5131210673699367,0.3981222787504216,-0.014115990310340942,False,False,False,above 0.2
BRENT_M2M3,P1_JET_STOCKS_VS_5Y,1,208,61,-0.00961508988292667,0.39789714583169256,0.004299088134236661,-0.002122486520607758,False,False,False,above 0.2
BRENT_M2M3,P1_JET_STOCKS_VS_5Y_CHG4,1,208,61,-0.02180563474538432,0.05560242673465483,0.016304698274806587,-0.006474653469446201,False,False,False,0.05 to 0.2
BRENT_M2M3,P3_JET_STOCKS_VS_5Y,1,208,61,-0.016750831587540434,0.21108786695644466,0.038141149246492326,-0.005356377701003723,False,False,False,above 0.2
BRENT_M2M3,P3_JET_STOCKS_VS_5Y_CHG4,1,208,61,-0.014876531620028726,0.2944084033161193,-0.00678212484016742,0.002384039995955267,False,True,False,above 0.2
BRENT_M2M3,P5_JET_STOCKS_VS_5Y,1,208,61,-0.012824291516744567,0.35247475352164004,0.02785490725721088,9.557870893606157e-05,False,False,False,above 0.2
BRENT_M2M3,P5_JET_STOCKS_VS_5Y_CHG4,1,208,61,0.007709915522497056,0.5222704758617465,-0.0038798556570557867,-0.0016846921798367998,False,False,False,above 0.2
BRENT_M2M3,US_JET_STOCKS_VS_5Y,1,208,61,-0.01920366354053114,0.17635937515711309,0.0795061296707876,-0.0034673459393379513,False,False,False,0.05 to 0.2
BRENT_M2M3,US_JET_STOCKS_VS_5Y_CHG4,1,208,61,-0.022209939500983145,0.1251298629698084,0.04627304196536657,-0.0023658437220976936,False,False,False,0.05 to 0.2
BRENT_M2M3,P5_DAYS_SUPPLY,1,205,61,0.01378119394395604,0.2834364169229515,-0.09473208873570044,-0.00891848116371774,False,False,False,above 0.2
BRENT_M2M3,P5_DAYS_SUPPLY_CHG4,1,201,61,0.0019000983501518225,0.8549489871289432,-0.04838425109426378,-0.0012493757832199304,False,False,False,above 0.2
BRENT_M2M3,US_DAYS_SUPPLY,1,205,61,-0.02188857661060773,0.12058297783883129,-0.11948712529309724,0.01720485561544083,False,True,False,0.05 to 0.2
BRENT_M2M3,US_DAYS_SUPPLY_CHG4,1,201,61,-0.027249118323308383,0.029349789588706977,-0.07315418957430896,0.023044665904913608,False,True,False,0.01 to 0.05
BRENT_M2M3,P5_RUNS_VS_5Y,1,208,61,-0.005345945102663174,0.7345158040332243,-0.03219908286414513,0.0013262295434576243,False,True,False,above 0.2
BRENT_M2M3,P5_RUNS_VS_5Y_CHG4,1,208,61,0.005705530573103631,0.6444115356941276,-0.045241170380491906,-0.004087596838896257,False,False,False,above 0.2
BRENT_M2M3,P3_RUNS_VS_5Y,1,208,61,-0.004847489784103334,0.706034512620737,-0.07863723587493139,0.000941672967226026,False,True,False,above 0.2
BRENT_M2M3,P3_RUNS_VS_5Y_CHG4,1,208,61,0.008807023309097014,0.5800023946333344,-0.04608440037764373,-0.0015383620154978406,False,False,False,above 0.2
BRENT_M2M3,US_UTIL_VS_5Y,1,208,61,0.006033363698235979,0.7019222439325782,-0.045462272098325346,-0.0002751481707328196,False,False,False,above 0.2
BRENT_M2M3,US_UTIL_VS_5Y_CHG4,1,208,61,0.016331573394385696,0.309774948374261,-0.09119212066346458,-0.00975221916070379,False,False,False,above 0.2
BRENT_M2M3,P5_OUTPUT_VS_52W,1,156,61,0.02306617061933771,0.09482050725937365,-0.026883628912243246,-0.0077980214398667425,False,False,False,0.05 to 0.2
BRENT_M2M3,P5_OUTPUT_VS_52W_CHG4,1,152,61,0.02010501342340547,0.11790123713527391,0.03266642854061692,0.007325631949092637,False,True,False,0.05 to 0.2
BRENT_M2M3,P3_OUTPUT_VS_52W,1,156,61,-0.018241261364475205,0.3653932792482395,0.09098717555233538,-0.014955329716251242,False,False,False,above 0.2
BRENT_M2M3,P3_OUTPUT_VS_52W_CHG4,1,152,61,0.008719509678722521,0.6241267819609229,0.07777133565585774,0.005023500955351534,False,True,False,above 0.2
BRENT_M2M3,P5_IMPORTS_4W,1,208,61,-0.006244614721390395,0.6211576072584513,0.09981967667873713,-0.001636255642856188,False,False,False,above 0.2
BRENT_M2M3,P5_IMPORTS_4W_CHG4,1,208,61,0.009294829355512946,0.4589098133800179,0.07729082308917058,0.005699871444467486,False,True,False,above 0.2
BRENT_M2M3,US_DIST_STOCKS_VS_5Y,1,208,61,0.02300795405434696,0.1395918522904016,-0.15605225262055222,-0.0017295234552390237,False,False,False,0.05 to 0.2
BRENT_M2M3,US_DIST_STOCKS_VS_5Y_CHG4,1,208,61,0.010321429196368546,0.42189410318344434,-0.020012394442198732,-0.002041265384834068,False,False,False,above 0.2
BRENT_M2M3,P1_DIST_STOCKS_VS_5Y,1,208,61,0.016953866226062146,0.31223472194111523,0.07562946453239482,0.003541442185047594,False,True,False,above 0.2
BRENT_M2M3,P1_DIST_STOCKS_VS_5Y_CHG4,1,208,61,0.00827423969445465,0.5166397345298537,-0.012888444463807908,-0.0010880935197525865,False,False,False,above 0.2
BRENT_M2M3,P1_IMPORTS_4W,1,208,61,0.024739393624766022,0.02001813568872543,0.1379916961310672,0.018035252271373592,False,True,False,0.01 to 0.05
BRENT_M2M3,P3_EXPORTS_4W,1,208,61,-0.021775723295914484,0.21092026103739525,-0.29323570037107793,0.022796228403155427,False,True,False,above 0.2
BRENT_M2M3,P1_STOCK_SURPRISE,1,208,61,-0.004760670562890034,0.5886598355834094,0.0027334334144105306,-0.0001545101441677854,False,False,False,above 0.2
BRENT_M2M3,P3_STOCK_SURPRISE,1,208,61,-0.006197362716690574,0.5873964618439338,-0.009865329889439617,0.0006317646621749606,False,True,False,above 0.2
BRENT_M2M3,P5_STOCK_SURPRISE,1,208,61,-0.00014524658349464965,0.9890897417167196,-0.07189009701165776,9.825130200091792e-05,False,True,False,above 0.2
BRENT_M2M3,US_STOCK_SURPRISE,1,208,61,-0.010486109496403351,0.40620672012426107,-0.041408089417648786,0.003708042311723725,False,True,False,above 0.2
BRENT_M2M3,US_DEMAND_CHG4,1,201,61,0.02121763185077517,0.08709545925581853,0.06934464798228025,0.019986198145444,False,True,False,0.05 to 0.2
BRENT_M2M3,P5_DEMAND_CHG4,1,201,61,0.0059488341908718245,0.6127717118463643,0.057120750679625826,0.005221729355677551,False,True,False,above 0.2
BRENT_M2M3,P1_JET_STOCKS_VS_5Y,2,208,61,-0.014033841547360714,0.5145808507297778,-0.002122453888533335,-0.0018723274392957734,False,False,False,above 0.2
BRENT_M2M3,P1_JET_STOCKS_VS_5Y_CHG4,2,208,61,-0.03480134307695504,0.048999439064420336,0.03690808841641335,-0.004786305528235335,False,False,False,0.01 to 0.05
BRENT_M2M3,P3_JET_STOCKS_VS_5Y,2,208,61,-0.02559860721974625,0.2639397716805847,0.14211382201541292,-0.005917670303703382,False,False,False,above 0.2
BRENT_M2M3,P3_JET_STOCKS_VS_5Y_CHG4,2,208,61,-0.029730913502196435,0.16820809122230151,0.08574579276101792,-0.002043315218993813,False,False,False,0.05 to 0.2
BRENT_M2M3,P5_JET_STOCKS_VS_5Y,2,208,61,-0.019950868448293246,0.3945727609293649,0.1154445765167756,0.0007579320980524162,False,False,False,above 0.2
BRENT_M2M3,P5_JET_STOCKS_VS_5Y_CHG4,2,208,61,0.010995607235426863,0.6344452237290615,0.025789229815371757,-0.0012982706959387968,False,False,False,above 0.2
BRENT_M2M3,US_JET_STOCKS_VS_5Y,2,208,61,-0.028445495014959788,0.2992586647404085,0.23289663863599133,-0.0018403927026098277,False,False,False,above 0.2
BRENT_M2M3,US_JET_STOCKS_VS_5Y_CHG4,2,208,61,-0.03976916452285835,0.13464695797423185,0.19697275298743858,-0.0047702888032254975,False,False,False,0.05 to 0.2
BRENT_M2M3,P5_DAYS_SUPPLY,2,205,61,0.030940850284068396,0.23087548084124176,-0.08288900458445954,-0.013230871487422302,False,False,False,above 0.2
BRENT_M2M3,P5_DAYS_SUPPLY_CHG4,2,201,61,0.006769647346387053,0.7547468523877561,-0.05421872993663372,-0.0030451006158600524,False,False,False,above 0.2
BRENT_M2M3,US_DAYS_SUPPLY,2,205,61,-0.03248816743997042,0.23251129090068723,-0.18173420775585258,0.020176395274385306,False,True,False,above 0.2
BRENT_M2M3,US_DAYS_SUPPLY_CHG4,2,201,61,-0.046430409339255595,0.04540810486384232,-0.10026693430203885,0.03139298051248396,False,True,False,0.01 to 0.05
BRENT_M2M3,P5_RUNS_VS_5Y,2,208,61,-0.02125651338200172,0.46855942842705856,-0.03954101974973527,0.0021015786416206383,False,True,False,above 0.2
BRENT_M2M3,P5_RUNS_VS_5Y_CHG4,2,208,61,0.0017826982230332387,0.9449724889808201,-0.12598845676041112,-0.0012026407817180562,False,False,False,above 0.2
BRENT_M2M3,P3_RUNS_VS_5Y,2,208,61,-0.01038175083125313,0.54919329270237,-0.2814524756537748,0.0031893591953683353,False,True,False,above 0.2
BRENT_M2M3,P3_RUNS_VS_5Y_CHG4,2,208,61,0.013594406615074228,0.5552398777365622,-0.24859494576780053,-0.004440892852995315,False,False,False,above 0.2
BRENT_M2M3,US_UTIL_VS_5Y,2,208,61,0.004246771420402367,0.8565560096034358,-0.14282878436764107,-0.0004049343108303294,False,False,False,above 0.2
BRENT_M2M3,US_UTIL_VS_5Y_CHG4,2,208,61,0.02307573657433691,0.3465646513655948,-0.26859851474082014,-0.013160858927617758,False,False,False,above 0.2
BRENT_M2M3,P5_OUTPUT_VS_52W,2,156,61,0.021303838074956328,0.4009331118406573,0.01657329290060607,0.0009707089558216309,False,True,False,above 0.2
BRENT_M2M3,P5_OUTPUT_VS_52W_CHG4,2,152,61,0.028648937707041536,0.2761287309898489,0.047367512267093195,0.008903376757789183,False,True,False,above 0.2
BRENT_M2M3,P3_OUTPUT_VS_52W,2,156,61,-0.03613581846435797,0.299727206524122,0.08126682794208717,-0.01845278668371564,False,False,False,above 0.2
BRENT_M2M3,P3_OUTPUT_VS_52W_CHG4,2,152,61,0.026417130198370387,0.36809409375093494,0.08375600567970587,0.0069783157194687195,False,True,False,above 0.2
BRENT_M2M3,P5_IMPORTS_4W,2,208,61,-0.006692787006305618,0.766797951420316,0.17701347503702652,-0.0006008684923475283,False,False,False,above 0.2
BRENT_M2M3,P5_IMPORTS_4W_CHG4,2,208,61,0.017178675279758186,0.43650081196395607,0.15321046367227445,0.007389505438464283,False,True,False,above 0.2
BRENT_M2M3,US_DIST_STOCKS_VS_5Y,2,208,61,0.043698862769474885,0.15707241384919132,-0.15836007216280581,-0.0023925870235759206,False,False,False,0.05 to 0.2
BRENT_M2M3,US_DIST_STOCKS_VS_5Y_CHG4,2,208,61,0.005368015006249753,0.8167131223679156,0.022098216995935137,0.0003093588351718024,False,True,False,above 0.2
BRENT_M2M3,P1_DIST_STOCKS_VS_5Y,2,208,61,0.03289051243859327,0.3147803909581999,0.20169908531884206,0.005026159490441051,False,True,False,above 0.2
BRENT_M2M3,P1_DIST_STOCKS_VS_5Y_CHG4,2,208,61,-0.001237504507873639,0.9550248676744888,0.05616003935028232,-0.00024154655273433967,False,False,False,above 0.2
BRENT_M2M3,P1_IMPORTS_4W,2,208,61,0.038643122706060615,0.037533077961648516,0.25228229528389307,0.020251356517869357,False,True,False,0.01 to 0.05
BRENT_M2M3,P3_EXPORTS_4W,2,208,61,-0.04619317559079975,0.14000143726467534,-0.5547396464536793,0.03577379051690721,False,True,False,0.05 to 0.2
BRENT_M2M3,P1_STOCK_SURPRISE,2,208,61,-8.413880448998948e-05,0.9943485224348882,-0.03104667783755474,2.1480705092336017e-05,False,True,False,above 0.2
BRENT_M2M3,P3_STOCK_SURPRISE,2,208,61,-0.020961339489070557,0.1634874034879248,0.028596963609264902,-0.003100786908109887,False,False,False,0.05 to 0.2
BRENT_M2M3,P5_STOCK_SURPRISE,2,208,61,0.014159520063736913,0.3143725903273118,-0.020226248401880694,-0.0009166130742814804,False,False,False,above 0.2
BRENT_M2M3,US_STOCK_SURPRISE,2,208,61,-0.012040518949893362,0.4763459872969925,-0.013568909610246278,0.001185337660123964,False,True,False,above 0.2
BRENT_M2M3,US_DEMAND_CHG4,2,201,61,0.03771294056425108,0.0889220382620686,0.12256466418152735,0.02808136228871827,False,True,False,0.05 to 0.2
BRENT_M2M3,P5_DEMAND_CHG4,2,201,61,0.007007554651062721,0.7638921142856036,0.10601108401928519,0.0044377478544668225,False,True,False,above 0.2
BRENT_M2M3,P1_JET_STOCKS_VS_5Y,4,208,61,-0.014410470467757463,0.7257224655567658,0.02197845752446273,-0.0019893770907215558,False,False,False,above 0.2
BRENT_M2M3,P1_JET_STOCKS_VS_5Y_CHG4,4,208,61,-0.0691007477347786,0.02833820451419456,0.15366275835052656,-0.010202857894247241,False,False,False,0.01 to 0.05
BRENT_M2M3,P3_JET_STOCKS_VS_5Y,4,208,61,-0.024060279169719638,0.5391105044066172,0.3614449717716126,-0.0027778770090778337,False,False,False,above 0.2
BRENT_M2M3,P3_JET_STOCKS_VS_5Y_CHG4,4,208,61,-0.027353077492137917,0.3280163996419103,0.19674035562834663,0.00113925180670571,False,False,False,above 0.2
BRENT_M2M3,P5_JET_STOCKS_VS_5Y,4,208,61,-0.058219172304987965,0.1169993742934945,0.22408554581439677,0.011533475168860385,False,False,False,0.05 to 0.2
BRENT_M2M3,P5_JET_STOCKS_VS_5Y_CHG4,4,208,61,-0.00859497915957612,0.8217106350539151,-0.06863379581513972,0.0021463148962506118,False,True,False,above 0.2
BRENT_M2M3,US_JET_STOCKS_VS_5Y,4,208,61,-0.039640300611514384,0.42283879242258327,0.47990752493792205,0.00238705840982123,False,False,False,above 0.2
BRENT_M2M3,US_JET_STOCKS_VS_5Y_CHG4,4,208,61,-0.06459265612631793,0.12732626748371126,0.39567133235053753,0.004695201052318576,False,False,False,0.05 to 0.2
BRENT_M2M3,P5_DAYS_SUPPLY,4,205,61,0.024208278034024172,0.595244735695062,-0.05580588863866055,-0.007357978755167638,False,False,False,above 0.2
BRENT_M2M3,P5_DAYS_SUPPLY_CHG4,4,201,61,-0.015642618742624365,0.7079429300761977,-0.10596031156273639,0.005883302419946834,False,True,False,above 0.2
BRENT_M2M3,US_DAYS_SUPPLY,4,205,61,-0.03250840249292261,0.47536691946433773,-0.21615289733267734,0.014153417591103667,False,True,False,above 0.2
BRENT_M2M3,US_DAYS_SUPPLY_CHG4,4,201,61,-0.06833722502247944,0.11585500436267687,-0.0926037288730598,0.036689537401489725,False,True,False,0.05 to 0.2
BRENT_M2M3,P5_RUNS_VS_5Y,4,208,61,-0.06599659295248904,0.1685134074086424,0.005999066806999894,-0.0012839576220016191,False,False,False,0.05 to 0.2
BRENT_M2M3,P5_RUNS_VS_5Y_CHG4,4,208,61,-0.007607434454746369,0.8717428352140816,-0.35066319312867744,0.004432591629635607,False,True,False,above 0.2
BRENT_M2M3,P3_RUNS_VS_5Y,4,208,61,-0.04544889374112072,0.09570940047856966,-0.44080592100783683,0.004188308181715561,False,True,False,0.05 to 0.2
BRENT_M2M3,P3_RUNS_VS_5Y_CHG4,4,208,61,-0.018258431831444065,0.5531955372973729,-0.4652570486454137,0.0026147904812969802,False,True,False,above 0.2
BRENT_M2M3,US_UTIL_VS_5Y,4,208,61,-0.03633863499795559,0.29886805483378287,-0.07429694712645307,-0.00538186572931032,False,False,False,above 0.2
BRENT_M2M3,US_UTIL_VS_5Y_CHG4,4,208,61,-0.0069375035232285874,0.855471467635619,-0.530160993076579,0.0022507806542851894,False,True,False,above 0.2
BRENT_M2M3,P5_OUTPUT_VS_52W,4,156,61,0.016103160413151914,0.7026764884222717,0.14034667879345128,0.0022844158815007454,False,True,False,above 0.2
BRENT_M2M3,P5_OUTPUT_VS_52W_CHG4,4,152,61,0.05221325709177352,0.3143490961804525,0.02691628029359716,0.01141827280148855,False,True,False,above 0.2
BRENT_M2M3,P3_OUTPUT_VS_52W,4,156,61,-0.11503798175552915,0.027950632440187393,0.12092185090556504,-0.05310773657309209,False,False,False,0.01 to 0.05
BRENT_M2M3,P3_OUTPUT_VS_52W_CHG4,4,152,61,0.01215215868860324,0.8022537457976262,0.28737869401568067,0.0038412649566270662,False,True,False,above 0.2
BRENT_M2M3,P5_IMPORTS_4W,4,208,61,-0.009696355581553571,0.8153108280257869,-0.009490706077661426,0.0018812202242951548,False,True,False,above 0.2
BRENT_M2M3,P5_IMPORTS_4W_CHG4,4,208,61,0.01609850151434947,0.6155438905855692,0.12850388109157235,0.0023096430590920924,False,True,False,above 0.2
BRENT_M2M3,US_DIST_STOCKS_VS_5Y,4,208,61,0.08050650727619162,0.15882949983724004,0.21318730417002818,0.0007187465712455987,False,True,False,0.05 to 0.2
BRENT_M2M3,US_DIST_STOCKS_VS_5Y_CHG4,4,208,61,-0.020464156339779906,0.5933251255902291,0.10644340057304237,-0.002097863582304793,False,False,False,above 0.2
BRENT_M2M3,P1_DIST_STOCKS_VS_5Y,4,208,61,0.06374881652352192,0.295426064705976,0.5216513194712503,0.008735913186825428,False,True,False,above 0.2
BRENT_M2M3,P1_DIST_STOCKS_VS_5Y_CHG4,4,208,61,-0.015174137397058411,0.6981431033956019,0.20044063096027612,-0.003279622402946991,False,False,False,above 0.2
BRENT_M2M3,P1_IMPORTS_4W,4,208,61,0.042858855364144494,0.20157628945323192,0.4341050251429486,0.015630030258129146,False,True,False,above 0.2
BRENT_M2M3,P3_EXPORTS_4W,4,208,61,-0.08557587435769742,0.07213006721995434,-0.8820306616899439,0.047800396705316106,False,True,False,0.05 to 0.2
BRENT_M2M3,P1_STOCK_SURPRISE,4,208,61,-0.02398036977236679,0.15698372794415588,0.027696555111492792,3.3532141770153956e-05,False,False,False,0.05 to 0.2
BRENT_M2M3,P3_STOCK_SURPRISE,4,208,61,-0.020548451730565298,0.33552520038440103,0.02797489623072921,-0.0005399911574113236,False,False,False,above 0.2
BRENT_M2M3,P5_STOCK_SURPRISE,4,208,61,0.011910971915391396,0.5362633162339325,-0.11408546660959736,-0.0011254919333734126,False,False,False,above 0.2
BRENT_M2M3,US_STOCK_SURPRISE,4,208,61,-0.037729229082397044,0.14437241061169725,0.0940274381001574,-0.0005306650806284896,False,False,False,0.05 to 0.2
BRENT_M2M3,US_DEMAND_CHG4,4,201,61,0.04146065279780533,0.2943105141013318,0.14707822924706848,0.020959177062652712,False,True,False,above 0.2
BRENT_M2M3,P5_DEMAND_CHG4,4,201,61,0.015491302112182196,0.6844169881603165,0.20287872836363996,0.006732200268763866,False,True,False,above 0.2
GASOIL_M1M2,P1_JET_STOCKS_VS_5Y,1,208,61,0.04344425711968952,0.2009702093177036,0.11321910212153649,0.018661379904870823,False,True,False,above 0.2
GASOIL_M1M2,P1_JET_STOCKS_VS_5Y_CHG4,1,208,61,0.02144309074155632,0.5139371852984755,0.01818842712491031,0.0020636221857629478,False,True,False,above 0.2
GASOIL_M1M2,P3_JET_STOCKS_VS_5Y,1,208,61,-0.0006412337047792087,0.9856419450703807,0.011425491866393354,5.622869261123764e-05,False,False,False,above 0.2
GASOIL_M1M2,P3_JET_STOCKS_VS_5Y_CHG4,1,208,61,-0.01662495548733902,0.6076649012467311,0.04536417999206173,-0.003983935694408247,False,False,False,above 0.2
GASOIL_M1M2,P5_JET_STOCKS_VS_5Y,1,208,61,0.040762302433314385,0.22484742274893954,0.09036244921608827,0.01469768251206316,False,True,False,above 0.2
GASOIL_M1M2,P5_JET_STOCKS_VS_5Y_CHG4,1,208,61,0.06067063813167145,0.11615040217684898,-0.010149029944568063,-0.00908258738647194,False,False,False,0.05 to 0.2
GASOIL_M1M2,US_JET_STOCKS_VS_5Y,1,208,61,0.0458592357242771,0.2909596997236077,0.25478587681212417,0.015870330237517716,False,True,False,above 0.2
GASOIL_M1M2,US_JET_STOCKS_VS_5Y_CHG4,1,208,61,0.019463048531170875,0.5755981329592341,0.12189908970334724,0.006680364498900748,False,True,False,above 0.2
GASOIL_M1M2,P5_DAYS_SUPPLY,1,205,61,0.052301242998166395,0.266676183754994,0.20178961832143205,0.023794992103668422,False,True,False,above 0.2
GASOIL_M1M2,P5_DAYS_SUPPLY_CHG4,1,201,61,0.03698606911893797,0.24169357961439641,0.13284960745860142,0.021630674554296347,False,True,False,above 0.2
GASOIL_M1M2,US_DAYS_SUPPLY,1,205,61,0.0667746733484477,0.07593930102457222,0.15985128462360612,0.027131667820563865,False,True,False,0.05 to 0.2
GASOIL_M1M2,US_DAYS_SUPPLY_CHG4,1,201,61,0.06381670384383056,0.0800888012588967,0.15049977394330774,0.045439310632904184,False,True,False,0.05 to 0.2
GASOIL_M1M2,P5_RUNS_VS_5Y,1,208,61,0.07887776281996164,0.03108518891243064,-0.08881735699003956,-0.05985366961295191,False,False,False,0.01 to 0.05
GASOIL_M1M2,P5_RUNS_VS_5Y_CHG4,1,208,61,0.05473958979341165,0.14432662896955686,-0.06156507816399658,-0.038274562460542505,False,False,False,0.05 to 0.2
GASOIL_M1M2,P3_RUNS_VS_5Y,1,208,61,0.011201302253333637,0.694717963491355,0.04580181742952955,0.00020405937043688205,False,True,False,above 0.2
GASOIL_M1M2,P3_RUNS_VS_5Y_CHG4,1,208,61,-0.01075571113537634,0.6667884275655356,-0.030866624525522437,0.0006465942768595356,False,True,False,above 0.2
GASOIL_M1M2,US_UTIL_VS_5Y,1,208,61,0.008969324346344405,0.8059582386234593,0.043553311855363375,-0.00031866855971562913,False,False,False,above 0.2
GASOIL_M1M2,US_UTIL_VS_5Y_CHG4,1,208,61,-0.022175532407497457,0.43882721503276545,-0.022315914868007634,0.0006392473104364083,False,True,False,above 0.2
GASOIL_M1M2,P5_OUTPUT_VS_52W,1,156,61,0.04271323015709769,0.21885481001368767,-0.029505127588700223,-0.013597349920526192,False,False,False,above 0.2
GASOIL_M1M2,P5_OUTPUT_VS_52W_CHG4,1,152,61,-0.00986052907506025,0.8089200948744389,-0.14166238961408756,0.0077904853244176175,False,True,False,above 0.2
GASOIL_M1M2,P3_OUTPUT_VS_52W,1,156,61,0.01584527565635454,0.686193403866264,-0.017751359076244897,-0.0014357530003903385,False,False,False,above 0.2
GASOIL_M1M2,P3_OUTPUT_VS_52W_CHG4,1,152,61,-0.040649393063651104,0.31449884108923676,-0.08790005990448324,0.009424006214352798,False,True,False,above 0.2
GASOIL_M1M2,P5_IMPORTS_4W,1,208,61,-0.043086217971862704,0.33749264866168016,-0.17753713879819882,0.013807879043262417,False,True,False,above 0.2
GASOIL_M1M2,P5_IMPORTS_4W_CHG4,1,208,61,-0.04625054616913926,0.11416129895293915,-0.08563093991060497,0.01299649352568466,False,True,False,0.05 to 0.2
GASOIL_M1M2,US_DIST_STOCKS_VS_5Y,1,208,61,0.027090464271358337,0.4385593051337522,-0.027543516711923663,-0.00688888499303153,False,False,False,above 0.2
GASOIL_M1M2,US_DIST_STOCKS_VS_5Y_CHG4,1,208,61,-0.013402312502755453,0.6527354197002466,-0.07870596139312454,0.003953940884716234,False,True,False,above 0.2
GASOIL_M1M2,P1_DIST_STOCKS_VS_5Y,1,208,61,0.015075070051315344,0.6904405322311362,-0.22207357494199412,-0.004218823537469385,False,False,False,above 0.2
GASOIL_M1M2,P1_DIST_STOCKS_VS_5Y_CHG4,1,208,61,-0.0168145909073004,0.7310530126766857,-0.1004448464011746,0.005572577561864689,False,True,False,above 0.2
GASOIL_M1M2,P1_IMPORTS_4W,1,208,61,0.04305181078801118,0.3350818784233651,-0.13136230982746255,-0.02207630480810918,False,False,False,above 0.2
GASOIL_M1M2,P3_EXPORTS_4W,1,208,61,0.019185716741250844,0.5832069109858138,0.2987039113498266,0.013092893980737208,False,True,False,above 0.2
GASOIL_M1M2,P1_STOCK_SURPRISE,1,208,61,0.058461758528577115,0.1346311710347627,0.012426065747743804,-0.008724793736168301,False,False,False,0.05 to 0.2
GASOIL_M1M2,P3_STOCK_SURPRISE,1,208,61,-0.030358353622499203,0.5107578920783221,0.004503450342159677,-0.004134410786973186,False,False,False,above 0.2
GASOIL_M1M2,P5_STOCK_SURPRISE,1,208,61,-0.0028612284090287887,0.9361666456172502,0.013729248398925906,-0.0002640750794262736,False,False,False,above 0.2
GASOIL_M1M2,US_STOCK_SURPRISE,1,208,61,0.03050640265516802,0.5265709565477832,0.013004199131297889,9.711000663559233e-05,False,True,False,above 0.2
GASOIL_M1M2,US_DEMAND_CHG4,1,201,61,-0.06820818712504821,0.05143560524567774,-0.14105241535248603,0.05172602996871567,False,True,False,0.05 to 0.2
GASOIL_M1M2,P5_DEMAND_CHG4,1,201,61,-0.02506108369149957,0.4215280951555923,-0.13619261419080997,0.023826738936581604,False,True,False,above 0.2
GASOIL_M1M2,P1_JET_STOCKS_VS_5Y,2,208,61,0.038604730768402595,0.44885809634068274,0.18071523384213523,0.020789981884918762,False,True,False,above 0.2
GASOIL_M1M2,P1_JET_STOCKS_VS_5Y_CHG4,2,208,61,0.01003767198523368,0.8262131049760166,0.08703206802029172,0.004484074827610485,False,True,False,above 0.2
GASOIL_M1M2,P3_JET_STOCKS_VS_5Y,2,208,61,0.01816043286988198,0.8074078358812284,0.048479969647750955,0.0013031208887815948,False,True,False,above 0.2
GASOIL_M1M2,P3_JET_STOCKS_VS_5Y_CHG4,2,208,61,-0.028904280137152016,0.6444557245355882,0.11639711879687611,-0.010493739314025197,False,False,False,above 0.2
GASOIL_M1M2,P5_JET_STOCKS_VS_5Y,2,208,61,0.08657333041361709,0.1877568464230418,0.11789055122960432,0.02347533238804511,False,True,False,0.05 to 0.2
GASOIL_M1M2,P5_JET_STOCKS_VS_5Y_CHG4,2,208,61,0.09092042639520663,0.11663055607293185,-0.08223080847281418,-0.024470032325618396,False,False,False,0.05 to 0.2
GASOIL_M1M2,US_JET_STOCKS_VS_5Y,2,208,61,0.07978662715018037,0.3652470579764423,0.4355038699047533,0.034646919347014804,False,True,False,above 0.2
GASOIL_M1M2,US_JET_STOCKS_VS_5Y_CHG4,2,208,61,0.005660775701201163,0.9214354077729109,0.3388046906182937,0.003666973234180304,False,True,False,above 0.2
GASOIL_M1M2,P5_DAYS_SUPPLY,2,205,61,0.09651114844085623,0.2532192131166724,0.1704422803681321,0.027022101599500248,False,True,False,above 0.2
GASOIL_M1M2,P5_DAYS_SUPPLY_CHG4,2,201,61,0.05919623481847649,0.24786248732660887,0.20358699960667467,0.03163711575206074,False,True,False,above 0.2
GASOIL_M1M2,US_DAYS_SUPPLY,2,205,61,0.08255255334356422,0.203504256837854,0.09966331909893948,0.01174598598601062,False,True,False,above 0.2
GASOIL_M1M2,US_DAYS_SUPPLY_CHG4,2,201,61,0.08316264004702531,0.2179976672711672,0.2376177288022633,0.05812444092122926,False,True,False,above 0.2
GASOIL_M1M2,P5_RUNS_VS_5Y,2,208,61,0.12720620894131102,0.05665555989867587,-0.2418034777717634,-0.12605459148968046,False,False,False,0.05 to 0.2
GASOIL_M1M2,P5_RUNS_VS_5Y_CHG4,2,208,61,0.0766891296789222,0.1567212507211974,-0.23307490923580276,-0.09343412327711254,False,False,False,0.05 to 0.2
GASOIL_M1M2,P3_RUNS_VS_5Y,2,208,61,0.0551892298602508,0.25576693261918804,0.19660649831824994,0.015603415148924271,False,True,False,above 0.2
GASOIL_M1M2,P3_RUNS_VS_5Y_CHG4,2,208,61,-0.03550044610754722,0.37428704998884665,0.163857985477873,-0.01049147766811287,False,False,False,above 0.2
GASOIL_M1M2,US_UTIL_VS_5Y,2,208,61,0.02202042072744123,0.6861226945028502,0.10207975332125015,0.0054153216024038775,False,True,False,above 0.2
GASOIL_M1M2,US_UTIL_VS_5Y_CHG4,2,208,61,-0.08253415105725981,0.13854070693298084,-0.033721800771406754,-0.0034426181885669482,False,False,False,0.05 to 0.2
GASOIL_M1M2,P5_OUTPUT_VS_52W,2,156,61,0.172210408399075,0.0006502495169042,-0.025781158045652945,-0.051833031485249315,False,False,False,p below 0.001
GASOIL_M1M2,P5_OUTPUT_VS_52W_CHG4,2,152,61,0.046866763283104185,0.42648384336418454,-0.26998790880660234,-0.046230058592549916,False,False,False,above 0.2
GASOIL_M1M2,P3_OUTPUT_VS_52W,2,156,61,0.010236982580479989,0.867489466543903,0.2470861111452821,0.005302910282580231,False,True,False,above 0.2
GASOIL_M1M2,P3_OUTPUT_VS_52W_CHG4,2,152,61,-0.1014272395235699,0.06513211426014655,0.048899012028572775,-0.02797294081551649,False,False,False,0.05 to 0.2
GASOIL_M1M2,P5_IMPORTS_4W,2,208,61,-0.029483251322400407,0.7185684796869118,-0.26967321956538914,0.017656840944684782,False,True,False,above 0.2
GASOIL_M1M2,P5_IMPORTS_4W_CHG4,2,208,61,-0.06923387392616279,0.10220845328262318,-0.2723023506077416,0.04361569015522604,False,True,False,0.05 to 0.2
GASOIL_M1M2,US_DIST_STOCKS_VS_5Y,2,208,61,0.047444888617528845,0.44523993172592147,0.00930687080048437,0.0002592199424822361,False,True,False,above 0.2
GASOIL_M1M2,US_DIST_STOCKS_VS_5Y_CHG4,2,208,61,-0.02803126284738568,0.5234084681321706,-0.09366483101354554,0.005845179628998998,False,True,False,above 0.2
GASOIL_M1M2,P1_DIST_STOCKS_VS_5Y,2,208,61,0.03361767339254292,0.6205631942866798,-0.09908574756610689,0.0005627042665863335,False,False,False,above 0.2
GASOIL_M1M2,P1_DIST_STOCKS_VS_5Y_CHG4,2,208,61,-0.009148673762043463,0.905660592460583,-0.08804461715810316,0.001417201152078218,False,True,False,above 0.2
GASOIL_M1M2,P1_IMPORTS_4W,2,208,61,0.05584780527375681,0.4719167973097397,-0.12698616538125343,-0.012390370546632168,False,False,False,above 0.2
GASOIL_M1M2,P3_EXPORTS_4W,2,208,61,0.035035010022995534,0.5461517905541897,0.2672070007174298,0.0035426812423329235,False,True,False,above 0.2
GASOIL_M1M2,P1_STOCK_SURPRISE,2,208,61,0.07052848055256554,0.05394432195226772,-0.010266930052678983,-0.01760692838181832,False,False,False,0.05 to 0.2
GASOIL_M1M2,P3_STOCK_SURPRISE,2,208,61,-0.035641046259822576,0.42737685498149236,-0.006466022184643505,-0.0022454958102766653,False,False,False,above 0.2
GASOIL_M1M2,P5_STOCK_SURPRISE,2,208,61,0.012884409302492978,0.80352875729061,0.015445352781976533,0.0008349240011609194,False,True,False,above 0.2
GASOIL_M1M2,US_STOCK_SURPRISE,2,208,61,0.04310630826427645,0.4642197408675034,-0.016980965682206688,-0.002104504892364245,False,False,False,above 0.2
GASOIL_M1M2,US_DEMAND_CHG4,2,201,61,-0.08918215773412859,0.12261220579822803,-0.2249813564546547,0.06697306778871481,False,True,False,0.05 to 0.2
GASOIL_M1M2,P5_DEMAND_CHG4,2,201,61,-0.03373808759818034,0.4741799343173969,-0.205143729127966,0.028847254113188225,False,True,False,above 0.2
GASOIL_M1M2,P1_JET_STOCKS_VS_5Y,4,208,61,0.0505388732883066,0.5543241746417007,0.3485293319764792,0.031244552404312564,False,True,False,above 0.2
GASOIL_M1M2,P1_JET_STOCKS_VS_5Y_CHG4,4,208,61,-0.006222559810785563,0.9318296155877157,0.14229287141914584,-0.0026854617646034917,False,False,False,above 0.2
GASOIL_M1M2,P3_JET_STOCKS_VS_5Y,4,208,61,0.002623264385799958,0.9839017705656954,0.0316790499303553,0.0003813975882120957,False,True,False,above 0.2
GASOIL_M1M2,P3_JET_STOCKS_VS_5Y_CHG4,4,208,61,-0.08561525596703358,0.3983570813740118,0.24009657820808145,-0.03603502806740133,False,False,False,above 0.2
GASOIL_M1M2,P5_JET_STOCKS_VS_5Y,4,208,61,0.10003316003554864,0.43229120099388396,0.23733604792477034,0.03503945910887163,False,True,False,above 0.2
GASOIL_M1M2,P5_JET_STOCKS_VS_5Y_CHG4,4,208,61,0.0921588851630582,0.20905926063818092,-0.1446690927835455,-0.016147375483461346,False,False,False,above 0.2
GASOIL_M1M2,US_JET_STOCKS_VS_5Y,4,208,61,0.11383781611686627,0.4724278191106578,0.6682275787656868,0.04664589651186268,False,True,False,above 0.2
GASOIL_M1M2,US_JET_STOCKS_VS_5Y_CHG4,4,208,61,-0.04873181497640136,0.6697583773840416,0.48468655874240024,-0.027017050484088534,False,False,False,above 0.2
GASOIL_M1M2,P5_DAYS_SUPPLY,4,205,61,0.08814237838365917,0.4155618446210687,-0.02810519654315734,0.006154371500820099,False,False,False,above 0.2
GASOIL_M1M2,P5_DAYS_SUPPLY_CHG4,4,201,61,0.11732365754916207,0.13952471067421954,0.19054542444010375,0.025647138357908328,False,True,False,0.05 to 0.2
GASOIL_M1M2,US_DAYS_SUPPLY,4,205,61,0.07474380288608919,0.5161082597398285,-0.1421673891230601,-0.013915455091098927,False,False,False,above 0.2
GASOIL_M1M2,US_DAYS_SUPPLY_CHG4,4,201,61,0.13093434253685096,0.2396244336075638,0.1257825225494313,0.011275074570577637,False,True,False,above 0.2
GASOIL_M1M2,P5_RUNS_VS_5Y,4,208,61,0.1785798948048201,0.057762156557430964,-0.201076722185891,-0.08057214337694418,False,False,False,0.05 to 0.2
GASOIL_M1M2,P5_RUNS_VS_5Y_CHG4,4,208,61,0.14777673382040996,0.04605432313474548,-0.3781898914657695,-0.16179670782290323,False,False,False,0.01 to 0.05
GASOIL_M1M2,P3_RUNS_VS_5Y,4,208,61,0.09373095540402615,0.3239412563535662,0.315190968266743,0.030695941547677408,False,True,False,above 0.2
GASOIL_M1M2,P3_RUNS_VS_5Y_CHG4,4,208,61,-0.05404941661166161,0.5175842533259902,0.3224930119002947,-0.01663235478155456,False,False,False,above 0.2
GASOIL_M1M2,US_UTIL_VS_5Y,4,208,61,0.022271412626024504,0.7409685920679592,0.25883429768029,0.011231204652686122,False,True,False,above 0.2
GASOIL_M1M2,US_UTIL_VS_5Y_CHG4,4,208,61,-0.1189782842643153,0.1126737190340698,0.15331046479564017,-0.030372672883804075,False,False,False,0.05 to 0.2
GASOIL_M1M2,P5_OUTPUT_VS_52W,4,156,61,0.2567524971985145,0.00032333696716416426,0.26798175847411887,0.12166673987490884,True,True,True,p below 0.001
GASOIL_M1M2,P5_OUTPUT_VS_52W_CHG4,4,152,61,0.0306195967433781,0.7500778431730322,-0.04956798049372668,-0.0005624086531814676,False,False,False,above 0.2
GASOIL_M1M2,P3_OUTPUT_VS_52W,4,156,61,-0.023536402875052202,0.7997967438385747,0.5010053486956239,-0.015219192970997941,False,False,False,above 0.2
GASOIL_M1M2,P3_OUTPUT_VS_52W_CHG4,4,152,61,-0.20288105322031108,0.036935921239384245,0.03933954793998867,-0.04563910241615199,False,False,False,0.01 to 0.05
GASOIL_M1M2,P5_IMPORTS_4W,4,208,61,0.007802357950386716,0.9584924605434013,-0.11710035589408234,-0.003290935362127989,False,False,False,above 0.2
GASOIL_M1M2,P5_IMPORTS_4W_CHG4,4,208,61,-0.07420124380239218,0.3122480150629168,-0.2464195347172139,0.023196903496374932,False,True,False,above 0.2
GASOIL_M1M2,US_DIST_STOCKS_VS_5Y,4,208,61,0.08569751959093791,0.41969993080459167,0.03314289019163226,0.01539185390787845,False,True,False,above 0.2
GASOIL_M1M2,US_DIST_STOCKS_VS_5Y_CHG4,4,208,61,0.02663359420651667,0.7583958594385504,-0.020337015771435152,-0.001677683305403077,False,False,False,above 0.2
GASOIL_M1M2,P1_DIST_STOCKS_VS_5Y,4,208,61,0.043187118923493945,0.7195477744191092,-0.004195844423496592,0.009603084897947034,False,False,False,above 0.2
GASOIL_M1M2,P1_DIST_STOCKS_VS_5Y_CHG4,4,208,61,-0.11376307931177354,0.19752722668774114,0.0787366235800468,-0.023482678419585623,False,False,False,0.05 to 0.2
GASOIL_M1M2,P1_IMPORTS_4W,4,208,61,0.021332956573884013,0.8782854290399966,-0.07218024118706409,0.0013515175812205404,False,False,False,above 0.2
GASOIL_M1M2,P3_EXPORTS_4W,4,208,61,0.06525888435497522,0.4969666165570835,0.18179102047216833,-0.019774876642412398,False,False,False,above 0.2
GASOIL_M1M2,P1_STOCK_SURPRISE,4,208,61,0.0404798972333788,0.32373298914689486,0.04814763021048411,0.004052241698488501,False,True,False,above 0.2
GASOIL_M1M2,P3_STOCK_SURPRISE,4,208,61,-0.04389645745804867,0.32817953827084334,0.034494171291447495,-0.006589010808490725,False,False,False,above 0.2
GASOIL_M1M2,P5_STOCK_SURPRISE,4,208,61,0.10097458725968268,0.09833104206046418,-0.13901875985345302,-0.02673337352513183,False,False,False,0.05 to 0.2
GASOIL_M1M2,US_STOCK_SURPRISE,4,208,61,0.029147080808397542,0.579401218771684,0.1326080160758814,0.0064280178553891565,False,True,False,above 0.2
GASOIL_M1M2,US_DEMAND_CHG4,4,201,61,-0.1255114911687616,0.15517854252706287,-0.07680702043763718,-0.0032016211707388553,False,False,False,0.05 to 0.2
GASOIL_M1M2,P5_DEMAND_CHG4,4,201,61,-0.04947758643676302,0.42051516460298666,-0.10685005414547338,0.007657675313081369,False,True,False,above 0.2
GASOIL_M2M3,P1_JET_STOCKS_VS_5Y,1,208,61,0.022407774153793754,0.2531139339281234,0.031001216981538213,0.007270311518716488,False,True,False,above 0.2
GASOIL_M2M3,P1_JET_STOCKS_VS_5Y_CHG4,1,208,61,0.0029647986997698578,0.8945231023317931,0.001197931538656374,-4.287373050115839e-05,False,False,False,above 0.2
GASOIL_M2M3,P3_JET_STOCKS_VS_5Y,1,208,61,0.006650037893053343,0.8061687639801189,-0.0037543261705227223,0.0011686424109420557,False,False,False,above 0.2
GASOIL_M2M3,P3_JET_STOCKS_VS_5Y_CHG4,1,208,61,-0.02384924236483204,0.30904671356298163,0.08697518108922288,-0.024747227748278755,False,False,False,above 0.2
GASOIL_M2M3,P5_JET_STOCKS_VS_5Y,1,208,61,0.026827835379376507,0.27810648365847856,0.13922568543438413,0.03507661150339847,False,True,False,above 0.2
GASOIL_M2M3,P5_JET_STOCKS_VS_5Y_CHG4,1,208,61,0.05546810654428286,0.013048581208006723,0.056626685100710984,0.00841108301758886,False,True,False,0.01 to 0.05
GASOIL_M2M3,US_JET_STOCKS_VS_5Y,1,208,61,0.03275815404114146,0.2376540843075321,0.17729847790132253,0.022343061565957,False,True,False,above 0.2
GASOIL_M2M3,US_JET_STOCKS_VS_5Y_CHG4,1,208,61,0.0035682848176307727,0.889199470373303,0.13263949273675354,0.003479166566722869,False,True,False,above 0.2
GASOIL_M2M3,P5_DAYS_SUPPLY,1,205,61,0.009683499866799143,0.742878682799001,0.01974643766249929,0.0014305538695177367,False,True,False,above 0.2
GASOIL_M2M3,P5_DAYS_SUPPLY_CHG4,1,201,61,0.03344265177751414,0.22787063940239038,0.07800103187533834,0.020493960003622247,False,True,False,above 0.2
GASOIL_M2M3,US_DAYS_SUPPLY,1,205,61,0.001433032384992455,0.9577535576978728,-0.0788415856804287,-0.0009062228572882525,False,False,False,above 0.2
GASOIL_M2M3,US_DAYS_SUPPLY_CHG4,1,201,61,0.009855567913190338,0.6526538313747237,0.0194136250743224,0.0017412189546033296,False,True,False,above 0.2
GASOIL_M2M3,P5_RUNS_VS_5Y,1,208,61,0.028000330168174208,0.1447722099416512,-0.07415208523111669,-0.025650977700997002,False,False,False,0.05 to 0.2
GASOIL_M2M3,P5_RUNS_VS_5Y_CHG4,1,208,61,0.02666507141494416,0.22462946292331354,-0.11631693686510816,-0.053022002859176354,False,False,False,above 0.2
GASOIL_M2M3,P3_RUNS_VS_5Y,1,208,61,0.02887642212283724,0.2833677319977791,0.08159396874634064,0.01479650843708602,False,True,False,above 0.2
GASOIL_M2M3,P3_RUNS_VS_5Y_CHG4,1,208,61,-0.013921489426097331,0.535198889020281,0.11428825931038945,-0.009787552435082558,False,False,False,above 0.2
GASOIL_M2M3,US_UTIL_VS_5Y,1,208,61,0.022213254978645715,0.2813228058774906,0.04539654633637368,0.010339602385603275,False,True,False,above 0.2
GASOIL_M2M3,US_UTIL_VS_5Y_CHG4,1,208,61,-0.017618146769312202,0.40285327132206505,-0.012754024223712778,0.00014840783276737213,False,True,False,above 0.2
GASOIL_M2M3,P5_OUTPUT_VS_52W,1,156,61,0.06797164768707206,0.006343763600166542,0.05511746231739159,0.024715390290734884,False,True,False,0.001 to 0.01
GASOIL_M2M3,P5_OUTPUT_VS_52W_CHG4,1,152,61,0.03236245013711651,0.25651845765704173,-0.020265758188876007,-0.012795001809003725,False,False,False,above 0.2
GASOIL_M2M3,P3_OUTPUT_VS_52W,1,156,61,0.018352336201504716,0.5041486922760998,0.14676931992939413,0.021108519607557996,False,True,False,above 0.2
GASOIL_M2M3,P3_OUTPUT_VS_52W_CHG4,1,152,61,-0.025557580115342406,0.24580702373795837,0.08399756604201856,-0.021222736465804637,False,False,False,above 0.2
GASOIL_M2M3,P5_IMPORTS_4W,1,208,61,0.01371071475221132,0.6515763167456208,0.03610871515936033,-0.0019228761472613876,False,False,False,above 0.2
GASOIL_M2M3,P5_IMPORTS_4W_CHG4,1,208,61,-0.007819122980374519,0.687117324966054,-0.024253356061671037,0.0012522349053053494,False,True,False,above 0.2
GASOIL_M2M3,US_DIST_STOCKS_VS_5Y,1,208,61,0.02873165482077156,0.23371791251311003,0.042103111153232634,0.004907026574128115,False,True,False,above 0.2
GASOIL_M2M3,US_DIST_STOCKS_VS_5Y_CHG4,1,208,61,0.016285730125652435,0.43270675156810867,-0.02972624160285439,-0.00526488564798,False,False,False,above 0.2
GASOIL_M2M3,P1_DIST_STOCKS_VS_5Y,1,208,61,0.01612401624559826,0.5119826065063521,0.14924809378360596,0.006550133064951447,False,True,False,above 0.2
GASOIL_M2M3,P1_DIST_STOCKS_VS_5Y_CHG4,1,208,61,-0.005157992019078144,0.8511401315265934,0.04712151495591197,-0.00209397153197588,False,False,False,above 0.2
GASOIL_M2M3,P1_IMPORTS_4W,1,208,61,-0.007223776713901453,0.8229479276004873,0.055761903829874226,-0.0038855483175654904,False,False,False,above 0.2
GASOIL_M2M3,P3_EXPORTS_4W,1,208,61,0.008630176908034227,0.7449651003321541,-0.028195884000527582,-0.005567005941644831,False,False,False,above 0.2
GASOIL_M2M3,P1_STOCK_SURPRISE,1,208,61,0.037301083385517596,0.05161240989864538,-0.024000666951879423,-0.03335192874923476,False,False,False,0.05 to 0.2
GASOIL_M2M3,P3_STOCK_SURPRISE,1,208,61,-0.03435070930533044,0.10956950636583145,0.049806836210100486,-0.03597394566491774,False,False,False,0.05 to 0.2
GASOIL_M2M3,P5_STOCK_SURPRISE,1,208,61,0.017009427746205917,0.4720909575977972,0.02174060955329452,0.0022888544381935993,False,True,False,above 0.2
GASOIL_M2M3,US_STOCK_SURPRISE,1,208,61,0.006079558906072223,0.8131395888434081,0.05455129868052899,0.0028716310185284977,False,True,False,above 0.2
GASOIL_M2M3,US_DEMAND_CHG4,1,201,61,-0.005420875897412224,0.7839511835266174,0.009869789578944214,-0.0010572853124690695,False,False,False,above 0.2
GASOIL_M2M3,P5_DEMAND_CHG4,1,201,61,-0.005457353205648781,0.8052049973087886,-0.027981592255064743,0.0021894289776954734,False,True,False,above 0.2
GASOIL_M2M3,P1_JET_STOCKS_VS_5Y,2,208,61,0.008355179518974316,0.8265862703049139,0.07665784205734315,0.004553807625517603,False,True,False,above 0.2
GASOIL_M2M3,P1_JET_STOCKS_VS_5Y_CHG4,2,208,61,-0.05130387043229333,0.16268392560485656,0.0991567390683722,-0.043506054677122874,False,False,False,0.05 to 0.2
GASOIL_M2M3,P3_JET_STOCKS_VS_5Y,2,208,61,0.03926363203407589,0.4502361992847743,-0.09286099347903962,-3.956912521663192e-05,False,False,False,above 0.2
GASOIL_M2M3,P3_JET_STOCKS_VS_5Y_CHG4,2,208,61,0.004353129936656517,0.9129792393057417,0.07442498153589365,0.0015694028880299804,False,True,False,above 0.2
GASOIL_M2M3,P5_JET_STOCKS_VS_5Y,2,208,61,0.04746304656217122,0.3244393547930321,0.24776344645626383,0.04119856673324884,False,True,False,above 0.2
GASOIL_M2M3,P5_JET_STOCKS_VS_5Y_CHG4,2,208,61,0.1016424890696197,0.002572894784118499,0.09579608007807809,-0.001757069477968498,False,False,False,0.001 to 0.01
GASOIL_M2M3,US_JET_STOCKS_VS_5Y,2,208,61,0.0624094620247824,0.23593258085950064,0.2571121190541794,0.03025272894464992,False,True,False,above 0.2
GASOIL_M2M3,US_JET_STOCKS_VS_5Y_CHG4,2,208,61,0.006501564222724949,0.889813885435552,0.28767734403833173,0.005499272200312211,False,True,False,above 0.2
GASOIL_M2M3,P5_DAYS_SUPPLY,2,205,61,0.0035447124142582126,0.9502185128113226,-0.05472869362589954,-0.0004040840445256322,False,False,False,above 0.2
GASOIL_M2M3,P5_DAYS_SUPPLY_CHG4,2,201,61,0.04719262353989246,0.26378218087831007,0.09490766979902152,0.010567612644731716,False,True,False,above 0.2
GASOIL_M2M3,US_DAYS_SUPPLY,2,205,61,-0.005906401808461133,0.9142130688692016,-0.23507897617163426,0.004209697174027305,False,True,False,above 0.2
GASOIL_M2M3,US_DAYS_SUPPLY_CHG4,2,201,61,0.0012901119504013475,0.975674857215545,0.0046379574881901435,1.6061306840398082e-05,False,True,False,above 0.2
GASOIL_M2M3,P5_RUNS_VS_5Y,2,208,61,0.047300264360272924,0.18357613974547993,-0.09258994722845178,-0.021164245604372134,False,False,False,0.05 to 0.2
GASOIL_M2M3,P5_RUNS_VS_5Y_CHG4,2,208,61,0.06402187997776537,0.09866849552172503,-0.2122047669787967,-0.09582880033922558,False,False,False,0.05 to 0.2
GASOIL_M2M3,P3_RUNS_VS_5Y,2,208,61,0.05762371219913634,0.13831145170524434,0.03934389848584699,0.014865657801596321,False,True,False,0.05 to 0.2
GASOIL_M2M3,P3_RUNS_VS_5Y_CHG4,2,208,61,-0.03970255193947406,0.2966705941502903,0.15212407891602087,-0.017117744323651873,False,False,False,above 0.2
GASOIL_M2M3,US_UTIL_VS_5Y,2,208,61,0.035276073730978005,0.28216565163318996,0.056240667709608325,0.01742234755120009,False,True,False,above 0.2
GASOIL_M2M3,US_UTIL_VS_5Y_CHG4,2,208,61,-0.054077135011550335,0.19705796502823247,-0.0036490909444806636,-0.004806491471448515,False,False,False,0.05 to 0.2
GASOIL_M2M3,P5_OUTPUT_VS_52W,2,156,61,0.12863837968368913,0.0028623394683671686,0.15262470592951743,0.07058854396550984,False,True,False,0.001 to 0.01
GASOIL_M2M3,P5_OUTPUT_VS_52W_CHG4,2,152,61,0.0738564343285496,0.14501403948738878,-0.011198732183059083,-0.013349258352846949,False,False,False,0.05 to 0.2
GASOIL_M2M3,P3_OUTPUT_VS_52W,2,156,61,0.011341435238164128,0.8062195789384464,0.3328150272287855,0.013598439501194881,False,True,False,above 0.2
GASOIL_M2M3,P3_OUTPUT_VS_52W_CHG4,2,152,61,-0.0606464535698201,0.1482658460964009,0.27195670779711173,-0.061733600838045355,False,False,False,0.05 to 0.2
GASOIL_M2M3,P5_IMPORTS_4W,2,208,61,0.047682562426117056,0.4154499841549676,0.06997172072869574,-0.011824269770002616,False,False,False,above 0.2
GASOIL_M2M3,P5_IMPORTS_4W_CHG4,2,208,61,0.005339082270816321,0.8756899921581738,-0.09162324985049261,-0.001529575425448737,False,False,False,above 0.2
GASOIL_M2M3,US_DIST_STOCKS_VS_5Y,2,208,61,0.05180496758168748,0.24473220409468743,0.1553992208089497,0.016311405852347027,False,True,False,above 0.2
GASOIL_M2M3,US_DIST_STOCKS_VS_5Y_CHG4,2,208,61,0.009659675938260401,0.8098939627942799,0.02240474049378563,0.0005865254795899277,False,True,False,above 0.2
GASOIL_M2M3,P1_DIST_STOCKS_VS_5Y,2,208,61,0.03128638150918194,0.49335620041571826,0.3616103038369032,0.01565414104503904,False,True,False,above 0.2
GASOIL_M2M3,P1_DIST_STOCKS_VS_5Y_CHG4,2,208,61,0.00029367057411151375,0.9950225184043191,0.1255125642443099,0.00011807236504857155,False,True,False,above 0.2
GASOIL_M2M3,P1_IMPORTS_4W,2,208,61,-0.011746624857098719,0.8507878102940402,0.07792340830896052,-0.004016685029539779,False,False,False,above 0.2
GASOIL_M2M3,P3_EXPORTS_4W,2,208,61,0.012070588299414112,0.8071763643172047,-0.14710044800533498,-0.009937174294708084,False,False,False,above 0.2
GASOIL_M2M3,P1_STOCK_SURPRISE,2,208,61,0.01813290073282318,0.37725614563576526,-0.02667852162258908,-0.006127942328177038,False,False,False,above 0.2
GASOIL_M2M3,P3_STOCK_SURPRISE,2,208,61,-0.022419563164895833,0.32226847462235986,0.07436442325106951,-0.012668150271320622,False,False,False,above 0.2
GASOIL_M2M3,P5_STOCK_SURPRISE,2,208,61,0.04207957836846998,0.1887986274346759,0.06419573675394277,0.005910987845509474,False,True,False,0.05 to 0.2
GASOIL_M2M3,US_STOCK_SURPRISE,2,208,61,0.004385717087170953,0.8956721936047652,0.13002481800128307,0.0019482004450870338,False,True,False,above 0.2
GASOIL_M2M3,US_DEMAND_CHG4,2,201,61,0.01795499241478614,0.6096854477391814,0.033403245095290905,0.0027127838288015793,False,True,False,above 0.2
GASOIL_M2M3,P5_DEMAND_CHG4,2,201,61,0.019109981880067715,0.5479936582984941,-0.005172771149171566,-0.0015768249292369418,False,False,False,above 0.2
GASOIL_M2M3,P1_JET_STOCKS_VS_5Y,4,208,61,0.02595312745648407,0.6835122966431322,0.003755932931294895,0.004259031400673741,False,True,False,above 0.2
GASOIL_M2M3,P1_JET_STOCKS_VS_5Y_CHG4,4,208,61,-0.08193719917785366,0.19644262625748887,0.0677008650910677,-0.02366738265006041,False,False,False,0.05 to 0.2
GASOIL_M2M3,P3_JET_STOCKS_VS_5Y,4,208,61,0.0653897843489687,0.4443565633291504,-0.14627680970472448,0.0062149240035540565,False,False,False,above 0.2
GASOIL_M2M3,P3_JET_STOCKS_VS_5Y_CHG4,4,208,61,0.020553462127002268,0.7291008902233576,0.1465836373311532,0.005540802052433902,False,True,False,above 0.2
GASOIL_M2M3,P5_JET_STOCKS_VS_5Y,4,208,61,0.042313941128696596,0.6239134997620657,0.4535893930616502,0.029089008114719483,False,True,False,above 0.2
GASOIL_M2M3,P5_JET_STOCKS_VS_5Y_CHG4,4,208,61,0.11428001745009786,0.059106837577998526,0.13309801895784393,0.0006955882149173309,False,True,False,0.05 to 0.2
GASOIL_M2M3,US_JET_STOCKS_VS_5Y,4,208,61,0.11349945418767249,0.21553633059506416,0.19341516596049343,0.025115428104004134,False,True,False,above 0.2
GASOIL_M2M3,US_JET_STOCKS_VS_5Y_CHG4,4,208,61,0.01676290022903936,0.8196896802606399,0.2623503906699214,0.0051909402495451396,False,True,False,above 0.2
GASOIL_M2M3,P5_DAYS_SUPPLY,4,205,61,-0.034227981275125635,0.7269807595471813,-0.3021727064398216,0.007661284323763118,False,True,False,above 0.2
GASOIL_M2M3,P5_DAYS_SUPPLY_CHG4,4,201,61,0.04059226754515667,0.48591117460618294,-0.010038834331540219,-0.005269851470990794,False,False,False,above 0.2
GASOIL_M2M3,US_DAYS_SUPPLY,4,205,61,-0.016853493979209017,0.869120326348817,-0.6215800342290423,0.013247488896314108,False,True,False,above 0.2
GASOIL_M2M3,US_DAYS_SUPPLY_CHG4,4,201,61,-0.0019047428463323099,0.9768159291980947,-0.26426639268739316,0.0011206276843342966,False,True,False,above 0.2
GASOIL_M2M3,P5_RUNS_VS_5Y,4,208,61,0.04306492134174536,0.4228262631420875,0.03942616387582504,0.00591867473289398,False,True,False,above 0.2
GASOIL_M2M3,P5_RUNS_VS_5Y_CHG4,4,208,61,0.10006498397500972,0.12547590974141606,-0.28985297817698535,-0.0834764597629829,False,False,False,0.05 to 0.2
GASOIL_M2M3,P3_RUNS_VS_5Y,4,208,61,0.10159351715500513,0.07992111374491014,-0.07954611927184062,0.01099710526393094,False,False,False,0.05 to 0.2
GASOIL_M2M3,P3_RUNS_VS_5Y_CHG4,4,208,61,-0.05082326070783668,0.43738234315224434,0.19391260105791006,-0.011839403908992407,False,False,False,above 0.2
GASOIL_M2M3,US_UTIL_VS_5Y,4,208,61,0.03904846593268266,0.5503328097224494,0.12343410049936479,0.021003377483929775,False,True,False,above 0.2
GASOIL_M2M3,US_UTIL_VS_5Y_CHG4,4,208,61,-0.06954529863684253,0.35328063241090335,0.10192431794798447,-0.012393420992041548,False,False,False,above 0.2
GASOIL_M2M3,P5_OUTPUT_VS_52W,4,156,61,0.1877324211509866,0.007750222626559184,0.34316388567908074,0.12075913701322272,False,True,False,0.001 to 0.01
GASOIL_M2M3,P5_OUTPUT_VS_52W_CHG4,4,152,61,0.13951282859000771,0.03165793602095014,0.21700677601332644,0.04712770274321021,False,True,False,0.01 to 0.05
GASOIL_M2M3,P3_OUTPUT_VS_52W,4,156,61,0.030960864694394397,0.6697437590058669,0.5735406733300853,0.026898163405736142,False,True,False,above 0.2
GASOIL_M2M3,P3_OUTPUT_VS_52W_CHG4,4,152,61,-0.05274702094332745,0.29776992434906924,0.5513133563752116,-0.0407051945845025,False,False,False,above 0.2
GASOIL_M2M3,P5_IMPORTS_4W,4,208,61,0.09515785598795046,0.3491952690794765,0.3183663748608327,-0.0070558930417492505,False,False,False,above 0.2
GASOIL_M2M3,P5_IMPORTS_4W_CHG4,4,208,61,0.02538211687840769,0.7065134209523338,0.04721974243719314,0.002594039262305836,False,True,False,above 0.2
GASOIL_M2M3,US_DIST_STOCKS_VS_5Y,4,208,61,0.09367277560062032,0.2130768529754382,0.23215625803626547,0.031912623296040055,False,True,False,above 0.2
GASOIL_M2M3,US_DIST_STOCKS_VS_5Y_CHG4,4,208,61,0.03968822774204493,0.611244752612996,0.05615205838721289,0.0017995342910889223,False,True,False,above 0.2
GASOIL_M2M3,P1_DIST_STOCKS_VS_5Y,4,208,61,0.053919190001958134,0.4882325726761634,0.7295461343090678,0.026470092075219886,False,True,False,above 0.2
GASOIL_M2M3,P1_DIST_STOCKS_VS_5Y_CHG4,4,208,61,-0.03537551441231964,0.67959545988145,0.2707772392982923,-0.013432045700416895,False,False,False,above 0.2
GASOIL_M2M3,P1_IMPORTS_4W,4,208,61,-0.04476494291483235,0.6658699244294171,0.21835881689162423,-0.017924064779350823,False,False,False,above 0.2
GASOIL_M2M3,P3_EXPORTS_4W,4,208,61,0.02977368618538082,0.7291609434488576,-0.47267070826717755,-0.02685666204938819,False,False,False,above 0.2
GASOIL_M2M3,P1_STOCK_SURPRISE,4,208,61,0.005110500117247271,0.8629735269844988,-0.017242177463002918,-0.0004765647935875972,False,False,False,above 0.2
GASOIL_M2M3,P3_STOCK_SURPRISE,4,208,61,-0.03243280672946147,0.3590679611779508,0.10432786119622205,-0.01068860773542979,False,False,False,above 0.2
GASOIL_M2M3,P5_STOCK_SURPRISE,4,208,61,0.09273152320884082,0.008722098298280346,0.032133403502785624,-0.005397478126004884,False,False,False,0.001 to 0.01
GASOIL_M2M3,US_STOCK_SURPRISE,4,208,61,0.011503653907267729,0.799385961258307,0.17555429371010242,0.0027990453176970354,False,True,False,above 0.2
GASOIL_M2M3,US_DEMAND_CHG4,4,201,61,0.037834849429743786,0.4673974234505248,0.3172278089043793,0.028990739507623986,False,True,False,above 0.2
GASOIL_M2M3,P5_DEMAND_CHG4,4,201,61,0.06686200411534794,0.15375217229471752,0.20408772116869645,0.03337992074998131,False,True,False,0.05 to 0.2
NWE_JET_M1M2,P1_JET_STOCKS_VS_5Y,1,208,61,0.004385311877601024,0.8662013328634472,-0.005162954716247811,0.0005497605420332619,False,False,False,above 0.2
NWE_JET_M1M2,P1_JET_STOCKS_VS_5Y_CHG4,1,208,61,-0.017028972386448134,0.5995594055639346,0.02405026534035077,-0.009715108819992047,False,False,False,above 0.2
NWE_JET_M1M2,P3_JET_STOCKS_VS_5Y,1,208,61,0.04612137322904299,0.05600383677257142,-0.11533455881050943,-0.03725161938667165,False,False,False,0.05 to 0.2
NWE_JET_M1M2,P3_JET_STOCKS_VS_5Y_CHG4,1,208,61,-0.018887504656585508,0.5030560249237075,0.0015483818688875938,-0.005504686540423354,False,False,False,above 0.2
NWE_JET_M1M2,P5_JET_STOCKS_VS_5Y,1,208,61,0.029735961192179285,0.23525888447507592,0.10188843891716313,0.02523674262326192,False,True,False,above 0.2
NWE_JET_M1M2,P5_JET_STOCKS_VS_5Y_CHG4,1,208,61,0.0014257346981520827,0.9490273563424607,0.037093341007021025,0.00033417384916500925,False,True,False,above 0.2
NWE_JET_M1M2,US_JET_STOCKS_VS_5Y,1,208,61,0.045372482349294266,0.0745812752253383,-0.046983102047723546,-0.006664451967468343,False,False,False,0.05 to 0.2
NWE_JET_M1M2,US_JET_STOCKS_VS_5Y_CHG4,1,208,61,-0.032740165506215044,0.2699478231382124,0.04597113967598109,-0.01936756228547365,False,False,False,above 0.2
NWE_JET_M1M2,P5_DAYS_SUPPLY,1,205,61,0.0155633073234584,0.6275839813175219,-0.07178465530761899,-0.007793244442942937,False,False,False,above 0.2
NWE_JET_M1M2,P5_DAYS_SUPPLY_CHG4,1,201,61,0.03823905190471292,0.13805290812277188,-0.008902356430491979,-0.015444782617416442,False,False,False,0.05 to 0.2
NWE_JET_M1M2,US_DAYS_SUPPLY,1,205,61,-0.0012962511504217677,0.9598948287384191,-0.15998389017400733,0.0017863221437006693,False,True,False,above 0.2
NWE_JET_M1M2,US_DAYS_SUPPLY_CHG4,1,201,61,0.005569061692933316,0.8255217408436488,-0.04431885749460082,-0.0030906692650061185,False,False,False,above 0.2
NWE_JET_M1M2,P5_RUNS_VS_5Y,1,208,61,0.014470335976278682,0.5423198071688784,-0.01759433826313496,-0.003907431477269352,False,False,False,above 0.2
NWE_JET_M1M2,P5_RUNS_VS_5Y_CHG4,1,208,61,-0.01643981346072574,0.4767841020047281,-0.05233526598598636,0.01142150364866601,False,True,False,above 0.2
NWE_JET_M1M2,P3_RUNS_VS_5Y,1,208,61,0.03708555031458887,0.25149422129693555,0.03380612358832353,0.011401812496862007,False,True,False,above 0.2
NWE_JET_M1M2,P3_RUNS_VS_5Y_CHG4,1,208,61,0.030327582303733627,0.16756994798931046,0.12461286029708424,0.02020932490908267,False,True,False,0.05 to 0.2
NWE_JET_M1M2,US_UTIL_VS_5Y,1,208,61,0.0030646341360163094,0.9144847561113754,-0.012778254916335175,0.0012969799337456678,False,False,False,above 0.2
NWE_JET_M1M2,US_UTIL_VS_5Y_CHG4,1,208,61,0.007959303154106664,0.7468609186735282,0.02853195692528681,0.0017398997280799744,False,True,False,above 0.2
NWE_JET_M1M2,P5_OUTPUT_VS_52W,1,156,61,0.03818588515096733,0.16886513988251695,0.047068851559965916,0.028118004133699914,False,True,False,0.05 to 0.2
NWE_JET_M1M2,P5_OUTPUT_VS_52W_CHG4,1,152,61,-0.031160012448309123,0.30641566386046926,0.06962876020488681,-0.03247622127775007,False,False,False,above 0.2
NWE_JET_M1M2,P3_OUTPUT_VS_52W,1,156,61,-0.045491358246144385,0.07424507041739216,0.1618030594787368,-0.08514930142847343,False,False,False,0.05 to 0.2
NWE_JET_M1M2,P3_OUTPUT_VS_52W_CHG4,1,152,61,-0.02131722365912149,0.4452148168585265,0.12712040466148658,-0.024274426399877314,False,False,False,above 0.2
NWE_JET_M1M2,P5_IMPORTS_4W,1,208,61,0.021918156216851073,0.5073184176155932,0.09085506341177235,0.0030046904227953863,False,True,False,above 0.2
NWE_JET_M1M2,P5_IMPORTS_4W_CHG4,1,208,61,-0.012111419199511884,0.6049536675875893,0.010043897862738424,-0.002407362729375473,False,False,False,above 0.2
NWE_JET_M1M2,US_DIST_STOCKS_VS_5Y,1,208,61,0.04595883611660752,0.08471842051115133,-0.031095575441723134,-0.007190728337008068,False,False,False,0.05 to 0.2
NWE_JET_M1M2,US_DIST_STOCKS_VS_5Y_CHG4,1,208,61,-0.03656102712776251,0.21677062837738947,-0.03046574079573741,0.004004888025059716,False,True,False,above 0.2
NWE_JET_M1M2,P1_DIST_STOCKS_VS_5Y,1,208,61,0.05336860670941225,0.057676388949522844,0.20013646313613132,0.0022885077970067336,False,True,False,0.05 to 0.2
NWE_JET_M1M2,P1_DIST_STOCKS_VS_5Y_CHG4,1,208,61,-0.03312511381756431,0.21042645972441543,0.04420429503160474,-0.012190388400271646,False,False,False,above 0.2
NWE_JET_M1M2,P1_IMPORTS_4W,1,208,61,-0.0292839135810107,0.29638414090182197,0.11382137936283133,-0.032400993174056314,False,False,False,above 0.2
NWE_JET_M1M2,P3_EXPORTS_4W,1,208,61,-0.013327277302787047,0.5492662617468946,-0.1317448859603882,0.010325677426995639,False,True,False,above 0.2
NWE_JET_M1M2,P1_STOCK_SURPRISE,1,208,61,-0.02604351485600638,0.4268881581642011,-0.0212758835672186,0.005395314957806763,False,True,False,above 0.2
NWE_JET_M1M2,P3_STOCK_SURPRISE,1,208,61,0.01728675266454591,0.5411147685138651,0.006926863797678099,0.000911743088788386,False,True,False,above 0.2
NWE_JET_M1M2,P5_STOCK_SURPRISE,1,208,61,0.02738906047391612,0.32205242422016844,-0.020996777013872765,-0.011773679880241694,False,False,False,above 0.2
NWE_JET_M1M2,US_STOCK_SURPRISE,1,208,61,0.00580508330270615,0.8174482418246296,-0.042169974187862634,-0.002245423400364155,False,False,False,above 0.2
NWE_JET_M1M2,US_DEMAND_CHG4,1,201,61,-0.015622462484471614,0.5517285405908732,0.04756387991036777,-0.013155126050696575,False,False,False,above 0.2
NWE_JET_M1M2,P5_DEMAND_CHG4,1,201,61,-0.03233309094530271,0.21535020970188024,0.033024152857848474,-0.028268018984231036,False,False,False,above 0.2
NWE_JET_M1M2,P1_JET_STOCKS_VS_5Y,2,208,61,0.03166421031705775,0.3753126387581416,-0.00279110465146461,0.0035151961244946905,False,False,False,above 0.2
NWE_JET_M1M2,P1_JET_STOCKS_VS_5Y_CHG4,2,208,61,-0.02425103645075355,0.433488209460278,0.09689951021507306,-0.015796797408896834,False,False,False,above 0.2
NWE_JET_M1M2,P3_JET_STOCKS_VS_5Y,2,208,61,0.06939957383753255,0.07691415212142211,-0.2100480551220449,-0.025081196204765677,False,False,False,0.05 to 0.2
NWE_JET_M1M2,P3_JET_STOCKS_VS_5Y_CHG4,2,208,61,-0.01855595615701858,0.6713503470380904,-0.06375495908154123,0.001066217224327537,False,True,False,above 0.2
NWE_JET_M1M2,P5_JET_STOCKS_VS_5Y,2,208,61,0.03440724682047744,0.4325634104930042,0.19258496995081156,0.020414376510623056,False,True,False,above 0.2
NWE_JET_M1M2,P5_JET_STOCKS_VS_5Y_CHG4,2,208,61,0.017858846597198066,0.5978196455189106,0.08709211993764529,0.003349998985353264,False,True,False,above 0.2
NWE_JET_M1M2,US_JET_STOCKS_VS_5Y,2,208,61,0.08002362087346049,0.057879464396775035,-0.072270703103292,-0.0014685196868351458,False,False,False,0.05 to 0.2
NWE_JET_M1M2,US_JET_STOCKS_VS_5Y_CHG4,2,208,61,-0.03454037307878344,0.46480693301090803,0.08733514474821098,-0.01214626174220812,False,False,False,above 0.2
NWE_JET_M1M2,P5_DAYS_SUPPLY,2,205,61,0.026356080681715945,0.6399685406345645,-0.1801286652034583,-0.00967065058576222,False,False,False,above 0.2
NWE_JET_M1M2,P5_DAYS_SUPPLY_CHG4,2,201,61,0.11556180099751097,0.008995896296973378,-0.0009184139385005999,-0.036730946755034966,False,False,False,0.001 to 0.01
NWE_JET_M1M2,US_DAYS_SUPPLY,2,205,61,0.009115372964799048,0.8268318749955658,-0.3840222414472756,-0.010173363279348813,False,False,False,above 0.2
NWE_JET_M1M2,US_DAYS_SUPPLY_CHG4,2,201,61,0.03277252627645058,0.4057655543375702,-0.13702727050751173,-0.021499384829411827,False,False,False,above 0.2
NWE_JET_M1M2,P5_RUNS_VS_5Y,2,208,61,0.013074091758134978,0.7070784080676715,-0.059637643201044005,-0.002468743709262755,False,False,False,above 0.2
NWE_JET_M1M2,P5_RUNS_VS_5Y_CHG4,2,208,61,-0.025158423549419377,0.5106241057311349,-0.1413042538123996,0.01714979775067338,False,True,False,above 0.2
NWE_JET_M1M2,P3_RUNS_VS_5Y,2,208,61,0.08291409268243458,0.06189271620194478,-0.038778423055358634,0.007013051170930207,False,False,False,0.05 to 0.2
NWE_JET_M1M2,P3_RUNS_VS_5Y_CHG4,2,208,61,0.0799395663026129,0.005713683241675135,0.23051463363006014,0.03244770110292017,False,True,False,0.001 to 0.01
NWE_JET_M1M2,US_UTIL_VS_5Y,2,208,61,0.013388031896601194,0.7654050429730572,-0.0780290802923484,0.0038483892282829,False,False,False,above 0.2
NWE_JET_M1M2,US_UTIL_VS_5Y_CHG4,2,208,61,0.03783628845745794,0.283476415233342,0.031459306056328844,0.0025051487859911736,False,True,False,above 0.2
NWE_JET_M1M2,P5_OUTPUT_VS_52W,2,156,61,0.05837114104463747,0.18505900481384896,0.07717686227630678,0.03143434289256364,False,True,False,0.05 to 0.2
NWE_JET_M1M2,P5_OUTPUT_VS_52W_CHG4,2,152,61,-0.04242040907450581,0.4038943594491077,0.1295701080440311,-0.027457315323067055,False,False,False,above 0.2
NWE_JET_M1M2,P3_OUTPUT_VS_52W,2,156,61,-0.0806594378682984,0.08065137831550631,0.3694761747779612,-0.11203554482867206,False,False,False,0.05 to 0.2
NWE_JET_M1M2,P3_OUTPUT_VS_52W_CHG4,2,152,61,-0.015935797696668353,0.7206811616414428,0.363018621571915,-0.016880552276477667,False,False,False,above 0.2
NWE_JET_M1M2,P5_IMPORTS_4W,2,208,61,0.0508316771707911,0.35240720670212244,0.2260242959314939,0.002263362811718461,False,True,False,above 0.2
NWE_JET_M1M2,P5_IMPORTS_4W_CHG4,2,208,61,-0.02274221466233914,0.5969988056860034,-0.04453331545452527,0.001422561163656355,False,True,False,above 0.2
NWE_JET_M1M2,US_DIST_STOCKS_VS_5Y,2,208,61,0.084019723077954,0.04197507664568192,0.017611338896324026,0.009470419845128197,False,True,False,0.01 to 0.05
NWE_JET_M1M2,US_DIST_STOCKS_VS_5Y_CHG4,2,208,61,-0.037900944617174866,0.453120878989293,0.051284112675258044,-0.006647418106660696,False,False,False,above 0.2
NWE_JET_M1M2,P1_DIST_STOCKS_VS_5Y,2,208,61,0.09075348288142764,0.03895351477143957,0.48049294947765453,0.024973917337780982,False,True,False,0.01 to 0.05
NWE_JET_M1M2,P1_DIST_STOCKS_VS_5Y_CHG4,2,208,61,-0.053088250786759,0.30505441034773273,0.18005510202161817,-0.025860053449763942,False,False,False,above 0.2
NWE_JET_M1M2,P1_IMPORTS_4W,2,208,61,-0.04342389910330583,0.37881133249395404,0.25087581535466863,-0.03743330740111683,False,False,False,above 0.2
NWE_JET_M1M2,P3_EXPORTS_4W,2,208,61,-0.01605144925292529,0.6466182019739153,-0.4340382286500429,0.016765180164821203,False,True,False,above 0.2
NWE_JET_M1M2,P1_STOCK_SURPRISE,2,208,61,-0.008988564206333562,0.786103934076757,-0.009484231799756368,0.0005953732784244048,False,True,False,above 0.2
NWE_JET_M1M2,P3_STOCK_SURPRISE,2,208,61,0.024301769061262683,0.43630660264170285,0.049917015899298936,0.00602157085043753,False,True,False,above 0.2
NWE_JET_M1M2,P5_STOCK_SURPRISE,2,208,61,0.03375870819626438,0.3666200744236249,0.03473266195867965,0.001290750014400821,False,True,False,above 0.2
NWE_JET_M1M2,US_STOCK_SURPRISE,2,208,61,0.0128232074290297,0.7568875348431191,0.06085135446057627,0.0026112140011540497,False,True,False,above 0.2
NWE_JET_M1M2,US_DEMAND_CHG4,2,201,61,-0.03615816425031982,0.3626704600636169,0.13860912349553683,-0.030344945696044734,False,False,False,above 0.2
NWE_JET_M1M2,P5_DEMAND_CHG4,2,201,61,-0.08626806570512238,0.05823083024486445,0.05590347386570706,-0.055110358353652966,False,False,False,0.05 to 0.2
NWE_JET_M1M2,P1_JET_STOCKS_VS_5Y,4,208,61,0.07513775416739062,0.1378014275927666,-0.11319725183850152,-0.002374215503095467,False,False,False,0.05 to 0.2
NWE_JET_M1M2,P1_JET_STOCKS_VS_5Y_CHG4,4,208,61,-0.024023288876365415,0.6342128463362676,0.12339424224669522,-0.0058029395978016485,False,False,False,above 0.2
NWE_JET_M1M2,P3_JET_STOCKS_VS_5Y,4,208,61,0.11672707422116145,0.058321560664678064,-0.4300650553489272,-0.01747761198408626,False,False,False,0.05 to 0.2
NWE_JET_M1M2,P3_JET_STOCKS_VS_5Y_CHG4,4,208,61,-0.011374156840881326,0.8433317988466842,-0.18514644758774323,0.001123905730216146,False,True,False,above 0.2
NWE_JET_M1M2,P5_JET_STOCKS_VS_5Y,4,208,61,0.04729686861083953,0.47749120125920075,0.25552220366049444,0.011257302424013127,False,True,False,above 0.2
NWE_JET_M1M2,P5_JET_STOCKS_VS_5Y_CHG4,4,208,61,-0.005623515688970863,0.9301969655350234,0.1437685758941255,-0.0005605995005661946,False,False,False,above 0.2
NWE_JET_M1M2,US_JET_STOCKS_VS_5Y,4,208,61,0.1621856314132734,0.0038903875964404334,-0.41830351870774074,-0.012296461237723655,False,False,False,0.001 to 0.01
NWE_JET_M1M2,US_JET_STOCKS_VS_5Y_CHG4,4,208,61,-0.0211763492090491,0.7311606668417487,-0.023514585413471064,-0.0007238202460204679,False,False,False,above 0.2
NWE_JET_M1M2,P5_DAYS_SUPPLY,4,205,61,-0.05120883021212181,0.583124775534954,-0.5293297354108233,0.013324842095419176,False,True,False,above 0.2
NWE_JET_M1M2,P5_DAYS_SUPPLY_CHG4,4,201,61,0.09155303748283163,0.10476568488095984,-0.1434422195384674,-0.026098107798545156,False,False,False,0.05 to 0.2
NWE_JET_M1M2,US_DAYS_SUPPLY,4,205,61,0.012839752783843781,0.8513874701358815,-0.8561234197751154,-0.009069065574464963,False,False,False,above 0.2
NWE_JET_M1M2,US_DAYS_SUPPLY_CHG4,4,201,61,0.02845241735706435,0.5780739451986552,-0.4603918804494509,-0.017101217488889153,False,False,False,above 0.2
NWE_JET_M1M2,P5_RUNS_VS_5Y,4,208,61,0.007652650887583018,0.8808619822180394,0.07936518112721246,0.0011362377786193756,False,True,False,above 0.2
NWE_JET_M1M2,P5_RUNS_VS_5Y_CHG4,4,208,61,0.009745762847329045,0.8335243022683176,-0.1999180736830627,-0.003213823750956246,False,False,False,above 0.2
NWE_JET_M1M2,P3_RUNS_VS_5Y,4,208,61,0.10584340133252977,0.035964712759939246,-0.3964985875317257,-0.004644028864684957,False,False,False,0.01 to 0.05
NWE_JET_M1M2,P3_RUNS_VS_5Y_CHG4,4,208,61,0.08514575483454134,0.01432696179998081,0.25797536023701856,0.01300398667678282,False,True,False,0.01 to 0.05
NWE_JET_M1M2,US_UTIL_VS_5Y,4,208,61,-0.01935908239527067,0.7774787593194875,-0.24411366255194872,-0.004868783279958766,False,False,False,above 0.2
NWE_JET_M1M2,US_UTIL_VS_5Y_CHG4,4,208,61,0.019313056991453387,0.6705161470240057,-0.019932302493108553,8.329842894083672e-05,False,False,False,above 0.2
NWE_JET_M1M2,P5_OUTPUT_VS_52W,4,156,61,0.07157622483320233,0.24214355989438907,0.13698540586313065,0.02594085039894778,False,True,False,above 0.2
NWE_JET_M1M2,P5_OUTPUT_VS_52W_CHG4,4,152,61,-0.0030201094515727965,0.9578445063262494,0.37421863654224474,-0.0014666157069007646,False,False,False,above 0.2
NWE_JET_M1M2,P3_OUTPUT_VS_52W,4,156,61,-0.02848179385695912,0.6740208011123269,0.5316373306491003,-0.017826386684235862,False,False,False,above 0.2
NWE_JET_M1M2,P3_OUTPUT_VS_52W_CHG4,4,152,61,0.007439281047320761,0.8974329741364977,0.8062747986647408,0.0051177441454968164,False,True,False,above 0.2
NWE_JET_M1M2,P5_IMPORTS_4W,4,208,61,0.11212414006820566,0.10439789185279597,0.5480923776223143,0.0008916501619806727,False,True,False,0.05 to 0.2
NWE_JET_M1M2,P5_IMPORTS_4W_CHG4,4,208,61,-0.016632457326270538,0.7244771949528617,0.08864426221109978,-0.001980879125247359,False,False,False,above 0.2
NWE_JET_M1M2,US_DIST_STOCKS_VS_5Y,4,208,61,0.1556299054287133,0.011309657909682606,0.24710850317972077,0.029024016360804206,False,True,False,0.01 to 0.05
NWE_JET_M1M2,US_DIST_STOCKS_VS_5Y_CHG4,4,208,61,-0.014704179141908236,0.8457677371009492,0.1738854328613765,-0.001915885485334723,False,False,False,above 0.2
NWE_JET_M1M2,P1_DIST_STOCKS_VS_5Y,4,208,61,0.16607094372627496,0.007895890041806878,1.086933287037285,0.0461556605172575,False,True,False,0.001 to 0.01
NWE_JET_M1M2,P1_DIST_STOCKS_VS_5Y_CHG4,4,208,61,-0.052368869326584445,0.5531348757856105,0.5081324562349682,-0.019950712966000372,False,False,False,above 0.2
NWE_JET_M1M2,P1_IMPORTS_4W,4,208,61,-0.01016965401311264,0.897154017049387,0.5264451285490541,-0.005447615580565168,False,False,False,above 0.2
NWE_JET_M1M2,P3_EXPORTS_4W,4,208,61,-0.05379069869851094,0.390189436466294,-1.0635285412416766,0.04286673307382827,False,True,False,above 0.2
NWE_JET_M1M2,P1_STOCK_SURPRISE,4,208,61,-0.015817389420580162,0.7229369593227516,0.03528918730414337,-0.0010667869744589442,False,False,False,above 0.2
NWE_JET_M1M2,P3_STOCK_SURPRISE,4,208,61,-0.02204368169897194,0.5117630390028531,0.04748086477331249,-0.002825064059339688,False,False,False,above 0.2
NWE_JET_M1M2,P5_STOCK_SURPRISE,4,208,61,-0.0017927463039785598,0.9535116835629437,0.006935828635589632,1.624482159412466e-05,False,False,False,above 0.2
NWE_JET_M1M2,US_STOCK_SURPRISE,4,208,61,-0.049873379548908844,0.2901714714545488,0.14059151724668026,-0.009006016937566308,False,False,False,above 0.2
NWE_JET_M1M2,US_DEMAND_CHG4,4,201,61,0.02738972404975612,0.5958261035665393,0.4257561955417522,0.018004775147094865,False,True,False,above 0.2
NWE_JET_M1M2,P5_DEMAND_CHG4,4,201,61,0.006695383277215829,0.8909364657459995,0.24993830103094483,0.0031766521114284796,False,True,False,above 0.2
NWE_JET_M2M3,P1_JET_STOCKS_VS_5Y,1,208,61,0.009290508398876305,0.5760177131898022,-0.040626067752483674,-0.002674227132847262,False,False,False,above 0.2
NWE_JET_M2M3,P1_JET_STOCKS_VS_5Y_CHG4,1,208,61,-0.0044305815366470205,0.8011655389792863,0.007151163059667886,-0.002002751656483781,False,False,False,above 0.2
NWE_JET_M2M3,P3_JET_STOCKS_VS_5Y,1,208,61,0.02114718203221976,0.24392683628438572,-0.1004482724738241,-0.025664693642406755,False,False,False,above 0.2
NWE_JET_M2M3,P3_JET_STOCKS_VS_5Y_CHG4,1,208,61,-0.011883190344892876,0.5406439536452878,-0.03511311302676723,-0.0002262830042059072,False,False,False,above 0.2
NWE_JET_M2M3,P5_JET_STOCKS_VS_5Y,1,208,61,0.004550513853802302,0.7986291337048484,0.07552298700848042,0.004933784665612451,False,True,False,above 0.2
NWE_JET_M2M3,P5_JET_STOCKS_VS_5Y_CHG4,1,208,61,0.004849895208178014,0.7996360792670018,0.05624833643015843,0.0008519531053440277,False,True,False,above 0.2
NWE_JET_M2M3,US_JET_STOCKS_VS_5Y,1,208,61,0.023050369747431215,0.27689282723097575,-0.08389571751356292,-0.01715842657433808,False,False,False,above 0.2
NWE_JET_M2M3,US_JET_STOCKS_VS_5Y_CHG4,1,208,61,-0.01746078944183067,0.46300949475048114,0.006672036994286558,-0.006128324493241966,False,False,False,above 0.2
NWE_JET_M2M3,P5_DAYS_SUPPLY,1,205,61,-0.009845168237523612,0.68704306288606,-0.068560372548856,0.005969617389090631,False,True,False,above 0.2
NWE_JET_M2M3,P5_DAYS_SUPPLY_CHG4,1,201,61,0.02677344433649802,0.23211615898388593,-0.0061683464366793376,-0.019585112368061708,False,False,False,above 0.2
NWE_JET_M2M3,US_DAYS_SUPPLY,1,205,61,-0.014662528118344445,0.4681022698369838,-0.16139028845460396,0.030861594521423452,False,True,False,above 0.2
NWE_JET_M2M3,US_DAYS_SUPPLY_CHG4,1,201,61,-0.002982632322393308,0.8710601677879682,-0.0726778443037852,0.00413627297059227,False,True,False,above 0.2
NWE_JET_M2M3,P5_RUNS_VS_5Y,1,208,61,0.005009869491808091,0.7454643953617627,0.029542658560220703,0.002263316546036398,False,True,False,above 0.2
NWE_JET_M2M3,P5_RUNS_VS_5Y_CHG4,1,208,61,-0.0029603233621933542,0.870569844436961,0.0018480926568976849,0.0014379780233634287,False,False,False,above 0.2
NWE_JET_M2M3,P3_RUNS_VS_5Y,1,208,61,0.01754937747594055,0.45013024459070916,0.002058079402000611,0.013990933235623282,False,True,False,above 0.2
NWE_JET_M2M3,P3_RUNS_VS_5Y_CHG4,1,208,61,0.005878582978547048,0.7192325819812149,0.11298576487839752,0.007575101097715864,False,True,False,above 0.2
NWE_JET_M2M3,US_UTIL_VS_5Y,1,208,61,-0.006447880993329034,0.7701160497730237,-0.025006334570813075,-0.009358267899287398,False,False,False,above 0.2
NWE_JET_M2M3,US_UTIL_VS_5Y_CHG4,1,208,61,-0.006018337233064109,0.7410001216792876,0.031500845769386214,-0.0032656107261430645,False,False,False,above 0.2
NWE_JET_M2M3,P5_OUTPUT_VS_52W,1,156,61,0.022175898615526834,0.15022070177168761,0.002258808848747806,0.004734165732091844,False,True,False,0.05 to 0.2
NWE_JET_M2M3,P5_OUTPUT_VS_52W_CHG4,1,152,61,0.018202611983289634,0.32073174749593636,0.06953013864562708,0.022701332912585248,False,True,False,above 0.2
NWE_JET_M2M3,P3_OUTPUT_VS_52W,1,156,61,-0.008708709421280205,0.6470475369908426,0.13716245648023484,-0.02594228249601338,False,False,False,above 0.2
NWE_JET_M2M3,P3_OUTPUT_VS_52W_CHG4,1,152,61,0.00820083552961313,0.6553633692931053,0.16486478547367403,0.01901995953081881,False,True,False,above 0.2
NWE_JET_M2M3,P5_IMPORTS_4W,1,208,61,0.027994806582285252,0.2562699565476808,0.08178847007234699,-0.008892492512183381,False,False,False,above 0.2
NWE_JET_M2M3,P5_IMPORTS_4W_CHG4,1,208,61,-0.01419338422858986,0.4125479174817237,0.011664096055299491,-0.005217824800196169,False,False,False,above 0.2
NWE_JET_M2M3,US_DIST_STOCKS_VS_5Y,1,208,61,0.04961446734684182,0.011902810443684204,-0.11182325959541566,-0.052859267815950295,False,False,False,0.01 to 0.05
NWE_JET_M2M3,US_DIST_STOCKS_VS_5Y_CHG4,1,208,61,-0.0004409195845665008,0.9817742912656439,-0.03255370567916467,3.3177931554995155e-05,False,True,False,above 0.2
NWE_JET_M2M3,P1_DIST_STOCKS_VS_5Y,1,208,61,0.04940438690481339,0.022096671278763764,0.1766309047755742,-0.03708570709249237,False,False,False,0.01 to 0.05
NWE_JET_M2M3,P1_DIST_STOCKS_VS_5Y_CHG4,1,208,61,-0.012703886545704497,0.5998971947306362,0.042873117672308475,-0.005619756118603547,False,False,False,above 0.2
NWE_JET_M2M3,P1_IMPORTS_4W,1,208,61,-0.011978974179607943,0.5808735589866038,0.09154307013927417,-0.018635959422401482,False,False,False,above 0.2
NWE_JET_M2M3,P3_EXPORTS_4W,1,208,61,-0.010070197560518843,0.5254798530768673,-0.16588244877378353,0.013439810173649147,False,True,False,above 0.2
NWE_JET_M2M3,P1_STOCK_SURPRISE,1,208,61,0.0008356669175076346,0.9578467597878808,5.055296606965139e-05,-0.00014264129752605825,False,False,False,above 0.2
NWE_JET_M2M3,P3_STOCK_SURPRISE,1,208,61,-0.002011524064046588,0.9098860164211653,-0.009154046477811841,-0.00041253905631544185,False,False,False,above 0.2
NWE_JET_M2M3,P5_STOCK_SURPRISE,1,208,61,-0.008799497941186545,0.63891773839255,-0.025048131718336905,0.005026548873070857,False,True,False,above 0.2
NWE_JET_M2M3,US_STOCK_SURPRISE,1,208,61,-0.009734643908493337,0.6065485278942536,-0.03371448479414903,0.002117463338128789,False,True,False,above 0.2
NWE_JET_M2M3,US_DEMAND_CHG4,1,201,61,0.003940840577687619,0.8276585519269275,0.067991209285054,0.006709877032502809,False,True,False,above 0.2
NWE_JET_M2M3,P5_DEMAND_CHG4,1,201,61,-0.015193040251890442,0.48637766957899453,0.02547462752413599,-0.016257592769197915,False,False,False,above 0.2
NWE_JET_M2M3,P1_JET_STOCKS_VS_5Y,2,208,61,0.017908766981987827,0.5474193823008386,-0.09837279977850659,-0.003955601805964548,False,False,False,above 0.2
NWE_JET_M2M3,P1_JET_STOCKS_VS_5Y_CHG4,2,208,61,-0.023276338703374144,0.3536414721343014,0.03846641655171322,-0.012453946148955897,False,False,False,above 0.2
NWE_JET_M2M3,P3_JET_STOCKS_VS_5Y,2,208,61,0.03653617365879315,0.21166251179724815,-0.16959826727642935,-0.022153212527946886,False,False,False,above 0.2
NWE_JET_M2M3,P3_JET_STOCKS_VS_5Y_CHG4,2,208,61,-0.00962589422751143,0.7669244306489472,-0.0794681129853632,0.00043526547718175657,False,True,False,above 0.2
NWE_JET_M2M3,P5_JET_STOCKS_VS_5Y,2,208,61,0.012565926393626813,0.6562620542988651,0.14564953603155875,0.008263173578422989,False,True,False,above 0.2
NWE_JET_M2M3,P5_JET_STOCKS_VS_5Y_CHG4,2,208,61,-0.0015919293088935643,0.9612084967513019,0.16586082369537886,-0.0005867793328551141,False,False,False,above 0.2
NWE_JET_M2M3,US_JET_STOCKS_VS_5Y,2,208,61,0.04293172518736826,0.21417393715223876,-0.15373554188108296,-0.018279076912893988,False,False,False,above 0.2
NWE_JET_M2M3,US_JET_STOCKS_VS_5Y_CHG4,2,208,61,-0.03524858231833302,0.36604901403665613,0.060905465998484294,-0.014010781690868335,False,False,False,above 0.2
NWE_JET_M2M3,P5_DAYS_SUPPLY,2,205,61,-0.014386021414864246,0.7262918472250224,-0.1015660305615052,0.003877559952710219,False,True,False,above 0.2
NWE_JET_M2M3,P5_DAYS_SUPPLY_CHG4,2,201,61,0.04356365906626376,0.2551612237722326,0.012573098461451406,-0.015310950810424107,False,False,False,above 0.2
NWE_JET_M2M3,US_DAYS_SUPPLY,2,205,61,-0.019550587260556345,0.5768856883886821,-0.3281182963616648,0.026123016206937133,False,True,False,above 0.2
NWE_JET_M2M3,US_DAYS_SUPPLY_CHG4,2,201,61,-0.00706011378870226,0.8097984195885904,-0.16279433665392576,0.006971721640319561,False,True,False,above 0.2
NWE_JET_M2M3,P5_RUNS_VS_5Y,2,208,61,-0.001620539784485495,0.9486358991155258,0.08216583009656643,-0.0007512966800851117,False,False,False,above 0.2
NWE_JET_M2M3,P5_RUNS_VS_5Y_CHG4,2,208,61,0.004724902803764352,0.8591260053424762,0.0014002530938768804,-0.001784079031501351,False,False,False,above 0.2
NWE_JET_M2M3,P3_RUNS_VS_5Y,2,208,61,0.04194462375338422,0.16139373556091485,-0.09040870504780682,0.014350772329207562,False,False,False,0.05 to 0.2
NWE_JET_M2M3,P3_RUNS_VS_5Y_CHG4,2,208,61,0.04274686507669844,0.04859121794398424,0.18195377258433476,0.029096622401393546,False,True,False,0.01 to 0.05
NWE_JET_M2M3,US_UTIL_VS_5Y,2,208,61,-0.015058056407319257,0.7152165460739816,-0.07888242898091041,-0.014835527478425536,False,False,False,above 0.2
NWE_JET_M2M3,US_UTIL_VS_5Y_CHG4,2,208,61,0.012006182618596813,0.6834271827620901,0.0489848381670136,0.003265318305853304,False,True,False,above 0.2
NWE_JET_M2M3,P5_OUTPUT_VS_52W,2,156,61,0.0389518490210308,0.1586264085965743,0.030476692277537437,0.013619431247286928,False,True,False,0.05 to 0.2
NWE_JET_M2M3,P5_OUTPUT_VS_52W_CHG4,2,152,61,0.04399531501059665,0.14967220920506008,0.1399208063095297,0.034839578986877284,False,True,False,0.05 to 0.2
NWE_JET_M2M3,P3_OUTPUT_VS_52W,2,156,61,-0.03521022336278701,0.23880987632586104,0.20366101692715388,-0.06495244742054207,False,False,False,above 0.2
NWE_JET_M2M3,P3_OUTPUT_VS_52W_CHG4,2,152,61,0.017850128849552796,0.5048494685708551,0.32657984431415926,0.026580636010268055,False,True,False,above 0.2
NWE_JET_M2M3,P5_IMPORTS_4W,2,208,61,0.05237155120469676,0.18906117044414616,0.1711154856028317,-0.014328222804728563,False,False,False,0.05 to 0.2
NWE_JET_M2M3,P5_IMPORTS_4W_CHG4,2,208,61,-0.01916648525599953,0.5548663194716879,-0.002131651185051791,-0.0022575381384932758,False,False,False,above 0.2
NWE_JET_M2M3,US_DIST_STOCKS_VS_5Y,2,208,61,0.08780424915536744,0.0063383269714356715,-0.10415813603561799,-0.04408855228919095,False,False,False,0.001 to 0.01
NWE_JET_M2M3,US_DIST_STOCKS_VS_5Y_CHG4,2,208,61,0.007046760792509348,0.8314385546378785,-0.0030876110432840062,0.0012392187807703792,False,False,False,above 0.2
NWE_JET_M2M3,P1_DIST_STOCKS_VS_5Y,2,208,61,0.08928597165416519,0.008580349549279007,0.4230215726511038,-0.028876732862795906,False,False,False,0.001 to 0.01
NWE_JET_M2M3,P1_DIST_STOCKS_VS_5Y_CHG4,2,208,61,-0.011083785843330184,0.7984119233786457,0.14940519835350238,-0.005459902559064478,False,False,False,above 0.2
NWE_JET_M2M3,P1_IMPORTS_4W,2,208,61,-0.021129869443849023,0.5641889998892455,0.16602566805639193,-0.02085710218258252,False,False,False,above 0.2
NWE_JET_M2M3,P3_EXPORTS_4W,2,208,61,-0.02639421391630275,0.36128256778794665,-0.4580122465459141,0.03139443275602427,False,True,False,above 0.2
NWE_JET_M2M3,P1_STOCK_SURPRISE,2,208,61,0.0006085474362216986,0.9793468030128445,-0.011895107344906057,-0.00013336164742372425,False,False,False,above 0.2
NWE_JET_M2M3,P3_STOCK_SURPRISE,2,208,61,0.00590537939479821,0.7639124351240658,0.003495425699909623,0.0015167310736967643,False,True,False,above 0.2
NWE_JET_M2M3,P5_STOCK_SURPRISE,2,208,61,0.01572193387208653,0.58715763282007,0.0879945249884623,0.0036305277053071405,False,True,False,above 0.2
NWE_JET_M2M3,US_STOCK_SURPRISE,2,208,61,-0.007207844582462252,0.8070364173273881,0.01821287791581848,-0.0015166047762755763,False,False,False,above 0.2
NWE_JET_M2M3,US_DEMAND_CHG4,2,201,61,0.014987924415807041,0.6359937828700464,0.1532607775068249,0.017925931552913665,False,True,False,above 0.2
NWE_JET_M2M3,P5_DEMAND_CHG4,2,201,61,-0.017082124449856705,0.6354243381395972,0.04166431167842795,-0.010104591406202568,False,False,False,above 0.2
NWE_JET_M2M3,P1_JET_STOCKS_VS_5Y,4,208,61,0.03575113370916411,0.40890468405090497,-0.25074046321937515,-0.006417523869550079,False,False,False,above 0.2
NWE_JET_M2M3,P1_JET_STOCKS_VS_5Y_CHG4,4,208,61,-0.028134516744964082,0.48328178109297526,0.003827253767805497,-0.00335873086350591,False,False,False,above 0.2
NWE_JET_M2M3,P3_JET_STOCKS_VS_5Y,4,208,61,0.06866144114019801,0.1543466666673881,-0.26555451690576065,-0.014663771430320827,False,False,False,0.05 to 0.2
NWE_JET_M2M3,P3_JET_STOCKS_VS_5Y_CHG4,4,208,61,-0.004354030680869925,0.9044912351590246,-0.17811355941642013,0.00029199034429894244,False,True,False,above 0.2
NWE_JET_M2M3,P5_JET_STOCKS_VS_5Y,4,208,61,-0.003817221227382823,0.9365369230987644,0.1401781543211342,-0.0007893167222821074,False,False,False,above 0.2
NWE_JET_M2M3,P5_JET_STOCKS_VS_5Y_CHG4,4,208,61,-0.049754500655741066,0.39986588770932385,0.20337596855800513,-0.004202484268803319,False,False,False,above 0.2
NWE_JET_M2M3,US_JET_STOCKS_VS_5Y,4,208,61,0.08182098273524607,0.1217673247409153,-0.431900660554115,-0.021556353193992406,False,False,False,0.05 to 0.2
NWE_JET_M2M3,US_JET_STOCKS_VS_5Y_CHG4,4,208,61,-0.048740135933251494,0.37253423272307906,-0.07813337887675283,-0.0006384839662985087,False,False,False,above 0.2
NWE_JET_M2M3,P5_DAYS_SUPPLY,4,205,61,-0.06706231254802189,0.34611794038236987,-0.402513973352665,0.017372737429783736,False,True,False,above 0.2
NWE_JET_M2M3,P5_DAYS_SUPPLY_CHG4,4,201,61,0.03261081672596262,0.5231884216590831,-0.1356785879258638,-0.013129723610464827,False,False,False,above 0.2
NWE_JET_M2M3,US_DAYS_SUPPLY,4,205,61,-0.00897318983225374,0.8698214344036929,-0.7004903118327983,0.0071867157941863935,False,True,False,above 0.2
NWE_JET_M2M3,US_DAYS_SUPPLY_CHG4,4,201,61,-0.027760021685312157,0.5251602661123218,-0.46416677342156043,0.021900394040162863,False,True,False,above 0.2
NWE_JET_M2M3,P5_RUNS_VS_5Y,4,208,61,-0.01966960795485367,0.5988589259736457,0.17121838322016603,-0.006379980495039517,False,False,False,above 0.2
NWE_JET_M2M3,P5_RUNS_VS_5Y_CHG4,4,208,61,0.046878726786017906,0.22782863089156358,-0.00418712305296304,-0.012035905106572597,False,False,False,above 0.2
NWE_JET_M2M3,P3_RUNS_VS_5Y,4,208,61,0.08058824773986675,0.029573680455030393,-0.3295252477061474,0.010883279855352423,False,False,False,0.01 to 0.05
NWE_JET_M2M3,P3_RUNS_VS_5Y_CHG4,4,208,61,0.07761928517512112,0.0031481514403009295,0.20027683542828567,0.021138651832659172,False,True,False,0.001 to 0.01
NWE_JET_M2M3,US_UTIL_VS_5Y,4,208,61,-0.02452589566158457,0.7038582756164367,-0.1577147858214496,-0.015665236301815266,False,False,False,above 0.2
NWE_JET_M2M3,US_UTIL_VS_5Y_CHG4,4,208,61,0.03571317752531858,0.3585398177443957,0.03788707637865046,0.003462379341903299,False,True,False,above 0.2
NWE_JET_M2M3,P5_OUTPUT_VS_52W,4,156,61,0.03418443067975858,0.46425902227549254,-0.004466584343337416,0.005628522782890277,False,False,False,above 0.2
NWE_JET_M2M3,P5_OUTPUT_VS_52W_CHG4,4,152,61,0.0897979040142437,0.04332116463034717,0.3044133195545466,0.04382212156304244,False,True,False,0.01 to 0.05
NWE_JET_M2M3,P3_OUTPUT_VS_52W,4,156,61,-0.015370895927386517,0.7846508052732285,0.2809786726449881,-0.014625999527373867,False,False,False,above 0.2
NWE_JET_M2M3,P3_OUTPUT_VS_52W_CHG4,4,152,61,0.06676151013001158,0.1333184331371119,0.6825332060057967,0.05725441194320513,False,True,False,0.05 to 0.2
NWE_JET_M2M3,P5_IMPORTS_4W,4,208,61,0.08805575171250889,0.14747133778877,0.4019783556011804,-0.01477105183029681,False,False,False,0.05 to 0.2
NWE_JET_M2M3,P5_IMPORTS_4W_CHG4,4,208,61,-0.033544009485161945,0.5156104061148938,0.10962351857316233,-0.006738284858284649,False,False,False,above 0.2
NWE_JET_M2M3,US_DIST_STOCKS_VS_5Y,4,208,61,0.1538801636376182,0.0013474218250208066,0.10503772459901387,-0.017951635318853354,False,False,False,0.001 to 0.01
NWE_JET_M2M3,US_DIST_STOCKS_VS_5Y_CHG4,4,208,61,0.028146069397836253,0.5685916465686338,0.09126858487578893,0.00519986183047394,False,True,False,above 0.2
NWE_JET_M2M3,P1_DIST_STOCKS_VS_5Y,4,208,61,0.15716787783714758,0.0006489051474753662,0.9643199584519402,-0.0047412250051843685,False,False,False,p below 0.001
NWE_JET_M2M3,P1_DIST_STOCKS_VS_5Y_CHG4,4,208,61,-0.00017758114512282392,0.9979697849702747,0.40075350197517706,-6.841510558208697e-05,False,False,False,above 0.2
NWE_JET_M2M3,P1_IMPORTS_4W,4,208,61,-0.03754434373424894,0.5186385522007404,0.3645551057951512,-0.023567094082030948,False,False,False,above 0.2
NWE_JET_M2M3,P3_EXPORTS_4W,4,208,61,-0.06376486919258353,0.1773859838835944,-1.0210848111024615,0.05436371478116231,False,True,False,0.05 to 0.2
NWE_JET_M2M3,P1_STOCK_SURPRISE,4,208,61,-0.003060917513544651,0.8965639585715763,0.020331088101439094,1.4216803796318622e-05,False,False,False,above 0.2
NWE_JET_M2M3,P3_STOCK_SURPRISE,4,208,61,-0.019432142253184806,0.4213955338735028,-0.005419768667998732,-0.0029683506683833016,False,False,False,above 0.2
NWE_JET_M2M3,P5_STOCK_SURPRISE,4,208,61,0.0005052861874407992,0.9851530220185091,0.07420550409203906,7.673550675102447e-06,False,True,False,above 0.2
NWE_JET_M2M3,US_STOCK_SURPRISE,4,208,61,-0.037208510870210904,0.2980783602146314,0.06993531815948442,-0.006628028177002365,False,False,False,above 0.2
NWE_JET_M2M3,US_DEMAND_CHG4,4,201,61,0.048783573812414126,0.25933630287317877,0.40325496429915225,0.042179155597534046,False,True,False,above 0.2
NWE_JET_M2M3,P5_DEMAND_CHG4,4,201,61,0.0008548629569224628,0.9839806007937956,0.19223865058242356,0.00046173374033919856,False,True,False,above 0.2
SING_KERO_M1M2,P1_JET_STOCKS_VS_5Y,1,208,61,0.009242845141083395,0.6028072681180302,-0.09232655941169539,-0.0025740545740118304,False,False,False,above 0.2
SING_KERO_M1M2,P1_JET_STOCKS_VS_5Y_CHG4,1,208,61,-0.008234971181886649,0.5935889295511189,-0.11884984115604974,0.0041044186862932985,False,True,False,above 0.2
SING_KERO_M1M2,P3_JET_STOCKS_VS_5Y,1,208,61,0.014031607882655055,0.4432915998120096,0.09590686725285114,0.0014650749284104148,False,True,False,above 0.2
SING_KERO_M1M2,P3_JET_STOCKS_VS_5Y_CHG4,1,208,61,-0.018418618970137884,0.3870345432968525,0.15511513563355872,-0.00793289296703481,False,False,False,above 0.2
SING_KERO_M1M2,P5_JET_STOCKS_VS_5Y,1,208,61,0.01624600101207387,0.3612045828576268,0.0031153734319436534,-0.00011422271498284786,False,False,False,above 0.2
SING_KERO_M1M2,P5_JET_STOCKS_VS_5Y_CHG4,1,208,61,0.023793716283947962,0.2216969518675993,-0.03449772973254104,-0.0034412964739169993,False,False,False,above 0.2
SING_KERO_M1M2,US_JET_STOCKS_VS_5Y,1,208,61,0.014888408714615357,0.3655781980901841,-0.07135188509132201,-0.0013717387826404082,False,False,False,above 0.2
SING_KERO_M1M2,US_JET_STOCKS_VS_5Y_CHG4,1,208,61,-0.01596722005266034,0.42959928860810725,-0.08348480989150425,0.0023235899099188773,False,True,False,above 0.2
SING_KERO_M1M2,P5_DAYS_SUPPLY,1,205,61,0.03533785057899447,0.10457391264814786,-0.05911680902176877,-0.008496956476291562,False,False,False,0.05 to 0.2
SING_KERO_M1M2,P5_DAYS_SUPPLY_CHG4,1,201,61,0.06807245566709284,0.0024507508777206447,-0.014386035965530782,-0.012200122738336816,False,False,False,0.001 to 0.01
SING_KERO_M1M2,US_DAYS_SUPPLY,1,205,61,-0.003690262058921484,0.8492287350191486,-0.08203603113782477,0.0009165719266625016,False,True,False,above 0.2
SING_KERO_M1M2,US_DAYS_SUPPLY_CHG4,1,201,61,0.007202344277981528,0.7166225195661562,-0.038137882149104255,-0.0012045660591535334,False,False,False,above 0.2
SING_KERO_M1M2,P5_RUNS_VS_5Y,1,208,61,0.015131680689093591,0.39385313889039175,-0.041884203163888974,-0.0022644903178230535,False,False,False,above 0.2
SING_KERO_M1M2,P5_RUNS_VS_5Y_CHG4,1,208,61,-0.0024692486308159362,0.8991616001571874,-0.12193226932080262,0.0011109792470214153,False,True,False,above 0.2
SING_KERO_M1M2,P3_RUNS_VS_5Y,1,208,61,0.018657008355428252,0.24867427435617928,-0.05281181059204074,-0.001485760081731069,False,False,False,above 0.2
SING_KERO_M1M2,P3_RUNS_VS_5Y_CHG4,1,208,61,0.02653931682627042,0.07064837194893414,-0.10454971710254592,-0.003772655063829511,False,False,False,0.05 to 0.2
SING_KERO_M1M2,US_UTIL_VS_5Y,1,208,61,0.013339070900223224,0.43062976797991315,-0.10170613369079186,-0.0023660769679278992,False,False,False,above 0.2
SING_KERO_M1M2,US_UTIL_VS_5Y_CHG4,1,208,61,0.023197502435215765,0.08449865915329952,-0.15760386325543946,-0.006576642610887973,False,False,False,0.05 to 0.2
SING_KERO_M1M2,P5_OUTPUT_VS_52W,1,156,61,0.021617527068758594,0.22938895324500452,-0.07422200184248215,-0.0054916733928600525,False,False,False,above 0.2
SING_KERO_M1M2,P5_OUTPUT_VS_52W_CHG4,1,152,61,0.01316705850146153,0.5751664433301718,-0.07911452366766768,-0.003087232903084436,False,False,False,above 0.2
SING_KERO_M1M2,P3_OUTPUT_VS_52W,1,156,61,-0.013680114345401449,0.623329781872497,0.04312549488418721,-0.00308492469787347,False,False,False,above 0.2
SING_KERO_M1M2,P3_OUTPUT_VS_52W_CHG4,1,152,61,0.002239263806626244,0.9234495162456453,0.03427145663752276,0.00024850469199633185,False,True,False,above 0.2
SING_KERO_M1M2,P5_IMPORTS_4W,1,208,61,-0.0011783513961890408,0.9478345249735344,-0.004583710327682266,-5.8468123596666643e-05,False,False,False,above 0.2
SING_KERO_M1M2,P5_IMPORTS_4W_CHG4,1,208,61,-0.03396922148803498,0.06120223379226013,-0.004317855150596563,-0.0018840001902784564,False,False,False,0.05 to 0.2
SING_KERO_M1M2,US_DIST_STOCKS_VS_5Y,1,208,61,0.04060304941056856,0.06119856128089339,-0.17087180872619112,-0.008372614056091132,False,False,False,0.05 to 0.2
SING_KERO_M1M2,US_DIST_STOCKS_VS_5Y_CHG4,1,208,61,0.007199547345105456,0.728688275101319,-0.07340521865501573,-0.001144498938755234,False,False,False,above 0.2
SING_KERO_M1M2,P1_DIST_STOCKS_VS_5Y,1,208,61,0.04893011832724208,0.02406334822810271,0.21755793061325,-0.006730018159648576,False,False,False,0.01 to 0.05
SING_KERO_M1M2,P1_DIST_STOCKS_VS_5Y_CHG4,1,208,61,-0.005393325744583541,0.8341893482408714,0.053111078219061816,-0.0005822695578803216,False,False,False,above 0.2
SING_KERO_M1M2,P1_IMPORTS_4W,1,208,61,0.0017212826150042933,0.9290098925047146,0.017642465800047843,8.187144308269279e-05,False,True,False,above 0.2
SING_KERO_M1M2,P3_EXPORTS_4W,1,208,61,-0.02053641496223181,0.2808651170154014,-0.0695975105779175,-0.0003214902704486988,False,False,False,above 0.2
SING_KERO_M1M2,P1_STOCK_SURPRISE,1,208,61,0.005298898517021788,0.7940625142820583,-0.052527388247173554,-0.0015697956721927309,False,False,False,above 0.2
SING_KERO_M1M2,P3_STOCK_SURPRISE,1,208,61,0.0007715595688323614,0.9654552613582505,0.0353238403987179,0.00011898716187386249,False,True,False,above 0.2
SING_KERO_M1M2,P5_STOCK_SURPRISE,1,208,61,0.018196949318921636,0.2975652695499795,-0.11413178835361112,-0.0063843473998603795,False,False,False,above 0.2
SING_KERO_M1M2,US_STOCK_SURPRISE,1,208,61,-0.0012534579774859805,0.9499150763628029,-0.18453783606629673,0.0005439520947532195,False,True,False,above 0.2
SING_KERO_M1M2,US_DEMAND_CHG4,1,201,61,-0.014013423240082895,0.45389128162161585,0.02222197647560332,-0.0023989996504847344,False,False,False,above 0.2
SING_KERO_M1M2,P5_DEMAND_CHG4,1,201,61,-0.059973126787713486,0.007034645875467438,-0.004729023902931772,-0.00969384546087193,False,False,False,0.001 to 0.01
SING_KERO_M1M2,P1_JET_STOCKS_VS_5Y,2,208,61,0.013467339213224986,0.6487966092341212,-0.12026072765931224,-0.0036233834611199,False,False,False,above 0.2
SING_KERO_M1M2,P1_JET_STOCKS_VS_5Y_CHG4,2,208,61,-0.03835171848003216,0.07918867951706897,-0.03137169765679502,0.0014856336344276633,False,True,False,0.05 to 0.2
SING_KERO_M1M2,P3_JET_STOCKS_VS_5Y,2,208,61,0.026625944779917404,0.39984501108205117,0.1580168576978582,0.004275311041578855,False,True,False,above 0.2
SING_KERO_M1M2,P3_JET_STOCKS_VS_5Y_CHG4,2,208,61,-0.019473395318506784,0.5538853638553627,0.18227931872660383,-0.00786297624785659,False,False,False,above 0.2
SING_KERO_M1M2,P5_JET_STOCKS_VS_5Y,2,208,61,0.017650458391768285,0.5926696837033858,0.07428472270624994,0.0025190122643486967,False,True,False,above 0.2
SING_KERO_M1M2,P5_JET_STOCKS_VS_5Y_CHG4,2,208,61,0.036583314433641254,0.2707028068337525,-0.01239318546685822,-0.0034211966251882497,False,False,False,above 0.2
SING_KERO_M1M2,US_JET_STOCKS_VS_5Y,2,208,61,0.02844095492686989,0.3524432050284,0.06016194409960888,0.0006296548339601582,False,True,False,above 0.2
SING_KERO_M1M2,US_JET_STOCKS_VS_5Y_CHG4,2,208,61,-0.0322891523153622,0.37845757690957504,0.09965698018738664,-0.005959689568461268,False,False,False,above 0.2
SING_KERO_M1M2,P5_DAYS_SUPPLY,2,205,61,0.049327931857380346,0.2563492558712346,0.004338102220583106,-0.009503758322612521,False,False,False,above 0.2
SING_KERO_M1M2,P5_DAYS_SUPPLY_CHG4,2,201,61,0.11417857052360698,0.0035870578403366543,0.0007229974404014522,-0.02401521381696181,False,False,False,0.001 to 0.01
SING_KERO_M1M2,US_DAYS_SUPPLY,2,205,61,-0.0033272151003872585,0.9240839215548063,-0.07597337448363255,0.0006939364541710402,False,True,False,above 0.2
SING_KERO_M1M2,US_DAYS_SUPPLY_CHG4,2,201,61,0.015382956710745063,0.6332180860961136,0.06590912904118018,0.0009252641094409375,False,True,False,above 0.2
SING_KERO_M1M2,P5_RUNS_VS_5Y,2,208,61,0.03233298017658513,0.2551487895201682,-0.06799742490823173,-0.006015195890914926,False,False,False,above 0.2
SING_KERO_M1M2,P5_RUNS_VS_5Y_CHG4,2,208,61,0.022511321344421565,0.4488729640086234,-0.19630330610446212,-0.013704557436604148,False,False,False,above 0.2
SING_KERO_M1M2,P3_RUNS_VS_5Y,2,208,61,0.05240311005288732,0.028080694401062808,-0.22983791510795235,-0.012557777994169905,False,False,False,0.01 to 0.05
SING_KERO_M1M2,P3_RUNS_VS_5Y_CHG4,2,208,61,0.08202524855060374,0.00021297851858694087,-0.21966958913329684,-0.020730124827949226,True,False,False,p below 0.001
SING_KERO_M1M2,US_UTIL_VS_5Y,2,208,61,0.025565928582246485,0.4208736638195313,-0.19626800164897,-0.005418286843871023,False,False,False,above 0.2
SING_KERO_M1M2,US_UTIL_VS_5Y_CHG4,2,208,61,0.05785993033355639,0.0053976462965114385,-0.2666138642759991,-0.02238123213314447,False,False,False,0.001 to 0.01
SING_KERO_M1M2,P5_OUTPUT_VS_52W,2,156,61,0.07025224034729355,0.04016795497782827,-0.032844495856392104,-0.007229208294899481,False,False,False,0.01 to 0.05
SING_KERO_M1M2,P5_OUTPUT_VS_52W_CHG4,2,152,61,0.05200468030674233,0.19460369721672455,-0.031990585618773534,-0.003107784580054229,False,False,False,0.05 to 0.2
SING_KERO_M1M2,P3_OUTPUT_VS_52W,2,156,61,-0.03187102095872713,0.47104351300377223,0.1111011942973382,-0.013876246901853184,False,False,False,above 0.2
SING_KERO_M1M2,P3_OUTPUT_VS_52W_CHG4,2,152,61,0.01638710440152256,0.6415760979380652,0.15269404999750777,0.005280204969352664,False,True,False,above 0.2
SING_KERO_M1M2,P5_IMPORTS_4W,2,208,61,0.006794390568349611,0.8315297060155418,-0.10464802327895921,-0.0006956765498848938,False,False,False,above 0.2
SING_KERO_M1M2,P5_IMPORTS_4W_CHG4,2,208,61,-0.053637590656704176,0.07757241955980754,-0.17305004929697174,0.011843074857623037,False,True,False,0.05 to 0.2
SING_KERO_M1M2,US_DIST_STOCKS_VS_5Y,2,208,61,0.07036051853382919,0.06570190723416643,-0.1400246514066982,-0.01532031849496951,False,False,False,0.05 to 0.2
SING_KERO_M1M2,US_DIST_STOCKS_VS_5Y_CHG4,2,208,61,0.0035336755614037868,0.9260253586003561,-0.040498242972661025,-0.00024371384726551426,False,False,False,above 0.2
SING_KERO_M1M2,P1_DIST_STOCKS_VS_5Y,2,208,61,0.08674591170421365,0.02062885134868029,0.4743664354125561,-0.011473222595133059,False,False,False,0.01 to 0.05
SING_KERO_M1M2,P1_DIST_STOCKS_VS_5Y_CHG4,2,208,61,-0.011203895739960924,0.8114938148714302,0.1231487965143324,-0.0021818916885107953,False,False,False,above 0.2
SING_KERO_M1M2,P1_IMPORTS_4W,2,208,61,-0.0006753036845646501,0.9852148795474476,0.11210466361233368,-0.00013620157376093012,False,False,False,above 0.2
SING_KERO_M1M2,P3_EXPORTS_4W,2,208,61,-0.05845407137847021,0.07799356437707028,-0.3348949286232857,0.008956995630626685,False,True,False,0.05 to 0.2
SING_KERO_M1M2,P1_STOCK_SURPRISE,2,208,61,-0.0037934512013076092,0.8876015028743236,-0.0888337410344424,0.0014294895280925202,False,True,False,above 0.2
SING_KERO_M1M2,P3_STOCK_SURPRISE,2,208,61,0.014076979737054261,0.5169219311072752,0.11911039337059667,0.0052074779367833335,False,True,False,above 0.2
SING_KERO_M1M2,P5_STOCK_SURPRISE,2,208,61,0.017313282179308758,0.4625467070469327,-0.11107056441693698,-0.00465430212398088,False,False,False,above 0.2
SING_KERO_M1M2,US_STOCK_SURPRISE,2,208,61,-0.0029509117274481925,0.9126954349562039,-0.0821648765464875,0.00040326410322222284,False,True,False,above 0.2
SING_KERO_M1M2,US_DEMAND_CHG4,2,201,61,-0.014124538697259258,0.6164323505080989,-0.04739724869206468,7.448908796381382e-05,False,True,False,above 0.2
SING_KERO_M1M2,P5_DEMAND_CHG4,2,201,61,-0.08926702008133072,0.0075759649894671195,-0.005435487761393,-0.020699204335702825,False,False,False,0.001 to 0.01
SING_KERO_M1M2,P1_JET_STOCKS_VS_5Y,4,208,61,0.051322951562901904,0.2593673376267479,-0.19088520240633175,-0.00783823733705713,False,False,False,above 0.2
SING_KERO_M1M2,P1_JET_STOCKS_VS_5Y_CHG4,4,208,61,-0.0119857795732316,0.6930761786564326,0.004353530448986634,-0.00026534030749303383,False,False,False,above 0.2
SING_KERO_M1M2,P3_JET_STOCKS_VS_5Y,4,208,61,0.048822287645293914,0.3433130050790858,0.17141815844960484,0.004309730169879122,False,True,False,above 0.2
SING_KERO_M1M2,P3_JET_STOCKS_VS_5Y_CHG4,4,208,61,-0.06044842224185622,0.20003199657233695,0.24342309020577052,-0.016923497100943985,False,False,False,above 0.2
SING_KERO_M1M2,P5_JET_STOCKS_VS_5Y,4,208,61,0.031138071418399315,0.5606073911936639,0.030987214042713155,0.001142671281358365,False,True,False,above 0.2
SING_KERO_M1M2,P5_JET_STOCKS_VS_5Y_CHG4,4,208,61,0.0566814319339296,0.22181084293604636,-0.049086495656795744,-0.007761106292819564,False,False,False,above 0.2
SING_KERO_M1M2,US_JET_STOCKS_VS_5Y,4,208,61,0.07712428274447308,0.09345147423617439,-0.030896509460471264,-0.00236955841984976,False,False,False,0.05 to 0.2
SING_KERO_M1M2,US_JET_STOCKS_VS_5Y_CHG4,4,208,61,-0.024717808490214106,0.671448052390365,0.164533871359985,-0.0032641897300969003,False,False,False,above 0.2
SING_KERO_M1M2,P5_DAYS_SUPPLY,4,205,61,0.02614857239857739,0.7030626607142858,-0.2301054400098019,-0.01152760918333895,False,False,False,above 0.2
SING_KERO_M1M2,P5_DAYS_SUPPLY_CHG4,4,201,61,0.11987305487055966,0.009006641624917882,-0.02536023996549488,-0.03345170520742635,False,False,False,0.001 to 0.01
SING_KERO_M1M2,US_DAYS_SUPPLY,4,205,61,0.00627369804369225,0.9188929277645468,-0.407890222352129,-0.003099061672998449,False,False,False,above 0.2
SING_KERO_M1M2,US_DAYS_SUPPLY_CHG4,4,201,61,0.011092303628194322,0.8085228914793402,-0.04934625885152662,-0.0028338272165566725,False,False,False,above 0.2
SING_KERO_M1M2,P5_RUNS_VS_5Y,4,208,61,0.06566719098948737,0.18588255862909941,-0.2618613769691183,-0.01739208804741632,False,False,False,0.05 to 0.2
SING_KERO_M1M2,P5_RUNS_VS_5Y_CHG4,4,208,61,0.10951392940780574,0.008709251183878424,-0.4835512253446471,-0.07491416773223247,False,False,False,0.001 to 0.01
SING_KERO_M1M2,P3_RUNS_VS_5Y,4,208,61,0.07488164246775156,0.06293378607029919,-0.26951706696363786,-0.001803197755796182,False,False,False,0.05 to 0.2
SING_KERO_M1M2,P3_RUNS_VS_5Y_CHG4,4,208,61,0.1068670272936306,0.0005762720199802536,-0.11564559124436417,0.0008096411154137062,False,False,False,p below 0.001
SING_KERO_M1M2,US_UTIL_VS_5Y,4,208,61,0.010187907905659207,0.8647601922715026,-0.2069882906550216,0.0018465324144013584,False,False,False,above 0.2
SING_KERO_M1M2,US_UTIL_VS_5Y_CHG4,4,208,61,0.06862136631797029,0.09330133281413978,-0.38312277226764246,-0.013367353409073024,False,False,False,0.05 to 0.2
SING_KERO_M1M2,P5_OUTPUT_VS_52W,4,156,61,0.10458660321607269,0.05157804522979681,-0.027736908454603353,0.01140303839130119,False,False,False,0.05 to 0.2
SING_KERO_M1M2,P5_OUTPUT_VS_52W_CHG4,4,152,61,0.1108671543912787,0.046368660108140926,0.06891695540769754,0.02406746221788203,False,True,False,0.01 to 0.05
SING_KERO_M1M2,P3_OUTPUT_VS_52W,4,156,61,-0.013623064838542578,0.8642018902022963,0.3509924527515386,-0.009697628667036717,False,False,False,above 0.2
SING_KERO_M1M2,P3_OUTPUT_VS_52W_CHG4,4,152,61,0.0510162281230202,0.33776786860018415,0.5209364075760733,0.026951541538908552,False,True,False,above 0.2
SING_KERO_M1M2,P5_IMPORTS_4W,4,208,61,0.07475369420318043,0.11561201226571877,-0.00977767108461339,-0.0006552772566776888,False,False,False,0.05 to 0.2
SING_KERO_M1M2,P5_IMPORTS_4W_CHG4,4,208,61,-0.008669606878072415,0.8656556574919814,-0.15582167276922215,0.0001648864558235763,False,True,False,above 0.2
SING_KERO_M1M2,US_DIST_STOCKS_VS_5Y,4,208,61,0.13833338372258097,0.022389562147185786,0.5058063960091117,-0.024063692333455178,False,False,False,0.01 to 0.05
SING_KERO_M1M2,US_DIST_STOCKS_VS_5Y_CHG4,4,208,61,0.025294524120976616,0.6166663369840708,0.31377387956579467,0.005692548588244084,False,True,False,above 0.2
SING_KERO_M1M2,P1_DIST_STOCKS_VS_5Y,4,208,61,0.1727426052434134,0.002386686939607368,1.2303364007068436,-0.028084802644165796,False,False,False,0.001 to 0.01
SING_KERO_M1M2,P1_DIST_STOCKS_VS_5Y_CHG4,4,208,61,0.015236830534944876,0.8254028799229745,0.6373327746046356,0.006242708445921896,False,True,False,above 0.2
SING_KERO_M1M2,P1_IMPORTS_4W,4,208,61,-0.005097727145391665,0.9358857048530377,0.3565518661036562,-0.0018462082351604625,False,False,False,above 0.2
SING_KERO_M1M2,P3_EXPORTS_4W,4,208,61,-0.1532260260349075,0.006567258190433702,-0.7664276970940926,0.038539454205400725,False,True,False,0.001 to 0.01
SING_KERO_M1M2,P1_STOCK_SURPRISE,4,208,61,-0.009503520284983386,0.6579119115120156,-0.11566365763348978,0.0025340253658606704,False,True,False,above 0.2
SING_KERO_M1M2,P3_STOCK_SURPRISE,4,208,61,-0.027242326093646116,0.2497084625985584,0.18332061841855624,-0.009903653462734585,False,False,False,above 0.2
SING_KERO_M1M2,P5_STOCK_SURPRISE,4,208,61,0.036855558360569134,0.22161130696422082,-0.12835289463339047,-0.005330880399653681,False,False,False,above 0.2
SING_KERO_M1M2,US_STOCK_SURPRISE,4,208,61,-0.031165696916348445,0.32264972374982503,-0.0575391944196197,-0.00021334611114487423,False,False,False,above 0.2
SING_KERO_M1M2,US_DEMAND_CHG4,4,201,61,0.031823288438499575,0.4362646710746154,0.08302771736240601,0.011376024879939828,False,True,False,above 0.2
SING_KERO_M1M2,P5_DEMAND_CHG4,4,201,61,-0.04046021645274745,0.1462929622402303,0.05940853435338431,-0.014008822644187013,False,False,False,0.05 to 0.2
SING_KERO_M2M3,P1_JET_STOCKS_VS_5Y,1,208,61,3.5080682852552114e-07,0.9999752290629953,-0.016541012663369003,-1.08774158569247e-08,False,False,False,above 0.2
SING_KERO_M2M3,P1_JET_STOCKS_VS_5Y_CHG4,1,208,61,-0.0022486517857681788,0.8472924627507445,0.028533099408329748,-0.002978879498996223,False,False,False,above 0.2
SING_KERO_M2M3,P3_JET_STOCKS_VS_5Y,1,208,61,0.015144315336799035,0.22110334800217168,-0.08211806746431272,-0.02311544276801869,False,False,False,above 0.2
SING_KERO_M2M3,P3_JET_STOCKS_VS_5Y_CHG4,1,208,61,-0.008512204392264296,0.5284933468221191,-0.06344675621399949,0.009751527378387248,False,True,False,above 0.2
SING_KERO_M2M3,P5_JET_STOCKS_VS_5Y,1,208,61,0.009815661432469173,0.433640534646224,0.06684687655117928,0.01311356605068048,False,True,False,above 0.2
SING_KERO_M2M3,P5_JET_STOCKS_VS_5Y_CHG4,1,208,61,0.013532942741319137,0.25792922765071113,0.05187726811491387,0.013694018549814557,False,True,False,above 0.2
SING_KERO_M2M3,US_JET_STOCKS_VS_5Y,1,208,61,0.014360729371114192,0.2303973848008699,-0.024152381507894657,-0.00753435323197138,False,False,False,above 0.2
SING_KERO_M2M3,US_JET_STOCKS_VS_5Y_CHG4,1,208,61,-0.005476873427112717,0.6871146920522284,0.016288528325928198,-0.003379731130878527,False,False,False,above 0.2
SING_KERO_M2M3,P5_DAYS_SUPPLY,1,205,61,0.0037086398845749763,0.7610197884702226,-0.03679565944510675,-0.003130631038535503,False,False,False,above 0.2
SING_KERO_M2M3,P5_DAYS_SUPPLY_CHG4,1,201,61,0.030032864538003027,0.019125842041846305,-0.009889742207527025,-0.038626290193039425,False,False,False,0.01 to 0.05
SING_KERO_M2M3,US_DAYS_SUPPLY,1,205,61,-0.011156622265767885,0.3541398838234985,-0.12235168007732483,0.027067441791781555,False,True,False,above 0.2
SING_KERO_M2M3,US_DAYS_SUPPLY_CHG4,1,201,61,-1.2145867064629086e-05,0.9992729512300664,-0.06823661895056296,2.8011639105152142e-05,False,True,False,above 0.2
SING_KERO_M2M3,P5_RUNS_VS_5Y,1,208,61,0.003798059171901588,0.742936427438466,0.04169674254074638,0.0043473946864133195,False,True,False,above 0.2
SING_KERO_M2M3,P5_RUNS_VS_5Y_CHG4,1,208,61,-0.0020275155339130567,0.8485462959222925,0.014630916319456684,-0.00047456176491378343,False,False,False,above 0.2
SING_KERO_M2M3,P3_RUNS_VS_5Y,1,208,61,0.00972208718209452,0.37535079277843564,-0.001975622930059425,0.008001461418710498,False,False,False,above 0.2
SING_KERO_M2M3,P3_RUNS_VS_5Y_CHG4,1,208,61,0.009413135511603216,0.33330805537527075,0.07980013411875607,0.0124298781752612,False,True,False,above 0.2
SING_KERO_M2M3,US_UTIL_VS_5Y,1,208,61,0.005873957931979351,0.6029643719760552,-0.003800570185902683,0.009961738360823591,False,False,False,above 0.2
SING_KERO_M2M3,US_UTIL_VS_5Y_CHG4,1,208,61,0.006149451245662648,0.5204492130320284,0.04045747557310537,0.005600562814652044,False,True,False,above 0.2
SING_KERO_M2M3,P5_OUTPUT_VS_52W,1,156,61,0.03169870121741153,0.010385705381198278,-0.0024016886689025166,0.014794686915942101,False,False,False,0.01 to 0.05
SING_KERO_M2M3,P5_OUTPUT_VS_52W_CHG4,1,152,61,0.02214680720213041,0.13856632709421038,0.05578283032509654,0.045811608626340594,False,True,False,0.05 to 0.2
SING_KERO_M2M3,P3_OUTPUT_VS_52W,1,156,61,0.0050850941904586845,0.7462715426156313,0.04891713869398622,0.01508048203341883,False,True,False,above 0.2
SING_KERO_M2M3,P3_OUTPUT_VS_52W_CHG4,1,152,61,0.011311572654637721,0.47026586908333823,0.09941982317097674,0.02845791062028502,False,True,False,above 0.2
SING_KERO_M2M3,P5_IMPORTS_4W,1,208,61,0.016851169391651627,0.19413295692543486,0.06891710539886231,-0.0011117630719068572,False,False,False,0.05 to 0.2
SING_KERO_M2M3,P5_IMPORTS_4W_CHG4,1,208,61,-0.008554115848370727,0.49026526992453445,0.01849551567016623,-0.006907252492287297,False,False,False,above 0.2
SING_KERO_M2M3,US_DIST_STOCKS_VS_5Y,1,208,61,0.02891503209530144,0.0247675288791538,-0.06369124505744166,-0.025082640598271366,False,False,False,0.01 to 0.05
SING_KERO_M2M3,US_DIST_STOCKS_VS_5Y_CHG4,1,208,61,0.012707544483847397,0.3324128570062559,-0.03935682211343496,-0.007818918238978956,False,False,False,above 0.2
SING_KERO_M2M3,P1_DIST_STOCKS_VS_5Y,1,208,61,0.029895203522472734,0.025363212073787094,0.13382644238001815,-0.017578280313669703,False,False,False,0.01 to 0.05
SING_KERO_M2M3,P1_DIST_STOCKS_VS_5Y_CHG4,1,208,61,-0.004710410142284911,0.7547469044549611,0.027089883728180247,-0.0022706581127072134,False,False,False,above 0.2
SING_KERO_M2M3,P1_IMPORTS_4W,1,208,61,-0.0057699442512096615,0.692747432074445,0.07850876563201041,-0.00978399348210579,False,False,False,above 0.2
SING_KERO_M2M3,P3_EXPORTS_4W,1,208,61,-0.015580355027035947,0.22643855592516227,-0.16353293061989604,0.027913800378100984,False,True,False,above 0.2
SING_KERO_M2M3,P1_STOCK_SURPRISE,1,208,61,0.0017338103248710074,0.8805444939196638,0.017026066952073853,0.0012005725282483448,False,True,False,above 0.2
SING_KERO_M2M3,P3_STOCK_SURPRISE,1,208,61,0.004132906148811527,0.7132835371944715,-0.02639372634174115,-0.003051024272988201,False,False,False,above 0.2
SING_KERO_M2M3,P5_STOCK_SURPRISE,1,208,61,-0.0012899415831634214,0.922264345918518,0.015432973906999633,-0.0005326369507068218,False,False,False,above 0.2
SING_KERO_M2M3,US_STOCK_SURPRISE,1,208,61,-0.004866071803674115,0.6942446608014337,0.01782207899839021,-0.003015445988233001,False,False,False,above 0.2
SING_KERO_M2M3,US_DEMAND_CHG4,1,201,61,0.00047361731737275954,0.9673303362940902,0.06168418465761549,0.0013163067198630474,False,True,False,above 0.2
SING_KERO_M2M3,P5_DEMAND_CHG4,1,201,61,-0.017403790254286438,0.15699111396387516,0.026320314912050932,-0.03710684203874148,False,False,False,0.05 to 0.2
SING_KERO_M2M3,P1_JET_STOCKS_VS_5Y,2,208,61,-0.0007708679025863457,0.968344611249668,-0.07492396604919228,0.00019897094483367628,False,True,False,above 0.2
SING_KERO_M2M3,P1_JET_STOCKS_VS_5Y_CHG4,2,208,61,-0.0229357408789216,0.1511417712677742,0.01702072267313488,-0.009511015462441819,False,False,False,0.05 to 0.2
SING_KERO_M2M3,P3_JET_STOCKS_VS_5Y,2,208,61,0.02581047386612568,0.1793901120439556,-0.0812292451615269,-0.011966738907016827,False,False,False,0.05 to 0.2
SING_KERO_M2M3,P3_JET_STOCKS_VS_5Y_CHG4,2,208,61,-0.010938055643319577,0.5857311521197095,-0.06274596125398073,0.0024611199483883794,False,True,False,above 0.2
SING_KERO_M2M3,P5_JET_STOCKS_VS_5Y,2,208,61,0.019271469735302315,0.36539302719564226,0.09352446548585742,0.010097131701504058,False,True,False,above 0.2
SING_KERO_M2M3,P5_JET_STOCKS_VS_5Y_CHG4,2,208,61,0.027743067686049096,0.1726041262350474,0.11730463466185431,0.018121624170393313,False,True,False,0.05 to 0.2
SING_KERO_M2M3,US_JET_STOCKS_VS_5Y,2,208,61,0.02985160233507418,0.13727492074252345,-0.07915260843580293,-0.010864868778419634,False,False,False,0.05 to 0.2
SING_KERO_M2M3,US_JET_STOCKS_VS_5Y_CHG4,2,208,61,-0.013426020837470744,0.5819616587475325,0.024809889703100725,-0.00454910267764963,False,False,False,above 0.2
SING_KERO_M2M3,P5_DAYS_SUPPLY,2,205,61,0.005687597113954503,0.8047125479420287,-0.10843048179545577,-0.0035217811320169545,False,False,False,above 0.2
SING_KERO_M2M3,P5_DAYS_SUPPLY_CHG4,2,201,61,0.058309634637120696,0.005392481127443595,-0.013103020262188592,-0.043754727748444244,False,False,False,0.001 to 0.01
SING_KERO_M2M3,US_DAYS_SUPPLY,2,205,61,-0.014522153169603624,0.47053571409119355,-0.2865728140703155,0.023518154243522216,False,True,False,above 0.2
SING_KERO_M2M3,US_DAYS_SUPPLY_CHG4,2,201,61,-0.0006055022624788681,0.9782353549514607,-0.1818663841045183,0.0010285747378238064,False,True,False,above 0.2
SING_KERO_M2M3,P5_RUNS_VS_5Y,2,208,61,0.007303299240664585,0.6954242337187144,0.10251422384966345,0.006010972027486794,False,True,False,above 0.2
SING_KERO_M2M3,P5_RUNS_VS_5Y_CHG4,2,208,61,0.014355883855137978,0.41669888701579383,0.03184603096300513,0.0006477619126014078,False,True,False,above 0.2
SING_KERO_M2M3,P3_RUNS_VS_5Y,2,208,61,0.0281005354822346,0.07944346183763101,-0.06252263632957537,0.010110316905709626,False,False,False,0.05 to 0.2
SING_KERO_M2M3,P3_RUNS_VS_5Y_CHG4,2,208,61,0.031952402277953346,0.029902135849519104,0.10790103154001525,0.018007180121250244,False,True,False,0.01 to 0.05
SING_KERO_M2M3,US_UTIL_VS_5Y,2,208,61,0.010702535787543065,0.5723675812346223,-0.027591496914507036,0.012035058618911965,False,False,False,above 0.2
SING_KERO_M2M3,US_UTIL_VS_5Y_CHG4,2,208,61,0.019217130373781782,0.15542323479839998,0.035174253401560954,0.006114357646722746,False,True,False,0.05 to 0.2
SING_KERO_M2M3,P5_OUTPUT_VS_52W,2,156,61,0.05927781351740355,0.012707900246822843,0.011355225837175692,0.03204201960989028,False,True,False,0.01 to 0.05
SING_KERO_M2M3,P5_OUTPUT_VS_52W_CHG4,2,152,61,0.04759884186455497,0.04421458166102969,0.12349532003995592,0.06368924809122012,False,True,False,0.01 to 0.05
SING_KERO_M2M3,P3_OUTPUT_VS_52W,2,156,61,-0.011715119815982257,0.6406170831545287,0.11911118780570722,-0.025224619561057482,False,False,False,above 0.2
SING_KERO_M2M3,P3_OUTPUT_VS_52W_CHG4,2,152,61,0.01259799936858048,0.5980575429589032,0.22931634980550225,0.021292419536018792,False,True,False,above 0.2
SING_KERO_M2M3,P5_IMPORTS_4W,2,208,61,0.033745874142077505,0.1203707171765799,0.1626206713010155,-0.002674341040554973,False,False,False,0.05 to 0.2
SING_KERO_M2M3,P5_IMPORTS_4W_CHG4,2,208,61,-0.017316820635416782,0.4038593619993117,0.019077210306971702,-0.006594264079999856,False,False,False,above 0.2
SING_KERO_M2M3,US_DIST_STOCKS_VS_5Y,2,208,61,0.05290868392280906,0.0183057324186355,-0.008506394807477983,-0.016966284302126322,False,False,False,0.01 to 0.05
SING_KERO_M2M3,US_DIST_STOCKS_VS_5Y_CHG4,2,208,61,0.022140612482244356,0.33803858453239377,0.008774252665042804,0.0036102646958889872,False,True,False,above 0.2
SING_KERO_M2M3,P1_DIST_STOCKS_VS_5Y,2,208,61,0.057816873617665306,0.012172308195704638,0.34689753715181726,-0.011303931046430238,False,False,False,0.01 to 0.05
SING_KERO_M2M3,P1_DIST_STOCKS_VS_5Y_CHG4,2,208,61,0.0013199219059242965,0.960026966028563,0.15248182489763115,0.001043177325521616,False,True,False,above 0.2
SING_KERO_M2M3,P1_IMPORTS_4W,2,208,61,-0.021892955782431188,0.38010844765202156,0.1519176697567274,-0.022671798571193946,False,False,False,above 0.2
SING_KERO_M2M3,P3_EXPORTS_4W,2,208,61,-0.03968198773181014,0.10116124333359482,-0.4271688214055846,0.054653264744979335,False,True,False,0.05 to 0.2
SING_KERO_M2M3,P1_STOCK_SURPRISE,2,208,61,-0.004304212113819195,0.7807771527177103,0.017475163174729656,-0.0009298214830759655,False,False,False,above 0.2
SING_KERO_M2M3,P3_STOCK_SURPRISE,2,208,61,0.009402297293352218,0.4993899984887511,-0.014566074591853597,-0.0002850103492133549,False,False,False,above 0.2
SING_KERO_M2M3,P5_STOCK_SURPRISE,2,208,61,0.002127833284130157,0.9028702574846553,0.09791586818988574,0.0014986451976910509,False,True,False,above 0.2
SING_KERO_M2M3,US_STOCK_SURPRISE,2,208,61,-0.005788958328657969,0.7492628340007623,0.08004291940792206,-0.003643282026065009,False,False,False,above 0.2
SING_KERO_M2M3,US_DEMAND_CHG4,2,201,61,0.006819055062270871,0.7213808925894953,0.16751698485922278,0.013880783529795826,False,True,False,above 0.2
SING_KERO_M2M3,P5_DEMAND_CHG4,2,201,61,-0.03255410085593481,0.03804885738745281,0.04732949325998956,-0.040238344889231614,False,False,False,0.01 to 0.05
SING_KERO_M2M3,P1_JET_STOCKS_VS_5Y,4,208,61,0.01768579706072719,0.5670372172620779,-0.20601061218317532,-0.003551185764536058,False,False,False,above 0.2
SING_KERO_M2M3,P1_JET_STOCKS_VS_5Y_CHG4,4,208,61,-0.01717188855047087,0.4782772627261602,-0.011085490266428558,-0.0008475178976696807,False,False,False,above 0.2
SING_KERO_M2M3,P3_JET_STOCKS_VS_5Y,4,208,61,0.039448899351824655,0.2148728802239226,-0.11985895015992766,-0.005609062927264485,False,False,False,above 0.2
SING_KERO_M2M3,P3_JET_STOCKS_VS_5Y_CHG4,4,208,61,-0.0334698052147545,0.2670672867932443,-0.11271666121377058,0.002170670908961392,False,True,False,above 0.2
SING_KERO_M2M3,P5_JET_STOCKS_VS_5Y,4,208,61,0.026443303889326454,0.4291896955574156,-0.013171445844899352,-0.0004097121608241938,False,False,False,above 0.2
SING_KERO_M2M3,P5_JET_STOCKS_VS_5Y_CHG4,4,208,61,0.04223140554657077,0.16613537969151793,0.06213444188914421,0.0009405940515868627,False,True,False,0.05 to 0.2
SING_KERO_M2M3,US_JET_STOCKS_VS_5Y,4,208,61,0.059495534030994716,0.06476752146527427,-0.35906811677551626,-0.017310943895201936,False,False,False,0.05 to 0.2
SING_KERO_M2M3,US_JET_STOCKS_VS_5Y_CHG4,4,208,61,-0.009644912685903905,0.781007555709081,-0.12434748914356869,0.00042158974312533903,False,True,False,above 0.2
SING_KERO_M2M3,P5_DAYS_SUPPLY,4,205,61,-0.022321579313332895,0.5322562754441618,-0.41886612156197595,0.010546538671715289,False,True,False,above 0.2
SING_KERO_M2M3,P5_DAYS_SUPPLY_CHG4,4,201,61,0.05074960836499654,0.06404730627833248,-0.19462653698604623,-0.03249296765284315,False,False,False,0.05 to 0.2
SING_KERO_M2M3,US_DAYS_SUPPLY,4,205,61,-0.016141672550042903,0.6184800924281194,-0.6162111474227017,0.013638621223563852,False,True,False,above 0.2
SING_KERO_M2M3,US_DAYS_SUPPLY_CHG4,4,201,61,-0.013870803706912191,0.6284752956907597,-0.4583659411660715,0.014266333641867135,False,True,False,above 0.2
SING_KERO_M2M3,P5_RUNS_VS_5Y,4,208,61,0.01924174997142967,0.5465750942235861,0.15686339116317013,0.006543952312065948,False,True,False,above 0.2
SING_KERO_M2M3,P5_RUNS_VS_5Y_CHG4,4,208,61,0.07240804304430584,0.023063594489844366,0.01768157515973184,-0.01089080291004696,False,False,False,0.01 to 0.05
SING_KERO_M2M3,P3_RUNS_VS_5Y,4,208,61,0.03476527731460156,0.24640992997601352,-0.35065729392095124,0.003251477204277209,False,False,False,above 0.2
SING_KERO_M2M3,P3_RUNS_VS_5Y_CHG4,4,208,61,0.04776140894582231,0.00492998886152425,0.077010359610579,0.00887065980478663,False,True,False,0.001 to 0.01
SING_KERO_M2M3,US_UTIL_VS_5Y,4,208,61,-0.0022418149290159345,0.9515636309201758,-0.16321246560940858,-0.0014722427990292442,False,False,False,above 0.2
SING_KERO_M2M3,US_UTIL_VS_5Y_CHG4,4,208,61,0.03345709643550239,0.14374925155532872,-0.03845033348256206,0.0020093940252722264,False,False,False,0.05 to 0.2
SING_KERO_M2M3,P5_OUTPUT_VS_52W,4,156,61,0.07010941687176062,0.08135054780182524,-0.04255331497181393,0.019357106546494585,False,False,False,0.05 to 0.2
SING_KERO_M2M3,P5_OUTPUT_VS_52W_CHG4,4,152,61,0.08700687785123787,0.016826554022170905,0.28108846166041845,0.0682794940752216,False,True,False,0.01 to 0.05
SING_KERO_M2M3,P3_OUTPUT_VS_52W,4,156,61,-0.006799581075162146,0.8658940568963917,0.09495714744309765,-0.0071060234577653425,False,False,False,above 0.2
SING_KERO_M2M3,P3_OUTPUT_VS_52W_CHG4,4,152,61,0.03295265817644459,0.337175641947972,0.5022329159506252,0.030409595370604392,False,True,False,above 0.2
SING_KERO_M2M3,P5_IMPORTS_4W,4,208,61,0.09271786074325969,0.007684272826557336,0.32789120505453695,-0.01566493724735718,False,False,False,0.001 to 0.01
SING_KERO_M2M3,P5_IMPORTS_4W_CHG4,4,208,61,0.018305806499603294,0.6516953847558768,0.09475376115308508,0.0046053209559294705,False,True,False,above 0.2
SING_KERO_M2M3,US_DIST_STOCKS_VS_5Y,4,208,61,0.10177454712847339,0.009719308633455324,0.18578389664642833,-0.007485183131261008,False,False,False,0.001 to 0.01
SING_KERO_M2M3,US_DIST_STOCKS_VS_5Y_CHG4,4,208,61,0.05049656631656436,0.14682840440722322,0.14512117851746392,0.013166817691166566,False,True,False,0.05 to 0.2
SING_KERO_M2M3,P1_DIST_STOCKS_VS_5Y,4,208,61,0.11267516620055451,0.003836790573472711,0.7506001370727293,-0.005109248808915501,False,False,False,0.001 to 0.01
SING_KERO_M2M3,P1_DIST_STOCKS_VS_5Y_CHG4,4,208,61,0.02447273439011931,0.5773308430765927,0.38790016115581694,0.011646699964876661,False,True,False,above 0.2
SING_KERO_M2M3,P1_IMPORTS_4W,4,208,61,-0.03856228567291315,0.33819506089924734,0.35910832132216064,-0.023636929903773085,False,False,False,above 0.2
SING_KERO_M2M3,P3_EXPORTS_4W,4,208,61,-0.09332634940368453,0.034020478498472624,-0.9447694369733799,0.07663845050033447,False,True,False,0.01 to 0.05
SING_KERO_M2M3,P1_STOCK_SURPRISE,4,208,61,-0.0022941683735543256,0.8677134221748083,0.03788535215232183,-0.00022919268922683145,False,False,False,above 0.2
SING_KERO_M2M3,P3_STOCK_SURPRISE,4,208,61,-0.014883635215743912,0.3638153161211146,-0.022161279669370613,-0.0008790081062060029,False,False,False,above 0.2
SING_KERO_M2M3,P5_STOCK_SURPRISE,4,208,61,0.017969688574981886,0.38313799185256237,0.0432258097173759,0.001099790948658863,False,True,False,above 0.2
SING_KERO_M2M3,US_STOCK_SURPRISE,4,208,61,-0.014656845416256732,0.5181656830734445,0.08217970572252344,-0.0030243597249512977,False,False,False,above 0.2
SING_KERO_M2M3,US_DEMAND_CHG4,4,201,61,0.045674817881885876,0.10891938148203312,0.38984827597471056,0.051592283375403,False,True,False,0.05 to 0.2
SING_KERO_M2M3,P5_DEMAND_CHG4,4,201,61,0.007409757395967027,0.7441712198275017,0.19122477083901313,0.005934625409698913,False,True,False,above 0.2
LA_DIFF_1,P1_JET_STOCKS_VS_5Y,1,208,61,-0.013909735151222537,0.917914294909451,0.19249436881673296,-0.0038182132690744996,False,False,False,above 0.2
LA_DIFF_1,P1_JET_STOCKS_VS_5Y_CHG4,1,208,61,0.0002452979454126425,0.99806577303199,0.04657761310740708,2.7859525700502097e-05,False,True,False,above 0.2
LA_DIFF_1,P3_JET_STOCKS_VS_5Y,1,208,61,-0.12992797828691355,0.3728140978012192,-0.16818456622611141,-0.008582172069469651,False,False,False,above 0.2
LA_DIFF_1,P3_JET_STOCKS_VS_5Y_CHG4,1,208,61,-0.13288893170804983,0.251172565844064,-0.18614975205796042,0.012514137963026473,False,True,False,above 0.2
LA_DIFF_1,P5_JET_STOCKS_VS_5Y,1,208,61,0.281538970276212,0.010706812405538857,-0.10186494382958686,-0.05975431695464506,False,False,False,0.01 to 0.05
LA_DIFF_1,P5_JET_STOCKS_VS_5Y_CHG4,1,208,61,0.2921969090361466,0.0019605703505735316,-0.031107781733497316,-0.06008197576929031,False,False,False,0.001 to 0.01
LA_DIFF_1,US_JET_STOCKS_VS_5Y,1,208,61,0.02243452922992071,0.8817623206281835,0.028474138714006655,0.0012621925600870831,False,True,False,above 0.2
LA_DIFF_1,US_JET_STOCKS_VS_5Y_CHG4,1,208,61,0.0757043581759984,0.4911107413996296,-0.12550204839715665,-0.007445748035292743,False,False,False,above 0.2
LA_DIFF_1,P5_DAYS_SUPPLY,1,205,61,0.4806488383113578,3.411222832622416e-05,-0.31943648441590494,-0.16502109513027308,True,False,False,p below 0.001
LA_DIFF_1,P5_DAYS_SUPPLY_CHG4,1,201,61,0.3055106449219202,0.010576448212113449,-0.19898280746459074,-0.12966676232047036,False,False,False,0.01 to 0.05
LA_DIFF_1,US_DAYS_SUPPLY,1,205,61,0.10509175881256892,0.3588390370540706,-0.23990219734551096,-0.024348687532961488,False,False,False,above 0.2
LA_DIFF_1,US_DAYS_SUPPLY_CHG4,1,201,61,0.08507716575703726,0.4103397614099382,-0.2816151398021696,-0.03598722588790637,False,False,False,above 0.2
LA_DIFF_1,P5_RUNS_VS_5Y,1,208,61,-0.0363275256209813,0.7629533578857112,-0.16275591629712888,0.0006732557234320202,False,True,False,above 0.2
LA_DIFF_1,P5_RUNS_VS_5Y_CHG4,1,208,61,-0.06289845927908252,0.5635388333267921,-0.14749143998035374,0.009555719445108357,False,True,False,above 0.2
LA_DIFF_1,P3_RUNS_VS_5Y,1,208,61,0.26224780165939576,0.005099886867561354,-0.1705139721744206,-0.028108983960834832,False,False,False,0.001 to 0.01
LA_DIFF_1,P3_RUNS_VS_5Y_CHG4,1,208,61,0.11749966911341381,0.3092753149890526,0.020730825998042754,-0.005095238592578655,False,False,False,above 0.2
LA_DIFF_1,US_UTIL_VS_5Y,1,208,61,0.23930353984994618,0.05220966937907416,-0.04038485844582042,-0.01730250054598792,False,False,False,0.05 to 0.2
LA_DIFF_1,US_UTIL_VS_5Y_CHG4,1,208,61,0.11343640748482303,0.30911734834903914,0.09960069114002439,0.00563014928905925,False,True,False,above 0.2
LA_DIFF_1,P5_OUTPUT_VS_52W,1,156,61,0.01776374815572619,0.8586088735862392,-0.08695936546961108,0.001248636368631817,False,False,False,above 0.2
LA_DIFF_1,P5_OUTPUT_VS_52W_CHG4,1,152,61,-0.01685976275424944,0.8713053568151929,0.06817373909095878,-0.0027289575002666933,False,False,False,above 0.2
LA_DIFF_1,P3_OUTPUT_VS_52W,1,156,61,-0.013145321361045008,0.9208426928664488,0.10940053165686141,-0.0015713351816422083,False,False,False,above 0.2
LA_DIFF_1,P3_OUTPUT_VS_52W_CHG4,1,152,61,-0.1601855170675413,0.3113450490006353,0.011420195701654626,-0.0053468143178045935,False,False,False,above 0.2
LA_DIFF_1,P5_IMPORTS_4W,1,208,61,-0.16525807646923593,0.21515944998039516,0.4668997553917751,-0.05386077879170714,False,False,False,above 0.2
LA_DIFF_1,P5_IMPORTS_4W_CHG4,1,208,61,0.009884564490752479,0.9303912402738432,0.45501450524872133,0.004353988405397913,False,True,False,above 0.2
LA_DIFF_1,US_DIST_STOCKS_VS_5Y,1,208,61,-0.0007205364267675006,0.9942865630992241,-0.6582450542294778,-7.419320731072432e-05,False,False,False,above 0.2
LA_DIFF_1,US_DIST_STOCKS_VS_5Y_CHG4,1,208,61,0.15808604263329967,0.2815345797667268,-0.24578548372393777,-0.04730166176068118,False,False,False,above 0.2
LA_DIFF_1,P1_DIST_STOCKS_VS_5Y,1,208,61,0.004145620100713613,0.9717738148885349,0.27146745088775565,0.0006934947617456277,False,True,False,above 0.2
LA_DIFF_1,P1_DIST_STOCKS_VS_5Y_CHG4,1,208,61,0.1561730656852646,0.32260205246178597,-0.039795504689899244,-0.01826065868998472,False,False,False,above 0.2
LA_DIFF_1,P1_IMPORTS_4W,1,208,61,0.1497723206564685,0.3223598149932041,0.311513430797151,0.024696973724156246,False,True,False,above 0.2
LA_DIFF_1,P3_EXPORTS_4W,1,208,61,-0.00801420748559361,0.9358552849843358,-0.3457282435919707,0.002114710006385634,False,True,False,above 0.2
LA_DIFF_1,P1_STOCK_SURPRISE,1,208,61,-0.07631366898979135,0.43511388537233153,0.1283305149951916,-0.02838685993024992,False,False,False,above 0.2
LA_DIFF_1,P3_STOCK_SURPRISE,1,208,61,0.05414438931012013,0.5497961615745033,-0.21376877077040174,-0.019194606774833423,False,False,False,above 0.2
LA_DIFF_1,P5_STOCK_SURPRISE,1,208,61,0.13560400508768394,0.21675746894677328,-0.1541534027940135,-0.03638246143805035,False,False,False,above 0.2
LA_DIFF_1,US_STOCK_SURPRISE,1,208,61,0.10588632192531716,0.32678103243526035,-0.13446309085981809,-0.016525772594652155,False,False,False,above 0.2
LA_DIFF_1,US_DEMAND_CHG4,1,201,61,-0.06417477262627615,0.5415144555028888,0.29281597193832715,-0.0348527760515962,False,False,False,above 0.2
LA_DIFF_1,P5_DEMAND_CHG4,1,201,61,-0.2270375818983123,0.04393307551319369,0.23958449477020324,-0.14934251533772702,False,False,False,0.01 to 0.05
LA_DIFF_1,P1_JET_STOCKS_VS_5Y,2,208,61,0.03938426901302297,0.8676060551555236,0.1616928538023202,0.005091931596331145,False,True,False,above 0.2
LA_DIFF_1,P1_JET_STOCKS_VS_5Y_CHG4,2,208,61,-0.03251167297053534,0.8629374975545352,-0.021640033578986185,-0.0007867548356990106,False,False,False,above 0.2
LA_DIFF_1,P3_JET_STOCKS_VS_5Y,2,208,61,-0.30474424778908893,0.2112668604112916,0.04931043641726365,-0.06756340276938477,False,False,False,above 0.2
LA_DIFF_1,P3_JET_STOCKS_VS_5Y_CHG4,2,208,61,-0.27460879401203386,0.13125561204278519,-0.13506265366668144,-0.008261032052415018,False,False,False,0.05 to 0.2
LA_DIFF_1,P5_JET_STOCKS_VS_5Y,2,208,61,0.41903771925136546,0.029127320515554226,-0.05208319997422395,-0.04727766978351844,False,False,False,0.01 to 0.05
LA_DIFF_1,P5_JET_STOCKS_VS_5Y_CHG4,2,208,61,0.5132973576508691,0.0007994057493488025,0.024158661323924958,-0.0760351812233333,False,False,False,p below 0.001
LA_DIFF_1,US_JET_STOCKS_VS_5Y,2,208,61,-0.028363297639427458,0.9133105733106653,0.18155972202197668,-0.0026975916596352345,False,False,False,above 0.2
LA_DIFF_1,US_JET_STOCKS_VS_5Y_CHG4,2,208,61,0.05260468923466756,0.7806129345327686,-0.1580204735867951,-0.0026397500850194877,False,False,False,above 0.2
LA_DIFF_1,P5_DAYS_SUPPLY,2,205,61,0.8592467619719292,2.297094569298913e-05,-0.23523329973771556,-0.18594073299542258,True,False,False,p below 0.001
LA_DIFF_1,P5_DAYS_SUPPLY_CHG4,2,201,61,0.5929467049997346,7.040091656064957e-05,-0.055889485511193625,-0.14376512098317784,True,False,False,p below 0.001
LA_DIFF_1,US_DAYS_SUPPLY,2,205,61,0.17336107134386247,0.3513431355191753,-0.37902301462274096,-0.034342170397957394,False,False,False,above 0.2
LA_DIFF_1,US_DAYS_SUPPLY_CHG4,2,201,61,0.20581426421200988,0.2377069934363122,-0.41259616370931634,-0.07619344270381512,False,False,False,above 0.2
LA_DIFF_1,P5_RUNS_VS_5Y,2,208,61,0.05750774564742811,0.7315717293884898,-0.14492896770069738,0.0008497527152702133,False,False,False,above 0.2
LA_DIFF_1,P5_RUNS_VS_5Y_CHG4,2,208,61,-0.06174527428696135,0.7475547824849667,-0.3739410525796493,0.016463251012815205,False,True,False,above 0.2
LA_DIFF_1,P3_RUNS_VS_5Y,2,208,61,0.559119823618136,4.5634725413524596e-06,-0.47319077332016984,-0.09709630364311606,True,False,False,p below 0.001
LA_DIFF_1,P3_RUNS_VS_5Y_CHG4,2,208,61,0.2576031817208712,0.19924613999548169,-0.212130470447045,-0.033288545947457004,False,False,False,0.05 to 0.2
LA_DIFF_1,US_UTIL_VS_5Y,2,208,61,0.5532745267291984,0.004531123533980092,-0.2027048028270238,-0.1005231691525077,False,False,False,0.001 to 0.01
LA_DIFF_1,US_UTIL_VS_5Y_CHG4,2,208,61,0.27399435148096785,0.1569684863115153,-0.061771621968965455,-0.016422170150282467,False,False,False,0.05 to 0.2
LA_DIFF_1,P5_OUTPUT_VS_52W,2,156,61,0.04457571691212697,0.8289586601804908,0.010240443906676432,0.006910225584935703,False,True,False,above 0.2
LA_DIFF_1,P5_OUTPUT_VS_52W_CHG4,2,152,61,-0.10303744683589368,0.5695469787053895,0.19962761658544298,-0.02469194447492362,False,False,False,above 0.2
LA_DIFF_1,P3_OUTPUT_VS_52W,2,156,61,-0.02550583616987405,0.9255666960437363,-0.0627762085625866,-0.0005175596397828386,False,False,False,above 0.2
LA_DIFF_1,P3_OUTPUT_VS_52W_CHG4,2,152,61,-0.2680246185077132,0.35810771557038124,-0.0636130127825968,0.0030019933696406875,False,True,False,above 0.2
LA_DIFF_1,P5_IMPORTS_4W,2,208,61,-0.2846336479423236,0.2076158714451508,0.6719364760852896,-0.06965224079626164,False,False,False,above 0.2
LA_DIFF_1,P5_IMPORTS_4W_CHG4,2,208,61,0.07645733675565354,0.7001718649168656,0.5311767060991377,0.020579090842103076,False,True,False,above 0.2
LA_DIFF_1,US_DIST_STOCKS_VS_5Y,2,208,61,-0.02077987342865032,0.9113226022283419,-0.8293304580594165,-0.0027639708147553232,False,False,False,above 0.2
LA_DIFF_1,US_DIST_STOCKS_VS_5Y_CHG4,2,208,61,0.2688978887530903,0.29227330447982003,-0.2625639652985183,-0.05460801765002987,False,False,False,above 0.2
LA_DIFF_1,P1_DIST_STOCKS_VS_5Y,2,208,61,-0.025049343171917576,0.9099730461194347,0.477628147276722,-0.00464338347258364,False,False,False,above 0.2
LA_DIFF_1,P1_DIST_STOCKS_VS_5Y_CHG4,2,208,61,0.20200833084165404,0.4318730600875955,0.023665470698100273,-0.00809624936931641,False,False,False,above 0.2
LA_DIFF_1,P1_IMPORTS_4W,2,208,61,0.33648144917204303,0.1559139877292556,0.662472641906972,0.06388873060842348,False,True,False,0.05 to 0.2
LA_DIFF_1,P3_EXPORTS_4W,2,208,61,-0.00047940266292448123,0.997884807481645,-0.6856870735218954,0.00014346868639758537,False,True,False,above 0.2
LA_DIFF_1,P1_STOCK_SURPRISE,2,208,61,-0.06612260420279716,0.6182493272427316,-0.01330190012778318,-0.0026397449181276844,False,False,False,above 0.2
LA_DIFF_1,P3_STOCK_SURPRISE,2,208,61,-0.004187758031949082,0.9740375062430832,-0.026934612819433042,5.177765638575416e-06,False,True,False,above 0.2
LA_DIFF_1,P5_STOCK_SURPRISE,2,208,61,0.3613161450342138,0.0032583900095148172,-0.006788297360070934,-0.046049216122766135,False,False,False,0.001 to 0.01
LA_DIFF_1,US_STOCK_SURPRISE,2,208,61,0.19560148533253519,0.1542198331479556,-0.060500425186879286,-0.011510429808593514,False,False,False,0.05 to 0.2
LA_DIFF_1,US_DEMAND_CHG4,2,201,61,-0.19964748595906653,0.286256456269001,0.39249724161116917,-0.09134447361144815,False,False,False,above 0.2
LA_DIFF_1,P5_DEMAND_CHG4,2,201,61,-0.40522503209006644,0.0065124124671719465,0.15163061983940854,-0.1593607138349098,False,False,False,0.001 to 0.01
LA_DIFF_1,P1_JET_STOCKS_VS_5Y,4,208,61,0.19789251049848222,0.5714130320106843,0.2087639543325769,0.008095642595695951,False,True,False,above 0.2
LA_DIFF_1,P1_JET_STOCKS_VS_5Y_CHG4,4,208,61,-0.04665847401952519,0.8746315364472825,0.37085800737933705,-0.001975264973563151,False,False,False,above 0.2
LA_DIFF_1,P3_JET_STOCKS_VS_5Y,4,208,61,-0.5560874372277279,0.1648759758654137,0.23697058866758836,-0.0571985785457485,False,False,False,0.05 to 0.2
LA_DIFF_1,P3_JET_STOCKS_VS_5Y_CHG4,4,208,61,-0.4152269920077367,0.13797240112612125,0.15665484270528596,-0.008529305793779418,False,False,False,0.05 to 0.2
LA_DIFF_1,P5_JET_STOCKS_VS_5Y,4,208,61,0.35457848738466335,0.2932114000671885,0.016739565273407857,-0.0133240985847638,False,False,False,above 0.2
LA_DIFF_1,P5_JET_STOCKS_VS_5Y_CHG4,4,208,61,0.5111508242569941,0.08349935316688048,-0.26408156215181905,-0.023864487318127514,False,False,False,0.05 to 0.2
LA_DIFF_1,US_JET_STOCKS_VS_5Y,4,208,61,-0.16060510102990272,0.6923295505152824,0.11824614856141627,-0.005254943313810045,False,False,False,above 0.2
LA_DIFF_1,US_JET_STOCKS_VS_5Y_CHG4,4,208,61,-0.10346388520448789,0.7439890609960254,0.14303336967146163,-0.00022080727532980404,False,False,False,above 0.2
LA_DIFF_1,P5_DAYS_SUPPLY,4,205,61,1.171147124253832,0.0009859863043954443,-1.6099800005697538,-0.12487363997797152,False,False,False,p below 0.001
LA_DIFF_1,P5_DAYS_SUPPLY_CHG4,4,201,61,0.567472354124022,0.03041898002172542,-0.3703324797243998,-0.04045261611567197,False,False,False,0.01 to 0.05
LA_DIFF_1,US_DAYS_SUPPLY,4,205,61,0.17007458045033721,0.6239582364308588,-1.7744194289799546,-0.01867400866714175,False,False,False,above 0.2
LA_DIFF_1,US_DAYS_SUPPLY_CHG4,4,201,61,0.21838166770663367,0.44670233006433835,-0.9771711844694798,-0.029285084628363878,False,False,False,above 0.2
LA_DIFF_1,P5_RUNS_VS_5Y,4,208,61,0.2588427186948433,0.2869956999361819,-0.11515127006180392,-0.0038863008223164464,False,False,False,above 0.2
LA_DIFF_1,P5_RUNS_VS_5Y_CHG4,4,208,61,0.027060708687307797,0.933900642534176,-1.0356409919807497,-0.0037231713343897077,False,False,False,above 0.2
LA_DIFF_1,P3_RUNS_VS_5Y,4,208,61,0.7390718888672645,1.5299122167659253e-08,-0.48764970105390876,-0.007289533303551643,True,False,False,p below 0.001
LA_DIFF_1,P3_RUNS_VS_5Y_CHG4,4,208,61,0.24681717072073517,0.4017337235595918,0.2388337181187676,0.003441328227496765,False,True,False,above 0.2
LA_DIFF_1,US_UTIL_VS_5Y,4,208,61,0.7162889604326008,0.008702757241783227,-0.1473409628105271,0.002500013210152696,False,False,False,0.001 to 0.01
LA_DIFF_1,US_UTIL_VS_5Y_CHG4,4,208,61,0.16588055414490907,0.5587438111592976,-0.5594953209628286,-0.006544979950670937,False,False,False,above 0.2
LA_DIFF_1,P5_OUTPUT_VS_52W,4,156,61,-0.18786897906671135,0.5627564807632943,0.769246435421047,-0.020121806209692616,False,False,False,above 0.2
LA_DIFF_1,P5_OUTPUT_VS_52W_CHG4,4,152,61,-0.45726511732131025,0.06783554886632887,1.0624082894176916,-0.06443921267438091,False,False,False,0.05 to 0.2
LA_DIFF_1,P3_OUTPUT_VS_52W,4,156,61,0.06063410361717407,0.8878728309529171,1.3170445466703193,0.005384947982832178,False,True,False,above 0.2
LA_DIFF_1,P3_OUTPUT_VS_52W_CHG4,4,152,61,-0.3079263851719969,0.4820934811573634,1.1401029281993345,-0.03168756749098911,False,False,False,above 0.2
LA_DIFF_1,P5_IMPORTS_4W,4,208,61,-0.6268146429222072,0.06176669510621533,1.4492058777569243,-0.036882953976484556,False,False,False,0.05 to 0.2
LA_DIFF_1,P5_IMPORTS_4W_CHG4,4,208,61,0.027108526485769502,0.9295143705359385,0.4446523879322272,0.0009471497905975124,False,True,False,above 0.2
LA_DIFF_1,US_DIST_STOCKS_VS_5Y,4,208,61,-0.09337122674914124,0.774831423080023,1.288646908148755,-0.010731451345952214,False,False,False,above 0.2
LA_DIFF_1,US_DIST_STOCKS_VS_5Y_CHG4,4,208,61,0.4468481667731493,0.18500846648938973,0.47987060693282363,0.002643304598106355,False,True,False,0.05 to 0.2
LA_DIFF_1,P1_DIST_STOCKS_VS_5Y,4,208,61,-0.09907034887211724,0.7929496455443041,2.5491789311341586,-0.012786277936233548,False,False,False,above 0.2
LA_DIFF_1,P1_DIST_STOCKS_VS_5Y_CHG4,4,208,61,0.2011203828609884,0.5244243015582557,0.8456940988418825,0.010889399297558056,False,True,False,above 0.2
LA_DIFF_1,P1_IMPORTS_4W,4,208,61,0.651549618644932,0.056506621837592724,2.127748949242599,0.09334257412938096,False,True,False,0.05 to 0.2
LA_DIFF_1,P3_EXPORTS_4W,4,208,61,0.03827104487844672,0.9125166198947315,-2.6279254848002593,-0.008933934904952201,False,False,False,above 0.2
LA_DIFF_1,P1_STOCK_SURPRISE,4,208,61,0.03361215561069577,0.8032209753328815,-0.10300503508947922,-0.0009514589797445794,False,False,False,above 0.2
LA_DIFF_1,P3_STOCK_SURPRISE,4,208,61,-0.16557512006776687,0.2558162809252251,0.34594004603185563,-0.008430626055428991,False,False,False,above 0.2
LA_DIFF_1,P5_STOCK_SURPRISE,4,208,61,0.44323971112581484,0.0014026901623246351,-0.2944742593663115,-0.019945221620546683,False,False,False,0.001 to 0.01
LA_DIFF_1,US_STOCK_SURPRISE,4,208,61,0.16712607012067193,0.3321165546499324,0.15419917925179355,0.00012214079264782907,False,True,False,above 0.2
LA_DIFF_1,US_DEMAND_CHG4,4,201,61,-0.22071257063173966,0.44335227564694724,1.0670692407776123,-0.03557337004213057,False,False,False,above 0.2
LA_DIFF_1,P5_DEMAND_CHG4,4,201,61,-0.37365233580435975,0.14595546816574465,0.5736696318275208,-0.03919576573696326,False,False,False,0.05 to 0.2
GC_DIFF_1,P1_JET_STOCKS_VS_5Y,1,208,61,-0.036743265172151415,0.658142410318098,-0.21687963602484248,0.008989601439891914,False,True,False,above 0.2
GC_DIFF_1,P1_JET_STOCKS_VS_5Y_CHG4,1,208,61,-0.06530211929430374,0.4157674143511314,-0.04889616326952623,0.0007699657471180732,False,True,False,above 0.2
GC_DIFF_1,P3_JET_STOCKS_VS_5Y,1,208,61,-0.03052413440716112,0.6960336937000946,-0.2529812530444628,-0.0017006903677676544,False,False,False,above 0.2
GC_DIFF_1,P3_JET_STOCKS_VS_5Y_CHG4,1,208,61,0.015103318250561017,0.8230336715859914,-0.18299086155170663,-0.004284197037093707,False,False,False,above 0.2
GC_DIFF_1,P5_JET_STOCKS_VS_5Y,1,208,61,0.013647952044891682,0.8698759046001463,0.15120552188498013,0.0034373514321088816,False,True,False,above 0.2
GC_DIFF_1,P5_JET_STOCKS_VS_5Y_CHG4,1,208,61,0.004414814423426495,0.9625387920718474,0.3043262441635538,0.0024669077266769035,False,True,False,above 0.2
GC_DIFF_1,US_JET_STOCKS_VS_5Y,1,208,61,-0.03539065778347731,0.6510624136749839,-0.37179442366374044,0.002468680951909441,False,True,False,above 0.2
GC_DIFF_1,US_JET_STOCKS_VS_5Y_CHG4,1,208,61,0.00027315085644636847,0.9969240406789186,-0.06494512974579164,-1.1530321546660005e-05,False,False,False,above 0.2
GC_DIFF_1,P5_DAYS_SUPPLY,1,205,61,0.054681167496474885,0.5609613573267118,-0.23874102513801526,-0.007278860981437374,False,False,False,above 0.2
GC_DIFF_1,P5_DAYS_SUPPLY_CHG4,1,201,61,0.04836688776309284,0.5480031829562761,-0.04806117959014871,-0.008199549111117088,False,False,False,above 0.2
GC_DIFF_1,US_DAYS_SUPPLY,1,205,61,-0.06866735073974796,0.3806013801536028,-0.4597949354405545,0.029696294910339982,False,True,False,above 0.2
GC_DIFF_1,US_DAYS_SUPPLY_CHG4,1,201,61,-0.03344480930659241,0.6435605786415688,-0.3024554345343179,0.021375512361551885,False,True,False,above 0.2
GC_DIFF_1,P5_RUNS_VS_5Y,1,208,61,0.07843007295484257,0.2941352520721304,0.0798754968631113,0.01571090122813712,False,True,False,above 0.2
GC_DIFF_1,P5_RUNS_VS_5Y_CHG4,1,208,61,0.04191178773510937,0.6552953339350827,0.0625376125308709,0.003056187981463565,False,True,False,above 0.2
GC_DIFF_1,P3_RUNS_VS_5Y,1,208,61,0.11942685013120959,0.09480935522648896,-0.04716792549168797,0.0195407172388955,False,False,False,0.05 to 0.2
GC_DIFF_1,P3_RUNS_VS_5Y_CHG4,1,208,61,0.029558682505370422,0.7700791247388759,0.2349250373206032,0.00736238619469165,False,True,False,above 0.2
GC_DIFF_1,US_UTIL_VS_5Y,1,208,61,0.11293844477462978,0.13849607016406199,-0.053471530739767265,0.02718920373801459,False,False,False,0.05 to 0.2
GC_DIFF_1,US_UTIL_VS_5Y_CHG4,1,208,61,0.06656739443150508,0.45837835389032033,0.16572820664919785,0.012596822527783935,False,True,False,above 0.2
GC_DIFF_1,P5_OUTPUT_VS_52W,1,156,61,-0.020807241433060054,0.8378240697755928,-0.00630397802008533,-0.004891190767776665,False,False,False,above 0.2
GC_DIFF_1,P5_OUTPUT_VS_52W_CHG4,1,152,61,0.10349612331899012,0.2745575415515775,0.2711053360674439,0.04985223966537622,False,True,False,above 0.2
GC_DIFF_1,P3_OUTPUT_VS_52W,1,156,61,0.08005851107447678,0.4257054148209113,0.19571659689804155,0.018839842463657108,False,True,False,above 0.2
GC_DIFF_1,P3_OUTPUT_VS_52W_CHG4,1,152,61,0.05508852956118955,0.6014128910803,0.28507929299689977,0.02228055858520661,False,True,False,above 0.2
GC_DIFF_1,P5_IMPORTS_4W,1,208,61,-0.034014391901655824,0.70814765274768,0.5206761156250186,-0.007108245514689138,False,False,False,above 0.2
GC_DIFF_1,P5_IMPORTS_4W_CHG4,1,208,61,0.08312664325828786,0.4275980924169839,0.23910093741153746,0.02473928124490654,False,True,False,above 0.2
GC_DIFF_1,US_DIST_STOCKS_VS_5Y,1,208,61,-0.009585800134782906,0.885633780033246,-0.7466759986011654,-0.004466618560433178,False,False,False,above 0.2
GC_DIFF_1,US_DIST_STOCKS_VS_5Y_CHG4,1,208,61,-0.03846692840952748,0.6628347870538011,0.14624393663089877,-0.008829470823240815,False,False,False,above 0.2
GC_DIFF_1,P1_DIST_STOCKS_VS_5Y,1,208,61,0.03911694685721185,0.5764013316918508,1.7781627557829733,0.020284566460345044,False,True,False,above 0.2
GC_DIFF_1,P1_DIST_STOCKS_VS_5Y_CHG4,1,208,61,-0.06264729275442303,0.49777893492467307,0.2928448252747636,-0.03593501457252124,False,False,False,above 0.2
GC_DIFF_1,P1_IMPORTS_4W,1,208,61,-0.04588791066191721,0.6028389107877343,0.29337318766370307,-0.02595849416669016,False,False,False,above 0.2
GC_DIFF_1,P3_EXPORTS_4W,1,208,61,0.09028391640955273,0.28311715194729914,-0.6409981951466476,-0.11471758152979472,False,False,False,above 0.2
GC_DIFF_1,P1_STOCK_SURPRISE,1,208,61,-0.05632697855597568,0.4020642373943166,0.009946540277780056,-0.007224317042078265,False,False,False,above 0.2
GC_DIFF_1,P3_STOCK_SURPRISE,1,208,61,0.014702294674127444,0.8369304147407222,-0.0022989295657297936,3.314751956162709e-05,False,False,False,above 0.2
GC_DIFF_1,P5_STOCK_SURPRISE,1,208,61,0.07502653135871154,0.3320701148506089,0.10126085309566327,0.010465621060199104,False,True,False,above 0.2
GC_DIFF_1,US_STOCK_SURPRISE,1,208,61,-0.004030646420078859,0.9632001258723715,0.12249169234076362,-0.0008951421742500187,False,False,False,above 0.2
GC_DIFF_1,US_DEMAND_CHG4,1,201,61,0.03366065303278327,0.6823396234752035,0.3089209043513944,0.02679886243895968,False,True,False,above 0.2
GC_DIFF_1,P5_DEMAND_CHG4,1,201,61,-0.02252095604932872,0.7708929137926166,0.1805154391057641,-0.012705203132521214,False,False,False,above 0.2
GC_DIFF_1,P1_JET_STOCKS_VS_5Y,2,208,61,-0.02134597262211624,0.8763385007904589,-0.523271960422703,0.0020390001558930893,False,True,False,above 0.2
GC_DIFF_1,P1_JET_STOCKS_VS_5Y_CHG4,2,208,61,-0.11016917144651028,0.2842540419246604,-0.0912909147206525,0.0002490034077649028,False,True,False,above 0.2
GC_DIFF_1,P3_JET_STOCKS_VS_5Y,2,208,61,-0.05652600655085673,0.686335314472384,-0.2789672520679244,-0.004522719339938197,False,False,False,above 0.2
GC_DIFF_1,P3_JET_STOCKS_VS_5Y_CHG4,2,208,61,-0.09857902320656295,0.47211863137135446,-0.2353950149337735,0.0035897995961042817,False,True,False,above 0.2
GC_DIFF_1,P5_JET_STOCKS_VS_5Y,2,208,61,-0.019799256846613676,0.8849332922612495,0.014785835424893666,-0.0007063375908193947,False,False,False,above 0.2
GC_DIFF_1,P5_JET_STOCKS_VS_5Y_CHG4,2,208,61,0.011380621108659977,0.9414014085865701,0.511102020066739,0.0016765034970649406,False,True,False,above 0.2
GC_DIFF_1,US_JET_STOCKS_VS_5Y,2,208,61,-0.05729033041364354,0.6890360207297339,-0.9260784257228946,0.001389082695969046,False,True,False,above 0.2
GC_DIFF_1,US_JET_STOCKS_VS_5Y_CHG4,2,208,61,-0.0836208775942992,0.5327041682341436,-0.12860821577044898,0.00013868938084948823,False,True,False,above 0.2
GC_DIFF_1,P5_DAYS_SUPPLY,2,205,61,0.10183254592147424,0.536824332767418,-0.9994795152161485,-0.010525122206288318,False,False,False,above 0.2
GC_DIFF_1,P5_DAYS_SUPPLY_CHG4,2,201,61,0.1285475977628313,0.35875156262537633,-0.08110384132121887,-0.007114923586166055,False,False,False,above 0.2
GC_DIFF_1,US_DAYS_SUPPLY,2,205,61,-0.13017516978011,0.33474407229833625,-1.3134618068368658,0.026377635437281777,False,True,False,above 0.2
GC_DIFF_1,US_DAYS_SUPPLY_CHG4,2,201,61,-0.13583656974522718,0.26158598634311436,-0.7122754014981577,0.030373202333868754,False,True,False,above 0.2
GC_DIFF_1,P5_RUNS_VS_5Y,2,208,61,0.07946228805771477,0.5070826201865208,-0.24421641071039704,-0.0018806752425708506,False,False,False,above 0.2
GC_DIFF_1,P5_RUNS_VS_5Y_CHG4,2,208,61,0.06775091900753807,0.6193061889117919,-0.25112318904410164,-0.00785178782676943,False,False,False,above 0.2
GC_DIFF_1,P3_RUNS_VS_5Y,2,208,61,0.2273233848740751,0.06844042927986223,-0.6647798413045947,0.0034194003245934246,False,False,False,0.05 to 0.2
GC_DIFF_1,P3_RUNS_VS_5Y_CHG4,2,208,61,0.09855869163520874,0.5556401738219799,0.3899143654945096,0.006745200806869134,False,True,False,above 0.2
GC_DIFF_1,US_UTIL_VS_5Y,2,208,61,0.20123019674887965,0.15076397913737996,-0.6271313431837213,0.0091377336308609,False,False,False,0.05 to 0.2
GC_DIFF_1,US_UTIL_VS_5Y_CHG4,2,208,61,0.1543957760094361,0.2882217793087454,-0.12710237653449963,-0.002749026208329841,False,False,False,above 0.2
GC_DIFF_1,P5_OUTPUT_VS_52W,2,156,61,0.03525189415184621,0.8531134604188867,-0.025266714874251913,0.0028651976795472933,False,False,False,above 0.2
GC_DIFF_1,P5_OUTPUT_VS_52W_CHG4,2,152,61,0.2690138153911296,0.08247280507379891,0.6398367617144786,0.04551274479390366,False,True,False,0.05 to 0.2
GC_DIFF_1,P3_OUTPUT_VS_52W,2,156,61,0.18723197096229843,0.29103220759523507,0.7161466875686165,0.023943034622554427,False,True,False,above 0.2
GC_DIFF_1,P3_OUTPUT_VS_52W_CHG4,2,152,61,0.1395507867377446,0.3971066506281433,1.027739356072333,0.03127279148766082,False,True,False,above 0.2
GC_DIFF_1,P5_IMPORTS_4W,2,208,61,-0.05640092388392168,0.7153290325203261,1.323926356068751,-0.003769254687441048,False,False,False,above 0.2
GC_DIFF_1,P5_IMPORTS_4W_CHG4,2,208,61,0.11163086441595105,0.5278505906335911,0.2683506754694711,0.005671653381356001,False,True,False,above 0.2
GC_DIFF_1,US_DIST_STOCKS_VS_5Y,2,208,61,0.001427191536204308,0.9908504987556304,-2.1871482387207033,0.0002646208555882046,False,False,False,above 0.2
GC_DIFF_1,US_DIST_STOCKS_VS_5Y_CHG4,2,208,61,-0.03875324896331354,0.8108127146332957,0.48954431431701867,-0.0041528975121134515,False,False,False,above 0.2
GC_DIFF_1,P1_DIST_STOCKS_VS_5Y,2,208,61,0.10256501317073069,0.4324448610485969,3.3977446239946105,0.02066865515222771,False,True,False,above 0.2
GC_DIFF_1,P1_DIST_STOCKS_VS_5Y_CHG4,2,208,61,-0.05064608161880198,0.7424076258307433,0.7291623027208561,-0.010424211815613926,False,False,False,above 0.2
GC_DIFF_1,P1_IMPORTS_4W,2,208,61,-0.16036235551729122,0.27534444644746836,0.7387040365125662,-0.03680276216781775,False,False,False,above 0.2
GC_DIFF_1,P3_EXPORTS_4W,2,208,61,0.16192315462618767,0.2887137027811617,-1.906126093842933,-0.08353403671590875,False,False,False,above 0.2
GC_DIFF_1,P1_STOCK_SURPRISE,2,208,61,-0.05560059900141539,0.5900033940765987,-0.2031396070081795,0.0048385450076171566,False,True,False,above 0.2
GC_DIFF_1,P3_STOCK_SURPRISE,2,208,61,0.09006163895846633,0.3445608839650629,0.30166271085529583,0.009422060354686734,False,True,False,above 0.2
GC_DIFF_1,P5_STOCK_SURPRISE,2,208,61,0.038803352364833066,0.7483701834748493,0.35396343990607965,0.003987695953220793,False,True,False,above 0.2
GC_DIFF_1,US_STOCK_SURPRISE,2,208,61,0.1201925485517395,0.20023571118659667,0.23650327632611517,0.006558679913503451,False,True,False,above 0.2
GC_DIFF_1,US_DEMAND_CHG4,2,201,61,0.08653683319093032,0.512498267374349,0.6403052049642997,0.022351632656017695,False,True,False,above 0.2
GC_DIFF_1,P5_DEMAND_CHG4,2,201,61,-0.10155769340459309,0.45747903572266435,0.251912252825299,-0.015273270415772533,False,False,False,above 0.2
GC_DIFF_1,P1_JET_STOCKS_VS_5Y,4,208,61,-0.05221141047848314,0.8300839470103765,-0.6786443647458641,0.0007589768384371753,False,True,False,above 0.2
GC_DIFF_1,P1_JET_STOCKS_VS_5Y_CHG4,4,208,61,-0.22428401941125486,0.18431863401119386,0.004749272822916202,-0.004082955870293059,False,False,False,0.05 to 0.2
GC_DIFF_1,P3_JET_STOCKS_VS_5Y,4,208,61,-0.1513134419348431,0.5344002061080368,-1.3454246941573702,-0.004368718223549228,False,False,False,above 0.2
GC_DIFF_1,P3_JET_STOCKS_VS_5Y_CHG4,4,208,61,-0.26966452045622,0.12504118773757655,-0.960193543873133,0.012763601931073176,False,True,False,0.05 to 0.2
GC_DIFF_1,P5_JET_STOCKS_VS_5Y,4,208,61,-0.05805715187317895,0.7907120219318269,-0.573212104214448,0.0006627986446305911,False,True,False,above 0.2
GC_DIFF_1,P5_JET_STOCKS_VS_5Y_CHG4,4,208,61,-0.11730303749320282,0.5783877566462714,0.26089250246511464,-0.0033277419106061412,False,False,False,above 0.2
GC_DIFF_1,US_JET_STOCKS_VS_5Y,4,208,61,-0.17756838567765967,0.5013046183685044,-2.418430645953414,0.003041291070499108,False,True,False,above 0.2
GC_DIFF_1,US_JET_STOCKS_VS_5Y_CHG4,4,208,61,-0.3976003978436913,0.0412528638562845,-1.0621163207798427,0.012608454726945273,False,True,False,0.01 to 0.05
GC_DIFF_1,P5_DAYS_SUPPLY,4,205,61,0.2122373046894748,0.4084229569452438,-2.5080409427348327,-0.013248485986960157,False,False,False,above 0.2
GC_DIFF_1,P5_DAYS_SUPPLY_CHG4,4,201,61,-0.014330339636069564,0.9522900293727191,-0.7505259750084391,0.0008986991175068404,False,True,False,above 0.2
GC_DIFF_1,US_DAYS_SUPPLY,4,205,61,-0.3610807466295911,0.15192877090444695,-2.8456759871027746,0.03382427886706685,False,True,False,0.05 to 0.2
GC_DIFF_1,US_DAYS_SUPPLY_CHG4,4,201,61,-0.489030184492305,0.002061065748726795,-1.7750986205906742,0.06692472862043275,False,True,False,0.001 to 0.01
GC_DIFF_1,P5_RUNS_VS_5Y,4,208,61,0.0032623680774070928,0.9886397933272343,-0.21694032588299203,6.781953229972881e-05,False,False,False,above 0.2
GC_DIFF_1,P5_RUNS_VS_5Y_CHG4,4,208,61,0.04411514258301735,0.8107485747978143,-0.5312050026117544,-0.0025303640108902403,False,False,False,above 0.2
GC_DIFF_1,P3_RUNS_VS_5Y,4,208,61,0.3704872418741265,0.0493962489793527,-2.9075855929907277,-0.00875345640394043,False,False,False,0.01 to 0.05
GC_DIFF_1,P3_RUNS_VS_5Y_CHG4,4,208,61,0.208997066236713,0.298344042705893,0.34865938990737405,0.004344883898357521,False,True,False,above 0.2
GC_DIFF_1,US_UTIL_VS_5Y,4,208,61,0.14285798323726634,0.611487958702946,-2.2784660013157194,0.003027926013844162,False,False,False,above 0.2
GC_DIFF_1,US_UTIL_VS_5Y_CHG4,4,208,61,0.20807710779658023,0.24700846445816205,-0.7417226154913403,-0.005680958423983862,False,False,False,above 0.2
GC_DIFF_1,P5_OUTPUT_VS_52W,4,156,61,-0.1751885512178716,0.5386032619769292,-0.2911338925854437,-0.008050187766359462,False,False,False,above 0.2
GC_DIFF_1,P5_OUTPUT_VS_52W_CHG4,4,152,61,0.25418247048977105,0.17292747890226112,1.3766647502111473,0.027134044085360798,False,True,False,0.05 to 0.2
GC_DIFF_1,P3_OUTPUT_VS_52W,4,156,61,0.3969279025496803,0.20539859581967312,0.7913923798339333,0.017171409379813873,False,True,False,above 0.2
GC_DIFF_1,P3_OUTPUT_VS_52W_CHG4,4,152,61,0.42504109428624315,0.08954385208080633,2.5427558327885365,0.05854024089072929,False,True,False,0.05 to 0.2
GC_DIFF_1,P5_IMPORTS_4W,4,208,61,-0.12674552660684152,0.5908870069547462,2.5526585975697746,-0.0012222240053960665,False,False,False,above 0.2
GC_DIFF_1,P5_IMPORTS_4W_CHG4,4,208,61,0.0366299999932338,0.8664795228575305,0.3911557398837919,0.0008793637712701807,False,True,False,above 0.2
GC_DIFF_1,US_DIST_STOCKS_VS_5Y,4,208,61,0.010678647337604173,0.9623257980486641,-7.089034514264977,0.0012410634129506048,False,False,False,above 0.2
GC_DIFF_1,US_DIST_STOCKS_VS_5Y_CHG4,4,208,61,0.060186466620946746,0.8107288548328755,0.6184806094713576,0.0017822733744936592,False,True,False,above 0.2
GC_DIFF_1,P1_DIST_STOCKS_VS_5Y,4,208,61,0.20637581015570217,0.38725037511185734,3.856932983364154,0.024972498144083866,False,True,False,above 0.2
GC_DIFF_1,P1_DIST_STOCKS_VS_5Y_CHG4,4,208,61,0.04643984959209875,0.8590006409266122,1.2421795718016777,0.004038357871288811,False,True,False,above 0.2
GC_DIFF_1,P1_IMPORTS_4W,4,208,61,-0.2979264630847719,0.19867893230031264,1.9790615237410376,-0.04347798774166223,False,False,False,0.05 to 0.2
GC_DIFF_1,P3_EXPORTS_4W,4,208,61,0.2175175409638842,0.3989648442381166,-4.633837707645478,-0.06758229764574275,False,False,False,above 0.2
GC_DIFF_1,P1_STOCK_SURPRISE,4,208,61,-0.08375274688689292,0.35595276289878075,0.02369084650443637,-0.0007349945037835592,False,False,False,above 0.2
GC_DIFF_1,P3_STOCK_SURPRISE,4,208,61,0.001670840736095941,0.9840167910881823,-0.04749970729179453,2.3940438378389217e-06,False,False,False,above 0.2
GC_DIFF_1,P5_STOCK_SURPRISE,4,208,61,-0.00027173803647524697,0.9984044825345586,0.04212961021276147,-2.332560602669176e-06,False,False,False,above 0.2
GC_DIFF_1,US_STOCK_SURPRISE,4,208,61,-0.025811138634977443,0.8181770530266546,0.08422074932617796,-0.00035736845222889,False,False,False,above 0.2
GC_DIFF_1,US_DEMAND_CHG4,4,201,61,0.35180445373735153,0.05502701918417596,1.3315548950815805,0.046546971267381276,False,True,False,0.05 to 0.2
GC_DIFF_1,P5_DEMAND_CHG4,4,201,61,-0.053479786804732095,0.8088592629763358,0.6819118089615539,-0.004860629429791485,False,False,False,above 0.2
NY_DIFF_1,P1_JET_STOCKS_VS_5Y,1,208,61,-0.043627948634421904,0.5797004960864975,-0.10360038754507686,-0.0006263836380298038,False,False,False,above 0.2
NY_DIFF_1,P1_JET_STOCKS_VS_5Y_CHG4,1,208,61,-0.11560965671725958,0.14552376983691498,-0.05256657783238163,-0.00028086669998850233,False,False,False,0.05 to 0.2
NY_DIFF_1,P3_JET_STOCKS_VS_5Y,1,208,61,0.01551186416111141,0.8151985017255714,-0.23801189705901304,0.0008177722837544588,False,False,False,above 0.2
NY_DIFF_1,P3_JET_STOCKS_VS_5Y_CHG4,1,208,61,-0.06032110005847906,0.2921679419122871,-0.15534061421613074,0.009805568642157647,False,True,False,above 0.2
NY_DIFF_1,P5_JET_STOCKS_VS_5Y,1,208,61,0.04386648027879306,0.5497125123705963,0.0753928885942202,0.0008039970464659429,False,True,False,above 0.2
NY_DIFF_1,P5_JET_STOCKS_VS_5Y_CHG4,1,208,61,-0.007663129018579788,0.9255634882064947,0.21343412421026015,-0.0023402652379003186,False,False,False,above 0.2
NY_DIFF_1,US_JET_STOCKS_VS_5Y,1,208,61,-0.003582773690693035,0.9580054469511169,-0.26450452097740657,3.4599622035336175e-05,False,True,False,above 0.2
NY_DIFF_1,US_JET_STOCKS_VS_5Y_CHG4,1,208,61,-0.11608797191493174,0.045487161128527805,-0.10738363730107202,0.005298823243026551,False,True,False,0.01 to 0.05
NY_DIFF_1,P5_DAYS_SUPPLY,1,205,61,0.09063783230061004,0.18908171495951787,-0.3207039351406109,-0.01703179266483401,False,False,False,0.05 to 0.2
NY_DIFF_1,P5_DAYS_SUPPLY_CHG4,1,201,61,0.000929146675391421,0.9910801003000685,0.03258683248320034,-6.255098431440231e-06,False,False,False,above 0.2
NY_DIFF_1,US_DAYS_SUPPLY,1,205,61,-0.042216240309871256,0.547813122563996,-0.5008630900123343,0.013965778364295134,False,True,False,above 0.2
NY_DIFF_1,US_DAYS_SUPPLY_CHG4,1,201,61,-0.11645579476276739,0.05221990138751857,-0.21270116725770666,0.03562807459018025,False,True,False,0.05 to 0.2
NY_DIFF_1,P5_RUNS_VS_5Y,1,208,61,0.09759604724639832,0.14853091177217084,-0.1328261029475808,-0.013629495657579094,False,False,False,0.05 to 0.2
NY_DIFF_1,P5_RUNS_VS_5Y_CHG4,1,208,61,0.06853019348508987,0.44293326166574787,-0.12558752229451572,-0.020923473385638713,False,False,False,above 0.2
NY_DIFF_1,P3_RUNS_VS_5Y,1,208,61,0.11414225784100272,0.019036401167650943,0.06512339810502189,0.019713130880353313,False,True,False,0.01 to 0.05
NY_DIFF_1,P3_RUNS_VS_5Y_CHG4,1,208,61,0.03927793430950206,0.5699845432995243,0.312822568901568,0.00848893433751663,False,True,False,above 0.2
NY_DIFF_1,US_UTIL_VS_5Y,1,208,61,0.06702729236570186,0.3147488220786421,-0.03791788183918548,0.01712585211128359,False,False,False,above 0.2
NY_DIFF_1,US_UTIL_VS_5Y_CHG4,1,208,61,0.03301081319823585,0.6317676666920926,0.1339140093858658,0.003836442545125718,False,True,False,above 0.2
NY_DIFF_1,P5_OUTPUT_VS_52W,1,156,61,-0.15696209869804245,0.14903303355059513,-0.08826100135678788,-0.03283354517382242,False,False,False,0.05 to 0.2
NY_DIFF_1,P5_OUTPUT_VS_52W_CHG4,1,152,61,0.048393239893854856,0.5257157424611234,0.18682396646587307,0.013555892977532236,False,True,False,above 0.2
NY_DIFF_1,P3_OUTPUT_VS_52W,1,156,61,-0.021380931438189678,0.8306681020511522,0.3306440142656729,-0.00767767204434433,False,False,False,above 0.2
NY_DIFF_1,P3_OUTPUT_VS_52W_CHG4,1,152,61,0.013638348337688695,0.8977841728483588,0.2609244209959275,0.0037290151127798987,False,True,False,above 0.2
NY_DIFF_1,P5_IMPORTS_4W,1,208,61,0.0364855018194301,0.6665412972522957,0.5389710680647796,0.0043454482260372185,False,True,False,above 0.2
NY_DIFF_1,P5_IMPORTS_4W_CHG4,1,208,61,0.10993456375489044,0.2709890710188838,0.14552540258658642,0.013428389556412568,False,True,False,above 0.2
NY_DIFF_1,US_DIST_STOCKS_VS_5Y,1,208,61,-0.02355277204793313,0.6914678904266414,-0.7274998161284634,-0.008815915303269417,False,False,False,above 0.2
NY_DIFF_1,US_DIST_STOCKS_VS_5Y_CHG4,1,208,61,-0.03293231840127181,0.6396477999770137,0.03833332168181619,-0.0007146165192881693,False,False,False,above 0.2
NY_DIFF_1,P1_DIST_STOCKS_VS_5Y,1,208,61,0.013728434938973483,0.8239870637445851,0.5154912981494426,0.005884600026163422,False,True,False,above 0.2
NY_DIFF_1,P1_DIST_STOCKS_VS_5Y_CHG4,1,208,61,0.011516857934379482,0.8735933163094368,0.1443567286061411,0.00174233924438294,False,True,False,above 0.2
NY_DIFF_1,P1_IMPORTS_4W,1,208,61,-0.03640582487793047,0.6339968959348465,0.34906497856044816,-0.01766567104501715,False,False,False,above 0.2
NY_DIFF_1,P3_EXPORTS_4W,1,208,61,0.08110620624530829,0.1726440861300753,-0.7444694460573088,-0.08297059271412621,False,False,False,0.05 to 0.2
NY_DIFF_1,P1_STOCK_SURPRISE,1,208,61,-0.07349555123541152,0.35995346240469706,0.007545866132525695,-0.0084212618748436,False,False,False,above 0.2
NY_DIFF_1,P3_STOCK_SURPRISE,1,208,61,0.004730403555560536,0.9350484172564738,-0.012947155646027513,-0.00010296835770273738,False,False,False,above 0.2
NY_DIFF_1,P5_STOCK_SURPRISE,1,208,61,0.08428840605487883,0.2065816510708538,0.03759021027805214,-0.000257041335069097,False,False,False,above 0.2
NY_DIFF_1,US_STOCK_SURPRISE,1,208,61,-0.06501690901223053,0.4664383130182622,0.04712240841757093,-0.0072226634794290145,False,False,False,above 0.2
NY_DIFF_1,US_DEMAND_CHG4,1,201,61,0.05371857503773444,0.4885324645210609,0.19191109198577663,0.019608094439695023,False,True,False,above 0.2
NY_DIFF_1,P5_DEMAND_CHG4,1,201,61,-0.016296897439816972,0.8313607019861248,0.037291823677619226,-0.002288898911483761,False,False,False,above 0.2
NY_DIFF_1,P1_JET_STOCKS_VS_5Y,2,208,61,-0.024963048753197867,0.8520974936414795,-0.19889999728272467,0.00018168330229539897,False,True,False,above 0.2
NY_DIFF_1,P1_JET_STOCKS_VS_5Y_CHG4,2,208,61,-0.20530391390140526,0.03792438086665218,-0.07023829933185022,-0.004161031490943712,False,False,False,0.01 to 0.05
NY_DIFF_1,P3_JET_STOCKS_VS_5Y,2,208,61,0.023344329110331578,0.8175179274114034,-0.30743512118243976,0.002004835186805165,False,False,False,above 0.2
NY_DIFF_1,P3_JET_STOCKS_VS_5Y_CHG4,2,208,61,-0.15144687538914597,0.1547207344500045,-0.2607916044333588,0.006399074103067726,False,True,False,0.05 to 0.2
NY_DIFF_1,P5_JET_STOCKS_VS_5Y,2,208,61,0.02089006074263038,0.8751298005920738,-0.09057431831884195,-0.00010300783609507036,False,False,False,above 0.2
NY_DIFF_1,P5_JET_STOCKS_VS_5Y_CHG4,2,208,61,-0.10879131078160985,0.4380490254749282,0.31556094018895087,-0.015159817501315231,False,False,False,above 0.2
NY_DIFF_1,US_JET_STOCKS_VS_5Y,2,208,61,0.010954815722680497,0.9282030711644752,-0.5462475336647182,4.976792596855795e-05,False,False,False,above 0.2
NY_DIFF_1,US_JET_STOCKS_VS_5Y_CHG4,2,208,61,-0.2742812670586306,0.003910375817584203,-0.23544297422787644,0.00174423238735677,False,True,False,0.001 to 0.01
NY_DIFF_1,P5_DAYS_SUPPLY,2,205,61,0.16177495770610753,0.1894684963892428,-0.8048327158573615,-0.018564824152303983,False,False,False,0.05 to 0.2
NY_DIFF_1,P5_DAYS_SUPPLY_CHG4,2,201,61,-0.02816747182829438,0.8465031307347636,0.052773884894984906,5.731613979953476e-05,False,False,False,above 0.2
NY_DIFF_1,US_DAYS_SUPPLY,2,205,61,-0.010761745146489057,0.9250174300747441,-1.0776423841000127,0.002014873074989265,False,True,False,above 0.2
NY_DIFF_1,US_DAYS_SUPPLY_CHG4,2,201,61,-0.17068754252362522,0.09330566978618457,-0.43792650163012187,0.028585161147063,False,True,False,0.05 to 0.2
NY_DIFF_1,P5_RUNS_VS_5Y,2,208,61,0.10875515267404559,0.3391162899721444,-0.4891933670542517,-0.012021753010018177,False,False,False,above 0.2
NY_DIFF_1,P5_RUNS_VS_5Y_CHG4,2,208,61,0.062426443100611725,0.638662593512834,-0.44321507963337975,-0.013782427141711073,False,False,False,above 0.2
NY_DIFF_1,P3_RUNS_VS_5Y,2,208,61,0.20750695526216534,0.006417596956888748,-0.3501741923219661,0.0073969916475925546,False,False,False,0.001 to 0.01
NY_DIFF_1,P3_RUNS_VS_5Y_CHG4,2,208,61,0.07940532460562184,0.47247800586665767,0.5134646570575849,0.007385707647061812,False,True,False,above 0.2
NY_DIFF_1,US_UTIL_VS_5Y,2,208,61,0.08358905019523548,0.5147420284136568,-0.5737289786022801,0.0068994930717889424,False,False,False,above 0.2
NY_DIFF_1,US_UTIL_VS_5Y_CHG4,2,208,61,0.045031462851062166,0.6913950690806405,-0.04041298819118362,-0.00017894470817458874,False,False,False,above 0.2
NY_DIFF_1,P5_OUTPUT_VS_52W,2,156,61,-0.18987852534264393,0.3750964505359866,-0.1326849781969685,-0.02399855654306915,False,False,False,above 0.2
NY_DIFF_1,P5_OUTPUT_VS_52W_CHG4,2,152,61,0.16470350961824481,0.23247972080074142,0.4699104023735336,0.027410819702387235,False,True,False,above 0.2
NY_DIFF_1,P3_OUTPUT_VS_52W,2,156,61,-0.028921193398246017,0.8676908263496685,0.5415953171236301,-0.004801707020783752,False,False,False,above 0.2
NY_DIFF_1,P3_OUTPUT_VS_52W_CHG4,2,152,61,0.11783469173103103,0.46940849479615643,0.7300104147227259,0.022180351778963714,False,True,False,above 0.2
NY_DIFF_1,P5_IMPORTS_4W,2,208,61,0.033406618234999796,0.8328057302659595,1.127590824890821,0.0016706579953107425,False,True,False,above 0.2
NY_DIFF_1,P5_IMPORTS_4W_CHG4,2,208,61,0.12092628781335296,0.4758251489352562,0.09937357522001701,0.0022681351139923756,False,True,False,above 0.2
NY_DIFF_1,US_DIST_STOCKS_VS_5Y,2,208,61,-0.03422965735889718,0.7532032009780305,-1.7069235605608266,-0.007592954540433849,False,False,False,above 0.2
NY_DIFF_1,US_DIST_STOCKS_VS_5Y_CHG4,2,208,61,-0.02636160421873838,0.8404585494350557,0.04394261891644286,-0.0005027836508795236,False,False,False,above 0.2
NY_DIFF_1,P1_DIST_STOCKS_VS_5Y,2,208,61,0.039020102922482695,0.7326335771652099,0.9707150277878126,0.009729786834167031,False,True,False,above 0.2
NY_DIFF_1,P1_DIST_STOCKS_VS_5Y_CHG4,2,208,61,0.05262553592643275,0.6619195172153393,0.3293807323230141,0.005540805141267091,False,True,False,above 0.2
NY_DIFF_1,P1_IMPORTS_4W,2,208,61,-0.09073563431904647,0.4795300786896125,0.8242979673819506,-0.025447902697702807,False,False,False,above 0.2
NY_DIFF_1,P3_EXPORTS_4W,2,208,61,0.15334433280160054,0.2313488337884786,-1.7096290304050847,-0.08993773033632824,False,False,False,above 0.2
NY_DIFF_1,P1_STOCK_SURPRISE,2,208,61,-0.16401167511761394,0.13535460976617184,-0.18993959940552346,0.01165188152058172,False,True,False,0.05 to 0.2
NY_DIFF_1,P3_STOCK_SURPRISE,2,208,61,0.13474876324475557,0.22085407044601835,0.2522294515913423,0.013457106148828557,False,True,False,above 0.2
NY_DIFF_1,P5_STOCK_SURPRISE,2,208,61,0.006400186481497941,0.9533505111311105,0.09985979088855997,0.000268263824464543,False,True,False,above 0.2
NY_DIFF_1,US_STOCK_SURPRISE,2,208,61,0.001984320185342142,0.9825686101707483,0.07505536392154495,7.228614769938524e-05,False,True,False,above 0.2
NY_DIFF_1,US_DEMAND_CHG4,2,201,61,0.008637512705313202,0.9389974925303113,0.34162561469325253,0.0016817063660632403,False,True,False,above 0.2
NY_DIFF_1,P5_DEMAND_CHG4,2,201,61,-0.053037512885555534,0.6781403838098627,-0.02227860965066226,-0.002587449511129103,False,False,False,above 0.2
NY_DIFF_1,P1_JET_STOCKS_VS_5Y,4,208,61,0.0552515790018551,0.8139938115450447,0.08523041304141425,0.001565364524096946,False,True,False,above 0.2
NY_DIFF_1,P1_JET_STOCKS_VS_5Y_CHG4,4,208,61,-0.3328473338273526,0.043684384632840245,0.0712574239299486,-0.010835278628188671,False,False,False,0.01 to 0.05
NY_DIFF_1,P3_JET_STOCKS_VS_5Y,4,208,61,-3.0833560677456795e-06,0.9999865660881954,-1.078266675036847,-1.2771206603368057e-07,False,False,False,above 0.2
NY_DIFF_1,P3_JET_STOCKS_VS_5Y_CHG4,4,208,61,-0.24971912997241696,0.0724315696897005,-1.0692363760826695,0.011716442780260294,False,True,False,0.05 to 0.2
NY_DIFF_1,P5_JET_STOCKS_VS_5Y,4,208,61,0.021187235811580878,0.9241920897754166,-0.9120325977496107,-0.0004364391002114054,False,False,False,above 0.2
NY_DIFF_1,P5_JET_STOCKS_VS_5Y_CHG4,4,208,61,-0.33516086180912424,0.13429619973849474,-0.030398420528801068,-0.007486385281451735,False,False,False,0.05 to 0.2
NY_DIFF_1,US_JET_STOCKS_VS_5Y,4,208,61,0.00924262234157923,0.969365238891891,-1.3391510526177428,6.341473737969672e-05,False,False,False,above 0.2
NY_DIFF_1,US_JET_STOCKS_VS_5Y_CHG4,4,208,61,-0.5556530809952833,0.0005983308476180662,-1.1798117170705307,0.016534290328267587,False,True,False,p below 0.001
NY_DIFF_1,P5_DAYS_SUPPLY,4,205,61,0.3263692515462592,0.15174426735119487,-2.366550322400069,-0.024206281480132263,False,False,False,0.05 to 0.2
NY_DIFF_1,P5_DAYS_SUPPLY_CHG4,4,201,61,-0.12893985713218745,0.5806347549767439,-0.5139778279615316,0.005980886346339309,False,True,False,above 0.2
NY_DIFF_1,US_DAYS_SUPPLY,4,205,61,0.05252961633701792,0.8012093849521585,-2.6097867639179912,-0.005134131350135629,False,False,False,above 0.2
NY_DIFF_1,US_DAYS_SUPPLY_CHG4,4,201,61,-0.3171859713885316,0.07371991143885095,-1.4313002382783302,0.038622830591998225,False,True,False,0.05 to 0.2
NY_DIFF_1,P5_RUNS_VS_5Y,4,208,61,0.13103577023462099,0.5155913163274868,-0.9147231325953474,-0.003497276856798903,False,False,False,above 0.2
NY_DIFF_1,P5_RUNS_VS_5Y_CHG4,4,208,61,0.0879576014574098,0.6374873112510453,-0.9328146956104786,-0.008376861520844159,False,False,False,above 0.2
NY_DIFF_1,P3_RUNS_VS_5Y,4,208,61,0.40498974220453154,7.754515114235966e-05,-1.7984320820074073,-0.0005224708914710607,True,False,False,p below 0.001
NY_DIFF_1,P3_RUNS_VS_5Y_CHG4,4,208,61,0.3337452176707077,0.003352569376985902,0.813913075652024,0.01086217203699169,False,True,False,0.001 to 0.01
NY_DIFF_1,US_UTIL_VS_5Y,4,208,61,0.07843769396092697,0.7469484764393932,-2.0340838931761107,0.003087123038730155,False,False,False,above 0.2
NY_DIFF_1,US_UTIL_VS_5Y_CHG4,4,208,61,0.1890857320603962,0.19341344845925745,-0.6515432413517164,-0.005239995398135466,False,False,False,0.05 to 0.2
NY_DIFF_1,P5_OUTPUT_VS_52W,4,156,61,-0.6383797388830971,0.0641725540697759,-0.642361434591926,-0.04048271846976803,False,False,False,0.05 to 0.2
NY_DIFF_1,P5_OUTPUT_VS_52W_CHG4,4,152,61,-0.042765790762825905,0.8616081024335003,1.047825174497196,-0.004237546361844036,False,False,False,above 0.2
NY_DIFF_1,P3_OUTPUT_VS_52W,4,156,61,-0.09758765784878345,0.7689279504955923,0.9737244149067021,-0.007624362525102013,False,False,False,above 0.2
NY_DIFF_1,P3_OUTPUT_VS_52W_CHG4,4,152,61,0.3055101033836831,0.17598879859999572,2.311232709116122,0.04028570868619252,False,True,False,0.05 to 0.2
NY_DIFF_1,P5_IMPORTS_4W,4,208,61,-0.09938568853054824,0.7024467395112638,2.5488321066642965,-0.0017055435435116006,False,False,False,above 0.2
NY_DIFF_1,P5_IMPORTS_4W_CHG4,4,208,61,-0.045881779432576236,0.83753751253581,0.13562846850582108,-0.0006363480250444198,False,False,False,above 0.2
NY_DIFF_1,US_DIST_STOCKS_VS_5Y,4,208,61,-0.05625960791357018,0.7761815642819937,-4.409455902554082,-0.007287919561629996,False,False,False,above 0.2
NY_DIFF_1,US_DIST_STOCKS_VS_5Y_CHG4,4,208,61,0.07977985487262544,0.6611580191469519,-0.47793761161064846,-0.001234667988715188,False,False,False,above 0.2
NY_DIFF_1,P1_DIST_STOCKS_VS_5Y,4,208,61,0.05942025391758701,0.7843026104820657,1.318194953752065,0.008303178863758642,False,True,False,above 0.2
NY_DIFF_1,P1_DIST_STOCKS_VS_5Y_CHG4,4,208,61,0.11247503264929368,0.5966655004480633,0.35737151024767055,0.0042766354432807185,False,True,False,above 0.2
NY_DIFF_1,P1_IMPORTS_4W,4,208,61,-0.05900614779637901,0.7806686144476906,2.3158728423425563,-0.00941746006152755,False,False,False,above 0.2
NY_DIFF_1,P3_EXPORTS_4W,4,208,61,0.16494967902650842,0.5006893073119707,-4.209649386155043,-0.05126657194829276,False,False,False,above 0.2
NY_DIFF_1,P1_STOCK_SURPRISE,4,208,61,-0.15509212428729854,0.14646291535493514,-0.09863772684066108,0.0004274235462180531,False,True,False,0.05 to 0.2
NY_DIFF_1,P3_STOCK_SURPRISE,4,208,61,-0.07747922601456038,0.3698224132590421,0.0527670720947778,-0.0015266605606931716,False,False,False,above 0.2
NY_DIFF_1,P5_STOCK_SURPRISE,4,208,61,-0.03732222956050338,0.711922863154768,-0.012514309131902608,-0.0002513447897662946,False,False,False,above 0.2
NY_DIFF_1,US_STOCK_SURPRISE,4,208,61,-0.23345566339234008,0.03629206427583508,-0.0479051384687873,-0.00361742172445223,False,False,False,0.01 to 0.05
NY_DIFF_1,US_DEMAND_CHG4,4,201,61,0.061714556694029754,0.7486715248808091,0.9826802645737658,0.007358513212786355,False,True,False,above 0.2
NY_DIFF_1,P5_DEMAND_CHG4,4,201,61,-0.1009592785165137,0.6469665440078782,0.16993264563822075,-0.0056086426320176574,False,False,False,above 0.2
GC_JET_BRENT,P1_JET_STOCKS_VS_5Y,1,208,61,-0.024102244387626204,0.8606269846746353,-0.2672797520728549,4.7538714271100346e-05,False,True,False,above 0.2
GC_JET_BRENT,P1_JET_STOCKS_VS_5Y_CHG4,1,208,61,-0.05771613212654085,0.6950738069606424,-0.15357962407285544,0.0023698657257166245,False,True,False,above 0.2
GC_JET_BRENT,P3_JET_STOCKS_VS_5Y,1,208,61,0.0841619574658379,0.5285556059868775,0.16670906334526747,0.011702527007528496,False,True,False,above 0.2
GC_JET_BRENT,P3_JET_STOCKS_VS_5Y_CHG4,1,208,61,-0.1137963617331475,0.3791666500810129,0.2021440551251828,-0.014130032590576658,False,False,False,above 0.2
GC_JET_BRENT,P5_JET_STOCKS_VS_5Y,1,208,61,0.23456610132176758,0.0433961246820798,0.779366287443515,0.052135614970453714,False,True,False,0.01 to 0.05
GC_JET_BRENT,P5_JET_STOCKS_VS_5Y_CHG4,1,208,61,-0.06148329276945794,0.7002219588327809,0.426200759408529,-0.011957983088514146,False,False,False,above 0.2
GC_JET_BRENT,US_JET_STOCKS_VS_5Y,1,208,61,0.19181636491455833,0.13426279144876807,0.5042353452452041,0.02082109240473551,False,True,False,0.05 to 0.2
GC_JET_BRENT,US_JET_STOCKS_VS_5Y_CHG4,1,208,61,-0.2092867460495234,0.19240649789479514,0.22434537329525228,-0.032310197912214456,False,False,False,0.05 to 0.2
GC_JET_BRENT,P5_DAYS_SUPPLY,1,205,61,-0.35042681672526516,0.023871332317414447,0.42251971312330194,-0.1049790892458653,False,False,False,0.01 to 0.05
GC_JET_BRENT,P5_DAYS_SUPPLY_CHG4,1,201,61,0.011555056527605904,0.9489990335610693,0.3810738423823108,0.0012186225436100484,False,True,False,above 0.2
GC_JET_BRENT,US_DAYS_SUPPLY,1,205,61,-0.18343034457635882,0.2110398153283296,-0.12060059468708305,-0.032827771556583896,False,False,False,above 0.2
GC_JET_BRENT,US_DAYS_SUPPLY_CHG4,1,201,61,-0.07413430347696419,0.5961180723588498,0.006892849923939001,-0.0007262071730618214,False,False,False,above 0.2
GC_JET_BRENT,P5_RUNS_VS_5Y,1,208,61,0.13169819999057544,0.29172446435655974,0.3108699582884974,0.01870153699488253,False,True,False,above 0.2
GC_JET_BRENT,P5_RUNS_VS_5Y_CHG4,1,208,61,0.005117060904683758,0.9749226335041915,-0.1260094768544578,-0.0003229782214844157,False,False,False,above 0.2
GC_JET_BRENT,P3_RUNS_VS_5Y,1,208,61,0.2072276418064075,0.10363655876546922,0.4645233430848695,0.04153394722680903,False,True,False,0.05 to 0.2
GC_JET_BRENT,P3_RUNS_VS_5Y_CHG4,1,208,61,0.06475068760034104,0.5381771703250298,0.29429938175785797,0.005850466911402341,False,True,False,above 0.2
GC_JET_BRENT,US_UTIL_VS_5Y,1,208,61,-0.04739205712826797,0.7636855961062468,0.567446639277505,-0.02081084695223545,False,False,False,above 0.2
GC_JET_BRENT,US_UTIL_VS_5Y_CHG4,1,208,61,-0.03614150439283353,0.7894753038500456,0.229077157584734,-0.003083979108783552,False,False,False,above 0.2
GC_JET_BRENT,P5_OUTPUT_VS_52W,1,156,61,0.1545675558196633,0.26441763463952683,0.06494634778993424,-0.0009374195990392575,False,False,False,above 0.2
GC_JET_BRENT,P5_OUTPUT_VS_52W_CHG4,1,152,61,0.054075508082521255,0.7159651607296365,-0.07204423265949002,-0.002027230176239847,False,False,False,above 0.2
GC_JET_BRENT,P3_OUTPUT_VS_52W,1,156,61,0.1232651878065756,0.45057221739824105,-0.05612861936528474,0.018737369441613416,False,False,False,above 0.2
GC_JET_BRENT,P3_OUTPUT_VS_52W_CHG4,1,152,61,0.02705710789773906,0.8676196282686371,0.31525451235589635,0.007170534981178922,False,True,False,above 0.2
GC_JET_BRENT,P5_IMPORTS_4W,1,208,61,0.28584122931874006,0.04703432630782299,-0.054531238584357426,-0.08347146945293282,False,False,False,0.01 to 0.05
GC_JET_BRENT,P5_IMPORTS_4W_CHG4,1,208,61,-0.04535253530124782,0.7646470476219882,-0.2221062830235426,2.4141231323326906e-05,False,True,False,above 0.2
GC_JET_BRENT,US_DIST_STOCKS_VS_5Y,1,208,61,0.0023130124206725555,0.9864153558407299,1.1537689616243059,0.000538510650715196,False,True,False,above 0.2
GC_JET_BRENT,US_DIST_STOCKS_VS_5Y_CHG4,1,208,61,-0.1302034417732156,0.3461206720221942,-0.06547897691335065,-0.008748273643698568,False,False,False,above 0.2
GC_JET_BRENT,P1_DIST_STOCKS_VS_5Y,1,208,61,-0.025239720788184126,0.8518105474447559,1.4244128665793858,-0.006440919634113973,False,False,False,above 0.2
GC_JET_BRENT,P1_DIST_STOCKS_VS_5Y_CHG4,1,208,61,-0.26619046545662417,0.09960299600391788,0.26545751784515204,-0.04601858038147544,False,False,False,0.05 to 0.2
GC_JET_BRENT,P1_IMPORTS_4W,1,208,61,-0.23557946231204635,0.10160703490102546,0.26608649197739276,-0.05567971557597562,False,False,False,0.05 to 0.2
GC_JET_BRENT,P3_EXPORTS_4W,1,208,61,0.23744731232206728,0.02809431072152442,-0.520948083479832,-0.10998033202991442,False,False,False,0.01 to 0.05
GC_JET_BRENT,P1_STOCK_SURPRISE,1,208,61,0.057759019440029716,0.6354359144814016,-0.015781257059407472,-0.0014569093334306782,False,False,False,above 0.2
GC_JET_BRENT,P3_STOCK_SURPRISE,1,208,61,-0.1962735270218005,0.11543613859709392,0.1485344784330034,-0.029819907668789725,False,False,False,0.05 to 0.2
GC_JET_BRENT,P5_STOCK_SURPRISE,1,208,61,-0.013917477097953327,0.9180254934340087,0.7604346479519647,-0.004079177168375914,False,False,False,above 0.2
GC_JET_BRENT,US_STOCK_SURPRISE,1,208,61,-0.19160081249658284,0.26327748358185477,0.5824798354230772,-0.04863853359226722,False,False,False,above 0.2
GC_JET_BRENT,US_DEMAND_CHG4,1,201,61,0.04323302239725338,0.7588451191601949,0.04733568759258469,0.0026384443357181375,False,True,False,above 0.2
GC_JET_BRENT,P5_DEMAND_CHG4,1,201,61,-0.017791289345434773,0.9079023127435282,-0.24850801105197923,0.001122971882210333,False,True,False,above 0.2
GC_JET_BRENT,P1_JET_STOCKS_VS_5Y,2,208,61,-0.06921135274295274,0.7535568548923841,-0.6069449297801568,-0.001057902287035395,False,False,False,above 0.2
GC_JET_BRENT,P1_JET_STOCKS_VS_5Y_CHG4,2,208,61,-0.17945007501340254,0.4296221418377687,-0.16285291186759931,-0.004084795077093695,False,False,False,above 0.2
GC_JET_BRENT,P3_JET_STOCKS_VS_5Y,2,208,61,0.32077811067251055,0.1388416729400199,0.17742616982496234,0.027595239528891313,False,True,False,0.05 to 0.2
GC_JET_BRENT,P3_JET_STOCKS_VS_5Y_CHG4,2,208,61,-0.070436356391513,0.7276262157642077,0.21594500931419489,-0.004306682527185135,False,False,False,above 0.2
GC_JET_BRENT,P5_JET_STOCKS_VS_5Y,2,208,61,0.44655588898760945,0.03430463920221863,0.5727935732467453,0.021658818466767427,False,True,False,0.01 to 0.05
GC_JET_BRENT,P5_JET_STOCKS_VS_5Y_CHG4,2,208,61,-0.008411615206252027,0.974193809306585,0.5606641546229398,-0.0007361475016225416,False,False,False,above 0.2
GC_JET_BRENT,US_JET_STOCKS_VS_5Y,2,208,61,0.4517827910842183,0.028837501434412712,0.03649480479878239,0.018111356113373778,False,True,False,0.01 to 0.05
GC_JET_BRENT,US_JET_STOCKS_VS_5Y_CHG4,2,208,61,-0.2299273157104264,0.3735154696085682,0.4051950293462386,-0.02466870325413506,False,False,False,above 0.2
GC_JET_BRENT,P5_DAYS_SUPPLY,2,205,61,-0.5875884508956976,0.05113872167247784,-0.13573257228385263,-0.08743334412551729,False,False,False,0.05 to 0.2
GC_JET_BRENT,P5_DAYS_SUPPLY_CHG4,2,201,61,0.1136226808474188,0.6772507697559531,0.5582305889105477,0.003154622929435802,False,True,False,above 0.2
GC_JET_BRENT,US_DAYS_SUPPLY,2,205,61,-0.1779366444719555,0.4641574357886902,-0.7808734951521566,-0.012227520533911074,False,False,False,above 0.2
GC_JET_BRENT,US_DAYS_SUPPLY_CHG4,2,201,61,-0.056617331538812356,0.8110319817032821,-0.14361575159808723,0.0012291441448309959,False,True,False,above 0.2
GC_JET_BRENT,P5_RUNS_VS_5Y,2,208,61,0.2397649516161212,0.29083042442112983,-0.00010416491061036707,0.005349577146824047,False,False,False,above 0.2
GC_JET_BRENT,P5_RUNS_VS_5Y_CHG4,2,208,61,0.18744780961194338,0.467813258877093,-0.4417846467976992,-0.016824242296465952,False,False,False,above 0.2
GC_JET_BRENT,P3_RUNS_VS_5Y,2,208,61,0.5243843933317762,0.002840155838692869,1.050313112419851,0.08744698178065025,False,True,False,0.001 to 0.01
GC_JET_BRENT,P3_RUNS_VS_5Y_CHG4,2,208,61,0.15619735699323206,0.42618822131054634,1.3966463459715641,0.019111436889839184,False,True,False,above 0.2
GC_JET_BRENT,US_UTIL_VS_5Y,2,208,61,0.10721136548900598,0.6827910631976536,0.9568324805507062,0.032097418904624364,False,True,False,above 0.2
GC_JET_BRENT,US_UTIL_VS_5Y_CHG4,2,208,61,-0.021174698836247563,0.9291851038588865,0.8394479023694515,-0.0019241084211847337,False,False,False,above 0.2
GC_JET_BRENT,P5_OUTPUT_VS_52W,2,156,61,0.3710277627711473,0.1987432461474804,0.0722127733260643,-0.011467318335123267,False,False,False,0.05 to 0.2
GC_JET_BRENT,P5_OUTPUT_VS_52W_CHG4,2,152,61,0.1134930378888714,0.6654196080723156,0.005474867289486857,-0.0006990798183339475,False,False,False,above 0.2
GC_JET_BRENT,P3_OUTPUT_VS_52W,2,156,61,0.2154631069186497,0.4055349482468089,0.6586979074243771,0.03627520666848549,False,True,False,above 0.2
GC_JET_BRENT,P3_OUTPUT_VS_52W_CHG4,2,152,61,-0.147272879241074,0.6063811876543831,1.457703427136031,-0.040482263709855415,False,False,False,above 0.2
GC_JET_BRENT,P5_IMPORTS_4W,2,208,61,0.5583861973418872,0.021346083492229405,-0.32453436465805824,-0.13251250850350704,False,False,False,0.01 to 0.05
GC_JET_BRENT,P5_IMPORTS_4W_CHG4,2,208,61,-0.039538660481724136,0.8830519039029838,-1.1836745909538693,0.0021041650397796152,False,True,False,above 0.2
GC_JET_BRENT,US_DIST_STOCKS_VS_5Y,2,208,61,0.058016445654457634,0.8163499319263634,2.2682252991406093,0.010343108975393256,False,True,False,above 0.2
GC_JET_BRENT,US_DIST_STOCKS_VS_5Y_CHG4,2,208,61,-0.17746910861803314,0.4895601589436436,-0.043998219738820635,-0.012908877919475925,False,False,False,above 0.2
GC_JET_BRENT,P1_DIST_STOCKS_VS_5Y,2,208,61,0.020300988242693864,0.9329466527286404,3.054219826423669,0.0038916132204921405,False,True,False,above 0.2
GC_JET_BRENT,P1_DIST_STOCKS_VS_5Y_CHG4,2,208,61,-0.31181504976742613,0.22814106035025972,0.7385481012144993,-0.04246724370397659,False,False,False,above 0.2
GC_JET_BRENT,P1_IMPORTS_4W,2,208,61,-0.501941491968306,0.056253293739069066,0.6824583711797698,-0.10008626852133062,False,False,False,0.05 to 0.2
GC_JET_BRENT,P3_EXPORTS_4W,2,208,61,0.3371337031284768,0.08776523531234666,-1.5477166203475707,-0.11986094162432748,False,False,False,0.05 to 0.2
GC_JET_BRENT,P1_STOCK_SURPRISE,2,208,61,-0.1253926595099823,0.5506210682248889,-0.19204344905103005,0.002897465366751173,False,True,False,above 0.2
GC_JET_BRENT,P3_STOCK_SURPRISE,2,208,61,0.07459301305910104,0.6641040626027339,0.4413376605175343,0.006779397409826138,False,True,False,above 0.2
GC_JET_BRENT,P5_STOCK_SURPRISE,2,208,61,-0.11696711017183688,0.5551860925439722,1.0811732949644648,-0.016098315838938504,False,False,False,above 0.2
GC_JET_BRENT,US_STOCK_SURPRISE,2,208,61,-0.20480188571084915,0.32056857034379105,0.9645875062111119,-0.02889314599878423,False,False,False,above 0.2
GC_JET_BRENT,US_DEMAND_CHG4,2,201,61,0.020231699924372293,0.9316707329158851,0.09449863927737755,0.0011994983476651955,False,True,False,above 0.2
GC_JET_BRENT,P5_DEMAND_CHG4,2,201,61,-0.038064689096321186,0.8630218782397276,-0.56686220482783,0.0012592575978087606,False,True,False,above 0.2
GC_JET_BRENT,P1_JET_STOCKS_VS_5Y,4,208,61,-0.030898638219819002,0.9198707591981549,-0.9206418421189692,-0.0009053326711627729,False,False,False,above 0.2
GC_JET_BRENT,P1_JET_STOCKS_VS_5Y_CHG4,4,208,61,-0.329059639422144,0.35375189092964776,-0.36045557131260286,-0.004824284824133773,False,False,False,above 0.2
GC_JET_BRENT,P3_JET_STOCKS_VS_5Y,4,208,61,0.5245006671681248,0.13580078049179295,-1.2073365164902066,0.019324556840886187,False,False,False,0.05 to 0.2
GC_JET_BRENT,P3_JET_STOCKS_VS_5Y_CHG4,4,208,61,-0.044339889265714943,0.8701665371656171,-0.1866927518600503,-0.0008547150346291943,False,False,False,above 0.2
GC_JET_BRENT,P5_JET_STOCKS_VS_5Y,4,208,61,0.8765097777791735,0.01133010192673856,0.6221965852093444,0.015833800990731728,False,True,False,0.01 to 0.05
GC_JET_BRENT,P5_JET_STOCKS_VS_5Y_CHG4,4,208,61,0.1527713444561041,0.6839281850550054,0.9635244339971066,0.010580640767342997,False,True,False,above 0.2
GC_JET_BRENT,US_JET_STOCKS_VS_5Y,4,208,61,0.9363572313915485,0.003142629388815314,-1.6227466203862058,0.005782697892265598,False,False,False,0.001 to 0.01
GC_JET_BRENT,US_JET_STOCKS_VS_5Y_CHG4,4,208,61,-0.2126279981362264,0.5933450375702332,-0.1730237397894484,-0.010833773349270048,False,False,False,above 0.2
GC_JET_BRENT,P5_DAYS_SUPPLY,4,205,61,-0.8396829408571119,0.09829635115462634,-1.1430613671722367,-0.08690500956555858,False,False,False,0.05 to 0.2
GC_JET_BRENT,P5_DAYS_SUPPLY_CHG4,4,201,61,0.17905294546566494,0.6018007586910656,0.17557973472382368,-0.005057426591981828,False,False,False,above 0.2
GC_JET_BRENT,US_DAYS_SUPPLY,4,205,61,-0.26012399141378256,0.543635549206944,-2.357142648707002,-0.006404915857975313,False,False,False,above 0.2
GC_JET_BRENT,US_DAYS_SUPPLY_CHG4,4,201,61,-0.08176438347114603,0.8139711155025582,-1.5342348573846114,0.008892261092266818,False,True,False,above 0.2
GC_JET_BRENT,P5_RUNS_VS_5Y,4,208,61,0.44529692130816645,0.21776270352231653,0.4042502480480749,0.02219774547370812,False,True,False,above 0.2
GC_JET_BRENT,P5_RUNS_VS_5Y_CHG4,4,208,61,0.5289042849699963,0.16693126950775583,0.19677036442322868,-0.0010405900401992962,False,False,False,0.05 to 0.2
GC_JET_BRENT,P3_RUNS_VS_5Y,4,208,61,0.7392150508374871,0.00952910521887231,0.6867007628788412,0.095908895182505,False,True,False,0.001 to 0.01
GC_JET_BRENT,P3_RUNS_VS_5Y_CHG4,4,208,61,0.1959862851237651,0.47298179025959997,2.224223828404284,0.0198628665674615,False,True,False,above 0.2
GC_JET_BRENT,US_UTIL_VS_5Y,4,208,61,-0.003742508784421783,0.9922200269960015,0.5050333526413553,-0.0009449350381893762,False,False,False,above 0.2
GC_JET_BRENT,US_UTIL_VS_5Y_CHG4,4,208,61,-0.09373516529639081,0.7787366609746127,1.6705179413409874,-0.008254642603086948,False,False,False,above 0.2
GC_JET_BRENT,P5_OUTPUT_VS_52W,4,156,61,0.5545674816700659,0.08162088245745187,-0.08029365662325857,-0.015775762515325864,False,False,False,0.05 to 0.2
GC_JET_BRENT,P5_OUTPUT_VS_52W_CHG4,4,152,61,0.301325497524055,0.31101432997557554,1.285369182950325,0.017702355364632827,False,True,False,above 0.2
GC_JET_BRENT,P3_OUTPUT_VS_52W,4,156,61,0.611244165023162,0.08832980898784493,0.6362313022579236,0.07201216347876249,False,True,False,0.05 to 0.2
GC_JET_BRENT,P3_OUTPUT_VS_52W_CHG4,4,152,61,0.09973068538448246,0.7914982320276451,2.124719373387089,0.018712809260132746,False,True,False,above 0.2
GC_JET_BRENT,P5_IMPORTS_4W,4,208,61,1.0660163572299948,0.003366413304862472,0.19436918307799006,-0.2137720449985081,False,False,False,0.001 to 0.01
GC_JET_BRENT,P5_IMPORTS_4W_CHG4,4,208,61,0.05492757274713134,0.8859783184138712,-1.075527411333085,0.00010250440724146603,False,False,False,above 0.2
GC_JET_BRENT,US_DIST_STOCKS_VS_5Y,4,208,61,0.11518708100582102,0.7919441174289266,2.5477466366318153,0.019827627094073152,False,True,False,above 0.2
GC_JET_BRENT,US_DIST_STOCKS_VS_5Y_CHG4,4,208,61,-0.15838221631925364,0.6599193667174863,-0.05259734391603043,-0.009748863221180626,False,False,False,above 0.2
GC_JET_BRENT,P1_DIST_STOCKS_VS_5Y,4,208,61,0.06864750721040608,0.8662739434429864,4.776546862260543,0.012452189301798366,False,True,False,above 0.2
GC_JET_BRENT,P1_DIST_STOCKS_VS_5Y_CHG4,4,208,61,-0.492240067191519,0.22647624629548235,0.9560488968961849,-0.04804454209453857,False,False,False,above 0.2
GC_JET_BRENT,P1_IMPORTS_4W,4,208,61,-0.8961460395155516,0.020914621989166066,1.649797317803075,-0.17899299217342124,False,False,False,0.01 to 0.05
GC_JET_BRENT,P3_EXPORTS_4W,4,208,61,0.43426436526366785,0.19874031845631757,-3.517198106077231,-0.14839995680506535,False,False,False,0.05 to 0.2
GC_JET_BRENT,P1_STOCK_SURPRISE,4,208,61,-0.0596036583083919,0.7529292861548958,-0.09930364578276474,7.310289060225017e-05,False,True,False,above 0.2
GC_JET_BRENT,P3_STOCK_SURPRISE,4,208,61,-0.10063412778966538,0.5857583333360833,0.22765443368034563,-0.004306633552237038,False,False,False,above 0.2
GC_JET_BRENT,P5_STOCK_SURPRISE,4,208,61,-0.06173133148909392,0.7832546553829859,0.6249187001571466,-0.002094364252945624,False,False,False,above 0.2
GC_JET_BRENT,US_STOCK_SURPRISE,4,208,61,-0.25411128619062173,0.3488063709201634,0.5889931366902338,-0.015260672915471618,False,False,False,above 0.2
GC_JET_BRENT,US_DEMAND_CHG4,4,201,61,0.20630221153173467,0.48564114439627937,1.2732163687756606,0.028262345869622285,False,True,False,above 0.2
GC_JET_BRENT,P5_DEMAND_CHG4,4,201,61,0.13318267033657272,0.5903240971002246,-0.17696383172429464,0.004953663144603104,False,False,False,above 0.2
HO_BRENT,P1_JET_STOCKS_VS_5Y,1,208,61,-0.007106676520747056,0.9607897775542892,0.03327717292857659,-0.00015293038024966066,False,False,False,above 0.2
HO_BRENT,P1_JET_STOCKS_VS_5Y_CHG4,1,208,61,0.01883400874193844,0.8935768106736647,-0.09595791985061244,-0.0010738174283968505,False,False,False,above 0.2
HO_BRENT,P3_JET_STOCKS_VS_5Y,1,208,61,0.1642564820933741,0.3837999344240186,0.5405662327575687,0.015905628726590182,False,True,False,above 0.2
HO_BRENT,P3_JET_STOCKS_VS_5Y_CHG4,1,208,61,-0.21267278191393357,0.25970827299974053,0.4834855850690999,-0.03761946864701615,False,False,False,above 0.2
HO_BRENT,P5_JET_STOCKS_VS_5Y,1,208,61,0.32766972742515754,0.06381971556863607,0.6031410420983759,0.04440123245591143,False,True,False,0.05 to 0.2
HO_BRENT,P5_JET_STOCKS_VS_5Y_CHG4,1,208,61,0.10021134661534697,0.5884434142246397,-0.0015912408643770594,-0.0012216178479658168,False,False,False,above 0.2
HO_BRENT,US_JET_STOCKS_VS_5Y,1,208,61,0.26316002404256983,0.17598309871878015,1.125488057558207,0.03025400507500786,False,True,False,0.05 to 0.2
HO_BRENT,US_JET_STOCKS_VS_5Y_CHG4,1,208,61,-0.2235493938885911,0.3472121284606915,0.36017210724964405,-0.023963631988134892,False,False,False,above 0.2
HO_BRENT,P5_DAYS_SUPPLY,1,205,61,-0.2451170288111937,0.44907915343326055,0.5879196219183549,-0.03699405339303308,False,False,False,above 0.2
HO_BRENT,P5_DAYS_SUPPLY_CHG4,1,201,61,0.03194513516844638,0.8710358461306621,0.43466822427989044,0.00459397125841865,False,True,False,above 0.2
HO_BRENT,US_DAYS_SUPPLY,1,205,61,-0.09937800471897947,0.6625321514952613,0.35786461806401443,-0.015369376459984041,False,False,False,above 0.2
HO_BRENT,US_DAYS_SUPPLY_CHG4,1,201,61,0.04181003955835811,0.784101540559009,0.3974220831374042,0.005656853010360785,False,True,False,above 0.2
HO_BRENT,P5_RUNS_VS_5Y,1,208,61,0.1630451523799042,0.26836236972139127,0.2201233646049673,0.008883463130747615,False,True,False,above 0.2
HO_BRENT,P5_RUNS_VS_5Y_CHG4,1,208,61,0.06015704248609746,0.6680591974982426,-0.2929016213313086,-0.00881298903386929,False,False,False,above 0.2
HO_BRENT,P3_RUNS_VS_5Y,1,208,61,0.10056492670576592,0.5235817612306287,0.5081784228737979,0.008585226916649202,False,True,False,above 0.2
HO_BRENT,P3_RUNS_VS_5Y_CHG4,1,208,61,0.026465167008059357,0.8088581455366192,-0.008337485375330678,-2.313789822760981e-05,False,False,False,above 0.2
HO_BRENT,US_UTIL_VS_5Y,1,208,61,-0.15579067381599299,0.4667309351741613,0.6025771848469372,-0.033702194348216974,False,False,False,above 0.2
HO_BRENT,US_UTIL_VS_5Y_CHG4,1,208,61,-0.17822640869017942,0.31304708873943865,-0.14724675958375713,0.001165978776619725,False,True,False,above 0.2
HO_BRENT,P5_OUTPUT_VS_52W,1,156,61,0.11783491846210548,0.39993706566319165,0.12696715615662804,0.009836277316348285,False,True,False,above 0.2
HO_BRENT,P5_OUTPUT_VS_52W_CHG4,1,152,61,-0.09302453084318368,0.5123714147624614,-0.36699767768744007,0.010436942492370926,False,True,False,above 0.2
HO_BRENT,P3_OUTPUT_VS_52W,1,156,61,0.07368438004743508,0.6166592201721032,-0.07879037969683658,-0.0007684395748488448,False,False,False,above 0.2
HO_BRENT,P3_OUTPUT_VS_52W_CHG4,1,152,61,0.02236222859210056,0.8868714976872311,0.051669691858875294,0.0002694518620556252,False,True,False,above 0.2
HO_BRENT,P5_IMPORTS_4W,1,208,61,0.2990680307110678,0.30059558616181536,-0.6355906433166164,-0.07003765953085783,False,False,False,above 0.2
HO_BRENT,P5_IMPORTS_4W_CHG4,1,208,61,-0.18689588246205674,0.20002278078521918,-0.596802048953287,0.0239555898612952,False,True,False,above 0.2
HO_BRENT,US_DIST_STOCKS_VS_5Y,1,208,61,0.06727519719915584,0.6957064283738408,1.5119657774485893,0.0040526755007118664,False,True,False,above 0.2
HO_BRENT,US_DIST_STOCKS_VS_5Y_CHG4,1,208,61,-0.05507271453912343,0.6570793753927618,-0.29427215113787575,0.004118948783704002,False,True,False,above 0.2
HO_BRENT,P1_DIST_STOCKS_VS_5Y,1,208,61,0.00962543875939495,0.9570622585180746,0.8310696300103982,0.0006982485053184107,False,True,False,above 0.2
HO_BRENT,P1_DIST_STOCKS_VS_5Y_CHG4,1,208,61,-0.13161244113836007,0.4330154553948097,-0.10065273004262537,0.001139555639946832,False,True,False,above 0.2
HO_BRENT,P1_IMPORTS_4W,1,208,61,-0.24041992357731282,0.33355622931414686,0.06533263084279185,-0.014810339335731726,False,False,False,above 0.2
HO_BRENT,P3_EXPORTS_4W,1,208,61,0.13501075672152335,0.28534225709377226,0.1333106130566811,-0.010957333223639898,False,False,False,above 0.2
HO_BRENT,P1_STOCK_SURPRISE,1,208,61,0.039088519409939126,0.7850276694411761,-0.028545054720109368,-0.0011543852443536284,False,False,False,above 0.2
HO_BRENT,P3_STOCK_SURPRISE,1,208,61,0.01809861908303989,0.9319416333427806,0.16359198087284593,0.0012357218096196165,False,True,False,above 0.2
HO_BRENT,P5_STOCK_SURPRISE,1,208,61,0.08292551667216715,0.5549449160842076,0.5499772827836189,0.014277980619608166,False,True,False,above 0.2
HO_BRENT,US_STOCK_SURPRISE,1,208,61,-0.010809510422990401,0.9488790985534996,0.4687712769341904,-0.0014698113782944944,False,False,False,above 0.2
HO_BRENT,US_DEMAND_CHG4,1,201,61,-0.04253709757389744,0.7869246085298753,-0.36096549338046174,0.00669733934147787,False,True,False,above 0.2
HO_BRENT,P5_DEMAND_CHG4,1,201,61,-0.04309711375342762,0.8184480637450049,-0.47159992049312394,0.009642774126795706,False,True,False,above 0.2
HO_BRENT,P1_JET_STOCKS_VS_5Y,2,208,61,-0.045564138454519315,0.8488144107797738,0.07672295163642265,-0.0009391108297518436,False,False,False,above 0.2
HO_BRENT,P1_JET_STOCKS_VS_5Y_CHG4,2,208,61,-0.032366588964701376,0.8901310872845103,0.011806337240069046,-0.00011657890762228895,False,False,False,above 0.2
HO_BRENT,P3_JET_STOCKS_VS_5Y,2,208,61,0.29183473025005746,0.42677965229481696,0.7390186997287206,0.01584170263715501,False,True,False,above 0.2
HO_BRENT,P3_JET_STOCKS_VS_5Y_CHG4,2,208,61,-0.2246944866751763,0.5429953371919007,0.6106758617652049,-0.019075922331803996,False,False,False,above 0.2
HO_BRENT,P5_JET_STOCKS_VS_5Y,2,208,61,0.5761899975990694,0.052755042899486695,0.7480549519327743,0.03160134555911054,False,True,False,0.05 to 0.2
HO_BRENT,P5_JET_STOCKS_VS_5Y_CHG4,2,208,61,0.19039391575645395,0.49659982670240255,-0.28038811567203853,-0.008358618790045291,False,False,False,above 0.2
HO_BRENT,US_JET_STOCKS_VS_5Y,2,208,61,0.49774685301857247,0.1667167157135525,1.5827491637853583,0.03136640331551532,False,True,False,0.05 to 0.2
HO_BRENT,US_JET_STOCKS_VS_5Y_CHG4,2,208,61,-0.23476398245251884,0.5529751729936134,0.5988474181080581,-0.01500765217582778,False,False,False,above 0.2
HO_BRENT,P5_DAYS_SUPPLY,2,205,61,-0.475921150845357,0.33180239366394526,0.44256966702713785,-0.03084268850860128,False,False,False,above 0.2
HO_BRENT,P5_DAYS_SUPPLY_CHG4,2,201,61,0.08541202648743913,0.7803678196697097,0.47126381325851513,0.00518620644687684,False,True,False,above 0.2
HO_BRENT,US_DAYS_SUPPLY,2,205,61,-0.1146812450855151,0.7702511952800671,0.34861496747437687,-0.008049414151155343,False,False,False,above 0.2
HO_BRENT,US_DAYS_SUPPLY_CHG4,2,201,61,0.19157661877306226,0.473831675201154,0.544313043974611,0.011918353295525264,False,True,False,above 0.2
HO_BRENT,P5_RUNS_VS_5Y,2,208,61,0.36785690899035084,0.20845454376371175,0.24713675934614088,0.00542963555475795,False,True,False,above 0.2
HO_BRENT,P5_RUNS_VS_5Y_CHG4,2,208,61,0.3153273825213826,0.24236175156316608,-0.39226220322139377,-0.031236396238029096,False,False,False,above 0.2
HO_BRENT,P3_RUNS_VS_5Y,2,208,61,0.26476126772294006,0.3149532455724833,1.5622787498282669,0.02588488931925048,False,True,False,above 0.2
HO_BRENT,P3_RUNS_VS_5Y_CHG4,2,208,61,0.010697044055043979,0.9525403141007825,0.801482606459064,0.0005419620358638744,False,True,False,above 0.2
HO_BRENT,US_UTIL_VS_5Y,2,208,61,-0.172597289665468,0.6215019484503312,1.5072660175283248,-0.03071250277694282,False,False,False,above 0.2
HO_BRENT,US_UTIL_VS_5Y_CHG4,2,208,61,-0.3090787331960965,0.32163270576708325,0.5453709723553809,-0.01804425487162975,False,False,False,above 0.2
HO_BRENT,P5_OUTPUT_VS_52W,2,156,61,0.2589959710210988,0.2996389192436818,0.12934242986480196,0.01105119395031573,False,True,False,above 0.2
HO_BRENT,P5_OUTPUT_VS_52W_CHG4,2,152,61,-0.14348564397930258,0.5699593042846085,-0.743092044022168,0.01334993729421663,False,True,False,above 0.2
HO_BRENT,P3_OUTPUT_VS_52W,2,156,61,0.08329132866143765,0.7306375609300251,0.3784317273591259,0.0032426657455206787,False,True,False,above 0.2
HO_BRENT,P3_OUTPUT_VS_52W_CHG4,2,152,61,-0.1463358406742131,0.6060415132845149,0.5661742531769611,-0.009740318045908802,False,False,False,above 0.2
HO_BRENT,P5_IMPORTS_4W,2,208,61,0.657727633531936,0.1366891897107758,-1.4008959524337232,-0.13225916610682686,False,False,False,0.05 to 0.2
HO_BRENT,P5_IMPORTS_4W_CHG4,2,208,61,-0.14850870969485575,0.5242528011284353,-1.3614449519118923,0.019432343728216006,False,True,False,above 0.2
HO_BRENT,US_DIST_STOCKS_VS_5Y,2,208,61,0.15564962740261828,0.6125553713871589,2.887847902826741,0.007015342346729403,False,True,False,above 0.2
HO_BRENT,US_DIST_STOCKS_VS_5Y_CHG4,2,208,61,-0.030293719594908362,0.8981691959096652,-0.8113894460783156,0.0025936382876167174,False,True,False,above 0.2
HO_BRENT,P1_DIST_STOCKS_VS_5Y,2,208,61,0.04038792927828073,0.8980391849137361,1.9643208607417253,0.002442888540355903,False,True,False,above 0.2
HO_BRENT,P1_DIST_STOCKS_VS_5Y_CHG4,2,208,61,-0.12208873326792266,0.6725690434920248,-0.2840352150972254,0.0028249573257842497,False,True,False,above 0.2
HO_BRENT,P1_IMPORTS_4W,2,208,61,-0.4073672922735151,0.3198241473213379,0.265710351438168,-0.022746567039311882,False,False,False,above 0.2
HO_BRENT,P3_EXPORTS_4W,2,208,61,0.16697650413719406,0.45660110975478785,0.0783934002317912,-0.010045031227448264,False,False,False,above 0.2
HO_BRENT,P1_STOCK_SURPRISE,2,208,61,-0.08224878581871298,0.6651613662462011,-0.008816758488285082,-0.0006177488562881805,False,False,False,above 0.2
HO_BRENT,P3_STOCK_SURPRISE,2,208,61,0.06717385808970819,0.6884978575006222,0.2479860778199517,0.0024958006684423495,False,True,False,above 0.2
HO_BRENT,P5_STOCK_SURPRISE,2,208,61,0.2691964020362394,0.4125121806740374,0.4633793353906583,0.012829390778998473,False,True,False,above 0.2
HO_BRENT,US_STOCK_SURPRISE,2,208,61,-0.1342460908744399,0.5839234756304575,0.7864940222123504,-0.013039061536126217,False,False,False,above 0.2
HO_BRENT,US_DEMAND_CHG4,2,201,61,-0.11301138117841997,0.6643598205149874,-0.5259295395405319,0.009762701145569541,False,True,False,above 0.2
HO_BRENT,P5_DEMAND_CHG4,2,201,61,0.01708750710783897,0.9491977164440317,-0.6839998720243671,-0.0023504480334710642,False,False,False,above 0.2
HO_BRENT,P1_JET_STOCKS_VS_5Y,4,208,61,0.12203812256067625,0.7437932063839969,-0.028553847736337453,-0.001047877163210753,False,False,False,above 0.2
HO_BRENT,P1_JET_STOCKS_VS_5Y_CHG4,4,208,61,-0.05882839031878498,0.8685763242590597,-0.20863015957793918,0.0012854350893759525,False,True,False,above 0.2
HO_BRENT,P3_JET_STOCKS_VS_5Y,4,208,61,0.6486296233920603,0.18314286424081194,0.5422045984207499,0.00372940020575796,False,True,False,0.05 to 0.2
HO_BRENT,P3_JET_STOCKS_VS_5Y_CHG4,4,208,61,0.1434993606702628,0.7079734992645845,0.913995870126329,0.006809526006383071,False,True,False,above 0.2
HO_BRENT,P5_JET_STOCKS_VS_5Y,4,208,61,0.7385452666506698,0.1864780464158402,1.5466602746184206,0.05296518799155414,False,True,False,0.05 to 0.2
HO_BRENT,P5_JET_STOCKS_VS_5Y_CHG4,4,208,61,0.07793525677030208,0.8785744162658555,0.14369068766634957,0.0009870429445201223,False,True,False,above 0.2
HO_BRENT,US_JET_STOCKS_VS_5Y,4,208,61,1.1125642910019287,0.05080948159933293,1.7953142564117095,0.02939268470641032,False,True,False,0.05 to 0.2
HO_BRENT,US_JET_STOCKS_VS_5Y_CHG4,4,208,61,0.08145330697454492,0.8928792471035852,0.6919937808332473,0.002155927790376322,False,True,False,above 0.2
HO_BRENT,P5_DAYS_SUPPLY,4,205,61,-1.3036944333675766,0.05217442649200837,0.2812986030020981,-0.053295827309930655,False,False,False,0.05 to 0.2
HO_BRENT,P5_DAYS_SUPPLY_CHG4,4,201,61,0.24598677870482918,0.5274296763947963,0.4646628606219433,0.007495998194508191,False,True,False,above 0.2
HO_BRENT,US_DAYS_SUPPLY,4,205,61,0.09514653040649723,0.8773646212495888,-0.06685554483874598,-0.0006588305735713007,False,False,False,above 0.2
HO_BRENT,US_DAYS_SUPPLY_CHG4,4,201,61,0.5126759287551752,0.23613423206784634,-0.06546652980794655,-0.012637748966920492,False,False,False,above 0.2
HO_BRENT,P5_RUNS_VS_5Y,4,208,61,0.5970636592841516,0.14753205706579994,0.9043292164618393,0.024278389893495178,False,True,False,0.05 to 0.2
HO_BRENT,P5_RUNS_VS_5Y_CHG4,4,208,61,0.7007656067678351,0.06871758096316953,0.4573104135322424,0.003873375028416559,False,True,False,0.05 to 0.2
HO_BRENT,P3_RUNS_VS_5Y,4,208,61,0.4174118386380474,0.29933473947846134,3.0884667783179114,0.03723937878001948,False,True,False,above 0.2
HO_BRENT,P3_RUNS_VS_5Y_CHG4,4,208,61,0.04382108072485247,0.8750118146338223,1.5268979564604404,0.0021578776376472986,False,True,False,above 0.2
HO_BRENT,US_UTIL_VS_5Y,4,208,61,-0.2812449913181655,0.6391939212628439,2.7540932211915723,-0.03867362948858477,False,False,False,above 0.2
HO_BRENT,US_UTIL_VS_5Y_CHG4,4,208,61,-0.4447816880719558,0.37592207188716886,1.8661744565555647,-0.03888838456432775,False,False,False,above 0.2
HO_BRENT,P5_OUTPUT_VS_52W,4,156,61,0.569036431891039,0.1179822290008221,0.39681948686765484,0.025885861263737264,False,True,False,0.05 to 0.2
HO_BRENT,P5_OUTPUT_VS_52W_CHG4,4,152,61,0.15904668531575453,0.6451306141629131,-0.1784040808352994,-0.0020612477899788484,False,False,False,above 0.2
HO_BRENT,P3_OUTPUT_VS_52W,4,156,61,0.38571569623797475,0.2509030014099827,0.8109689084871718,0.009824266001322357,False,True,False,above 0.2
HO_BRENT,P3_OUTPUT_VS_52W_CHG4,4,152,61,-0.02007787242128929,0.9560991808845593,-0.05726868449228789,6.337924714183707e-05,False,True,False,above 0.2
HO_BRENT,P5_IMPORTS_4W,4,208,61,1.236085335427671,0.07630336075873273,-1.437599229843747,-0.1653587192952508,False,False,False,0.05 to 0.2
HO_BRENT,P5_IMPORTS_4W_CHG4,4,208,61,0.09678927358229802,0.7885320976625869,-0.7715550310798337,-0.005786978602285497,False,False,False,above 0.2
HO_BRENT,US_DIST_STOCKS_VS_5Y,4,208,61,0.3207700765149329,0.5337597662986517,4.457083954932114,0.007261561726331078,False,True,False,above 0.2
HO_BRENT,US_DIST_STOCKS_VS_5Y_CHG4,4,208,61,-0.062227005617617376,0.8740257170355192,-1.1870029908293338,0.004300362288980786,False,True,False,above 0.2
HO_BRENT,P1_DIST_STOCKS_VS_5Y,4,208,61,0.0661983205985982,0.8990230643024655,3.0357971476481707,0.0026399826257376136,False,True,False,above 0.2
HO_BRENT,P1_DIST_STOCKS_VS_5Y_CHG4,4,208,61,-0.5113737215347519,0.30584779786848937,-0.9653386334351005,0.018531015333031475,False,True,False,above 0.2
HO_BRENT,P1_IMPORTS_4W,4,208,61,-0.5415076390262465,0.42000359153408406,0.1947377733239184,-0.015318634063652858,False,False,False,above 0.2
HO_BRENT,P3_EXPORTS_4W,4,208,61,0.16927577544557326,0.6554107149947419,0.6320186623157168,-0.0027017305306114014,False,False,False,above 0.2
HO_BRENT,P1_STOCK_SURPRISE,4,208,61,0.024526650514222814,0.8996770382030003,-0.14787102794935547,-0.00048534308027070594,False,False,False,above 0.2
HO_BRENT,P3_STOCK_SURPRISE,4,208,61,-0.22383418685542017,0.43603634683370496,0.4698249226589075,-0.011052570993295374,False,False,False,above 0.2
HO_BRENT,P5_STOCK_SURPRISE,4,208,61,0.19714316232880477,0.3797977107417365,0.050109498967145734,0.0013181068708201238,False,True,False,above 0.2
HO_BRENT,US_STOCK_SURPRISE,4,208,61,-0.29438090599215283,0.41759484786352286,0.4832878521217098,-0.011113218717017759,False,False,False,above 0.2
HO_BRENT,US_DEMAND_CHG4,4,201,61,-0.13034267939746869,0.7127538942022684,0.18860711603582675,-0.0021739805446885363,False,False,False,above 0.2
HO_BRENT,P5_DEMAND_CHG4,4,201,61,0.21996585854304931,0.4388253553021171,-0.4036225026123679,-0.013362720043808451,False,False,False,above 0.2
BRENT_WTI,P1_JET_STOCKS_VS_5Y,1,208,61,-0.13370404989210025,0.2308672283544534,0.056931662132005116,-0.02494355916230706,False,False,False,above 0.2
BRENT_WTI,P1_JET_STOCKS_VS_5Y_CHG4,1,208,61,-0.0987072129000691,0.3402093471141473,0.04181297725770497,-0.00690248851390507,False,False,False,above 0.2
BRENT_WTI,P3_JET_STOCKS_VS_5Y,1,208,61,-0.13991622097696924,0.33843959314873917,-0.06629968044083494,-0.0368944605548156,False,False,False,above 0.2
BRENT_WTI,P3_JET_STOCKS_VS_5Y_CHG4,1,208,61,0.08745739670813611,0.48379372385518693,-0.18602376569295104,-0.009292610148569747,False,False,False,above 0.2
BRENT_WTI,P5_JET_STOCKS_VS_5Y,1,208,61,0.015104278397741838,0.9132862780720208,-0.31203346132462345,-0.002144965563233514,False,False,False,above 0.2
BRENT_WTI,P5_JET_STOCKS_VS_5Y_CHG4,1,208,61,0.2064459471838189,0.0944639816195143,-0.0571198506496855,-0.02012270945305694,False,False,False,0.05 to 0.2
BRENT_WTI,US_JET_STOCKS_VS_5Y,1,208,61,-0.08646015193511276,0.5960557816507694,-0.1012566995066989,-0.009021250962930605,False,False,False,above 0.2
BRENT_WTI,US_JET_STOCKS_VS_5Y_CHG4,1,208,61,0.10687582926102776,0.33755386341725857,-0.07137464076217209,-0.00439308028756602,False,False,False,above 0.2
BRENT_WTI,P5_DAYS_SUPPLY,1,205,61,0.06762612558538483,0.6884059507684778,-0.10167249302554804,0.003182071419177479,False,False,False,above 0.2
BRENT_WTI,P5_DAYS_SUPPLY_CHG4,1,201,61,0.2469154451613484,0.020857971923729044,-0.018595049636782823,-0.02981562466176446,False,False,False,0.01 to 0.05
BRENT_WTI,US_DAYS_SUPPLY,1,205,61,-0.06443846190984479,0.5568166807949072,-0.15503651773240895,-0.0079714416927954,False,False,False,above 0.2
BRENT_WTI,US_DAYS_SUPPLY_CHG4,1,201,61,0.20824781492453398,0.039550598937044906,-0.055026935572887556,-0.0296681988411458,False,False,False,0.01 to 0.05
BRENT_WTI,P5_RUNS_VS_5Y,1,208,61,-0.012843078783316777,0.9245216032947827,-0.4451379199444261,0.0017326572090990977,False,True,False,above 0.2
BRENT_WTI,P5_RUNS_VS_5Y_CHG4,1,208,61,-0.034453882507657095,0.7997177750295961,-0.17659378292445188,0.004083216758916541,False,True,False,above 0.2
BRENT_WTI,P3_RUNS_VS_5Y,1,208,61,-0.1073583088195885,0.19992439735758516,-0.015718536502062688,-0.02057615950269409,False,False,False,0.05 to 0.2
BRENT_WTI,P3_RUNS_VS_5Y_CHG4,1,208,61,-0.03463980575786139,0.7498418570302958,0.4311774121896989,-0.0036476501579945086,False,False,False,above 0.2
BRENT_WTI,US_UTIL_VS_5Y,1,208,61,-0.05554418288465446,0.6563750208823105,-0.17205551146878292,-0.016472104850600244,False,False,False,above 0.2
BRENT_WTI,US_UTIL_VS_5Y_CHG4,1,208,61,-0.028916098766667467,0.7914238158020712,0.09117732155860273,-0.0009010931234467723,False,False,False,above 0.2
BRENT_WTI,P5_OUTPUT_VS_52W,1,156,61,-0.10887383029594207,0.47832539644573613,-0.37313137415177516,0.0011066461783022508,False,True,False,above 0.2
BRENT_WTI,P5_OUTPUT_VS_52W_CHG4,1,152,61,-0.15700735075754416,0.2952069205795914,-0.14407729322323107,0.003480201100818592,False,True,False,above 0.2
BRENT_WTI,P3_OUTPUT_VS_52W,1,156,61,0.08857944964362116,0.6128746705133623,0.33653494790522503,0.018194367681985457,False,True,False,above 0.2
BRENT_WTI,P3_OUTPUT_VS_52W_CHG4,1,152,61,0.12028100005834975,0.32256495717739886,0.08290117499856335,0.006423120057799547,False,True,False,above 0.2
BRENT_WTI,P5_IMPORTS_4W,1,208,61,0.03988808842583231,0.8211936421265799,0.1680916529330733,-0.010210812166564276,False,False,False,above 0.2
BRENT_WTI,P5_IMPORTS_4W_CHG4,1,208,61,0.0910796822933882,0.39108850398427286,0.09924778842357458,0.0039061613240750637,False,True,False,above 0.2
BRENT_WTI,US_DIST_STOCKS_VS_5Y,1,208,61,-0.3089109927250402,0.06025711218912566,-1.5085444401030004,-0.15431197381719253,False,False,False,0.05 to 0.2
BRENT_WTI,US_DIST_STOCKS_VS_5Y_CHG4,1,208,61,-0.27090029690731626,0.04781036190311497,-0.08464397842471892,-0.0024032030272720384,False,False,False,0.01 to 0.05
BRENT_WTI,P1_DIST_STOCKS_VS_5Y,1,208,61,-0.3336450798948345,0.038954155973716105,-0.39522622191005036,-0.16792948197863078,False,False,False,0.01 to 0.05
BRENT_WTI,P1_DIST_STOCKS_VS_5Y_CHG4,1,208,61,-0.25609949777310687,0.12659569975219762,0.14001549161933483,-0.03498043418593144,False,False,False,0.05 to 0.2
BRENT_WTI,P1_IMPORTS_4W,1,208,61,0.10263950378114382,0.58198455014599,-0.14071958465563567,0.004816378995087023,False,False,False,above 0.2
BRENT_WTI,P3_EXPORTS_4W,1,208,61,0.16136334220066384,0.23897691023068557,-0.059650933482736444,-0.08663062329168403,False,False,False,above 0.2
BRENT_WTI,P1_STOCK_SURPRISE,1,208,61,0.0735464139210715,0.44855087793971926,0.05966590671503325,0.0017882600926736325,False,True,False,above 0.2
BRENT_WTI,P3_STOCK_SURPRISE,1,208,61,0.06618181218954214,0.5682359844351432,-0.1374528512799711,-0.007415867808867382,False,False,False,above 0.2
BRENT_WTI,P5_STOCK_SURPRISE,1,208,61,0.15904761709345658,0.1478114500987832,-0.07986754308345621,-0.014152283486995154,False,False,False,0.05 to 0.2
BRENT_WTI,US_STOCK_SURPRISE,1,208,61,0.19566941529867213,0.12034450962743973,-0.19180700808908502,-0.022536454941720185,False,False,False,0.05 to 0.2
BRENT_WTI,US_DEMAND_CHG4,1,201,61,-0.21177364285852876,0.04730673813839802,-0.008865844809257862,-0.026012405888279133,False,False,False,0.01 to 0.05
BRENT_WTI,P5_DEMAND_CHG4,1,201,61,-0.15948007169703732,0.10169735645570127,-0.025676654951069345,-0.016508607711489542,False,False,False,0.05 to 0.2
BRENT_WTI,P1_JET_STOCKS_VS_5Y,2,208,61,-0.3348573852537559,0.13041034460566153,0.034290406908464154,-0.05544564991045098,False,False,False,0.05 to 0.2
BRENT_WTI,P1_JET_STOCKS_VS_5Y_CHG4,2,208,61,-0.17704243494343738,0.33446537017485733,-0.12056373436320547,0.00378569920734928,False,True,False,above 0.2
BRENT_WTI,P3_JET_STOCKS_VS_5Y,2,208,61,-0.3155426556209324,0.29169509689344353,0.06935649999832556,-0.09207888893730631,False,False,False,above 0.2
BRENT_WTI,P3_JET_STOCKS_VS_5Y_CHG4,2,208,61,0.10963104946356836,0.5876685814182093,-0.053010687086373985,-0.00258795401204881,False,False,False,above 0.2
BRENT_WTI,P5_JET_STOCKS_VS_5Y,2,208,61,-0.031916333297068555,0.9050545116457799,-0.4775505933945135,0.0036974289242962532,False,True,False,above 0.2
BRENT_WTI,P5_JET_STOCKS_VS_5Y_CHG4,2,208,61,0.2925133681216684,0.17868897045829002,-0.08222056381517859,-0.021263480281675573,False,False,False,0.05 to 0.2
BRENT_WTI,US_JET_STOCKS_VS_5Y,2,208,61,-0.22514332598025377,0.50861286981765,0.059501772784414306,-0.025980376057620935,False,False,False,above 0.2
BRENT_WTI,US_JET_STOCKS_VS_5Y_CHG4,2,208,61,0.14978375198588675,0.44454021669283894,-0.13144696342537257,-0.005864493125309789,False,False,False,above 0.2
BRENT_WTI,P5_DAYS_SUPPLY,2,205,61,0.010373498152985902,0.9732360770525484,-0.05492543699243254,0.0008894324215612537,False,False,False,above 0.2
BRENT_WTI,P5_DAYS_SUPPLY_CHG4,2,201,61,0.43239991379756726,0.014765087592699271,-0.006695793580172815,-0.04388388849731961,False,False,False,0.01 to 0.05
BRENT_WTI,US_DAYS_SUPPLY,2,205,61,-0.16905312201817865,0.4120529172640901,-0.1651355714357048,-0.028992744382782654,False,False,False,above 0.2
BRENT_WTI,US_DAYS_SUPPLY_CHG4,2,201,61,0.44923218164238715,0.00972832362926233,-0.10877071783470296,-0.06552631496336403,False,False,False,0.001 to 0.01
BRENT_WTI,P5_RUNS_VS_5Y,2,208,61,0.008052242238041775,0.9690843259281483,-0.6491543468415668,-0.000621463918397458,False,False,False,above 0.2
BRENT_WTI,P5_RUNS_VS_5Y_CHG4,2,208,61,0.011648979951201309,0.9579120075977957,-0.4164377274676883,-0.0017145471477932883,False,False,False,above 0.2
BRENT_WTI,P3_RUNS_VS_5Y,2,208,61,-0.23474153386167712,0.1370244621119539,-0.4004485484875715,-0.03409833419823083,False,False,False,0.05 to 0.2
BRENT_WTI,P3_RUNS_VS_5Y_CHG4,2,208,61,-0.10749393722159897,0.5914401222836484,0.24639808028064095,-0.0031295953859842296,False,False,False,above 0.2
BRENT_WTI,US_UTIL_VS_5Y,2,208,61,-0.18919779294303335,0.377073309993575,-0.33282149436809993,-0.058041559177138824,False,False,False,above 0.2
BRENT_WTI,US_UTIL_VS_5Y_CHG4,2,208,61,-0.1133491511458796,0.5862740489438047,-0.055775131586752964,0.0005592391567784682,False,True,False,above 0.2
BRENT_WTI,P5_OUTPUT_VS_52W,2,156,61,-0.013092777651870629,0.9590342273886204,-0.4765702900422815,-0.00030390232082710966,False,False,False,above 0.2
BRENT_WTI,P5_OUTPUT_VS_52W_CHG4,2,152,61,-0.09610339585374197,0.6866662934599341,-0.27707525637560815,0.0042130249765142125,False,True,False,above 0.2
BRENT_WTI,P3_OUTPUT_VS_52W,2,156,61,0.17289665554321887,0.5858752336776336,-0.10872150113224632,0.015829100884380387,False,False,False,above 0.2
BRENT_WTI,P3_OUTPUT_VS_52W_CHG4,2,152,61,0.15272565518529324,0.4197874752517875,-0.20280051917124486,-0.0012216664990216675,False,False,False,above 0.2
BRENT_WTI,P5_IMPORTS_4W,2,208,61,0.12348289823905033,0.7151131680159509,0.4206984496365808,-0.03099666219790742,False,False,False,above 0.2
BRENT_WTI,P5_IMPORTS_4W_CHG4,2,208,61,0.25001525179493633,0.14587219901155368,0.33933865768839644,0.014612039814191569,False,True,False,0.05 to 0.2
BRENT_WTI,US_DIST_STOCKS_VS_5Y,2,208,61,-0.6197987405984315,0.04101699816820967,-2.4786427086263356,-0.31027922826393906,False,False,False,0.01 to 0.05
BRENT_WTI,US_DIST_STOCKS_VS_5Y_CHG4,2,208,61,-0.539316905872139,0.04105205686937874,-0.027665142666608012,-0.024831291383701215,False,False,False,0.01 to 0.05
BRENT_WTI,P1_DIST_STOCKS_VS_5Y,2,208,61,-0.6563825077618071,0.03412621863464487,-0.5712079253129038,-0.3280017409165057,False,False,False,0.01 to 0.05
BRENT_WTI,P1_DIST_STOCKS_VS_5Y_CHG4,2,208,61,-0.5195753256435217,0.08045180083609513,0.5738145927364211,-0.10875380909082,False,False,False,0.05 to 0.2
BRENT_WTI,P1_IMPORTS_4W,2,208,61,0.11005845403185416,0.7606501500605576,-0.3172880271580803,0.0045920176270358715,False,False,False,above 0.2
BRENT_WTI,P3_EXPORTS_4W,2,208,61,0.3302117108426721,0.19339766499228217,0.3073417038905572,-0.15837149532660977,False,False,False,0.05 to 0.2
BRENT_WTI,P1_STOCK_SURPRISE,2,208,61,-0.04726980037125749,0.6819812831255385,-0.05150688488905055,0.0005433881627826542,False,True,False,above 0.2
BRENT_WTI,P3_STOCK_SURPRISE,2,208,61,0.09023404984443645,0.5344522709623216,-0.041958774732500106,-0.0022542591113774435,False,False,False,above 0.2
BRENT_WTI,P5_STOCK_SURPRISE,2,208,61,0.3348350784948343,0.05114387877128153,-0.09490966184852623,-0.023804862993124454,False,False,False,0.05 to 0.2
BRENT_WTI,US_STOCK_SURPRISE,2,208,61,0.25681071243654513,0.18573710965762602,-0.2825324602245851,-0.020360184819043115,False,False,False,0.05 to 0.2
BRENT_WTI,US_DEMAND_CHG4,2,201,61,-0.49428444416537565,0.013166724310079045,0.010450491521164456,-0.07086329753960108,False,False,False,0.01 to 0.05
BRENT_WTI,P5_DEMAND_CHG4,2,201,61,-0.30851374311280455,0.0674580930161644,-0.00996459411006302,-0.03424547714345705,False,False,False,0.05 to 0.2
BRENT_WTI,P1_JET_STOCKS_VS_5Y,4,208,61,-0.5536246411075092,0.15994375967941865,0.3416262610923908,-0.10581257102815012,False,False,False,0.05 to 0.2
BRENT_WTI,P1_JET_STOCKS_VS_5Y_CHG4,4,208,61,-0.4504088173256149,0.11442725451238248,-0.20205492201982195,0.007185575610159867,False,True,False,0.05 to 0.2
BRENT_WTI,P3_JET_STOCKS_VS_5Y,4,208,61,-0.5154984730941347,0.3309472052026662,0.41541849577750617,-0.16504786053838028,False,False,False,above 0.2
BRENT_WTI,P3_JET_STOCKS_VS_5Y_CHG4,4,208,61,0.22908045933855525,0.4056904328172992,-0.14711927310617956,-0.008368273565464657,False,False,False,above 0.2
BRENT_WTI,P5_JET_STOCKS_VS_5Y,4,208,61,-0.2235465999827472,0.6231221199776549,-0.6921903790816167,0.026617863515828954,False,True,False,above 0.2
BRENT_WTI,P5_JET_STOCKS_VS_5Y_CHG4,4,208,61,-0.15233436507494086,0.6020879026599719,-0.28185251389222454,0.007037846624021626,False,True,False,above 0.2
BRENT_WTI,US_JET_STOCKS_VS_5Y,4,208,61,-0.3915776142589962,0.5350419129052848,0.8086155230357753,-0.050656874326642454,False,False,False,above 0.2
BRENT_WTI,US_JET_STOCKS_VS_5Y_CHG4,4,208,61,-0.14945562121224923,0.6500686062421637,-0.364839908963088,0.0067402918860675065,False,True,False,above 0.2
BRENT_WTI,P5_DAYS_SUPPLY,4,205,61,-0.5275770490414118,0.18651984943914623,0.1947409972401576,-0.08325664019620649,False,False,False,0.05 to 0.2
BRENT_WTI,P5_DAYS_SUPPLY_CHG4,4,201,61,0.26796548697271527,0.3235822694825172,0.31050867733545173,-0.001663010179346891,False,False,False,above 0.2
BRENT_WTI,US_DAYS_SUPPLY,4,205,61,-0.5727343024975132,0.15575630170424248,-0.03930101776715698,-0.1505869740940431,False,False,False,0.05 to 0.2
BRENT_WTI,US_DAYS_SUPPLY_CHG4,4,201,61,0.2948079815472184,0.26989804545629525,-0.15137352969041531,-0.027952246694724625,False,False,False,above 0.2
BRENT_WTI,P5_RUNS_VS_5Y,4,208,61,-0.06824587102126224,0.8216381250601997,-0.8229469699321846,0.0015720077771625984,False,True,False,above 0.2
BRENT_WTI,P5_RUNS_VS_5Y_CHG4,4,208,61,-0.41033824199423274,0.2975494262066596,-0.8401097303823354,0.04692598507561285,False,True,False,above 0.2
BRENT_WTI,P3_RUNS_VS_5Y,4,208,61,-0.32751850278729744,0.14444646913552767,-0.7494614467652622,-0.04871159392062263,False,False,False,0.05 to 0.2
BRENT_WTI,P3_RUNS_VS_5Y_CHG4,4,208,61,-0.2580032739950186,0.32843899316203584,0.16043628938613091,-0.0037695581123460276,False,False,False,above 0.2
BRENT_WTI,US_UTIL_VS_5Y,4,208,61,-0.44867682079125837,0.1282302510213875,0.020066498900873007,-0.17393339418942455,False,False,False,0.05 to 0.2
BRENT_WTI,US_UTIL_VS_5Y_CHG4,4,208,61,-0.4268030942941086,0.15507668744375752,0.17927334082021473,-0.01175345264057226,False,False,False,0.05 to 0.2
BRENT_WTI,P5_OUTPUT_VS_52W,4,156,61,0.3825129098619666,0.3038787004036523,-0.3715050553130796,0.01647198264979932,False,False,False,above 0.2
BRENT_WTI,P5_OUTPUT_VS_52W_CHG4,4,152,61,-0.13716807467910314,0.6641214069120421,-0.49255102604480855,0.004530881352200589,False,True,False,above 0.2
BRENT_WTI,P3_OUTPUT_VS_52W,4,156,61,0.19419384681164917,0.6988740584685313,-0.9492380419223738,0.007095159802058437,False,False,False,above 0.2
BRENT_WTI,P3_OUTPUT_VS_52W_CHG4,4,152,61,-0.010761802211478011,0.9636416050740545,-0.18216162943801423,-0.00031619799033366647,False,False,False,above 0.2
BRENT_WTI,P5_IMPORTS_4W,4,208,61,0.3430691050435676,0.5379241710871694,0.37120383936949364,-0.11064597897733885,False,False,False,above 0.2
BRENT_WTI,P5_IMPORTS_4W_CHG4,4,208,61,0.42286411814432057,0.08712794865943276,0.24342502929000182,0.003448487822797497,False,True,False,0.05 to 0.2
BRENT_WTI,US_DIST_STOCKS_VS_5Y,4,208,61,-1.0555242266828957,0.03948153018332484,-2.6793745359600796,-0.563804875702929,False,False,False,0.01 to 0.05
BRENT_WTI,US_DIST_STOCKS_VS_5Y_CHG4,4,208,61,-0.7836658674761676,0.07416206694748984,-0.1808016804638772,-0.038807508646752975,False,False,False,0.05 to 0.2
BRENT_WTI,P1_DIST_STOCKS_VS_5Y,4,208,61,-1.1477172126328647,0.042142276198259845,-1.070088905047882,-0.5967233619936885,False,False,False,0.01 to 0.05
BRENT_WTI,P1_DIST_STOCKS_VS_5Y_CHG4,4,208,61,-0.9401264674585845,0.055574260771643104,0.7624820273068132,-0.19953484044464154,False,False,False,0.05 to 0.2
BRENT_WTI,P1_IMPORTS_4W,4,208,61,0.08550743753856577,0.8925851338530532,-0.5174045316038998,0.003381249526363761,False,False,False,above 0.2
BRENT_WTI,P3_EXPORTS_4W,4,208,61,0.7120253978474884,0.11835550698465068,0.46250071180773755,-0.3643564453108654,False,False,False,0.05 to 0.2
BRENT_WTI,P1_STOCK_SURPRISE,4,208,61,-0.184515966437701,0.15792367709319688,0.08728065773707253,-0.008792096728346577,False,False,False,0.05 to 0.2
BRENT_WTI,P3_STOCK_SURPRISE,4,208,61,0.14750986006545344,0.42520466884665753,-0.24557285358612083,-0.009243574485057415,False,False,False,above 0.2
BRENT_WTI,P5_STOCK_SURPRISE,4,208,61,0.3965448620774474,0.06459374919388275,0.03894695011163704,-0.00914417350483232,False,False,False,0.05 to 0.2
BRENT_WTI,US_STOCK_SURPRISE,4,208,61,0.21800537577242654,0.38010637278342563,-0.05392282809898197,-0.0035722041139234495,False,False,False,above 0.2
BRENT_WTI,US_DEMAND_CHG4,4,201,61,-0.45473912667390753,0.12159697809927288,-0.02178624485164527,-0.03941989725174966,False,False,False,0.05 to 0.2
BRENT_WTI,P5_DEMAND_CHG4,4,201,61,-0.2104838023657063,0.4602095802155096,-0.2798051249302437,-0.0004030443626039659,False,False,False,above 0.2
HO_GASOIL,P1_JET_STOCKS_VS_5Y,1,208,61,-0.08526980093923849,0.3566703584598869,-0.1065964671816115,0.007255207482251835,False,True,False,above 0.2
HO_GASOIL,P1_JET_STOCKS_VS_5Y_CHG4,1,208,61,-0.03531562087467924,0.7074431282671991,-0.1276816264479119,0.005855633753394041,False,True,False,above 0.2
HO_GASOIL,P3_JET_STOCKS_VS_5Y,1,208,61,0.22483472777554425,0.11143439495892296,0.48165751345422236,0.02222688585642818,False,True,False,0.05 to 0.2
HO_GASOIL,P3_JET_STOCKS_VS_5Y_CHG4,1,208,61,-0.020579895449183067,0.8738096121652433,0.30735928949984903,-0.005619023285387437,False,False,False,above 0.2
HO_GASOIL,P5_JET_STOCKS_VS_5Y,1,208,61,0.11593654872947559,0.38328523201865694,-0.09465803616252157,-0.01522725746086695,False,False,False,above 0.2
HO_GASOIL,P5_JET_STOCKS_VS_5Y_CHG4,1,208,61,0.04269900617404358,0.753808155804472,-0.18969076179009128,-0.007772228071487586,False,False,False,above 0.2
HO_GASOIL,US_JET_STOCKS_VS_5Y,1,208,61,0.1313286333536025,0.3022346014758098,0.1651838790664556,-6.899892916822914e-05,False,False,False,above 0.2
HO_GASOIL,US_JET_STOCKS_VS_5Y_CHG4,1,208,61,-0.059076681448386306,0.7018678684183467,-0.018413640554003494,-0.0005057635972018915,False,False,False,above 0.2
HO_GASOIL,P5_DAYS_SUPPLY,1,205,61,-0.1602965364539283,0.450830491323191,-0.03904716767859452,-0.005157332260916858,False,False,False,above 0.2
HO_GASOIL,P5_DAYS_SUPPLY_CHG4,1,201,61,-0.04730808745549914,0.6243275266919275,0.04745417747825796,-0.002157761990521756,False,False,False,above 0.2
HO_GASOIL,US_DAYS_SUPPLY,1,205,61,-0.10515747090341918,0.4695816281715167,0.09014926566202369,-0.013273208831961592,False,False,False,above 0.2
HO_GASOIL,US_DAYS_SUPPLY_CHG4,1,201,61,-0.026692758185800275,0.772994990055647,0.08639453720869324,-0.002906899184800027,False,False,False,above 0.2
HO_GASOIL,P5_RUNS_VS_5Y,1,208,61,0.0362053099559369,0.7457343345720782,0.04506433767491092,0.0002796559274796939,False,True,False,above 0.2
HO_GASOIL,P5_RUNS_VS_5Y_CHG4,1,208,61,0.0017744496740686073,0.9863550792567138,-0.09177511635304879,-0.00022471525138989534,False,False,False,above 0.2
HO_GASOIL,P3_RUNS_VS_5Y,1,208,61,-0.07749878509006247,0.4176215955503857,0.14277356936094318,-0.0043748630953535095,False,False,False,above 0.2
HO_GASOIL,P3_RUNS_VS_5Y_CHG4,1,208,61,0.041994126399700744,0.7112621320571635,-0.1584877548634964,-0.0038078276301583003,False,False,False,above 0.2
HO_GASOIL,US_UTIL_VS_5Y,1,208,61,-0.22060209461445945,0.18463098861464378,0.04940186692945114,-0.03591052232442249,False,False,False,0.05 to 0.2
HO_GASOIL,US_UTIL_VS_5Y_CHG4,1,208,61,-0.0500025491084109,0.7528276389216088,-0.2595496402513202,0.007335219928035541,False,True,False,above 0.2
HO_GASOIL,P5_OUTPUT_VS_52W,1,156,61,-0.16634867899726674,0.032158901034615855,0.1768740325110694,-0.057914027017473835,False,False,False,0.01 to 0.05
HO_GASOIL,P5_OUTPUT_VS_52W_CHG4,1,152,61,-0.19092446120553913,0.026205579229553588,0.14023141540584333,-0.0539499713296383,False,False,False,0.01 to 0.05
HO_GASOIL,P3_OUTPUT_VS_52W,1,156,61,-0.03599297300792231,0.6960532749948549,0.01794541132874682,-0.000830272899682738,False,False,False,above 0.2
HO_GASOIL,P3_OUTPUT_VS_52W_CHG4,1,152,61,0.12786640978340524,0.22655895104166535,-0.1684096181934555,-0.02378784196581374,False,False,False,above 0.2
HO_GASOIL,P5_IMPORTS_4W,1,208,61,0.2277483722204001,0.28076578600105107,-0.17543603978210315,-0.04941535501123262,False,False,False,above 0.2
HO_GASOIL,P5_IMPORTS_4W_CHG4,1,208,61,-0.02590021920183104,0.7870385580090575,-0.3097773393566437,0.005733556301347975,False,True,False,above 0.2
HO_GASOIL,US_DIST_STOCKS_VS_5Y,1,208,61,0.18010936542010772,0.23024020838118608,0.5461455229683677,-0.032726893999177165,False,False,False,above 0.2
HO_GASOIL,US_DIST_STOCKS_VS_5Y_CHG4,1,208,61,-0.038932459701136186,0.68091126471109,0.07900292533973557,-0.0029927749578961826,False,False,False,above 0.2
HO_GASOIL,P1_DIST_STOCKS_VS_5Y,1,208,61,0.23570214640911852,0.15076997432094447,-0.09337341203778401,-0.056939619994468504,False,False,False,0.05 to 0.2
HO_GASOIL,P1_DIST_STOCKS_VS_5Y_CHG4,1,208,61,0.02018642936622332,0.8743031326675067,-0.013461818468875973,-0.00029926369248767237,False,False,False,above 0.2
HO_GASOIL,P1_IMPORTS_4W,1,208,61,-0.22474138705892643,0.24173097827959567,0.14514854585435377,-0.025657434083198982,False,False,False,above 0.2
HO_GASOIL,P3_EXPORTS_4W,1,208,61,-0.06933560829815348,0.5318105950515208,-0.2660766964036125,-0.003998634093806741,False,False,False,above 0.2
HO_GASOIL,P1_STOCK_SURPRISE,1,208,61,-0.1710606318372677,0.1631186953700995,-0.17266472511147973,0.026514814540123388,False,True,False,0.05 to 0.2
HO_GASOIL,P3_STOCK_SURPRISE,1,208,61,0.33002945435499775,0.09914671893327567,0.21513280384074748,0.020807206386696864,False,True,False,0.05 to 0.2
HO_GASOIL,P5_STOCK_SURPRISE,1,208,61,0.11717613058742912,0.36574754119065045,0.15280048689258136,0.010863835720668624,False,True,False,above 0.2
HO_GASOIL,US_STOCK_SURPRISE,1,208,61,0.1928516562062766,0.21340096112328188,0.14738676967051942,0.007582619212361141,False,True,False,above 0.2
HO_GASOIL,US_DEMAND_CHG4,1,201,61,0.03596989631821388,0.6898228482270891,-0.13126761944901316,-0.006817557804035035,False,False,False,above 0.2
HO_GASOIL,P5_DEMAND_CHG4,1,201,61,0.012280328382630627,0.9025672981925493,-0.14920052087959934,-0.0025562558648899447,False,False,False,above 0.2
HO_GASOIL,P1_JET_STOCKS_VS_5Y,2,208,61,-0.1008707278192747,0.3919186325724858,0.018272775378643455,-0.015213398084843677,False,False,False,above 0.2
HO_GASOIL,P1_JET_STOCKS_VS_5Y_CHG4,2,208,61,0.044285234175122895,0.7109512735694774,-0.06017981902610673,-0.0033610366116108015,False,False,False,above 0.2
HO_GASOIL,P3_JET_STOCKS_VS_5Y,2,208,61,0.05510423451109639,0.7785585273983293,0.5576267655756284,0.009295072630731815,False,True,False,above 0.2
HO_GASOIL,P3_JET_STOCKS_VS_5Y_CHG4,2,208,61,-0.24398538424735164,0.3571982603121726,0.22509551987721071,-0.0660140491343304,False,False,False,above 0.2
HO_GASOIL,P5_JET_STOCKS_VS_5Y,2,208,61,0.18877643962015347,0.33194432656209183,-0.22197651712238367,-0.052608314497332165,False,False,False,above 0.2
HO_GASOIL,P5_JET_STOCKS_VS_5Y_CHG4,2,208,61,0.043110237535714614,0.8319320620150183,-0.48860404261934404,-0.019226919302776757,False,False,False,above 0.2
HO_GASOIL,US_JET_STOCKS_VS_5Y,2,208,61,0.04875142872510199,0.7853035185891407,0.18868095154941494,0.003228842296516099,False,True,False,above 0.2
HO_GASOIL,US_JET_STOCKS_VS_5Y_CHG4,2,208,61,-0.15419127952246223,0.5241280587796019,-0.1722094720199465,0.009970231401355667,False,True,False,above 0.2
HO_GASOIL,P5_DAYS_SUPPLY,2,205,61,-0.14800232510313419,0.6350073754455188,-0.22732313639365634,0.01787342680433479,False,True,False,above 0.2
HO_GASOIL,P5_DAYS_SUPPLY_CHG4,2,201,61,-0.07523451119404843,0.5813732194622447,-0.194029837001196,0.013310086646427743,False,True,False,above 0.2
HO_GASOIL,US_DAYS_SUPPLY,2,205,61,-0.13345395143344022,0.5427033000167423,0.2233249975133371,-0.032700047037785174,False,False,False,above 0.2
HO_GASOIL,US_DAYS_SUPPLY_CHG4,2,201,61,0.015290425854208797,0.9194501300444541,0.06285570840006179,0.0010997721151883022,False,True,False,above 0.2
HO_GASOIL,P5_RUNS_VS_5Y,2,208,61,0.08311987198554706,0.6406525109850618,0.17551621852359603,0.004754094600692982,False,True,False,above 0.2
HO_GASOIL,P5_RUNS_VS_5Y_CHG4,2,208,61,0.03914162961541026,0.7841024054954032,0.10462848723535018,0.004841243690700714,False,True,False,above 0.2
HO_GASOIL,P3_RUNS_VS_5Y,2,208,61,-0.14321242908679044,0.41108600035831144,0.19683520122179507,-0.01919077027440541,False,False,False,above 0.2
HO_GASOIL,P3_RUNS_VS_5Y_CHG4,2,208,61,0.05953194750626847,0.7314378995794182,-0.2068608680395814,-0.0012792805427201959,False,False,False,above 0.2
HO_GASOIL,US_UTIL_VS_5Y,2,208,61,-0.26942917818138573,0.22988351712121757,0.1280043929341024,-0.03204751456780297,False,False,False,above 0.2
HO_GASOIL,US_UTIL_VS_5Y_CHG4,2,208,61,-0.004648908072056625,0.9831958098479302,-0.09893670664914256,6.276897875512333e-05,False,True,False,above 0.2
HO_GASOIL,P5_OUTPUT_VS_52W,2,156,61,-0.24370271019532413,0.049020826519928166,0.08123976829498832,-0.04444202185107038,False,False,False,0.01 to 0.05
HO_GASOIL,P5_OUTPUT_VS_52W_CHG4,2,152,61,-0.1967842242517542,0.18099246052924778,0.13657693901867782,-0.04914487797921274,False,False,False,0.05 to 0.2
HO_GASOIL,P3_OUTPUT_VS_52W,2,156,61,-0.08100844623766444,0.5689892744311269,-0.19796648467539937,0.00958055483793685,False,True,False,above 0.2
HO_GASOIL,P3_OUTPUT_VS_52W_CHG4,2,152,61,0.16826629801678167,0.271408111266241,-0.2731980114954395,-0.04255234350796844,False,False,False,above 0.2
HO_GASOIL,P5_IMPORTS_4W,2,208,61,0.23020321408981265,0.43345771192169436,-0.15893721150324153,-0.03026469750059224,False,False,False,above 0.2
HO_GASOIL,P5_IMPORTS_4W_CHG4,2,208,61,0.043636573576421346,0.7523506287955504,-0.2125794447075217,-0.008963273657789594,False,False,False,above 0.2
HO_GASOIL,US_DIST_STOCKS_VS_5Y,2,208,61,0.20035199959232525,0.27781620252366945,-0.31138807229353216,-0.00973240077675519,False,False,False,above 0.2
HO_GASOIL,US_DIST_STOCKS_VS_5Y_CHG4,2,208,61,0.0002786759347237818,0.9986508033044634,-0.12976333381500785,-1.1442525599481002e-05,False,False,False,above 0.2
HO_GASOIL,P1_DIST_STOCKS_VS_5Y,2,208,61,0.21513102682389437,0.2818024596846269,-1.1598363651508394,-0.019452466365630805,False,False,False,above 0.2
HO_GASOIL,P1_DIST_STOCKS_VS_5Y_CHG4,2,208,61,-0.028478685599832416,0.8719736316445366,-0.28409271512704004,0.0054609395065169375,False,True,False,above 0.2
HO_GASOIL,P1_IMPORTS_4W,2,208,61,-0.3502755794515664,0.2203294007473905,0.128379784088217,-0.08614224429687156,False,False,False,above 0.2
HO_GASOIL,P3_EXPORTS_4W,2,208,61,0.01028706085512062,0.9530864947175229,-0.05940305465887639,-0.0007614734058059014,False,False,False,above 0.2
HO_GASOIL,P1_STOCK_SURPRISE,2,208,61,-0.14398625032756737,0.23430733600140952,0.025424256733068456,-0.021940956790705624,False,False,False,above 0.2
HO_GASOIL,P3_STOCK_SURPRISE,2,208,61,0.2290778182723218,0.09745449908182334,0.16142848301074475,0.010325610012602793,False,True,False,0.05 to 0.2
HO_GASOIL,P5_STOCK_SURPRISE,2,208,61,0.4011684794643651,0.1571984334751845,0.05949504024421913,-0.056101824417743584,False,False,False,0.05 to 0.2
HO_GASOIL,US_STOCK_SURPRISE,2,208,61,0.17058913427208094,0.3562740550433393,0.43731882300187896,0.03717947989270354,False,True,False,above 0.2
HO_GASOIL,US_DEMAND_CHG4,2,201,61,-0.01936578683081525,0.8939050962500474,-0.13353942495429,0.002161661154208794,False,True,False,above 0.2
HO_GASOIL,P5_DEMAND_CHG4,2,201,61,0.015507850032910362,0.9105920801901264,-0.049017397569680494,-0.0006894049850150186,False,False,False,above 0.2
HO_GASOIL,P1_JET_STOCKS_VS_5Y,4,208,61,-0.1458102558184771,0.4086582941526222,-0.007957934759280808,-0.013724023475026215,False,False,False,above 0.2
HO_GASOIL,P1_JET_STOCKS_VS_5Y_CHG4,4,208,61,-0.09388350393718992,0.5983413472385635,-0.07574547482301457,-0.00019820850806540058,False,False,False,above 0.2
HO_GASOIL,P3_JET_STOCKS_VS_5Y,4,208,61,0.2293974971570683,0.38568108263972267,0.6737574439770403,0.005319035943599504,False,True,False,above 0.2
HO_GASOIL,P3_JET_STOCKS_VS_5Y_CHG4,4,208,61,0.028317802665890138,0.8897382607577718,0.1587689331355324,0.0021247971828713963,False,True,False,above 0.2
HO_GASOIL,P5_JET_STOCKS_VS_5Y,4,208,61,0.053375477649109965,0.8213967847614958,-0.2944858532716621,-0.007747518970785627,False,False,False,above 0.2
HO_GASOIL,P5_JET_STOCKS_VS_5Y_CHG4,4,208,61,-0.3413342976041418,0.2600977676827898,-0.6371042154566832,0.07459097769153644,False,True,False,above 0.2
HO_GASOIL,US_JET_STOCKS_VS_5Y,4,208,61,0.10902692681473014,0.6829211315142193,0.1674982647103453,0.002361329870182005,False,True,False,above 0.2
HO_GASOIL,US_JET_STOCKS_VS_5Y_CHG4,4,208,61,-0.20223006301076982,0.5159322679683525,-0.3705519321606962,0.015210417515956975,False,True,False,above 0.2
HO_GASOIL,P5_DAYS_SUPPLY,4,205,61,-0.65902445632332,0.12736727084341878,-0.040072224048378735,0.009103478117707176,False,True,False,0.05 to 0.2
HO_GASOIL,P5_DAYS_SUPPLY_CHG4,4,201,61,-0.1679673615245326,0.33585834484800714,-0.2259676011119984,0.01557136767361833,False,True,False,above 0.2
HO_GASOIL,US_DAYS_SUPPLY,4,205,61,-0.0008639175988085889,0.9972814635439904,0.676920732261993,-0.00014221674374792492,False,False,False,above 0.2
HO_GASOIL,US_DAYS_SUPPLY_CHG4,4,201,61,-0.09316138677459936,0.701925020808092,0.2966221407463711,-0.014383400842366001,False,False,False,above 0.2
HO_GASOIL,P5_RUNS_VS_5Y,4,208,61,0.0692634950261159,0.7602251422925037,0.2528486704351612,0.0016956828078502628,False,True,False,above 0.2
HO_GASOIL,P5_RUNS_VS_5Y_CHG4,4,208,61,0.004079458212731965,0.9824444596503611,0.45194582913878156,0.0009310004324609711,False,True,False,above 0.2
HO_GASOIL,P3_RUNS_VS_5Y,4,208,61,-0.37790328387327266,0.052177994598136095,0.8568374245575355,-0.0672990810089884,False,False,False,0.05 to 0.2
HO_GASOIL,P3_RUNS_VS_5Y_CHG4,4,208,61,-0.07028188924556969,0.7422029586969865,0.24734228391776236,-0.006768407249938768,False,False,False,above 0.2
HO_GASOIL,US_UTIL_VS_5Y,4,208,61,-0.6487442733342326,0.034739581038110354,0.37500582155636536,-0.08214410033677755,False,False,False,0.01 to 0.05
HO_GASOIL,US_UTIL_VS_5Y_CHG4,4,208,61,-0.18032254113980223,0.4908905725838958,0.11159806512525633,-0.011968540277144779,False,False,False,above 0.2
HO_GASOIL,P5_OUTPUT_VS_52W,4,156,61,-0.22599136536749787,0.1679475371053869,-0.1415719049747251,0.011040050033420123,False,True,False,0.05 to 0.2
HO_GASOIL,P5_OUTPUT_VS_52W_CHG4,4,152,61,-0.20269717432589718,0.3650622890159363,-0.2742032570151922,0.006111186580600503,False,True,False,above 0.2
HO_GASOIL,P3_OUTPUT_VS_52W,4,156,61,-0.319602607745284,0.11286084903857856,-0.2655486091748303,0.02378453923160251,False,True,False,0.05 to 0.2
HO_GASOIL,P3_OUTPUT_VS_52W_CHG4,4,152,61,0.19021696326514909,0.3021827356825856,-0.6427110769687557,-0.043780530968637876,False,False,False,above 0.2
HO_GASOIL,P5_IMPORTS_4W,4,208,61,0.24458769597554347,0.5512044262180356,-0.3368868081561404,-0.010259485909301924,False,False,False,above 0.2
HO_GASOIL,P5_IMPORTS_4W_CHG4,4,208,61,0.09148927049449365,0.6004604942304358,-0.20451613112082404,-0.011325726884539256,False,False,False,above 0.2
HO_GASOIL,US_DIST_STOCKS_VS_5Y,4,208,61,0.31305879621794225,0.2723129441384883,-0.3531524143953162,-0.018952258380412257,False,False,False,above 0.2
HO_GASOIL,US_DIST_STOCKS_VS_5Y_CHG4,4,208,61,-0.2651476211949464,0.2581891278684296,-0.31446669270069116,0.0031554240619913188,False,True,False,above 0.2
HO_GASOIL,P1_DIST_STOCKS_VS_5Y,4,208,61,0.2652703390177737,0.37280880276084194,-2.19351743985386,-0.021039182627870412,False,False,False,above 0.2
HO_GASOIL,P1_DIST_STOCKS_VS_5Y_CHG4,4,208,61,-0.25333760220998874,0.3176149018785439,-0.8907136751566581,0.058476675777616394,False,True,False,above 0.2
HO_GASOIL,P1_IMPORTS_4W,4,208,61,-0.35226825635935666,0.35631647430798796,-0.19586647071818078,-0.030095354796533247,False,False,False,above 0.2
HO_GASOIL,P3_EXPORTS_4W,4,208,61,0.020052042644122133,0.9470209008551023,1.0555996319720773,0.0026488423283473894,False,True,False,above 0.2
HO_GASOIL,P1_STOCK_SURPRISE,4,208,61,-0.07486063616627706,0.5722297010383753,-0.20072471464355665,0.0057775942329491015,False,True,False,above 0.2
HO_GASOIL,P3_STOCK_SURPRISE,4,208,61,-0.0291365928843101,0.8673785401266925,0.24775782849149283,-0.003254977088011257,False,False,False,above 0.2
HO_GASOIL,P5_STOCK_SURPRISE,4,208,61,0.014455784763157578,0.9175609546950336,-0.04959420489170863,-0.0007186994318146844,False,False,False,above 0.2
HO_GASOIL,US_STOCK_SURPRISE,4,208,61,-0.1865725439945743,0.41551697272717425,-0.08193625187566478,0.0002701917274066101,False,True,False,above 0.2
HO_GASOIL,US_DEMAND_CHG4,4,201,61,0.08537746188223118,0.7000906005284684,-0.4219702318182813,-0.01758140678293052,False,False,False,above 0.2
HO_GASOIL,P5_DEMAND_CHG4,4,201,61,0.0993574986340487,0.5600271593067904,-0.21601113532439156,-0.01213930615346448,False,False,False,above 0.2
NWE_JET_GASOIL,P1_JET_STOCKS_VS_5Y,1,208,61,0.023336423752635303,0.6387376225578598,-0.1463778538874184,-0.004497134725294671,False,False,False,above 0.2
NWE_JET_GASOIL,P1_JET_STOCKS_VS_5Y_CHG4,1,208,61,0.02599294750243553,0.5707418357539135,-0.032512988349349,-0.0036885799734192037,False,False,False,above 0.2
NWE_JET_GASOIL,P3_JET_STOCKS_VS_5Y,1,208,61,-0.004461333387335838,0.9274912846233812,-0.22625989696911347,-7.882745936216295e-05,False,False,False,above 0.2
NWE_JET_GASOIL,P3_JET_STOCKS_VS_5Y_CHG4,1,208,61,-0.07861013035451667,0.1283060636797111,-0.19907537331818717,0.02031206746893699,False,True,False,0.05 to 0.2
NWE_JET_GASOIL,P5_JET_STOCKS_VS_5Y,1,208,61,0.009127925815330867,0.8393670858245681,0.1403778284522211,0.0016841792671429268,False,True,False,above 0.2
NWE_JET_GASOIL,P5_JET_STOCKS_VS_5Y_CHG4,1,208,61,-0.07208123508498994,0.11821140682767023,0.1041938361633213,-0.019148682088151014,False,False,False,0.05 to 0.2
NWE_JET_GASOIL,US_JET_STOCKS_VS_5Y,1,208,61,0.005597238798014711,0.9228934496733892,-0.3135176054084877,-0.0005252507950290752,False,False,False,above 0.2
NWE_JET_GASOIL,US_JET_STOCKS_VS_5Y_CHG4,1,208,61,-0.09412092813691963,0.05875311456283565,-0.22288924726459164,0.02083066494035657,False,True,False,0.05 to 0.2
NWE_JET_GASOIL,P5_DAYS_SUPPLY,1,205,61,-0.021310919952693515,0.7600582360707638,-0.2718984179859367,0.002775405822001975,False,True,False,above 0.2
NWE_JET_GASOIL,P5_DAYS_SUPPLY_CHG4,1,201,61,0.05462490874818077,0.3398371227319559,-0.08413831465746752,-0.015127575934975379,False,False,False,above 0.2
NWE_JET_GASOIL,US_DAYS_SUPPLY,1,205,61,-0.06568696233012679,0.18759749393673186,-0.4932743915921604,0.024534957340824226,False,True,False,0.05 to 0.2
NWE_JET_GASOIL,US_DAYS_SUPPLY_CHG4,1,201,61,-0.05075983302778965,0.33897639073797936,-0.2614541497394869,0.02824520409653175,False,True,False,above 0.2
NWE_JET_GASOIL,P5_RUNS_VS_5Y,1,208,61,0.019099924926252697,0.6966062395228645,0.10629210714922983,0.005726107556180415,False,True,False,above 0.2
NWE_JET_GASOIL,P5_RUNS_VS_5Y_CHG4,1,208,61,-0.07412264174672564,0.20766050585796791,0.0690836073704886,-0.01956482205429655,False,False,False,above 0.2
NWE_JET_GASOIL,P3_RUNS_VS_5Y,1,208,61,0.03444600170662151,0.42412982976654856,-0.10519714974741454,0.0027497154856145345,False,False,False,above 0.2
NWE_JET_GASOIL,P3_RUNS_VS_5Y_CHG4,1,208,61,0.11795495340979863,0.07189282606011062,0.08337382460819759,0.002954031798491963,False,True,False,0.05 to 0.2
NWE_JET_GASOIL,US_UTIL_VS_5Y,1,208,61,-0.0030442712663215337,0.9377468527834887,-0.13032941208506266,-0.0007250700317027459,False,False,False,above 0.2
NWE_JET_GASOIL,US_UTIL_VS_5Y_CHG4,1,208,61,0.1118976068950367,0.06366160488009846,-0.022615202188218206,-0.009052647281011295,False,False,False,0.05 to 0.2
NWE_JET_GASOIL,P5_OUTPUT_VS_52W,1,156,61,-0.09230103180972157,0.12673473883412523,-0.00468631642477995,-0.06918100820988515,False,False,False,0.05 to 0.2
NWE_JET_GASOIL,P5_OUTPUT_VS_52W_CHG4,1,152,61,-0.10806540923870006,0.09362499796500444,0.2792588943253202,-0.07589864438900196,False,False,False,0.05 to 0.2
NWE_JET_GASOIL,P3_OUTPUT_VS_52W,1,156,61,-0.05912824129269055,0.2939506162853778,0.24666799992257185,-0.03369829713109618,False,False,False,above 0.2
NWE_JET_GASOIL,P3_OUTPUT_VS_52W_CHG4,1,152,61,0.02011541524802837,0.7135526760740807,0.23707300889685937,0.005833935152737002,False,True,False,above 0.2
NWE_JET_GASOIL,P5_IMPORTS_4W,1,208,61,0.04975570997238056,0.5675741782138914,0.3867633616105736,0.0013515191913953117,False,True,False,above 0.2
NWE_JET_GASOIL,P5_IMPORTS_4W_CHG4,1,208,61,0.005059849025815327,0.915920095303993,0.15010023864729202,0.0011984784824896622,False,True,False,above 0.2
NWE_JET_GASOIL,US_DIST_STOCKS_VS_5Y,1,208,61,0.020336454322118048,0.7293604843276459,-0.646569931532804,0.00624628488515544,False,False,False,above 0.2
NWE_JET_GASOIL,US_DIST_STOCKS_VS_5Y_CHG4,1,208,61,-0.07338550018691571,0.20573235811753732,-0.1806759914121614,0.0179392236449627,False,True,False,above 0.2
NWE_JET_GASOIL,P1_DIST_STOCKS_VS_5Y,1,208,61,0.048978661222515256,0.46900843889799126,0.199707331525878,0.017498134787146014,False,True,False,above 0.2
NWE_JET_GASOIL,P1_DIST_STOCKS_VS_5Y_CHG4,1,208,61,-0.07497066269642695,0.25201773761797064,-0.06120321624797362,0.004314446523766113,False,True,False,above 0.2
NWE_JET_GASOIL,P1_IMPORTS_4W,1,208,61,-0.0015007248897144117,0.9837651648356253,0.3155453501420163,-0.0007910926574377086,False,False,False,above 0.2
NWE_JET_GASOIL,P3_EXPORTS_4W,1,208,61,-0.005865343941483303,0.9253510978379326,-0.5133917612110641,0.004909142345007389,False,True,False,above 0.2
NWE_JET_GASOIL,P1_STOCK_SURPRISE,1,208,61,0.007810234440131462,0.8640326710875902,-0.0627329045341357,-0.0017996221076630459,False,False,False,above 0.2
NWE_JET_GASOIL,P3_STOCK_SURPRISE,1,208,61,-0.024713690102383067,0.5874912885868047,-0.03420009217649194,0.0010265734272871807,False,True,False,above 0.2
NWE_JET_GASOIL,P5_STOCK_SURPRISE,1,208,61,-0.018102692238969084,0.6449948500522005,-0.057261040504416626,0.0015304681632077877,False,True,False,above 0.2
NWE_JET_GASOIL,US_STOCK_SURPRISE,1,208,61,-0.03597915082347484,0.5348744086303014,-0.20466114914750452,0.009867761073980352,False,True,False,above 0.2
NWE_JET_GASOIL,US_DEMAND_CHG4,1,201,61,0.00928627872937373,0.8684076214692545,0.20510614032358646,0.005323808778766703,False,True,False,above 0.2
NWE_JET_GASOIL,P5_DEMAND_CHG4,1,201,61,-0.07548779926771053,0.2310518456124423,0.09947742447206932,-0.034250216296570546,False,False,False,above 0.2
NWE_JET_GASOIL,P1_JET_STOCKS_VS_5Y,2,208,61,0.04045063862569554,0.6130202711702404,-0.2452967036007597,-0.0023989399196089334,False,False,False,above 0.2
NWE_JET_GASOIL,P1_JET_STOCKS_VS_5Y_CHG4,2,208,61,0.032061014282049355,0.6251836316789492,0.005647124263829149,-5.346798124916674e-06,False,False,False,above 0.2
NWE_JET_GASOIL,P3_JET_STOCKS_VS_5Y,2,208,61,0.009512454974529141,0.9084233978982746,-0.14414068682307338,0.00047970109136230565,False,False,False,above 0.2
NWE_JET_GASOIL,P3_JET_STOCKS_VS_5Y_CHG4,2,208,61,-0.1343165677554646,0.10623551997176842,-0.35861760449287455,0.006636105301682016,False,True,False,0.05 to 0.2
NWE_JET_GASOIL,P5_JET_STOCKS_VS_5Y,2,208,61,0.02760052481437915,0.737740402108289,0.006194404099207299,0.0006173541729765919,False,True,False,above 0.2
NWE_JET_GASOIL,P5_JET_STOCKS_VS_5Y_CHG4,2,208,61,-0.09331244684679685,0.30010178487208017,0.22225437678809054,-0.009278055248021833,False,False,False,above 0.2
NWE_JET_GASOIL,US_JET_STOCKS_VS_5Y,2,208,61,0.02337101558442648,0.8050423014359043,-0.43052236328839927,-0.0011790435758616269,False,False,False,above 0.2
NWE_JET_GASOIL,US_JET_STOCKS_VS_5Y_CHG4,2,208,61,-0.1674091168452307,0.05109348121451458,-0.3084904766642206,0.004469194553314959,False,True,False,0.05 to 0.2
NWE_JET_GASOIL,P5_DAYS_SUPPLY,2,205,61,-0.002755206335221579,0.9825776787694604,-0.7285040082035413,0.0002749531792632931,False,True,False,above 0.2
NWE_JET_GASOIL,P5_DAYS_SUPPLY_CHG4,2,201,61,0.18841142864035998,0.14624630687981405,-0.21096630954330295,-0.02796721259813917,False,False,False,0.05 to 0.2
NWE_JET_GASOIL,US_DAYS_SUPPLY,2,205,61,-0.07234442880018632,0.41252331506380857,-1.0370942690390454,0.014647309267816655,False,True,False,above 0.2
NWE_JET_GASOIL,US_DAYS_SUPPLY_CHG4,2,201,61,-0.03603657936652598,0.6911291003554351,-0.6030295082125884,0.009488656242149451,False,True,False,above 0.2
NWE_JET_GASOIL,P5_RUNS_VS_5Y,2,208,61,0.011189416387466008,0.8963807257208528,0.02245760298419412,0.0003953273502512733,False,True,False,above 0.2
NWE_JET_GASOIL,P5_RUNS_VS_5Y_CHG4,2,208,61,-0.1580798784128564,0.08615922110004248,0.022731748198898574,0.0025161483732220047,False,False,False,0.05 to 0.2
NWE_JET_GASOIL,P3_RUNS_VS_5Y,2,208,61,0.057714636625277746,0.48847473479027004,-0.5709052665592297,0.00016323977774157505,False,False,False,above 0.2
NWE_JET_GASOIL,P3_RUNS_VS_5Y_CHG4,2,208,61,0.3034311070847572,0.0312516589589999,0.010175762055286029,-0.0003424881524742851,False,False,False,0.01 to 0.05
NWE_JET_GASOIL,US_UTIL_VS_5Y,2,208,61,-0.023364845455187723,0.7580024461449444,-0.6105740719433809,-0.00272063825533575,False,False,False,above 0.2
NWE_JET_GASOIL,US_UTIL_VS_5Y_CHG4,2,208,61,0.26339643654501094,0.030622667088163157,-0.451083910303664,-0.02801380011352017,False,False,False,0.01 to 0.05
NWE_JET_GASOIL,P5_OUTPUT_VS_52W,2,156,61,-0.13297130716311403,0.1677359209584357,-0.2938660590218652,-0.039688158351926406,False,False,False,0.05 to 0.2
NWE_JET_GASOIL,P5_OUTPUT_VS_52W_CHG4,2,152,61,-0.18285477868445354,0.08954168374597865,0.4627742511054396,-0.04364459984135394,False,False,False,0.05 to 0.2
NWE_JET_GASOIL,P3_OUTPUT_VS_52W,2,156,61,-0.1240299391858477,0.19365988344301532,0.44862152328851923,-0.03435610698275271,False,False,False,0.05 to 0.2
NWE_JET_GASOIL,P3_OUTPUT_VS_52W_CHG4,2,152,61,0.09184658213516705,0.34640215015482156,0.6496255206524039,0.014104383722087555,False,True,False,above 0.2
NWE_JET_GASOIL,P5_IMPORTS_4W,2,208,61,0.07030458127072856,0.6048019633924806,1.0256242497344652,0.0001638048011692872,False,True,False,above 0.2
NWE_JET_GASOIL,P5_IMPORTS_4W_CHG4,2,208,61,-0.034081151408193476,0.6533709681627513,0.3824249085308334,-0.003615265387606703,False,False,False,above 0.2
NWE_JET_GASOIL,US_DIST_STOCKS_VS_5Y,2,208,61,0.05281361630160453,0.6008824950847672,-0.7431281827668933,0.00798879036741662,False,False,False,above 0.2
NWE_JET_GASOIL,US_DIST_STOCKS_VS_5Y_CHG4,2,208,61,-0.10608855354897581,0.31350784790396247,-0.07294678887334216,0.0005985653512105005,False,True,False,above 0.2
NWE_JET_GASOIL,P1_DIST_STOCKS_VS_5Y,2,208,61,0.10081421970841248,0.3678030723521152,0.8894960203267465,0.01539023206140322,False,True,False,above 0.2
NWE_JET_GASOIL,P1_DIST_STOCKS_VS_5Y_CHG4,2,208,61,-0.13698550974093965,0.3122140611589427,0.13433028553270926,-0.00732075704604962,False,False,False,above 0.2
NWE_JET_GASOIL,P1_IMPORTS_4W,2,208,61,-0.0009547293742672557,0.9949298607527296,0.8516607194731256,-0.0002955341728432259,False,False,False,above 0.2
NWE_JET_GASOIL,P3_EXPORTS_4W,2,208,61,-0.03121336136481124,0.7864192649602251,-1.6297287608189346,0.01512539951378633,False,True,False,above 0.2
NWE_JET_GASOIL,P1_STOCK_SURPRISE,2,208,61,0.0172281783153131,0.8022562097176557,-0.16510271613147395,-0.002228264896409593,False,False,False,above 0.2
NWE_JET_GASOIL,P3_STOCK_SURPRISE,2,208,61,0.01606427663467043,0.7978540583429727,0.15379051249609624,0.0017305103911079422,False,True,False,above 0.2
NWE_JET_GASOIL,P5_STOCK_SURPRISE,2,208,61,-0.06976548868112176,0.25289668974344337,0.13456151690460386,-0.0050475967625862594,False,False,False,above 0.2
NWE_JET_GASOIL,US_STOCK_SURPRISE,2,208,61,-0.03846407070885623,0.6916285488314823,-0.12387202277645824,-0.00021250773294756442,False,False,False,above 0.2
NWE_JET_GASOIL,US_DEMAND_CHG4,2,201,61,-0.02537064907623092,0.7680088829995221,0.5193019762758047,-0.00766952466654458,False,False,False,above 0.2
NWE_JET_GASOIL,P5_DEMAND_CHG4,2,201,61,-0.2072966256134321,0.08689123910183603,0.18029802343811482,-0.04754660303791303,False,False,False,0.05 to 0.2
NWE_JET_GASOIL,P1_JET_STOCKS_VS_5Y,4,208,61,0.009629778988682402,0.9244720473465666,-0.2034125080811787,-1.0856413021897993e-06,False,False,False,above 0.2
NWE_JET_GASOIL,P1_JET_STOCKS_VS_5Y_CHG4,4,208,61,0.018603352277357658,0.8735956507645483,0.10198203220267626,0.00032337777197721795,False,True,False,above 0.2
NWE_JET_GASOIL,P3_JET_STOCKS_VS_5Y,4,208,61,0.010602717518724616,0.9483414822480769,-0.5083508616300403,0.0001543810669921708,False,False,False,above 0.2
NWE_JET_GASOIL,P3_JET_STOCKS_VS_5Y_CHG4,4,208,61,-0.22929177714652071,0.12533628983646208,-1.0252728215765534,0.007509319525176861,False,True,False,0.05 to 0.2
NWE_JET_GASOIL,P5_JET_STOCKS_VS_5Y,4,208,61,0.1468456579454202,0.26094563335772514,-0.7299844796392819,-0.004517460753294067,False,False,False,above 0.2
NWE_JET_GASOIL,P5_JET_STOCKS_VS_5Y_CHG4,4,208,61,-0.11687889298897526,0.3749731843109281,-0.2832503547470998,0.001593385163791372,False,True,False,above 0.2
NWE_JET_GASOIL,US_JET_STOCKS_VS_5Y,4,208,61,0.05553416520257014,0.7298122595109564,-0.9449879409417467,-0.002071986956654559,False,False,False,above 0.2
NWE_JET_GASOIL,US_JET_STOCKS_VS_5Y_CHG4,4,208,61,-0.2613143397077343,0.06447358624573842,-1.143931528495088,0.009115998713642326,False,True,False,0.05 to 0.2
NWE_JET_GASOIL,P5_DAYS_SUPPLY,4,205,61,-0.040014616100749814,0.8292778923684654,-1.8375844307308131,0.0025375361225904447,False,True,False,above 0.2
NWE_JET_GASOIL,P5_DAYS_SUPPLY_CHG4,4,201,61,0.17326848339126427,0.22620152057913956,-1.1034755733339663,-0.021131752590846098,False,False,False,above 0.2
NWE_JET_GASOIL,US_DAYS_SUPPLY,4,205,61,-0.09199072422828156,0.5839045240086431,-2.038645910559317,0.009462693051571325,False,True,False,above 0.2
NWE_JET_GASOIL,US_DAYS_SUPPLY_CHG4,4,201,61,-0.08494224727192828,0.6070947589546594,-1.5283082281946319,0.013335765070826233,False,True,False,above 0.2
NWE_JET_GASOIL,P5_RUNS_VS_5Y,4,208,61,0.05886824183573647,0.6772249632928753,0.2305644870968326,0.0015817938684461463,False,True,False,above 0.2
NWE_JET_GASOIL,P5_RUNS_VS_5Y_CHG4,4,208,61,-0.10882942796209351,0.2677113590245366,-0.018555919944959944,0.005361623605651511,False,True,False,above 0.2
NWE_JET_GASOIL,P3_RUNS_VS_5Y,4,208,61,-0.023941942200234757,0.8324472502509249,-2.051865602504242,0.00034886598604277896,False,True,False,above 0.2
NWE_JET_GASOIL,P3_RUNS_VS_5Y_CHG4,4,208,61,0.3895616284695826,0.018664855507138648,-0.2647673438329144,0.00021758492662804496,False,False,False,0.01 to 0.05
NWE_JET_GASOIL,US_UTIL_VS_5Y,4,208,61,-0.1936130374711313,0.13472999930013158,-1.7041288192686552,-0.0163296997770348,False,False,False,0.05 to 0.2
NWE_JET_GASOIL,US_UTIL_VS_5Y_CHG4,4,208,61,0.30059676316422446,0.04574692836680237,-1.265340068834126,-0.0169803116886873,False,False,False,0.01 to 0.05
NWE_JET_GASOIL,P5_OUTPUT_VS_52W,4,156,61,-0.08937791109992274,0.5582282452813043,-1.102015063499629,-0.012086385928536503,False,False,False,above 0.2
NWE_JET_GASOIL,P5_OUTPUT_VS_52W_CHG4,4,152,61,-0.17787628703051409,0.2550150162269724,0.8020257221124436,-0.018004099310315436,False,False,False,above 0.2
NWE_JET_GASOIL,P3_OUTPUT_VS_52W,4,156,61,-0.12888949716211828,0.4176006805463126,0.13902314869138382,-0.016212448738046392,False,False,False,above 0.2
NWE_JET_GASOIL,P3_OUTPUT_VS_52W_CHG4,4,152,61,0.25205468620188676,0.04756042518718913,1.711605470760069,0.024129238120217056,False,True,False,0.01 to 0.05
NWE_JET_GASOIL,P5_IMPORTS_4W,4,208,61,0.13261301719286356,0.47813206555654997,1.8518236281986724,-0.005392265476168445,False,False,False,above 0.2
NWE_JET_GASOIL,P5_IMPORTS_4W_CHG4,4,208,61,-0.08140920275488658,0.4511715657971549,0.8722695364589446,-0.004352274492409602,False,False,False,above 0.2
NWE_JET_GASOIL,US_DIST_STOCKS_VS_5Y,4,208,61,0.09915957310706008,0.5104688175496008,-0.2986987388513254,0.009495773664096152,False,False,False,above 0.2
NWE_JET_GASOIL,US_DIST_STOCKS_VS_5Y_CHG4,4,208,61,-0.1677169176987912,0.35123959274012573,0.0935533401137316,-0.002501271460608301,False,False,False,above 0.2
NWE_JET_GASOIL,P1_DIST_STOCKS_VS_5Y,4,208,61,0.1949874281534639,0.21932592790930538,2.503634413917659,0.01687068748875331,False,True,False,above 0.2
NWE_JET_GASOIL,P1_DIST_STOCKS_VS_5Y_CHG4,4,208,61,-0.11648527598712922,0.5586521265483011,0.7009122497731746,-0.005758946571299273,False,False,False,above 0.2
NWE_JET_GASOIL,P1_IMPORTS_4W,4,208,61,0.14369105815456507,0.578393082231111,2.106349655141375,0.026943776260315078,False,True,False,above 0.2
NWE_JET_GASOIL,P3_EXPORTS_4W,4,208,61,-0.18713129384349214,0.32523783992063293,-3.9407996504572873,0.053075479074558785,False,True,False,above 0.2
NWE_JET_GASOIL,P1_STOCK_SURPRISE,4,208,61,0.02947733136241175,0.6486872572314577,0.09522740199957214,-0.000107093802913516,False,False,False,above 0.2
NWE_JET_GASOIL,P3_STOCK_SURPRISE,4,208,61,-0.11202811981302757,0.08434595342161974,-0.2368627919015809,-0.00158253338039116,False,False,False,0.05 to 0.2
NWE_JET_GASOIL,P5_STOCK_SURPRISE,4,208,61,-0.13811179132843238,0.0861470226405499,-0.2797997925713484,0.0010159572734279587,False,True,False,0.05 to 0.2
NWE_JET_GASOIL,US_STOCK_SURPRISE,4,208,61,-0.1963103641752768,0.03084840959892879,-0.3987441883690983,-0.0014818224563342142,False,False,False,0.01 to 0.05
NWE_JET_GASOIL,US_DEMAND_CHG4,4,201,61,0.09165443406965633,0.5826383166171605,1.192573181411536,0.014771520415248318,False,True,False,above 0.2
NWE_JET_GASOIL,P5_DEMAND_CHG4,4,201,61,-0.11224270294090519,0.322609754616381,0.6222075423048631,-0.015608572742911164,False,False,False,above 0.2
